"site","year","April_01","April_02","April_03","April_04","April_05","April_06","April_07","April_08","April_09","April_10","April_11","April_12","April_13","April_14","April_15","April_16","April_17","April_18","April_19","April_20","April_21","April_22","April_23","April_24","April_25","April_26","April_27","April_28","April_29","April_30","May_01","May_02","May_03","May_04","May_05","May_06","May_07","May_08","May_09","May_10","May_11","May_12","May_13","May_14","May_15","May_16","May_17","May_18","May_19","May_20","May_21","May_22","May_23","May_24","May_25","May_26","May_27","May_28","May_29","May_30","May_31","June_01","June_02","June_03","June_04","June_05","June_06","June_07","June_08","June_09","June_10","June_11","June_12","June_13","June_14","June_15","June_16","June_17","June_18","June_19","June_20","June_21","June_22","June_23","June_24","June_25","June_26","June_27","June_28","June_29","June_30"
"BELTWOOD","2011",11.5716296784755,11.3505965921722,8.8771469018378,7.28169508307811,10.5380360124095,13.2936778737262,10.9112364057606,10.6296481344788,13.3966349704232,12.8559276430864,10.4140528663617,7.96482294775446,7.3780247216412,9.3059134411987,10.65257221992,10.2620438581726,8.86128302367993,12.0176115697384,12.462640723506,12.5890503956373,14.2350997055888,15.7973182009671,13.5609014036337,11.1356286737569,10.6770176033943,9.75240740974199,11.1420084776602,8.42760338934027,11.7687969393219,13.0178995599569,12.4568592600382,9.96831638410482,8.23577818325997,8.78469813575078,12.9431032829015,15.1950924250848,15.8556814372784,15.6633607903095,13.3288550651006,12.9395679106078,12.4400341829078,11.4703820573966,9.89952279247135,9.17460477323203,9.50320932760812,10.7493659829295,12.2556766163284,12.2427416812343,10.1987214423267,10.7594143002359,11.9574627496633,10.8658711139643,11.1980196599513,10.6758465726514,10.718591794293,11.4806710748318,10.8702475656194,11.4181249781649,12.6253458376415,11.449304714234,10.0027030398084,11.9002853482121,16.3897851215804,17.6274676412891,14.8005448804665,10.9160734014412,11.6063605456789,10.4509135317018,11.2386001367895,11.148918343504,9.1002518548394,9.35060301568938,10.1588854667794,13.0044638654735,12.9135507852876,14.5016214251009,13.1214330736422,12.8571033695016,13.0610687192242,13.2329257526818,13.8730460492399,15.1199347743963,13.859018290304,13.3016889009707,11.9011306357643,13.9570666707365,19.2475530879607,19.596809262114,13.4910326258048,12.292283651863,12.1761267817489
"BELTWOOD","2012",5.00502588363713,8.03639957263856,7.37128922868641,4.37963564237196,3.70722960849658,5.33196050485141,7.89972684500146,8.68078875653325,6.99286698363897,6.76341124836733,7.4046655329554,6.88143310636826,6.9094370618173,4.70725213353166,4.30256220640857,4.62246325846331,7.63952867190897,5.91529573213531,7.73916403277935,7.39917120765732,7.51547018059329,8.54281432270653,7.35209625903228,6.47835913883826,6.83571179956964,8.42286771674557,7.80073719133996,6.70499399551399,7.92154003297676,9.82280685011812,10.4541952441432,11.1210691766901,8.92989253210442,7.55551386818559,4.08755603922999,5.61236329728713,6.85542916481704,9.42328983780417,8.70512138718859,11.0061128495457,8.43365948430007,7.64602373011043,9.64356246520841,9.1457342891999,7.67484976835183,6.3905224831105,7.56944757801137,8.77714599150224,8.83904859394121,8.22673740837097,10.3535000585251,13.0455615266127,13.7308860970119,16.9337217582759,18.3429322897334,18.2664188521357,17.3780016758886,17.4608020203818,13.7530589486092,14.7227775592374,13.9591513026233,14.0409298026224,12.2022029490925,9.16585458409705,9.63041680529997,9.19886720253014,13.3556837385222,12.3592184187316,12.8775124848289,12.8676750445614,13.302580748059,12.146210579826,10.1168550390852,11.5881324816202,12.956490670089,12.5314113113157,12.6447531809234,12.3499796320944,11.7051365155443,12.9944397467495,12.3627891306914,12.9630500373937,11.6886375458943,12.6251289229381,12.9354598325009,13.619249741514,13.7195572712333,16.7556723024079,18.308994532278,15.4295928406974,14.807510699104
"BLACKPOOL","2013",1.75381022039826,2.45295351074333,2.34839772839144,1.34093727712383,2.95459548442669,4.11446373939939,2.10389956056227,3.8222735239176,4.9456368869313,4.6561675175854,7.75941108770882,7.81542566715902,7.84783506509625,9.16495657952117,10.6573151956984,11.3611390382361,10.4541936799521,9.12823261041291,8.21966468928131,6.57044115108637,5.72001846932536,8.54834915104594,11.4779730723567,10.4947107039453,10.4070742048639,7.98139839501254,6.26739963497731,6.83207833194337,8.27147795638562,7.93002154987984,7.92687163003956,10.4307576831693,8.58803988490324,10.5909544553062,11.9209965909974,10.4867398965727,11.2777682952117,11.7122525122889,8.99715253991288,10.3491090981948,8.93675436718792,7.76690509561929,10.2996502500863,7.14078910499043,6.55378755152462,7.05872768292587,7.40344469341974,10.1233093158029,10.1775878365036,11.2098323806024,12.6835196369153,11.3988871056586,8.05829013012755,7.72815949810111,8.76536386271398,9.29295326346783,8.56488331991505,8.86484306812366,10.744335187618,12.7637096723846,13.7525811637723,12.0812838430043,12.5907770614121,12.8516957371873,11.3540126565612,12.4347102577647,14.4137685023378,15.403151885819,15.3689546897755,12.069553017946,8.97174440850926,12.6719278270832,13.443785568426,13.0841544579412,12.4225658827695,12.2796451007201,11.4612476299373,14.5120547969342,15.2537452449411,16.5509390763244,15.3913134408068,12.8125269400902,11.8124942377345,12.0264930214466,13.4162146009129,11.260823471453,12.8384353120346,15.0921877685555,14.5006003529789,16.3942847726889,15.1510441250554
"BLACKWOOD","2011",11.5716296784755,11.3505965921722,8.8771469018378,7.28169508307811,10.5380360124095,13.2936778737262,10.9112364057606,10.6296481344788,13.3966349704232,12.8559276430864,10.4140528663617,7.96482294775446,7.3780247216412,9.3059134411987,10.65257221992,10.2620438581726,8.86128302367993,12.0176115697384,12.462640723506,12.5890503956373,14.2350997055888,15.7973182009671,13.5609014036337,11.1356286737569,10.6770176033943,9.75240740974199,11.1420084776602,8.42760338934027,11.7687969393219,13.0178995599569,12.4568592600382,9.96831638410482,8.23577818325997,8.78469813575078,12.9431032829015,15.1950924250848,15.8556814372784,15.6633607903095,13.3288550651006,12.9395679106078,12.4400341829078,11.4703820573966,9.89952279247135,9.17460477323203,9.50320932760812,10.7493659829295,12.2556766163284,12.2427416812343,10.1987214423267,10.7594143002359,11.9574627496633,10.8658711139643,11.1980196599513,10.6758465726514,10.718591794293,11.4806710748318,10.8702475656194,11.4181249781649,12.6253458376415,11.449304714234,10.0027030398084,11.9002853482121,16.3897851215804,17.6274676412891,14.8005448804665,10.9160734014412,11.6063605456789,10.4509135317018,11.2386001367895,11.148918343504,9.1002518548394,9.35060301568938,10.1588854667794,13.0044638654735,12.9135507852876,14.5016214251009,13.1214330736422,12.8571033695016,13.0610687192242,13.2329257526818,13.8730460492399,15.1199347743963,13.859018290304,13.3016889009707,11.9011306357643,13.9570666707365,19.2475530879607,19.596809262114,13.4910326258048,12.292283651863,12.1761267817489
"BLACKWOOD","2012",5.00502588363713,8.03639957263856,7.37128922868641,4.37963564237196,3.70722960849658,5.33196050485141,7.89972684500146,8.68078875653325,6.99286698363897,6.76341124836733,7.4046655329554,6.88143310636826,6.9094370618173,4.70725213353166,4.30256220640857,4.62246325846331,7.63952867190897,5.91529573213531,7.73916403277935,7.39917120765732,7.51547018059329,8.54281432270653,7.35209625903228,6.47835913883826,6.83571179956964,8.42286771674557,7.80073719133996,6.70499399551399,7.92154003297676,9.82280685011812,10.4541952441432,11.1210691766901,8.92989253210442,7.55551386818559,4.08755603922999,5.61236329728713,6.85542916481704,9.42328983780417,8.70512138718859,11.0061128495457,8.43365948430007,7.64602373011043,9.64356246520841,9.1457342891999,7.67484976835183,6.3905224831105,7.56944757801137,8.77714599150224,8.83904859394121,8.22673740837097,10.3535000585251,13.0455615266127,13.7308860970119,16.9337217582759,18.3429322897334,18.2664188521357,17.3780016758886,17.4608020203818,13.7530589486092,14.7227775592374,13.9591513026233,14.0409298026224,12.2022029490925,9.16585458409705,9.63041680529997,9.19886720253014,13.3556837385222,12.3592184187316,12.8775124848289,12.8676750445614,13.302580748059,12.146210579826,10.1168550390852,11.5881324816202,12.956490670089,12.5314113113157,12.6447531809234,12.3499796320944,11.7051365155443,12.9944397467495,12.3627891306914,12.9630500373937,11.6886375458943,12.6251289229381,12.9354598325009,13.619249741514,13.7195572712333,16.7556723024079,18.308994532278,15.4295928406974,14.807510699104
"BRIDFORD","2012",5.43645301916139,6.22418922796369,6.63039174084604,4.48767273037308,5.18869304574433,4.87884744604631,8.28831851250813,9.72984378227549,9.15258400960339,6.84384667835831,7.20514686716935,7.20603873057439,6.04807432696684,5.89848902064023,5.67647301873223,4.99459872004379,8.10278413094778,6.69348340433508,7.67725415560557,7.59776659765908,6.24522233428266,6.82397469651801,6.08617333170858,7.96041081271986,8.09971020120181,8.8541896055811,9.40192098066738,7.17936219939382,5.97001738966152,8.41388554905051,11.3364800304075,10.7058507366241,8.78467997505141,9.48649741688596,6.93037385491762,8.19801269371474,10.2029171003511,12.5272949114573,10.8017886721932,12.2609217235231,10.7102482774808,8.46357781875246,9.41862598848047,8.74772703368791,8.4086524405405,7.80580144553817,8.97103018727745,9.53389601618496,10.7101649419696,11.8094740544097,11.7818971546145,13.1885868180349,15.1104801595415,16.7693602290702,20.2134273369432,18.5717252789417,15.4698035152666,14.2727058026874,15.1894066243053,14.7571270395583,15.6036872216371,16.7574247000818,15.4276088811102,14.3446099073588,11.5659958252728,12.0413871671294,14.0138869668315,13.3126433699502,12.6564707236065,12.6287678651477,11.8928383655987,12.6706710780548,13.3551085191111,12.6400924945658,11.7682816244062,13.0974516781653,13.2409574646306,13.5958298998957,12.6913850544121,12.7654843873816,11.9705221754427,12.7073810209892,13.3547615719111,13.5426700623866,14.5663926440891,14.1085263701186,15.7946261210831,16.837171195154,18.5693949868323,15.3843145558,14.9829491659963
"BRIDFORD","2013",1.81073927004325,2.83090619396176,2.22025844230912,1.25665308770197,3.66960942042219,3.19089983803332,2.31537467185296,4.51108591165542,5.33852036842041,5.03636797126726,8.57316287011143,8.29562777290059,7.82241071293737,10.3225474621741,11.1907490662266,11.7573503009771,10.5856956686327,9.61113864143829,9.34214059634788,6.87561211299809,5.31853057764415,7.99141544650874,10.6504188074873,10.820035599989,10.7094315117541,7.77796310877685,6.7173245292236,6.3278330971897,8.09596835186227,7.37312760888916,7.89217006123947,10.1837247050947,9.3356903433669,10.9760379319474,13.1166377828315,10.3089305997696,11.7835148369118,12.4813561944977,9.34951747680508,11.0628447279627,8.93956591974509,8.45644757848646,10.3026904493945,7.6316291348474,7.14729961100017,6.98448289028602,7.26147697821111,9.92382522448056,11.0900598033156,11.481071049317,12.4782693725061,11.5084094739506,8.30370893917933,8.42686332003801,9.01980524394446,9.55566259535786,8.37601491631521,8.85877924052771,11.0853988865946,13.7229462809219,13.7946627370924,12.2858848895166,12.12894309991,12.7972504547784,12.5276114922283,13.4364653253397,14.7152898999204,15.541486922767,15.5572185959199,12.8981805675666,10.4625747156275,13.7408945285947,14.168461656509,13.7812288104799,12.8637864073681,12.5377231621614,11.7078105191896,15.3228739667884,16.2319780965276,17.0043250050091,14.9941449670759,14.5422935410862,13.3686906928722,12.5758483085548,12.7712315316215,11.51463227324,13.3876179393817,14.5898156523166,15.141263104054,16.3494104579198,15.2334802876198
"BVW","2014",8.62109025846058,10.9172788364013,9.98521198639181,10.9225108792726,10.9002497851416,11.7360832263377,11.5169251922468,8.57265863821532,8.79454257678256,7.33999314677007,9.59401140562387,7.59768319928282,8.49961330671603,9.48271008632456,9.32732142982593,9.48953814857434,8.30350961052312,9.92294988104202,6.29641395992377,6.78893217530221,9.81009586747948,10.5276625790047,11.7206858301851,9.41008826359152,10.0783797004225,9.47907856563343,9.91034734007167,11.3756339921362,11.5264541817666,10.0319999736365,11.7019385942364,10.6781522408563,9.78580349389857,8.59562183918588,10.2267582942048,11.2125100586921,10.9549202061949,12.0165439131926,12.0701703490202,11.3598315819898,9.91748399323998,10.1753571224031,11.6850137292782,11.4559975289728,12.8255778317767,13.1218747488881,14.4515057288855,14.2638435827339,13.9430903308141,13.224837056533,10.8008627215402,11.6649642558068,11.8105200158101,10.6921920950717,11.9259798596414,11.4006006610883,13.0066125021514,12.3678632846736,13.0396984155735,13.607594356219,13.7866372981826,13.3090581145482,14.4182341717846,13.2551210006081,11.401332597756,11.9432880127831,14.2512447288919,15.0652651183079,14.8480404052238,16.0262718538135,13.6772470132225,14.6994765111253,14.9052307568554,17.0410492361273,17.3549646965651,17.2769944747052,16.4930062475583,15.2687124343009,17.2075925197295,17.9211737073999,16.0091460882172,14.8483007609141,16.9354174687422,16.5402827105219,17.2317902512798,15.4875872706965,13.787367452631,14.6411894470703,14.098923082607,14.1319763246599,13.5056490772206
"DUNSFORD","2012",5.26206220517417,5.81252941072696,6.29183898151386,3.9109921727429,4.72420001864401,4.557588726581,7.85080564436658,9.07945907588049,8.54976774932388,6.37760007042195,6.8575048782129,6.8624848102369,5.75714250047301,5.35815863209096,5.12499702784876,4.75456426585994,7.39715022074573,6.099475242664,7.06337562348751,7.08039333888372,5.89788810025,6.41453216797698,5.70756236890199,7.5428786238932,7.51920467066006,8.24242750031374,8.85431810037029,6.71159956774881,5.44865298601171,7.79316539000189,10.6411362337653,10.4678852472868,8.23204311657693,8.85397259431815,6.18761990957996,7.39029032125347,9.65153999559714,11.7632495697995,10.1394161857431,11.6497027181042,9.75801329653863,7.77743236606932,8.75633628014428,8.12481480914799,7.6354058226204,7.37319048612637,8.38936049340613,8.76754311579542,10.0302838217916,11.3236648463448,11.0280465087029,12.679198961879,14.8317015418423,16.4400068704339,19.9925231200418,18.0439552774109,14.8254180032386,13.9338945419297,14.8746793973856,14.3742907704275,14.9551865975854,16.0577581195359,14.7282486062235,13.4123709011317,10.8979729613546,11.5937455050926,13.3373351003281,12.7192215267552,11.8699139906492,11.9114139528506,11.3306883476301,11.9788664445326,12.6162109937643,11.9426161587473,11.0108357772138,12.2404725156365,12.4321380709376,12.8771423781037,12.0829113976529,12.2928854340659,11.4616576060191,11.9162955005796,12.5067347868583,12.876055834249,13.7180541783703,13.5949712821876,15.3941549380438,16.5772750666711,17.9739654719001,14.5590983219415,13.9644895282226
"DUNSFORD","2013",1.22983899229553,2.28915770829909,1.85342941328966,0.766681129714592,3.15911266086907,3.01587139356313,2.05448293390689,3.99691911340766,4.83722049679759,4.65923417645958,8.06602996180378,7.73252215220577,7.67523977123429,9.7275134754436,10.6253913022236,11.1866114970337,10.2103508198999,8.85603762507169,8.59547859742546,6.44610947800928,4.76852456700548,7.71429308735887,10.0895307107609,10.1392934360386,10.0299908928253,7.16808027776856,6.1972980957873,5.81133267467142,7.453136144141,6.98076365918823,7.18387451624528,9.64166709852776,8.50826664230534,10.2052220039744,12.2374311284954,10.0657304125683,11.6447191522605,11.869773862451,8.49017254694234,10.235542303375,8.11335585960847,7.7861237953337,9.40036761996893,6.87323378672822,6.30119124750245,6.46052872730609,6.65330806634984,9.22082173432935,10.3213778434818,10.8004697261612,11.3944134980304,10.6210929806307,7.47946321663983,7.53581922727612,8.31054914400463,9.01112675717715,7.84823488133994,8.15569194900804,10.4223354199206,12.8676365728715,13.0952787793617,11.3769478932904,11.4077013505548,12.2278482745011,12.0190594619055,12.9748331935933,14.271706515067,15.1207139579846,15.0826810407986,12.4170590789405,10.0689884846846,13.075342854801,13.5481398911059,12.8923240502465,12.2858224909616,11.6977002870723,10.9902581584201,14.7243363718545,15.7376418991973,16.2773575356077,14.3743543104716,13.6683141517099,12.503988905231,11.7391501048352,12.0094411399233,11.1664141125009,12.7962363988691,13.9127135090672,14.166283643257,15.4479361161505,14.2672892072977
"FAITHWAITE","2010",4.69362828582661,4.97410595543828,6.46495571965707,5.79347012340494,7.60468234281784,9.85412117114067,8.09806534791707,6.83113185617594,9.24127678710127,10.3767882628128,10.8634073554738,8.01045361057397,6.60374084114767,8.4943120341516,6.5572990682781,7.27842590957579,7.41627075061074,6.77389283246645,6.88038475057471,5.94929740971861,5.0933328031416,5.28351064800536,7.73270936518423,11.3689753630367,12.0031976842181,11.9055574424054,11.7172094254065,14.6422571629603,11.4311575616838,9.64459986764838,9.00636716684978,6.87032993920256,5.98622076489707,6.77968870358631,9.8640561402568,11.0200750202568,8.79241191273191,9.50403618547057,7.33171361334759,6.1614826875392,5.23431687547354,5.6060565887176,6.22257199669971,8.37274245240314,8.72320354904959,9.51400198014877,10.2066680783999,9.76314892343785,12.2044680051055,15.2048605490055,16.0309536188973,18.3796436509348,17.5212262240779,15.0587105983837,11.6642036719558,9.47893483243094,7.85925265006811,9.54942081347025,9.00182325632798,11.6320359028254,11.9624905756085,12.4104849800976,13.7678098956946,14.9333780134061,16.3389443897031,16.1574802924819,13.7362753751756,14.7853216863385,14.1335848589118,13.4974291184819,13.3950650859729,11.6417804158337,12.9304704732589,12.6654903208509,12.8837594588355,11.4310718811781,13.7966075404687,15.9085254661657,15.6553824200015,11.8143802618158,11.4311599850096,14.8507979093717,14.7896819604904,15.1044238791067,16.5130473524259,15.9525931931975,18.3413158795991,17.5155764112837,16.9314361339184,16.9342327319661,16.7994194242654
"FAITHWAITE","2011",11.5716296784755,11.3505965921722,8.8771469018378,7.28169508307811,10.5380360124095,13.2936778737262,10.9112364057606,10.6296481344788,13.3966349704232,12.8559276430864,10.4140528663617,7.96482294775446,7.3780247216412,9.3059134411987,10.65257221992,10.2620438581726,8.86128302367993,12.0176115697384,12.462640723506,12.5890503956373,14.2350997055888,15.7973182009671,13.5609014036337,11.1356286737569,10.6770176033943,9.75240740974199,11.1420084776602,8.42760338934027,11.7687969393219,13.0178995599569,12.4568592600382,9.96831638410482,8.23577818325997,8.78469813575078,12.9431032829015,15.1950924250848,15.8556814372784,15.6633607903095,13.3288550651006,12.9395679106078,12.4400341829078,11.4703820573966,9.89952279247135,9.17460477323203,9.50320932760812,10.7493659829295,12.2556766163284,12.2427416812343,10.1987214423267,10.7594143002359,11.9574627496633,10.8658711139643,11.1980196599513,10.6758465726514,10.718591794293,11.4806710748318,10.8702475656194,11.4181249781649,12.6253458376415,11.449304714234,10.0027030398084,11.9002853482121,16.3897851215804,17.6274676412891,14.8005448804665,10.9160734014412,11.6063605456789,10.4509135317018,11.2386001367895,11.148918343504,9.1002518548394,9.35060301568938,10.1588854667794,13.0044638654735,12.9135507852876,14.5016214251009,13.1214330736422,12.8571033695016,13.0610687192242,13.2329257526818,13.8730460492399,15.1199347743963,13.859018290304,13.3016889009707,11.9011306357643,13.9570666707365,19.2475530879607,19.596809262114,13.4910326258048,12.292283651863,12.1761267817489
"FAITHWAITE","2012",5.00502588363713,8.03639957263856,7.37128922868641,4.37963564237196,3.70722960849658,5.33196050485141,7.89972684500146,8.68078875653325,6.99286698363897,6.76341124836733,7.4046655329554,6.88143310636826,6.9094370618173,4.70725213353166,4.30256220640857,4.62246325846331,7.63952867190897,5.91529573213531,7.73916403277935,7.39917120765732,7.51547018059329,8.54281432270653,7.35209625903228,6.47835913883826,6.83571179956964,8.42286771674557,7.80073719133996,6.70499399551399,7.92154003297676,9.82280685011812,10.4541952441432,11.1210691766901,8.92989253210442,7.55551386818559,4.08755603922999,5.61236329728713,6.85542916481704,9.42328983780417,8.70512138718859,11.0061128495457,8.43365948430007,7.64602373011043,9.64356246520841,9.1457342891999,7.67484976835183,6.3905224831105,7.56944757801137,8.77714599150224,8.83904859394121,8.22673740837097,10.3535000585251,13.0455615266127,13.7308860970119,16.9337217582759,18.3429322897334,18.2664188521357,17.3780016758886,17.4608020203818,13.7530589486092,14.7227775592374,13.9591513026233,14.0409298026224,12.2022029490925,9.16585458409705,9.63041680529997,9.19886720253014,13.3556837385222,12.3592184187316,12.8775124848289,12.8676750445614,13.302580748059,12.146210579826,10.1168550390852,11.5881324816202,12.956490670089,12.5314113113157,12.6447531809234,12.3499796320944,11.7051365155443,12.9944397467495,12.3627891306914,12.9630500373937,11.6886375458943,12.6251289229381,12.9354598325009,13.619249741514,13.7195572712333,16.7556723024079,18.308994532278,15.4295928406974,14.807510699104
"FAITHWAITE","2013",2.5554111602859,2.52920346690273,2.98712408771974,3.14132346673385,3.58289221471054,3.00407037696213,3.68591736916215,4.55471937977308,4.22552368328787,4.7116359530502,5.06335599640695,6.93087937674628,8.48837512917674,11.382368855572,11.7872620747486,10.9800137382805,10.0492787069324,8.80977020356075,8.26653839657382,7.35325534587404,6.80370061684288,7.63094828918678,9.91732796598193,10.0431932545527,8.59701798343088,6.16886073521673,5.91031018333009,6.09377897263829,7.62459975111633,7.78136338589912,7.33207817839202,6.9851442413329,9.67794876818918,9.86537942276649,11.1136031504535,11.8123542037264,13.5900501452253,13.4973071296226,8.58931634931378,10.0240880088446,8.27985812273333,8.1045501791056,7.76416508644684,7.62159357977292,8.09606237134152,8.02660077877545,9.36549411988325,9.3193558094932,11.7358582553321,13.1778956874524,12.777622493685,10.6908382007052,7.03365609169212,8.28569277833719,8.1792647922081,9.14995633231305,8.414653841557,10.3750237011728,10.9142280512029,13.9756145090107,12.2732879505073,10.276754043443,10.3526868235779,11.8690781396991,13.9057550668763,13.0463069312735,14.2710543561327,14.6106933536259,13.9593314490765,13.0890227882246,12.8961606657331,12.7449875510385,14.1374483707623,13.3151747206911,12.6413589197664,12.1117062281761,13.620824812336,15.2288877909196,15.8264358635509,15.6583468618235,13.1051157800398,15.698027487786,12.7149498217304,12.6326184351805,12.6170547984873,11.8101353600047,13.5907717358006,12.0064680851167,13.314051610902,12.9957551082532,14.7779357895337
"FAITHWAITE","2014",10.0393501307455,8.75861141850112,9.68737884539197,9.32792296882343,9.94508079610242,12.3804563246385,8.70571234146041,8.10057676293812,9.5529460067956,9.95858108492445,7.67593052686568,8.55693852354683,8.8893472953614,9.64312724156545,8.2595127911955,9.07010391166832,9.5124295371492,6.78939601493488,6.96227353394524,8.96477716871905,13.8969115811728,11.413963989837,12.2435439323596,11.5186171771801,9.82325074758325,12.1228712401884,11.1797212040927,12.1344102545381,12.1673205811235,12.7925532773147,9.62029737642013,9.012110243951,7.04847071305842,10.4242051067866,11.0721757114019,12.2672086821023,10.0485480525677,11.1888387304594,10.774036329026,10.8102141000393,10.9485828834788,10.6402459444655,9.94286478839735,10.2964409628869,12.9725248225823,12.8377015062592,13.7541968979153,15.4932938220049,15.7766192864308,16.2181776417128,13.1948508169626,10.3066883412527,10.9438340474053,11.7838857622352,11.895373584753,13.2312722332683,14.0161817844509,11.7902999681587,11.214909782954,12.0783895661887,13.7610865945373,13.7231360521889,14.2258204280519,13.7131558256751,11.291557235671,13.0144761637408,13.0311311282092,14.9011807536184,15.7971899966861,15.1483335494221,15.3703384379892,14.3924440498235,14.2735481971744,14.9240021354555,16.1673936675065,15.6571396358557,14.6733275814299,16.3719365210437,18.507338176906,16.0840725515891,14.4521887780081,14.6045765294579,15.116443884069,16.1459206159829,15.2674023266304,14.3161553801009,14.6035106830194,13.4920305171177,12.6003578055008,12.4553625814306,14.2499412598715
"FAITHWAITE","2015",4.93851416113578,5.65928306862531,7.43796236671211,9.34271300684298,8.12055335610688,7.5878852982073,8.15684609099413,8.25356437353177,10.1705887348063,11.5573405072732,6.9960112259059,7.32584921679861,7.19509001085371,10.7146132427464,9.11146163701194,6.84252349412331,9.87281124731043,8.22545172959899,6.74213515642009,8.6729211677508,9.38791475901532,10.7736431633553,11.1736631474925,8.91468535689671,9.55391715082231,4.93112373161889,3.93544389975787,6.08035865938188,6.8239550048016,7.56448540934516,5.5241299433925,5.99876814778157,10.1573785487387,11.1086747770704,11.1557055856509,8.63277755814595,8.83254706914931,7.748000778614,10.0455140310235,10.9007262954206,13.3061947019614,10.8343326651549,9.49055866079346,8.68607094778801,8.89604561229688,10.3959886211741,9.63114636405133,9.25349704654805,8.41810627248319,9.70891737941748,10.0805033974272,12.3731351357584,11.4696461646253,10.9914215373743,11.146993874719,10.7288958725125,9.98744973260714,10.123404512519,9.07111388781185,8.75051009980917,10.1326783333601,8.7995610006471,10.6050100910556,11.4443778594379,12.0905036388326,13.7581414086602,11.5694354541105,11.2242687739483,9.5614011982351,9.79044212625701,11.9190343677687,13.8371814690538,15.0419023796895,15.5340678133802,11.8143502473248,11.2321378263137,14.3911416458103,14.830273339496,11.6281578098685,11.9297607480056,14.5751871272983,12.6749690700395,12.0301616176097,12.5491800629847,12.9622641858133,15.9563296715869,15.8418303197099,14.7602045046591,16.0901560609436,16.7823403763036,21.1206694999571
"FAITHWAITE","2016",4.69948806059255,7.56925474071124,9.27895640506721,8.89666069441664,8.5727499675737,6.95723646677728,7.7660646391261,7.07786459221236,6.49225588821955,5.81528516130125,10.1603860877399,8.09263915518504,8.40584313429167,8.69661940576041,6.69951247890751,4.82397840813962,4.26418241342155,8.1293162895867,7.37646127398506,9.17319632802291,10.4522445567825,7.94334142660143,4.96060201192261,5.68643964535672,7.4717853227681,5.43853956500853,4.01154795443178,2.7707034078202,4.64134560825149,5.65882118614733,7.58974987171972,9.79409110494059,8.85287585160231,9.69256728307585,11.2023417227309,13.3581178041532,14.4462861751362,17.4849577893473,18.0049449731352,16.1732751241226,15.9173126879825,16.2931104327505,11.4093531613349,6.93385647366442,8.38723900479432,8.73556648437718,10.6021971253397,12.2936760134438,11.381887043557,12.9262299206039,13.3764003294277,12.11858302165,10.7150499093777,10.9317986555441,9.03024008426081,11.2639071420699,13.0906668878735,12.8190707071459,12.9551821343154,13.306626352391,13.7716871853503,13.4697363061357,11.4416538229493,11.850915707415,17.0252913952631,17.5272875515069,18.6050676832262,18.3620279548689,17.3317112287087,17.5780170540691,17.4165575713568,15.6034834434186,16.6680745994433,14.4405177791979,14.8534956784604,14.8916615534686,14.655854214349,13.6391523877566,13.5832235696468,13.876625529599,16.118466332206,15.5615467128579,15.9651976754133,15.0550640176738,14.913190299,13.0709672825567,13.8684026919341,14.2255739083631,12.1537302459774,12.8899590979896,13.0561916829693
"FAITHWAITE","2017",10.5134886183482,8.57559706144085,8.71927372264297,10.3374635906838,8.73231718822669,6.31957240806773,8.7325539332616,8.52036921380196,11.3700241157567,8.65935299718489,8.05448649443239,9.78408905352958,7.74277337069932,9.15681527020719,7.90425019001835,7.55927005128056,7.7682493058822,5.33079902859517,8.18986234615132,10.4443156997069,10.7106531748068,7.66408998577515,6.94913760367215,8.91312015215147,3.73886826633009,5.17380942377918,7.37718841079637,7.64125321738436,9.62898699643106,11.392187552202,12.828098928786,10.8882254475822,10.1198657329173,11.4341542072179,10.2821325299292,9.25666861675889,9.66136308619745,8.71013298114397,7.41171051511739,9.07536231206204,11.7636374340355,12.8687198327249,13.1330001198088,12.6244755482167,11.8742351555484,14.2102815505238,11.4555165821498,10.6447103676924,10.2278224820681,10.4562560676893,12.6698671131635,15.6651889904511,13.8329874677239,16.3348852724611,18.3344383456092,20.6240363439212,19.6936824826235,14.8006066525106,13.6880061090822,14.4944893719082,13.4808042311632,16.9460224530603,14.537609710666,12.4560373120165,12.9143106269305,11.7811719037576,11.6237817647095,12.6072398869605,14.0554468118002,13.999264159325,14.9069409011612,14.7209036519521,13.8982104089442,15.0958995402091,17.4446288108996,14.6095671767623,15.1311774341692,18.1573810829314,17.0570506153106,18.5897390736615,17.7331814482985,20.3370449874393,16.1412401995683,14.7252051862802,14.8888261474346,13.7473107678618,12.9096989850549,13.4534501407874,12.0270320191743,12.5253670523379,14.988893088533
"FAITHWAITE","2018",3.82481249064833,5.33502800444513,7.43391919677189,8.10825253204612,4.79749227902084,8.69181593265551,7.71679280857694,7.42935059794259,8.525306007344,7.58174327985334,8.31719451963687,7.86112892420247,7.92309269078665,10.4660666915265,10.4942569940497,11.1192545887484,12.1296747880352,15.4923917928345,15.1519835508094,11.4614446002501,11.8991446682311,11.361726600844,10.3151816573488,9.79818592461612,9.10489755079694,8.78328962722615,6.78833366677709,6.41321865377493,6.63081914645213,6.48124473804454,6.99512646392323,9.37625945339415,8.69029094839202,12.0880660975065,12.6895622779507,14.6337897457246,15.4731074062678,12.0420282211675,9.79891529945798,9.7347667742849,10.0344343072901,9.50024574719019,11.4405783705746,9.89583046963914,12.140316649525,11.7985860118449,8.74842703125299,9.78344880269888,12.0169991652682,13.7945137249385,14.8935336286046,14.3673875322147,12.9638688979755,15.145489684629,14.1823122224074,16.8281003929191,17.9350589080866,18.1471493794091,16.3300047268317,15.1297142235276,18.3084309453149,18.7542502205108,16.1960707262892,16.9757657955362,16.6651187509299,14.2543903374109,13.1079436599501,14.9278246105888,14.581708570925,16.0053263696178,16.6370505736574,16.0401878797166,14.492939972825,13.2151451213559,15.17004869454,13.2511422043666,12.2212177787411,13.3276771553082,14.8931793088602,14.1561612325722,15.2805629994057,12.6844172620924,12.3868749779192,12.7943194983742,14.2386716630722,16.8230025758822,20.2900375003274,20.1325993426293,19.3628408718214,19.5809523972016,18.2229607797262
"FAITHWAITE","2019",5.97828213480498,6.17344728088582,3.82770100722708,5.22838385730646,8.64266634922461,7.93346485345561,10.3141318409132,9.84478728951959,8.35276459765578,5.47567319276001,5.06330979788309,5.21633318843891,4.49349622310243,3.96065141272334,7.57528752666736,9.34124614852206,12.0979314029665,13.1181589441743,14.8747707128279,14.9667633988789,14.4978906707609,14.8375331621646,14.3056001719866,12.9508616598024,10.9543386682795,9.01068084102038,8.26935117180845,9.21457268814685,9.64122097291034,10.6799848895735,11.4039926598888,9.70086954369137,7.61625529078485,6.19034774080128,6.70957253810428,6.93985597360109,7.77488753762372,7.69199206700743,7.59473692350252,7.79378819764525,8.19326735845364,7.88661870758552,10.4895542239547,14.0877035744995,14.4181420811634,11.744179794175,13.8122068667602,12.2242877928486,11.7328302965374,12.0664069140935,10.8744776640228,10.6140787349588,11.3019141346445,11.7128877513817,10.7447807913543,14.0082720620607,11.7243318178347,11.371401178,9.52458983386783,14.23034786657,14.4304232375697,14.539485241904,15.6030236729955,13.2477036294287,12.5305311902977,11.7581140011949,11.5802302070052,11.8307590860715,11.5017363806399,12.3316943536768,11.4611239299779,10.9079761447898,11.1088583985026,10.4843788113815,11.7218946554783,13.0126134522291,12.4965857511195,14.4563246694114,13.6889100998967,14.2806924455092,12.781377892798,12.8793462587661,12.9685246770311,16.0505468796732,17.1891394786607,16.2637448531048,15.5825033797642,15.5126189813682,17.1945011833747,20.0164194949867,16.5293579326416
"FAITHWAITE","2020",6.99652014397511,8.28850469289108,6.92921312085113,9.01071946527621,12.4695017610052,10.6114284674493,9.66509301128783,11.2135823503578,10.1059652819591,13.7158194628437,13.3715199724066,12.0054510713699,6.56503120066734,4.55459594002557,8.44298227251747,10.1665464489927,9.58002940924329,8.25112175319131,10.2661782159878,9.15593633000705,10.98053454509,11.7199532442134,12.471801700359,11.4754039677078,11.3452970102513,10.1387822955574,9.73875873766613,7.37079142192179,7.92462654544712,8.44786742903894,8.25023435840464,9.94083685624581,9.60328021693356,9.82473865438487,8.79989123640946,9.20797369302794,11.2069858620387,13.425095909612,14.1746923530218,8.35604542267925,6.21112777884685,6.83277113821073,7.06402335464532,5.79013956791274,8.29252898013934,10.2473950511998,12.3918577783096,11.609722604677,13.9689112693105,15.4187838156658,13.3499394877476,13.9911356226737,12.0679019204386,13.3619093128373,12.0460657617187,14.4129111594725,12.432476181103,15.9835915367327,17.7737434851448,15.6925253872938,16.1193864511414,15.773438711192,15.0786527256117,11.8699730890301,10.5070098687526,9.86375588373241,11.4749882734065,12.729832977056,11.6785443073564,10.9722312884839,11.7346717206258,12.9768080614201,13.6876164391158,17.4113325737841,17.9469223107451,17.6793847297753,16.5788228171853,17.6478003988837,14.4289384882129,14.5449109321514,15.5696749011969,14.8833961552971,14.3579468495579,18.1387911562333,19.7147349549614,22.3670862307116,21.1146995795324,15.7915952600477,12.3332607291991,12.6039443000873,13.7624347620168
"FAITHWAITE","2021",7.70431344027516,5.47880210827221,6.6850145724108,6.04290686940726,3.23523909323411,2.54556122038766,2.06385621772195,5.66286293578675,6.21893512328485,2.66472771250209,2.25038678598133,2.36955697205211,4.08780746695865,6.67103472849035,5.09745684540096,5.97925256559402,6.76312622203819,7.67968714312155,9.4301808001166,9.55131698113832,9.17268643685176,7.17053648505192,9.245987642503,10.880228234141,8.01174354832301,6.58056735772182,8.81480373180442,7.30410089411767,5.18421177136572,5.28334002967412,4.95540057184466,5.78624273353855,6.14677159686594,6.66725347894726,4.94995405949525,4.22815932240626,6.39632930577855,7.90482620585531,10.4046011701403,12.2203056249275,10.6988616112887,9.75812736591995,9.49503263023774,9.63916986567877,10.1447743409627,11.4086810520886,10.3407663775614,10.6280308165579,9.79084456763415,8.02324770986156,10.7203518675376,8.94399542093758,8.8274027758048,9.4566521724197,10.5957093512696,9.62596988330553,11.6860646502456,13.3018140752338,15.2252043197976,15.6707113424074,14.2954813096699,17.2969078189307,17.4432938136756,14.9696127259295,12.4832792197534,13.5043340704433,15.6551525013507,14.6607979832276,14.0684082706893,15.7909478392986,17.7290491264787,15.631506357101,14.1309063625938,16.9139175720354,14.5674935540953,14.5970641921988,15.1470531353134,16.0152637543389,14.0132679260053,14.7497183128057,14.4067207226797,11.6285462804908,11.0154839579152,11.4952511989963,15.5456435452143,12.3510867403753,13.8617011566278,14.694106841608,16.6091406879467,17.1967653904139,15.5571845229265
"FAITHWAITE","2022",4.13184974448833,4.49270914837575,4.72706883768489,8.16353295458034,9.34014859370204,9.03946465015658,6.57818916048791,4.25036427409111,4.48111617199132,4.80906480773735,9.8670778887066,9.93658979970408,10.8939148107839,10.5672752109225,12.8883237217136,13.4191758788163,13.4291437027906,10.1726721292637,7.63084567669273,10.5342796090588,11.2563363290191,11.1114796686632,10.5564530028893,10.3543929559198,7.89796138294052,9.54348596450713,6.5289422726198,6.0873867420303,7.28692714157506,8.24407608775403,10.3921695103248,11.696042688049,10.7505679192072,11.3754228573104,11.023294106432,12.0599964846058,11.2619876588252,11.7497348615975,13.4826063672811,12.9457543095664,12.2341890045854,10.8507931148096,12.7746341443785,13.1879503803169,14.6877751198667,15.117725996289,15.6024234371137,14.5187068034994,12.9997608801801,12.3558729557669,12.7156151538571,13.4254871369452,12.5040257230677,11.4986986682563,12.662417288134,13.1850370034785,11.7534980746301,10.8479377343483,10.3969326831816,9.73002055988198,10.2604232739927,11.6265477758286,12.5406011626437,13.754227712865,12.6269120571229,10.5125238482696,12.8991267258326,13.2221079916773,14.826223149434,14.3296915011436,15.7678342274645,15.0640230210173,13.6139714070911,12.9289227941919,13.5579848122912,13.5172825108104,15.5943804710351,18.7155866442403,12.5201593002065,13.5631510257109,12.8036155728434,14.3188756794832,15.6830054177854,17.5669948984247,17.2408346013228,15.3319386814108,13.5021054352874,13.7360509027944,13.7794405104585,15.3585540786191,15.0687942835055
"FAITHWAITE","2023",7.18660363654563,9.08801871142771,5.96331058611814,7.31409443953852,7.54213504118992,9.42387051282277,6.6358356940883,8.54746382143419,9.30203052528407,9.77427414820375,8.78015050761062,5.60107875114189,6.95561298877544,6.22182410821306,7.05589573156138,9.90563245875131,12.1057181792939,9.78093170995801,9.95338474175454,9.00649984044863,10.3533925070847,9.34158422500692,9.06556815908784,6.92826078812008,4.3414789299951,6.99234776654789,8.11277448954274,10.4706456888758,11.9060876943729,12.033216927928,12.2338055231831,11.4399108131419,11.8749927514995,10.0260389774725,12.7266628015289,13.6367658046637,13.7200739229947,12.6120168241378,13.3763273898869,10.6551624787564,12.9561300160386,12.2255956142727,11.1582737602939,11.043376265011,9.92984178583417,10.1415745043659,11.2897201912941,12.6574158671857,13.5254774977083,13.5464573484393,13.9529661281411,12.4099311469061,12.9401050828802,13.1009734490258,12.9396753347022,12.9646627826018,14.3231389704353,13.5383954192327,12.1671140607466,13.0291196838393,13.495427535996,12.241164506051,13.1925157486468,13.1176027421705,12.7589463641167,13.6606128950018,12.8555005620242,13.1245139997602,12.8836325289104,15.0203235037571,19.6214996109395,20.7074759254313,22.0505663682178,22.0983883285079,18.1849245671926,18.7279061899921,19.7064509706063,18.2752911567009,18.2596861048028,17.796027613686,16.2491277557025,17.1511732669947,17.383748203368,16.7869666920737,19.9513051058705,21.1463295646402,15.7712880650211,15.4947086961527,16.7314222899711,14.4516545735132,13.8490871537065
"MIDDLEWOOD","2014",10.1521310281834,8.48376316364427,9.30171814201771,9.23643886084427,9.76924790839583,12.2719493069092,8.72007162758391,7.89513583501534,9.41511207942785,9.83228605680876,7.54853621068569,8.326720096149,8.68488072025157,9.53895901538296,8.04667776031903,8.85853190706305,9.32406105668824,6.71508730560595,6.69122790431039,8.7126230305601,13.6122213157151,11.0932118051638,12.1031970315013,11.4084934402976,9.48880783652898,11.866198041538,10.9082101432049,12.1626862520118,12.0762229127622,12.6561020865411,9.34718762203107,8.79002644678452,6.76759757787504,10.3785823999612,10.9913994005951,12.1452710391701,9.86801748745664,10.9933487645578,10.506963866176,10.6295813879089,10.7957845083114,10.4907850279853,9.82284479402738,10.1849150850543,12.7633179406259,12.7873859909822,13.7264787929728,15.3811704250901,15.5641084475147,15.8636448181592,13.0920772849841,10.0438749997873,10.6547463296272,11.4671627946422,11.6418871137129,13.0118564912186,13.6425338425044,11.5378008712728,10.9506606343516,11.8837369303657,13.6801107535248,13.6058890578071,14.234253487273,13.6293931958606,11.1753373693981,12.8553241856871,12.7468435950069,14.5709370956306,15.4334540411161,14.826591961194,15.3170538478389,14.4100143536925,14.153493228339,14.876706042913,15.9960971659056,15.35403496395,14.3214932271634,15.9211567901408,18.4235833273504,15.9946174018674,14.4842425152108,14.5093008202238,15.0403848590121,16.0267389684679,14.9920402910865,14.0243286528906,14.3872528332767,13.0162219260356,12.311853256636,12.2795142648487,14.1034678005412
"MIDDLEWOOD","2015",4.75392868639607,5.59090403264485,7.26857829808339,9.15955865945805,8.45032205783873,8.12324755768088,8.30173590048045,8.23984012670976,10.1289144044074,11.3806058951965,6.78861165674774,7.17242838212794,6.94527921901198,10.6326808516014,8.91562778580513,6.72923690286869,9.57015880246765,7.93887113251866,6.5757012873238,8.52479877747762,9.32798399120043,10.6011210813376,11.1753598909978,8.74905035506303,9.59429705637429,4.83700223300904,3.76203171301453,5.87894943765143,6.54955043951118,7.3089875188847,5.16494837472384,5.68263164826748,10.0442356288599,11.0101055044698,10.9088480873688,8.47544238854603,8.63406744050653,7.5454604249004,9.83865274651366,10.6621472856531,13.2069076247077,10.6319766346813,9.35860060016206,8.28164440019801,8.83634321964118,10.2000133533501,9.41734311826463,9.12627405627016,8.19923915856453,9.53006369415386,9.97331889653057,12.3108688366914,11.5724769508694,10.8747968343718,10.9993799749829,10.6005487524654,9.71122925882394,9.88458620989836,8.88290780183498,8.58620929692738,9.98195147630109,8.52216595738648,10.3773477937879,11.2354413166181,11.9038541936337,13.6411311250253,11.2684123724292,11.0645170662591,9.31243134449488,9.49929160641579,11.6106384482422,13.403325325023,14.742976205498,15.1828918704117,11.4920478168388,10.8782307213394,14.3978797257401,14.6803690607598,11.3270414361112,11.7286244140827,14.4461640657833,12.4870335287401,11.7313749467219,12.5140162290288,12.8149884921332,15.8057260112142,15.7460756492699,14.6523129513756,15.9938915864029,16.5353849429797,20.797778721957
"MIDDLEWOOD","2016",4.48818762507657,7.43558344439972,9.08353621307789,8.79082624416915,8.37938709283276,6.80005723203815,7.58886842011999,6.94593602454354,6.49163967204288,5.60896148083786,9.8187362058942,7.97191473062912,8.24232361974097,8.33988842035223,6.53118730864288,4.62773215158562,4.12317680067105,8.06705533113576,7.33352992997889,9.00285303804228,10.0885219074641,7.65790563263109,4.80527480602228,5.47038202460663,7.21532803774835,5.15346107800169,3.88274052083938,2.52217086473232,4.44185728937463,5.38233963898753,7.29631162390965,9.64301623068211,8.6227678236156,9.57401538422814,11.1288967300538,13.0595173149194,13.9986035196921,17.0507567610081,17.4501588912148,15.6913494446534,15.6089100524023,15.8426328313744,10.91928913446,6.88348104789453,8.10988936949619,8.56012533390613,10.4217853113473,12.253670397316,11.2110160673313,12.7853581989352,13.2230737772847,11.9613083830654,10.643235764327,10.664854971129,8.83545012433617,11.0102079342692,12.912545008116,12.6022326206096,12.6006865162644,12.9751353777733,13.3383688372684,13.0471437676484,11.0792254130777,11.6405937533306,16.6351932211935,17.150179328602,18.3006067274388,18.2479165670033,17.1686299117941,17.1899937548532,17.1809434943824,15.2251232344919,16.3506090317728,14.2959973947436,14.6436221123274,14.5922202192614,14.4078135928699,13.4081339166971,13.3823351014756,13.4751663155573,16.0191310272813,15.3586820131602,15.8272829003263,14.9570837647043,14.6525151930014,12.9745064783287,13.7460428702136,14.0422431879516,11.9194552463172,12.6504845360404,12.8359760410177
"MIDDLEWOOD","2017",10.3907182012905,8.59002583488316,8.52187883885979,10.1891390494572,8.58028916539642,6.21170471070085,8.64524438147665,8.56692781994952,11.388793096285,8.51449168537164,7.80885822085294,9.64858577232283,7.52629643799995,9.14146909538675,7.71553138512741,7.30895366224523,7.60342993661299,5.16814523425913,7.97962515593845,10.3830997097603,10.4839404216946,7.60491688951602,6.93694114964884,8.72856295536696,3.58122977845486,4.93934667005649,7.17272825403927,7.40032521814361,9.34701817790308,11.0707041414845,12.4362962021033,10.6226704647601,9.89505878716358,11.2072580838174,10.0431320348372,8.97875656122997,9.22741720420178,8.45811086379813,7.57227711224503,8.99089961454779,11.4237780691299,12.3307860259293,12.917766083495,12.4845080707117,11.5850267676325,14.0077072240106,11.3194323901688,10.5180918506978,10.0821788798531,10.2100082608647,12.3964647591978,15.2960596606743,13.7726466247464,16.3155343671839,18.1810956916414,20.276789256135,19.2122139492771,14.8552467593017,13.4738626767056,14.3788582844602,13.0871198961958,16.7634377413777,14.4350971309099,12.2857912363581,12.7061392918172,11.5514031691649,11.4940159413186,12.4283552753766,13.9118950317134,13.8446939960731,14.6600673455081,14.4798739139424,13.6300242556296,14.9332641831037,17.10710310546,14.4605354842935,15.0213905034584,18.1812735785422,17.1529393293967,18.6532541092919,17.4371814134043,20.0046706447443,16.1107086685051,14.498375410148,14.6631840746732,13.5622760168589,12.5371570325327,13.1096559503853,11.7750353389885,12.3240047690069,14.7189012752463
"MIDDLEWOOD","2018",3.60936783429495,5.12608463380662,7.30612856957629,7.76928138473733,4.6507242688591,8.45868957943456,7.62574047211445,7.46590113808524,8.42412607475497,7.28692280442855,7.86109092258996,7.38520973888198,7.69294501446578,10.3140623622808,10.1301949023246,10.9039426961425,11.940416991778,15.3550827604383,15.220531443104,11.5577620023948,11.7792949435961,11.4360987910679,10.1517268345093,9.64295260677587,8.92174794784631,8.57032967281083,6.50249328663011,6.18517631297417,6.39508740899926,6.24935974504845,6.66013956587959,9.22678185558,8.47472021603744,12.0748764058519,12.7434514270109,14.6215541079583,15.5393402789705,12.2918457201652,9.64609172543163,9.55679396977931,9.7110238596974,9.47834210176395,11.4823589301158,9.89229575817848,12.1088809249626,11.4794247631728,8.52671561415178,9.67243700840715,11.9093788110511,13.6669729678381,14.6906103454877,13.8493531217346,12.6495527140045,14.6211547648306,13.7198873296103,16.5302856135843,17.5934670665808,17.876035006411,16.0088721969835,14.9639251744298,18.1152659264346,18.487966504738,16.1076932017002,16.7697853622411,16.2173167789227,14.0166815925127,12.7184542882382,14.6438968365396,14.2003863733809,15.7854108284988,16.3844931995911,15.9089285909706,14.3611255579841,12.9273165108869,15.0093980965264,12.9771159796492,11.9346622377522,13.1850081734599,14.6694594872608,13.8411327464942,15.2230867128341,12.473546489738,12.3930628085536,12.643849306652,14.2482485719319,16.9050006180288,20.0229599996229,19.7131074161058,19.1185444005684,19.1322205159462,17.8521335322323
"MIDDLEWOOD","2019",5.73362915816271,6.03105323553303,3.54672224937894,4.98654354759642,8.38020915480624,7.73034074913067,10.0866942102895,9.40752023801139,8.06357785266208,5.24956097677585,4.82169607156122,4.82900091794545,4.16271544577881,3.68509619720094,7.25090889106395,9.15949790234337,11.8254818749303,12.7649648995722,14.3542882544916,14.7393829833979,14.3887193075912,14.4533601465845,13.8832646280996,12.6042318677526,10.6108621787556,8.88446241503658,8.14980085579295,9.05679815819301,9.36779964691829,10.4052881564158,11.1948167368793,9.48670166602649,7.25265635082458,5.95413337870755,6.40339626425992,6.67636550429145,7.47745180594704,7.36918296149975,7.32604840614314,7.38944926649921,8.01879460374965,7.81694605373676,10.4224237590307,13.7319236926451,14.0916361173789,11.3892694918974,13.4500776903614,12.004207432287,11.5229906641703,11.8936728652789,10.741115145222,10.5374052395508,11.1987706635039,11.5268542388125,10.7506800906787,13.9328372043825,11.6398741770816,11.0975194754056,9.22533786803069,14.0720393877896,14.4460809493217,14.3985154465812,15.5590372444772,13.037904373273,12.1914968311588,11.6092054413453,11.3435343160146,11.396916284996,11.3535804240026,12.1471405944981,11.0932125213491,10.5737900578082,10.8930399283287,10.283286653072,11.5193737724777,12.7682057384768,12.2107053434482,14.2297968931603,13.6019694207251,14.2742895579957,12.5118895126715,12.5857246973742,12.7524123907069,15.7221282023414,17.0272148809717,15.8372523647604,15.0907970589257,15.1678372814701,16.7591957083736,19.7920463333986,16.2736918896675
"MIDDLEWOOD","2022",3.90651081205878,4.23890956322564,4.49576086561649,8.02293322113152,9.26815735483065,8.82714178772956,6.38924268628293,4.07017277071668,4.185891985865,4.57585704510122,9.67301171588572,9.60163952070439,10.8489632393856,10.5788358880652,12.6981704233507,13.3219290716757,13.2804698381753,10.1191383439352,7.54140739069386,10.1490783037695,10.8836063125259,10.8680786117619,10.3734037790315,10.1269039715815,7.75032156566549,9.18991614610097,6.19106812865474,6.01756113874076,7.21658076545238,8.14184361458056,10.2646747709976,11.5761772460104,10.461441193834,11.2594293723746,10.8716281445625,11.8530337043878,11.0436570982436,11.4695888846774,13.168563740031,12.7246480165758,12.0644531891739,10.6281832786665,12.5351387085423,13.2053063776259,14.2419052591894,14.82642809593,15.268659686834,14.306319269815,12.9017198229387,12.1279386790378,12.5499021296911,13.2950029357481,12.2895884710174,11.3036940131162,12.4249604744934,12.9796154053129,11.5274539688927,10.6395879799553,10.087434734767,9.48682039626352,10.1263943457623,11.4478749974335,12.3032720633997,13.6220922040428,12.3720226927948,10.3248940499493,12.7191809206471,12.9594534724099,14.6041880990296,14.0920215107531,15.5457178043718,14.8236891237572,13.4239821521518,12.6612403660698,13.2978111165278,13.3948506671538,15.3805064439785,18.6185857647658,12.390630657404,13.1127379984984,12.6849756594865,14.2182447059837,15.5841109857831,17.464437396151,17.0631404489612,15.2016045711109,13.3114760737984,13.5864066472845,13.5708214123654,15.1638644547079,14.9608025152849
"MIDDLEWOOD","2023",6.96709992309178,8.81430969832067,5.64323588620394,7.00876011035272,7.32517973172783,9.32370385296514,6.65120457074371,8.4113466647313,9.01962396751282,9.67308366759311,8.56087972432834,5.40168507814141,6.80112485603072,5.97056416917596,7.0708189177424,9.80954528491579,11.931775910511,9.56311111812879,9.72873410627404,8.77388058283688,10.0473223243723,9.28417406603232,8.9017594472607,6.6653655639534,4.21284763556042,6.77074777008965,7.74140714017664,10.3238347825308,11.5965144681807,11.7743643924104,12.1133410468545,11.1489162900838,11.4290728289337,9.71844360814918,12.570695150715,13.4362011770201,13.8885420346068,12.4435314384878,13.4446248133998,10.4884594705572,12.6864090588372,11.7804022222507,11.153842577554,10.9859018551773,9.69636330308085,9.914760106839,11.2282054416603,12.5299954381583,13.2252919900147,13.2508397946062,13.764451792708,12.1787751034193,12.8071106333584,12.8972356148657,12.9256873738517,13.0002002928218,14.2401571888363,13.1769262836243,11.8291159212452,12.5705017765819,13.214654071406,11.9940573802354,13.0400443029149,12.8026831852256,12.3265533634348,13.4450329105093,12.5954413243247,12.8763460792794,12.6849308139214,14.7082703622304,19.0774956247161,20.5732190811105,21.702905233704,21.5747726130875,17.7436918980208,18.3189843380884,19.3201815051846,17.8488127775841,17.8232908326227,17.6455262987769,16.0004158268594,17.0307882364424,17.1823896679544,16.5077077412004,19.810070297852,20.9437763793985,15.5128354314544,15.3319758194115,16.7014734380638,14.194445124441,13.6285770885922
"NAGSHEAD","2014",10.6589224631718,11.9109667850478,10.8441965919627,10.7817120007959,10.7219708824625,11.8330590938193,12.2086807155951,8.41683529930945,9.51041166088967,7.92591392536382,8.71023306130793,8.22612965320817,9.1992548091132,9.6683878825125,8.32990453221649,8.70464191872381,9.20402925887588,8.31876415418663,6.26791646830111,8.57045204834176,11.0708556982135,11.3418784041641,10.6956160525524,9.90956796139198,8.83905792020371,10.3840424084459,10.4278068723443,11.7068618879365,11.3528466468523,10.8873750606995,12.4546521941101,9.46272342555827,8.5820914788499,9.92088922675948,10.5140302914117,12.6045370411976,11.2301523457329,12.1872465547525,12.5226153932392,11.7350760649034,10.4208480304243,10.8905331399538,10.7371368221864,11.5756349748823,12.7855258008482,14.7176669713003,14.6634358514061,14.9022968920379,16.5877678713703,15.3872784144323,12.2301495209662,12.3288580319841,11.584779479807,10.556217840252,12.274708676671,11.0264345864345,13.5290715296963,11.2765356153051,13.8041717741186,12.9382651051899,14.489133388819,13.3480841846183,14.4187908199814,14.5151392887218,11.8006693470704,12.587976343867,14.2016667910318,16.5308004219504,15.9278689569748,16.9204427401454,15.0399976661251,15.2123300725772,15.3595637759032,17.1411135089993,17.8619615083575,16.3611809696366,16.0574261269007,14.8924849772045,17.6715314227952,16.7987693029372,16.9069844736534,15.0436232008064,16.6077231511266,18.2097767168316,16.6974205545322,16.0130590624384,15.8033627294607,15.5013782491318,13.7358762576057,15.1501195003582,14.3130062783195
"NAGSHEAD","2015",7.02028783796386,7.78088064031099,9.50749011404217,8.96258927554162,10.0894992723048,10.0072579310289,10.1909236005347,10.7328766335476,10.549882744446,11.4481787254298,8.99773048070022,8.75949718217315,10.1330842481792,12.0731888502789,12.6679826218669,11.4308038865427,10.7366832139919,9.51714959212477,6.83728504135161,8.89914286019771,10.5513384708611,10.039052757939,9.96636488122319,9.43992293801297,12.6145059675937,8.92656600238214,5.22950995867009,6.62491339297498,8.87252475732587,8.69186270531284,7.8372624276614,9.34488215304164,11.5743458361029,11.567308523052,11.5702482034069,9.5629089400211,10.4804363869046,9.48243863737381,11.8210764076228,11.4754795376289,14.2386611525143,11.7273515137348,10.0821962019452,8.9751459757257,10.179628896709,12.4225041960152,9.35768303172624,10.1391987519541,9.45926175864043,8.9860991297795,11.3936945938097,13.7411854478561,14.6557100227329,13.6258525433526,10.6803451378084,12.9570635958223,10.8066376613469,11.668279881375,10.6944208554906,10.2942533136875,12.0398331332392,10.0434983898688,12.8167294164776,13.2424616317325,12.3221694295558,15.7851288034301,11.5263053769111,11.5500224227521,11.227721633136,9.90294619030549,10.2436762204542,15.0989812033988,15.6279272392026,14.3410002474947,13.8825942200042,14.2867197900583,15.7850678660622,15.932568921391,15.192676729046,13.5427626224108,16.5654547847494,14.9337493686675,13.7947078947266,14.8994466212785,15.5735983281088,16.4046843290673,16.5705981510839,16.2689414801516,16.6253438581373,16.9132504270345,20.0230521738902
"NAGSHEAD","2016",5.4711990726268,10.1492556200367,9.32375884586809,9.68146241660897,8.74684934782648,7.97533455425067,7.68951778961879,8.53272245583193,5.83931648951534,5.63927280303139,8.61807905301619,8.51958608612198,8.5599427437488,10.7988092398954,8.69642367094718,5.85105150085495,5.47258317122662,6.74901480673481,10.2813640660307,9.08168949435557,9.20938782444505,8.14822424670468,6.45596107762641,7.20502669811223,8.69494281943171,5.67371551489346,4.50369142210074,4.33342625794126,6.38084169056986,5.7942878960421,6.68639056770699,12.0092231204459,8.21194771793398,8.76085573736724,10.8832710828456,12.5942748873539,15.6749813005484,18.2815572761839,17.3437183071212,15.0290910308472,15.1828711369522,17.1514448814138,13.6753253464211,10.7206627605978,9.86944295161464,10.7436726468556,10.931424898128,12.5189907122192,11.4747746506392,14.0088314126825,13.4423705498725,11.4775923307836,10.9137301665213,11.344747019124,9.11695012894653,12.6924103322733,13.8438722903121,15.0717483731052,13.84458872355,14.0917377505982,14.6806355827073,13.642993773238,13.2408243999622,12.3056395974794,15.5022751422509,17.8213537278598,18.4821096173233,17.7282677159619,18.8092918372481,17.5645788125313,17.881754037842,16.6411967912423,16.6925711426282,15.4237272764015,14.4480159861689,14.682592529301,15.3602737412507,15.6982046790805,14.3744619031718,12.9875722059114,17.3224883026921,14.9718956776378,16.4585095174876,17.1082851245515,14.8485034861224,14.6348082460466,13.7090586849276,16.1013078722287,12.7771719154144,12.9693335022738,14.0651214732957
"NAGSHEAD","2017",10.8825619394203,9.34745838833654,8.31006346514476,11.1201735635555,7.54472721763662,8.61817749597101,8.88463640700958,10.4672650079091,13.0704651682509,9.61811390901963,8.53017460415003,10.0624094566984,7.34848660810168,8.52198772931499,10.0351762767524,8.88328931979822,9.7103288753517,7.27458669045201,7.93371099732343,10.0391907315632,9.51089668932558,12.2027768508999,9.11749150051501,7.85748231341001,5.14604191039404,5.28195135889141,4.8715159368236,8.32777263517496,8.47934106297494,12.0015739513384,11.4827262710148,11.2160256899529,9.65884370944003,12.2791453113076,11.3075687910218,11.1979365696729,13.016087378678,9.56772093362247,9.62350135063567,9.15447132907694,12.4218118606126,13.6461683590777,13.5658857058656,12.9888299024827,12.4504468660582,14.9125364303639,12.5345450828566,10.1927711402948,11.8240454988087,9.6881567940285,12.3329692231484,15.9166734155071,15.5376471002024,17.6240605248691,18.194358339727,18.9540804164346,16.7161579212476,16.686008349758,16.6550341277761,15.261984588261,15.9781482144352,16.8050780673758,15.1936333225074,13.0350572316068,12.2076271600721,11.5142951401975,12.4514606330528,13.5628025691261,14.7647800827725,14.2231519352239,15.8693732265542,15.6158688233081,14.8668654982624,15.1883304280292,16.7912611454747,15.2106422110691,16.0638415543843,19.0853343383163,20.6356358066562,22.5007396895598,22.7877876823303,23.1457194295101,18.1305183313148,15.5466184135862,17.8534843713636,16.5584300148092,15.1513789858444,17.0907130329299,14.2536248532763,13.0729413097659,14.555648160407
"NAGSHEAD","2018",4.34597431961009,6.73016391848448,10.3356772216475,9.31837206503051,5.71315899973431,9.26105596644573,9.25080878005845,8.55825055462733,7.74660902715753,8.82379164081696,7.82169487174887,6.73701509455097,8.61669894871467,11.4463842569674,10.0048106287285,10.4113920731271,12.1924441964232,16.814828486587,16.1572534087912,14.1803867000118,14.750515882753,14.1485995448447,10.3371209925351,11.0859075449436,9.45745869957714,9.42442594252796,7.15653088582017,7.4359629043024,6.86153368545301,7.31750297360457,6.78309638984914,10.2228268102284,9.44837171720868,12.5234129009299,13.6117550051314,15.3120118068554,16.9472027456248,13.4752019682443,10.3159269420087,10.175945379189,9.3617198499832,8.35168422898897,10.7089110280633,11.6269095078493,13.9314511563933,12.8140292278117,10.5719999872271,10.7015065242061,12.6629888702035,13.7947489358286,14.6743746165893,16.0457366306474,14.8188658614419,12.1807640601232,12.4342909172329,16.9192303647701,17.5300106134035,16.9850343852108,16.4758227491503,15.7488366864006,17.8770213289637,18.806702358661,18.2370374751356,17.6937099251031,17.2932067508287,14.1844572098829,14.3902636854397,14.1320279443979,15.3979331918243,16.5700488428529,16.1514599228944,17.3881632015118,15.0125316945828,15.1259941683789,16.5919171209875,13.4681261402446,14.906753678344,14.538837463273,16.3315025731695,18.2099797189497,17.6820032578225,13.1815625473156,13.2385094306965,15.0094295789812,16.5431371577689,18.3971312124253,19.9687694257546,19.1179731501186,18.6761207824908,19.4202466958984,19.2973970087343
"NAGSHEAD","2019",8.51258578133949,6.70948652960282,2.60830759684455,4.7325879623426,6.37558625541985,8.49637188559394,9.45330368477615,8.89123780838537,8.39782813973147,7.46151278864724,4.8207738080682,5.24800703655271,6.07684646571357,4.23967210875796,8.73022532461671,9.14122570559877,10.0415959618357,13.1289690642354,14.3131695422035,13.7257981328869,13.6095298696915,13.991154776928,15.3378471678085,11.8651752368074,10.3774381590532,8.89579033303335,8.59903987547348,10.3706710426704,11.0776547056619,9.68727049667121,11.1954648917764,8.85110205234459,8.89471085282124,7.30126591152384,6.25375014989413,6.3722200720109,9.14553443641447,10.2586616261834,9.76952971771288,8.83383682008965,10.0347458051711,9.17169273863617,10.7797159953837,11.7186530093524,12.3385292647536,11.7557893040344,10.6321494017869,12.555312941123,11.9541496967823,13.3622163477792,12.2861901295455,12.7290106129138,13.1482114810139,13.2495440770927,15.3310543548032,15.5349537689837,12.7006653560905,12.1978216065469,10.9581234884079,15.1450140855774,16.3113124011258,17.0125753785891,16.1432612463994,13.6634874439273,13.069452464724,13.1703794862441,11.1443005889966,11.897781096635,12.6249959045239,12.0527130688799,10.3829593163664,9.50101926695272,10.9099140333554,12.2097683553106,13.0185135805565,12.9844280126571,13.4477258873319,15.5418061794202,13.4937346383256,15.3679520224914,13.015889621691,13.401665020523,13.5117516465719,15.9860132577252,18.6690245392969,17.0753813926008,15.8103624203032,17.0885360046603,18.4442634227391,22.4845733504205,16.8108145965671
"NAGSHEAD","2021",9.60094417152017,7.51952882765101,6.21683787783089,6.67781529517797,5.89970534399253,2.79909498401241,2.48734453253756,6.25188866479412,7.15638056125384,4.77079551906754,4.12083684687278,4.60973138394606,5.37780661302001,7.17025236470872,5.01855565995055,4.32852268462769,5.4088749587748,7.10006801263625,7.87080674810955,9.23087666529249,10.2803488448503,7.41334194116978,8.92396290811977,9.20507585288637,8.43202306352148,7.27012686551754,7.19303572755162,6.57857601180633,5.83802199758306,5.93645721746759,5.55108422620375,6.36302996259006,7.50478207552125,8.92004841772699,6.35627557678349,7.02317103276425,7.08427349309724,9.76907641898616,13.5975090692834,11.8859396661068,10.4693826771277,10.0688616834204,10.2176771761733,10.6699041483429,10.8852384371081,10.6534267750067,12.0515869661551,10.0618039582482,11.3814092896591,9.6246157209395,10.0330161698524,10.7557660467606,7.98641241242909,8.7334693281462,10.0246320235253,10.7303315118564,11.4025324235809,13.2208698761986,15.8005736132196,13.177849676273,14.5208845847602,16.9005435683743,17.8760508195572,15.961708450308,13.5436509211789,13.4229932435547,17.4390703252537,15.637813423738,14.0693156088938,15.3503927714668,18.1934719642514,17.6110395285977,16.4045736333261,18.0746040558489,18.5245312253939,15.8017034960836,17.7905687370632,16.9982728399636,13.9988922219993,13.1550531597288,13.3437737777724,12.6739363809443,13.3343833234313,13.0548194221627,16.9230964041393,14.8989524217597,15.4661825756453,15.3544574588602,14.1458384535305,16.410076563703,15.7322717498651
"NAGSHEAD","2022",4.13930292212069,2.99909560401821,3.36115406640554,8.78657279683007,11.1383175806023,10.4447120429526,8.94658923908819,5.88332146517365,5.13264101871033,4.80639585695982,10.1165769544398,11.189431460765,12.94251749834,10.1743655851431,12.3114268043093,12.8745830352939,12.1105290208309,10.1201177966361,7.79757251025901,11.1601378911169,11.5624292202386,9.983270545711,11.3011068497573,12.1101518383758,9.13527615147904,9.50291348212536,7.21679490129289,8.05751232242638,8.56225445184775,7.71905603691318,9.11008612490069,11.5538245318573,12.2186297461025,12.5812395725312,12.2538385390507,11.6548786571337,14.5508133732605,14.2302683426032,12.9944273197571,14.8181746922764,13.2708172665361,10.9860021670021,13.4697480632107,13.1905945595092,13.9353509561365,16.0756285447067,16.3520381772397,14.0275277770165,13.7507300919433,13.6304787029107,13.7476101238588,13.8182468050233,13.3886293166047,12.5504839954204,12.7590471711138,13.5000152815276,13.3776080947159,11.3556559488749,10.2999012060079,10.5306764497199,11.4743678984911,12.4743327490395,12.4629868221825,14.3957218705696,13.7521847030695,11.2147721812321,13.5778578011089,14.3418816178997,15.9872218215697,13.6363254768531,16.1972198749107,15.2664798366639,14.465451447546,13.7229359528168,13.7208997215338,15.3333343828851,17.6066594847387,20.6941463006954,14.0923591300661,11.5536170223344,14.4439030803928,15.5906229357982,18.1114795801632,17.5342393885948,16.7274637349489,14.3328851268781,14.7478946947094,14.8469453960112,13.3283376818473,15.3589773697081,14.7266953064777
"NAGSHEAD","2023",10.0884632309779,8.11043009447641,5.58479005783664,5.72552167938281,7.6804205840825,10.1570218134176,7.38215698110172,7.10077684707728,8.99183427394322,10.7563660988762,7.69162136258093,5.69564468704181,7.83968238275643,6.63951601166873,7.67365135905099,9.49745571609065,11.5883878491274,9.96159976442953,10.5473087763948,8.9667382001236,6.83204105318358,6.39667151526765,8.7662748250026,5.81707236841774,5.47296236352919,7.6272191283713,8.77362049541917,12.9910936256383,11.8300734943085,10.5287964014842,13.1438553272611,11.4243806062873,11.1951156012787,11.6517753751184,14.038354498594,13.1055188033204,13.5003497519939,12.1114934984429,14.1800868883388,11.4770332545219,12.3288934410571,12.2938904244881,12.6946436780025,12.1453094038941,11.4232507802372,9.77022678114877,11.0748442464131,14.2039901673507,13.534797613393,12.6443806839584,12.1640534303716,13.5430250247889,12.7208667027442,13.8373577855375,14.4896907296398,13.5348658592031,12.9089937961503,15.0626414455161,12.2924461394073,12.5895234673235,12.8622375469167,13.5925429679414,14.2367274899516,13.5489648618161,14.4917820237055,12.769786717939,12.4497308428597,15.1096366571496,14.9663320585559,16.9951646290708,19.3795943035544,19.0285595668192,20.9154622180765,20.8352023220553,18.409099253238,19.3784845023633,19.1055950780838,19.3582740322509,18.6547352641514,18.2213933704814,17.6796421293544,17.6361387947927,19.0607457782834,18.0014120697646,21.847092277692,20.1090376148545,16.1559772245485,16.7505191784629,18.9709596859877,16.803478568337,13.5466310502714
"NEADON","2013",1.8727418737593,2.76595770026708,2.35360650724774,1.37262938592512,3.51074426717701,3.81679073981152,2.46457444523617,4.31896878627558,5.25578392854378,4.95018048932181,8.33109308144583,8.2564097277744,8.14065552508601,9.93279259785168,10.9120323261726,11.5862944458966,10.6659891025572,9.40957193780365,9.00994003030462,6.95992616197934,5.55333544991474,8.42765073648086,10.9799377621539,10.7243525094163,10.6691779297804,7.93864965125758,6.68328475825245,6.62844161781612,8.19085133965065,7.83616200148812,7.83542586632491,10.3583933836767,8.98093949110029,10.7904923008464,12.3964962322048,10.390355603153,11.6952390390191,12.110952934938,9.07889881652049,10.6281663812476,8.85171867598336,8.07932570518802,10.1324523300638,7.28633259551763,6.7375562733727,6.89963005662997,7.23191392836781,10.113320493819,10.8935895114142,11.5012982355449,12.5017012028946,11.3265782262624,8.00205911745568,8.01694879646934,8.94837598869817,9.5009107559175,8.33780773452891,8.72194857240948,10.8946056068569,13.3344552470161,13.80577601765,12.1471482201773,12.2615431670856,12.6131194324273,11.9417609246075,12.9572251171778,14.5844290535005,15.6554972098749,15.5677528034862,12.5776528043067,9.89344343481458,13.1352434465816,13.6495550072516,13.2999167235881,12.580314474382,12.2706379025325,11.4228360228001,14.8659534107087,15.6620417200144,16.7021627139138,15.0326898977699,13.823281479653,12.5007338365187,12.212394126343,12.7806616241275,11.172650595193,13.0595701869735,14.7626414542967,14.9056998042156,16.2615005461076,14.9969424304645
"NEADON","2014",8.62109025846058,10.9172788364013,9.98521198639181,10.9225108792726,10.9002497851416,11.7360832263377,11.5169251922468,8.57265863821532,8.79454257678256,7.33999314677007,9.59401140562387,7.59768319928282,8.49961330671603,9.48271008632456,9.32732142982593,9.48953814857434,8.30350961052312,9.92294988104202,6.29641395992377,6.78893217530221,9.81009586747948,10.5276625790047,11.7206858301851,9.41008826359152,10.0783797004225,9.47907856563343,9.91034734007167,11.3756339921362,11.5264541817666,10.0319999736365,11.7019385942364,10.6781522408563,9.78580349389857,8.59562183918588,10.2267582942048,11.2125100586921,10.9549202061949,12.0165439131926,12.0701703490202,11.3598315819898,9.91748399323998,10.1753571224031,11.6850137292782,11.4559975289728,12.8255778317767,13.1218747488881,14.4515057288855,14.2638435827339,13.9430903308141,13.224837056533,10.8008627215402,11.6649642558068,11.8105200158101,10.6921920950717,11.9259798596414,11.4006006610883,13.0066125021514,12.3678632846736,13.0396984155735,13.607594356219,13.7866372981826,13.3090581145482,14.4182341717846,13.2551210006081,11.401332597756,11.9432880127831,14.2512447288919,15.0652651183079,14.8480404052238,16.0262718538135,13.6772470132225,14.6994765111253,14.9052307568554,17.0410492361273,17.3549646965651,17.2769944747052,16.4930062475583,15.2687124343009,17.2075925197295,17.9211737073999,16.0091460882172,14.8483007609141,16.9354174687422,16.5402827105219,17.2317902512798,15.4875872706965,13.787367452631,14.6411894470703,14.098923082607,14.1319763246599,13.5056490772206
"NEADON","2015",6.9974420809755,9.38073478006899,9.35980489678716,8.73770953253004,9.02017373613322,9.79119019408511,10.3756623637518,9.40719021398957,9.34343003544932,10.3070085017435,8.72788519170895,8.31188513251747,11.6834753761591,12.070917887504,12.9840181661138,13.6998325371773,10.9406325830999,8.90954507554008,7.89384715127669,8.95696599511085,11.6565762389934,11.4336743875936,9.8008139652581,8.99960407166785,11.3567088988723,8.78245164873916,5.84961773048791,6.21145269365647,8.37098340275259,8.19334292744649,8.11172562205183,10.339597676936,11.9860460706395,9.70359250649765,10.0530715400157,9.64908990327873,10.1489904711091,10.1147921269155,12.0196631720749,11.6917492645339,14.1039689548295,11.2155493219299,9.01444038603916,9.61014868582332,11.2558873752241,11.7396766679017,9.3259589164504,9.71433897827995,8.77382244060879,8.81709792291432,11.6808301560536,13.3299490142709,15.2553353152954,11.8342312216315,11.7295508636241,12.5361495563836,11.722492769597,12.0005272643219,10.278860405834,10.6185519454763,11.5656234816512,10.0706644535136,12.6633647583213,12.3043917230568,10.9831112677203,13.6559172168806,11.0832035389836,11.3135882292119,12.0797659669661,10.7995629976573,11.0903384844267,14.9695628732756,15.753420587672,14.6399195852839,13.721831332185,13.1201318727667,14.090089239566,15.1187265551293,15.5340083340876,14.2595191068428,15.7714046003909,14.4034318038757,13.6893025803616,13.9576932276896,14.0007322053703,14.8893867450324,16.5798456144951,15.6204931446366,16.46304928755,15.7964274844226,17.3913436377236
"NEADON","2016",4.75703470786718,9.40707301502913,8.09896049879918,8.80243950710147,8.83851151177041,8.21028448342235,6.68790153788509,8.14420799287346,5.69657363835904,6.12453304389057,9.82170791402789,7.91460237988656,8.69394519530745,10.0329469601617,9.59201318269682,5.50628221511362,5.79740435650962,5.48518973764419,8.11842480900629,9.70063505106073,9.88105153264423,6.47819412429664,7.42178385424874,8.02293532503426,7.32378034036471,5.54625557106065,5.01652842699142,5.48427179287197,6.52151383586313,6.18576171363512,7.03855245961465,10.8336512668282,8.34670806872239,8.52764192345884,10.7168860825253,12.2302867263116,14.9870465954937,15.7281872924942,14.6338448649903,14.1980562373926,13.2418029038002,15.4993936952922,14.6976143060093,10.2417019076651,9.75238432959086,11.0857040197699,10.2782640248525,11.4029951347409,10.7473679420242,12.7210187540255,12.2827957630422,11.4353858343309,10.9194185939752,10.9556843618634,9.57043235918489,10.6918978588984,13.6705162771206,13.9245307532613,15.0013283291861,14.7251062291456,15.172287924472,14.8681141589639,14.3975187148382,12.3866376436343,12.5405064917775,16.9445312722989,16.7757481428789,17.5292073679331,17.5096449579522,15.9408727958416,14.9934228410166,15.8749554849736,16.0005620468746,14.5434795567517,13.8157383830596,13.2859807478729,14.3825090662818,13.6801498609831,13.3629703843593,13.3351314201926,16.1533974356379,15.0165141825026,15.9747494602026,16.3680755322042,15.1501466476456,14.0788882232055,13.8327163680508,14.9898570278538,11.7625504063992,13.6821500478709,15.0121909329087
"NEADON","2017",9.28310586150206,10.1505102451357,8.05260155544505,9.99003321922185,7.67699078370421,8.44121407166057,9.03824073199331,10.2703139629382,12.7678196831871,9.70350043584059,8.53967509732716,8.67676269536713,9.48129797169431,7.60918778052882,9.81182383120609,8.74898667298816,10.5567197069014,8.08125337435051,8.10463987387431,7.66874695297436,9.83801569828928,10.9289727229604,9.36788967688893,8.42856464885952,5.45939474654641,5.2305227811458,4.57129444993712,8.76836905843523,9.48397573567699,9.30789653657952,10.2773556355452,10.1361323684226,9.52568360386493,11.2008476884549,10.5272756518747,10.9491826144927,11.6315265441543,10.3972927012582,9.13169572055267,9.05958212269554,10.9990393282247,11.940534760548,12.5186249060592,11.7724699386212,11.4274735319992,13.7657237585839,11.2637351884199,10.2052422415546,9.29195227918046,9.45909564485734,11.7078332220527,15.080278618389,13.8229065603605,17.6681985812452,16.4716379878925,17.8115129559159,16.0053996090069,14.5450697082451,16.1239015028439,14.8145191615933,15.8247085661011,14.5106182144402,13.5514953555495,11.4248408663476,11.46651565818,11.4681266011363,11.6843127231791,13.0265290452325,13.9982032347637,13.9832347769679,14.7640745825567,14.3973795871894,13.6873474016415,12.9705248695332,14.6712964905099,14.1073690225654,15.5904387863354,17.6678150443375,19.2527584401035,20.6334522654394,21.9322353364179,22.0278568231405,17.1603683911137,16.0508804599284,16.8880599379272,15.848365730892,14.6744548021557,15.6943807973147,13.9170707394005,12.5816512074301,13.424568533929
"NEADON","2018",5.66513511315286,7.25154336380408,10.1908774835992,9.27408836650082,5.19242090619225,7.76037462237334,9.09036511523687,7.85282203602673,7.93922525301806,9.70949194715275,10.5806298762433,9.47675540471791,9.50735339291401,8.54400059503402,9.62672276333974,9.63910986390283,11.7336619087026,14.5967282438326,14.1794952429507,13.6813581511874,14.4609824275728,12.1583159752527,10.6443504601589,11.4811766350869,10.0359721147246,9.11016800386166,7.71363341022547,8.10990944256316,6.47927811687584,7.1961887682103,7.32374297011083,9.39811826313784,9.92739788590829,11.5673780056177,12.9687614551193,14.195561453203,15.7363806410464,11.4981175495148,9.59223190740066,9.94300942608449,8.38284810376388,7.65282610828307,9.35794948461453,10.5931950200125,13.1886849663116,12.1853354598177,11.5646917906687,10.9550493951833,12.4339263919954,11.6033333501042,13.7447403871065,15.6679888459021,15.5769580364727,13.438251973424,15.0257483131019,16.3283804707578,16.830976433241,17.473008619851,16.7273022334435,15.3358152601158,16.8692474073196,17.1988493962575,15.8873097855002,16.6467889913526,17.4752106918303,13.6737595943474,16.4700837476663,14.9237364812096,16.1045817114923,16.9515873745611,16.4932393590339,18.8446567680516,16.3278205730264,15.2192424463862,15.9208877959232,13.1589356277707,14.2055893247974,14.5681414459197,15.8640640045904,18.1543869073455,16.4855036023986,13.0165181723534,12.558075735874,15.4450910622486,16.5351870555486,18.6032760699738,18.7153563124614,18.7920897704557,20.0686439561007,19.6450072181789,19.6690017686006
"NEADON","2019",7.67180525972379,6.21894144090757,3.52790699312901,5.34487183006494,6.0551360590452,8.82472368807263,9.17595868977449,9.00217095343604,8.450389999359,7.89630720623098,6.11086063025369,4.88635883694894,5.96558247150348,5.6960965054433,7.10150232838615,9.93106003493578,9.03773994076941,12.7085867624222,14.9503696952042,16.1238011583437,14.9977511084237,12.641542011693,14.9630269009666,10.7594889557891,10.3404320523624,8.68840302323338,8.35023430821976,8.9173820513756,10.4403247645459,9.40289993942953,10.8448796259245,8.22660331349895,9.20301666910167,7.3175446102979,6.10390631112668,5.81403902451235,8.40583084836662,10.4331579610997,10.300119797724,7.84082040170379,9.67201174345253,9.53119250080026,10.0824274243678,11.029259945866,11.672815814855,11.414525508678,8.53965306094462,11.6893506730349,12.9157789604511,12.3156342286546,12.0182779243302,12.5163683347648,11.9093307453144,12.9335067154824,14.8859177192238,13.9620898309028,12.1962618167398,12.0424858668598,11.481520803972,15.0610389259129,15.9366240601275,15.1451739772701,14.4375308424486,13.1440898163905,12.9964110571146,12.2083931337295,10.4437692437376,12.5912240068505,12.6093383458499,11.1413284131773,11.3710645596962,8.95165753583677,11.2722585188153,11.733001654528,13.1373856619837,13.5051009773285,12.7883962278268,14.5752298271962,12.2925537146303,15.0564614967846,12.5386379881143,13.2839847922162,11.8090815674811,14.9030409323731,16.2969204229133,17.2122387934127,18.3242839821968,18.7955649977896,19.2989793886578,19.8132936520322,16.8370794394751
"NEADON","2020",3.41605546168684,7.66379225080138,8.34832992550047,8.21365167015833,11.9376585111255,9.10690589271156,9.30490141579591,13.650966677566,14.1256159768016,14.3746492313,15.6127569553469,11.7938130027031,9.60449862046937,6.10892649948322,8.0125068151403,11.1943157718048,9.19882404566367,8.98072904371078,11.5959958755272,10.8302511128112,13.1334401057808,12.7742812044643,12.444412698561,12.6447511573224,10.1526567490026,11.4812101452172,10.1387787874143,10.0436511125398,7.81313241448846,8.34153290555996,9.84042636654647,9.81619125190392,10.3450164071315,11.0264833457285,9.28888768945524,10.6881675966837,12.6374400031563,13.7567431120012,14.9519414009239,14.4656524360781,6.85758326196179,6.90224337405056,8.28017402972541,7.33118658335656,9.13239293770787,10.4897130525359,11.8090666380831,12.2213435303357,14.1008504445575,14.5730077474578,15.4767713150954,14.3480801441018,12.9496492613544,14.0514540920936,13.5096747549768,14.723611057384,17.526177289105,15.0483053508233,15.7567689336067,15.9874743484699,16.3352870098601,16.6435400514958,17.8871475984065,14.185688063852,11.1384038578988,12.5323574693225,8.61013795544241,11.8063789956888,12.566136363227,11.6977560055642,12.1576594215444,12.5795867119155,14.4991484722419,11.5181755148729,13.5498731387744,14.2013476496393,15.5257912213035,14.7384357100913,13.5537487964012,14.1149596403721,15.4379767759459,14.9072015246184,13.4439981834365,16.5868711669727,19.4331861998455,20.6656418867776,16.6308146539979,15.1504526231875,13.3716079721952,13.4115854698689,14.4769734518828
"NEADON","2021",11.7363327842995,7.22736237265238,6.25303631936893,6.91211220844829,6.58399422564013,3.16218617288371,3.26463787682716,5.49281761928727,5.95826715102991,6.65397674714175,4.23271262215285,5.39951516342765,5.15662615910854,6.30691472953903,5.40803464416205,5.25600813178402,5.66245176722101,7.10800245942289,6.83050297999335,9.17222933217457,10.0588272448919,7.50788314315994,8.88926538444452,9.80438657524814,8.75302420620494,7.51678399348216,8.35232435265939,7.73280904114939,6.71778861158147,5.72357118365847,5.45652068257515,6.6649835218413,7.19526210819983,9.14786839798736,6.78873004422643,6.92329132567427,7.18807943233477,9.72563942498995,11.6759256054288,10.6970603323654,8.94231086485315,8.80809267955765,8.19512745108366,10.2726573902529,10.1256305231827,9.98762460354139,10.8343269086859,10.6384643407725,10.9038675252454,10.0504681754957,9.59281037600156,10.239782252188,7.02053239206989,8.1891801870869,9.46458788252225,10.7737440144945,10.1890055491562,13.2857130530353,14.6739992628795,13.5037708337181,13.2030574295922,15.4746552597459,15.349786725026,14.3515399574962,11.5443717258953,11.8282110782738,15.9926034998148,13.5746910357288,13.292899748923,14.4080627191625,17.1171160874433,17.0322941026359,16.0678123007294,17.1200101067386,17.2993212629481,15.5596982391875,15.3141645853076,15.7411579249901,15.5960123178574,13.0685460824638,14.6818254018962,12.0338457757362,13.5078694167823,13.7958313170737,15.7705830858202,14.7214935471359,13.3785279764132,14.0019559014896,16.598669138391,16.3261399156554,17.1882419420343
"NEADON","2022",3.83857207472642,3.55821143029711,4.28446345821197,7.26717713567672,10.2495567201652,9.98416194660239,8.47095809729197,6.69197837223032,5.66865838836374,5.07347770595818,9.4124636690899,11.3474297350413,12.127976337623,10.8439120059683,11.7541599367855,11.8989532813524,11.4559294855866,8.91275040192145,7.51185150113735,11.390300152536,10.5325313414063,9.90251594554037,11.453423331496,11.9434867730539,10.1891172043058,8.68819945037686,8.00010750366778,9.13948826970965,9.49053321126911,7.89821993018373,8.00509163014333,10.5788201156323,11.8849197806368,11.4517442802036,12.6300465616627,12.014721023198,14.2285557477685,12.1669919256757,12.6253315012435,14.3073573548136,12.8053984044893,10.9019425882835,12.8661384741755,12.4201837805316,13.2827122113997,14.5948606028202,13.9605767818912,12.7891921377403,13.1225253788428,12.834726614175,13.1910499814697,13.4234501264334,12.0202975701068,11.5542013230409,11.7667040422972,13.8687702024604,13.777955001099,12.4580402662993,10.7791018910093,9.78135236362503,10.5679533953555,11.0302061300289,12.353400309662,13.5540045624421,13.2615545190785,13.7741482283954,14.6272855195813,15.593202954094,14.8366525774989,13.9744510061605,15.270472849079,14.951204027279,13.9554120513298,12.5227516526524,12.8634423206831,14.5113567091459,16.4390660107562,19.5457989975603,16.3142436756794,12.0688611634974,15.5552092038012,15.1436489616876,17.6187152012849,17.5508863279995,15.1423732882901,12.8387658315584,13.6008059560613,14.3391719829465,12.7053415203603,14.4086647870306,12.151833844262
"NEADON","2023",10.0466687088866,8.03457457544613,5.64152415208233,7.25685801036623,6.99085353766033,9.95210390151168,7.4759611414926,7.63040887731266,9.81647611243555,11.3964916478868,8.05476432369422,5.7037204434968,7.84520257297409,7.6606841369821,8.72672305523123,10.9231141937246,11.7134250772276,9.99972830410664,9.47291423086629,8.82159210934854,7.62076393704405,6.18695182208268,7.79632307470879,8.45370374328961,6.65654074226545,8.51118027402185,10.4295365886955,12.8431315637828,11.0052239605224,12.1091001984485,12.4015098406525,11.3110569491784,11.1543430189278,11.1376278861066,12.6817607625896,14.1143362769996,13.0502971202576,12.3318069144773,13.2403363071804,12.2250502412328,11.7978083277344,12.2825039762843,14.0261465980665,12.8841650859733,11.1655887060387,10.5655247450895,11.7928880840951,13.4623074055849,12.7276198849074,13.6491709083254,13.187544114661,14.1654459206112,12.5967090330586,13.9993645473139,14.2552537382499,14.3158517702166,13.188598928094,15.0659202894516,13.4141734341741,13.5058354290523,14.5593600954687,14.0704182017654,13.1950380641948,13.8953483549912,15.9848415502691,14.7933886991374,13.3191007060576,14.5013259267629,16.1551127356669,17.7675548941562,18.0657408649824,18.0315243738451,18.6439927520838,20.4418216234236,19.7588165240476,18.7470925036721,18.3694139088723,17.9879684134974,16.5813404353291,17.674725376816,17.6017648253101,16.8391907621681,17.9101120187161,17.4271315677973,20.4111380640891,18.9075093943641,15.8812336237697,16.6677690090248,19.1689706507848,16.1969561409826,14.3129039917249
"NEADON","2012",5.73395994934731,6.1744779620681,6.67017475118715,4.36108969954156,5.24302521440133,5.14175305259339,8.34710266635148,9.74779945390464,9.0620780736243,6.74863854361901,7.50927499791126,7.26936178383042,6.14063961034038,6.1809292860211,5.85357206699123,5.15200923201272,8.03792230127019,6.73954222697158,7.68483856817733,7.76331860330103,6.47939698868828,7.06912023488214,6.14379489178042,8.10276443296745,8.10775339526704,8.69769130034369,9.40884115510694,7.18872425966647,5.95310904238953,8.04520510932902,10.79565050177,10.8437161891936,8.79303963915754,9.4275253952741,6.69797350065121,8.02007997666488,9.9174978809216,12.4453287832915,10.4693796968155,11.6376262233697,10.4124242533352,8.41490974770952,9.29737223105083,8.6964302928013,8.17598288415919,7.70618397566504,8.5147271049886,9.35986377093205,10.588796489762,11.6322642719136,11.8922157062068,13.4172452440535,15.6531606825132,16.8279593590553,20.1562768758954,18.1154641294441,15.7083031667396,14.2050321847303,15.3878624307451,14.9100807616953,15.4058491380502,16.3725277720437,15.1807888758103,13.7954219054569,11.3944296755444,11.6516166222645,13.612312137339,12.8748756248635,12.2232411313975,12.1086578857728,11.6697250470195,12.2291231584933,13.0007663515392,12.2010521858525,11.2740835354402,12.4610427293457,12.7904028540676,13.4869374295692,12.3121023320011,12.5877240278321,11.8321113780578,12.4294013210574,12.9345556313751,13.4592626153142,14.2150678167276,13.7702262510669,15.6552530192922,16.4951428593837,18.0474701029505,14.7029409273554,14.3415297444287
"SLINDON","2018",5.30788476148751,6.52165458023813,9.26833126465986,8.45870635733229,6.7040393071119,8.91723498554286,9.33700359087338,9.06873614779961,9.07796591625981,10.9845587639636,10.3933481295066,8.33842659503016,8.5662360408689,9.19352234822666,9.33319892974096,10.0800237252621,12.1211641616316,14.5852527448704,17.066926408165,15.5160736511174,14.8491105940949,14.4828985458053,9.87725551462261,11.8887500433357,9.62105415380774,8.96672441738477,8.87593750578149,8.08423415025368,6.48539656828239,6.1791977044278,6.08412955506876,10.6093952759437,8.0601719814116,11.2894806319,13.0922055010892,15.4113690569853,17.20592313261,14.5765488475125,11.5341978828907,11.682406162094,9.00846582903274,10.2074185397423,11.1301766870997,13.1668122140012,16.046223699799,13.1001841227108,10.9843775561218,9.52851188767445,10.6110191748797,11.6445155120247,13.9941250101308,16.2239590314497,14.1674783042136,12.7276037240905,15.4842932986711,18.8916921582091,19.023335028835,18.7352804640066,16.5529120702033,15.9167604716441,16.6365500789641,16.5254413949717,17.8017533892978,16.9410649813934,16.2509788573083,14.7314000124711,15.1588097303387,15.6768070313444,16.4341979211595,15.7079348937388,17.7868434858998,17.7717825381719,14.3326858754619,12.3221217691132,16.6052409580669,14.1357980617368,14.1264656626924,14.1860844514712,17.037252994829,17.8973549139092,16.8058667382301,14.2880511434303,13.5118917787101,15.0478851352437,16.4924594042217,17.6153840103305,17.7706340775891,17.0628006014763,18.9056884879297,19.6493712592875,19.0378234820851
"SLINDON","2019",8.31602444142908,4.75209451714507,2.85122404561791,4.43607799473334,8.1432494481094,7.31460644556942,8.94597752787178,10.1841711389469,6.88017710176129,8.71290313191184,5.28497815482507,4.44269603767597,4.54771418390315,3.49680135926342,7.10029370203723,10.0724740103734,10.0032035104561,13.7579284082977,14.611637611651,15.9859806932778,14.4245421864684,13.6498021216241,14.4403595742666,11.4683253028432,10.4347062389704,10.0503801126494,10.0510955175902,10.0093582374531,9.18141696060532,8.48873439364739,9.61609318446635,10.3860013130448,9.10965282639454,7.08165061125687,6.07201759191856,7.79026064938364,8.262733740056,10.728923003435,10.538751478935,8.43606096704174,9.95373400699866,9.04319062098956,8.50442137788257,10.3052479341879,11.1023211339826,10.547072941587,8.98190704249079,11.9256883301418,12.508595740049,14.3856085239633,14.0817461194263,12.9516248576537,12.6689438744856,14.2721797034043,16.3124259280623,14.255821036583,12.8291945453247,12.1721634596585,11.4419872164455,14.8072650558751,15.1413220304993,14.8120047183635,16.9986934192144,13.0572973682931,12.8290033779378,13.3688793788249,12.0069735020356,12.4691793653652,13.0018573712005,11.3501309934374,11.0507779453312,12.1908095715128,12.3063924895739,12.1742945467357,14.0703703387952,13.5245592486207,12.7388609086299,14.6810556430275,12.7876024038749,15.5841521942344,13.4276833774306,12.9473565011554,13.5066659457011,16.3279342387227,18.3651558023655,19.1050562874309,19.1436454379238,17.8694708970871,18.4366215735299,21.3843979742183,16.8526420784922
"SLINDON","2020",3.18696327952976,8.19721699530145,8.91708159863543,7.41178592628373,11.2701621627995,12.8705266519301,9.42711818802915,13.9420796712305,13.7895358383863,14.5724162425737,15.5513337016692,13.2332632432732,8.98289592720128,6.31324162006511,7.73446497759617,9.91616187853058,9.2525776103546,9.96357213733411,10.2196207869878,10.6378061494051,11.7150118431272,12.5598670799384,13.4648258753097,12.2830220064177,10.2694496696294,8.94774591798014,9.41640933704612,8.90675564727417,8.72777467359037,8.87567409001652,10.3944394610062,9.91497628963801,9.54868068804702,12.7358354631917,10.8269410374976,10.5185915447802,11.5997164338152,13.6028487670977,14.6251122484601,13.568231053773,7.77970460640637,6.39147779087816,7.78663973402262,6.20908412318508,8.1289457376865,9.64305624033206,11.388921515887,13.7849758947943,15.0163064232977,15.3808722053136,16.4903477140117,15.2846898551933,13.2437812231614,14.8399638246879,14.3978288706215,15.3869294696282,16.2944340177874,15.2749454426095,15.0481999207838,15.0865370165989,16.2294319552031,16.5424817523225,17.6053104680156,13.2311207438349,12.1039440291748,13.5489285368206,9.85018668805827,12.2830415503122,12.8332038386492,13.1874884920626,12.8718162172444,14.3057493068734,15.4414950172111,15.7375006537756,15.310888614733,15.3745208897937,15.9545636679513,15.5661054762813,15.0894418017886,15.3436666994794,15.4021277244873,16.1993475015667,13.7002373764026,17.1006309672743,21.2758577087966,22.8871094366964,20.5496892499988,15.5987933468429,14.5246020063326,14.8274857799595,14.8929138580438
"SLINDON","2021",10.7069648130429,6.75531986773466,6.9907101521705,5.94015153918084,5.44637637386079,2.22746913710272,1.19147706079644,4.61416701929754,6.7944740094341,5.16703025548922,3.8230547941582,3.49388524325128,3.54982043596414,5.04790205876838,4.22131754477682,4.28067077105563,5.14108405674808,5.38326255116897,6.3248399662866,7.70079277776374,8.68176592359623,6.78701955522815,7.84045714285682,8.73635780522362,7.63770444416193,6.89636571124292,6.29727655476748,6.62166583783035,6.49590501622099,5.84571255360524,5.03150095188568,6.29111638505925,6.36628484454557,10.1754182843342,6.73973483940107,5.08911115783266,6.72843896565213,10.393824810215,13.9741113622454,11.7342151493134,9.71548223042577,11.1800159929425,10.5028754996275,9.80658914996428,10.4323589454735,10.1476013706377,11.9788671990466,9.76296661062488,12.1428601349809,8.60315022305836,10.4573733261447,10.8787604585746,7.7292110900011,8.81530715299595,10.3871043977221,10.3230200118367,11.4804472087842,12.3977596562144,15.4610332820763,13.0066236050385,14.1590117263311,16.4028314861126,17.5186718993564,16.084083989668,12.848488760669,14.3230903113586,14.7222622434208,14.9897392330752,14.2809349649542,14.0107523650734,16.580775337098,16.6761009897155,17.958087931743,17.3388704656304,17.668166559645,18.3671788277986,17.3408582360994,17.9323572080787,13.9111348891162,12.6991084124268,15.070854091662,11.1808231038166,13.2230956090234,13.0224474106369,13.7039335734629,15.4754045287753,13.9279662093863,16.414291863167,17.6031898665584,16.5740420825504,15.3788243718964
"SLINDON","2022",3.66666695248337,3.03074415451538,2.78873579677041,7.63907914634804,10.1345118040799,10.0235776994109,9.2498418151574,5.84640768262656,5.09129207215732,4.63583023761591,9.09883288894704,11.1880495286848,12.2175598493699,10.7241936609274,11.7670181504394,11.5482980119201,10.0745151724832,10.0579008785537,9.49763163471802,11.7465296394744,11.2676059069904,10.7660663914748,12.753990705559,12.7402009205862,9.27160768509933,8.51709365391053,7.22131611864419,7.8043497853857,8.00609571712406,8.10946485417835,9.82054749866569,10.4346220155229,12.0313372604787,12.7639988969291,12.0316665673181,12.9400708611212,14.5841936367886,12.672909727506,11.0742352692424,14.2359704605341,12.7757195301241,10.2281869431191,12.3651344524025,11.9713268821522,13.8324793588029,15.1418039953525,15.8752886535145,13.7677009888498,15.2113541781877,12.8805251300987,12.9037338955591,12.9718642310853,13.0444575470826,12.4311598088641,11.336236211596,13.258119147223,15.5028381805089,12.0527658595367,10.6377466801698,9.29052450638,10.7929178735436,11.0452355121602,12.4736682996471,16.0433320023281,15.4173693515875,13.3980022625887,14.5342443845794,14.0374708004527,15.728955481583,13.4884883384919,16.2954437582682,14.6357937235816,14.0001094454726,13.4112265206742,13.5176584048905,15.7227199666898,17.3541845849714,18.7667042366867,18.8474082012632,13.3423718741378,15.8341065078897,15.1851247379663,16.740695100197,16.1610099572362,16.1343321020342,14.8538683682189,14.132229205541,13.8212341893331,13.6846772872144,15.5594387388087,14.243227566604
"SLINDON","2023",10.1286748609926,8.23262076212453,5.52741990467383,4.93783568153177,5.62862091416428,10.7491119070073,8.38653964193634,7.2838078359663,8.24613283370738,10.8816238646816,8.19973993527537,7.09822082599497,8.17842545058585,5.87567629944053,9.83912072380412,9.95027021034658,11.4276919770888,8.76668908949861,10.7643755175957,9.0333774250467,7.29910806614123,7.01425152968443,10.3126890106921,8.00672417638192,5.78934721600002,7.2203958205722,8.68070625878381,13.6819051811471,10.6300946741544,9.37458570174971,12.2119757491802,10.8585874608179,9.69411382816535,11.8394202968803,13.6716446619866,10.9161993923879,14.6359666899791,11.559423270306,13.9070556549792,12.7168460304651,12.2922514656121,10.9368981245081,13.1381239986939,12.4584111408847,12.1398343559717,10.1695307068316,11.252852328009,12.5291281431854,12.5519234988635,12.5129913147806,12.5406661712722,13.1201196548509,12.3395604341755,13.3267583822708,13.4549694607646,12.3747314084044,13.1271005619366,12.9670162359627,12.2431580352003,12.5385525469691,14.7313258690127,14.1188552176,13.8371763091033,14.1782204577356,15.0199144459836,13.0712664469581,13.2822868126297,15.135302867011,15.7514435690945,17.9841523455262,20.8403664758645,21.3742531574267,20.3967366071537,20.3790721639056,18.7389585195076,18.5789901757132,18.6286791446205,18.3077744693035,19.0717755457894,17.5520454292161,17.4975107538367,17.7157666169905,18.87789744613,18.3675702897281,19.4221210546026,19.0525586170534,16.8232629721176,16.3842379001723,19.4847600349399,18.0163730569167,13.4091053838026
"SPW","2008",10.1444935656994,9.89905884398364,10.7918414957334,10.8328067348247,7.17817959844498,2.1183647219644,4.00406452498321,3.80815099706622,4.79677743683822,5.83806075836705,6.58997547052253,8.1414122631334,6.37840723831775,6.5296621091474,5.40941857472315,5.70985121724093,5.90334992163906,6.13303298906816,7.37396752778703,9.73324649523079,11.0806395611871,11.1424578580803,10.2220912347937,9.8544751791637,11.670060099286,13.9072106647297,14.3441890936293,10.732261879659,8.12422812344584,7.85468439051514,10.0319862272213,9.78162340888036,11.5136670996502,15.8497680983433,16.3844269254085,14.3561160754318,16.4456159682334,16.6595743732629,17.5853334760913,18.0620301689886,17.5678532852471,16.3198845994274,14.6097322712425,14.0596884175838,11.3930023976852,10.5078713393226,10.886280845676,9.91191634763994,7.54472375576947,8.18728567533361,10.5814414423793,12.8666984629668,14.2511727749047,15.1684169342879,12.7451444931294,11.5639490143272,13.2269500368792,14.4536183989242,14.8347731167723,14.7490819755191,15.6487107126029,13.6773016734469,14.1913395484075,13.9110110614194,15.122872188842,13.8419332355546,13.8239787328841,13.6407472788256,17.8362023252156,17.396256168337,16.7227597671193,14.1137245427744,12.4673429935825,11.2147244217519,12.4293186558708,11.9391045539468,11.7758352603918,14.2252015159,13.8675334588237,16.0740378387759,14.2071104549778,14.9683153509436,16.7025215226546,15.0953672420554,14.5946782678048,16.510218425644,14.8941667394247,15.9880161523855,18.6983726326149,15.5417003974308,15.0512476777652
"SPW","2009",8.48530344930325,9.39048642766655,8.46991875987659,10.323086048098,8.15004964071635,11.0572213047479,10.5675396445735,11.1971425329474,9.48810813320261,11.6951835465283,9.63349148979143,9.65674551160465,11.7857465665642,10.7720732635732,13.8098360961216,11.4461559816394,9.49232441294782,9.33186014454234,9.782952035124,10.365188769235,10.5241973992337,11.0567074947338,11.8830006206295,12.3968080515917,11.468896672798,9.28338220719503,7.09626341890474,7.24460400002704,8.79487290586516,11.146620759231,13.2128336999646,11.7547900675075,10.7914162951527,7.74978184032303,14.0205217680819,14.3750529933597,12.1838412566886,11.2167782641802,10.3552077354953,10.5347274766242,10.4655734554677,10.8085175776661,11.3944157448561,13.4319736667308,13.042904674832,10.7613250424272,10.2748964382544,12.0474965735226,12.3231679441532,12.2576827201448,12.4582101791686,11.8222167961014,13.4346250037792,14.6877636498258,15.7023505605294,13.1049668834999,12.6250697590503,15.9679751556661,15.9102964974007,14.5241023882805,16.0902542091643,16.781421925157,15.9148676321515,13.3650177504939,10.3160358384081,10.6072432152591,11.3905909659108,11.4224234870018,11.4456644115831,12.3605944146411,13.0510443654037,14.2071540181631,11.9804623822638,17.7743208671415,16.6355128227753,16.3382595462832,15.3253157558178,15.4551970733025,13.5101979128644,13.8726586429869,13.7989275563802,14.9494297705455,15.5164414413388,17.2027922471463,15.6866938732341,18.4344919179254,17.9967736823213,18.7971960306652,18.7887833214806,21.4076729704345,21.328120643781
"SPW","2010",4.99604479294727,6.41710294661976,7.28817471701713,7.25635673684951,7.36414727116274,10.738302627741,8.35687803597291,8.75110312274222,9.76089161917594,10.0049760734368,8.87302863647652,8.85154159017808,8.26540402833723,8.80457844501001,8.17709926628505,8.471494271103,7.88352491281848,8.92189185092335,9.48526651727126,7.76205921273274,5.86074309963246,6.27473820195645,7.94073632129434,10.3411824325624,12.9536397225663,12.3082517395307,11.7523745563706,13.4905264829429,13.3716376827845,10.8322348749681,12.1993975404156,7.81325891346929,7.2598872282754,6.30867422972386,8.1032052267339,10.3716484185439,8.36790266609859,7.48841063287365,8.52930295462264,7.02307971530362,5.32688399606048,5.00140423008095,5.98872896906054,8.44829457758986,10.9582723147018,9.24203720746328,9.89712628861361,10.2770996408247,12.444624171379,15.4061775137427,17.1230847801374,15.5511274736192,17.2052231413341,18.6996907429005,13.907036962413,11.5165482789467,11.7859876390621,11.4282802405306,11.6309913217818,14.3703442749863,12.5090644225798,11.0627645919138,14.0872914703471,13.8688929239693,16.0026873541325,17.7695814227972,17.5600979860792,15.1652179370128,14.8459550748532,15.3024316391681,15.375884590477,15.2102643856067,13.1744988359444,14.7223845950288,13.9186889853702,11.8384685679689,12.4388152183804,13.5323556356875,13.1276183839912,10.4928786252436,12.7301357941991,16.3410904089533,18.4922509376755,18.2103504198061,17.551667729541,18.3973228407967,19.668987195295,19.6265424309434,19.687635405573,20.4843674384176,19.6811414394899
"SPW","2011",13.0305476947574,14.2184873054457,8.75834211921213,8.15812308869535,12.0002229062877,15.9792805073078,12.8161333934752,12.5440816460463,11.36971684793,10.9877792501236,11.426442687053,8.6913931853237,6.29936331916345,9.65434690913164,11.5811058085609,11.9528055059016,11.903366192656,10.8247870560331,14.19418260346,14.7353103279436,15.228426573161,15.416126947172,16.896618517155,14.9043183492319,13.2920140464354,10.9191252200738,11.1682209310027,9.78693821242065,13.5266091656384,14.3120124805858,13.5224483768605,10.926917187842,8.58625784290563,7.94230312130512,12.36898606096,15.2516942179541,17.3591015320981,16.743656472587,13.8563349449146,13.4545274360665,11.6822680942461,11.3616045882139,10.560117392602,10.2526378693574,10.3459422339962,14.5191391750113,13.9836341321575,15.2214682240868,11.380076866086,12.9665220015516,12.7279985822242,13.7678174568937,13.1878607452349,12.4862225078316,11.6960656767578,12.4103574296891,12.2737202600048,12.1451201798053,15.1685868486612,15.5813895933198,11.5104481510607,12.2970985486173,15.5730462173894,17.0641666686584,17.592709467332,14.5754135843025,11.958109732618,13.1748213649084,12.2549525936896,12.4330037651671,10.309231194997,12.3620359868136,10.2110953025326,15.6266281456252,14.4184109401119,16.537439959734,14.8074752687059,11.6084012699032,13.9142022291528,13.9772278302736,13.3315103529839,17.3443025328993,14.5544412264862,14.1763632276401,13.1636206673592,16.4736405351788,21.0712666160694,23.7920140843027,17.3116790490819,14.19672319234,13.176481160224
"SPW","2012",5.71196674037887,7.19961358808272,8.18012001230428,6.49199466816734,6.70179226942734,3.63938647703919,7.62124765828152,8.01969332961249,9.02773511773022,8.48384527208181,7.01006601716791,6.7797563140935,6.80303063037734,6.60251546489138,4.81309912106251,4.03240152404307,8.58641961488765,7.03782373897226,8.18540393841257,8.19920298623621,7.00205172084148,8.56638526934951,7.45974637878227,8.85254479732735,7.69375066623573,9.72390603890842,10.6871086694193,7.66446030620495,9.42964563554983,11.7394418043941,12.714127403574,10.7340835703967,7.46043978558405,7.27135605152329,6.66375069086561,6.86442790165956,7.49227364353673,13.2510436338478,12.4999596977179,14.3176928597972,12.4649354019425,8.67246173362059,9.05370296653094,9.18228987591502,7.45940971160716,7.71461267520834,9.91224166843039,12.0397801182195,12.7387879178737,9.38212839266163,11.7768731355653,16.3343713006389,16.811362769611,18.3743574456269,18.063221610184,18.3614999841517,17.9769866356619,17.478278819317,16.1358177914879,17.0039930893984,15.2169344050622,15.9236494180354,13.6343869700637,10.2957534707763,10.0784414580659,9.8022646197836,14.7281316913092,14.3208055260992,13.0511333238062,13.4527234540756,11.6206844938569,11.4779119401521,11.9618406794475,10.5911326658924,11.5966784400078,14.6085891986665,14.2704840816267,15.1919656426952,14.5558769324436,14.0936516373253,14.7161867242479,15.4092966960804,13.7498669212065,14.036117311858,14.8118521209526,15.3811436060129,16.5616035028537,19.9958412288608,21.1174789622636,16.2928599078023,17.2425678257124
"SPW","2013",2.12199684175001,2.68506415293443,2.09348095946082,1.4341295043573,3.98431187633136,4.21547463099161,2.97588800103664,5.45020859859233,5.32811821077174,6.54730555025848,6.52584543404849,8.22653871138119,9.03995862078251,13.8536345017629,12.9480356865984,12.6015097354146,12.5759843854358,11.3893681494904,8.99863980934166,6.17991516224054,6.42562495163429,8.92972158798241,13.9583337410871,12.9599185885022,15.7734371763968,8.89530036881833,6.31550324768267,5.23893342763608,9.9625233807492,7.66084510421293,7.82338009353389,9.16750911398772,10.0409054593256,11.9513585255966,11.1781771033175,14.1353191942274,13.0440277614075,13.3597676493281,9.80354175870283,12.841788984921,9.6238484944246,9.6131676039623,11.8153660974097,8.10866729892186,9.26097003674145,8.57320913044729,8.07757100508918,11.1752041010886,11.6001472667758,12.8032399040708,12.1783792904948,11.0707636556457,7.49222743345659,6.93704205069211,9.44144329469013,11.0234677821601,10.4458098393678,10.4990917836277,9.79161631924742,11.2764824540438,15.1726124744519,12.8861073415447,11.9043846932206,11.134634647034,11.9072654762319,12.9504103229498,13.4481790698302,13.5824458440428,11.5955649855387,12.0994412485075,11.2814376504336,11.9568701403781,15.2785231785834,14.9545216682339,12.7871977260353,13.173634878154,13.5333334717468,14.5288371645023,15.7846709700759,19.2003232177727,17.4386730203058,16.4987807069025,14.1084726335704,14.6395335066628,13.0765409744081,12.7340042526704,13.9457347619067,13.8061687648466,15.5750427063415,15.7882418183376,18.5713665619116
"SPW","2014",11.4454906860212,12.5569755811429,13.4884110884905,11.9303404203876,9.99767771863779,13.0130277992512,12.9273160085777,8.83725078390711,9.7855177992509,9.82078005388026,11.8925238572814,8.82596114836231,10.1784402036402,10.1455562188055,7.02064808111926,8.04886720702352,9.88972969436823,7.56693094873301,7.21368083852017,9.73610496515003,11.762500099939,12.1900459438283,11.7064713735481,12.6697566960187,9.99580721338565,11.0518425707812,10.601847461073,12.323795914731,10.8055169678794,11.9635993219629,10.6877662666379,9.37205094617079,6.35619384034555,9.55311549642126,11.0272439519969,14.2514102722737,12.7433541902296,12.2161750246208,13.2301568687108,13.3972314364431,10.9927857630911,12.0735313236883,10.3991264188401,11.4154318441018,12.4874455016457,14.0927441602283,15.9849019661525,16.7010368646709,17.0439617505029,16.3457351002316,13.1883337804072,14.2465062657861,13.4720346507338,12.4109497499674,12.9814267576719,10.3835821152568,11.2840004286329,11.9739523696576,14.9808850319734,13.2203482137309,12.0702695345287,14.8909766523177,15.7110718965266,15.4664112893407,12.5868333722073,12.7082777511872,13.8273256086719,17.2979222135338,17.2752268468089,18.7350805233178,17.024607790587,15.4500942967646,16.7480904839006,17.3513227272282,17.0789340114888,14.5605512952739,13.5102095151736,15.2966572548251,16.2639866630798,13.8839351179144,15.2123377870807,16.3309605706235,16.7404586381825,18.5239845639232,17.0931496123708,14.1219433126403,14.3925698331109,16.6754451357042,14.2854498642151,14.0548097387149,14.2838528253312
"SPW","2015",6.768138300007,7.79494836582215,8.28492463196276,7.51392852230236,8.12571743592556,8.21052302516834,8.77864390509143,10.3373718222335,10.3437076411868,11.8693832860441,10.6844126991188,9.31916624883752,8.72547572322815,13.1033339470429,14.7870347261675,11.055910097535,9.26132323943493,8.36608768504921,6.86443503896016,9.43262256270253,9.78672887837495,8.92221328478061,10.5866920061229,10.4320037390351,14.0865078899165,8.23686424126337,6.32253013445027,7.3746739896257,9.15940319923477,8.4166262670333,7.58898078402462,8.03393550342248,13.7454233295642,13.7837085997294,13.4216419085646,10.6507262922237,11.7776074495004,10.7754507691749,13.1866301744551,12.0657458402267,15.547675467421,12.7436644851528,10.7509515367014,7.80769708125209,10.4841245716557,12.9618803849863,10.3151852600009,10.9999108875326,9.39079949974315,9.05563424559232,11.1001439261933,13.1833116218371,13.619935327385,13.405166648871,10.485092205336,12.3080607727655,11.5574384055817,13.3252352028064,10.5328464425247,10.7260381706337,12.9825477470714,10.3612504119472,14.2407596158786,14.3514611322555,13.5965535534803,17.3680987732267,12.3864860861488,11.9889922395106,11.6241555880865,9.39664347128307,12.1792705030573,14.6996271421517,16.9078460308663,14.8709282112623,13.715086216609,13.6211099920995,14.7742820077557,16.9819842237862,15.5531621217408,13.5620198919058,13.9815528983058,16.2689131608778,13.9859302821624,14.6147598341528,16.3806559482385,17.0487972160473,18.7497580948883,17.2592716482753,16.6376535080127,17.6700184043606,20.0384668896975
"SPW","2016",6.27054748029026,10.7289852834428,10.6588786087435,10.5120758489684,9.70730819990509,8.29467931294762,7.41431902918417,7.7937138282312,8.59412145652256,5.75308081227909,10.4488657428106,11.1200431850205,9.42822968490726,11.1929878551765,9.30601731812508,5.58767289887149,5.30563241545244,6.70491014238449,10.5059728584699,7.70326224779526,9.31421700942105,8.31456129888699,5.89669191991189,5.11442331064488,7.30296002371646,4.82094128713289,5.2354447821938,4.78274326556945,6.90581470028133,6.27168715142257,7.73093906755098,13.1240168677291,8.88400807252155,9.97493006824813,11.7986860547875,13.5472269222386,16.5430751800969,17.9878456921022,17.9175439884268,15.0867203151808,16.0555379221342,16.4748819770562,12.227354014073,9.21547781664589,8.78425100911401,11.1859741542918,11.3221155553624,12.1462098324844,13.1603463930759,15.122455211247,14.5795390761717,13.784511719157,13.0474670376733,10.5527014365458,9.69077504506085,13.1478361823181,13.442692972851,13.5698350906354,12.5352742700217,13.1032770595392,10.5736549245311,10.7689791901672,10.133067045615,10.3900345220701,13.6546770226251,15.8963708811575,15.9655861026441,16.5784601603442,18.6947524163812,15.9388507245883,17.0053242442512,17.1535025380433,16.2154606042701,15.4011928683054,15.3797786537316,15.1100299095804,15.0451064867385,14.8703250753154,14.0284117119215,15.1758682179802,18.1123895076171,16.5125143618533,17.3435375807374,18.605389263601,16.3100311377983,14.2992086338852,15.4525712082357,16.6769097743756,14.1499317972737,13.3125988986249,16.3304647443602
"SPW","2017",11.4362309369234,9.63095586284346,10.2210140726234,11.226036805845,8.33310655656735,9.30379839472286,8.7212766610557,10.9465498382113,14.9802438360679,9.46516627388168,9.00763412845462,10.1052114348018,8.17187203950245,9.95249921132473,10.7851124529477,9.03081832910502,8.72057765962445,6.93393731526809,6.57311101845887,9.13837745423524,10.5271413821343,11.0974865368552,10.1632370135613,8.35064676133486,4.56461137799508,5.11694814996838,4.23776365385874,9.14790986403807,8.87515252619436,12.1832673946031,10.9085632779067,10.3205157480631,8.45947675554497,10.8900819062317,10.6059563697877,10.7339064863102,11.6649829047371,8.65017458648246,8.76239813974968,9.11779513841494,12.5068279897495,14.5474664393161,13.923740713712,14.6150108191974,13.2259167241618,17.6742123998571,15.7231854504819,12.2377657040442,11.5273195423216,10.6917109534347,13.3508810585768,16.0236429138401,15.3507376607065,17.5510288971165,18.2612584960768,17.9937771002728,18.4660463385873,16.6989318265242,16.6310003308309,16.4660058506853,16.2295507981715,17.3118150222213,17.3577632604624,16.6716142304009,13.1510580839259,13.6307732630816,12.7070746867385,14.2007867697513,14.4411981879153,15.6391156282471,17.6020303158244,18.6758595542326,15.089520841328,15.5819018018075,17.9039012804863,17.4460128114457,16.7989079232202,21.0228298524062,22.58233442163,23.094506636229,22.1579358876989,22.1280548530652,19.8560560516285,16.8029000557381,19.5360315116349,17.8655554474705,15.793637153764,15.9616309479196,14.2112649321304,13.9934251717174,15.6534719844793
"SPW","2018",5.32848377046144,6.76168150254421,10.6835572374702,8.91672555239299,7.32551207817422,9.36327923292489,11.6229346770481,9.26911602331828,7.81215738200367,9.97972865291,7.13270130852366,7.01560766169925,8.96569218943273,12.0542309397811,11.1575808239603,10.9568400760012,13.5809360398617,17.0980585383593,18.3131907600756,17.1140437391303,15.7413184571033,17.1468863571582,10.7002814245256,12.9497629808591,10.6074106198411,9.99556750336586,7.60440496675482,7.2410478722793,6.08498054454154,7.22705727293502,7.79291010872071,10.3940448944615,9.14033157730298,13.4675836284561,13.8421981319711,14.7779322073202,17.5500397193734,16.9299566698546,13.4389066914776,12.4061202432431,10.6213633687175,11.4846034728903,12.0562376873132,12.3408985617744,14.4607713870216,11.2304326685055,9.95212986398257,9.48234851003223,12.1339685648429,13.1775800638707,13.998229197904,14.7694740274842,13.2629598772152,15.2956010928867,14.2547804851766,18.2664540114655,19.3146668772134,18.256635270513,14.0453000348576,15.0583520350732,17.6636170768789,18.9651141294767,18.8564073818987,17.9646522883175,14.8420313597914,13.5525701278303,13.7709862154573,14.8756273127775,16.0263009755362,14.9010258534033,16.4764141065897,16.1500749191114,13.7514549113746,13.9644717243209,17.4718180210296,15.0759436926551,15.4574644781167,14.8840883955484,18.9132382455893,19.9028909399909,19.2650990411391,13.8819201069551,14.0168662553914,14.9307162786325,16.6053258713204,19.2296355817461,18.9590328427232,17.8487247512657,18.2698863434378,18.9340869247411,19.2805585756854
"SPW","2019",7.16383988983153,4.73931787287066,4.48322866757108,4.5759783836601,8.86921612429228,6.81209422230108,8.09463069980625,9.7903807358092,9.01974807652534,7.17843034419004,5.21824122835012,4.44939609549264,4.09248454942812,4.00097501702402,7.34516523958514,10.1911328990005,10.9811078416351,13.1911434362425,14.2749412345723,14.0120476426524,13.7281609261338,14.1934139610705,14.596574526686,13.3493959888642,11.5160329219264,10.2935638010328,8.87265666020792,9.40122366383656,8.36123338987444,9.9300088512361,10.602917833175,11.6299291965,9.50745419430835,6.60043656859702,6.18564318475313,7.58745621676407,9.45697802534256,10.521004041102,9.93050316758425,10.4638485208053,10.2947689233442,9.38502468703001,9.4845319779265,10.8012386375676,11.4375349628925,10.9229716629216,10.2591615355836,12.7289706568916,11.667810393377,14.4194177575892,13.216160444149,13.5307609224201,14.6282362977535,14.5468413524755,16.1290554941214,16.8973606686838,12.4147415316946,11.837306003942,12.6965434563227,16.8387466242281,15.7237820631426,17.6599901921237,19.950910692901,14.6521176496009,12.614081279494,13.7987456038566,12.9642322422204,12.3689016987619,13.8028900082971,12.5941734135791,11.1889335435138,11.5686973003581,11.8545369530274,12.5536008357441,14.7488920759012,14.0729079693723,14.010410908909,15.7723143508588,14.133460134726,15.8191726430012,15.3371459384937,14.1516487977267,15.5891434233687,16.6426332163546,19.9895628909536,18.6585987181193,15.9975956885764,16.5686197594373,17.6452170353268,21.9717900555984,18.3219789998383
"SPW","2020",3.28591646706399,7.81894284252895,9.01371970523522,8.83462743924227,12.6081840595044,13.787382917266,10.6744769192315,13.9095901686424,14.2848503864855,14.0267094058984,15.133407480553,15.1676177511195,8.22731558484004,7.42937370820055,8.80919063178991,10.824703020099,11.1022714548083,9.22900425133455,10.7514705439,10.5897638199658,11.7595150873421,12.6814661545176,13.6282643373667,12.4960161194001,10.3284422569724,11.0007482917521,11.0451755228121,7.97229781191482,9.36797496227327,8.63827523426558,9.77383860419645,10.7371493684117,10.008711835839,11.6423338394276,9.88807623261288,9.86316213804823,12.6213285551309,15.723008351514,15.7783833514988,11.7880021873174,7.46961781671198,6.66977884690175,7.72501173244368,6.98538128191864,8.9595748392799,10.5023305561836,12.0803477379131,15.7278513562627,17.5882730835503,18.6390296604293,18.2043793210693,18.3116956336985,13.7344920019668,15.3916615907023,16.1922809820937,17.1063867467698,16.966523389086,14.8788148626122,15.0822656915138,15.4697940041035,16.3991958731657,16.7284554289821,16.2199383087403,14.5972817473025,12.0753803546935,12.260203922382,10.136251213606,11.229437681495,11.8644606308659,12.0783302920196,13.084716957354,14.4674961661026,16.2738021184072,18.0284713527314,16.9585381369169,17.0843581003652,17.7236471539415,16.6524913929903,15.8961922030307,15.6088997057449,16.2991668106074,17.386208381053,15.6218110459086,19.2368145325715,21.8470734533895,23.1185074725947,22.7195925483212,17.1644317597303,15.351800086268,14.9062706449834,15.3589972889174
"SPW","2021",9.55889345234337,6.66041072733255,6.04040501837375,7.7450861146823,4.57565731563508,2.54326003722329,1.92977293883559,6.96618400792193,8.12540139093964,5.4559827525969,3.6233427964753,3.61531945158659,5.15525383471828,6.01995813717891,4.24632868234698,4.82318409564719,5.37945200671802,6.68929030469613,8.39477246254703,8.98036643417922,8.48843404728055,6.78144543714176,7.51628697816956,8.75326490135954,7.68939020343224,7.62973448008198,7.23150897995195,8.66038805740407,6.14879757219589,6.23398838439658,6.32127731987744,7.13061889131446,8.38476726876237,9.61272256271212,7.06330663062725,5.86437562568704,7.82647958283108,10.7620434521095,14.5000727706563,12.872754924275,11.1328344413173,11.7476605473596,11.2813646170273,9.2501793068139,10.269424477255,10.4983399511016,11.8184342791518,10.2056811925592,12.2274004641124,8.98500509332372,10.7350429274287,10.7809276469293,8.17700888264103,9.67685467894765,10.6967028597095,10.0315130452599,12.3670191069083,13.5708256280598,15.4145741948399,13.2405444093208,14.5831538489329,16.7193363013441,18.4644360319816,18.9694617136061,14.0346736851924,16.3789777394547,16.3364789913329,18.1279525880436,17.0786242043968,17.5072247011183,18.5965012520086,19.590516730871,17.3476205176614,18.5687182224173,19.8184536565236,18.3170730156338,19.8457924093437,18.1494841475886,13.1433034212025,13.0351181054434,13.7395182484278,11.6525914969104,13.0204589308452,12.7715845399102,13.4024471782955,16.1917557322052,16.8357061466922,16.8544144238878,15.7456439242748,15.0706833490632,13.8591058465801
"SPW","2022",3.9106727789134,3.31205470395745,3.07930591160088,8.74935513682663,10.3485879372321,10.7881455826255,9.187742203129,5.41158786710018,5.36944737894497,5.7271502621823,9.83045487537308,13.3436539408173,13.1814734556139,11.3828528383209,13.8806256748478,12.2128124370296,11.619958555546,10.971889374681,10.0923958113681,11.7063381195759,11.1742890765171,11.1518120720115,11.7748022819409,11.7679653128034,9.2880746483293,8.32444809445055,7.07596110046929,8.74873653669162,7.78228917073764,8.6836926405555,10.8924476159402,11.4968830050232,11.4804884301592,12.8573692378011,12.1164635796891,14.1389847756481,14.8377400582543,13.0592430096781,12.5431002579341,16.1971964283868,12.9925313439942,11.4339019489557,14.2384100513494,13.9351546701575,14.6880192972231,16.4207770448374,17.0888642417357,16.0148488222153,16.2496992010566,14.0467647408472,13.9954755136005,14.7818111877544,13.763911706319,13.0175960413038,12.945452912178,14.3703174995572,14.9010207576087,11.9636099211679,10.1879817775754,9.04645314696423,11.0804740574966,11.6272386320098,12.8140234418449,15.2509132484889,14.725744040077,11.6242232982711,13.7213572392897,15.8541954590401,17.1523663411295,14.6122754922953,18.2510042618127,16.141537981946,15.2239772959036,13.7760830731815,15.7042191540083,17.4564990053444,18.6471109490168,22.8615642094252,17.9649347078528,13.5033255981582,14.5918414860651,15.8693543474798,17.435899075822,17.0947406547018,17.4591355380572,15.7878317148188,15.467597252154,14.279670564382,14.5889339004013,17.0210608041898,15.4314101869228
"SPW","2023",8.22385922549453,7.94345553280152,5.5237300032318,5.75045017397169,7.09558880412214,10.6487131165542,8.62616248042804,7.60846381727907,10.3234110996202,11.7605330346472,8.84475313006934,7.18084833607273,8.41428310308344,6.34707660532585,10.105602557282,9.9924905406201,11.903002798365,9.19130062596596,10.5246823535531,8.8737578192621,8.37493262577913,7.86107955585962,10.3292600560958,8.28973247376132,5.39347495814323,6.58941289618223,8.55236462573419,12.0652928418931,10.906311171199,11.1105616176784,12.7964891769489,10.7869355406893,8.41982865247013,11.7293840314994,14.59412070845,11.6620833999145,15.773980467462,11.6742758314288,14.9504083002796,12.5719968076634,13.1507716859002,10.1923103994481,10.1624883064608,13.4490438527303,11.8688826999303,10.3436218432637,11.2042311889125,12.8311101108618,12.2752357574345,12.394808029997,12.1379449026874,13.8888162051198,12.2619790439959,13.2539138618111,12.7597763007167,12.2680509482389,12.6343781014947,13.5226903322067,11.3547615872952,11.23947906707,12.5689692965445,13.1757650343786,13.2533764229641,13.501111652514,14.0969612080839,11.9232318820271,12.5611063992332,14.7678351949901,14.6490475085815,16.8880519600045,20.3564276711976,21.4682693744847,21.4914574283826,19.5845918658497,17.7066908817845,18.5203362186828,18.3455585795968,17.0916978237008,20.2532595453394,18.8225271506712,18.5737049566768,19.0070087402289,19.863623576199,19.4846496359078,20.7692878286129,22.2205929335527,17.4156157576852,16.5076642751975,20.6183403102718,17.7726804685771,14.1116299290024
"TRESWELL","2011",12.7805331337904,13.5709120897734,9.12704634790143,7.11069865418371,12.1767467455659,16.1720264399005,12.9505319216147,13.339682988674,11.6746668608701,10.3608961119587,12.2916411944285,8.6024527331764,6.61312394710646,9.15192442957242,11.1103025726529,12.9275710012404,11.6084313797644,12.3196615305935,11.6331715041277,11.8701814486802,13.2050650309984,14.1301008031715,16.1154614855461,13.7211015618712,12.3829750398583,9.62632528545775,10.2130429103422,8.55286682783349,11.5423032049414,11.1811696976066,11.2796170796628,9.12882559456934,8.22153514472112,8.17842956851289,11.7940121624466,14.8351776734355,16.2506382934759,16.8367742081151,13.9543012026257,13.2757565316417,12.8440814346019,11.2489719901654,10.6850031464287,9.18490355472289,9.61101163600913,13.1692402964683,14.478434942893,14.2100912814836,10.8023015333171,12.5241581272541,12.4979397026099,12.62938473972,12.2937253272395,11.3888247247124,11.0503128453648,12.5658386632514,12.1136225606153,12.9692115331482,14.6490677896858,11.9668723374337,11.1498927037384,12.6453560101599,16.7266941942051,15.7894683571591,15.012047957628,12.9939309589025,13.3403587776239,12.5308483746411,11.6132259830658,12.8556769247026,10.9651893551836,10.8914368511876,10.8136421364546,15.0936634244416,14.3804167281909,16.534689502725,14.3140482432011,12.4226128339287,14.6604810343692,14.4911068624236,14.4692880010365,17.5207248811323,15.9250595326867,13.4771986843662,12.8728892917563,15.9011231656115,21.0180972320974,23.5195483470253,15.4674641891306,14.2248726140348,12.8487809402108
"TRESWELL","2012",6.5734774601023,7.31472565212508,7.82117844927768,3.87870256034853,4.72182992117753,4.29684123487184,7.48277272498102,9.47764245385534,8.8374327963461,7.75207112376818,7.10380073760308,7.59837969985088,6.47284911484549,4.41544157158931,4.31667571017027,5.07148424586421,7.90060320246449,5.4306853552022,7.69452907547732,7.90480968282371,8.19757837434854,8.58025694502462,6.96717133666801,8.09982938587773,7.19458429927345,9.72593238372442,7.56699271322078,6.84972712242062,8.51046213361616,10.6686394977038,9.66572136512634,11.1441869136657,7.44704367623847,6.92783217391042,4.40891654973938,4.74060497192784,6.49633801799437,11.9080359224702,11.9618405353916,14.9402480595754,10.603022578334,8.88622018774762,9.64644134494005,11.2827624561478,7.57848914197628,7.46735738416979,7.84325705952272,10.162724961823,8.39737247137553,8.66424022836424,11.647590353937,15.7978833270188,16.151610792255,17.4851628725957,15.4930415027504,15.8122573947675,15.5558624913969,16.7861197678608,15.7502940849622,16.6853932763863,14.5717995076757,12.5048947393402,12.2880734277794,9.93076356715895,10.3219876821293,11.1466186127945,14.8749103310504,13.0391572504901,13.0327704683425,12.8130978984801,12.7827756835618,11.2016171019449,10.9381153052474,10.5975354510466,13.0223502100279,13.7842065827218,13.1785577336195,13.8062831936237,13.7798065287143,14.6214356251539,15.1070406384455,15.042148494815,12.7171627238221,14.3680104328035,14.0220109756357,14.0875629197153,15.0245650027085,19.479771733478,19.8870279283689,16.5937839206511,16.4798052933017
"TRESWELL","2013",2.06878354350858,2.40626754356205,2.6564531255632,2.84345181745662,3.50409693411449,5.01601824627516,4.36979922965978,4.00982349754644,5.10262547227716,6.59754584669802,4.75250411728702,6.78215869425337,8.7000069255023,14.1427020285661,13.6953078509664,13.2792257529095,11.2313491387002,11.646801744089,8.41909014125152,7.8457395686203,7.18893672301,8.08720278232037,12.6242122940125,12.586325011514,12.5931488479476,8.155494491668,6.12864639093354,7.41760189693382,8.36102950480359,7.62104204368432,8.22486888961943,9.51822666478738,10.0182131887538,12.4713789686233,12.2273165172082,13.0784197128772,14.3370380383344,13.6763045302243,9.89561966184174,12.3080083917276,8.7364463780366,8.97960921522725,9.76344109292678,7.88078856908011,8.89952251089456,8.3575401969187,9.42942417763104,9.9211439821082,12.5746480822246,14.1235859652429,11.6915516479931,11.6346648104426,6.96151207893781,7.92077832984866,9.86521957086931,11.86031211244,11.4299524879132,11.2514373122971,9.96488660697276,11.9698317462306,15.1839908455374,13.1665646750184,12.2079564796533,12.8892621512591,11.889473604953,11.7941178355381,13.3965443725546,12.0951055884131,10.895016575955,12.6925623963568,11.3541337816632,12.8548470870294,16.6141284758315,15.7897987471294,13.314663263544,13.1978586078631,14.5293384242459,14.5013115878178,15.0662161737681,18.4559253358142,15.8023289451341,16.4096271739669,14.4658535791848,14.095206401116,13.9915184194619,13.2986503525691,15.2741886859446,13.9829587633492,14.8386524705772,14.9124263240231,17.2502002808307
"TRESWELL","2014",10.9520315486821,7.40212275446605,7.93782977902148,10.5372887857489,10.3751727590711,13.4245595331451,12.8164281679971,8.50556422606203,9.89094565062491,9.5586192890369,10.0004149884586,8.67793861573248,9.1381717727839,10.0504630754467,7.57493418042338,8.693650101838,9.27715104518172,6.91019392594044,6.71414255729937,8.23794990463454,12.233235143711,11.5150178100625,12.3407443622001,11.90818074778,8.61582045708692,11.396230618445,10.6668584370777,12.3365708661578,12.2693758492908,11.9345739344486,9.25396902553633,8.89261403506245,7.06851580853792,11.4603391667655,11.8094669104394,13.472856695611,11.8630755734597,11.6013416527056,11.902482844347,12.0115186007441,11.7909781347121,11.198059241826,10.3202700172596,11.5855341665994,12.9053123327489,15.6096574499926,15.8782588389407,15.8459366720704,15.8476712730619,15.3007090167939,14.2487113210945,11.7466005138593,13.4273454751188,12.1261403688895,12.4113550439328,10.2915116106867,11.7728770594586,10.5542354222706,11.5425177369152,12.3293667057848,13.1738054466485,14.354537192475,16.0576659300019,15.349655229842,12.8149327597887,13.4447572279843,13.113992231133,14.9525435036173,16.4880723620626,16.1202651547223,17.7653454366448,15.732311603458,16.5233947832919,16.7755936528392,17.1732538139653,14.4225353960852,13.4034066088564,13.9838965013337,17.5091949901504,15.6556836699574,17.3786074841964,15.3694329670332,17.3523208094596,17.9627621918657,16.9326597664982,14.053342284544,14.0858648445088,13.1990757488647,12.5470208986993,12.3172756367406,14.2609968865061
"TRESWELL","2015",6.13309508531058,6.88461772063831,7.49982344393553,8.14785404606896,9.54169977899746,9.09241576376037,10.0547416336708,9.44833981042491,10.5271911035587,11.6405082459055,8.95511495688988,9.33717602849374,7.10444219044526,13.1676510247632,10.7281668748643,8.94360020274108,9.13912232955672,7.07003733666927,7.79342672890874,7.94714926027527,9.72406451070452,9.63959128705027,9.76080828434925,12.1557088818271,13.0725878517094,7.89886872356261,5.82177986472997,6.81630616563734,8.20806715669023,8.10770295031611,5.54737237508635,6.21305249427431,13.1206115833019,12.8347612880732,12.8765854858817,9.48510319987487,9.31068933653686,9.66090688347821,11.2599564188951,11.8227452171615,15.4859629726382,13.0485664052602,10.4826580461023,7.34108931223984,10.5955726387767,11.4779479881546,9.9580354390018,10.0447052507182,8.8105535245234,9.68357703594214,11.0990140562472,15.0986426478959,12.6960701898766,12.4705150862234,11.237151054457,12.6093060974335,10.6642415284229,11.6463527305928,10.1268414856699,10.1285333142371,11.6323659336781,9.36837537715364,14.2406438382245,12.8770822081843,14.2618148313242,16.7988299290357,12.1593263297739,12.3631449981911,11.2271541695225,9.48049120145829,10.7473651543689,12.9660893772294,13.700147611306,13.0708352625297,12.3424039364221,12.2841148675189,16.0019854594936,16.7464127603221,12.7716680786805,12.9045738042215,15.6067493694972,14.6282899843136,12.7625698161633,13.5467520283095,15.5398023268526,16.8261135930561,17.5337747860693,16.7805113191143,17.7502287641392,17.1103543715061,20.5002055015329
"TRESWELL","2016",6.0871258656749,10.0210676064171,9.50206484740812,10.2128143819736,8.65401412990208,7.27274401959529,6.9781005091905,7.94245107461868,8.36127612875668,5.78590912695817,9.71748337828114,9.23524762522392,9.26414725789681,8.30301655745582,6.87386520181557,4.41057521308371,5.83253762425517,7.99729361205455,7.96630351980619,7.70493719922868,8.39650909979243,7.9251935176878,5.7635530945725,5.34829396428182,7.7120070411377,5.13791062687615,4.87406605308577,3.52984367540598,4.79068250090338,5.82044679877925,7.77364454142811,12.3999325138368,8.64396604933855,10.1066913825641,12.1874587208484,12.4608080847074,12.89890538751,15.7274579875999,15.6431301314881,12.4561760067988,13.5017885876684,13.6420037516164,10.7695135715768,8.23542340006705,8.15225502569659,10.1013353703059,11.2556463894774,12.5604542607596,12.5301132123101,14.307018243308,14.6083707232097,13.4362361748617,12.2855122267513,10.6967055024167,9.46080492060151,11.5569925187224,11.4616974705444,11.7554654227239,12.2371987972159,13.0505487848085,10.491714863091,11.0404449536123,10.2442853647336,11.5608217779452,15.2710183705203,14.4443870116907,14.7343939389028,16.6501737115306,16.6723792677867,15.2864414871794,16.4437126198642,15.478887389388,15.5871212808088,14.8912427609338,14.3595035230788,14.6419657423887,14.8114837677498,13.962467302664,13.7068987365643,13.7165127088674,17.7118788248321,16.1708193918808,16.8506967013926,17.7296843364278,15.8071715702549,14.6341953059331,15.6727426210864,15.5878924818326,13.6019173932,13.4512689395514,14.4580239664724
"TRESWELL","2018",3.88818842074768,6.12406580375979,9.01850775308971,8.61119967026487,6.35208959277046,7.9699464081517,9.87748777653525,8.641742923684,8.49256048350504,7.03777334465901,5.87784067847475,5.71322220672514,7.64372720221263,10.8868714665676,9.85786062269597,11.4428632184119,12.77480323887,16.8889625257278,17.7952465597389,14.8293516493937,13.6000364275658,15.9549793060641,11.5244509235128,10.7316501085934,9.52073032282861,9.48888424307099,6.10028596404706,6.5701412676476,7.06045356775973,6.97671177505244,7.32945798147148,10.2896422717766,9.45442670701008,12.1329138079343,14.6651584244906,15.2868129160605,17.442554926834,17.0697187678794,12.3053657421609,11.8096303320731,10.569840951905,12.459095109272,13.4362574228491,12.278137617458,14.4850795885047,11.2125943331678,8.39406213469753,9.99738593213654,12.3267495349281,14.2321878952048,14.4975271948855,13.564823072874,12.7604723240187,13.4402667704543,12.017671731991,15.2181692888555,16.7861959181049,16.9134381345027,15.015435866079,14.4227073904715,16.7877878623714,17.4544586755425,17.7660533805062,18.8103387647167,14.3220624844924,14.567484897779,11.6105638420806,13.6017802128003,13.5917553947639,14.4988060491514,14.9292132171578,16.205989149124,14.8389108917712,15.4954078903768,16.8136175752613,13.9061497393526,15.3666815956218,15.0633867311449,18.0869802820116,18.2329286585401,19.753588761209,13.9783303017302,14.6931618570993,14.8308344371718,16.4165581405898,19.3664706074987,18.3732443753917,16.6652566562168,18.1026017918096,17.8310227874021,17.6633464546659
"TRESWELL","2019",6.19329676966049,5.65875724549297,4.82079116572819,5.2543955078774,8.57348151478727,6.92816065769536,8.94340136273567,10.1154464047712,8.4274622463963,5.02719334076113,5.78318505888544,4.64337111865879,4.32821875245477,4.24692652160462,6.52448008586819,8.76540930955861,11.3971572538467,11.7639457601985,12.7968080666292,12.7841918168561,13.7434658416383,13.1443959311758,12.2044261059893,12.5059455150643,10.6827871776699,9.46686522938419,8.46115618896952,8.6484777846494,8.6667799354535,9.62608638755347,10.9472372744391,11.0446169972777,7.12317790984387,6.02643941955832,6.64252748096354,7.30497258373549,8.08602646015692,8.18840357376364,7.81928325708418,7.72656403961648,9.20480865440745,8.92161108549503,11.3745823517876,12.3140582769758,11.6975800276139,10.5567925304374,12.634235634139,12.1232970965864,12.6519950756586,13.3634673316681,12.8838487202746,12.6562279023228,14.0576544861063,14.3017299093724,14.6831273619224,15.8211424947488,12.7247109234194,11.4945807361697,11.6351278766454,16.4778132711569,16.1106566613051,17.6261932331502,18.2811693543483,14.6408399887113,13.7649606138803,12.9275707404894,14.0988557649647,12.1096419302924,11.9367239354719,12.6982976351264,11.1182746818154,10.9763581670899,11.8859874792676,12.0895602434756,12.8647974300014,13.4313891117568,13.4056061632567,16.7381904905206,15.1690797259831,15.8200315364816,13.1535172471179,13.3621164787003,15.5189566284886,15.1856244015274,17.4985309618474,14.6925896943314,13.6067047321193,14.8176647840601,15.7615985598995,19.6652042122228,17.9774499390335
"TRESWELL","2021",7.0987847633643,6.84153177135964,6.41699810984826,7.52564287680146,3.69221238231522,2.68465477518861,2.93031486100505,7.8621554776854,7.01090687041422,3.76440776447588,3.21421216254123,3.54058234549273,5.06214718301269,5.2258130045657,4.59464770463556,5.53098361295014,6.29056845356742,7.49628442029373,7.70996064686929,9.6989951550932,8.78519141263578,6.63393060169899,8.68389950050467,9.67521933595692,7.05290399912052,7.01476525679209,7.6772082345687,8.35601049386316,5.48864276722152,4.80910886223133,5.97467015947688,6.53642594163411,7.15994058082167,8.128180369026,6.82668143599884,5.86038908105241,7.15889053404081,9.14367678833496,12.6476703512774,12.461784379037,10.2087558088615,10.9642824756179,11.7132749454308,9.13196831760851,9.84104408120077,11.4428150955326,10.5488611821334,10.8424181553479,10.8487606715322,8.18189336845585,11.3697685474087,9.664234097569,8.11410573566436,9.91725774730796,10.1163972586713,10.4264787945646,11.782876125131,13.4703295364668,15.4060465411587,12.6776623786363,13.7601778120672,14.8359321511528,15.7853991602136,16.9637834580869,14.4880320335527,15.848709368963,15.9979505752085,16.9695451771521,16.8113182093578,18.176724568575,18.7954622845829,19.5679507493129,15.5672835667085,17.5481499884106,18.7693535075671,15.1356811155404,19.5492679707366,17.1317371602269,14.3344193244099,13.9343014817922,13.6708332449304,12.6490299093751,12.9805740534856,14.0298465478517,16.4268527158886,13.7890281334423,14.8956398638104,15.0419869142365,13.754028039344,15.9718993557293,13.9365438697923
"TRESWELL","2023",7.66809437407312,7.59304095243093,5.74032960362361,5.77766313718034,7.10674366007801,10.8223954146485,7.92874646481151,7.76942086016387,8.98809946048654,10.1958758076765,8.6338994254338,6.17874370591893,8.324016782284,5.05044449399986,9.31323223655951,9.81640103540409,11.8307384291154,9.91984192867875,9.68987854533716,8.26956320057099,9.13662337523984,10.2006264031316,9.22895541870158,7.32289929573623,5.30327555876218,7.07058997029293,6.8184366512347,10.013166718396,11.8769635254804,12.5634739236096,12.957475803884,10.5127666515943,8.73517226417008,9.79297779700083,13.736301494245,12.5456546376463,16.5077602073289,12.5893839785068,14.77457361567,12.5355198276109,12.3584549625326,10.2432297096582,10.3982272465571,13.6357093811372,11.1286174787536,11.3659646976186,11.8247389926871,13.9945016808334,13.6907832405069,11.5083060893268,12.1711985792682,14.0172810390089,13.7019732216037,14.8216597517558,13.6185089436007,14.4634069920886,13.7889929711455,14.1563340295074,10.859555233946,10.7410781764184,10.9235993903293,12.0796407428616,12.9885634317154,12.4313420512798,11.8250098331898,12.8430566987867,11.4577797842367,12.0600132644217,13.0699220812029,14.4420500385947,18.766058602393,19.9982794127402,20.9619227517312,19.5934406907527,16.4368273916041,17.6122678174781,18.3393823334352,15.9479086705495,18.3420285562604,19.1843344990766,17.0670318463768,18.762600922976,20.0785386141834,18.469053581732,21.923490860544,22.9500938799638,16.8319677978803,16.1132148352408,19.9035115668064,16.9886790319459,14.1251857564187
"TROUGHBARROW","2011",11.4926284936464,11.3347342787805,9.37221307677241,6.91687674157691,10.2143482116229,12.6915455678871,11.2227324390211,9.97493925941906,13.2097823422933,12.8917522395094,10.2861457201141,7.7222269822042,7.44793033034024,9.50457893430675,10.6441254702428,10.188993812438,8.34703356335575,11.6923849438569,12.4034631616439,12.3462209462987,14.2074130951965,15.2403991861857,13.5065805533683,10.6892364382976,10.6727758277508,9.8087522989839,11.4344297954149,8.54591344019417,11.745815271468,13.1676242317237,12.8491319278401,10.5265922259647,8.02512053800559,8.58027598491441,13.1208647098671,15.0454021741968,15.7376066881692,15.6465980473965,13.3678276516005,12.9791080867065,12.5331560204498,11.8233562595028,9.96239277726445,9.07682508505744,9.2435389516237,10.9296761593494,12.3501831402861,12.3775801662658,10.0809726398688,10.6464795839096,12.0897112034522,11.0245953005591,11.2925033646334,10.6732706075205,10.3226094786767,11.7660938596906,10.8767092226104,11.5756246638522,12.4726932842087,11.67481243193,9.77033685261401,11.8057115195285,16.3809954632072,17.6623664959901,14.8869683355371,10.8821931321599,11.7222296782962,10.5344879108282,11.5302833375746,10.8642242268457,9.12038974753857,9.36855947348381,10.3361144780964,13.2198225213595,12.398561258148,14.4997083377559,13.2662860537399,13.31837376947,13.1548236472866,13.3484837422969,13.5197080440493,14.8237432619561,13.9690554182027,13.4826012929095,11.9327686357951,13.702550265167,18.8229222371143,19.6752795483929,13.6081547362379,11.9729505989258,12.2253194448818
"TROUGHBARROW","2012",5.11267206984616,8.12577198378804,7.42482057501106,4.5226548871097,3.49653836073222,5.67028252828304,8.13548158225692,9.1513124958204,7.16900597136695,7.05596875465303,7.70474206197857,6.94852376739952,7.27447397041388,4.52700924637819,4.23417146196921,4.25272138530111,7.58023401646799,5.92914351798767,7.98516574998896,7.14090962101313,7.60597238279931,8.51783487787591,7.29057711587884,6.69069649456124,6.44613730057188,8.75394396503068,8.06713599234046,6.69120823925239,8.44582684541375,10.0483138301905,10.6498924622836,11.685422676226,9.29648790745827,7.92063243283153,4.01246615047786,5.60831533523965,6.54920776976401,9.81540223111844,8.55447577208016,10.6076484993147,8.77800142723793,7.41210326727561,9.44508507015647,8.61812912184501,7.66185013160324,6.06502293870942,7.36358613470701,8.98245184784733,9.07638836780941,8.29876910641335,10.7466656976209,13.2912515347833,13.5872772293254,17.0653178890816,18.8898463314607,18.5117234098437,17.8410927540447,17.2471282574076,13.7345239770931,14.3042592388654,14.2270727141657,14.2631354508172,12.3844437872233,9.36219481324676,9.51530455877789,8.9073518451364,13.2944536035774,12.3625781212686,13.2436120161979,13.1849405124399,13.845084853761,12.183558000691,10.1281987739189,12.0190247289299,12.9589455469883,12.6956442982126,12.7326169874024,12.2827648051374,11.482814788527,12.9115644376475,12.4161881949706,12.9819716922414,11.7600540424006,12.4973515208763,13.1904439947841,13.5429534163388,13.4052831928861,16.4242414122842,17.9813625302462,15.3741782914119,14.8224911601058
"TROUGHBARROW","2014",10.2883948811493,8.68944984562097,10.3725897385015,9.48341556294989,9.63259060154236,12.1313927737461,8.89441975391546,8.10817164293973,9.48123966665906,9.90852049524532,7.45163841900244,8.69372709636018,9.15375797014158,9.67155360898992,7.91764926367394,8.43732265013664,9.22633161823659,6.7264973851785,6.99148523129037,9.10014507702773,14.1363623145351,11.3356617444704,12.5138862026564,11.9037733222423,10.0906453319209,12.4467424094989,10.8708694777322,12.2794626503477,12.3483773882431,12.6110209239322,9.86349038579473,9.15819352742609,6.74314241248284,10.3399158371541,10.9809006731532,12.2316866389853,9.57677001174152,11.1599330955429,11.04967730012,10.810712033196,11.2195396738839,10.6114836208424,10.0257530021877,10.0684919465173,12.9254705681446,12.6594209913766,13.5209839153419,15.2404351013066,15.6585326690243,16.1718405822262,12.8390688069854,10.0566197112241,11.2035413465601,12.0158946886017,11.9948765966471,13.629114639339,14.3117668427361,11.8930668480563,11.349014326663,12.3576828935932,13.5362669148008,13.4704513869928,14.3796526223267,13.7248350241115,11.328251429732,12.9764247670861,13.0666793542794,15.0657840725496,15.2902410278142,14.8509981055399,15.1002048855587,14.6552106603408,14.3734802709989,14.6388444096464,16.1738549779032,15.9979250557279,14.645842009548,16.5351355122078,18.6170798614445,16.1360675908102,14.4152956444171,14.6453124354952,15.0097426416782,16.5093348772291,15.0492131973822,14.4938031977102,14.68582448821,13.6536730050581,13.0268236703689,12.1855729237991,13.8543242466639
"TROUGHBARROW","2015",5.10274999322922,5.59072557318397,7.58251274009593,9.28365912540717,8.05832735130142,8.32782207443113,8.91285874730993,8.04501900123201,9.79256127199185,11.1360615233944,7.03191061548614,7.25117485172748,6.66562484684468,10.5410389337296,9.73001211124096,6.63061657306,9.94325017053237,8.06638809413174,6.64547462081156,8.75470898168845,9.58075304232053,10.8994602893864,11.2033580367586,8.36091213789534,9.53296048554012,4.56455101437364,3.61411135999563,6.20082196569806,6.86625734361706,7.63378515839259,5.20987384907529,5.50909120533541,9.89501036901293,11.1190705474511,10.9077340350183,8.84233665575251,8.4286172163753,7.84281231010705,10.4133024021143,10.4166617121027,12.7982411308463,10.7837399502162,9.38540867565436,8.78844674185708,8.72779730178969,10.447947573963,9.63026103055739,9.34556096427409,8.37383538098481,9.55888732058433,10.0075330976648,12.6979905419827,11.5661372921901,11.1645077209488,11.5326620320244,10.7796456799708,10.0218988006232,10.2088965554671,9.31778021739223,8.73614498145048,10.2254104687699,8.81175451520739,10.5230932391454,11.239541464925,11.9918038408673,13.3636172592778,11.6443340790266,11.4649138649099,9.4123435795887,10.0289517877051,12.3000212323967,13.5354179360119,15.2319085061966,15.4725379783584,11.7044131821633,10.9861359393808,14.2568491563072,14.9619897943433,11.3417990427977,11.6749584500669,15.008375075716,12.5664098570966,12.159572087828,12.5522798674242,12.7505709293411,15.888006101123,15.6311956943392,14.2520345354547,16.1473661232556,16.232282530504,21.1098689814308
"TROUGHBARROW","2016",4.73521257273241,7.70083750509859,9.12852122070402,8.76703842358853,8.95014869784057,7.02657285340369,8.06157821099544,6.52332876118163,6.47612262049126,6.069405758987,10.351198833603,8.17793403980463,8.77606996039104,8.5178453574914,6.97638173740581,4.7817761824367,4.21801016888847,8.1991991224862,7.06003050367282,8.96110697469067,10.548607648165,7.68358438923655,4.99975184260638,5.69647748404175,7.31210899370385,5.47002774648342,3.63652122559859,2.50127837550774,4.64163503910508,5.28250253751791,7.60110640976667,9.98618995297721,8.73163206781406,9.58207218160057,10.4409285695654,13.2796412804271,14.6257420112862,17.3816344396522,17.703067683655,16.4664643094964,16.3074541996824,16.6308405908284,11.4333433026432,6.95436753651626,8.28000684055512,8.48772266453738,9.94952680497595,12.5435390574232,10.6245407584837,12.9273992000228,13.2472777706105,12.4517071065226,10.6805575082633,10.8915166003169,9.10940949122766,11.4230914552037,13.0777630642571,12.667182839915,12.987780086174,13.1371598140419,14.1491015571332,13.4393701622161,11.8207537606341,12.4010316033606,17.1984856171286,17.6138131817912,18.8766885708598,18.5454866026101,17.8135573983608,17.6677513792516,17.7859919417267,15.7331992270764,17.0219485537341,14.888912338552,15.2408223512565,15.4808516315371,14.6723727426471,13.8063152151921,13.8623693682687,13.5676906154113,16.279512650568,15.5465943285282,15.899251118155,14.801643224881,14.950511737204,12.8496085983575,13.3679015176507,14.0823418003815,11.6266243762457,12.8383518338528,12.9205207612252
"TROUGHBARROW","2017",10.8761915562352,8.19456238941513,7.70327471463219,10.5269056039954,8.727202251192,6.12369319446773,9.11676260184086,8.23651731215397,10.4391480176612,8.6386850692344,8.01808561177671,10.0222507390691,7.29704650781026,9.69094977338923,8.12252964149876,7.42350636921409,8.12997545887798,5.37636948545433,8.12176295227064,10.7529223779483,10.656815020257,7.500856128926,6.63414783521336,8.92061337446625,3.79826770124605,4.94626359633592,7.35754573201357,7.25805683467498,9.8747309011459,11.7535290347341,12.9582215050322,10.9848895643035,10.2774445501903,11.5526989666432,10.1903203879338,9.31646243738083,9.244155847056,8.91014120028418,7.07083385057033,8.79819067477351,11.4518652398761,13.0589266109028,13.0193570337603,12.5837384934623,11.613078261283,14.0608267560091,11.208866142076,10.3794487810396,10.0766614269655,10.2900775118578,12.9307182042463,15.1470393917451,13.4024868178524,16.3425807662972,18.7359330474457,20.9169508463218,19.602548078813,15.1642722170614,13.7750990792413,14.7785738696558,12.9437666251243,16.7326840825229,14.8385379265511,12.0678346735665,12.6925994551623,12.0443935716724,11.9066231428606,12.7268233369147,14.0728106692354,14.1050499716963,14.9379701770433,14.5959534808883,13.7693143989742,14.8412345767415,17.6178792561663,14.4050467382839,15.1695073497922,18.1354056719785,16.8735617635675,18.5970688254522,17.8272568756317,20.2837749738469,16.342121981086,14.6744831619221,14.6425431570025,14.0109617955436,12.4015505659977,13.3158295837097,12.1719674097774,12.8190960943113,15.2801174078387
"TROUGHBARROW","2018",3.71916324698557,5.70133801090989,7.66064330753333,7.78493054554558,4.39537041223945,8.80805983649561,7.23868542204028,7.08090591168732,8.73135847262117,7.85238655953633,8.6630230609581,8.08545496749509,8.00589451203273,10.5749924633387,10.2009885684763,11.0588000262597,12.0407505555357,15.106299866544,14.274941228315,11.2244084551445,11.8430584395625,11.4928540997688,10.1717681159734,9.71473745442244,9.18803107758864,8.83053829908727,6.87762912952738,6.60697367160607,6.58610531517909,6.23005157120359,6.21964486813407,9.42257207978542,8.31899162805422,12.206428480038,12.0513629320729,14.3415719957935,15.0199383314225,11.61325148191,9.8428655651211,9.56974670929161,10.1423706947685,9.85197930712468,11.8838091536468,9.78710178397507,12.5451631009215,11.9666883557228,8.93406270657108,9.86535813544301,11.8219159705967,13.2241839202203,14.7206800354877,14.6152600787706,13.1943829988479,15.2230473209273,14.1273801600341,16.8918067277918,17.6595233135149,18.3143004831442,16.4143921507552,15.8157397075029,18.5831269652059,18.7972393553445,16.3293488962928,17.2474930719982,17.2122576947045,14.470423670297,13.141528107316,15.5509044368875,15.2165141977824,16.3396477460138,16.7312646359933,16.140426890752,14.4584419585129,12.7490076921057,15.1556852425615,13.1543650637971,12.4843274642462,13.4174015643656,14.6079773158758,13.3983632557632,15.2551283148703,12.7269339314565,12.2213724791452,12.4215123916738,14.2306787367831,16.8350264878146,20.2097303803293,20.3690754896077,19.6254658143143,19.519837343592,18.2404565756911
"TROUGHBARROW","2019",5.77441667490648,6.48348871387438,3.80931614694505,5.73967612514442,9.02273220850444,8.29371045443678,10.4497236108397,10.0196089113308,8.50604543818165,5.61153534769586,4.97120445995318,5.24443983249114,4.38162475383095,4.14214546962945,7.86520086951089,9.5270894372854,12.3507642653892,12.8148539496426,14.2688920921006,14.9308387919183,14.1221069091195,14.048384425504,14.1945799901436,13.1859584901381,11.1049556940106,9.43856381925589,8.72664238170241,9.025253521356,9.98140254531422,10.3984943721661,11.3836095004701,9.5507681172568,7.73929323216474,6.38128627721334,6.8115559897794,6.41855965096827,8.00459123248372,7.96153853187175,7.80710242137771,7.6508933477823,8.32854189950258,7.85954631445347,10.4147328725783,13.9949199364437,14.4800350601007,11.8713181310541,14.2020631760945,12.6008239183002,11.9926245696468,12.4064620112605,10.607699379178,10.5864866915505,11.1899924346681,11.2380873550787,10.3958180108524,14.0538724796694,12.174296189844,11.5671618213074,9.12865292506613,13.8338352659934,14.1518829326433,14.3024223175413,15.3999816102282,13.1926262019396,12.7933670721466,11.8943019819514,11.6365103486245,11.9903293644079,11.56648932662,12.423435382195,11.4666260465078,11.2754528160134,11.2886039927968,10.5630577419125,11.5164942906945,13.0838044708447,12.2583690746676,14.5719753655346,14.0997414407868,14.599082005266,13.0839548647817,12.606717230796,13.2220232832685,16.5589909229752,17.4662379686276,16.6867274394685,15.8345845712917,15.6305937394111,17.1706339379831,20.4319010539182,16.5043194485311
"TROUGHBARROW","2020",7.17205641611936,8.52266688999242,6.99853592339216,9.01886990739219,12.168244424713,10.6661747621225,9.57360505487146,10.5991652337525,10.1533043960278,13.5142359292597,13.3503299392879,11.8359880775582,6.84648869634395,4.35834210358101,8.08089453664397,9.97769337225438,9.02819786522274,8.06896476505967,10.4105599165501,9.07932646338268,11.5620090677774,11.7387665439835,12.1876705453158,11.4258100418742,11.3152158827673,9.83386501507201,9.54719950564448,7.07870603164052,7.90643163772881,8.13027245930211,8.09099316218578,10.1056090665048,9.76045307581741,9.59620556979844,8.78985969896822,9.12485731620728,11.0446375389548,13.2777594668306,14.1632039488423,8.64555824834733,6.11854031435994,6.5720551861271,7.35324368654492,6.09874216996093,8.08971672746321,9.8040742121472,12.4045702096615,11.6555663464417,13.8060104467229,15.504839620345,13.0162846399778,13.9135739921777,11.9090548639548,13.4735038483606,11.9749833820575,14.5546493313463,12.3090406521934,15.7898743213089,17.4480428094949,15.5446993786173,15.8614085537288,15.477131846678,15.3345667749929,12.2141580346104,10.6242690537541,10.1263062082924,11.6714453837196,12.7838761550268,11.9658194039225,11.0409002308139,11.8860722025423,13.2651356912499,13.8239286189667,17.6057274998414,17.8687297721545,17.8770359246832,16.8591285739736,17.9793590152617,14.539909879505,14.5162181120399,15.6641296381053,14.8971786728432,14.3319376295479,17.8188935228292,19.6804236592332,21.9466798326377,20.8362790444282,15.6398661320559,12.3561995305428,12.8341146132011,13.8517452512109
"TROUGHBARROW","2022",4.31048294866253,4.46577447201547,4.87110401402149,8.53507170178007,9.77295340734676,9.19742995183199,6.76537779788944,4.07948825146503,3.95635600012937,4.51876526137029,10.0018992153304,9.91401523137217,11.1808998309098,10.845026162973,12.7854558335728,13.1925837296685,13.1761905464543,10.4971499282041,7.56419811175579,10.3662784412302,11.1073011852045,11.2494661295695,10.8136113858296,10.5992320530017,8.2377555584016,9.86868686570586,6.52460319454693,5.62976304765596,7.57460793428962,7.79097321189661,10.5018247319575,12.0268645527462,10.6561041815557,11.7864399801127,10.4420021206337,12.140103555519,11.3107862258661,11.3897197441439,13.6692566324184,12.8020217380839,12.4703114323669,10.3609324314127,12.5835802286984,12.7649990354227,14.1823603021606,15.1838667970979,15.3190618558686,14.7470712360127,12.7231326701891,12.1636511128496,12.507512085723,13.1753424720618,12.7212387177056,11.145379241993,12.9338929703388,13.0802790374719,12.106248873157,10.8694720273367,10.2366730535569,9.50096781284683,10.1983270153756,11.8083263352965,12.5402471811112,13.8031615452372,12.5487946602213,10.5929082729151,13.2210623238084,13.110643316402,14.765310678908,14.3292862344083,15.7492181898083,15.1618084228302,13.6924713575954,12.7529274652929,13.6315502718383,13.5010475784745,15.2102688182609,18.0153798972737,12.0890094323565,13.3418091435481,12.9611347112504,14.2238741858589,15.8700620142282,17.5657050217606,17.2604210905497,15.4680982926821,13.3243098402453,13.8543109237591,13.9682686757958,15.3308040957207,15.1414365671901
"TROUGHBARROW","2023",7.25520330272983,9.41601541802648,6.0535279251369,6.87762129677014,7.27871718878021,9.71076350995937,6.69140904782732,8.19471150621563,9.30909406617126,9.88265174960063,8.7308388039275,5.89103648186835,6.8073779085904,6.41735872636117,6.84977142184146,9.84337322769985,12.3817252361434,9.56781066904279,10.2579013461337,9.44554560653769,10.8315903258357,9.4622880816183,8.85787681360501,6.96504886974047,4.23834024059524,6.867881708718,7.5664148567253,10.6822190164283,12.1292404591,11.9370948358763,12.5086448131779,11.6535822154814,11.8585046210223,9.76048905942466,13.0097121065056,13.8667808951438,13.9377161466936,12.6347034478032,13.72787046588,10.5436188216245,12.8459191301794,12.0545522940606,11.1897186391268,10.7303678839061,9.716249849635,9.58514749611692,11.3188501622078,12.5833483777587,13.8034586701011,13.7041278555837,14.4249908604517,12.687828238712,13.0029189581439,12.9104080549816,13.1026964235978,13.152167089238,14.015856753231,13.1578591393649,12.4434588920009,13.095848260531,13.4110648534522,11.9084800623314,12.8257257480402,12.7796352833945,13.0024927988056,13.4179237190165,13.0658939471699,12.672250881801,12.5173855777519,14.8659039110572,19.340585949714,20.8288453671379,22.124545995989,21.6078649870109,18.1653337700447,18.3772806642237,19.494224693134,17.8651444159758,18.0906803136738,17.7203794214913,16.1518262206822,16.8572147604729,17.229047143718,16.4287327179079,19.6847056541435,20.6316979936944,15.4653237549854,15.2000176312145,16.5933637430685,14.127380447504,13.8838230218482
"WHITEWOOD","2012",5.61791828384798,5.84248249484136,6.55953271622853,4.15198509930154,5.06906112090255,5.01759945233163,8.18005178695621,9.5918767237109,8.86959360868946,6.72504729716212,7.26349813817439,7.06140498371631,5.95079086869812,5.95489295209983,5.68649619859679,4.99298908214185,7.92308183321961,6.52245295737876,7.45159215652407,7.52583060944428,6.30794528347187,6.86652567844998,6.006239227405,7.95356755649043,7.92128917454429,8.6055841345171,9.31284141877959,6.99650737794098,5.73806483016736,7.57506049228405,10.0471765670294,10.785344683927,8.46380986178616,9.80641223225402,6.48366827188131,7.80837574062995,9.61820979273204,12.7360975627292,10.0476023266663,10.9264168704779,10.4559965090746,8.58815595980919,9.24041329412936,8.8966256581778,8.24053054765916,7.77877658759775,8.2547275919422,9.44127455401421,10.7003545156893,11.1897894258342,11.7945802878535,13.4377750186172,15.6169218461965,16.3756621869571,19.4560828376879,17.4759712713541,15.8390558888436,13.4012699063504,15.4415158931322,15.1487054915964,15.0536424753276,16.2218866167503,15.0077677853418,13.4908437348732,11.471268798397,11.2002716616791,13.3549886216486,12.3320030810485,11.8151345367008,11.5517407811089,11.4846276849949,11.9629568355669,13.0529998424821,12.0243177802626,11.1163172428717,12.0561658568569,12.6423691532049,13.6173551296052,11.8703915338902,12.6594779439551,11.6868474008629,12.5197812715488,12.5527687123467,13.6992357150165,14.1539749133462,13.5577469131838,15.4637232381097,15.9634802526105,17.6687753760115,14.2368925238857,13.9950602048349
"WHITEWOOD","2013",1.75381022039826,2.45295351074333,2.34839772839144,1.34093727712383,2.95459548442669,4.11446373939939,2.10389956056227,3.8222735239176,4.9456368869313,4.6561675175854,7.75941108770882,7.81542566715902,7.84783506509625,9.16495657952117,10.6573151956984,11.3611390382361,10.4541936799521,9.12823261041291,8.21966468928131,6.57044115108637,5.72001846932536,8.54834915104594,11.4779730723567,10.4947107039453,10.4070742048639,7.98139839501254,6.26739963497731,6.83207833194337,8.27147795638562,7.93002154987984,7.92687163003956,10.4307576831693,8.58803988490324,10.5909544553062,11.9209965909974,10.4867398965727,11.2777682952117,11.7122525122889,8.99715253991288,10.3491090981948,8.93675436718792,7.76690509561929,10.2996502500863,7.14078910499043,6.55378755152462,7.05872768292587,7.40344469341974,10.1233093158029,10.1775878365036,11.2098323806024,12.6835196369153,11.3988871056586,8.05829013012755,7.72815949810111,8.76536386271398,9.29295326346783,8.56488331991505,8.86484306812366,10.744335187618,12.7637096723846,13.7525811637723,12.0812838430043,12.5907770614121,12.8516957371873,11.3540126565612,12.4347102577647,14.4137685023378,15.403151885819,15.3689546897755,12.069553017946,8.97174440850926,12.6719278270832,13.443785568426,13.0841544579412,12.4225658827695,12.2796451007201,11.4612476299373,14.5120547969342,15.2537452449411,16.5509390763244,15.3913134408068,12.8125269400902,11.8124942377345,12.0264930214466,13.4162146009129,11.260823471453,12.8384353120346,15.0921877685555,14.5006003529789,16.3942847726889,15.1510441250554
"YARNER","2011",12.0773422603154,11.9348756687448,10.1638821080971,8.12907417365673,10.1710936315544,12.7008903108713,12.7913922497842,12.793728093378,12.0123943089188,12.3902717972234,10.8052322731019,8.24391702767794,6.30983229986796,9.80035983552206,9.53047017275099,10.9710573822432,10.2650390077919,10.4184927634954,12.738274341149,14.7918165440647,14.4024860265662,14.7930269406132,14.9481876096084,13.4078299906685,14.564263582032,12.8225457180172,12.0689130904157,10.1629920140794,11.5900022448545,12.8580858741131,12.6044302715256,11.3729770510301,9.1218573465033,9.49419052737498,10.5926829362949,13.9803903204637,13.2599321647344,12.7910828440673,13.2153259815517,13.4114591840331,12.8085085481006,11.2701911373274,9.9637142982921,9.7714636438729,10.38072277707,13.1662047789222,12.1105128470858,13.6342785786614,10.3251542753101,11.3742494768642,10.1883071630009,11.3609196001715,11.1305717573013,10.6683741521771,9.80353302848044,10.7581144908893,10.4539110755307,10.24124499398,13.6380785386191,12.3270593994592,10.0134757594213,11.2075930732861,16.3280179657378,18.0514846293928,17.7855884747652,13.3702371368299,13.748677213979,10.8017995542936,11.8416557970889,11.2333736199573,9.83408997257997,9.61700937377633,11.3424075291382,14.6035361118108,12.4880774389671,16.2499107238718,12.531207341309,11.2283723802947,12.1770399345391,13.3971778516533,13.4478010350162,14.7459659117963,14.1577841332611,13.1049574170198,12.2320184391228,15.8762874917832,17.5943908526121,17.0683494371526,14.9215221839295,12.7113860902519,11.9602720584978
"YARNER","2012",5.73395994934731,6.1744779620681,6.67017475118715,4.36108969954156,5.24302521440133,5.14175305259339,8.34710266635148,9.74779945390464,9.0620780736243,6.74863854361901,7.50927499791126,7.26936178383042,6.14063961034038,6.1809292860211,5.85357206699123,5.15200923201272,8.03792230127019,6.73954222697158,7.68483856817733,7.76331860330103,6.47939698868828,7.06912023488214,6.14379489178042,8.10276443296745,8.10775339526704,8.69769130034369,9.40884115510694,7.18872425966647,5.95310904238953,8.04520510932902,10.79565050177,10.8437161891936,8.79303963915754,9.4275253952741,6.69797350065121,8.02007997666488,9.9174978809216,12.4453287832915,10.4693796968155,11.6376262233697,10.4124242533352,8.41490974770952,9.29737223105083,8.6964302928013,8.17598288415919,7.70618397566504,8.5147271049886,9.35986377093205,10.588796489762,11.6322642719136,11.8922157062068,13.4172452440535,15.6531606825132,16.8279593590553,20.1562768758954,18.1154641294441,15.7083031667396,14.2050321847303,15.3878624307451,14.9100807616953,15.4058491380502,16.3725277720437,15.1807888758103,13.7954219054569,11.3944296755444,11.6516166222645,13.612312137339,12.8748756248635,12.2232411313975,12.1086578857728,11.6697250470195,12.2291231584933,13.0007663515392,12.2010521858525,11.2740835354402,12.4610427293457,12.7904028540676,13.4869374295692,12.3121023320011,12.5877240278321,11.8321113780578,12.4294013210574,12.9345556313751,13.4592626153142,14.2150678167276,13.7702262510669,15.6552530192922,16.4951428593837,18.0474701029505,14.7029409273554,14.3415297444287
"YARNER","2013",1.8727418737593,2.76595770026708,2.35360650724774,1.37262938592512,3.51074426717701,3.81679073981152,2.46457444523617,4.31896878627558,5.25578392854378,4.95018048932181,8.33109308144583,8.2564097277744,8.14065552508601,9.93279259785168,10.9120323261726,11.5862944458966,10.6659891025572,9.40957193780365,9.00994003030462,6.95992616197934,5.55333544991474,8.42765073648086,10.9799377621539,10.7243525094163,10.6691779297804,7.93864965125758,6.68328475825245,6.62844161781612,8.19085133965065,7.83616200148812,7.83542586632491,10.3583933836767,8.98093949110029,10.7904923008464,12.3964962322048,10.390355603153,11.6952390390191,12.110952934938,9.07889881652049,10.6281663812476,8.85171867598336,8.07932570518802,10.1324523300638,7.28633259551763,6.7375562733727,6.89963005662997,7.23191392836781,10.113320493819,10.8935895114142,11.5012982355449,12.5017012028946,11.3265782262624,8.00205911745568,8.01694879646934,8.94837598869817,9.5009107559175,8.33780773452891,8.72194857240948,10.8946056068569,13.3344552470161,13.80577601765,12.1471482201773,12.2615431670856,12.6131194324273,11.9417609246075,12.9572251171778,14.5844290535005,15.6554972098749,15.5677528034862,12.5776528043067,9.89344343481458,13.1352434465816,13.6495550072516,13.2999167235881,12.580314474382,12.2706379025325,11.4228360228001,14.8659534107087,15.6620417200144,16.7021627139138,15.0326898977699,13.823281479653,12.5007338365187,12.212394126343,12.7806616241275,11.172650595193,13.0595701869735,14.7626414542967,14.9056998042156,16.2615005461076,14.9969424304645
"YARNER","2014",8.62109025846058,10.9172788364013,9.98521198639181,10.9225108792726,10.9002497851416,11.7360832263377,11.5169251922468,8.57265863821532,8.79454257678256,7.33999314677007,9.59401140562387,7.59768319928282,8.49961330671603,9.48271008632456,9.32732142982593,9.48953814857434,8.30350961052312,9.92294988104202,6.29641395992377,6.78893217530221,9.81009586747948,10.5276625790047,11.7206858301851,9.41008826359152,10.0783797004225,9.47907856563343,9.91034734007167,11.3756339921362,11.5264541817666,10.0319999736365,11.7019385942364,10.6781522408563,9.78580349389857,8.59562183918588,10.2267582942048,11.2125100586921,10.9549202061949,12.0165439131926,12.0701703490202,11.3598315819898,9.91748399323998,10.1753571224031,11.6850137292782,11.4559975289728,12.8255778317767,13.1218747488881,14.4515057288855,14.2638435827339,13.9430903308141,13.224837056533,10.8008627215402,11.6649642558068,11.8105200158101,10.6921920950717,11.9259798596414,11.4006006610883,13.0066125021514,12.3678632846736,13.0396984155735,13.607594356219,13.7866372981826,13.3090581145482,14.4182341717846,13.2551210006081,11.401332597756,11.9432880127831,14.2512447288919,15.0652651183079,14.8480404052238,16.0262718538135,13.6772470132225,14.6994765111253,14.9052307568554,17.0410492361273,17.3549646965651,17.2769944747052,16.4930062475583,15.2687124343009,17.2075925197295,17.9211737073999,16.0091460882172,14.8483007609141,16.9354174687422,16.5402827105219,17.2317902512798,15.4875872706965,13.787367452631,14.6411894470703,14.098923082607,14.1319763246599,13.5056490772206
"YARNER","2016",4.75703470786718,9.40707301502913,8.09896049879918,8.80243950710147,8.83851151177041,8.21028448342235,6.68790153788509,8.14420799287346,5.69657363835904,6.12453304389057,9.82170791402789,7.91460237988656,8.69394519530745,10.0329469601617,9.59201318269682,5.50628221511362,5.79740435650962,5.48518973764419,8.11842480900629,9.70063505106073,9.88105153264423,6.47819412429664,7.42178385424874,8.02293532503426,7.32378034036471,5.54625557106065,5.01652842699142,5.48427179287197,6.52151383586313,6.18576171363512,7.03855245961465,10.8336512668282,8.34670806872239,8.52764192345884,10.7168860825253,12.2302867263116,14.9870465954937,15.7281872924942,14.6338448649903,14.1980562373926,13.2418029038002,15.4993936952922,14.6976143060093,10.2417019076651,9.75238432959086,11.0857040197699,10.2782640248525,11.4029951347409,10.7473679420242,12.7210187540255,12.2827957630422,11.4353858343309,10.9194185939752,10.9556843618634,9.57043235918489,10.6918978588984,13.6705162771206,13.9245307532613,15.0013283291861,14.7251062291456,15.172287924472,14.8681141589639,14.3975187148382,12.3866376436343,12.5405064917775,16.9445312722989,16.7757481428789,17.5292073679331,17.5096449579522,15.9408727958416,14.9934228410166,15.8749554849736,16.0005620468746,14.5434795567517,13.8157383830596,13.2859807478729,14.3825090662818,13.6801498609831,13.3629703843593,13.3351314201926,16.1533974356379,15.0165141825026,15.9747494602026,16.3680755322042,15.1501466476456,14.0788882232055,13.8327163680508,14.9898570278538,11.7625504063992,13.6821500478709,15.0121909329087
"YARNER","2017",9.28310586150206,10.1505102451357,8.05260155544505,9.99003321922185,7.67699078370421,8.44121407166057,9.03824073199331,10.2703139629382,12.7678196831871,9.70350043584059,8.53967509732716,8.67676269536713,9.48129797169431,7.60918778052882,9.81182383120609,8.74898667298816,10.5567197069014,8.08125337435051,8.10463987387431,7.66874695297436,9.83801569828928,10.9289727229604,9.36788967688893,8.42856464885952,5.45939474654641,5.2305227811458,4.57129444993712,8.76836905843523,9.48397573567699,9.30789653657952,10.2773556355452,10.1361323684226,9.52568360386493,11.2008476884549,10.5272756518747,10.9491826144927,11.6315265441543,10.3972927012582,9.13169572055267,9.05958212269554,10.9990393282247,11.940534760548,12.5186249060592,11.7724699386212,11.4274735319992,13.7657237585839,11.2637351884199,10.2052422415546,9.29195227918046,9.45909564485734,11.7078332220527,15.080278618389,13.8229065603605,17.6681985812452,16.4716379878925,17.8115129559159,16.0053996090069,14.5450697082451,16.1239015028439,14.8145191615933,15.8247085661011,14.5106182144402,13.5514953555495,11.4248408663476,11.46651565818,11.4681266011363,11.6843127231791,13.0265290452325,13.9982032347637,13.9832347769679,14.7640745825567,14.3973795871894,13.6873474016415,12.9705248695332,14.6712964905099,14.1073690225654,15.5904387863354,17.6678150443375,19.2527584401035,20.6334522654394,21.9322353364179,22.0278568231405,17.1603683911137,16.0508804599284,16.8880599379272,15.848365730892,14.6744548021557,15.6943807973147,13.9170707394005,12.5816512074301,13.424568533929
"YARNER","2018",5.66513511315286,7.25154336380408,10.1908774835992,9.27408836650082,5.19242090619225,7.76037462237334,9.09036511523687,7.85282203602673,7.93922525301806,9.70949194715275,10.5806298762433,9.47675540471791,9.50735339291401,8.54400059503402,9.62672276333974,9.63910986390283,11.7336619087026,14.5967282438326,14.1794952429507,13.6813581511874,14.4609824275728,12.1583159752527,10.6443504601589,11.4811766350869,10.0359721147246,9.11016800386166,7.71363341022547,8.10990944256316,6.47927811687584,7.1961887682103,7.32374297011083,9.39811826313784,9.92739788590829,11.5673780056177,12.9687614551193,14.195561453203,15.7363806410464,11.4981175495148,9.59223190740066,9.94300942608449,8.38284810376388,7.65282610828307,9.35794948461453,10.5931950200125,13.1886849663116,12.1853354598177,11.5646917906687,10.9550493951833,12.4339263919954,11.6033333501042,13.7447403871065,15.6679888459021,15.5769580364727,13.438251973424,15.0257483131019,16.3283804707578,16.830976433241,17.473008619851,16.7273022334435,15.3358152601158,16.8692474073196,17.1988493962575,15.8873097855002,16.6467889913526,17.4752106918303,13.6737595943474,16.4700837476663,14.9237364812096,16.1045817114923,16.9515873745611,16.4932393590339,18.8446567680516,16.3278205730264,15.2192424463862,15.9208877959232,13.1589356277707,14.2055893247974,14.5681414459197,15.8640640045904,18.1543869073455,16.4855036023986,13.0165181723534,12.558075735874,15.4450910622486,16.5351870555486,18.6032760699738,18.7153563124614,18.7920897704557,20.0686439561007,19.6450072181789,19.6690017686006
"YARNER","2019",7.67180525972379,6.21894144090757,3.52790699312901,5.34487183006494,6.0551360590452,8.82472368807263,9.17595868977449,9.00217095343604,8.450389999359,7.89630720623098,6.11086063025369,4.88635883694894,5.96558247150348,5.6960965054433,7.10150232838615,9.93106003493578,9.03773994076941,12.7085867624222,14.9503696952042,16.1238011583437,14.9977511084237,12.641542011693,14.9630269009666,10.7594889557891,10.3404320523624,8.68840302323338,8.35023430821976,8.9173820513756,10.4403247645459,9.40289993942953,10.8448796259245,8.22660331349895,9.20301666910167,7.3175446102979,6.10390631112668,5.81403902451235,8.40583084836662,10.4331579610997,10.300119797724,7.84082040170379,9.67201174345253,9.53119250080026,10.0824274243678,11.029259945866,11.672815814855,11.414525508678,8.53965306094462,11.6893506730349,12.9157789604511,12.3156342286546,12.0182779243302,12.5163683347648,11.9093307453144,12.9335067154824,14.8859177192238,13.9620898309028,12.1962618167398,12.0424858668598,11.481520803972,15.0610389259129,15.9366240601275,15.1451739772701,14.4375308424486,13.1440898163905,12.9964110571146,12.2083931337295,10.4437692437376,12.5912240068505,12.6093383458499,11.1413284131773,11.3710645596962,8.95165753583677,11.2722585188153,11.733001654528,13.1373856619837,13.5051009773285,12.7883962278268,14.5752298271962,12.2925537146303,15.0564614967846,12.5386379881143,13.2839847922162,11.8090815674811,14.9030409323731,16.2969204229133,17.2122387934127,18.3242839821968,18.7955649977896,19.2989793886578,19.8132936520322,16.8370794394751
"YARNER","2021",11.7363327842995,7.22736237265238,6.25303631936893,6.91211220844829,6.58399422564013,3.16218617288371,3.26463787682716,5.49281761928727,5.95826715102991,6.65397674714175,4.23271262215285,5.39951516342765,5.15662615910854,6.30691472953903,5.40803464416205,5.25600813178402,5.66245176722101,7.10800245942289,6.83050297999335,9.17222933217457,10.0588272448919,7.50788314315994,8.88926538444452,9.80438657524814,8.75302420620494,7.51678399348216,8.35232435265939,7.73280904114939,6.71778861158147,5.72357118365847,5.45652068257515,6.6649835218413,7.19526210819983,9.14786839798736,6.78873004422643,6.92329132567427,7.18807943233477,9.72563942498995,11.6759256054288,10.6970603323654,8.94231086485315,8.80809267955765,8.19512745108366,10.2726573902529,10.1256305231827,9.98762460354139,10.8343269086859,10.6384643407725,10.9038675252454,10.0504681754957,9.59281037600156,10.239782252188,7.02053239206989,8.1891801870869,9.46458788252225,10.7737440144945,10.1890055491562,13.2857130530353,14.6739992628795,13.5037708337181,13.2030574295922,15.4746552597459,15.349786725026,14.3515399574962,11.5443717258953,11.8282110782738,15.9926034998148,13.5746910357288,13.292899748923,14.4080627191625,17.1171160874433,17.0322941026359,16.0678123007294,17.1200101067386,17.2993212629481,15.5596982391875,15.3141645853076,15.7411579249901,15.5960123178574,13.0685460824638,14.6818254018962,12.0338457757362,13.5078694167823,13.7958313170737,15.7705830858202,14.7214935471359,13.3785279764132,14.0019559014896,16.598669138391,16.3261399156554,17.1882419420343
"YARNER","2022",3.83857207472642,3.55821143029711,4.28446345821197,7.26717713567672,10.2495567201652,9.98416194660239,8.47095809729197,6.69197837223032,5.66865838836374,5.07347770595818,9.4124636690899,11.3474297350413,12.127976337623,10.8439120059683,11.7541599367855,11.8989532813524,11.4559294855866,8.91275040192145,7.51185150113735,11.390300152536,10.5325313414063,9.90251594554037,11.453423331496,11.9434867730539,10.1891172043058,8.68819945037686,8.00010750366778,9.13948826970965,9.49053321126911,7.89821993018373,8.00509163014333,10.5788201156323,11.8849197806368,11.4517442802036,12.6300465616627,12.014721023198,14.2285557477685,12.1669919256757,12.6253315012435,14.3073573548136,12.8053984044893,10.9019425882835,12.8661384741755,12.4201837805316,13.2827122113997,14.5948606028202,13.9605767818912,12.7891921377403,13.1225253788428,12.834726614175,13.1910499814697,13.4234501264334,12.0202975701068,11.5542013230409,11.7667040422972,13.8687702024604,13.777955001099,12.4580402662993,10.7791018910093,9.78135236362503,10.5679533953555,11.0302061300289,12.353400309662,13.5540045624421,13.2615545190785,13.7741482283954,14.6272855195813,15.593202954094,14.8366525774989,13.9744510061605,15.270472849079,14.951204027279,13.9554120513298,12.5227516526524,12.8634423206831,14.5113567091459,16.4390660107562,19.5457989975603,16.3142436756794,12.0688611634974,15.5552092038012,15.1436489616876,17.6187152012849,17.5508863279995,15.1423732882901,12.8387658315584,13.6008059560613,14.3391719829465,12.7053415203603,14.4086647870306,12.151833844262
"YARNER","2023",10.0466687088866,8.03457457544613,5.64152415208233,7.25685801036623,6.99085353766033,9.95210390151168,7.4759611414926,7.63040887731266,9.81647611243555,11.3964916478868,8.05476432369422,5.7037204434968,7.84520257297409,7.6606841369821,8.72672305523123,10.9231141937246,11.7134250772276,9.99972830410664,9.47291423086629,8.82159210934854,7.62076393704405,6.18695182208268,7.79632307470879,8.45370374328961,6.65654074226545,8.51118027402185,10.4295365886955,12.8431315637828,11.0052239605224,12.1091001984485,12.4015098406525,11.3110569491784,11.1543430189278,11.1376278861066,12.6817607625896,14.1143362769996,13.0502971202576,12.3318069144773,13.2403363071804,12.2250502412328,11.7978083277344,12.2825039762843,14.0261465980665,12.8841650859733,11.1655887060387,10.5655247450895,11.7928880840951,13.4623074055849,12.7276198849074,13.6491709083254,13.187544114661,14.1654459206112,12.5967090330586,13.9993645473139,14.2552537382499,14.3158517702166,13.188598928094,15.0659202894516,13.4141734341741,13.5058354290523,14.5593600954687,14.0704182017654,13.1950380641948,13.8953483549912,15.9848415502691,14.7933886991374,13.3191007060576,14.5013259267629,16.1551127356669,17.7675548941562,18.0657408649824,18.0315243738451,18.6439927520838,20.4418216234236,19.7588165240476,18.7470925036721,18.3694139088723,17.9879684134974,16.5813404353291,17.674725376816,17.6017648253101,16.8391907621681,17.9101120187161,17.4271315677973,20.4111380640891,18.9075093943641,15.8812336237697,16.6677690090248,19.1689706507848,16.1969561409826,14.3129039917249
