"site","year","day","tasmin","tasmax","tasmean"
"BELTWOOD","2011","April_01",9.27182534364967,13.8714340133013,11.5716296784755
"BELTWOOD","2011","April_02",10.1619795498936,12.5392136344507,11.3505965921722
"BELTWOOD","2011","April_03",5.88924701172563,11.86504679195,8.8771469018378
"BELTWOOD","2011","April_04",3.28655679651931,11.2768333696369,7.28169508307811
"BELTWOOD","2011","April_05",7.07617621475734,13.9998958100617,10.5380360124095
"BELTWOOD","2011","April_06",10.2364947744443,16.3508609730082,13.2936778737262
"BELTWOOD","2011","April_07",8.75036193192576,13.0721108795954,10.9112364057606
"BELTWOOD","2011","April_08",4.64172622041837,16.6175700485391,10.6296481344788
"BELTWOOD","2011","April_09",6.17895764238026,20.6143122984661,13.3966349704232
"BELTWOOD","2011","April_10",7.20683162665666,18.5050236595161,12.8559276430864
"BELTWOOD","2011","April_11",7.97990777392395,12.8481979587995,10.4140528663617
"BELTWOOD","2011","April_12",4.47274073854861,11.4569051569603,7.96482294775446
"BELTWOOD","2011","April_13",4.99549906306094,9.76055038022145,7.3780247216412
"BELTWOOD","2011","April_14",6.46513078550352,12.1466960968939,9.3059134411987
"BELTWOOD","2011","April_15",8.11452843488655,13.1906160049535,10.65257221992
"BELTWOOD","2011","April_16",6.27772033673389,14.2463673796112,10.2620438581726
"BELTWOOD","2011","April_17",2.04591262991466,15.6766534174452,8.86128302367993
"BELTWOOD","2011","April_18",5.74667743946024,18.2885457000165,12.0176115697384
"BELTWOOD","2011","April_19",5.95093644849343,18.9743449985185,12.462640723506
"BELTWOOD","2011","April_20",5.35704345882984,19.8210573324448,12.5890503956373
"BELTWOOD","2011","April_21",6.15917505790182,22.3110243532759,14.2350997055888
"BELTWOOD","2011","April_22",9.25207686583697,22.3425595360972,15.7973182009671
"BELTWOOD","2011","April_23",10.3790267564686,16.7427760507989,13.5609014036337
"BELTWOOD","2011","April_24",5.85582998394104,16.4154273635728,11.1356286737569
"BELTWOOD","2011","April_25",4.03169654432364,17.322338662465,10.6770176033943
"BELTWOOD","2011","April_26",6.27467747590834,13.2301373435756,9.75240740974199
"BELTWOOD","2011","April_27",6.30176313155609,15.9822538237642,11.1420084776602
"BELTWOOD","2011","April_28",0.77455740129467,16.0806493773859,8.42760338934027
"BELTWOOD","2011","April_29",6.46441133618153,17.0731825424623,11.7687969393219
"BELTWOOD","2011","April_30",8.31812671577829,17.7176724041356,13.0178995599569
"BELTWOOD","2011","May_01",6.76400833828912,18.1497101817874,12.4568592600382
"BELTWOOD","2011","May_02",4.81775584191246,15.1188769262972,9.96831638410482
"BELTWOOD","2011","May_03",1.96955887061695,14.501997495903,8.23577818325997
"BELTWOOD","2011","May_04",1.11513148322438,16.4542647882772,8.78469813575078
"BELTWOOD","2011","May_05",7.81128243969442,18.0749241261087,12.9431032829015
"BELTWOOD","2011","May_06",10.4672166585483,19.9229681916213,15.1950924250848
"BELTWOOD","2011","May_07",12.2051963243014,19.5061665502554,15.8556814372784
"BELTWOOD","2011","May_08",13.6703248897919,17.656396690827,15.6633607903095
"BELTWOOD","2011","May_09",8.71532027431047,17.9423898558908,13.3288550651006
"BELTWOOD","2011","May_10",8.95689228899844,16.9222435322171,12.9395679106078
"BELTWOOD","2011","May_11",9.68515941669252,15.1949089491231,12.4400341829078
"BELTWOOD","2011","May_12",9.0384963671948,13.9022677475984,11.4703820573966
"BELTWOOD","2011","May_13",6.75611213888484,13.0429334460579,9.89952279247135
"BELTWOOD","2011","May_14",5.98916470723286,12.3600448392312,9.17460477323203
"BELTWOOD","2011","May_15",6.91484457332533,12.0915740818909,9.50320932760812
"BELTWOOD","2011","May_16",8.89853082632801,12.6002011395311,10.7493659829295
"BELTWOOD","2011","May_17",10.3219382458382,14.1894149868186,12.2556766163284
"BELTWOOD","2011","May_18",10.4775953930837,14.0078879693849,12.2427416812343
"BELTWOOD","2011","May_19",6.87701409908853,13.5204287855649,10.1987214423267
"BELTWOOD","2011","May_20",7.54533970551056,13.9734888949611,10.7594143002359
"BELTWOOD","2011","May_21",6.88589243744955,17.0290330618771,11.9574627496633
"BELTWOOD","2011","May_22",7.91279568722403,13.8189465407045,10.8658711139643
"BELTWOOD","2011","May_23",8.36177116892787,14.0342681509747,11.1980196599513
"BELTWOOD","2011","May_24",7.93056995453332,13.4211231907695,10.6758465726514
"BELTWOOD","2011","May_25",5.36111026749741,16.0760733210886,10.718591794293
"BELTWOOD","2011","May_26",9.01792175986783,13.9434203897958,11.4806710748318
"BELTWOOD","2011","May_27",8.56264811262791,13.1778470186109,10.8702475656194
"BELTWOOD","2011","May_28",9.38673227604594,13.4495176802839,11.4181249781649
"BELTWOOD","2011","May_29",9.66886586869212,15.5818258065909,12.6253458376415
"BELTWOOD","2011","May_30",9.29247246492937,13.6061369635385,11.449304714234
"BELTWOOD","2011","May_31",5.51095572337237,14.4944503562444,10.0027030398084
"BELTWOOD","2011","June_01",8.0803232676263,15.7202474287979,11.9002853482121
"BELTWOOD","2011","June_02",11.5918283991793,21.1877418439814,16.3897851215804
"BELTWOOD","2011","June_03",10.1585269152274,25.0964083673507,17.6274676412891
"BELTWOOD","2011","June_04",11.2742596352535,18.3268301256794,14.8005448804665
"BELTWOOD","2011","June_05",8.82292172581572,13.0092250770667,10.9160734014412
"BELTWOOD","2011","June_06",8.82592712645272,14.3867939649051,11.6063605456789
"BELTWOOD","2011","June_07",5.82021615087817,15.0816109125253,10.4509135317018
"BELTWOOD","2011","June_08",7.89406649342971,14.5831337801492,11.2386001367895
"BELTWOOD","2011","June_09",8.25572834188182,14.0421083451261,11.148918343504
"BELTWOOD","2011","June_10",4.38178948196111,13.8187142277177,9.1002518548394
"BELTWOOD","2011","June_11",4.00906530158662,14.6921407297921,9.35060301568938
"BELTWOOD","2011","June_12",5.54520953922645,14.7725613943324,10.1588854667794
"BELTWOOD","2011","June_13",10.333644323319,15.6752834076281,13.0044638654735
"BELTWOOD","2011","June_14",6.82338958468533,19.0037119858899,12.9135507852876
"BELTWOOD","2011","June_15",10.5570444099276,18.4461984402741,14.5016214251009
"BELTWOOD","2011","June_16",10.3431765579273,15.8996895893571,13.1214330736422
"BELTWOOD","2011","June_17",8.32265688595882,17.3915498530445,12.8571033695016
"BELTWOOD","2011","June_18",10.8474978850028,15.2746395534456,13.0610687192242
"BELTWOOD","2011","June_19",10.8491054634512,15.6167460419124,13.2329257526818
"BELTWOOD","2011","June_20",9.24517539661905,18.5009167018608,13.8730460492399
"BELTWOOD","2011","June_21",12.5014304670666,17.7384390817261,15.1199347743963
"BELTWOOD","2011","June_22",11.5664405124528,16.1515960681553,13.859018290304
"BELTWOOD","2011","June_23",10.8673443872382,15.7360334147032,13.3016889009707
"BELTWOOD","2011","June_24",8.33839997698569,15.4638612945429,11.9011306357643
"BELTWOOD","2011","June_25",9.18167150392602,18.732461837547,13.9570666707365
"BELTWOOD","2011","June_26",14.2343702080603,24.2607359678611,19.2475530879607
"BELTWOOD","2011","June_27",14.5451829854849,24.648435538743,19.596809262114
"BELTWOOD","2011","June_28",9.38711614882037,17.5949491027892,13.4910326258048
"BELTWOOD","2011","June_29",7.82648958225012,16.7580777214759,12.292283651863
"BELTWOOD","2011","June_30",7.99379362095483,16.358459942543,12.1761267817489
"BELTWOOD","2012","April_01",-1.56911166444107,11.5791634317153,5.00502588363713
"BELTWOOD","2012","April_02",5.534838035169,10.5379611101081,8.03639957263856
"BELTWOOD","2012","April_03",6.2243307912686,8.51824766610423,7.37128922868641
"BELTWOOD","2012","April_04",1.51858011573397,7.24069116900995,4.37963564237196
"BELTWOOD","2012","April_05",-2.04389940223017,9.45835861922333,3.70722960849658
"BELTWOOD","2012","April_06",1.32444909996629,9.33947190973652,5.33196050485141
"BELTWOOD","2012","April_07",5.37719727277404,10.4222564172289,7.89972684500146
"BELTWOOD","2012","April_08",6.81234743777026,10.5492300752962,8.68078875653325
"BELTWOOD","2012","April_09",5.43034739706408,8.55538657021386,6.99286698363897
"BELTWOOD","2012","April_10",3.88131756280371,9.64550493393095,6.76341124836733
"BELTWOOD","2012","April_11",3.72061254642232,11.0887185194885,7.4046655329554
"BELTWOOD","2012","April_12",2.41716521885223,11.3457009938843,6.88143310636826
"BELTWOOD","2012","April_13",3.11892438514593,10.6999497384887,6.9094370618173
"BELTWOOD","2012","April_14",0.0956521443447957,9.31885212271852,4.70725213353166
"BELTWOOD","2012","April_15",-1.03042494604497,9.63554935886211,4.30256220640857
"BELTWOOD","2012","April_16",-1.03616347681743,10.2810899937441,4.62246325846331
"BELTWOOD","2012","April_17",4.47383358500449,10.8052237588135,7.63952867190897
"BELTWOOD","2012","April_18",2.95761300923303,8.8729784550376,5.91529573213531
"BELTWOOD","2012","April_19",4.18216057145459,11.2961674941041,7.73916403277935
"BELTWOOD","2012","April_20",3.35521275710611,11.4431296582085,7.39917120765732
"BELTWOOD","2012","April_21",3.64746896662767,11.3834713945589,7.51547018059329
"BELTWOOD","2012","April_22",5.29448482703403,11.791143818379,8.54281432270653
"BELTWOOD","2012","April_23",3.38709615874754,11.317096359317,7.35209625903228
"BELTWOOD","2012","April_24",1.82899706312651,11.12772121455,6.47835913883826
"BELTWOOD","2012","April_25",3.7254797810448,9.94594381809447,6.83571179956964
"BELTWOOD","2012","April_26",5.44288493656676,11.4028504969244,8.42286771674557
"BELTWOOD","2012","April_27",4.69806203515838,10.9034123475215,7.80073719133996
"BELTWOOD","2012","April_28",3.04796464111054,10.3620233499174,6.70499399551399
"BELTWOOD","2012","April_29",3.69799394690047,12.1450861190531,7.92154003297676
"BELTWOOD","2012","April_30",3.89102196419927,15.754591736037,9.82280685011812
"BELTWOOD","2012","May_01",8.30691923744042,12.6014712508461,10.4541952441432
"BELTWOOD","2012","May_02",7.25067671930283,14.9914616340774,11.1210691766901
"BELTWOOD","2012","May_03",4.7630140878559,13.0967709763529,8.92989253210442
"BELTWOOD","2012","May_04",4.57662707767269,10.5344006586985,7.55551386818559
"BELTWOOD","2012","May_05",-1.34022984869312,9.51534192715311,4.08755603922999
"BELTWOOD","2012","May_06",0.471146353268679,10.7535802413056,5.61236329728713
"BELTWOOD","2012","May_07",2.67894872269264,11.0319096069414,6.85542916481704
"BELTWOOD","2012","May_08",5.5335191884479,13.3130604871604,9.42328983780417
"BELTWOOD","2012","May_09",3.98500740523167,13.4252353691455,8.70512138718859
"BELTWOOD","2012","May_10",7.91183694821248,14.1003887508789,11.0061128495457
"BELTWOOD","2012","May_11",5.95827615042642,10.9090428181737,8.43365948430007
"BELTWOOD","2012","May_12",2.64847329469107,12.6435741655298,7.64602373011043
"BELTWOOD","2012","May_13",6.57680942117197,12.7103155092448,9.64356246520841
"BELTWOOD","2012","May_14",6.37423331421087,11.9172352641889,9.1457342891999
"BELTWOOD","2012","May_15",3.81338245179096,11.5363170849127,7.67484976835183
"BELTWOOD","2012","May_16",1.36744458415366,11.4136003820673,6.3905224831105
"BELTWOOD","2012","May_17",3.56061380838329,11.5782813476395,7.56944757801137
"BELTWOOD","2012","May_18",5.89430350448364,11.6599884785208,8.77714599150224
"BELTWOOD","2012","May_19",5.88258567144034,11.7955115164421,8.83904859394121
"BELTWOOD","2012","May_20",3.0343227770524,13.4191520396895,8.22673740837097
"BELTWOOD","2012","May_21",3.67424861134307,17.0327515057072,10.3535000585251
"BELTWOOD","2012","May_22",6.33005743395854,19.7610656192669,13.0455615266127
"BELTWOOD","2012","May_23",8.38635597467466,19.0754162193492,13.7308860970119
"BELTWOOD","2012","May_24",10.0898282236753,23.7776152928766,16.9337217582759
"BELTWOOD","2012","May_25",12.0757387422076,24.6101258372591,18.3429322897334
"BELTWOOD","2012","May_26",12.3611490375702,24.1716886667011,18.2664188521357
"BELTWOOD","2012","May_27",10.4188190162972,24.3371843354801,17.3780016758886
"BELTWOOD","2012","May_28",10.6737854380762,24.2478186026875,17.4608020203818
"BELTWOOD","2012","May_29",9.5166768461914,17.9894410510271,13.7530589486092
"BELTWOOD","2012","May_30",9.41302902884389,20.032526089631,14.7227775592374
"BELTWOOD","2012","May_31",12.3327512494325,15.5855513558141,13.9591513026233
"BELTWOOD","2012","June_01",11.2494566001279,16.8324030051169,14.0409298026224
"BELTWOOD","2012","June_02",8.80273109924195,15.6016747989431,12.2022029490925
"BELTWOOD","2012","June_03",7.06173922940926,11.2699699387848,9.16585458409705
"BELTWOOD","2012","June_04",4.70335833890985,14.5574752716901,9.63041680529997
"BELTWOOD","2012","June_05",4.62107729659497,13.7766571084653,9.19886720253014
"BELTWOOD","2012","June_06",10.5401710696439,16.1711964074006,13.3556837385222
"BELTWOOD","2012","June_07",9.53578122796499,15.1826556094982,12.3592184187316
"BELTWOOD","2012","June_08",11.1245215996385,14.6305033700193,12.8775124848289
"BELTWOOD","2012","June_09",11.075730186266,14.6596199028569,12.8676750445614
"BELTWOOD","2012","June_10",9.65841742672542,16.9467440693925,13.302580748059
"BELTWOOD","2012","June_11",9.92186850569991,14.370552653952,12.146210579826
"BELTWOOD","2012","June_12",5.56707480562443,14.666635272546,10.1168550390852
"BELTWOOD","2012","June_13",8.62504450940482,14.5512204538355,11.5881324816202
"BELTWOOD","2012","June_14",8.79366941253737,17.1193119276405,12.956490670089
"BELTWOOD","2012","June_15",8.7920767913032,16.2707458313281,12.5314113113157
"BELTWOOD","2012","June_16",10.872091722547,14.4174146392998,12.6447531809234
"BELTWOOD","2012","June_17",10.3523717163198,14.3475875478689,12.3499796320944
"BELTWOOD","2012","June_18",6.5839015273106,16.826371503778,11.7051365155443
"BELTWOOD","2012","June_19",9.13650885978961,16.8523706337093,12.9944397467495
"BELTWOOD","2012","June_20",4.92576373779448,19.7998145235884,12.3627891306914
"BELTWOOD","2012","June_21",10.1600376768479,15.7660623979396,12.9630500373937
"BELTWOOD","2012","June_22",10.2196116472106,13.157663444578,11.6886375458943
"BELTWOOD","2012","June_23",10.4164148218113,14.8338430240649,12.6251289229381
"BELTWOOD","2012","June_24",9.6317634353134,16.2391562296885,12.9354598325009
"BELTWOOD","2012","June_25",10.2307674202023,17.0077320628257,13.619249741514
"BELTWOOD","2012","June_26",7.34812523242673,20.0909893100398,13.7195572712333
"BELTWOOD","2012","June_27",14.1971646791191,19.3141799256968,16.7556723024079
"BELTWOOD","2012","June_28",14.0749674026869,22.543021661869,18.308994532278
"BELTWOOD","2012","June_29",12.4391056783375,18.4200800030574,15.4295928406974
"BELTWOOD","2012","June_30",12.0632963891251,17.5517250090828,14.807510699104
"BLACKPOOL","2013","April_01",0.196079110945702,3.31154132985082,1.75381022039826
"BLACKPOOL","2013","April_02",-1.85782154309824,6.7637285645849,2.45295351074333
"BLACKPOOL","2013","April_03",-2.27188834806641,6.96868380484928,2.34839772839144
"BLACKPOOL","2013","April_04",-1.17916325632683,3.86103781057449,1.34093727712383
"BLACKPOOL","2013","April_05",-0.886885786039321,6.79607675489271,2.95459548442669
"BLACKPOOL","2013","April_06",-1.21434069717764,9.44326817597643,4.11446373939939
"BLACKPOOL","2013","April_07",-1.8052352388608,6.01303435998534,2.10389956056227
"BLACKPOOL","2013","April_08",2.39034876176359,5.25419828607161,3.8222735239176
"BLACKPOOL","2013","April_09",3.30684554784588,6.58442822601672,4.9456368869313
"BLACKPOOL","2013","April_10",1.69941483335749,7.61292020181331,4.6561675175854
"BLACKPOOL","2013","April_11",3.50896623513876,12.0098559402789,7.75941108770882
"BLACKPOOL","2013","April_12",5.54980061415757,10.0810507201605,7.81542566715902
"BLACKPOOL","2013","April_13",4.19462043326286,11.5010496969296,7.84783506509625
"BLACKPOOL","2013","April_14",5.75998694483238,12.56992621421,9.16495657952117
"BLACKPOOL","2013","April_15",8.78818722952129,12.5264431618755,10.6573151956984
"BLACKPOOL","2013","April_16",8.71242908487424,14.0098489915979,11.3611390382361
"BLACKPOOL","2013","April_17",8.28525372389571,12.6231336360085,10.4541936799521
"BLACKPOOL","2013","April_18",6.70900893257107,11.5474562882548,9.12823261041291
"BLACKPOOL","2013","April_19",5.52115604336042,10.9181733352022,8.21966468928131
"BLACKPOOL","2013","April_20",0.443735445522614,12.6971468566501,6.57044115108637
"BLACKPOOL","2013","April_21",0.48208883236333,10.9579481062874,5.72001846932536
"BLACKPOOL","2013","April_22",4.81401335421767,12.2826849478742,8.54834915104594
"BLACKPOOL","2013","April_23",6.66726535920798,16.2886807855055,11.4779730723567
"BLACKPOOL","2013","April_24",5.84927159886785,15.1401498090227,10.4947107039453
"BLACKPOOL","2013","April_25",5.82793421879319,14.9862141909346,10.4070742048639
"BLACKPOOL","2013","April_26",5.33087128404618,10.6319255059789,7.98139839501254
"BLACKPOOL","2013","April_27",2.27829014205,10.2565091279046,6.26739963497731
"BLACKPOOL","2013","April_28",2.2730651315743,11.3910915323124,6.83207833194337
"BLACKPOOL","2013","April_29",4.11328174232838,12.4296741704429,8.27147795638562
"BLACKPOOL","2013","April_30",3.03003925452425,12.8300038452354,7.93002154987984
"BLACKPOOL","2013","May_01",1.60975950989104,14.2439837501881,7.92687163003956
"BLACKPOOL","2013","May_02",4.66152025430119,16.1999951120374,10.4307576831693
"BLACKPOOL","2013","May_03",3.78493888396572,13.3911408858408,8.58803988490324
"BLACKPOOL","2013","May_04",6.8392882410883,14.3426206695241,10.5909544553062
"BLACKPOOL","2013","May_05",7.9467681504043,15.8952250315906,11.9209965909974
"BLACKPOOL","2013","May_06",4.13839664035833,16.835083152787,10.4867398965727
"BLACKPOOL","2013","May_07",5.94102206355303,16.6145145268704,11.2777682952117
"BLACKPOOL","2013","May_08",9.73960838793645,13.6848966366413,11.7122525122889
"BLACKPOOL","2013","May_09",5.54607090787966,12.4482341719461,8.99715253991288
"BLACKPOOL","2013","May_10",7.43064864869132,13.2675695476983,10.3491090981948
"BLACKPOOL","2013","May_11",5.72452431662778,12.1489844177481,8.93675436718792
"BLACKPOOL","2013","May_12",4.51287997106417,11.0209302201744,7.76690509561929
"BLACKPOOL","2013","May_13",7.79826018696194,12.8010403132107,10.2996502500863
"BLACKPOOL","2013","May_14",5.76741504561195,8.5141631643689,7.14078910499043
"BLACKPOOL","2013","May_15",1.7586225418275,11.3489525612217,6.55378755152462
"BLACKPOOL","2013","May_16",1.67037753466896,12.4470778311828,7.05872768292587
"BLACKPOOL","2013","May_17",1.82910895406105,12.9777804327784,7.40344469341974
"BLACKPOOL","2013","May_18",4.64716965866627,15.5994489729396,10.1233093158029
"BLACKPOOL","2013","May_19",5.05960765967428,15.295568013333,10.1775878365036
"BLACKPOOL","2013","May_20",6.42284068541796,15.9968240757869,11.2098323806024
"BLACKPOOL","2013","May_21",9.87425739064253,15.4927818831881,12.6835196369153
"BLACKPOOL","2013","May_22",8.18127222368932,14.6165019876279,11.3988871056586
"BLACKPOOL","2013","May_23",4.85112388348814,11.265456376767,8.05829013012755
"BLACKPOOL","2013","May_24",4.02941894253178,11.4269000536704,7.72815949810111
"BLACKPOOL","2013","May_25",3.65938294975255,13.8713447756754,8.76536386271398
"BLACKPOOL","2013","May_26",2.5552006618156,16.0307058651201,9.29295326346783
"BLACKPOOL","2013","May_27",3.92395041429528,13.2058162255348,8.56488331991505
"BLACKPOOL","2013","May_28",4.89916612917578,12.8305200070715,8.86484306812366
"BLACKPOOL","2013","May_29",6.157554466311,15.331115908925,10.744335187618
"BLACKPOOL","2013","May_30",7.1924290871972,18.3349902575719,12.7637096723846
"BLACKPOOL","2013","May_31",8.25352277978951,19.2516395477552,13.7525811637723
"BLACKPOOL","2013","June_01",8.31333731237319,15.8492303736355,12.0812838430043
"BLACKPOOL","2013","June_02",6.81604482982216,18.365509293002,12.5907770614121
"BLACKPOOL","2013","June_03",7.71911972564584,17.9842717487287,12.8516957371873
"BLACKPOOL","2013","June_04",4.70042587070009,18.0075994424222,11.3540126565612
"BLACKPOOL","2013","June_05",8.00055928244233,16.868861233087,12.4347102577647
"BLACKPOOL","2013","June_06",9.0734160757521,19.7541209289235,14.4137685023378
"BLACKPOOL","2013","June_07",11.4249362485903,19.3813675230476,15.403151885819
"BLACKPOOL","2013","June_08",11.0017825846289,19.7361267949222,15.3689546897755
"BLACKPOOL","2013","June_09",6.75877157586665,17.3803344600254,12.069553017946
"BLACKPOOL","2013","June_10",4.56423826752071,13.3792505494978,8.97174440850926
"BLACKPOOL","2013","June_11",9.27310133321074,16.0707543209557,12.6719278270832
"BLACKPOOL","2013","June_12",11.3824842113482,15.5050869255037,13.443785568426
"BLACKPOOL","2013","June_13",10.7297677238276,15.4385411920548,13.0841544579412
"BLACKPOOL","2013","June_14",8.72857300609443,16.1165587594445,12.4225658827695
"BLACKPOOL","2013","June_15",8.92961408599839,15.6296761154419,12.2796451007201
"BLACKPOOL","2013","June_16",9.3826951284029,13.5398001314717,11.4612476299373
"BLACKPOOL","2013","June_17",9.42127626559734,19.602833328271,14.5120547969342
"BLACKPOOL","2013","June_18",11.6093777230725,18.8981127668096,15.2537452449411
"BLACKPOOL","2013","June_19",10.4058160939375,22.6960620587113,16.5509390763244
"BLACKPOOL","2013","June_20",13.2245638081379,17.5580630734757,15.3913134408068
"BLACKPOOL","2013","June_21",10.7510025183158,14.8740513618646,12.8125269400902
"BLACKPOOL","2013","June_22",10.8792485493807,12.7457399260883,11.8124942377345
"BLACKPOOL","2013","June_23",8.99399018878757,15.0589958541056,12.0264930214466
"BLACKPOOL","2013","June_24",10.7515794139202,16.0808497879056,13.4162146009129
"BLACKPOOL","2013","June_25",4.94016377107454,17.5814831718314,11.260823471453
"BLACKPOOL","2013","June_26",7.52098378495283,18.1558868391164,12.8384353120346
"BLACKPOOL","2013","June_27",10.401290322334,19.7830852147769,15.0921877685555
"BLACKPOOL","2013","June_28",10.5408361186666,18.4603645872911,14.5006003529789
"BLACKPOOL","2013","June_29",13.0028096814418,19.7857598639361,16.3942847726889
"BLACKPOOL","2013","June_30",10.8418275581459,19.4602606919648,15.1510441250554
"BLACKWOOD","2011","April_01",9.27182534364967,13.8714340133013,11.5716296784755
"BLACKWOOD","2011","April_02",10.1619795498936,12.5392136344507,11.3505965921722
"BLACKWOOD","2011","April_03",5.88924701172563,11.86504679195,8.8771469018378
"BLACKWOOD","2011","April_04",3.28655679651931,11.2768333696369,7.28169508307811
"BLACKWOOD","2011","April_05",7.07617621475734,13.9998958100617,10.5380360124095
"BLACKWOOD","2011","April_06",10.2364947744443,16.3508609730082,13.2936778737262
"BLACKWOOD","2011","April_07",8.75036193192576,13.0721108795954,10.9112364057606
"BLACKWOOD","2011","April_08",4.64172622041837,16.6175700485391,10.6296481344788
"BLACKWOOD","2011","April_09",6.17895764238026,20.6143122984661,13.3966349704232
"BLACKWOOD","2011","April_10",7.20683162665666,18.5050236595161,12.8559276430864
"BLACKWOOD","2011","April_11",7.97990777392395,12.8481979587995,10.4140528663617
"BLACKWOOD","2011","April_12",4.47274073854861,11.4569051569603,7.96482294775446
"BLACKWOOD","2011","April_13",4.99549906306094,9.76055038022145,7.3780247216412
"BLACKWOOD","2011","April_14",6.46513078550352,12.1466960968939,9.3059134411987
"BLACKWOOD","2011","April_15",8.11452843488655,13.1906160049535,10.65257221992
"BLACKWOOD","2011","April_16",6.27772033673389,14.2463673796112,10.2620438581726
"BLACKWOOD","2011","April_17",2.04591262991466,15.6766534174452,8.86128302367993
"BLACKWOOD","2011","April_18",5.74667743946024,18.2885457000165,12.0176115697384
"BLACKWOOD","2011","April_19",5.95093644849343,18.9743449985185,12.462640723506
"BLACKWOOD","2011","April_20",5.35704345882984,19.8210573324448,12.5890503956373
"BLACKWOOD","2011","April_21",6.15917505790182,22.3110243532759,14.2350997055888
"BLACKWOOD","2011","April_22",9.25207686583697,22.3425595360972,15.7973182009671
"BLACKWOOD","2011","April_23",10.3790267564686,16.7427760507989,13.5609014036337
"BLACKWOOD","2011","April_24",5.85582998394104,16.4154273635728,11.1356286737569
"BLACKWOOD","2011","April_25",4.03169654432364,17.322338662465,10.6770176033943
"BLACKWOOD","2011","April_26",6.27467747590834,13.2301373435756,9.75240740974199
"BLACKWOOD","2011","April_27",6.30176313155609,15.9822538237642,11.1420084776602
"BLACKWOOD","2011","April_28",0.77455740129467,16.0806493773859,8.42760338934027
"BLACKWOOD","2011","April_29",6.46441133618153,17.0731825424623,11.7687969393219
"BLACKWOOD","2011","April_30",8.31812671577829,17.7176724041356,13.0178995599569
"BLACKWOOD","2011","May_01",6.76400833828912,18.1497101817874,12.4568592600382
"BLACKWOOD","2011","May_02",4.81775584191246,15.1188769262972,9.96831638410482
"BLACKWOOD","2011","May_03",1.96955887061695,14.501997495903,8.23577818325997
"BLACKWOOD","2011","May_04",1.11513148322438,16.4542647882772,8.78469813575078
"BLACKWOOD","2011","May_05",7.81128243969442,18.0749241261087,12.9431032829015
"BLACKWOOD","2011","May_06",10.4672166585483,19.9229681916213,15.1950924250848
"BLACKWOOD","2011","May_07",12.2051963243014,19.5061665502554,15.8556814372784
"BLACKWOOD","2011","May_08",13.6703248897919,17.656396690827,15.6633607903095
"BLACKWOOD","2011","May_09",8.71532027431047,17.9423898558908,13.3288550651006
"BLACKWOOD","2011","May_10",8.95689228899844,16.9222435322171,12.9395679106078
"BLACKWOOD","2011","May_11",9.68515941669252,15.1949089491231,12.4400341829078
"BLACKWOOD","2011","May_12",9.0384963671948,13.9022677475984,11.4703820573966
"BLACKWOOD","2011","May_13",6.75611213888484,13.0429334460579,9.89952279247135
"BLACKWOOD","2011","May_14",5.98916470723286,12.3600448392312,9.17460477323203
"BLACKWOOD","2011","May_15",6.91484457332533,12.0915740818909,9.50320932760812
"BLACKWOOD","2011","May_16",8.89853082632801,12.6002011395311,10.7493659829295
"BLACKWOOD","2011","May_17",10.3219382458382,14.1894149868186,12.2556766163284
"BLACKWOOD","2011","May_18",10.4775953930837,14.0078879693849,12.2427416812343
"BLACKWOOD","2011","May_19",6.87701409908853,13.5204287855649,10.1987214423267
"BLACKWOOD","2011","May_20",7.54533970551056,13.9734888949611,10.7594143002359
"BLACKWOOD","2011","May_21",6.88589243744955,17.0290330618771,11.9574627496633
"BLACKWOOD","2011","May_22",7.91279568722403,13.8189465407045,10.8658711139643
"BLACKWOOD","2011","May_23",8.36177116892787,14.0342681509747,11.1980196599513
"BLACKWOOD","2011","May_24",7.93056995453332,13.4211231907695,10.6758465726514
"BLACKWOOD","2011","May_25",5.36111026749741,16.0760733210886,10.718591794293
"BLACKWOOD","2011","May_26",9.01792175986783,13.9434203897958,11.4806710748318
"BLACKWOOD","2011","May_27",8.56264811262791,13.1778470186109,10.8702475656194
"BLACKWOOD","2011","May_28",9.38673227604594,13.4495176802839,11.4181249781649
"BLACKWOOD","2011","May_29",9.66886586869212,15.5818258065909,12.6253458376415
"BLACKWOOD","2011","May_30",9.29247246492937,13.6061369635385,11.449304714234
"BLACKWOOD","2011","May_31",5.51095572337237,14.4944503562444,10.0027030398084
"BLACKWOOD","2011","June_01",8.0803232676263,15.7202474287979,11.9002853482121
"BLACKWOOD","2011","June_02",11.5918283991793,21.1877418439814,16.3897851215804
"BLACKWOOD","2011","June_03",10.1585269152274,25.0964083673507,17.6274676412891
"BLACKWOOD","2011","June_04",11.2742596352535,18.3268301256794,14.8005448804665
"BLACKWOOD","2011","June_05",8.82292172581572,13.0092250770667,10.9160734014412
"BLACKWOOD","2011","June_06",8.82592712645272,14.3867939649051,11.6063605456789
"BLACKWOOD","2011","June_07",5.82021615087817,15.0816109125253,10.4509135317018
"BLACKWOOD","2011","June_08",7.89406649342971,14.5831337801492,11.2386001367895
"BLACKWOOD","2011","June_09",8.25572834188182,14.0421083451261,11.148918343504
"BLACKWOOD","2011","June_10",4.38178948196111,13.8187142277177,9.1002518548394
"BLACKWOOD","2011","June_11",4.00906530158662,14.6921407297921,9.35060301568938
"BLACKWOOD","2011","June_12",5.54520953922645,14.7725613943324,10.1588854667794
"BLACKWOOD","2011","June_13",10.333644323319,15.6752834076281,13.0044638654735
"BLACKWOOD","2011","June_14",6.82338958468533,19.0037119858899,12.9135507852876
"BLACKWOOD","2011","June_15",10.5570444099276,18.4461984402741,14.5016214251009
"BLACKWOOD","2011","June_16",10.3431765579273,15.8996895893571,13.1214330736422
"BLACKWOOD","2011","June_17",8.32265688595882,17.3915498530445,12.8571033695016
"BLACKWOOD","2011","June_18",10.8474978850028,15.2746395534456,13.0610687192242
"BLACKWOOD","2011","June_19",10.8491054634512,15.6167460419124,13.2329257526818
"BLACKWOOD","2011","June_20",9.24517539661905,18.5009167018608,13.8730460492399
"BLACKWOOD","2011","June_21",12.5014304670666,17.7384390817261,15.1199347743963
"BLACKWOOD","2011","June_22",11.5664405124528,16.1515960681553,13.859018290304
"BLACKWOOD","2011","June_23",10.8673443872382,15.7360334147032,13.3016889009707
"BLACKWOOD","2011","June_24",8.33839997698569,15.4638612945429,11.9011306357643
"BLACKWOOD","2011","June_25",9.18167150392602,18.732461837547,13.9570666707365
"BLACKWOOD","2011","June_26",14.2343702080603,24.2607359678611,19.2475530879607
"BLACKWOOD","2011","June_27",14.5451829854849,24.648435538743,19.596809262114
"BLACKWOOD","2011","June_28",9.38711614882037,17.5949491027892,13.4910326258048
"BLACKWOOD","2011","June_29",7.82648958225012,16.7580777214759,12.292283651863
"BLACKWOOD","2011","June_30",7.99379362095483,16.358459942543,12.1761267817489
"BLACKWOOD","2012","April_01",-1.56911166444107,11.5791634317153,5.00502588363713
"BLACKWOOD","2012","April_02",5.534838035169,10.5379611101081,8.03639957263856
"BLACKWOOD","2012","April_03",6.2243307912686,8.51824766610423,7.37128922868641
"BLACKWOOD","2012","April_04",1.51858011573397,7.24069116900995,4.37963564237196
"BLACKWOOD","2012","April_05",-2.04389940223017,9.45835861922333,3.70722960849658
"BLACKWOOD","2012","April_06",1.32444909996629,9.33947190973652,5.33196050485141
"BLACKWOOD","2012","April_07",5.37719727277404,10.4222564172289,7.89972684500146
"BLACKWOOD","2012","April_08",6.81234743777026,10.5492300752962,8.68078875653325
"BLACKWOOD","2012","April_09",5.43034739706408,8.55538657021386,6.99286698363897
"BLACKWOOD","2012","April_10",3.88131756280371,9.64550493393095,6.76341124836733
"BLACKWOOD","2012","April_11",3.72061254642232,11.0887185194885,7.4046655329554
"BLACKWOOD","2012","April_12",2.41716521885223,11.3457009938843,6.88143310636826
"BLACKWOOD","2012","April_13",3.11892438514593,10.6999497384887,6.9094370618173
"BLACKWOOD","2012","April_14",0.0956521443447957,9.31885212271852,4.70725213353166
"BLACKWOOD","2012","April_15",-1.03042494604497,9.63554935886211,4.30256220640857
"BLACKWOOD","2012","April_16",-1.03616347681743,10.2810899937441,4.62246325846331
"BLACKWOOD","2012","April_17",4.47383358500449,10.8052237588135,7.63952867190897
"BLACKWOOD","2012","April_18",2.95761300923303,8.8729784550376,5.91529573213531
"BLACKWOOD","2012","April_19",4.18216057145459,11.2961674941041,7.73916403277935
"BLACKWOOD","2012","April_20",3.35521275710611,11.4431296582085,7.39917120765732
"BLACKWOOD","2012","April_21",3.64746896662767,11.3834713945589,7.51547018059329
"BLACKWOOD","2012","April_22",5.29448482703403,11.791143818379,8.54281432270653
"BLACKWOOD","2012","April_23",3.38709615874754,11.317096359317,7.35209625903228
"BLACKWOOD","2012","April_24",1.82899706312651,11.12772121455,6.47835913883826
"BLACKWOOD","2012","April_25",3.7254797810448,9.94594381809447,6.83571179956964
"BLACKWOOD","2012","April_26",5.44288493656676,11.4028504969244,8.42286771674557
"BLACKWOOD","2012","April_27",4.69806203515838,10.9034123475215,7.80073719133996
"BLACKWOOD","2012","April_28",3.04796464111054,10.3620233499174,6.70499399551399
"BLACKWOOD","2012","April_29",3.69799394690047,12.1450861190531,7.92154003297676
"BLACKWOOD","2012","April_30",3.89102196419927,15.754591736037,9.82280685011812
"BLACKWOOD","2012","May_01",8.30691923744042,12.6014712508461,10.4541952441432
"BLACKWOOD","2012","May_02",7.25067671930283,14.9914616340774,11.1210691766901
"BLACKWOOD","2012","May_03",4.7630140878559,13.0967709763529,8.92989253210442
"BLACKWOOD","2012","May_04",4.57662707767269,10.5344006586985,7.55551386818559
"BLACKWOOD","2012","May_05",-1.34022984869312,9.51534192715311,4.08755603922999
"BLACKWOOD","2012","May_06",0.471146353268679,10.7535802413056,5.61236329728713
"BLACKWOOD","2012","May_07",2.67894872269264,11.0319096069414,6.85542916481704
"BLACKWOOD","2012","May_08",5.5335191884479,13.3130604871604,9.42328983780417
"BLACKWOOD","2012","May_09",3.98500740523167,13.4252353691455,8.70512138718859
"BLACKWOOD","2012","May_10",7.91183694821248,14.1003887508789,11.0061128495457
"BLACKWOOD","2012","May_11",5.95827615042642,10.9090428181737,8.43365948430007
"BLACKWOOD","2012","May_12",2.64847329469107,12.6435741655298,7.64602373011043
"BLACKWOOD","2012","May_13",6.57680942117197,12.7103155092448,9.64356246520841
"BLACKWOOD","2012","May_14",6.37423331421087,11.9172352641889,9.1457342891999
"BLACKWOOD","2012","May_15",3.81338245179096,11.5363170849127,7.67484976835183
"BLACKWOOD","2012","May_16",1.36744458415366,11.4136003820673,6.3905224831105
"BLACKWOOD","2012","May_17",3.56061380838329,11.5782813476395,7.56944757801137
"BLACKWOOD","2012","May_18",5.89430350448364,11.6599884785208,8.77714599150224
"BLACKWOOD","2012","May_19",5.88258567144034,11.7955115164421,8.83904859394121
"BLACKWOOD","2012","May_20",3.0343227770524,13.4191520396895,8.22673740837097
"BLACKWOOD","2012","May_21",3.67424861134307,17.0327515057072,10.3535000585251
"BLACKWOOD","2012","May_22",6.33005743395854,19.7610656192669,13.0455615266127
"BLACKWOOD","2012","May_23",8.38635597467466,19.0754162193492,13.7308860970119
"BLACKWOOD","2012","May_24",10.0898282236753,23.7776152928766,16.9337217582759
"BLACKWOOD","2012","May_25",12.0757387422076,24.6101258372591,18.3429322897334
"BLACKWOOD","2012","May_26",12.3611490375702,24.1716886667011,18.2664188521357
"BLACKWOOD","2012","May_27",10.4188190162972,24.3371843354801,17.3780016758886
"BLACKWOOD","2012","May_28",10.6737854380762,24.2478186026875,17.4608020203818
"BLACKWOOD","2012","May_29",9.5166768461914,17.9894410510271,13.7530589486092
"BLACKWOOD","2012","May_30",9.41302902884389,20.032526089631,14.7227775592374
"BLACKWOOD","2012","May_31",12.3327512494325,15.5855513558141,13.9591513026233
"BLACKWOOD","2012","June_01",11.2494566001279,16.8324030051169,14.0409298026224
"BLACKWOOD","2012","June_02",8.80273109924195,15.6016747989431,12.2022029490925
"BLACKWOOD","2012","June_03",7.06173922940926,11.2699699387848,9.16585458409705
"BLACKWOOD","2012","June_04",4.70335833890985,14.5574752716901,9.63041680529997
"BLACKWOOD","2012","June_05",4.62107729659497,13.7766571084653,9.19886720253014
"BLACKWOOD","2012","June_06",10.5401710696439,16.1711964074006,13.3556837385222
"BLACKWOOD","2012","June_07",9.53578122796499,15.1826556094982,12.3592184187316
"BLACKWOOD","2012","June_08",11.1245215996385,14.6305033700193,12.8775124848289
"BLACKWOOD","2012","June_09",11.075730186266,14.6596199028569,12.8676750445614
"BLACKWOOD","2012","June_10",9.65841742672542,16.9467440693925,13.302580748059
"BLACKWOOD","2012","June_11",9.92186850569991,14.370552653952,12.146210579826
"BLACKWOOD","2012","June_12",5.56707480562443,14.666635272546,10.1168550390852
"BLACKWOOD","2012","June_13",8.62504450940482,14.5512204538355,11.5881324816202
"BLACKWOOD","2012","June_14",8.79366941253737,17.1193119276405,12.956490670089
"BLACKWOOD","2012","June_15",8.7920767913032,16.2707458313281,12.5314113113157
"BLACKWOOD","2012","June_16",10.872091722547,14.4174146392998,12.6447531809234
"BLACKWOOD","2012","June_17",10.3523717163198,14.3475875478689,12.3499796320944
"BLACKWOOD","2012","June_18",6.5839015273106,16.826371503778,11.7051365155443
"BLACKWOOD","2012","June_19",9.13650885978961,16.8523706337093,12.9944397467495
"BLACKWOOD","2012","June_20",4.92576373779448,19.7998145235884,12.3627891306914
"BLACKWOOD","2012","June_21",10.1600376768479,15.7660623979396,12.9630500373937
"BLACKWOOD","2012","June_22",10.2196116472106,13.157663444578,11.6886375458943
"BLACKWOOD","2012","June_23",10.4164148218113,14.8338430240649,12.6251289229381
"BLACKWOOD","2012","June_24",9.6317634353134,16.2391562296885,12.9354598325009
"BLACKWOOD","2012","June_25",10.2307674202023,17.0077320628257,13.619249741514
"BLACKWOOD","2012","June_26",7.34812523242673,20.0909893100398,13.7195572712333
"BLACKWOOD","2012","June_27",14.1971646791191,19.3141799256968,16.7556723024079
"BLACKWOOD","2012","June_28",14.0749674026869,22.543021661869,18.308994532278
"BLACKWOOD","2012","June_29",12.4391056783375,18.4200800030574,15.4295928406974
"BLACKWOOD","2012","June_30",12.0632963891251,17.5517250090828,14.807510699104
"BRIDFORD","2012","April_01",-0.169119943390199,11.042025981713,5.43645301916139
"BRIDFORD","2012","April_02",-0.513120821607452,12.9614992775348,6.22418922796369
"BRIDFORD","2012","April_03",0.870808830323647,12.3899746513684,6.63039174084604
"BRIDFORD","2012","April_04",1.55752634106708,7.41781911967909,4.48767273037308
"BRIDFORD","2012","April_05",2.38457933246233,7.99280675902632,5.18869304574433
"BRIDFORD","2012","April_06",-1.38729620287289,11.1449910949655,4.87884744604631
"BRIDFORD","2012","April_07",3.8974381402142,12.6791988848021,8.28831851250813
"BRIDFORD","2012","April_08",5.80698776660651,13.6526997979445,9.72984378227549
"BRIDFORD","2012","April_09",7.56187536789706,10.7432926513097,9.15258400960339
"BRIDFORD","2012","April_10",2.73485821742231,10.9528351392943,6.84384667835831
"BRIDFORD","2012","April_11",2.17508480869438,12.2352089256443,7.20514686716935
"BRIDFORD","2012","April_12",1.6036644034603,12.8084130576885,7.20603873057439
"BRIDFORD","2012","April_13",-0.316397537467422,12.4125461914011,6.04807432696684
"BRIDFORD","2012","April_14",1.60101778511481,10.1959602561656,5.89848902064023
"BRIDFORD","2012","April_15",0.834082047257368,10.5188639902071,5.67647301873223
"BRIDFORD","2012","April_16",-0.828256273433541,10.8174537135211,4.99459872004379
"BRIDFORD","2012","April_17",5.31465092867103,10.8909173332245,8.10278413094778
"BRIDFORD","2012","April_18",4.24505357346018,9.14191323520999,6.69348340433508
"BRIDFORD","2012","April_19",5.05677769289631,10.2977306183148,7.67725415560557
"BRIDFORD","2012","April_20",3.60646752565489,11.5890656696633,7.59776659765908
"BRIDFORD","2012","April_21",0.857852152061414,11.6325925165039,6.24522233428266
"BRIDFORD","2012","April_22",2.52329496505119,11.1246544279848,6.82397469651801
"BRIDFORD","2012","April_23",2.88051657518593,9.29183008823123,6.08617333170858
"BRIDFORD","2012","April_24",3.20136105290833,12.7194605725314,7.96041081271986
"BRIDFORD","2012","April_25",4.39138305425586,11.8080373481478,8.09971020120181
"BRIDFORD","2012","April_26",5.51113852349222,12.19724068767,8.8541896055811
"BRIDFORD","2012","April_27",5.61511494948216,13.1887270118526,9.40192098066738
"BRIDFORD","2012","April_28",5.6181265165428,8.74059788224485,7.17936219939382
"BRIDFORD","2012","April_29",2.69868557260122,9.24134920672181,5.97001738966152
"BRIDFORD","2012","April_30",4.14157303914358,12.6861980589574,8.41388554905051
"BRIDFORD","2012","May_01",8.10596388411861,14.5669961766963,11.3364800304075
"BRIDFORD","2012","May_02",4.92968466706226,16.4820168061859,10.7058507366241
"BRIDFORD","2012","May_03",7.93838360146234,9.63097634864047,8.78467997505141
"BRIDFORD","2012","May_04",7.34507389711147,11.6279209366605,9.48649741688596
"BRIDFORD","2012","May_05",4.63627272152058,9.22447498831466,6.93037385491762
"BRIDFORD","2012","May_06",4.30553676001139,12.0904886274181,8.19801269371474
"BRIDFORD","2012","May_07",5.67479750536529,14.7310366953368,10.2029171003511
"BRIDFORD","2012","May_08",9.34726170881565,15.7073281140989,12.5272949114573
"BRIDFORD","2012","May_09",7.24160218459719,14.3619751597893,10.8017886721932
"BRIDFORD","2012","May_10",10.304854756087,14.2169886909591,12.2609217235231
"BRIDFORD","2012","May_11",8.75103962716777,12.6694569277938,10.7102482774808
"BRIDFORD","2012","May_12",2.81415528526747,14.1130003522374,8.46357781875246
"BRIDFORD","2012","May_13",3.63614227816174,15.2011096987992,9.41862598848047
"BRIDFORD","2012","May_14",5.07040985103709,12.4250442163387,8.74772703368791
"BRIDFORD","2012","May_15",5.13983890312973,11.6774659779513,8.4086524405405
"BRIDFORD","2012","May_16",1.61026929319275,14.0013335978836,7.80580144553817
"BRIDFORD","2012","May_17",5.71823336629796,12.223827008257,8.97103018727745
"BRIDFORD","2012","May_18",6.36968880678663,12.6981032255833,9.53389601618496
"BRIDFORD","2012","May_19",6.70953208964317,14.710797794296,10.7101649419696
"BRIDFORD","2012","May_20",8.46237597970559,15.1565721291137,11.8094740544097
"BRIDFORD","2012","May_21",6.00219936896783,17.5615949402612,11.7818971546145
"BRIDFORD","2012","May_22",6.62739744358075,19.749776192489,13.1885868180349
"BRIDFORD","2012","May_23",8.56941944887999,21.651540870203,15.1104801595415
"BRIDFORD","2012","May_24",9.10663553554838,24.432084922592,16.7693602290702
"BRIDFORD","2012","May_25",14.9188380834662,25.5080165904203,20.2134273369432
"BRIDFORD","2012","May_26",13.9538089598687,23.1896415980147,18.5717252789417
"BRIDFORD","2012","May_27",11.2536043338721,19.6860026966611,15.4698035152666
"BRIDFORD","2012","May_28",8.71432316338012,19.8310884419947,14.2727058026874
"BRIDFORD","2012","May_29",9.31286340350548,21.065949845105,15.1894066243053
"BRIDFORD","2012","May_30",10.0362674892263,19.4779865898903,14.7571270395583
"BRIDFORD","2012","May_31",11.1167337934806,20.0906406497937,15.6036872216371
"BRIDFORD","2012","June_01",13.6229138154584,19.8919355847053,16.7574247000818
"BRIDFORD","2012","June_02",11.7834694206552,19.0717483415652,15.4276088811102
"BRIDFORD","2012","June_03",12.1442042036658,16.5450156110519,14.3446099073588
"BRIDFORD","2012","June_04",8.25478782248028,14.8772038280652,11.5659958252728
"BRIDFORD","2012","June_05",8.74386583929801,15.3389084949607,12.0413871671294
"BRIDFORD","2012","June_06",10.2843807492241,17.7433931844389,14.0138869668315
"BRIDFORD","2012","June_07",11.6255600814282,14.9997266584722,13.3126433699502
"BRIDFORD","2012","June_08",11.0149689229069,14.297972524306,12.6564707236065
"BRIDFORD","2012","June_09",8.63206449083779,16.6254712394577,12.6287678651477
"BRIDFORD","2012","June_10",9.79537139919458,13.9903053320029,11.8928383655987
"BRIDFORD","2012","June_11",9.29532320283739,16.0460189532722,12.6706710780548
"BRIDFORD","2012","June_12",10.1987698700667,16.5114471681556,13.3551085191111
"BRIDFORD","2012","June_13",9.81711033187758,15.463074657254,12.6400924945658
"BRIDFORD","2012","June_14",9.09974652736702,14.4368167214454,11.7682816244062
"BRIDFORD","2012","June_15",10.6643552109918,15.5305481453388,13.0974516781653
"BRIDFORD","2012","June_16",11.4709148986972,15.0110000305639,13.2409574646306
"BRIDFORD","2012","June_17",9.95800638123298,17.2336534185584,13.5958298998957
"BRIDFORD","2012","June_18",7.93369285265835,17.4490772561659,12.6913850544121
"BRIDFORD","2012","June_19",6.96653391570577,18.5644348590575,12.7654843873816
"BRIDFORD","2012","June_20",6.09778348544878,17.8432608654367,11.9705221754427
"BRIDFORD","2012","June_21",10.8470440660199,14.5677179759586,12.7073810209892
"BRIDFORD","2012","June_22",9.96410612742788,16.7454170163944,13.3547615719111
"BRIDFORD","2012","June_23",10.1351401363509,16.9501999884223,13.5426700623866
"BRIDFORD","2012","June_24",10.983191436668,18.1495938515103,14.5663926440891
"BRIDFORD","2012","June_25",9.30312791897407,18.913924821263,14.1085263701186
"BRIDFORD","2012","June_26",11.8924938596553,19.696758382511,15.7946261210831
"BRIDFORD","2012","June_27",13.90804084608,19.766301544228,16.837171195154
"BRIDFORD","2012","June_28",15.0712538812456,22.067536092419,18.5693949868323
"BRIDFORD","2012","June_29",13.2482148987703,17.5204142128297,15.3843145558
"BRIDFORD","2012","June_30",12.1141186645371,17.8517796674555,14.9829491659963
"BRIDFORD","2013","April_01",-0.676708290055585,4.29818683014209,1.81073927004325
"BRIDFORD","2013","April_02",-2.49589213502621,8.15770452294974,2.83090619396176
"BRIDFORD","2013","April_03",-3.32164847179185,7.76216535641008,2.22025844230912
"BRIDFORD","2013","April_04",-1.56667791884924,4.07998409425318,1.25665308770197
"BRIDFORD","2013","April_05",-0.777346660429199,8.11656550127358,3.66960942042219
"BRIDFORD","2013","April_06",-3.00341248015909,9.38521215622572,3.19089983803332
"BRIDFORD","2013","April_07",-2.5875407521621,7.21829009586802,2.31537467185296
"BRIDFORD","2013","April_08",2.48309255122417,6.53907927208668,4.51108591165542
"BRIDFORD","2013","April_09",2.88190577622734,7.79513496061349,5.33852036842041
"BRIDFORD","2013","April_10",1.25460968337686,8.81812625915765,5.03636797126726
"BRIDFORD","2013","April_11",4.20026619199715,12.9460595482257,8.57316287011143
"BRIDFORD","2013","April_12",5.0645752641537,11.5266802816475,8.29562777290059
"BRIDFORD","2013","April_13",2.95649883827254,12.6883225876022,7.82241071293737
"BRIDFORD","2013","April_14",7.0066336849907,13.6384612393575,10.3225474621741
"BRIDFORD","2013","April_15",8.49090696498361,13.8905911674696,11.1907490662266
"BRIDFORD","2013","April_16",8.52321689781487,14.9914837041392,11.7573503009771
"BRIDFORD","2013","April_17",7.7694887348317,13.4019026024338,10.5856956686327
"BRIDFORD","2013","April_18",6.75771045381573,12.4645668290609,9.61113864143829
"BRIDFORD","2013","April_19",5.80973893144704,12.8745422612487,9.34214059634788
"BRIDFORD","2013","April_20",0.795473039717805,12.9557511862784,6.87561211299809
"BRIDFORD","2013","April_21",-0.584655836312557,11.2217169916008,5.31853057764415
"BRIDFORD","2013","April_22",3.80389627433355,12.1789346186839,7.99141544650874
"BRIDFORD","2013","April_23",5.79180621702145,15.5090313979531,10.6504188074873
"BRIDFORD","2013","April_24",6.55494591728545,15.0851252826926,10.820035599989
"BRIDFORD","2013","April_25",7.008166932978,14.4106960905303,10.7094315117541
"BRIDFORD","2013","April_26",4.86226726039643,10.6936589571573,7.77796310877685
"BRIDFORD","2013","April_27",2.11582775967,11.3188212987772,6.7173245292236
"BRIDFORD","2013","April_28",1.10036024587564,11.5553059485038,6.3278330971897
"BRIDFORD","2013","April_29",3.90784515033925,12.2840915533853,8.09596835186227
"BRIDFORD","2013","April_30",1.13910745625218,13.6071477615261,7.37312760888916
"BRIDFORD","2013","May_01",1.32231257072147,14.4620275517575,7.89217006123947
"BRIDFORD","2013","May_02",4.56302482410588,15.8044245860834,10.1837247050947
"BRIDFORD","2013","May_03",4.49748811510821,14.1738925716256,9.3356903433669
"BRIDFORD","2013","May_04",7.82359713881386,14.1284787250809,10.9760379319474
"BRIDFORD","2013","May_05",9.31279071170271,16.9204848539602,13.1166377828315
"BRIDFORD","2013","May_06",4.13448152910632,16.483379670433,10.3089305997696
"BRIDFORD","2013","May_07",6.1746130493951,17.3924166244285,11.7835148369118
"BRIDFORD","2013","May_08",10.2514387105639,14.7112736784314,12.4813561944977
"BRIDFORD","2013","May_09",6.3287404847951,12.3702944688151,9.34951747680508
"BRIDFORD","2013","May_10",8.2217530659588,13.9039363899666,11.0628447279627
"BRIDFORD","2013","May_11",5.93053975792693,11.9485920815632,8.93956591974509
"BRIDFORD","2013","May_12",5.12217158711257,11.7907235698604,8.45644757848646
"BRIDFORD","2013","May_13",8.40320979881822,12.2021710999708,10.3026904493945
"BRIDFORD","2013","May_14",6.21729921872183,9.04595905097296,7.6316291348474
"BRIDFORD","2013","May_15",2.96672910889103,11.3278701131093,7.14729961100017
"BRIDFORD","2013","May_16",1.87069179572293,12.0982739848491,6.98448289028602
"BRIDFORD","2013","May_17",0.904387962667725,13.6185659937545,7.26147697821111
"BRIDFORD","2013","May_18",4.18124322126762,15.6664072276935,9.92382522448056
"BRIDFORD","2013","May_19",6.01000079020619,16.170118816425,11.0900598033156
"BRIDFORD","2013","May_20",7.04135071061925,15.9207913880148,11.481071049317
"BRIDFORD","2013","May_21",10.5277790323714,14.4287597126409,12.4782693725061
"BRIDFORD","2013","May_22",8.17331111269833,14.843507835203,11.5084094739506
"BRIDFORD","2013","May_23",5.4773362879182,11.1300815904405,8.30370893917933
"BRIDFORD","2013","May_24",5.11313631255485,11.7405903275212,8.42686332003801
"BRIDFORD","2013","May_25",3.45656293913645,14.5830475487525,9.01980524394446
"BRIDFORD","2013","May_26",3.21937948408625,15.8919457066295,9.55566259535786
"BRIDFORD","2013","May_27",3.68023072874221,13.0717991038882,8.37601491631521
"BRIDFORD","2013","May_28",5.84895980649999,11.8685986745554,8.85877924052771
"BRIDFORD","2013","May_29",6.64980928479739,15.5209884883917,11.0853988865946
"BRIDFORD","2013","May_30",9.43148661245733,18.0144059493864,13.7229462809219
"BRIDFORD","2013","May_31",8.02462176452293,19.5647037096618,13.7946627370924
"BRIDFORD","2013","June_01",8.74919437362633,15.822575405407,12.2858848895166
"BRIDFORD","2013","June_02",6.5820502887352,17.6758359110848,12.12894309991
"BRIDFORD","2013","June_03",6.67228711210986,18.9222137974469,12.7972504547784
"BRIDFORD","2013","June_04",5.73737864345267,19.3178443410038,12.5276114922283
"BRIDFORD","2013","June_05",7.99742656456981,18.8755040861095,13.4364653253397
"BRIDFORD","2013","June_06",8.60551582124842,20.8250639785925,14.7152898999204
"BRIDFORD","2013","June_07",11.4823679236579,19.600605921876,15.541486922767
"BRIDFORD","2013","June_08",10.6714238576108,20.4430133342291,15.5572185959199
"BRIDFORD","2013","June_09",7.63123283807913,18.165128297054,12.8981805675666
"BRIDFORD","2013","June_10",5.62762473860679,15.2975246926482,10.4625747156275
"BRIDFORD","2013","June_11",10.1342636477675,17.3475254094218,13.7408945285947
"BRIDFORD","2013","June_12",12.2626875846313,16.0742357283866,14.168461656509
"BRIDFORD","2013","June_13",11.5346486494463,16.0278089715136,13.7812288104799
"BRIDFORD","2013","June_14",8.96416534577852,16.7634074689577,12.8637864073681
"BRIDFORD","2013","June_15",9.02491644307286,16.0505298812499,12.5377231621614
"BRIDFORD","2013","June_16",9.62889890985679,13.7867221285224,11.7078105191896
"BRIDFORD","2013","June_17",10.394928303669,20.2508196299078,15.3228739667884
"BRIDFORD","2013","June_18",12.2799969494815,20.1839592435737,16.2319780965276
"BRIDFORD","2013","June_19",10.7649429271251,23.2437070828931,17.0043250050091
"BRIDFORD","2013","June_20",13.5660186650593,16.4222712690925,14.9941449670759
"BRIDFORD","2013","June_21",12.0102486740629,17.0743384081095,14.5422935410862
"BRIDFORD","2013","June_22",11.4030742176866,15.3343071680577,13.3686906928722
"BRIDFORD","2013","June_23",11.4272603770228,13.7244362400868,12.5758483085548
"BRIDFORD","2013","June_24",8.98300855765952,16.5594545055835,12.7712315316215
"BRIDFORD","2013","June_25",4.327210097767,18.702054448713,11.51463227324
"BRIDFORD","2013","June_26",7.29677202229003,19.4784638564734,13.3876179393817
"BRIDFORD","2013","June_27",9.85671017047225,19.3229211341609,14.5898156523166
"BRIDFORD","2013","June_28",12.0399020436302,18.2426241644777,15.141263104054
"BRIDFORD","2013","June_29",13.0698200081147,19.6290009077249,16.3494104579198
"BRIDFORD","2013","June_30",11.1464424205448,19.3205181546949,15.2334802876198
"BVW","2014","April_01",2.34179239130314,14.900388125618,8.62109025846058
"BVW","2014","April_02",8.45778810950375,13.3767695632988,10.9172788364013
"BVW","2014","April_03",8.41188544513292,11.5585385276507,9.98521198639181
"BVW","2014","April_04",7.556636665654,14.2883850928912,10.9225108792726
"BVW","2014","April_05",8.24898869225683,13.5515108780265,10.9002497851416
"BVW","2014","April_06",10.7355476582387,12.7366187944366,11.7360832263377
"BVW","2014","April_07",10.6122950374171,12.4215553470765,11.5169251922468
"BVW","2014","April_08",5.23550404116637,11.9098132352643,8.57265863821532
"BVW","2014","April_09",4.05109715096518,13.5379880025999,8.79454257678256
"BVW","2014","April_10",2.45349765045494,12.2264886430852,7.33999314677007
"BVW","2014","April_11",4.65647108224424,14.5315517290035,9.59401140562387
"BVW","2014","April_12",3.17793901521375,12.0174273833519,7.59768319928282
"BVW","2014","April_13",4.30450810238246,12.6947185110496,8.49961330671603
"BVW","2014","April_14",4.65654498831448,14.3088751843346,9.48271008632456
"BVW","2014","April_15",5.00729413261962,13.6473487270322,9.32732142982593
"BVW","2014","April_16",5.50889043477222,13.4701858623765,9.48953814857434
"BVW","2014","April_17",1.82756211151846,14.7794571095278,8.30350961052312
"BVW","2014","April_18",5.42016132885406,14.42573843323,9.92294988104202
"BVW","2014","April_19",1.26180648812722,11.3310214317203,6.29641395992377
"BVW","2014","April_20",3.66112812408712,9.91673622651731,6.78893217530221
"BVW","2014","April_21",6.04770962840861,13.5724821065503,9.81009586747948
"BVW","2014","April_22",6.55717432579029,14.4981508322191,10.5276625790047
"BVW","2014","April_23",8.78887515122169,14.6524965091486,11.7206858301851
"BVW","2014","April_24",4.80874159258927,14.0114349345938,9.41008826359152
"BVW","2014","April_25",5.11022102166634,15.0465383791786,10.0783797004225
"BVW","2014","April_26",7.5022608779386,11.4558962533283,9.47907856563343
"BVW","2014","April_27",7.13798148316904,12.6827131969743,9.91034734007167
"BVW","2014","April_28",7.38950100233657,15.3617669819358,11.3756339921362
"BVW","2014","April_29",7.70678382355782,15.3461245399754,11.5264541817666
"BVW","2014","April_30",5.45890242764045,14.6050975196326,10.0319999736365
"BVW","2014","May_01",9.14961717640599,14.2542600120668,11.7019385942364
"BVW","2014","May_02",8.43041318442366,12.9258912972889,10.6781522408563
"BVW","2014","May_03",7.16122951930487,12.4103774684923,9.78580349389857
"BVW","2014","May_04",3.41540641954307,13.7758372588287,8.59562183918588
"BVW","2014","May_05",5.18276976411055,15.2707468242991,10.2267582942048
"BVW","2014","May_06",7.79607969114452,14.6289404262396,11.2125100586921
"BVW","2014","May_07",8.32321474903227,13.5866256633575,10.9549202061949
"BVW","2014","May_08",9.40311011953418,14.629977706851,12.0165439131926
"BVW","2014","May_09",9.48642840193608,14.6539122961044,12.0701703490202
"BVW","2014","May_10",9.7177966148945,13.001866549085,11.3598315819898
"BVW","2014","May_11",6.89976295000935,12.9352050364706,9.91748399323998
"BVW","2014","May_12",6.67126313136957,13.6794511134366,10.1753571224031
"BVW","2014","May_13",8.31657341023518,15.0534540483213,11.6850137292782
"BVW","2014","May_14",5.99723174467567,16.9147633132699,11.4559975289728
"BVW","2014","May_15",6.99921865167564,18.6519370118777,12.8255778317767
"BVW","2014","May_16",7.56834942703883,18.6754000707374,13.1218747488881
"BVW","2014","May_17",8.72750505662488,20.1755064011462,14.4515057288855
"BVW","2014","May_18",8.90288130909903,19.6248058563687,14.2638435827339
"BVW","2014","May_19",10.3643458330013,17.5218348286268,13.9430903308141
"BVW","2014","May_20",10.9798491138713,15.4698249991948,13.224837056533
"BVW","2014","May_21",4.36179981849555,17.2399256245849,10.8008627215402
"BVW","2014","May_22",8.99869405726467,14.331234454349,11.6649642558068
"BVW","2014","May_23",9.34899817887193,14.2720418527483,11.8105200158101
"BVW","2014","May_24",7.65078825505098,13.7335959350925,10.6921920950717
"BVW","2014","May_25",9.53997316724873,14.3119865520341,11.9259798596414
"BVW","2014","May_26",6.64122419768764,16.159977124489,11.4006006610883
"BVW","2014","May_27",9.69889820646308,16.3143267978398,13.0066125021514
"BVW","2014","May_28",9.99866303297133,14.737063536376,12.3678632846736
"BVW","2014","May_29",10.839942412523,15.2394544186239,13.0396984155735
"BVW","2014","May_30",11.1208796580944,16.0943090543436,13.607594356219
"BVW","2014","May_31",9.15948989372766,18.4137847026375,13.7866372981826
"BVW","2014","June_01",8.99252709668421,17.6255891324121,13.3090581145482
"BVW","2014","June_02",10.8591996679194,17.9772686756498,14.4182341717846
"BVW","2014","June_03",10.2726975057882,16.237544495428,13.2551210006081
"BVW","2014","June_04",8.60940093546273,14.1932642600492,11.401332597756
"BVW","2014","June_05",7.53524637847058,16.3513296470955,11.9432880127831
"BVW","2014","June_06",8.81735830484457,19.6851311529393,14.2512447288919
"BVW","2014","June_07",11.8880862890504,18.2424439475654,15.0652651183079
"BVW","2014","June_08",10.8720006518733,18.8240801585743,14.8480404052238
"BVW","2014","June_09",12.0153172942322,20.0372264133948,16.0262718538135
"BVW","2014","June_10",10.3994752227132,16.9550188037318,13.6772470132225
"BVW","2014","June_11",10.1619865207647,19.2369665014859,14.6994765111253
"BVW","2014","June_12",8.22765680679121,21.5828047069196,14.9052307568554
"BVW","2014","June_13",10.9161330412873,23.1659654309673,17.0410492361273
"BVW","2014","June_14",11.6871076723438,23.0228217207864,17.3549646965651
"BVW","2014","June_15",13.4442194362527,21.1097695131577,17.2769944747052
"BVW","2014","June_16",13.4409131845683,19.5450993105483,16.4930062475583
"BVW","2014","June_17",10.1321006646232,20.4053242039786,15.2687124343009
"BVW","2014","June_18",11.8590881718607,22.5560968675983,17.2075925197295
"BVW","2014","June_19",12.6725467111938,23.1698007036059,17.9211737073999
"BVW","2014","June_20",11.0760849463493,20.942207230085,16.0091460882172
"BVW","2014","June_21",9.12113238894987,20.5754691328784,14.8483007609141
"BVW","2014","June_22",10.6983837688836,23.1724511686008,16.9354174687422
"BVW","2014","June_23",9.97930358558212,23.1012618354617,16.5402827105219
"BVW","2014","June_24",11.2144396047072,23.2491408978524,17.2317902512798
"BVW","2014","June_25",12.3683517479665,18.6068227934266,15.4875872706965
"BVW","2014","June_26",10.3416691738159,17.2330657314461,13.787367452631
"BVW","2014","June_27",10.7273102119258,18.5550686822147,14.6411894470703
"BVW","2014","June_28",10.3645487750803,17.8332973901338,14.098923082607
"BVW","2014","June_29",10.3837620812231,17.8801905680967,14.1319763246599
"BVW","2014","June_30",8.0622981632555,18.9489999911856,13.5056490772206
"DUNSFORD","2012","April_01",0.192743270824195,10.3313811395241,5.26206220517417
"DUNSFORD","2012","April_02",-0.530079809035417,12.1551386304893,5.81252941072696
"DUNSFORD","2012","April_03",1.1431387406237,11.440539222404,6.29183898151386
"DUNSFORD","2012","April_04",1.32129783623357,6.50068650925223,3.9109921727429
"DUNSFORD","2012","April_05",2.33863211052033,7.10976792676769,4.72420001864401
"DUNSFORD","2012","April_06",-1.14801158349779,10.2631890366598,4.557588726581
"DUNSFORD","2012","April_07",3.79998143591547,11.9016298528177,7.85080564436658
"DUNSFORD","2012","April_08",5.58905602125953,12.5698621305015,9.07945907588049
"DUNSFORD","2012","April_09",7.17950937191434,9.92002612673342,8.54976774932388
"DUNSFORD","2012","April_10",2.68351990424966,10.0716802365942,6.37760007042195
"DUNSFORD","2012","April_11",2.44057642433033,11.2744333320955,6.8575048782129
"DUNSFORD","2012","April_12",1.95891080020524,11.7660588202686,6.8624848102369
"DUNSFORD","2012","April_13",-0.0470633970203418,11.5613483979664,5.75714250047301
"DUNSFORD","2012","April_14",1.59285475806501,9.1234625061169,5.35815863209096
"DUNSFORD","2012","April_15",0.748953025823153,9.50104102987436,5.12499702784876
"DUNSFORD","2012","April_16",-0.758928468732118,10.268057000452,4.75456426585994
"DUNSFORD","2012","April_17",4.9216857223237,9.87261471916776,7.39715022074573
"DUNSFORD","2012","April_18",4.0022810846822,8.1966694006458,6.099475242664
"DUNSFORD","2012","April_19",4.75237186963586,9.37437937733916,7.06337562348751
"DUNSFORD","2012","April_20",3.52246899403365,10.6383176837338,7.08039333888372
"DUNSFORD","2012","April_21",1.18049959121787,10.6152766092821,5.89788810025
"DUNSFORD","2012","April_22",2.73139613443979,10.0976682015142,6.41453216797698
"DUNSFORD","2012","April_23",3.00951003633552,8.40561470146846,5.70756236890199
"DUNSFORD","2012","April_24",3.31172552424357,11.7740317235428,7.5428786238932
"DUNSFORD","2012","April_25",4.10801596293903,10.9303933783811,7.51920467066006
"DUNSFORD","2012","April_26",5.34688602700454,11.1379689736229,8.24242750031374
"DUNSFORD","2012","April_27",5.42054535908785,12.2880908416527,8.85431810037029
"DUNSFORD","2012","April_28",5.58174995513028,7.84144918036734,6.71159956774881
"DUNSFORD","2012","April_29",2.50590464914908,8.39140132287434,5.44865298601171
"DUNSFORD","2012","April_30",3.87476511698575,11.711565663018,7.79316539000189
"DUNSFORD","2012","May_01",7.1875860503315,14.0946864171991,10.6411362337653
"DUNSFORD","2012","May_02",4.59649423134077,16.3392762632328,10.4678852472868
"DUNSFORD","2012","May_03",7.40708216304709,9.05700407010678,8.23204311657693
"DUNSFORD","2012","May_04",6.65877057930965,11.0491746093267,8.85397259431815
"DUNSFORD","2012","May_05",3.97331131097403,8.4019285081859,6.18761990957996
"DUNSFORD","2012","May_06",3.40377045257771,11.3768101899292,7.39029032125347
"DUNSFORD","2012","May_07",5.29082826834651,14.0122517228478,9.65153999559714
"DUNSFORD","2012","May_08",8.68636996250017,14.8401291770988,11.7632495697995
"DUNSFORD","2012","May_09",6.65285338580878,13.6259789856774,10.1394161857431
"DUNSFORD","2012","May_10",9.56268780286002,13.7367176333483,11.6497027181042
"DUNSFORD","2012","May_11",7.83084893092297,11.6851776621543,9.75801329653863
"DUNSFORD","2012","May_12",2.41877768277606,13.1360870493626,7.77743236606932
"DUNSFORD","2012","May_13",3.01958554443008,14.4930870158585,8.75633628014428
"DUNSFORD","2012","May_14",4.6650035981694,11.5846260201266,8.12481480914799
"DUNSFORD","2012","May_15",4.42836063176143,10.8424510134794,7.6354058226204
"DUNSFORD","2012","May_16",1.45050664422417,13.2958743280286,7.37319048612637
"DUNSFORD","2012","May_17",5.21678863424505,11.5619323525672,8.38936049340613
"DUNSFORD","2012","May_18",5.58684064689059,11.9482455847002,8.76754311579542
"DUNSFORD","2012","May_19",6.02284859068867,14.0377190528945,10.0302838217916
"DUNSFORD","2012","May_20",7.99613366891268,14.651196023777,11.3236648463448
"DUNSFORD","2012","May_21",5.28896309411562,16.7671299232903,11.0280465087029
"DUNSFORD","2012","May_22",6.22899801185637,19.1293999119017,12.679198961879
"DUNSFORD","2012","May_23",8.62429530029287,21.0391077833918,14.8317015418423
"DUNSFORD","2012","May_24",8.73127371348854,24.1487400273793,16.4400068704339
"DUNSFORD","2012","May_25",14.885132811441,25.0999134286425,19.9925231200418
"DUNSFORD","2012","May_26",13.6686587473317,22.4192518074901,18.0439552774109
"DUNSFORD","2012","May_27",10.9192984419365,18.7315375645406,14.8254180032386
"DUNSFORD","2012","May_28",8.58785217071311,19.2799369131464,13.9338945419297
"DUNSFORD","2012","May_29",9.11907575456677,20.6302830402045,14.8746793973856
"DUNSFORD","2012","May_30",9.83591718689717,18.9126643539578,14.3742907704275
"DUNSFORD","2012","May_31",10.7025857902369,19.2077874049339,14.9551865975854
"DUNSFORD","2012","June_01",12.9631916149529,19.1523246241189,16.0577581195359
"DUNSFORD","2012","June_02",11.3222471372176,18.1342500752294,14.7282486062235
"DUNSFORD","2012","June_03",11.4685786077998,15.3561631944635,13.4123709011317
"DUNSFORD","2012","June_04",7.71790716612735,14.0780387565818,10.8979729613546
"DUNSFORD","2012","June_05",8.33401167862596,14.8534793315592,11.5937455050926
"DUNSFORD","2012","June_06",9.69228136044085,16.9823888402153,13.3373351003281
"DUNSFORD","2012","June_07",11.1420173522261,14.2964257012842,12.7192215267552
"DUNSFORD","2012","June_08",10.3140771767783,13.4257508045202,11.8699139906492
"DUNSFORD","2012","June_09",7.99443207848164,15.8283958272196,11.9114139528506
"DUNSFORD","2012","June_10",9.34843432662592,13.3129423686342,11.3306883476301
"DUNSFORD","2012","June_11",8.7604760577316,15.1972568313335,11.9788664445326
"DUNSFORD","2012","June_12",9.52513655105561,15.707285436473,12.6162109937643
"DUNSFORD","2012","June_13",9.25567741943048,14.6295548980642,11.9426161587473
"DUNSFORD","2012","June_14",8.5187774807149,13.5028940737126,11.0108357772138
"DUNSFORD","2012","June_15",9.86561605755179,14.6153289737213,12.2404725156365
"DUNSFORD","2012","June_16",10.6899453149535,14.1743308269217,12.4321380709376
"DUNSFORD","2012","June_17",9.38174433184061,16.3725404243669,12.8771423781037
"DUNSFORD","2012","June_18",7.51278464486126,16.6530381504445,12.0829113976529
"DUNSFORD","2012","June_19",6.77626489043578,17.809505977696,12.2928854340659
"DUNSFORD","2012","June_20",6.03457661199134,16.8887386000469,11.4616576060191
"DUNSFORD","2012","June_21",10.1001854113353,13.7324055898239,11.9162955005796
"DUNSFORD","2012","June_22",9.21202933636628,15.8014402373503,12.5067347868583
"DUNSFORD","2012","June_23",9.72458412938455,16.0275275391135,12.876055834249
"DUNSFORD","2012","June_24",10.3077473443842,17.1283610123563,13.7180541783703
"DUNSFORD","2012","June_25",8.84367227780424,18.346270286571,13.5949712821876
"DUNSFORD","2012","June_26",11.6209221250484,19.1673877510391,15.3941549380438
"DUNSFORD","2012","June_27",13.4306767098968,19.7238734234454,16.5772750666711
"DUNSFORD","2012","June_28",14.6910228167304,21.2569081270697,17.9739654719001
"DUNSFORD","2012","June_29",12.5633579396723,16.5548387042107,14.5590983219415
"DUNSFORD","2012","June_30",11.3093502754635,16.6196287809818,13.9644895282226
"DUNSFORD","2013","April_01",-0.887355997078625,3.34703398166968,1.22983899229553
"DUNSFORD","2013","April_02",-2.70216781068852,7.2804832272867,2.28915770829909
"DUNSFORD","2013","April_03",-3.2204042759504,6.92726310252972,1.85342941328966
"DUNSFORD","2013","April_04",-1.61731367773561,3.15067593716479,0.766681129714592
"DUNSFORD","2013","April_05",-0.794295040782601,7.11252036252075,3.15911266086907
"DUNSFORD","2013","April_06",-2.69995421825255,8.73169700537881,3.01587139356313
"DUNSFORD","2013","April_07",-2.26985297576551,6.37881884357929,2.05448293390689
"DUNSFORD","2013","April_08",2.27324681563463,5.7205914111807,3.99691911340766
"DUNSFORD","2013","April_09",2.70994087379437,6.96450011980082,4.83722049679759
"DUNSFORD","2013","April_10",1.16592791725512,8.15254043566403,4.65923417645958
"DUNSFORD","2013","April_11",3.94052393235201,12.1915359912556,8.06602996180378
"DUNSFORD","2013","April_12",4.85080152993399,10.6142427744776,7.73252215220577
"DUNSFORD","2013","April_13",3.22062977602985,12.1298497664387,7.67523977123429
"DUNSFORD","2013","April_14",6.78933825567947,12.6656886952077,9.7275134754436
"DUNSFORD","2013","April_15",8.27027592306631,12.9805066813809,10.6253913022236
"DUNSFORD","2013","April_16",8.2741772181302,14.0990457759372,11.1866114970337
"DUNSFORD","2013","April_17",7.68421716878693,12.7364844710129,10.2103508198999
"DUNSFORD","2013","April_18",6.33265251400993,11.3794227361334,8.85603762507169
"DUNSFORD","2013","April_19",5.43568061750733,11.7552765773436,8.59547859742546
"DUNSFORD","2013","April_20",0.646620556310346,12.2455983997082,6.44610947800928
"DUNSFORD","2013","April_21",-0.581961859516472,10.1190109935274,4.76852456700548
"DUNSFORD","2013","April_22",4.0221174033635,11.4064687713542,7.71429308735887
"DUNSFORD","2013","April_23",5.64803967018276,14.5310217513391,10.0895307107609
"DUNSFORD","2013","April_24",6.26458640258394,14.0140004694932,10.1392934360386
"DUNSFORD","2013","April_25",6.76315122507283,13.2968305605778,10.0299908928253
"DUNSFORD","2013","April_26",4.71501388291432,9.6211466726228,7.16808027776856
"DUNSFORD","2013","April_27",1.97946267274384,10.4151335188307,6.1972980957873
"DUNSFORD","2013","April_28",0.931647027155866,10.691018322187,5.81133267467142
"DUNSFORD","2013","April_29",3.70320404813969,11.2030682401423,7.453136144141
"DUNSFORD","2013","April_30",1.32106247929432,12.6404648390821,6.98076365918823
"DUNSFORD","2013","May_01",0.805511719820355,13.5622373126702,7.18387451624528
"DUNSFORD","2013","May_02",4.10095662712399,15.1823775699315,9.64166709852776
"DUNSFORD","2013","May_03",3.81255951470494,13.2039737699057,8.50826664230534
"DUNSFORD","2013","May_04",7.23991512111339,13.1705288868353,10.2052220039744
"DUNSFORD","2013","May_05",8.55920676848926,15.9156554885015,12.2374311284954
"DUNSFORD","2013","May_06",3.75477588264822,16.3766849424883,10.0657304125683
"DUNSFORD","2013","May_07",6.33544043700692,16.9539978675142,11.6447191522605
"DUNSFORD","2013","May_08",9.70009779646147,14.0394499284406,11.869773862451
"DUNSFORD","2013","May_09",5.68522535108883,11.2951197427958,8.49017254694234
"DUNSFORD","2013","May_10",7.53446205280367,12.9366225539464,10.235542303375
"DUNSFORD","2013","May_11",5.2462026843689,10.980509034848,8.11335585960847
"DUNSFORD","2013","May_12",4.59565094639706,10.9765966442703,7.7861237953337
"DUNSFORD","2013","May_13",7.54716247226638,11.2535727676715,9.40036761996893
"DUNSFORD","2013","May_14",5.44291592974983,8.3035516437066,6.87323378672822
"DUNSFORD","2013","May_15",2.11001727319013,10.4923652218148,6.30119124750245
"DUNSFORD","2013","May_16",1.65257947018679,11.2684779844254,6.46052872730609
"DUNSFORD","2013","May_17",0.539058985917912,12.7675571467818,6.65330806634984
"DUNSFORD","2013","May_18",3.49295070862212,14.9486927600366,9.22082173432935
"DUNSFORD","2013","May_19",5.16585287844258,15.476902808521,10.3213778434818
"DUNSFORD","2013","May_20",6.61695731226415,14.9839821400582,10.8004697261612
"DUNSFORD","2013","May_21",9.60317530335347,13.1856516927074,11.3944134980304
"DUNSFORD","2013","May_22",7.48665990148902,13.7555260597724,10.6210929806307
"DUNSFORD","2013","May_23",4.76547105416582,10.1934553791138,7.47946321663983
"DUNSFORD","2013","May_24",4.24278254160675,10.8288559129455,7.53581922727612
"DUNSFORD","2013","May_25",2.81895197229505,13.8021463157142,8.31054914400463
"DUNSFORD","2013","May_26",2.78666560005292,15.2355879143014,9.01112675717715
"DUNSFORD","2013","May_27",3.27529525356231,12.4211745091176,7.84823488133994
"DUNSFORD","2013","May_28",5.07047322507259,11.2409106729435,8.15569194900804
"DUNSFORD","2013","May_29",6.18573717750476,14.6589336623364,10.4223354199206
"DUNSFORD","2013","May_30",8.64731699265096,17.087956153092,12.8676365728715
"DUNSFORD","2013","May_31",7.58991357118119,18.6006439875422,13.0952787793617
"DUNSFORD","2013","June_01",8.0404124697462,14.7134833168345,11.3769478932904
"DUNSFORD","2013","June_02",6.01164097981254,16.803761721297,11.4077013505548
"DUNSFORD","2013","June_03",6.3190311932785,18.1366653557237,12.2278482745011
"DUNSFORD","2013","June_04",5.50549931764461,18.5326196061664,12.0190594619055
"DUNSFORD","2013","June_05",7.67367312856425,18.2759932586224,12.9748331935933
"DUNSFORD","2013","June_06",8.36868053044632,20.1747324996877,14.271706515067
"DUNSFORD","2013","June_07",11.2559413917806,18.9854865241887,15.1207139579846
"DUNSFORD","2013","June_08",10.3824325746689,19.7829295069283,15.0826810407986
"DUNSFORD","2013","June_09",7.1359309236817,17.6981872341992,12.4170590789405
"DUNSFORD","2013","June_10",5.39564427630627,14.7423326930629,10.0689884846846
"DUNSFORD","2013","June_11",9.54524794192702,16.6054377676749,13.075342854801
"DUNSFORD","2013","June_12",11.599423508927,15.4968562732847,13.5481398911059
"DUNSFORD","2013","June_13",10.8445034397064,14.9401446607867,12.8923240502465
"DUNSFORD","2013","June_14",8.57600161641449,15.9956433655087,12.2858224909616
"DUNSFORD","2013","June_15",8.37389084819456,15.02150972595,11.6977002870723
"DUNSFORD","2013","June_16",9.043474559612,12.9370417572282,10.9902581584201
"DUNSFORD","2013","June_17",9.91435751748386,19.5343152262252,14.7243363718545
"DUNSFORD","2013","June_18",11.9227577752979,19.5525260230967,15.7376418991973
"DUNSFORD","2013","June_19",10.5070363240184,22.047678747197,16.2773575356077
"DUNSFORD","2013","June_20",12.9793019166362,15.7694067043069,14.3743543104716
"DUNSFORD","2013","June_21",11.32664151335,16.0099867900697,13.6683141517099
"DUNSFORD","2013","June_22",10.7145176132792,14.2934601971828,12.503988905231
"DUNSFORD","2013","June_23",10.6550531923072,12.8232470173632,11.7391501048352
"DUNSFORD","2013","June_24",8.46927818494963,15.5496040948969,12.0094411399233
"DUNSFORD","2013","June_25",4.41833189805832,17.9144963269434,11.1664141125009
"DUNSFORD","2013","June_26",7.18882225793587,18.4036505398023,12.7962363988691
"DUNSFORD","2013","June_27",9.3813056028065,18.4441214153279,13.9127135090672
"DUNSFORD","2013","June_28",11.2908948688965,17.0416724176175,14.166283643257
"DUNSFORD","2013","June_29",12.3746189759836,18.5212532563174,15.4479361161505
"DUNSFORD","2013","June_30",10.4682548778256,18.0663235367699,14.2672892072977
"FAITHWAITE","2010","April_01",1.81309247985093,7.57416409180229,4.69362828582661
"FAITHWAITE","2010","April_02",0.82679977930939,9.12141213156717,4.97410595543828
"FAITHWAITE","2010","April_03",3.14248015845403,9.78743128086011,6.46495571965707
"FAITHWAITE","2010","April_04",2.64976136317292,8.93717888363695,5.79347012340494
"FAITHWAITE","2010","April_05",2.96453774643984,12.2448269391958,7.60468234281784
"FAITHWAITE","2010","April_06",6.99229485633566,12.7159474859457,9.85412117114067
"FAITHWAITE","2010","April_07",4.44335087827592,11.7527798175582,8.09806534791707
"FAITHWAITE","2010","April_08",2.55497295467946,11.1072907576724,6.83113185617594
"FAITHWAITE","2010","April_09",4.6584635837901,13.8240899904124,9.24127678710127
"FAITHWAITE","2010","April_10",3.55340039296048,17.2001761326651,10.3767882628128
"FAITHWAITE","2010","April_11",6.42564329364215,15.3011714173054,10.8634073554738
"FAITHWAITE","2010","April_12",1.60516492356094,14.415742297587,8.01045361057397
"FAITHWAITE","2010","April_13",1.81947310138764,11.3880085809077,6.60374084114767
"FAITHWAITE","2010","April_14",3.8486874549234,13.1399366133798,8.4943120341516
"FAITHWAITE","2010","April_15",1.52021633202162,11.5943818045346,6.5572990682781
"FAITHWAITE","2010","April_16",1.50694454345713,13.0499072756945,7.27842590957579
"FAITHWAITE","2010","April_17",1.84479592807066,12.9877455731508,7.41627075061074
"FAITHWAITE","2010","April_18",1.36444518162027,12.1833404833126,6.77389283246645
"FAITHWAITE","2010","April_19",3.9434295289316,9.81733997221783,6.88038475057471
"FAITHWAITE","2010","April_20",2.01131729590345,9.88727752353376,5.94929740971861
"FAITHWAITE","2010","April_21",-0.0929306457812771,10.2795962520645,5.0933328031416
"FAITHWAITE","2010","April_22",-0.749356680817915,11.3163779768286,5.28351064800536
"FAITHWAITE","2010","April_23",2.18884184064827,13.2765768897202,7.73270936518423
"FAITHWAITE","2010","April_24",3.67834724080848,19.059603485265,11.3689753630367
"FAITHWAITE","2010","April_25",8.79815292509027,15.2082424433459,12.0031976842181
"FAITHWAITE","2010","April_26",9.25723148778657,14.5538833970242,11.9055574424054
"FAITHWAITE","2010","April_27",7.05414803779867,16.3802708130143,11.7172094254065
"FAITHWAITE","2010","April_28",9.77990912961839,19.5046051963022,14.6422571629603
"FAITHWAITE","2010","April_29",9.84448621031398,13.0178289130536,11.4311575616838
"FAITHWAITE","2010","April_30",6.83680126131531,12.4523984739814,9.64459986764838
"FAITHWAITE","2010","May_01",5.03890411236949,12.9738302213301,9.00636716684978
"FAITHWAITE","2010","May_02",4.21949678826452,9.5211630901406,6.87032993920256
"FAITHWAITE","2010","May_03",0.823969898209832,11.1484716315843,5.98622076489707
"FAITHWAITE","2010","May_04",0.884479097341489,12.6748983098311,6.77968870358631
"FAITHWAITE","2010","May_05",6.27445426322147,13.4536580172921,9.8640561402568
"FAITHWAITE","2010","May_06",8.79724451921024,13.2429055213034,11.0200750202568
"FAITHWAITE","2010","May_07",4.63428265793323,12.9505411675306,8.79241191273191
"FAITHWAITE","2010","May_08",6.07957554761691,12.9284968233242,9.50403618547057
"FAITHWAITE","2010","May_09",2.06822691857721,12.595200308118,7.33171361334759
"FAITHWAITE","2010","May_10",3.66035614341979,8.66260923165861,6.1614826875392
"FAITHWAITE","2010","May_11",-0.356913103099929,10.825546854047,5.23431687547354
"FAITHWAITE","2010","May_12",0.501023279484928,10.7110898979503,5.6060565887176
"FAITHWAITE","2010","May_13",-0.0389418619998428,12.4840858553993,6.22257199669971
"FAITHWAITE","2010","May_14",4.7963773665413,11.949107538265,8.37274245240314
"FAITHWAITE","2010","May_15",3.78538150241982,13.6610255956794,8.72320354904959
"FAITHWAITE","2010","May_16",5.69827044143719,13.3297335188604,9.51400198014877
"FAITHWAITE","2010","May_17",6.1695634557429,14.2437727010569,10.2066680783999
"FAITHWAITE","2010","May_18",2.47005620369424,17.0562416431815,9.76314892343785
"FAITHWAITE","2010","May_19",7.72524683788628,16.6836891723246,12.2044680051055
"FAITHWAITE","2010","May_20",11.8810974463373,18.5286236516738,15.2048605490055
"FAITHWAITE","2010","May_21",9.42253063930753,22.6393765984872,16.0309536188973
"FAITHWAITE","2010","May_22",12.0559063172839,24.7033809845857,18.3796436509348
"FAITHWAITE","2010","May_23",11.6022213803802,23.4402310677757,17.5212262240779
"FAITHWAITE","2010","May_24",10.7535893344228,19.3638318623447,15.0587105983837
"FAITHWAITE","2010","May_25",8.84160043064863,14.486806913263,11.6642036719558
"FAITHWAITE","2010","May_26",5.84748486322614,13.1103848016357,9.47893483243094
"FAITHWAITE","2010","May_27",3.37905011484053,12.3394551852957,7.85925265006811
"FAITHWAITE","2010","May_28",5.45954722605043,13.6392944008901,9.54942081347025
"FAITHWAITE","2010","May_29",5.72254686625199,12.281099646404,9.00182325632798
"FAITHWAITE","2010","May_30",8.77089079455299,14.4931810110977,11.6320359028254
"FAITHWAITE","2010","May_31",7.01868288058573,16.9062982706312,11.9624905756085
"FAITHWAITE","2010","June_01",10.5765897429022,14.244380217293,12.4104849800976
"FAITHWAITE","2010","June_02",8.27736177563282,19.2582580157564,13.7678098956946
"FAITHWAITE","2010","June_03",6.73295922708051,23.1337967997316,14.9333780134061
"FAITHWAITE","2010","June_04",9.27020694797488,23.4076818314312,16.3389443897031
"FAITHWAITE","2010","June_05",11.7323680057293,20.5825925792346,16.1574802924819
"FAITHWAITE","2010","June_06",11.1143950196526,16.3581557306985,13.7362753751756
"FAITHWAITE","2010","June_07",11.6295932805544,17.9410500921226,14.7853216863385
"FAITHWAITE","2010","June_08",12.0652988359072,16.2018708819163,14.1335848589118
"FAITHWAITE","2010","June_09",12.2197976291895,14.7750606077743,13.4974291184819
"FAITHWAITE","2010","June_10",11.0439494940067,15.746180677939,13.3950650859729
"FAITHWAITE","2010","June_11",6.21063254498626,17.0729282866811,11.6417804158337
"FAITHWAITE","2010","June_12",8.81357938394812,17.0473615625696,12.9304704732589
"FAITHWAITE","2010","June_13",10.0249061745083,15.3060744671934,12.6654903208509
"FAITHWAITE","2010","June_14",9.50809854105199,16.259420376619,12.8837594588355
"FAITHWAITE","2010","June_15",4.94420158142549,17.9179421809307,11.4310718811781
"FAITHWAITE","2010","June_16",6.91444284111677,20.6787722398207,13.7966075404687
"FAITHWAITE","2010","June_17",9.52784803688595,22.2892028954454,15.9085254661657
"FAITHWAITE","2010","June_18",12.1533207939038,19.1574440460992,15.6553824200015
"FAITHWAITE","2010","June_19",7.53453083159293,16.0942296920386,11.8143802618158
"FAITHWAITE","2010","June_20",4.8988031449068,17.9635168251124,11.4311599850096
"FAITHWAITE","2010","June_21",8.70560486643642,20.995990952307,14.8507979093717
"FAITHWAITE","2010","June_22",8.82074887984935,20.7586150411315,14.7896819604904
"FAITHWAITE","2010","June_23",10.4078199772999,19.8010277809135,15.1044238791067
"FAITHWAITE","2010","June_24",13.7278185208984,19.2982761839533,16.5130473524259
"FAITHWAITE","2010","June_25",10.4084121769462,21.4967742094489,15.9525931931975
"FAITHWAITE","2010","June_26",12.4057899205859,24.2768418386122,18.3413158795991
"FAITHWAITE","2010","June_27",12.5318531796243,22.4992996429431,17.5155764112837
"FAITHWAITE","2010","June_28",12.35302364177,21.5098486260668,16.9314361339184
"FAITHWAITE","2010","June_29",13.9750689235657,19.8933965403666,16.9342327319661
"FAITHWAITE","2010","June_30",10.8489184856139,22.7499203629169,16.7994194242654
"FAITHWAITE","2011","April_01",9.27182534364967,13.8714340133013,11.5716296784755
"FAITHWAITE","2011","April_02",10.1619795498936,12.5392136344507,11.3505965921722
"FAITHWAITE","2011","April_03",5.88924701172563,11.86504679195,8.8771469018378
"FAITHWAITE","2011","April_04",3.28655679651931,11.2768333696369,7.28169508307811
"FAITHWAITE","2011","April_05",7.07617621475734,13.9998958100617,10.5380360124095
"FAITHWAITE","2011","April_06",10.2364947744443,16.3508609730082,13.2936778737262
"FAITHWAITE","2011","April_07",8.75036193192576,13.0721108795954,10.9112364057606
"FAITHWAITE","2011","April_08",4.64172622041837,16.6175700485391,10.6296481344788
"FAITHWAITE","2011","April_09",6.17895764238026,20.6143122984661,13.3966349704232
"FAITHWAITE","2011","April_10",7.20683162665666,18.5050236595161,12.8559276430864
"FAITHWAITE","2011","April_11",7.97990777392395,12.8481979587995,10.4140528663617
"FAITHWAITE","2011","April_12",4.47274073854861,11.4569051569603,7.96482294775446
"FAITHWAITE","2011","April_13",4.99549906306094,9.76055038022145,7.3780247216412
"FAITHWAITE","2011","April_14",6.46513078550352,12.1466960968939,9.3059134411987
"FAITHWAITE","2011","April_15",8.11452843488655,13.1906160049535,10.65257221992
"FAITHWAITE","2011","April_16",6.27772033673389,14.2463673796112,10.2620438581726
"FAITHWAITE","2011","April_17",2.04591262991466,15.6766534174452,8.86128302367993
"FAITHWAITE","2011","April_18",5.74667743946024,18.2885457000165,12.0176115697384
"FAITHWAITE","2011","April_19",5.95093644849343,18.9743449985185,12.462640723506
"FAITHWAITE","2011","April_20",5.35704345882984,19.8210573324448,12.5890503956373
"FAITHWAITE","2011","April_21",6.15917505790182,22.3110243532759,14.2350997055888
"FAITHWAITE","2011","April_22",9.25207686583697,22.3425595360972,15.7973182009671
"FAITHWAITE","2011","April_23",10.3790267564686,16.7427760507989,13.5609014036337
"FAITHWAITE","2011","April_24",5.85582998394104,16.4154273635728,11.1356286737569
"FAITHWAITE","2011","April_25",4.03169654432364,17.322338662465,10.6770176033943
"FAITHWAITE","2011","April_26",6.27467747590834,13.2301373435756,9.75240740974199
"FAITHWAITE","2011","April_27",6.30176313155609,15.9822538237642,11.1420084776602
"FAITHWAITE","2011","April_28",0.77455740129467,16.0806493773859,8.42760338934027
"FAITHWAITE","2011","April_29",6.46441133618153,17.0731825424623,11.7687969393219
"FAITHWAITE","2011","April_30",8.31812671577829,17.7176724041356,13.0178995599569
"FAITHWAITE","2011","May_01",6.76400833828912,18.1497101817874,12.4568592600382
"FAITHWAITE","2011","May_02",4.81775584191246,15.1188769262972,9.96831638410482
"FAITHWAITE","2011","May_03",1.96955887061695,14.501997495903,8.23577818325997
"FAITHWAITE","2011","May_04",1.11513148322438,16.4542647882772,8.78469813575078
"FAITHWAITE","2011","May_05",7.81128243969442,18.0749241261087,12.9431032829015
"FAITHWAITE","2011","May_06",10.4672166585483,19.9229681916213,15.1950924250848
"FAITHWAITE","2011","May_07",12.2051963243014,19.5061665502554,15.8556814372784
"FAITHWAITE","2011","May_08",13.6703248897919,17.656396690827,15.6633607903095
"FAITHWAITE","2011","May_09",8.71532027431047,17.9423898558908,13.3288550651006
"FAITHWAITE","2011","May_10",8.95689228899844,16.9222435322171,12.9395679106078
"FAITHWAITE","2011","May_11",9.68515941669252,15.1949089491231,12.4400341829078
"FAITHWAITE","2011","May_12",9.0384963671948,13.9022677475984,11.4703820573966
"FAITHWAITE","2011","May_13",6.75611213888484,13.0429334460579,9.89952279247135
"FAITHWAITE","2011","May_14",5.98916470723286,12.3600448392312,9.17460477323203
"FAITHWAITE","2011","May_15",6.91484457332533,12.0915740818909,9.50320932760812
"FAITHWAITE","2011","May_16",8.89853082632801,12.6002011395311,10.7493659829295
"FAITHWAITE","2011","May_17",10.3219382458382,14.1894149868186,12.2556766163284
"FAITHWAITE","2011","May_18",10.4775953930837,14.0078879693849,12.2427416812343
"FAITHWAITE","2011","May_19",6.87701409908853,13.5204287855649,10.1987214423267
"FAITHWAITE","2011","May_20",7.54533970551056,13.9734888949611,10.7594143002359
"FAITHWAITE","2011","May_21",6.88589243744955,17.0290330618771,11.9574627496633
"FAITHWAITE","2011","May_22",7.91279568722403,13.8189465407045,10.8658711139643
"FAITHWAITE","2011","May_23",8.36177116892787,14.0342681509747,11.1980196599513
"FAITHWAITE","2011","May_24",7.93056995453332,13.4211231907695,10.6758465726514
"FAITHWAITE","2011","May_25",5.36111026749741,16.0760733210886,10.718591794293
"FAITHWAITE","2011","May_26",9.01792175986783,13.9434203897958,11.4806710748318
"FAITHWAITE","2011","May_27",8.56264811262791,13.1778470186109,10.8702475656194
"FAITHWAITE","2011","May_28",9.38673227604594,13.4495176802839,11.4181249781649
"FAITHWAITE","2011","May_29",9.66886586869212,15.5818258065909,12.6253458376415
"FAITHWAITE","2011","May_30",9.29247246492937,13.6061369635385,11.449304714234
"FAITHWAITE","2011","May_31",5.51095572337237,14.4944503562444,10.0027030398084
"FAITHWAITE","2011","June_01",8.0803232676263,15.7202474287979,11.9002853482121
"FAITHWAITE","2011","June_02",11.5918283991793,21.1877418439814,16.3897851215804
"FAITHWAITE","2011","June_03",10.1585269152274,25.0964083673507,17.6274676412891
"FAITHWAITE","2011","June_04",11.2742596352535,18.3268301256794,14.8005448804665
"FAITHWAITE","2011","June_05",8.82292172581572,13.0092250770667,10.9160734014412
"FAITHWAITE","2011","June_06",8.82592712645272,14.3867939649051,11.6063605456789
"FAITHWAITE","2011","June_07",5.82021615087817,15.0816109125253,10.4509135317018
"FAITHWAITE","2011","June_08",7.89406649342971,14.5831337801492,11.2386001367895
"FAITHWAITE","2011","June_09",8.25572834188182,14.0421083451261,11.148918343504
"FAITHWAITE","2011","June_10",4.38178948196111,13.8187142277177,9.1002518548394
"FAITHWAITE","2011","June_11",4.00906530158662,14.6921407297921,9.35060301568938
"FAITHWAITE","2011","June_12",5.54520953922645,14.7725613943324,10.1588854667794
"FAITHWAITE","2011","June_13",10.333644323319,15.6752834076281,13.0044638654735
"FAITHWAITE","2011","June_14",6.82338958468533,19.0037119858899,12.9135507852876
"FAITHWAITE","2011","June_15",10.5570444099276,18.4461984402741,14.5016214251009
"FAITHWAITE","2011","June_16",10.3431765579273,15.8996895893571,13.1214330736422
"FAITHWAITE","2011","June_17",8.32265688595882,17.3915498530445,12.8571033695016
"FAITHWAITE","2011","June_18",10.8474978850028,15.2746395534456,13.0610687192242
"FAITHWAITE","2011","June_19",10.8491054634512,15.6167460419124,13.2329257526818
"FAITHWAITE","2011","June_20",9.24517539661905,18.5009167018608,13.8730460492399
"FAITHWAITE","2011","June_21",12.5014304670666,17.7384390817261,15.1199347743963
"FAITHWAITE","2011","June_22",11.5664405124528,16.1515960681553,13.859018290304
"FAITHWAITE","2011","June_23",10.8673443872382,15.7360334147032,13.3016889009707
"FAITHWAITE","2011","June_24",8.33839997698569,15.4638612945429,11.9011306357643
"FAITHWAITE","2011","June_25",9.18167150392602,18.732461837547,13.9570666707365
"FAITHWAITE","2011","June_26",14.2343702080603,24.2607359678611,19.2475530879607
"FAITHWAITE","2011","June_27",14.5451829854849,24.648435538743,19.596809262114
"FAITHWAITE","2011","June_28",9.38711614882037,17.5949491027892,13.4910326258048
"FAITHWAITE","2011","June_29",7.82648958225012,16.7580777214759,12.292283651863
"FAITHWAITE","2011","June_30",7.99379362095483,16.358459942543,12.1761267817489
"FAITHWAITE","2012","April_01",-1.56911166444107,11.5791634317153,5.00502588363713
"FAITHWAITE","2012","April_02",5.534838035169,10.5379611101081,8.03639957263856
"FAITHWAITE","2012","April_03",6.2243307912686,8.51824766610423,7.37128922868641
"FAITHWAITE","2012","April_04",1.51858011573397,7.24069116900995,4.37963564237196
"FAITHWAITE","2012","April_05",-2.04389940223017,9.45835861922333,3.70722960849658
"FAITHWAITE","2012","April_06",1.32444909996629,9.33947190973652,5.33196050485141
"FAITHWAITE","2012","April_07",5.37719727277404,10.4222564172289,7.89972684500146
"FAITHWAITE","2012","April_08",6.81234743777026,10.5492300752962,8.68078875653325
"FAITHWAITE","2012","April_09",5.43034739706408,8.55538657021386,6.99286698363897
"FAITHWAITE","2012","April_10",3.88131756280371,9.64550493393095,6.76341124836733
"FAITHWAITE","2012","April_11",3.72061254642232,11.0887185194885,7.4046655329554
"FAITHWAITE","2012","April_12",2.41716521885223,11.3457009938843,6.88143310636826
"FAITHWAITE","2012","April_13",3.11892438514593,10.6999497384887,6.9094370618173
"FAITHWAITE","2012","April_14",0.0956521443447957,9.31885212271852,4.70725213353166
"FAITHWAITE","2012","April_15",-1.03042494604497,9.63554935886211,4.30256220640857
"FAITHWAITE","2012","April_16",-1.03616347681743,10.2810899937441,4.62246325846331
"FAITHWAITE","2012","April_17",4.47383358500449,10.8052237588135,7.63952867190897
"FAITHWAITE","2012","April_18",2.95761300923303,8.8729784550376,5.91529573213531
"FAITHWAITE","2012","April_19",4.18216057145459,11.2961674941041,7.73916403277935
"FAITHWAITE","2012","April_20",3.35521275710611,11.4431296582085,7.39917120765732
"FAITHWAITE","2012","April_21",3.64746896662767,11.3834713945589,7.51547018059329
"FAITHWAITE","2012","April_22",5.29448482703403,11.791143818379,8.54281432270653
"FAITHWAITE","2012","April_23",3.38709615874754,11.317096359317,7.35209625903228
"FAITHWAITE","2012","April_24",1.82899706312651,11.12772121455,6.47835913883826
"FAITHWAITE","2012","April_25",3.7254797810448,9.94594381809447,6.83571179956964
"FAITHWAITE","2012","April_26",5.44288493656676,11.4028504969244,8.42286771674557
"FAITHWAITE","2012","April_27",4.69806203515838,10.9034123475215,7.80073719133996
"FAITHWAITE","2012","April_28",3.04796464111054,10.3620233499174,6.70499399551399
"FAITHWAITE","2012","April_29",3.69799394690047,12.1450861190531,7.92154003297676
"FAITHWAITE","2012","April_30",3.89102196419927,15.754591736037,9.82280685011812
"FAITHWAITE","2012","May_01",8.30691923744042,12.6014712508461,10.4541952441432
"FAITHWAITE","2012","May_02",7.25067671930283,14.9914616340774,11.1210691766901
"FAITHWAITE","2012","May_03",4.7630140878559,13.0967709763529,8.92989253210442
"FAITHWAITE","2012","May_04",4.57662707767269,10.5344006586985,7.55551386818559
"FAITHWAITE","2012","May_05",-1.34022984869312,9.51534192715311,4.08755603922999
"FAITHWAITE","2012","May_06",0.471146353268679,10.7535802413056,5.61236329728713
"FAITHWAITE","2012","May_07",2.67894872269264,11.0319096069414,6.85542916481704
"FAITHWAITE","2012","May_08",5.5335191884479,13.3130604871604,9.42328983780417
"FAITHWAITE","2012","May_09",3.98500740523167,13.4252353691455,8.70512138718859
"FAITHWAITE","2012","May_10",7.91183694821248,14.1003887508789,11.0061128495457
"FAITHWAITE","2012","May_11",5.95827615042642,10.9090428181737,8.43365948430007
"FAITHWAITE","2012","May_12",2.64847329469107,12.6435741655298,7.64602373011043
"FAITHWAITE","2012","May_13",6.57680942117197,12.7103155092448,9.64356246520841
"FAITHWAITE","2012","May_14",6.37423331421087,11.9172352641889,9.1457342891999
"FAITHWAITE","2012","May_15",3.81338245179096,11.5363170849127,7.67484976835183
"FAITHWAITE","2012","May_16",1.36744458415366,11.4136003820673,6.3905224831105
"FAITHWAITE","2012","May_17",3.56061380838329,11.5782813476395,7.56944757801137
"FAITHWAITE","2012","May_18",5.89430350448364,11.6599884785208,8.77714599150224
"FAITHWAITE","2012","May_19",5.88258567144034,11.7955115164421,8.83904859394121
"FAITHWAITE","2012","May_20",3.0343227770524,13.4191520396895,8.22673740837097
"FAITHWAITE","2012","May_21",3.67424861134307,17.0327515057072,10.3535000585251
"FAITHWAITE","2012","May_22",6.33005743395854,19.7610656192669,13.0455615266127
"FAITHWAITE","2012","May_23",8.38635597467466,19.0754162193492,13.7308860970119
"FAITHWAITE","2012","May_24",10.0898282236753,23.7776152928766,16.9337217582759
"FAITHWAITE","2012","May_25",12.0757387422076,24.6101258372591,18.3429322897334
"FAITHWAITE","2012","May_26",12.3611490375702,24.1716886667011,18.2664188521357
"FAITHWAITE","2012","May_27",10.4188190162972,24.3371843354801,17.3780016758886
"FAITHWAITE","2012","May_28",10.6737854380762,24.2478186026875,17.4608020203818
"FAITHWAITE","2012","May_29",9.5166768461914,17.9894410510271,13.7530589486092
"FAITHWAITE","2012","May_30",9.41302902884389,20.032526089631,14.7227775592374
"FAITHWAITE","2012","May_31",12.3327512494325,15.5855513558141,13.9591513026233
"FAITHWAITE","2012","June_01",11.2494566001279,16.8324030051169,14.0409298026224
"FAITHWAITE","2012","June_02",8.80273109924195,15.6016747989431,12.2022029490925
"FAITHWAITE","2012","June_03",7.06173922940926,11.2699699387848,9.16585458409705
"FAITHWAITE","2012","June_04",4.70335833890985,14.5574752716901,9.63041680529997
"FAITHWAITE","2012","June_05",4.62107729659497,13.7766571084653,9.19886720253014
"FAITHWAITE","2012","June_06",10.5401710696439,16.1711964074006,13.3556837385222
"FAITHWAITE","2012","June_07",9.53578122796499,15.1826556094982,12.3592184187316
"FAITHWAITE","2012","June_08",11.1245215996385,14.6305033700193,12.8775124848289
"FAITHWAITE","2012","June_09",11.075730186266,14.6596199028569,12.8676750445614
"FAITHWAITE","2012","June_10",9.65841742672542,16.9467440693925,13.302580748059
"FAITHWAITE","2012","June_11",9.92186850569991,14.370552653952,12.146210579826
"FAITHWAITE","2012","June_12",5.56707480562443,14.666635272546,10.1168550390852
"FAITHWAITE","2012","June_13",8.62504450940482,14.5512204538355,11.5881324816202
"FAITHWAITE","2012","June_14",8.79366941253737,17.1193119276405,12.956490670089
"FAITHWAITE","2012","June_15",8.7920767913032,16.2707458313281,12.5314113113157
"FAITHWAITE","2012","June_16",10.872091722547,14.4174146392998,12.6447531809234
"FAITHWAITE","2012","June_17",10.3523717163198,14.3475875478689,12.3499796320944
"FAITHWAITE","2012","June_18",6.5839015273106,16.826371503778,11.7051365155443
"FAITHWAITE","2012","June_19",9.13650885978961,16.8523706337093,12.9944397467495
"FAITHWAITE","2012","June_20",4.92576373779448,19.7998145235884,12.3627891306914
"FAITHWAITE","2012","June_21",10.1600376768479,15.7660623979396,12.9630500373937
"FAITHWAITE","2012","June_22",10.2196116472106,13.157663444578,11.6886375458943
"FAITHWAITE","2012","June_23",10.4164148218113,14.8338430240649,12.6251289229381
"FAITHWAITE","2012","June_24",9.6317634353134,16.2391562296885,12.9354598325009
"FAITHWAITE","2012","June_25",10.2307674202023,17.0077320628257,13.619249741514
"FAITHWAITE","2012","June_26",7.34812523242673,20.0909893100398,13.7195572712333
"FAITHWAITE","2012","June_27",14.1971646791191,19.3141799256968,16.7556723024079
"FAITHWAITE","2012","June_28",14.0749674026869,22.543021661869,18.308994532278
"FAITHWAITE","2012","June_29",12.4391056783375,18.4200800030574,15.4295928406974
"FAITHWAITE","2012","June_30",12.0632963891251,17.5517250090828,14.807510699104
"FAITHWAITE","2013","April_01",-1.04177802512483,6.15260034569663,2.5554111602859
"FAITHWAITE","2013","April_02",-1.53326931101453,6.59167624481998,2.52920346690273
"FAITHWAITE","2013","April_03",-2.41313238188545,8.38738055732492,2.98712408771974
"FAITHWAITE","2013","April_04",-1.03237728977915,7.31502422324686,3.14132346673385
"FAITHWAITE","2013","April_05",-0.149519696484943,7.31530412590602,3.58289221471054
"FAITHWAITE","2013","April_06",-2.76195877500641,8.77009952893067,3.00407037696213
"FAITHWAITE","2013","April_07",-2.58351063070531,9.95534536902962,3.68591736916215
"FAITHWAITE","2013","April_08",1.74898666885424,7.36045209069192,4.55471937977308
"FAITHWAITE","2013","April_09",-0.165215147809452,8.61626251438519,4.22552368328787
"FAITHWAITE","2013","April_10",-1.33223992641271,10.7555118325131,4.7116359530502
"FAITHWAITE","2013","April_11",2.50713297609824,7.61957901671565,5.06335599640695
"FAITHWAITE","2013","April_12",3.28970202908128,10.5720567244113,6.93087937674628
"FAITHWAITE","2013","April_13",2.82246645921261,14.1542837991409,8.48837512917674
"FAITHWAITE","2013","April_14",8.4079725196468,14.3567651914971,11.382368855572
"FAITHWAITE","2013","April_15",9.23341171261,14.3411124368871,11.7872620747486
"FAITHWAITE","2013","April_16",8.92881478671072,13.0312126898503,10.9800137382805
"FAITHWAITE","2013","April_17",4.88974600389144,15.2088114099733,10.0492787069324
"FAITHWAITE","2013","April_18",6.48307928592463,11.1364611211969,8.80977020356075
"FAITHWAITE","2013","April_19",5.01387942105684,11.5191973720908,8.26653839657382
"FAITHWAITE","2013","April_20",0.686604739275685,14.0199059524724,7.35325534587404
"FAITHWAITE","2013","April_21",3.86290656851218,9.74449466517359,6.80370061684288
"FAITHWAITE","2013","April_22",4.01912619240857,11.242770385965,7.63094828918678
"FAITHWAITE","2013","April_23",6.76062236721795,13.0740335647459,9.91732796598193
"FAITHWAITE","2013","April_24",7.54883353075492,12.5375529783505,10.0431932545527
"FAITHWAITE","2013","April_25",6.60815597121093,10.5858799956508,8.59701798343088
"FAITHWAITE","2013","April_26",2.923615500758,9.41410596967545,6.16886073521673
"FAITHWAITE","2013","April_27",0.576885939190594,11.2437344274696,5.91031018333009
"FAITHWAITE","2013","April_28",2.31648297414973,9.87107497112685,6.09377897263829
"FAITHWAITE","2013","April_29",4.30936751914739,10.9398319830853,7.62459975111633
"FAITHWAITE","2013","April_30",3.20260297191863,12.3601237998796,7.78136338589912
"FAITHWAITE","2013","May_01",2.25371047910801,12.410445877676,7.33207817839202
"FAITHWAITE","2013","May_02",-0.109577759458082,14.0798662421239,6.9851442413329
"FAITHWAITE","2013","May_03",5.89756126394488,13.4583362724335,9.67794876818918
"FAITHWAITE","2013","May_04",7.72490596119556,12.0058528843374,9.86537942276649
"FAITHWAITE","2013","May_05",7.42676992969468,14.8004363712123,11.1136031504535
"FAITHWAITE","2013","May_06",5.95421296137155,17.6704954460812,11.8123542037264
"FAITHWAITE","2013","May_07",5.03558216647389,22.1445181239767,13.5900501452253
"FAITHWAITE","2013","May_08",10.8922853998069,16.1023288594384,13.4973071296226
"FAITHWAITE","2013","May_09",5.96410780309504,11.2145248955325,8.58931634931378
"FAITHWAITE","2013","May_10",7.37993902491977,12.6682369927695,10.0240880088446
"FAITHWAITE","2013","May_11",5.55003888966626,11.0096773558004,8.27985812273333
"FAITHWAITE","2013","May_12",5.66217639370077,10.5469239645104,8.1045501791056
"FAITHWAITE","2013","May_13",5.14605616390363,10.38227400899,7.76416508644684
"FAITHWAITE","2013","May_14",4.30315411421402,10.9400330453318,7.62159357977292
"FAITHWAITE","2013","May_15",4.92792125731718,11.2642034853659,8.09606237134152
"FAITHWAITE","2013","May_16",2.82005685329062,13.2331447042603,8.02660077877545
"FAITHWAITE","2013","May_17",4.79441538552064,13.9365728542459,9.36549411988325
"FAITHWAITE","2013","May_18",7.39976237421618,11.2389492447702,9.3193558094932
"FAITHWAITE","2013","May_19",8.03303738373996,15.4386791269242,11.7358582553321
"FAITHWAITE","2013","May_20",9.43832290175799,16.9174684731468,13.1778956874524
"FAITHWAITE","2013","May_21",9.96966021789692,15.5855847694731,12.777622493685
"FAITHWAITE","2013","May_22",7.82981767296427,13.5518587284462,10.6908382007052
"FAITHWAITE","2013","May_23",3.68260215956983,10.3847100238144,7.03365609169212
"FAITHWAITE","2013","May_24",5.11451474396631,11.4568708127081,8.28569277833719
"FAITHWAITE","2013","May_25",1.73376711191881,14.6247624724974,8.1792647922081
"FAITHWAITE","2013","May_26",3.07830187718232,15.2216107874438,9.14995633231305
"FAITHWAITE","2013","May_27",4.82378332717149,12.0055243559425,8.414653841557
"FAITHWAITE","2013","May_28",7.34189047508596,13.4081569272596,10.3750237011728
"FAITHWAITE","2013","May_29",6.98836831281644,14.8400877895893,10.9142280512029
"FAITHWAITE","2013","May_30",10.9905623687078,16.9606666493136,13.9756145090107
"FAITHWAITE","2013","May_31",6.70035208272083,17.8462238182937,12.2732879505073
"FAITHWAITE","2013","June_01",6.24137156180174,14.3121365250843,10.276754043443
"FAITHWAITE","2013","June_02",5.22538056956769,15.4799930775881,10.3526868235779
"FAITHWAITE","2013","June_03",4.71010377397208,19.028052505426,11.8690781396991
"FAITHWAITE","2013","June_04",7.32191351801822,20.4895966157344,13.9057550668763
"FAITHWAITE","2013","June_05",7.34071807804678,18.7518957845002,13.0463069312735
"FAITHWAITE","2013","June_06",7.92659143289334,20.6155172793721,14.2710543561327
"FAITHWAITE","2013","June_07",7.73813994392084,21.483246763331,14.6106933536259
"FAITHWAITE","2013","June_08",7.7837774584802,20.1348854396728,13.9593314490765
"FAITHWAITE","2013","June_09",6.99872950037383,19.1793160760753,13.0890227882246
"FAITHWAITE","2013","June_10",8.07550214187449,17.7168191895917,12.8961606657331
"FAITHWAITE","2013","June_11",7.63728335490214,17.8526917471749,12.7449875510385
"FAITHWAITE","2013","June_12",12.2745551144769,16.0003416270477,14.1374483707623
"FAITHWAITE","2013","June_13",11.7191998916729,14.9111495497093,13.3151747206911
"FAITHWAITE","2013","June_14",8.83206014029989,16.450657699233,12.6413589197664
"FAITHWAITE","2013","June_15",9.10428839768885,15.1191240586633,12.1117062281761
"FAITHWAITE","2013","June_16",10.383228553201,16.8584210714709,13.620824812336
"FAITHWAITE","2013","June_17",10.8695955120021,19.5881800698371,15.2288877909196
"FAITHWAITE","2013","June_18",9.59283651729813,22.0600352098038,15.8264358635509
"FAITHWAITE","2013","June_19",12.2597223055331,19.0569714181138,15.6583468618235
"FAITHWAITE","2013","June_20",6.92356433690789,19.2866672231718,13.1051157800398
"FAITHWAITE","2013","June_21",12.648697092438,18.747357883134,15.698027487786
"FAITHWAITE","2013","June_22",9.66965173564227,15.7602479078185,12.7149498217304
"FAITHWAITE","2013","June_23",10.7873163727494,14.4779204976117,12.6326184351805
"FAITHWAITE","2013","June_24",10.1638810611653,15.0702285358093,12.6170547984873
"FAITHWAITE","2013","June_25",6.4892794870803,17.1309912329291,11.8101353600047
"FAITHWAITE","2013","June_26",9.71253874770469,17.4690047238966,13.5907717358006
"FAITHWAITE","2013","June_27",9.49068480696431,14.522251363269,12.0064680851167
"FAITHWAITE","2013","June_28",11.2892235013932,15.3388797204107,13.314051610902
"FAITHWAITE","2013","June_29",10.0011279866245,15.990382229882,12.9957551082532
"FAITHWAITE","2013","June_30",12.2272821656738,17.3285894133936,14.7779357895337
"FAITHWAITE","2014","April_01",7.2535492190016,12.8251510424893,10.0393501307455
"FAITHWAITE","2014","April_02",6.27960793239895,11.2376149046033,8.75861141850112
"FAITHWAITE","2014","April_03",7.52118206405979,11.8535756267241,9.68737884539197
"FAITHWAITE","2014","April_04",7.46134753780242,11.1944983998445,9.32792296882343
"FAITHWAITE","2014","April_05",5.80466881831602,14.0854927738888,9.94508079610242
"FAITHWAITE","2014","April_06",10.0046159574615,14.7562966918155,12.3804563246385
"FAITHWAITE","2014","April_07",6.56904030590845,10.8423843770124,8.70571234146041
"FAITHWAITE","2014","April_08",5.21655640661459,10.9845971192617,8.10057676293812
"FAITHWAITE","2014","April_09",6.4184919906422,12.687400022949,9.5529460067956
"FAITHWAITE","2014","April_10",7.49694484673426,12.4202173231146,9.95858108492445
"FAITHWAITE","2014","April_11",3.45569023601891,11.8961708177124,7.67593052686568
"FAITHWAITE","2014","April_12",5.90517882716075,11.2086982199329,8.55693852354683
"FAITHWAITE","2014","April_13",6.82423336800248,10.9544612227203,8.8893472953614
"FAITHWAITE","2014","April_14",6.01576414916228,13.2704903339686,9.64312724156545
"FAITHWAITE","2014","April_15",1.69763954661899,14.821386035772,8.2595127911955
"FAITHWAITE","2014","April_16",3.8361104445706,14.304097378766,9.07010391166832
"FAITHWAITE","2014","April_17",7.43869761414531,11.5861614601531,9.5124295371492
"FAITHWAITE","2014","April_18",0.85453770358079,12.724254326289,6.78939601493488
"FAITHWAITE","2014","April_19",0.535077785365625,13.3894692825249,6.96227353394524
"FAITHWAITE","2014","April_20",2.94730782918947,14.9822465082486,8.96477716871905
"FAITHWAITE","2014","April_21",8.60511722795346,19.1887059343921,13.8969115811728
"FAITHWAITE","2014","April_22",8.5102662475596,14.3176617321145,11.413963989837
"FAITHWAITE","2014","April_23",8.95251252510908,15.5345753396102,12.2435439323596
"FAITHWAITE","2014","April_24",7.18890567082384,15.8483286835363,11.5186171771801
"FAITHWAITE","2014","April_25",6.45552349675933,13.1909779984072,9.82325074758325
"FAITHWAITE","2014","April_26",8.12326946277695,16.1224730175998,12.1228712401884
"FAITHWAITE","2014","April_27",7.5897297621571,14.7697126460283,11.1797212040927
"FAITHWAITE","2014","April_28",8.38194051241278,15.8868799966635,12.1344102545381
"FAITHWAITE","2014","April_29",6.83221290022779,17.5024282620193,12.1673205811235
"FAITHWAITE","2014","April_30",10.1815359367339,15.4035706178956,12.7925532773147
"FAITHWAITE","2014","May_01",8.45787612588516,10.7827186269551,9.62029737642013
"FAITHWAITE","2014","May_02",5.47555390414288,12.5486665837591,9.012110243951
"FAITHWAITE","2014","May_03",1.70880604241442,12.3881353837024,7.04847071305842
"FAITHWAITE","2014","May_04",7.99915612685791,12.8492540867153,10.4242051067866
"FAITHWAITE","2014","May_05",6.70581450680217,15.4385369160016,11.0721757114019
"FAITHWAITE","2014","May_06",9.28746085908537,15.2469565051192,12.2672086821023
"FAITHWAITE","2014","May_07",8.167618699837,11.9294774052983,10.0485480525677
"FAITHWAITE","2014","May_08",9.13040395140169,13.2472735095172,11.1888387304594
"FAITHWAITE","2014","May_09",7.67418495975038,13.8738876983017,10.774036329026
"FAITHWAITE","2014","May_10",7.88650526953482,13.7339229305438,10.8102141000393
"FAITHWAITE","2014","May_11",9.22436675067763,12.67279901628,10.9485828834788
"FAITHWAITE","2014","May_12",7.61963671587258,13.6608551730584,10.6402459444655
"FAITHWAITE","2014","May_13",5.35846278091673,14.527266795878,9.94286478839735
"FAITHWAITE","2014","May_14",5.13367950216092,15.4592024236128,10.2964409628869
"FAITHWAITE","2014","May_15",8.9949929199736,16.950056725191,12.9725248225823
"FAITHWAITE","2014","May_16",7.35034167153422,18.3250613409841,12.8377015062592
"FAITHWAITE","2014","May_17",8.87616029242932,18.6322335034012,13.7541968979153
"FAITHWAITE","2014","May_18",9.87453394785904,21.1120536961509,15.4932938220049
"FAITHWAITE","2014","May_19",8.35136717223822,23.2018714006233,15.7766192864308
"FAITHWAITE","2014","May_20",12.0181846926188,20.4181705908068,16.2181776417128
"FAITHWAITE","2014","May_21",9.52251128211787,16.8671903518074,13.1948508169626
"FAITHWAITE","2014","May_22",8.41934382052359,12.1940328619819,10.3066883412527
"FAITHWAITE","2014","May_23",7.91665549283936,13.9710126019713,10.9438340474053
"FAITHWAITE","2014","May_24",9.06753312736094,14.5002383971095,11.7838857622352
"FAITHWAITE","2014","May_25",8.52520270876878,15.2655444607371,11.895373584753
"FAITHWAITE","2014","May_26",8.84756014548812,17.6149843210484,13.2312722332683
"FAITHWAITE","2014","May_27",10.3707444304936,17.6616191384081,14.0161817844509
"FAITHWAITE","2014","May_28",10.2324436611174,13.3481562751999,11.7902999681587
"FAITHWAITE","2014","May_29",9.56140351744629,12.8684160484618,11.214909782954
"FAITHWAITE","2014","May_30",8.90686938522444,15.249909747153,12.0783895661887
"FAITHWAITE","2014","May_31",10.0638354291242,17.4583377599504,13.7610865945373
"FAITHWAITE","2014","June_01",7.87338049503071,19.5728916093471,13.7231360521889
"FAITHWAITE","2014","June_02",11.029254779799,17.4223860763048,14.2258204280519
"FAITHWAITE","2014","June_03",11.7297215641713,15.6965900871789,13.7131558256751
"FAITHWAITE","2014","June_04",8.62727069172508,13.9558437796168,11.291557235671
"FAITHWAITE","2014","June_05",10.5792560569554,15.4496962705262,13.0144761637408
"FAITHWAITE","2014","June_06",5.53524512707335,20.527017129345,13.0311311282092
"FAITHWAITE","2014","June_07",12.1153825205597,17.686978986677,14.9011807536184
"FAITHWAITE","2014","June_08",10.7021308755481,20.8922491178241,15.7971899966861
"FAITHWAITE","2014","June_09",10.3598508639172,19.9368162349269,15.1483335494221
"FAITHWAITE","2014","June_10",12.1944497275249,18.5462271484534,15.3703384379892
"FAITHWAITE","2014","June_11",10.8547794904105,17.9301086092365,14.3924440498235
"FAITHWAITE","2014","June_12",9.92179898227033,18.6252974120785,14.2735481971744
"FAITHWAITE","2014","June_13",10.6214794446226,19.2265248262885,14.9240021354555
"FAITHWAITE","2014","June_14",11.8089721975838,20.5258151374291,16.1673936675065
"FAITHWAITE","2014","June_15",13.9003262072197,17.4139530644916,15.6571396358557
"FAITHWAITE","2014","June_16",10.088196868996,19.2584582938638,14.6733275814299
"FAITHWAITE","2014","June_17",11.3412985220031,21.4025745200842,16.3719365210437
"FAITHWAITE","2014","June_18",14.2216551255188,22.7930212282933,18.507338176906
"FAITHWAITE","2014","June_19",12.0016611405652,20.1664839626131,16.0840725515891
"FAITHWAITE","2014","June_20",9.84987772440352,19.0544998316126,14.4521887780081
"FAITHWAITE","2014","June_21",9.14915357001847,20.0599994888973,14.6045765294579
"FAITHWAITE","2014","June_22",9.47685197961014,20.7560357885278,15.116443884069
"FAITHWAITE","2014","June_23",10.9906293849502,21.3012118470157,16.1459206159829
"FAITHWAITE","2014","June_24",10.8803948277135,19.6544098255473,15.2674023266304
"FAITHWAITE","2014","June_25",11.2185925066293,17.4137182535726,14.3161553801009
"FAITHWAITE","2014","June_26",10.8342321090453,18.3727892569934,14.6035106830194
"FAITHWAITE","2014","June_27",10.5845906627633,16.3994703714722,13.4920305171177
"FAITHWAITE","2014","June_28",10.2249268196474,14.9757887913542,12.6003578055008
"FAITHWAITE","2014","June_29",7.35424591275929,17.5564792501019,12.4553625814306
"FAITHWAITE","2014","June_30",8.38495382764725,20.1149286920957,14.2499412598715
"FAITHWAITE","2015","April_01",2.35376756534192,7.52326075692964,4.93851416113578
"FAITHWAITE","2015","April_02",2.15583565675116,9.16273048049945,5.65928306862531
"FAITHWAITE","2015","April_03",4.91071220751519,9.96521252590903,7.43796236671211
"FAITHWAITE","2015","April_04",6.01696107033141,12.6684649433546,9.34271300684298
"FAITHWAITE","2015","April_05",4.55789898755394,11.6832077246598,8.12055335610688
"FAITHWAITE","2015","April_06",4.04575186811634,11.1300187282983,7.5878852982073
"FAITHWAITE","2015","April_07",2.79689934424328,13.516792837745,8.15684609099413
"FAITHWAITE","2015","April_08",1.45348598256308,15.0536427645005,8.25356437353177
"FAITHWAITE","2015","April_09",3.62580363933206,16.7153738302806,10.1705887348063
"FAITHWAITE","2015","April_10",3.87304685221699,19.2416341623295,11.5573405072732
"FAITHWAITE","2015","April_11",4.13558508700791,9.85643736480389,6.9960112259059
"FAITHWAITE","2015","April_12",4.32446976285401,10.3272286707432,7.32584921679861
"FAITHWAITE","2015","April_13",2.46979416857501,11.9203858531324,7.19509001085371
"FAITHWAITE","2015","April_14",7.59517767369746,13.8340488117954,10.7146132427464
"FAITHWAITE","2015","April_15",6.37318950411153,11.8497337699124,9.11146163701194
"FAITHWAITE","2015","April_16",1.51334931881293,12.1716976694337,6.84252349412331
"FAITHWAITE","2015","April_17",5.51430696343876,14.2313155311821,9.87281124731043
"FAITHWAITE","2015","April_18",2.35085384798969,14.1000496112083,8.22545172959899
"FAITHWAITE","2015","April_19",0.786429260523617,12.6978410523166,6.74213515642009
"FAITHWAITE","2015","April_20",2.68702025307067,14.6588220824309,8.6729211677508
"FAITHWAITE","2015","April_21",1.65229255039224,17.1235369676384,9.38791475901532
"FAITHWAITE","2015","April_22",3.75487221556518,17.7924141111453,10.7736431633553
"FAITHWAITE","2015","April_23",4.73538600084237,17.6119402941426,11.1736631474925
"FAITHWAITE","2015","April_24",5.02533724852901,12.8040334652644,8.91468535689671
"FAITHWAITE","2015","April_25",8.35619005561005,10.7516442460346,9.55391715082231
"FAITHWAITE","2015","April_26",-0.362362084353285,10.2246095475911,4.93112373161889
"FAITHWAITE","2015","April_27",-2.35241656491167,10.2233043644274,3.93544389975787
"FAITHWAITE","2015","April_28",2.58790927293482,9.57280804582894,6.08035865938188
"FAITHWAITE","2015","April_29",3.50177367975559,10.1461363298476,6.8239550048016
"FAITHWAITE","2015","April_30",3.90778176210934,11.221189056581,7.56448540934516
"FAITHWAITE","2015","May_01",0.254757727654663,10.7935021591303,5.5241299433925
"FAITHWAITE","2015","May_02",2.84713479363854,9.15040150192461,5.99876814778157
"FAITHWAITE","2015","May_03",5.95374937971801,14.3610077177595,10.1573785487387
"FAITHWAITE","2015","May_04",7.95274845421644,14.2646010999244,11.1086747770704
"FAITHWAITE","2015","May_05",8.97751173759967,13.3338994337022,11.1557055856509
"FAITHWAITE","2015","May_06",6.39849782511935,10.8670572911726,8.63277755814595
"FAITHWAITE","2015","May_07",5.28201199348384,12.3830821448148,8.83254706914931
"FAITHWAITE","2015","May_08",1.17124570696819,14.3247558502598,7.748000778614
"FAITHWAITE","2015","May_09",7.08101429218622,13.0100137698608,10.0455140310235
"FAITHWAITE","2015","May_10",6.17142034194949,15.6300322488917,10.9007262954206
"FAITHWAITE","2015","May_11",10.8359926101802,15.7763967937426,13.3061947019614
"FAITHWAITE","2015","May_12",8.80068901970803,12.8679763106018,10.8343326651549
"FAITHWAITE","2015","May_13",4.94546023301032,14.0356570885766,9.49055866079346
"FAITHWAITE","2015","May_14",5.35226870746622,12.0198731881098,8.68607094778801
"FAITHWAITE","2015","May_15",3.42016037009036,14.3719308545034,8.89604561229688
"FAITHWAITE","2015","May_16",8.21093436178645,12.5810428805618,10.3959886211741
"FAITHWAITE","2015","May_17",7.17248713780365,12.089805590299,9.63114636405133
"FAITHWAITE","2015","May_18",6.89261227309535,11.6143818200008,9.25349704654805
"FAITHWAITE","2015","May_19",5.06273093714559,11.7734816078208,8.41810627248319
"FAITHWAITE","2015","May_20",6.07722821481342,13.3406065440215,9.70891737941748
"FAITHWAITE","2015","May_21",6.73928057472426,13.4217262201302,10.0805033974272
"FAITHWAITE","2015","May_22",9.91130393053778,14.834966340979,12.3731351357584
"FAITHWAITE","2015","May_23",7.35241229510031,15.5868800341503,11.4696461646253
"FAITHWAITE","2015","May_24",8.32053327606513,13.6623097986834,10.9914215373743
"FAITHWAITE","2015","May_25",8.25999248249433,14.0339952669437,11.146993874719
"FAITHWAITE","2015","May_26",7.02964221951049,14.4281495255145,10.7288958725125
"FAITHWAITE","2015","May_27",7.4083504128718,12.5665490523425,9.98744973260714
"FAITHWAITE","2015","May_28",7.51037730043011,12.7364317246078,10.123404512519
"FAITHWAITE","2015","May_29",6.0405088623374,12.1017189132863,9.07111388781185
"FAITHWAITE","2015","May_30",4.96558094317931,12.535439256439,8.75051009980917
"FAITHWAITE","2015","May_31",8.29107065100335,11.9742860157169,10.1326783333601
"FAITHWAITE","2015","June_01",5.71075205605521,11.888369945239,8.7995610006471
"FAITHWAITE","2015","June_02",6.95148696201657,14.2585332200947,10.6050100910556
"FAITHWAITE","2015","June_03",8.08548648084244,14.8032692380333,11.4443778594379
"FAITHWAITE","2015","June_04",4.79889260456489,19.3821146731003,12.0905036388326
"FAITHWAITE","2015","June_05",11.0892876372169,16.4269951801034,13.7581414086602
"FAITHWAITE","2015","June_06",8.78474621068687,14.3541246975342,11.5694354541105
"FAITHWAITE","2015","June_07",7.91944345641297,14.5290940914836,11.2242687739483
"FAITHWAITE","2015","June_08",3.95154559590081,15.1712568005694,9.5614011982351
"FAITHWAITE","2015","June_09",3.79095973570297,15.7899245168111,9.79044212625701
"FAITHWAITE","2015","June_10",4.99457455693663,18.8434941786007,11.9190343677687
"FAITHWAITE","2015","June_11",6.51113723434926,21.1632257037584,13.8371814690538
"FAITHWAITE","2015","June_12",7.73245334079245,22.3513514185865,15.0419023796895
"FAITHWAITE","2015","June_13",13.3133112087401,17.7548244180204,15.5340678133802
"FAITHWAITE","2015","June_14",9.78328545923772,13.845415035412,11.8143502473248
"FAITHWAITE","2015","June_15",5.06198255542512,17.4022930972024,11.2321378263137
"FAITHWAITE","2015","June_16",10.750615246157,18.0316680454636,14.3911416458103
"FAITHWAITE","2015","June_17",12.8841503746462,16.7763963043459,14.830273339496
"FAITHWAITE","2015","June_18",8.93343587867382,14.3228797410631,11.6281578098685
"FAITHWAITE","2015","June_19",9.77801125253881,14.0815102434724,11.9297607480056
"FAITHWAITE","2015","June_20",11.183296352137,17.9670779024595,14.5751871272983
"FAITHWAITE","2015","June_21",10.5384129123933,14.8115252276856,12.6749690700395
"FAITHWAITE","2015","June_22",8.70869487502282,15.3516283601966,12.0301616176097
"FAITHWAITE","2015","June_23",7.34250503683788,17.7558550891316,12.5491800629847
"FAITHWAITE","2015","June_24",7.83372906593618,18.0907993056904,12.9622641858133
"FAITHWAITE","2015","June_25",12.4976612619632,19.4149980812107,15.9563296715869
"FAITHWAITE","2015","June_26",13.3261468297118,18.3575138097079,15.8418303197099
"FAITHWAITE","2015","June_27",10.122783835659,19.3976251736591,14.7602045046591
"FAITHWAITE","2015","June_28",12.9827002254304,19.1976118964569,16.0901560609436
"FAITHWAITE","2015","June_29",11.6889630805577,21.8757176720494,16.7823403763036
"FAITHWAITE","2015","June_30",14.3717438111457,27.8695951887684,21.1206694999571
"FAITHWAITE","2016","April_01",0.991926829889288,8.40704929129581,4.69948806059255
"FAITHWAITE","2016","April_02",5.43834100123515,9.70016848018732,7.56925474071124
"FAITHWAITE","2016","April_03",5.22129227244501,13.3366205376894,9.27895640506721
"FAITHWAITE","2016","April_04",7.02196448645308,10.7713569023802,8.89666069441664
"FAITHWAITE","2016","April_05",6.33383257444796,10.8116673606995,8.5727499675737
"FAITHWAITE","2016","April_06",5.2687701914149,8.64570274213966,6.95723646677728
"FAITHWAITE","2016","April_07",4.15702241024364,11.3751068680086,7.7660646391261
"FAITHWAITE","2016","April_08",3.22359010158458,10.9321390828401,7.07786459221236
"FAITHWAITE","2016","April_09",3.72010924384633,9.26440253259278,6.49225588821955
"FAITHWAITE","2016","April_10",-0.8324694574833,12.4630397800858,5.81528516130125
"FAITHWAITE","2016","April_11",5.13793298944549,15.1828391860343,10.1603860877399
"FAITHWAITE","2016","April_12",6.86331873262279,9.32195957774729,8.09263915518504
"FAITHWAITE","2016","April_13",4.72582150541079,12.0858647631725,8.40584313429167
"FAITHWAITE","2016","April_14",5.45107238727098,11.9421664242498,8.69661940576041
"FAITHWAITE","2016","April_15",4.53170954518636,8.86731541262865,6.69951247890751
"FAITHWAITE","2016","April_16",0.543037162747484,9.10491965353176,4.82397840813962
"FAITHWAITE","2016","April_17",-1.59890157130755,10.1272663981506,4.26418241342155
"FAITHWAITE","2016","April_18",5.67984918936005,10.5787833898133,8.1293162895867
"FAITHWAITE","2016","April_19",1.60746295772262,13.1454595902475,7.37646127398506
"FAITHWAITE","2016","April_20",2.03802872328661,16.3083639327592,9.17319632802291
"FAITHWAITE","2016","April_21",3.06173733734822,17.8427517762168,10.4522445567825
"FAITHWAITE","2016","April_22",3.69422654845412,12.1924563047487,7.94334142660143
"FAITHWAITE","2016","April_23",-0.122975307206742,10.044179331052,4.96060201192261
"FAITHWAITE","2016","April_24",1.39911524559922,9.97376404511423,5.68643964535672
"FAITHWAITE","2016","April_25",4.6203404301195,10.3232302154167,7.4717853227681
"FAITHWAITE","2016","April_26",1.64489338245993,9.23218574755712,5.43853956500853
"FAITHWAITE","2016","April_27",0.487993079117245,7.53510282974632,4.01154795443178
"FAITHWAITE","2016","April_28",-1.11354046698605,6.65494728262646,2.7707034078202
"FAITHWAITE","2016","April_29",1.27531371674806,8.00737749975491,4.64134560825149
"FAITHWAITE","2016","April_30",0.988274559036436,10.3293678132582,5.65882118614733
"FAITHWAITE","2016","May_01",3.59626545938063,11.5832342840588,7.58974987171972
"FAITHWAITE","2016","May_02",6.87373782556086,12.7144443843203,9.79409110494059
"FAITHWAITE","2016","May_03",5.73601890498398,11.9697327982206,8.85287585160231
"FAITHWAITE","2016","May_04",4.87520408684358,14.5099304793081,9.69256728307585
"FAITHWAITE","2016","May_05",5.76813207909973,16.6365513663621,11.2023417227309
"FAITHWAITE","2016","May_06",7.51079654007145,19.205439068235,13.3581178041532
"FAITHWAITE","2016","May_07",9.55877415043252,19.3337981998399,14.4462861751362
"FAITHWAITE","2016","May_08",10.6258829030837,24.3440326756109,17.4849577893473
"FAITHWAITE","2016","May_09",11.8678287618421,24.1420611844283,18.0049449731352
"FAITHWAITE","2016","May_10",11.9633496353014,20.3832006129437,16.1732751241226
"FAITHWAITE","2016","May_11",11.709298475758,20.1253269002069,15.9173126879825
"FAITHWAITE","2016","May_12",11.5109108229898,21.0753100425112,16.2931104327505
"FAITHWAITE","2016","May_13",8.36699464305891,14.4517116796109,11.4093531613349
"FAITHWAITE","2016","May_14",1.03875525774005,12.8289576895888,6.93385647366442
"FAITHWAITE","2016","May_15",2.93256957730032,13.8419084322883,8.38723900479432
"FAITHWAITE","2016","May_16",3.70874610704784,13.7623868617065,8.73556648437718
"FAITHWAITE","2016","May_17",4.31501713611065,16.8893771145687,10.6021971253397
"FAITHWAITE","2016","May_18",9.82072091632157,14.7666311105661,12.2936760134438
"FAITHWAITE","2016","May_19",7.80079487632771,14.9629792107863,11.381887043557
"FAITHWAITE","2016","May_20",10.2521985105339,15.6002613306738,12.9262299206039
"FAITHWAITE","2016","May_21",10.6676968462194,16.0851038126359,13.3764003294277
"FAITHWAITE","2016","May_22",8.61644250731658,15.6207235359835,12.11858302165
"FAITHWAITE","2016","May_23",5.13655721190895,16.2935426068464,10.7150499093777
"FAITHWAITE","2016","May_24",5.3608628100603,16.5027345010279,10.9317986555441
"FAITHWAITE","2016","May_25",5.99429489084364,12.066185277678,9.03024008426081
"FAITHWAITE","2016","May_26",8.2046960755735,14.3231182085662,11.2639071420699
"FAITHWAITE","2016","May_27",9.03974131643713,17.1415924593098,13.0906668878735
"FAITHWAITE","2016","May_28",7.32825377374172,18.3098876405501,12.8190707071459
"FAITHWAITE","2016","May_29",7.05636193524458,18.8540023333862,12.9551821343154
"FAITHWAITE","2016","May_30",7.34201348339329,19.2712392213887,13.306626352391
"FAITHWAITE","2016","May_31",8.93382289451645,18.6095514761841,13.7716871853503
"FAITHWAITE","2016","June_01",10.4923940201614,16.4470785921099,13.4697363061357
"FAITHWAITE","2016","June_02",5.7051361951739,17.1781714507246,11.4416538229493
"FAITHWAITE","2016","June_03",4.64378534313101,19.0580460716989,11.850915707415
"FAITHWAITE","2016","June_04",12.3475901366497,21.7029926538765,17.0252913952631
"FAITHWAITE","2016","June_05",10.8423306565458,24.212244446468,17.5272875515069
"FAITHWAITE","2016","June_06",11.9427690706521,25.2673662958002,18.6050676832262
"FAITHWAITE","2016","June_07",12.6518818489148,24.072174060823,18.3620279548689
"FAITHWAITE","2016","June_08",13.7869144662252,20.8765079911922,17.3317112287087
"FAITHWAITE","2016","June_09",12.1252291882781,23.03080491986,17.5780170540691
"FAITHWAITE","2016","June_10",14.6354345184571,20.1976806242565,17.4165575713568
"FAITHWAITE","2016","June_11",13.6848795072703,17.5220873795669,15.6034834434186
"FAITHWAITE","2016","June_12",13.3900381587711,19.9461110401155,16.6680745994433
"FAITHWAITE","2016","June_13",13.1540675408068,15.7269680175889,14.4405177791979
"FAITHWAITE","2016","June_14",11.5234880528511,18.1835033040696,14.8534956784604
"FAITHWAITE","2016","June_15",11.9576534799045,17.8256696270326,14.8916615534686
"FAITHWAITE","2016","June_16",12.2152477461261,17.0964606825718,14.655854214349
"FAITHWAITE","2016","June_17",11.2464581546855,16.0318466208278,13.6391523877566
"FAITHWAITE","2016","June_18",10.3170468579882,16.8494002813054,13.5832235696468
"FAITHWAITE","2016","June_19",10.3783558956396,17.3748951635584,13.876625529599
"FAITHWAITE","2016","June_20",14.1732162877194,18.0637163766926,16.118466332206
"FAITHWAITE","2016","June_21",12.1792319932596,18.9438614324561,15.5615467128579
"FAITHWAITE","2016","June_22",12.330740886019,19.5996544648077,15.9651976754133
"FAITHWAITE","2016","June_23",9.99590603054096,20.1142220048066,15.0550640176738
"FAITHWAITE","2016","June_24",12.3266420797995,17.4997385182004,14.913190299
"FAITHWAITE","2016","June_25",8.25711161298233,17.8848229521311,13.0709672825567
"FAITHWAITE","2016","June_26",11.4643946351538,16.2724107487144,13.8684026919341
"FAITHWAITE","2016","June_27",12.2218705634165,16.2292772533097,14.2255739083631
"FAITHWAITE","2016","June_28",8.85022753416203,15.4572329577929,12.1537302459774
"FAITHWAITE","2016","June_29",10.0123316164071,15.767586579572,12.8899590979896
"FAITHWAITE","2016","June_30",9.7359438427642,16.3764395231744,13.0561916829693
"FAITHWAITE","2017","April_01",8.54607462061028,12.4809026160861,10.5134886183482
"FAITHWAITE","2017","April_02",4.41038687888185,12.7408072439998,8.57559706144085
"FAITHWAITE","2017","April_03",3.31583072849081,14.1227167167951,8.71927372264297
"FAITHWAITE","2017","April_04",8.28367455434697,12.3912526270206,10.3374635906838
"FAITHWAITE","2017","April_05",6.14067139774198,11.3239629787114,8.73231718822669
"FAITHWAITE","2017","April_06",2.3048080716009,10.3343367445346,6.31957240806773
"FAITHWAITE","2017","April_07",6.4800320226975,10.9850758438257,8.7325539332616
"FAITHWAITE","2017","April_08",-0.0316075649410852,17.072345992545,8.52036921380196
"FAITHWAITE","2017","April_09",6.06106026324082,16.6789879682725,11.3700241157567
"FAITHWAITE","2017","April_10",5.52747114726679,11.791234847103,8.65935299718489
"FAITHWAITE","2017","April_11",4.92863862810273,11.1803343607621,8.05448649443239
"FAITHWAITE","2017","April_12",7.925745769522,11.6424323375371,9.78408905352958
"FAITHWAITE","2017","April_13",5.03694599248965,10.448600748909,7.74277337069932
"FAITHWAITE","2017","April_14",7.14799711578063,11.1656334246338,9.15681527020719
"FAITHWAITE","2017","April_15",5.18344197717998,10.6250584028567,7.90425019001835
"FAITHWAITE","2017","April_16",4.70905480113153,10.4094853014296,7.55927005128056
"FAITHWAITE","2017","April_17",4.8249278066296,10.7115708051348,7.7682493058822
"FAITHWAITE","2017","April_18",-0.362658249778987,11.0242563069693,5.33079902859517
"FAITHWAITE","2017","April_19",4.64227633879544,11.7374483535072,8.18986234615132
"FAITHWAITE","2017","April_20",7.41014005577226,13.4784913436415,10.4443156997069
"FAITHWAITE","2017","April_21",8.0153752276511,13.4059311219626,10.7106531748068
"FAITHWAITE","2017","April_22",2.8962188386446,12.4319611329057,7.66408998577515
"FAITHWAITE","2017","April_23",1.8433238566682,12.0549513506761,6.94913760367215
"FAITHWAITE","2017","April_24",6.92902909132518,10.8972112129778,8.91312015215147
"FAITHWAITE","2017","April_25",-1.51825177960531,8.9959883122655,3.73886826633009
"FAITHWAITE","2017","April_26",0.462815952754412,9.88480289480395,5.17380942377918
"FAITHWAITE","2017","April_27",2.41468035404076,12.339696467552,7.37718841079637
"FAITHWAITE","2017","April_28",3.39806657066368,11.8844398641051,7.64125321738436
"FAITHWAITE","2017","April_29",6.07302170827675,13.1849522845854,9.62898699643106
"FAITHWAITE","2017","April_30",7.68106005715347,15.1033150472505,11.392187552202
"FAITHWAITE","2017","May_01",9.20887537301667,16.4473224845553,12.828098928786
"FAITHWAITE","2017","May_02",5.32091060422533,16.4555402909391,10.8882254475822
"FAITHWAITE","2017","May_03",4.12084445560351,16.1188870102311,10.1198657329173
"FAITHWAITE","2017","May_04",6.44517658984558,16.4231318245902,11.4341542072179
"FAITHWAITE","2017","May_05",4.52974744405387,16.0345176158045,10.2821325299292
"FAITHWAITE","2017","May_06",4.51507884197309,13.9982583915447,9.25666861675889
"FAITHWAITE","2017","May_07",3.02683980015129,16.2958863722436,9.66136308619745
"FAITHWAITE","2017","May_08",3.60659057788965,13.8136753843983,8.71013298114397
"FAITHWAITE","2017","May_09",1.91193354474246,12.9114874854923,7.41171051511739
"FAITHWAITE","2017","May_10",1.8880343796338,16.2626902444903,9.07536231206204
"FAITHWAITE","2017","May_11",4.01142972238592,19.5158451456851,11.7636374340355
"FAITHWAITE","2017","May_12",9.10684811048439,16.6305915549654,12.8687198327249
"FAITHWAITE","2017","May_13",10.1532726033406,16.112727636277,13.1330001198088
"FAITHWAITE","2017","May_14",9.57066759173599,15.6782835046974,12.6244755482167
"FAITHWAITE","2017","May_15",8.07231219689846,15.6761581141983,11.8742351555484
"FAITHWAITE","2017","May_16",11.1312739047762,17.2892891962715,14.2102815505238
"FAITHWAITE","2017","May_17",9.21057530220083,13.7004578620987,11.4555165821498
"FAITHWAITE","2017","May_18",6.10440904344547,15.1850116919393,10.6447103676924
"FAITHWAITE","2017","May_19",6.45321696160167,14.0024280025345,10.2278224820681
"FAITHWAITE","2017","May_20",6.64026885838204,14.2722432769965,10.4562560676893
"FAITHWAITE","2017","May_21",8.07989352899929,17.2598406973277,12.6698671131635
"FAITHWAITE","2017","May_22",9.74814860631365,21.5822293745885,15.6651889904511
"FAITHWAITE","2017","May_23",9.93193022918541,17.7340447062625,13.8329874677239
"FAITHWAITE","2017","May_24",12.6096511239514,20.0601194209708,16.3348852724611
"FAITHWAITE","2017","May_25",10.4630833567334,26.2057933344849,18.3344383456092
"FAITHWAITE","2017","May_26",14.4736909937795,26.7743816940629,20.6240363439212
"FAITHWAITE","2017","May_27",14.032685487137,25.35467947811,19.6936824826235
"FAITHWAITE","2017","May_28",12.3887931537335,17.2124201512877,14.8006066525106
"FAITHWAITE","2017","May_29",12.1928788020798,15.1831334160847,13.6880061090822
"FAITHWAITE","2017","May_30",12.0561709185421,16.9328078252742,14.4944893719082
"FAITHWAITE","2017","May_31",6.38554259042786,20.5760658718986,13.4808042311632
"FAITHWAITE","2017","June_01",13.3509633897536,20.5410815163669,16.9460224530603
"FAITHWAITE","2017","June_02",12.2016465166888,16.8735729046433,14.537609710666
"FAITHWAITE","2017","June_03",7.10988238900645,17.8021922350265,12.4560373120165
"FAITHWAITE","2017","June_04",9.58530635067294,16.243314903188,12.9143106269305
"FAITHWAITE","2017","June_05",8.75895813004451,14.8033856774707,11.7811719037576
"FAITHWAITE","2017","June_06",10.4943264834652,12.7532370459539,11.6237817647095
"FAITHWAITE","2017","June_07",10.0575664081018,15.1569133658193,12.6072398869605
"FAITHWAITE","2017","June_08",10.363147364624,17.7477462589764,14.0554468118002
"FAITHWAITE","2017","June_09",11.2365433733575,16.7619849452926,13.999264159325
"FAITHWAITE","2017","June_10",11.4934796053512,18.3204021969713,14.9069409011612
"FAITHWAITE","2017","June_11",12.4864936277566,16.9553136761476,14.7209036519521
"FAITHWAITE","2017","June_12",12.2337276391889,15.5626931786995,13.8982104089442
"FAITHWAITE","2017","June_13",12.1717527034766,18.0200463769415,15.0958995402091
"FAITHWAITE","2017","June_14",11.33740107605,23.5518565457492,17.4446288108996
"FAITHWAITE","2017","June_15",11.3064467130017,17.9126876405229,14.6095671767623
"FAITHWAITE","2017","June_16",12.1641868320289,18.0981680363095,15.1311774341692
"FAITHWAITE","2017","June_17",14.0696487859493,22.2451133799136,18.1573810829314
"FAITHWAITE","2017","June_18",10.6172847881357,23.4968164424855,17.0570506153106
"FAITHWAITE","2017","June_19",11.4435344341829,25.7359437131402,18.5897390736615
"FAITHWAITE","2017","June_20",13.4067444862713,22.0596184103258,17.7331814482985
"FAITHWAITE","2017","June_21",13.7980952420206,26.8759947328581,20.3370449874393
"FAITHWAITE","2017","June_22",14.582904579139,17.6995758199976,16.1412401995683
"FAITHWAITE","2017","June_23",12.9880452220828,16.4623651504775,14.7252051862802
"FAITHWAITE","2017","June_24",12.4293301249813,17.3483221698878,14.8888261474346
"FAITHWAITE","2017","June_25",11.189661837613,16.3049596981107,13.7473107678618
"FAITHWAITE","2017","June_26",8.06696563864944,17.7524323314604,12.9096989850549
"FAITHWAITE","2017","June_27",10.848986513576,16.0579137679988,13.4534501407874
"FAITHWAITE","2017","June_28",11.3742416077907,12.6798224305579,12.0270320191743
"FAITHWAITE","2017","June_29",9.4786491280545,15.5720849766212,12.5253670523379
"FAITHWAITE","2017","June_30",12.1011866517739,17.8765995252921,14.988893088533
"FAITHWAITE","2018","April_01",0.851343159426774,6.79828182186988,3.82481249064833
"FAITHWAITE","2018","April_02",1.70080700227904,8.96924900661123,5.33502800444513
"FAITHWAITE","2018","April_03",2.55240989086566,12.3154285026781,7.43391919677189
"FAITHWAITE","2018","April_04",4.96157571442359,11.2549293496686,8.10825253204612
"FAITHWAITE","2018","April_05",0.0465067469229026,9.54847781111877,4.79749227902084
"FAITHWAITE","2018","April_06",4.2764880544409,13.1071438108701,8.69181593265551
"FAITHWAITE","2018","April_07",5.61224584857229,9.82133976858158,7.71679280857694
"FAITHWAITE","2018","April_08",3.80701434067326,11.0516868552119,7.42935059794259
"FAITHWAITE","2018","April_09",2.73339749863352,14.3172145160545,8.525306007344
"FAITHWAITE","2018","April_10",6.28661319640183,8.87687336330485,7.58174327985334
"FAITHWAITE","2018","April_11",6.33552773835959,10.2988613009141,8.31719451963687
"FAITHWAITE","2018","April_12",5.78045682033109,9.94180102807385,7.86112892420247
"FAITHWAITE","2018","April_13",5.60967148034154,10.2365139012318,7.92309269078665
"FAITHWAITE","2018","April_14",6.45537715146273,14.4767562315902,10.4660666915265
"FAITHWAITE","2018","April_15",7.08601220030213,13.9025017877972,10.4942569940497
"FAITHWAITE","2018","April_16",8.28029329068353,13.9582158868133,11.1192545887484
"FAITHWAITE","2018","April_17",9.66174101318231,14.5976085628881,12.1296747880352
"FAITHWAITE","2018","April_18",10.5415675395126,20.4432160461563,15.4923917928345
"FAITHWAITE","2018","April_19",11.2157405799872,19.0882265216316,15.1519835508094
"FAITHWAITE","2018","April_20",7.88743075848798,15.0354584420123,11.4614446002501
"FAITHWAITE","2018","April_21",3.24886310578552,20.5494262306768,11.8991446682311
"FAITHWAITE","2018","April_22",9.7078913727167,13.0155618289714,11.361726600844
"FAITHWAITE","2018","April_23",8.15114028742046,12.4792230272772,10.3151816573488
"FAITHWAITE","2018","April_24",7.92057267791268,11.6757991713195,9.79818592461612
"FAITHWAITE","2018","April_25",6.40607540433262,11.8037196972613,9.10489755079694
"FAITHWAITE","2018","April_26",6.66177640482775,10.9048028496246,8.78328962722615
"FAITHWAITE","2018","April_27",4.21015550913718,9.366511824417,6.78833366677709
"FAITHWAITE","2018","April_28",1.26345196488429,11.5629853426656,6.41321865377493
"FAITHWAITE","2018","April_29",2.51243353585322,10.749204757051,6.63081914645213
"FAITHWAITE","2018","April_30",1.35079545446382,11.6116940216253,6.48124473804454
"FAITHWAITE","2018","May_01",1.07992522816781,12.9103276996787,6.99512646392323
"FAITHWAITE","2018","May_02",7.2417564405572,11.5107624662311,9.37625945339415
"FAITHWAITE","2018","May_03",5.06772503299859,12.3128568637855,8.69029094839202
"FAITHWAITE","2018","May_04",8.68345194744647,15.4926802475665,12.0880660975065
"FAITHWAITE","2018","May_05",7.12491063918415,18.2542139167172,12.6895622779507
"FAITHWAITE","2018","May_06",7.22619859432344,22.0413808971258,14.6337897457246
"FAITHWAITE","2018","May_07",8.24525279013587,22.7009620223998,15.4731074062678
"FAITHWAITE","2018","May_08",9.28852236948746,14.7955340728475,12.0420282211675
"FAITHWAITE","2018","May_09",6.07792167372178,13.5199089251942,9.79891529945798
"FAITHWAITE","2018","May_10",6.8226119364588,12.646921612111,9.7347667742849
"FAITHWAITE","2018","May_11",5.21827624257743,14.8505923720028,10.0344343072901
"FAITHWAITE","2018","May_12",4.74250758038851,14.2579839139919,9.50024574719019
"FAITHWAITE","2018","May_13",7.51380870989654,15.3673480312527,11.4405783705746
"FAITHWAITE","2018","May_14",3.17680264469211,16.6148582945862,9.89583046963914
"FAITHWAITE","2018","May_15",6.27797321817813,18.0026600808718,12.140316649525
"FAITHWAITE","2018","May_16",9.15383850007757,14.4433335236121,11.7985860118449
"FAITHWAITE","2018","May_17",1.87800929077516,15.6188447717308,8.74842703125299
"FAITHWAITE","2018","May_18",2.82344420070904,16.7434534046887,9.78344880269888
"FAITHWAITE","2018","May_19",4.67949364862844,19.3545046819079,12.0169991652682
"FAITHWAITE","2018","May_20",7.39157720756413,20.1974502423129,13.7945137249385
"FAITHWAITE","2018","May_21",8.14826567400885,21.6388015832003,14.8935336286046
"FAITHWAITE","2018","May_22",9.99307415267351,18.7417009117559,14.3673875322147
"FAITHWAITE","2018","May_23",7.05055591942193,18.8771818765291,12.9638688979755
"FAITHWAITE","2018","May_24",8.3849295545971,21.906049814661,15.145489684629
"FAITHWAITE","2018","May_25",10.1773574142072,18.1872670306075,14.1823122224074
"FAITHWAITE","2018","May_26",11.8770503661871,21.7791504196511,16.8281003929191
"FAITHWAITE","2018","May_27",11.14407321009,24.7260446060832,17.9350589080866
"FAITHWAITE","2018","May_28",12.3491920314778,23.9451067273404,18.1471493794091
"FAITHWAITE","2018","May_29",12.4836425310383,20.176366922625,16.3300047268317
"FAITHWAITE","2018","May_30",10.9185483202107,19.3408801268445,15.1297142235276
"FAITHWAITE","2018","May_31",13.8988348301034,22.7180270605263,18.3084309453149
"FAITHWAITE","2018","June_01",14.1463850158387,23.362115425183,18.7542502205108
"FAITHWAITE","2018","June_02",13.9725110084612,18.4196304441173,16.1960707262892
"FAITHWAITE","2018","June_03",13.4115507522508,20.5399808388216,16.9757657955362
"FAITHWAITE","2018","June_04",13.7575665764813,19.5726709253785,16.6651187509299
"FAITHWAITE","2018","June_05",9.40666760989104,19.1021130649308,14.2543903374109
"FAITHWAITE","2018","June_06",6.90169340630929,19.3141939135909,13.1079436599501
"FAITHWAITE","2018","June_07",8.23397503119175,21.6216741899859,14.9278246105888
"FAITHWAITE","2018","June_08",9.8986805825036,19.2647365593464,14.581708570925
"FAITHWAITE","2018","June_09",10.7489785891881,21.2616741500476,16.0053263696178
"FAITHWAITE","2018","June_10",10.324659656042,22.9494414912729,16.6370505736574
"FAITHWAITE","2018","June_11",11.8112200872549,20.2691556721783,16.0401878797166
"FAITHWAITE","2018","June_12",10.4367588014824,18.5491211441677,14.492939972825
"FAITHWAITE","2018","June_13",8.09372332301418,18.3365669196975,13.2151451213559
"FAITHWAITE","2018","June_14",13.2453768270898,17.0947205619903,15.17004869454
"FAITHWAITE","2018","June_15",10.7555801244229,15.7467042843103,13.2511422043666
"FAITHWAITE","2018","June_16",8.60115655870308,15.8412789987792,12.2212177787411
"FAITHWAITE","2018","June_17",10.3885829736825,16.2667713369338,13.3276771553082
"FAITHWAITE","2018","June_18",12.638587897424,17.1477707202963,14.8931793088602
"FAITHWAITE","2018","June_19",10.1124027714091,18.1999196937353,14.1561612325722
"FAITHWAITE","2018","June_20",13.6712967689947,16.8898292298166,15.2805629994057
"FAITHWAITE","2018","June_21",8.66685539265801,16.7019791315268,12.6844172620924
"FAITHWAITE","2018","June_22",6.30397608821538,18.469773867623,12.3868749779192
"FAITHWAITE","2018","June_23",8.52548238552284,17.0631566112256,12.7943194983742
"FAITHWAITE","2018","June_24",6.6346038047521,21.8427395213923,14.2386716630722
"FAITHWAITE","2018","June_25",8.25950306238026,25.3865020893841,16.8230025758822
"FAITHWAITE","2018","June_26",12.3997233578437,28.180351642811,20.2900375003274
"FAITHWAITE","2018","June_27",12.3720239425991,27.8931747426595,20.1325993426293
"FAITHWAITE","2018","June_28",11.0803858382436,27.6452959053991,19.3628408718214
"FAITHWAITE","2018","June_29",11.4635844722981,27.6983203221051,19.5809523972016
"FAITHWAITE","2018","June_30",10.7352532223661,25.7106683370862,18.2229607797262
"FAITHWAITE","2019","April_01",1.6267091471368,10.3298551224732,5.97828213480498
"FAITHWAITE","2019","April_02",3.63596806538653,8.71092649638511,6.17344728088582
"FAITHWAITE","2019","April_03",0.477915039585288,7.17748697486888,3.82770100722708
"FAITHWAITE","2019","April_04",1.60527927094472,8.8514884436682,5.22838385730646
"FAITHWAITE","2019","April_05",4.22788374721281,13.0574489512364,8.64266634922461
"FAITHWAITE","2019","April_06",3.15560489300054,12.7113248139107,7.93346485345561
"FAITHWAITE","2019","April_07",6.57961596867024,14.0486477131561,10.3141318409132
"FAITHWAITE","2019","April_08",6.24834464667087,13.4412299323683,9.84478728951959
"FAITHWAITE","2019","April_09",5.47364370665702,11.2318854886545,8.35276459765578
"FAITHWAITE","2019","April_10",-0.071464464753273,11.0228108502733,5.47567319276001
"FAITHWAITE","2019","April_11",-0.991760268385105,11.1183798641513,5.06330979788309
"FAITHWAITE","2019","April_12",0.0424196588467205,10.3902467180311,5.21633318843891
"FAITHWAITE","2019","April_13",-0.873587555862186,9.86058000206705,4.49349622310243
"FAITHWAITE","2019","April_14",-0.768250929731172,8.68955375517785,3.96065141272334
"FAITHWAITE","2019","April_15",2.54969578928542,12.6008792640493,7.57528752666736
"FAITHWAITE","2019","April_16",5.93640669502221,12.7460856020219,9.34124614852206
"FAITHWAITE","2019","April_17",6.2723680191178,17.9234947868151,12.0979314029665
"FAITHWAITE","2019","April_18",7.19710499325852,19.0392128950901,13.1181589441743
"FAITHWAITE","2019","April_19",7.43179686241156,22.3177445632443,14.8747707128279
"FAITHWAITE","2019","April_20",8.14501537347232,21.7885114242856,14.9667633988789
"FAITHWAITE","2019","April_21",7.63905515928083,21.3567261822409,14.4978906707609
"FAITHWAITE","2019","April_22",7.72554037215731,21.949525952172,14.8375331621646
"FAITHWAITE","2019","April_23",10.0195725619913,18.5916277819819,14.3056001719866
"FAITHWAITE","2019","April_24",7.57305106755625,18.3286722520486,12.9508616598024
"FAITHWAITE","2019","April_25",7.10390032818375,14.8047770083753,10.9543386682795
"FAITHWAITE","2019","April_26",6.4335281931898,11.587833488851,9.01068084102038
"FAITHWAITE","2019","April_27",5.83821363745469,10.7004887061622,8.26935117180845
"FAITHWAITE","2019","April_28",4.35021389298338,14.0789314833103,9.21457268814685
"FAITHWAITE","2019","April_29",3.66141431053085,15.6210276352898,9.64122097291034
"FAITHWAITE","2019","April_30",5.11324002153961,16.2467297576075,10.6799848895735
"FAITHWAITE","2019","May_01",8.85126387372358,13.956721446054,11.4039926598888
"FAITHWAITE","2019","May_02",5.92338874494073,13.478350342442,9.70086954369137
"FAITHWAITE","2019","May_03",5.07027517427097,10.1622354072987,7.61625529078485
"FAITHWAITE","2019","May_04",1.6667156045897,10.7139798770129,6.19034774080128
"FAITHWAITE","2019","May_05",2.36417017565678,11.0549749005518,6.70957253810428
"FAITHWAITE","2019","May_06",3.3365428819279,10.5431690652743,6.93985597360109
"FAITHWAITE","2019","May_07",4.12805589378328,11.4217191814642,7.77488753762372
"FAITHWAITE","2019","May_08",6.32096183836964,9.06302229564522,7.69199206700743
"FAITHWAITE","2019","May_09",6.03963715455144,9.1498366924536,7.59473692350252
"FAITHWAITE","2019","May_10",3.42392733788846,12.163649057402,7.79378819764525
"FAITHWAITE","2019","May_11",2.84043534797031,13.546099368937,8.19326735845364
"FAITHWAITE","2019","May_12",1.01868621152876,14.7545512036423,7.88661870758552
"FAITHWAITE","2019","May_13",2.99177887294905,17.9873295749604,10.4895542239547
"FAITHWAITE","2019","May_14",7.1874885801631,20.9879185688359,14.0877035744995
"FAITHWAITE","2019","May_15",7.45344056156462,21.3828436007623,14.4181420811634
"FAITHWAITE","2019","May_16",6.02191569987334,17.4664438884766,11.744179794175
"FAITHWAITE","2019","May_17",8.38114448502454,19.2432692484959,13.8122068667602
"FAITHWAITE","2019","May_18",9.69043778605372,14.7581377996435,12.2242877928486
"FAITHWAITE","2019","May_19",8.41559961537024,15.0500609777046,11.7328302965374
"FAITHWAITE","2019","May_20",8.33238167030579,15.8004321578812,12.0664069140935
"FAITHWAITE","2019","May_21",6.11684813522003,15.6321071928257,10.8744776640228
"FAITHWAITE","2019","May_22",5.12433155983333,16.1038259100842,10.6140787349588
"FAITHWAITE","2019","May_23",6.33738944720543,16.2664388220835,11.3019141346445
"FAITHWAITE","2019","May_24",6.65075883156667,16.7750166711967,11.7128877513817
"FAITHWAITE","2019","May_25",6.41140489987987,15.0781566828287,10.7447807913543
"FAITHWAITE","2019","May_26",11.9855690760362,16.0309750480852,14.0082720620607
"FAITHWAITE","2019","May_27",9.67584294232072,13.7728206933488,11.7243318178347
"FAITHWAITE","2019","May_28",7.71335641565096,15.029445940349,11.371401178
"FAITHWAITE","2019","May_29",4.14649417171515,14.9026854960205,9.52458983386783
"FAITHWAITE","2019","May_30",10.043514833396,18.4171808997439,14.23034786657
"FAITHWAITE","2019","May_31",12.7782602423193,16.0825862328202,14.4304232375697
"FAITHWAITE","2019","June_01",10.5633786548244,18.5155918289837,14.539485241904
"FAITHWAITE","2019","June_02",13.1870307477958,18.0190165981953,15.6030236729955
"FAITHWAITE","2019","June_03",10.5384512090171,15.9569560498404,13.2477036294287
"FAITHWAITE","2019","June_04",8.80816814807427,16.2528942325212,12.5305311902977
"FAITHWAITE","2019","June_05",9.74797930208171,13.7682487003081,11.7581140011949
"FAITHWAITE","2019","June_06",7.13663871867577,16.0238216953345,11.5802302070052
"FAITHWAITE","2019","June_07",6.64493790880437,17.0165802633386,11.8307590860715
"FAITHWAITE","2019","June_08",9.79786037579549,13.2056123854844,11.5017363806399
"FAITHWAITE","2019","June_09",9.13545160436195,15.5279371029917,12.3316943536768
"FAITHWAITE","2019","June_10",5.00644780111234,17.9158000588435,11.4611239299779
"FAITHWAITE","2019","June_11",9.51846940833839,12.2974828812413,10.9079761447898
"FAITHWAITE","2019","June_12",8.68841028097685,13.5293065160283,11.1088583985026
"FAITHWAITE","2019","June_13",9.4672206805619,11.5015369422011,10.4843788113815
"FAITHWAITE","2019","June_14",7.95477504700583,15.4890142639508,11.7218946554783
"FAITHWAITE","2019","June_15",9.91263481056975,16.1125920938884,13.0126134522291
"FAITHWAITE","2019","June_16",7.34718907754952,17.6459824246895,12.4965857511195
"FAITHWAITE","2019","June_17",11.1985291457574,17.7141201930654,14.4563246694114
"FAITHWAITE","2019","June_18",9.71205446937551,17.665765730418,13.6889100998967
"FAITHWAITE","2019","June_19",10.4347877745509,18.1265971164674,14.2806924455092
"FAITHWAITE","2019","June_20",10.0767047046787,15.4860510809174,12.781377892798
"FAITHWAITE","2019","June_21",9.48140635207641,16.2772861654558,12.8793462587661
"FAITHWAITE","2019","June_22",5.1263896523644,20.8106597016979,12.9685246770311
"FAITHWAITE","2019","June_23",12.4348330116538,19.6662607476926,16.0505468796732
"FAITHWAITE","2019","June_24",13.5538773243138,20.8244016330077,17.1891394786607
"FAITHWAITE","2019","June_25",13.8850437720852,18.6424459341245,16.2637448531048
"FAITHWAITE","2019","June_26",11.7821119598878,19.3828947996406,15.5825033797642
"FAITHWAITE","2019","June_27",7.56882503893587,23.4564129238006,15.5126189813682
"FAITHWAITE","2019","June_28",11.0121587548631,23.3768436118864,17.1945011833747
"FAITHWAITE","2019","June_29",14.2198566931926,25.8129822967807,20.0164194949867
"FAITHWAITE","2019","June_30",14.080821283675,18.9778945816081,16.5293579326416
"FAITHWAITE","2020","April_01",5.05718174996792,8.93585853798229,6.99652014397511
"FAITHWAITE","2020","April_02",6.12815386062588,10.4488555251563,8.28850469289108
"FAITHWAITE","2020","April_03",3.89019755217507,9.96822868952718,6.92921312085113
"FAITHWAITE","2020","April_04",4.83259307778779,13.1888458527646,9.01071946527621
"FAITHWAITE","2020","April_05",5.98203397011907,18.9569695518914,12.4695017610052
"FAITHWAITE","2020","April_06",8.63958004475982,12.5832768901387,10.6114284674493
"FAITHWAITE","2020","April_07",3.4664590025511,15.8637270200246,9.66509301128783
"FAITHWAITE","2020","April_08",5.52011608046272,16.9070486202528,11.2135823503578
"FAITHWAITE","2020","April_09",4.68386545100039,15.5280651129179,10.1059652819591
"FAITHWAITE","2020","April_10",6.90338665531248,20.5282522703749,13.7158194628437
"FAITHWAITE","2020","April_11",9.29794770504293,17.4450922397703,13.3715199724066
"FAITHWAITE","2020","April_12",6.78753862409768,17.2233635186421,12.0054510713699
"FAITHWAITE","2020","April_13",3.63448692280139,9.4955754785333,6.56503120066734
"FAITHWAITE","2020","April_14",-2.01626801359949,11.1254598936506,4.55459594002557
"FAITHWAITE","2020","April_15",0.998164908689409,15.8877996363455,8.44298227251747
"FAITHWAITE","2020","April_16",2.6481787744142,17.6849141235713,10.1665464489927
"FAITHWAITE","2020","April_17",5.70548531293777,13.4545735055488,9.58002940924329
"FAITHWAITE","2020","April_18",4.36953056990112,12.1327129364815,8.25112175319131
"FAITHWAITE","2020","April_19",4.52493199890159,16.007424433074,10.2661782159878
"FAITHWAITE","2020","April_20",3.16401909705003,15.1478535629641,9.15593633000705
"FAITHWAITE","2020","April_21",5.19958715609738,16.7614819340827,10.98053454509
"FAITHWAITE","2020","April_22",4.43733192000792,19.0025745684188,11.7199532442134
"FAITHWAITE","2020","April_23",5.77826165346802,19.16534174725,12.471801700359
"FAITHWAITE","2020","April_24",3.68781478743567,19.2629931479799,11.4754039677078
"FAITHWAITE","2020","April_25",4.10199757528907,18.5885964452136,11.3452970102513
"FAITHWAITE","2020","April_26",6.21753213019724,14.0600324609175,10.1387822955574
"FAITHWAITE","2020","April_27",5.49705624148558,13.9804612338467,9.73875873766613
"FAITHWAITE","2020","April_28",5.44708219227962,9.29450065156396,7.37079142192179
"FAITHWAITE","2020","April_29",4.93111676677041,10.9181363241238,7.92462654544712
"FAITHWAITE","2020","April_30",5.73019064769935,11.1655442103785,8.44786742903894
"FAITHWAITE","2020","May_01",4.3749394391393,12.12552927767,8.25023435840464
"FAITHWAITE","2020","May_02",5.52762910509555,14.3540446073961,9.94083685624581
"FAITHWAITE","2020","May_03",3.78516845491579,15.4213919789513,9.60328021693356
"FAITHWAITE","2020","May_04",4.22977183341294,15.4197054753568,9.82473865438487
"FAITHWAITE","2020","May_05",3.62277989739519,13.9770025754237,8.79989123640946
"FAITHWAITE","2020","May_06",1.11926321638049,17.2966841696754,9.20797369302794
"FAITHWAITE","2020","May_07",3.20398083401746,19.20999089006,11.2069858620387
"FAITHWAITE","2020","May_08",8.92097617657178,17.9292156426522,13.425095909612
"FAITHWAITE","2020","May_09",7.29705991803383,21.0523247880098,14.1746923530218
"FAITHWAITE","2020","May_10",7.52827366636206,9.18381717899643,8.35604542267925
"FAITHWAITE","2020","May_11",1.24626081254776,11.1759947451459,6.21112777884685
"FAITHWAITE","2020","May_12",1.09771391179017,12.5678283646313,6.83277113821073
"FAITHWAITE","2020","May_13",2.94627816775325,11.1817685415374,7.06402335464532
"FAITHWAITE","2020","May_14",-1.65420363786179,13.2344827736873,5.79013956791274
"FAITHWAITE","2020","May_15",2.7930188965553,13.7920390637234,8.29252898013934
"FAITHWAITE","2020","May_16",6.53337619028047,13.9614139121191,10.2473950511998
"FAITHWAITE","2020","May_17",9.42903852621875,15.3546770304005,12.3918577783096
"FAITHWAITE","2020","May_18",10.3000146823582,12.9194305269958,11.609722604677
"FAITHWAITE","2020","May_19",10.9678385094579,16.9699840291632,13.9689112693105
"FAITHWAITE","2020","May_20",7.16516995973168,23.6723976715998,15.4187838156658
"FAITHWAITE","2020","May_21",8.33659211953059,18.3632868559647,13.3499394877476
"FAITHWAITE","2020","May_22",11.9744694962887,16.0078017490587,13.9911356226737
"FAITHWAITE","2020","May_23",10.0520672328649,14.0837366080122,12.0679019204386
"FAITHWAITE","2020","May_24",10.7177071540083,16.0061114716663,13.3619093128373
"FAITHWAITE","2020","May_25",6.26602333779288,17.8261081856446,12.0460657617187
"FAITHWAITE","2020","May_26",10.7172291151866,18.1085932037583,14.4129111594725
"FAITHWAITE","2020","May_27",5.06084220049484,19.8041101617112,12.432476181103
"FAITHWAITE","2020","May_28",8.32643599584945,23.640747077616,15.9835915367327
"FAITHWAITE","2020","May_29",11.0913023687793,24.4561846015103,17.7737434851448
"FAITHWAITE","2020","May_30",8.75217121704473,22.6328795575428,15.6925253872938
"FAITHWAITE","2020","May_31",8.43324367375507,23.8055292285278,16.1193864511414
"FAITHWAITE","2020","June_01",8.17109534141886,23.3757820809652,15.773438711192
"FAITHWAITE","2020","June_02",7.9195013508578,22.2378041003657,15.0786527256117
"FAITHWAITE","2020","June_03",10.5851964081973,13.1547497698629,11.8699730890301
"FAITHWAITE","2020","June_04",6.64715801558401,14.3668617219212,10.5070098687526
"FAITHWAITE","2020","June_05",6.48480389952375,13.2427078679411,9.86375588373241
"FAITHWAITE","2020","June_06",7.26127079772028,15.6887057490928,11.4749882734065
"FAITHWAITE","2020","June_07",9.58051113141285,15.8791548226991,12.729832977056
"FAITHWAITE","2020","June_08",8.10589311735528,15.2511954973575,11.6785443073564
"FAITHWAITE","2020","June_09",6.61053771138576,15.333924865582,10.9722312884839
"FAITHWAITE","2020","June_10",9.32952356055633,14.1398198806954,11.7346717206258
"FAITHWAITE","2020","June_11",10.1674268465883,15.7861892762518,12.9768080614201
"FAITHWAITE","2020","June_12",10.9794335700867,16.3957993081448,13.6876164391158
"FAITHWAITE","2020","June_13",12.2934152075112,22.529249940057,17.4113325737841
"FAITHWAITE","2020","June_14",12.7556031020649,23.1382415194254,17.9469223107451
"FAITHWAITE","2020","June_15",13.0377181030036,22.321051356547,17.6793847297753
"FAITHWAITE","2020","June_16",12.7753791600002,20.3822664743703,16.5788228171853
"FAITHWAITE","2020","June_17",13.5663890704469,21.7292117273205,17.6478003988837
"FAITHWAITE","2020","June_18",12.6427062124359,16.2151707639898,14.4289384882129
"FAITHWAITE","2020","June_19",12.0669271697397,17.022894694563,14.5449109321514
"FAITHWAITE","2020","June_20",11.3108678849319,19.828481917462,15.5696749011969
"FAITHWAITE","2020","June_21",12.0863418991872,17.6804504114069,14.8833961552971
"FAITHWAITE","2020","June_22",9.82436792835282,18.8915257707629,14.3579468495579
"FAITHWAITE","2020","June_23",13.5056540347655,22.7719282777012,18.1387911562333
"FAITHWAITE","2020","June_24",12.3143196871097,27.1151502228131,19.7147349549614
"FAITHWAITE","2020","June_25",15.9872103997002,28.746962061723,22.3670862307116
"FAITHWAITE","2020","June_26",17.1469463938555,25.0824527652094,21.1146995795324
"FAITHWAITE","2020","June_27",13.0113448510222,18.5718456690732,15.7915952600477
"FAITHWAITE","2020","June_28",11.1521268522387,13.5143946061594,12.3332607291991
"FAITHWAITE","2020","June_29",10.8778835753992,14.3300050247754,12.6039443000873
"FAITHWAITE","2020","June_30",11.9264180349753,15.5984514890583,13.7624347620168
"FAITHWAITE","2021","April_01",5.57155985937673,9.8370670211736,7.70431344027516
"FAITHWAITE","2021","April_02",-0.600279394489865,11.5578836110343,5.47880210827221
"FAITHWAITE","2021","April_03",1.58420480187938,11.7858243429422,6.6850145724108
"FAITHWAITE","2021","April_04",0.866550266842666,11.2192634719719,6.04290686940726
"FAITHWAITE","2021","April_05",-0.0567577414724532,6.52723592794067,3.23523909323411
"FAITHWAITE","2021","April_06",-1.04984337016816,6.14096581094348,2.54556122038766
"FAITHWAITE","2021","April_07",-3.1727774653254,7.30048990076931,2.06385621772195
"FAITHWAITE","2021","April_08",2.38787631409589,8.93784955747762,5.66286293578675
"FAITHWAITE","2021","April_09",3.21788952215513,9.21998072441458,6.21893512328485
"FAITHWAITE","2021","April_10",-3.28495992216904,8.61441534717321,2.66472771250209
"FAITHWAITE","2021","April_11",-2.93264207508244,7.4334156470451,2.25038678598133
"FAITHWAITE","2021","April_12",-3.66560380973877,8.40471775384299,2.36955697205211
"FAITHWAITE","2021","April_13",-2.48461754464409,10.6602324785614,4.08780746695865
"FAITHWAITE","2021","April_14",1.45518060585507,11.8868888511256,6.67103472849035
"FAITHWAITE","2021","April_15",-1.46989752076295,11.6648112115649,5.09745684540096
"FAITHWAITE","2021","April_16",-0.549556544266468,12.5080616754545,5.97925256559402
"FAITHWAITE","2021","April_17",-0.104974573343103,13.6312270174195,6.76312622203819
"FAITHWAITE","2021","April_18",2.75400169621167,12.6053725900314,7.67968714312155
"FAITHWAITE","2021","April_19",2.58559860410428,16.2747629961289,9.4301808001166
"FAITHWAITE","2021","April_20",3.3585471852807,15.7440867769959,9.55131698113832
"FAITHWAITE","2021","April_21",6.14653238062548,12.1988404930781,9.17268643685176
"FAITHWAITE","2021","April_22",-1.1155005151767,15.4565734852805,7.17053648505192
"FAITHWAITE","2021","April_23",0.516987450355247,17.9749878346508,9.245987642503
"FAITHWAITE","2021","April_24",4.34400104307112,17.4164554252108,10.880228234141
"FAITHWAITE","2021","April_25",1.57958518194819,14.4439019146978,8.01174354832301
"FAITHWAITE","2021","April_26",0.381070242760987,12.7800644726827,6.58056735772182
"FAITHWAITE","2021","April_27",6.03728509872491,11.5923223648839,8.81480373180442
"FAITHWAITE","2021","April_28",4.5533211916659,10.0548805965694,7.30410089411767
"FAITHWAITE","2021","April_29",0.463245903089302,9.90517763964214,5.18421177136572
"FAITHWAITE","2021","April_30",0.320056631507438,10.2466234278408,5.28334002967412
"FAITHWAITE","2021","May_01",-0.565791076887014,10.4765922205763,4.95540057184466
"FAITHWAITE","2021","May_02",0.469353042274657,11.1031324248024,5.78624273353855
"FAITHWAITE","2021","May_03",3.00987985788791,9.28366333584397,6.14677159686594
"FAITHWAITE","2021","May_04",4.84048871605602,8.4940182418385,6.66725347894726
"FAITHWAITE","2021","May_05",-0.186637145595222,10.0865452645857,4.94995405949525
"FAITHWAITE","2021","May_06",-0.416493133995942,8.87281177880847,4.22815932240626
"FAITHWAITE","2021","May_07",1.54679995707703,11.2458586544801,6.39632930577855
"FAITHWAITE","2021","May_08",1.77383983291204,14.0358125787986,7.90482620585531
"FAITHWAITE","2021","May_09",5.39262046840053,15.41658187188,10.4046011701403
"FAITHWAITE","2021","May_10",9.2240253007712,15.2165859490837,12.2203056249275
"FAITHWAITE","2021","May_11",6.15854738906589,15.2391758335115,10.6988616112887
"FAITHWAITE","2021","May_12",5.7382335679107,13.7780211639292,9.75812736591995
"FAITHWAITE","2021","May_13",3.98423642724877,15.0058288332267,9.49503263023774
"FAITHWAITE","2021","May_14",6.0282047644818,13.2501349668757,9.63916986567877
"FAITHWAITE","2021","May_15",7.71341933097244,12.5761293509529,10.1447743409627
"FAITHWAITE","2021","May_16",7.64045829646321,15.176903807714,11.4086810520886
"FAITHWAITE","2021","May_17",7.22671508386571,13.454817671257,10.3407663775614
"FAITHWAITE","2021","May_18",6.77043621582512,14.4856254172906,10.6280308165579
"FAITHWAITE","2021","May_19",4.91615006105719,14.6655390742111,9.79084456763415
"FAITHWAITE","2021","May_20",4.95240570229731,11.0940897174258,8.02324770986156
"FAITHWAITE","2021","May_21",8.43153440893821,13.009169326137,10.7203518675376
"FAITHWAITE","2021","May_22",6.15948871222845,11.7285021296467,8.94399542093758
"FAITHWAITE","2021","May_23",5.23265053806457,12.422155013545,8.8274027758048
"FAITHWAITE","2021","May_24",5.83083095684118,13.0824733879982,9.4566521724197
"FAITHWAITE","2021","May_25",8.06931097671519,13.1221077258241,10.5957093512696
"FAITHWAITE","2021","May_26",4.80974258093891,14.4421971856721,9.62596988330553
"FAITHWAITE","2021","May_27",5.66540047315181,17.7067288273394,11.6860646502456
"FAITHWAITE","2021","May_28",9.34154554897092,17.2620826014966,13.3018140752338
"FAITHWAITE","2021","May_29",10.830848034695,19.6195606049002,15.2252043197976
"FAITHWAITE","2021","May_30",9.51090845099834,21.8305142338164,15.6707113424074
"FAITHWAITE","2021","May_31",6.90458804906307,21.6863745702767,14.2954813096699
"FAITHWAITE","2021","June_01",10.9169195395518,23.6768960983097,17.2969078189307
"FAITHWAITE","2021","June_02",10.737381905064,24.1492057222872,17.4432938136756
"FAITHWAITE","2021","June_03",12.8876238037284,17.0516016481305,14.9696127259295
"FAITHWAITE","2021","June_04",7.21316379663156,17.7533946428752,12.4832792197534
"FAITHWAITE","2021","June_05",6.79362338777713,20.2150447531095,13.5043340704433
"FAITHWAITE","2021","June_06",12.1449850061089,19.1653199965924,15.6551525013507
"FAITHWAITE","2021","June_07",10.0587741022655,19.2628218641897,14.6607979832276
"FAITHWAITE","2021","June_08",8.69603478207994,19.4407817592987,14.0684082706893
"FAITHWAITE","2021","June_09",10.4890044753229,21.0928912032743,15.7909478392986
"FAITHWAITE","2021","June_10",14.4795068741241,20.9785913788333,17.7290491264787
"FAITHWAITE","2021","June_11",13.9794330214483,17.2835796927537,15.631506357101
"FAITHWAITE","2021","June_12",10.4844952371618,17.7773174880258,14.1309063625938
"FAITHWAITE","2021","June_13",12.2230387625032,21.6047963815676,16.9139175720354
"FAITHWAITE","2021","June_14",12.9031002358569,16.2318868723336,14.5674935540953
"FAITHWAITE","2021","June_15",8.92426133055334,20.2698670538442,14.5970641921988
"FAITHWAITE","2021","June_16",11.6132094096402,18.6808968609866,15.1470531353134
"FAITHWAITE","2021","June_17",12.3219472299144,19.7085802787634,16.0152637543389
"FAITHWAITE","2021","June_18",8.63210054582075,19.3944353061898,14.0132679260053
"FAITHWAITE","2021","June_19",9.46183417885971,20.0376024467517,14.7497183128057
"FAITHWAITE","2021","June_20",9.91040400923863,18.9030374361208,14.4067207226797
"FAITHWAITE","2021","June_21",8.09604008726307,15.1610524737185,11.6285462804908
"FAITHWAITE","2021","June_22",4.29454560092206,17.7364223149083,11.0154839579152
"FAITHWAITE","2021","June_23",6.67164747443116,16.3188549235615,11.4952511989963
"FAITHWAITE","2021","June_24",12.1956190750254,18.8956680154032,15.5456435452143
"FAITHWAITE","2021","June_25",11.0818574558155,13.620316024935,12.3510867403753
"FAITHWAITE","2021","June_26",8.75156163096636,18.9718406822892,13.8617011566278
"FAITHWAITE","2021","June_27",9.91481527120952,19.4733984120064,14.694106841608
"FAITHWAITE","2021","June_28",11.7222605064509,21.4960208694426,16.6091406879467
"FAITHWAITE","2021","June_29",11.8954618167423,22.4980689640856,17.1967653904139
"FAITHWAITE","2021","June_30",10.885361284975,20.2290077608781,15.5571845229265
"FAITHWAITE","2022","April_01",-0.104504892302894,8.36820438127954,4.13184974448833
"FAITHWAITE","2022","April_02",-0.0809714140993595,9.06638971085086,4.49270914837575
"FAITHWAITE","2022","April_03",-0.535250625444571,9.98938830081436,4.72706883768489
"FAITHWAITE","2022","April_04",5.41463854832882,10.9124273608319,8.16353295458034
"FAITHWAITE","2022","April_05",8.6251339998247,10.0551631875794,9.34014859370204
"FAITHWAITE","2022","April_06",7.38935064288183,10.6895786574313,9.03946465015658
"FAITHWAITE","2022","April_07",4.74893678936044,8.40744153161538,6.57818916048791
"FAITHWAITE","2022","April_08",-1.04524503159733,9.54597357977956,4.25036427409111
"FAITHWAITE","2022","April_09",-0.202780646695785,9.16501299067843,4.48111617199132
"FAITHWAITE","2022","April_10",-1.37059467905844,10.9887242945331,4.80906480773735
"FAITHWAITE","2022","April_11",5.47051585333131,14.2636399240819,9.8670778887066
"FAITHWAITE","2022","April_12",7.13573236545261,12.7374472339556,9.93658979970408
"FAITHWAITE","2022","April_13",8.1885769431471,13.5992526784207,10.8939148107839
"FAITHWAITE","2022","April_14",6.27264239656536,14.8619080252797,10.5672752109225
"FAITHWAITE","2022","April_15",8.48059085799211,17.2960565854352,12.8883237217136
"FAITHWAITE","2022","April_16",7.69892705224818,19.1394247053843,13.4191758788163
"FAITHWAITE","2022","April_17",8.07774820017445,18.7805392054067,13.4291437027906
"FAITHWAITE","2022","April_18",8.1040717271343,12.2412725313931,10.1726721292637
"FAITHWAITE","2022","April_19",1.60795515850114,13.6537361948843,7.63084567669273
"FAITHWAITE","2022","April_20",4.30476192851482,16.7637972896028,10.5342796090588
"FAITHWAITE","2022","April_21",5.44799700834201,17.0646756496963,11.2563363290191
"FAITHWAITE","2022","April_22",5.7004802028827,16.5224791344437,11.1114796686632
"FAITHWAITE","2022","April_23",5.73182955185052,15.3810764539282,10.5564530028893
"FAITHWAITE","2022","April_24",5.98156260993142,14.7272233019081,10.3543929559198
"FAITHWAITE","2022","April_25",3.32526153590888,12.4706612299722,7.89796138294052
"FAITHWAITE","2022","April_26",5.23460696775772,13.8523649612565,9.54348596450713
"FAITHWAITE","2022","April_27",1.371086442268,11.6867981029716,6.5289422726198
"FAITHWAITE","2022","April_28",1.86682679725871,10.3079466868019,6.0873867420303
"FAITHWAITE","2022","April_29",0.0648515901312388,14.5090026930189,7.28692714157506
"FAITHWAITE","2022","April_30",2.01563461076546,14.4725175647426,8.24407608775403
"FAITHWAITE","2022","May_01",8.01495073555346,12.7693882850961,10.3921695103248
"FAITHWAITE","2022","May_02",9.03543341949401,14.3566519566041,11.696042688049
"FAITHWAITE","2022","May_03",7.86492403681627,13.6362118015981,10.7505679192072
"FAITHWAITE","2022","May_04",8.90989110623105,13.8409546083897,11.3754228573104
"FAITHWAITE","2022","May_05",6.64739338007688,15.3991948327872,11.023294106432
"FAITHWAITE","2022","May_06",10.1408151240993,13.9791778451122,12.0599964846058
"FAITHWAITE","2022","May_07",6.74878627234435,15.775189045306,11.2619876588252
"FAITHWAITE","2022","May_08",5.89410334919071,17.6053663740042,11.7497348615975
"FAITHWAITE","2022","May_09",9.99096950616959,16.9742432283926,13.4826063672811
"FAITHWAITE","2022","May_10",10.1700154492512,15.7214931698816,12.9457543095664
"FAITHWAITE","2022","May_11",10.0384976707395,14.4298803384313,12.2341890045854
"FAITHWAITE","2022","May_12",7.5904387735056,14.1111474561137,10.8507931148096
"FAITHWAITE","2022","May_13",10.2215114361248,15.3277568526322,12.7746341443785
"FAITHWAITE","2022","May_14",7.96896555015008,18.4069352104837,13.1879503803169
"FAITHWAITE","2022","May_15",9.58948297953565,19.7860672601978,14.6877751198667
"FAITHWAITE","2022","May_16",11.0486704791725,19.1867815134056,15.117725996289
"FAITHWAITE","2022","May_17",9.92907265714127,21.2757742170862,15.6024234371137
"FAITHWAITE","2022","May_18",9.83058212741016,19.2068314795887,14.5187068034994
"FAITHWAITE","2022","May_19",9.75120401644129,16.2483177439189,12.9997608801801
"FAITHWAITE","2022","May_20",8.46478052326923,16.2469653882645,12.3558729557669
"FAITHWAITE","2022","May_21",9.69662973311708,15.7346005745972,12.7156151538571
"FAITHWAITE","2022","May_22",10.2470222147454,16.603952059145,13.4254871369452
"FAITHWAITE","2022","May_23",10.27454216008,14.7335092860555,12.5040257230677
"FAITHWAITE","2022","May_24",8.48456885697696,14.5128284795357,11.4986986682563
"FAITHWAITE","2022","May_25",9.65160232287812,15.6732322533899,12.662417288134
"FAITHWAITE","2022","May_26",10.379959463452,15.9901145435051,13.1850370034785
"FAITHWAITE","2022","May_27",8.98189525801017,14.52510089125,11.7534980746301
"FAITHWAITE","2022","May_28",5.45452382173179,16.2413516469647,10.8479377343483
"FAITHWAITE","2022","May_29",6.9960440508198,13.7978213155434,10.3969326831816
"FAITHWAITE","2022","May_30",7.17346156898099,12.286579550783,9.73002055988198
"FAITHWAITE","2022","May_31",6.96195612427382,13.5588904237115,10.2604232739927
"FAITHWAITE","2022","June_01",6.74209742376654,16.5109981278906,11.6265477758286
"FAITHWAITE","2022","June_02",6.56579035932292,18.5154119659646,12.5406011626437
"FAITHWAITE","2022","June_03",10.1346483784108,17.3738070473193,13.754227712865
"FAITHWAITE","2022","June_04",8.80642656542414,16.4473975488217,12.6269120571229
"FAITHWAITE","2022","June_05",8.02286078608351,13.0021869104557,10.5125238482696
"FAITHWAITE","2022","June_06",9.76941045739823,16.028842994267,12.8991267258326
"FAITHWAITE","2022","June_07",6.69158551485006,19.7526304685045,13.2221079916773
"FAITHWAITE","2022","June_08",12.2614272628746,17.3910190359935,14.826223149434
"FAITHWAITE","2022","June_09",11.6391946585224,17.0201883437649,14.3296915011436
"FAITHWAITE","2022","June_10",12.4434110492006,19.0922574057283,15.7678342274645
"FAITHWAITE","2022","June_11",12.5327387928192,17.5953072492154,15.0640230210173
"FAITHWAITE","2022","June_12",11.7044107075331,15.5235321066492,13.6139714070911
"FAITHWAITE","2022","June_13",9.91590364815571,15.9419419402281,12.9289227941919
"FAITHWAITE","2022","June_14",9.7298511507618,17.3861184738206,13.5579848122912
"FAITHWAITE","2022","June_15",6.80376393602228,20.2308010855986,13.5172825108104
"FAITHWAITE","2022","June_16",8.6826897629651,22.5060711791051,15.5943804710351
"FAITHWAITE","2022","June_17",14.1225066708669,23.3086666176136,18.7155866442403
"FAITHWAITE","2022","June_18",9.72169244858864,15.3186261518244,12.5201593002065
"FAITHWAITE","2022","June_19",8.75115154343406,18.3751505079878,13.5631510257109
"FAITHWAITE","2022","June_20",6.87434050256264,18.7328906431241,12.8036155728434
"FAITHWAITE","2022","June_21",8.02695543108128,20.6107959278851,14.3188756794832
"FAITHWAITE","2022","June_22",10.8414854164891,20.5245254190818,15.6830054177854
"FAITHWAITE","2022","June_23",10.0770177257799,25.0569720710695,17.5669948984247
"FAITHWAITE","2022","June_24",14.3694948848628,20.1121743177827,17.2408346013228
"FAITHWAITE","2022","June_25",11.8230780715104,18.8407992913112,15.3319386814108
"FAITHWAITE","2022","June_26",9.85682413098174,17.147386739593,13.5021054352874
"FAITHWAITE","2022","June_27",11.3272001773411,16.1449016282476,13.7360509027944
"FAITHWAITE","2022","June_28",10.8839464076435,16.6749346132735,13.7794405104585
"FAITHWAITE","2022","June_29",12.4643421152565,18.2527660419816,15.3585540786191
"FAITHWAITE","2022","June_30",11.479917508846,18.6576710581649,15.0687942835055
"FAITHWAITE","2023","April_01",4.72457067849242,9.64863659459885,7.18660363654563
"FAITHWAITE","2023","April_02",6.07868807113888,12.0973493517165,9.08801871142771
"FAITHWAITE","2023","April_03",-0.355950245277067,12.2825714175133,5.96331058611814
"FAITHWAITE","2023","April_04",1.38018589562632,13.2480029834507,7.31409443953852
"FAITHWAITE","2023","April_05",5.01023738621399,10.0740326961658,7.54213504118992
"FAITHWAITE","2023","April_06",7.43218395097712,11.4155570746684,9.42387051282277
"FAITHWAITE","2023","April_07",0.494271167304169,12.7774002208724,6.6358356940883
"FAITHWAITE","2023","April_08",2.25248721034529,14.8424404325231,8.54746382143419
"FAITHWAITE","2023","April_09",4.98233131500743,13.6217297355607,9.30203052528407
"FAITHWAITE","2023","April_10",8.49995152421436,11.0485967721931,9.77427414820375
"FAITHWAITE","2023","April_11",5.77623002454444,11.7840709906768,8.78015050761062
"FAITHWAITE","2023","April_12",3.40630106290337,7.79585643938041,5.60107875114189
"FAITHWAITE","2023","April_13",3.67669769911251,10.2345282784384,6.95561298877544
"FAITHWAITE","2023","April_14",3.05195708730627,9.39169112911985,6.22182410821306
"FAITHWAITE","2023","April_15",0.945247440446349,13.1665440226764,7.05589573156138
"FAITHWAITE","2023","April_16",7.10934937775627,12.7019155397463,9.90563245875131
"FAITHWAITE","2023","April_17",8.94458093480812,15.2668554237796,12.1057181792939
"FAITHWAITE","2023","April_18",4.34496572355599,15.21689769636,9.78093170995801
"FAITHWAITE","2023","April_19",4.82945034623277,15.0773191372763,9.95338474175454
"FAITHWAITE","2023","April_20",3.45421027531081,14.5587894055864,9.00649984044863
"FAITHWAITE","2023","April_21",5.71155580121525,14.9952292129542,10.3533925070847
"FAITHWAITE","2023","April_22",6.80778222812528,11.8753862218886,9.34158422500692
"FAITHWAITE","2023","April_23",5.13829510819151,12.9928412099842,9.06556815908784
"FAITHWAITE","2023","April_24",3.98315714371711,9.87336443252306,6.92826078812008
"FAITHWAITE","2023","April_25",-1.57213785420591,10.2550957141961,4.3414789299951
"FAITHWAITE","2023","April_26",1.6518173105403,12.3328782225555,6.99234776654789
"FAITHWAITE","2023","April_27",3.71707408461329,12.5084748944722,8.11277448954274
"FAITHWAITE","2023","April_28",7.27030984611339,13.6709815316383,10.4706456888758
"FAITHWAITE","2023","April_29",7.70104376529371,16.1111316234522,11.9060876943729
"FAITHWAITE","2023","April_30",10.218358087109,13.848075768747,12.033216927928
"FAITHWAITE","2023","May_01",9.42173303805186,15.0458780083144,12.2338055231831
"FAITHWAITE","2023","May_02",7.61786100023008,15.2619606260538,11.4399108131419
"FAITHWAITE","2023","May_03",7.08234106847275,16.6676444345263,11.8749927514995
"FAITHWAITE","2023","May_04",5.54367387634145,14.5084040786036,10.0260389774725
"FAITHWAITE","2023","May_05",8.22258873289636,17.2307368701615,12.7266628015289
"FAITHWAITE","2023","May_06",9.47536990846404,17.7981617008633,13.6367658046637
"FAITHWAITE","2023","May_07",10.6530614796274,16.7870863663621,13.7200739229947
"FAITHWAITE","2023","May_08",10.1113514236015,15.112682224674,12.6120168241378
"FAITHWAITE","2023","May_09",10.7746748818211,15.9779798979527,13.3763273898869
"FAITHWAITE","2023","May_10",6.78464096063861,14.5256839968741,10.6551624787564
"FAITHWAITE","2023","May_11",9.60612336116837,16.3061366709088,12.9561300160386
"FAITHWAITE","2023","May_12",8.04881130452868,16.4023799240167,12.2255956142727
"FAITHWAITE","2023","May_13",4.69011716632444,17.6264303542634,11.1582737602939
"FAITHWAITE","2023","May_14",5.85356036412324,16.2331921658988,11.043376265011
"FAITHWAITE","2023","May_15",5.47400628121562,14.3856772904527,9.92984178583417
"FAITHWAITE","2023","May_16",5.32050169067855,14.9626473180532,10.1415745043659
"FAITHWAITE","2023","May_17",6.61654368619701,15.9628966963912,11.2897201912941
"FAITHWAITE","2023","May_18",9.70696749796728,15.6078642364042,12.6574158671857
"FAITHWAITE","2023","May_19",8.91711448577888,18.1338405096377,13.5254774977083
"FAITHWAITE","2023","May_20",7.31913564213414,19.7737790547445,13.5464573484393
"FAITHWAITE","2023","May_21",8.4865779126235,19.4193543436587,13.9529661281411
"FAITHWAITE","2023","May_22",6.15012875041224,18.6697335434001,12.4099311469061
"FAITHWAITE","2023","May_23",8.4328358755382,17.4473742902221,12.9401050828802
"FAITHWAITE","2023","May_24",8.35908420717269,17.842862690879,13.1009734490258
"FAITHWAITE","2023","May_25",8.11030000908741,17.769050660317,12.9396753347022
"FAITHWAITE","2023","May_26",6.99928691989,18.9300386453135,12.9646627826018
"FAITHWAITE","2023","May_27",8.75747368566165,19.8888042552089,14.3231389704353
"FAITHWAITE","2023","May_28",8.34712786165193,18.7296629768135,13.5383954192327
"FAITHWAITE","2023","May_29",4.7198237832748,19.6144043382184,12.1671140607466
"FAITHWAITE","2023","May_30",5.94423085199114,20.1140085156875,13.0291196838393
"FAITHWAITE","2023","May_31",8.10443146253169,18.8864236094603,13.495427535996
"FAITHWAITE","2023","June_01",7.40107401436996,17.081254997732,12.241164506051
"FAITHWAITE","2023","June_02",6.23950883171773,20.1455226655758,13.1925157486468
"FAITHWAITE","2023","June_03",4.87605624264723,21.3591492416939,13.1176027421705
"FAITHWAITE","2023","June_04",5.27472213572103,20.2431705925124,12.7589463641167
"FAITHWAITE","2023","June_05",6.55572417461559,20.7655016153881,13.6606128950018
"FAITHWAITE","2023","June_06",8.54013299107362,17.1708681329748,12.8555005620242
"FAITHWAITE","2023","June_07",8.62549228704755,17.6235357124729,13.1245139997602
"FAITHWAITE","2023","June_08",7.36843453262162,18.3988305251991,12.8836325289104
"FAITHWAITE","2023","June_09",8.2936173621634,21.7470296453508,15.0203235037571
"FAITHWAITE","2023","June_10",11.1152233289673,28.1277758929117,19.6214996109395
"FAITHWAITE","2023","June_11",15.2856112072822,26.1293406435804,20.7074759254313
"FAITHWAITE","2023","June_12",14.3425948684268,29.7585378680088,22.0505663682178
"FAITHWAITE","2023","June_13",15.9669799641078,28.2297966929079,22.0983883285079
"FAITHWAITE","2023","June_14",11.0028758001266,25.3669733342587,18.1849245671926
"FAITHWAITE","2023","June_15",11.4349383707154,26.0208740092688,18.7279061899921
"FAITHWAITE","2023","June_16",12.6779845315205,26.7349174096921,19.7064509706063
"FAITHWAITE","2023","June_17",14.6045854256144,21.9459968877873,18.2752911567009
"FAITHWAITE","2023","June_18",12.9269516485538,23.5924205610519,18.2596861048028
"FAITHWAITE","2023","June_19",14.2450680049646,21.3469872224075,17.796027613686
"FAITHWAITE","2023","June_20",12.1295446994243,20.3687108119806,16.2491277557025
"FAITHWAITE","2023","June_21",13.2751399829908,21.0272065509986,17.1511732669947
"FAITHWAITE","2023","June_22",12.3930747700005,22.3744216367354,17.383748203368
"FAITHWAITE","2023","June_23",11.6186655341786,21.9552678499687,16.7869666920737
"FAITHWAITE","2023","June_24",16.5037431870801,23.3988670246609,19.9513051058705
"FAITHWAITE","2023","June_25",17.0058204094265,25.286838719854,21.1463295646402
"FAITHWAITE","2023","June_26",12.7467033553884,18.7958727746538,15.7712880650211
"FAITHWAITE","2023","June_27",12.9449854167507,18.0444319755547,15.4947086961527
"FAITHWAITE","2023","June_28",14.2661000803052,19.1967444996369,16.7314222899711
"FAITHWAITE","2023","June_29",10.7277654583071,18.1755436887194,14.4516545735132
"FAITHWAITE","2023","June_30",11.7157165563151,15.9824577510979,13.8490871537065
"MIDDLEWOOD","2014","April_01",7.09106062610057,13.2132014302663,10.1521310281834
"MIDDLEWOOD","2014","April_02",6.09725685878527,10.8702694685033,8.48376316364427
"MIDDLEWOOD","2014","April_03",7.17739137136426,11.4260449126712,9.30171814201771
"MIDDLEWOOD","2014","April_04",7.21175741711562,11.2611203045729,9.23643886084427
"MIDDLEWOOD","2014","April_05",5.56293746746782,13.9755583493238,9.76924790839583
"MIDDLEWOOD","2014","April_06",9.8145520580688,14.7293465557497,12.2719493069092
"MIDDLEWOOD","2014","April_07",6.28503149356424,11.1551117616036,8.72007162758391
"MIDDLEWOOD","2014","April_08",4.87058052794763,10.9196911420831,7.89513583501534
"MIDDLEWOOD","2014","April_09",6.20501637768213,12.6252077811736,9.41511207942785
"MIDDLEWOOD","2014","April_10",7.21801971179672,12.4465524018208,9.83228605680876
"MIDDLEWOOD","2014","April_11",3.13788300400916,11.9591894173622,7.54853621068569
"MIDDLEWOOD","2014","April_12",5.61756738787693,11.0358728044211,8.326720096149
"MIDDLEWOOD","2014","April_13",6.48636081202702,10.8834006284761,8.68488072025157
"MIDDLEWOOD","2014","April_14",5.75077954795935,13.3271384828066,9.53895901538296
"MIDDLEWOOD","2014","April_15",1.39123467319903,14.702120847439,8.04667776031903
"MIDDLEWOOD","2014","April_16",3.38474406483011,14.332319749296,8.85853190706305
"MIDDLEWOOD","2014","April_17",7.12377465056745,11.524347462809,9.32406105668824
"MIDDLEWOOD","2014","April_18",0.644679676133384,12.7854949350785,6.71508730560595
"MIDDLEWOOD","2014","April_19",0.184089408951155,13.1983663996696,6.69122790431039
"MIDDLEWOOD","2014","April_20",2.75342995311992,14.6718161080003,8.7126230305601
"MIDDLEWOOD","2014","April_21",8.41171801509379,18.8127246163365,13.6122213157151
"MIDDLEWOOD","2014","April_22",8.30996514159925,13.8764584687283,11.0932118051638
"MIDDLEWOOD","2014","April_23",8.77231344507788,15.4340806179247,12.1031970315013
"MIDDLEWOOD","2014","April_24",7.04362154341699,15.7733653371782,11.4084934402976
"MIDDLEWOOD","2014","April_25",6.32970910041536,12.6479065726426,9.48880783652898
"MIDDLEWOOD","2014","April_26",7.87999038119337,15.8524057018827,11.866198041538
"MIDDLEWOOD","2014","April_27",7.32020931144817,14.4962109749617,10.9082101432049
"MIDDLEWOOD","2014","April_28",8.25959813327283,16.0657743707508,12.1626862520118
"MIDDLEWOOD","2014","April_29",6.50903245471367,17.6434133708107,12.0762229127622
"MIDDLEWOOD","2014","April_30",9.95608915237833,15.3561150207039,12.6561020865411
"MIDDLEWOOD","2014","May_01",8.22008924487109,10.474285999191,9.34718762203107
"MIDDLEWOOD","2014","May_02",5.26635031824547,12.3137025753236,8.79002644678452
"MIDDLEWOOD","2014","May_03",1.12106252140033,12.4141326343498,6.76759757787504
"MIDDLEWOOD","2014","May_04",7.89986851413007,12.8572962857923,10.3785823999612
"MIDDLEWOOD","2014","May_05",6.5692649610966,15.4135338400935,10.9913994005951
"MIDDLEWOOD","2014","May_06",9.08816140379902,15.2023806745412,12.1452710391701
"MIDDLEWOOD","2014","May_07",7.89813204873543,11.8379029261779,9.86801748745664
"MIDDLEWOOD","2014","May_08",8.90467883960508,13.0820186895106,10.9933487645578
"MIDDLEWOOD","2014","May_09",7.33877683422692,13.6751508981252,10.506963866176
"MIDDLEWOOD","2014","May_10",7.675679846461,13.5834829293568,10.6295813879089
"MIDDLEWOOD","2014","May_11",8.92551845662076,12.6660505600021,10.7957845083114
"MIDDLEWOOD","2014","May_12",7.30084997164285,13.6807200843277,10.4907850279853
"MIDDLEWOOD","2014","May_13",5.18230585282771,14.4633837352271,9.82284479402738
"MIDDLEWOOD","2014","May_14",4.76544252905713,15.6043876410515,10.1849150850543
"MIDDLEWOOD","2014","May_15",8.569404684582,16.9572311966698,12.7633179406259
"MIDDLEWOOD","2014","May_16",7.05749790042902,18.5172740815354,12.7873859909822
"MIDDLEWOOD","2014","May_17",8.66360147158242,18.7893561143632,13.7264787929728
"MIDDLEWOOD","2014","May_18",9.61116504223126,21.1511758079489,15.3811704250901
"MIDDLEWOOD","2014","May_19",8.15631998023903,22.9718969147904,15.5641084475147
"MIDDLEWOOD","2014","May_20",11.5612313176027,20.1660583187157,15.8636448181592
"MIDDLEWOOD","2014","May_21",9.12576431990447,17.0583902500637,13.0920772849841
"MIDDLEWOOD","2014","May_22",8.06987486211549,12.0178751374591,10.0438749997873
"MIDDLEWOOD","2014","May_23",7.69727276244667,13.6122198968078,10.6547463296272
"MIDDLEWOOD","2014","May_24",8.74757273551232,14.1867528537722,11.4671627946422
"MIDDLEWOOD","2014","May_25",8.20791993974542,15.0758542876804,11.6418871137129
"MIDDLEWOOD","2014","May_26",8.44204802327003,17.5816649591671,13.0118564912186
"MIDDLEWOOD","2014","May_27",9.88138303026045,17.4036846547484,13.6425338425044
"MIDDLEWOOD","2014","May_28",9.96337761476449,13.112224127781,11.5378008712728
"MIDDLEWOOD","2014","May_29",9.27384059728107,12.6274806714221,10.9506606343516
"MIDDLEWOOD","2014","May_30",8.64198103065418,15.1254928300773,11.8837369303657
"MIDDLEWOOD","2014","May_31",9.87983949428119,17.4803820127685,13.6801107535248
"MIDDLEWOOD","2014","June_01",7.61453556976694,19.5972425458472,13.6058890578071
"MIDDLEWOOD","2014","June_02",10.9652801149581,17.5032268595878,14.234253487273
"MIDDLEWOOD","2014","June_03",11.5033237146637,15.7554626770575,13.6293931958606
"MIDDLEWOOD","2014","June_04",8.53573284101441,13.8149418977818,11.1753373693981
"MIDDLEWOOD","2014","June_05",10.3524164881083,15.3582318832659,12.8553241856871
"MIDDLEWOOD","2014","June_06",5.25434041355365,20.2393467764602,12.7468435950069
"MIDDLEWOOD","2014","June_07",11.6969200158915,17.4449541753698,14.5709370956306
"MIDDLEWOOD","2014","June_08",10.2547738753364,20.6121342068957,15.4334540411161
"MIDDLEWOOD","2014","June_09",10.0090969271084,19.6440869952797,14.826591961194
"MIDDLEWOOD","2014","June_10",12.1032277544891,18.5308799411886,15.3170538478389
"MIDDLEWOOD","2014","June_11",10.6840095805141,18.136019126871,14.4100143536925
"MIDDLEWOOD","2014","June_12",9.56748104159793,18.7395054150801,14.153493228339
"MIDDLEWOOD","2014","June_13",10.3819325894086,19.3714794964174,14.876706042913
"MIDDLEWOOD","2014","June_14",11.6211441679525,20.3710501638586,15.9960971659056
"MIDDLEWOOD","2014","June_15",13.580065528557,17.128004399343,15.35403496395
"MIDDLEWOOD","2014","June_16",9.6969015890854,18.9460848652415,14.3214932271634
"MIDDLEWOOD","2014","June_17",10.7640733328354,21.0782402474462,15.9211567901408
"MIDDLEWOOD","2014","June_18",13.9335006650367,22.913665989664,18.4235833273504
"MIDDLEWOOD","2014","June_19",12.0572945621594,19.9319402415753,15.9946174018674
"MIDDLEWOOD","2014","June_20",9.72884379511848,19.2396412353031,14.4842425152108
"MIDDLEWOOD","2014","June_21",8.98073804983892,20.0378635906086,14.5093008202238
"MIDDLEWOOD","2014","June_22",9.33724347237584,20.7435262456483,15.0403848590121
"MIDDLEWOOD","2014","June_23",10.7361478870539,21.3173300498819,16.0267389684679
"MIDDLEWOOD","2014","June_24",10.6945316467623,19.2895489354107,14.9920402910865
"MIDDLEWOOD","2014","June_25",10.6795765728549,17.3690807329262,14.0243286528906
"MIDDLEWOOD","2014","June_26",10.6327443026591,18.1417613638943,14.3872528332767
"MIDDLEWOOD","2014","June_27",10.1321050454299,15.9003388066413,13.0162219260356
"MIDDLEWOOD","2014","June_28",9.91767402927163,14.7060324840003,12.311853256636
"MIDDLEWOOD","2014","June_29",7.25653929652199,17.3024892331753,12.2795142648487
"MIDDLEWOOD","2014","June_30",8.26249497020959,19.9444406308729,14.1034678005412
"MIDDLEWOOD","2015","April_01",2.1257517930065,7.38210557978564,4.75392868639607
"MIDDLEWOOD","2015","April_02",1.9112950846081,9.27051298068159,5.59090403264485
"MIDDLEWOOD","2015","April_03",4.66668551835853,9.87047107780825,7.26857829808339
"MIDDLEWOOD","2015","April_04",5.74603273822815,12.5730845806879,9.15955865945805
"MIDDLEWOOD","2015","April_05",4.50037386871184,12.4002702469656,8.45032205783873
"MIDDLEWOOD","2015","April_06",4.04999495649118,12.1965001588706,8.12324755768088
"MIDDLEWOOD","2015","April_07",2.89513207456855,13.7083397263924,8.30173590048045
"MIDDLEWOOD","2015","April_08",1.33709272190665,15.1425875315129,8.23984012670976
"MIDDLEWOOD","2015","April_09",3.46728141950503,16.7905473893097,10.1289144044074
"MIDDLEWOOD","2015","April_10",3.68926684450749,19.0719449458854,11.3806058951965
"MIDDLEWOOD","2015","April_11",3.87627890250903,9.70094441098645,6.78861165674774
"MIDDLEWOOD","2015","April_12",4.21509420607766,10.1297625581782,7.17242838212794
"MIDDLEWOOD","2015","April_13",2.11028432772782,11.7802741102961,6.94527921901198
"MIDDLEWOOD","2015","April_14",7.36800690770896,13.8973547954939,10.6326808516014
"MIDDLEWOOD","2015","April_15",6.07560832763977,11.7556472439705,8.91562778580513
"MIDDLEWOOD","2015","April_16",1.29258878755268,12.1658850181847,6.72923690286869
"MIDDLEWOOD","2015","April_17",5.17288238593293,13.9674352190024,9.57015880246765
"MIDDLEWOOD","2015","April_18",2.10516294369366,13.7725793213437,7.93887113251866
"MIDDLEWOOD","2015","April_19",0.725022400458155,12.4263801741894,6.5757012873238
"MIDDLEWOOD","2015","April_20",2.49168169178319,14.5579158631721,8.52479877747762
"MIDDLEWOOD","2015","April_21",1.423249261157,17.2327187212439,9.32798399120043
"MIDDLEWOOD","2015","April_22",3.32578338879084,17.8764587738843,10.6011210813376
"MIDDLEWOOD","2015","April_23",4.36367639959094,17.9870433824046,11.1753598909978
"MIDDLEWOOD","2015","April_24",4.67263984494097,12.8254608651851,8.74905035506303
"MIDDLEWOOD","2015","April_25",8.32922479279449,10.8593693199541,9.59429705637429
"MIDDLEWOOD","2015","April_26",-0.606688378114342,10.2806928441324,4.83700223300904
"MIDDLEWOOD","2015","April_27",-2.64599281552919,10.1700562415582,3.76203171301453
"MIDDLEWOOD","2015","April_28",2.34991286040741,9.40798601489545,5.87894943765143
"MIDDLEWOOD","2015","April_29",3.1903551576311,9.90874572139126,6.54955043951118
"MIDDLEWOOD","2015","April_30",3.66730930983161,10.9506657279378,7.3089875188847
"MIDDLEWOOD","2015","May_01",-0.155967574880306,10.485864324328,5.16494837472384
"MIDDLEWOOD","2015","May_02",2.46169872059121,8.90356457594376,5.68263164826748
"MIDDLEWOOD","2015","May_03",5.64118394114807,14.4472873165718,10.0442356288599
"MIDDLEWOOD","2015","May_04",7.69012378238195,14.3300872265576,11.0101055044698
"MIDDLEWOOD","2015","May_05",8.70985180942837,13.1078443653093,10.9088480873688
"MIDDLEWOOD","2015","May_06",6.26280989530913,10.6880748817829,8.47544238854603
"MIDDLEWOOD","2015","May_07",4.91035469787016,12.3577801831429,8.63406744050653
"MIDDLEWOOD","2015","May_08",1.01744757283383,14.073473276967,7.5454604249004
"MIDDLEWOOD","2015","May_09",6.79324724662968,12.8840582463976,9.83865274651366
"MIDDLEWOOD","2015","May_10",5.82066329952038,15.5036312717859,10.6621472856531
"MIDDLEWOOD","2015","May_11",10.7254378295706,15.6883774198449,13.2069076247077
"MIDDLEWOOD","2015","May_12",8.5131341619152,12.7508191074474,10.6319766346813
"MIDDLEWOOD","2015","May_13",4.6048891631348,14.1123120371893,9.35860060016206
"MIDDLEWOOD","2015","May_14",4.98998396574019,11.5733048346558,8.28164440019801
"MIDDLEWOOD","2015","May_15",3.32721552272074,14.3454709165616,8.83634321964118
"MIDDLEWOOD","2015","May_16",7.9466051652849,12.4534215414152,10.2000133533501
"MIDDLEWOOD","2015","May_17",6.78941300949563,12.0452732270336,9.41734311826463
"MIDDLEWOOD","2015","May_18",6.71789840870956,11.5346497038307,9.12627405627016
"MIDDLEWOOD","2015","May_19",4.77657155160956,11.6219067655195,8.19923915856453
"MIDDLEWOOD","2015","May_20",5.66348804877017,13.3966393395376,9.53006369415386
"MIDDLEWOOD","2015","May_21",6.54062619339194,13.4060115996692,9.97331889653057
"MIDDLEWOOD","2015","May_22",9.71078474183201,14.9109529315508,12.3108688366914
"MIDDLEWOOD","2015","May_23",7.23133783597558,15.9136160657633,11.5724769508694
"MIDDLEWOOD","2015","May_24",8.06213597795184,13.6874576907918,10.8747968343718
"MIDDLEWOOD","2015","May_25",7.90394968540378,14.0948102645619,10.9993799749829
"MIDDLEWOOD","2015","May_26",6.65380473515653,14.5472927697742,10.6005487524654
"MIDDLEWOOD","2015","May_27",6.8995784188199,12.522880098828,9.71122925882394
"MIDDLEWOOD","2015","May_28",7.19184394650778,12.5773284732889,9.88458620989836
"MIDDLEWOOD","2015","May_29",5.7913577598474,11.9744578438226,8.88290780183498
"MIDDLEWOOD","2015","May_30",4.61121638645426,12.5612022074005,8.58620929692738
"MIDDLEWOOD","2015","May_31",8.04176854898746,11.9221344036147,9.98195147630109
"MIDDLEWOOD","2015","June_01",5.30041793029431,11.7439139844787,8.52216595738648
"MIDDLEWOOD","2015","June_02",6.67970499658231,14.0749905909936,10.3773477937879
"MIDDLEWOOD","2015","June_03",7.84975341063631,14.6211292225998,11.2354413166181
"MIDDLEWOOD","2015","June_04",4.46956867507155,19.3381397121958,11.9038541936337
"MIDDLEWOOD","2015","June_05",10.6016378533397,16.6806243967109,13.6411311250253
"MIDDLEWOOD","2015","June_06",8.43049431399338,14.1063304308651,11.2684123724292
"MIDDLEWOOD","2015","June_07",7.58973855978375,14.5392955727345,11.0645170662591
"MIDDLEWOOD","2015","June_08",3.65936611938158,14.9654965696082,9.31243134449488
"MIDDLEWOOD","2015","June_09",3.39049920918577,15.6080840036458,9.49929160641579
"MIDDLEWOOD","2015","June_10",4.52525034378744,18.696026552697,11.6106384482422
"MIDDLEWOOD","2015","June_11",5.99052680709513,20.8161238429509,13.403325325023
"MIDDLEWOOD","2015","June_12",7.30471688590756,22.1812355250884,14.742976205498
"MIDDLEWOOD","2015","June_13",12.8089627703536,17.5568209704697,15.1828918704117
"MIDDLEWOOD","2015","June_14",9.51486347646409,13.4692321572135,11.4920478168388
"MIDDLEWOOD","2015","June_15",4.66643009562383,17.0900313470551,10.8782307213394
"MIDDLEWOOD","2015","June_16",10.5264569878904,18.2693024635898,14.3978797257401
"MIDDLEWOOD","2015","June_17",12.6867403720092,16.6739977495104,14.6803690607598
"MIDDLEWOOD","2015","June_18",8.54044075412876,14.1136421180937,11.3270414361112
"MIDDLEWOOD","2015","June_19",9.42736354791911,14.0298852802463,11.7286244140827
"MIDDLEWOOD","2015","June_20",10.9189980795795,17.9733300519871,14.4461640657833
"MIDDLEWOOD","2015","June_21",10.3460280328149,14.6280390246653,12.4870335287401
"MIDDLEWOOD","2015","June_22",8.41366673274134,15.0490831607025,11.7313749467219
"MIDDLEWOOD","2015","June_23",7.28413543951447,17.7438970185432,12.5140162290288
"MIDDLEWOOD","2015","June_24",7.40795208522495,18.2220248990415,12.8149884921332
"MIDDLEWOOD","2015","June_25",12.1775954048076,19.4338566176207,15.8057260112142
"MIDDLEWOOD","2015","June_26",13.0873968414355,18.4047544571043,15.7460756492699
"MIDDLEWOOD","2015","June_27",9.92521418465726,19.379411718094,14.6523129513756
"MIDDLEWOOD","2015","June_28",12.8241030777185,19.1636800950873,15.9938915864029
"MIDDLEWOOD","2015","June_29",11.4036712391437,21.6670986468157,16.5353849429797
"MIDDLEWOOD","2015","June_30",14.0328127090422,27.5627447348717,20.797778721957
"MIDDLEWOOD","2016","April_01",0.68229709714113,8.29407815301202,4.48818762507657
"MIDDLEWOOD","2016","April_02",5.30336219482646,9.56780469397298,7.43558344439972
"MIDDLEWOOD","2016","April_03",4.99465811574935,13.1724143104064,9.08353621307789
"MIDDLEWOOD","2016","April_04",6.72418628380079,10.8574662045375,8.79082624416915
"MIDDLEWOOD","2016","April_05",6.06026721138244,10.6985069742831,8.37938709283276
"MIDDLEWOOD","2016","April_06",5.08395750436918,8.51615695970711,6.80005723203815
"MIDDLEWOOD","2016","April_07",3.81544836866863,11.3622884715713,7.58886842011999
"MIDDLEWOOD","2016","April_08",2.9975157753573,10.8943562737298,6.94593602454354
"MIDDLEWOOD","2016","April_09",3.54125532238122,9.44202402170455,6.49163967204288
"MIDDLEWOOD","2016","April_10",-1.02782546812659,12.2457484298023,5.60896148083786
"MIDDLEWOOD","2016","April_11",4.72714040026985,14.9103320115186,9.8187362058942
"MIDDLEWOOD","2016","April_12",6.66798074264313,9.27584871861511,7.97191473062912
"MIDDLEWOOD","2016","April_13",4.56190835706812,11.9227388824138,8.24232361974097
"MIDDLEWOOD","2016","April_14",5.22630727269515,11.4534695680093,8.33988842035223
"MIDDLEWOOD","2016","April_15",4.25672691295089,8.80564770433487,6.53118730864288
"MIDDLEWOOD","2016","April_16",0.318913389882861,8.93655091328838,4.62773215158562
"MIDDLEWOOD","2016","April_17",-1.75169589141568,9.99804949275778,4.12317680067105
"MIDDLEWOOD","2016","April_18",5.48422557711855,10.649885085153,8.06705533113576
"MIDDLEWOOD","2016","April_19",1.39691702785824,13.2701428320995,7.33352992997889
"MIDDLEWOOD","2016","April_20",1.75920625954854,16.246499816536,9.00285303804228
"MIDDLEWOOD","2016","April_21",2.59206609317109,17.5849777217571,10.0885219074641
"MIDDLEWOOD","2016","April_22",3.43384598226002,11.8819652830022,7.65790563263109
"MIDDLEWOOD","2016","April_23",-0.325601461775324,9.93615107381989,4.80527480602228
"MIDDLEWOOD","2016","April_24",1.03667564487909,9.90408840433417,5.47038202460663
"MIDDLEWOOD","2016","April_25",4.28860512979932,10.1420509456974,7.21532803774835
"MIDDLEWOOD","2016","April_26",1.31310441964782,8.99381773635556,5.15346107800169
"MIDDLEWOOD","2016","April_27",0.278702793966801,7.48677824771195,3.88274052083938
"MIDDLEWOOD","2016","April_28",-1.45213636811499,6.49647809757963,2.52217086473232
"MIDDLEWOOD","2016","April_29",1.01907197853394,7.86464260021532,4.44185728937463
"MIDDLEWOOD","2016","April_30",0.490580344484067,10.274098933491,5.38233963898753
"MIDDLEWOOD","2016","May_01",3.15485917968625,11.4377640681331,7.29631162390965
"MIDDLEWOOD","2016","May_02",6.70803705467669,12.5779954066875,9.64301623068211
"MIDDLEWOOD","2016","May_03",5.36688233296077,11.8786533142704,8.6227678236156
"MIDDLEWOOD","2016","May_04",4.57090963185798,14.5771211365983,9.57401538422814
"MIDDLEWOOD","2016","May_05",5.38847626616406,16.8693171939435,11.1288967300538
"MIDDLEWOOD","2016","May_06",7.13793805283635,18.9810965770025,13.0595173149194
"MIDDLEWOOD","2016","May_07",8.9669781756934,19.0302288636908,13.9986035196921
"MIDDLEWOOD","2016","May_08",9.99709491552618,24.10441860649,17.0507567610081
"MIDDLEWOOD","2016","May_09",11.0276312899275,23.8726864925021,17.4501588912148
"MIDDLEWOOD","2016","May_10",11.4299525934712,19.9527462958356,15.6913494446534
"MIDDLEWOOD","2016","May_11",11.3786888840634,19.8391312207412,15.6089100524023
"MIDDLEWOOD","2016","May_12",11.0874557010846,20.5978099616643,15.8426328313744
"MIDDLEWOOD","2016","May_13",7.90803508526564,13.9305431836543,10.91928913446
"MIDDLEWOOD","2016","May_14",0.955451488169127,12.8115106076199,6.88348104789453
"MIDDLEWOOD","2016","May_15",2.38579914874433,13.8339795902481,8.10988936949619
"MIDDLEWOOD","2016","May_16",3.2976811252046,13.8225695426077,8.56012533390613
"MIDDLEWOOD","2016","May_17",3.96223496300984,16.8813356596848,10.4217853113473
"MIDDLEWOOD","2016","May_18",9.68333900289988,14.8240017917322,12.253670397316
"MIDDLEWOOD","2016","May_19",7.61327030032772,14.808761834335,11.2110160673313
"MIDDLEWOOD","2016","May_20",9.97969077170844,15.591025626162,12.7853581989352
"MIDDLEWOOD","2016","May_21",10.4749397027526,15.9712078518167,13.2230737772847
"MIDDLEWOOD","2016","May_22",8.14690122759292,15.7757155385379,11.9613083830654
"MIDDLEWOOD","2016","May_23",4.92289734262552,16.3635741860285,10.643235764327
"MIDDLEWOOD","2016","May_24",4.95247635396274,16.3772335882953,10.664854971129
"MIDDLEWOOD","2016","May_25",5.87541135116578,11.7954888975066,8.83545012433617
"MIDDLEWOOD","2016","May_26",7.95335560857074,14.0670602599678,11.0102079342692
"MIDDLEWOOD","2016","May_27",8.837344586092,16.98774543014,12.912545008116
"MIDDLEWOOD","2016","May_28",7.17326912394149,18.0311961172778,12.6022326206096
"MIDDLEWOOD","2016","May_29",6.74731814939655,18.4540548831322,12.6006865162644
"MIDDLEWOOD","2016","May_30",7.1129442525743,18.8373265029722,12.9751353777733
"MIDDLEWOOD","2016","May_31",8.67152918617716,18.0052084883596,13.3383688372684
"MIDDLEWOOD","2016","June_01",10.2735263739698,15.8207611613271,13.0471437676484
"MIDDLEWOOD","2016","June_02",5.58028684428541,16.5781639818701,11.0792254130777
"MIDDLEWOOD","2016","June_03",4.37282162760574,18.9083658790555,11.6405937533306
"MIDDLEWOOD","2016","June_04",12.1011228205236,21.1692636218634,16.6351932211935
"MIDDLEWOOD","2016","June_05",10.4761425269675,23.8242161302364,17.150179328602
"MIDDLEWOOD","2016","June_06",11.490304589305,25.1109088655726,18.3006067274388
"MIDDLEWOOD","2016","June_07",12.2926169837441,24.2032161502625,18.2479165670033
"MIDDLEWOOD","2016","June_08",13.5755912031844,20.7616686204038,17.1686299117941
"MIDDLEWOOD","2016","June_09",11.5763837096414,22.8036038000651,17.1899937548532
"MIDDLEWOOD","2016","June_10",14.3405886909443,20.0212982978206,17.1809434943824
"MIDDLEWOOD","2016","June_11",13.2351570617197,17.215089407264,15.2251232344919
"MIDDLEWOOD","2016","June_12",13.0480647885475,19.6531532749982,16.3506090317728
"MIDDLEWOOD","2016","June_13",12.9015211943985,15.6904735950888,14.2959973947436
"MIDDLEWOOD","2016","June_14",11.3503897081505,17.9368545165042,14.6436221123274
"MIDDLEWOOD","2016","June_15",11.6045498429868,17.5798905955359,14.5922202192614
"MIDDLEWOOD","2016","June_16",11.9532389945755,16.8623881911644,14.4078135928699
"MIDDLEWOOD","2016","June_17",11.0272207239002,15.789047109494,13.4081339166971
"MIDDLEWOOD","2016","June_18",10.1035714330137,16.6610987699376,13.3823351014756
"MIDDLEWOOD","2016","June_19",9.79521890222178,17.1551137288929,13.4751663155573
"MIDDLEWOOD","2016","June_20",14.0316091532146,18.006652901348,16.0191310272813
"MIDDLEWOOD","2016","June_21",11.7943844478638,18.9229795784566,15.3586820131602
"MIDDLEWOOD","2016","June_22",12.06317312973,19.5913926709225,15.8272829003263
"MIDDLEWOOD","2016","June_23",9.55067608229123,20.3634914471173,14.9570837647043
"MIDDLEWOOD","2016","June_24",11.8668670488295,17.4381633371732,14.6525151930014
"MIDDLEWOOD","2016","June_25",7.94876150711115,18.0002514495462,12.9745064783287
"MIDDLEWOOD","2016","June_26",11.2187167322022,16.2733690082249,13.7460428702136
"MIDDLEWOOD","2016","June_27",12.0310830581023,16.0534033178009,14.0422431879516
"MIDDLEWOOD","2016","June_28",8.52451166120334,15.314398831431,11.9194552463172
"MIDDLEWOOD","2016","June_29",9.76283679787901,15.5381322742018,12.6504845360404
"MIDDLEWOOD","2016","June_30",9.42673173687506,16.2452203451603,12.8359760410177
"MIDDLEWOOD","2017","April_01",8.25838231330739,12.5230540892736,10.3907182012905
"MIDDLEWOOD","2017","April_02",4.29289961613424,12.8871520536321,8.59002583488316
"MIDDLEWOOD","2017","April_03",2.98588451850548,14.0578731592141,8.52187883885979
"MIDDLEWOOD","2017","April_04",8.11450971194737,12.2637683869671,10.1891390494572
"MIDDLEWOOD","2017","April_05",5.80124281924623,11.3593355115466,8.58028916539642
"MIDDLEWOOD","2017","April_06",2.13205070394743,10.2913587174543,6.21170471070085
"MIDDLEWOOD","2017","April_07",6.21565715596428,11.074831606989,8.64524438147665
"MIDDLEWOOD","2017","April_08",-0.134901570245987,17.268757210145,8.56692781994952
"MIDDLEWOOD","2017","April_09",5.95406243329854,16.8235237592714,11.388793096285
"MIDDLEWOOD","2017","April_10",5.19639566962165,11.8325877011216,8.51449168537164
"MIDDLEWOOD","2017","April_11",4.52276036533138,11.0949560763745,7.80885822085294
"MIDDLEWOOD","2017","April_12",7.71598669999318,11.5811848446525,9.64858577232283
"MIDDLEWOOD","2017","April_13",4.67517168031621,10.3774211956837,7.52629643799995
"MIDDLEWOOD","2017","April_14",6.9806816558532,11.3022565349203,9.14146909538675
"MIDDLEWOOD","2017","April_15",4.86713714103723,10.5639256292176,7.71553138512741
"MIDDLEWOOD","2017","April_16",4.28074136529473,10.3371659591957,7.30895366224523
"MIDDLEWOOD","2017","April_17",4.59506226369767,10.6117976095283,7.60342993661299
"MIDDLEWOOD","2017","April_18",-0.596097926366494,10.9323883948848,5.16814523425913
"MIDDLEWOOD","2017","April_19",4.32503623750235,11.6342140743746,7.97962515593845
"MIDDLEWOOD","2017","April_20",7.28523829462326,13.4809611248973,10.3830997097603
"MIDDLEWOOD","2017","April_21",7.60550953583335,13.3623713075559,10.4839404216946
"MIDDLEWOOD","2017","April_22",2.76653875133683,12.4432950276952,7.60491688951602
"MIDDLEWOOD","2017","April_23",1.69874258988096,12.1751397094167,6.93694114964884
"MIDDLEWOOD","2017","April_24",6.66641353432372,10.7907123764102,8.72856295536696
"MIDDLEWOOD","2017","April_25",-1.66869957714614,8.83115913405587,3.58122977845486
"MIDDLEWOOD","2017","April_26",0.244285523870407,9.63440781624258,4.93934667005649
"MIDDLEWOOD","2017","April_27",2.09083387660973,12.2546226314688,7.17272825403927
"MIDDLEWOOD","2017","April_28",3.00191168997649,11.7987387463107,7.40032521814361
"MIDDLEWOOD","2017","April_29",5.80806167649245,12.8859746793137,9.34701817790308
"MIDDLEWOOD","2017","April_30",7.28738731140498,14.854020971564,11.0707041414845
"MIDDLEWOOD","2017","May_01",8.81688467767563,16.0557077265309,12.4362962021033
"MIDDLEWOOD","2017","May_02",5.20477155360389,16.0405693759164,10.6226704647601
"MIDDLEWOOD","2017","May_03",3.92639865057732,15.8637189237499,9.89505878716358
"MIDDLEWOOD","2017","May_04",6.24576311817031,16.1687530494644,11.2072580838174
"MIDDLEWOOD","2017","May_05",4.36275885008408,15.7235052195903,10.0431320348372
"MIDDLEWOOD","2017","May_06",4.33359591636495,13.623917206095,8.97875656122997
"MIDDLEWOOD","2017","May_07",2.74443471056175,15.7103996978418,9.22741720420178
"MIDDLEWOOD","2017","May_08",3.59504810836487,13.3211736192314,8.45811086379813
"MIDDLEWOOD","2017","May_09",2.10967563696978,13.0348785875203,7.57227711224503
"MIDDLEWOOD","2017","May_10",1.57825824760672,16.4035409814888,8.99089961454779
"MIDDLEWOOD","2017","May_11",3.62405097639681,19.223505161863,11.4237780691299
"MIDDLEWOOD","2017","May_12",8.44509818654833,16.2164738653102,12.3307860259293
"MIDDLEWOOD","2017","May_13",9.96601247807826,15.8695196889117,12.917766083495
"MIDDLEWOOD","2017","May_14",9.3231168236348,15.6458993177887,12.4845080707117
"MIDDLEWOOD","2017","May_15",7.64573925051052,15.5243142847544,11.5850267676325
"MIDDLEWOOD","2017","May_16",10.9535650553946,17.0618493926265,14.0077072240106
"MIDDLEWOOD","2017","May_17",9.05959039552595,13.5792743848116,11.3194323901688
"MIDDLEWOOD","2017","May_18",5.71444228041567,15.3217414209799,10.5180918506978
"MIDDLEWOOD","2017","May_19",6.31148379793608,13.8528739617701,10.0821788798531
"MIDDLEWOOD","2017","May_20",6.31939069687021,14.1006258248593,10.2100082608647
"MIDDLEWOOD","2017","May_21",7.71222208795417,17.0807074304414,12.3964647591978
"MIDDLEWOOD","2017","May_22",9.21906988562824,21.3730494357204,15.2960596606743
"MIDDLEWOOD","2017","May_23",9.6244184686858,17.9208747808071,13.7726466247464
"MIDDLEWOOD","2017","May_24",12.3302958175034,20.3007729168645,16.3155343671839
"MIDDLEWOOD","2017","May_25",10.2391496920861,26.1230416911967,18.1810956916414
"MIDDLEWOOD","2017","May_26",14.0684495144336,26.4851289978365,20.276789256135
"MIDDLEWOOD","2017","May_27",13.367021843673,25.0574060548812,19.2122139492771
"MIDDLEWOOD","2017","May_28",12.2376118765646,17.4728816420388,14.8552467593017
"MIDDLEWOOD","2017","May_29",11.8669421996895,15.0807831537216,13.4738626767056
"MIDDLEWOOD","2017","May_30",11.81676559095,16.9409509779703,14.3788582844602
"MIDDLEWOOD","2017","May_31",5.76813393282301,20.4061058595687,13.0871198961958
"MIDDLEWOOD","2017","June_01",13.0880229611555,20.4388525215999,16.7634377413777
"MIDDLEWOOD","2017","June_02",12.1682839927042,16.7019102691156,14.4350971309099
"MIDDLEWOOD","2017","June_03",6.82390128378932,17.7476811889269,12.2857912363581
"MIDDLEWOOD","2017","June_04",9.22664561212797,16.1856329715065,12.7061392918172
"MIDDLEWOOD","2017","June_05",8.43480766791424,14.6679986704156,11.5514031691649
"MIDDLEWOOD","2017","June_06",10.349642341714,12.6383895409233,11.4940159413186
"MIDDLEWOOD","2017","June_07",9.81765955217565,15.0390509985777,12.4283552753766
"MIDDLEWOOD","2017","June_08",10.2381150022974,17.5856750611293,13.9118950317134
"MIDDLEWOOD","2017","June_09",10.9395012759532,16.749886716193,13.8446939960731
"MIDDLEWOOD","2017","June_10",11.2977057765438,18.0224289144723,14.6600673455081
"MIDDLEWOOD","2017","June_11",12.2617112167932,16.6980366110916,14.4798739139424
"MIDDLEWOOD","2017","June_12",11.979842652875,15.2802058583841,13.6300242556296
"MIDDLEWOOD","2017","June_13",11.9144881988391,17.9520401673684,14.9332641831037
"MIDDLEWOOD","2017","June_14",10.9566938322906,23.2575123786294,17.10710310546
"MIDDLEWOOD","2017","June_15",11.1434618291218,17.7776091394651,14.4605354842935
"MIDDLEWOOD","2017","June_16",11.8515056346831,18.1912753722337,15.0213905034584
"MIDDLEWOOD","2017","June_17",13.9088069614349,22.4537401956495,18.1812735785422
"MIDDLEWOOD","2017","June_18",10.4906204522093,23.8152582065842,17.1529393293967
"MIDDLEWOOD","2017","June_19",11.4054026257434,25.9011055928403,18.6532541092919
"MIDDLEWOOD","2017","June_20",13.3052272539796,21.569135572829,17.4371814134043
"MIDDLEWOOD","2017","June_21",13.5029074550415,26.5064338344472,20.0046706447443
"MIDDLEWOOD","2017","June_22",14.5044627084442,17.716954628566,16.1107086685051
"MIDDLEWOOD","2017","June_23",12.7882001580455,16.2085506622505,14.498375410148
"MIDDLEWOOD","2017","June_24",12.1272287018479,17.1991394474985,14.6631840746732
"MIDDLEWOOD","2017","June_25",10.9403997289711,16.1841523047467,13.5622760168589
"MIDDLEWOOD","2017","June_26",7.38205143548882,17.6922626295766,12.5371570325327
"MIDDLEWOOD","2017","June_27",10.6568244901318,15.5624874106389,13.1096559503853
"MIDDLEWOOD","2017","June_28",11.1043938820085,12.4456767959685,11.7750353389885
"MIDDLEWOOD","2017","June_29",9.31045477050161,15.3375547675122,12.3240047690069
"MIDDLEWOOD","2017","June_30",11.920315173333,17.5174873771596,14.7189012752463
"MIDDLEWOOD","2018","April_01",0.759728026890095,6.4590076416998,3.60936783429495
"MIDDLEWOOD","2018","April_02",1.4595994859341,8.79256978167913,5.12608463380662
"MIDDLEWOOD","2018","April_03",2.30357727297069,12.3086798661819,7.30612856957629
"MIDDLEWOOD","2018","April_04",4.58718781658048,10.9513749528942,7.76928138473733
"MIDDLEWOOD","2018","April_05",-0.332122967390935,9.63357150510913,4.6507242688591
"MIDDLEWOOD","2018","April_06",3.98537016063434,12.9320089982348,8.45868957943456
"MIDDLEWOOD","2018","April_07",5.41949225059805,9.83198869363085,7.62574047211445
"MIDDLEWOOD","2018","April_08",3.74456815823257,11.1872341179379,7.46590113808524
"MIDDLEWOOD","2018","April_09",2.61343830788902,14.2348138416209,8.42412607475497
"MIDDLEWOOD","2018","April_10",6.07516659539577,8.49867901346133,7.28692280442855
"MIDDLEWOOD","2018","April_11",6.06887444226612,9.6533074029138,7.86109092258996
"MIDDLEWOOD","2018","April_12",5.44190250650783,9.32851697125612,7.38520973888198
"MIDDLEWOOD","2018","April_13",5.33850073388808,10.0473892950435,7.69294501446578
"MIDDLEWOOD","2018","April_14",6.29417274672978,14.3339519778319,10.3140623622808
"MIDDLEWOOD","2018","April_15",6.58032521558056,13.6800645890686,10.1301949023246
"MIDDLEWOOD","2018","April_16",8.08583703370241,13.7220483585826,10.9039426961425
"MIDDLEWOOD","2018","April_17",9.40004603607332,14.4807879474828,11.940416991778
"MIDDLEWOOD","2018","April_18",10.4548919486859,20.2552735721908,15.3550827604383
"MIDDLEWOOD","2018","April_19",10.8535512359887,19.5875116502193,15.220531443104
"MIDDLEWOOD","2018","April_20",7.81689408568083,15.2986299191087,11.5577620023948
"MIDDLEWOOD","2018","April_21",3.16236678762705,20.3962230995651,11.7792949435961
"MIDDLEWOOD","2018","April_22",9.7597641233241,13.1124334588118,11.4360987910679
"MIDDLEWOOD","2018","April_23",7.96630180004212,12.3371518689765,10.1517268345093
"MIDDLEWOOD","2018","April_24",7.69647246902869,11.589432744523,9.64295260677587
"MIDDLEWOOD","2018","April_25",6.15471154635191,11.6887843493407,8.92174794784631
"MIDDLEWOOD","2018","April_26",6.3987752762755,10.7418840693462,8.57032967281083
"MIDDLEWOOD","2018","April_27",3.8538999644504,9.15108660880981,6.50249328663011
"MIDDLEWOOD","2018","April_28",1.0842328025745,11.2861198233738,6.18517631297417
"MIDDLEWOOD","2018","April_29",2.30238867850474,10.4877861394938,6.39508740899926
"MIDDLEWOOD","2018","April_30",1.15434749267168,11.3443719974252,6.24935974504845
"MIDDLEWOOD","2018","May_01",0.602460545796718,12.7178185859625,6.66013956587959
"MIDDLEWOOD","2018","May_02",7.05124376930347,11.4023199418565,9.22678185558
"MIDDLEWOOD","2018","May_03",4.66843185830857,12.2810085737663,8.47472021603744
"MIDDLEWOOD","2018","May_04",8.50151185575569,15.6482409559482,12.0748764058519
"MIDDLEWOOD","2018","May_05",6.83137070009775,18.6555321539241,12.7434514270109
"MIDDLEWOOD","2018","May_06",7.03070237291619,22.2124058430005,14.6215541079583
"MIDDLEWOOD","2018","May_07",8.09737165524938,22.9813089026916,15.5393402789705
"MIDDLEWOOD","2018","May_08",9.37551128389635,15.2081801564341,12.2918457201652
"MIDDLEWOOD","2018","May_09",5.82816835046982,13.4640151003934,9.64609172543163
"MIDDLEWOOD","2018","May_10",6.48747790419327,12.6261100353653,9.55679396977931
"MIDDLEWOOD","2018","May_11",4.74078059009402,14.6812671293008,9.7110238596974
"MIDDLEWOOD","2018","May_12",4.47887803516291,14.477806168365,9.47834210176395
"MIDDLEWOOD","2018","May_13",7.43400699435343,15.5307108658782,11.4823589301158
"MIDDLEWOOD","2018","May_14",2.80822571720351,16.9763657991534,9.89229575817848
"MIDDLEWOOD","2018","May_15",5.81621569274521,18.40154615718,12.1088809249626
"MIDDLEWOOD","2018","May_16",8.86125701014825,14.0975925161974,11.4794247631728
"MIDDLEWOOD","2018","May_17",1.68351049987646,15.3699207284271,8.52671561415178
"MIDDLEWOOD","2018","May_18",2.4727241716992,16.8721498451151,9.67243700840715
"MIDDLEWOOD","2018","May_19",4.3256009369003,19.4931566852019,11.9093788110511
"MIDDLEWOOD","2018","May_20",6.99223993867092,20.3417059970053,13.6669729678381
"MIDDLEWOOD","2018","May_21",7.69467446583888,21.6865462251366,14.6906103454877
"MIDDLEWOOD","2018","May_22",9.48693148005039,18.2117747634189,13.8493531217346
"MIDDLEWOOD","2018","May_23",6.82316618463727,18.4759392433717,12.6495527140045
"MIDDLEWOOD","2018","May_24",7.85214575825798,21.3901637714033,14.6211547648306
"MIDDLEWOOD","2018","May_25",9.68034985875883,17.7594248004618,13.7198873296103
"MIDDLEWOOD","2018","May_26",11.5632889156356,21.497282311533,16.5302856135843
"MIDDLEWOOD","2018","May_27",10.7739766393505,24.4129574938112,17.5934670665808
"MIDDLEWOOD","2018","May_28",12.1754785188984,23.5765914939236,17.876035006411
"MIDDLEWOOD","2018","May_29",12.3068438071396,19.7109005868273,16.0088721969835
"MIDDLEWOOD","2018","May_30",10.7263629897061,19.2014873591536,14.9639251744298
"MIDDLEWOOD","2018","May_31",13.5948380838142,22.6356937690549,18.1152659264346
"MIDDLEWOOD","2018","June_01",13.6884599094057,23.2874731000704,18.487966504738
"MIDDLEWOOD","2018","June_02",13.9029210948234,18.312465308577,16.1076932017002
"MIDDLEWOOD","2018","June_03",13.1790638154958,20.3605069089865,16.7697853622411
"MIDDLEWOOD","2018","June_04",13.4814132008402,18.9532203570051,16.2173167789227
"MIDDLEWOOD","2018","June_05",9.24054884286778,18.7928143421577,14.0166815925127
"MIDDLEWOOD","2018","June_06",6.64034605415869,18.7965625223176,12.7184542882382
"MIDDLEWOOD","2018","June_07",7.94398669372612,21.3438069793531,14.6438968365396
"MIDDLEWOOD","2018","June_08",9.59104052520242,18.8097322215593,14.2003863733809
"MIDDLEWOOD","2018","June_09",10.5966434636626,20.9741781933351,15.7854108284988
"MIDDLEWOOD","2018","June_10",9.99432596039484,22.7746604387873,16.3844931995911
"MIDDLEWOOD","2018","June_11",11.4169250035302,20.4009321784111,15.9089285909706
"MIDDLEWOOD","2018","June_12",10.3066877106176,18.4155634053507,14.3611255579841
"MIDDLEWOOD","2018","June_13",7.70941175709477,18.145221264679,12.9273165108869
"MIDDLEWOOD","2018","June_14",13.0638674736825,16.9549287193704,15.0093980965264
"MIDDLEWOOD","2018","June_15",10.4067375821834,15.5474943771151,12.9771159796492
"MIDDLEWOOD","2018","June_16",8.10154902954578,15.7677754459587,11.9346622377522
"MIDDLEWOOD","2018","June_17",10.2824688270257,16.0875475198941,13.1850081734599
"MIDDLEWOOD","2018","June_18",12.3825440825261,16.9563748919955,14.6694594872608
"MIDDLEWOOD","2018","June_19",9.67582905385049,18.0064364391378,13.8411327464942
"MIDDLEWOOD","2018","June_20",13.5139695793232,16.932203846345,15.2230867128341
"MIDDLEWOOD","2018","June_21",8.30000954153616,16.6470834379398,12.473546489738
"MIDDLEWOOD","2018","June_22",6.12099209807508,18.665133519032,12.3930628085536
"MIDDLEWOOD","2018","June_23",8.12117600142219,17.1665226118819,12.643849306652
"MIDDLEWOOD","2018","June_24",6.38388746928679,22.1126096745771,14.2482485719319
"MIDDLEWOOD","2018","June_25",8.18627248212209,25.6237287539356,16.9050006180288
"MIDDLEWOOD","2018","June_26",11.9332774656874,28.1126425335583,20.0229599996229
"MIDDLEWOOD","2018","June_27",11.9770652416533,27.4491495905583,19.7131074161058
"MIDDLEWOOD","2018","June_28",10.6694971226558,27.567591678481,19.1185444005684
"MIDDLEWOOD","2018","June_29",10.9884044695538,27.2760365623387,19.1322205159462
"MIDDLEWOOD","2018","June_30",10.4369269982811,25.2673400661834,17.8521335322323
"MIDDLEWOOD","2019","April_01",1.27669964564501,10.1905586706804,5.73362915816271
"MIDDLEWOOD","2019","April_02",3.39665753517158,8.66544893589448,6.03105323553303
"MIDDLEWOOD","2019","April_03",0.0976076974386678,6.99583680131921,3.54672224937894
"MIDDLEWOOD","2019","April_04",1.38953893264295,8.58354816254988,4.98654354759642
"MIDDLEWOOD","2019","April_05",3.88297549497666,12.8774428146358,8.38020915480624
"MIDDLEWOOD","2019","April_06",2.84080128197855,12.6198802162828,7.73034074913067
"MIDDLEWOOD","2019","April_07",6.36178987263532,13.8115985479437,10.0866942102895
"MIDDLEWOOD","2019","April_08",6.0666037506065,12.7484367254163,9.40752023801139
"MIDDLEWOOD","2019","April_09",5.15601259803319,10.971143107291,8.06357785266208
"MIDDLEWOOD","2019","April_10",-0.243050875211071,10.7421728287628,5.24956097677585
"MIDDLEWOOD","2019","April_11",-1.39721326718248,11.0406054103049,4.82169607156122
"MIDDLEWOOD","2019","April_12",-0.391913664697934,10.0499155005888,4.82900091794545
"MIDDLEWOOD","2019","April_13",-1.25542683715269,9.58085772871031,4.16271544577881
"MIDDLEWOOD","2019","April_14",-1.08845893264022,8.4586513270421,3.68509619720094
"MIDDLEWOOD","2019","April_15",2.17376510136822,12.3280526807597,7.25090889106395
"MIDDLEWOOD","2019","April_16",5.68724834006263,12.6317474646241,9.15949790234337
"MIDDLEWOOD","2019","April_17",6.04020724418892,17.6107565056718,11.8254818749303
"MIDDLEWOOD","2019","April_18",6.75879117625728,18.7711386228872,12.7649648995722
"MIDDLEWOOD","2019","April_19",6.7672390162555,21.9413374927276,14.3542882544916
"MIDDLEWOOD","2019","April_20",7.52689865011389,21.9518673166819,14.7393829833979
"MIDDLEWOOD","2019","April_21",7.28683436271553,21.490604252467,14.3887193075912
"MIDDLEWOOD","2019","April_22",7.23678081674191,21.6699394764271,14.4533601465845
"MIDDLEWOOD","2019","April_23",9.4428855908298,18.3236436653694,13.8832646280996
"MIDDLEWOOD","2019","April_24",7.1497178554743,18.0587458800309,12.6042318677526
"MIDDLEWOOD","2019","April_25",6.70776885719318,14.5139555003179,10.6108621787556
"MIDDLEWOOD","2019","April_26",6.11595546651816,11.652969363555,8.88446241503658
"MIDDLEWOOD","2019","April_27",5.68045078516586,10.61915092642,8.14980085579295
"MIDDLEWOOD","2019","April_28",4.05128317700069,14.0623131393853,9.05679815819301
"MIDDLEWOOD","2019","April_29",3.45397395101707,15.2816253428195,9.36779964691829
"MIDDLEWOOD","2019","April_30",4.6250357413092,16.1855405715224,10.4052881564158
"MIDDLEWOOD","2019","May_01",8.54690801569394,13.8427254580646,11.1948167368793
"MIDDLEWOOD","2019","May_02",5.58231680188994,13.391086530163,9.48670166602649
"MIDDLEWOOD","2019","May_03",4.74097779828469,9.76433490336446,7.25265635082458
"MIDDLEWOOD","2019","May_04",1.38309235285674,10.5251744045584,5.95413337870755
"MIDDLEWOOD","2019","May_05",1.98848890595867,10.8183036225612,6.40339626425992
"MIDDLEWOOD","2019","May_06",3.01684701558509,10.3358839929978,6.67636550429145
"MIDDLEWOOD","2019","May_07",3.82898138953899,11.1259222223551,7.47745180594704
"MIDDLEWOOD","2019","May_08",5.9523021449895,8.78606377801001,7.36918296149975
"MIDDLEWOOD","2019","May_09",5.79967648548753,8.85242032679875,7.32604840614314
"MIDDLEWOOD","2019","May_10",2.91409640774968,11.8648021252487,7.38944926649921
"MIDDLEWOOD","2019","May_11",2.57554122587724,13.4620479816221,8.01879460374965
"MIDDLEWOOD","2019","May_12",0.732876401836985,14.9010157056365,7.81694605373676
"MIDDLEWOOD","2019","May_13",2.67240195744199,18.1724455606193,10.4224237590307
"MIDDLEWOOD","2019","May_14",6.6797137917616,20.7841335935285,13.7319236926451
"MIDDLEWOOD","2019","May_15",7.08283142454909,21.1004408102088,14.0916361173789
"MIDDLEWOOD","2019","May_16",5.63666269887719,17.1418762849175,11.3892694918974
"MIDDLEWOOD","2019","May_17",8.03990546810381,18.860249912619,13.4500776903614
"MIDDLEWOOD","2019","May_18",9.37804437627715,14.6303704882969,12.004207432287
"MIDDLEWOOD","2019","May_19",7.99371070096163,15.0522706273789,11.5229906641703
"MIDDLEWOOD","2019","May_20",7.84707447824513,15.9402712523127,11.8936728652789
"MIDDLEWOOD","2019","May_21",5.68307992198751,15.7991503684565,10.741115145222
"MIDDLEWOOD","2019","May_22",4.83049865449019,16.2443118246114,10.5374052395508
"MIDDLEWOOD","2019","May_23",6.03307318664749,16.3644681403603,11.1987706635039
"MIDDLEWOOD","2019","May_24",6.21458074012481,16.8391277375002,11.5268542388125
"MIDDLEWOOD","2019","May_25",6.1655377946162,15.3358223867412,10.7506800906787
"MIDDLEWOOD","2019","May_26",11.8764688200481,15.989205588717,13.9328372043825
"MIDDLEWOOD","2019","May_27",9.51989515622602,13.7598531979372,11.6398741770816
"MIDDLEWOOD","2019","May_28",7.33959557266677,14.8554433781444,11.0975194754056
"MIDDLEWOOD","2019","May_29",3.66682333532956,14.7838524007318,9.22533786803069
"MIDDLEWOOD","2019","May_30",9.83524262418656,18.3088361513927,14.0720393877896
"MIDDLEWOOD","2019","May_31",12.668912177094,16.2232497215494,14.4460809493217
"MIDDLEWOOD","2019","June_01",10.3802350601975,18.4167958329648,14.3985154465812
"MIDDLEWOOD","2019","June_02",13.1513766215906,17.9666978673638,15.5590372444772
"MIDDLEWOOD","2019","June_03",10.3031059433581,15.772702803188,13.037904373273
"MIDDLEWOOD","2019","June_04",8.49405661167797,15.8889370506396,12.1914968311588
"MIDDLEWOOD","2019","June_05",9.57784678481411,13.6405640978765,11.6092054413453
"MIDDLEWOOD","2019","June_06",6.75600870210504,15.9310599299242,11.3435343160146
"MIDDLEWOOD","2019","June_07",6.16587614668484,16.6279564233072,11.396916284996
"MIDDLEWOOD","2019","June_08",9.64255245823431,13.0646083897708,11.3535804240026
"MIDDLEWOOD","2019","June_09",8.76879562486997,15.5254855641263,12.1471405944981
"MIDDLEWOOD","2019","June_10",4.65678505558591,17.5296399871124,11.0932125213491
"MIDDLEWOOD","2019","June_11",9.20787846740422,11.9397016482121,10.5737900578082
"MIDDLEWOOD","2019","June_12",8.50346099540171,13.2826188612557,10.8930399283287
"MIDDLEWOOD","2019","June_13",9.28312400010106,11.283449306043,10.283286653072
"MIDDLEWOOD","2019","June_14",7.76514218732741,15.273605357628,11.5193737724777
"MIDDLEWOOD","2019","June_15",9.66227476889786,15.8741367080558,12.7682057384768
"MIDDLEWOOD","2019","June_16",7.0001937610847,17.4212169258116,12.2107053434482
"MIDDLEWOOD","2019","June_17",11.075609306151,17.3839844801695,14.2297968931603
"MIDDLEWOOD","2019","June_18",9.46138430069706,17.7425545407531,13.6019694207251
"MIDDLEWOOD","2019","June_19",10.3046672400483,18.2439118759431,14.2742895579957
"MIDDLEWOOD","2019","June_20",9.60279836304801,15.420980662295,12.5118895126715
"MIDDLEWOOD","2019","June_21",8.90696462669219,16.2644847680562,12.5857246973742
"MIDDLEWOOD","2019","June_22",4.85144743945515,20.6533773419587,12.7524123907069
"MIDDLEWOOD","2019","June_23",12.0727627766112,19.3714936280717,15.7221282023414
"MIDDLEWOOD","2019","June_24",13.3230273450284,20.7314024169149,17.0272148809717
"MIDDLEWOOD","2019","June_25",13.7346377227695,17.9398670067512,15.8372523647604
"MIDDLEWOOD","2019","June_26",11.4035892943774,18.778004823474,15.0907970589257
"MIDDLEWOOD","2019","June_27",7.22875919648693,23.1069153664533,15.1678372814701
"MIDDLEWOOD","2019","June_28",10.5970482050937,22.9213432116536,16.7591957083736
"MIDDLEWOOD","2019","June_29",13.6953749579895,25.8887177088076,19.7920463333986
"MIDDLEWOOD","2019","June_30",13.8383925216566,18.7089912576784,16.2736918896675
"MIDDLEWOOD","2022","April_01",-0.330001320795328,8.14302294491288,3.90651081205878
"MIDDLEWOOD","2022","April_02",-0.356235178167691,8.83405430461898,4.23890956322564
"MIDDLEWOOD","2022","April_03",-0.934669581137535,9.92619131237051,4.49576086561649
"MIDDLEWOOD","2022","April_04",5.13380852242592,10.9120579198371,8.02293322113152
"MIDDLEWOOD","2022","April_05",8.51755518360732,10.018759526054,9.26815735483065
"MIDDLEWOOD","2022","April_06",7.16777843239959,10.4865051430595,8.82714178772956
"MIDDLEWOOD","2022","April_07",4.49961372992323,8.27887164264262,6.38924268628293
"MIDDLEWOOD","2022","April_08",-1.27156261035956,9.41190815179291,4.07017277071668
"MIDDLEWOOD","2022","April_09",-0.642864512417052,9.01464848414706,4.185891985865
"MIDDLEWOOD","2022","April_10",-1.63165582967789,10.7833699198803,4.57585704510122
"MIDDLEWOOD","2022","April_11",5.29828364899572,14.0477397827757,9.67301171588572
"MIDDLEWOOD","2022","April_12",6.81458267373648,12.3886963676723,9.60163952070439
"MIDDLEWOOD","2022","April_13",8.04413757386546,13.6537889049057,10.8489632393856
"MIDDLEWOOD","2022","April_14",6.07773133328602,15.0799404428443,10.5788358880652
"MIDDLEWOOD","2022","April_15",8.11951857339205,17.2768222733094,12.6981704233507
"MIDDLEWOOD","2022","April_16",7.55675595506901,19.0871021882824,13.3219290716757
"MIDDLEWOOD","2022","April_17",7.99041384172955,18.5705258346211,13.2804698381753
"MIDDLEWOOD","2022","April_18",7.94445812548092,12.2938185623894,10.1191383439352
"MIDDLEWOOD","2022","April_19",1.48281059778636,13.6000041836014,7.54140739069386
"MIDDLEWOOD","2022","April_20",3.85505825492324,16.4430983526158,10.1490783037695
"MIDDLEWOOD","2022","April_21",5.02482765386156,16.7423849711902,10.8836063125259
"MIDDLEWOOD","2022","April_22",5.41367347261034,16.3224837509135,10.8680786117619
"MIDDLEWOOD","2022","April_23",5.59846221501827,15.1483453430447,10.3734037790315
"MIDDLEWOOD","2022","April_24",5.80923161667498,14.4445763264881,10.1269039715815
"MIDDLEWOOD","2022","April_25",3.14264482911933,12.3579983022117,7.75032156566549
"MIDDLEWOOD","2022","April_26",4.96526389965414,13.4145683925478,9.18991614610097
"MIDDLEWOOD","2022","April_27",1.10435945655337,11.2777768007561,6.19106812865474
"MIDDLEWOOD","2022","April_28",1.99781049815085,10.0373117793307,6.01756113874076
"MIDDLEWOOD","2022","April_29",-0.0759619485168274,14.5091234794216,7.21658076545238
"MIDDLEWOOD","2022","April_30",1.70662499106333,14.5770622380978,8.14184361458056
"MIDDLEWOOD","2022","May_01",7.83425113355457,12.6950984084406,10.2646747709976
"MIDDLEWOOD","2022","May_02",8.86101650333591,14.2913379886848,11.5761772460104
"MIDDLEWOOD","2022","May_03",7.56447197465615,13.3584104130119,10.461441193834
"MIDDLEWOOD","2022","May_04",8.58875159935801,13.9301071453912,11.2594293723746
"MIDDLEWOOD","2022","May_05",6.28300578862082,15.4602505005042,10.8716281445625
"MIDDLEWOOD","2022","May_06",9.73822824114285,13.9678391676328,11.8530337043878
"MIDDLEWOOD","2022","May_07",6.52959205160198,15.5577221448853,11.0436570982436
"MIDDLEWOOD","2022","May_08",5.51046495386041,17.4287128154944,11.4695888846774
"MIDDLEWOOD","2022","May_09",9.42621567698067,16.9109118030813,13.168563740031
"MIDDLEWOOD","2022","May_10",9.86513312596181,15.5841629071898,12.7246480165758
"MIDDLEWOOD","2022","May_11",9.77427219174549,14.3546341866022,12.0644531891739
"MIDDLEWOOD","2022","May_12",7.28559114082925,13.9707754165038,10.6281832786665
"MIDDLEWOOD","2022","May_13",9.9468659885211,15.1234114285635,12.5351387085423
"MIDDLEWOOD","2022","May_14",7.81532203083744,18.5952907244144,13.2053063776259
"MIDDLEWOOD","2022","May_15",8.97850830530052,19.5053022130783,14.2419052591894
"MIDDLEWOOD","2022","May_16",10.6829809562982,18.9698752355618,14.82642809593
"MIDDLEWOOD","2022","May_17",9.51841123897544,21.0189081346925,15.268659686834
"MIDDLEWOOD","2022","May_18",9.60239722937266,19.0102413102573,14.306319269815
"MIDDLEWOOD","2022","May_19",9.48212786805526,16.3213117778221,12.9017198229387
"MIDDLEWOOD","2022","May_20",8.18386132678675,16.0720160312889,12.1279386790378
"MIDDLEWOOD","2022","May_21",9.37415456485409,15.7256496945281,12.5499021296911
"MIDDLEWOOD","2022","May_22",9.9768061444293,16.6131997270668,13.2950029357481
"MIDDLEWOOD","2022","May_23",9.89744470802452,14.6817322340103,12.2895884710174
"MIDDLEWOOD","2022","May_24",8.21934787404734,14.3880401521851,11.3036940131162
"MIDDLEWOOD","2022","May_25",9.30925453926253,15.5406664097243,12.4249604744934
"MIDDLEWOOD","2022","May_26",10.0787037874455,15.8805270231802,12.9796154053129
"MIDDLEWOOD","2022","May_27",8.57963233024245,14.475275607543,11.5274539688927
"MIDDLEWOOD","2022","May_28",5.22196378621068,16.0572121737,10.6395879799553
"MIDDLEWOOD","2022","May_29",6.63588576756778,13.5389837019663,10.087434734767
"MIDDLEWOOD","2022","May_30",6.80258730093623,12.1710534915908,9.48682039626352
"MIDDLEWOOD","2022","May_31",6.86379225673325,13.3889964347913,10.1263943457623
"MIDDLEWOOD","2022","June_01",6.57461302064789,16.3211369742192,11.4478749974335
"MIDDLEWOOD","2022","June_02",6.18754450399476,18.4189996228046,12.3032720633997
"MIDDLEWOOD","2022","June_03",10.0195567628712,17.2246276452145,13.6220922040428
"MIDDLEWOOD","2022","June_04",8.72319008401447,16.0208553015751,12.3720226927948
"MIDDLEWOOD","2022","June_05",7.89953853312297,12.7502495667756,10.3248940499493
"MIDDLEWOOD","2022","June_06",9.52375515944262,15.9146066818516,12.7191809206471
"MIDDLEWOOD","2022","June_07",6.46398310889626,19.4549238359235,12.9594534724099
"MIDDLEWOOD","2022","June_08",11.9965048717601,17.211871326299,14.6041880990296
"MIDDLEWOOD","2022","June_09",11.3252533004186,16.8587897210876,14.0920215107531
"MIDDLEWOOD","2022","June_10",12.1464249582913,18.9450106504523,15.5457178043718
"MIDDLEWOOD","2022","June_11",12.2955801935469,17.3517980539675,14.8236891237572
"MIDDLEWOOD","2022","June_12",11.4457083531348,15.4022559511689,13.4239821521518
"MIDDLEWOOD","2022","June_13",9.50051327680756,15.821967455332,12.6612403660698
"MIDDLEWOOD","2022","June_14",9.21969003443955,17.3759321986161,13.2978111165278
"MIDDLEWOOD","2022","June_15",6.44395568809499,20.3457456462127,13.3948506671538
"MIDDLEWOOD","2022","June_16",8.35437846545064,22.4066344225064,15.3805064439785
"MIDDLEWOOD","2022","June_17",14.0137294177901,23.2234421117415,18.6185857647658
"MIDDLEWOOD","2022","June_18",9.44854026251154,15.3327210522964,12.390630657404
"MIDDLEWOOD","2022","June_19",8.07742818145669,18.14804781554,13.1127379984984
"MIDDLEWOOD","2022","June_20",6.49612501265703,18.8738263063159,12.6849756594865
"MIDDLEWOOD","2022","June_21",7.66542909595151,20.7710603160159,14.2182447059837
"MIDDLEWOOD","2022","June_22",10.5635071087604,20.6047148628058,15.5841109857831
"MIDDLEWOOD","2022","June_23",9.88413008937671,25.0447447029252,17.464437396151
"MIDDLEWOOD","2022","June_24",13.9739274808895,20.152353417033,17.0631404489612
"MIDDLEWOOD","2022","June_25",11.6997953658297,18.703413776392,15.2016045711109
"MIDDLEWOOD","2022","June_26",9.4695878821533,17.1533642654436,13.3114760737984
"MIDDLEWOOD","2022","June_27",11.1463491978749,16.026464096694,13.5864066472845
"MIDDLEWOOD","2022","June_28",10.5800001538289,16.5616426709018,13.5708214123654
"MIDDLEWOOD","2022","June_29",12.2469256669624,18.0808032424534,15.1638644547079
"MIDDLEWOOD","2022","June_30",11.3131866495072,18.6084183810626,14.9608025152849
"MIDDLEWOOD","2023","April_01",4.59098171362013,9.34321813256343,6.96709992309178
"MIDDLEWOOD","2023","April_02",5.80551240360153,11.8231069930398,8.81430969832067
"MIDDLEWOOD","2023","April_03",-0.716495290524846,12.0029670629327,5.64323588620394
"MIDDLEWOOD","2023","April_04",0.868923918814298,13.1485963018911,7.00876011035272
"MIDDLEWOOD","2023","April_05",4.71936116202773,9.93099830142794,7.32517973172783
"MIDDLEWOOD","2023","April_06",7.28919243072069,11.3582152752096,9.32370385296514
"MIDDLEWOOD","2023","April_07",0.442028377734534,12.8603807637529,6.65120457074371
"MIDDLEWOOD","2023","April_08",2.04296233822581,14.7797309912368,8.4113466647313
"MIDDLEWOOD","2023","April_09",4.64271511898111,13.3965328160445,9.01962396751282
"MIDDLEWOOD","2023","April_10",8.20549552846675,11.1406718067195,9.67308366759311
"MIDDLEWOOD","2023","April_11",5.49079900973285,11.6309604389238,8.56087972432834
"MIDDLEWOOD","2023","April_12",3.18707577180068,7.61629438448215,5.40168507814141
"MIDDLEWOOD","2023","April_13",3.52465767706665,10.0775920349948,6.80112485603072
"MIDDLEWOOD","2023","April_14",2.69320160132666,9.24792673702525,5.97056416917596
"MIDDLEWOOD","2023","April_15",0.902908245440237,13.2387295900446,7.0708189177424
"MIDDLEWOOD","2023","April_16",6.9498645833334,12.6692259864982,9.80954528491579
"MIDDLEWOOD","2023","April_17",8.7765926501694,15.0869591708527,11.931775910511
"MIDDLEWOOD","2023","April_18",4.17017754164281,14.9560446946148,9.56311111812879
"MIDDLEWOOD","2023","April_19",4.67522899719365,14.7822392153544,9.72873410627404
"MIDDLEWOOD","2023","April_20",3.17164332539308,14.3761178402807,8.77388058283688
"MIDDLEWOOD","2023","April_21",5.52788963434264,14.5667550144019,10.0473223243723
"MIDDLEWOOD","2023","April_22",6.69817458056235,11.8701735515023,9.28417406603232
"MIDDLEWOOD","2023","April_23",5.00172259426491,12.8017963002565,8.9017594472607
"MIDDLEWOOD","2023","April_24",3.74558533657385,9.58514579133294,6.6653655639534
"MIDDLEWOOD","2023","April_25",-1.82491888385468,10.2506141549755,4.21284763556042
"MIDDLEWOOD","2023","April_26",1.36857897547882,12.1729165647005,6.77074777008965
"MIDDLEWOOD","2023","April_27",3.20485143429154,12.2779628460617,7.74140714017664
"MIDDLEWOOD","2023","April_28",7.02385070552371,13.6238188595379,10.3238347825308
"MIDDLEWOOD","2023","April_29",7.45035541646642,15.742673519895,11.5965144681807
"MIDDLEWOOD","2023","April_30",9.83268392559197,13.7160448592288,11.7743643924104
"MIDDLEWOOD","2023","May_01",9.18334152834208,15.043340565367,12.1133410468545
"MIDDLEWOOD","2023","May_02",7.35085128628408,14.9469812938835,11.1489162900838
"MIDDLEWOOD","2023","May_03",6.47640434367215,16.3817413141953,11.4290728289337
"MIDDLEWOOD","2023","May_04",5.28435773774551,14.1525294785529,9.71844360814918
"MIDDLEWOOD","2023","May_05",7.96296138468729,17.1784289167427,12.570695150715
"MIDDLEWOOD","2023","May_06",9.17756495122382,17.6948374028164,13.4362011770201
"MIDDLEWOOD","2023","May_07",10.6584775415331,17.1186065276805,13.8885420346068
"MIDDLEWOOD","2023","May_08",9.87863985726794,15.0084230197076,12.4435314384878
"MIDDLEWOOD","2023","May_09",10.6796420052989,16.2096076215008,13.4446248133998
"MIDDLEWOOD","2023","May_10",6.42968915809862,14.5472297830157,10.4884594705572
"MIDDLEWOOD","2023","May_11",9.2552824593192,16.1175356583551,12.6864090588372
"MIDDLEWOOD","2023","May_12",7.80323884922591,15.7575655952755,11.7804022222507
"MIDDLEWOOD","2023","May_13",4.56664923763388,17.7410359174741,11.153842577554
"MIDDLEWOOD","2023","May_14",5.55095718984978,16.4208465205047,10.9859018551773
"MIDDLEWOOD","2023","May_15",5.00317243540667,14.389554170755,9.69636330308085
"MIDDLEWOOD","2023","May_16",4.77191840399843,15.0576018096796,9.914760106839
"MIDDLEWOOD","2023","May_17",6.30342829537689,16.1529825879438,11.2282054416603
"MIDDLEWOOD","2023","May_18",9.33887922490393,15.7211116514126,12.5299954381583
"MIDDLEWOOD","2023","May_19",8.58997005804348,17.8606139219859,13.2252919900147
"MIDDLEWOOD","2023","May_20",6.97149778110556,19.5301818081069,13.2508397946062
"MIDDLEWOOD","2023","May_21",8.03505516063571,19.4938484247802,13.764451792708
"MIDDLEWOOD","2023","May_22",5.62962437969385,18.7279258271447,12.1787751034193
"MIDDLEWOOD","2023","May_23",7.99801919298857,17.6162020737282,12.8071106333584
"MIDDLEWOOD","2023","May_24",7.82422508878749,17.970246140944,12.8972356148657
"MIDDLEWOOD","2023","May_25",7.94456883015073,17.9068059175527,12.9256873738517
"MIDDLEWOOD","2023","May_26",6.68214728781861,19.3182532978249,13.0002002928218
"MIDDLEWOOD","2023","May_27",8.45851468862403,20.0217996890487,14.2401571888363
"MIDDLEWOOD","2023","May_28",8.1065015587682,18.2473510084804,13.1769262836243
"MIDDLEWOOD","2023","May_29",4.3316463657113,19.3265854767791,11.8291159212452
"MIDDLEWOOD","2023","May_30",5.38021331504648,19.7607902381173,12.5705017765819
"MIDDLEWOOD","2023","May_31",8.0564624551532,18.3728456876587,13.214654071406
"MIDDLEWOOD","2023","June_01",7.43552989078683,16.5525848696839,11.9940573802354
"MIDDLEWOOD","2023","June_02",6.34945676642479,19.730631839405,13.0400443029149
"MIDDLEWOOD","2023","June_03",4.59259967827545,21.0127666921758,12.8026831852256
"MIDDLEWOOD","2023","June_04",4.89747365628829,19.7556330705812,12.3265533634348
"MIDDLEWOOD","2023","June_05",6.49031529081339,20.3997505302051,13.4450329105093
"MIDDLEWOOD","2023","June_06",8.45007521514635,16.740807433503,12.5954413243247
"MIDDLEWOOD","2023","June_07",8.53463473192057,17.2180574266383,12.8763460792794
"MIDDLEWOOD","2023","June_08",7.33860810852509,18.0312535193178,12.6849308139214
"MIDDLEWOOD","2023","June_09",8.13860417954355,21.2779365449172,14.7082703622304
"MIDDLEWOOD","2023","June_10",10.3621608829528,27.7928303664794,19.0774956247161
"MIDDLEWOOD","2023","June_11",14.773478839202,26.3729593230189,20.5732190811105
"MIDDLEWOOD","2023","June_12",14.0554030845835,29.3504073828244,21.702905233704
"MIDDLEWOOD","2023","June_13",15.2510766681153,27.8984685580597,21.5747726130875
"MIDDLEWOOD","2023","June_14",10.4673613937496,25.0200224022921,17.7436918980208
"MIDDLEWOOD","2023","June_15",10.9357226230231,25.7022460531538,18.3189843380884
"MIDDLEWOOD","2023","June_16",12.0889540464657,26.5514089639034,19.3201815051846
"MIDDLEWOOD","2023","June_17",13.934246997127,21.7633785580411,17.8488127775841
"MIDDLEWOOD","2023","June_18",12.3701903623162,23.2763913029291,17.8232908326227
"MIDDLEWOOD","2023","June_19",14.0322267813808,21.258825816173,17.6455262987769
"MIDDLEWOOD","2023","June_20",11.9829199438955,20.0179117098234,16.0004158268594
"MIDDLEWOOD","2023","June_21",13.0070384395661,21.0545380333187,17.0307882364424
"MIDDLEWOOD","2023","June_22",11.9060884755095,22.4586908603992,17.1823896679544
"MIDDLEWOOD","2023","June_23",11.2627690125207,21.7526464698802,16.5077077412004
"MIDDLEWOOD","2023","June_24",16.2388924516223,23.3812481440816,19.810070297852
"MIDDLEWOOD","2023","June_25",16.6365069281599,25.2510458306371,20.9437763793985
"MIDDLEWOOD","2023","June_26",12.3568322690964,18.6688385938123,15.5128354314544
"MIDDLEWOOD","2023","June_27",12.6412698851822,18.0226817536407,15.3319758194115
"MIDDLEWOOD","2023","June_28",14.1254656925219,19.2774811836057,16.7014734380638
"MIDDLEWOOD","2023","June_29",10.2708434126057,18.1180468362764,14.194445124441
"MIDDLEWOOD","2023","June_30",11.3614049954278,15.8957491817565,13.6285770885922
"NAGSHEAD","2014","April_01",6.2821970233566,15.0356479029871,10.6589224631718
"NAGSHEAD","2014","April_02",7.97906827200163,15.8428652980939,11.9109667850478
"NAGSHEAD","2014","April_03",8.93970797817198,12.7486852057535,10.8441965919627
"NAGSHEAD","2014","April_04",7.84278238729974,13.720641614292,10.7817120007959
"NAGSHEAD","2014","April_05",7.52781957323119,13.9161221916939,10.7219708824625
"NAGSHEAD","2014","April_06",9.98407322691213,13.6820449607264,11.8330590938193
"NAGSHEAD","2014","April_07",10.9025155499072,13.514845881283,12.2086807155951
"NAGSHEAD","2014","April_08",4.44070760916252,12.3929629894564,8.41683529930945
"NAGSHEAD","2014","April_09",4.55461842556197,14.4662048962174,9.51041166088967
"NAGSHEAD","2014","April_10",2.61988067560916,13.2319471751185,7.92591392536382
"NAGSHEAD","2014","April_11",2.34994565566184,15.070520466954,8.71023306130793
"NAGSHEAD","2014","April_12",3.8378337886391,12.6144255177772,8.22612965320817
"NAGSHEAD","2014","April_13",3.6348919485038,14.7636176697226,9.1992548091132
"NAGSHEAD","2014","April_14",4.48325167350321,14.8535240915218,9.6683878825125
"NAGSHEAD","2014","April_15",2.06489985062887,14.5949092138041,8.32990453221649
"NAGSHEAD","2014","April_16",1.56560405247165,15.843679784976,8.70464191872381
"NAGSHEAD","2014","April_17",4.23086686941041,14.1771916483414,9.20402925887588
"NAGSHEAD","2014","April_18",3.36648498648348,13.2710433218898,8.31876415418663
"NAGSHEAD","2014","April_19",0.159543896237413,12.3762890403648,6.26791646830111
"NAGSHEAD","2014","April_20",4.55728111197671,12.5836229847068,8.57045204834176
"NAGSHEAD","2014","April_21",4.82564123080804,17.3160701656189,11.0708556982135
"NAGSHEAD","2014","April_22",8.88336891362815,13.8003878947001,11.3418784041641
"NAGSHEAD","2014","April_23",7.51132209811191,13.8799100069928,10.6956160525524
"NAGSHEAD","2014","April_24",4.53649491135612,15.2826410114278,9.90956796139198
"NAGSHEAD","2014","April_25",5.54106584308455,12.1370499973229,8.83905792020371
"NAGSHEAD","2014","April_26",6.88845096867105,13.8796338482208,10.3840424084459
"NAGSHEAD","2014","April_27",7.17119048833339,13.6844232563552,10.4278068723443
"NAGSHEAD","2014","April_28",7.89084062987412,15.5228831459989,11.7068618879365
"NAGSHEAD","2014","April_29",6.16732425756568,16.5383690361389,11.3528466468523
"NAGSHEAD","2014","April_30",5.11653447287284,16.6582156485261,10.8873750606995
"NAGSHEAD","2014","May_01",9.27089631661105,15.6384080716091,12.4546521941101
"NAGSHEAD","2014","May_02",6.93597833618211,11.9894685149344,9.46272342555827
"NAGSHEAD","2014","May_03",3.2433226830333,13.9208602746665,8.5820914788499
"NAGSHEAD","2014","May_04",4.38712419142517,15.4546542620938,9.92088922675948
"NAGSHEAD","2014","May_05",3.72908260870627,17.2989779741171,10.5140302914117
"NAGSHEAD","2014","May_06",9.0655007774783,16.1435733049169,12.6045370411976
"NAGSHEAD","2014","May_07",8.18320942829536,14.2770952631704,11.2301523457329
"NAGSHEAD","2014","May_08",9.25297785021919,15.1215152592857,12.1872465547525
"NAGSHEAD","2014","May_09",9.69024865881534,15.3549821276631,12.5226153932392
"NAGSHEAD","2014","May_10",9.38839954500039,14.0817525848064,11.7350760649034
"NAGSHEAD","2014","May_11",7.70150219121937,13.1401938696293,10.4208480304243
"NAGSHEAD","2014","May_12",6.60413800534893,15.1769282745586,10.8905331399538
"NAGSHEAD","2014","May_13",6.04132208481268,15.4329515595601,10.7371368221864
"NAGSHEAD","2014","May_14",4.57606396026987,18.5752059894947,11.5756349748823
"NAGSHEAD","2014","May_15",5.10792373895538,20.4631278627409,12.7855258008482
"NAGSHEAD","2014","May_16",7.97328169798796,21.4620522446127,14.7176669713003
"NAGSHEAD","2014","May_17",7.90194648418694,21.4249252186252,14.6634358514061
"NAGSHEAD","2014","May_18",7.91061208582318,21.8939816982527,14.9022968920379
"NAGSHEAD","2014","May_19",9.29438232512645,23.8811534176142,16.5877678713703
"NAGSHEAD","2014","May_20",12.6757113168553,18.0988455120093,15.3872784144323
"NAGSHEAD","2014","May_21",5.21317512066604,19.2471239212663,12.2301495209662
"NAGSHEAD","2014","May_22",9.47196030775608,15.1857557562122,12.3288580319841
"NAGSHEAD","2014","May_23",9.51467425750408,13.65488470211,11.584779479807
"NAGSHEAD","2014","May_24",7.64590733707349,13.4665283434305,10.556217840252
"NAGSHEAD","2014","May_25",8.62713861210636,15.9222787412356,12.274708676671
"NAGSHEAD","2014","May_26",5.57918926812627,16.4736799047428,11.0264345864345
"NAGSHEAD","2014","May_27",10.1979687434097,16.8601743159829,13.5290715296963
"NAGSHEAD","2014","May_28",8.69184638956481,13.8612248410453,11.2765356153051
"NAGSHEAD","2014","May_29",10.4673633067835,17.1409802414536,13.8041717741186
"NAGSHEAD","2014","May_30",10.6276052042063,15.2489250061735,12.9382651051899
"NAGSHEAD","2014","May_31",10.630562302354,18.3477044752841,14.489133388819
"NAGSHEAD","2014","June_01",7.00376298413101,19.6924053851055,13.3480841846183
"NAGSHEAD","2014","June_02",10.2248208722896,18.6127607676732,14.4187908199814
"NAGSHEAD","2014","June_03",11.5460956247931,17.4841829526506,14.5151392887218
"NAGSHEAD","2014","June_04",9.56778257312486,14.0335561210159,11.8006693470704
"NAGSHEAD","2014","June_05",7.63246993262126,17.5434827551128,12.587976343867
"NAGSHEAD","2014","June_06",6.71863148168815,21.6847021003754,14.2016667910318
"NAGSHEAD","2014","June_07",12.7244852529895,20.3371155909113,16.5308004219504
"NAGSHEAD","2014","June_08",11.1145231992839,20.7412147146656,15.9278689569748
"NAGSHEAD","2014","June_09",11.9747400102156,21.8661454700751,16.9204427401454
"NAGSHEAD","2014","June_10",11.0501569184297,19.0298384138205,15.0399976661251
"NAGSHEAD","2014","June_11",10.7405379835851,19.6841221615694,15.2123300725772
"NAGSHEAD","2014","June_12",8.12869872017816,22.5904288316282,15.3595637759032
"NAGSHEAD","2014","June_13",10.2670719685149,24.0151550494838,17.1411135089993
"NAGSHEAD","2014","June_14",12.4727968399974,23.2511261767177,17.8619615083575
"NAGSHEAD","2014","June_15",12.4233574472817,20.2990044919914,16.3611809696366
"NAGSHEAD","2014","June_16",13.2822888325928,18.8325634212085,16.0574261269007
"NAGSHEAD","2014","June_17",9.28283118786191,20.5021387665471,14.8924849772045
"NAGSHEAD","2014","June_18",12.5466014900249,22.7964613555656,17.6715314227952
"NAGSHEAD","2014","June_19",11.9033007427267,21.6942378631477,16.7987693029372
"NAGSHEAD","2014","June_20",11.0690274577808,22.744941489526,16.9069844736534
"NAGSHEAD","2014","June_21",8.38996367734163,21.6972827242711,15.0436232008064
"NAGSHEAD","2014","June_22",9.57283570644665,23.6426105958065,16.6077231511266
"NAGSHEAD","2014","June_23",11.9147944640578,24.5047589696055,18.2097767168316
"NAGSHEAD","2014","June_24",10.8963657913376,22.4984753177267,16.6974205545322
"NAGSHEAD","2014","June_25",11.15720298061,20.8689151442668,16.0130590624384
"NAGSHEAD","2014","June_26",11.2726524638773,20.3340729950441,15.8033627294607
"NAGSHEAD","2014","June_27",12.3332695123583,18.6694869859053,15.5013782491318
"NAGSHEAD","2014","June_28",9.27920504913975,18.1925474660716,13.7358762576057
"NAGSHEAD","2014","June_29",11.0563122192876,19.2439267814289,15.1501195003582
"NAGSHEAD","2014","June_30",8.35480291849032,20.2712096381488,14.3130062783195
"NAGSHEAD","2015","April_01",3.34698965631826,10.6935860196095,7.02028783796386
"NAGSHEAD","2015","April_02",5.32005447037793,10.2417068102441,7.78088064031099
"NAGSHEAD","2015","April_03",6.33151885137127,12.6834613767131,9.50749011404217
"NAGSHEAD","2015","April_04",6.28485428079189,11.6403242702914,8.96258927554162
"NAGSHEAD","2015","April_05",6.02771940799655,14.151279136613,10.0894992723048
"NAGSHEAD","2015","April_06",1.68403533303727,18.3304805290206,10.0072579310289
"NAGSHEAD","2015","April_07",2.83753793723792,17.5443092638316,10.1909236005347
"NAGSHEAD","2015","April_08",4.16149554507664,17.3042577220185,10.7328766335476
"NAGSHEAD","2015","April_09",3.64213733357476,17.4576281553173,10.549882744446
"NAGSHEAD","2015","April_10",3.82365045163699,19.0727069992225,11.4481787254298
"NAGSHEAD","2015","April_11",6.08226927830671,11.9131916830937,8.99773048070022
"NAGSHEAD","2015","April_12",3.37673275629108,14.1422616080552,8.75949718217315
"NAGSHEAD","2015","April_13",3.29768418450688,16.9684843118515,10.1330842481792
"NAGSHEAD","2015","April_14",5.50995604627951,18.6364216542784,12.0731888502789
"NAGSHEAD","2015","April_15",5.78479395838406,19.5511712853498,12.6679826218669
"NAGSHEAD","2015","April_16",5.68645332997239,17.175154443113,11.4308038865427
"NAGSHEAD","2015","April_17",6.43755159329356,15.0358148346902,10.7366832139919
"NAGSHEAD","2015","April_18",3.85165696547648,15.1826422187731,9.51714959212477
"NAGSHEAD","2015","April_19",2.56763114629796,11.1069389364053,6.83728504135161
"NAGSHEAD","2015","April_20",1.02095391885514,16.7773318015403,8.89914286019771
"NAGSHEAD","2015","April_21",3.29773699142164,17.8049399503005,10.5513384708611
"NAGSHEAD","2015","April_22",2.81181235378041,17.2662931620975,10.039052757939
"NAGSHEAD","2015","April_23",3.07310629304409,16.8596234694023,9.96636488122319
"NAGSHEAD","2015","April_24",3.45458676945674,15.4252591065692,9.43992293801297
"NAGSHEAD","2015","April_25",9.13732331422264,16.0916886209647,12.6145059675937
"NAGSHEAD","2015","April_26",4.78635369993552,13.0667783048288,8.92656600238214
"NAGSHEAD","2015","April_27",-0.877500863896471,11.3365207812367,5.22950995867009
"NAGSHEAD","2015","April_28",1.05914387394728,12.1906829120027,6.62491339297498
"NAGSHEAD","2015","April_29",4.97472547810797,12.7703240365438,8.87252475732587
"NAGSHEAD","2015","April_30",4.19788582091177,13.1858395897139,8.69186270531284
"NAGSHEAD","2015","May_01",3.65263509512517,12.0218897601976,7.8372624276614
"NAGSHEAD","2015","May_02",5.2681419570483,13.421622349035,9.34488215304164
"NAGSHEAD","2015","May_03",6.30494459461327,16.8437470775925,11.5743458361029
"NAGSHEAD","2015","May_04",7.68689298566556,15.4477240604385,11.567308523052
"NAGSHEAD","2015","May_05",9.47695658807513,13.6635398187386,11.5702482034069
"NAGSHEAD","2015","May_06",6.75706755419341,12.3687503258488,9.5629089400211
"NAGSHEAD","2015","May_07",6.14918765490439,14.8116851189049,10.4804363869046
"NAGSHEAD","2015","May_08",4.7965638409539,14.1683134337937,9.48243863737381
"NAGSHEAD","2015","May_09",8.56460352905524,15.0775492861904,11.8210764076228
"NAGSHEAD","2015","May_10",6.98443851286408,15.9665205623937,11.4754795376289
"NAGSHEAD","2015","May_11",10.5154082894059,17.9619140156228,14.2386611525143
"NAGSHEAD","2015","May_12",7.85700778066671,15.5976952468029,11.7273515137348
"NAGSHEAD","2015","May_13",2.82542436029645,17.338968043594,10.0821962019452
"NAGSHEAD","2015","May_14",7.30406388042154,10.6462280710299,8.9751459757257
"NAGSHEAD","2015","May_15",5.2766228733523,15.0826349200658,10.179628896709
"NAGSHEAD","2015","May_16",9.53374610419336,15.3112622878371,12.4225041960152
"NAGSHEAD","2015","May_17",4.64030862782715,14.0750574356253,9.35768303172624
"NAGSHEAD","2015","May_18",6.95041902733565,13.3279784765726,10.1391987519541
"NAGSHEAD","2015","May_19",5.82183707675557,13.0966864405253,9.45926175864043
"NAGSHEAD","2015","May_20",3.29875032870607,14.6734479308529,8.9860991297795
"NAGSHEAD","2015","May_21",4.87576728117248,17.9116219064469,11.3936945938097
"NAGSHEAD","2015","May_22",8.19445102382019,19.287919871892,13.7411854478561
"NAGSHEAD","2015","May_23",9.8003776727577,19.5110423727081,14.6557100227329
"NAGSHEAD","2015","May_24",8.66952753255894,18.5821775541463,13.6258525433526
"NAGSHEAD","2015","May_25",5.58143855985358,15.7792517157633,10.6803451378084
"NAGSHEAD","2015","May_26",7.9403521193128,17.9737750723318,12.9570635958223
"NAGSHEAD","2015","May_27",4.00295906729554,17.6103162553982,10.8066376613469
"NAGSHEAD","2015","May_28",7.70896827243274,15.6275914903173,11.668279881375
"NAGSHEAD","2015","May_29",7.58174733253064,13.8070943784506,10.6944208554906
"NAGSHEAD","2015","May_30",5.05958235522109,15.528924272154,10.2942533136875
"NAGSHEAD","2015","May_31",10.397945801826,13.6817204646524,12.0398331332392
"NAGSHEAD","2015","June_01",6.11886361122069,13.9681331685168,10.0434983898688
"NAGSHEAD","2015","June_02",9.21361195277077,16.4198468801843,12.8167294164776
"NAGSHEAD","2015","June_03",9.28557813380613,17.1993451296589,13.2424616317325
"NAGSHEAD","2015","June_04",4.31408294862712,20.3302559104845,12.3221694295558
"NAGSHEAD","2015","June_05",11.4793159724336,20.0909416344267,15.7851288034301
"NAGSHEAD","2015","June_06",6.58825339949933,16.4643573543228,11.5263053769111
"NAGSHEAD","2015","June_07",4.85984978163324,18.2401950638709,11.5500224227521
"NAGSHEAD","2015","June_08",4.88357965394958,17.5718636123223,11.227721633136
"NAGSHEAD","2015","June_09",4.75321959805645,15.0526727825545,9.90294619030549
"NAGSHEAD","2015","June_10",4.00616528644607,16.4811871544624,10.2436762204542
"NAGSHEAD","2015","June_11",6.84232249295165,23.3556399138459,15.0989812033988
"NAGSHEAD","2015","June_12",11.7534465195924,19.5024079588128,15.6279272392026
"NAGSHEAD","2015","June_13",12.7690102502566,15.9129902447328,14.3410002474947
"NAGSHEAD","2015","June_14",10.5309144439705,17.234273996038,13.8825942200042
"NAGSHEAD","2015","June_15",8.67301125091794,19.9004283291986,14.2867197900583
"NAGSHEAD","2015","June_16",10.2524787641404,21.317656967984,15.7850678660622
"NAGSHEAD","2015","June_17",10.9005067523126,20.9646310904694,15.932568921391
"NAGSHEAD","2015","June_18",10.966673596211,19.418679861881,15.192676729046
"NAGSHEAD","2015","June_19",7.0781380960212,20.0073871488004,13.5427626224108
"NAGSHEAD","2015","June_20",11.9646307317522,21.1662788377466,16.5654547847494
"NAGSHEAD","2015","June_21",11.9638411532565,17.9036575840786,14.9337493686675
"NAGSHEAD","2015","June_22",10.5236008080137,17.0658149814395,13.7947078947266
"NAGSHEAD","2015","June_23",8.69168738623789,21.1072058563191,14.8994466212785
"NAGSHEAD","2015","June_24",10.1296940423408,21.0175026138768,15.5735983281088
"NAGSHEAD","2015","June_25",10.0039819168523,22.8053867412822,16.4046843290673
"NAGSHEAD","2015","June_26",12.6483057789437,20.492890523224,16.5705981510839
"NAGSHEAD","2015","June_27",10.8385052989449,21.6993776613582,16.2689414801516
"NAGSHEAD","2015","June_28",13.3367262798658,19.9139614364087,16.6253438581373
"NAGSHEAD","2015","June_29",10.8046651319962,23.0218357220729,16.9132504270345
"NAGSHEAD","2015","June_30",11.7852583273694,28.260846020411,20.0230521738902
"NAGSHEAD","2016","April_01",0.0122494328748301,10.9301487123788,5.4711990726268
"NAGSHEAD","2016","April_02",6.55656612055059,13.7419451195228,10.1492556200367
"NAGSHEAD","2016","April_03",5.21988824953484,13.4276294422013,9.32375884586809
"NAGSHEAD","2016","April_04",6.83951311411688,12.5234117191011,9.68146241660897
"NAGSHEAD","2016","April_05",3.92719580120183,13.5665028944511,8.74684934782648
"NAGSHEAD","2016","April_06",4.90388735627638,11.046781752225,7.97533455425067
"NAGSHEAD","2016","April_07",4.31019852284238,11.0688370563952,7.68951778961879
"NAGSHEAD","2016","April_08",4.84728811177384,12.21815679989,8.53272245583193
"NAGSHEAD","2016","April_09",2.1853400652239,9.49329291380677,5.83931648951534
"NAGSHEAD","2016","April_10",-0.520806354125976,11.7993519601887,5.63927280303139
"NAGSHEAD","2016","April_11",6.02659319678263,11.2095649092498,8.61807905301619
"NAGSHEAD","2016","April_12",2.34045684136397,14.69871533088,8.51958608612198
"NAGSHEAD","2016","April_13",1.57640072345933,15.5434847640383,8.5599427437488
"NAGSHEAD","2016","April_14",6.56813510590651,15.0294833738842,10.7988092398954
"NAGSHEAD","2016","April_15",7.0484596539345,10.3443876879599,8.69642367094718
"NAGSHEAD","2016","April_16",1.74886863337176,9.95323436833813,5.85105150085495
"NAGSHEAD","2016","April_17",-1.05926784101294,12.0044341834662,5.47258317122662
"NAGSHEAD","2016","April_18",1.1350325603133,12.3629970531563,6.74901480673481
"NAGSHEAD","2016","April_19",6.36964478018791,14.1930833518735,10.2813640660307
"NAGSHEAD","2016","April_20",2.34100387126897,15.8223751174422,9.08168949435557
"NAGSHEAD","2016","April_21",3.58647115727002,14.8323044916201,9.20938782444505
"NAGSHEAD","2016","April_22",6.67642229103482,9.62002620237453,8.14822424670468
"NAGSHEAD","2016","April_23",1.30441613915699,11.6075060160958,6.45596107762641
"NAGSHEAD","2016","April_24",2.57504561445725,11.8350077817672,7.20502669811223
"NAGSHEAD","2016","April_25",5.19562637478692,12.1942592640765,8.69494281943171
"NAGSHEAD","2016","April_26",1.16833832581937,10.1790927039675,5.67371551489346
"NAGSHEAD","2016","April_27",-0.260086528501877,9.26746937270337,4.50369142210074
"NAGSHEAD","2016","April_28",-1.9307792471634,10.5976317630459,4.33342625794126
"NAGSHEAD","2016","April_29",2.32481634783931,10.4368670333004,6.38084169056986
"NAGSHEAD","2016","April_30",-0.590003195956108,12.1785789880403,5.7942878960421
"NAGSHEAD","2016","May_01",-0.0363116358407784,13.4090927712548,6.68639056770699
"NAGSHEAD","2016","May_02",9.32972329811665,14.6887229427752,12.0092231204459
"NAGSHEAD","2016","May_03",2.40843841709633,14.0154570187716,8.21194771793398
"NAGSHEAD","2016","May_04",1.07107210325518,16.4506393714793,8.76085573736724
"NAGSHEAD","2016","May_05",2.29073375181416,19.475808413877,10.8832710828456
"NAGSHEAD","2016","May_06",4.62615447445486,20.562395300253,12.5942748873539
"NAGSHEAD","2016","May_07",10.0524488283691,21.2975137727277,15.6749813005484
"NAGSHEAD","2016","May_08",11.7000649296316,24.8630496227362,18.2815572761839
"NAGSHEAD","2016","May_09",13.295793378455,21.3916432357874,17.3437183071212
"NAGSHEAD","2016","May_10",13.6857999263336,16.3723821353608,15.0290910308472
"NAGSHEAD","2016","May_11",12.9970061979563,17.3687360759482,15.1828711369522
"NAGSHEAD","2016","May_12",12.302161159936,22.0007286028916,17.1514448814138
"NAGSHEAD","2016","May_13",9.75148347014224,17.5991672227,13.6753253464211
"NAGSHEAD","2016","May_14",6.43960579638752,15.0017197248081,10.7206627605978
"NAGSHEAD","2016","May_15",3.0910301124985,16.6478557907308,9.86944295161464
"NAGSHEAD","2016","May_16",3.62844585815672,17.8588994355544,10.7436726468556
"NAGSHEAD","2016","May_17",5.32377209662681,16.5390776996291,10.931424898128
"NAGSHEAD","2016","May_18",8.96797340917569,16.0700080152626,12.5189907122192
"NAGSHEAD","2016","May_19",6.82573850840606,16.1238107928724,11.4747746506392
"NAGSHEAD","2016","May_20",11.0852719913376,16.9323908340273,14.0088314126825
"NAGSHEAD","2016","May_21",11.4424511930006,15.4422899067444,13.4423705498725
"NAGSHEAD","2016","May_22",7.07321599570076,15.8819686658664,11.4775923307836
"NAGSHEAD","2016","May_23",4.89577715607199,16.9316831769707,10.9137301665213
"NAGSHEAD","2016","May_24",5.45783601928147,17.2316580189666,11.344747019124
"NAGSHEAD","2016","May_25",5.93370052307231,12.3001997348208,9.11695012894653
"NAGSHEAD","2016","May_26",7.81483617614331,17.5699844884032,12.6924103322733
"NAGSHEAD","2016","May_27",8.299383808996,19.3883607716282,13.8438722903121
"NAGSHEAD","2016","May_28",10.2282190876327,19.9152776585776,15.0717483731052
"NAGSHEAD","2016","May_29",8.18254297664084,19.5066344704591,13.84458872355
"NAGSHEAD","2016","May_30",8.74208207479117,19.4413934264052,14.0917377505982
"NAGSHEAD","2016","May_31",10.123032901566,19.2382382638487,14.6806355827073
"NAGSHEAD","2016","June_01",12.3529983549698,14.9329891915062,13.642993773238
"NAGSHEAD","2016","June_02",8.96498259147578,17.5166662084486,13.2408243999622
"NAGSHEAD","2016","June_03",5.64508986765796,18.9661893273008,12.3056395974794
"NAGSHEAD","2016","June_04",10.6384357578687,20.366114526633,15.5022751422509
"NAGSHEAD","2016","June_05",12.5124591417284,23.1302483139912,17.8213537278598
"NAGSHEAD","2016","June_06",12.1187142592195,24.845504975427,18.4821096173233
"NAGSHEAD","2016","June_07",12.4171867101177,23.0393487218061,17.7282677159619
"NAGSHEAD","2016","June_08",13.0108664194106,24.6077172550856,18.8092918372481
"NAGSHEAD","2016","June_09",12.1612598403814,22.9678977846812,17.5645788125313
"NAGSHEAD","2016","June_10",13.8434948111413,21.9200132645427,17.881754037842
"NAGSHEAD","2016","June_11",13.7341362445429,19.5482573379416,16.6411967912423
"NAGSHEAD","2016","June_12",12.816377120122,20.5687651651344,16.6925711426282
"NAGSHEAD","2016","June_13",12.6543781873366,18.1930763654663,15.4237272764015
"NAGSHEAD","2016","June_14",11.863244716514,17.0327872558238,14.4480159861689
"NAGSHEAD","2016","June_15",11.4946093767908,17.8705756818113,14.682592529301
"NAGSHEAD","2016","June_16",12.0963480083963,18.624199474105,15.3602737412507
"NAGSHEAD","2016","June_17",11.9506253087549,19.4457840494061,15.6982046790805
"NAGSHEAD","2016","June_18",9.85220142515195,18.8967223811916,14.3744619031718
"NAGSHEAD","2016","June_19",8.86759882984358,17.1075455819792,12.9875722059114
"NAGSHEAD","2016","June_20",14.5426877490306,20.1022888563536,17.3224883026921
"NAGSHEAD","2016","June_21",10.791620040344,19.1521713149316,14.9718956776378
"NAGSHEAD","2016","June_22",12.778927597645,20.1380914373302,16.4585095174876
"NAGSHEAD","2016","June_23",13.5762674042601,20.640302844843,17.1082851245515
"NAGSHEAD","2016","June_24",10.8478657703545,18.8491412018904,14.8485034861224
"NAGSHEAD","2016","June_25",10.0405996939894,19.2290167981038,14.6348082460466
"NAGSHEAD","2016","June_26",10.3699386729316,17.0481786969236,13.7090586849276
"NAGSHEAD","2016","June_27",13.2408447567669,18.9617709876904,16.1013078722287
"NAGSHEAD","2016","June_28",8.32270299183512,17.2316408389937,12.7771719154144
"NAGSHEAD","2016","June_29",9.40763617904708,16.5310308255004,12.9693335022738
"NAGSHEAD","2016","June_30",10.2899800216683,17.8402629249231,14.0651214732957
"NAGSHEAD","2017","April_01",7.1054887822177,14.6596350966229,10.8825619394203
"NAGSHEAD","2017","April_02",3.96374499329794,14.7311717833751,9.34745838833654
"NAGSHEAD","2017","April_03",1.8277115024946,14.7924154277949,8.31006346514476
"NAGSHEAD","2017","April_04",8.23131628033592,14.009030846775,11.1201735635555
"NAGSHEAD","2017","April_05",1.13914767238004,13.9503067628932,7.54472721763662
"NAGSHEAD","2017","April_06",2.16374589419595,15.0726090977461,8.61817749597101
"NAGSHEAD","2017","April_07",1.93781223276715,15.831460581252,8.88463640700958
"NAGSHEAD","2017","April_08",1.58250357117215,19.352026444646,10.4672650079091
"NAGSHEAD","2017","April_09",5.26774661407336,20.8731837224285,13.0704651682509
"NAGSHEAD","2017","April_10",5.70609307885736,13.5301347391819,9.61811390901963
"NAGSHEAD","2017","April_11",2.66393627465964,14.3964129336404,8.53017460415003
"NAGSHEAD","2017","April_12",5.47790681403369,14.6469120993631,10.0624094566984
"NAGSHEAD","2017","April_13",3.00091605398187,11.6960571622215,7.34848660810168
"NAGSHEAD","2017","April_14",3.39097523335564,13.6530002252743,8.52198772931499
"NAGSHEAD","2017","April_15",6.98559852722566,13.0847540262791,10.0351762767524
"NAGSHEAD","2017","April_16",4.8065731153344,12.960005524262,8.88328931979822
"NAGSHEAD","2017","April_17",6.87106464698866,12.5495931037147,9.7103288753517
"NAGSHEAD","2017","April_18",2.44645887831677,12.1027145025873,7.27458669045201
"NAGSHEAD","2017","April_19",2.32907096146958,13.5383510331773,7.93371099732343
"NAGSHEAD","2017","April_20",5.87955987413017,14.1988215889963,10.0391907315632
"NAGSHEAD","2017","April_21",4.99343170291358,14.0283616757376,9.51089668932558
"NAGSHEAD","2017","April_22",8.54267562926104,15.8628780725387,12.2027768508999
"NAGSHEAD","2017","April_23",2.78006555484911,15.4549174461809,9.11749150051501
"NAGSHEAD","2017","April_24",2.95459472093743,12.7603699058826,7.85748231341001
"NAGSHEAD","2017","April_25",-0.289130148903105,10.5812139696912,5.14604191039404
"NAGSHEAD","2017","April_26",-0.11649001684342,10.6803927346262,5.28195135889141
"NAGSHEAD","2017","April_27",-1.69825778628015,11.4412896599273,4.8715159368236
"NAGSHEAD","2017","April_28",3.58300828900699,13.0725369813429,8.32777263517496
"NAGSHEAD","2017","April_29",3.73287545572326,13.2258066702266,8.47934106297494
"NAGSHEAD","2017","April_30",8.83295573046165,15.1701921722152,12.0015739513384
"NAGSHEAD","2017","May_01",7.82758403023516,15.1378685117945,11.4827262710148
"NAGSHEAD","2017","May_02",4.7064970718042,17.7255543081016,11.2160256899529
"NAGSHEAD","2017","May_03",5.17139361432143,14.1462938045586,9.65884370944003
"NAGSHEAD","2017","May_04",8.25626692073931,16.3020237018759,12.2791453113076
"NAGSHEAD","2017","May_05",6.26694683334848,16.348190748695,11.3075687910218
"NAGSHEAD","2017","May_06",8.01994037415839,14.3759327651874,11.1979365696729
"NAGSHEAD","2017","May_07",7.25454623414842,18.7776285232075,13.016087378678
"NAGSHEAD","2017","May_08",4.21124184884717,14.9242000183978,9.56772093362247
"NAGSHEAD","2017","May_09",5.42144263877717,13.8255600624942,9.62350135063567
"NAGSHEAD","2017","May_10",0.595688485549969,17.7132541726039,9.15447132907694
"NAGSHEAD","2017","May_11",4.72236993647141,20.1212537847537,12.4218118606126
"NAGSHEAD","2017","May_12",10.7739804386683,16.5183562794871,13.6461683590777
"NAGSHEAD","2017","May_13",10.1071808560472,17.0245905556839,13.5658857058656
"NAGSHEAD","2017","May_14",8.53609306119232,17.4415667437731,12.9888299024827
"NAGSHEAD","2017","May_15",8.66421021394068,16.2366835181756,12.4504468660582
"NAGSHEAD","2017","May_16",13.3103390360962,16.5147338246317,14.9125364303639
"NAGSHEAD","2017","May_17",11.784906806158,13.2841833595552,12.5345450828566
"NAGSHEAD","2017","May_18",4.18435052725831,16.2011917533312,10.1927711402948
"NAGSHEAD","2017","May_19",7.09461142862283,16.5534795689946,11.8240454988087
"NAGSHEAD","2017","May_20",4.54190044919811,14.8344131388589,9.6881567940285
"NAGSHEAD","2017","May_21",6.44573777288993,18.2202006734069,12.3329692231484
"NAGSHEAD","2017","May_22",9.26998780453284,22.5633590264813,15.9166734155071
"NAGSHEAD","2017","May_23",10.4288693354049,20.6464248649998,15.5376471002024
"NAGSHEAD","2017","May_24",10.643656749884,24.6044642998543,17.6240605248691
"NAGSHEAD","2017","May_25",10.9337154006181,25.4550012788359,18.194358339727
"NAGSHEAD","2017","May_26",11.8360844815911,26.072076351278,18.9540804164346
"NAGSHEAD","2017","May_27",14.0940827740508,19.3382330684444,16.7161579212476
"NAGSHEAD","2017","May_28",11.3962180844772,21.9757986150388,16.686008349758
"NAGSHEAD","2017","May_29",14.2610902304066,19.0489780251455,16.6550341277761
"NAGSHEAD","2017","May_30",12.0732034859422,18.4507656905799,15.261984588261
"NAGSHEAD","2017","May_31",11.367421848942,20.5888745799284,15.9781482144352
"NAGSHEAD","2017","June_01",10.8857141915727,22.724441943179,16.8050780673758
"NAGSHEAD","2017","June_02",11.2232717461692,19.1639948988455,15.1936333225074
"NAGSHEAD","2017","June_03",8.02413952158099,18.0459749416325,13.0350572316068
"NAGSHEAD","2017","June_04",7.12754239652046,17.2877119236236,12.2076271600721
"NAGSHEAD","2017","June_05",8.20972642840134,14.8188638519936,11.5142951401975
"NAGSHEAD","2017","June_06",9.43975942694561,15.46316183916,12.4514606330528
"NAGSHEAD","2017","June_07",9.66111546566269,17.4644896725894,13.5628025691261
"NAGSHEAD","2017","June_08",11.9298390932428,17.5997210723021,14.7647800827725
"NAGSHEAD","2017","June_09",10.0163598872337,18.4299439832141,14.2231519352239
"NAGSHEAD","2017","June_10",12.3410512885569,19.3976951645516,15.8693732265542
"NAGSHEAD","2017","June_11",12.5483468140935,18.6833908325227,15.6158688233081
"NAGSHEAD","2017","June_12",11.9302202473922,17.8035107491327,14.8668654982624
"NAGSHEAD","2017","June_13",9.70751808628901,20.6691427697693,15.1883304280292
"NAGSHEAD","2017","June_14",9.27588033863548,24.3066419523138,16.7912611454747
"NAGSHEAD","2017","June_15",10.7997531596559,19.6215312624823,15.2106422110691
"NAGSHEAD","2017","June_16",10.5475493018106,21.5801338069581,16.0638415543843
"NAGSHEAD","2017","June_17",11.6223200424648,26.5483486341677,19.0853343383163
"NAGSHEAD","2017","June_18",12.7069101940158,28.5643614192966,20.6356358066562
"NAGSHEAD","2017","June_19",14.8833694704604,30.1181099086593,22.5007396895598
"NAGSHEAD","2017","June_20",16.625340199943,28.9502351647176,22.7877876823303
"NAGSHEAD","2017","June_21",15.5960441003585,30.6953947586617,23.1457194295101
"NAGSHEAD","2017","June_22",15.2942467468604,20.9667899157692,18.1305183313148
"NAGSHEAD","2017","June_23",12.0709850931391,19.0222517340333,15.5466184135862
"NAGSHEAD","2017","June_24",14.9658758028234,20.7410929399038,17.8534843713636
"NAGSHEAD","2017","June_25",13.17584253119,19.9410174984283,16.5584300148092
"NAGSHEAD","2017","June_26",9.38961708234346,20.9131408893454,15.1513789858444
"NAGSHEAD","2017","June_27",13.9546665010977,20.226759564762,17.0907130329299
"NAGSHEAD","2017","June_28",13.398854788408,15.1083949181446,14.2536248532763
"NAGSHEAD","2017","June_29",10.2798059541792,15.8660766653526,13.0729413097659
"NAGSHEAD","2017","June_30",11.153366364028,17.9579299567861,14.555648160407
"NAGSHEAD","2018","April_01",0.904112269827459,7.78783636939272,4.34597431961009
"NAGSHEAD","2018","April_02",1.2024191154145,12.2579087215545,6.73016391848448
"NAGSHEAD","2018","April_03",7.04445689626156,13.6268975470335,10.3356772216475
"NAGSHEAD","2018","April_04",6.40254791510982,12.2341962149512,9.31837206503051
"NAGSHEAD","2018","April_05",0.92583647358935,10.5004815258793,5.71315899973431
"NAGSHEAD","2018","April_06",3.9424285828241,14.5796833500674,9.26105596644573
"NAGSHEAD","2018","April_07",5.89951068936101,12.6021068707559,9.25080878005845
"NAGSHEAD","2018","April_08",6.18380503379783,10.9326960754568,8.55825055462733
"NAGSHEAD","2018","April_09",4.874772744324,10.6184453099911,7.74660902715753
"NAGSHEAD","2018","April_10",7.65532313569688,9.99226014593705,8.82379164081696
"NAGSHEAD","2018","April_11",7.51894493129118,8.12444481220656,7.82169487174887
"NAGSHEAD","2018","April_12",5.71310426484429,7.76092592425766,6.73701509455097
"NAGSHEAD","2018","April_13",5.67519208223953,11.5582058151898,8.61669894871467
"NAGSHEAD","2018","April_14",6.48327820047058,16.4094903134642,11.4463842569674
"NAGSHEAD","2018","April_15",7.72936588053896,12.2802553769181,10.0048106287285
"NAGSHEAD","2018","April_16",6.90985515766335,13.9129289885909,10.4113920731271
"NAGSHEAD","2018","April_17",9.49076859493188,14.8941197979146,12.1924441964232
"NAGSHEAD","2018","April_18",11.7656133673284,21.8640436058455,16.814828486587
"NAGSHEAD","2018","April_19",8.80141341521897,23.5130934023635,16.1572534087912
"NAGSHEAD","2018","April_20",7.91514891068586,20.4456244893378,14.1803867000118
"NAGSHEAD","2018","April_21",7.22481804796303,22.276213717543,14.750515882753
"NAGSHEAD","2018","April_22",11.5102222924844,16.7869767972051,14.1485995448447
"NAGSHEAD","2018","April_23",7.08804015429838,13.5862018307717,10.3371209925351
"NAGSHEAD","2018","April_24",8.94397618362538,13.2278389062618,11.0859075449436
"NAGSHEAD","2018","April_25",5.93644423225348,12.9784731669008,9.45745869957714
"NAGSHEAD","2018","April_26",5.40937574076146,13.4394761442945,9.42442594252796
"NAGSHEAD","2018","April_27",5.48779057716943,8.82527119447092,7.15653088582017
"NAGSHEAD","2018","April_28",5.43102464425483,9.44090116434997,7.4359629043024
"NAGSHEAD","2018","April_29",4.62593196707023,9.0971354038358,6.86153368545301
"NAGSHEAD","2018","April_30",3.04826559388635,11.5867403533228,7.31750297360457
"NAGSHEAD","2018","May_01",0.0139995565456599,13.5521932231526,6.78309638984914
"NAGSHEAD","2018","May_02",7.38378278152488,13.0618708389319,10.2228268102284
"NAGSHEAD","2018","May_03",3.82829745480975,15.0684459796076,9.44837171720868
"NAGSHEAD","2018","May_04",8.93988371332842,16.1069420885313,12.5234129009299
"NAGSHEAD","2018","May_05",5.54926750500224,21.6742425052606,13.6117550051314
"NAGSHEAD","2018","May_06",7.02942895214301,23.5945946615679,15.3120118068554
"NAGSHEAD","2018","May_07",7.95265640319231,25.9417490880573,16.9472027456248
"NAGSHEAD","2018","May_08",9.0977937536627,17.8526101828259,13.4752019682443
"NAGSHEAD","2018","May_09",5.09825654956665,15.5335973344507,10.3159269420087
"NAGSHEAD","2018","May_10",5.07031260204228,15.2815781563357,10.175945379189
"NAGSHEAD","2018","May_11",4.03043104400924,14.6930086559572,9.3617198499832
"NAGSHEAD","2018","May_12",3.04412992232418,13.6592385356538,8.35168422898897
"NAGSHEAD","2018","May_13",4.00685416627723,17.4109678898494,10.7089110280633
"NAGSHEAD","2018","May_14",3.63645247433852,19.61736654136,11.6269095078493
"NAGSHEAD","2018","May_15",6.29843676347567,21.5644655493109,13.9314511563933
"NAGSHEAD","2018","May_16",10.7869056539136,14.8411528017098,12.8140292278117
"NAGSHEAD","2018","May_17",4.27536114250298,16.8686388319513,10.5719999872271
"NAGSHEAD","2018","May_18",3.34156371108923,18.0614493373229,10.7015065242061
"NAGSHEAD","2018","May_19",4.54921045119678,20.7767672892102,12.6629888702035
"NAGSHEAD","2018","May_20",5.55597645352241,22.0335214181348,13.7947489358286
"NAGSHEAD","2018","May_21",6.44941925296414,22.8993299802145,14.6743746165893
"NAGSHEAD","2018","May_22",10.2588356599913,21.8326376013035,16.0457366306474
"NAGSHEAD","2018","May_23",8.749087360769,20.8886443621149,14.8188658614419
"NAGSHEAD","2018","May_24",9.21612525054434,15.1454028697021,12.1807640601232
"NAGSHEAD","2018","May_25",10.3361076459542,14.5324741885116,12.4342909172329
"NAGSHEAD","2018","May_26",11.5646168837246,22.2738438458156,16.9192303647701
"NAGSHEAD","2018","May_27",12.4490428162215,22.6109784105855,17.5300106134035
"NAGSHEAD","2018","May_28",13.1228820555454,20.8471867148762,16.9850343852108
"NAGSHEAD","2018","May_29",13.503139670547,19.4485058277536,16.4758227491503
"NAGSHEAD","2018","May_30",13.4303986542932,18.0672747185081,15.7488366864006
"NAGSHEAD","2018","May_31",13.7204153777201,22.0336272802072,17.8770213289637
"NAGSHEAD","2018","June_01",15.2757448786704,22.3376598386515,18.806702358661
"NAGSHEAD","2018","June_02",14.3089825537158,22.1650923965553,18.2370374751356
"NAGSHEAD","2018","June_03",10.961292987686,24.4261268625201,17.6937099251031
"NAGSHEAD","2018","June_04",13.6251764187153,20.9612370829421,17.2932067508287
"NAGSHEAD","2018","June_05",11.3103715098523,17.0585429099134,14.1844572098829
"NAGSHEAD","2018","June_06",7.78088710748704,20.9996402633924,14.3902636854397
"NAGSHEAD","2018","June_07",9.98916681962207,18.2748890691738,14.1320279443979
"NAGSHEAD","2018","June_08",12.5418550063547,18.2540113772938,15.3979331918243
"NAGSHEAD","2018","June_09",12.4218711503205,20.7182265353852,16.5700488428529
"NAGSHEAD","2018","June_10",10.2708198918677,22.0320999539212,16.1514599228944
"NAGSHEAD","2018","June_11",10.5323457279858,24.2439806750377,17.3881632015118
"NAGSHEAD","2018","June_12",10.3380044501387,19.687058939027,15.0125316945828
"NAGSHEAD","2018","June_13",9.47712744147801,20.7748608952798,15.1259941683789
"NAGSHEAD","2018","June_14",13.3796809151592,19.8041533268159,16.5919171209875
"NAGSHEAD","2018","June_15",8.42743626758218,18.5088160129071,13.4681261402446
"NAGSHEAD","2018","June_16",10.9955372264159,18.8179701302722,14.906753678344
"NAGSHEAD","2018","June_17",11.8081468385817,17.2695280879643,14.538837463273
"NAGSHEAD","2018","June_18",12.9271459089053,19.7358592374336,16.3315025731695
"NAGSHEAD","2018","June_19",14.6416577217452,21.7783017161542,18.2099797189497
"NAGSHEAD","2018","June_20",14.8131178734446,20.5508886422005,17.6820032578225
"NAGSHEAD","2018","June_21",8.04102490633672,18.3221001882944,13.1815625473156
"NAGSHEAD","2018","June_22",5.55544158630156,20.9215772750914,13.2385094306965
"NAGSHEAD","2018","June_23",6.83126819350914,23.1875909644532,15.0094295789812
"NAGSHEAD","2018","June_24",8.81581533695251,24.2704589785853,16.5431371577689
"NAGSHEAD","2018","June_25",9.05248981727764,27.7417726075731,18.3971312124253
"NAGSHEAD","2018","June_26",11.2464382008554,28.6911006506539,19.9687694257546
"NAGSHEAD","2018","June_27",11.3794273534837,26.8565189467536,19.1179731501186
"NAGSHEAD","2018","June_28",10.6885498977577,26.6636916672239,18.6761207824908
"NAGSHEAD","2018","June_29",12.0526368863375,26.7878565054593,19.4202466958984
"NAGSHEAD","2018","June_30",11.2187163469854,27.3760776704832,19.2973970087343
"NAGSHEAD","2019","April_01",2.61132428386575,14.4138472788132,8.51258578133949
"NAGSHEAD","2019","April_02",3.72420685742253,9.69476620178311,6.70948652960282
"NAGSHEAD","2019","April_03",-1.92054606942916,7.13716126311825,2.60830759684455
"NAGSHEAD","2019","April_04",1.10998552058033,8.35519040410487,4.7325879623426
"NAGSHEAD","2019","April_05",2.55416767851919,10.1970048323205,6.37558625541985
"NAGSHEAD","2019","April_06",4.66868062567006,12.3240631455178,8.49637188559394
"NAGSHEAD","2019","April_07",5.82042527647523,13.0861820930771,9.45330368477615
"NAGSHEAD","2019","April_08",7.07262368824464,10.7098519285261,8.89123780838537
"NAGSHEAD","2019","April_09",6.67503151936509,10.1206247600979,8.39782813973147
"NAGSHEAD","2019","April_10",3.12745428891066,11.7955712883838,7.46151278864724
"NAGSHEAD","2019","April_11",-1.57461134879296,11.2161589649294,4.8207738080682
"NAGSHEAD","2019","April_12",0.103758975397795,10.3922550977076,5.24800703655271
"NAGSHEAD","2019","April_13",1.64515840164652,10.5085345297806,6.07684646571357
"NAGSHEAD","2019","April_14",-0.419913228731052,8.89925744624698,4.23967210875796
"NAGSHEAD","2019","April_15",3.79515923174704,13.6652914174864,8.73022532461671
"NAGSHEAD","2019","April_16",6.04228317919681,12.2401682320007,9.14122570559877
"NAGSHEAD","2019","April_17",3.50908425108713,16.5741076725842,10.0415959618357
"NAGSHEAD","2019","April_18",6.7817884922039,19.476149636267,13.1289690642354
"NAGSHEAD","2019","April_19",6.48112075538009,22.1452183290269,14.3131695422035
"NAGSHEAD","2019","April_20",5.23030978931661,22.2212864764572,13.7257981328869
"NAGSHEAD","2019","April_21",4.71470553007366,22.5043542093093,13.6095298696915
"NAGSHEAD","2019","April_22",5.35252516119995,22.629784392656,13.991154776928
"NAGSHEAD","2019","April_23",10.1107931987458,20.5649011368712,15.3378471678085
"NAGSHEAD","2019","April_24",9.02483087141519,14.7055196021996,11.8651752368074
"NAGSHEAD","2019","April_25",6.9225871051085,13.8322892129979,10.3774381590532
"NAGSHEAD","2019","April_26",5.02991818157388,12.7616624844928,8.89579033303335
"NAGSHEAD","2019","April_27",5.79452155427693,11.40355819667,8.59903987547348
"NAGSHEAD","2019","April_28",6.26353554528755,14.4778065400532,10.3706710426704
"NAGSHEAD","2019","April_29",6.589893964801,15.5654154465229,11.0776547056619
"NAGSHEAD","2019","April_30",2.92760621618007,16.4469347771624,9.68727049667121
"NAGSHEAD","2019","May_01",7.38517630752253,15.0057534760303,11.1954648917764
"NAGSHEAD","2019","May_02",3.60167489363941,14.1005292110498,8.85110205234459
"NAGSHEAD","2019","May_03",4.12714507184645,13.662276633796,8.89471085282124
"NAGSHEAD","2019","May_04",2.74205585999081,11.8604759630569,7.30126591152384
"NAGSHEAD","2019","May_05",0.0922025903543534,12.4152977094339,6.25375014989413
"NAGSHEAD","2019","May_06",1.08443720419728,11.6600029398245,6.3722200720109
"NAGSHEAD","2019","May_07",3.5147445202854,14.7763243525435,9.14553443641447
"NAGSHEAD","2019","May_08",6.89581897031717,13.6215042820496,10.2586616261834
"NAGSHEAD","2019","May_09",7.62567288367794,11.9133865517478,9.76952971771288
"NAGSHEAD","2019","May_10",2.65962946513117,15.0080441750481,8.83383682008965
"NAGSHEAD","2019","May_11",4.13622759577217,15.93326401457,10.0347458051711
"NAGSHEAD","2019","May_12",1.30014161270748,17.0432438645649,9.17169273863617
"NAGSHEAD","2019","May_13",3.6740008209756,17.8854311697919,10.7797159953837
"NAGSHEAD","2019","May_14",4.2850022477473,19.1523037709575,11.7186530093524
"NAGSHEAD","2019","May_15",5.23721170581873,19.4398468236884,12.3385292647536
"NAGSHEAD","2019","May_16",5.53128825403971,17.9802903540292,11.7557893040344
"NAGSHEAD","2019","May_17",6.75247794526797,14.5118208583058,10.6321494017869
"NAGSHEAD","2019","May_18",9.04731487118288,16.0633110110632,12.555312941123
"NAGSHEAD","2019","May_19",7.00258771268145,16.9057116808831,11.9541496967823
"NAGSHEAD","2019","May_20",7.96830037038669,18.7561323251718,13.3622163477792
"NAGSHEAD","2019","May_21",5.30950660775849,19.2628736513325,12.2861901295455
"NAGSHEAD","2019","May_22",5.50219027344494,19.9558309523827,12.7290106129138
"NAGSHEAD","2019","May_23",5.60445280610822,20.6919701559195,13.1482114810139
"NAGSHEAD","2019","May_24",6.88619291401661,19.6128952401688,13.2495440770927
"NAGSHEAD","2019","May_25",9.51614915988924,21.1459595497172,15.3310543548032
"NAGSHEAD","2019","May_26",12.5724253638211,18.4974821741463,15.5349537689837
"NAGSHEAD","2019","May_27",8.10445111702274,17.2968795951582,12.7006653560905
"NAGSHEAD","2019","May_28",7.22489794706008,17.1707452660338,12.1978216065469
"NAGSHEAD","2019","May_29",5.1524386834222,16.7638082933937,10.9581234884079
"NAGSHEAD","2019","May_30",9.2590233855283,21.0310047856266,15.1450140855774
"NAGSHEAD","2019","May_31",13.1339658998864,19.4886589023652,16.3113124011258
"NAGSHEAD","2019","June_01",10.3551652581678,23.6699854990103,17.0125753785891
"NAGSHEAD","2019","June_02",13.7968095423353,18.4897129504635,16.1432612463994
"NAGSHEAD","2019","June_03",9.26674927488609,18.0602256129685,13.6634874439273
"NAGSHEAD","2019","June_04",9.37015666141822,16.7687482680297,13.069452464724
"NAGSHEAD","2019","June_05",9.47234434759278,16.8684146248954,13.1703794862441
"NAGSHEAD","2019","June_06",5.12395399769108,17.1646471803022,11.1443005889966
"NAGSHEAD","2019","June_07",7.74786961482723,16.0476925784428,11.897781096635
"NAGSHEAD","2019","June_08",9.5354099666148,15.7145818424329,12.6249959045239
"NAGSHEAD","2019","June_09",6.72194627763604,17.3834798601238,12.0527130688799
"NAGSHEAD","2019","June_10",5.04460563166719,15.7213130010656,10.3829593163664
"NAGSHEAD","2019","June_11",8.65604689521463,10.3459916386908,9.50101926695272
"NAGSHEAD","2019","June_12",8.27432078342416,13.5455072832866,10.9099140333554
"NAGSHEAD","2019","June_13",9.5281386892849,14.8913980213363,12.2097683553106
"NAGSHEAD","2019","June_14",9.94612344595553,16.0909037151575,13.0185135805565
"NAGSHEAD","2019","June_15",9.33896871699723,16.629887308317,12.9844280126571
"NAGSHEAD","2019","June_16",8.45741430605418,18.4380374686095,13.4477258873319
"NAGSHEAD","2019","June_17",12.5298666206355,18.553745738205,15.5418061794202
"NAGSHEAD","2019","June_18",10.1779197181203,16.8095495585308,13.4937346383256
"NAGSHEAD","2019","June_19",12.5764799648719,18.159424080111,15.3679520224914
"NAGSHEAD","2019","June_20",8.16202504136763,17.8697542020144,13.015889621691
"NAGSHEAD","2019","June_21",7.27280744672961,19.5305225943164,13.401665020523
"NAGSHEAD","2019","June_22",5.67951991978747,21.3439833733563,13.5117516465719
"NAGSHEAD","2019","June_23",11.2752965980022,20.6967299174481,15.9860132577252
"NAGSHEAD","2019","June_24",13.9111096604595,23.4269394181343,18.6690245392969
"NAGSHEAD","2019","June_25",15.2692387029276,18.8815240822739,17.0753813926008
"NAGSHEAD","2019","June_26",13.6600134468035,17.9607113938029,15.8103624203032
"NAGSHEAD","2019","June_27",11.2915190422018,22.8855529671187,17.0885360046603
"NAGSHEAD","2019","June_28",11.2442703473524,25.6442564981257,18.4442634227391
"NAGSHEAD","2019","June_29",14.754707698837,30.214439002004,22.4845733504205
"NAGSHEAD","2019","June_30",13.0368957974065,20.5847333957277,16.8108145965671
"NAGSHEAD","2021","April_01",7.65463636721926,11.5472519758211,9.60094417152017
"NAGSHEAD","2021","April_02",3.71195058437849,11.3271070709235,7.51952882765101
"NAGSHEAD","2021","April_03",2.14221342821273,10.291462327449,6.21683787783089
"NAGSHEAD","2021","April_04",-1.91074666880464,15.2663772591606,6.67781529517797
"NAGSHEAD","2021","April_05",4.44122725290084,7.35818343508423,5.89970534399253
"NAGSHEAD","2021","April_06",-1.85801104694169,7.4562010149665,2.79909498401241
"NAGSHEAD","2021","April_07",-2.74284616083749,7.71753522591261,2.48734453253756
"NAGSHEAD","2021","April_08",1.02019458240705,11.4835827471812,6.25188866479412
"NAGSHEAD","2021","April_09",3.88006940060379,10.4326917219039,7.15638056125384
"NAGSHEAD","2021","April_10",0.246155561735883,9.2954354763992,4.77079551906754
"NAGSHEAD","2021","April_11",-0.552402224981953,8.79407591872752,4.12083684687278
"NAGSHEAD","2021","April_12",-0.572991800623362,9.79245456851549,4.60973138394606
"NAGSHEAD","2021","April_13",-1.76743154680025,12.5230447728403,5.37780661302001
"NAGSHEAD","2021","April_14",1.65330990529578,12.6871948241217,7.17025236470872
"NAGSHEAD","2021","April_15",-1.39935027065699,11.4364615905581,5.01855565995055
"NAGSHEAD","2021","April_16",-2.15512533801212,10.8121707072675,4.32852268462769
"NAGSHEAD","2021","April_17",-2.29956698109241,13.117316898642,5.4088749587748
"NAGSHEAD","2021","April_18",-0.741303175358774,14.9414392006313,7.10006801263625
"NAGSHEAD","2021","April_19",-0.530897455191902,16.272510951411,7.87080674810955
"NAGSHEAD","2021","April_20",1.17271229288247,17.2890410377025,9.23087666529249
"NAGSHEAD","2021","April_21",6.30381664073823,14.2568810489624,10.2803488448503
"NAGSHEAD","2021","April_22",-0.257097701738855,15.0837815840784,7.41334194116978
"NAGSHEAD","2021","April_23",0.250881757646647,17.5970440585929,8.92396290811977
"NAGSHEAD","2021","April_24",1.21079319601978,17.199358509753,9.20507585288637
"NAGSHEAD","2021","April_25",2.53854863696445,14.3254974900785,8.43202306352148
"NAGSHEAD","2021","April_26",0.908247033644494,13.6320066973906,7.27012686551754
"NAGSHEAD","2021","April_27",1.34434162669116,13.0417298284121,7.19303572755162
"NAGSHEAD","2021","April_28",4.15163005589821,9.00552196771444,6.57857601180633
"NAGSHEAD","2021","April_29",0.444213153995774,11.2318308411704,5.83802199758306
"NAGSHEAD","2021","April_30",0.955977390872604,10.9169370440626,5.93645721746759
"NAGSHEAD","2021","May_01",-0.589313188512466,11.69148164092,5.55108422620375
"NAGSHEAD","2021","May_02",-1.09898623458371,13.8250461597638,6.36302996259006
"NAGSHEAD","2021","May_03",4.59651624304599,10.4130479079965,7.50478207552125
"NAGSHEAD","2021","May_04",5.99497166487566,11.8451251705783,8.92004841772699
"NAGSHEAD","2021","May_05",1.54437362173586,11.1681775318311,6.35627557678349
"NAGSHEAD","2021","May_06",1.71168932358722,12.3346527419413,7.02317103276425
"NAGSHEAD","2021","May_07",0.561035846376338,13.6075111398181,7.08427349309724
"NAGSHEAD","2021","May_08",5.73981169524299,13.7983411427293,9.76907641898616
"NAGSHEAD","2021","May_09",10.397445673912,16.7975724646547,13.5975090692834
"NAGSHEAD","2021","May_10",8.69694333269327,15.0749359995203,11.8859396661068
"NAGSHEAD","2021","May_11",5.93967556781827,14.9990897864372,10.4693826771277
"NAGSHEAD","2021","May_12",4.943213370366,15.1945099964747,10.0688616834204
"NAGSHEAD","2021","May_13",8.02365545249339,12.4116988998531,10.2176771761733
"NAGSHEAD","2021","May_14",7.29297452499364,14.0468337716921,10.6699041483429
"NAGSHEAD","2021","May_15",7.6279549418418,14.1425219323745,10.8852384371081
"NAGSHEAD","2021","May_16",6.55792776660901,14.7489257834045,10.6534267750067
"NAGSHEAD","2021","May_17",7.91989190244862,16.1832820298617,12.0515869661551
"NAGSHEAD","2021","May_18",5.57979755136811,14.5438103651282,10.0618039582482
"NAGSHEAD","2021","May_19",6.81485246851057,15.9479661108077,11.3814092896591
"NAGSHEAD","2021","May_20",6.19072740553477,13.0585040363442,9.6246157209395
"NAGSHEAD","2021","May_21",8.8001178885944,11.2659144511104,10.0330161698524
"NAGSHEAD","2021","May_22",7.96421758471673,13.5473145088044,10.7557660467606
"NAGSHEAD","2021","May_23",3.6460640386711,12.3267607861871,7.98641241242909
"NAGSHEAD","2021","May_24",4.76890046809061,12.6980381882018,8.7334693281462
"NAGSHEAD","2021","May_25",5.64076871335125,14.4084953336993,10.0246320235253
"NAGSHEAD","2021","May_26",4.74227845805841,16.7183845656544,10.7303315118564
"NAGSHEAD","2021","May_27",3.77504815316094,19.0300166940008,11.4025324235809
"NAGSHEAD","2021","May_28",9.09559883069606,17.346140921701,13.2208698761986
"NAGSHEAD","2021","May_29",11.6553937209276,19.9457535055116,15.8005736132196
"NAGSHEAD","2021","May_30",6.67991065128761,19.6757887012584,13.177849676273
"NAGSHEAD","2021","May_31",7.09377657483486,21.9479925946855,14.5208845847602
"NAGSHEAD","2021","June_01",9.33549804717087,24.4655890895777,16.9005435683743
"NAGSHEAD","2021","June_02",10.9612615050342,24.7908401340802,17.8760508195572
"NAGSHEAD","2021","June_03",13.436344478322,18.487072422294,15.961708450308
"NAGSHEAD","2021","June_04",7.25364024911203,19.8336615932458,13.5436509211789
"NAGSHEAD","2021","June_05",6.18865658991651,20.657329897193,13.4229932435547
"NAGSHEAD","2021","June_06",13.6253751930839,21.2527654574234,17.4390703252537
"NAGSHEAD","2021","June_07",11.4915805078844,19.7840463395916,15.637813423738
"NAGSHEAD","2021","June_08",6.70402046591869,21.4346107518689,14.0693156088938
"NAGSHEAD","2021","June_09",8.89226021420528,21.8085253287284,15.3503927714668
"NAGSHEAD","2021","June_10",14.4575647870441,21.9293791414587,18.1934719642514
"NAGSHEAD","2021","June_11",15.097211383322,20.1248676738733,17.6110395285977
"NAGSHEAD","2021","June_12",10.2609209211081,22.548226345544,16.4045736333261
"NAGSHEAD","2021","June_13",10.2023001683012,25.9469079433965,18.0746040558489
"NAGSHEAD","2021","June_14",13.3768764084878,23.6721860423,18.5245312253939
"NAGSHEAD","2021","June_15",8.22732120391838,23.3760857882488,15.8017034960836
"NAGSHEAD","2021","June_16",11.2620163469051,24.3191211272213,17.7905687370632
"NAGSHEAD","2021","June_17",13.6636973198834,20.3328483600438,16.9982728399636
"NAGSHEAD","2021","June_18",12.5563253953521,15.4414590486465,13.9988922219993
"NAGSHEAD","2021","June_19",10.6588885540615,15.6512177653961,13.1550531597288
"NAGSHEAD","2021","June_20",11.7257168841523,14.9618306713925,13.3437737777724
"NAGSHEAD","2021","June_21",9.24912661730588,16.0987461445827,12.6739363809443
"NAGSHEAD","2021","June_22",8.9324318539036,17.736334792959,13.3343833234313
"NAGSHEAD","2021","June_23",5.34369767685796,20.7659411674674,13.0548194221627
"NAGSHEAD","2021","June_24",12.4994018696157,21.3467909386629,16.9230964041393
"NAGSHEAD","2021","June_25",12.6691801501647,17.1287246933548,14.8989524217597
"NAGSHEAD","2021","June_26",10.5359133643616,20.3964517869289,15.4661825756453
"NAGSHEAD","2021","June_27",12.6502962659103,18.0586186518101,15.3544574588602
"NAGSHEAD","2021","June_28",12.3854529520078,15.9062239550533,14.1458384535305
"NAGSHEAD","2021","June_29",13.1551457908399,19.6650073365662,16.410076563703
"NAGSHEAD","2021","June_30",9.5877672743439,21.8767762253863,15.7322717498651
"NAGSHEAD","2022","April_01",-0.204165505154734,8.48277134939611,4.13930292212069
"NAGSHEAD","2022","April_02",-2.80440557061238,8.80259677864881,2.99909560401821
"NAGSHEAD","2022","April_03",-3.82881668923858,10.5511248220497,3.36115406640554
"NAGSHEAD","2022","April_04",3.68577976654538,13.8873658271148,8.78657279683007
"NAGSHEAD","2022","April_05",9.20316812181377,13.0734670393908,11.1383175806023
"NAGSHEAD","2022","April_06",8.60242901779413,12.2869950681111,10.4447120429526
"NAGSHEAD","2022","April_07",6.49866954266579,11.3945089355106,8.94658923908819
"NAGSHEAD","2022","April_08",0.242356583244253,11.5242863471031,5.88332146517365
"NAGSHEAD","2022","April_09",-0.854754636642942,11.1200366740636,5.13264101871033
"NAGSHEAD","2022","April_10",-2.66335112434121,12.2761428382608,4.80639585695982
"NAGSHEAD","2022","April_11",3.88192391047425,16.3512299984053,10.1165769544398
"NAGSHEAD","2022","April_12",7.86988040471025,14.5089825168197,11.189431460765
"NAGSHEAD","2022","April_13",9.584246026414,16.300788970266,12.94251749834
"NAGSHEAD","2022","April_14",4.59728813037959,15.7514430399067,10.1743655851431
"NAGSHEAD","2022","April_15",4.75885262048528,19.8640009881334,12.3114268043093
"NAGSHEAD","2022","April_16",5.3089281157097,20.4402379548781,12.8745830352939
"NAGSHEAD","2022","April_17",5.72407150802757,18.4969865336343,12.1105290208309
"NAGSHEAD","2022","April_18",5.90933540790289,14.3309001853694,10.1201177966361
"NAGSHEAD","2022","April_19",1.86406869622766,13.7310763242904,7.79757251025901
"NAGSHEAD","2022","April_20",4.9732108856793,17.3470648965544,11.1601378911169
"NAGSHEAD","2022","April_21",5.06290230509551,18.0619561353817,11.5624292202386
"NAGSHEAD","2022","April_22",5.53120748861635,14.4353336028057,9.983270545711
"NAGSHEAD","2022","April_23",6.55625088164525,16.0459628178693,11.3011068497573
"NAGSHEAD","2022","April_24",7.1230573378252,17.0972463389263,12.1101518383758
"NAGSHEAD","2022","April_25",3.70142944361531,14.5691228593428,9.13527615147904
"NAGSHEAD","2022","April_26",3.65672914687299,15.3490978173777,9.50291348212536
"NAGSHEAD","2022","April_27",3.64068279328309,10.7929070093027,7.21679490129289
"NAGSHEAD","2022","April_28",4.30124178658099,11.8137828582718,8.05751232242638
"NAGSHEAD","2022","April_29",4.28782834437316,12.8366805593223,8.56225445184775
"NAGSHEAD","2022","April_30",-0.55085050263869,15.988962576465,7.71905603691318
"NAGSHEAD","2022","May_01",7.02089491283434,11.199277336967,9.11008612490069
"NAGSHEAD","2022","May_02",8.69050420045244,14.4171448632622,11.5538245318573
"NAGSHEAD","2022","May_03",9.16753961251866,15.2697198796862,12.2186297461025
"NAGSHEAD","2022","May_04",7.87044891748791,17.2920302275745,12.5812395725312
"NAGSHEAD","2022","May_05",4.92091120673338,19.586765871368,12.2538385390507
"NAGSHEAD","2022","May_06",7.14538081193432,16.1643765023332,11.6548786571337
"NAGSHEAD","2022","May_07",9.3053624647935,19.7962642817276,14.5508133732605
"NAGSHEAD","2022","May_08",8.93276281636514,19.5277738688413,14.2302683426032
"NAGSHEAD","2022","May_09",6.17479775075237,19.8140568887619,12.9944273197571
"NAGSHEAD","2022","May_10",11.7090181752648,17.927331209288,14.8181746922764
"NAGSHEAD","2022","May_11",10.3960785526409,16.1455559804313,13.2708172665361
"NAGSHEAD","2022","May_12",6.34575703595717,15.6262472980471,10.9860021670021
"NAGSHEAD","2022","May_13",9.76086553040628,17.1786305960152,13.4697480632107
"NAGSHEAD","2022","May_14",6.53489292200532,19.8462961970131,13.1905945595092
"NAGSHEAD","2022","May_15",9.63390387645153,18.2367980358214,13.9353509561365
"NAGSHEAD","2022","May_16",12.7429909819953,19.4082661074182,16.0756285447067
"NAGSHEAD","2022","May_17",10.7022041718216,22.0018721826578,16.3520381772397
"NAGSHEAD","2022","May_18",8.94062050885844,19.1144350451746,14.0275277770165
"NAGSHEAD","2022","May_19",8.96042308832909,18.5410370955576,13.7507300919433
"NAGSHEAD","2022","May_20",10.2443353694516,17.0166220363698,13.6304787029107
"NAGSHEAD","2022","May_21",9.21457355777358,18.280646689944,13.7476101238588
"NAGSHEAD","2022","May_22",7.26156098294468,20.3749326271019,13.8182468050233
"NAGSHEAD","2022","May_23",11.0987250250406,15.6785336081688,13.3886293166047
"NAGSHEAD","2022","May_24",8.52085735281676,16.5801106380241,12.5504839954204
"NAGSHEAD","2022","May_25",8.48010809942391,17.0379862428038,12.7590471711138
"NAGSHEAD","2022","May_26",10.0762355307254,16.9237950323298,13.5000152815276
"NAGSHEAD","2022","May_27",8.61294238027173,18.1422738091601,13.3776080947159
"NAGSHEAD","2022","May_28",4.85521709127866,17.8560948064712,11.3556559488749
"NAGSHEAD","2022","May_29",6.34827926332098,14.2515231486948,10.2999012060079
"NAGSHEAD","2022","May_30",5.54170743181312,15.5196454676266,10.5306764497199
"NAGSHEAD","2022","May_31",6.53405381349905,16.4146819834832,11.4743678984911
"NAGSHEAD","2022","June_01",7.16222995525767,17.7864355428214,12.4743327490395
"NAGSHEAD","2022","June_02",4.85910230512691,20.0668713392382,12.4629868221825
"NAGSHEAD","2022","June_03",7.93682528953429,20.854618451605,14.3957218705696
"NAGSHEAD","2022","June_04",10.3606196529067,17.1437497532323,13.7521847030695
"NAGSHEAD","2022","June_05",9.36975983595148,13.0597845265128,11.2147721812321
"NAGSHEAD","2022","June_06",10.2516518437824,16.9040637584354,13.5778578011089
"NAGSHEAD","2022","June_07",8.45737998021675,20.2263832555827,14.3418816178997
"NAGSHEAD","2022","June_08",12.6772796352364,19.297164007903,15.9872218215697
"NAGSHEAD","2022","June_09",9.53797759244209,17.734673361264,13.6363254768531
"NAGSHEAD","2022","June_10",11.8206682546772,20.5737714951443,16.1972198749107
"NAGSHEAD","2022","June_11",10.8027614551222,19.7301982182057,15.2664798366639
"NAGSHEAD","2022","June_12",9.71109721421131,19.2198056808806,14.465451447546
"NAGSHEAD","2022","June_13",8.2174658158543,19.2284060897794,13.7229359528168
"NAGSHEAD","2022","June_14",5.6190142958125,21.8227851472551,13.7208997215338
"NAGSHEAD","2022","June_15",7.22892142195885,23.4377473438114,15.3333343828851
"NAGSHEAD","2022","June_16",8.89244676666914,26.3208722028083,17.6066594847387
"NAGSHEAD","2022","June_17",12.8584304180687,28.5298621833221,20.6941463006954
"NAGSHEAD","2022","June_18",13.556264264703,14.6284539954293,14.0923591300661
"NAGSHEAD","2022","June_19",6.51843929481869,16.5887947498501,11.5536170223344
"NAGSHEAD","2022","June_20",8.04444453812777,20.8433616226578,14.4439030803928
"NAGSHEAD","2022","June_21",7.17053621424694,24.0107096573494,15.5906229357982
"NAGSHEAD","2022","June_22",10.2072455937179,26.0157135666086,18.1114795801632
"NAGSHEAD","2022","June_23",11.3107606505402,23.7577181266493,17.5342393885948
"NAGSHEAD","2022","June_24",14.0513690401173,19.4035584297805,16.7274637349489
"NAGSHEAD","2022","June_25",10.1853641837572,18.4804060699991,14.3328851268781
"NAGSHEAD","2022","June_26",9.97799194686123,19.5177974425575,14.7478946947094
"NAGSHEAD","2022","June_27",11.2132988075072,18.4805919845153,14.8469453960112
"NAGSHEAD","2022","June_28",9.04952779868503,17.6071475650095,13.3283376818473
"NAGSHEAD","2022","June_29",11.4269713831643,19.2909833562519,15.3589773697081
"NAGSHEAD","2022","June_30",10.1668487517981,19.2865418611573,14.7266953064777
"NAGSHEAD","2023","April_01",7.70885177268663,12.4680746892691,10.0884632309779
"NAGSHEAD","2023","April_02",5.54397272262054,10.6768874663323,8.11043009447641
"NAGSHEAD","2023","April_03",-0.604522752626728,11.7741028683,5.58479005783664
"NAGSHEAD","2023","April_04",-1.65535158956916,13.1063949483348,5.72552167938281
"NAGSHEAD","2023","April_05",4.70646182377382,10.6543793443912,7.6804205840825
"NAGSHEAD","2023","April_06",7.22136869642194,13.0926749304133,10.1570218134176
"NAGSHEAD","2023","April_07",0.29172964331182,14.4725843188916,7.38215698110172
"NAGSHEAD","2023","April_08",-0.205856401992368,14.4074100961469,7.10077684707728
"NAGSHEAD","2023","April_09",3.25479698140464,14.7288715664818,8.99183427394322
"NAGSHEAD","2023","April_10",8.0391287592638,13.4736034384886,10.7563660988762
"NAGSHEAD","2023","April_11",4.3607660133575,11.0224767118043,7.69162136258093
"NAGSHEAD","2023","April_12",2.12813641897625,9.26315295510736,5.69564468704181
"NAGSHEAD","2023","April_13",3.55272466204052,12.1266401034723,7.83968238275643
"NAGSHEAD","2023","April_14",4.09799134094925,9.18104068238821,6.63951601166873
"NAGSHEAD","2023","April_15",1.38505143041517,13.9622512876868,7.67365135905099
"NAGSHEAD","2023","April_16",6.8352251457212,12.1596862864601,9.49745571609065
"NAGSHEAD","2023","April_17",8.89120170851233,14.2855739897425,11.5883878491274
"NAGSHEAD","2023","April_18",5.13940366351613,14.7837958653429,9.96159976442953
"NAGSHEAD","2023","April_19",6.78760120534812,14.3070163474415,10.5473087763948
"NAGSHEAD","2023","April_20",2.99641981695264,14.9370565832946,8.9667382001236
"NAGSHEAD","2023","April_21",3.88365589274039,9.78042621362677,6.83204105318358
"NAGSHEAD","2023","April_22",0.0292476484704041,12.7640953820649,6.39667151526765
"NAGSHEAD","2023","April_23",4.51842521618774,13.0141244338175,8.7662748250026
"NAGSHEAD","2023","April_24",3.38614821317347,8.24799652366201,5.81707236841774
"NAGSHEAD","2023","April_25",-0.183362233795958,11.1292869608543,5.47296236352919
"NAGSHEAD","2023","April_26",3.85290328956316,11.4015349671794,7.6272191283713
"NAGSHEAD","2023","April_27",4.53091177786953,13.0163292129688,8.77362049541917
"NAGSHEAD","2023","April_28",8.59680214557576,17.3853851057009,12.9910936256383
"NAGSHEAD","2023","April_29",5.32415601949905,18.3359909691179,11.8300734943085
"NAGSHEAD","2023","April_30",7.4072698273095,13.6503229756589,10.5287964014842
"NAGSHEAD","2023","May_01",8.71323821541438,17.5744724391077,13.1438553272611
"NAGSHEAD","2023","May_02",6.59590242575255,16.252858786822,11.4243806062873
"NAGSHEAD","2023","May_03",6.10179766801866,16.2884335345388,11.1951156012787
"NAGSHEAD","2023","May_04",5.90964854519636,17.3939022050404,11.6517753751184
"NAGSHEAD","2023","May_05",10.5772957578542,17.4994132393338,14.038354498594
"NAGSHEAD","2023","May_06",10.514715620296,15.6963219863448,13.1055188033204
"NAGSHEAD","2023","May_07",8.75251992911371,18.248179574874,13.5003497519939
"NAGSHEAD","2023","May_08",9.43132414367103,14.7916628532148,12.1114934984429
"NAGSHEAD","2023","May_09",10.5638396196825,17.796334156995,14.1800868883388
"NAGSHEAD","2023","May_10",6.97615145487719,15.9779150541665,11.4770332545219
"NAGSHEAD","2023","May_11",7.19995766533602,17.4578292167781,12.3288934410571
"NAGSHEAD","2023","May_12",7.54816131731132,17.0396195316649,12.2938904244881
"NAGSHEAD","2023","May_13",8.58492315370394,16.8043642023011,12.6946436780025
"NAGSHEAD","2023","May_14",5.13966935613024,19.150949451658,12.1453094038941
"NAGSHEAD","2023","May_15",7.06368410389708,15.7828174565773,11.4232507802372
"NAGSHEAD","2023","May_16",2.72268826852608,16.8177652937715,9.77022678114877
"NAGSHEAD","2023","May_17",4.2774779642739,17.8722105285522,11.0748442464131
"NAGSHEAD","2023","May_18",8.49116342229333,19.916816912408,14.2039901673507
"NAGSHEAD","2023","May_19",8.76273667268281,18.3068585541032,13.534797613393
"NAGSHEAD","2023","May_20",6.23910845039626,19.0496529175205,12.6443806839584
"NAGSHEAD","2023","May_21",4.61277633183611,19.7153305289071,12.1640534303716
"NAGSHEAD","2023","May_22",6.21327074519318,20.8727793043846,13.5430250247889
"NAGSHEAD","2023","May_23",7.00536440319429,18.4363690022942,12.7208667027442
"NAGSHEAD","2023","May_24",6.4811523704371,21.1935632006379,13.8373577855375
"NAGSHEAD","2023","May_25",8.11059042076505,20.8687910385145,14.4896907296398
"NAGSHEAD","2023","May_26",7.01142754056534,20.0583041778408,13.5348658592031
"NAGSHEAD","2023","May_27",4.77272929029751,21.0452583020032,12.9089937961503
"NAGSHEAD","2023","May_28",8.81124930152491,21.3140335895073,15.0626414455161
"NAGSHEAD","2023","May_29",6.82849526675976,17.7563970120547,12.2924461394073
"NAGSHEAD","2023","May_30",6.44398864397911,18.7350582906679,12.5895234673235
"NAGSHEAD","2023","May_31",9.5338385649936,16.1906365288398,12.8622375469167
"NAGSHEAD","2023","June_01",8.91752250111344,18.2675634347694,13.5925429679414
"NAGSHEAD","2023","June_02",9.48319783022879,18.9902571496744,14.2367274899516
"NAGSHEAD","2023","June_03",5.98535954456627,21.1125701790659,13.5489648618161
"NAGSHEAD","2023","June_04",7.62451634982384,21.3590476975873,14.4917820237055
"NAGSHEAD","2023","June_05",7.18259244448354,18.3569809913945,12.769786717939
"NAGSHEAD","2023","June_06",9.35536166642593,15.5441000192935,12.4497308428597
"NAGSHEAD","2023","June_07",9.5439615668806,20.6753117474186,15.1096366571496
"NAGSHEAD","2023","June_08",7.98604718606554,21.9466169310463,14.9663320585559
"NAGSHEAD","2023","June_09",9.40686062727362,24.5834686308679,16.9951646290708
"NAGSHEAD","2023","June_10",11.8160431835355,26.9431454235733,19.3795943035544
"NAGSHEAD","2023","June_11",14.8066118535054,23.250507280133,19.0285595668192
"NAGSHEAD","2023","June_12",15.7523869054074,26.0785375307456,20.9154622180765
"NAGSHEAD","2023","June_13",13.636569333318,28.0338353107926,20.8352023220553
"NAGSHEAD","2023","June_14",10.2186718191421,26.5995266873339,18.409099253238
"NAGSHEAD","2023","June_15",11.9787886958564,26.7781803088702,19.3784845023633
"NAGSHEAD","2023","June_16",11.4575241957533,26.7536659604142,19.1055950780838
"NAGSHEAD","2023","June_17",14.0107376992255,24.7058103652764,19.3582740322509
"NAGSHEAD","2023","June_18",13.9839461844493,23.3255243438534,18.6547352641514
"NAGSHEAD","2023","June_19",12.4880862969507,23.9547004440122,18.2213933704814
"NAGSHEAD","2023","June_20",13.494586251082,21.8646980076268,17.6796421293544
"NAGSHEAD","2023","June_21",11.9630496919617,23.3092278976237,17.6361387947927
"NAGSHEAD","2023","June_22",12.8425057998483,25.2789857567184,19.0607457782834
"NAGSHEAD","2023","June_23",12.7159809173007,23.2868432222285,18.0014120697646
"NAGSHEAD","2023","June_24",17.0254252721918,26.6687592831921,21.847092277692
"NAGSHEAD","2023","June_25",13.1637567437657,27.0543184859433,20.1090376148545
"NAGSHEAD","2023","June_26",11.566542878722,20.7454115703751,16.1559772245485
"NAGSHEAD","2023","June_27",13.4931317675997,20.0079065893262,16.7505191784629
"NAGSHEAD","2023","June_28",16.0783190476944,21.8636003242809,18.9709596859877
"NAGSHEAD","2023","June_29",11.7416434191353,21.8653137175387,16.803478568337
"NAGSHEAD","2023","June_30",8.73086165591648,18.3624004446262,13.5466310502714
"NEADON","2013","April_01",0.149126940703527,3.59635680681508,1.8727418737593
"NEADON","2013","April_02",-1.73868583593176,7.27060123646592,2.76595770026708
"NEADON","2013","April_03",-2.37445288563581,7.0816659001313,2.35360650724774
"NEADON","2013","April_04",-0.911939978393072,3.65719875024331,1.37262938592512
"NEADON","2013","April_05",-0.311368964270655,7.33285749862468,3.51074426717701
"NEADON","2013","April_06",-1.57214316204923,9.20572464167227,3.81679073981152
"NEADON","2013","April_07",-1.54297966383363,6.47212855430598,2.46457444523617
"NEADON","2013","April_08",2.91045753452978,5.72748003802138,4.31896878627558
"NEADON","2013","April_09",3.52082579182689,6.99074206526068,5.25578392854378
"NEADON","2013","April_10",1.84585196825952,8.0545090103841,4.95018048932181
"NEADON","2013","April_11",4.30545039030412,12.3567357725875,8.33109308144583
"NEADON","2013","April_12",5.64564165091476,10.867177804634,8.2564097277744
"NEADON","2013","April_13",4.07707229518528,12.2042387549868,8.14065552508601
"NEADON","2013","April_14",6.86949144427662,12.9960937514267,9.93279259785168
"NEADON","2013","April_15",8.78835914131889,13.0357055110264,10.9120323261726
"NEADON","2013","April_16",8.93606891523124,14.2365199765619,11.5862944458966
"NEADON","2013","April_17",8.31500140789127,13.0169767972232,10.6659891025572
"NEADON","2013","April_18",6.98427870498171,11.8348651706256,9.40957193780365
"NEADON","2013","April_19",6.02527523435963,11.9946048262496,9.00994003030462
"NEADON","2013","April_20",1.23901841617584,12.6808339077828,6.95992616197934
"NEADON","2013","April_21",0.151932337573237,10.9547385622562,5.55333544991474
"NEADON","2013","April_22",4.79542938912681,12.0598720838349,8.42765073648086
"NEADON","2013","April_23",6.54636992011157,15.4135056041962,10.9799377621539
"NEADON","2013","April_24",6.65816722395505,14.7905377948776,10.7243525094163
"NEADON","2013","April_25",6.89619189180549,14.4421639677554,10.6691779297804
"NEADON","2013","April_26",5.5414374524858,10.3358618500294,7.93864965125758
"NEADON","2013","April_27",2.63662195244548,10.7299475640594,6.68328475825245
"NEADON","2013","April_28",2.025193567844,11.2316896677882,6.62844161781612
"NEADON","2013","April_29",4.34434806517871,12.0373546141226,8.19085133965065
"NEADON","2013","April_30",2.606447790743,13.0658762122332,7.83616200148812
"NEADON","2013","May_01",1.4779516780506,14.1929000545992,7.83542586632491
"NEADON","2013","May_02",4.88461833358273,15.8321684337707,10.3583933836767
"NEADON","2013","May_03",4.21177843200864,13.7501005501919,8.98093949110029
"NEADON","2013","May_04",7.45121750788599,14.1297670938068,10.7904923008464
"NEADON","2013","May_05",8.53622869645225,16.2567637679573,12.3964962322048
"NEADON","2013","May_06",4.37454675268723,16.4061644536187,10.390355603153
"NEADON","2013","May_07",6.57100284577986,16.8194752322584,11.6952390390191
"NEADON","2013","May_08",10.0138088450102,14.2080970248659,12.110952934938
"NEADON","2013","May_09",5.90204572103334,12.2557519120076,9.07889881652049
"NEADON","2013","May_10",7.76102968215778,13.4953030803375,10.6281663812476
"NEADON","2013","May_11",5.83336122509688,11.8700761268698,8.85171867598336
"NEADON","2013","May_12",4.81971080060193,11.3389406097741,8.07932570518802
"NEADON","2013","May_13",8.06295926500217,12.2019453951255,10.1324523300638
"NEADON","2013","May_14",5.96326201033159,8.60940318070367,7.28633259551763
"NEADON","2013","May_15",2.32798363534402,11.1471289114014,6.7375562733727
"NEADON","2013","May_16",1.79662153632102,12.0026385769389,6.89963005662997
"NEADON","2013","May_17",1.27923199648693,13.1845958602487,7.23191392836781
"NEADON","2013","May_18",4.39397049748667,15.8326704901513,10.113320493819
"NEADON","2013","May_19",5.71975986798958,16.0674191548387,10.8935895114142
"NEADON","2013","May_20",7.06696972167626,15.9356267494135,11.5012982355449
"NEADON","2013","May_21",10.2006437124487,14.8027586933406,12.5017012028946
"NEADON","2013","May_22",8.0859012801085,14.5672551724164,11.3265782262624
"NEADON","2013","May_23",5.02652879579167,10.9775894391197,8.00205911745568
"NEADON","2013","May_24",4.52499370461272,11.508903888326,8.01694879646934
"NEADON","2013","May_25",3.72387952385695,14.1728724535394,8.94837598869817
"NEADON","2013","May_26",3.15230449412337,15.8495170177116,9.5009107559175
"NEADON","2013","May_27",3.83917629948027,12.8364391695775,8.33780773452891
"NEADON","2013","May_28",5.35145338374329,12.0924437610757,8.72194857240948
"NEADON","2013","May_29",6.4333960664408,15.355815147273,10.8946056068569
"NEADON","2013","May_30",8.48841324497226,18.1804972490599,13.3344552470161
"NEADON","2013","May_31",8.27150958265226,19.3400424526477,13.80577601765
"NEADON","2013","June_01",8.63853666877365,15.6557597715809,12.1471482201773
"NEADON","2013","June_02",6.66848453833099,17.8546017958403,12.2615431670856
"NEADON","2013","June_03",6.91093763181953,18.3153012330351,12.6131194324273
"NEADON","2013","June_04",5.37082070302093,18.5127011461941,11.9417609246075
"NEADON","2013","June_05",7.99063956136023,17.9238106729954,12.9572251171778
"NEADON","2013","June_06",8.88135027506212,20.2875078319389,14.5844290535005
"NEADON","2013","June_07",11.7173020733013,19.5936923464485,15.6554972098749
"NEADON","2013","June_08",10.919026159619,20.2164794473535,15.5677528034862
"NEADON","2013","June_09",7.39395380944554,17.7613517991679,12.5776528043067
"NEADON","2013","June_10",5.29874940297848,14.4881374666507,9.89344343481458
"NEADON","2013","June_11",9.68504337294735,16.5854435202158,13.1352434465816
"NEADON","2013","June_12",11.6766771576846,15.6224328568186,13.6495550072516
"NEADON","2013","June_13",10.9861677411938,15.6136657059824,13.2999167235881
"NEADON","2013","June_14",8.90800678137802,16.252622167386,12.580314474382
"NEADON","2013","June_15",8.86012935899675,15.6811464460682,12.2706379025325
"NEADON","2013","June_16",9.29796692128972,13.5477051243104,11.4228360228001
"NEADON","2013","June_17",9.91758380693652,19.8143230144809,14.8659534107087
"NEADON","2013","June_18",11.8782072919516,19.4458761480773,15.6620417200144
"NEADON","2013","June_19",10.5127381987439,22.8915872290837,16.7021627139138
"NEADON","2013","June_20",13.4703489674194,16.5950308281203,15.0326898977699
"NEADON","2013","June_21",11.3529398809007,16.2936230784053,13.823281479653
"NEADON","2013","June_22",11.005509429523,13.9959582435144,12.5007338365187
"NEADON","2013","June_23",10.3075524135246,14.1172358391614,12.212394126343
"NEADON","2013","June_24",9.37325240959212,16.1880708386629,12.7806616241275
"NEADON","2013","June_25",4.34820457804681,17.9970966123393,11.172650595193
"NEADON","2013","June_26",7.25210328362761,18.8670370903195,13.0595701869735
"NEADON","2013","June_27",10.0391484152475,19.4861344933459,14.7626414542967
"NEADON","2013","June_28",11.3852962782615,18.4261033301698,14.9056998042156
"NEADON","2013","June_29",12.8024006945481,19.7206003976671,16.2615005461076
"NEADON","2013","June_30",10.7521145456617,19.2417703152673,14.9969424304645
"NEADON","2014","April_01",2.34179239130314,14.900388125618,8.62109025846058
"NEADON","2014","April_02",8.45778810950375,13.3767695632988,10.9172788364013
"NEADON","2014","April_03",8.41188544513292,11.5585385276507,9.98521198639181
"NEADON","2014","April_04",7.556636665654,14.2883850928912,10.9225108792726
"NEADON","2014","April_05",8.24898869225683,13.5515108780265,10.9002497851416
"NEADON","2014","April_06",10.7355476582387,12.7366187944366,11.7360832263377
"NEADON","2014","April_07",10.6122950374171,12.4215553470765,11.5169251922468
"NEADON","2014","April_08",5.23550404116637,11.9098132352643,8.57265863821532
"NEADON","2014","April_09",4.05109715096518,13.5379880025999,8.79454257678256
"NEADON","2014","April_10",2.45349765045494,12.2264886430852,7.33999314677007
"NEADON","2014","April_11",4.65647108224424,14.5315517290035,9.59401140562387
"NEADON","2014","April_12",3.17793901521375,12.0174273833519,7.59768319928282
"NEADON","2014","April_13",4.30450810238246,12.6947185110496,8.49961330671603
"NEADON","2014","April_14",4.65654498831448,14.3088751843346,9.48271008632456
"NEADON","2014","April_15",5.00729413261962,13.6473487270322,9.32732142982593
"NEADON","2014","April_16",5.50889043477222,13.4701858623765,9.48953814857434
"NEADON","2014","April_17",1.82756211151846,14.7794571095278,8.30350961052312
"NEADON","2014","April_18",5.42016132885406,14.42573843323,9.92294988104202
"NEADON","2014","April_19",1.26180648812722,11.3310214317203,6.29641395992377
"NEADON","2014","April_20",3.66112812408712,9.91673622651731,6.78893217530221
"NEADON","2014","April_21",6.04770962840861,13.5724821065503,9.81009586747948
"NEADON","2014","April_22",6.55717432579029,14.4981508322191,10.5276625790047
"NEADON","2014","April_23",8.78887515122169,14.6524965091486,11.7206858301851
"NEADON","2014","April_24",4.80874159258927,14.0114349345938,9.41008826359152
"NEADON","2014","April_25",5.11022102166634,15.0465383791786,10.0783797004225
"NEADON","2014","April_26",7.5022608779386,11.4558962533283,9.47907856563343
"NEADON","2014","April_27",7.13798148316904,12.6827131969743,9.91034734007167
"NEADON","2014","April_28",7.38950100233657,15.3617669819358,11.3756339921362
"NEADON","2014","April_29",7.70678382355782,15.3461245399754,11.5264541817666
"NEADON","2014","April_30",5.45890242764045,14.6050975196326,10.0319999736365
"NEADON","2014","May_01",9.14961717640599,14.2542600120668,11.7019385942364
"NEADON","2014","May_02",8.43041318442366,12.9258912972889,10.6781522408563
"NEADON","2014","May_03",7.16122951930487,12.4103774684923,9.78580349389857
"NEADON","2014","May_04",3.41540641954307,13.7758372588287,8.59562183918588
"NEADON","2014","May_05",5.18276976411055,15.2707468242991,10.2267582942048
"NEADON","2014","May_06",7.79607969114452,14.6289404262396,11.2125100586921
"NEADON","2014","May_07",8.32321474903227,13.5866256633575,10.9549202061949
"NEADON","2014","May_08",9.40311011953418,14.629977706851,12.0165439131926
"NEADON","2014","May_09",9.48642840193608,14.6539122961044,12.0701703490202
"NEADON","2014","May_10",9.7177966148945,13.001866549085,11.3598315819898
"NEADON","2014","May_11",6.89976295000935,12.9352050364706,9.91748399323998
"NEADON","2014","May_12",6.67126313136957,13.6794511134366,10.1753571224031
"NEADON","2014","May_13",8.31657341023518,15.0534540483213,11.6850137292782
"NEADON","2014","May_14",5.99723174467567,16.9147633132699,11.4559975289728
"NEADON","2014","May_15",6.99921865167564,18.6519370118777,12.8255778317767
"NEADON","2014","May_16",7.56834942703883,18.6754000707374,13.1218747488881
"NEADON","2014","May_17",8.72750505662488,20.1755064011462,14.4515057288855
"NEADON","2014","May_18",8.90288130909903,19.6248058563687,14.2638435827339
"NEADON","2014","May_19",10.3643458330013,17.5218348286268,13.9430903308141
"NEADON","2014","May_20",10.9798491138713,15.4698249991948,13.224837056533
"NEADON","2014","May_21",4.36179981849555,17.2399256245849,10.8008627215402
"NEADON","2014","May_22",8.99869405726467,14.331234454349,11.6649642558068
"NEADON","2014","May_23",9.34899817887193,14.2720418527483,11.8105200158101
"NEADON","2014","May_24",7.65078825505098,13.7335959350925,10.6921920950717
"NEADON","2014","May_25",9.53997316724873,14.3119865520341,11.9259798596414
"NEADON","2014","May_26",6.64122419768764,16.159977124489,11.4006006610883
"NEADON","2014","May_27",9.69889820646308,16.3143267978398,13.0066125021514
"NEADON","2014","May_28",9.99866303297133,14.737063536376,12.3678632846736
"NEADON","2014","May_29",10.839942412523,15.2394544186239,13.0396984155735
"NEADON","2014","May_30",11.1208796580944,16.0943090543436,13.607594356219
"NEADON","2014","May_31",9.15948989372766,18.4137847026375,13.7866372981826
"NEADON","2014","June_01",8.99252709668421,17.6255891324121,13.3090581145482
"NEADON","2014","June_02",10.8591996679194,17.9772686756498,14.4182341717846
"NEADON","2014","June_03",10.2726975057882,16.237544495428,13.2551210006081
"NEADON","2014","June_04",8.60940093546273,14.1932642600492,11.401332597756
"NEADON","2014","June_05",7.53524637847058,16.3513296470955,11.9432880127831
"NEADON","2014","June_06",8.81735830484457,19.6851311529393,14.2512447288919
"NEADON","2014","June_07",11.8880862890504,18.2424439475654,15.0652651183079
"NEADON","2014","June_08",10.8720006518733,18.8240801585743,14.8480404052238
"NEADON","2014","June_09",12.0153172942322,20.0372264133948,16.0262718538135
"NEADON","2014","June_10",10.3994752227132,16.9550188037318,13.6772470132225
"NEADON","2014","June_11",10.1619865207647,19.2369665014859,14.6994765111253
"NEADON","2014","June_12",8.22765680679121,21.5828047069196,14.9052307568554
"NEADON","2014","June_13",10.9161330412873,23.1659654309673,17.0410492361273
"NEADON","2014","June_14",11.6871076723438,23.0228217207864,17.3549646965651
"NEADON","2014","June_15",13.4442194362527,21.1097695131577,17.2769944747052
"NEADON","2014","June_16",13.4409131845683,19.5450993105483,16.4930062475583
"NEADON","2014","June_17",10.1321006646232,20.4053242039786,15.2687124343009
"NEADON","2014","June_18",11.8590881718607,22.5560968675983,17.2075925197295
"NEADON","2014","June_19",12.6725467111938,23.1698007036059,17.9211737073999
"NEADON","2014","June_20",11.0760849463493,20.942207230085,16.0091460882172
"NEADON","2014","June_21",9.12113238894987,20.5754691328784,14.8483007609141
"NEADON","2014","June_22",10.6983837688836,23.1724511686008,16.9354174687422
"NEADON","2014","June_23",9.97930358558212,23.1012618354617,16.5402827105219
"NEADON","2014","June_24",11.2144396047072,23.2491408978524,17.2317902512798
"NEADON","2014","June_25",12.3683517479665,18.6068227934266,15.4875872706965
"NEADON","2014","June_26",10.3416691738159,17.2330657314461,13.787367452631
"NEADON","2014","June_27",10.7273102119258,18.5550686822147,14.6411894470703
"NEADON","2014","June_28",10.3645487750803,17.8332973901338,14.098923082607
"NEADON","2014","June_29",10.3837620812231,17.8801905680967,14.1319763246599
"NEADON","2014","June_30",8.0622981632555,18.9489999911856,13.5056490772206
"NEADON","2015","April_01",3.6338447157521,10.3610394461989,6.9974420809755
"NEADON","2015","April_02",6.69432357272022,12.0671459874178,9.38073478006899
"NEADON","2015","April_03",8.15268452820477,10.5669252653696,9.35980489678716
"NEADON","2015","April_04",5.32662800322465,12.1487910618354,8.73770953253004
"NEADON","2015","April_05",4.05496432734042,13.985383144926,9.02017373613322
"NEADON","2015","April_06",1.93139345547852,17.6509869326917,9.79119019408511
"NEADON","2015","April_07",6.30283881497333,14.4484859125302,10.3756623637518
"NEADON","2015","April_08",4.35493456195249,14.4594458660266,9.40719021398957
"NEADON","2015","April_09",3.370959198844,15.3159008720546,9.34343003544932
"NEADON","2015","April_10",5.54410655132405,15.0699104521629,10.3070085017435
"NEADON","2015","April_11",5.91200682526466,11.5437635581532,8.72788519170895
"NEADON","2015","April_12",2.74240327249272,13.8813669925422,8.31188513251747
"NEADON","2015","April_13",7.2925633949856,16.0743873573326,11.6834753761591
"NEADON","2015","April_14",5.07411444782724,19.0677213271808,12.070917887504
"NEADON","2015","April_15",6.56958214699794,19.3984541852297,12.9840181661138
"NEADON","2015","April_16",7.98484442743826,19.4148206469164,13.6998325371773
"NEADON","2015","April_17",8.18123890717147,13.7000262590284,10.9406325830999
"NEADON","2015","April_18",4.60490572072124,13.2141844303589,8.90954507554008
"NEADON","2015","April_19",3.37196268195142,12.415731620602,7.89384715127669
"NEADON","2015","April_20",1.64665016255126,16.2672818276705,8.95696599511085
"NEADON","2015","April_21",6.2319819704324,17.0811705075544,11.6565762389934
"NEADON","2015","April_22",5.24156614837431,17.625782626813,11.4336743875936
"NEADON","2015","April_23",5.70390378667504,13.8977241438412,9.8008139652581
"NEADON","2015","April_24",3.69605258621464,14.3031555571211,8.99960407166785
"NEADON","2015","April_25",8.69836204334252,14.015055754402,11.3567088988723
"NEADON","2015","April_26",6.92083368131435,10.644069616164,8.78245164873916
"NEADON","2015","April_27",1.39719022729063,10.3020452336852,5.84961773048791
"NEADON","2015","April_28",1.33721742174569,11.0856879655673,6.21145269365647
"NEADON","2015","April_29",4.78230418183018,11.959662623675,8.37098340275259
"NEADON","2015","April_30",3.08245055857492,13.3042352963181,8.19334292744649
"NEADON","2015","May_01",5.844801681474,10.3786495626296,8.11172562205183
"NEADON","2015","May_02",6.89753573975016,13.7816596141219,10.339597676936
"NEADON","2015","May_03",8.42999899846198,15.5420931428169,11.9860460706395
"NEADON","2015","May_04",6.38046684961755,13.0267181633778,9.70359250649765
"NEADON","2015","May_05",8.36069423170773,11.7454488483237,10.0530715400157
"NEADON","2015","May_06",6.60893134796701,12.6892484585905,9.64908990327873
"NEADON","2015","May_07",6.93669745244997,13.3612834897683,10.1489904711091
"NEADON","2015","May_08",6.93616331263478,13.2934209411962,10.1147921269155
"NEADON","2015","May_09",8.55840635189243,15.4809199922574,12.0196631720749
"NEADON","2015","May_10",8.9550386114326,14.4284599176351,11.6917492645339
"NEADON","2015","May_11",10.693856685163,17.514081224496,14.1039689548295
"NEADON","2015","May_12",7.50988505878014,14.9212135850797,11.2155493219299
"NEADON","2015","May_13",2.56542001125015,15.4634607608282,9.01444038603916
"NEADON","2015","May_14",7.035270841679,12.1850265299676,9.61014868582332
"NEADON","2015","May_15",7.05922748075277,15.4525472696954,11.2558873752241
"NEADON","2015","May_16",9.56658387398613,13.9127694618173,11.7396766679017
"NEADON","2015","May_17",5.17250913539498,13.4794086975058,9.3259589164504
"NEADON","2015","May_18",7.1497171589425,12.2789607976174,9.71433897827995
"NEADON","2015","May_19",5.52447882318115,12.0231660580364,8.77382244060879
"NEADON","2015","May_20",3.90677846396882,13.7274173818598,8.81709792291432
"NEADON","2015","May_21",6.58239684734786,16.7792634647593,11.6808301560536
"NEADON","2015","May_22",7.52786474854174,19.13203328,13.3299490142709
"NEADON","2015","May_23",11.054432586362,19.4562380442288,15.2553353152954
"NEADON","2015","May_24",7.48151734029283,16.1869451029702,11.8342312216315
"NEADON","2015","May_25",7.24442797025153,16.2146737569967,11.7295508636241
"NEADON","2015","May_26",7.82094061060602,17.2513585021611,12.5361495563836
"NEADON","2015","May_27",5.86394227033996,17.5810432688539,11.722492769597
"NEADON","2015","May_28",9.28737942075636,14.7136751078875,12.0005272643219
"NEADON","2015","May_29",7.5168558981216,13.0408649135464,10.278860405834
"NEADON","2015","May_30",6.12895173586023,15.1081521550923,10.6185519454763
"NEADON","2015","May_31",10.5184883384712,12.6127586248312,11.5656234816512
"NEADON","2015","June_01",6.46001739003627,13.6813115169909,10.0706644535136
"NEADON","2015","June_02",9.38754783664847,15.9391816799941,12.6633647583213
"NEADON","2015","June_03",8.34246667947819,16.2663167666353,12.3043917230568
"NEADON","2015","June_04",4.42735351186288,17.5388690235776,10.9831112677203
"NEADON","2015","June_05",10.1236973559567,17.1881370778045,13.6559172168806
"NEADON","2015","June_06",6.57535215113604,15.5910549268311,11.0832035389836
"NEADON","2015","June_07",5.03045586564457,17.5967205927793,11.3135882292119
"NEADON","2015","June_08",7.2405822082248,16.9189497257074,12.0797659669661
"NEADON","2015","June_09",6.6880938986658,14.9110320966488,10.7995629976573
"NEADON","2015","June_10",5.20827512035501,16.9724018484984,11.0903384844267
"NEADON","2015","June_11",9.39774039345088,20.5413853531003,14.9695628732756
"NEADON","2015","June_12",11.9496272774423,19.5572138979018,15.753420587672
"NEADON","2015","June_13",11.5037148829055,17.7761242876624,14.6399195852839
"NEADON","2015","June_14",10.3049291991058,17.1387334652642,13.721831332185
"NEADON","2015","June_15",8.10061916557025,18.1396445799632,13.1201318727667
"NEADON","2015","June_16",8.40430022947647,19.7758782496556,14.090089239566
"NEADON","2015","June_17",10.3045559960559,19.9328971142028,15.1187265551293
"NEADON","2015","June_18",12.8838072995393,18.1842093686359,15.5340083340876
"NEADON","2015","June_19",8.57991561348494,19.9391226002007,14.2595191068428
"NEADON","2015","June_20",10.6882708754712,20.8545383253106,15.7714046003909
"NEADON","2015","June_21",11.0781505502847,17.7287130574667,14.4034318038757
"NEADON","2015","June_22",11.0611881817019,16.3174169790213,13.6893025803616
"NEADON","2015","June_23",8.09984748405554,19.8155389713236,13.9576932276896
"NEADON","2015","June_24",7.79962779089392,20.2018366198467,14.0007322053703
"NEADON","2015","June_25",9.20073010972612,20.5780433803386,14.8893867450324
"NEADON","2015","June_26",13.1921375418415,19.9675536871487,16.5798456144951
"NEADON","2015","June_27",10.4357737668964,20.8052125223767,15.6204931446366
"NEADON","2015","June_28",13.4190761810324,19.5070223940677,16.46304928755
"NEADON","2015","June_29",10.4685931586023,21.1242618102429,15.7964274844226
"NEADON","2015","June_30",11.9146670176199,22.8680202578273,17.3913436377236
"NEADON","2016","April_01",-0.0923084226811814,9.60637783841554,4.75703470786718
"NEADON","2016","April_02",6.53914538896587,12.2750006410924,9.40707301502913
"NEADON","2016","April_03",5.67199315282984,10.5259278447685,8.09896049879918
"NEADON","2016","April_04",5.98420586478175,11.6206731494212,8.80243950710147
"NEADON","2016","April_05",4.32222653424148,13.3547964892993,8.83851151177041
"NEADON","2016","April_06",6.10088228989327,10.3196866769514,8.21028448342235
"NEADON","2016","April_07",3.57161189938956,9.80419117638063,6.68790153788509
"NEADON","2016","April_08",5.22600450501232,11.0624114807346,8.14420799287346
"NEADON","2016","April_09",2.60045355414878,8.7926937225693,5.69657363835904
"NEADON","2016","April_10",1.92956692931844,10.3194991584627,6.12453304389057
"NEADON","2016","April_11",6.23740177976343,13.4060140482924,9.82170791402789
"NEADON","2016","April_12",1.44773383002989,14.3814709297432,7.91460237988656
"NEADON","2016","April_13",3.29647226676624,14.0914181238487,8.69394519530745
"NEADON","2016","April_14",6.57906915167478,13.4868247686487,10.0329469601617
"NEADON","2016","April_15",7.49083247558589,11.6931938898078,9.59201318269682
"NEADON","2016","April_16",1.38382508446495,9.6287393457623,5.50628221511362
"NEADON","2016","April_17",0.761404378151458,10.8334043348678,5.79740435650962
"NEADON","2016","April_18",0.40264955413195,10.5677299211564,5.48518973764419
"NEADON","2016","April_19",1.79292390046361,14.443925717549,8.11842480900629
"NEADON","2016","April_20",4.60825928311089,14.7930108190106,9.70063505106073
"NEADON","2016","April_21",6.80994154645462,12.9521615188338,9.88105153264423
"NEADON","2016","April_22",5.33960663107211,7.61678161752118,6.47819412429664
"NEADON","2016","April_23",3.6601900590349,11.1833776494626,7.42178385424874
"NEADON","2016","April_24",3.77076075764027,12.2751098924282,8.02293532503426
"NEADON","2016","April_25",4.23108389573297,10.4164767849965,7.32378034036471
"NEADON","2016","April_26",2.3461183007953,8.74639284132599,5.54625557106065
"NEADON","2016","April_27",1.11168248411623,8.92137436986661,5.01652842699142
"NEADON","2016","April_28",-0.532966806756172,11.5015103925001,5.48427179287197
"NEADON","2016","April_29",3.04441900096661,9.99860867075966,6.52151383586313
"NEADON","2016","April_30",0.344435649693036,12.0270877775772,6.18576171363512
"NEADON","2016","May_01",1.69549012245259,12.3816147967767,7.03855245961465
"NEADON","2016","May_02",9.20599624281021,12.4613062908462,10.8336512668282
"NEADON","2016","May_03",3.24638351799275,13.447032619452,8.34670806872239
"NEADON","2016","May_04",1.80786035809027,15.2474234888274,8.52764192345884
"NEADON","2016","May_05",4.03927008117602,17.3945020838745,10.7168860825253
"NEADON","2016","May_06",5.65595954910059,18.8046139035227,12.2302867263116
"NEADON","2016","May_07",10.3202664688744,19.653826722113,14.9870465954937
"NEADON","2016","May_08",11.7475215345998,19.7088530503887,15.7281872924942
"NEADON","2016","May_09",12.4012225461576,16.866467183823,14.6338448649903
"NEADON","2016","May_10",9.9427865891323,18.4533258856528,14.1980562373926
"NEADON","2016","May_11",10.3476768458739,16.1359289617265,13.2418029038002
"NEADON","2016","May_12",11.0879812767034,19.9108061138811,15.4993936952922
"NEADON","2016","May_13",10.5246373553553,18.8705912566634,14.6976143060093
"NEADON","2016","May_14",5.91029395668601,14.5731098586443,10.2417019076651
"NEADON","2016","May_15",3.57216528193534,15.9326033772464,9.75238432959086
"NEADON","2016","May_16",6.54005708039218,15.6313509591477,11.0857040197699
"NEADON","2016","May_17",5.72209171045975,14.8344363392452,10.2782640248525
"NEADON","2016","May_18",8.57078742180362,14.2352028476782,11.4029951347409
"NEADON","2016","May_19",7.21237620104249,14.282359683006,10.7473679420242
"NEADON","2016","May_20",10.3023635706597,15.1396739373914,12.7210187540255
"NEADON","2016","May_21",10.9526546080908,13.6129369179936,12.2827957630422
"NEADON","2016","May_22",7.5731569394315,15.2976147292303,11.4353858343309
"NEADON","2016","May_23",6.69981412507579,15.1390230628746,10.9194185939752
"NEADON","2016","May_24",6.21004176003257,15.7013269636943,10.9556843618634
"NEADON","2016","May_25",5.69662998227046,13.4442347360993,9.57043235918489
"NEADON","2016","May_26",4.1866938901535,17.1971018276433,10.6918978588984
"NEADON","2016","May_27",10.65792828877,16.6831042654712,13.6705162771206
"NEADON","2016","May_28",8.21419744618935,19.6348640603333,13.9245307532613
"NEADON","2016","May_29",9.41678899060737,20.5858676677649,15.0013283291861
"NEADON","2016","May_30",9.18257957900851,20.2676328792827,14.7251062291456
"NEADON","2016","May_31",10.6098575018799,19.7347183470641,15.172287924472
"NEADON","2016","June_01",12.6836693299866,17.0525589879411,14.8681141589639
"NEADON","2016","June_02",10.7377475990164,18.05728983066,14.3975187148382
"NEADON","2016","June_03",7.36629609842343,17.4069791888451,12.3866376436343
"NEADON","2016","June_04",6.66139953440611,18.419613449149,12.5405064917775
"NEADON","2016","June_05",11.7782388443034,22.1108237002944,16.9445312722989
"NEADON","2016","June_06",12.4164588901744,21.1350373955835,16.7757481428789
"NEADON","2016","June_07",12.8795204011045,22.1788943347617,17.5292073679331
"NEADON","2016","June_08",12.4038204860075,22.6154694298969,17.5096449579522
"NEADON","2016","June_09",11.8426314854186,20.0391141062646,15.9408727958416
"NEADON","2016","June_10",12.2234793408142,17.763366341219,14.9934228410166
"NEADON","2016","June_11",12.2558929993799,19.4940179705672,15.8749554849736
"NEADON","2016","June_12",12.6813008858424,19.3198232079067,16.0005620468746
"NEADON","2016","June_13",12.406420613949,16.6805384995544,14.5434795567517
"NEADON","2016","June_14",11.5073258740056,16.1241508921135,13.8157383830596
"NEADON","2016","June_15",11.0502677935608,15.5216937021849,13.2859807478729
"NEADON","2016","June_16",10.1958881947424,18.5691299378212,14.3825090662818
"NEADON","2016","June_17",10.2747454462749,17.0855542756914,13.6801498609831
"NEADON","2016","June_18",8.98281417434867,17.7431265943698,13.3629703843593
"NEADON","2016","June_19",9.9127840302752,16.75747881011,13.3351314201926
"NEADON","2016","June_20",13.7963052449265,18.5104896263494,16.1533974356379
"NEADON","2016","June_21",11.4378300810752,18.59519828393,15.0165141825026
"NEADON","2016","June_22",12.9687293819896,18.9807695384155,15.9747494602026
"NEADON","2016","June_23",13.4742751749983,19.2618758894101,16.3680755322042
"NEADON","2016","June_24",11.7054910843788,18.5948022109124,15.1501466476456
"NEADON","2016","June_25",10.4105354781957,17.7472409682152,14.0788882232055
"NEADON","2016","June_26",10.869224507869,16.7962082282326,13.8327163680508
"NEADON","2016","June_27",12.772240473047,17.2074735826606,14.9898570278538
"NEADON","2016","June_28",7.09204526828881,16.4330555445097,11.7625504063992
"NEADON","2016","June_29",11.3786865395417,15.9856135562,13.6821500478709
"NEADON","2016","June_30",11.5720111327964,18.452370733021,15.0121909329087
"NEADON","2017","April_01",5.85353264954723,12.7126790734569,9.28310586150206
"NEADON","2017","April_02",5.72983222735478,14.5711882629166,10.1505102451357
"NEADON","2017","April_03",2.62650483190272,13.4786982789874,8.05260155544505
"NEADON","2017","April_04",7.11624305108503,12.8638233873587,9.99003321922185
"NEADON","2017","April_05",2.51984018019622,12.8341413872122,7.67699078370421
"NEADON","2017","April_06",2.42538607193258,14.4570420713886,8.44121407166057
"NEADON","2017","April_07",1.73798562916833,16.3384958348183,9.03824073199331
"NEADON","2017","April_08",3.24008714566473,17.3005407802117,10.2703139629382
"NEADON","2017","April_09",7.53607294257725,17.999566423797,12.7678196831871
"NEADON","2017","April_10",6.23931690764368,13.1676839640375,9.70350043584059
"NEADON","2017","April_11",3.29162909927766,13.7877210953767,8.53967509732716
"NEADON","2017","April_12",4.28573293050322,13.067792460231,8.67676269536713
"NEADON","2017","April_13",6.42796278496818,12.5346331584204,9.48129797169431
"NEADON","2017","April_14",1.84728078349524,13.3710947775624,7.60918778052882
"NEADON","2017","April_15",7.92921590398773,11.6944317584244,9.81182383120609
"NEADON","2017","April_16",3.82255260488735,13.675420741089,8.74898667298816
"NEADON","2017","April_17",7.53317720251776,13.580262211285,10.5567197069014
"NEADON","2017","April_18",3.59511207334287,12.5673946753582,8.08125337435051
"NEADON","2017","April_19",2.8238513389833,13.3854284087653,8.10463987387431
"NEADON","2017","April_20",1.90035998976502,13.4371339161837,7.66874695297436
"NEADON","2017","April_21",5.00480598200827,14.6712254145703,9.83801569828928
"NEADON","2017","April_22",7.14411759907759,14.7138278468431,10.9289727229604
"NEADON","2017","April_23",4.18451974395613,14.5512596098217,9.36788967688893
"NEADON","2017","April_24",3.62043042377797,13.2366988739411,8.42856464885952
"NEADON","2017","April_25",0.881159963371784,10.037629529721,5.45939474654641
"NEADON","2017","April_26",-0.0520338181662902,10.5130793804579,5.2305227811458
"NEADON","2017","April_27",-1.46107862877769,10.6036675286519,4.57129444993712
"NEADON","2017","April_28",6.19137269940954,11.3453654174609,8.76836905843523
"NEADON","2017","April_29",5.95002882959218,13.0179226417618,9.48397573567699
"NEADON","2017","April_30",8.2900427749327,10.3257502982263,9.30789653657952
"NEADON","2017","May_01",6.81427525370171,13.7404360173888,10.2773556355452
"NEADON","2017","May_02",5.17776038285272,15.0945043539924,10.1361323684226
"NEADON","2017","May_03",6.23813060006255,12.8132366076673,9.52568360386493
"NEADON","2017","May_04",7.3752335987657,15.026461778144,11.2008476884549
"NEADON","2017","May_05",7.31255048816226,13.7420008155871,10.5272756518747
"NEADON","2017","May_06",7.42303566480093,14.4753295641844,10.9491826144927
"NEADON","2017","May_07",7.25476196061947,16.0082911276891,11.6315265441543
"NEADON","2017","May_08",5.85408496160978,14.9405004409066,10.3972927012582
"NEADON","2017","May_09",4.37388056784344,13.8895108732619,9.13169572055267
"NEADON","2017","May_10",2.71483700172977,15.4043272436613,9.05958212269554
"NEADON","2017","May_11",7.12804933906522,14.8700293173843,10.9990393282247
"NEADON","2017","May_12",9.87393547974895,14.007134041347,11.940534760548
"NEADON","2017","May_13",9.33815741563025,15.6990923964881,12.5186249060592
"NEADON","2017","May_14",7.6016151450674,15.943324732175,11.7724699386212
"NEADON","2017","May_15",8.15950418711784,14.6954428768805,11.4274735319992
"NEADON","2017","May_16",12.8645802180648,14.666867299103,13.7657237585839
"NEADON","2017","May_17",10.2164864896391,12.3109838872008,11.2637351884199
"NEADON","2017","May_18",5.45624314256369,14.9542413405456,10.2052422415546
"NEADON","2017","May_19",4.53992523324865,14.0439793251123,9.29195227918046
"NEADON","2017","May_20",4.94768687593507,13.9705044137796,9.45909564485734
"NEADON","2017","May_21",7.02952847933302,16.3861379647723,11.7078332220527
"NEADON","2017","May_22",9.75505366147748,20.4055035753006,15.080278618389
"NEADON","2017","May_23",10.4522248583206,17.1935882624005,13.8229065603605
"NEADON","2017","May_24",12.6853732191185,22.651023943372,17.6681985812452
"NEADON","2017","May_25",11.4382005064432,21.5050754693418,16.4716379878925
"NEADON","2017","May_26",13.7018177617952,21.9212081500366,17.8115129559159
"NEADON","2017","May_27",13.4799696585135,18.5308295595002,16.0053996090069
"NEADON","2017","May_28",9.46019554748483,19.6299438690053,14.5450697082451
"NEADON","2017","May_29",12.8684590804451,19.3793439252426,16.1239015028439
"NEADON","2017","May_30",11.3374299987944,18.2916083243922,14.8145191615933
"NEADON","2017","May_31",11.9501315389573,19.6992855932449,15.8247085661011
"NEADON","2017","June_01",8.79479867734491,20.2264377515354,14.5106182144402
"NEADON","2017","June_02",9.82930021923582,17.2736904918632,13.5514953555495
"NEADON","2017","June_03",5.80660253318782,17.0430791995073,11.4248408663476
"NEADON","2017","June_04",6.60164108404134,16.3313902323188,11.46651565818
"NEADON","2017","June_05",8.51774689405564,14.418506308217,11.4681266011363
"NEADON","2017","June_06",8.88564858013814,14.48297686622,11.6843127231791
"NEADON","2017","June_07",9.37686563866526,16.6761924517997,13.0265290452325
"NEADON","2017","June_08",11.6054291928673,16.3909772766601,13.9982032347637
"NEADON","2017","June_09",10.789451150993,17.1770184029429,13.9832347769679
"NEADON","2017","June_10",11.4373931926706,18.0907559724427,14.7640745825567
"NEADON","2017","June_11",10.8638916081443,17.9308675662346,14.3973795871894
"NEADON","2017","June_12",10.4376975189665,16.9369972843164,13.6873474016415
"NEADON","2017","June_13",6.52202347239529,19.4190262666712,12.9705248695332
"NEADON","2017","June_14",8.32209843039282,21.0204945506269,14.6712964905099
"NEADON","2017","June_15",9.44789237307297,18.7668456720578,14.1073690225654
"NEADON","2017","June_16",10.4198797807163,20.7609977919545,15.5904387863354
"NEADON","2017","June_17",10.8014362612496,24.5341938274254,17.6678150443375
"NEADON","2017","June_18",12.617726616272,25.887790263935,19.2527584401035
"NEADON","2017","June_19",14.3233317623189,26.9435727685598,20.6334522654394
"NEADON","2017","June_20",15.2145242333223,28.6499464395135,21.9322353364179
"NEADON","2017","June_21",16.8031173411161,27.2525963051648,22.0278568231405
"NEADON","2017","June_22",15.1041543027056,19.2165824795218,17.1603683911137
"NEADON","2017","June_23",11.4913068737933,20.6104540460636,16.0508804599284
"NEADON","2017","June_24",14.5358862060083,19.2402336698462,16.8880599379272
"NEADON","2017","June_25",12.5761420329351,19.1205894288489,15.848365730892
"NEADON","2017","June_26",10.375634367081,18.9732752372304,14.6744548021557
"NEADON","2017","June_27",11.9705291915909,19.4182324030384,15.6943807973147
"NEADON","2017","June_28",13.1894634618781,14.644678016923,13.9170707394005
"NEADON","2017","June_29",11.0843452360695,14.0789571787907,12.5816512074301
"NEADON","2017","June_30",10.7606816855005,16.0884553823574,13.424568533929
"NEADON","2018","April_01",2.21059431058296,9.11967591572276,5.66513511315286
"NEADON","2018","April_02",3.24749726922224,11.2555894583859,7.25154336380408
"NEADON","2018","April_03",8.70551378854313,11.6762411786552,10.1908774835992
"NEADON","2018","April_04",7.28414231897477,11.2640344140269,9.27408836650082
"NEADON","2018","April_05",0.983246923345559,9.40159488903895,5.19242090619225
"NEADON","2018","April_06",4.41680509557875,11.1039441491679,7.76037462237334
"NEADON","2018","April_07",6.92423394056912,11.2564962899046,9.09036511523687
"NEADON","2018","April_08",3.36067503618833,12.3449690358651,7.85282203602673
"NEADON","2018","April_09",5.10937642652617,10.7690740795099,7.93922525301806
"NEADON","2018","April_10",7.80246901831987,11.6165148759856,9.70949194715275
"NEADON","2018","April_11",8.32270774741381,12.8385520050727,10.5806298762433
"NEADON","2018","April_12",6.28617998569531,12.6673308237405,9.47675540471791
"NEADON","2018","April_13",7.06319642586555,11.9515103599625,9.50735339291401
"NEADON","2018","April_14",4.46090205140162,12.6270991386664,8.54400059503402
"NEADON","2018","April_15",7.15737094079399,12.0960745858855,9.62672276333974
"NEADON","2018","April_16",6.32779446214803,12.9504252656576,9.63910986390283
"NEADON","2018","April_17",9.05266735543045,14.4146564619747,11.7336619087026
"NEADON","2018","April_18",10.3929341412653,18.8005223463999,14.5967282438326
"NEADON","2018","April_19",7.44196842225288,20.9170220636486,14.1794952429507
"NEADON","2018","April_20",7.32443681405548,20.0382794883194,13.6813581511874
"NEADON","2018","April_21",7.77732297767584,21.1446418774697,14.4609824275728
"NEADON","2018","April_22",8.19152526475259,16.1251066857529,12.1583159752527
"NEADON","2018","April_23",7.29283704470747,13.9958638756103,10.6443504601589
"NEADON","2018","April_24",9.58555162214163,13.3768016480322,11.4811766350869
"NEADON","2018","April_25",7.12705479563546,12.9448894338138,10.0359721147246
"NEADON","2018","April_26",5.4055971212465,12.8147388864768,9.11016800386166
"NEADON","2018","April_27",5.99432891796215,9.43293790248878,7.71363341022547
"NEADON","2018","April_28",6.24513735968639,9.97468152543993,8.10990944256316
"NEADON","2018","April_29",3.97177914957652,8.98677708417515,6.47927811687584
"NEADON","2018","April_30",3.03326236158641,11.3591151748342,7.1961887682103
"NEADON","2018","May_01",2.71401256586339,11.9334733743583,7.32374297011083
"NEADON","2018","May_02",7.15846286561302,11.6377736606627,9.39811826313784
"NEADON","2018","May_03",5.0469020166261,14.8078937551905,9.92739788590829
"NEADON","2018","May_04",8.19330381410614,14.9414521971294,11.5673780056177
"NEADON","2018","May_05",6.07810656009773,19.8594163501408,12.9687614551193
"NEADON","2018","May_06",7.33929245468254,21.0518304517234,14.195561453203
"NEADON","2018","May_07",8.77650739027267,22.69625389182,15.7363806410464
"NEADON","2018","May_08",7.87687027974787,15.1193648192818,11.4981175495148
"NEADON","2018","May_09",6.07466948970037,13.1097943251009,9.59223190740066
"NEADON","2018","May_10",5.96570540220886,13.9203134499601,9.94300942608449
"NEADON","2018","May_11",4.62794751951329,12.1377486880145,8.38284810376388
"NEADON","2018","May_12",2.30001760232903,13.0056346142371,7.65282610828307
"NEADON","2018","May_13",3.41045008870548,15.3054488805236,9.35794948461453
"NEADON","2018","May_14",3.29184141795465,17.8945486220704,10.5931950200125
"NEADON","2018","May_15",7.19618114244365,19.1811887901796,13.1886849663116
"NEADON","2018","May_16",9.47103003882323,14.8996408808122,12.1853354598177
"NEADON","2018","May_17",6.40000945477834,16.7293741265592,11.5646917906687
"NEADON","2018","May_18",4.72404236250489,17.1860564278616,10.9550493951833
"NEADON","2018","May_19",5.43708489679726,19.4307678871935,12.4339263919954
"NEADON","2018","May_20",5.28744204832456,17.9192246518838,11.6033333501042
"NEADON","2018","May_21",5.59623376798429,21.8932470062286,13.7447403871065
"NEADON","2018","May_22",10.6473941893335,20.6885835024708,15.6679888459021
"NEADON","2018","May_23",9.60354656271222,21.5503695102332,15.5769580364727
"NEADON","2018","May_24",11.2126976995858,15.6638062472623,13.438251973424
"NEADON","2018","May_25",11.9544876630926,18.0970089631112,15.0257483131019
"NEADON","2018","May_26",11.3529095855751,21.3038513559404,16.3283804707578
"NEADON","2018","May_27",13.6001615014482,20.0617913650338,16.830976433241
"NEADON","2018","May_28",10.5041828827354,24.4418343569666,17.473008619851
"NEADON","2018","May_29",14.3719346630347,19.0826698038524,16.7273022334435
"NEADON","2018","May_30",14.3942727942163,16.2773577260154,15.3358152601158
"NEADON","2018","May_31",13.9178812807275,19.8206135339117,16.8692474073196
"NEADON","2018","June_01",13.6946886117779,20.7030101807372,17.1988493962575
"NEADON","2018","June_02",11.7392413166777,20.0353782543228,15.8873097855002
"NEADON","2018","June_03",9.44722733331185,23.8463506493933,16.6467889913526
"NEADON","2018","June_04",11.8483037180229,23.1021176656378,17.4752106918303
"NEADON","2018","June_05",11.9669429451259,15.380576243569,13.6737595943474
"NEADON","2018","June_06",11.2696861180266,21.670481377306,16.4700837476663
"NEADON","2018","June_07",12.0938297739396,17.7536431884795,14.9237364812096
"NEADON","2018","June_08",13.8075763755872,18.4015870473975,16.1045817114923
"NEADON","2018","June_09",13.0067450246177,20.8964297245045,16.9515873745611
"NEADON","2018","June_10",11.4637737677616,21.5227049503061,16.4932393590339
"NEADON","2018","June_11",13.7792996709125,23.9100138651906,18.8446567680516
"NEADON","2018","June_12",11.979596430824,20.6760447152289,16.3278205730264
"NEADON","2018","June_13",10.664904867245,19.7735800255274,15.2192424463862
"NEADON","2018","June_14",13.3693228448672,18.4724527469791,15.9208877959232
"NEADON","2018","June_15",8.45848721895053,17.8593840365909,13.1589356277707
"NEADON","2018","June_16",10.2635328370455,18.1476458125493,14.2055893247974
"NEADON","2018","June_17",11.2861692793142,17.8501136125251,14.5681414459197
"NEADON","2018","June_18",12.0230444759233,19.7050835332575,15.8640640045904
"NEADON","2018","June_19",14.4503061522006,21.8584676624905,18.1543869073455
"NEADON","2018","June_20",13.371090522503,19.5999166822941,16.4855036023986
"NEADON","2018","June_21",8.12349645814856,17.9095398865582,13.0165181723534
"NEADON","2018","June_22",4.93209211940462,20.1840593523434,12.558075735874
"NEADON","2018","June_23",7.79919111727645,23.0909910072207,15.4450910622486
"NEADON","2018","June_24",9.19563282828275,23.8747412828145,16.5351870555486
"NEADON","2018","June_25",10.5134738080791,26.6930783318686,18.6032760699738
"NEADON","2018","June_26",11.4830211651636,25.9476914597592,18.7153563124614
"NEADON","2018","June_27",11.6187249759362,25.9654545649752,18.7920897704557
"NEADON","2018","June_28",12.9975296133525,27.1397582988489,20.0686439561007
"NEADON","2018","June_29",13.011330418506,26.2786840178518,19.6450072181789
"NEADON","2018","June_30",12.7991769487374,26.5388265884637,19.6690017686006
"NEADON","2019","April_01",2.16871654353161,13.174893975916,7.67180525972379
"NEADON","2019","April_02",3.49996327802893,8.9379196037862,6.21894144090757
"NEADON","2019","April_03",-0.448816190302122,7.50463017656014,3.52790699312901
"NEADON","2019","April_04",2.04440991445038,8.64533374567949,5.34487183006494
"NEADON","2019","April_05",3.39420922830791,8.71606288978249,6.0551360590452
"NEADON","2019","April_06",5.40773284375294,12.2417145323923,8.82472368807263
"NEADON","2019","April_07",6.3577183308873,11.9941990486617,9.17595868977449
"NEADON","2019","April_08",4.96201921713935,13.0423226897327,9.00217095343604
"NEADON","2019","April_09",4.84228286387855,12.0584971348395,8.450389999359
"NEADON","2019","April_10",4.29942945763006,11.4931849548319,7.89630720623098
"NEADON","2019","April_11",0.906949228767531,11.3147720317398,6.11086063025369
"NEADON","2019","April_12",0.0832976714065433,9.68942000249133,4.88635883694894
"NEADON","2019","April_13",2.98784153235527,8.94332341065169,5.96558247150348
"NEADON","2019","April_14",3.74337279678714,7.64882021409947,5.6960965054433
"NEADON","2019","April_15",4.38944343793882,9.81356121883348,7.10150232838615
"NEADON","2019","April_16",6.90230870719652,12.959811362675,9.93106003493578
"NEADON","2019","April_17",3.67040862516025,14.4050712563786,9.03773994076941
"NEADON","2019","April_18",7.47004223030232,17.9471312945421,12.7085867624222
"NEADON","2019","April_19",8.20059793018146,21.7001414602268,14.9503696952042
"NEADON","2019","April_20",9.3232139468674,22.92438836982,16.1238011583437
"NEADON","2019","April_21",8.26557439114293,21.7299278257045,14.9977511084237
"NEADON","2019","April_22",7.02676742274364,18.2563166006424,12.641542011693
"NEADON","2019","April_23",11.0500798528858,18.8759739490475,14.9630269009666
"NEADON","2019","April_24",9.64461116434853,11.8743667472296,10.7594889557891
"NEADON","2019","April_25",7.73213819944442,12.9487259052803,10.3404320523624
"NEADON","2019","April_26",5.67970109603912,11.6971049504276,8.68840302323338
"NEADON","2019","April_27",5.52542136900742,11.1750472474321,8.35023430821976
"NEADON","2019","April_28",5.79634855240492,12.0384155503463,8.9173820513756
"NEADON","2019","April_29",7.60658093751047,13.2740685915813,10.4403247645459
"NEADON","2019","April_30",4.30066058702866,14.5051392918304,9.40289993942953
"NEADON","2019","May_01",7.47897624626081,14.2107830055883,10.8448796259245
"NEADON","2019","May_02",4.8460722320307,11.6071343949672,8.22660331349895
"NEADON","2019","May_03",4.80984002535003,13.5961933128533,9.20301666910167
"NEADON","2019","May_04",3.36991702736097,11.2651721932348,7.3175446102979
"NEADON","2019","May_05",0.128585095229175,12.0792275270242,6.10390631112668
"NEADON","2019","May_06",-0.278196454996612,11.9062745040213,5.81403902451235
"NEADON","2019","May_07",4.39893862838924,12.412723068344,8.40583084836662
"NEADON","2019","May_08",8.25273764316744,12.613578279032,10.4331579610997
"NEADON","2019","May_09",7.60796075592081,12.9922788395272,10.300119797724
"NEADON","2019","May_10",1.8889101719475,13.7927306314601,7.84082040170379
"NEADON","2019","May_11",4.25038178440675,15.0936417024983,9.67201174345253
"NEADON","2019","May_12",3.30064640032996,15.7617386012706,9.53119250080026
"NEADON","2019","May_13",5.33611313404547,14.8287417146902,10.0824274243678
"NEADON","2019","May_14",5.70349107020242,16.3550288215295,11.029259945866
"NEADON","2019","May_15",6.5949758636637,16.7506557660463,11.672815814855
"NEADON","2019","May_16",7.59877760469543,15.2302734126606,11.414525508678
"NEADON","2019","May_17",4.7716676457403,12.3076384761489,8.53965306094462
"NEADON","2019","May_18",8.31160515957267,15.0670961864971,11.6893506730349
"NEADON","2019","May_19",8.68186859192462,17.1496893289776,12.9157789604511
"NEADON","2019","May_20",7.10770406361392,17.5235643936953,12.3156342286546
"NEADON","2019","May_21",6.09414021332125,17.9424156353392,12.0182779243302
"NEADON","2019","May_22",5.87468157172741,19.1580550978022,12.5163683347648
"NEADON","2019","May_23",5.62589032036051,18.1927711702683,11.9093307453144
"NEADON","2019","May_24",7.74085971805775,18.1261537129071,12.9335067154824
"NEADON","2019","May_25",9.78292798997964,19.988907448468,14.8859177192238
"NEADON","2019","May_26",11.1147424398552,16.8094372219504,13.9620898309028
"NEADON","2019","May_27",8.30622636602765,16.086297267452,12.1962618167398
"NEADON","2019","May_28",8.61104725198954,15.4739244817301,12.0424858668598
"NEADON","2019","May_29",6.57744094700526,16.3856006609388,11.481520803972
"NEADON","2019","May_30",10.633880521207,19.4881973306187,15.0610389259129
"NEADON","2019","May_31",12.6082632197337,19.2649849005214,15.9366240601275
"NEADON","2019","June_01",8.92794056329552,21.3624073912447,15.1451739772701
"NEADON","2019","June_02",11.853911602739,17.0211500821582,14.4375308424486
"NEADON","2019","June_03",9.36986801273643,16.9183116200445,13.1440898163905
"NEADON","2019","June_04",10.3641158361625,15.6287062780666,12.9964110571146
"NEADON","2019","June_05",8.36712359943449,16.0496626680245,12.2083931337295
"NEADON","2019","June_06",4.80003738564369,16.0875011018315,10.4437692437376
"NEADON","2019","June_07",9.24238938510535,15.9400586285957,12.5912240068505
"NEADON","2019","June_08",9.36069768194595,15.8579790097538,12.6093383458499
"NEADON","2019","June_09",6.27375137795524,16.0089054483994,11.1413284131773
"NEADON","2019","June_10",6.96791158471645,15.7742175346759,11.3710645596962
"NEADON","2019","June_11",7.36259242491731,10.5407226467562,8.95165753583677
"NEADON","2019","June_12",8.34682310772912,14.1976939299015,11.2722585188153
"NEADON","2019","June_13",9.24879986543404,14.217203443622,11.733001654528
"NEADON","2019","June_14",10.4689593223367,15.8058120016307,13.1373856619837
"NEADON","2019","June_15",10.0661059004743,16.9440960541827,13.5051009773285
"NEADON","2019","June_16",9.0741301784955,16.5026622771582,12.7883962278268
"NEADON","2019","June_17",12.1476898132643,17.0027698411281,14.5752298271962
"NEADON","2019","June_18",9.28356922249678,15.3015382067639,12.2925537146303
"NEADON","2019","June_19",12.4401369003104,17.6727860932589,15.0564614967846
"NEADON","2019","June_20",8.57970371212993,16.4975722640987,12.5386379881143
"NEADON","2019","June_21",8.29039278332068,18.2775768011117,13.2839847922162
"NEADON","2019","June_22",4.96587122824231,18.6522919067199,11.8090815674811
"NEADON","2019","June_23",12.3391705937181,17.466911271028,14.9030409323731
"NEADON","2019","June_24",13.0785298179459,19.5153110278808,16.2969204229133
"NEADON","2019","June_25",13.2712748062854,21.1532027805401,17.2122387934127
"NEADON","2019","June_26",14.8129676722576,21.835600292136,18.3242839821968
"NEADON","2019","June_27",13.2303599263346,24.3607700692446,18.7955649977896
"NEADON","2019","June_28",14.305779015232,24.2921797620836,19.2989793886578
"NEADON","2019","June_29",15.3838696953592,24.2427176087051,19.8132936520322
"NEADON","2019","June_30",13.2944049838667,20.3797538950835,16.8370794394751
"NEADON","2020","April_01",-1.5841713876144,8.41628231098807,3.41605546168684
"NEADON","2020","April_02",4.75697264061104,10.5706118609917,7.66379225080138
"NEADON","2020","April_03",5.52845649202495,11.168203358976,8.34832992550047
"NEADON","2020","April_04",2.251239524906,14.1760638154107,8.21365167015833
"NEADON","2020","April_05",7.24727165181687,16.6280453704341,11.9376585111255
"NEADON","2020","April_06",5.53363409336864,12.6801776920545,9.10690589271156
"NEADON","2020","April_07",2.7545177877385,15.8552850438533,9.30490141579591
"NEADON","2020","April_08",9.38949020052897,17.9124431546029,13.650966677566
"NEADON","2020","April_09",7.36169526880152,20.8895366848018,14.1256159768016
"NEADON","2020","April_10",7.95283538168848,20.7964630809115,14.3746492313
"NEADON","2020","April_11",8.19176636146024,23.0337475492335,15.6127569553469
"NEADON","2020","April_12",5.8774291973999,17.7101968080064,11.7938130027031
"NEADON","2020","April_13",6.65428786739678,12.554709373542,9.60449862046937
"NEADON","2020","April_14",0.568836873459755,11.6490161255067,6.10892649948322
"NEADON","2020","April_15",1.07541487259838,14.9495987576822,8.0125068151403
"NEADON","2020","April_16",5.20212375700803,17.1865077866016,11.1943157718048
"NEADON","2020","April_17",7.78791140763319,10.6097366836942,9.19882404566367
"NEADON","2020","April_18",7.221443991933,10.7400140954886,8.98072904371078
"NEADON","2020","April_19",7.39863862559094,15.7933531254634,11.5959958755272
"NEADON","2020","April_20",5.27518603269307,16.3853161929293,10.8302511128112
"NEADON","2020","April_21",8.16906528924856,18.097814922313,13.1334401057808
"NEADON","2020","April_22",6.06866623191667,19.4798961770119,12.7742812044643
"NEADON","2020","April_23",5.25752446522621,19.6313009318958,12.444412698561
"NEADON","2020","April_24",6.71370743705577,18.575794877589,12.6447511573224
"NEADON","2020","April_25",5.62105275217465,14.6842607458306,10.1526567490026
"NEADON","2020","April_26",6.56857432616666,16.3938459642678,11.4812101452172
"NEADON","2020","April_27",5.92587603185559,14.351681542973,10.1387787874143
"NEADON","2020","April_28",8.74534316712218,11.3419590579574,10.0436511125398
"NEADON","2020","April_29",2.30122653752228,13.3250382914546,7.81313241448846
"NEADON","2020","April_30",5.0332873491229,11.649778461997,8.34153290555996
"NEADON","2020","May_01",6.45679127978212,13.2240614533108,9.84042636654647
"NEADON","2020","May_02",4.58489546473259,15.0474870390753,9.81619125190392
"NEADON","2020","May_03",7.19253539656473,13.4974974176984,10.3450164071315
"NEADON","2020","May_04",8.33544651844789,13.7175201730092,11.0264833457285
"NEADON","2020","May_05",7.50964171668234,11.0681336622281,9.28888768945524
"NEADON","2020","May_06",6.08191300686153,15.2944221865058,10.6881675966837
"NEADON","2020","May_07",6.06848187771856,19.2063981285941,12.6374400031563
"NEADON","2020","May_08",8.29220942792021,19.2212767960823,13.7567431120012
"NEADON","2020","May_09",8.72765510046331,21.1762277013844,14.9519414009239
"NEADON","2020","May_10",9.18120593614512,19.7500989360111,14.4656524360781
"NEADON","2020","May_11",2.33869109062218,11.3764754333014,6.85758326196179
"NEADON","2020","May_12",0.511105952178075,13.293380795923,6.90224337405056
"NEADON","2020","May_13",3.81804851504397,12.7422995444068,8.28017402972541
"NEADON","2020","May_14",1.60017575405474,13.0621974126584,7.33118658335656
"NEADON","2020","May_15",2.27697885522662,15.9878070201891,9.13239293770787
"NEADON","2020","May_16",4.41060764595904,16.5688184591128,10.4897130525359
"NEADON","2020","May_17",6.55404204664546,17.0640912295207,11.8090666380831
"NEADON","2020","May_18",6.04824960559775,18.3944374550736,12.2213435303357
"NEADON","2020","May_19",8.70020073046769,19.5015001586474,14.1008504445575
"NEADON","2020","May_20",7.2347818726552,21.9112336222604,14.5730077474578
"NEADON","2020","May_21",9.42501720285223,21.5285254273386,15.4767713150954
"NEADON","2020","May_22",12.0731245878334,16.6230357003702,14.3480801441018
"NEADON","2020","May_23",9.45191076824067,16.447387754468,12.9496492613544
"NEADON","2020","May_24",9.71283452966559,18.3900736545216,14.0514540920936
"NEADON","2020","May_25",5.74191933341205,21.2774301765416,13.5096747549768
"NEADON","2020","May_26",7.06653926659761,22.3806828481704,14.723611057384
"NEADON","2020","May_27",10.8829023320205,24.1694522461896,17.526177289105
"NEADON","2020","May_28",10.530434821555,19.5661758800916,15.0483053508233
"NEADON","2020","May_29",10.1234493442591,21.3900885229544,15.7567689336067
"NEADON","2020","May_30",9.41970071937429,22.5552479775654,15.9874743484699
"NEADON","2020","May_31",10.4441663807359,22.2264076389842,16.3352870098601
"NEADON","2020","June_01",9.68765121592251,23.599428887069,16.6435400514958
"NEADON","2020","June_02",11.206305310009,24.5679898868041,17.8871475984065
"NEADON","2020","June_03",12.7811448557243,15.5902312719796,14.185688063852
"NEADON","2020","June_04",7.621500167711,14.6553075480866,11.1384038578988
"NEADON","2020","June_05",9.83746441007713,15.2272505285679,12.5323574693225
"NEADON","2020","June_06",5.3195785637137,11.9006973471711,8.61013795544241
"NEADON","2020","June_07",7.75251098287204,15.8602470085056,11.8063789956888
"NEADON","2020","June_08",7.96052678581515,17.1717459406388,12.566136363227
"NEADON","2020","June_09",6.48583278524352,16.9096792258848,11.6977560055642
"NEADON","2020","June_10",9.6892992521335,14.6260195909553,12.1576594215444
"NEADON","2020","June_11",8.04894329888958,17.1102301249414,12.5795867119155
"NEADON","2020","June_12",11.0705618584049,17.927735086079,14.4991484722419
"NEADON","2020","June_13",6.84024258902212,16.1961084407237,11.5181755148729
"NEADON","2020","June_14",8.70240407036788,18.397342207181,13.5498731387744
"NEADON","2020","June_15",8.75307533986055,19.649619959418,14.2013476496393
"NEADON","2020","June_16",11.5178045677769,19.5337778748301,15.5257912213035
"NEADON","2020","June_17",10.4564100222165,19.0204613979661,14.7384357100913
"NEADON","2020","June_18",11.4730957920344,15.6344018007679,13.5537487964012
"NEADON","2020","June_19",11.1394216675837,17.0904976131604,14.1149596403721
"NEADON","2020","June_20",12.1713482613734,18.7046052905184,15.4379767759459
"NEADON","2020","June_21",12.2643838411116,17.5500192081252,14.9072015246184
"NEADON","2020","June_22",8.05153842757302,18.8364579393,13.4439981834365
"NEADON","2020","June_23",10.3664323165421,22.8073100174032,16.5868711669727
"NEADON","2020","June_24",12.6393637279344,26.2270086717566,19.4331861998455
"NEADON","2020","June_25",13.7987047078588,27.5325790656963,20.6656418867776
"NEADON","2020","June_26",14.2658193727092,18.9958099352866,16.6308146539979
"NEADON","2020","June_27",13.118915916301,17.1819893300739,15.1504526231875
"NEADON","2020","June_28",10.2283398442656,16.5148761001248,13.3716079721952
"NEADON","2020","June_29",10.2624829233144,16.5606880164233,13.4115854698689
"NEADON","2020","June_30",11.0567079571117,17.897238946654,14.4769734518828
"NEADON","2021","April_01",8.179795531887,15.292870036712,11.7363327842995
"NEADON","2021","April_02",3.10461323090902,11.3501115143957,7.22736237265238
"NEADON","2021","April_03",2.25321605325473,10.2528565854831,6.25303631936893
"NEADON","2021","April_04",0.212779137635191,13.6114452792614,6.91211220844829
"NEADON","2021","April_05",4.53970527053937,8.62828318074088,6.58399422564013
"NEADON","2021","April_06",-0.569096519488245,6.89346886525567,3.16218617288371
"NEADON","2021","April_07",-0.976127622131359,7.50540337578568,3.26463787682716
"NEADON","2021","April_08",0.372250422537231,10.6133848160373,5.49281761928727
"NEADON","2021","April_09",1.41169689349589,10.5048374085639,5.95826715102991
"NEADON","2021","April_10",3.08132381696887,10.2266296773146,6.65397674714175
"NEADON","2021","April_11",-0.305147435202664,8.77057267950837,4.23271262215285
"NEADON","2021","April_12",0.279440728508857,10.5195895983464,5.39951516342765
"NEADON","2021","April_13",-0.561546414070999,10.8747987322881,5.15662615910854
"NEADON","2021","April_14",-0.0182678948242483,12.6320973539023,6.30691472953903
"NEADON","2021","April_15",0.968131499827488,9.8479377884966,5.40803464416205
"NEADON","2021","April_16",-0.296587356547628,10.8086036201157,5.25600813178402
"NEADON","2021","April_17",-0.44809088859903,11.7729944230411,5.66245176722101
"NEADON","2021","April_18",0.515064855428557,13.7009400634172,7.10800245942289
"NEADON","2021","April_19",1.01234098196496,12.6486649780217,6.83050297999335
"NEADON","2021","April_20",4.04340436499181,14.3010542993573,9.17222933217457
"NEADON","2021","April_21",5.30131736429508,14.8163371254887,10.0588272448919
"NEADON","2021","April_22",2.98790477636984,12.02786150995,7.50788314315994
"NEADON","2021","April_23",4.22299901447549,13.5555317544135,8.88926538444452
"NEADON","2021","April_24",5.72071408180009,13.8880590686962,9.80438657524814
"NEADON","2021","April_25",4.16144786054358,13.3446005518663,8.75302420620494
"NEADON","2021","April_26",2.29572025239428,12.73784773457,7.51678399348216
"NEADON","2021","April_27",1.53783108166758,15.1668176236512,8.35232435265939
"NEADON","2021","April_28",5.33070512797996,10.1349129543188,7.73280904114939
"NEADON","2021","April_29",2.57618001661714,10.8593972065458,6.71778861158147
"NEADON","2021","April_30",0.392228602241867,11.0549137650751,5.72357118365847
"NEADON","2021","May_01",0.212551897261973,10.7004894678883,5.45652068257515
"NEADON","2021","May_02",0.873177522927098,12.4567895207555,6.6649835218413
"NEADON","2021","May_03",3.91002408940751,10.4805001269921,7.19526210819983
"NEADON","2021","May_04",7.03427631393088,11.2614604820438,9.14786839798736
"NEADON","2021","May_05",3.15603784505386,10.421422243399,6.78873004422643
"NEADON","2021","May_06",2.29490288254949,11.551679768799,6.92329132567427
"NEADON","2021","May_07",1.67052316151102,12.7056357031585,7.18807943233477
"NEADON","2021","May_08",6.64391019180415,12.8073686581758,9.72563942498995
"NEADON","2021","May_09",9.00615252274413,14.3456986881134,11.6759256054288
"NEADON","2021","May_10",8.7415457854983,12.6525748792324,10.6970603323654
"NEADON","2021","May_11",5.50723111945668,12.3773906102496,8.94231086485315
"NEADON","2021","May_12",5.80893833689518,11.8072470222201,8.80809267955765
"NEADON","2021","May_13",5.62941771036719,10.7608371918001,8.19512745108366
"NEADON","2021","May_14",7.76061865660939,12.7846961238965,10.2726573902529
"NEADON","2021","May_15",7.34564756080508,12.9056134855602,10.1256305231827
"NEADON","2021","May_16",7.34325392789196,12.6319952791908,9.98762460354139
"NEADON","2021","May_17",7.59202296202671,14.076630855345,10.8343269086859
"NEADON","2021","May_18",7.11524052862097,14.161688152924,10.6384643407725
"NEADON","2021","May_19",7.06763597526392,14.7400990752269,10.9038675252454
"NEADON","2021","May_20",7.9153952670337,12.1855410839578,10.0504681754957
"NEADON","2021","May_21",8.44799057283667,10.7376301791664,9.59281037600156
"NEADON","2021","May_22",8.1791758506434,12.3003886537327,10.239782252188
"NEADON","2021","May_23",3.80642972000833,10.2346350641315,7.02053239206989
"NEADON","2021","May_24",5.58962536532854,10.7887350088453,8.1891801870869
"NEADON","2021","May_25",6.74760816996843,12.1815675950761,9.46458788252225
"NEADON","2021","May_26",6.01839061690048,15.5290974120886,10.7737440144945
"NEADON","2021","May_27",3.6694961339593,16.7085149643531,10.1890055491562
"NEADON","2021","May_28",8.82305674822815,17.7483693578424,13.2857130530353
"NEADON","2021","May_29",9.86950008111424,19.4784984446447,14.6739992628795
"NEADON","2021","May_30",8.82299291610494,18.1845487513312,13.5037708337181
"NEADON","2021","May_31",6.8606874550684,19.5454274041161,13.2030574295922
"NEADON","2021","June_01",9.6139117240144,21.3353987954773,15.4746552597459
"NEADON","2021","June_02",12.0929733959423,18.6066000541097,15.349786725026
"NEADON","2021","June_03",10.9796298698595,17.7234500451329,14.3515399574962
"NEADON","2021","June_04",4.55803184168183,18.5307116101088,11.5443717258953
"NEADON","2021","June_05",6.19460063743861,17.461821519109,11.8282110782738
"NEADON","2021","June_06",12.2852725465277,19.6999344531019,15.9926034998148
"NEADON","2021","June_07",8.6819444687266,18.4674376027309,13.5746910357288
"NEADON","2021","June_08",6.57915507163371,20.0066444262122,13.292899748923
"NEADON","2021","June_09",9.83329739060171,18.9828280477233,14.4080627191625
"NEADON","2021","June_10",14.0118074076042,20.2224247672824,17.1171160874433
"NEADON","2021","June_11",14.0783919269997,19.9861962782721,17.0322941026359
"NEADON","2021","June_12",10.4411804552011,21.6944441462577,16.0678123007294
"NEADON","2021","June_13",10.6488131952583,23.5912070182189,17.1200101067386
"NEADON","2021","June_14",11.0280987821392,23.570543743757,17.2993212629481
"NEADON","2021","June_15",9.11612699835969,22.0032694800152,15.5596982391875
"NEADON","2021","June_16",8.68892823958958,21.9394009310256,15.3141645853076
"NEADON","2021","June_17",11.7287292689727,19.7535865810075,15.7411579249901
"NEADON","2021","June_18",12.0351816882073,19.1568429475075,15.5960123178574
"NEADON","2021","June_19",10.1130694627173,16.0240227022103,13.0685460824638
"NEADON","2021","June_20",11.6460391601374,17.717611643655,14.6818254018962
"NEADON","2021","June_21",10.7351890477671,13.3325025037052,12.0338457757362
"NEADON","2021","June_22",9.79094248956161,17.2247963440029,13.5078694167823
"NEADON","2021","June_23",7.4305112092755,20.1611514248719,13.7958313170737
"NEADON","2021","June_24",10.3557148650521,21.1854513065883,15.7705830858202
"NEADON","2021","June_25",12.5830788519158,16.8599082423559,14.7214935471359
"NEADON","2021","June_26",9.76365136347864,16.9934045893478,13.3785279764132
"NEADON","2021","June_27",11.1719971383756,16.8319146646036,14.0019559014896
"NEADON","2021","June_28",13.0815852868218,20.1157529899602,16.598669138391
"NEADON","2021","June_29",13.1609663918696,19.4913134394412,16.3261399156554
"NEADON","2021","June_30",11.0664726340678,23.3100112500009,17.1882419420343
"NEADON","2022","April_01",-0.336740823057388,8.01388497251022,3.83857207472642
"NEADON","2022","April_02",-0.0417479139450573,7.15817077453928,3.55821143029711
"NEADON","2022","April_03",-1.71129744112572,10.2802243575497,4.28446345821197
"NEADON","2022","April_04",2.52754551064935,12.0068087607041,7.26717713567672
"NEADON","2022","April_05",7.82277487100372,12.6763385693268,10.2495567201652
"NEADON","2022","April_06",7.91144559585738,12.0568782973474,9.98416194660239
"NEADON","2022","April_07",5.93333113358878,11.0085850609952,8.47095809729197
"NEADON","2022","April_08",3.49023209400635,9.89372465045429,6.69197837223032
"NEADON","2022","April_09",0.693505373383086,10.6438114033444,5.66865838836374
"NEADON","2022","April_10",-0.0828215359750934,10.2297769478914,5.07347770595818
"NEADON","2022","April_11",6.28427443217204,12.5406529060078,9.4124636690899
"NEADON","2022","April_12",8.13143290262509,14.5634265674576,11.3474297350413
"NEADON","2022","April_13",9.93481806014489,14.3211346151011,12.127976337623
"NEADON","2022","April_14",6.38163275373705,15.3061912581996,10.8439120059683
"NEADON","2022","April_15",7.2189866158705,16.2893332577006,11.7541599367855
"NEADON","2022","April_16",6.6661182734552,17.1317882892497,11.8989532813524
"NEADON","2022","April_17",6.54989981393942,16.3619591572338,11.4559294855866
"NEADON","2022","April_18",4.80297948610366,13.0225213177392,8.91275040192145
"NEADON","2022","April_19",2.26654893901644,12.7571540632583,7.51185150113735
"NEADON","2022","April_20",6.4875556084126,16.2930446966593,11.390300152536
"NEADON","2022","April_21",4.75893538692273,16.3061272958898,10.5325313414063
"NEADON","2022","April_22",5.98500474467124,13.8200271464095,9.90251594554037
"NEADON","2022","April_23",7.22665666847509,15.680189994517,11.453423331496
"NEADON","2022","April_24",7.45701399471356,16.4299595513942,11.9434867730539
"NEADON","2022","April_25",5.92686481761807,14.4513695909936,10.1891172043058
"NEADON","2022","April_26",3.6303278852324,13.7460710155213,8.68819945037686
"NEADON","2022","April_27",4.21231957598674,11.7878954313488,8.00010750366778
"NEADON","2022","April_28",4.42641839898455,13.8525581404347,9.13948826970965
"NEADON","2022","April_29",3.96062788423838,15.0204385382998,9.49053321126911
"NEADON","2022","April_30",2.56347244639477,13.2329674139727,7.89821993018373
"NEADON","2022","May_01",5.57470720706213,10.4354760532245,8.00509163014333
"NEADON","2022","May_02",8.05038172993421,13.1072585013303,10.5788201156323
"NEADON","2022","May_03",7.45623665181059,16.3136029094631,11.8849197806368
"NEADON","2022","May_04",6.61516873623247,16.2883198241747,11.4517442802036
"NEADON","2022","May_05",6.74598330132622,18.5141098219992,12.6300465616627
"NEADON","2022","May_06",7.53467538830247,16.4947666580936,12.014721023198
"NEADON","2022","May_07",9.04112660289726,19.4159848926397,14.2285557477685
"NEADON","2022","May_08",8.20441184925942,16.1295720020919,12.1669919256757
"NEADON","2022","May_09",6.46409428462272,18.7865687178643,12.6253315012435
"NEADON","2022","May_10",11.6228790653543,16.991835644273,14.3073573548136
"NEADON","2022","May_11",10.7150037409903,14.8957930679884,12.8053984044893
"NEADON","2022","May_12",7.41628578851194,14.3875993880551,10.9019425882835
"NEADON","2022","May_13",8.70047899977304,17.031797948578,12.8661384741755
"NEADON","2022","May_14",7.12088774537518,17.719479815688,12.4201837805316
"NEADON","2022","May_15",9.85657080703452,16.7088536157648,13.2827122113997
"NEADON","2022","May_16",11.9772288197818,17.2124923858586,14.5948606028202
"NEADON","2022","May_17",10.2223176013665,17.6988359624158,13.9605767818912
"NEADON","2022","May_18",9.48239120089853,16.0959930745822,12.7891921377403
"NEADON","2022","May_19",8.59732135589846,17.6477294017871,13.1225253788428
"NEADON","2022","May_20",9.65946754344298,16.0099856849071,12.834726614175
"NEADON","2022","May_21",8.54521344959862,17.8368865133409,13.1910499814697
"NEADON","2022","May_22",7.50503196561151,19.3418682872554,13.4234501264334
"NEADON","2022","May_23",9.71498287264064,14.3256122675729,12.0202975701068
"NEADON","2022","May_24",7.08310055099559,16.0253020950862,11.5542013230409
"NEADON","2022","May_25",8.17843402019735,15.354974064397,11.7667040422972
"NEADON","2022","May_26",10.8406049687564,16.8969354361644,13.8687702024604
"NEADON","2022","May_27",10.4730058600578,17.0829041421401,13.777955001099
"NEADON","2022","May_28",7.1019766754519,17.8141038571467,12.4580402662993
"NEADON","2022","May_29",6.61368670853221,14.9445170734864,10.7791018910093
"NEADON","2022","May_30",5.33313723918529,14.2295674880648,9.78135236362503
"NEADON","2022","May_31",5.27215822063565,15.8637485700753,10.5679533953555
"NEADON","2022","June_01",5.28576303787159,16.7746492221861,11.0302061300289
"NEADON","2022","June_02",6.43277752108621,18.2740230982377,12.353400309662
"NEADON","2022","June_03",6.23595690802263,20.8720522168615,13.5540045624421
"NEADON","2022","June_04",10.0783512683021,16.4447577698549,13.2615545190785
"NEADON","2022","June_05",11.0285364243977,16.519760032393,13.7741482283954
"NEADON","2022","June_06",9.67415321723183,19.5804178219307,14.6272855195813
"NEADON","2022","June_07",11.9808128442389,19.2055930639491,15.593202954094
"NEADON","2022","June_08",11.8088934527727,17.8644117022251,14.8366525774989
"NEADON","2022","June_09",10.5107011355577,17.4382008767633,13.9744510061605
"NEADON","2022","June_10",11.2645163595223,19.2764293386356,15.270472849079
"NEADON","2022","June_11",10.9066221470524,18.9957859075056,14.951204027279
"NEADON","2022","June_12",9.28084188267832,18.6299822199812,13.9554120513298
"NEADON","2022","June_13",6.88763616000812,18.1578671452967,12.5227516526524
"NEADON","2022","June_14",5.7956602297865,19.9312244115797,12.8634423206831
"NEADON","2022","June_15",6.87292916451243,22.1497842537794,14.5113567091459
"NEADON","2022","June_16",9.50897614103145,23.3691558804809,16.4390660107562
"NEADON","2022","June_17",11.854011650207,27.2375863449136,19.5457989975603
"NEADON","2022","June_18",13.6591886602496,18.9692986911091,16.3142436756794
"NEADON","2022","June_19",8.84735738680354,15.2903649401913,12.0688611634974
"NEADON","2022","June_20",10.7154216954385,20.394996712164,15.5552092038012
"NEADON","2022","June_21",8.10604463850019,22.1812532848751,15.1436489616876
"NEADON","2022","June_22",10.6722224580402,24.5652079445296,17.6187152012849
"NEADON","2022","June_23",11.5173511329791,23.5844215230199,17.5508863279995
"NEADON","2022","June_24",13.0281743113125,17.2565722652678,15.1423732882901
"NEADON","2022","June_25",9.48878534186017,16.1887463212566,12.8387658315584
"NEADON","2022","June_26",9.78928894169992,17.4123229704227,13.6008059560613
"NEADON","2022","June_27",11.003046765685,17.6752972002079,14.3391719829465
"NEADON","2022","June_28",9.8458498471475,15.564833193573,12.7053415203603
"NEADON","2022","June_29",11.1951685279223,17.6221610461389,14.4086647870306
"NEADON","2022","June_30",7.35532911535273,16.9483385731713,12.151833844262
"NEADON","2023","April_01",7.92407417815969,12.1692632396136,10.0466687088866
"NEADON","2023","April_02",4.04728918659691,12.0218599642953,8.03457457544613
"NEADON","2023","April_03",1.94862298161056,9.33442532255409,5.64152415208233
"NEADON","2023","April_04",2.82540247850808,11.6883135422244,7.25685801036623
"NEADON","2023","April_05",3.85857258410783,10.1231344912128,6.99085353766033
"NEADON","2023","April_06",6.95723644679546,12.9469713562279,9.95210390151168
"NEADON","2023","April_07",1.92452225837841,13.0274000246068,7.4759611414926
"NEADON","2023","April_08",2.76433348205378,12.4964842725715,7.63040887731266
"NEADON","2023","April_09",5.77578010075024,13.8571721241209,9.81647611243555
"NEADON","2023","April_10",8.83314971604486,13.9598335797288,11.3964916478868
"NEADON","2023","April_11",5.33075177621657,10.7787768711719,8.05476432369422
"NEADON","2023","April_12",3.20076868285102,8.20667220414257,5.7037204434968
"NEADON","2023","April_13",3.36068849487387,12.3297166510743,7.84520257297409
"NEADON","2023","April_14",4.88309574395665,10.4382725300075,7.6606841369821
"NEADON","2023","April_15",3.48258550463042,13.970860605832,8.72672305523123
"NEADON","2023","April_16",7.37390645441611,14.4723219330332,10.9231141937246
"NEADON","2023","April_17",9.43304529133646,13.9938048631188,11.7134250772276
"NEADON","2023","April_18",6.03774536461408,13.9617112435992,9.99972830410664
"NEADON","2023","April_19",5.63319450067922,13.3126339610534,9.47291423086629
"NEADON","2023","April_20",3.61411025626512,14.029073962432,8.82159210934854
"NEADON","2023","April_21",3.51643351259658,11.7250943614915,7.62076393704405
"NEADON","2023","April_22",2.13479349349347,10.2391101506719,6.18695182208268
"NEADON","2023","April_23",4.10555505471619,11.4870910947014,7.79632307470879
"NEADON","2023","April_24",4.3877203297112,12.519687156868,8.45370374328961
"NEADON","2023","April_25",3.13313699254601,10.1799444919849,6.65654074226545
"NEADON","2023","April_26",5.64885214224774,11.373508405796,8.51118027402185
"NEADON","2023","April_27",8.22240156290992,12.636671614481,10.4295365886955
"NEADON","2023","April_28",9.66829174820564,16.01797137936,12.8431315637828
"NEADON","2023","April_29",7.07143919511891,14.9390087259258,11.0052239605224
"NEADON","2023","April_30",8.48232587457451,15.7358745223225,12.1091001984485
"NEADON","2023","May_01",8.33358323464008,16.4694364466648,12.4015098406525
"NEADON","2023","May_02",6.18149723893855,16.4406166594183,11.3110569491784
"NEADON","2023","May_03",8.02734090496102,14.2813451328947,11.1543430189278
"NEADON","2023","May_04",8.98266201806872,13.2925937541446,11.1376278861066
"NEADON","2023","May_05",10.469939049778,14.8935824754011,12.6817607625896
"NEADON","2023","May_06",10.8574870874882,17.371185466511,14.1143362769996
"NEADON","2023","May_07",9.32594181584644,16.7746524246688,13.0502971202576
"NEADON","2023","May_08",9.99402946440191,14.6695843645527,12.3318069144773
"NEADON","2023","May_09",10.7636764195863,15.7169961947744,13.2403363071804
"NEADON","2023","May_10",9.40297936180756,15.047121120658,12.2250502412328
"NEADON","2023","May_11",8.0572856399833,15.5383310154856,11.7978083277344
"NEADON","2023","May_12",6.74386164971401,17.8211463028547,12.2825039762843
"NEADON","2023","May_13",8.62346278972189,19.428830406411,14.0261465980665
"NEADON","2023","May_14",7.63968548467496,18.1286446872716,12.8841650859733
"NEADON","2023","May_15",7.94089444030153,14.3902829717759,11.1655887060387
"NEADON","2023","May_16",4.7924596160525,16.3385898741264,10.5655247450895
"NEADON","2023","May_17",6.27750195584062,17.3082742123496,11.7928880840951
"NEADON","2023","May_18",8.40588576222463,18.5187290489452,13.4623074055849
"NEADON","2023","May_19",7.7920348116529,17.6632049581619,12.7276198849074
"NEADON","2023","May_20",8.66751561512176,18.630826201529,13.6491709083254
"NEADON","2023","May_21",7.48314703572809,18.891941193594,13.187544114661
"NEADON","2023","May_22",7.56011922970741,20.770772611515,14.1654459206112
"NEADON","2023","May_23",7.81227934144685,17.3811387246704,12.5967090330586
"NEADON","2023","May_24",7.72706405312278,20.2716650415051,13.9993645473139
"NEADON","2023","May_25",8.47332378392014,20.0371836925796,14.2552537382499
"NEADON","2023","May_26",8.60719926144501,20.0245042789883,14.3158517702166
"NEADON","2023","May_27",6.45155721862261,19.9256406375654,13.188598928094
"NEADON","2023","May_28",8.69373990002446,21.4381006788788,15.0659202894516
"NEADON","2023","May_29",8.8273459351103,18.0010009332378,13.4141734341741
"NEADON","2023","May_30",7.44089462444325,19.5707762336614,13.5058354290523
"NEADON","2023","May_31",9.93051967492089,19.1882005160165,14.5593600954687
"NEADON","2023","June_01",8.41765788696437,19.7231785165664,14.0704182017654
"NEADON","2023","June_02",8.76046075118789,17.6296153772017,13.1950380641948
"NEADON","2023","June_03",7.20941597372977,20.5812807362526,13.8953483549912
"NEADON","2023","June_04",9.84229446890191,22.1273886316364,15.9848415502691
"NEADON","2023","June_05",9.67118715740839,19.9155902408665,14.7933886991374
"NEADON","2023","June_06",7.96180445182587,18.6763969602893,13.3191007060576
"NEADON","2023","June_07",7.82204498964216,21.1806068638837,14.5013259267629
"NEADON","2023","June_08",10.6487106167997,21.6615148545341,16.1551127356669
"NEADON","2023","June_09",12.3514699662243,23.1836398220881,17.7675548941562
"NEADON","2023","June_10",14.980112132143,21.1513695978219,18.0657408649824
"NEADON","2023","June_11",12.010374604007,24.0526741436832,18.0315243738451
"NEADON","2023","June_12",14.7109176175875,22.5770678865802,18.6439927520838
"NEADON","2023","June_13",13.1656412817065,27.7180019651407,20.4418216234236
"NEADON","2023","June_14",12.9807400122632,26.5368930358319,19.7588165240476
"NEADON","2023","June_15",11.5663794251367,25.9278055822075,18.7470925036721
"NEADON","2023","June_16",12.4119272827315,24.3269005350131,18.3694139088723
"NEADON","2023","June_17",12.9652254771594,23.0107113498355,17.9879684134974
"NEADON","2023","June_18",12.1691245680527,20.9935563026055,16.5813404353291
"NEADON","2023","June_19",13.3037827951704,22.0456679584615,17.674725376816
"NEADON","2023","June_20",13.7249315266321,21.4785981239881,17.6017648253101
"NEADON","2023","June_21",11.6818837651501,21.9964977591861,16.8391907621681
"NEADON","2023","June_22",11.7006924008313,24.119531636601,17.9101120187161
"NEADON","2023","June_23",11.966404109115,22.8878590264797,17.4271315677973
"NEADON","2023","June_24",15.6901758088496,25.1321003193285,20.4111380640891
"NEADON","2023","June_25",13.410935222169,24.4040835665593,18.9075093943641
"NEADON","2023","June_26",11.1039764984884,20.6584907490511,15.8812336237697
"NEADON","2023","June_27",11.880508210716,21.4550298073336,16.6677690090248
"NEADON","2023","June_28",15.956040873596,22.3819004279736,19.1689706507848
"NEADON","2023","June_29",11.6587618629888,20.7351504189763,16.1969561409826
"NEADON","2023","June_30",10.2196069157733,18.4062010676765,14.3129039917249
"NEADON","2012","April_01",0.917278406347619,10.550641492347,5.73395994934731
"NEADON","2012","April_02",-0.0961860658806776,12.4451419900169,6.1744779620681
"NEADON","2012","April_03",1.41492757508459,11.9254219272897,6.67017475118715
"NEADON","2012","April_04",1.81690471466677,6.90527468441635,4.36108969954156
"NEADON","2012","April_05",2.98914862558506,7.49690180321761,5.24302521440133
"NEADON","2012","April_06",-0.49862678140811,10.7821328865949,5.14175305259339
"NEADON","2012","April_07",4.30302976471608,12.3911755679869,8.34710266635148
"NEADON","2012","April_08",6.14164449320559,13.3539544146037,9.74779945390464
"NEADON","2012","April_09",7.88566932213537,10.2384868251132,9.0620780736243
"NEADON","2012","April_10",3.13712953226169,10.3601475549763,6.74863854361901
"NEADON","2012","April_11",3.08059042177084,11.9379595740517,7.50927499791126
"NEADON","2012","April_12",2.21224361549863,12.3264799521622,7.26936178383042
"NEADON","2012","April_13",0.4125706855083,11.8687085351725,6.14063961034038
"NEADON","2012","April_14",2.5135230997322,9.84833547230999,6.1809292860211
"NEADON","2012","April_15",1.548756132622,10.1583880013605,5.85357206699123
"NEADON","2012","April_16",-0.177391049046986,10.4814095130724,5.15200923201272
"NEADON","2012","April_17",5.74066203827046,10.3351825642699,8.03792230127019
"NEADON","2012","April_18",4.70618161178835,8.77290284215481,6.73954222697158
"NEADON","2012","April_19",5.3229585100515,10.0467186263032,7.68483856817733
"NEADON","2012","April_20",4.15331034076492,11.3733268658371,7.76331860330103
"NEADON","2012","April_21",1.78615482397642,11.1726391534001,6.47939698868828
"NEADON","2012","April_22",3.27721031187329,10.861030157891,7.06912023488214
"NEADON","2012","April_23",3.45014935001729,8.83744043354355,6.14379489178042
"NEADON","2012","April_24",4.00786516926116,12.1976636966737,8.10276443296745
"NEADON","2012","April_25",4.84398102991832,11.3715257606158,8.10775339526704
"NEADON","2012","April_26",5.83761848022275,11.5577641204646,8.69769130034369
"NEADON","2012","April_27",5.8838724949281,12.9338098152858,9.40884115510694
"NEADON","2012","April_28",5.92651604487635,8.45093247445659,7.18872425966647
"NEADON","2012","April_29",3.09408545289157,8.81213263188749,5.95310904238953
"NEADON","2012","April_30",4.45345660532657,11.6369536133315,8.04520510932902
"NEADON","2012","May_01",7.41031333101508,14.180987672525,10.79565050177
"NEADON","2012","May_02",5.02253109565706,16.6649012827302,10.8437161891936
"NEADON","2012","May_03",7.81960462762914,9.76647465068594,8.79303963915754
"NEADON","2012","May_04",7.04943674728598,11.8056140432622,9.4275253952741
"NEADON","2012","May_05",4.54298676087986,8.85296024042255,6.69797350065121
"NEADON","2012","May_06",3.99296408521057,12.0471958681192,8.02007997666488
"NEADON","2012","May_07",5.52433888840067,14.3106568734425,9.9174978809216
"NEADON","2012","May_08",9.22910519640558,15.6615523701775,12.4453287832915
"NEADON","2012","May_09",7.06040193564192,13.8783574579891,10.4693796968155
"NEADON","2012","May_10",9.60286748260652,13.6723849641329,11.6376262233697
"NEADON","2012","May_11",8.1817869216809,12.6430615849896,10.4124242533352
"NEADON","2012","May_12",2.99406604538137,13.8357534500377,8.41490974770952
"NEADON","2012","May_13",3.82849039662451,14.7662540654771,9.29737223105083
"NEADON","2012","May_14",5.19447713112974,12.1983834544729,8.6964302928013
"NEADON","2012","May_15",4.97610884169681,11.3758569266216,8.17598288415919
"NEADON","2012","May_16",1.65368779037881,13.7586801609513,7.70618397566504
"NEADON","2012","May_17",5.44550556146155,11.5839486485157,8.5147271049886
"NEADON","2012","May_18",6.34743339706333,12.3722941448008,9.35986377093205
"NEADON","2012","May_19",6.71377246464265,14.4638205148814,10.588796489762
"NEADON","2012","May_20",8.29994868997217,14.9645798538551,11.6322642719136
"NEADON","2012","May_21",6.13195879807251,17.6524726143411,11.8922157062068
"NEADON","2012","May_22",6.82351266366341,20.0109778244436,13.4172452440535
"NEADON","2012","May_23",8.87425223275021,22.4320691322762,15.6531606825132
"NEADON","2012","May_24",9.3084896529778,24.3474290651328,16.8279593590553
"NEADON","2012","May_25",15.4031942689044,24.9093594828864,20.1562768758954
"NEADON","2012","May_26",14.2528631649341,21.978065093954,18.1154641294441
"NEADON","2012","May_27",11.6685435221493,19.7480628113299,15.7083031667396
"NEADON","2012","May_28",8.8690591736053,19.5410051958553,14.2050321847303
"NEADON","2012","May_29",9.52389981991723,21.251825041573,15.3878624307451
"NEADON","2012","May_30",10.4367394355492,19.3834220878414,14.9100807616953
"NEADON","2012","May_31",10.9618020042523,19.8498962718482,15.4058491380502
"NEADON","2012","June_01",13.2001846057551,19.5448709383322,16.3725277720437
"NEADON","2012","June_02",11.7381150994467,18.6234626521739,15.1807888758103
"NEADON","2012","June_03",11.6517389383688,15.9391048725449,13.7954219054569
"NEADON","2012","June_04",7.96765453235041,14.8212048187384,11.3944296755444
"NEADON","2012","June_05",8.30054116582667,15.0026920787024,11.6516166222645
"NEADON","2012","June_06",9.83150808947164,17.3931161852064,13.612312137339
"NEADON","2012","June_07",11.353080493296,14.396670756431,12.8748756248635
"NEADON","2012","June_08",10.5812116037731,13.8652706590219,12.2232411313975
"NEADON","2012","June_09",8.21649051545026,16.0008252560953,12.1086578857728
"NEADON","2012","June_10",9.34846636917107,13.9909837248679,11.6697250470195
"NEADON","2012","June_11",8.82797935035841,15.6302669666282,12.2291231584933
"NEADON","2012","June_12",9.92281639360901,16.0787163094694,13.0007663515392
"NEADON","2012","June_13",9.46712501152432,14.9349793601808,12.2010521858525
"NEADON","2012","June_14",8.5875960944651,13.9605709764154,11.2740835354402
"NEADON","2012","June_15",10.1528764878611,14.7692089708304,12.4610427293457
"NEADON","2012","June_16",10.9824077750278,14.5983979331074,12.7904028540676
"NEADON","2012","June_17",9.97049779148502,17.0033770676533,13.4869374295692
"NEADON","2012","June_18",7.71179369203811,16.912410971964,12.3121023320011
"NEADON","2012","June_19",6.76013847954845,18.4153095761158,12.5877240278321
"NEADON","2012","June_20",6.57492726623518,17.0892954898805,11.8321113780578
"NEADON","2012","June_21",10.3133293589588,14.545473283156,12.4294013210574
"NEADON","2012","June_22",9.31982961730922,16.549281645441,12.9345556313751
"NEADON","2012","June_23",10.0013082751188,16.9172169555095,13.4592626153142
"NEADON","2012","June_24",10.5385739841662,17.891561649289,14.2150678167276
"NEADON","2012","June_25",8.92932001395726,18.6111324881766,13.7702262510669
"NEADON","2012","June_26",11.5635306751591,19.7469753634253,15.6552530192922
"NEADON","2012","June_27",13.1944592579993,19.7958264607681,16.4951428593837
"NEADON","2012","June_28",14.8194947918609,21.2754454140401,18.0474701029505
"NEADON","2012","June_29",12.705137519818,16.7007443348928,14.7029409273554
"NEADON","2012","June_30",11.6541955407163,17.028863948141,14.3415297444287
"SLINDON","2018","April_01",2.5767344174791,8.03903510549593,5.30788476148751
"SLINDON","2018","April_02",3.36171312910239,9.68159603137386,6.52165458023813
"SLINDON","2018","April_03",7.34048430199589,11.1961782273238,9.26833126465986
"SLINDON","2018","April_04",6.68807138037666,10.2293413342879,8.45870635733229
"SLINDON","2018","April_05",3.10983914506784,10.298239469156,6.7040393071119
"SLINDON","2018","April_06",3.56278375411482,14.2716862169709,8.91723498554286
"SLINDON","2018","April_07",4.53245054600127,14.1415566357455,9.33700359087338
"SLINDON","2018","April_08",6.70609395055644,11.4313783450428,9.06873614779961
"SLINDON","2018","April_09",7.75896999592781,10.3969618365918,9.07796591625981
"SLINDON","2018","April_10",7.8876763978929,14.0814411300343,10.9845587639636
"SLINDON","2018","April_11",7.69322325177177,13.0934730072414,10.3933481295066
"SLINDON","2018","April_12",5.82406084138015,10.8527923486802,8.33842659503016
"SLINDON","2018","April_13",5.84578525042508,11.2866868313127,8.5662360408689
"SLINDON","2018","April_14",2.68407611360374,15.7029685828496,9.19352234822666
"SLINDON","2018","April_15",6.23077926351575,12.4356185959662,9.33319892974096
"SLINDON","2018","April_16",7.19690707070755,12.9631403798166,10.0800237252621
"SLINDON","2018","April_17",8.01104534594753,16.2312829773157,12.1211641616316
"SLINDON","2018","April_18",8.19296649601556,20.9775389937253,14.5852527448704
"SLINDON","2018","April_19",9.09035021510332,25.0435026012268,17.066926408165
"SLINDON","2018","April_20",7.11011532735647,23.9220319748783,15.5160736511174
"SLINDON","2018","April_21",8.32435046574435,21.3738707224454,14.8491105940949
"SLINDON","2018","April_22",10.1360996332066,18.829697458404,14.4828985458053
"SLINDON","2018","April_23",5.86289809555501,13.8916129336902,9.87725551462261
"SLINDON","2018","April_24",9.02688342385435,14.7506166628171,11.8887500433357
"SLINDON","2018","April_25",6.11578190504131,13.1263264025742,9.62105415380774
"SLINDON","2018","April_26",5.09194605752138,12.8415027772482,8.96672441738477
"SLINDON","2018","April_27",5.98926640522228,11.7626086063407,8.87593750578149
"SLINDON","2018","April_28",6.80287340354956,9.3655948969578,8.08423415025368
"SLINDON","2018","April_29",5.18799206616881,7.78280107039598,6.48539656828239
"SLINDON","2018","April_30",3.13412077422603,9.22427463462957,6.1791977044278
"SLINDON","2018","May_01",0.060441499392277,12.1078176107453,6.08412955506876
"SLINDON","2018","May_02",7.11154418672656,14.1072463651609,10.6093952759437
"SLINDON","2018","May_03",1.51486482926761,14.6054791335556,8.0601719814116
"SLINDON","2018","May_04",4.85223747281918,17.7267237909809,11.2894806319
"SLINDON","2018","May_05",4.34199267945865,21.8424183227198,13.0922055010892
"SLINDON","2018","May_06",5.96342604780556,24.8593120661651,15.4113690569853
"SLINDON","2018","May_07",8.2026322961929,26.2092139690272,17.20592313261
"SLINDON","2018","May_08",7.53924374374662,21.6138539512783,14.5765488475125
"SLINDON","2018","May_09",5.73078254850812,17.3376132172733,11.5341978828907
"SLINDON","2018","May_10",7.30872705897191,16.0560852652161,11.682406162094
"SLINDON","2018","May_11",2.59558324419084,15.4213484138746,9.00846582903274
"SLINDON","2018","May_12",7.6771733225987,12.7376637568859,10.2074185397423
"SLINDON","2018","May_13",5.70382383230675,16.5565295418926,11.1301766870997
"SLINDON","2018","May_14",5.7561183170776,20.5775061109247,13.1668122140012
"SLINDON","2018","May_15",9.0188131977912,23.0736342018067,16.046223699799
"SLINDON","2018","May_16",9.97601896767832,16.2243492777433,13.1001841227108
"SLINDON","2018","May_17",4.55734896505542,17.4114061471882,10.9843775561218
"SLINDON","2018","May_18",2.7355092703327,16.3215145050162,9.52851188767445
"SLINDON","2018","May_19",3.55858698689661,17.6634513628628,10.6110191748797
"SLINDON","2018","May_20",4.01892823983964,19.2701027842097,11.6445155120247
"SLINDON","2018","May_21",6.0033996382846,21.984850381977,13.9941250101308
"SLINDON","2018","May_22",10.1153909463006,22.3325271165987,16.2239590314497
"SLINDON","2018","May_23",8.63169742447585,19.7032591839513,14.1674783042136
"SLINDON","2018","May_24",10.1802947724324,15.2749126757486,12.7276037240905
"SLINDON","2018","May_25",11.2097484186365,19.7588381787056,15.4842932986711
"SLINDON","2018","May_26",12.2384263994124,25.5449579170057,18.8916921582091
"SLINDON","2018","May_27",14.1440782344777,23.9025918231924,19.023335028835
"SLINDON","2018","May_28",12.5529964765191,24.9175644514942,18.7352804640066
"SLINDON","2018","May_29",13.9940905746787,19.1117335657278,16.5529120702033
"SLINDON","2018","May_30",12.9115278083524,18.9219931349359,15.9167604716441
"SLINDON","2018","May_31",12.5715284621147,20.7015716958135,16.6365500789641
"SLINDON","2018","June_01",13.5011922306493,19.549690559294,16.5254413949717
"SLINDON","2018","June_02",13.6406864429419,21.9628203356537,17.8017533892978
"SLINDON","2018","June_03",9.4350874907946,24.4470424719923,16.9410649813934
"SLINDON","2018","June_04",12.3952703141607,20.1066874004559,16.2509788573083
"SLINDON","2018","June_05",11.7436635321611,17.7191364927811,14.7314000124711
"SLINDON","2018","June_06",7.96591932617258,22.3517001345047,15.1588097303387
"SLINDON","2018","June_07",11.9272606824778,19.426353380211,15.6768070313444
"SLINDON","2018","June_08",11.205255824995,21.6631400173239,16.4341979211595
"SLINDON","2018","June_09",10.4368909734961,20.9789788139815,15.7079348937388
"SLINDON","2018","June_10",12.6427122028072,22.9309747689924,17.7868434858998
"SLINDON","2018","June_11",11.3379867090083,24.2055783673355,17.7717825381719
"SLINDON","2018","June_12",9.81444100473994,18.8509307461838,14.3326858754619
"SLINDON","2018","June_13",5.9288659042871,18.7153776339392,12.3221217691132
"SLINDON","2018","June_14",12.6151179093479,20.5953640067858,16.6052409580669
"SLINDON","2018","June_15",8.05561374109107,20.2159823823826,14.1357980617368
"SLINDON","2018","June_16",11.3629030717507,16.8900282536341,14.1264656626924
"SLINDON","2018","June_17",11.5964726967266,16.7756962062158,14.1860844514712
"SLINDON","2018","June_18",12.864691649382,21.209814340276,17.037252994829
"SLINDON","2018","June_19",14.8429365769825,20.9517732508359,17.8973549139092
"SLINDON","2018","June_20",13.0668996034994,20.5448338729608,16.8058667382301
"SLINDON","2018","June_21",8.88580338795191,19.6902988989088,14.2880511434303
"SLINDON","2018","June_22",5.41601913815078,21.6077644192694,13.5118917787101
"SLINDON","2018","June_23",7.36270737153174,22.7330628989557,15.0478851352437
"SLINDON","2018","June_24",9.39390956800047,23.591009240443,16.4924594042217
"SLINDON","2018","June_25",9.02936712053585,26.2014009001252,17.6153840103305
"SLINDON","2018","June_26",9.77429011575456,25.7669780394236,17.7706340775891
"SLINDON","2018","June_27",8.64978678487776,25.4758144180749,17.0628006014763
"SLINDON","2018","June_28",10.9132268279328,26.8981501479265,18.9056884879297
"SLINDON","2018","June_29",12.3561470650324,26.9425954535425,19.6493712592875
"SLINDON","2018","June_30",10.8617408759211,27.2139060882491,19.0378234820851
"SLINDON","2019","April_01",1.69679704159322,14.9352518412649,8.31602444142908
"SLINDON","2019","April_02",0.602410732690764,8.90177830159937,4.75209451714507
"SLINDON","2019","April_03",-2.1623955287859,7.86484362002173,2.85122404561791
"SLINDON","2019","April_04",-0.0659094412024579,8.93806543066914,4.43607799473334
"SLINDON","2019","April_05",4.75961054449107,11.5268883517277,8.1432494481094
"SLINDON","2019","April_06",3.41348554734255,11.2157273437963,7.31460644556942
"SLINDON","2019","April_07",5.20066053744238,12.6912945183012,8.94597752787178
"SLINDON","2019","April_08",7.08737869176191,13.2809635861319,10.1841711389469
"SLINDON","2019","April_09",4.68259508359107,9.07775911993152,6.88017710176129
"SLINDON","2019","April_10",5.04297449521532,12.3828317686083,8.71290313191184
"SLINDON","2019","April_11",-1.45573423872813,12.0256905483783,5.28497815482507
"SLINDON","2019","April_12",-1.58378053327546,10.4691726086274,4.44269603767597
"SLINDON","2019","April_13",0.211991432005493,8.8834369358008,4.54771418390315
"SLINDON","2019","April_14",-2.50820467238752,9.50180739091436,3.49680135926342
"SLINDON","2019","April_15",1.29335615906986,12.9072312450046,7.10029370203723
"SLINDON","2019","April_16",5.73938597810289,14.4055620426438,10.0724740103734
"SLINDON","2019","April_17",2.83927633782362,17.1671306830886,10.0032035104561
"SLINDON","2019","April_18",6.05482238986089,21.4610344267345,13.7579284082977
"SLINDON","2019","April_19",6.06610023709507,23.157174986207,14.611637611651
"SLINDON","2019","April_20",7.22897242768102,24.7429889588746,15.9859806932778
"SLINDON","2019","April_21",5.28584363264459,23.5632407402922,14.4245421864684
"SLINDON","2019","April_22",5.54688048744739,21.7527237558007,13.6498021216241
"SLINDON","2019","April_23",8.18633062026454,20.6943885282686,14.4403595742666
"SLINDON","2019","April_24",8.41208549111696,14.5245651145695,11.4683253028432
"SLINDON","2019","April_25",6.70610433323098,14.1633081447099,10.4347062389704
"SLINDON","2019","April_26",6.04470494017946,14.0560552851192,10.0503801126494
"SLINDON","2019","April_27",6.74570780300252,13.3564832321779,10.0510955175902
"SLINDON","2019","April_28",5.82002772378655,14.1986887511196,10.0093582374531
"SLINDON","2019","April_29",3.50502633042738,14.8578075907833,9.18141696060532
"SLINDON","2019","April_30",1.36020991299909,15.6172588742957,8.48873439364739
"SLINDON","2019","May_01",4.09896977420623,15.1332165947265,9.61609318446635
"SLINDON","2019","May_02",5.88629355255862,14.8857090735309,10.3860013130448
"SLINDON","2019","May_03",3.58422037286386,14.6350852799252,9.10965282639454
"SLINDON","2019","May_04",2.71561871533616,11.4476825071776,7.08165061125687
"SLINDON","2019","May_05",0.707451176246097,11.436584007591,6.07201759191856
"SLINDON","2019","May_06",3.15878092701415,12.4217403717531,7.79026064938364
"SLINDON","2019","May_07",2.77098208916531,13.7544853909467,8.262733740056
"SLINDON","2019","May_08",7.47842127507092,13.9794247317991,10.728923003435
"SLINDON","2019","May_09",6.58857835046793,14.4889246074022,10.538751478935
"SLINDON","2019","May_10",2.29202309733429,14.5800988367492,8.43606096704174
"SLINDON","2019","May_11",4.08994535691336,15.817522657084,9.95373400699866
"SLINDON","2019","May_12",2.22963804392058,15.8567431980585,9.04319062098956
"SLINDON","2019","May_13",0.431958494802777,16.5768842609624,8.50442137788257
"SLINDON","2019","May_14",2.74409195002284,17.8664039183529,10.3052479341879
"SLINDON","2019","May_15",3.29313934535807,18.9115029226071,11.1023211339826
"SLINDON","2019","May_16",3.46764970429398,17.62649617888,10.547072941587
"SLINDON","2019","May_17",5.22033038770183,12.7434836972798,8.98190704249079
"SLINDON","2019","May_18",7.23801609487932,16.6133605654044,11.9256883301418
"SLINDON","2019","May_19",6.70641975283162,18.3107717272663,12.508595740049
"SLINDON","2019","May_20",9.75807448651579,19.0131425614109,14.3856085239633
"SLINDON","2019","May_21",7.43668444098975,20.7268077978628,14.0817461194263
"SLINDON","2019","May_22",7.13770171693168,18.7655479983758,12.9516248576537
"SLINDON","2019","May_23",4.94129017427339,20.3965975746979,12.6689438744856
"SLINDON","2019","May_24",7.65196108280949,20.8923983239992,14.2721797034043
"SLINDON","2019","May_25",11.4976795775465,21.127172278578,16.3124259280623
"SLINDON","2019","May_26",10.4711246276898,18.0405174454762,14.255821036583
"SLINDON","2019","May_27",7.18611894490023,18.4722701457492,12.8291945453247
"SLINDON","2019","May_28",7.36754064695547,16.9767862723615,12.1721634596585
"SLINDON","2019","May_29",5.84161535483974,17.0423590780512,11.4419872164455
"SLINDON","2019","May_30",9.56909908428973,20.0454310274604,14.8072650558751
"SLINDON","2019","May_31",12.021879062892,18.2607649981066,15.1413220304993
"SLINDON","2019","June_01",6.83763342725416,22.7863760094728,14.8120047183635
"SLINDON","2019","June_02",12.6085741797143,21.3888126587145,16.9986934192144
"SLINDON","2019","June_03",8.29864717615067,17.8159475604356,13.0572973682931
"SLINDON","2019","June_04",8.65081776365421,17.0071889922214,12.8290033779378
"SLINDON","2019","June_05",10.0529048022524,16.6848539553974,13.3688793788249
"SLINDON","2019","June_06",7.36652359410054,16.6474234099707,12.0069735020356
"SLINDON","2019","June_07",8.55602676362184,16.3823319671086,12.4691793653652
"SLINDON","2019","June_08",9.77762034398531,16.2260943984157,13.0018573712005
"SLINDON","2019","June_09",5.81255600810455,16.8877059787703,11.3501309934374
"SLINDON","2019","June_10",8.29693145006858,13.8046244405938,11.0507779453312
"SLINDON","2019","June_11",8.03434691585142,16.3472722271742,12.1908095715128
"SLINDON","2019","June_12",9.91749257968056,14.6952923994672,12.3063924895739
"SLINDON","2019","June_13",10.0105091445392,14.3380799489322,12.1742945467357
"SLINDON","2019","June_14",11.4976618374001,16.6430788401903,14.0703703387952
"SLINDON","2019","June_15",9.81625395644071,17.2328645408008,13.5245592486207
"SLINDON","2019","June_16",8.62113100488222,16.8565908123776,12.7388609086299
"SLINDON","2019","June_17",11.0193622988408,18.3427489872142,14.6810556430275
"SLINDON","2019","June_18",8.61149486869227,16.9637099390576,12.7876024038749
"SLINDON","2019","June_19",12.2794282617508,18.8888761267181,15.5841521942344
"SLINDON","2019","June_20",9.56087289537118,17.29449385949,13.4276833774306
"SLINDON","2019","June_21",7.12348620217665,18.7712268001341,12.9473565011554
"SLINDON","2019","June_22",6.17150370227653,20.8418281891256,13.5066659457011
"SLINDON","2019","June_23",9.22603819075836,23.429830286687,16.3279342387227
"SLINDON","2019","June_24",14.6266383997787,22.1036732049522,18.3651558023655
"SLINDON","2019","June_25",14.6393652998943,23.5707472749676,19.1050562874309
"SLINDON","2019","June_26",15.394099909379,22.8931909664686,19.1436454379238
"SLINDON","2019","June_27",12.7656225501534,22.9733192440208,17.8694708970871
"SLINDON","2019","June_28",11.5458904602372,25.3273526868226,18.4366215735299
"SLINDON","2019","June_29",13.0000960609722,29.7686998874645,21.3843979742183
"SLINDON","2019","June_30",12.4614873208095,21.243796836175,16.8526420784922
"SLINDON","2020","April_01",-3.2294605016888,9.60338706074832,3.18696327952976
"SLINDON","2020","April_02",4.08662260614689,12.307811384456,8.19721699530145
"SLINDON","2020","April_03",4.55266505895419,13.2814981383167,8.91708159863543
"SLINDON","2020","April_04",1.09983022557183,13.7237416269956,7.41178592628373
"SLINDON","2020","April_05",4.55572748816032,17.9845968374387,11.2701621627995
"SLINDON","2020","April_06",9.68348434694105,16.0575689569192,12.8705266519301
"SLINDON","2020","April_07",1.27704565438337,17.5771907216749,9.42711818802915
"SLINDON","2020","April_08",6.69853919505235,21.1856201474086,13.9420796712305
"SLINDON","2020","April_09",4.72755852090407,22.8515131558684,13.7895358383863
"SLINDON","2020","April_10",6.80002100403567,22.3448114811116,14.5724162425737
"SLINDON","2020","April_11",8.93652650965162,22.1661408936868,15.5513337016692
"SLINDON","2020","April_12",5.63592245546589,20.8306040310805,13.2332632432732
"SLINDON","2020","April_13",6.97065845197911,10.9951334024235,8.98289592720128
"SLINDON","2020","April_14",0.53224159307471,12.0942416470555,6.31324162006511
"SLINDON","2020","April_15",-1.13313063029248,16.6020605854848,7.73446497759617
"SLINDON","2020","April_16",1.18573167156915,18.646592085492,9.91616187853058
"SLINDON","2020","April_17",6.93416757017642,11.5709876505328,9.2525776103546
"SLINDON","2020","April_18",6.3778246060549,13.5493196686133,9.96357213733411
"SLINDON","2020","April_19",3.18071119677353,17.258530377202,10.2196207869878
"SLINDON","2020","April_20",4.42603102614497,16.8495812726653,10.6378061494051
"SLINDON","2020","April_21",6.20903337505447,17.2209903111999,11.7150118431272
"SLINDON","2020","April_22",5.09286354266312,20.0268706172138,12.5598670799384
"SLINDON","2020","April_23",4.28918786360047,22.6404638870189,13.4648258753097
"SLINDON","2020","April_24",3.74376422783397,20.8222797850014,12.2830220064177
"SLINDON","2020","April_25",4.30675574510683,16.2321435941519,10.2694496696294
"SLINDON","2020","April_26",1.38018759231684,16.5153042436434,8.94774591798014
"SLINDON","2020","April_27",1.73929337067848,17.0935253034138,9.41640933704612
"SLINDON","2020","April_28",7.0969303065136,10.7165809880347,8.90675564727417
"SLINDON","2020","April_29",5.29291761641186,12.1626317307689,8.72777467359037
"SLINDON","2020","April_30",5.66062779012726,12.0907203899058,8.87567409001652
"SLINDON","2020","May_01",6.43873133906042,14.350147582952,10.3944394610062
"SLINDON","2020","May_02",4.8628529805591,14.9670995987169,9.91497628963801
"SLINDON","2020","May_03",5.99994340565091,13.0974179704431,9.54868068804702
"SLINDON","2020","May_04",9.09459431421937,16.377076612164,12.7358354631917
"SLINDON","2020","May_05",7.16966107396564,14.4842210010295,10.8269410374976
"SLINDON","2020","May_06",3.08862205279469,17.9485610367657,10.5185915447802
"SLINDON","2020","May_07",3.74615252158118,19.4532803460493,11.5997164338152
"SLINDON","2020","May_08",5.62347668441763,21.5822208497777,13.6028487670977
"SLINDON","2020","May_09",6.11542979446665,23.1347947024535,14.6251122484601
"SLINDON","2020","May_10",9.24299536555485,17.8934667419911,13.568231053773
"SLINDON","2020","May_11",3.83777858258247,11.7216306302303,7.77970460640637
"SLINDON","2020","May_12",-0.614406847885647,13.397362429642,6.39147779087816
"SLINDON","2020","May_13",3.52634469367983,12.0469347743654,7.78663973402262
"SLINDON","2020","May_14",-0.162175133466612,12.5803433798368,6.20908412318508
"SLINDON","2020","May_15",0.468551150887755,15.7893403244853,8.1289457376865
"SLINDON","2020","May_16",2.97928160513086,16.3068308755333,9.64305624033206
"SLINDON","2020","May_17",5.63430774377842,17.1435352879955,11.388921515887
"SLINDON","2020","May_18",8.04531239307681,19.5246393965117,13.7849758947943
"SLINDON","2020","May_19",8.00422635139508,22.0283864952002,15.0163064232977
"SLINDON","2020","May_20",8.38711562480109,22.374628785826,15.3808722053136
"SLINDON","2020","May_21",8.51612026707981,24.4645751609436,16.4903477140117
"SLINDON","2020","May_22",13.0673334026457,17.5020463077409,15.2846898551933
"SLINDON","2020","May_23",10.1344288926336,16.3531335536893,13.2437812231614
"SLINDON","2020","May_24",9.01506182334046,20.6648658260354,14.8399638246879
"SLINDON","2020","May_25",7.12536943339083,21.6702883078521,14.3978288706215
"SLINDON","2020","May_26",6.96820507218791,23.8056538670684,15.3869294696282
"SLINDON","2020","May_27",9.52687603661121,23.0619919989637,16.2944340177874
"SLINDON","2020","May_28",9.36294855519323,21.1869423300257,15.2749454426095
"SLINDON","2020","May_29",7.39608058946634,22.7003192521012,15.0481999207838
"SLINDON","2020","May_30",6.92550963732602,23.2475643958717,15.0865370165989
"SLINDON","2020","May_31",9.1706844561426,23.2881794542636,16.2294319552031
"SLINDON","2020","June_01",8.51679862957175,24.5681648750733,16.5424817523225
"SLINDON","2020","June_02",9.9381660131263,25.2724549229049,17.6053104680156
"SLINDON","2020","June_03",9.35054218758687,17.111699300083,13.2311207438349
"SLINDON","2020","June_04",8.83352659409097,15.3743614642586,12.1039440291748
"SLINDON","2020","June_05",9.96917346389257,17.1286836097486,13.5489285368206
"SLINDON","2020","June_06",5.45193899112066,14.2484343849959,9.85018668805827
"SLINDON","2020","June_07",5.8141897120133,18.751893388611,12.2830415503122
"SLINDON","2020","June_08",9.17822409787686,16.4881835794216,12.8332038386492
"SLINDON","2020","June_09",8.71788906879666,17.6570879153285,13.1874884920626
"SLINDON","2020","June_10",10.8336120533833,14.9100203811056,12.8718162172444
"SLINDON","2020","June_11",9.88674032080615,18.7247582929406,14.3057493068734
"SLINDON","2020","June_12",11.8856029316293,18.997387102793,15.4414950172111
"SLINDON","2020","June_13",9.94018441055718,21.534816896994,15.7375006537756
"SLINDON","2020","June_14",10.4173268277578,20.2044504017081,15.310888614733
"SLINDON","2020","June_15",9.25811419829209,21.4909275812954,15.3745208897937
"SLINDON","2020","June_16",10.8779629720198,21.0311643638828,15.9545636679513
"SLINDON","2020","June_17",9.24600076590475,21.8862101866578,15.5661054762813
"SLINDON","2020","June_18",12.9652709181271,17.2136126854501,15.0894418017886
"SLINDON","2020","June_19",12.883652984884,17.8036804140748,15.3436666994794
"SLINDON","2020","June_20",11.2559062533938,19.5483491955808,15.4021277244873
"SLINDON","2020","June_21",12.7835544889838,19.6151405141496,16.1993475015667
"SLINDON","2020","June_22",6.75654322195185,20.6439315308534,13.7002373764026
"SLINDON","2020","June_23",9.31659279577732,24.8846691387713,17.1006309672743
"SLINDON","2020","June_24",12.7117983475014,29.8399170700919,21.2758577087966
"SLINDON","2020","June_25",15.1882658500688,30.585953023324,22.8871094366964
"SLINDON","2020","June_26",16.4894838777751,24.6098946222224,20.5496892499988
"SLINDON","2020","June_27",13.4799173067641,17.7176693869217,15.5987933468429
"SLINDON","2020","June_28",11.0837725068972,17.965431505768,14.5246020063326
"SLINDON","2020","June_29",11.6649423893209,17.9900291705982,14.8274857799595
"SLINDON","2020","June_30",12.1342711040598,17.6515566120278,14.8929138580438
"SLINDON","2021","April_01",6.91469787935519,14.4992317467306,10.7069648130429
"SLINDON","2021","April_02",2.90576186749402,10.6048778679753,6.75531986773466
"SLINDON","2021","April_03",3.50556368712074,10.4758566172203,6.9907101521705
"SLINDON","2021","April_04",-0.27794590602964,12.1582489843913,5.94015153918084
"SLINDON","2021","April_05",3.35766347787262,7.53508926984895,5.44637637386079
"SLINDON","2021","April_06",-2.64904810404565,7.10398637825109,2.22746913710272
"SLINDON","2021","April_07",-4.10909600764196,6.49205012923483,1.19147706079644
"SLINDON","2021","April_08",-0.866466265707517,10.0948003043026,4.61416701929754
"SLINDON","2021","April_09",1.74968341524889,11.8392646036193,6.7944740094341
"SLINDON","2021","April_10",3.49568991018832,6.83837060079012,5.16703025548922
"SLINDON","2021","April_11",-0.836104394503582,8.48221398281998,3.8230547941582
"SLINDON","2021","April_12",-2.35028792993714,9.3380584164397,3.49388524325128
"SLINDON","2021","April_13",-3.79997143736796,10.8996123092962,3.54982043596414
"SLINDON","2021","April_14",-1.66163765731769,11.7574417748544,5.04790205876838
"SLINDON","2021","April_15",-2.1283634875338,10.5709985770874,4.22131754477682
"SLINDON","2021","April_16",-2.65563679831673,11.216978340428,4.28067077105563
"SLINDON","2021","April_17",-2.26789772624423,12.5500658397404,5.14108405674808
"SLINDON","2021","April_18",-2.19185238587622,12.9583774882142,5.38326255116897
"SLINDON","2021","April_19",-1.43169016190655,14.0813700944798,6.3248399662866
"SLINDON","2021","April_20",-0.516627290134835,15.9182128456623,7.70079277776374
"SLINDON","2021","April_21",2.27852077050219,15.0850110766903,8.68176592359623
"SLINDON","2021","April_22",-0.621843080109588,14.1958821905659,6.78701955522815
"SLINDON","2021","April_23",-0.36396921563932,16.044883501353,7.84045714285682
"SLINDON","2021","April_24",1.65056682472621,15.822148785721,8.73635780522362
"SLINDON","2021","April_25",1.80843238390963,13.4669765044142,7.63770444416193
"SLINDON","2021","April_26",0.743429177883525,13.0493022446023,6.89636571124292
"SLINDON","2021","April_27",-1.64782696537353,14.2423800749085,6.29727655476748
"SLINDON","2021","April_28",2.82402417980845,10.4193074958523,6.62166583783035
"SLINDON","2021","April_29",2.47461776276167,10.5171922696803,6.49590501622099
"SLINDON","2021","April_30",0.775509626071604,10.9159154811389,5.84571255360524
"SLINDON","2021","May_01",-1.62800898638929,11.6910108901607,5.03150095188568
"SLINDON","2021","May_02",0.89162834004533,11.6906044300732,6.29111638505925
"SLINDON","2021","May_03",1.04528301076891,11.6872866783222,6.36628484454557
"SLINDON","2021","May_04",7.06226470140808,13.2885718672604,10.1754182843342
"SLINDON","2021","May_05",1.80317885421234,11.6762908245898,6.73973483940107
"SLINDON","2021","May_06",-1.06285971672154,11.2410820323869,5.08911115783266
"SLINDON","2021","May_07",0.641897237364061,12.8149806939402,6.72843896565213
"SLINDON","2021","May_08",5.76059585969869,15.0270537607314,10.393824810215
"SLINDON","2021","May_09",10.7026381747639,17.245584549727,13.9741113622454
"SLINDON","2021","May_10",8.83410230376648,14.6343279948602,11.7342151493134
"SLINDON","2021","May_11",4.75218547419325,14.6787789866583,9.71548223042577
"SLINDON","2021","May_12",7.78552551344524,14.5745064724398,11.1800159929425
"SLINDON","2021","May_13",8.19332517102442,12.8124258282306,10.5028754996275
"SLINDON","2021","May_14",7.32983455446266,12.2833437454659,9.80658914996428
"SLINDON","2021","May_15",7.2504349097187,13.6142829812283,10.4323589454735
"SLINDON","2021","May_16",7.3717351813634,12.923467559912,10.1476013706377
"SLINDON","2021","May_17",8.46009930136902,15.4976350967242,11.9788671990466
"SLINDON","2021","May_18",4.62509676549991,14.9008364557498,9.76296661062488
"SLINDON","2021","May_19",7.62501500880461,16.6607052611572,12.1428601349809
"SLINDON","2021","May_20",4.04642416764915,13.1598762784676,8.60315022305836
"SLINDON","2021","May_21",9.19539134824908,11.7193553040404,10.4573733261447
"SLINDON","2021","May_22",8.55443064920659,13.2030902679426,10.8787604585746
"SLINDON","2021","May_23",3.22513199517304,12.2332901848292,7.7292110900011
"SLINDON","2021","May_24",5.56419384611691,12.066420459875,8.81530715299595
"SLINDON","2021","May_25",5.7370353303193,15.0371734651249,10.3871043977221
"SLINDON","2021","May_26",4.14290345158778,16.5031365720856,10.3230200118367
"SLINDON","2021","May_27",4.51173348319017,18.4491609343783,11.4804472087842
"SLINDON","2021","May_28",6.18518866396029,18.6103306484686,12.3977596562144
"SLINDON","2021","May_29",10.0733542943255,20.8487122698271,15.4610332820763
"SLINDON","2021","May_30",6.26334723575314,19.7498999743238,13.0066236050385
"SLINDON","2021","May_31",5.52329824014694,22.7947252125153,14.1590117263311
"SLINDON","2021","June_01",9.02014425302292,23.7855187192023,16.4028314861126
"SLINDON","2021","June_02",9.8275434114394,25.2098003872733,17.5186718993564
"SLINDON","2021","June_03",13.0177452542241,19.150422725112,16.084083989668
"SLINDON","2021","June_04",9.07489555988173,16.6220819614562,12.848488760669
"SLINDON","2021","June_05",8.23857486442295,20.4076057582943,14.3230903113586
"SLINDON","2021","June_06",9.3624517805182,20.0820727063234,14.7222622434208
"SLINDON","2021","June_07",10.8255652222752,19.1539132438752,14.9897392330752
"SLINDON","2021","June_08",7.83314190291717,20.7287280269913,14.2809349649542
"SLINDON","2021","June_09",7.26673036194564,20.7547743682012,14.0107523650734
"SLINDON","2021","June_10",13.4156737443963,19.7458769297997,16.580775337098
"SLINDON","2021","June_11",13.1526388981654,20.1995630812657,16.6761009897155
"SLINDON","2021","June_12",13.0743347646744,22.8418410988115,17.958087931743
"SLINDON","2021","June_13",11.1006593518222,23.5770815794386,17.3388704656304
"SLINDON","2021","June_14",9.89044510645497,25.4458880128351,17.668166559645
"SLINDON","2021","June_15",13.5064893831477,23.2278682724494,18.3671788277986
"SLINDON","2021","June_16",10.374589048014,24.3071274241848,17.3408582360994
"SLINDON","2021","June_17",15.4414849351756,20.4232294809818,17.9323572080787
"SLINDON","2021","June_18",13.1505673520911,14.6717024261413,13.9111348891162
"SLINDON","2021","June_19",10.9191855464686,14.4790312783849,12.6991084124268
"SLINDON","2021","June_20",11.88795908338,18.253749099944,15.070854091662
"SLINDON","2021","June_21",10.359504706722,12.0021415009112,11.1808231038166
"SLINDON","2021","June_22",9.90151138577023,16.5446798322766,13.2230956090234
"SLINDON","2021","June_23",5.9963472226502,20.0485475986235,13.0224474106369
"SLINDON","2021","June_24",6.99062222074549,20.4172449261802,13.7039335734629
"SLINDON","2021","June_25",11.8587230071197,19.092086050431,15.4754045287753
"SLINDON","2021","June_26",7.33776144859097,20.5181709701815,13.9279662093863
"SLINDON","2021","June_27",13.3079407149803,19.5206430113536,16.414291863167
"SLINDON","2021","June_28",14.4468223016621,20.7595574314547,17.6031898665584
"SLINDON","2021","June_29",13.8240010688975,19.3240830962032,16.5740420825504
"SLINDON","2021","June_30",11.6456718541553,19.1119768896376,15.3788243718964
"SLINDON","2022","April_01",-0.525400486555979,7.85873439152271,3.66666695248337
"SLINDON","2022","April_02",-2.69316787069441,8.75465617972516,3.03074415451538
"SLINDON","2022","April_03",-4.15123025225252,9.72870184579333,2.78873579677041
"SLINDON","2022","April_04",1.78623051818598,13.4919277745101,7.63907914634804
"SLINDON","2022","April_05",5.78034113813287,14.4886824700269,10.1345118040799
"SLINDON","2022","April_06",8.15940523243788,11.887750166384,10.0235776994109
"SLINDON","2022","April_07",6.13018309356965,12.3695005367451,9.2498418151574
"SLINDON","2022","April_08",1.81228187978176,9.88053348547135,5.84640768262656
"SLINDON","2022","April_09",-0.968193928127366,11.150778072442,5.09129207215732
"SLINDON","2022","April_10",-2.25666910454874,11.5283295797806,4.63583023761591
"SLINDON","2022","April_11",2.73699340427867,15.4606723736154,9.09883288894704
"SLINDON","2022","April_12",7.29603356290837,15.0800654944613,11.1880495286848
"SLINDON","2022","April_13",7.88958122980669,16.545538468933,12.2175598493699
"SLINDON","2022","April_14",4.70884366277863,16.7395436590762,10.7241936609274
"SLINDON","2022","April_15",4.08641218044763,19.4476241204312,11.7670181504394
"SLINDON","2022","April_16",4.51969749382549,18.5768985300147,11.5482980119201
"SLINDON","2022","April_17",3.98537802466849,16.163652320298,10.0745151724832
"SLINDON","2022","April_18",5.11381874648677,15.0019830106207,10.0579008785537
"SLINDON","2022","April_19",3.54108918422396,15.4541740852121,9.49763163471802
"SLINDON","2022","April_20",5.17041484548463,18.3226444334642,11.7465296394744
"SLINDON","2022","April_21",3.92730847995199,18.6079033340288,11.2676059069904
"SLINDON","2022","April_22",6.1939037763367,15.3382290066129,10.7660663914748
"SLINDON","2022","April_23",8.39383850748451,17.1141429036335,12.753990705559
"SLINDON","2022","April_24",7.23674046659965,18.2436613745728,12.7402009205862
"SLINDON","2022","April_25",3.99934523564503,14.5438701345536,9.27160768509933
"SLINDON","2022","April_26",1.72231839950495,15.3118689083161,8.51709365391053
"SLINDON","2022","April_27",2.61859784153394,11.8240343957544,7.22131611864419
"SLINDON","2022","April_28",1.40435010233273,14.2043494684387,7.8043497853857
"SLINDON","2022","April_29",3.00184827041034,13.0103431638378,8.00609571712406
"SLINDON","2022","April_30",0.877429257019214,15.3415004513375,8.10946485417835
"SLINDON","2022","May_01",6.43125349560016,13.2098415017312,9.82054749866569
"SLINDON","2022","May_02",6.30808609739744,14.5611579336484,10.4346220155229
"SLINDON","2022","May_03",8.73256416900488,15.3301103519525,12.0313372604787
"SLINDON","2022","May_04",8.6273946613153,16.900603132543,12.7639988969291
"SLINDON","2022","May_05",4.85676632367372,19.2065668109626,12.0316665673181
"SLINDON","2022","May_06",6.50925024371356,19.3708914785289,12.9400708611212
"SLINDON","2022","May_07",10.3031148802203,18.8652723933569,14.5841936367886
"SLINDON","2022","May_08",6.34986118257634,18.9959582724357,12.672909727506
"SLINDON","2022","May_09",3.05944463282539,19.0890259056594,11.0742352692424
"SLINDON","2022","May_10",11.4841156045419,16.9878253165264,14.2359704605341
"SLINDON","2022","May_11",10.2608631380781,15.2905759221701,12.7757195301241
"SLINDON","2022","May_12",4.26052386575786,16.1958500204803,10.2281869431191
"SLINDON","2022","May_13",7.28675163229537,17.4435172725097,12.3651344524025
"SLINDON","2022","May_14",4.79941763922705,19.1432361250774,11.9713268821522
"SLINDON","2022","May_15",9.5800739858844,18.0848847317215,13.8324793588029
"SLINDON","2022","May_16",11.2652644842995,19.0183435064056,15.1418039953525
"SLINDON","2022","May_17",9.72049400369578,22.0300833033332,15.8752886535145
"SLINDON","2022","May_18",8.62396674813085,18.9114352295687,13.7677009888498
"SLINDON","2022","May_19",11.1893717387699,19.2333366176054,15.2113541781877
"SLINDON","2022","May_20",9.28849667647943,16.4725535837179,12.8805251300987
"SLINDON","2022","May_21",7.92365294896377,17.8838148421544,12.9037338955591
"SLINDON","2022","May_22",6.42430595597352,19.5194225061971,12.9718642310853
"SLINDON","2022","May_23",8.56984926907883,17.5190658250865,13.0444575470826
"SLINDON","2022","May_24",7.6978899587615,17.1644296589668,12.4311598088641
"SLINDON","2022","May_25",6.38957069032882,16.2829017328631,11.336236211596
"SLINDON","2022","May_26",9.08771666421307,17.4285216302329,13.258119147223
"SLINDON","2022","May_27",11.6250403958207,19.3806359651972,15.5028381805089
"SLINDON","2022","May_28",5.40890763824188,18.6966240808316,12.0527658595367
"SLINDON","2022","May_29",4.9598222052358,16.3156711551037,10.6377466801698
"SLINDON","2022","May_30",3.77381142680712,14.8072375859529,9.29052450638
"SLINDON","2022","May_31",5.75688377599424,15.8289519710929,10.7929178735436
"SLINDON","2022","June_01",4.59390276867899,17.4965682556414,11.0452355121602
"SLINDON","2022","June_02",5.10253813928483,19.8447984600094,12.4736682996471
"SLINDON","2022","June_03",9.13111057881705,22.9555534258391,16.0433320023281
"SLINDON","2022","June_04",11.2414979112065,19.5932407919684,15.4173693515875
"SLINDON","2022","June_05",10.6209701813491,16.1750343438282,13.3980022625887
"SLINDON","2022","June_06",10.95744753289,18.1110412362689,14.5342443845794
"SLINDON","2022","June_07",9.7603219920016,18.3146196089039,14.0374708004527
"SLINDON","2022","June_08",12.5676656020395,18.8902453611265,15.728955481583
"SLINDON","2022","June_09",8.72187230435143,18.2551043726323,13.4884883384919
"SLINDON","2022","June_10",13.5052677697965,19.0856197467399,16.2954437582682
"SLINDON","2022","June_11",10.0755815773667,19.1960058697966,14.6357937235816
"SLINDON","2022","June_12",8.30114717798792,19.6990717129572,14.0001094454726
"SLINDON","2022","June_13",7.51464091882679,19.3078121225217,13.4112265206742
"SLINDON","2022","June_14",5.3848045154674,21.6505122943137,13.5176584048905
"SLINDON","2022","June_15",6.98975261340272,24.4556873199769,15.7227199666898
"SLINDON","2022","June_16",9.25306585787232,25.4553033120705,17.3541845849714
"SLINDON","2022","June_17",10.8423172166769,26.6910912566965,18.7667042366867
"SLINDON","2022","June_18",13.1617204595682,24.5330959429582,18.8474082012632
"SLINDON","2022","June_19",8.47826625231433,18.2064774959612,13.3423718741378
"SLINDON","2022","June_20",9.80281454992749,21.8653984658519,15.8341065078897
"SLINDON","2022","June_21",7.22170501987985,23.1485444560528,15.1851247379663
"SLINDON","2022","June_22",8.05278684368206,25.4286033567119,16.740695100197
"SLINDON","2022","June_23",9.84670044377599,22.4753194706965,16.1610099572362
"SLINDON","2022","June_24",12.6242013326313,19.6444628714371,16.1343321020342
"SLINDON","2022","June_25",11.1260087640362,18.5817279724017,14.8538683682189
"SLINDON","2022","June_26",9.6829445873264,18.5815138237557,14.132229205541
"SLINDON","2022","June_27",9.18088592451847,18.4615824541477,13.8212341893331
"SLINDON","2022","June_28",8.5093404307353,18.8600141436936,13.6846772872144
"SLINDON","2022","June_29",12.5093195640222,18.6095579135952,15.5594387388087
"SLINDON","2022","June_30",10.5002335253885,17.9862216078194,14.243227566604
"SLINDON","2023","April_01",8.19094181849563,12.0664079034896,10.1286748609926
"SLINDON","2023","April_02",5.70154611891211,10.7636954053369,8.23262076212453
"SLINDON","2023","April_03",-0.922127630444112,11.9769674397918,5.52741990467383
"SLINDON","2023","April_04",-2.18365992483306,12.0593312878966,4.93783568153177
"SLINDON","2023","April_05",-0.211538209644566,11.4687800379731,5.62862091416428
"SLINDON","2023","April_06",7.06111745593113,14.4371063580835,10.7491119070073
"SLINDON","2023","April_07",1.66183319075519,15.1112460931175,8.38653964193634
"SLINDON","2023","April_08",1.0296731991182,13.5379424728144,7.2838078359663
"SLINDON","2023","April_09",2.81046808078971,13.6817975866251,8.24613283370738
"SLINDON","2023","April_10",7.95247623124656,13.8107714981167,10.8816238646816
"SLINDON","2023","April_11",4.8919413456153,11.5075385249354,8.19973993527537
"SLINDON","2023","April_12",4.04820589290946,10.1482357590805,7.09822082599497
"SLINDON","2023","April_13",4.56516708715257,11.7916838140191,8.17842545058585
"SLINDON","2023","April_14",3.26735901534378,8.48399358353729,5.87567629944053
"SLINDON","2023","April_15",5.10635747595929,14.5718839716489,9.83912072380412
"SLINDON","2023","April_16",5.30412361678965,14.5964168039035,9.95027021034658
"SLINDON","2023","April_17",7.26580605934341,15.5895778948342,11.4276919770888
"SLINDON","2023","April_18",4.84031166640681,12.6930665125904,8.76668908949861
"SLINDON","2023","April_19",5.52125920064285,16.0074918345486,10.7643755175957
"SLINDON","2023","April_20",2.45878217347845,15.607972676615,9.0333774250467
"SLINDON","2023","April_21",3.68164623373871,10.9165698985438,7.29910806614123
"SLINDON","2023","April_22",0.825808970039304,13.2026940893295,7.01425152968443
"SLINDON","2023","April_23",7.37368123648716,13.251696784897,10.3126890106921
"SLINDON","2023","April_24",4.01745305352209,11.9959952992417,8.00672417638192
"SLINDON","2023","April_25",0.200848461829061,11.377845970171,5.78934721600002
"SLINDON","2023","April_26",2.5197301714146,11.9210614697298,7.2203958205722
"SLINDON","2023","April_27",4.47324890312992,12.8881636144377,8.68070625878381
"SLINDON","2023","April_28",9.25300256432711,18.1108077979671,13.6819051811471
"SLINDON","2023","April_29",5.32491481249053,15.9352745358182,10.6300946741544
"SLINDON","2023","April_30",3.61125834516334,15.1379130583361,9.37458570174971
"SLINDON","2023","May_01",7.20999977015187,17.2139517282085,12.2119757491802
"SLINDON","2023","May_02",5.97871462015737,15.7384603014784,10.8585874608179
"SLINDON","2023","May_03",3.03801376217073,16.35021389416,9.69411382816535
"SLINDON","2023","May_04",6.06998474589447,17.6088558478661,11.8394202968803
"SLINDON","2023","May_05",10.037315623374,17.3059737005991,13.6716446619866
"SLINDON","2023","May_06",8.70138282906713,13.1310159557087,10.9161993923879
"SLINDON","2023","May_07",10.5388579255508,18.7330754544075,14.6359666899791
"SLINDON","2023","May_08",8.54837140124551,14.5704751393664,11.559423270306
"SLINDON","2023","May_09",10.8823359181744,16.931775391784,13.9070556549792
"SLINDON","2023","May_10",8.63198380024176,16.8017082606885,12.7168460304651
"SLINDON","2023","May_11",6.91328646121795,17.6712164700063,12.2922514656121
"SLINDON","2023","May_12",6.9266931807852,14.947103068231,10.9368981245081
"SLINDON","2023","May_13",8.98060831282979,17.2956396845579,13.1381239986939
"SLINDON","2023","May_14",7.63216589213686,17.2846563896326,12.4584111408847
"SLINDON","2023","May_15",8.4588910126933,15.8207776992501,12.1398343559717
"SLINDON","2023","May_16",3.5931306355097,16.7459307781535,10.1695307068316
"SLINDON","2023","May_17",4.75136025424737,17.7543444017706,11.252852328009
"SLINDON","2023","May_18",7.45218231357736,17.6060739727935,12.5291281431854
"SLINDON","2023","May_19",7.21525036308499,17.8885966346419,12.5519234988635
"SLINDON","2023","May_20",5.59681632141789,19.4291663081434,12.5129913147806
"SLINDON","2023","May_21",6.04100883025113,19.0403235122933,12.5406661712722
"SLINDON","2023","May_22",6.48132940269073,19.7589099070111,13.1201196548509
"SLINDON","2023","May_23",6.42563456165965,18.2534863066913,12.3395604341755
"SLINDON","2023","May_24",5.53692052285066,21.116596241691,13.3267583822708
"SLINDON","2023","May_25",7.14410666151409,19.7658322600151,13.4549694607646
"SLINDON","2023","May_26",5.74333852103806,19.0061242957707,12.3747314084044
"SLINDON","2023","May_27",5.88090697157127,20.3732941523019,13.1271005619366
"SLINDON","2023","May_28",4.03504495264384,21.8989875192816,12.9670162359627
"SLINDON","2023","May_29",6.72812965799562,17.7581864124051,12.2431580352003
"SLINDON","2023","May_30",6.40808562806057,18.6690194658775,12.5385525469691
"SLINDON","2023","May_31",9.58843065382084,19.8742210842046,14.7313258690127
"SLINDON","2023","June_01",8.96787907373863,19.2698313614614,14.1188552176
"SLINDON","2023","June_02",9.09231784992475,18.5820347682818,13.8371763091033
"SLINDON","2023","June_03",6.6205019493177,21.7359389661535,14.1782204577356
"SLINDON","2023","June_04",7.40718458409471,22.6326443078725,15.0199144459836
"SLINDON","2023","June_05",6.73921165834129,19.4033212355749,13.0712664469581
"SLINDON","2023","June_06",7.51164794284421,19.0529256824151,13.2822868126297
"SLINDON","2023","June_07",8.42846110096676,21.8421446330553,15.135302867011
"SLINDON","2023","June_08",8.60094783307324,22.9019393051158,15.7514435690945
"SLINDON","2023","June_09",10.4602498217895,25.5080548692628,17.9841523455262
"SLINDON","2023","June_10",13.0382944884825,28.6424384632465,20.8403664758645
"SLINDON","2023","June_11",14.1370817153902,28.6114245994632,21.3742531574267
"SLINDON","2023","June_12",15.5131901991948,25.2802830151127,20.3967366071537
"SLINDON","2023","June_13",12.2932922629214,28.4648520648898,20.3790721639056
"SLINDON","2023","June_14",9.75949190465221,27.718425134363,18.7389585195076
"SLINDON","2023","June_15",10.1344137150469,27.0235666363796,18.5789901757132
"SLINDON","2023","June_16",10.5857842094522,26.6715740797887,18.6286791446205
"SLINDON","2023","June_17",10.8221843242472,25.7933646143599,18.3077744693035
"SLINDON","2023","June_18",15.0432056290948,23.100345462484,19.0717755457894
"SLINDON","2023","June_19",13.5023133882375,21.6017774701946,17.5520454292161
"SLINDON","2023","June_20",14.1180939431959,20.8769275644776,17.4975107538367
"SLINDON","2023","June_21",13.3694653953606,22.0620678386204,17.7157666169905
"SLINDON","2023","June_22",11.7769841662646,25.9788107259954,18.87789744613
"SLINDON","2023","June_23",12.6848998735688,24.0502407058874,18.3675702897281
"SLINDON","2023","June_24",14.3301884012742,24.514053707931,19.4221210546026
"SLINDON","2023","June_25",12.1058286625472,25.9992885715596,19.0525586170534
"SLINDON","2023","June_26",12.1957717891359,21.4507541550993,16.8232629721176
"SLINDON","2023","June_27",11.5134886958449,21.2549871044997,16.3842379001723
"SLINDON","2023","June_28",15.9481612144444,23.0213588554354,19.4847600349399
"SLINDON","2023","June_29",13.6383197939726,22.3944263198607,18.0163730569167
"SLINDON","2023","June_30",9.03412645271058,17.7840843148946,13.4091053838026
"SPW","2008","April_01",5.46009187916508,14.8288952522337,10.1444935656994
"SPW","2008","April_02",6.60789732302529,13.190220364942,9.89905884398364
"SPW","2008","April_03",7.09323169254588,14.490451298921,10.7918414957334
"SPW","2008","April_04",4.99424226432989,16.6713712053195,10.8328067348247
"SPW","2008","April_05",4.7986219565933,9.55773724029667,7.17817959844498
"SPW","2008","April_06",-0.889475158895267,5.12620460282408,2.1183647219644
"SPW","2008","April_07",-0.774101941009939,8.78223099097637,4.00406452498321
"SPW","2008","April_08",-2.55834043656526,10.1746424306977,3.80815099706622
"SPW","2008","April_09",-2.0868754614277,11.6804303351041,4.79677743683822
"SPW","2008","April_10",-0.78313467553511,12.4592561922692,5.83806075836705
"SPW","2008","April_11",1.72397818351098,11.4559727575341,6.58997547052253
"SPW","2008","April_12",3.61150476628794,12.6713197599789,8.1414122631334
"SPW","2008","April_13",0.989049182362993,11.7677652942725,6.37840723831775
"SPW","2008","April_14",1.75542705537952,11.3038971629153,6.5296621091474
"SPW","2008","April_15",-1.28911315546586,12.1079503049122,5.40941857472315
"SPW","2008","April_16",1.16825126864256,10.2514511658393,5.70985121724093
"SPW","2008","April_17",2.05532385680595,9.75137598647217,5.90334992163906
"SPW","2008","April_18",2.80006682258089,9.46599915555543,6.13303298906816
"SPW","2008","April_19",6.06834226076288,8.67959279481117,7.37396752778703
"SPW","2008","April_20",6.50809057838731,12.9584024120743,9.73324649523079
"SPW","2008","April_21",7.4058631270357,14.7554159953384,11.0806395611871
"SPW","2008","April_22",5.00973164091391,17.2751840752466,11.1424578580803
"SPW","2008","April_23",3.67461468352346,16.7695677860639,10.2220912347937
"SPW","2008","April_24",4.926880254225,14.7820701041024,9.8544751791637
"SPW","2008","April_25",6.82730161962465,16.5128185789474,11.670060099286
"SPW","2008","April_26",7.17599639363519,20.6384249358241,13.9072106647297
"SPW","2008","April_27",10.5850240119352,18.1033541753234,14.3441890936293
"SPW","2008","April_28",6.84071909595204,14.623804663366,10.732261879659
"SPW","2008","April_29",3.59015782608685,12.6582984208048,8.12422812344584
"SPW","2008","April_30",4.31900158948761,11.3903671915427,7.85468439051514
"SPW","2008","May_01",5.69957534705553,14.3643971073871,10.0319862272213
"SPW","2008","May_02",3.88953872177501,15.6737080959857,9.78162340888036
"SPW","2008","May_03",3.51171129306486,19.5156229062356,11.5136670996502
"SPW","2008","May_04",11.000504016408,20.6990321802787,15.8497680983433
"SPW","2008","May_05",11.6579583832125,21.1108954676045,16.3844269254085
"SPW","2008","May_06",7.25460433362263,21.457627817241,14.3561160754318
"SPW","2008","May_07",9.61362887899787,23.2776030574688,16.4456159682334
"SPW","2008","May_08",10.027033108348,23.2921156381778,16.6595743732629
"SPW","2008","May_09",10.7134984243454,24.4571685278372,17.5853334760913
"SPW","2008","May_10",10.9240309674998,25.2000293704774,18.0620301689886
"SPW","2008","May_11",9.72038070871201,25.4153258617821,17.5678532852471
"SPW","2008","May_12",9.10604539918075,23.5337237996741,16.3198845994274
"SPW","2008","May_13",9.20876040410138,20.0107041383837,14.6097322712425
"SPW","2008","May_14",9.55233399552466,18.5670428396429,14.0596884175838
"SPW","2008","May_15",8.37116508986601,14.4148397055044,11.3930023976852
"SPW","2008","May_16",8.55810033600251,12.4576423426427,10.5078713393226
"SPW","2008","May_17",8.89701515502639,12.8755465363257,10.886280845676
"SPW","2008","May_18",5.45700120302396,14.3668314922559,9.91191634763994
"SPW","2008","May_19",1.87566526659252,13.2137822449464,7.54472375576947
"SPW","2008","May_20",1.44338999758771,14.9311813530795,8.18728567533361
"SPW","2008","May_21",3.48972568864772,17.6731571961109,10.5814414423793
"SPW","2008","May_22",5.32857776779277,20.4048191581408,12.8666984629668
"SPW","2008","May_23",8.29060972568669,20.2117358241227,14.2511727749047
"SPW","2008","May_24",10.6143039243728,19.722529944203,15.1684169342879
"SPW","2008","May_25",10.9153804179764,14.5749085682823,12.7451444931294
"SPW","2008","May_26",10.649100363192,12.4787976654623,11.5639490143272
"SPW","2008","May_27",9.11708777239304,17.3368123013654,13.2269500368792
"SPW","2008","May_28",11.7932824649237,17.1139543329248,14.4536183989242
"SPW","2008","May_29",9.71294179562848,19.9566044379161,14.8347731167723
"SPW","2008","May_30",11.3412558665717,18.1569080844665,14.7490819755191
"SPW","2008","May_31",11.2268536079669,20.0705678172388,15.6487107126029
"SPW","2008","June_01",11.2980453552058,16.056557991688,13.6773016734469
"SPW","2008","June_02",10.6831214471389,17.6995576496762,14.1913395484075
"SPW","2008","June_03",12.756608814567,15.0654133082718,13.9110110614194
"SPW","2008","June_04",10.677900917334,19.56784346035,15.122872188842
"SPW","2008","June_05",7.04762368568456,20.6362427854247,13.8419332355546
"SPW","2008","June_06",9.61131129946754,18.0366461663006,13.8239787328841
"SPW","2008","June_07",9.73120777379378,17.5502867838575,13.6407472788256
"SPW","2008","June_08",12.2687231788907,23.4036814715404,17.8362023252156
"SPW","2008","June_09",9.64083330637506,25.1516790302989,17.396256168337
"SPW","2008","June_10",11.9475463800208,21.4979731542178,16.7227597671193
"SPW","2008","June_11",9.08108264713144,19.1463664384174,14.1137245427744
"SPW","2008","June_12",9.88129875716667,15.0533872299983,12.4673429935825
"SPW","2008","June_13",6.03843188146207,16.3910169620417,11.2147244217519
"SPW","2008","June_14",6.5015459612675,18.357091350474,12.4293186558708
"SPW","2008","June_15",6.69237712438077,17.1858319835127,11.9391045539468
"SPW","2008","June_16",5.26755456128474,18.2841159594989,11.7758352603918
"SPW","2008","June_17",8.47980230548314,19.9706007263168,14.2252015159
"SPW","2008","June_18",9.75249629298173,17.9825706246657,13.8675334588237
"SPW","2008","June_19",12.3593883772668,19.7886873002849,16.0740378387759
"SPW","2008","June_20",9.27039640725724,19.1438245026984,14.2071104549778
"SPW","2008","June_21",11.1782163824411,18.758414319446,14.9683153509436
"SPW","2008","June_22",13.138304722082,20.2667383232273,16.7025215226546
"SPW","2008","June_23",9.98509159384423,20.2056428902665,15.0953672420554
"SPW","2008","June_24",8.08367269580884,21.1056838398007,14.5946782678048
"SPW","2008","June_25",11.6629982205099,21.3574386307782,16.510218425644
"SPW","2008","June_26",8.85221897412411,20.9361145047253,14.8941667394247
"SPW","2008","June_27",11.4377993438041,20.538232960967,15.9880161523855
"SPW","2008","June_28",15.6025102902995,21.7942349749303,18.6983726326149
"SPW","2008","June_29",9.90270210022713,21.1806986946344,15.5417003974308
"SPW","2008","June_30",8.23014725187887,21.8723481036516,15.0512476777652
"SPW","2009","April_01",1.43603987356156,15.5345670250449,8.48530344930325
"SPW","2009","April_02",4.69149027964456,14.0894825756885,9.39048642766655
"SPW","2009","April_03",3.76508924994739,13.1747482698058,8.46991875987659
"SPW","2009","April_04",4.58425398239282,16.0619181138033,10.323086048098
"SPW","2009","April_05",1.92894802423982,14.3711512571929,8.15004964071635
"SPW","2009","April_06",5.05406465974884,17.060377949747,11.0572213047479
"SPW","2009","April_07",6.57177970906291,14.563299580084,10.5675396445735
"SPW","2009","April_08",7.29680381998676,15.0974812459081,11.1971425329474
"SPW","2009","April_09",4.69831411722096,14.2779021491843,9.48810813320261
"SPW","2009","April_10",8.89178464177965,14.4985824512769,11.6951835465283
"SPW","2009","April_11",8.32757126476734,10.9394117148155,9.63349148979143
"SPW","2009","April_12",7.69290157064467,11.6205894525646,9.65674551160465
"SPW","2009","April_13",7.90750941906265,15.6639837140658,11.7857465665642
"SPW","2009","April_14",5.49893463933755,16.0452118878089,10.7720732635732
"SPW","2009","April_15",7.79087462376235,19.8287975684809,13.8098360961216
"SPW","2009","April_16",9.89506873914963,12.9972432241292,11.4461559816394
"SPW","2009","April_17",7.26481097645844,11.7198378494372,9.49232441294782
"SPW","2009","April_18",3.80061766074715,14.8631026283375,9.33186014454234
"SPW","2009","April_19",4.32277234849532,15.2431317217527,9.782952035124
"SPW","2009","April_20",3.49424144920206,17.236136089268,10.365188769235
"SPW","2009","April_21",1.80902250808955,19.2393722903778,10.5241973992337
"SPW","2009","April_22",3.98669825488811,18.1267167345796,11.0567074947338
"SPW","2009","April_23",5.37285863614384,18.3931426051152,11.8830006206295
"SPW","2009","April_24",6.75898172181553,18.034634381368,12.3968080515917
"SPW","2009","April_25",7.59104441008894,15.346748935507,11.468896672798
"SPW","2009","April_26",1.51995682887336,17.0468075855167,9.28338220719503
"SPW","2009","April_27",3.79680367960825,10.3957231582012,7.09626341890474
"SPW","2009","April_28",1.07220202887202,13.4170059711821,7.24460400002704
"SPW","2009","April_29",0.790187870175357,16.799557941555,8.79487290586516
"SPW","2009","April_30",5.35845205533583,16.9347894631262,11.146620759231
"SPW","2009","May_01",6.80446504933385,19.6212023505953,13.2128336999646
"SPW","2009","May_02",5.89929711731959,17.6102830176954,11.7547900675075
"SPW","2009","May_03",7.5959730790836,13.9868595112218,10.7914162951527
"SPW","2009","May_04",2.06027675363412,13.4392869270119,7.74978184032303
"SPW","2009","May_05",9.49368652203595,18.5473570141278,14.0205217680819
"SPW","2009","May_06",10.1768422351482,18.5732637515713,14.3750529933597
"SPW","2009","May_07",8.47531433468372,15.8923681786935,12.1838412566886
"SPW","2009","May_08",7.61032338307933,14.8232331452812,11.2167782641802
"SPW","2009","May_09",4.77796573512273,15.9324497358679,10.3552077354953
"SPW","2009","May_10",2.79811542003903,18.2713395332094,10.5347274766242
"SPW","2009","May_11",5.77631387117309,15.1548330397622,10.4655734554677
"SPW","2009","May_12",5.6390154233032,15.978019732029,10.8085175776661
"SPW","2009","May_13",8.33412468621437,14.4547068034978,11.3944157448561
"SPW","2009","May_14",10.5726966555279,16.2912506779337,13.4319736667308
"SPW","2009","May_15",10.4360988168775,15.6497105327864,13.042904674832
"SPW","2009","May_16",5.61903468488096,15.9036153999735,10.7613250424272
"SPW","2009","May_17",6.19652466192137,14.3532682145873,10.2748964382544
"SPW","2009","May_18",8.35943875880718,15.735554388238,12.0474965735226
"SPW","2009","May_19",8.08735685994867,16.5589790283577,12.3231679441532
"SPW","2009","May_20",6.46593709175934,18.0494283485304,12.2576827201448
"SPW","2009","May_21",6.77507565642741,18.1413447019098,12.4582101791686
"SPW","2009","May_22",5.58808775664313,18.0563458355596,11.8222167961014
"SPW","2009","May_23",6.29450016498152,20.5747498425768,13.4346250037792
"SPW","2009","May_24",6.54166833251968,22.8338589671319,14.6877636498258
"SPW","2009","May_25",9.35213476576583,22.0525663552931,15.7023505605294
"SPW","2009","May_26",9.85891116953754,16.3510225974622,13.1049668834999
"SPW","2009","May_27",7.32472714571139,17.9254123723891,12.6250697590503
"SPW","2009","May_28",10.1286364130327,21.8073138982996,15.9679751556661
"SPW","2009","May_29",9.13731593618356,22.6832770586179,15.9102964974007
"SPW","2009","May_30",7.78329811200086,21.2649066645601,14.5241023882805
"SPW","2009","May_31",8.52667771730195,23.6538307010266,16.0902542091643
"SPW","2009","June_01",9.6328993943536,23.9299444559603,16.781421925157
"SPW","2009","June_02",8.07325877897198,23.7564764853311,15.9148676321515
"SPW","2009","June_03",10.430967487073,16.2990680139147,13.3650177504939
"SPW","2009","June_04",3.96630320595987,16.6657684708564,10.3160358384081
"SPW","2009","June_05",8.40659590086896,12.8078905296493,10.6072432152591
"SPW","2009","June_06",8.4227046706349,14.3584772611867,11.3905909659108
"SPW","2009","June_07",7.01890353705001,15.8259434369536,11.4224234870018
"SPW","2009","June_08",6.60194009626289,16.2893887269032,11.4456644115831
"SPW","2009","June_09",9.43771059495564,15.2834782343265,12.3605944146411
"SPW","2009","June_10",9.84957679591238,16.2525119348949,13.0510443654037
"SPW","2009","June_11",10.1256375038049,18.2886705325213,14.2071540181631
"SPW","2009","June_12",4.39479146052724,19.5661333040003,11.9804623822638
"SPW","2009","June_13",12.3748721517507,23.1737695825324,17.7743208671415
"SPW","2009","June_14",11.1064529460136,22.164572699537,16.6355128227753
"SPW","2009","June_15",10.2760405455906,22.4004785469758,16.3382595462832
"SPW","2009","June_16",8.53575396392446,22.1148775477111,15.3253157558178
"SPW","2009","June_17",9.71071451979744,21.1996796268076,15.4551970733025
"SPW","2009","June_18",9.00591968194951,18.0144761437793,13.5101979128644
"SPW","2009","June_19",8.90042438023968,18.8448929057341,13.8726586429869
"SPW","2009","June_20",9.50690100344816,18.0909541093123,13.7989275563802
"SPW","2009","June_21",9.9144436041075,19.9844159369834,14.9494297705455
"SPW","2009","June_22",9.96085055725538,21.0720323254221,15.5164414413388
"SPW","2009","June_23",11.5414970823052,22.8640874119873,17.2027922471463
"SPW","2009","June_24",8.18563061901481,23.1877571274534,15.6866938732341
"SPW","2009","June_25",11.3641548313364,25.5048290045144,18.4344919179254
"SPW","2009","June_26",13.0665317324719,22.9270156321707,17.9967736823213
"SPW","2009","June_27",13.0996154752251,24.4947765861054,18.7971960306652
"SPW","2009","June_28",12.275925188615,25.3016414543462,18.7887833214806
"SPW","2009","June_29",14.3229992764983,28.4923466643707,21.4076729704345
"SPW","2009","June_30",13.9864018397545,28.6698394478075,21.328120643781
"SPW","2010","April_01",1.11886482785437,8.87322475804017,4.99604479294727
"SPW","2010","April_02",3.12653911613173,9.70766677710778,6.41710294661976
"SPW","2010","April_03",3.16943188585633,11.4069175481779,7.28817471701713
"SPW","2010","April_04",3.86646397904026,10.6462494946588,7.25635673684951
"SPW","2010","April_05",2.05000436660673,12.6782901757187,7.36414727116274
"SPW","2010","April_06",5.45443568336053,16.0221695721215,10.738302627741
"SPW","2010","April_07",6.13715644436249,10.5765996275833,8.35687803597291
"SPW","2010","April_08",1.67890713460063,15.8232991108838,8.75110312274222
"SPW","2010","April_09",2.57307588443398,16.9487073539179,9.76089161917594
"SPW","2010","April_10",3.70677441138235,16.3031777354912,10.0049760734368
"SPW","2010","April_11",4.47640617062809,13.269651102325,8.87302863647652
"SPW","2010","April_12",4.74187791453705,12.9612052658191,8.85154159017808
"SPW","2010","April_13",3.04787480609057,13.4829332505839,8.26540402833723
"SPW","2010","April_14",5.33774363789818,12.2714132521218,8.80457844501001
"SPW","2010","April_15",3.84842963378811,12.505768898782,8.17709926628505
"SPW","2010","April_16",3.91071057855668,13.0322779636493,8.471494271103
"SPW","2010","April_17",-0.756361456705655,16.5234112823426,7.88352491281848
"SPW","2010","April_18",0.303373812726189,17.5404098891205,8.92189185092335
"SPW","2010","April_19",4.29084566743018,14.6796873671123,9.48526651727126
"SPW","2010","April_20",2.19766734908928,13.3264510763762,7.76205921273274
"SPW","2010","April_21",0.2286171127829,11.492869086482,5.86074309963246
"SPW","2010","April_22",-0.659458675564314,13.2089350794772,6.27473820195645
"SPW","2010","April_23",-0.324557418899095,16.2060300614878,7.94073632129434
"SPW","2010","April_24",1.04757945373473,19.63478541139,10.3411824325624
"SPW","2010","April_25",7.76230156259987,18.1449778825327,12.9536397225663
"SPW","2010","April_26",6.94946671775718,17.6670367613042,12.3082517395307
"SPW","2010","April_27",3.90119829083443,19.6035508219068,11.7523745563706
"SPW","2010","April_28",6.16269644189098,20.8183565239948,13.4905264829429
"SPW","2010","April_29",8.7805578838751,17.9627174816939,13.3716376827845
"SPW","2010","April_30",6.47907569973622,15.1853940501999,10.8322348749681
"SPW","2010","May_01",8.16198577340166,16.2368093074296,12.1993975404156
"SPW","2010","May_02",6.60223091935584,9.02428690758274,7.81325891346929
"SPW","2010","May_03",3.95893628640652,10.5608381701443,7.2598872282754
"SPW","2010","May_04",1.21446890160985,11.4028795578379,6.30867422972386
"SPW","2010","May_05",2.00646999503898,14.1999404584288,8.1032052267339
"SPW","2010","May_06",6.71317994280952,14.0301168942782,10.3716484185439
"SPW","2010","May_07",4.19325326978566,12.5425520624115,8.36790266609859
"SPW","2010","May_08",5.88207554644904,9.09474571929825,7.48841063287365
"SPW","2010","May_09",5.44582380430937,11.6127821049359,8.52930295462264
"SPW","2010","May_10",2.51924613402535,11.5269132965819,7.02307971530362
"SPW","2010","May_11",0.830267256922819,9.82350073519814,5.32688399606048
"SPW","2010","May_12",-1.21061745711045,11.2134259172723,5.00140423008095
"SPW","2010","May_13",-1.12810720066971,13.1055651387908,5.98872896906054
"SPW","2010","May_14",2.36465899708715,14.5319301580926,8.44829457758986
"SPW","2010","May_15",5.50584067731003,16.4107039520936,10.9582723147018
"SPW","2010","May_16",2.69783146003831,15.7862429548883,9.24203720746328
"SPW","2010","May_17",3.26100286647784,16.5332497107494,9.89712628861361
"SPW","2010","May_18",2.47265381081311,18.0815454708363,10.2770996408247
"SPW","2010","May_19",4.49973063916746,20.3895177035906,12.444624171379
"SPW","2010","May_20",8.36873350144484,22.4436215260406,15.4061775137427
"SPW","2010","May_21",10.7378969930605,23.5082725672144,17.1230847801374
"SPW","2010","May_22",7.91576147372472,23.1864934735137,15.5511274736192
"SPW","2010","May_23",7.55129407894046,26.8591522037278,17.2052231413341
"SPW","2010","May_24",11.1939595059029,26.205421979898,18.6996907429005
"SPW","2010","May_25",9.69477103695213,18.1193028878739,13.907036962413
"SPW","2010","May_26",7.02130294905561,16.0117936088379,11.5165482789467
"SPW","2010","May_27",7.37915158656515,16.1928236915591,11.7859876390621
"SPW","2010","May_28",4.77378877959026,18.0827717014708,11.4282802405306
"SPW","2010","May_29",8.40841474053521,14.8535679030284,11.6309913217818
"SPW","2010","May_30",11.1540379849468,17.5866505650257,14.3703442749863
"SPW","2010","May_31",9.11279794341705,15.9053309017425,12.5090644225798
"SPW","2010","June_01",7.93764478461876,14.1878843992088,11.0627645919138
"SPW","2010","June_02",7.33685838577525,20.837724554919,14.0872914703471
"SPW","2010","June_03",6.06346793462437,21.6743179133142,13.8688929239693
"SPW","2010","June_04",6.77897055806511,25.2264041501998,16.0026873541325
"SPW","2010","June_05",9.45978818707491,26.0793746585195,17.7695814227972
"SPW","2010","June_06",13.3324749667916,21.7877210053668,17.5600979860792
"SPW","2010","June_07",10.7463156189507,19.5841202550749,15.1652179370128
"SPW","2010","June_08",11.0124699780155,18.6794401716909,14.8459550748532
"SPW","2010","June_09",10.9832381752098,19.6216251031264,15.3024316391681
"SPW","2010","June_10",12.8785139685824,17.8732552123717,15.375884590477
"SPW","2010","June_11",11.2760997940719,19.1444289771414,15.2102643856067
"SPW","2010","June_12",8.11906629746082,18.229931374428,13.1744988359444
"SPW","2010","June_13",8.99216388493356,20.452605305124,14.7223845950288
"SPW","2010","June_14",9.31608029948772,18.5212976712527,13.9186889853702
"SPW","2010","June_15",6.732745311278,16.9441918246598,11.8384685679689
"SPW","2010","June_16",6.5030520153263,18.3745784214344,12.4388152183804
"SPW","2010","June_17",6.002280644479,21.062430626896,13.5323556356875
"SPW","2010","June_18",8.9099845274856,17.3452522404968,13.1276183839912
"SPW","2010","June_19",6.82821489322469,14.1575423572626,10.4928786252436
"SPW","2010","June_20",6.26119302724054,19.1990785611577,12.7301357941991
"SPW","2010","June_21",9.61055841832223,23.0716223995844,16.3410904089533
"SPW","2010","June_22",11.0673010176121,25.9172008577388,18.4922509376755
"SPW","2010","June_23",10.5731516903668,25.8475491492454,18.2103504198061
"SPW","2010","June_24",10.8895106513843,24.2138248076976,17.551667729541
"SPW","2010","June_25",11.6907540429097,25.1038916386836,18.3973228407967
"SPW","2010","June_26",13.5896785335481,25.748295857042,19.668987195295
"SPW","2010","June_27",10.5179978230143,28.7350870388726,19.6265424309434
"SPW","2010","June_28",12.255428400146,27.1198424109999,19.687635405573
"SPW","2010","June_29",14.1020529292995,26.8666819475358,20.4843674384176
"SPW","2010","June_30",14.3569056625485,25.0053772164313,19.6811414394899
"SPW","2011","April_01",9.89331817807199,16.1677772114429,13.0305476947574
"SPW","2011","April_02",10.6868781669287,17.7500964439628,14.2184873054457
"SPW","2011","April_03",2.68867200455921,14.828012233865,8.75834211921213
"SPW","2011","April_04",3.09382404646718,13.2224221309235,8.15812308869535
"SPW","2011","April_05",7.96747997736155,16.0329658352139,12.0002229062877
"SPW","2011","April_06",9.46167639689831,22.4968846177172,15.9792805073078
"SPW","2011","April_07",6.1759154941682,19.4563512927823,12.8161333934752
"SPW","2011","April_08",4.63239528124604,20.4557680108465,12.5440816460463
"SPW","2011","April_09",4.3934959520165,18.3459377438435,11.36971684793
"SPW","2011","April_10",3.18932722031564,18.7862312799315,10.9877792501236
"SPW","2011","April_11",3.52213321890309,19.3307521552029,11.426442687053
"SPW","2011","April_12",3.75401353640611,13.6287728342413,8.6913931853237
"SPW","2011","April_13",0.697593349926754,11.9011332884002,6.29936331916345
"SPW","2011","April_14",6.08944882608272,13.2192449921806,9.65434690913164
"SPW","2011","April_15",7.64285052345947,15.5193610936623,11.5811058085609
"SPW","2011","April_16",7.16182812971229,16.7437828820909,11.9528055059016
"SPW","2011","April_17",5.00167438624649,18.8050579990655,11.903366192656
"SPW","2011","April_18",3.90771746982757,17.7418566422386,10.8247870560331
"SPW","2011","April_19",5.64785875460424,22.7405064523157,14.19418260346
"SPW","2011","April_20",5.75448184054481,23.7161388153424,14.7353103279436
"SPW","2011","April_21",6.43500667517088,24.0218464711512,15.228426573161
"SPW","2011","April_22",5.93461249980354,24.8976413945404,15.416126947172
"SPW","2011","April_23",7.44222461128105,26.351012423029,16.896618517155
"SPW","2011","April_24",8.89292985103219,20.9157068474316,14.9043183492319
"SPW","2011","April_25",7.02050259523374,19.5635254976371,13.2920140464354
"SPW","2011","April_26",7.36885182195144,14.4693986181962,10.9191252200738
"SPW","2011","April_27",7.12528432772982,15.2111575342755,11.1682209310027
"SPW","2011","April_28",4.27225794608712,15.3016184787542,9.78693821242065
"SPW","2011","April_29",8.04270210287487,19.0105162284018,13.5266091656384
"SPW","2011","April_30",9.21657344931637,19.4074515118551,14.3120124805858
"SPW","2011","May_01",8.6344915824327,18.4104051712884,13.5224483768605
"SPW","2011","May_02",6.50593457718343,15.3478997985006,10.926917187842
"SPW","2011","May_03",3.02953095605034,14.1429847297609,8.58625784290563
"SPW","2011","May_04",-0.209056575007562,16.0936628176178,7.94230312130512
"SPW","2011","May_05",5.58070419460655,19.1572679273134,12.36898606096
"SPW","2011","May_06",6.66239291130043,23.8409955246077,15.2516942179541
"SPW","2011","May_07",11.9793386291943,22.7388644350019,17.3591015320981
"SPW","2011","May_08",13.8891029306971,19.5982100144768,16.743656472587
"SPW","2011","May_09",7.64632979214161,20.0663400976875,13.8563349449146
"SPW","2011","May_10",6.34205347294198,20.567001399191,13.4545274360665
"SPW","2011","May_11",6.53874157542147,16.8257946130707,11.6822680942461
"SPW","2011","May_12",5.33437574190204,17.3888334345258,11.3616045882139
"SPW","2011","May_13",3.65090093342245,17.4693338517816,10.560117392602
"SPW","2011","May_14",4.53739147557302,15.9678842631418,10.2526378693574
"SPW","2011","May_15",6.1419372734544,14.549947194538,10.3459422339962
"SPW","2011","May_16",10.3091154752438,18.7291628747789,14.5191391750113
"SPW","2011","May_17",10.2764886173504,17.6907796469646,13.9836341321575
"SPW","2011","May_18",12.1570843343745,18.2858521137991,15.2214682240868
"SPW","2011","May_19",4.20239886295928,18.5577548692128,11.380076866086
"SPW","2011","May_20",7.70441182534342,18.2286321777599,12.9665220015516
"SPW","2011","May_21",4.53671651478098,20.9192806496673,12.7279985822242
"SPW","2011","May_22",9.41875715254867,18.1168777612387,13.7678174568937
"SPW","2011","May_23",7.85170773075813,18.5240137597117,13.1878607452349
"SPW","2011","May_24",6.75501129032772,18.2174337253355,12.4862225078316
"SPW","2011","May_25",3.04458787137479,20.3475434821409,11.6960656767578
"SPW","2011","May_26",9.05545709382933,15.7652577655489,12.4103574296891
"SPW","2011","May_27",9.11073546346478,15.4367050565448,12.2737202600048
"SPW","2011","May_28",7.401792421644,16.8884479379665,12.1451201798053
"SPW","2011","May_29",11.0483427875589,19.2888309097635,15.1685868486612
"SPW","2011","May_30",11.7799273363317,19.3828518503079,15.5813895933198
"SPW","2011","May_31",5.71451873480838,17.3063775673131,11.5104481510607
"SPW","2011","June_01",4.29196511503705,20.3022319821976,12.2970985486173
"SPW","2011","June_02",8.5386940786708,22.6073983561081,15.5730462173894
"SPW","2011","June_03",10.4006709799063,23.7276623574106,17.0641666686584
"SPW","2011","June_04",10.9803953479789,24.205023586685,17.592709467332
"SPW","2011","June_05",10.9674169292675,18.1834102393375,14.5754135843025
"SPW","2011","June_06",8.42757028744546,15.4886491777906,11.958109732618
"SPW","2011","June_07",7.86782853574289,18.4818141940739,13.1748213649084
"SPW","2011","June_08",6.82085431739169,17.6890508699875,12.2549525936896
"SPW","2011","June_09",7.36714528929125,17.4988622410429,12.4330037651671
"SPW","2011","June_10",5.35424770570926,15.2642146842848,10.309231194997
"SPW","2011","June_11",6.78997744309445,17.9340945305327,12.3620359868136
"SPW","2011","June_12",4.12797349900573,16.2942171060595,10.2110953025326
"SPW","2011","June_13",10.6905333429083,20.5627229483422,15.6266281456252
"SPW","2011","June_14",6.95231247740028,21.8845094028235,14.4184109401119
"SPW","2011","June_15",12.8845904894825,20.1902894299854,16.537439959734
"SPW","2011","June_16",11.5567499425827,18.058200594829,14.8074752687059
"SPW","2011","June_17",7.95792461116014,15.2588779286462,11.6084012699032
"SPW","2011","June_18",10.3312580391609,17.4971464191447,13.9142022291528
"SPW","2011","June_19",9.87174924275029,18.0827064177969,13.9772278302736
"SPW","2011","June_20",6.34040962272631,20.3226110832414,13.3315103529839
"SPW","2011","June_21",13.7925307164175,20.8960743493812,17.3443025328993
"SPW","2011","June_22",10.6883134439539,18.4205690090185,14.5544412264862
"SPW","2011","June_23",9.87061428705964,18.4821121682205,14.1763632276401
"SPW","2011","June_24",7.60523464492155,18.7220066897968,13.1636206673592
"SPW","2011","June_25",10.3725260052151,22.5747550651426,16.4736405351788
"SPW","2011","June_26",14.1533294458008,27.989203786338,21.0712666160694
"SPW","2011","June_27",16.7210242943853,30.8630038742202,23.7920140843027
"SPW","2011","June_28",15.6599421762534,18.9634159219103,17.3116790490819
"SPW","2011","June_29",8.29125761911945,20.1021887655606,14.19672319234
"SPW","2011","June_30",7.33344734872859,19.0195149717195,13.176481160224
"SPW","2012","April_01",-1.16937174665869,12.5933052274164,5.71196674037887
"SPW","2012","April_02",0.412478535338579,13.9867486408269,7.19961358808272
"SPW","2012","April_03",3.44742074692249,12.9128192776861,8.18012001230428
"SPW","2012","April_04",2.35946171416107,10.6245276221736,6.49199466816734
"SPW","2012","April_05",4.73862467004423,8.66495986881044,6.70179226942734
"SPW","2012","April_06",-3.7587017972655,11.0374747513439,3.63938647703919
"SPW","2012","April_07",5.30432488076026,9.93817043580277,7.62124765828152
"SPW","2012","April_08",3.38020654333008,12.6591801158949,8.01969332961249
"SPW","2012","April_09",7.3173680823358,10.7381021531246,9.02773511773022
"SPW","2012","April_10",4.23719304434143,12.7304974998222,8.48384527208181
"SPW","2012","April_11",0.985947874925637,13.0341841594102,7.01006601716791
"SPW","2012","April_12",1.15609003813845,12.4034225900486,6.7797563140935
"SPW","2012","April_13",1.24399743189121,12.3620638288635,6.80303063037734
"SPW","2012","April_14",2.21964425643436,10.9853866733484,6.60251546489138
"SPW","2012","April_15",0.526784527604413,9.09941371452061,4.81309912106251
"SPW","2012","April_16",-2.26765989524125,10.3324629433274,4.03240152404307
"SPW","2012","April_17",3.51105336435384,13.6617858654215,8.58641961488765
"SPW","2012","April_18",3.67488528572575,10.4007621922188,7.03782373897226
"SPW","2012","April_19",5.58290117190433,10.7879067049208,8.18540393841257
"SPW","2012","April_20",3.87043942581466,12.5279665466578,8.19920298623621
"SPW","2012","April_21",1.08182832329073,12.9222751183922,7.00205172084148
"SPW","2012","April_22",3.01633805919674,14.1164324795023,8.56638526934951
"SPW","2012","April_23",4.1987552688651,10.7207374886994,7.45974637878227
"SPW","2012","April_24",5.57162842949912,12.1334611651556,8.85254479732735
"SPW","2012","April_25",3.79723922911283,11.5902621033586,7.69375066623573
"SPW","2012","April_26",5.94513818351488,13.502673894302,9.72390603890842
"SPW","2012","April_27",8.04824667386744,13.3259706649712,10.6871086694193
"SPW","2012","April_28",6.97141619187817,8.35750442053173,7.66446030620495
"SPW","2012","April_29",4.57722825233063,14.282063018769,9.42964563554983
"SPW","2012","April_30",5.76538987387431,17.7134937349139,11.7394418043941
"SPW","2012","May_01",9.57658202374765,15.8516727834004,12.714127403574
"SPW","2012","May_02",7.91042078658545,13.557746354208,10.7340835703967
"SPW","2012","May_03",6.74955694180577,8.17132262936233,7.46043978558405
"SPW","2012","May_04",5.67797666480936,8.86473543823721,7.27135605152329
"SPW","2012","May_05",4.03392651475203,9.29357486697918,6.66375069086561
"SPW","2012","May_06",3.7549307581384,9.97392504518072,6.86442790165956
"SPW","2012","May_07",1.3342103295371,13.6503369575364,7.49227364353673
"SPW","2012","May_08",9.12774649017802,17.3743407775176,13.2510436338478
"SPW","2012","May_09",8.82937678822069,16.1705426072152,12.4999596977179
"SPW","2012","May_10",10.6574913559531,17.9778943636413,14.3176928597972
"SPW","2012","May_11",9.91636617354061,15.0135046303444,12.4649354019425
"SPW","2012","May_12",3.07126946670984,14.2736540005313,8.67246173362059
"SPW","2012","May_13",1.58325540417439,16.5241505288875,9.05370296653094
"SPW","2012","May_14",5.94780002215474,12.4167797296753,9.18228987591502
"SPW","2012","May_15",3.58723528430203,11.3315841389123,7.45940971160716
"SPW","2012","May_16",1.89399963798105,13.5352257124356,7.71461267520834
"SPW","2012","May_17",5.4560263220089,14.3684570148519,9.91224166843039
"SPW","2012","May_18",7.78654767188892,16.2930125645501,12.0397801182195
"SPW","2012","May_19",10.495553851791,14.9820219839563,12.7387879178737
"SPW","2012","May_20",7.71758697837624,11.046669806947,9.38212839266163
"SPW","2012","May_21",7.96963746711397,15.5841088040166,11.7768731355653
"SPW","2012","May_22",8.67189787926868,23.9968447220091,16.3343713006389
"SPW","2012","May_23",10.1405184369377,23.4822071022842,16.811362769611
"SPW","2012","May_24",11.9707059942362,24.7780088970176,18.3743574456269
"SPW","2012","May_25",12.179830827879,23.946612392489,18.063221610184
"SPW","2012","May_26",12.4304423425603,24.2925576257431,18.3614999841517
"SPW","2012","May_27",10.3309743067875,25.6229989645363,17.9769866356619
"SPW","2012","May_28",9.33826113878616,25.6182964998478,17.478278819317
"SPW","2012","May_29",11.8364773054618,20.4351582775141,16.1358177914879
"SPW","2012","May_30",9.74741664981987,24.2605695289769,17.0039930893984
"SPW","2012","May_31",11.6769820218389,18.7568867882855,15.2169344050622
"SPW","2012","June_01",12.1949662994408,19.6523325366301,15.9236494180354
"SPW","2012","June_02",10.5688053273089,16.6999686128184,13.6343869700637
"SPW","2012","June_03",9.38283036587894,11.2086765756737,10.2957534707763
"SPW","2012","June_04",6.26858501232909,13.8882979038028,10.0784414580659
"SPW","2012","June_05",3.88850148714296,15.7160277524242,9.8022646197836
"SPW","2012","June_06",10.8152586185478,18.6410047640706,14.7281316913092
"SPW","2012","June_07",11.2895447969437,17.3520662552547,14.3208055260992
"SPW","2012","June_08",11.5634886864285,14.5387779611839,13.0511333238062
"SPW","2012","June_09",9.78416900048188,17.1212779076694,13.4527234540756
"SPW","2012","June_10",4.99019758876153,18.2511713989522,11.6206844938569
"SPW","2012","June_11",10.6025376919087,12.3532861883955,11.4779119401521
"SPW","2012","June_12",9.39509649402578,14.5285848648693,11.9618406794475
"SPW","2012","June_13",3.96865711158989,17.213608220195,10.5911326658924
"SPW","2012","June_14",5.64539969955205,17.5479571804636,11.5966784400078
"SPW","2012","June_15",10.9979353521763,18.2192430451566,14.6085891986665
"SPW","2012","June_16",10.7408613125997,17.8001068506538,14.2704840816267
"SPW","2012","June_17",11.0237569672439,19.3601743181465,15.1919656426952
"SPW","2012","June_18",10.599682599517,18.5120712653701,14.5558769324436
"SPW","2012","June_19",7.84025962876397,20.3470436458866,14.0936516373253
"SPW","2012","June_20",8.20442404394496,21.2279494045508,14.7161867242479
"SPW","2012","June_21",10.9831238134266,19.8354695787341,15.4092966960804
"SPW","2012","June_22",10.2276340912351,17.2720997511778,13.7498669212065
"SPW","2012","June_23",9.64602785029214,18.4262067734239,14.036117311858
"SPW","2012","June_24",10.5030258841585,19.1206783577468,14.8118521209526
"SPW","2012","June_25",9.99106356910222,20.7712236429235,15.3811436060129
"SPW","2012","June_26",11.0549615707702,22.0682454349371,16.5616035028537
"SPW","2012","June_27",16.6503573771316,23.34132508059,19.9958412288608
"SPW","2012","June_28",15.1964378401248,27.0385200844024,21.1174789622636
"SPW","2012","June_29",11.9668643948925,20.6188554207122,16.2928599078023
"SPW","2012","June_30",14.148226195657,20.3369094557677,17.2425678257124
"SPW","2013","April_01",-1.0781800299073,5.32217371340732,2.12199684175001
"SPW","2013","April_02",-2.2416670003111,7.61179530617996,2.68506415293443
"SPW","2013","April_03",-1.42572060484661,5.61268252376826,2.09348095946082
"SPW","2013","April_04",-0.547522493259447,3.41578150197404,1.4341295043573
"SPW","2013","April_05",-0.0356064075863391,8.00423016024905,3.98431187633136
"SPW","2013","April_06",-1.52736047086088,9.95830973284411,4.21547463099161
"SPW","2013","April_07",-4.07437802775089,10.0261540298242,2.97588800103664
"SPW","2013","April_08",0.959264804578134,9.94115239260653,5.45020859859233
"SPW","2013","April_09",0.95034346041428,9.7058929611292,5.32811821077174
"SPW","2013","April_10",1.63021634489306,11.4643947556239,6.54730555025848
"SPW","2013","April_11",3.30541553970318,9.7462753283938,6.52584543404849
"SPW","2013","April_12",4.89706764883714,11.5560097739253,8.22653871138119
"SPW","2013","April_13",2.78934321716891,15.2905740243961,9.03995862078251
"SPW","2013","April_14",8.04928014906767,19.6579888544582,13.8536345017629
"SPW","2013","April_15",9.54462724991681,16.3514441232799,12.9480356865984
"SPW","2013","April_16",8.5068802896035,16.6961391812257,12.6015097354146
"SPW","2013","April_17",7.34835694263278,17.8036118282388,12.5759843854358
"SPW","2013","April_18",7.96707356245688,14.8116627365239,11.3893681494904
"SPW","2013","April_19",6.19134984001451,11.8059297786688,8.99863980934166
"SPW","2013","April_20",-1.02847302975928,13.3883033542404,6.17991516224054
"SPW","2013","April_21",-1.46510025320433,14.3163501564729,6.42562495163429
"SPW","2013","April_22",3.42179728609427,14.4376458898706,8.92972158798241
"SPW","2013","April_23",8.03055426683837,19.8861132153359,13.9583337410871
"SPW","2013","April_24",6.15798571387823,19.7618514631262,12.9599185885022
"SPW","2013","April_25",9.81328872167061,21.7335856311229,15.7734371763968
"SPW","2013","April_26",5.82787642853565,11.962724309101,8.89530036881833
"SPW","2013","April_27",2.18570750270805,10.4452989926573,6.31550324768267
"SPW","2013","April_28",-1.59326319706337,12.0711300523355,5.23893342763608
"SPW","2013","April_29",5.80625605881451,14.1187907026839,9.9625233807492
"SPW","2013","April_30",1.83505565449746,13.4866345539284,7.66084510421293
"SPW","2013","May_01",0.330858486079226,15.3159017009886,7.82338009353389
"SPW","2013","May_02",1.83512053245647,16.499897695519,9.16750911398772
"SPW","2013","May_03",1.05273288437286,19.0290780342783,10.0409054593256
"SPW","2013","May_04",6.84776255162187,17.0549544995714,11.9513585255966
"SPW","2013","May_05",3.84278179967474,18.5135724069602,11.1781771033175
"SPW","2013","May_06",6.98734532711136,21.2832930613435,14.1353191942274
"SPW","2013","May_07",5.6893789790207,20.3986765437942,13.0440277614075
"SPW","2013","May_08",9.02848806380559,17.6910472348507,13.3597676493281
"SPW","2013","May_09",5.04083045727146,14.5662530601342,9.80354175870283
"SPW","2013","May_10",8.86835730592633,16.8152206639157,12.841788984921
"SPW","2013","May_11",5.48337740539676,13.7643195834525,9.6238484944246
"SPW","2013","May_12",4.70383706455393,14.5224981433707,9.6131676039623
"SPW","2013","May_13",9.44988711091771,14.1808450839016,11.8153660974097
"SPW","2013","May_14",4.7965566293185,11.4207779685252,8.10866729892186
"SPW","2013","May_15",5.57050588750144,12.9514341859815,9.26097003674145
"SPW","2013","May_16",1.60479886597661,15.541619394918,8.57320913044729
"SPW","2013","May_17",4.78832355587274,11.3668184543056,8.07757100508918
"SPW","2013","May_18",7.61936030024661,14.7310479019306,11.1752041010886
"SPW","2013","May_19",4.80858333164588,18.3917112019056,11.6001472667758
"SPW","2013","May_20",9.25941412071916,16.3470656874225,12.8032399040708
"SPW","2013","May_21",10.5959018936089,13.7608566873807,12.1783792904948
"SPW","2013","May_22",8.06902293784229,14.0725043734491,11.0707636556457
"SPW","2013","May_23",4.3274172335074,10.6570376334058,7.49222743345659
"SPW","2013","May_24",4.02347494315545,9.85060915822878,6.93704205069211
"SPW","2013","May_25",4.07549360144701,14.8073929879332,9.44144329469013
"SPW","2013","May_26",3.41340292294892,18.6335326413713,11.0234677821601
"SPW","2013","May_27",3.54314951065976,17.3484701680758,10.4458098393678
"SPW","2013","May_28",8.46266979744261,12.5355137698127,10.4990917836277
"SPW","2013","May_29",7.54052003547363,12.0427126030212,9.79161631924742
"SPW","2013","May_30",9.03323817700567,13.519726731082,11.2764824540438
"SPW","2013","May_31",9.87509925068352,20.4701256982203,15.1726124744519
"SPW","2013","June_01",9.05491827960848,16.717296403481,12.8861073415447
"SPW","2013","June_02",6.43764732582999,17.3711220606112,11.9043846932206
"SPW","2013","June_03",4.24798804541543,18.0212812486525,11.134634647034
"SPW","2013","June_04",4.8460307909973,18.9685001614665,11.9072654762319
"SPW","2013","June_05",7.61074008731613,18.2900805585834,12.9504103229498
"SPW","2013","June_06",6.68018588434338,20.2161722553171,13.4481790698302
"SPW","2013","June_07",7.00275978194814,20.1621319061374,13.5824458440428
"SPW","2013","June_08",7.35868157359742,15.83244839748,11.5955649855387
"SPW","2013","June_09",9.10912160022197,15.089760896793,12.0994412485075
"SPW","2013","June_10",8.1870150443197,14.3758602565475,11.2814376504336
"SPW","2013","June_11",6.08468602620109,17.8290542545551,11.9568701403781
"SPW","2013","June_12",12.6606147866659,17.896431570501,15.2785231785834
"SPW","2013","June_13",12.4570743819393,17.4519689545286,14.9545216682339
"SPW","2013","June_14",6.95995615981093,18.6144392922596,12.7871977260353
"SPW","2013","June_15",9.72027023005283,16.6269995262551,13.173634878154
"SPW","2013","June_16",9.81239939807555,17.254267545418,13.5333334717468
"SPW","2013","June_17",9.77501031618501,19.2826640128196,14.5288371645023
"SPW","2013","June_18",10.7382361227676,20.8311058173841,15.7846709700759
"SPW","2013","June_19",13.5526609427499,24.8479854927955,19.2003232177727
"SPW","2013","June_20",14.4793613436117,20.397984697,17.4386730203058
"SPW","2013","June_21",12.1416688217893,20.8558925920157,16.4987807069025
"SPW","2013","June_22",10.8036661711155,17.4132790960254,14.1084726335704
"SPW","2013","June_23",11.8435210595659,17.4355459537597,14.6395335066628
"SPW","2013","June_24",9.66593103512557,16.4871509136905,13.0765409744081
"SPW","2013","June_25",6.06003773554174,19.407970769799,12.7340042526704
"SPW","2013","June_26",7.00767407128183,20.8837954525315,13.9457347619067
"SPW","2013","June_27",9.05693736018734,18.5554001695058,13.8061687648466
"SPW","2013","June_28",11.4174476883687,19.7326377243143,15.5750427063415
"SPW","2013","June_29",11.0890763981377,20.4874072385375,15.7882418183376
"SPW","2013","June_30",12.263315985265,24.8794171385581,18.5713665619116
"SPW","2014","April_01",5.27955104116591,17.6114303308765,11.4454906860212
"SPW","2014","April_02",7.45503517479264,17.6589159874931,12.5569755811429
"SPW","2014","April_03",9.27218588933168,17.7046362876493,13.4884110884905
"SPW","2014","April_04",9.86732843469992,13.9933524060752,11.9303404203876
"SPW","2014","April_05",4.53444729721547,15.4609081400601,9.99767771863779
"SPW","2014","April_06",10.7989439157344,15.227111682768,13.0130277992512
"SPW","2014","April_07",11.6713979123727,14.1832341047827,12.9273160085777
"SPW","2014","April_08",4.85433364048933,12.8201679273249,8.83725078390711
"SPW","2014","April_09",3.01674401638747,16.5542915821143,9.7855177992509
"SPW","2014","April_10",3.8013715707255,15.840188537035,9.82078005388026
"SPW","2014","April_11",8.16803618451076,15.617011530052,11.8925238572814
"SPW","2014","April_12",4.37155655138513,13.2803657453395,8.82596114836231
"SPW","2014","April_13",4.79508744066839,15.5617929666119,10.1784402036402
"SPW","2014","April_14",5.48931934332135,14.8017930942897,10.1455562188055
"SPW","2014","April_15",0.139414071800945,13.9018820904376,7.02064808111926
"SPW","2014","April_16",-0.09376671687795,16.191501130925,8.04886720702352
"SPW","2014","April_17",3.80970885700955,15.9697505317269,9.88972969436823
"SPW","2014","April_18",2.99508987977227,12.1387720176937,7.56693094873301
"SPW","2014","April_19",1.0969936137851,13.3303680632552,7.21368083852017
"SPW","2014","April_20",5.06476851865525,14.4074414116448,9.73610496515003
"SPW","2014","April_21",4.26204792193009,19.2629522779479,11.762500099939
"SPW","2014","April_22",8.95489918432501,15.4251927033317,12.1900459438283
"SPW","2014","April_23",6.19992403717207,17.2130187099241,11.7064713735481
"SPW","2014","April_24",9.00351236967277,16.3360010223647,12.6697566960187
"SPW","2014","April_25",7.25204430006055,12.7395701267107,9.99580721338565
"SPW","2014","April_26",6.80742741913899,15.2962577224233,11.0518425707812
"SPW","2014","April_27",6.66982372373627,14.5338711984097,10.601847461073
"SPW","2014","April_28",8.30966672760226,16.3379251018598,12.323795914731
"SPW","2014","April_29",6.29934008865436,15.3116938471045,10.8055169678794
"SPW","2014","April_30",5.03642003843731,18.8907786054885,11.9635993219629
"SPW","2014","May_01",7.5816624812441,13.7938700520317,10.6877662666379
"SPW","2014","May_02",7.5671501455347,11.1769517468069,9.37205094617079
"SPW","2014","May_03",-0.0724346345434867,12.7848223152346,6.35619384034555
"SPW","2014","May_04",2.72811786829531,16.3781131245472,9.55311549642126
"SPW","2014","May_05",3.58110792907943,18.4733799749144,11.0272439519969
"SPW","2014","May_06",10.4298119460252,18.0730085985222,14.2514102722737
"SPW","2014","May_07",9.15881756291803,16.3278908175411,12.7433541902296
"SPW","2014","May_08",9.62151259099896,14.8108374582426,12.2161750246208
"SPW","2014","May_09",10.1030685619476,16.3572451754741,13.2301568687108
"SPW","2014","May_10",9.56232233903653,17.2321405338496,13.3972314364431
"SPW","2014","May_11",8.31157186850091,13.6739996576813,10.9927857630911
"SPW","2014","May_12",8.39961340471053,15.7474492426661,12.0735313236883
"SPW","2014","May_13",5.73093881317634,15.0673140245039,10.3991264188401
"SPW","2014","May_14",5.21152753421461,17.6193361539891,11.4154318441018
"SPW","2014","May_15",5.18433296929551,19.7905580339959,12.4874455016457
"SPW","2014","May_16",6.89489057465625,21.2905977458003,14.0927441602283
"SPW","2014","May_17",9.14135397906723,22.8284499532377,15.9849019661525
"SPW","2014","May_18",9.96613257824643,23.4359411510954,16.7010368646709
"SPW","2014","May_19",9.72190125213718,24.3660222488686,17.0439617505029
"SPW","2014","May_20",12.1033930824862,20.588077117977,16.3457351002316
"SPW","2014","May_21",7.98656098938768,18.3901065714268,13.1883337804072
"SPW","2014","May_22",11.2661778785574,17.2268346530149,14.2465062657861
"SPW","2014","May_23",9.59650266767209,17.3475666337954,13.4720346507338
"SPW","2014","May_24",8.76118888594596,16.0607106139889,12.4109497499674
"SPW","2014","May_25",8.23616739707056,17.7266861182733,12.9814267576719
"SPW","2014","May_26",6.40626159356116,14.3609026369525,10.3835821152568
"SPW","2014","May_27",10.1207908215614,12.4472100357045,11.2840004286329
"SPW","2014","May_28",8.80239423194624,15.145510507369,11.9739523696576
"SPW","2014","May_29",11.359340245091,18.6024298188557,14.9808850319734
"SPW","2014","May_30",10.8755431299286,15.5651532975332,13.2203482137309
"SPW","2014","May_31",6.52815321896438,17.6123858500931,12.0702695345287
"SPW","2014","June_01",8.7750175122829,21.0069357923524,14.8909766523177
"SPW","2014","June_02",11.1479693492491,20.274174443804,15.7110718965266
"SPW","2014","June_03",11.4498638966348,19.4829586820466,15.4664112893407
"SPW","2014","June_04",10.490779491351,14.6828872530635,12.5868333722073
"SPW","2014","June_05",6.79830041278966,18.6182550895848,12.7082777511872
"SPW","2014","June_06",5.89518268565916,21.7594685316847,13.8273256086719
"SPW","2014","June_07",12.8060648017574,21.7897796253101,17.2979222135338
"SPW","2014","June_08",10.8210857439955,23.7293679496224,17.2752268468089
"SPW","2014","June_09",12.3347729185659,25.1353881280696,18.7350805233178
"SPW","2014","June_10",11.993137327007,22.0560782541671,17.024607790587
"SPW","2014","June_11",9.72464967115102,21.1755389223783,15.4500942967646
"SPW","2014","June_12",9.84031747852279,23.6558634892783,16.7480904839006
"SPW","2014","June_13",10.7171524423632,23.9854930120932,17.3513227272282
"SPW","2014","June_14",14.0239468154756,20.133921207502,17.0789340114888
"SPW","2014","June_15",11.7464745638106,17.3746280267372,14.5605512952739
"SPW","2014","June_16",10.6524756976301,16.3679433327172,13.5102095151736
"SPW","2014","June_17",11.1470142793392,19.4463002303111,15.2966572548251
"SPW","2014","June_18",12.2395628435146,20.2884104826451,16.2639866630798
"SPW","2014","June_19",9.19373281983603,18.5741374159928,13.8839351179144
"SPW","2014","June_20",8.78701429487567,21.6376612792858,15.2123377870807
"SPW","2014","June_21",10.1095702410781,22.552350900169,16.3309605706235
"SPW","2014","June_22",9.77868066450576,23.7022366118592,16.7404586381825
"SPW","2014","June_23",12.8851985912225,24.162770536624,18.5239845639232
"SPW","2014","June_24",11.5356526453563,22.6506465793854,17.0931496123708
"SPW","2014","June_25",8.37948290214516,19.8644037231354,14.1219433126403
"SPW","2014","June_26",8.52895396389659,20.2561857023251,14.3925698331109
"SPW","2014","June_27",12.2103345467989,21.1405557246095,16.6754451357042
"SPW","2014","June_28",10.3278470443133,18.2430526841169,14.2854498642151
"SPW","2014","June_29",10.4546241641508,17.6549953132789,14.0548097387149
"SPW","2014","June_30",8.07208463415698,20.4956210165055,14.2838528253312
"SPW","2015","April_01",2.93594917416669,10.6003274258473,6.768138300007
"SPW","2015","April_02",4.73761634898291,10.8522803826614,7.79494836582215
"SPW","2015","April_03",5.31118219768847,11.2586670662371,8.28492463196276
"SPW","2015","April_04",6.59929658928897,8.42856045531575,7.51392852230236
"SPW","2015","April_05",4.50981152033673,11.7416233515144,8.12571743592556
"SPW","2015","April_06",1.68713122009512,14.7339148302416,8.21052302516834
"SPW","2015","April_07",0.62556017730507,16.9317276328778,8.77864390509143
"SPW","2015","April_08",4.16519559993276,16.5095480445343,10.3373718222335
"SPW","2015","April_09",3.90246288404958,16.7849523983241,10.3437076411868
"SPW","2015","April_10",3.82931959213681,19.9094469799514,11.8693832860441
"SPW","2015","April_11",8.4065475098756,12.962277888362,10.6844126991188
"SPW","2015","April_12",1.76005288997078,16.8782796077043,9.31916624883752
"SPW","2015","April_13",2.2062065770402,15.2447448694161,8.72547572322815
"SPW","2015","April_14",5.11657695612121,21.0900909379646,13.1033339470429
"SPW","2015","April_15",6.88395853895261,22.6901109133825,14.7870347261675
"SPW","2015","April_16",5.77728947341254,16.3345307216574,11.055910097535
"SPW","2015","April_17",5.11041159687267,13.4122348819972,9.26132323943493
"SPW","2015","April_18",2.32209128503733,14.4100840850611,8.36608768504921
"SPW","2015","April_19",2.29876011722908,11.4301099606912,6.86443503896016
"SPW","2015","April_20",1.22688878005508,17.63835634535,9.43262256270253
"SPW","2015","April_21",1.93754700240994,17.63591075434,9.78672887837495
"SPW","2015","April_22",2.74840426649364,15.0960223030676,8.92221328478061
"SPW","2015","April_23",5.06047848466382,16.112905527582,10.5866920061229
"SPW","2015","April_24",3.27619991359927,17.5878075644708,10.4320037390351
"SPW","2015","April_25",10.3518770843204,17.8211386955125,14.0865078899165
"SPW","2015","April_26",5.61360857425057,10.8601199082762,8.23686424126337
"SPW","2015","April_27",0.799837989382444,11.8452222795181,6.32253013445027
"SPW","2015","April_28",1.98479625762257,12.7645517216288,7.3746739896257
"SPW","2015","April_29",5.29942048259626,13.0193859158733,9.15940319923477
"SPW","2015","April_30",2.86046763032123,13.9727849037454,8.4166262670333
"SPW","2015","May_01",2.60810731006741,12.5698542579818,7.58898078402462
"SPW","2015","May_02",2.17723199992727,13.8906390069177,8.03393550342248
"SPW","2015","May_03",7.84546332626798,19.6453833328604,13.7454233295642
"SPW","2015","May_04",9.67718483019897,17.8902323692597,13.7837085997294
"SPW","2015","May_05",11.2673841251297,15.5758996919994,13.4216419085646
"SPW","2015","May_06",7.7008188774679,13.6006337069795,10.6507262922237
"SPW","2015","May_07",7.18702368982817,16.3681912091727,11.7776074495004
"SPW","2015","May_08",5.82437263217483,15.7265289061749,10.7754507691749
"SPW","2015","May_09",10.1652670640551,16.207993284855,13.1866301744551
"SPW","2015","May_10",5.51611547547242,18.6153762049809,12.0657458402267
"SPW","2015","May_11",10.2459089621779,20.849441972664,15.547675467421
"SPW","2015","May_12",8.82837336632791,16.6589556039777,12.7436644851528
"SPW","2015","May_13",3.5155396026069,17.9863634707959,10.7509515367014
"SPW","2015","May_14",5.25005355897873,10.3653406035254,7.80769708125209
"SPW","2015","May_15",6.02862164081396,14.9396275024974,10.4841245716557
"SPW","2015","May_16",9.12296886347419,16.8007919064984,12.9618803849863
"SPW","2015","May_17",4.70448215494683,15.925888365055,10.3151852600009
"SPW","2015","May_18",7.79957667494082,14.2002451001243,10.9999108875326
"SPW","2015","May_19",5.32605098384066,13.4555480156456,9.39079949974315
"SPW","2015","May_20",3.58037739582082,14.5308910953638,9.05563424559232
"SPW","2015","May_21",3.30815836919476,18.8921294831919,11.1001439261933
"SPW","2015","May_22",6.57372578094302,19.7928974627312,13.1833116218371
"SPW","2015","May_23",10.959756254778,16.2801143999921,13.619935327385
"SPW","2015","May_24",8.50905424377876,18.3012790539633,13.405166648871
"SPW","2015","May_25",6.18637661670204,14.7838077939701,10.485092205336
"SPW","2015","May_26",6.81011327363405,17.806008271897,12.3080607727655
"SPW","2015","May_27",4.44450225911343,18.6703745520499,11.5574384055817
"SPW","2015","May_28",9.9494510402867,16.7010193653262,13.3252352028064
"SPW","2015","May_29",7.41121231346647,13.654480571583,10.5328464425247
"SPW","2015","May_30",4.76088347909778,16.6911928621697,10.7260381706337
"SPW","2015","May_31",9.65223105994301,16.3128644341998,12.9825477470714
"SPW","2015","June_01",5.32733951121295,15.3951613126814,10.3612504119472
"SPW","2015","June_02",9.94396993420995,18.5375492975472,14.2407596158786
"SPW","2015","June_03",10.0308404446809,18.6720818198302,14.3514611322555
"SPW","2015","June_04",5.47736726123817,21.7157398457225,13.5965535534803
"SPW","2015","June_05",11.2363035326528,23.4998940138006,17.3680987732267
"SPW","2015","June_06",6.38677825715944,18.3861939151382,12.3864860861488
"SPW","2015","June_07",5.23838691941569,18.7395975596055,11.9889922395106
"SPW","2015","June_08",5.7245974763009,17.523713699872,11.6241555880865
"SPW","2015","June_09",4.61697104207023,14.1763159004959,9.39664347128307
"SPW","2015","June_10",6.52418516411424,17.8343558420004,12.1792705030573
"SPW","2015","June_11",6.95116991536663,22.4480843689368,14.6996271421517
"SPW","2015","June_12",9.49326695722635,24.3224251045062,16.9078460308663
"SPW","2015","June_13",13.3371265131732,16.4047299093514,14.8709282112623
"SPW","2015","June_14",11.175127485288,16.2550449479301,13.715086216609
"SPW","2015","June_15",8.93237363054122,18.3098463536577,13.6211099920995
"SPW","2015","June_16",7.21740090294557,22.3311631125658,14.7742820077557
"SPW","2015","June_17",10.1642636082445,23.799704839328,16.9819842237862
"SPW","2015","June_18",11.3775653952396,19.728758848242,15.5531621217408
"SPW","2015","June_19",7.95794194218156,19.1660978416301,13.5620198919058
"SPW","2015","June_20",9.65002831923583,18.3130774773758,13.9815528983058
"SPW","2015","June_21",13.1944852233842,19.3433410983713,16.2689131608778
"SPW","2015","June_22",10.7153830609526,17.2564775033721,13.9859302821624
"SPW","2015","June_23",10.1638684338514,19.0656512344542,14.6147598341528
"SPW","2015","June_24",9.40818575335091,23.3531261431261,16.3806559482385
"SPW","2015","June_25",9.84450279582436,24.2530916362702,17.0487972160473
"SPW","2015","June_26",11.8688332752164,25.6306829145601,18.7497580948883
"SPW","2015","June_27",11.0115541850346,23.5069891115161,17.2592716482753
"SPW","2015","June_28",13.0869596198246,20.1883473962008,16.6376535080127
"SPW","2015","June_29",10.6147654409209,24.7252713678003,17.6700184043606
"SPW","2015","June_30",11.0651793478936,29.0117544315013,20.0384668896975
"SPW","2016","April_01",0.119845296344632,12.4212496642359,6.27054748029026
"SPW","2016","April_02",6.65929465204665,14.798675914839,10.7289852834428
"SPW","2016","April_03",6.09903247581801,15.218724741669,10.6588786087435
"SPW","2016","April_04",7.60414426332155,13.4200074346153,10.5120758489684
"SPW","2016","April_05",5.29878538680012,14.1158310130101,9.70730819990509
"SPW","2016","April_06",4.00946106693592,12.5798975589593,8.29467931294762
"SPW","2016","April_07",3.81630288599812,11.0123351723702,7.41431902918417
"SPW","2016","April_08",2.46757726607778,13.1198503903846,7.7937138282312
"SPW","2016","April_09",5.76271940398653,11.4255235090586,8.59412145652256
"SPW","2016","April_10",-0.735138224440945,12.2412998489991,5.75308081227909
"SPW","2016","April_11",6.70750151461771,14.1902299710034,10.4488657428106
"SPW","2016","April_12",6.94318927443933,15.2968970956017,11.1200431850205
"SPW","2016","April_13",2.08319244563159,16.7732669241829,9.42822968490726
"SPW","2016","April_14",6.27247400562349,16.1135017047295,11.1929878551765
"SPW","2016","April_15",7.2824291761863,11.3296054600639,9.30601731812508
"SPW","2016","April_16",2.90666517498535,8.26868062275762,5.58767289887149
"SPW","2016","April_17",-0.729753389539071,11.3410182204439,5.30563241545244
"SPW","2016","April_18",1.73731476365208,11.6725055211169,6.70491014238449
"SPW","2016","April_19",6.75446664580919,14.2574790711305,10.5059728584699
"SPW","2016","April_20",1.37206305008764,14.0344614455029,7.70326224779526
"SPW","2016","April_21",3.61896861004078,15.0094654088013,9.31421700942105
"SPW","2016","April_22",5.97601116809017,10.6531114296838,8.31456129888699
"SPW","2016","April_23",1.87578096395716,9.91760287586662,5.89669191991189
"SPW","2016","April_24",1.47914793844552,8.74969868284425,5.11442331064488
"SPW","2016","April_25",3.85254731434083,10.7533727330921,7.30296002371646
"SPW","2016","April_26",0.388878708180526,9.25300386608526,4.82094128713289
"SPW","2016","April_27",-0.159103871660175,10.6299934360478,5.2354447821938
"SPW","2016","April_28",-1.45131247126954,11.0167990024084,4.78274326556945
"SPW","2016","April_29",2.69866654289242,11.1129628576702,6.90581470028133
"SPW","2016","April_30",0.147879700590692,12.3954946022545,6.27168715142257
"SPW","2016","May_01",-0.420493484251607,15.8823716193536,7.73093906755098
"SPW","2016","May_02",8.99999554276287,17.2480381926954,13.1240168677291
"SPW","2016","May_03",3.24124470161647,14.5267714434266,8.88400807252155
"SPW","2016","May_04",2.36319965441189,17.5866604820844,9.97493006824813
"SPW","2016","May_05",3.67812633769005,19.919245771885,11.7986860547875
"SPW","2016","May_06",5.51489936828448,21.5795544761927,13.5472269222386
"SPW","2016","May_07",9.60953326024904,23.4766170999447,16.5430751800969
"SPW","2016","May_08",10.3490917293898,25.6265996548146,17.9878456921022
"SPW","2016","May_09",12.4429480907818,23.3921398860718,17.9175439884268
"SPW","2016","May_10",13.7414174176014,16.4320232127603,15.0867203151808
"SPW","2016","May_11",13.3632530031233,18.747822841145,16.0555379221342
"SPW","2016","May_12",10.2130997529349,22.7366642011775,16.4748819770562
"SPW","2016","May_13",9.43239728868436,15.0223107394616,12.227354014073
"SPW","2016","May_14",5.57058926064545,12.8603663726463,9.21547781664589
"SPW","2016","May_15",1.61625512829199,15.952246889936,8.78425100911401
"SPW","2016","May_16",5.54154096253131,16.8304073460523,11.1859741542918
"SPW","2016","May_17",4.95691314287166,17.6873179678532,11.3221155553624
"SPW","2016","May_18",10.169718400889,14.1227012640798,12.1462098324844
"SPW","2016","May_19",8.46648970788658,17.8542030782653,13.1603463930759
"SPW","2016","May_20",11.7875017755562,18.4574086469377,15.122455211247
"SPW","2016","May_21",11.6636474131736,17.4954307391699,14.5795390761717
"SPW","2016","May_22",9.54191178712181,18.0271116511922,13.784511719157
"SPW","2016","May_23",7.64549698000485,18.4494370953418,13.0474670376733
"SPW","2016","May_24",5.04818748985847,16.057215383233,10.5527014365458
"SPW","2016","May_25",6.79014279479307,12.5914072953286,9.69077504506085
"SPW","2016","May_26",7.38952437131006,18.9061479933261,13.1478361823181
"SPW","2016","May_27",7.0590141077639,19.8263718379382,13.442692972851
"SPW","2016","May_28",7.90417306359198,19.2354971176789,13.5698350906354
"SPW","2016","May_29",6.94909000065321,18.1214585393903,12.5352742700217
"SPW","2016","May_30",10.1008458430232,16.1057082760552,13.1032770595392
"SPW","2016","May_31",9.8253367660829,11.3219730829792,10.5736549245311
"SPW","2016","June_01",9.59430419455556,11.9436541857789,10.7689791901672
"SPW","2016","June_02",8.70338012906384,11.5627539621661,10.133067045615
"SPW","2016","June_03",7.77200517842464,13.0080638657156,10.3900345220701
"SPW","2016","June_04",9.0554970141786,18.2538570310716,13.6546770226251
"SPW","2016","June_05",10.1206438957825,21.6720978665325,15.8963708811575
"SPW","2016","June_06",8.33243165948422,23.598740545804,15.9655861026441
"SPW","2016","June_07",9.02275147352167,24.1341688471667,16.5784601603442
"SPW","2016","June_08",13.7829411606495,23.6065636721128,18.6947524163812
"SPW","2016","June_09",10.1562114691542,21.7214899800225,15.9388507245883
"SPW","2016","June_10",10.9517370183594,23.0589114701431,17.0053242442512
"SPW","2016","June_11",13.0680584859109,21.2389465901756,17.1535025380433
"SPW","2016","June_12",13.0136014981169,19.4173197104232,16.2154606042701
"SPW","2016","June_13",12.7389447994633,18.0634409371474,15.4011928683054
"SPW","2016","June_14",12.1986217481355,18.5609355593277,15.3797786537316
"SPW","2016","June_15",10.2175204866877,20.0025393324731,15.1100299095804
"SPW","2016","June_16",10.8874372230492,19.2027757504279,15.0451064867385
"SPW","2016","June_17",11.160441353068,18.5802087975627,14.8703250753154
"SPW","2016","June_18",10.9092005587654,17.1476228650775,14.0284117119215
"SPW","2016","June_19",10.3038543235314,20.047882112429,15.1758682179802
"SPW","2016","June_20",14.4841915703846,21.7405874448495,18.1123895076171
"SPW","2016","June_21",12.6371137585808,20.3879149651258,16.5125143618533
"SPW","2016","June_22",13.3374248502401,21.3496503112348,17.3435375807374
"SPW","2016","June_23",15.4873086748101,21.7234698523918,18.605389263601
"SPW","2016","June_24",11.1445613399568,21.4755009356399,16.3100311377983
"SPW","2016","June_25",9.52859656630178,19.0698207014686,14.2992086338852
"SPW","2016","June_26",10.8360132470075,20.0691291694639,15.4525712082357
"SPW","2016","June_27",13.2617268690506,20.0920926797006,16.6769097743756
"SPW","2016","June_28",8.28317031637724,20.0166932781701,14.1499317972737
"SPW","2016","June_29",9.50885862685635,17.1163391703935,13.3125988986249
"SPW","2016","June_30",12.339049371202,20.3218801175184,16.3304647443602
"SPW","2017","April_01",6.98565473299826,15.8868071408486,11.4362309369234
"SPW","2017","April_02",4.3714726147412,14.8904391109457,9.63095586284346
"SPW","2017","April_03",3.60918640527882,16.832841739968,10.2210140726234
"SPW","2017","April_04",7.72270682894984,14.7293667827402,11.226036805845
"SPW","2017","April_05",2.88107525490035,13.7851378582344,8.33310655656735
"SPW","2017","April_06",2.59222159225065,16.0153751971951,9.30379839472286
"SPW","2017","April_07",2.20047408378867,15.2420792383227,8.7212766610557
"SPW","2017","April_08",1.98116922864091,19.9119304477817,10.9465498382113
"SPW","2017","April_09",5.61682640840809,24.3436612637278,14.9802438360679
"SPW","2017","April_10",5.9184286056534,13.01190394211,9.46516627388168
"SPW","2017","April_11",3.04152148830053,14.9737467686087,9.00763412845462
"SPW","2017","April_12",5.12880052865568,15.081622340948,10.1052114348018
"SPW","2017","April_13",3.62012566399384,12.7236184150111,8.17187203950245
"SPW","2017","April_14",5.90804349182937,13.9969549308201,9.95249921132473
"SPW","2017","April_15",7.93639251772046,13.633832388175,10.7851124529477
"SPW","2017","April_16",4.60583507200332,13.4558015862067,9.03081832910502
"SPW","2017","April_17",6.17587304699658,11.2652822722523,8.72057765962445
"SPW","2017","April_18",1.9651697719219,11.9027048586143,6.93393731526809
"SPW","2017","April_19",0.0648596779536354,13.0813623589641,6.57311101845887
"SPW","2017","April_20",3.79369396260791,14.4830609458626,9.13837745423524
"SPW","2017","April_21",7.13093500002689,13.9233477642418,10.5271413821343
"SPW","2017","April_22",7.15561158723177,15.0393614864787,11.0974865368552
"SPW","2017","April_23",5.32795516532059,14.9985188618021,10.1632370135613
"SPW","2017","April_24",3.41953144071583,13.2817620819539,8.35064676133486
"SPW","2017","April_25",-0.982661945593941,10.1118847015841,4.56461137799508
"SPW","2017","April_26",0.656968823392763,9.57692747654399,5.11694814996838
"SPW","2017","April_27",-1.29352704013449,9.76905434785196,4.23776365385874
"SPW","2017","April_28",5.38012843061663,12.9156912974595,9.14790986403807
"SPW","2017","April_29",3.03808797914202,14.7122170732467,8.87515252619436
"SPW","2017","April_30",7.64319662017486,16.7233381690313,12.1832673946031
"SPW","2017","May_01",7.97569698901851,13.8414295667949,10.9085632779067
"SPW","2017","May_02",4.28029122967944,16.3607402664467,10.3205157480631
"SPW","2017","May_03",5.67169780970487,11.2472557013851,8.45947675554497
"SPW","2017","May_04",8.05457349698192,13.7255903154815,10.8900819062317
"SPW","2017","May_05",5.85686392038995,15.3550488191854,10.6059563697877
"SPW","2017","May_06",8.12748752336635,13.3403254492541,10.7339064863102
"SPW","2017","May_07",7.02364802131474,16.3063177881594,11.6649829047371
"SPW","2017","May_08",6.29382024730101,11.0065289256639,8.65017458648246
"SPW","2017","May_09",5.69301378777742,11.8317824917219,8.76239813974968
"SPW","2017","May_10",1.22001330666235,17.0155769701675,9.11779513841494
"SPW","2017","May_11",4.06672385622398,20.9469321232749,12.5068279897495
"SPW","2017","May_12",10.6541156384879,18.4408172401444,14.5474664393161
"SPW","2017","May_13",10.1317973237113,17.7156841037128,13.923740713712
"SPW","2017","May_14",9.93910359319362,19.2909180452011,14.6150108191974
"SPW","2017","May_15",7.04327644980838,19.4085569985152,13.2259167241618
"SPW","2017","May_16",12.2010195736648,23.1474052260494,17.6742123998571
"SPW","2017","May_17",14.4941281089136,16.9522427920502,15.7231854504819
"SPW","2017","May_18",8.10573394824832,16.3697974598401,12.2377657040442
"SPW","2017","May_19",8.874761165941,14.1798779187022,11.5273195423216
"SPW","2017","May_20",5.5924971818591,15.7909247250104,10.6917109534347
"SPW","2017","May_21",7.19967463209106,19.5020874850626,13.3508810585768
"SPW","2017","May_22",8.39475854929118,23.6525272783891,16.0236429138401
"SPW","2017","May_23",9.87600235007022,20.8254729713429,15.3507376607065
"SPW","2017","May_24",10.5909215499866,24.5111362442463,17.5510288971165
"SPW","2017","May_25",11.0508371628391,25.4716798293145,18.2612584960768
"SPW","2017","May_26",10.6524884903479,25.3350657101976,17.9937771002728
"SPW","2017","May_27",13.0208356027129,23.9112570744618,18.4660463385873
"SPW","2017","May_28",10.1078965292907,23.2899671237576,16.6989318265242
"SPW","2017","May_29",12.8450994900305,20.4169011716312,16.6310003308309
"SPW","2017","May_30",13.0757496778298,19.8562620235408,16.4660058506853
"SPW","2017","May_31",10.8031684822715,21.6559331140714,16.2295507981715
"SPW","2017","June_01",10.6230238253614,24.0006062190811,17.3118150222213
"SPW","2017","June_02",11.6061409673962,23.1093855535287,17.3577632604624
"SPW","2017","June_03",13.3708682159478,19.9723602448539,16.6716142304009
"SPW","2017","June_04",7.63219589453219,18.6699202733197,13.1510580839259
"SPW","2017","June_05",10.04205682174,17.2194897044233,13.6307732630816
"SPW","2017","June_06",9.44336043653309,15.9707889369438,12.7070746867385
"SPW","2017","June_07",9.48735529134229,18.9142182481604,14.2007867697513
"SPW","2017","June_08",11.4724744479991,17.4099219278315,14.4411981879153
"SPW","2017","June_09",10.9504389434852,20.327792313009,15.6391156282471
"SPW","2017","June_10",12.1945388215405,23.0095218101082,17.6020303158244
"SPW","2017","June_11",15.3364343973862,22.0152847110789,18.6758595542326
"SPW","2017","June_12",11.1347576558265,19.0442840268295,15.089520841328
"SPW","2017","June_13",8.79586747196439,22.3679361316505,15.5819018018075
"SPW","2017","June_14",10.7547955097093,25.0530070512634,17.9039012804863
"SPW","2017","June_15",12.0042745400995,22.8877510827919,17.4460128114457
"SPW","2017","June_16",10.496772014984,23.1010438314563,16.7989079232202
"SPW","2017","June_17",13.4734754219962,28.5721842828161,21.0228298524062
"SPW","2017","June_18",14.7839203933084,30.3807484499516,22.58233442163
"SPW","2017","June_19",15.7440130284554,30.4450002440025,23.094506636229
"SPW","2017","June_20",15.4993578311103,28.8165139442875,22.1579358876989
"SPW","2017","June_21",13.3670054382395,30.8891042678908,22.1280548530652
"SPW","2017","June_22",17.415134173138,22.296977930119,19.8560560516285
"SPW","2017","June_23",11.6553080636911,21.950492047785,16.8029000557381
"SPW","2017","June_24",15.7233080870866,23.3487549361832,19.5360315116349
"SPW","2017","June_25",13.2381020817664,22.4930088131746,17.8655554474705
"SPW","2017","June_26",9.04467442161382,22.5425998859141,15.793637153764
"SPW","2017","June_27",13.4112253253642,18.512036570475,15.9616309479196
"SPW","2017","June_28",13.4721812219511,14.9503486423096,14.2112649321304
"SPW","2017","June_29",10.6615639176999,17.3252864257349,13.9934251717174
"SPW","2017","June_30",11.0704471408228,20.2364968281357,15.6534719844793
"SPW","2018","April_01",2.88819290223891,7.76877463868397,5.32848377046144
"SPW","2018","April_02",2.41357261610829,11.1097903889801,6.76168150254421
"SPW","2018","April_03",7.49498211323934,13.872132361701,10.6835572374702
"SPW","2018","April_04",6.0803863649296,11.7530647398564,8.91672555239299
"SPW","2018","April_05",2.77732791399654,11.8736962423519,7.32551207817422
"SPW","2018","April_06",2.94431106941643,15.7822473964334,9.36327923292489
"SPW","2018","April_07",6.14130991892526,17.104559435171,11.6229346770481
"SPW","2018","April_08",8.0463902024693,10.4918418441673,9.26911602331828
"SPW","2018","April_09",6.82085547692033,8.80345928708701,7.81215738200367
"SPW","2018","April_10",6.78745879399287,13.1719985118271,9.97972865291
"SPW","2018","April_11",5.71895636635897,8.54644625068835,7.13270130852366
"SPW","2018","April_12",5.73466217596329,8.2965531474352,7.01560766169925
"SPW","2018","April_13",5.40133983987176,12.5300445389937,8.96569218943273
"SPW","2018","April_14",6.30577896294939,17.8026829166128,12.0542309397811
"SPW","2018","April_15",7.2823998765046,15.032761771416,11.1575808239603
"SPW","2018","April_16",7.20718812204939,14.706492029953,10.9568400760012
"SPW","2018","April_17",8.67490387085189,18.4869682088715,13.5809360398617
"SPW","2018","April_18",10.307396390366,23.8887206863526,17.0980585383593
"SPW","2018","April_19",9.21980083093364,27.4065806892176,18.3131907600756
"SPW","2018","April_20",10.6117940321214,23.6162934461392,17.1140437391303
"SPW","2018","April_21",9.02892912199185,22.4537077922148,15.7413184571033
"SPW","2018","April_22",11.7937540996146,22.5000186147019,17.1468863571582
"SPW","2018","April_23",6.36714719445207,15.0334156545991,10.7002814245256
"SPW","2018","April_24",10.2425768342055,15.6569491275127,12.9497629808591
"SPW","2018","April_25",6.78327380908355,14.4315474305987,10.6074106198411
"SPW","2018","April_26",5.337209631251,14.6539253754807,9.99556750336586
"SPW","2018","April_27",5.17444689277534,10.0343630407343,7.60440496675482
"SPW","2018","April_28",6.49318452939602,7.98891121516257,7.2410478722793
"SPW","2018","April_29",5.32318441409496,6.84677667498812,6.08498054454154
"SPW","2018","April_30",4.45575188819419,9.99836265767585,7.22705727293502
"SPW","2018","May_01",1.1068518570431,14.4789683603983,7.79291010872071
"SPW","2018","May_02",7.39842675458052,13.3896630343424,10.3940448944615
"SPW","2018","May_03",1.90577385434853,16.3748893002574,9.14033157730298
"SPW","2018","May_04",7.94764075793128,18.9875264989809,13.4675836284561
"SPW","2018","May_05",5.91363526038957,21.7707610035526,13.8421981319711
"SPW","2018","May_06",5.64006548234797,23.9157989322923,14.7779322073202
"SPW","2018","May_07",8.4864941315962,26.6135853071505,17.5500397193734
"SPW","2018","May_08",8.78328676382674,25.0766265758824,16.9299566698546
"SPW","2018","May_09",7.09890928515237,19.7789040978028,13.4389066914776
"SPW","2018","May_10",8.35013073584387,16.4621097506423,12.4061202432431
"SPW","2018","May_11",4.35120648267916,16.8915202547557,10.6213633687175
"SPW","2018","May_12",7.91529386745001,15.0539130783306,11.4846034728903
"SPW","2018","May_13",7.32948783279386,16.7829875418325,12.0562376873132
"SPW","2018","May_14",6.19822101103659,18.4835761125121,12.3408985617744
"SPW","2018","May_15",7.71002934094592,21.2115134330973,14.4607713870216
"SPW","2018","May_16",9.4075910831091,13.053274253902,11.2304326685055
"SPW","2018","May_17",4.47120704944227,15.4330526785229,9.95212986398257
"SPW","2018","May_18",2.25758596040268,16.7071110596618,9.48234851003223
"SPW","2018","May_19",4.10382984115024,20.1641072885355,12.1339685648429
"SPW","2018","May_20",5.73901819220901,20.6161419355325,13.1775800638707
"SPW","2018","May_21",6.22703040349098,21.7694279923171,13.998229197904
"SPW","2018","May_22",9.06753535673637,20.4714126982321,14.7694740274842
"SPW","2018","May_23",9.07114286952211,17.4547768849083,13.2629598772152
"SPW","2018","May_24",9.36942821130513,21.2217739744682,15.2956010928867
"SPW","2018","May_25",11.0720755055932,17.43748546476,14.2547804851766
"SPW","2018","May_26",12.5657347831822,23.9671732397488,18.2664540114655
"SPW","2018","May_27",12.820884009861,25.8084497445658,19.3146668772134
"SPW","2018","May_28",12.7572801497136,23.7559903913124,18.256635270513
"SPW","2018","May_29",12.1397165167476,15.9508835529677,14.0453000348576
"SPW","2018","May_30",11.8067563441439,18.3099477260024,15.0583520350732
"SPW","2018","May_31",12.7449703109338,22.582263842824,17.6636170768789
"SPW","2018","June_01",15.0190766131635,22.9111516457899,18.9651141294767
"SPW","2018","June_02",14.6133587636246,23.0994560001728,18.8564073818987
"SPW","2018","June_03",11.3703655607008,24.5589390159341,17.9646522883175
"SPW","2018","June_04",13.2300178785935,16.4540448409893,14.8420313597914
"SPW","2018","June_05",10.5959818783473,16.5091583773133,13.5525701278303
"SPW","2018","June_06",6.68911274547678,20.8528596854378,13.7709862154573
"SPW","2018","June_07",10.071102464826,19.680152160729,14.8756273127775
"SPW","2018","June_08",11.6659410990712,20.3866608520012,16.0263009755362
"SPW","2018","June_09",10.1806074317221,19.6214442750846,14.9010258534033
"SPW","2018","June_10",11.9010161193127,21.0518120938667,16.4764141065897
"SPW","2018","June_11",8.58546240971112,23.7146874285117,16.1500749191114
"SPW","2018","June_12",10.0174501807094,17.4854596420397,13.7514549113746
"SPW","2018","June_13",6.38848051095639,21.5404629376855,13.9644717243209
"SPW","2018","June_14",13.2122007138794,21.7314353281797,17.4718180210296
"SPW","2018","June_15",8.7111643987166,21.4407229865936,15.0759436926551
"SPW","2018","June_16",11.4597090536885,19.4552199025449,15.4574644781167
"SPW","2018","June_17",11.4135549338152,18.3546218572816,14.8840883955484
"SPW","2018","June_18",13.6576856362773,24.1687908549013,18.9132382455893
"SPW","2018","June_19",15.9761713319204,23.8296105480614,19.9028909399909
"SPW","2018","June_20",14.3610582649691,24.1691398173091,19.2650990411391
"SPW","2018","June_21",8.87614230335095,18.8876979105593,13.8819201069551
"SPW","2018","June_22",7.01227249619741,21.0214600145855,14.0168662553914
"SPW","2018","June_23",7.92990650887253,21.9315260483924,14.9307162786325
"SPW","2018","June_24",8.8247684602662,24.3858832823745,16.6053258713204
"SPW","2018","June_25",10.4088811438944,28.0503900195979,19.2296355817461
"SPW","2018","June_26",10.5962314379192,27.3218342475272,18.9590328427232
"SPW","2018","June_27",9.97554933125424,25.7219001712772,17.8487247512657
"SPW","2018","June_28",10.430876917889,26.1088957689866,18.2698863434378
"SPW","2018","June_29",11.2118333590527,26.6563404904294,18.9340869247411
"SPW","2018","June_30",11.6781847660812,26.8829323852897,19.2805585756854
"SPW","2019","April_01",0.863306120893541,13.4643736587695,7.16383988983153
"SPW","2019","April_02",1.16514013496145,8.31349561077987,4.73931787287066
"SPW","2019","April_03",-0.273951133933792,9.24040846907596,4.48322866757108
"SPW","2019","April_04",-0.75620636813404,9.90816313545424,4.5759783836601
"SPW","2019","April_05",4.28799725951841,13.4504349890661,8.86921612429228
"SPW","2019","April_06",3.73353855686844,9.89064988773372,6.81209422230108
"SPW","2019","April_07",5.553408169997,10.6358532296155,8.09463069980625
"SPW","2019","April_08",6.55340293311756,13.0273585385009,9.7903807358092
"SPW","2019","April_09",6.7085328992948,11.3309632537559,9.01974807652534
"SPW","2019","April_10",2.88121713900429,11.4756435493758,7.17843034419004
"SPW","2019","April_11",-0.531330602088229,10.9678130587885,5.21824122835012
"SPW","2019","April_12",-0.838079139632869,9.73687133061815,4.44939609549264
"SPW","2019","April_13",-1.11620864474126,9.30117774359749,4.09248454942812
"SPW","2019","April_14",-1.61710604177069,9.61905607581873,4.00097501702402
"SPW","2019","April_15",1.39932233865715,13.2910081405131,7.34516523958514
"SPW","2019","April_16",4.47672016182839,15.9055456361726,10.1911328990005
"SPW","2019","April_17",3.93173418988173,18.0304814933884,10.9811078416351
"SPW","2019","April_18",5.75775289465705,20.624533977828,13.1911434362425
"SPW","2019","April_19",5.98768212605109,22.5622003430935,14.2749412345723
"SPW","2019","April_20",4.97273119328653,23.0513640920182,14.0120476426524
"SPW","2019","April_21",4.74005486430318,22.7162669879645,13.7281609261338
"SPW","2019","April_22",4.75885950241353,23.6279684197275,14.1934139610705
"SPW","2019","April_23",9.37403713798276,19.8191119153893,14.596574526686
"SPW","2019","April_24",8.0581772286582,18.6406147490701,13.3493959888642
"SPW","2019","April_25",6.95884082846606,16.0732250153867,11.5160329219264
"SPW","2019","April_26",4.20365280072847,16.3834748013372,10.2935638010328
"SPW","2019","April_27",6.40988511249661,11.3354282079192,8.87265666020792
"SPW","2019","April_28",5.94423345523642,12.8582138724367,9.40122366383656
"SPW","2019","April_29",2.63383763344863,14.0886291463003,8.36123338987444
"SPW","2019","April_30",3.47254789236615,16.387469810106,9.9300088512361
"SPW","2019","May_01",3.99939220828463,17.2064434580655,10.602917833175
"SPW","2019","May_02",7.99146782910925,15.2683905638907,11.6299291965
"SPW","2019","May_03",5.58275360708606,13.4321547815306,9.50745419430835
"SPW","2019","May_04",2.89654121100949,10.3043319261846,6.60043656859702
"SPW","2019","May_05",1.14615925697201,11.2251271125343,6.18564318475313
"SPW","2019","May_06",3.31412134434935,11.8607910891788,7.58745621676407
"SPW","2019","May_07",3.84688326529347,15.0670727853916,9.45697802534256
"SPW","2019","May_08",7.20770127327161,13.8343068089325,10.521004041102
"SPW","2019","May_09",6.78121641017344,13.0797899249951,9.93050316758425
"SPW","2019","May_10",5.66863290908714,15.2590641325236,10.4638485208053
"SPW","2019","May_11",6.22383468086128,14.365703165827,10.2947689233442
"SPW","2019","May_12",2.22565826340386,16.5443911106562,9.38502468703001
"SPW","2019","May_13",2.15395028613336,16.8151136697197,9.4845319779265
"SPW","2019","May_14",3.91464498224355,17.6878322928917,10.8012386375676
"SPW","2019","May_15",4.13105591221705,18.744014013568,11.4375349628925
"SPW","2019","May_16",4.50848104210197,17.3374622837413,10.9229716629216
"SPW","2019","May_17",6.60488961074787,13.9134334604194,10.2591615355836
"SPW","2019","May_18",9.00519901938613,16.452742294397,12.7289706568916
"SPW","2019","May_19",5.8629685480409,17.4726522387132,11.667810393377
"SPW","2019","May_20",9.75756782938081,19.0812676857976,14.4194177575892
"SPW","2019","May_21",6.87155730151003,19.5607635867881,13.216160444149
"SPW","2019","May_22",6.55206953765625,20.5094523071839,13.5307609224201
"SPW","2019","May_23",6.51185752945001,22.7446150660569,14.6282362977535
"SPW","2019","May_24",8.02638471331896,21.067297991632,14.5468413524755
"SPW","2019","May_25",10.5908206287644,21.6672903594784,16.1290554941214
"SPW","2019","May_26",13.4179694888124,20.3767518485552,16.8973606686838
"SPW","2019","May_27",7.06138824529456,17.7680948180945,12.4147415316946
"SPW","2019","May_28",7.64095026847443,16.0336617394096,11.837306003942
"SPW","2019","May_29",6.5792796404329,18.8138072722125,12.6965434563227
"SPW","2019","May_30",10.5939881514599,23.0835050969962,16.8387466242281
"SPW","2019","May_31",11.1186798198295,20.3288843064558,15.7237820631426
"SPW","2019","June_01",9.62690610610702,25.6930742781404,17.6599901921237
"SPW","2019","June_02",13.9694505595721,25.93237082623,19.950910692901
"SPW","2019","June_03",8.91830005511744,20.3859352440843,14.6521176496009
"SPW","2019","June_04",7.95912222400008,17.269040334988,12.614081279494
"SPW","2019","June_05",9.84900167823215,17.748489529481,13.7987456038566
"SPW","2019","June_06",7.05566594045556,18.8727985439853,12.9642322422204
"SPW","2019","June_07",8.07803046048098,16.6597729370427,12.3689016987619
"SPW","2019","June_08",10.2815488899586,17.3242311266357,13.8028900082971
"SPW","2019","June_09",6.25343347897484,18.9349133481833,12.5941734135791
"SPW","2019","June_10",9.71348939946464,12.664377687563,11.1889335435138
"SPW","2019","June_11",8.8443400879796,14.2930545127365,11.5686973003581
"SPW","2019","June_12",9.7726152168092,13.9364586892455,11.8545369530274
"SPW","2019","June_13",10.2140302660391,14.8931714054491,12.5536008357441
"SPW","2019","June_14",10.860717154184,18.6370669976184,14.7488920759012
"SPW","2019","June_15",9.34076816715209,18.8050477715925,14.0729079693723
"SPW","2019","June_16",7.95831942794909,20.0625023898689,14.010410908909
"SPW","2019","June_17",10.675793817483,20.8688348842346,15.7723143508588
"SPW","2019","June_18",8.80551878088722,19.4614014885648,14.133460134726
"SPW","2019","June_19",12.5934645806364,19.044880705366,15.8191726430012
"SPW","2019","June_20",11.7085067781694,18.9657850988181,15.3371459384937
"SPW","2019","June_21",8.09330723035321,20.2099903651001,14.1516487977267
"SPW","2019","June_22",9.12082169803208,22.0574651487053,15.5891434233687
"SPW","2019","June_23",9.69161133253235,23.5936551001768,16.6426332163546
"SPW","2019","June_24",15.3479626976401,24.6311630842671,19.9895628909536
"SPW","2019","June_25",16.9766480085071,20.3405494277316,18.6585987181193
"SPW","2019","June_26",13.7419952751161,18.2531961020366,15.9975956885764
"SPW","2019","June_27",11.4065064458719,21.7307330730027,16.5686197594373
"SPW","2019","June_28",11.7697354682901,23.5206986023635,17.6452170353268
"SPW","2019","June_29",11.9098960880546,32.0336840231422,21.9717900555984
"SPW","2019","June_30",13.4247319224319,23.2192260772446,18.3219789998383
"SPW","2020","April_01",-2.22700877822985,8.79884171235782,3.28591646706399
"SPW","2020","April_02",2.89718741904547,12.7406982660124,7.81894284252895
"SPW","2020","April_03",5.25793777725579,12.7695016332147,9.01371970523522
"SPW","2020","April_04",1.44887712134142,16.2203777571431,8.83462743924227
"SPW","2020","April_05",4.42739822267921,20.7889698963296,12.6081840595044
"SPW","2020","April_06",10.2183379738633,17.3564278606688,13.787382917266
"SPW","2020","April_07",2.66950166624711,18.6794521722159,10.6744769192315
"SPW","2020","April_08",6.28405222109471,21.53512811619,13.9095901686424
"SPW","2020","April_09",6.756381109384,21.8133196635869,14.2848503864855
"SPW","2020","April_10",6.28677106033933,21.7666477514575,14.0267094058984
"SPW","2020","April_11",6.5643207711443,23.7024941899617,15.133407480553
"SPW","2020","April_12",7.18803533230613,23.1472001699329,15.1676177511195
"SPW","2020","April_13",6.03788235945141,10.4167488102287,8.22731558484004
"SPW","2020","April_14",2.6568619143571,12.201885502044,7.42937370820055
"SPW","2020","April_15",0.180596894799555,17.4377843687803,8.80919063178991
"SPW","2020","April_16",1.96038301649446,19.6890230237035,10.824703020099
"SPW","2020","April_17",7.45020969571599,14.7543332139007,11.1022714548083
"SPW","2020","April_18",5.5785604264,12.8794480762691,9.22900425133455
"SPW","2020","April_19",4.74765126533198,16.7552898224679,10.7514705439
"SPW","2020","April_20",4.21427282061113,16.9652548193204,10.5897638199658
"SPW","2020","April_21",6.33248980609015,17.1865403685941,11.7595150873421
"SPW","2020","April_22",5.33309482782008,20.0298374812152,12.6814661545176
"SPW","2020","April_23",5.04408143853302,22.2124472362005,13.6282643373667
"SPW","2020","April_24",5.29636636783833,19.695665870962,12.4960161194001
"SPW","2020","April_25",4.79896471394904,15.8579197999958,10.3284422569724
"SPW","2020","April_26",2.27495085623861,19.7265457272655,11.0007482917521
"SPW","2020","April_27",5.36299960637562,16.7273514392485,11.0451755228121
"SPW","2020","April_28",6.58898943517646,9.35560618865318,7.97229781191482
"SPW","2020","April_29",5.92271585698729,12.8132340675593,9.36797496227327
"SPW","2020","April_30",5.13557761407899,12.1409728544522,8.63827523426558
"SPW","2020","May_01",5.58495538521172,13.9627218231812,9.77383860419645
"SPW","2020","May_02",5.33806565835803,16.1362330784654,10.7371493684117
"SPW","2020","May_03",5.41156500218251,14.6058586694954,10.008711835839
"SPW","2020","May_04",7.00824976056975,16.2764179182855,11.6423338394276
"SPW","2020","May_05",5.27489948956938,14.5012529756564,9.88807623261288
"SPW","2020","May_06",2.45465704478945,17.271667231307,9.86316213804823
"SPW","2020","May_07",3.32399004849413,21.9186670617676,12.6213285551309
"SPW","2020","May_08",8.31228688186231,23.1337298211657,15.723008351514
"SPW","2020","May_09",8.18711471287747,23.3696519901201,15.7783833514988
"SPW","2020","May_10",8.83583530278245,14.7401690718523,11.7880021873174
"SPW","2020","May_11",3.6437263303847,11.2955093030393,7.46961781671198
"SPW","2020","May_12",-0.693499068195988,14.0330567619995,6.66977884690175
"SPW","2020","May_13",3.7143522368159,11.7356712280715,7.72501173244368
"SPW","2020","May_14",0.708801535712764,13.2619610281245,6.98538128191864
"SPW","2020","May_15",0.659912423588049,17.2592372549718,8.9595748392799
"SPW","2020","May_16",4.18614850297475,16.8185126093924,10.5023305561836
"SPW","2020","May_17",4.63483030922536,19.5258651666009,12.0803477379131
"SPW","2020","May_18",8.7936450495447,22.6620576629807,15.7278513562627
"SPW","2020","May_19",10.4756069941822,24.7009391729184,17.5882730835503
"SPW","2020","May_20",10.3180971879556,26.9599621329031,18.6390296604293
"SPW","2020","May_21",10.7228201398711,25.6859385022675,18.2043793210693
"SPW","2020","May_22",15.3500078858434,21.2733833815536,18.3116956336985
"SPW","2020","May_23",9.51554041429853,17.9534435896351,13.7344920019668
"SPW","2020","May_24",9.831810484564,20.9515126968406,15.3916615907023
"SPW","2020","May_25",7.97750349787422,24.4070584663131,16.1922809820937
"SPW","2020","May_26",9.54281726678704,24.6699562267525,17.1063867467698
"SPW","2020","May_27",10.2813920592537,23.6516547189184,16.966523389086
"SPW","2020","May_28",8.72563378297111,21.0319959422533,14.8788148626122
"SPW","2020","May_29",7.62472166175849,22.5398097212691,15.0822656915138
"SPW","2020","May_30",7.12303201115299,23.816555997054,15.4697940041035
"SPW","2020","May_31",9.11652415577915,23.6818675905522,16.3991958731657
"SPW","2020","June_01",8.68542617653672,24.7714846814274,16.7284554289821
"SPW","2020","June_02",9.0435259546795,23.3963506628011,16.2199383087403
"SPW","2020","June_03",11.0551342372542,18.1394292573508,14.5972817473025
"SPW","2020","June_04",9.20679892335421,14.9439617860328,12.0753803546935
"SPW","2020","June_05",8.99816774422387,15.5222401005402,12.260203922382
"SPW","2020","June_06",5.83561667633409,14.4368857508779,10.136251213606
"SPW","2020","June_07",6.2691114525191,16.189763910471,11.229437681495
"SPW","2020","June_08",8.75326025500088,14.975661006731,11.8644606308659
"SPW","2020","June_09",5.65910518192931,18.4975554021098,12.0783302920196
"SPW","2020","June_10",11.1334814062039,15.035952508504,13.084716957354
"SPW","2020","June_11",9.83569605925441,19.0992962729508,14.4674961661026
"SPW","2020","June_12",12.2532623748111,20.2943418620033,16.2738021184072
"SPW","2020","June_13",11.6342154350707,24.4227272703921,18.0284713527314
"SPW","2020","June_14",10.8875274154792,23.0295488583546,16.9585381369169
"SPW","2020","June_15",10.1154472818834,24.053268918847,17.0843581003652
"SPW","2020","June_16",11.6993936559389,23.7479006519441,17.7236471539415
"SPW","2020","June_17",11.1524222940823,22.1525604918983,16.6524913929903
"SPW","2020","June_18",12.9590084688675,18.8333759371938,15.8961922030307
"SPW","2020","June_19",12.1476498365339,19.0701495749559,15.6088997057449
"SPW","2020","June_20",10.7196036653589,21.8787299558559,16.2991668106074
"SPW","2020","June_21",13.2217937586728,21.5506230034333,17.386208381053
"SPW","2020","June_22",8.24870798170711,22.99491411011,15.6218110459086
"SPW","2020","June_23",11.1475306105674,27.3260984545756,19.2368145325715
"SPW","2020","June_24",13.7126772523029,29.9814696544761,21.8470734533895
"SPW","2020","June_25",15.7027706479266,30.5342442972628,23.1185074725947
"SPW","2020","June_26",15.6639700821128,29.7752150145296,22.7195925483212
"SPW","2020","June_27",13.9333431692297,20.3955203502309,17.1644317597303
"SPW","2020","June_28",11.1488914947655,19.5547086777704,15.351800086268
"SPW","2020","June_29",10.9035545367969,18.9089867531699,14.9062706449834
"SPW","2020","June_30",12.0501845012313,18.6678100766034,15.3589972889174
"SPW","2021","April_01",6.61899207580455,12.4987948288822,9.55889345234337
"SPW","2021","April_02",4.30585911274983,9.01496234191528,6.66041072733255
"SPW","2021","April_03",3.83445161498348,8.24635842176402,6.04040501837375
"SPW","2021","April_04",0.352064811843782,15.1381074175208,7.7450861146823
"SPW","2021","April_05",2.51483442163052,6.63648020963964,4.57565731563508
"SPW","2021","April_06",-1.80141374961277,6.88793382405935,2.54326003722329
"SPW","2021","April_07",-3.15230214901874,7.01184802668991,1.92977293883559
"SPW","2021","April_08",1.75108209109245,12.1812859247514,6.96618400792193
"SPW","2021","April_09",3.62146688193814,12.6293358999411,8.12540139093964
"SPW","2021","April_10",3.97448752493317,6.93747798026063,5.4559827525969
"SPW","2021","April_11",-1.12023071442493,8.36691630737554,3.6233427964753
"SPW","2021","April_12",-2.15269488483476,9.38333378800794,3.61531945158659
"SPW","2021","April_13",-2.05919433034852,12.3697019997851,5.15525383471828
"SPW","2021","April_14",1.03416049833799,11.0057557760198,6.01995813717891
"SPW","2021","April_15",-1.59195969922584,10.0846170639198,4.24632868234698
"SPW","2021","April_16",-1.40837761605319,11.0547458073476,4.82318409564719
"SPW","2021","April_17",-1.69089269286484,12.4497967063009,5.37945200671802
"SPW","2021","April_18",-0.978760716902901,14.3573413262952,6.68929030469613
"SPW","2021","April_19",0.38495821522014,16.4045867098739,8.39477246254703
"SPW","2021","April_20",1.52206944048817,16.4386634278703,8.98036643417922
"SPW","2021","April_21",3.95553897315535,13.0213291214057,8.48843404728055
"SPW","2021","April_22",-0.235846851507029,13.7987377257905,6.78144543714176
"SPW","2021","April_23",-0.561771877440583,15.5943458337797,7.51628697816956
"SPW","2021","April_24",1.39520106039684,16.1113287423222,8.75326490135954
"SPW","2021","April_25",2.51055361519096,12.8682267916735,7.68939020343224
"SPW","2021","April_26",2.81227390176155,12.4471950584024,7.62973448008198
"SPW","2021","April_27",0.0157432711358144,14.4472746887681,7.23150897995195
"SPW","2021","April_28",4.96301842994909,12.357757684859,8.66038805740407
"SPW","2021","April_29",1.63793680335944,10.6596583410323,6.14879757219589
"SPW","2021","April_30",0.575936386217518,11.8920403825757,6.23398838439658
"SPW","2021","May_01",0.497608173708376,12.1449464660465,6.32127731987744
"SPW","2021","May_02",0.950582427559104,13.3106553550698,7.13061889131446
"SPW","2021","May_03",4.28637728397613,12.4831572535486,8.38476726876237
"SPW","2021","May_04",6.78248342318124,12.442961702243,9.61272256271212
"SPW","2021","May_05",2.19146000205405,11.9351532592005,7.06330663062725
"SPW","2021","May_06",0.278375512231669,11.4503757391424,5.86437562568704
"SPW","2021","May_07",1.86444995480774,13.7885092108544,7.82647958283108
"SPW","2021","May_08",4.84474679236484,16.6793401118541,10.7620434521095
"SPW","2021","May_09",9.15382530460494,19.8463202367077,14.5000727706563
"SPW","2021","May_10",9.37830671779341,16.3672031307565,12.872754924275
"SPW","2021","May_11",5.05416980271433,17.2114990799202,11.1328344413173
"SPW","2021","May_12",7.13763222044703,16.3576888742722,11.7476605473596
"SPW","2021","May_13",8.81956283786177,13.7431663961929,11.2813646170273
"SPW","2021","May_14",6.87543085777761,11.6249277558502,9.2501793068139
"SPW","2021","May_15",6.97197330097163,13.5668756535383,10.269424477255
"SPW","2021","May_16",6.1528358285186,14.8438440736845,10.4983399511016
"SPW","2021","May_17",8.50990936356578,15.1269591947377,11.8184342791518
"SPW","2021","May_18",4.42918849538947,15.982173889729,10.2056811925592
"SPW","2021","May_19",7.66936904697345,16.7854318812514,12.2274004641124
"SPW","2021","May_20",4.43744146561463,13.5325687210328,8.98500509332372
"SPW","2021","May_21",9.59522424082378,11.8748616140337,10.7350429274287
"SPW","2021","May_22",7.92164487975717,13.6402104141015,10.7809276469293
"SPW","2021","May_23",3.36097628539379,12.9930414798883,8.17700888264103
"SPW","2021","May_24",5.82104690558907,13.5326624523062,9.67685467894765
"SPW","2021","May_25",5.92927784153076,15.4641278778882,10.6967028597095
"SPW","2021","May_26",4.90671860908675,15.1563074814331,10.0315130452599
"SPW","2021","May_27",5.79336052557792,18.9406776882388,12.3670191069083
"SPW","2021","May_28",8.27676911556804,18.8648821405516,13.5708256280598
"SPW","2021","May_29",10.3104301955995,20.5187181940803,15.4145741948399
"SPW","2021","May_30",6.60208009818473,19.8790087204569,13.2405444093208
"SPW","2021","May_31",6.38044282787549,22.7858648699903,14.5831538489329
"SPW","2021","June_01",9.12701936898296,24.3116532337053,16.7193363013441
"SPW","2021","June_02",10.4132336909417,26.5156383730214,18.4644360319816
"SPW","2021","June_03",14.9622623813246,22.9766610458877,18.9694617136061
"SPW","2021","June_04",11.1705720035084,16.8987753668764,14.0346736851924
"SPW","2021","June_05",10.6207729712957,22.1371825076137,16.3789777394547
"SPW","2021","June_06",10.7361025378417,21.9368554448242,16.3364789913329
"SPW","2021","June_07",13.4760650251841,22.7798401509031,18.1279525880436
"SPW","2021","June_08",10.6453285213497,23.5119198874438,17.0786242043968
"SPW","2021","June_09",10.1132075180935,24.9012418841431,17.5072247011183
"SPW","2021","June_10",14.0476746797406,23.1453278242766,18.5965012520086
"SPW","2021","June_11",15.520545124452,23.6604883372899,19.590516730871
"SPW","2021","June_12",12.399968715262,22.2952723200607,17.3476205176614
"SPW","2021","June_13",10.6448619686133,26.4925744762212,18.5687182224173
"SPW","2021","June_14",13.3407324989866,26.2961748140607,19.8184536565236
"SPW","2021","June_15",12.401263549195,24.2328824820726,18.3170730156338
"SPW","2021","June_16",12.4453832796026,27.2462015390848,19.8457924093437
"SPW","2021","June_17",16.3191552230423,19.979813072135,18.1494841475886
"SPW","2021","June_18",12.7977613632245,13.4888454791804,13.1433034212025
"SPW","2021","June_19",10.879734663167,15.1905015477199,13.0351181054434
"SPW","2021","June_20",11.4562202181677,16.0228162786879,13.7395182484278
"SPW","2021","June_21",9.39736785499582,13.907815138825,11.6525914969104
"SPW","2021","June_22",9.85522826336667,16.1856895983237,13.0204589308452
"SPW","2021","June_23",5.20162128375982,20.3415477960607,12.7715845399102
"SPW","2021","June_24",7.54278255989151,19.2621117966996,13.4024471782955
"SPW","2021","June_25",13.0551259457376,19.3283855186727,16.1917557322052
"SPW","2021","June_26",12.27471973906,21.3966925543245,16.8357061466922
"SPW","2021","June_27",13.4293848741278,20.2794439736478,16.8544144238878
"SPW","2021","June_28",14.0321840047445,17.4591038438052,15.7456439242748
"SPW","2021","June_29",13.1431259427702,16.9982407553562,15.0706833490632
"SPW","2021","June_30",11.2010626087652,16.5171490843949,13.8591058465801
"SPW","2022","April_01",-0.259363845686738,8.08070940351354,3.9106727789134
"SPW","2022","April_02",-2.09511074850283,8.71922015641772,3.31205470395745
"SPW","2022","April_03",-3.15467041370151,9.31328223690327,3.07930591160088
"SPW","2022","April_04",3.86693428900107,13.6317759846522,8.74935513682663
"SPW","2022","April_05",7.00567051039897,13.6915053640651,10.3485879372321
"SPW","2022","April_06",8.15825369607386,13.4180374691772,10.7881455826255
"SPW","2022","April_07",6.17705620528789,12.1984282009701,9.187742203129
"SPW","2022","April_08",0.320415615852372,10.502760118348,5.41158786710018
"SPW","2022","April_09",-0.550837424895587,11.2897321827855,5.36944737894497
"SPW","2022","April_10",-1.50588314557363,12.9601836699382,5.7271502621823
"SPW","2022","April_11",3.59728740813049,16.0636223426157,9.83045487537308
"SPW","2022","April_12",7.8136965482903,18.8736113333442,13.3436539408173
"SPW","2022","April_13",8.43240446507122,17.9305424461566,13.1814734556139
"SPW","2022","April_14",4.79417077904691,17.971534897595,11.3828528383209
"SPW","2022","April_15",6.36702639869675,21.3942249509988,13.8806256748478
"SPW","2022","April_16",5.97747544085052,18.4481494332086,12.2128124370296
"SPW","2022","April_17",4.50133805027217,18.7385790608198,11.619958555546
"SPW","2022","April_18",5.36143715836824,16.5823415909938,10.971889374681
"SPW","2022","April_19",4.83674690922149,15.3480447135148,10.0923958113681
"SPW","2022","April_20",5.88134417286008,17.5313320662918,11.7063381195759
"SPW","2022","April_21",4.44271052628935,17.9058676267448,11.1742890765171
"SPW","2022","April_22",6.71904763319885,15.5845765108242,11.1518120720115
"SPW","2022","April_23",7.53563589544255,16.0139686684393,11.7748022819409
"SPW","2022","April_24",6.62166058126829,16.9142700443386,11.7679653128034
"SPW","2022","April_25",4.86952440609747,13.7066248905611,9.2880746483293
"SPW","2022","April_26",2.26532991720463,14.3835662716965,8.32444809445055
"SPW","2022","April_27",3.65855929176964,10.4933629091689,7.07596110046929
"SPW","2022","April_28",4.68023654171013,12.8172365316731,8.74873653669162
"SPW","2022","April_29",5.01403855429624,10.550539787179,7.78228917073764
"SPW","2022","April_30",0.333379768437303,17.0340055126737,8.6836926405555
"SPW","2022","May_01",7.81382035912329,13.9710748727571,10.8924476159402
"SPW","2022","May_02",6.77287333191046,16.220892678136,11.4968830050232
"SPW","2022","May_03",8.72272538806054,14.2382514722579,11.4804884301592
"SPW","2022","May_04",8.4737017596626,17.2410367159396,12.8573692378011
"SPW","2022","May_05",5.55607787790012,18.6768492814782,12.1164635796891
"SPW","2022","May_06",7.22151521207637,21.0564543392198,14.1389847756481
"SPW","2022","May_07",11.0661632310548,18.6093168854539,14.8377400582543
"SPW","2022","May_08",7.81353822889537,18.3049477904608,13.0592430096781
"SPW","2022","May_09",3.59511753922461,21.4910829766436,12.5431002579341
"SPW","2022","May_10",12.9013111650189,19.4930816917547,16.1971964283868
"SPW","2022","May_11",10.9276617302596,15.0574009577288,12.9925313439942
"SPW","2022","May_12",5.40466218415557,17.4631417137558,11.4339019489557
"SPW","2022","May_13",8.80251747070283,19.6743026319959,14.2384100513494
"SPW","2022","May_14",5.82465880922177,22.0456505310933,13.9351546701575
"SPW","2022","May_15",10.8776006685505,18.4984379258957,14.6880192972231
"SPW","2022","May_16",11.2216824639891,21.6198716256857,16.4207770448374
"SPW","2022","May_17",9.18130367001519,24.9964248134562,17.0888642417357
"SPW","2022","May_18",9.6622747428617,22.3674229015689,16.0148488222153
"SPW","2022","May_19",11.9831882487247,20.5162101533884,16.2496992010566
"SPW","2022","May_20",10.5856114567901,17.5079180249043,14.0467647408472
"SPW","2022","May_21",8.51029088714122,19.4806601400598,13.9954755136005
"SPW","2022","May_22",6.91867143068806,22.6449509448207,14.7818111877544
"SPW","2022","May_23",9.16858651878017,18.3592368938579,13.763911706319
"SPW","2022","May_24",8.5785787955868,17.4566132870208,13.0175960413038
"SPW","2022","May_25",7.2320153527173,18.6588904716388,12.945452912178
"SPW","2022","May_26",9.21570301129046,19.5249319878239,14.3703174995572
"SPW","2022","May_27",10.8711710815415,18.930870433676,14.9010207576087
"SPW","2022","May_28",6.51268339250669,17.4145364498291,11.9636099211679
"SPW","2022","May_29",5.10265970188129,15.2733038532695,10.1879817775754
"SPW","2022","May_30",3.59389565116055,14.4990106427679,9.04645314696423
"SPW","2022","May_31",6.96954925299418,15.1913988619991,11.0804740574966
"SPW","2022","June_01",5.83051507003256,17.4239621939869,11.6272386320098
"SPW","2022","June_02",5.4842972135972,20.1437496700926,12.8140234418449
"SPW","2022","June_03",8.65437418807049,21.8474523089074,15.2509132484889
"SPW","2022","June_04",10.5794829819045,18.8720050982495,14.725744040077
"SPW","2022","June_05",10.039274706526,13.2091718900163,11.6242232982711
"SPW","2022","June_06",10.450297218517,16.9924172600625,13.7213572392897
"SPW","2022","June_07",10.0835463989329,21.6248445191474,15.8541954590401
"SPW","2022","June_08",13.1982274354035,21.1065052468555,17.1523663411295
"SPW","2022","June_09",9.62459496823661,19.599956016354,14.6122754922953
"SPW","2022","June_10",13.6530606588465,22.8489478647789,18.2510042618127
"SPW","2022","June_11",10.1237463247412,22.1593296391508,16.141537981946
"SPW","2022","June_12",9.47328702882197,20.9746675629852,15.2239772959036
"SPW","2022","June_13",8.12084887344252,19.4313172729204,13.7760830731815
"SPW","2022","June_14",7.86435232496543,23.5440859830512,15.7042191540083
"SPW","2022","June_15",8.87958128519695,26.0334167254919,17.4564990053444
"SPW","2022","June_16",9.70004843407316,27.5941734639605,18.6471109490168
"SPW","2022","June_17",14.311914838719,31.4112135801315,22.8615642094252
"SPW","2022","June_18",15.355966692766,20.5739027229397,17.9649347078528
"SPW","2022","June_19",8.3607637128064,18.6458874835099,13.5033255981582
"SPW","2022","June_20",8.48698780869329,20.6966951634369,14.5918414860651
"SPW","2022","June_21",7.18991742025763,24.548791274702,15.8693543474798
"SPW","2022","June_22",8.67087728018735,26.2009208714567,17.435899075822
"SPW","2022","June_23",9.87742055057258,24.3120607588311,17.0947406547018
"SPW","2022","June_24",13.1354500987388,21.7828209773756,17.4591355380572
"SPW","2022","June_25",11.1482894183005,20.4273740113371,15.7878317148188
"SPW","2022","June_26",9.37264986945566,21.5625446348524,15.467597252154
"SPW","2022","June_27",9.30595446035492,19.2533866684091,14.279670564382
"SPW","2022","June_28",7.63306466610055,21.5448031347021,14.5889339004013
"SPW","2022","June_29",12.9132321410694,21.1288894673102,17.0210608041898
"SPW","2022","June_30",12.1155448316441,18.7472755422014,15.4314101869228
"SPW","2023","April_01",7.03121989409334,9.41649855689571,8.22385922549453
"SPW","2023","April_02",5.41311035798446,10.4738007076186,7.94345553280152
"SPW","2023","April_03",-0.590088004891146,11.6375480113548,5.5237300032318
"SPW","2023","April_04",-1.89890180224891,13.3998021501923,5.75045017397169
"SPW","2023","April_05",1.32216545655312,12.8690121516912,7.09558880412214
"SPW","2023","April_06",7.49397053201895,13.8034557010894,10.6487131165542
"SPW","2023","April_07",3.24808242969189,14.0042425311642,8.62616248042804
"SPW","2023","April_08",1.10636215346184,14.1105654810963,7.60846381727907
"SPW","2023","April_09",4.80651194514163,15.8403102540988,10.3234110996202
"SPW","2023","April_10",8.55413973748562,14.9669263318087,11.7605330346472
"SPW","2023","April_11",4.68941813273379,13.0000881274049,8.84475313006934
"SPW","2023","April_12",3.34276115210655,11.0189355200389,7.18084833607273
"SPW","2023","April_13",3.71911185554758,13.1094543506193,8.41428310308344
"SPW","2023","April_14",1.74368532040036,10.9504678902513,6.34707660532585
"SPW","2023","April_15",5.75197761064566,14.4592275039183,10.105602557282
"SPW","2023","April_16",5.0269107581091,14.9580703231311,9.9924905406201
"SPW","2023","April_17",7.71490570567743,16.0910998910526,11.903002798365
"SPW","2023","April_18",6.06928081639216,12.3133204355398,9.19130062596596
"SPW","2023","April_19",5.71832640403924,15.331038303067,10.5246823535531
"SPW","2023","April_20",3.11204732295415,14.63546831557,8.8737578192621
"SPW","2023","April_21",5.00887424263594,11.7409910089223,8.37493262577913
"SPW","2023","April_22",1.85254407823595,13.8696150334833,7.86107955585962
"SPW","2023","April_23",7.04714760308278,13.6113725091088,10.3292600560958
"SPW","2023","April_24",5.42242343687269,11.15704151065,8.28973247376132
"SPW","2023","April_25",-0.000301599479896087,10.7872515157663,5.39347495814323
"SPW","2023","April_26",1.99209893097084,11.1867268613936,6.58941289618223
"SPW","2023","April_27",3.26045160099114,13.8442776504772,8.55236462573419
"SPW","2023","April_28",7.83151526143636,16.2990704223498,12.0652928418931
"SPW","2023","April_29",3.76336827783274,18.0492540645653,10.906311171199
"SPW","2023","April_30",5.19965669121899,17.0214665441378,11.1105616176784
"SPW","2023","May_01",8.60265325002597,16.9903251038719,12.7964891769489
"SPW","2023","May_02",7.74233371408573,13.8315373672928,10.7869355406893
"SPW","2023","May_03",2.86053060143553,13.9791267035047,8.41982865247013
"SPW","2023","May_04",5.43826816582618,18.0204998971726,11.7293840314994
"SPW","2023","May_05",10.6612350127146,18.5270064041854,14.59412070845
"SPW","2023","May_06",8.59595091081476,14.7282158890143,11.6620833999145
"SPW","2023","May_07",11.3453483934751,20.2026125414489,15.773980467462
"SPW","2023","May_08",8.18002778815626,15.1685238747013,11.6742758314288
"SPW","2023","May_09",11.7611047820256,18.1397118185336,14.9504083002796
"SPW","2023","May_10",7.44055073709132,17.7034428782354,12.5719968076634
"SPW","2023","May_11",8.21945381055295,18.0820895612475,13.1507716859002
"SPW","2023","May_12",8.55156588643479,11.8330549124615,10.1923103994481
"SPW","2023","May_13",8.33248641175055,11.9924902011711,10.1624883064608
"SPW","2023","May_14",7.25892797874449,19.639159726716,13.4490438527303
"SPW","2023","May_15",8.73487806617322,15.0028873336874,11.8688826999303
"SPW","2023","May_16",4.45624656346328,16.2309971230642,10.3436218432637
"SPW","2023","May_17",5.23540832418587,17.1730540536392,11.2042311889125
"SPW","2023","May_18",6.59016376377172,19.0720564579519,12.8311101108618
"SPW","2023","May_19",7.96408225986915,16.5863892549997,12.2752357574345
"SPW","2023","May_20",6.01617307535957,18.7734429846344,12.394808029997
"SPW","2023","May_21",6.16234190775239,18.1135478976224,12.1379449026874
"SPW","2023","May_22",9.22111608117104,18.5565163290686,13.8888162051198
"SPW","2023","May_23",7.20221681828544,17.3217412697063,12.2619790439959
"SPW","2023","May_24",6.41077280855808,20.0970549150641,13.2539138618111
"SPW","2023","May_25",8.57663349497967,16.9429191064537,12.7597763007167
"SPW","2023","May_26",5.93763819557761,18.5984637009002,12.2680509482389
"SPW","2023","May_27",5.36404933136171,19.9047068716276,12.6343781014947
"SPW","2023","May_28",6.07143986498529,20.9739407994281,13.5226903322067
"SPW","2023","May_29",5.82470217777288,16.8848209968176,11.3547615872952
"SPW","2023","May_30",6.91353807490166,15.5654200592384,11.23947906707
"SPW","2023","May_31",9.15675725255969,15.9811813405292,12.5689692965445
"SPW","2023","June_01",9.06230129542281,17.2892287733344,13.1757650343786
"SPW","2023","June_02",9.20008756254224,17.3066652833859,13.2533764229641
"SPW","2023","June_03",6.22060819739972,20.7816151076282,13.501111652514
"SPW","2023","June_04",7.55877298920442,20.6351494269635,14.0969612080839
"SPW","2023","June_05",7.76237532518454,16.0840884388697,11.9232318820271
"SPW","2023","June_06",10.0783926830794,15.0438201153871,12.5611063992332
"SPW","2023","June_07",9.54825003871043,19.9874203512697,14.7678351949901
"SPW","2023","June_08",8.43487271701862,20.8632223001443,14.6490475085815
"SPW","2023","June_09",9.36969571198509,24.406408208024,16.8880519600045
"SPW","2023","June_10",11.2351161037093,29.4777392386859,20.3564276711976
"SPW","2023","June_11",12.8329585261685,30.103580222801,21.4682693744847
"SPW","2023","June_12",14.8805526180477,28.1023622387175,21.4914574283826
"SPW","2023","June_13",11.5530707841032,27.6161129475962,19.5845918658497
"SPW","2023","June_14",8.28931390644495,27.1240678571241,17.7066908817845
"SPW","2023","June_15",10.5832716478506,26.457400789515,18.5203362186828
"SPW","2023","June_16",10.6108840492361,26.0802331099574,18.3455585795968
"SPW","2023","June_17",9.46160460519988,24.7217910422017,17.0916978237008
"SPW","2023","June_18",14.0026513441258,26.5038677465529,20.2532595453394
"SPW","2023","June_19",13.019366683914,24.6256876174283,18.8225271506712
"SPW","2023","June_20",14.3975794122304,22.7498305011232,18.5737049566768
"SPW","2023","June_21",13.0352283237524,24.9787891567055,19.0070087402289
"SPW","2023","June_22",12.6339313470921,27.0933158053059,19.863623576199
"SPW","2023","June_23",12.6374586835954,26.3318405882202,19.4846496359078
"SPW","2023","June_24",14.0840276712799,27.4545479859459,20.7692878286129
"SPW","2023","June_25",14.159215603119,30.2819702639864,22.2205929335527
"SPW","2023","June_26",12.1827208107374,22.648510704633,17.4156157576852
"SPW","2023","June_27",11.0074391384835,22.0078894119114,16.5076642751975
"SPW","2023","June_28",17.2056226283699,24.0310579921737,20.6183403102718
"SPW","2023","June_29",14.1059372029378,21.4394237342165,17.7726804685771
"SPW","2023","June_30",9.35788734149216,18.8653725165127,14.1116299290024
"TRESWELL","2011","April_01",8.7721126983655,16.7889535692152,12.7805331337904
"TRESWELL","2011","April_02",10.1000097021571,17.0418144773897,13.5709120897734
"TRESWELL","2011","April_03",3.0900506727483,15.1640420230546,9.12704634790143
"TRESWELL","2011","April_04",1.77909599978853,12.4423013085789,7.11069865418371
"TRESWELL","2011","April_05",7.10354462478215,17.2499488663497,12.1767467455659
"TRESWELL","2011","April_06",11.0164727938301,21.327580085971,16.1720264399005
"TRESWELL","2011","April_07",8.53773890174448,17.363324941485,12.9505319216147
"TRESWELL","2011","April_08",4.90015234279718,21.7792136345509,13.339682988674
"TRESWELL","2011","April_09",5.00342938834085,18.3459043333993,11.6746668608701
"TRESWELL","2011","April_10",2.70896520548493,18.0128270184324,10.3608961119587
"TRESWELL","2011","April_11",6.99199281968899,17.5912895691681,12.2916411944285
"TRESWELL","2011","April_12",3.12677610374187,14.0781293626109,8.6024527331764
"TRESWELL","2011","April_13",1.23834220242836,11.9879056917846,6.61312394710646
"TRESWELL","2011","April_14",4.27985535940397,14.0239934997409,9.15192442957242
"TRESWELL","2011","April_15",6.52005768676669,15.700547458539,11.1103025726529
"TRESWELL","2011","April_16",7.58485763446577,18.2702843680151,12.9275710012404
"TRESWELL","2011","April_17",4.90447275983781,18.312389999691,11.6084313797644
"TRESWELL","2011","April_18",6.66089214849112,17.9784309126958,12.3196615305935
"TRESWELL","2011","April_19",4.17657171345999,19.0897712947953,11.6331715041277
"TRESWELL","2011","April_20",4.12180134137644,19.618561555984,11.8701814486802
"TRESWELL","2011","April_21",4.64378507800325,21.7663449839935,13.2050650309984
"TRESWELL","2011","April_22",5.02593319770189,23.2342684086412,14.1301008031715
"TRESWELL","2011","April_23",7.13820441877281,25.0927185523194,16.1154614855461
"TRESWELL","2011","April_24",8.94153852562554,18.5006645981168,13.7211015618712
"TRESWELL","2011","April_25",5.84075079347524,18.9251992862415,12.3829750398583
"TRESWELL","2011","April_26",6.28676220289664,12.9658883680189,9.62632528545775
"TRESWELL","2011","April_27",5.89760028838112,14.5284855323032,10.2130429103422
"TRESWELL","2011","April_28",1.69519089187119,15.4105427637958,8.55286682783349
"TRESWELL","2011","April_29",6.58587774863628,16.4987286612464,11.5423032049414
"TRESWELL","2011","April_30",6.56367237291031,15.7986670223028,11.1811696976066
"TRESWELL","2011","May_01",5.1989918782561,17.3602422810695,11.2796170796628
"TRESWELL","2011","May_02",4.41250564297154,13.8451455461671,9.12882559456934
"TRESWELL","2011","May_03",2.38442837624458,14.0586419131977,8.22153514472112
"TRESWELL","2011","May_04",0.37584057419221,15.9810185628336,8.17842956851289
"TRESWELL","2011","May_05",4.46035414721403,19.1276701776792,11.7940121624466
"TRESWELL","2011","May_06",7.57174782396917,22.0986075229019,14.8351776734355
"TRESWELL","2011","May_07",11.3761841312092,21.1250924557425,16.2506382934759
"TRESWELL","2011","May_08",13.6048388671338,20.0687095490963,16.8367742081151
"TRESWELL","2011","May_09",7.41362538204465,20.4949770232068,13.9543012026257
"TRESWELL","2011","May_10",7.04885522307268,19.5026578402108,13.2757565316417
"TRESWELL","2011","May_11",7.84710721139002,17.8410556578138,12.8440814346019
"TRESWELL","2011","May_12",5.94961579740543,16.5483281829253,11.2489719901654
"TRESWELL","2011","May_13",4.80900129884531,16.5610049940122,10.6850031464287
"TRESWELL","2011","May_14",3.00889019545973,15.3609169139861,9.18490355472289
"TRESWELL","2011","May_15",5.48388349493675,13.7381397770815,9.61101163600913
"TRESWELL","2011","May_16",10.0876776644594,16.2508029284773,13.1692402964683
"TRESWELL","2011","May_17",10.8911862073112,18.0656836784749,14.478434942893
"TRESWELL","2011","May_18",11.412694953648,17.0074876093192,14.2100912814836
"TRESWELL","2011","May_19",4.48779068310912,17.1168123835252,10.8023015333171
"TRESWELL","2011","May_20",6.73236302030815,18.3159532342001,12.5241581272541
"TRESWELL","2011","May_21",4.63941914254025,20.3564602626796,12.4979397026099
"TRESWELL","2011","May_22",8.36217619285955,16.8965932865805,12.62938473972
"TRESWELL","2011","May_23",7.64279148624187,16.9446591682372,12.2937253272395
"TRESWELL","2011","May_24",5.9899355176306,16.7877139317943,11.3888247247124
"TRESWELL","2011","May_25",4.39633644862878,17.7042892421007,11.0503128453648
"TRESWELL","2011","May_26",8.58147695419874,16.550200372304,12.5658386632514
"TRESWELL","2011","May_27",8.47656693996634,15.7506781812642,12.1136225606153
"TRESWELL","2011","May_28",8.85979147680746,17.0786315894888,12.9692115331482
"TRESWELL","2011","May_29",10.8796339915565,18.4185015878151,14.6490677896858
"TRESWELL","2011","May_30",10.2359288187695,13.6978158560979,11.9668723374337
"TRESWELL","2011","May_31",4.96157234786914,17.3382130596076,11.1498927037384
"TRESWELL","2011","June_01",4.9560638176295,20.3346482026903,12.6453560101599
"TRESWELL","2011","June_02",9.35805207806961,24.0953363103406,16.7266941942051
"TRESWELL","2011","June_03",8.91847580680481,22.6604609075135,15.7894683571591
"TRESWELL","2011","June_04",8.49321140320553,21.5308845120505,15.012047957628
"TRESWELL","2011","June_05",8.85565370254757,17.1322082152574,12.9939309589025
"TRESWELL","2011","June_06",8.28392300907804,18.3967945461698,13.3403587776239
"TRESWELL","2011","June_07",6.75995453333772,18.3017422159444,12.5308483746411
"TRESWELL","2011","June_08",4.89194961082165,18.3345023553099,11.6132259830658
"TRESWELL","2011","June_09",7.26961652064572,18.4417373287594,12.8556769247026
"TRESWELL","2011","June_10",6.60870752797047,15.3216711823968,10.9651893551836
"TRESWELL","2011","June_11",3.8194063073961,17.963467394979,10.8914368511876
"TRESWELL","2011","June_12",3.36124969417556,18.2660345787337,10.8136421364546
"TRESWELL","2011","June_13",9.67797377237603,20.5093530765071,15.0936634244416
"TRESWELL","2011","June_14",6.68020544450493,22.0806280118768,14.3804167281909
"TRESWELL","2011","June_15",11.6303337772582,21.4390452281918,16.534689502725
"TRESWELL","2011","June_16",9.6549898616488,18.9731066247534,14.3140482432011
"TRESWELL","2011","June_17",6.5282949074018,18.3169307604556,12.4226128339287
"TRESWELL","2011","June_18",10.4656223960674,18.8553396726709,14.6604810343692
"TRESWELL","2011","June_19",10.1542645243939,18.8279492004532,14.4911068624236
"TRESWELL","2011","June_20",7.17220798643089,21.7663680156422,14.4692880010365
"TRESWELL","2011","June_21",13.159236062093,21.8822137001715,17.5207248811323
"TRESWELL","2011","June_22",11.4540336729814,20.396085392392,15.9250595326867
"TRESWELL","2011","June_23",9.92689720288584,17.0275001658466,13.4771986843662
"TRESWELL","2011","June_24",6.94916143524346,18.7966171482691,12.8728892917563
"TRESWELL","2011","June_25",8.94979434165093,22.852451989572,15.9011231656115
"TRESWELL","2011","June_26",13.2722423864359,28.763952077759,21.0180972320974
"TRESWELL","2011","June_27",15.4396376451118,31.5994590489389,23.5195483470253
"TRESWELL","2011","June_28",12.6652602642956,18.2696681139656,15.4674641891306
"TRESWELL","2011","June_29",8.60940701957853,19.840338208491,14.2248726140348
"TRESWELL","2011","June_30",5.90853247449832,19.7890294059234,12.8487809402108
"TRESWELL","2012","April_01",-1.84964443346245,14.996599353667,6.5734774601023
"TRESWELL","2012","April_02",2.35974451809769,12.2697067861525,7.31472565212508
"TRESWELL","2012","April_03",4.63185192238171,11.0105049761737,7.82117844927768
"TRESWELL","2012","April_04",1.13067195290236,6.6267331677947,3.87870256034853
"TRESWELL","2012","April_05",-0.237185181988412,9.68084502434348,4.72182992117753
"TRESWELL","2012","April_06",-1.89709318422635,10.49077565397,4.29684123487184
"TRESWELL","2012","April_07",4.70538269767074,10.2601627522913,7.48277272498102
"TRESWELL","2012","April_08",5.02181462743558,13.9334702802751,9.47764245385534
"TRESWELL","2012","April_09",6.27487987888394,11.3999857138082,8.8374327963461
"TRESWELL","2012","April_10",3.43104354277591,12.0730987047605,7.75207112376818
"TRESWELL","2012","April_11",1.4954366733586,12.7121648018476,7.10380073760308
"TRESWELL","2012","April_12",2.63276491914677,12.563994480555,7.59837969985088
"TRESWELL","2012","April_13",2.9129039172727,10.0327943124183,6.47284911484549
"TRESWELL","2012","April_14",-0.0971244335036113,8.92800757668223,4.41544157158931
"TRESWELL","2012","April_15",-1.13527423508522,9.76862565542575,4.31667571017027
"TRESWELL","2012","April_16",-1.47968855351755,11.622657045246,5.07148424586421
"TRESWELL","2012","April_17",2.40798120031566,13.3932252046133,7.90060320246449
"TRESWELL","2012","April_18",1.79957122984626,9.06179948055815,5.4306853552022
"TRESWELL","2012","April_19",4.98216132351054,10.4068968274441,7.69452907547732
"TRESWELL","2012","April_20",3.17801429449114,12.6316050711563,7.90480968282371
"TRESWELL","2012","April_21",3.72022813874259,12.6749286099545,8.19757837434854
"TRESWELL","2012","April_22",4.7237988050325,12.4367150850167,8.58025694502462
"TRESWELL","2012","April_23",2.6823796632353,11.2519630101007,6.96717133666801
"TRESWELL","2012","April_24",3.2469921671206,12.9526666046349,8.09982938587773
"TRESWELL","2012","April_25",3.08895503447507,11.3002135640718,7.19458429927345
"TRESWELL","2012","April_26",5.00406357136729,14.4478011960815,9.72593238372442
"TRESWELL","2012","April_27",5.65464873927116,9.47933668717041,7.56699271322078
"TRESWELL","2012","April_28",3.97980023759705,9.71965400724418,6.84972712242062
"TRESWELL","2012","April_29",3.87768398887276,13.1432402783595,8.51046213361616
"TRESWELL","2012","April_30",3.8998698862337,17.437409109174,10.6686394977038
"TRESWELL","2012","May_01",8.2507295549478,11.0807131753049,9.66572136512634
"TRESWELL","2012","May_02",6.73685542987517,15.5515183974562,11.1441869136657
"TRESWELL","2012","May_03",5.60259464137561,9.29149271110133,7.44704367623847
"TRESWELL","2012","May_04",4.76804357653268,9.08762077128817,6.92783217391042
"TRESWELL","2012","May_05",-0.193425175993269,9.01125827547202,4.40891654973938
"TRESWELL","2012","May_06",-0.771135408650333,10.252345352506,4.74060497192784
"TRESWELL","2012","May_07",-0.0541519666637426,13.0468280026525,6.49633801799437
"TRESWELL","2012","May_08",6.27147804502398,17.5445937999163,11.9080359224702
"TRESWELL","2012","May_09",7.20301877760402,16.7206622931792,11.9618405353916
"TRESWELL","2012","May_10",9.81595830238463,20.0645378167662,14.9402480595754
"TRESWELL","2012","May_11",8.98375929919046,12.2222858574776,10.603022578334
"TRESWELL","2012","May_12",2.85864842413144,14.9137919513638,8.88622018774762
"TRESWELL","2012","May_13",2.95183879318463,16.3410438966955,9.64644134494005
"TRESWELL","2012","May_14",7.24402867183492,15.3214962404606,11.2827624561478
"TRESWELL","2012","May_15",3.97197327467283,11.1850050092797,7.57848914197628
"TRESWELL","2012","May_16",1.32099526310988,13.6137195052297,7.46735738416979
"TRESWELL","2012","May_17",2.96515356051263,12.7213605585328,7.84325705952272
"TRESWELL","2012","May_18",6.77323112848837,13.5522187951576,10.162724961823
"TRESWELL","2012","May_19",6.96774809911626,9.8269968436348,8.39737247137553
"TRESWELL","2012","May_20",5.5188925832373,11.8095878734912,8.66424022836424
"TRESWELL","2012","May_21",6.99420843390536,16.3009722739687,11.647590353937
"TRESWELL","2012","May_22",7.77679539249291,23.8189712615447,15.7978833270188
"TRESWELL","2012","May_23",9.76468649453074,22.5385350899793,16.151610792255
"TRESWELL","2012","May_24",10.750195602011,24.2201301431804,17.4851628725957
"TRESWELL","2012","May_25",9.17623723811505,21.8098457673858,15.4930415027504
"TRESWELL","2012","May_26",9.51085269523013,22.1136620943048,15.8122573947675
"TRESWELL","2012","May_27",8.18352959701119,22.9281953857825,15.5558624913969
"TRESWELL","2012","May_28",8.07330331413958,25.498936221582,16.7861197678608
"TRESWELL","2012","May_29",10.7584767146402,20.7421114552843,15.7502940849622
"TRESWELL","2012","May_30",10.4461233184574,22.9246632343152,16.6853932763863
"TRESWELL","2012","May_31",12.259475028932,16.8841239864195,14.5717995076757
"TRESWELL","2012","June_01",9.87103944429117,15.1387500343893,12.5048947393402
"TRESWELL","2012","June_02",7.56854797259418,17.0075988829646,12.2880734277794
"TRESWELL","2012","June_03",7.42407065953094,12.437456474787,9.93076356715895
"TRESWELL","2012","June_04",5.72067898291003,14.9232963813485,10.3219876821293
"TRESWELL","2012","June_05",6.0350468518686,16.2581903737203,11.1466186127945
"TRESWELL","2012","June_06",9.74193423342817,20.0078864286727,14.8749103310504
"TRESWELL","2012","June_07",8.82560181922309,17.2527126817572,13.0391572504901
"TRESWELL","2012","June_08",10.7912366474555,15.2743042892296,13.0327704683425
"TRESWELL","2012","June_09",9.47844664054821,16.1477491564119,12.8130978984801
"TRESWELL","2012","June_10",6.63576296664599,18.9297884004776,12.7827756835618
"TRESWELL","2012","June_11",9.25970414103703,13.1435300628528,11.2016171019449
"TRESWELL","2012","June_12",7.72846638559099,14.1477642249039,10.9381153052474
"TRESWELL","2012","June_13",7.03986364431702,14.1552072577762,10.5975354510466
"TRESWELL","2012","June_14",8.19536676389629,17.8493336561596,13.0223502100279
"TRESWELL","2012","June_15",8.86930009989703,18.6991130655465,13.7842065827218
"TRESWELL","2012","June_16",9.94889165343502,16.408223813804,13.1785577336195
"TRESWELL","2012","June_17",10.7835285842287,16.8290378030187,13.8062831936237
"TRESWELL","2012","June_18",8.8279726209741,18.7316404364544,13.7798065287143
"TRESWELL","2012","June_19",8.44022636531029,20.8026448849975,14.6214356251539
"TRESWELL","2012","June_20",9.06809437518881,21.1459869017022,15.1070406384455
"TRESWELL","2012","June_21",9.31263101670338,20.7716659729266,15.042148494815
"TRESWELL","2012","June_22",9.70573268306192,15.7285927645822,12.7171627238221
"TRESWELL","2012","June_23",9.79524388755446,18.9407769780525,14.3680104328035
"TRESWELL","2012","June_24",9.41136934394035,18.632652607331,14.0220109756357
"TRESWELL","2012","June_25",8.78694032361078,19.3881855158197,14.0875629197153
"TRESWELL","2012","June_26",8.02246321878728,22.0266667866298,15.0245650027085
"TRESWELL","2012","June_27",14.6711122342018,24.2884312327542,19.479771733478
"TRESWELL","2012","June_28",15.1993848107695,24.5746710459683,19.8870279283689
"TRESWELL","2012","June_29",11.4914639006887,21.6961039406136,16.5937839206511
"TRESWELL","2012","June_30",12.2919063534153,20.6677042331882,16.4798052933017
"TRESWELL","2013","April_01",-1.79284818314237,5.93041527015953,2.06878354350858
"TRESWELL","2013","April_02",-2.7572867089983,7.56982179612241,2.40626754356205
"TRESWELL","2013","April_03",-3.12194241270963,8.43484866383602,2.6564531255632
"TRESWELL","2013","April_04",-1.4717821411487,7.15868577606195,2.84345181745662
"TRESWELL","2013","April_05",-1.73610058348808,8.74429445171705,3.50409693411449
"TRESWELL","2013","April_06",-0.633113536733018,10.6651500292833,5.01601824627516
"TRESWELL","2013","April_07",-2.58032074807809,11.3199192073977,4.36979922965978
"TRESWELL","2013","April_08",-0.0931386794178427,8.11278567451073,4.00982349754644
"TRESWELL","2013","April_09",0.109300144376002,10.0959508001783,5.10262547227716
"TRESWELL","2013","April_10",1.64727940485274,11.5478122885433,6.59754584669802
"TRESWELL","2013","April_11",1.52066450119462,7.98434373337943,4.75250411728702
"TRESWELL","2013","April_12",3.1353270303369,10.4289903581698,6.78215869425337
"TRESWELL","2013","April_13",2.06924515792653,15.3307686930781,8.7000069255023
"TRESWELL","2013","April_14",8.26605003622931,20.0193540209028,14.1427020285661
"TRESWELL","2013","April_15",8.79020277200681,18.6004129299259,13.6953078509664
"TRESWELL","2013","April_16",9.2374233629498,17.3210281428693,13.2792257529095
"TRESWELL","2013","April_17",4.29637784007682,18.1663204373236,11.2313491387002
"TRESWELL","2013","April_18",7.95789318312602,15.3357103050519,11.646801744089
"TRESWELL","2013","April_19",5.44330015423031,11.3948801282727,8.41909014125152
"TRESWELL","2013","April_20",0.296765539547003,15.3947135976936,7.8457395686203
"TRESWELL","2013","April_21",0.823517008239991,13.55435643778,7.18893672301
"TRESWELL","2013","April_22",2.06570366978929,14.1087018948515,8.08720278232037
"TRESWELL","2013","April_23",6.98810675286899,18.260317835156,12.6242122940125
"TRESWELL","2013","April_24",6.66994459429927,18.5027054287287,12.586325011514
"TRESWELL","2013","April_25",7.81114332059578,17.3751543752994,12.5931488479476
"TRESWELL","2013","April_26",3.76084424861747,12.5501447347185,8.155494491668
"TRESWELL","2013","April_27",1.28821425990926,10.9690785219578,6.12864639093354
"TRESWELL","2013","April_28",0.00433267853531972,14.8308711153323,7.41760189693382
"TRESWELL","2013","April_29",3.27840416280912,13.4436548467981,8.36102950480359
"TRESWELL","2013","April_30",2.11751526015714,13.1245688272115,7.62104204368432
"TRESWELL","2013","May_01",0.205149280730265,16.2445884985086,8.22486888961943
"TRESWELL","2013","May_02",2.6911891959176,16.3452641336572,9.51822666478738
"TRESWELL","2013","May_03",2.95921745070488,17.0772089268028,10.0182131887538
"TRESWELL","2013","May_04",8.39331605334899,16.5494418838977,12.4713789686233
"TRESWELL","2013","May_05",4.92784866848654,19.5267843659298,12.2273165172082
"TRESWELL","2013","May_06",5.09789557041683,21.0589438553375,13.0784197128772
"TRESWELL","2013","May_07",6.87335321375044,21.8007228629184,14.3370380383344
"TRESWELL","2013","May_08",8.54999523163183,18.8026138288168,13.6763045302243
"TRESWELL","2013","May_09",4.97266899325992,14.8185703304236,9.89561966184174
"TRESWELL","2013","May_10",7.9330095436196,16.6830072398355,12.3080083917276
"TRESWELL","2013","May_11",4.67706339195455,12.7958293641187,8.7364463780366
"TRESWELL","2013","May_12",4.75829228782212,13.2009261426324,8.97960921522725
"TRESWELL","2013","May_13",6.47573721882784,13.0511449670257,9.76344109292678
"TRESWELL","2013","May_14",2.99750233660046,12.7640748015598,7.88078856908011
"TRESWELL","2013","May_15",5.60732515519863,12.1917198665905,8.89952251089456
"TRESWELL","2013","May_16",1.84831342551642,14.866766968321,8.3575401969187
"TRESWELL","2013","May_17",5.5103095440178,13.3485388112443,9.42942417763104
"TRESWELL","2013","May_18",6.8300500330192,13.0122379311972,9.9211439821082
"TRESWELL","2013","May_19",7.39513914830899,17.7541570161401,12.5746480822246
"TRESWELL","2013","May_20",10.5170425137638,17.730129416722,14.1235859652429
"TRESWELL","2013","May_21",8.9543701067526,14.4287331892337,11.6915516479931
"TRESWELL","2013","May_22",7.69752146489687,15.5718081559883,11.6346648104426
"TRESWELL","2013","May_23",3.059350176644,10.8636739812316,6.96151207893781
"TRESWELL","2013","May_24",4.4731472090445,11.3684094506528,7.92077832984866
"TRESWELL","2013","May_25",3.11142368261235,16.6190154591263,9.86521957086931
"TRESWELL","2013","May_26",4.27010876132454,19.4505154635555,11.86031211244
"TRESWELL","2013","May_27",4.78182769788924,18.0780772779371,11.4299524879132
"TRESWELL","2013","May_28",7.33273848953516,15.1701361350591,11.2514373122971
"TRESWELL","2013","May_29",7.04745892442564,12.8823142895199,9.96488660697276
"TRESWELL","2013","May_30",9.09695537656447,14.8427081158968,11.9698317462306
"TRESWELL","2013","May_31",8.74747262555676,21.6205090655181,15.1839908455374
"TRESWELL","2013","June_01",8.9531407093438,17.379988640693,13.1665646750184
"TRESWELL","2013","June_02",6.0763099883724,18.3396029709341,12.2079564796533
"TRESWELL","2013","June_03",5.56171825090702,20.2168060516111,12.8892621512591
"TRESWELL","2013","June_04",5.16744627064491,18.6115009392611,11.889473604953
"TRESWELL","2013","June_05",8.64214006970058,14.9460956013756,11.7941178355381
"TRESWELL","2013","June_06",8.11172764013816,18.681361104971,13.3965443725546
"TRESWELL","2013","June_07",5.49663707101558,18.6935741058107,12.0951055884131
"TRESWELL","2013","June_08",5.7937671930427,15.9962659588672,10.895016575955
"TRESWELL","2013","June_09",7.7322180300445,17.6529067626692,12.6925623963568
"TRESWELL","2013","June_10",7.6711597732127,15.0371077901137,11.3541337816632
"TRESWELL","2013","June_11",6.09798339462342,19.6117107794354,12.8548470870294
"TRESWELL","2013","June_12",12.1468468070677,21.0814101445954,16.6141284758315
"TRESWELL","2013","June_13",12.2047341043997,19.3748633898591,15.7897987471294
"TRESWELL","2013","June_14",7.95281485246131,18.6765116746266,13.314663263544
"TRESWELL","2013","June_15",8.85233412556533,17.5433830901608,13.1978586078631
"TRESWELL","2013","June_16",10.0656504499793,18.9930263985124,14.5293384242459
"TRESWELL","2013","June_17",10.3094059730489,18.6932172025868,14.5013115878178
"TRESWELL","2013","June_18",8.37627463906249,21.7561577084738,15.0662161737681
"TRESWELL","2013","June_19",13.1465417019621,23.7653089696663,18.4559253358142
"TRESWELL","2013","June_20",10.6163356609706,20.9883222292976,15.8023289451341
"TRESWELL","2013","June_21",11.3041408432011,21.5151135047327,16.4096271739669
"TRESWELL","2013","June_22",9.98526649715624,18.9464406612135,14.4658535791848
"TRESWELL","2013","June_23",10.6978907663533,17.4925220358787,14.095206401116
"TRESWELL","2013","June_24",10.4328563673635,17.5501804715604,13.9915184194619
"TRESWELL","2013","June_25",6.10555099860856,20.4917497065297,13.2986503525691
"TRESWELL","2013","June_26",9.52101959117839,21.0273577807109,15.2741886859446
"TRESWELL","2013","June_27",9.18127539679652,18.7846421299019,13.9829587633492
"TRESWELL","2013","June_28",11.1807461802893,18.4965587608651,14.8386524705772
"TRESWELL","2013","June_29",9.76793968954566,20.0569129585006,14.9124263240231
"TRESWELL","2013","June_30",11.1900500832908,23.3103504783705,17.2502002808307
"TRESWELL","2014","April_01",6.4989145636315,15.4051485337328,10.9520315486821
"TRESWELL","2014","April_02",4.68174658001535,10.1224989289167,7.40212275446605
"TRESWELL","2014","April_03",5.63074243709585,10.2449171209471,7.93782977902148
"TRESWELL","2014","April_04",6.5365994919612,14.5379780795365,10.5372887857489
"TRESWELL","2014","April_05",5.32792729842517,15.422418219717,10.3751727590711
"TRESWELL","2014","April_06",9.59174431522775,17.2573747510624,13.4245595331451
"TRESWELL","2014","April_07",9.79731576565478,15.8355405703393,12.8164281679971
"TRESWELL","2014","April_08",4.28961608866386,12.7215123634602,8.50556422606203
"TRESWELL","2014","April_09",3.99200069366819,15.7898906075816,9.89094565062491
"TRESWELL","2014","April_10",4.88806155116665,14.2291770269072,9.5586192890369
"TRESWELL","2014","April_11",5.27572579196748,14.7251041849498,10.0004149884586
"TRESWELL","2014","April_12",3.64203347905978,13.7138437524052,8.67793861573248
"TRESWELL","2014","April_13",3.53076191217515,14.7455816333927,9.1381717727839
"TRESWELL","2014","April_14",5.05177551191476,15.0491506389787,10.0504630754467
"TRESWELL","2014","April_15",0.937172683081784,14.212695677765,7.57493418042338
"TRESWELL","2014","April_16",0.621022395609118,16.7662778080669,8.693650101838
"TRESWELL","2014","April_17",5.94301008737873,12.6112920029847,9.27715104518172
"TRESWELL","2014","April_18",1.34366694393981,12.4767209079411,6.91019392594044
"TRESWELL","2014","April_19",0.277359960002247,13.1509251545965,6.71414255729937
"TRESWELL","2014","April_20",3.15937209011953,13.3165277191496,8.23794990463454
"TRESWELL","2014","April_21",6.60917773655881,17.8572925508631,12.233235143711
"TRESWELL","2014","April_22",8.0880621220828,14.9419734980422,11.5150178100625
"TRESWELL","2014","April_23",6.92291779896729,17.758570925433,12.3407443622001
"TRESWELL","2014","April_24",7.18246709564243,16.6338943999176,11.90818074778
"TRESWELL","2014","April_25",6.48441364599586,10.747227268178,8.61582045708692
"TRESWELL","2014","April_26",6.68507876513829,16.1073824717516,11.396230618445
"TRESWELL","2014","April_27",5.89119570030199,15.4425211738534,10.6668584370777
"TRESWELL","2014","April_28",8.00444309115226,16.6686986411632,12.3365708661578
"TRESWELL","2014","April_29",7.49523620240251,17.0435154961792,12.2693758492908
"TRESWELL","2014","April_30",7.46714558044754,16.4020022884497,11.9345739344486
"TRESWELL","2014","May_01",6.93087746274481,11.5770605883279,9.25396902553633
"TRESWELL","2014","May_02",6.08078363077216,11.7044444393527,8.89261403506245
"TRESWELL","2014","May_03",0.32098068315046,13.8160509339254,7.06851580853792
"TRESWELL","2014","May_04",6.50942931746698,16.411249016064,11.4603391667655
"TRESWELL","2014","May_05",6.08066948693297,17.5382643339458,11.8094669104394
"TRESWELL","2014","May_06",9.47838729416086,17.4673260970611,13.472856695611
"TRESWELL","2014","May_07",8.23912793247872,15.4870232144406,11.8630755734597
"TRESWELL","2014","May_08",9.37828942823398,13.8243938771771,11.6013416527056
"TRESWELL","2014","May_09",8.33213196666622,15.4728337220277,11.902482844347
"TRESWELL","2014","May_10",7.84776527244695,16.1752719290412,12.0115186007441
"TRESWELL","2014","May_11",8.45553439632235,15.1264218731018,11.7909781347121
"TRESWELL","2014","May_12",7.98416209769686,14.4119563859552,11.198059241826
"TRESWELL","2014","May_13",5.53471194883423,15.105828085685,10.3202700172596
"TRESWELL","2014","May_14",5.52865972942767,17.6424086037711,11.5855341665994
"TRESWELL","2014","May_15",5.47958902254955,20.3310356429482,12.9053123327489
"TRESWELL","2014","May_16",8.87861830598749,22.3406965939977,15.6096574499926
"TRESWELL","2014","May_17",9.42493746264556,22.3315802152359,15.8782588389407
"TRESWELL","2014","May_18",8.86892236343823,22.8229509807026,15.8459366720704
"TRESWELL","2014","May_19",8.43768692870943,23.2576556174145,15.8476712730619
"TRESWELL","2014","May_20",9.49817007966957,21.1032479539182,15.3007090167939
"TRESWELL","2014","May_21",8.41087208435397,20.086550557835,14.2487113210945
"TRESWELL","2014","May_22",8.7026892325203,14.7905117951983,11.7466005138593
"TRESWELL","2014","May_23",9.04086783890912,17.8138231113286,13.4273454751188
"TRESWELL","2014","May_24",7.91846038977483,16.3338203480041,12.1261403688895
"TRESWELL","2014","May_25",7.19055031102881,17.6321597768368,12.4113550439328
"TRESWELL","2014","May_26",5.03623702384726,15.5467861975262,10.2915116106867
"TRESWELL","2014","May_27",9.74828712249563,13.7974669964215,11.7728770594586
"TRESWELL","2014","May_28",8.85105260827349,12.2574182362678,10.5542354222706
"TRESWELL","2014","May_29",9.6755895926711,13.4094458811594,11.5425177369152
"TRESWELL","2014","May_30",8.79555180737893,15.8631816041908,12.3293667057848
"TRESWELL","2014","May_31",8.89938959636591,17.4482212969311,13.1738054466485
"TRESWELL","2014","June_01",7.26332025447969,21.4457541304703,14.354537192475
"TRESWELL","2014","June_02",10.9704303280567,21.1449015319471,16.0576659300019
"TRESWELL","2014","June_03",12.4034126587092,18.2958978009748,15.349655229842
"TRESWELL","2014","June_04",9.6063051260627,16.0235603935147,12.8149327597887
"TRESWELL","2014","June_05",9.83602941236323,17.0534850436054,13.4447572279843
"TRESWELL","2014","June_06",5.13995594960239,21.0880285126637,13.113992231133
"TRESWELL","2014","June_07",9.67523440702638,20.2298526002082,14.9525435036173
"TRESWELL","2014","June_08",10.3000358525062,22.676108871619,16.4880723620626
"TRESWELL","2014","June_09",10.4359724611058,21.8045578483389,16.1202651547223
"TRESWELL","2014","June_10",13.3620479073169,22.1686429659727,17.7653454366448
"TRESWELL","2014","June_11",9.89401439039227,21.5706088165237,15.732311603458
"TRESWELL","2014","June_12",9.8247755789773,23.2220139876066,16.5233947832919
"TRESWELL","2014","June_13",10.7475314329726,22.8036558727059,16.7755936528392
"TRESWELL","2014","June_14",14.0406593581808,20.3058482697497,17.1732538139653
"TRESWELL","2014","June_15",11.5169489431376,17.3281218490328,14.4225353960852
"TRESWELL","2014","June_16",9.06144213932044,17.7453710783923,13.4034066088564
"TRESWELL","2014","June_17",8.71266509983791,19.2551279028294,13.9838965013337
"TRESWELL","2014","June_18",12.7415939239737,22.2767960563271,17.5091949901504
"TRESWELL","2014","June_19",11.9516568147018,19.3597105252131,15.6556836699574
"TRESWELL","2014","June_20",11.8228102721804,22.9344046962125,17.3786074841964
"TRESWELL","2014","June_21",8.54697281134274,22.1918931227236,15.3694329670332
"TRESWELL","2014","June_22",11.6547683388188,23.0498732801005,17.3523208094596
"TRESWELL","2014","June_23",11.2436991611606,24.6818252225708,17.9627621918657
"TRESWELL","2014","June_24",11.9835338233321,21.8817857096643,16.9326597664982
"TRESWELL","2014","June_25",8.80057445462736,19.3061101144607,14.053342284544
"TRESWELL","2014","June_26",8.7865534643898,19.3851762246278,14.0858648445088
"TRESWELL","2014","June_27",10.8306564068266,15.5674950909028,13.1990757488647
"TRESWELL","2014","June_28",9.37360646491853,15.7204353324801,12.5470208986993
"TRESWELL","2014","June_29",7.28585683721966,17.3486944362616,12.3172756367406
"TRESWELL","2014","June_30",7.82686308689489,20.6951306861173,14.2609968865061
"TRESWELL","2015","April_01",2.14948091953634,10.1167092510848,6.13309508531058
"TRESWELL","2015","April_02",2.22982142354757,11.539414017729,6.88461772063831
"TRESWELL","2015","April_03",4.3307207635724,10.6689261242986,7.49982344393553
"TRESWELL","2015","April_04",5.46586022188107,10.8298478702569,8.14785404606896
"TRESWELL","2015","April_05",4.92615958133014,14.1572399766648,9.54169977899746
"TRESWELL","2015","April_06",4.47838691815859,13.7064446093621,9.09241576376037
"TRESWELL","2015","April_07",2.59511892161539,17.5143643457262,10.0547416336708
"TRESWELL","2015","April_08",3.38121343364595,15.5154661872039,9.44833981042491
"TRESWELL","2015","April_09",3.09399548507663,17.9603867220408,10.5271911035587
"TRESWELL","2015","April_10",3.68920540985494,19.5918110819562,11.6405082459055
"TRESWELL","2015","April_11",5.35011087842281,12.5601190353569,8.95511495688988
"TRESWELL","2015","April_12",4.06151304450713,14.6128390124803,9.33717602849374
"TRESWELL","2015","April_13",-0.133049807432018,14.3419341883225,7.10444219044526
"TRESWELL","2015","April_14",6.87653136693982,19.4587706825865,13.1676510247632
"TRESWELL","2015","April_15",4.95376838152478,16.5025653682038,10.7281668748643
"TRESWELL","2015","April_16",4.11044472921076,13.7767556762714,8.94360020274108
"TRESWELL","2015","April_17",5.12688223735075,13.1513624217627,9.13912232955672
"TRESWELL","2015","April_18",0.964146845424479,13.1759278279141,7.07003733666927
"TRESWELL","2015","April_19",3.0143372914541,12.5725161663634,7.79342672890874
"TRESWELL","2015","April_20",-0.0790319974290563,15.9733305179796,7.94714926027527
"TRESWELL","2015","April_21",1.96347462313309,17.4846543982759,9.72406451070452
"TRESWELL","2015","April_22",2.78094471495448,16.4982378591461,9.63959128705027
"TRESWELL","2015","April_23",2.22222791301351,17.299388655685,9.76080828434925
"TRESWELL","2015","April_24",5.27845701679606,19.0329607468582,12.1557088818271
"TRESWELL","2015","April_25",9.1782803762874,16.9668953271314,13.0725878517094
"TRESWELL","2015","April_26",2.45036742471976,13.3473700224055,7.89886872356261
"TRESWELL","2015","April_27",-0.963577508534223,12.6071372379942,5.82177986472997
"TRESWELL","2015","April_28",1.07709478039975,12.5555175508749,6.81630616563734
"TRESWELL","2015","April_29",2.86493982651122,13.5511944868692,8.20806715669023
"TRESWELL","2015","April_30",3.31014859365393,12.9052573069783,8.10770295031611
"TRESWELL","2015","May_01",-0.0781162378906196,11.1728609880633,5.54737237508635
"TRESWELL","2015","May_02",1.30267241068759,11.123432577861,6.21305249427431
"TRESWELL","2015","May_03",6.56317122327057,19.6780519433333,13.1206115833019
"TRESWELL","2015","May_04",8.84886578254642,16.8206567936,12.8347612880732
"TRESWELL","2015","May_05",9.38988730203017,16.3632836697332,12.8765854858817
"TRESWELL","2015","May_06",6.55495858640595,12.4152478133438,9.48510319987487
"TRESWELL","2015","May_07",4.93058844684017,13.6907902262336,9.31068933653686
"TRESWELL","2015","May_08",3.7947111936688,15.5271025732876,9.66090688347821
"TRESWELL","2015","May_09",8.89938575844538,13.6205270793448,11.2599564188951
"TRESWELL","2015","May_10",5.39804096481399,18.247449469509,11.8227452171615
"TRESWELL","2015","May_11",10.5769155952587,20.3950103500176,15.4859629726382
"TRESWELL","2015","May_12",9.73346882202436,16.3636639884961,13.0485664052602
"TRESWELL","2015","May_13",4.7147875222639,16.2505285699408,10.4826580461023
"TRESWELL","2015","May_14",3.95192091333869,10.730257711141,7.34108931223984
"TRESWELL","2015","May_15",5.24187014058255,15.9492751369708,10.5955726387767
"TRESWELL","2015","May_16",7.64290369790963,15.3129922783996,11.4779479881546
"TRESWELL","2015","May_17",5.42252155295635,14.4935493250473,9.9580354390018
"TRESWELL","2015","May_18",6.83393675311364,13.2554737483228,10.0447052507182
"TRESWELL","2015","May_19",4.73287503056507,12.8882320184817,8.8105535245234
"TRESWELL","2015","May_20",3.41651936505931,15.950634706825,9.68357703594214
"TRESWELL","2015","May_21",4.46192017905388,17.7361079334406,11.0990140562472
"TRESWELL","2015","May_22",9.92167509098472,20.2756102048071,15.0986426478959
"TRESWELL","2015","May_23",8.60447884769513,16.7876615320581,12.6960701898766
"TRESWELL","2015","May_24",7.99147079342752,16.9495593790193,12.4705150862234
"TRESWELL","2015","May_25",7.74266171375551,14.7316403951584,11.237151054457
"TRESWELL","2015","May_26",7.52756925111374,17.6910429437533,12.6093060974335
"TRESWELL","2015","May_27",4.78011774729009,16.5483653095557,10.6642415284229
"TRESWELL","2015","May_28",7.26700901077673,16.0256964504088,11.6463527305928
"TRESWELL","2015","May_29",6.89379765391697,13.3598853174229,10.1268414856699
"TRESWELL","2015","May_30",4.05360707472365,16.2034595537505,10.1285333142371
"TRESWELL","2015","May_31",8.79926104745103,14.4654708199052,11.6323659336781
"TRESWELL","2015","June_01",3.54263660793009,15.1941141463772,9.36837537715364
"TRESWELL","2015","June_02",8.2500109370586,20.2312767393904,14.2406438382245
"TRESWELL","2015","June_03",7.37508859145994,18.3790758249086,12.8770822081843
"TRESWELL","2015","June_04",6.35747732791847,22.1661523347299,14.2618148313242
"TRESWELL","2015","June_05",9.35563762948133,24.2420222285901,16.7988299290357
"TRESWELL","2015","June_06",5.96060451297571,18.3580481465721,12.1593263297739
"TRESWELL","2015","June_07",5.7819283958031,18.9443616005792,12.3631449981911
"TRESWELL","2015","June_08",5.40362177433273,17.0506865647122,11.2271541695225
"TRESWELL","2015","June_09",3.20087787228998,15.7601045306266,9.48049120145829
"TRESWELL","2015","June_10",3.89929332676153,17.5954369819762,10.7473651543689
"TRESWELL","2015","June_11",4.86927453570992,21.0629042187488,12.9660893772294
"TRESWELL","2015","June_12",6.53572513990508,20.8645700827069,13.700147611306
"TRESWELL","2015","June_13",11.0144408526859,15.1272296723736,13.0708352625297
"TRESWELL","2015","June_14",10.4117639566027,14.2730439162415,12.3424039364221
"TRESWELL","2015","June_15",6.23003051082912,18.3381992242087,12.2841148675189
"TRESWELL","2015","June_16",9.32687552239945,22.6770953965878,16.0019854594936
"TRESWELL","2015","June_17",10.8583379442251,22.6344875764191,16.7464127603221
"TRESWELL","2015","June_18",7.93261348295267,17.6107226744084,12.7716680786805
"TRESWELL","2015","June_19",8.31850135681936,17.4906462516236,12.9045738042215
"TRESWELL","2015","June_20",10.2667507948822,20.9467479441122,15.6067493694972
"TRESWELL","2015","June_21",10.9910915371456,18.2654884314817,14.6282899843136
"TRESWELL","2015","June_22",8.69163769859722,16.8335019337293,12.7625698161633
"TRESWELL","2015","June_23",9.2380502384458,17.8554538181733,13.5467520283095
"TRESWELL","2015","June_24",7.98479217137411,23.0948124823312,15.5398023268526
"TRESWELL","2015","June_25",10.0455213711337,23.6067058149784,16.8261135930561
"TRESWELL","2015","June_26",13.283031734323,21.7845178378156,17.5337747860693
"TRESWELL","2015","June_27",10.1499035363106,23.4111191019179,16.7805113191143
"TRESWELL","2015","June_28",12.5871691055928,22.9132884226856,17.7502287641392
"TRESWELL","2015","June_29",10.576453996466,23.6442547465462,17.1103543715061
"TRESWELL","2015","June_30",12.2085966269345,28.7918143761313,20.5002055015329
"TRESWELL","2016","April_01",0.482464943334401,11.6917867880154,6.0871258656749
"TRESWELL","2016","April_02",5.63934587239252,14.4027893404416,10.0210676064171
"TRESWELL","2016","April_03",4.32333104641312,14.6807986484031,9.50206484740812
"TRESWELL","2016","April_04",6.50755105191273,13.9180777120346,10.2128143819736
"TRESWELL","2016","April_05",4.82893563940698,12.4790926203972,8.65401412990208
"TRESWELL","2016","April_06",2.86777538310894,11.6777126560816,7.27274401959529
"TRESWELL","2016","April_07",1.79872828779712,12.1574727305839,6.9781005091905
"TRESWELL","2016","April_08",2.80911603859946,13.0757861106379,7.94245107461868
"TRESWELL","2016","April_09",4.83651688013579,11.8860353773776,8.36127612875668
"TRESWELL","2016","April_10",-0.631036818756939,12.2028550726733,5.78590912695817
"TRESWELL","2016","April_11",4.92933414743318,14.5056326091291,9.71748337828114
"TRESWELL","2016","April_12",7.02560511791042,11.4448901325374,9.23524762522392
"TRESWELL","2016","April_13",2.54348009647513,15.9848144193185,9.26414725789681
"TRESWELL","2016","April_14",4.44434674374947,12.1616863711622,8.30301655745582
"TRESWELL","2016","April_15",4.47410108521662,9.27362931841453,6.87386520181557
"TRESWELL","2016","April_16",-0.0904647518005398,8.91161517796797,4.41057521308371
"TRESWELL","2016","April_17",-0.689133324952333,12.3542085734627,5.83253762425517
"TRESWELL","2016","April_18",3.11088666067306,12.883700563436,7.99729361205455
"TRESWELL","2016","April_19",1.60562292103146,14.3269841185809,7.96630351980619
"TRESWELL","2016","April_20",0.433927694378656,14.9759467040787,7.70493719922868
"TRESWELL","2016","April_21",1.35218982560575,15.4408283739791,8.39650909979243
"TRESWELL","2016","April_22",3.71927683091519,12.1311102044604,7.9251935176878
"TRESWELL","2016","April_23",0.0930232153196712,11.4340829738253,5.7635530945725
"TRESWELL","2016","April_24",0.674753387925222,10.0218345406384,5.34829396428182
"TRESWELL","2016","April_25",3.86202680132382,11.5619872809516,7.7120070411377
"TRESWELL","2016","April_26",0.743575721695426,9.53224553205688,5.13791062687615
"TRESWELL","2016","April_27",-0.130127428445072,9.87825953461661,4.87406605308577
"TRESWELL","2016","April_28",-2.61570376343649,9.67539111424845,3.52984367540598
"TRESWELL","2016","April_29",-0.180348481097479,9.76171348290423,4.79068250090338
"TRESWELL","2016","April_30",-0.249884668063501,11.890778265622,5.82044679877925
"TRESWELL","2016","May_01",0.73289826709296,14.8143908157633,7.77364454142811
"TRESWELL","2016","May_02",8.89814382229735,15.9017212053763,12.3999325138368
"TRESWELL","2016","May_03",2.8747449855957,14.4131871130814,8.64396604933855
"TRESWELL","2016","May_04",2.57848607806145,17.6348966870668,10.1066913825641
"TRESWELL","2016","May_05",4.30504663998245,20.0698708017144,12.1874587208484
"TRESWELL","2016","May_06",5.31719486512632,19.6044213042884,12.4608080847074
"TRESWELL","2016","May_07",6.76417446948739,19.0336363055326,12.89890538751
"TRESWELL","2016","May_08",7.31749016070131,24.1374258144984,15.7274579875999
"TRESWELL","2016","May_09",8.33729280240337,22.9489674605727,15.6431301314881
"TRESWELL","2016","May_10",10.0679232073321,14.8444288062656,12.4561760067988
"TRESWELL","2016","May_11",9.85735778365457,17.1462193916821,13.5017885876684
"TRESWELL","2016","May_12",8.61144409943883,18.672563403794,13.6420037516164
"TRESWELL","2016","May_13",8.48226842513726,13.0567587180163,10.7695135715768
"TRESWELL","2016","May_14",3.64787215572018,12.8229746444139,8.23542340006705
"TRESWELL","2016","May_15",1.84461781366572,14.4598922377275,8.15225502569659
"TRESWELL","2016","May_16",4.08435087919173,16.1183198614202,10.1013353703059
"TRESWELL","2016","May_17",3.73759763199549,18.7736951469594,11.2556463894774
"TRESWELL","2016","May_18",10.4706251262571,14.650283395262,12.5604542607596
"TRESWELL","2016","May_19",7.42333710738459,17.6368893172356,12.5301132123101
"TRESWELL","2016","May_20",10.2833478265244,18.3306886600916,14.307018243308
"TRESWELL","2016","May_21",11.1009539525867,18.1157874938327,14.6083707232097
"TRESWELL","2016","May_22",8.40141795951716,18.4710543902063,13.4362361748617
"TRESWELL","2016","May_23",6.94637635673631,17.6246480967662,12.2855122267513
"TRESWELL","2016","May_24",4.97976846129336,16.41364254354,10.6967055024167
"TRESWELL","2016","May_25",7.30363475303857,11.6179750881645,9.46080492060151
"TRESWELL","2016","May_26",8.21927319732702,14.8947118401177,11.5569925187224
"TRESWELL","2016","May_27",6.53014773136845,16.3932472097204,11.4616974705444
"TRESWELL","2016","May_28",6.66972412527268,16.8412067201752,11.7554654227239
"TRESWELL","2016","May_29",6.7656996203374,17.7086979740944,12.2371987972159
"TRESWELL","2016","May_30",8.79225057702514,17.3088469925918,13.0505487848085
"TRESWELL","2016","May_31",9.07383024870983,11.9095994774722,10.491714863091
"TRESWELL","2016","June_01",9.50102193884449,12.5798679683801,11.0404449536123
"TRESWELL","2016","June_02",7.75505435114102,12.7335163783262,10.2442853647336
"TRESWELL","2016","June_03",6.99332775779831,16.128315798092,11.5608217779452
"TRESWELL","2016","June_04",9.09927933494563,21.442757406095,15.2710183705203
"TRESWELL","2016","June_05",8.70649838197103,20.1822756414104,14.4443870116907
"TRESWELL","2016","June_06",6.08273675500203,23.3860511228036,14.7343939389028
"TRESWELL","2016","June_07",8.31855658055525,24.981790842506,16.6501737115306
"TRESWELL","2016","June_08",12.6313885508412,20.7133699847322,16.6723792677867
"TRESWELL","2016","June_09",8.60865823980337,21.9642247345555,15.2864414871794
"TRESWELL","2016","June_10",11.505105916108,21.3823193236204,16.4437126198642
"TRESWELL","2016","June_11",12.005559818281,18.952214960495,15.478887389388
"TRESWELL","2016","June_12",12.3205004332692,18.8537421283485,15.5871212808088
"TRESWELL","2016","June_13",11.8462751597406,17.9362103621269,14.8912427609338
"TRESWELL","2016","June_14",11.4155450186569,17.3034620275006,14.3595035230788
"TRESWELL","2016","June_15",11.4261354195943,17.8577960651831,14.6419657423887
"TRESWELL","2016","June_16",10.7919472980426,18.8310202374571,14.8114837677498
"TRESWELL","2016","June_17",10.6982089100172,17.2267256953109,13.962467302664
"TRESWELL","2016","June_18",9.81189476665551,17.601902706473,13.7068987365643
"TRESWELL","2016","June_19",8.53575663896817,18.8972687787665,13.7165127088674
"TRESWELL","2016","June_20",14.7318550341097,20.6919026155544,17.7118788248321
"TRESWELL","2016","June_21",10.0194658432449,22.3221729405167,16.1708193918808
"TRESWELL","2016","June_22",11.5652193082708,22.1361740945145,16.8506967013926
"TRESWELL","2016","June_23",13.3950376993153,22.0643309735403,17.7296843364278
"TRESWELL","2016","June_24",9.87446238675998,21.7398807537498,15.8071715702549
"TRESWELL","2016","June_25",9.52204877132951,19.7463418405367,14.6341953059331
"TRESWELL","2016","June_26",10.7285257447986,20.6169594973742,15.6727426210864
"TRESWELL","2016","June_27",12.038389198056,19.1373957656092,15.5878924818326
"TRESWELL","2016","June_28",8.66354059884147,18.5402941875585,13.6019173932
"TRESWELL","2016","June_29",8.30883266558518,18.5937052135175,13.4512689395514
"TRESWELL","2016","June_30",9.02318130871441,19.8928666242303,14.4580239664724
"TRESWELL","2018","April_01",1.66559549589386,6.11078134560151,3.88818842074768
"TRESWELL","2018","April_02",0.590658014997992,11.6574735925216,6.12406580375979
"TRESWELL","2018","April_03",2.6613596856894,15.37565582049,9.01850775308971
"TRESWELL","2018","April_04",4.37035885810697,12.8520404824228,8.61119967026487
"TRESWELL","2018","April_05",0.598422515464269,12.1057566700767,6.35208959277046
"TRESWELL","2018","April_06",2.59171257138293,13.3481802449205,7.9699464081517
"TRESWELL","2018","April_07",4.84426611930424,14.9107094337663,9.87748777653525
"TRESWELL","2018","April_08",6.0909390963327,11.1925467510353,8.641742923684
"TRESWELL","2018","April_09",4.99933480483845,11.9857861621716,8.49256048350504
"TRESWELL","2018","April_10",5.10400280379776,8.97154388552027,7.03777334465901
"TRESWELL","2018","April_11",4.61238979908339,7.14329155786611,5.87784067847475
"TRESWELL","2018","April_12",4.36117656266149,7.06526785078879,5.71322220672514
"TRESWELL","2018","April_13",4.52351002794237,10.7639443764829,7.64372720221263
"TRESWELL","2018","April_14",5.80635796141841,15.9673849717168,10.8868714665676
"TRESWELL","2018","April_15",4.89332252178797,14.822398723604,9.85786062269597
"TRESWELL","2018","April_16",7.36024679901039,15.5254796378134,11.4428632184119
"TRESWELL","2018","April_17",8.59601289982946,16.9535935779105,12.77480323887
"TRESWELL","2018","April_18",11.1617761960078,22.6161488554478,16.8889625257278
"TRESWELL","2018","April_19",9.47273008542209,26.1177630340558,17.7952465597389
"TRESWELL","2018","April_20",9.28835623245701,20.3703470663303,14.8293516493937
"TRESWELL","2018","April_21",5.98826132843395,21.2118115266976,13.6000364275658
"TRESWELL","2018","April_22",11.7059533749204,20.2040052372078,15.9549793060641
"TRESWELL","2018","April_23",7.6892560024089,15.3596458446167,11.5244509235128
"TRESWELL","2018","April_24",8.08948424667039,13.3738159705163,10.7316501085934
"TRESWELL","2018","April_25",5.18524007895103,13.8562205667062,9.52073032282861
"TRESWELL","2018","April_26",5.07921503845674,13.8985534476852,9.48888424307099
"TRESWELL","2018","April_27",3.46333881450183,8.73723311359229,6.10028596404706
"TRESWELL","2018","April_28",4.39870629664732,8.74157623864787,6.5701412676476
"TRESWELL","2018","April_29",4.08751971709566,10.0333874184238,7.06045356775973
"TRESWELL","2018","April_30",2.59447775630608,11.3589457937988,6.97671177505244
"TRESWELL","2018","May_01",-0.240097299639363,14.8990132625823,7.32945798147148
"TRESWELL","2018","May_02",7.41625526253365,13.1630292810195,10.2896422717766
"TRESWELL","2018","May_03",3.21391043781686,15.6949429762033,9.45442670701008
"TRESWELL","2018","May_04",6.14489268522732,18.1209349306413,12.1329138079343
"TRESWELL","2018","May_05",7.32342916028455,22.0068876886966,14.6651584244906
"TRESWELL","2018","May_06",7.87475355628171,22.6988722758393,15.2868129160605
"TRESWELL","2018","May_07",9.81661024601407,25.0684996076539,17.442554926834
"TRESWELL","2018","May_08",10.0780218205387,24.06141571522,17.0697187678794
"TRESWELL","2018","May_09",6.31128453555313,18.2994469487687,12.3053657421609
"TRESWELL","2018","May_10",7.53805725862302,16.0812034055232,11.8096303320731
"TRESWELL","2018","May_11",4.34759710922027,16.7920847945897,10.569840951905
"TRESWELL","2018","May_12",8.49632254685364,16.4218676716903,12.459095109272
"TRESWELL","2018","May_13",8.56773601891184,18.3047788267864,13.4362574228491
"TRESWELL","2018","May_14",4.75374569385337,19.8025295410626,12.278137617458
"TRESWELL","2018","May_15",6.9590057752251,22.0111534017844,14.4850795885047
"TRESWELL","2018","May_16",10.1383871333483,12.2868015329872,11.2125943331678
"TRESWELL","2018","May_17",2.20012907899932,14.5879951903957,8.39406213469753
"TRESWELL","2018","May_18",2.64103259578598,17.3537392684871,9.99738593213654
"TRESWELL","2018","May_19",4.36330454616194,20.2901945236942,12.3267495349281
"TRESWELL","2018","May_20",6.69564997124462,21.768725819165,14.2321878952048
"TRESWELL","2018","May_21",6.4608898991333,22.5341644906378,14.4975271948855
"TRESWELL","2018","May_22",7.87884528725156,19.2508008584964,13.564823072874
"TRESWELL","2018","May_23",8.7635476128107,16.7573970352267,12.7604723240187
"TRESWELL","2018","May_24",7.46974119469434,19.4107923462143,13.4402667704543
"TRESWELL","2018","May_25",9.09575114650741,14.9395923174746,12.017671731991
"TRESWELL","2018","May_26",9.81398080993201,20.622357767779,15.2181692888555
"TRESWELL","2018","May_27",9.49289321486476,24.0794986213451,16.7861959181049
"TRESWELL","2018","May_28",11.1746336525641,22.6522426164413,16.9134381345027
"TRESWELL","2018","May_29",11.112658470106,18.9182132620519,15.015435866079
"TRESWELL","2018","May_30",11.9380011881253,16.9074135928178,14.4227073904715
"TRESWELL","2018","May_31",12.5326864705573,21.0428892541856,16.7877878623714
"TRESWELL","2018","June_01",11.8275957244771,23.081321626608,17.4544586755425
"TRESWELL","2018","June_02",13.690865676,21.8412410850124,17.7660533805062
"TRESWELL","2018","June_03",13.7556634048534,23.8650141245799,18.8103387647167
"TRESWELL","2018","June_04",12.5902060033242,16.0539189656606,14.3220624844924
"TRESWELL","2018","June_05",10.1074070174478,19.0275627781102,14.567484897779
"TRESWELL","2018","June_06",6.49809229261631,16.7230353915449,11.6105638420806
"TRESWELL","2018","June_07",7.0540523844973,20.1495080411034,13.6017802128003
"TRESWELL","2018","June_08",10.183217361575,17.0002934279529,13.5917553947639
"TRESWELL","2018","June_09",9.93232318697724,19.0652889113257,14.4988060491514
"TRESWELL","2018","June_10",8.49218948155236,21.3662369527632,14.9292132171578
"TRESWELL","2018","June_11",8.2039126441533,24.2080656540947,16.205989149124
"TRESWELL","2018","June_12",10.4633224196963,19.2144993638461,14.8389108917712
"TRESWELL","2018","June_13",8.99265997426366,21.9981558064899,15.4954078903768
"TRESWELL","2018","June_14",13.1190827631942,20.5081523873284,16.8136175752613
"TRESWELL","2018","June_15",8.31670749176619,19.4955919869391,13.9061497393526
"TRESWELL","2018","June_16",10.235505664831,20.4978575264126,15.3666815956218
"TRESWELL","2018","June_17",10.3162566395799,19.81051682271,15.0633867311449
"TRESWELL","2018","June_18",13.5765476019672,22.597412962056,18.0869802820116
"TRESWELL","2018","June_19",12.8978259686788,23.5680313484014,18.2329286585401
"TRESWELL","2018","June_20",15.8634334838945,23.6437440385235,19.753588761209
"TRESWELL","2018","June_21",8.31851905952592,19.6381415439345,13.9783303017302
"TRESWELL","2018","June_22",7.44762493466008,21.9386987795385,14.6931618570993
"TRESWELL","2018","June_23",8.372191967922,21.2894769064216,14.8308344371718
"TRESWELL","2018","June_24",7.66544007182371,25.1676762093558,16.4165581405898
"TRESWELL","2018","June_25",10.8072542765063,27.9256869384911,19.3664706074987
"TRESWELL","2018","June_26",9.63039381352209,27.1160949372614,18.3732443753917
"TRESWELL","2018","June_27",8.95289885930721,24.3776144531263,16.6652566562168
"TRESWELL","2018","June_28",10.7080292217164,25.4971743619028,18.1026017918096
"TRESWELL","2018","June_29",9.74869901236993,25.9133465624342,17.8310227874021
"TRESWELL","2018","June_30",10.7247900683143,24.6019028410176,17.6633464546659
"TRESWELL","2019","April_01",0.330930675221984,12.055662864099,6.19329676966049
"TRESWELL","2019","April_02",1.87703058971615,9.44048390126979,5.65875724549297
"TRESWELL","2019","April_03",-0.295089663165658,9.93667199462203,4.82079116572819
"TRESWELL","2019","April_04",-0.402455246305658,10.9112462620605,5.2543955078774
"TRESWELL","2019","April_05",3.05938089371957,14.087582135855,8.57348151478727
"TRESWELL","2019","April_06",1.9435261535438,11.9127951618469,6.92816065769536
"TRESWELL","2019","April_07",5.42900112916934,12.457801596302,8.94340136273567
"TRESWELL","2019","April_08",6.27044284484436,13.9604499646981,10.1154464047712
"TRESWELL","2019","April_09",5.27549145711207,11.5794330356805,8.4274622463963
"TRESWELL","2019","April_10",-0.619604110543408,10.6739907920657,5.02719334076113
"TRESWELL","2019","April_11",0.796586637572755,10.7697834801981,5.78318505888544
"TRESWELL","2019","April_12",-0.700258714683739,9.98700095200132,4.64337111865879
"TRESWELL","2019","April_13",-1.14296555672444,9.79940306163397,4.32821875245477
"TRESWELL","2019","April_14",-1.04260581313934,9.53645885634859,4.24692652160462
"TRESWELL","2019","April_15",0.268395254985041,12.7805649167513,6.52448008586819
"TRESWELL","2019","April_16",3.99415119841789,13.5366674206993,8.76540930955861
"TRESWELL","2019","April_17",5.28292553283769,17.5113889748557,11.3971572538467
"TRESWELL","2019","April_18",5.01420918544331,18.5136823349536,11.7639457601985
"TRESWELL","2019","April_19",4.14082283728434,21.4527932959741,12.7968080666292
"TRESWELL","2019","April_20",3.38458833150668,22.1837953022056,12.7841918168561
"TRESWELL","2019","April_21",5.29663695397643,22.1902947293001,13.7434658416383
"TRESWELL","2019","April_22",4.05098568229181,22.2378061800598,13.1443959311758
"TRESWELL","2019","April_23",6.78253672345596,17.6263154885227,12.2044261059893
"TRESWELL","2019","April_24",4.90377586027337,20.1081151698553,12.5059455150643
"TRESWELL","2019","April_25",5.95755820625039,15.4080161490894,10.6827871776699
"TRESWELL","2019","April_26",3.21676797702201,15.7169624817464,9.46686522938419
"TRESWELL","2019","April_27",5.78092225431971,11.1413901236193,8.46115618896952
"TRESWELL","2019","April_28",4.2273921892942,13.0695633800046,8.6484777846494
"TRESWELL","2019","April_29",3.61841862005447,13.7151412508525,8.6667799354535
"TRESWELL","2019","April_30",2.71456176690873,16.5376110081982,9.62608638755347
"TRESWELL","2019","May_01",4.51168705723302,17.3827874916451,10.9472372744391
"TRESWELL","2019","May_02",6.6523649358501,15.4368690587053,11.0446169972777
"TRESWELL","2019","May_03",5.39533533652549,8.85102048316224,7.12317790984387
"TRESWELL","2019","May_04",0.946513448843723,11.1063653902729,6.02643941955832
"TRESWELL","2019","May_05",1.74561647809697,11.5394384838301,6.64252748096354
"TRESWELL","2019","May_06",2.56972618251692,12.0402189849541,7.30497258373549
"TRESWELL","2019","May_07",3.01248535871463,13.1595675615992,8.08602646015692
"TRESWELL","2019","May_08",6.43637595461335,9.94043119291392,8.18840357376364
"TRESWELL","2019","May_09",6.35213662193506,9.28642989223331,7.81928325708418
"TRESWELL","2019","May_10",3.9088245723465,11.5443035068865,7.72656403961648
"TRESWELL","2019","May_11",4.32525255048427,14.0843647583306,9.20480865440745
"TRESWELL","2019","May_12",1.83013494124593,16.0130872297441,8.92161108549503
"TRESWELL","2019","May_13",4.28400852275301,18.4651561808223,11.3745823517876
"TRESWELL","2019","May_14",5.50970419882788,19.1184123551237,12.3140582769758
"TRESWELL","2019","May_15",4.90856622165191,18.4865938335758,11.6975800276139
"TRESWELL","2019","May_16",4.27299446177484,16.8405905991,10.5567925304374
"TRESWELL","2019","May_17",7.75448573002655,17.5139855382515,12.634235634139
"TRESWELL","2019","May_18",8.69369894554398,15.5528952476288,12.1232970965864
"TRESWELL","2019","May_19",7.51553322525497,17.7884569260623,12.6519950756586
"TRESWELL","2019","May_20",7.42278358951591,19.3041510738202,13.3634673316681
"TRESWELL","2019","May_21",5.83921041679157,19.9284870237577,12.8838487202746
"TRESWELL","2019","May_22",5.78431873613375,19.5281370685119,12.6562279023228
"TRESWELL","2019","May_23",6.93166175785905,21.1836472143535,14.0576544861063
"TRESWELL","2019","May_24",7.67172482299153,20.9317349957532,14.3017299093724
"TRESWELL","2019","May_25",8.85706802518381,20.5091866986609,14.6831273619224
"TRESWELL","2019","May_26",12.4981723483217,19.144112641176,15.8211424947488
"TRESWELL","2019","May_27",8.44836667691632,17.0010551699224,12.7247109234194
"TRESWELL","2019","May_28",7.46000849119325,15.5291529811461,11.4945807361697
"TRESWELL","2019","May_29",4.62758904545158,18.6426667078393,11.6351278766454
"TRESWELL","2019","May_30",10.5436329351576,22.4119936071561,16.4778132711569
"TRESWELL","2019","May_31",11.066900037161,21.1544132854492,16.1106566613051
"TRESWELL","2019","June_01",11.3720983092088,23.8802881570916,17.6261932331502
"TRESWELL","2019","June_02",14.0064201599083,22.5559185487883,18.2811693543483
"TRESWELL","2019","June_03",9.11595563583511,20.1657243415874,14.6408399887113
"TRESWELL","2019","June_04",8.10808334041938,19.4218378873413,13.7649606138803
"TRESWELL","2019","June_05",8.31903231188298,17.5361091690958,12.9275707404894
"TRESWELL","2019","June_06",8.35583590392581,19.8418756260035,14.0988557649647
"TRESWELL","2019","June_07",6.14888460381918,18.0703992567655,12.1096419302924
"TRESWELL","2019","June_08",8.53938309467789,15.3340647762659,11.9367239354719
"TRESWELL","2019","June_09",6.44985846291284,18.9467368073399,12.6982976351264
"TRESWELL","2019","June_10",7.56712599107143,14.6694233725593,11.1182746818154
"TRESWELL","2019","June_11",9.13910059452753,12.8136157396524,10.9763581670899
"TRESWELL","2019","June_12",8.41307695870801,15.3588979998273,11.8859874792676
"TRESWELL","2019","June_13",9.45607362800516,14.723046858946,12.0895602434756
"TRESWELL","2019","June_14",7.68502327939117,18.0445715806116,12.8647974300014
"TRESWELL","2019","June_15",8.13732884055019,18.7254493829634,13.4313891117568
"TRESWELL","2019","June_16",6.60476285628381,20.2064494702295,13.4056061632567
"TRESWELL","2019","June_17",11.9665791540725,21.5098018269687,16.7381904905206
"TRESWELL","2019","June_18",10.2699383903895,20.0682210615766,15.1690797259831
"TRESWELL","2019","June_19",12.0290734334665,19.6109896394966,15.8200315364816
"TRESWELL","2019","June_20",7.75160292594783,18.5554315682879,13.1535172471179
"TRESWELL","2019","June_21",6.49066619683712,20.2335667605635,13.3621164787003
"TRESWELL","2019","June_22",8.28820684821123,22.7497064087659,15.5189566284886
"TRESWELL","2019","June_23",9.36049551674946,21.0107532863053,15.1856244015274
"TRESWELL","2019","June_24",13.4837100341169,21.5133518895778,17.4985309618474
"TRESWELL","2019","June_25",13.8215947057547,15.563584682908,14.6925896943314
"TRESWELL","2019","June_26",11.5712718412862,15.6421376229525,13.6067047321193
"TRESWELL","2019","June_27",8.87179000152901,20.7635395665911,14.8176647840601
"TRESWELL","2019","June_28",10.296020113609,21.2271770061901,15.7615985598995
"TRESWELL","2019","June_29",9.78058551545798,29.5498229089876,19.6652042122228
"TRESWELL","2019","June_30",12.5647614564934,23.3901384215737,17.9774499390335
"TRESWELL","2021","April_01",4.99656254516356,9.20100698156504,7.0987847633643
"TRESWELL","2021","April_02",2.71981209890405,10.9632514438152,6.84153177135964
"TRESWELL","2021","April_03",2.40270406565707,10.4312921540394,6.41699810984826
"TRESWELL","2021","April_04",-1.49238189125784,16.5436676448608,7.52564287680146
"TRESWELL","2021","April_05",-0.0535736167753673,7.4379983814058,3.69221238231522
"TRESWELL","2021","April_06",-1.77220164256982,7.14151119294704,2.68465477518861
"TRESWELL","2021","April_07",-2.82317383882414,8.68380356083425,2.93031486100505
"TRESWELL","2021","April_08",2.20490028603468,13.5194106693361,7.8621554776854
"TRESWELL","2021","April_09",3.83813944251404,10.1836742983144,7.01090687041422
"TRESWELL","2021","April_10",-1.14270691574184,8.6715224446936,3.76440776447588
"TRESWELL","2021","April_11",-2.14513552615839,8.57355985124086,3.21421216254123
"TRESWELL","2021","April_12",-3.45764913475829,10.5388138257437,3.54058234549273
"TRESWELL","2021","April_13",-2.35246268256753,12.4767570485929,5.06214718301269
"TRESWELL","2021","April_14",-0.742253569978554,11.19387957911,5.2258130045657
"TRESWELL","2021","April_15",-1.93808905103533,11.1273844603064,4.59464770463556
"TRESWELL","2021","April_16",-0.484405145816932,11.5463723717172,5.53098361295014
"TRESWELL","2021","April_17",-1.10586896171691,13.6870058688518,6.29056845356742
"TRESWELL","2021","April_18",-0.32697600120717,15.3195448417946,7.49628442029373
"TRESWELL","2021","April_19",-0.707838407218123,16.1277597009567,7.70996064686929
"TRESWELL","2021","April_20",1.42604055231657,17.9719497578698,9.6989951550932
"TRESWELL","2021","April_21",5.84573907384688,11.7246437514247,8.78519141263578
"TRESWELL","2021","April_22",-1.62943106620798,14.897292269606,6.63393060169899
"TRESWELL","2021","April_23",-0.0210852018324109,17.3888842028418,8.68389950050467
"TRESWELL","2021","April_24",2.87339930253199,16.4770393693818,9.67521933595692
"TRESWELL","2021","April_25",0.997896162520208,13.1079118357208,7.05290399912052
"TRESWELL","2021","April_26",0.436494713990048,13.5930357995941,7.01476525679209
"TRESWELL","2021","April_27",3.99546067948874,11.3589557896487,7.6772082345687
"TRESWELL","2021","April_28",4.53844388132055,12.1735771064058,8.35601049386316
"TRESWELL","2021","April_29",0.0730563870920807,10.904229147351,5.48864276722152
"TRESWELL","2021","April_30",-1.0756271573442,10.6938448818069,4.80910886223133
"TRESWELL","2021","May_01",1.00866043740464,10.9406798815491,5.97467015947688
"TRESWELL","2021","May_02",-0.227767798324312,13.3006196815925,6.53642594163411
"TRESWELL","2021","May_03",4.05017236897264,10.2697087926707,7.15994058082167
"TRESWELL","2021","May_04",5.22900249555136,11.0273582425006,8.128180369026
"TRESWELL","2021","May_05",1.52480508810841,12.1285577838893,6.82668143599884
"TRESWELL","2021","May_06",-0.154506379447848,11.8752845415527,5.86038908105241
"TRESWELL","2021","May_07",0.70828368923703,13.6094973788446,7.15889053404081
"TRESWELL","2021","May_08",2.90491268280177,15.3824408938681,9.14367678833496
"TRESWELL","2021","May_09",5.69230313609534,19.6030375664596,12.6476703512774
"TRESWELL","2021","May_10",8.55812082267232,16.3654479354018,12.461784379037
"TRESWELL","2021","May_11",5.10943681539667,15.3080748023264,10.2087558088615
"TRESWELL","2021","May_12",5.66222391901316,16.2663410322227,10.9642824756179
"TRESWELL","2021","May_13",6.59275039635307,16.8337994945086,11.7132749454308
"TRESWELL","2021","May_14",6.41639690880852,11.8475397264085,9.13196831760851
"TRESWELL","2021","May_15",6.66609511298002,13.0159930494215,9.84104408120077
"TRESWELL","2021","May_16",6.81786067546538,16.0677695155999,11.4428150955326
"TRESWELL","2021","May_17",6.68967897134389,14.4080433929229,10.5488611821334
"TRESWELL","2021","May_18",4.49312699286012,17.1917093178357,10.8424181553479
"TRESWELL","2021","May_19",5.46076215632033,16.236759186744,10.8487606715322
"TRESWELL","2021","May_20",3.90510656241981,12.4586801744919,8.18189336845585
"TRESWELL","2021","May_21",9.13227200104116,13.6072650937763,11.3697685474087
"TRESWELL","2021","May_22",6.80218510114701,12.526283093991,9.664234097569
"TRESWELL","2021","May_23",2.33585771159556,13.8923537597332,8.11410573566436
"TRESWELL","2021","May_24",5.20972440799714,14.6247910866188,9.91725774730796
"TRESWELL","2021","May_25",5.87596213981054,14.3568323775321,10.1163972586713
"TRESWELL","2021","May_26",6.21384322222263,14.6391143669066,10.4264787945646
"TRESWELL","2021","May_27",6.20062400578805,17.365128244474,11.782876125131
"TRESWELL","2021","May_28",8.41299230759086,18.5276667653428,13.4703295364668
"TRESWELL","2021","May_29",9.65798365515744,21.15410942716,15.4060465411587
"TRESWELL","2021","May_30",6.23184945872264,19.1234752985499,12.6776623786363
"TRESWELL","2021","May_31",6.31554238301346,21.2048132411209,13.7601778120672
"TRESWELL","2021","June_01",6.74339266529898,22.9284716370065,14.8359321511528
"TRESWELL","2021","June_02",7.9332624229333,23.6375358974938,15.7853991602136
"TRESWELL","2021","June_03",10.9018353272909,23.0257315888829,16.9637834580869
"TRESWELL","2021","June_04",10.2147165539714,18.7613475131341,14.4880320335527
"TRESWELL","2021","June_05",8.60799870521343,23.0894200327125,15.848709368963
"TRESWELL","2021","June_06",12.3067908929817,19.6891102574352,15.9979505752085
"TRESWELL","2021","June_07",10.2216370663906,23.7174532879135,16.9695451771521
"TRESWELL","2021","June_08",10.0101843283345,23.6124520903811,16.8113182093578
"TRESWELL","2021","June_09",10.7784329376574,25.5750161994925,18.176724568575
"TRESWELL","2021","June_10",13.8318939412152,23.7590306279506,18.7954622845829
"TRESWELL","2021","June_11",15.8636441489403,23.2722573496855,19.5679507493129
"TRESWELL","2021","June_12",9.41517183274933,21.7193953006676,15.5672835667085
"TRESWELL","2021","June_13",9.34052844998697,25.7557715268342,17.5481499884106
"TRESWELL","2021","June_14",15.630221317651,21.9084856974832,18.7693535075671
"TRESWELL","2021","June_15",7.58024429085463,22.6911179402262,15.1356811155404
"TRESWELL","2021","June_16",11.7286963317374,27.3698396097359,19.5492679707366
"TRESWELL","2021","June_17",13.0702219103372,21.1932524101166,17.1317371602269
"TRESWELL","2021","June_18",12.7814799533269,15.887358695493,14.3344193244099
"TRESWELL","2021","June_19",10.1365879070471,17.7320150565373,13.9343014817922
"TRESWELL","2021","June_20",10.1322582985442,17.2094081913165,13.6708332449304
"TRESWELL","2021","June_21",8.07085232974303,17.2272074890072,12.6490299093751
"TRESWELL","2021","June_22",7.24704417187124,18.7141039350999,12.9805740534856
"TRESWELL","2021","June_23",5.7938028073853,22.265890288318,14.0298465478517
"TRESWELL","2021","June_24",11.3095902194254,21.5441152123517,16.4268527158886
"TRESWELL","2021","June_25",12.3093060598048,15.2687502070798,13.7890281334423
"TRESWELL","2021","June_26",10.4055130754892,19.3857666521316,14.8956398638104
"TRESWELL","2021","June_27",11.3497107326519,18.7342630958211,15.0419869142365
"TRESWELL","2021","June_28",11.0074951280162,16.5005609506718,13.754028039344
"TRESWELL","2021","June_29",10.9386800283339,21.0051186831247,15.9718993557293
"TRESWELL","2021","June_30",10.8611024403067,17.0119852992779,13.9365438697923
"TRESWELL","2023","April_01",5.65346060349358,9.68272814465267,7.66809437407312
"TRESWELL","2023","April_02",4.59604957614629,10.5900323287156,7.59304095243093
"TRESWELL","2023","April_03",-0.492913495260827,11.973572702508,5.74032960362361
"TRESWELL","2023","April_04",-1.80651644737061,13.3618427217313,5.77766313718034
"TRESWELL","2023","April_05",3.32299346252005,10.890493857636,7.10674366007801
"TRESWELL","2023","April_06",7.51109561477458,14.1336952145225,10.8223954146485
"TRESWELL","2023","April_07",2.25770637081844,13.5997865588046,7.92874646481151
"TRESWELL","2023","April_08",0.829273713145012,14.7095680071827,7.76942086016387
"TRESWELL","2023","April_09",3.74660993632014,14.2295889846529,8.98809946048654
"TRESWELL","2023","April_10",5.57883181501047,14.8129198003425,10.1958758076765
"TRESWELL","2023","April_11",4.07230312980183,13.1954957210658,8.6338994254338
"TRESWELL","2023","April_12",2.32533259529463,10.0321548165432,6.17874370591893
"TRESWELL","2023","April_13",4.21745195588706,12.4305816086809,8.324016782284
"TRESWELL","2023","April_14",-0.0060951430098938,10.1069841310096,5.05044449399986
"TRESWELL","2023","April_15",4.11289240343205,14.513572069687,9.31323223655951
"TRESWELL","2023","April_16",5.08591526470302,14.5468868061052,9.81640103540409
"TRESWELL","2023","April_17",7.792468218731,15.8690086394998,11.8307384291154
"TRESWELL","2023","April_18",5.28546224026253,14.554221617095,9.91984192867875
"TRESWELL","2023","April_19",4.96602401386167,14.4137330768127,9.68987854533716
"TRESWELL","2023","April_20",2.4962279570103,14.0428984441317,8.26956320057099
"TRESWELL","2023","April_21",6.36828064768969,11.90496610279,9.13662337523984
"TRESWELL","2023","April_22",6.60574505210094,13.7955077541622,10.2006264031316
"TRESWELL","2023","April_23",6.44620790591969,12.0117029314835,9.22895541870158
"TRESWELL","2023","April_24",4.07549419773056,10.5703043937419,7.32289929573623
"TRESWELL","2023","April_25",-1.04348897891223,11.6500400964366,5.30327555876218
"TRESWELL","2023","April_26",1.13712529801804,13.0040546425678,7.07058997029293
"TRESWELL","2023","April_27",1.09908571140895,12.5377875910604,6.8184366512347
"TRESWELL","2023","April_28",6.1196232188872,13.9067102179049,10.013166718396
"TRESWELL","2023","April_29",5.39426711820274,18.3596599327581,11.8769635254804
"TRESWELL","2023","April_30",8.02602468290627,17.100923164313,12.5634739236096
"TRESWELL","2023","May_01",8.40310026190122,17.5118513458668,12.957475803884
"TRESWELL","2023","May_02",6.90538634146534,14.1201469617233,10.5127666515943
"TRESWELL","2023","May_03",3.13700884737139,14.3333356809688,8.73517226417008
"TRESWELL","2023","May_04",4.66540199789966,14.920553596102,9.79297779700083
"TRESWELL","2023","May_05",8.58298684467547,18.8896161438145,13.736301494245
"TRESWELL","2023","May_06",8.46134619634785,16.6299630789448,12.5456546376463
"TRESWELL","2023","May_07",12.0942635230684,20.9212568915894,16.5077602073289
"TRESWELL","2023","May_08",9.30077383364434,15.8779941233693,12.5893839785068
"TRESWELL","2023","May_09",10.2640502274072,19.2850970039329,14.77457361567
"TRESWELL","2023","May_10",7.45331652761146,17.6177231276103,12.5355198276109
"TRESWELL","2023","May_11",9.23188352594421,15.4850263991209,12.3584549625326
"TRESWELL","2023","May_12",7.83426637336585,12.6521930459506,10.2432297096582
"TRESWELL","2023","May_13",6.98157354205811,13.8148809510561,10.3982272465571
"TRESWELL","2023","May_14",7.06929202102492,20.2021267412495,13.6357093811372
"TRESWELL","2023","May_15",5.86579346697238,16.3914414905348,11.1286174787536
"TRESWELL","2023","May_16",5.03058475457519,17.701344640662,11.3659646976186
"TRESWELL","2023","May_17",6.28597274992171,17.3635052354524,11.8247389926871
"TRESWELL","2023","May_18",8.68756519636924,19.3014381652976,13.9945016808334
"TRESWELL","2023","May_19",9.68597640356282,17.6955900774511,13.6907832405069
"TRESWELL","2023","May_20",4.94048582978791,18.0761263488658,11.5083060893268
"TRESWELL","2023","May_21",5.35397602389262,18.9884211346438,12.1711985792682
"TRESWELL","2023","May_22",7.57234976220281,20.462212315815,14.0172810390089
"TRESWELL","2023","May_23",8.18585596223182,19.2180904809756,13.7019732216037
"TRESWELL","2023","May_24",8.47348508735075,21.1698344161608,14.8216597517558
"TRESWELL","2023","May_25",8.47163502325211,18.7653828639492,13.6185089436007
"TRESWELL","2023","May_26",8.81634426646224,20.1104697177149,14.4634069920886
"TRESWELL","2023","May_27",5.92438033102413,21.6536056112669,13.7889929711455
"TRESWELL","2023","May_28",11.0027173221021,17.3099507369128,14.1563340295074
"TRESWELL","2023","May_29",5.15947108919288,16.5596393786992,10.859555233946
"TRESWELL","2023","May_30",5.68370672402814,15.7984496288086,10.7410781764184
"TRESWELL","2023","May_31",8.81233743187077,13.0348613487879,10.9235993903293
"TRESWELL","2023","June_01",8.93542085803344,15.2238606276897,12.0796407428616
"TRESWELL","2023","June_02",8.26675406372765,17.7103727997032,12.9885634317154
"TRESWELL","2023","June_03",5.67483650710244,19.1878475954572,12.4313420512798
"TRESWELL","2023","June_04",5.60319976325254,18.046819903127,11.8250098331898
"TRESWELL","2023","June_05",8.96229928398091,16.7238141135925,12.8430566987867
"TRESWELL","2023","June_06",8.86538679591842,14.050172772555,11.4577797842367
"TRESWELL","2023","June_07",8.76755894139359,15.3524675874498,12.0600132644217
"TRESWELL","2023","June_08",8.47497406126431,17.6648701011415,13.0699220812029
"TRESWELL","2023","June_09",9.33067372737043,19.5534263498191,14.4420500385947
"TRESWELL","2023","June_10",9.35362956647654,28.1784876383094,18.766058602393
"TRESWELL","2023","June_11",11.1188194669686,28.8777393585119,19.9982794127402
"TRESWELL","2023","June_12",12.6121252683708,29.3117202350915,20.9619227517312
"TRESWELL","2023","June_13",11.3619414614144,27.8249399200911,19.5934406907527
"TRESWELL","2023","June_14",8.42359482972754,24.4500599534807,16.4368273916041
"TRESWELL","2023","June_15",9.7106788796993,25.5138567552568,17.6122678174781
"TRESWELL","2023","June_16",9.766169749381,26.9125949174895,18.3393823334352
"TRESWELL","2023","June_17",8.95786737804298,22.937949963056,15.9479086705495
"TRESWELL","2023","June_18",11.3346509858448,25.349406126676,18.3420285562604
"TRESWELL","2023","June_19",13.1021611036944,25.2665078944588,19.1843344990766
"TRESWELL","2023","June_20",12.5741012945243,21.5599623982292,17.0670318463768
"TRESWELL","2023","June_21",12.2448638022977,25.2803380436543,18.762600922976
"TRESWELL","2023","June_22",14.2611622840589,25.8959149443079,20.0785386141834
"TRESWELL","2023","June_23",11.6505462626065,25.2875609008576,18.469053581732
"TRESWELL","2023","June_24",15.9570849452609,27.8898967758271,21.923490860544
"TRESWELL","2023","June_25",15.8254059937898,30.0747817661378,22.9500938799638
"TRESWELL","2023","June_26",11.2452342513392,22.4187013444214,16.8319677978803
"TRESWELL","2023","June_27",10.379491219752,21.8469384507295,16.1132148352408
"TRESWELL","2023","June_28",15.188865420838,24.6181577127749,19.9035115668064
"TRESWELL","2023","June_29",12.2652943927324,21.7120636711595,16.9886790319459
"TRESWELL","2023","June_30",8.4667137414837,19.7836577713538,14.1251857564187
"TROUGHBARROW","2011","April_01",9.515440332662,13.4698166546308,11.4926284936464
"TROUGHBARROW","2011","April_02",10.2525493307289,12.4169192268321,11.3347342787805
"TROUGHBARROW","2011","April_03",6.63410947271108,12.1103166808337,9.37221307677241
"TROUGHBARROW","2011","April_04",2.94575930862102,10.8879941745328,6.91687674157691
"TROUGHBARROW","2011","April_05",7.2030898793153,13.2256065439304,10.2143482116229
"TROUGHBARROW","2011","April_06",10.0626054810924,15.3204856546818,12.6915455678871
"TROUGHBARROW","2011","April_07",9.05941312070007,13.3860517573421,11.2227324390211
"TROUGHBARROW","2011","April_08",3.58943768028971,16.3604408385484,9.97493925941906
"TROUGHBARROW","2011","April_09",5.65795431997222,20.7616103646145,13.2097823422933
"TROUGHBARROW","2011","April_10",7.44987637508498,18.3336281039338,12.8917522395094
"TROUGHBARROW","2011","April_11",7.46883259796873,13.1034588422594,10.2861457201141
"TROUGHBARROW","2011","April_12",3.73143050005453,11.7130234643539,7.7222269822042
"TROUGHBARROW","2011","April_13",5.54436575438116,9.35149490629932,7.44793033034024
"TROUGHBARROW","2011","April_14",6.69149426638575,12.3176636022278,9.50457893430675
"TROUGHBARROW","2011","April_15",8.29968038971878,12.9885705507669,10.6441254702428
"TROUGHBARROW","2011","April_16",5.93635177669834,14.4416358481777,10.188993812438
"TROUGHBARROW","2011","April_17",1.29567057973213,15.3983965469794,8.34703356335575
"TROUGHBARROW","2011","April_18",4.97913568546716,18.4056342022467,11.6923849438569
"TROUGHBARROW","2011","April_19",5.75023948319921,19.0566868400886,12.4034631616439
"TROUGHBARROW","2011","April_20",4.62825411015875,20.0641877824386,12.3462209462987
"TROUGHBARROW","2011","April_21",5.92267290332853,22.4921532870645,14.2074130951965
"TROUGHBARROW","2011","April_22",8.2296027323069,22.2511956400645,15.2403991861857
"TROUGHBARROW","2011","April_23",9.97627303194408,17.0368880747926,13.5065805533683
"TROUGHBARROW","2011","April_24",4.62082274552915,16.7576501310661,10.6892364382976
"TROUGHBARROW","2011","April_25",3.92094507876982,17.4246065767319,10.6727758277508
"TROUGHBARROW","2011","April_26",6.22929380551717,13.3882107924506,9.8087522989839
"TROUGHBARROW","2011","April_27",6.55164736019965,16.3172122306301,11.4344297954149
"TROUGHBARROW","2011","April_28",0.654062971703031,16.4377639086853,8.54591344019417
"TROUGHBARROW","2011","April_29",6.09916972696966,17.3924608159664,11.745815271468
"TROUGHBARROW","2011","April_30",8.44127771781428,17.8939707456331,13.1676242317237
"TROUGHBARROW","2011","May_01",7.11286690803408,18.5853969476462,12.8491319278401
"TROUGHBARROW","2011","May_02",5.47411645464117,15.5790679972882,10.5265922259647
"TROUGHBARROW","2011","May_03",1.29925312431211,14.7509879516991,8.02512053800559
"TROUGHBARROW","2011","May_04",0.67456336037247,16.4859886094563,8.58027598491441
"TROUGHBARROW","2011","May_05",8.36566396998764,17.8760654497465,13.1208647098671
"TROUGHBARROW","2011","May_06",10.5265675219496,19.564236826444,15.0454021741968
"TROUGHBARROW","2011","May_07",12.2175077737237,19.2577056026147,15.7376066881692
"TROUGHBARROW","2011","May_08",13.6362227260709,17.6569733687221,15.6465980473965
"TROUGHBARROW","2011","May_09",8.50205814035112,18.2335971628498,13.3678276516005
"TROUGHBARROW","2011","May_10",9.32264643320688,16.6355697402062,12.9791080867065
"TROUGHBARROW","2011","May_11",9.92776670120143,15.1385453396981,12.5331560204498
"TROUGHBARROW","2011","May_12",9.21599944927236,14.4307130697332,11.8233562595028
"TROUGHBARROW","2011","May_13",7.0007095280619,12.924076026467,9.96239277726445
"TROUGHBARROW","2011","May_14",5.57945636015112,12.5741938099638,9.07682508505744
"TROUGHBARROW","2011","May_15",6.11775121375221,12.3693266894952,9.2435389516237
"TROUGHBARROW","2011","May_16",9.01425444762656,12.8450978710722,10.9296761593494
"TROUGHBARROW","2011","May_17",10.4920320904363,14.2083341901359,12.3501831402861
"TROUGHBARROW","2011","May_18",10.6829302194672,14.0722301130645,12.3775801662658
"TROUGHBARROW","2011","May_19",6.49315939083459,13.6687858889029,10.0809726398688
"TROUGHBARROW","2011","May_20",7.36867582788412,13.9242833399351,10.6464795839096
"TROUGHBARROW","2011","May_21",7.28531760249006,16.8941048044144,12.0897112034522
"TROUGHBARROW","2011","May_22",8.01223923345479,14.0369513676634,11.0245953005591
"TROUGHBARROW","2011","May_23",8.55145225004376,14.033554479223,11.2925033646334
"TROUGHBARROW","2011","May_24",8.01345976588802,13.3330814491529,10.6732706075205
"TROUGHBARROW","2011","May_25",4.64874816107903,15.9964707962743,10.3226094786767
"TROUGHBARROW","2011","May_26",9.23862763757618,14.2935600818051,11.7660938596906
"TROUGHBARROW","2011","May_27",8.53651586217872,13.2169025830421,10.8767092226104
"TROUGHBARROW","2011","May_28",9.56572586906606,13.5855234586384,11.5756246638522
"TROUGHBARROW","2011","May_29",9.30342846305513,15.6419581053622,12.4726932842087
"TROUGHBARROW","2011","May_30",9.37187129673555,13.9777535671245,11.67481243193
"TROUGHBARROW","2011","May_31",4.84551621987461,14.6951574853534,9.77033685261401
"TROUGHBARROW","2011","June_01",7.94435658618178,15.6670664528752,11.8057115195285
"TROUGHBARROW","2011","June_02",11.6942917396352,21.0676991867792,16.3809954632072
"TROUGHBARROW","2011","June_03",10.136907022261,25.1878259697191,17.6623664959901
"TROUGHBARROW","2011","June_04",11.4287023199525,18.3452343511217,14.8869683355371
"TROUGHBARROW","2011","June_05",8.77423210486074,12.990154159459,10.8821931321599
"TROUGHBARROW","2011","June_06",8.55488203786438,14.8895773187281,11.7222296782962
"TROUGHBARROW","2011","June_07",5.88496280737685,15.1840130142796,10.5344879108282
"TROUGHBARROW","2011","June_08",8.26713078304901,14.7934358921002,11.5302833375746
"TROUGHBARROW","2011","June_09",7.79939343129022,13.9290550224012,10.8642242268457
"TROUGHBARROW","2011","June_10",4.59031646301458,13.6504630320626,9.12038974753857
"TROUGHBARROW","2011","June_11",3.71337118210979,15.0237477648578,9.36855947348381
"TROUGHBARROW","2011","June_12",5.64906382700395,15.0231651291889,10.3361144780964
"TROUGHBARROW","2011","June_13",10.5680808834645,15.8715641592544,13.2198225213595
"TROUGHBARROW","2011","June_14",5.94647194227818,18.8506505740179,12.398561258148
"TROUGHBARROW","2011","June_15",10.19677086554,18.8026458099719,14.4997083377559
"TROUGHBARROW","2011","June_16",10.6049287404093,15.9276433670705,13.2662860537399
"TROUGHBARROW","2011","June_17",8.91023277028933,17.7265147686506,13.31837376947
"TROUGHBARROW","2011","June_18",10.9734875969892,15.3361596975841,13.1548236472866
"TROUGHBARROW","2011","June_19",11.0393634860765,15.6576039985173,13.3484837422969
"TROUGHBARROW","2011","June_20",8.14925263235175,18.8901634557469,13.5197080440493
"TROUGHBARROW","2011","June_21",12.331434971427,17.3160515524852,14.8237432619561
"TROUGHBARROW","2011","June_22",11.652873962731,16.2852368736743,13.9690554182027
"TROUGHBARROW","2011","June_23",10.9093952660418,16.0558073197772,13.4826012929095
"TROUGHBARROW","2011","June_24",8.50561530845766,15.3599219631325,11.9327686357951
"TROUGHBARROW","2011","June_25",9.221663148296,18.1834373820379,13.702550265167
"TROUGHBARROW","2011","June_26",13.8950097008949,23.7508347733336,18.8229222371143
"TROUGHBARROW","2011","June_27",14.1937168970493,25.1568421997365,19.6752795483929
"TROUGHBARROW","2011","June_28",8.96053555451184,18.2557739179639,13.6081547362379
"TROUGHBARROW","2011","June_29",6.99544534928731,16.9504558485642,11.9729505989258
"TROUGHBARROW","2011","June_30",7.83070093384513,16.6199379559186,12.2253194448818
"TROUGHBARROW","2012","April_01",-1.47325291249283,11.6985970521851,5.11267206984616
"TROUGHBARROW","2012","April_02",5.3368875487901,10.914656418786,8.12577198378804
"TROUGHBARROW","2012","April_03",5.96368271468372,8.88595843533841,7.42482057501106
"TROUGHBARROW","2012","April_04",1.47976321460822,7.56554655961119,4.5226548871097
"TROUGHBARROW","2012","April_05",-2.82458286245393,9.81765958391837,3.49653836073222
"TROUGHBARROW","2012","April_06",1.59032634832961,9.75023870823647,5.67028252828304
"TROUGHBARROW","2012","April_07",5.2598425257186,11.0111206387952,8.13548158225692
"TROUGHBARROW","2012","April_08",6.92979310606014,11.3728318855807,9.1513124958204
"TROUGHBARROW","2012","April_09",5.77513403774195,8.56287790499194,7.16900597136695
"TROUGHBARROW","2012","April_10",4.25252683362142,9.85941067568464,7.05596875465303
"TROUGHBARROW","2012","April_11",3.7595758694014,11.6499082545557,7.70474206197857
"TROUGHBARROW","2012","April_12",2.52884673745467,11.3682007973444,6.94852376739952
"TROUGHBARROW","2012","April_13",3.23682195627743,11.3121259845503,7.27447397041388
"TROUGHBARROW","2012","April_14",-0.621232912008766,9.67525140476516,4.52700924637819
"TROUGHBARROW","2012","April_15",-1.29347419924418,9.7618171231826,4.23417146196921
"TROUGHBARROW","2012","April_16",-1.63574144306331,10.1411842136655,4.25272138530111
"TROUGHBARROW","2012","April_17",4.64892421670931,10.5115438162267,7.58023401646799
"TROUGHBARROW","2012","April_18",2.74411219700288,9.11417483897246,5.92914351798767
"TROUGHBARROW","2012","April_19",4.3920797334412,11.5782517665367,7.98516574998896
"TROUGHBARROW","2012","April_20",2.65647214599534,11.6253470960309,7.14090962101313
"TROUGHBARROW","2012","April_21",3.46938417700037,11.7425605885982,7.60597238279931
"TROUGHBARROW","2012","April_22",4.94210117724392,12.0935685785079,8.51783487787591
"TROUGHBARROW","2012","April_23",2.99625377062465,11.584900461133,7.29057711587884
"TROUGHBARROW","2012","April_24",1.99038595301568,11.3910070361068,6.69069649456124
"TROUGHBARROW","2012","April_25",3.14965334279601,9.74262125834774,6.44613730057188
"TROUGHBARROW","2012","April_26",6.15935313624609,11.3485347938153,8.75394396503068
"TROUGHBARROW","2012","April_27",5.05112376028677,11.0831482243942,8.06713599234046
"TROUGHBARROW","2012","April_28",2.61629284541041,10.7661236330944,6.69120823925239
"TROUGHBARROW","2012","April_29",3.98084655874498,12.9108071320825,8.44582684541375
"TROUGHBARROW","2012","April_30",4.45406497650014,15.6425626838809,10.0483138301905
"TROUGHBARROW","2012","May_01",8.52146176625003,12.7783231583172,10.6498924622836
"TROUGHBARROW","2012","May_02",7.8380604679396,15.5327848845125,11.685422676226
"TROUGHBARROW","2012","May_03",4.62629478954658,13.9666810253699,9.29648790745827
"TROUGHBARROW","2012","May_04",4.66945699324565,11.1718078724174,7.92063243283153
"TROUGHBARROW","2012","May_05",-1.78090356229287,9.80583586324859,4.01246615047786
"TROUGHBARROW","2012","May_06",0.428090323467038,10.7885403470123,5.60831533523965
"TROUGHBARROW","2012","May_07",2.00834007125992,11.0900754682681,6.54920776976401
"TROUGHBARROW","2012","May_08",6.27410030030442,13.3567041619325,9.81540223111844
"TROUGHBARROW","2012","May_09",3.36360068218121,13.7453508619791,8.55447577208016
"TROUGHBARROW","2012","May_10",7.92449433778446,13.2908026608449,10.6076484993147
"TROUGHBARROW","2012","May_11",5.98820632183286,11.567796532643,8.77800142723793
"TROUGHBARROW","2012","May_12",1.93747488461668,12.8867316499345,7.41210326727561
"TROUGHBARROW","2012","May_13",6.50414191829076,12.3860282220222,9.44508507015647
"TROUGHBARROW","2012","May_14",5.35608285368536,11.8801753900047,8.61812912184501
"TROUGHBARROW","2012","May_15",3.51700989210832,11.8066903710981,7.66185013160324
"TROUGHBARROW","2012","May_16",0.509871224203616,11.6201746532152,6.06502293870942
"TROUGHBARROW","2012","May_17",3.30281355346788,11.4243587159461,7.36358613470701
"TROUGHBARROW","2012","May_18",6.0989703796721,11.8659333160226,8.98245184784733
"TROUGHBARROW","2012","May_19",6.03027566313522,12.1225010724836,9.07638836780941
"TROUGHBARROW","2012","May_20",2.60235003326355,13.9951881795631,8.29876910641335
"TROUGHBARROW","2012","May_21",3.58729087134588,17.9060405238958,10.7466656976209
"TROUGHBARROW","2012","May_22",6.21514276369945,20.3673603058672,13.2912515347833
"TROUGHBARROW","2012","May_23",7.76948440190835,19.4050700567424,13.5872772293254
"TROUGHBARROW","2012","May_24",10.5504144579814,23.5802213201819,17.0653178890816
"TROUGHBARROW","2012","May_25",12.6310001627021,25.1486925002192,18.8898463314607
"TROUGHBARROW","2012","May_26",12.7680296211375,24.2554171985498,18.5117234098437
"TROUGHBARROW","2012","May_27",11.2348482383354,24.447337269754,17.8410927540447
"TROUGHBARROW","2012","May_28",10.2226230322082,24.2716334826069,17.2471282574076
"TROUGHBARROW","2012","May_29",9.31114127121802,18.1579066829681,13.7345239770931
"TROUGHBARROW","2012","May_30",8.78532262132881,19.823195856402,14.3042592388654
"TROUGHBARROW","2012","May_31",12.6022893053392,15.8518561229922,14.2270727141657
"TROUGHBARROW","2012","June_01",11.07124734819,17.4550235534445,14.2631354508172
"TROUGHBARROW","2012","June_02",8.59041016044973,16.1784774139969,12.3844437872233
"TROUGHBARROW","2012","June_03",7.45458143525928,11.2698081912342,9.36219481324676
"TROUGHBARROW","2012","June_04",4.06099731561126,14.9696118019445,9.51530455877789
"TROUGHBARROW","2012","June_05",4.17868768550594,13.6360160047669,8.9073518451364
"TROUGHBARROW","2012","June_06",10.6405177563722,15.9483894507825,13.2944536035774
"TROUGHBARROW","2012","June_07",9.12987436113968,15.5952818813975,12.3625781212686
"TROUGHBARROW","2012","June_08",11.4929992025057,14.9942248298901,13.2436120161979
"TROUGHBARROW","2012","June_09",11.1467109868517,15.2231700380282,13.1849405124399
"TROUGHBARROW","2012","June_10",10.1677524915625,17.5224172159596,13.845084853761
"TROUGHBARROW","2012","June_11",9.73141570965285,14.6357002917291,12.183558000691
"TROUGHBARROW","2012","June_12",5.43107064837087,14.825326899467,10.1281987739189
"TROUGHBARROW","2012","June_13",8.77057935598373,15.267470101876,12.0190247289299
"TROUGHBARROW","2012","June_14",8.41450057197577,17.5033905220008,12.9589455469883
"TROUGHBARROW","2012","June_15",8.9714281904188,16.4198604060064,12.6956442982126
"TROUGHBARROW","2012","June_16",10.9552116454466,14.5100223293582,12.7326169874024
"TROUGHBARROW","2012","June_17",10.3964873080916,14.1690423021832,12.2827648051374
"TROUGHBARROW","2012","June_18",6.22736479035184,16.7382647867022,11.482814788527
"TROUGHBARROW","2012","June_19",9.00937114531893,16.8137577299761,12.9115644376475
"TROUGHBARROW","2012","June_20",4.90667071639832,19.9257056735429,12.4161881949706
"TROUGHBARROW","2012","June_21",10.304121688579,15.6598216959038,12.9819716922414
"TROUGHBARROW","2012","June_22",10.4655334510626,13.0545746337386,11.7600540424006
"TROUGHBARROW","2012","June_23",10.4328342854196,14.5618687563329,12.4973515208763
"TROUGHBARROW","2012","June_24",9.59325034622838,16.7876376433399,13.1904439947841
"TROUGHBARROW","2012","June_25",10.4253124471785,16.6605943854992,13.5429534163388
"TROUGHBARROW","2012","June_26",6.80840312283772,20.0021632629345,13.4052831928861
"TROUGHBARROW","2012","June_27",14.0044216581166,18.8440611664518,16.4242414122842
"TROUGHBARROW","2012","June_28",13.8055832005932,22.1571418598991,17.9813625302462
"TROUGHBARROW","2012","June_29",12.6389198288698,18.109436753954,15.3741782914119
"TROUGHBARROW","2012","June_30",12.3285225640976,17.3164597561139,14.8224911601058
"TROUGHBARROW","2014","April_01",7.63293014697773,12.9438596153208,10.2883948811493
"TROUGHBARROW","2014","April_02",5.54598258553018,11.8329171057117,8.68944984562097
"TROUGHBARROW","2014","April_03",7.85470121416514,12.8904782628378,10.3725897385015
"TROUGHBARROW","2014","April_04",7.69238210476446,11.2744490211353,9.48341556294989
"TROUGHBARROW","2014","April_05",5.09648662411515,14.1686945789696,9.63259060154236
"TROUGHBARROW","2014","April_06",9.53940079164265,14.7233847558495,12.1313927737461
"TROUGHBARROW","2014","April_07",7.10763933735697,10.681200170474,8.89441975391546
"TROUGHBARROW","2014","April_08",5.18380928966621,11.0325339962132,8.10817164293973
"TROUGHBARROW","2014","April_09",6.25262083075082,12.7098585025673,9.48123966665906
"TROUGHBARROW","2014","April_10",7.12896576402725,12.6880752264634,9.90852049524532
"TROUGHBARROW","2014","April_11",2.64419737008741,12.2590794679175,7.45163841900244
"TROUGHBARROW","2014","April_12",5.7772275554295,11.6102266372909,8.69372709636018
"TROUGHBARROW","2014","April_13",7.20743461842377,11.1000813218594,9.15375797014158
"TROUGHBARROW","2014","April_14",5.45084408769185,13.892263130288,9.67155360898992
"TROUGHBARROW","2014","April_15",1.30020841206458,14.5350901152833,7.91764926367394
"TROUGHBARROW","2014","April_16",2.96897732436357,13.9056679759097,8.43732265013664
"TROUGHBARROW","2014","April_17",6.76161310378989,11.6910501326833,9.22633161823659
"TROUGHBARROW","2014","April_18",0.288438338761071,13.1645564315959,6.7264973851785
"TROUGHBARROW","2014","April_19",0.399627674916087,13.5833427876646,6.99148523129037
"TROUGHBARROW","2014","April_20",3.22385982368092,14.9764303303746,9.10014507702773
"TROUGHBARROW","2014","April_21",8.99546657568541,19.2772580533849,14.1363623145351
"TROUGHBARROW","2014","April_22",8.46425470590694,14.2070687830338,11.3356617444704
"TROUGHBARROW","2014","April_23",9.16363667307138,15.8641357322415,12.5138862026564
"TROUGHBARROW","2014","April_24",7.51410433898979,16.2934423054949,11.9037733222423
"TROUGHBARROW","2014","April_25",6.31794092371613,13.8633497401257,10.0906453319209
"TROUGHBARROW","2014","April_26",8.38555704458337,16.5079277744144,12.4467424094989
"TROUGHBARROW","2014","April_27",7.48430248796215,14.2574364675023,10.8708694777322
"TROUGHBARROW","2014","April_28",8.47396162870374,16.0849636719917,12.2794626503477
"TROUGHBARROW","2014","April_29",6.53736282265214,18.159391953834,12.3483773882431
"TROUGHBARROW","2014","April_30",9.40573284329864,15.8163090045658,12.6110209239322
"TROUGHBARROW","2014","May_01",8.80626798754493,10.9207127840445,9.86349038579473
"TROUGHBARROW","2014","May_02",5.3111776881061,13.0052093667461,9.15819352742609
"TROUGHBARROW","2014","May_03",1.36079743555468,12.125487389411,6.74314241248284
"TROUGHBARROW","2014","May_04",8.16158502380922,12.518246650499,10.3399158371541
"TROUGHBARROW","2014","May_05",6.19002682776739,15.7717745185389,10.9809006731532
"TROUGHBARROW","2014","May_06",9.35956450728871,15.1038087706819,12.2316866389853
"TROUGHBARROW","2014","May_07",7.33544015608171,11.8180998674013,9.57677001174152
"TROUGHBARROW","2014","May_08",9.15601317188477,13.1638530192011,11.1599330955429
"TROUGHBARROW","2014","May_09",7.75273836377754,14.3466162364624,11.04967730012
"TROUGHBARROW","2014","May_10",7.82405803709703,13.797366029295,10.810712033196
"TROUGHBARROW","2014","May_11",9.16631111413617,13.2727682336316,11.2195396738839
"TROUGHBARROW","2014","May_12",7.19027774707613,14.0326894946086,10.6114836208424
"TROUGHBARROW","2014","May_13",5.31055192695793,14.7409540774175,10.0257530021877
"TROUGHBARROW","2014","May_14",4.23531822488965,15.9016656681449,10.0684919465173
"TROUGHBARROW","2014","May_15",8.75611634816739,17.0948247881219,12.9254705681446
"TROUGHBARROW","2014","May_16",7.27711509014524,18.0417268926079,12.6594209913766
"TROUGHBARROW","2014","May_17",8.72976644192475,18.312201388759,13.5209839153419
"TROUGHBARROW","2014","May_18",9.55227076596651,20.9285994366467,15.2404351013066
"TROUGHBARROW","2014","May_19",8.03158763492953,23.285477703119,15.6585326690243
"TROUGHBARROW","2014","May_20",11.739027757635,20.6046534068173,16.1718405822262
"TROUGHBARROW","2014","May_21",8.75762019014851,16.9205174238224,12.8390688069854
"TROUGHBARROW","2014","May_22",7.72742730834219,12.3858121141061,10.0566197112241
"TROUGHBARROW","2014","May_23",8.07911988346464,14.3279628096556,11.2035413465601
"TROUGHBARROW","2014","May_24",9.12035545021568,14.9114339269878,12.0158946886017
"TROUGHBARROW","2014","May_25",8.03152597521109,15.9582272180832,11.9948765966471
"TROUGHBARROW","2014","May_26",9.35606751790552,17.9021617607724,13.629114639339
"TROUGHBARROW","2014","May_27",10.6517287789042,17.9718049065681,14.3117668427361
"TROUGHBARROW","2014","May_28",10.2214169876904,13.5647167084223,11.8930668480563
"TROUGHBARROW","2014","May_29",9.63423109183962,13.0637975614865,11.349014326663
"TROUGHBARROW","2014","May_30",9.05889413751889,15.6564716496675,12.3576828935932
"TROUGHBARROW","2014","May_31",9.52764646926352,17.5448873603381,13.5362669148008
"TROUGHBARROW","2014","June_01",7.38423246280817,19.5566703111774,13.4704513869928
"TROUGHBARROW","2014","June_02",11.0035144730034,17.7557907716501,14.3796526223267
"TROUGHBARROW","2014","June_03",11.5416820698883,15.9079879783346,13.7248350241115
"TROUGHBARROW","2014","June_04",8.67522867083836,13.9812741886256,11.328251429732
"TROUGHBARROW","2014","June_05",10.6937350160661,15.259114518106,12.9764247670861
"TROUGHBARROW","2014","June_06",5.33738532906891,20.7959733794898,13.0666793542794
"TROUGHBARROW","2014","June_07",12.5481543347338,17.5834138103655,15.0657840725496
"TROUGHBARROW","2014","June_08",10.2088719408899,20.3716101147386,15.2902410278142
"TROUGHBARROW","2014","June_09",9.9401139289883,19.7618822820915,14.8509981055399
"TROUGHBARROW","2014","June_10",11.9216457510685,18.2787640200489,15.1002048855587
"TROUGHBARROW","2014","June_11",11.0672644031333,18.2431569175484,14.6552106603408
"TROUGHBARROW","2014","June_12",9.91760902588224,18.8293515161156,14.3734802709989
"TROUGHBARROW","2014","June_13",10.3203790759632,18.9573097433295,14.6388444096464
"TROUGHBARROW","2014","June_14",11.1568897940514,21.190820161755,16.1738549779032
"TROUGHBARROW","2014","June_15",14.1465271421416,17.8493229693142,15.9979250557279
"TROUGHBARROW","2014","June_16",9.73350241868126,19.5581816004148,14.645842009548
"TROUGHBARROW","2014","June_17",11.4939433166203,21.5763277077953,16.5351355122078
"TROUGHBARROW","2014","June_18",14.0163511401886,23.2178085827004,18.6170798614445
"TROUGHBARROW","2014","June_19",11.8441098674299,20.4280253141904,16.1360675908102
"TROUGHBARROW","2014","June_20",9.59694067610541,19.2336506127289,14.4152956444171
"TROUGHBARROW","2014","June_21",8.6952087991087,20.5954160718817,14.6453124354952
"TROUGHBARROW","2014","June_22",8.94697519733143,21.072510086025,15.0097426416782
"TROUGHBARROW","2014","June_23",11.0635990516246,21.9550707028336,16.5093348772291
"TROUGHBARROW","2014","June_24",10.6177567603509,19.4806696344136,15.0492131973822
"TROUGHBARROW","2014","June_25",11.6680719862528,17.3195344091676,14.4938031977102
"TROUGHBARROW","2014","June_26",11.0060808436588,18.3655681327612,14.68582448821
"TROUGHBARROW","2014","June_27",10.6520815825577,16.6552644275585,13.6536730050581
"TROUGHBARROW","2014","June_28",10.5772191860347,15.4764281547031,13.0268236703689
"TROUGHBARROW","2014","June_29",6.76443661400563,17.6067092335927,12.1855729237991
"TROUGHBARROW","2014","June_30",7.37173068555753,20.3369178077704,13.8543242466639
"TROUGHBARROW","2015","April_01",2.56131171202231,7.64418827443612,5.10274999322922
"TROUGHBARROW","2015","April_02",1.7396079400688,9.44184320629914,5.59072557318397
"TROUGHBARROW","2015","April_03",4.93688513411814,10.2281403460737,7.58251274009593
"TROUGHBARROW","2015","April_04",5.76291026230143,12.8044079885129,9.28365912540717
"TROUGHBARROW","2015","April_05",4.6544148840469,11.4622398185559,8.05832735130142
"TROUGHBARROW","2015","April_06",5.06890606907545,11.5867380797868,8.32782207443113
"TROUGHBARROW","2015","April_07",3.57610823830515,14.2496092563147,8.91285874730993
"TROUGHBARROW","2015","April_08",1.17483474955794,14.9152032529061,8.04501900123201
"TROUGHBARROW","2015","April_09",3.22169547344119,16.3634270705425,9.79256127199185
"TROUGHBARROW","2015","April_10",3.01044314538531,19.2616799014035,11.1360615233944
"TROUGHBARROW","2015","April_11",4.12123011591554,9.94259111505674,7.03191061548614
"TROUGHBARROW","2015","April_12",4.40219477933411,10.1001549241209,7.25117485172748
"TROUGHBARROW","2015","April_13",1.89366750353409,11.4375821901553,6.66562484684468
"TROUGHBARROW","2015","April_14",7.36186464544243,13.7202132220168,10.5410389337296
"TROUGHBARROW","2015","April_15",7.00193018054263,12.4580940419393,9.73001211124096
"TROUGHBARROW","2015","April_16",0.980185573856419,12.2810475722636,6.63061657306
"TROUGHBARROW","2015","April_17",5.47714610985096,14.4093542312138,9.94325017053237
"TROUGHBARROW","2015","April_18",2.0832285600715,14.049547628192,8.06638809413174
"TROUGHBARROW","2015","April_19",0.501167202390507,12.7897820392326,6.64547462081156
"TROUGHBARROW","2015","April_20",2.77115755983679,14.7382604035401,8.75470898168845
"TROUGHBARROW","2015","April_21",1.36532866803215,17.7961774166089,9.58075304232053
"TROUGHBARROW","2015","April_22",3.30224006753739,18.4966805112355,10.8994602893864
"TROUGHBARROW","2015","April_23",4.46970227947212,17.9370137940451,11.2033580367586
"TROUGHBARROW","2015","April_24",4.75821265388813,11.9636116219025,8.36091213789534
"TROUGHBARROW","2015","April_25",8.31051325897593,10.7554077121043,9.53296048554012
"TROUGHBARROW","2015","April_26",-1.36852496985552,10.4976269986028,4.56455101437364
"TROUGHBARROW","2015","April_27",-2.70940009428327,9.93762281427454,3.61411135999563
"TROUGHBARROW","2015","April_28",2.75097643771021,9.6506674936859,6.20082196569806
"TROUGHBARROW","2015","April_29",3.64337524446208,10.089139442772,6.86625734361706
"TROUGHBARROW","2015","April_30",3.87706811342306,11.3905022033621,7.63378515839259
"TROUGHBARROW","2015","May_01",-0.514252453393692,10.9340001515443,5.20987384907529
"TROUGHBARROW","2015","May_02",1.91011184844821,9.10807056222262,5.50909120533541
"TROUGHBARROW","2015","May_03",6.03231105271856,13.7577096853073,9.89501036901293
"TROUGHBARROW","2015","May_04",8.0986417937842,14.1394993011179,11.1190705474511
"TROUGHBARROW","2015","May_05",8.79568236301592,13.0197857070207,10.9077340350183
"TROUGHBARROW","2015","May_06",6.24456856699701,11.440104744508,8.84233665575251
"TROUGHBARROW","2015","May_07",4.42009187137483,12.4371425613758,8.4286172163753
"TROUGHBARROW","2015","May_08",1.25238390956417,14.4332407106499,7.84281231010705
"TROUGHBARROW","2015","May_09",7.6034526608105,13.2231521434181,10.4133024021143
"TROUGHBARROW","2015","May_10",5.74920826260974,15.0841151615957,10.4166617121027
"TROUGHBARROW","2015","May_11",10.5607351154232,15.0357471462693,12.7982411308463
"TROUGHBARROW","2015","May_12",8.78758315346991,12.7798967469624,10.7837399502162
"TROUGHBARROW","2015","May_13",4.2917929456844,14.4790244056243,9.38540867565436
"TROUGHBARROW","2015","May_14",4.96702454164658,12.6098689420676,8.78844674185708
"TROUGHBARROW","2015","May_15",3.45426492881202,14.0013296747674,8.72779730178969
"TROUGHBARROW","2015","May_16",7.98448490487668,12.9114102430493,10.447947573963
"TROUGHBARROW","2015","May_17",6.98314302881785,12.2773790322969,9.63026103055739
"TROUGHBARROW","2015","May_18",7.02630400511944,11.6648179234288,9.34556096427409
"TROUGHBARROW","2015","May_19",4.77944425533686,11.9682265066328,8.37383538098481
"TROUGHBARROW","2015","May_20",5.10798260221588,14.0097920389528,9.55888732058433
"TROUGHBARROW","2015","May_21",6.45672106378874,13.5583451315409,10.0075330976648
"TROUGHBARROW","2015","May_22",10.088999188492,15.3069818954733,12.6979905419827
"TROUGHBARROW","2015","May_23",7.3260955924724,15.8061789919078,11.5661372921901
"TROUGHBARROW","2015","May_24",8.43216372358686,13.8968517183108,11.1645077209488
"TROUGHBARROW","2015","May_25",8.40016130066035,14.6651627633885,11.5326620320244
"TROUGHBARROW","2015","May_26",6.52188700504724,15.0374043548943,10.7796456799708
"TROUGHBARROW","2015","May_27",7.51618768432243,12.527609916924,10.0218988006232
"TROUGHBARROW","2015","May_28",7.42823271819678,12.9895603927374,10.2088965554671
"TROUGHBARROW","2015","May_29",6.18233503761098,12.4532253971735,9.31778021739223
"TROUGHBARROW","2015","May_30",4.74473349640562,12.7275564664953,8.73614498145048
"TROUGHBARROW","2015","May_31",8.22418853609329,12.2266324014466,10.2254104687699
"TROUGHBARROW","2015","June_01",5.57802649910103,12.0454825313137,8.81175451520739
"TROUGHBARROW","2015","June_02",6.68882844629308,14.3573580319977,10.5230932391454
"TROUGHBARROW","2015","June_03",7.67343821654782,14.8056447133022,11.239541464925
"TROUGHBARROW","2015","June_04",4.47503900829617,19.5085686734383,11.9918038408673
"TROUGHBARROW","2015","June_05",10.7913649586024,15.9358695599532,13.3636172592778
"TROUGHBARROW","2015","June_06",9.07490434760634,14.2137638104468,11.6443340790266
"TROUGHBARROW","2015","June_07",7.94396615263085,14.9858615771889,11.4649138649099
"TROUGHBARROW","2015","June_08",3.25211138552914,15.5725757736482,9.4123435795887
"TROUGHBARROW","2015","June_09",3.8548959765672,16.2030075988429,10.0289517877051
"TROUGHBARROW","2015","June_10",5.013564635529,19.5864778292643,12.3000212323967
"TROUGHBARROW","2015","June_11",6.01772142979586,21.0531144422279,13.5354179360119
"TROUGHBARROW","2015","June_12",7.69162140080199,22.7721956115913,15.2319085061966
"TROUGHBARROW","2015","June_13",13.1295200221981,17.8155559345187,15.4725379783584
"TROUGHBARROW","2015","June_14",9.73005234169966,13.678774022627,11.7044131821633
"TROUGHBARROW","2015","June_15",5.04080549390647,16.9314663848551,10.9861359393808
"TROUGHBARROW","2015","June_16",10.7192642711251,17.7944340414892,14.2568491563072
"TROUGHBARROW","2015","June_17",13.1353987689557,16.7885808197309,14.9619897943433
"TROUGHBARROW","2015","June_18",8.22704460347978,14.4565534821156,11.3417990427977
"TROUGHBARROW","2015","June_19",9.25369919382361,14.0962177063102,11.6749584500669
"TROUGHBARROW","2015","June_20",11.3826404013892,18.6341097500429,15.008375075716
"TROUGHBARROW","2015","June_21",10.3083831865432,14.8244365276499,12.5664098570966
"TROUGHBARROW","2015","June_22",8.73336202617122,15.5857821494847,12.159572087828
"TROUGHBARROW","2015","June_23",7.10609951951624,17.9984602153321,12.5522798674242
"TROUGHBARROW","2015","June_24",7.48727667275899,18.0138651859233,12.7505709293411
"TROUGHBARROW","2015","June_25",12.9063889997254,18.8696232025206,15.888006101123
"TROUGHBARROW","2015","June_26",12.8641208410335,18.3982705476449,15.6311956943392
"TROUGHBARROW","2015","June_27",9.19864976698635,19.3054193039231,14.2520345354547
"TROUGHBARROW","2015","June_28",13.2252097198665,19.0695225266447,16.1473661232556
"TROUGHBARROW","2015","June_29",10.8596975052757,21.6048675557324,16.232282530504
"TROUGHBARROW","2015","June_30",14.295589310799,27.9241486520626,21.1098689814308
"TROUGHBARROW","2016","April_01",1.1539154224835,8.31650972298132,4.73521257273241
"TROUGHBARROW","2016","April_02",5.67581011866432,9.72586489153285,7.70083750509859
"TROUGHBARROW","2016","April_03",4.88300894086744,13.3740335005406,9.12852122070402
"TROUGHBARROW","2016","April_04",7.02718532011325,10.5068915270638,8.76703842358853
"TROUGHBARROW","2016","April_05",6.73225221867647,11.1680451770047,8.95014869784057
"TROUGHBARROW","2016","April_06",5.28247181763893,8.77067388916845,7.02657285340369
"TROUGHBARROW","2016","April_07",4.15981921423911,11.9633372077518,8.06157821099544
"TROUGHBARROW","2016","April_08",2.36674435777407,10.6799131645892,6.52332876118163
"TROUGHBARROW","2016","April_09",3.31073455363158,9.64151068735095,6.47612262049126
"TROUGHBARROW","2016","April_10",-0.512413009115711,12.6512245270897,6.069405758987
"TROUGHBARROW","2016","April_11",5.33836511794429,15.3640325492617,10.351198833603
"TROUGHBARROW","2016","April_12",6.99238523682063,9.36348284278863,8.17793403980463
"TROUGHBARROW","2016","April_13",5.65862008225154,11.8935198385305,8.77606996039104
"TROUGHBARROW","2016","April_14",5.03296948640571,12.0027212285771,8.5178453574914
"TROUGHBARROW","2016","April_15",4.80281950791671,9.1499439668949,6.97638173740581
"TROUGHBARROW","2016","April_16",0.179689430635747,9.38386293423765,4.7817761824367
"TROUGHBARROW","2016","April_17",-2.05054558599887,10.4865659237758,4.21801016888847
"TROUGHBARROW","2016","April_18",5.45183389940686,10.9465643455655,8.1991991224862
"TROUGHBARROW","2016","April_19",0.685074520834037,13.4349864865116,7.06003050367282
"TROUGHBARROW","2016","April_20",1.35330565167781,16.5689082977035,8.96110697469067
"TROUGHBARROW","2016","April_21",2.51282896545352,18.5843863308765,10.548607648165
"TROUGHBARROW","2016","April_22",3.05634858301096,12.3108201954621,7.68358438923655
"TROUGHBARROW","2016","April_23",-0.267852180171437,10.2673558653842,4.99975184260638
"TROUGHBARROW","2016","April_24",1.2076394227182,10.1853155453653,5.69647748404175
"TROUGHBARROW","2016","April_25",4.48106729934792,10.1431506880598,7.31210899370385
"TROUGHBARROW","2016","April_26",1.41933621802337,9.52071927494348,5.47002774648342
"TROUGHBARROW","2016","April_27",0.163121250396879,7.1099212008003,3.63652122559859
"TROUGHBARROW","2016","April_28",-1.66758906857996,6.67014581959544,2.50127837550774
"TROUGHBARROW","2016","April_29",1.22170786071856,8.0615622174916,4.64163503910508
"TROUGHBARROW","2016","April_30",-0.181069858311562,10.7460749333474,5.28250253751791
"TROUGHBARROW","2016","May_01",3.61968233309133,11.582530486442,7.60110640976667
"TROUGHBARROW","2016","May_02",7.06266245513229,12.9097174508221,9.98618995297721
"TROUGHBARROW","2016","May_03",5.14431388415677,12.3189502514713,8.73163206781406
"TROUGHBARROW","2016","May_04",5.02822282222731,14.1359215409738,9.58207218160057
"TROUGHBARROW","2016","May_05",4.38520206913883,16.4966550699919,10.4409285695654
"TROUGHBARROW","2016","May_06",7.36217447006807,19.1971080907862,13.2796412804271
"TROUGHBARROW","2016","May_07",9.53225981795435,19.7192242046181,14.6257420112862
"TROUGHBARROW","2016","May_08",10.4212539600531,24.3420149192514,17.3816344396522
"TROUGHBARROW","2016","May_09",10.9584915853171,24.4476437819929,17.703067683655
"TROUGHBARROW","2016","May_10",11.8775499114901,21.0553787075028,16.4664643094964
"TROUGHBARROW","2016","May_11",11.7489585259642,20.8659498734007,16.3074541996824
"TROUGHBARROW","2016","May_12",11.8280908054659,21.4335903761909,16.6308405908284
"TROUGHBARROW","2016","May_13",8.43169157302698,14.4349950322594,11.4333433026432
"TROUGHBARROW","2016","May_14",0.212965000740386,13.6957700722921,6.95436753651626
"TROUGHBARROW","2016","May_15",2.38715173477313,14.1728619463371,8.28000684055512
"TROUGHBARROW","2016","May_16",2.65090916247508,14.3245361665997,8.48772266453738
"TROUGHBARROW","2016","May_17",3.29689033045171,16.6021632795002,9.94952680497595
"TROUGHBARROW","2016","May_18",9.73472982944327,15.3523482854031,12.5435390574232
"TROUGHBARROW","2016","May_19",6.53021722946923,14.7188642874981,10.6245407584837
"TROUGHBARROW","2016","May_20",10.2972094916658,15.5575889083799,12.9273992000228
"TROUGHBARROW","2016","May_21",10.5844722083779,15.9100833328432,13.2472777706105
"TROUGHBARROW","2016","May_22",8.76259660237342,16.1408176106718,12.4517071065226
"TROUGHBARROW","2016","May_23",4.47967604910374,16.881438967423,10.6805575082633
"TROUGHBARROW","2016","May_24",5.05122856131207,16.7318046393218,10.8915166003169
"TROUGHBARROW","2016","May_25",5.80907608610412,12.4097428963512,9.10940949122766
"TROUGHBARROW","2016","May_26",8.1778523661459,14.6683305442614,11.4230914552037
"TROUGHBARROW","2016","May_27",8.36894095184054,17.7865851766736,13.0777630642571
"TROUGHBARROW","2016","May_28",6.7026804299946,18.6316852498354,12.667182839915
"TROUGHBARROW","2016","May_29",6.55844175092732,19.4171184214207,12.987780086174
"TROUGHBARROW","2016","May_30",6.88423052316419,19.3900891049196,13.1371598140419
"TROUGHBARROW","2016","May_31",9.20573573505992,19.0924673792066,14.1491015571332
"TROUGHBARROW","2016","June_01",10.426654722476,16.4520856019561,13.4393701622161
"TROUGHBARROW","2016","June_02",5.97019398159454,17.6713135396736,11.8207537606341
"TROUGHBARROW","2016","June_03",4.52472048554258,20.2773427211786,12.4010316033606
"TROUGHBARROW","2016","June_04",12.2826465258294,22.1143247084277,17.1984856171286
"TROUGHBARROW","2016","June_05",10.7816858349809,24.4459405286015,17.6138131817912
"TROUGHBARROW","2016","June_06",12.2540464432302,25.4993306984895,18.8766885708598
"TROUGHBARROW","2016","June_07",12.9030703940566,24.1879028111637,18.5454866026101
"TROUGHBARROW","2016","June_08",14.0717043779301,21.5554104187916,17.8135573983608
"TROUGHBARROW","2016","June_09",12.332229627902,23.0032731306011,17.6677513792516
"TROUGHBARROW","2016","June_10",14.5232370409483,21.0487468425051,17.7859919417267
"TROUGHBARROW","2016","June_11",13.7359247865571,17.7304736675957,15.7331992270764
"TROUGHBARROW","2016","June_12",13.5124127618842,20.531484345584,17.0219485537341
"TROUGHBARROW","2016","June_13",13.2467787727695,16.5310459043346,14.888912338552
"TROUGHBARROW","2016","June_14",11.6028056462472,18.8788390562658,15.2408223512565
"TROUGHBARROW","2016","June_15",12.1783236999017,18.7833795631726,15.4808516315371
"TROUGHBARROW","2016","June_16",11.8392312202115,17.5055142650827,14.6723727426471
"TROUGHBARROW","2016","June_17",11.3293079260306,16.2833225043536,13.8063152151921
"TROUGHBARROW","2016","June_18",10.3834894471345,17.3412492894028,13.8623693682687
"TROUGHBARROW","2016","June_19",9.87240270774915,17.2629785230735,13.5676906154113
"TROUGHBARROW","2016","June_20",14.1421492739263,18.4168760272097,16.279512650568
"TROUGHBARROW","2016","June_21",12.1612955134902,18.9318931435662,15.5465943285282
"TROUGHBARROW","2016","June_22",12.5519734121847,19.2465288241252,15.899251118155
"TROUGHBARROW","2016","June_23",9.46577972943753,20.1375067203244,14.801643224881
"TROUGHBARROW","2016","June_24",12.3021817081748,17.5988417662332,14.950511737204
"TROUGHBARROW","2016","June_25",7.67858579011562,18.0206314065993,12.8496085983575
"TROUGHBARROW","2016","June_26",10.3523492367737,16.3834537985278,13.3679015176507
"TROUGHBARROW","2016","June_27",11.9412444298278,16.2234391709353,14.0823418003815
"TROUGHBARROW","2016","June_28",7.94856706962569,15.3046816828657,11.6266243762457
"TROUGHBARROW","2016","June_29",9.89292606595896,15.7837776017466,12.8383518338528
"TROUGHBARROW","2016","June_30",9.52314367130649,16.3178978511438,12.9205207612252
"TROUGHBARROW","2017","April_01",8.56101365780393,13.1913694546665,10.8761915562352
"TROUGHBARROW","2017","April_02",3.47006316533256,12.9190616134977,8.19456238941513
"TROUGHBARROW","2017","April_03",1.95867877626635,13.447870652998,7.70327471463219
"TROUGHBARROW","2017","April_04",8.16156848319512,12.8922427247957,10.5269056039954
"TROUGHBARROW","2017","April_05",5.27430473536579,12.1800997670182,8.727202251192
"TROUGHBARROW","2017","April_06",1.62126375605107,10.6261226328844,6.12369319446773
"TROUGHBARROW","2017","April_07",6.71154170967828,11.5219834940034,9.11676260184086
"TROUGHBARROW","2017","April_08",-0.177251519660352,16.6502861439683,8.23651731215397
"TROUGHBARROW","2017","April_09",4.83646907198922,16.0418269633333,10.4391480176612
"TROUGHBARROW","2017","April_10",4.81881629456567,12.4585538439031,8.6386850692344
"TROUGHBARROW","2017","April_11",4.63768888569808,11.3984823378553,8.01808561177671
"TROUGHBARROW","2017","April_12",7.91982777843417,12.1246736997041,10.0222507390691
"TROUGHBARROW","2017","April_13",4.31216883193102,10.2819241836895,7.29704650781026
"TROUGHBARROW","2017","April_14",7.5078887360394,11.8740108107391,9.69094977338923
"TROUGHBARROW","2017","April_15",5.14330899833685,11.1017502846607,8.12252964149876
"TROUGHBARROW","2017","April_16",4.2153481084795,10.6316646299487,7.42350636921409
"TROUGHBARROW","2017","April_17",5.07769498080009,11.1822559369559,8.12997545887798
"TROUGHBARROW","2017","April_18",-0.639758755649485,11.3924977265581,5.37636948545433
"TROUGHBARROW","2017","April_19",4.36001559903988,11.8835103055014,8.12176295227064
"TROUGHBARROW","2017","April_20",7.58224370878759,13.9236010471089,10.7529223779483
"TROUGHBARROW","2017","April_21",6.99697609776346,14.3166539427506,10.656815020257
"TROUGHBARROW","2017","April_22",1.99239948486139,13.0093127729906,7.500856128926
"TROUGHBARROW","2017","April_23",0.888622361188142,12.3796733092386,6.63414783521336
"TROUGHBARROW","2017","April_24",6.95800543218944,10.8832213167431,8.92061337446625
"TROUGHBARROW","2017","April_25",-1.73150892675541,9.32804432924751,3.79826770124605
"TROUGHBARROW","2017","April_26",-0.0643586122971038,9.95688580496895,4.94626359633592
"TROUGHBARROW","2017","April_27",1.96156640568273,12.7535250583444,7.35754573201357
"TROUGHBARROW","2017","April_28",2.65725638434574,11.8588572850042,7.25805683467498
"TROUGHBARROW","2017","April_29",6.39532083641568,13.3541409658761,9.8747309011459
"TROUGHBARROW","2017","April_30",8.09214033423811,15.4149177352301,11.7535290347341
"TROUGHBARROW","2017","May_01",9.25165628599858,16.6647867240657,12.9582215050322
"TROUGHBARROW","2017","May_02",5.25848500840045,16.7112941202065,10.9848895643035
"TROUGHBARROW","2017","May_03",4.02523145431017,16.5296576460704,10.2774445501903
"TROUGHBARROW","2017","May_04",6.63257118756956,16.4728267457168,11.5526989666432
"TROUGHBARROW","2017","May_05",4.30081042074603,16.0798303551216,10.1903203879338
"TROUGHBARROW","2017","May_06",4.17270810085534,14.4602167739063,9.31646243738083
"TROUGHBARROW","2017","May_07",2.24909738602584,16.2392143080862,9.244155847056
"TROUGHBARROW","2017","May_08",3.59884147962154,14.2214409209468,8.91014120028418
"TROUGHBARROW","2017","May_09",0.922718833219854,13.2189488679208,7.07083385057033
"TROUGHBARROW","2017","May_10",1.23458985074605,16.361791498801,8.79819067477351
"TROUGHBARROW","2017","May_11",3.34356441233137,19.5601660674208,11.4518652398761
"TROUGHBARROW","2017","May_12",8.58383981970119,17.5340134021045,13.0589266109028
"TROUGHBARROW","2017","May_13",10.1519072596643,15.8868068078564,13.0193570337603
"TROUGHBARROW","2017","May_14",9.647313537982,15.5201634489426,12.5837384934623
"TROUGHBARROW","2017","May_15",7.60621525849629,15.6199412640697,11.613078261283
"TROUGHBARROW","2017","May_16",11.0377623749936,17.0838911370245,14.0608267560091
"TROUGHBARROW","2017","May_17",8.69568102001462,13.7220512641373,11.208866142076
"TROUGHBARROW","2017","May_18",5.4495998330419,15.3092977290372,10.3794487810396
"TROUGHBARROW","2017","May_19",5.74093986682773,14.4123829871033,10.0766614269655
"TROUGHBARROW","2017","May_20",6.52798658154119,14.0521684421744,10.2900775118578
"TROUGHBARROW","2017","May_21",8.58330632277479,17.2781300857179,12.9307182042463
"TROUGHBARROW","2017","May_22",8.62649988322813,21.6675789002621,15.1470393917451
"TROUGHBARROW","2017","May_23",8.79674902065031,18.0082246150545,13.4024868178524
"TROUGHBARROW","2017","May_24",12.6754093566815,20.0097521759129,16.3425807662972
"TROUGHBARROW","2017","May_25",11.0613955737302,26.4104705211612,18.7359330474457
"TROUGHBARROW","2017","May_26",14.6564852536718,27.1774164389717,20.9169508463218
"TROUGHBARROW","2017","May_27",13.4980295621991,25.7070665954268,19.602548078813
"TROUGHBARROW","2017","May_28",12.4453021806812,17.8832422534416,15.1642722170614
"TROUGHBARROW","2017","May_29",12.3983224145028,15.1518757439797,13.7750990792413
"TROUGHBARROW","2017","May_30",12.1729932338575,17.3841545054541,14.7785738696558
"TROUGHBARROW","2017","May_31",5.42542808652058,20.462105163728,12.9437666251243
"TROUGHBARROW","2017","June_01",12.9958228762542,20.4695452887915,16.7326840825229
"TROUGHBARROW","2017","June_02",12.1888784990542,17.4881973540481,14.8385379265511
"TROUGHBARROW","2017","June_03",6.29920380932595,17.8364655378071,12.0678346735665
"TROUGHBARROW","2017","June_04",9.14587775212778,16.2393211581967,12.6925994551623
"TROUGHBARROW","2017","June_05",9.041364540698,15.0474226026468,12.0443935716724
"TROUGHBARROW","2017","June_06",10.6831226909107,13.1301235948106,11.9066231428606
"TROUGHBARROW","2017","June_07",10.0724624525031,15.3811842213262,12.7268233369147
"TROUGHBARROW","2017","June_08",10.4735796412347,17.6720416972361,14.0728106692354
"TROUGHBARROW","2017","June_09",11.4537777697309,16.7563221736617,14.1050499716963
"TROUGHBARROW","2017","June_10",11.6555041751916,18.2204361788949,14.9379701770433
"TROUGHBARROW","2017","June_11",12.6025266841842,16.5893802775923,14.5959534808883
"TROUGHBARROW","2017","June_12",12.1699303527255,15.3686984452229,13.7693143989742
"TROUGHBARROW","2017","June_13",11.9342930840438,17.7481760694393,14.8412345767415
"TROUGHBARROW","2017","June_14",11.6553098497138,23.5804486626188,17.6178792561663
"TROUGHBARROW","2017","June_15",11.0419499296384,17.7681435469293,14.4050467382839
"TROUGHBARROW","2017","June_16",12.095220472814,18.2437942267705,15.1695073497922
"TROUGHBARROW","2017","June_17",14.0628043817629,22.208006962194,18.1354056719785
"TROUGHBARROW","2017","June_18",10.4919036642337,23.2552198629014,16.8735617635675
"TROUGHBARROW","2017","June_19",11.2237741903161,25.9703634605882,18.5970688254522
"TROUGHBARROW","2017","June_20",13.0888291189448,22.5656846323185,17.8272568756317
"TROUGHBARROW","2017","June_21",13.9277015176192,26.6398484300746,20.2837749738469
"TROUGHBARROW","2017","June_22",14.6257067318567,18.0585372303153,16.342121981086
"TROUGHBARROW","2017","June_23",13.0353977014895,16.3135686223546,14.6744831619221
"TROUGHBARROW","2017","June_24",12.1167870029091,17.1682993110959,14.6425431570025
"TROUGHBARROW","2017","June_25",11.2583857235908,16.7635378674963,14.0109617955436
"TROUGHBARROW","2017","June_26",6.88339035299089,17.9197107790045,12.4015505659977
"TROUGHBARROW","2017","June_27",10.7774727061374,15.8541864612819,13.3158295837097
"TROUGHBARROW","2017","June_28",11.1918695184982,13.1520653010565,12.1719674097774
"TROUGHBARROW","2017","June_29",9.58228712723787,16.0559050613847,12.8190960943113
"TROUGHBARROW","2017","June_30",12.3029325206388,18.2573022950386,15.2801174078387
"TROUGHBARROW","2018","April_01",0.376077673581574,7.06224882038956,3.71916324698557
"TROUGHBARROW","2018","April_02",2.00905386762668,9.3936221541931,5.70133801090989
"TROUGHBARROW","2018","April_03",3.02388926424238,12.2973973508243,7.66064330753333
"TROUGHBARROW","2018","April_04",4.26951133688059,11.3003497542106,7.78493054554558
"TROUGHBARROW","2018","April_05",-0.780557249181469,9.57129807366036,4.39537041223945
"TROUGHBARROW","2018","April_06",4.47775805872197,13.1383616142692,8.80805983649561
"TROUGHBARROW","2018","April_07",4.62967105393769,9.84769979014286,7.23868542204028
"TROUGHBARROW","2018","April_08",3.16458522131693,10.9972266020577,7.08090591168732
"TROUGHBARROW","2018","April_09",2.71379214879501,14.7489247964473,8.73135847262117
"TROUGHBARROW","2018","April_10",6.67811721248444,9.02665590658822,7.85238655953633
"TROUGHBARROW","2018","April_11",6.46102957155867,10.8650165503575,8.6630230609581
"TROUGHBARROW","2018","April_12",5.74387312174167,10.4270368132485,8.08545496749509
"TROUGHBARROW","2018","April_13",5.75543284911053,10.2563561749549,8.00589451203273
"TROUGHBARROW","2018","April_14",6.57963392270262,14.5703510039748,10.5749924633387
"TROUGHBARROW","2018","April_15",6.34929388236548,14.0526832545871,10.2009885684763
"TROUGHBARROW","2018","April_16",8.39341326802309,13.7241867844964,11.0588000262597
"TROUGHBARROW","2018","April_17",9.48809427575668,14.5934068353148,12.0407505555357
"TROUGHBARROW","2018","April_18",9.75962908897577,20.4529706441123,15.106299866544
"TROUGHBARROW","2018","April_19",9.68959893408916,18.8602835225408,14.274941228315
"TROUGHBARROW","2018","April_20",7.58518555505817,14.8636313552309,11.2244084551445
"TROUGHBARROW","2018","April_21",3.13299740450799,20.553119474617,11.8430584395625
"TROUGHBARROW","2018","April_22",9.81005144628735,13.1756567532503,11.4928540997688
"TROUGHBARROW","2018","April_23",8.16996443719675,12.1735717947501,10.1717681159734
"TROUGHBARROW","2018","April_24",7.50831185128974,11.9211630575551,9.71473745442244
"TROUGHBARROW","2018","April_25",6.36295486034513,12.0131072948322,9.18803107758864
"TROUGHBARROW","2018","April_26",6.59039646887718,11.0706801292974,8.83053829908727
"TROUGHBARROW","2018","April_27",3.50777785455595,10.2474804044988,6.87762912952738
"TROUGHBARROW","2018","April_28",1.25215040496242,11.9617969382497,6.60697367160607
"TROUGHBARROW","2018","April_29",1.9024077304053,11.2698028999529,6.58610531517909
"TROUGHBARROW","2018","April_30",0.53489532578019,11.925207816627,6.23005157120359
"TROUGHBARROW","2018","May_01",-0.0526538979471635,12.4919436342153,6.21964486813407
"TROUGHBARROW","2018","May_02",6.90126685774949,11.9438773018213,9.42257207978542
"TROUGHBARROW","2018","May_03",4.39794794042588,12.2400353156826,8.31899162805422
"TROUGHBARROW","2018","May_04",8.59353207765318,15.8193248824229,12.206428480038
"TROUGHBARROW","2018","May_05",6.29792082588716,17.8048050382585,12.0513629320729
"TROUGHBARROW","2018","May_06",6.58560366903963,22.0975403225473,14.3415719957935
"TROUGHBARROW","2018","May_07",7.40049934261127,22.6393773202338,15.0199383314225
"TROUGHBARROW","2018","May_08",8.94264909504696,14.283853868773,11.61325148191
"TROUGHBARROW","2018","May_09",6.39292761775797,13.2928035124842,9.8428655651211
"TROUGHBARROW","2018","May_10",6.26532465992202,12.8741687586612,9.56974670929161
"TROUGHBARROW","2018","May_11",5.10091288841337,15.1838285011236,10.1423706947685
"TROUGHBARROW","2018","May_12",4.84916021243735,14.854798401812,9.85197930712468
"TROUGHBARROW","2018","May_13",7.90307280188877,15.8645455054049,11.8838091536468
"TROUGHBARROW","2018","May_14",2.58432368222631,16.9898798857238,9.78710178397507
"TROUGHBARROW","2018","May_15",6.26068669534346,18.8296395064996,12.5451631009215
"TROUGHBARROW","2018","May_16",9.09809413740857,14.8352825740371,11.9666883557228
"TROUGHBARROW","2018","May_17",1.74882983393025,16.1192955792119,8.93406270657108
"TROUGHBARROW","2018","May_18",2.92443166864194,16.8062846022441,9.86535813544301
"TROUGHBARROW","2018","May_19",4.45452324898921,19.1893086922042,11.8219159705967
"TROUGHBARROW","2018","May_20",6.48832494727585,19.9600428931648,13.2241839202203
"TROUGHBARROW","2018","May_21",7.2042639456545,22.237096125321,14.7206800354877
"TROUGHBARROW","2018","May_22",10.2540392897366,18.9764808678047,14.6152600787706
"TROUGHBARROW","2018","May_23",6.99607397261503,19.3926920250809,13.1943829988479
"TROUGHBARROW","2018","May_24",7.89435634059805,22.5517383012566,15.2230473209273
"TROUGHBARROW","2018","May_25",9.58767515094076,18.6670851691274,14.1273801600341
"TROUGHBARROW","2018","May_26",11.6456717330696,22.137941722514,16.8918067277918
"TROUGHBARROW","2018","May_27",10.4421458319844,24.8769007950454,17.6595233135149
"TROUGHBARROW","2018","May_28",12.4087352012466,24.2198657650418,18.3143004831442
"TROUGHBARROW","2018","May_29",12.5078189454708,20.3209653560396,16.4143921507552
"TROUGHBARROW","2018","May_30",11.1327625591228,20.4987168558831,15.8157397075029
"TROUGHBARROW","2018","May_31",13.9026605758764,23.2635933545354,18.5831269652059
"TROUGHBARROW","2018","June_01",13.7442836988452,23.8501950118437,18.7972393553445
"TROUGHBARROW","2018","June_02",14.1972875783786,18.461410214207,16.3293488962928
"TROUGHBARROW","2018","June_03",13.4777922623304,21.017193881666,17.2474930719982
"TROUGHBARROW","2018","June_04",14.173076869604,20.2514385198051,17.2122576947045
"TROUGHBARROW","2018","June_05",9.17041432291146,19.7704330176825,14.470423670297
"TROUGHBARROW","2018","June_06",6.71125860461762,19.5717976100144,13.141528107316
"TROUGHBARROW","2018","June_07",8.44920773820136,22.6526011355737,15.5509044368875
"TROUGHBARROW","2018","June_08",10.447927228206,19.9851011673588,15.2165141977824
"TROUGHBARROW","2018","June_09",10.9563145057741,21.7229809862536,16.3396477460138
"TROUGHBARROW","2018","June_10",10.2461545694383,23.2163747025483,16.7312646359933
"TROUGHBARROW","2018","June_11",11.2389219557827,21.0419318257213,16.140426890752
"TROUGHBARROW","2018","June_12",10.0614477152159,18.8554362018099,14.4584419585129
"TROUGHBARROW","2018","June_13",7.54214615884805,17.9558692253633,12.7490076921057
"TROUGHBARROW","2018","June_14",13.1512377504622,17.1601327346608,15.1556852425615
"TROUGHBARROW","2018","June_15",10.8429350087968,15.4657951187974,13.1543650637971
"TROUGHBARROW","2018","June_16",8.90132165554566,16.0673332729467,12.4843274642462
"TROUGHBARROW","2018","June_17",10.8597680829141,15.9750350458171,13.4174015643656
"TROUGHBARROW","2018","June_18",12.3488848117867,16.8670698199649,14.6079773158758
"TROUGHBARROW","2018","June_19",9.29622068206088,17.5005058294656,13.3983632557632
"TROUGHBARROW","2018","June_20",13.1557106071173,17.3545460226233,15.2551283148703
"TROUGHBARROW","2018","June_21",8.32367679821225,17.1301910647007,12.7269339314565
"TROUGHBARROW","2018","June_22",5.55836197216484,18.8843829861255,12.2213724791452
"TROUGHBARROW","2018","June_23",7.4019729864354,17.4410517969122,12.4215123916738
"TROUGHBARROW","2018","June_24",6.22302998919398,22.2383274843722,14.2306787367831
"TROUGHBARROW","2018","June_25",7.98231711331809,25.6877358623111,16.8350264878146
"TROUGHBARROW","2018","June_26",12.0294644216482,28.3899963390104,20.2097303803293
"TROUGHBARROW","2018","June_27",12.2937848861201,28.4443660930953,20.3690754896077
"TROUGHBARROW","2018","June_28",10.6496365296627,28.601295098966,19.6254658143143
"TROUGHBARROW","2018","June_29",11.0094943478242,28.0301803393599,19.519837343592
"TROUGHBARROW","2018","June_30",10.7506391571627,25.7302739942195,18.2404565756911
"TROUGHBARROW","2019","April_01",1.23146586014907,10.3173674896639,5.77441667490648
"TROUGHBARROW","2019","April_02",3.67297023156314,9.29400719618562,6.48348871387438
"TROUGHBARROW","2019","April_03",0.401741382241582,7.21689091164851,3.80931614694505
"TROUGHBARROW","2019","April_04",1.78626556065368,9.69308668963516,5.73967612514442
"TROUGHBARROW","2019","April_05",4.76949097781609,13.2759734391928,9.02273220850444
"TROUGHBARROW","2019","April_06",2.95099843118815,13.6364224776854,8.29371045443678
"TROUGHBARROW","2019","April_07",6.35103578833105,14.5484114333483,10.4497236108397
"TROUGHBARROW","2019","April_08",6.35191720784034,13.6873006148213,10.0196089113308
"TROUGHBARROW","2019","April_09",5.55732972873645,11.4547611476269,8.50604543818165
"TROUGHBARROW","2019","April_10",-0.208263800070443,11.4313344954622,5.61153534769586
"TROUGHBARROW","2019","April_11",-1.29425376699394,11.2366626869003,4.97120445995318
"TROUGHBARROW","2019","April_12",-0.286806273702467,10.7756859386847,5.24443983249114
"TROUGHBARROW","2019","April_13",-1.41600212217423,10.1792516298361,4.38162475383095
"TROUGHBARROW","2019","April_14",-0.648383553424902,8.93267449268379,4.14214546962945
"TROUGHBARROW","2019","April_15",2.91454634636329,12.8158553926585,7.86520086951089
"TROUGHBARROW","2019","April_16",5.65744268308201,13.3967361914888,9.5270894372854
"TROUGHBARROW","2019","April_17",6.31671967645384,18.3848088543245,12.3507642653892
"TROUGHBARROW","2019","April_18",6.38770020737759,19.2420076919075,12.8148539496426
"TROUGHBARROW","2019","April_19",6.03451909944778,22.5032650847533,14.2688920921006
"TROUGHBARROW","2019","April_20",8.15835028709229,21.7033272967443,14.9308387919183
"TROUGHBARROW","2019","April_21",7.03964426211512,21.2045695561238,14.1221069091195
"TROUGHBARROW","2019","April_22",6.20636094157232,21.8904079094357,14.048384425504
"TROUGHBARROW","2019","April_23",8.96877783243922,19.420382147848,14.1945799901436
"TROUGHBARROW","2019","April_24",7.8221934294722,18.5497235508039,13.1859584901381
"TROUGHBARROW","2019","April_25",7.23866928884429,14.9712420991768,11.1049556940106
"TROUGHBARROW","2019","April_26",7.11280707534252,11.7643205631693,9.43856381925589
"TROUGHBARROW","2019","April_27",5.97401816994486,11.4792665934599,8.72664238170241
"TROUGHBARROW","2019","April_28",3.53457298053495,14.5159340621771,9.025253521356
"TROUGHBARROW","2019","April_29",3.80877174967338,16.1540333409551,9.98140254531422
"TROUGHBARROW","2019","April_30",4.36781557928012,16.429173165052,10.3984943721661
"TROUGHBARROW","2019","May_01",9.05697094585673,13.7102480550835,11.3836095004701
"TROUGHBARROW","2019","May_02",5.11313514950317,13.9884010850104,9.5507681172568
"TROUGHBARROW","2019","May_03",5.13479397137257,10.3437924929569,7.73929323216474
"TROUGHBARROW","2019","May_04",1.55577346041328,11.2067990940134,6.38128627721334
"TROUGHBARROW","2019","May_05",2.30364331130111,11.3194686682577,6.8115559897794
"TROUGHBARROW","2019","May_06",2.37275357388657,10.46436572805,6.41855965096827
"TROUGHBARROW","2019","May_07",4.19524298265068,11.8139394823168,8.00459123248372
"TROUGHBARROW","2019","May_08",6.46515322255166,9.45792384119184,7.96153853187175
"TROUGHBARROW","2019","May_09",6.10213854523846,9.51206629751696,7.80710242137771
"TROUGHBARROW","2019","May_10",3.33483507351837,11.9669516220462,7.6508933477823
"TROUGHBARROW","2019","May_11",2.23288907210719,14.424194726898,8.32854189950258
"TROUGHBARROW","2019","May_12",0.762292894462869,14.9567997344441,7.85954631445347
"TROUGHBARROW","2019","May_13",2.52637528055535,18.3030904646012,10.4147328725783
"TROUGHBARROW","2019","May_14",6.33186526542392,21.6579746074634,13.9949199364437
"TROUGHBARROW","2019","May_15",6.86349175897922,22.0965783612222,14.4800350601007
"TROUGHBARROW","2019","May_16",5.79683216923871,17.9458040928694,11.8713181310541
"TROUGHBARROW","2019","May_17",8.80213937107964,19.6019869811093,14.2020631760945
"TROUGHBARROW","2019","May_18",9.84391730785539,15.3577305287449,12.6008239183002
"TROUGHBARROW","2019","May_19",8.34207449858119,15.6431746407123,11.9926245696468
"TROUGHBARROW","2019","May_20",8.22837848103007,16.584545541491,12.4064620112605
"TROUGHBARROW","2019","May_21",4.82860845038128,16.3867903079747,10.607699379178
"TROUGHBARROW","2019","May_22",4.50719234209519,16.6657810410057,10.5864866915505
"TROUGHBARROW","2019","May_23",5.64479594579813,16.7351889235382,11.1899924346681
"TROUGHBARROW","2019","May_24",5.18963689770882,17.2865378124487,11.2380873550787
"TROUGHBARROW","2019","May_25",5.73925814590097,15.0523778758038,10.3958180108524
"TROUGHBARROW","2019","May_26",12.0024993245836,16.1052456347552,14.0538724796694
"TROUGHBARROW","2019","May_27",9.8830763665515,14.4655160131366,12.174296189844
"TROUGHBARROW","2019","May_28",7.55482376145439,15.5794998811604,11.5671618213074
"TROUGHBARROW","2019","May_29",3.47849387214488,14.7788119779874,9.12865292506613
"TROUGHBARROW","2019","May_30",9.67777897697726,17.9898915550095,13.8338352659934
"TROUGHBARROW","2019","May_31",12.7347153319086,15.5690505333781,14.1518829326433
"TROUGHBARROW","2019","June_01",10.2804756037933,18.3243690312892,14.3024223175413
"TROUGHBARROW","2019","June_02",12.9142986838758,17.8856645365805,15.3999816102282
"TROUGHBARROW","2019","June_03",10.660961725022,15.7242906788572,13.1926262019396
"TROUGHBARROW","2019","June_04",9.37558452079822,16.211149623495,12.7933670721466
"TROUGHBARROW","2019","June_05",9.94354649935033,13.8450574645525,11.8943019819514
"TROUGHBARROW","2019","June_06",7.0983303639029,16.1746903333461,11.6365103486245
"TROUGHBARROW","2019","June_07",6.20081097864162,17.7798477501741,11.9903293644079
"TROUGHBARROW","2019","June_08",9.75971431519304,13.373264338047,11.56648932662
"TROUGHBARROW","2019","June_09",9.18600550051639,15.6608652638735,12.423435382195
"TROUGHBARROW","2019","June_10",4.60783304632811,18.3254190466875,11.4666260465078
"TROUGHBARROW","2019","June_11",9.53207932511512,13.0188263069116,11.2754528160134
"TROUGHBARROW","2019","June_12",8.82110254542635,13.7561054401672,11.2886039927968
"TROUGHBARROW","2019","June_13",9.52291752542134,11.6031979584036,10.5630577419125
"TROUGHBARROW","2019","June_14",7.4244785282862,15.6085100531027,11.5164942906945
"TROUGHBARROW","2019","June_15",9.76097912057819,16.4066298211112,13.0838044708447
"TROUGHBARROW","2019","June_16",6.91833776574016,17.598400383595,12.2583690746676
"TROUGHBARROW","2019","June_17",11.4935675900541,17.6503831410151,14.5719753655346
"TROUGHBARROW","2019","June_18",10.4161718464636,17.7833110351101,14.0997414407868
"TROUGHBARROW","2019","June_19",10.6160332584362,18.5821307520958,14.599082005266
"TROUGHBARROW","2019","June_20",10.4095747333563,15.7583349962071,13.0839548647817
"TROUGHBARROW","2019","June_21",8.71611561252327,16.4973188490688,12.606717230796
"TROUGHBARROW","2019","June_22",5.18628195236207,21.2577646141749,13.2220232832685
"TROUGHBARROW","2019","June_23",12.7010117874688,20.4169700584816,16.5589909229752
"TROUGHBARROW","2019","June_24",13.6362983755751,21.2961775616801,17.4662379686276
"TROUGHBARROW","2019","June_25",14.2803755918323,19.0930792871048,16.6867274394685
"TROUGHBARROW","2019","June_26",11.6543872434375,20.0147818991459,15.8345845712917
"TROUGHBARROW","2019","June_27",6.94039770875905,24.3207897700632,15.6305937394111
"TROUGHBARROW","2019","June_28",10.3617360926838,23.9795317832823,17.1706339379831
"TROUGHBARROW","2019","June_29",14.5281275027116,26.3356746051249,20.4319010539182
"TROUGHBARROW","2019","June_30",13.9973044308769,19.0113344661853,16.5043194485311
"TROUGHBARROW","2020","April_01",4.8420847372994,9.50202809493932,7.17205641611936
"TROUGHBARROW","2020","April_02",6.37179582258679,10.6735379573981,8.52266688999242
"TROUGHBARROW","2020","April_03",3.8974241196434,10.0996477271409,6.99853592339216
"TROUGHBARROW","2020","April_04",4.90792281889785,13.1298169958865,9.01886990739219
"TROUGHBARROW","2020","April_05",5.36906126060939,18.9674275888166,12.168244424713
"TROUGHBARROW","2020","April_06",8.59687456014788,12.7354749640971,10.6661747621225
"TROUGHBARROW","2020","April_07",3.69665380442354,15.4505563053194,9.57360505487146
"TROUGHBARROW","2020","April_08",4.4101317691637,16.7881986983414,10.5991652337525
"TROUGHBARROW","2020","April_09",4.08805031172969,16.2185584803259,10.1533043960278
"TROUGHBARROW","2020","April_10",6.21578189334527,20.8126899651742,13.5142359292597
"TROUGHBARROW","2020","April_11",9.54879416875127,17.1518657098245,13.3503299392879
"TROUGHBARROW","2020","April_12",6.4878240870154,17.1841520681011,11.8359880775582
"TROUGHBARROW","2020","April_13",3.83784864669518,9.85512874599273,6.84648869634395
"TROUGHBARROW","2020","April_14",-2.30951870924625,11.0262029164083,4.35834210358101
"TROUGHBARROW","2020","April_15",0.411413195596501,15.7503758776914,8.08089453664397
"TROUGHBARROW","2020","April_16",2.15106311719682,17.8043236273119,9.97769337225438
"TROUGHBARROW","2020","April_17",4.27531836765719,13.7810773627883,9.02819786522274
"TROUGHBARROW","2020","April_18",3.36035849614171,12.7775710339776,8.06896476505967
"TROUGHBARROW","2020","April_19",4.38563979638182,16.4354800367183,10.4105599165501
"TROUGHBARROW","2020","April_20",2.78850933271443,15.3701435940509,9.07932646338268
"TROUGHBARROW","2020","April_21",6.01715824024131,17.1068598953135,11.5620090677774
"TROUGHBARROW","2020","April_22",4.29378368175001,19.1837494062169,11.7387665439835
"TROUGHBARROW","2020","April_23",4.87243329980444,19.5029077908271,12.1876705453158
"TROUGHBARROW","2020","April_24",3.17610861251728,19.675511471231,11.4258100418742
"TROUGHBARROW","2020","April_25",3.97677785900132,18.6536539065333,11.3152158827673
"TROUGHBARROW","2020","April_26",5.65969184723562,14.0080381829084,9.83386501507201
"TROUGHBARROW","2020","April_27",4.54201999011892,14.55237902117,9.54719950564448
"TROUGHBARROW","2020","April_28",4.66603560950654,9.49137645377449,7.07870603164052
"TROUGHBARROW","2020","April_29",5.03153815958342,10.7813251158742,7.90643163772881
"TROUGHBARROW","2020","April_30",4.76293235825879,11.4976125603454,8.13027245930211
"TROUGHBARROW","2020","May_01",3.77530102897791,12.4066852953937,8.09099316218578
"TROUGHBARROW","2020","May_02",5.10188694119926,15.1093311918103,10.1056090665048
"TROUGHBARROW","2020","May_03",3.69196188566108,15.8289442659737,9.76045307581741
"TROUGHBARROW","2020","May_04",3.46399032353478,15.7284208160621,9.59620556979844
"TROUGHBARROW","2020","May_05",3.02874390365558,14.5509754942809,8.78985969896822
"TROUGHBARROW","2020","May_06",0.662720419507769,17.5869942129068,9.12485731620728
"TROUGHBARROW","2020","May_07",2.79727275020891,19.2920023277007,11.0446375389548
"TROUGHBARROW","2020","May_08",8.59362644060546,17.9618924930558,13.2777594668306
"TROUGHBARROW","2020","May_09",6.94980488132666,21.376603016358,14.1632039488423
"TROUGHBARROW","2020","May_10",7.45400233337094,9.83711416332372,8.64555824834733
"TROUGHBARROW","2020","May_11",0.75818293252293,11.478897696197,6.11854031435994
"TROUGHBARROW","2020","May_12",-0.129818577501094,13.2739289497553,6.5720551861271
"TROUGHBARROW","2020","May_13",3.17170644152211,11.5347809315677,7.35324368654492
"TROUGHBARROW","2020","May_14",-1.76438397636688,13.9618683162887,6.09874216996093
"TROUGHBARROW","2020","May_15",2.04936407774776,14.1300693771786,8.08971672746321
"TROUGHBARROW","2020","May_16",5.51508885808778,14.0930595662066,9.8040742121472
"TROUGHBARROW","2020","May_17",9.40570318557635,15.4034372337466,12.4045702096615
"TROUGHBARROW","2020","May_18",10.4059831412564,12.9051495516269,11.6555663464417
"TROUGHBARROW","2020","May_19",11.0622874228948,16.5497334705511,13.8060104467229
"TROUGHBARROW","2020","May_20",7.37560181631141,23.6340774243785,15.504839620345
"TROUGHBARROW","2020","May_21",7.79960792229241,18.2329613576631,13.0162846399778
"TROUGHBARROW","2020","May_22",12.1130011310052,15.7141468533502,13.9135739921777
"TROUGHBARROW","2020","May_23",10.1038317205343,13.7142780073754,11.9090548639548
"TROUGHBARROW","2020","May_24",10.6675210850892,16.279486611632,13.4735038483606
"TROUGHBARROW","2020","May_25",6.38936792127383,17.5605988428412,11.9749833820575
"TROUGHBARROW","2020","May_26",10.6403232487717,18.4689754139209,14.5546493313463
"TROUGHBARROW","2020","May_27",4.5775707895621,20.0405105148246,12.3090406521934
"TROUGHBARROW","2020","May_28",7.77502700627724,23.8047216363405,15.7898743213089
"TROUGHBARROW","2020","May_29",10.3185909927731,24.5774946262167,17.4480428094949
"TROUGHBARROW","2020","May_30",8.3508643307674,22.7385344264673,15.5446993786173
"TROUGHBARROW","2020","May_31",7.78158366684795,23.9412334406096,15.8614085537288
"TROUGHBARROW","2020","June_01",7.47142856461479,23.4828351287413,15.477131846678
"TROUGHBARROW","2020","June_02",7.72430888691122,22.9448246630746,15.3345667749929
"TROUGHBARROW","2020","June_03",10.5250518039641,13.9032642652567,12.2141580346104
"TROUGHBARROW","2020","June_04",6.27398097182736,14.9745571356808,10.6242690537541
"TROUGHBARROW","2020","June_05",6.51004109272843,13.7425713238563,10.1263062082924
"TROUGHBARROW","2020","June_06",7.21718210190961,16.1257086655297,11.6714453837196
"TROUGHBARROW","2020","June_07",9.24825342178369,16.31949888827,12.7838761550268
"TROUGHBARROW","2020","June_08",8.46704274878426,15.4645960590606,11.9658194039225
"TROUGHBARROW","2020","June_09",6.25704156181524,15.8247588998126,11.0409002308139
"TROUGHBARROW","2020","June_10",9.41527528787346,14.3568691172112,11.8860722025423
"TROUGHBARROW","2020","June_11",10.2491096421934,16.2811617403065,13.2651356912499
"TROUGHBARROW","2020","June_12",11.2180519499559,16.4298052879775,13.8239286189667
"TROUGHBARROW","2020","June_13",12.3270651911528,22.88438980853,17.6057274998414
"TROUGHBARROW","2020","June_14",11.8062889287804,23.9311706155286,17.8687297721545
"TROUGHBARROW","2020","June_15",12.7980193165214,22.9560525328451,17.8770359246832
"TROUGHBARROW","2020","June_16",12.7592648861121,20.958992261835,16.8591285739736
"TROUGHBARROW","2020","June_17",13.5131681395604,22.445549890963,17.9793590152617
"TROUGHBARROW","2020","June_18",12.2181642980698,16.8616554609403,14.539909879505
"TROUGHBARROW","2020","June_19",11.6775047059049,17.3549315181749,14.5162181120399
"TROUGHBARROW","2020","June_20",11.6698802956937,19.6583789805169,15.6641296381053
"TROUGHBARROW","2020","June_21",12.2107845173243,17.583572828362,14.8971786728432
"TROUGHBARROW","2020","June_22",10.2825416344343,18.3813336246614,14.3319376295479
"TROUGHBARROW","2020","June_23",13.1908356442846,22.4469514013738,17.8188935228292
"TROUGHBARROW","2020","June_24",11.8555247802944,27.505322538172,19.6804236592332
"TROUGHBARROW","2020","June_25",15.1051476289353,28.7882120363401,21.9466798326377
"TROUGHBARROW","2020","June_26",16.4920733551177,25.1804847337387,20.8362790444282
"TROUGHBARROW","2020","June_27",12.6790713193862,18.6006609447256,15.6398661320559
"TROUGHBARROW","2020","June_28",11.242841333013,13.4695577280726,12.3561995305428
"TROUGHBARROW","2020","June_29",10.9903770325304,14.6778521938718,12.8341146132011
"TROUGHBARROW","2020","June_30",11.9977083157902,15.7057821866317,13.8517452512109
"TROUGHBARROW","2022","April_01",-0.0188455155648883,8.63981141288996,4.31048294866253
"TROUGHBARROW","2022","April_02",-0.30064120291297,9.23219014694392,4.46577447201547
"TROUGHBARROW","2022","April_03",-0.697315820638512,10.4395238486815,4.87110401402149
"TROUGHBARROW","2022","April_04",5.52605195360621,11.5440914499539,8.53507170178007
"TROUGHBARROW","2022","April_05",9.04207081690621,10.5038359977873,9.77295340734676
"TROUGHBARROW","2022","April_06",7.56256267284009,10.8322972308239,9.19742995183199
"TROUGHBARROW","2022","April_07",4.8611318371161,8.66962375866278,6.76537779788944
"TROUGHBARROW","2022","April_08",-1.85463953461187,10.0136160375419,4.07948825146503
"TROUGHBARROW","2022","April_09",-1.58144008365455,9.49415208391328,3.95635600012937
"TROUGHBARROW","2022","April_10",-1.86335834194607,10.9008888646866,4.51876526137029
"TROUGHBARROW","2022","April_11",5.52593121312857,14.4778672175323,10.0018992153304
"TROUGHBARROW","2022","April_12",6.95982657612215,12.8682038866222,9.91401523137217
"TROUGHBARROW","2022","April_13",8.45391946318766,13.9078801986319,11.1808998309098
"TROUGHBARROW","2022","April_14",6.6449219933791,15.0451303325669,10.845026162973
"TROUGHBARROW","2022","April_15",8.42683257553947,17.1440790916061,12.7854558335728
"TROUGHBARROW","2022","April_16",7.34421602403005,19.0409514353069,13.1925837296685
"TROUGHBARROW","2022","April_17",7.41601274422031,18.9363683486884,13.1761905464543
"TROUGHBARROW","2022","April_18",8.48436273997913,12.5099371164291,10.4971499282041
"TROUGHBARROW","2022","April_19",1.18093152831138,13.9474646952002,7.56419811175579
"TROUGHBARROW","2022","April_20",3.77553716915134,16.9570197133091,10.3662784412302
"TROUGHBARROW","2022","April_21",4.91630408244616,17.2982982879628,11.1073011852045
"TROUGHBARROW","2022","April_22",5.78133307320215,16.7175991859369,11.2494661295695
"TROUGHBARROW","2022","April_23",5.85534460387124,15.7718781677879,10.8136113858296
"TROUGHBARROW","2022","April_24",6.03767974879085,15.1607843572125,10.5992320530017
"TROUGHBARROW","2022","April_25",3.50530119755573,12.9702099192475,8.2377555584016
"TROUGHBARROW","2022","April_26",5.74935434337922,13.9880193880325,9.86868686570586
"TROUGHBARROW","2022","April_27",0.942535262416281,12.1066711266776,6.52460319454693
"TROUGHBARROW","2022","April_28",0.858766361482958,10.400759733829,5.62976304765596
"TROUGHBARROW","2022","April_29",-0.15512581918711,15.3043416877663,7.57460793428962
"TROUGHBARROW","2022","April_30",1.57760793117515,14.0043384926181,7.79097321189661
"TROUGHBARROW","2022","May_01",8.25422880545098,12.749420658464,10.5018247319575
"TROUGHBARROW","2022","May_02",9.00882610711801,15.0449029983744,12.0268645527462
"TROUGHBARROW","2022","May_03",7.82468002418808,13.4875283389234,10.6561041815557
"TROUGHBARROW","2022","May_04",8.91196561403346,14.660914346192,11.7864399801127
"TROUGHBARROW","2022","May_05",5.68535330407189,15.1986509371954,10.4420021206337
"TROUGHBARROW","2022","May_06",10.3372799937434,13.9429271172946,12.140103555519
"TROUGHBARROW","2022","May_07",6.32231563208786,16.2992568196444,11.3107862258661
"TROUGHBARROW","2022","May_08",5.1297769778669,17.6496625104209,11.3897197441439
"TROUGHBARROW","2022","May_09",9.96684235259162,17.3716709122452,13.6692566324184
"TROUGHBARROW","2022","May_10",9.9180003512457,15.6860431249221,12.8020217380839
"TROUGHBARROW","2022","May_11",10.1827686677157,14.7578541970181,12.4703114323669
"TROUGHBARROW","2022","May_12",6.67708894398277,14.0447759188427,10.3609324314127
"TROUGHBARROW","2022","May_13",10.0765133693079,15.0906470880889,12.5835802286984
"TROUGHBARROW","2022","May_14",7.32865040310864,18.2013476677368,12.7649990354227
"TROUGHBARROW","2022","May_15",8.62492484602567,19.7397957582955,14.1823603021606
"TROUGHBARROW","2022","May_16",11.1399311832774,19.2278024109184,15.1838667970979
"TROUGHBARROW","2022","May_17",9.33103035908288,21.3070933526543,15.3190618558686
"TROUGHBARROW","2022","May_18",10.0501624257608,19.4439800462646,14.7470712360127
"TROUGHBARROW","2022","May_19",9.40199097711338,16.0442743632649,12.7231326701891
"TROUGHBARROW","2022","May_20",8.09571159494504,16.2315906307542,12.1636511128496
"TROUGHBARROW","2022","May_21",9.38367938511922,15.6313447863267,12.507512085723
"TROUGHBARROW","2022","May_22",10.4104999837147,15.9401849604089,13.1753424720618
"TROUGHBARROW","2022","May_23",10.3744942171298,15.0679832182815,12.7212387177056
"TROUGHBARROW","2022","May_24",7.49027338663819,14.8004850973479,11.145379241993
"TROUGHBARROW","2022","May_25",9.8541291957549,16.0136567449226,12.9338929703388
"TROUGHBARROW","2022","May_26",10.0180618657246,16.1424962092193,13.0802790374719
"TROUGHBARROW","2022","May_27",8.94266307523799,15.2698346710759,12.106248873157
"TROUGHBARROW","2022","May_28",4.85990942166831,16.879034633005,10.8694720273367
"TROUGHBARROW","2022","May_29",6.69039891287952,13.7829471942343,10.2366730535569
"TROUGHBARROW","2022","May_30",6.63041449734792,12.3715211283457,9.50096781284683
"TROUGHBARROW","2022","May_31",6.82121461057343,13.5754394201778,10.1983270153756
"TROUGHBARROW","2022","June_01",6.53146822049036,17.0851844501026,11.8083263352965
"TROUGHBARROW","2022","June_02",6.41488673557748,18.6656076266449,12.5402471811112
"TROUGHBARROW","2022","June_03",10.4356818569398,17.1706412335347,13.8031615452372
"TROUGHBARROW","2022","June_04",8.14642644650871,16.9511628739338,12.5487946602213
"TROUGHBARROW","2022","June_05",7.70950078775238,13.4763157580779,10.5929082729151
"TROUGHBARROW","2022","June_06",10.0111071033247,16.4310175442921,13.2210623238084
"TROUGHBARROW","2022","June_07",6.41447264679999,19.8068139860039,13.110643316402
"TROUGHBARROW","2022","June_08",12.2345280957092,17.2960932621067,14.765310678908
"TROUGHBARROW","2022","June_09",11.7231359858086,16.9354364830079,14.3292862344083
"TROUGHBARROW","2022","June_10",12.8148824008022,18.6835539788144,15.7492181898083
"TROUGHBARROW","2022","June_11",12.6579171995879,17.6656996460725,15.1618084228302
"TROUGHBARROW","2022","June_12",11.6713556091409,15.7135871060498,13.6924713575954
"TROUGHBARROW","2022","June_13",9.80049735759169,15.7053575729941,12.7529274652929
"TROUGHBARROW","2022","June_14",9.94116353768943,17.3219370059871,13.6315502718383
"TROUGHBARROW","2022","June_15",6.66267874143284,20.3394164155162,13.5010475784745
"TROUGHBARROW","2022","June_16",8.35915459472768,22.0613830417942,15.2102688182609
"TROUGHBARROW","2022","June_17",13.6340125502055,22.3967472443419,18.0153798972737
"TROUGHBARROW","2022","June_18",8.66777587068765,15.5102429940254,12.0890094323565
"TROUGHBARROW","2022","June_19",8.06680574799448,18.6168125391017,13.3418091435481
"TROUGHBARROW","2022","June_20",6.6477000100363,19.2745694124644,12.9611347112504
"TROUGHBARROW","2022","June_21",7.51723433188504,20.9305140398327,14.2238741858589
"TROUGHBARROW","2022","June_22",10.9072494290776,20.8328745993789,15.8700620142282
"TROUGHBARROW","2022","June_23",10.0551680830825,25.0762419604387,17.5657050217606
"TROUGHBARROW","2022","June_24",14.4767504512505,20.0440917298489,17.2604210905497
"TROUGHBARROW","2022","June_25",12.024269572136,18.9119270132282,15.4680982926821
"TROUGHBARROW","2022","June_26",9.96640735203714,16.6822123284535,13.3243098402453
"TROUGHBARROW","2022","June_27",11.4937273002784,16.2148945472398,13.8543109237591
"TROUGHBARROW","2022","June_28",11.2859305898754,16.6506067617162,13.9682686757958
"TROUGHBARROW","2022","June_29",12.4408294544405,18.2207787370009,15.3308040957207
"TROUGHBARROW","2022","June_30",11.3643858394547,18.9184872949254,15.1414365671901
"TROUGHBARROW","2023","April_01",4.47436999780254,10.0360366076571,7.25520330272983
"TROUGHBARROW","2023","April_02",6.29491768540156,12.5371131506514,9.41601541802648
"TROUGHBARROW","2023","April_03",-0.423797219395143,12.5308530696689,6.0535279251369
"TROUGHBARROW","2023","April_04",0.801212010861023,12.9540305826793,6.87762129677014
"TROUGHBARROW","2023","April_05",4.31266307079296,10.2447713067675,7.27871718878021
"TROUGHBARROW","2023","April_06",7.5605552374103,11.8609717825084,9.71076350995937
"TROUGHBARROW","2023","April_07",-0.0997827817938376,13.4826008774485,6.69140904782732
"TROUGHBARROW","2023","April_08",1.41150875983275,14.9779142525985,8.19471150621563
"TROUGHBARROW","2023","April_09",4.67094697989286,13.9472411524497,9.30909406617126
"TROUGHBARROW","2023","April_10",8.6208242726351,11.1444792265662,9.88265174960063
"TROUGHBARROW","2023","April_11",5.74034145610752,11.7213361517475,8.7308388039275
"TROUGHBARROW","2023","April_12",3.79316589820189,7.98890706553481,5.89103648186835
"TROUGHBARROW","2023","April_13",3.10850690087372,10.5062489163071,6.8073779085904
"TROUGHBARROW","2023","April_14",2.64989834573695,10.1848191069854,6.41735872636117
"TROUGHBARROW","2023","April_15",0.340044539984057,13.3594983036989,6.84977142184146
"TROUGHBARROW","2023","April_16",7.08052878951132,12.6062176658884,9.84337322769985
"TROUGHBARROW","2023","April_17",9.25261840102477,15.510832071262,12.3817252361434
"TROUGHBARROW","2023","April_18",3.63785464281629,15.4977666952693,9.56781066904279
"TROUGHBARROW","2023","April_19",5.23858609491537,15.2772165973521,10.2579013461337
"TROUGHBARROW","2023","April_20",4.03037121953753,14.8607199935378,9.44554560653769
"TROUGHBARROW","2023","April_21",6.3272062124334,15.3359744392379,10.8315903258357
"TROUGHBARROW","2023","April_22",7.00051962507702,11.9240565381596,9.4622880816183
"TROUGHBARROW","2023","April_23",4.40042999438602,13.315323632824,8.85787681360501
"TROUGHBARROW","2023","April_24",3.99027729821321,9.93982044126774,6.96504886974047
"TROUGHBARROW","2023","April_25",-1.88432322925497,10.3610037104454,4.23834024059524
"TROUGHBARROW","2023","April_26",1.25305240050686,12.4827110169291,6.867881708718
"TROUGHBARROW","2023","April_27",2.45831189718181,12.6745178162688,7.5664148567253
"TROUGHBARROW","2023","April_28",7.48136963419925,13.8830683986573,10.6822190164283
"TROUGHBARROW","2023","April_29",7.97809370386272,16.2803872143372,12.1292404591
"TROUGHBARROW","2023","April_30",10.2750386152744,13.5991510564782,11.9370948358763
"TROUGHBARROW","2023","May_01",9.21724376842827,15.8000458579275,12.5086448131779
"TROUGHBARROW","2023","May_02",7.99278324876721,15.3143811821957,11.6535822154814
"TROUGHBARROW","2023","May_03",6.83642798176292,16.8805812602816,11.8585046210223
"TROUGHBARROW","2023","May_04",4.65883742012575,14.8621406987236,9.76048905942466
"TROUGHBARROW","2023","May_05",8.36791863894696,17.6515055740642,13.0097121065056
"TROUGHBARROW","2023","May_06",9.4978667290775,18.2356950612101,13.8667808951438
"TROUGHBARROW","2023","May_07",11.0741015285133,16.8013307648739,13.9377161466936
"TROUGHBARROW","2023","May_08",10.1816098346713,15.087797060935,12.6347034478032
"TROUGHBARROW","2023","May_09",10.8327906366088,16.6229502951512,13.72787046588
"TROUGHBARROW","2023","May_10",6.44673483473119,14.6405028085177,10.5436188216245
"TROUGHBARROW","2023","May_11",9.14494297762317,16.5468952827357,12.8459191301794
"TROUGHBARROW","2023","May_12",7.35375370818488,16.7553508799362,12.0545522940606
"TROUGHBARROW","2023","May_13",4.27527770426587,18.1041595739877,11.1897186391268
"TROUGHBARROW","2023","May_14",5.45190214381963,16.0088336239927,10.7303678839061
"TROUGHBARROW","2023","May_15",4.36046075210791,15.0720389471621,9.716249849635
"TROUGHBARROW","2023","May_16",3.83416327674588,15.3361317154879,9.58514749611692
"TROUGHBARROW","2023","May_17",6.34595437113089,16.2917459532847,11.3188501622078
"TROUGHBARROW","2023","May_18",9.47039654190447,15.6963002136128,12.5833483777587
"TROUGHBARROW","2023","May_19",9.08501830693702,18.5218990332652,13.8034586701011
"TROUGHBARROW","2023","May_20",7.2046948380452,20.2035608731222,13.7041278555837
"TROUGHBARROW","2023","May_21",8.80305818968759,20.0469235312157,14.4249908604517
"TROUGHBARROW","2023","May_22",5.91202841352687,19.4636280638971,12.687828238712
"TROUGHBARROW","2023","May_23",7.94539936486425,18.0604385514235,13.0029189581439
"TROUGHBARROW","2023","May_24",6.83847423905576,18.9823418709074,12.9104080549816
"TROUGHBARROW","2023","May_25",7.53256093963316,18.6728319075623,13.1026964235978
"TROUGHBARROW","2023","May_26",6.80153713243804,19.502797046038,13.152167089238
"TROUGHBARROW","2023","May_27",7.87452198824857,20.1571915182135,14.015856753231
"TROUGHBARROW","2023","May_28",7.50196639663364,18.8137518820961,13.1578591393649
"TROUGHBARROW","2023","May_29",4.73043915676381,20.1564786272379,12.4434588920009
"TROUGHBARROW","2023","May_30",5.26373959569509,20.9279569253669,13.095848260531
"TROUGHBARROW","2023","May_31",7.13580166580951,19.6863280410949,13.4110648534522
"TROUGHBARROW","2023","June_01",6.43120850597716,17.3857516186857,11.9084800623314
"TROUGHBARROW","2023","June_02",5.15566933234106,20.4957821637393,12.8257257480402
"TROUGHBARROW","2023","June_03",3.88094320226619,21.6783273645227,12.7796352833945
"TROUGHBARROW","2023","June_04",4.9871125769424,21.0178730206689,13.0024927988056
"TROUGHBARROW","2023","June_05",5.59459989967168,21.2412475383613,13.4179237190165
"TROUGHBARROW","2023","June_06",8.14129026556594,17.9904976287738,13.0658939471699
"TROUGHBARROW","2023","June_07",7.32994498141129,18.0145567821907,12.672250881801
"TROUGHBARROW","2023","June_08",5.87783126961678,19.1569398858871,12.5173855777519
"TROUGHBARROW","2023","June_09",6.9023351724144,22.8294726496999,14.8659039110572
"TROUGHBARROW","2023","June_10",10.40794176792,28.2732301315079,19.340585949714
"TROUGHBARROW","2023","June_11",15.0926444597619,26.5650462745139,20.8288453671379
"TROUGHBARROW","2023","June_12",14.3551610626499,29.8939309293281,22.124545995989
"TROUGHBARROW","2023","June_13",14.7472616958405,28.4684682781812,21.6078649870109
"TROUGHBARROW","2023","June_14",10.6009068267198,25.7297607133695,18.1653337700447
"TROUGHBARROW","2023","June_15",10.4975316261864,26.2570297022609,18.3772806642237
"TROUGHBARROW","2023","June_16",12.0578272068276,26.9306221794404,19.494224693134
"TROUGHBARROW","2023","June_17",13.8425715951717,21.88771723678,17.8651444159758
"TROUGHBARROW","2023","June_18",12.7324801902232,23.4488804371245,18.0906803136738
"TROUGHBARROW","2023","June_19",14.0829680372432,21.3577908057394,17.7203794214913
"TROUGHBARROW","2023","June_20",11.7986644734615,20.5049879679028,16.1518262206822
"TROUGHBARROW","2023","June_21",12.7367754197678,20.977654101178,16.8572147604729
"TROUGHBARROW","2023","June_22",11.9551583930001,22.5029358944359,17.229047143718
"TROUGHBARROW","2023","June_23",11.2188555930645,21.6386098427512,16.4287327179079
"TROUGHBARROW","2023","June_24",16.0964654835883,23.2729458246988,19.6847056541435
"TROUGHBARROW","2023","June_25",16.2016706223829,25.0617253650059,20.6316979936944
"TROUGHBARROW","2023","June_26",12.1588566209189,18.7717908890519,15.4653237549854
"TROUGHBARROW","2023","June_27",12.5370347725389,17.8630004898902,15.2000176312145
"TROUGHBARROW","2023","June_28",14.2263582608799,18.9603692252572,16.5933637430685
"TROUGHBARROW","2023","June_29",9.91978123517751,18.3349796598305,14.127380447504
"TROUGHBARROW","2023","June_30",11.7108657593923,16.0567802843042,13.8838230218482
"WHITEWOOD","2012","April_01",0.7514897801352,10.4843467875608,5.61791828384798
"WHITEWOOD","2012","April_02",-0.608271276551679,12.2932362662344,5.84248249484136
"WHITEWOOD","2012","April_03",1.2057503512732,11.9133150811839,6.55953271622853
"WHITEWOOD","2012","April_04",1.44854377624338,6.8554264223597,4.15198509930154
"WHITEWOOD","2012","April_05",2.65710757694174,7.48101466486336,5.06906112090255
"WHITEWOOD","2012","April_06",-0.692230156519873,10.7274290611831,5.01759945233163
"WHITEWOOD","2012","April_07",3.9798368232431,12.3802667506693,8.18005178695621
"WHITEWOOD","2012","April_08",5.80565257785753,13.3781008695643,9.5918767237109
"WHITEWOOD","2012","April_09",7.58412129423089,10.155065923148,8.86959360868946
"WHITEWOOD","2012","April_10",3.00260648352287,10.4474881108014,6.72504729716212
"WHITEWOOD","2012","April_11",2.64519378866708,11.8818024876817,7.26349813817439
"WHITEWOOD","2012","April_12",1.82899344459806,12.2938165228346,7.06140498371631
"WHITEWOOD","2012","April_13",0.0971502156266636,11.8044315217696,5.95079086869812
"WHITEWOOD","2012","April_14",2.09516843565918,9.81461746854048,5.95489295209983
"WHITEWOOD","2012","April_15",1.32533086757968,10.0476615296139,5.68649619859679
"WHITEWOOD","2012","April_16",-0.526255120792911,10.5122332850766,4.99298908214185
"WHITEWOOD","2012","April_17",5.54441973632668,10.3017439301125,7.92308183321961
"WHITEWOOD","2012","April_18",4.22650519922351,8.818400715534,6.52245295737876
"WHITEWOOD","2012","April_19",4.90015838839529,10.0030259246529,7.45159215652407
"WHITEWOOD","2012","April_20",3.82430509700342,11.2273561218851,7.52583060944428
"WHITEWOOD","2012","April_21",1.59713851496658,11.0187520519772,6.30794528347187
"WHITEWOOD","2012","April_22",3.06257305576549,10.6704783011345,6.86652567844998
"WHITEWOOD","2012","April_23",3.16779144735694,8.84468700745306,6.006239227405
"WHITEWOOD","2012","April_24",3.75728712303925,12.1498479899416,7.95356755649043
"WHITEWOOD","2012","April_25",4.49437035437941,11.3482079947092,7.92128917454429
"WHITEWOOD","2012","April_26",5.70959194399612,11.5015763250381,8.6055841345171
"WHITEWOOD","2012","April_27",5.62288640120392,13.0027964363553,9.31284141877959
"WHITEWOOD","2012","April_28",5.52700015084793,8.46601460503404,6.99650737794098
"WHITEWOOD","2012","April_29",2.7404510799952,8.73567858033952,5.73806483016736
"WHITEWOOD","2012","April_30",4.19270113210278,10.9574198524653,7.57506049228405
"WHITEWOOD","2012","May_01",6.6686080230622,13.4257451109967,10.0471765670294
"WHITEWOOD","2012","May_02",4.84938164204725,16.7213077258067,10.785344683927
"WHITEWOOD","2012","May_03",7.43956590626918,9.48805381730314,8.46380986178616
"WHITEWOOD","2012","May_04",6.79949242210613,12.8133320424019,9.80641223225402
"WHITEWOOD","2012","May_05",4.33338357178988,8.63395297197275,6.48366827188131
"WHITEWOOD","2012","May_06",3.47006590508018,12.1466855761797,7.80837574062995
"WHITEWOOD","2012","May_07",5.11732449050335,14.1190950949607,9.61820979273204
"WHITEWOOD","2012","May_08",9.26897575998778,16.2032193654706,12.7360975627292
"WHITEWOOD","2012","May_09",6.9248364955971,13.1703681577355,10.0476023266663
"WHITEWOOD","2012","May_10",8.42603235166478,13.4268013892911,10.9264168704779
"WHITEWOOD","2012","May_11",7.75529380930208,13.1566992088471,10.4559965090746
"WHITEWOOD","2012","May_12",3.20552469127107,13.9707872283473,8.58815595980919
"WHITEWOOD","2012","May_13",3.99740768402211,14.4834189042366,9.24041329412936
"WHITEWOOD","2012","May_14",5.30416544319846,12.4890858731571,8.8966256581778
"WHITEWOOD","2012","May_15",5.09389456498887,11.3871665303294,8.24053054765916
"WHITEWOOD","2012","May_16",1.72576783341423,13.8317853417813,7.77877658759775
"WHITEWOOD","2012","May_17",5.49365270450864,11.0158024793758,8.2547275919422
"WHITEWOOD","2012","May_18",6.53299856761786,12.3495505404106,9.44127455401421
"WHITEWOOD","2012","May_19",6.87977375854462,14.520935272834,10.7003545156893
"WHITEWOOD","2012","May_20",7.90892449468353,14.4706543569848,11.1897894258342
"WHITEWOOD","2012","May_21",6.15896602250739,17.4301945531997,11.7945802878535
"WHITEWOOD","2012","May_22",6.6637745252189,20.2117755120155,13.4377750186172
"WHITEWOOD","2012","May_23",8.46005391785616,22.7737897745368,15.6169218461965
"WHITEWOOD","2012","May_24",8.94946373070713,23.8018606432071,16.3756621869571
"WHITEWOOD","2012","May_25",14.7818330248892,24.1303326504865,19.4560828376879
"WHITEWOOD","2012","May_26",14.1689541509028,20.7829883918054,17.4759712713541
"WHITEWOOD","2012","May_27",11.8152780926489,19.8628336850383,15.8390558888436
"WHITEWOOD","2012","May_28",8.34609964611573,18.4564401665851,13.4012699063504
"WHITEWOOD","2012","May_29",9.25396413462943,21.629067651635,15.4415158931322
"WHITEWOOD","2012","May_30",10.7047199461229,19.5926910370698,15.1487054915964
"WHITEWOOD","2012","May_31",10.2974217683785,19.8098631822767,15.0536424753276
"WHITEWOOD","2012","June_01",12.9829856580658,19.4607875754348,16.2218866167503
"WHITEWOOD","2012","June_02",11.5373540173778,18.4781815533058,15.0077677853418
"WHITEWOOD","2012","June_03",11.4959532557329,15.4857342140135,13.4908437348732
"WHITEWOOD","2012","June_04",7.72414674527989,15.2183908515142,11.471268798397
"WHITEWOOD","2012","June_05",7.6500315020554,14.7505118213029,11.2002716616791
"WHITEWOOD","2012","June_06",9.70966881207334,17.0003084312239,13.3549886216486
"WHITEWOOD","2012","June_07",10.9888713998755,13.6751347622216,12.3320030810485
"WHITEWOOD","2012","June_08",10.4008144908854,13.2294545825162,11.8151345367008
"WHITEWOOD","2012","June_09",7.87248848047661,15.2309930817412,11.5517407811089
"WHITEWOOD","2012","June_10",8.62951910152894,14.3397362684608,11.4846276849949
"WHITEWOOD","2012","June_11",8.406082941606,15.5198307295279,11.9629568355669
"WHITEWOOD","2012","June_12",9.91279373344618,16.1932059515179,13.0529998424821
"WHITEWOOD","2012","June_13",9.44326335226692,14.6053722082583,12.0243177802626
"WHITEWOOD","2012","June_14",8.28836902918777,13.9442654565556,11.1163172428717
"WHITEWOOD","2012","June_15",9.87320553064832,14.2391261830655,12.0561658568569
"WHITEWOOD","2012","June_16",10.7695839559723,14.5151543504375,12.6423691532049
"WHITEWOOD","2012","June_17",10.1799767325567,17.0547335266538,13.6173551296052
"WHITEWOOD","2012","June_18",7.32429766548239,16.4164854022981,11.8703915338902
"WHITEWOOD","2012","June_19",6.58146014013345,18.7374957477768,12.6594779439551
"WHITEWOOD","2012","June_20",6.59456466994431,16.7791301317815,11.6868474008629
"WHITEWOOD","2012","June_21",10.0635265497892,14.9760359933084,12.5197812715488
"WHITEWOOD","2012","June_22",8.90317221746702,16.2023652072264,12.5527687123467
"WHITEWOOD","2012","June_23",10.0770572942105,17.3214141358226,13.6992357150165
"WHITEWOOD","2012","June_24",10.2368642322357,18.0710855944566,14.1539749133462
"WHITEWOOD","2012","June_25",8.70587994347781,18.4096138828898,13.5577469131838
"WHITEWOOD","2012","June_26",10.714885139057,20.2125613371624,15.4637232381097
"WHITEWOOD","2012","June_27",12.4462131225101,19.4807473827109,15.9634802526105
"WHITEWOOD","2012","June_28",14.6555309657354,20.6820197862877,17.6687753760115
"WHITEWOOD","2012","June_29",12.3127397533158,16.1610452944557,14.2368925238857
"WHITEWOOD","2012","June_30",11.4581588099348,16.5319615997349,13.9950602048349
"WHITEWOOD","2013","April_01",0.196079110945702,3.31154132985082,1.75381022039826
"WHITEWOOD","2013","April_02",-1.85782154309824,6.7637285645849,2.45295351074333
"WHITEWOOD","2013","April_03",-2.27188834806641,6.96868380484928,2.34839772839144
"WHITEWOOD","2013","April_04",-1.17916325632683,3.86103781057449,1.34093727712383
"WHITEWOOD","2013","April_05",-0.886885786039321,6.79607675489271,2.95459548442669
"WHITEWOOD","2013","April_06",-1.21434069717764,9.44326817597643,4.11446373939939
"WHITEWOOD","2013","April_07",-1.8052352388608,6.01303435998534,2.10389956056227
"WHITEWOOD","2013","April_08",2.39034876176359,5.25419828607161,3.8222735239176
"WHITEWOOD","2013","April_09",3.30684554784588,6.58442822601672,4.9456368869313
"WHITEWOOD","2013","April_10",1.69941483335749,7.61292020181331,4.6561675175854
"WHITEWOOD","2013","April_11",3.50896623513876,12.0098559402789,7.75941108770882
"WHITEWOOD","2013","April_12",5.54980061415757,10.0810507201605,7.81542566715902
"WHITEWOOD","2013","April_13",4.19462043326286,11.5010496969296,7.84783506509625
"WHITEWOOD","2013","April_14",5.75998694483238,12.56992621421,9.16495657952117
"WHITEWOOD","2013","April_15",8.78818722952129,12.5264431618755,10.6573151956984
"WHITEWOOD","2013","April_16",8.71242908487424,14.0098489915979,11.3611390382361
"WHITEWOOD","2013","April_17",8.28525372389571,12.6231336360085,10.4541936799521
"WHITEWOOD","2013","April_18",6.70900893257107,11.5474562882548,9.12823261041291
"WHITEWOOD","2013","April_19",5.52115604336042,10.9181733352022,8.21966468928131
"WHITEWOOD","2013","April_20",0.443735445522614,12.6971468566501,6.57044115108637
"WHITEWOOD","2013","April_21",0.48208883236333,10.9579481062874,5.72001846932536
"WHITEWOOD","2013","April_22",4.81401335421767,12.2826849478742,8.54834915104594
"WHITEWOOD","2013","April_23",6.66726535920798,16.2886807855055,11.4779730723567
"WHITEWOOD","2013","April_24",5.84927159886785,15.1401498090227,10.4947107039453
"WHITEWOOD","2013","April_25",5.82793421879319,14.9862141909346,10.4070742048639
"WHITEWOOD","2013","April_26",5.33087128404618,10.6319255059789,7.98139839501254
"WHITEWOOD","2013","April_27",2.27829014205,10.2565091279046,6.26739963497731
"WHITEWOOD","2013","April_28",2.2730651315743,11.3910915323124,6.83207833194337
"WHITEWOOD","2013","April_29",4.11328174232838,12.4296741704429,8.27147795638562
"WHITEWOOD","2013","April_30",3.03003925452425,12.8300038452354,7.93002154987984
"WHITEWOOD","2013","May_01",1.60975950989104,14.2439837501881,7.92687163003956
"WHITEWOOD","2013","May_02",4.66152025430119,16.1999951120374,10.4307576831693
"WHITEWOOD","2013","May_03",3.78493888396572,13.3911408858408,8.58803988490324
"WHITEWOOD","2013","May_04",6.8392882410883,14.3426206695241,10.5909544553062
"WHITEWOOD","2013","May_05",7.9467681504043,15.8952250315906,11.9209965909974
"WHITEWOOD","2013","May_06",4.13839664035833,16.835083152787,10.4867398965727
"WHITEWOOD","2013","May_07",5.94102206355303,16.6145145268704,11.2777682952117
"WHITEWOOD","2013","May_08",9.73960838793645,13.6848966366413,11.7122525122889
"WHITEWOOD","2013","May_09",5.54607090787966,12.4482341719461,8.99715253991288
"WHITEWOOD","2013","May_10",7.43064864869132,13.2675695476983,10.3491090981948
"WHITEWOOD","2013","May_11",5.72452431662778,12.1489844177481,8.93675436718792
"WHITEWOOD","2013","May_12",4.51287997106417,11.0209302201744,7.76690509561929
"WHITEWOOD","2013","May_13",7.79826018696194,12.8010403132107,10.2996502500863
"WHITEWOOD","2013","May_14",5.76741504561195,8.5141631643689,7.14078910499043
"WHITEWOOD","2013","May_15",1.7586225418275,11.3489525612217,6.55378755152462
"WHITEWOOD","2013","May_16",1.67037753466896,12.4470778311828,7.05872768292587
"WHITEWOOD","2013","May_17",1.82910895406105,12.9777804327784,7.40344469341974
"WHITEWOOD","2013","May_18",4.64716965866627,15.5994489729396,10.1233093158029
"WHITEWOOD","2013","May_19",5.05960765967428,15.295568013333,10.1775878365036
"WHITEWOOD","2013","May_20",6.42284068541796,15.9968240757869,11.2098323806024
"WHITEWOOD","2013","May_21",9.87425739064253,15.4927818831881,12.6835196369153
"WHITEWOOD","2013","May_22",8.18127222368932,14.6165019876279,11.3988871056586
"WHITEWOOD","2013","May_23",4.85112388348814,11.265456376767,8.05829013012755
"WHITEWOOD","2013","May_24",4.02941894253178,11.4269000536704,7.72815949810111
"WHITEWOOD","2013","May_25",3.65938294975255,13.8713447756754,8.76536386271398
"WHITEWOOD","2013","May_26",2.5552006618156,16.0307058651201,9.29295326346783
"WHITEWOOD","2013","May_27",3.92395041429528,13.2058162255348,8.56488331991505
"WHITEWOOD","2013","May_28",4.89916612917578,12.8305200070715,8.86484306812366
"WHITEWOOD","2013","May_29",6.157554466311,15.331115908925,10.744335187618
"WHITEWOOD","2013","May_30",7.1924290871972,18.3349902575719,12.7637096723846
"WHITEWOOD","2013","May_31",8.25352277978951,19.2516395477552,13.7525811637723
"WHITEWOOD","2013","June_01",8.31333731237319,15.8492303736355,12.0812838430043
"WHITEWOOD","2013","June_02",6.81604482982216,18.365509293002,12.5907770614121
"WHITEWOOD","2013","June_03",7.71911972564584,17.9842717487287,12.8516957371873
"WHITEWOOD","2013","June_04",4.70042587070009,18.0075994424222,11.3540126565612
"WHITEWOOD","2013","June_05",8.00055928244233,16.868861233087,12.4347102577647
"WHITEWOOD","2013","June_06",9.0734160757521,19.7541209289235,14.4137685023378
"WHITEWOOD","2013","June_07",11.4249362485903,19.3813675230476,15.403151885819
"WHITEWOOD","2013","June_08",11.0017825846289,19.7361267949222,15.3689546897755
"WHITEWOOD","2013","June_09",6.75877157586665,17.3803344600254,12.069553017946
"WHITEWOOD","2013","June_10",4.56423826752071,13.3792505494978,8.97174440850926
"WHITEWOOD","2013","June_11",9.27310133321074,16.0707543209557,12.6719278270832
"WHITEWOOD","2013","June_12",11.3824842113482,15.5050869255037,13.443785568426
"WHITEWOOD","2013","June_13",10.7297677238276,15.4385411920548,13.0841544579412
"WHITEWOOD","2013","June_14",8.72857300609443,16.1165587594445,12.4225658827695
"WHITEWOOD","2013","June_15",8.92961408599839,15.6296761154419,12.2796451007201
"WHITEWOOD","2013","June_16",9.3826951284029,13.5398001314717,11.4612476299373
"WHITEWOOD","2013","June_17",9.42127626559734,19.602833328271,14.5120547969342
"WHITEWOOD","2013","June_18",11.6093777230725,18.8981127668096,15.2537452449411
"WHITEWOOD","2013","June_19",10.4058160939375,22.6960620587113,16.5509390763244
"WHITEWOOD","2013","June_20",13.2245638081379,17.5580630734757,15.3913134408068
"WHITEWOOD","2013","June_21",10.7510025183158,14.8740513618646,12.8125269400902
"WHITEWOOD","2013","June_22",10.8792485493807,12.7457399260883,11.8124942377345
"WHITEWOOD","2013","June_23",8.99399018878757,15.0589958541056,12.0264930214466
"WHITEWOOD","2013","June_24",10.7515794139202,16.0808497879056,13.4162146009129
"WHITEWOOD","2013","June_25",4.94016377107454,17.5814831718314,11.260823471453
"WHITEWOOD","2013","June_26",7.52098378495283,18.1558868391164,12.8384353120346
"WHITEWOOD","2013","June_27",10.401290322334,19.7830852147769,15.0921877685555
"WHITEWOOD","2013","June_28",10.5408361186666,18.4603645872911,14.5006003529789
"WHITEWOOD","2013","June_29",13.0028096814418,19.7857598639361,16.3942847726889
"WHITEWOOD","2013","June_30",10.8418275581459,19.4602606919648,15.1510441250554
"YARNER","2011","April_01",10.2082759293429,13.946408591288,12.0773422603154
"YARNER","2011","April_02",9.30752488010646,14.5622264573832,11.9348756687448
"YARNER","2011","April_03",6.6405452196105,13.6872189965838,10.1638821080971
"YARNER","2011","April_04",3.27153776459622,12.9866105827172,8.12907417365673
"YARNER","2011","April_05",7.22392547056271,13.1182617925462,10.1710936315544
"YARNER","2011","April_06",7.68216016182471,17.7196204599179,12.7008903108713
"YARNER","2011","April_07",5.64974272603938,19.933041773529,12.7913922497842
"YARNER","2011","April_08",7.49875364272597,18.0887025440299,12.793728093378
"YARNER","2011","April_09",7.72928979287478,16.2954988249629,12.0123943089188
"YARNER","2011","April_10",5.82132315120644,18.9592204432403,12.3902717972234
"YARNER","2011","April_11",7.00517083080386,14.6052937154,10.8052322731019
"YARNER","2011","April_12",3.72544713845556,12.7623869169003,8.24391702767794
"YARNER","2011","April_13",2.62000438877409,9.99966021096182,6.30983229986796
"YARNER","2011","April_14",7.06112064333039,12.5395990277137,9.80035983552206
"YARNER","2011","April_15",6.59722546218516,12.4637148833168,9.53047017275099
"YARNER","2011","April_16",7.44236231584198,14.4997524486444,10.9710573822432
"YARNER","2011","April_17",4.18587705485465,16.3442009607292,10.2650390077919
"YARNER","2011","April_18",4.87062731758616,15.9663582094047,10.4184927634954
"YARNER","2011","April_19",4.76181404716532,20.7147346351327,12.738274341149
"YARNER","2011","April_20",8.04857212389333,21.535060964236,14.7918165440647
"YARNER","2011","April_21",8.0514860571351,20.7534859959973,14.4024860265662
"YARNER","2011","April_22",9.75810375310019,19.8279501281262,14.7930269406132
"YARNER","2011","April_23",8.02982339950954,21.8665518197074,14.9481876096084
"YARNER","2011","April_24",8.27271415242479,18.5429458289122,13.4078299906685
"YARNER","2011","April_25",9.45874758946527,19.6697795745988,14.564263582032
"YARNER","2011","April_26",7.68486131898519,17.9602301170492,12.8225457180172
"YARNER","2011","April_27",7.39852435652005,16.7393018243113,12.0689130904157
"YARNER","2011","April_28",3.77451783056654,16.5514661975922,10.1629920140794
"YARNER","2011","April_29",7.51337406069192,15.6666304290171,11.5900022448545
"YARNER","2011","April_30",9.40484460318497,16.3113271450412,12.8580858741131
"YARNER","2011","May_01",10.0688663005777,15.1399942424734,12.6044302715256
"YARNER","2011","May_02",8.95020817065951,13.7957459314006,11.3729770510301
"YARNER","2011","May_03",5.75539894272855,12.4883157502781,9.1218573465033
"YARNER","2011","May_04",5.46775321820046,13.5206278365495,9.49419052737498
"YARNER","2011","May_05",6.29220358536857,14.8931622872213,10.5926829362949
"YARNER","2011","May_06",9.68928377435629,18.2714968665712,13.9803903204637
"YARNER","2011","May_07",10.768664677169,15.7511996522998,13.2599321647344
"YARNER","2011","May_08",10.2029077847392,15.3792579033954,12.7910828440673
"YARNER","2011","May_09",10.4980525836639,15.9325993794395,13.2153259815517
"YARNER","2011","May_10",10.0088904831328,16.8140278849335,13.4114591840331
"YARNER","2011","May_11",9.85835252475363,15.7586645714476,12.8085085481006
"YARNER","2011","May_12",7.28699420921143,15.2533880654434,11.2701911373274
"YARNER","2011","May_13",5.116082753273,14.8113458433112,9.9637142982921
"YARNER","2011","May_14",5.18587036234001,14.3570569254058,9.7714636438729
"YARNER","2011","May_15",5.26464228924779,15.4968032648923,10.38072277707
"YARNER","2011","May_16",9.73429600586262,16.5981135519817,13.1662047789222
"YARNER","2011","May_17",9.6958786292118,14.5251470649597,12.1105128470858
"YARNER","2011","May_18",11.0343858932802,16.2341712640425,13.6342785786614
"YARNER","2011","May_19",4.45990096754643,16.1904075830737,10.3251542753101
"YARNER","2011","May_20",6.10695839406796,16.6415405596604,11.3742494768642
"YARNER","2011","May_21",4.60779558647999,15.7688187395218,10.1883071630009
"YARNER","2011","May_22",7.40689184016496,15.314947360178,11.3609196001715
"YARNER","2011","May_23",7.88607354371429,14.3750699708883,11.1305717573013
"YARNER","2011","May_24",5.70407822769414,15.63267007666,10.6683741521771
"YARNER","2011","May_25",3.02636407314938,16.5807019838115,9.80353302848044
"YARNER","2011","May_26",8.53612935249022,12.9800996292883,10.7581144908893
"YARNER","2011","May_27",6.76360815863709,14.1442139924244,10.4539110755307
"YARNER","2011","May_28",6.66322723248064,13.8192627554794,10.24124499398
"YARNER","2011","May_29",10.4734341468925,16.8027229303457,13.6380785386191
"YARNER","2011","May_30",10.11495877334,14.5391600255785,12.3270593994592
"YARNER","2011","May_31",4.84991149603744,15.1770400228053,10.0134757594213
"YARNER","2011","June_01",4.73315450587297,17.6820316406992,11.2075930732861
"YARNER","2011","June_02",10.6266916838991,22.0293442475764,16.3280179657378
"YARNER","2011","June_03",11.9764227447254,24.1265465140603,18.0514846293928
"YARNER","2011","June_04",12.4294113462547,23.1417656032758,17.7855884747652
"YARNER","2011","June_05",11.9314963807883,14.8089778928714,13.3702371368299
"YARNER","2011","June_06",10.2242001849354,17.2731542430226,13.748677213979
"YARNER","2011","June_07",5.90991802707311,15.6936810815141,10.8017995542936
"YARNER","2011","June_08",8.1800477913751,15.5032638028027,11.8416557970889
"YARNER","2011","June_09",7.47625177878411,14.9904954611305,11.2333736199573
"YARNER","2011","June_10",4.91818490620918,14.7499950389508,9.83408997257997
"YARNER","2011","June_11",4.41723462145008,14.8167841261026,9.61700937377633
"YARNER","2011","June_12",7.3608368209733,15.3239782373031,11.3424075291382
"YARNER","2011","June_13",11.4588551111258,17.7482171124959,14.6035361118108
"YARNER","2011","June_14",5.89924421065836,19.0769106672759,12.4880774389671
"YARNER","2011","June_15",12.309165641765,20.1906558059787,16.2499107238718
"YARNER","2011","June_16",8.8611796519324,16.2012350306855,12.531207341309
"YARNER","2011","June_17",9.35225005986435,13.1044947007251,11.2283723802947
"YARNER","2011","June_18",8.94754739514925,15.406532473929,12.1770399345391
"YARNER","2011","June_19",9.81664980042378,16.9777059028828,13.3971778516533
"YARNER","2011","June_20",10.5351535860282,16.3604484840042,13.4478010350162
"YARNER","2011","June_21",11.8980758737977,17.5938559497948,14.7459659117963
"YARNER","2011","June_22",11.6331747002391,16.6823935662831,14.1577841332611
"YARNER","2011","June_23",9.77298504715033,16.4369297868893,13.1049574170198
"YARNER","2011","June_24",8.32557258122561,16.1384642970199,12.2320184391228
"YARNER","2011","June_25",11.5118372733638,20.2407377102025,15.8762874917832
"YARNER","2011","June_26",11.8936169311665,23.2951647740576,17.5943908526121
"YARNER","2011","June_27",12.4559369802624,21.6807618940429,17.0683494371526
"YARNER","2011","June_28",10.7184313291767,19.1246130386823,14.9215221839295
"YARNER","2011","June_29",8.16337009886207,17.2594020816416,12.7113860902519
"YARNER","2011","June_30",6.4504034553865,17.4701406616092,11.9602720584978
"YARNER","2012","April_01",0.917278406347619,10.550641492347,5.73395994934731
"YARNER","2012","April_02",-0.0961860658806776,12.4451419900169,6.1744779620681
"YARNER","2012","April_03",1.41492757508459,11.9254219272897,6.67017475118715
"YARNER","2012","April_04",1.81690471466677,6.90527468441635,4.36108969954156
"YARNER","2012","April_05",2.98914862558506,7.49690180321761,5.24302521440133
"YARNER","2012","April_06",-0.49862678140811,10.7821328865949,5.14175305259339
"YARNER","2012","April_07",4.30302976471608,12.3911755679869,8.34710266635148
"YARNER","2012","April_08",6.14164449320559,13.3539544146037,9.74779945390464
"YARNER","2012","April_09",7.88566932213537,10.2384868251132,9.0620780736243
"YARNER","2012","April_10",3.13712953226169,10.3601475549763,6.74863854361901
"YARNER","2012","April_11",3.08059042177084,11.9379595740517,7.50927499791126
"YARNER","2012","April_12",2.21224361549863,12.3264799521622,7.26936178383042
"YARNER","2012","April_13",0.4125706855083,11.8687085351725,6.14063961034038
"YARNER","2012","April_14",2.5135230997322,9.84833547230999,6.1809292860211
"YARNER","2012","April_15",1.548756132622,10.1583880013605,5.85357206699123
"YARNER","2012","April_16",-0.177391049046986,10.4814095130724,5.15200923201272
"YARNER","2012","April_17",5.74066203827046,10.3351825642699,8.03792230127019
"YARNER","2012","April_18",4.70618161178835,8.77290284215481,6.73954222697158
"YARNER","2012","April_19",5.3229585100515,10.0467186263032,7.68483856817733
"YARNER","2012","April_20",4.15331034076492,11.3733268658371,7.76331860330103
"YARNER","2012","April_21",1.78615482397642,11.1726391534001,6.47939698868828
"YARNER","2012","April_22",3.27721031187329,10.861030157891,7.06912023488214
"YARNER","2012","April_23",3.45014935001729,8.83744043354355,6.14379489178042
"YARNER","2012","April_24",4.00786516926116,12.1976636966737,8.10276443296745
"YARNER","2012","April_25",4.84398102991832,11.3715257606158,8.10775339526704
"YARNER","2012","April_26",5.83761848022275,11.5577641204646,8.69769130034369
"YARNER","2012","April_27",5.8838724949281,12.9338098152858,9.40884115510694
"YARNER","2012","April_28",5.92651604487635,8.45093247445659,7.18872425966647
"YARNER","2012","April_29",3.09408545289157,8.81213263188749,5.95310904238953
"YARNER","2012","April_30",4.45345660532657,11.6369536133315,8.04520510932902
"YARNER","2012","May_01",7.41031333101508,14.180987672525,10.79565050177
"YARNER","2012","May_02",5.02253109565706,16.6649012827302,10.8437161891936
"YARNER","2012","May_03",7.81960462762914,9.76647465068594,8.79303963915754
"YARNER","2012","May_04",7.04943674728598,11.8056140432622,9.4275253952741
"YARNER","2012","May_05",4.54298676087986,8.85296024042255,6.69797350065121
"YARNER","2012","May_06",3.99296408521057,12.0471958681192,8.02007997666488
"YARNER","2012","May_07",5.52433888840067,14.3106568734425,9.9174978809216
"YARNER","2012","May_08",9.22910519640558,15.6615523701775,12.4453287832915
"YARNER","2012","May_09",7.06040193564192,13.8783574579891,10.4693796968155
"YARNER","2012","May_10",9.60286748260652,13.6723849641329,11.6376262233697
"YARNER","2012","May_11",8.1817869216809,12.6430615849896,10.4124242533352
"YARNER","2012","May_12",2.99406604538137,13.8357534500377,8.41490974770952
"YARNER","2012","May_13",3.82849039662451,14.7662540654771,9.29737223105083
"YARNER","2012","May_14",5.19447713112974,12.1983834544729,8.6964302928013
"YARNER","2012","May_15",4.97610884169681,11.3758569266216,8.17598288415919
"YARNER","2012","May_16",1.65368779037881,13.7586801609513,7.70618397566504
"YARNER","2012","May_17",5.44550556146155,11.5839486485157,8.5147271049886
"YARNER","2012","May_18",6.34743339706333,12.3722941448008,9.35986377093205
"YARNER","2012","May_19",6.71377246464265,14.4638205148814,10.588796489762
"YARNER","2012","May_20",8.29994868997217,14.9645798538551,11.6322642719136
"YARNER","2012","May_21",6.13195879807251,17.6524726143411,11.8922157062068
"YARNER","2012","May_22",6.82351266366341,20.0109778244436,13.4172452440535
"YARNER","2012","May_23",8.87425223275021,22.4320691322762,15.6531606825132
"YARNER","2012","May_24",9.3084896529778,24.3474290651328,16.8279593590553
"YARNER","2012","May_25",15.4031942689044,24.9093594828864,20.1562768758954
"YARNER","2012","May_26",14.2528631649341,21.978065093954,18.1154641294441
"YARNER","2012","May_27",11.6685435221493,19.7480628113299,15.7083031667396
"YARNER","2012","May_28",8.8690591736053,19.5410051958553,14.2050321847303
"YARNER","2012","May_29",9.52389981991723,21.251825041573,15.3878624307451
"YARNER","2012","May_30",10.4367394355492,19.3834220878414,14.9100807616953
"YARNER","2012","May_31",10.9618020042523,19.8498962718482,15.4058491380502
"YARNER","2012","June_01",13.2001846057551,19.5448709383322,16.3725277720437
"YARNER","2012","June_02",11.7381150994467,18.6234626521739,15.1807888758103
"YARNER","2012","June_03",11.6517389383688,15.9391048725449,13.7954219054569
"YARNER","2012","June_04",7.96765453235041,14.8212048187384,11.3944296755444
"YARNER","2012","June_05",8.30054116582667,15.0026920787024,11.6516166222645
"YARNER","2012","June_06",9.83150808947164,17.3931161852064,13.612312137339
"YARNER","2012","June_07",11.353080493296,14.396670756431,12.8748756248635
"YARNER","2012","June_08",10.5812116037731,13.8652706590219,12.2232411313975
"YARNER","2012","June_09",8.21649051545026,16.0008252560953,12.1086578857728
"YARNER","2012","June_10",9.34846636917107,13.9909837248679,11.6697250470195
"YARNER","2012","June_11",8.82797935035841,15.6302669666282,12.2291231584933
"YARNER","2012","June_12",9.92281639360901,16.0787163094694,13.0007663515392
"YARNER","2012","June_13",9.46712501152432,14.9349793601808,12.2010521858525
"YARNER","2012","June_14",8.5875960944651,13.9605709764154,11.2740835354402
"YARNER","2012","June_15",10.1528764878611,14.7692089708304,12.4610427293457
"YARNER","2012","June_16",10.9824077750278,14.5983979331074,12.7904028540676
"YARNER","2012","June_17",9.97049779148502,17.0033770676533,13.4869374295692
"YARNER","2012","June_18",7.71179369203811,16.912410971964,12.3121023320011
"YARNER","2012","June_19",6.76013847954845,18.4153095761158,12.5877240278321
"YARNER","2012","June_20",6.57492726623518,17.0892954898805,11.8321113780578
"YARNER","2012","June_21",10.3133293589588,14.545473283156,12.4294013210574
"YARNER","2012","June_22",9.31982961730922,16.549281645441,12.9345556313751
"YARNER","2012","June_23",10.0013082751188,16.9172169555095,13.4592626153142
"YARNER","2012","June_24",10.5385739841662,17.891561649289,14.2150678167276
"YARNER","2012","June_25",8.92932001395726,18.6111324881766,13.7702262510669
"YARNER","2012","June_26",11.5635306751591,19.7469753634253,15.6552530192922
"YARNER","2012","June_27",13.1944592579993,19.7958264607681,16.4951428593837
"YARNER","2012","June_28",14.8194947918609,21.2754454140401,18.0474701029505
"YARNER","2012","June_29",12.705137519818,16.7007443348928,14.7029409273554
"YARNER","2012","June_30",11.6541955407163,17.028863948141,14.3415297444287
"YARNER","2013","April_01",0.149126940703527,3.59635680681508,1.8727418737593
"YARNER","2013","April_02",-1.73868583593176,7.27060123646592,2.76595770026708
"YARNER","2013","April_03",-2.37445288563581,7.0816659001313,2.35360650724774
"YARNER","2013","April_04",-0.911939978393072,3.65719875024331,1.37262938592512
"YARNER","2013","April_05",-0.311368964270655,7.33285749862468,3.51074426717701
"YARNER","2013","April_06",-1.57214316204923,9.20572464167227,3.81679073981152
"YARNER","2013","April_07",-1.54297966383363,6.47212855430598,2.46457444523617
"YARNER","2013","April_08",2.91045753452978,5.72748003802138,4.31896878627558
"YARNER","2013","April_09",3.52082579182689,6.99074206526068,5.25578392854378
"YARNER","2013","April_10",1.84585196825952,8.0545090103841,4.95018048932181
"YARNER","2013","April_11",4.30545039030412,12.3567357725875,8.33109308144583
"YARNER","2013","April_12",5.64564165091476,10.867177804634,8.2564097277744
"YARNER","2013","April_13",4.07707229518528,12.2042387549868,8.14065552508601
"YARNER","2013","April_14",6.86949144427662,12.9960937514267,9.93279259785168
"YARNER","2013","April_15",8.78835914131889,13.0357055110264,10.9120323261726
"YARNER","2013","April_16",8.93606891523124,14.2365199765619,11.5862944458966
"YARNER","2013","April_17",8.31500140789127,13.0169767972232,10.6659891025572
"YARNER","2013","April_18",6.98427870498171,11.8348651706256,9.40957193780365
"YARNER","2013","April_19",6.02527523435963,11.9946048262496,9.00994003030462
"YARNER","2013","April_20",1.23901841617584,12.6808339077828,6.95992616197934
"YARNER","2013","April_21",0.151932337573237,10.9547385622562,5.55333544991474
"YARNER","2013","April_22",4.79542938912681,12.0598720838349,8.42765073648086
"YARNER","2013","April_23",6.54636992011157,15.4135056041962,10.9799377621539
"YARNER","2013","April_24",6.65816722395505,14.7905377948776,10.7243525094163
"YARNER","2013","April_25",6.89619189180549,14.4421639677554,10.6691779297804
"YARNER","2013","April_26",5.5414374524858,10.3358618500294,7.93864965125758
"YARNER","2013","April_27",2.63662195244548,10.7299475640594,6.68328475825245
"YARNER","2013","April_28",2.025193567844,11.2316896677882,6.62844161781612
"YARNER","2013","April_29",4.34434806517871,12.0373546141226,8.19085133965065
"YARNER","2013","April_30",2.606447790743,13.0658762122332,7.83616200148812
"YARNER","2013","May_01",1.4779516780506,14.1929000545992,7.83542586632491
"YARNER","2013","May_02",4.88461833358273,15.8321684337707,10.3583933836767
"YARNER","2013","May_03",4.21177843200864,13.7501005501919,8.98093949110029
"YARNER","2013","May_04",7.45121750788599,14.1297670938068,10.7904923008464
"YARNER","2013","May_05",8.53622869645225,16.2567637679573,12.3964962322048
"YARNER","2013","May_06",4.37454675268723,16.4061644536187,10.390355603153
"YARNER","2013","May_07",6.57100284577986,16.8194752322584,11.6952390390191
"YARNER","2013","May_08",10.0138088450102,14.2080970248659,12.110952934938
"YARNER","2013","May_09",5.90204572103334,12.2557519120076,9.07889881652049
"YARNER","2013","May_10",7.76102968215778,13.4953030803375,10.6281663812476
"YARNER","2013","May_11",5.83336122509688,11.8700761268698,8.85171867598336
"YARNER","2013","May_12",4.81971080060193,11.3389406097741,8.07932570518802
"YARNER","2013","May_13",8.06295926500217,12.2019453951255,10.1324523300638
"YARNER","2013","May_14",5.96326201033159,8.60940318070367,7.28633259551763
"YARNER","2013","May_15",2.32798363534402,11.1471289114014,6.7375562733727
"YARNER","2013","May_16",1.79662153632102,12.0026385769389,6.89963005662997
"YARNER","2013","May_17",1.27923199648693,13.1845958602487,7.23191392836781
"YARNER","2013","May_18",4.39397049748667,15.8326704901513,10.113320493819
"YARNER","2013","May_19",5.71975986798958,16.0674191548387,10.8935895114142
"YARNER","2013","May_20",7.06696972167626,15.9356267494135,11.5012982355449
"YARNER","2013","May_21",10.2006437124487,14.8027586933406,12.5017012028946
"YARNER","2013","May_22",8.0859012801085,14.5672551724164,11.3265782262624
"YARNER","2013","May_23",5.02652879579167,10.9775894391197,8.00205911745568
"YARNER","2013","May_24",4.52499370461272,11.508903888326,8.01694879646934
"YARNER","2013","May_25",3.72387952385695,14.1728724535394,8.94837598869817
"YARNER","2013","May_26",3.15230449412337,15.8495170177116,9.5009107559175
"YARNER","2013","May_27",3.83917629948027,12.8364391695775,8.33780773452891
"YARNER","2013","May_28",5.35145338374329,12.0924437610757,8.72194857240948
"YARNER","2013","May_29",6.4333960664408,15.355815147273,10.8946056068569
"YARNER","2013","May_30",8.48841324497226,18.1804972490599,13.3344552470161
"YARNER","2013","May_31",8.27150958265226,19.3400424526477,13.80577601765
"YARNER","2013","June_01",8.63853666877365,15.6557597715809,12.1471482201773
"YARNER","2013","June_02",6.66848453833099,17.8546017958403,12.2615431670856
"YARNER","2013","June_03",6.91093763181953,18.3153012330351,12.6131194324273
"YARNER","2013","June_04",5.37082070302093,18.5127011461941,11.9417609246075
"YARNER","2013","June_05",7.99063956136023,17.9238106729954,12.9572251171778
"YARNER","2013","June_06",8.88135027506212,20.2875078319389,14.5844290535005
"YARNER","2013","June_07",11.7173020733013,19.5936923464485,15.6554972098749
"YARNER","2013","June_08",10.919026159619,20.2164794473535,15.5677528034862
"YARNER","2013","June_09",7.39395380944554,17.7613517991679,12.5776528043067
"YARNER","2013","June_10",5.29874940297848,14.4881374666507,9.89344343481458
"YARNER","2013","June_11",9.68504337294735,16.5854435202158,13.1352434465816
"YARNER","2013","June_12",11.6766771576846,15.6224328568186,13.6495550072516
"YARNER","2013","June_13",10.9861677411938,15.6136657059824,13.2999167235881
"YARNER","2013","June_14",8.90800678137802,16.252622167386,12.580314474382
"YARNER","2013","June_15",8.86012935899675,15.6811464460682,12.2706379025325
"YARNER","2013","June_16",9.29796692128972,13.5477051243104,11.4228360228001
"YARNER","2013","June_17",9.91758380693652,19.8143230144809,14.8659534107087
"YARNER","2013","June_18",11.8782072919516,19.4458761480773,15.6620417200144
"YARNER","2013","June_19",10.5127381987439,22.8915872290837,16.7021627139138
"YARNER","2013","June_20",13.4703489674194,16.5950308281203,15.0326898977699
"YARNER","2013","June_21",11.3529398809007,16.2936230784053,13.823281479653
"YARNER","2013","June_22",11.005509429523,13.9959582435144,12.5007338365187
"YARNER","2013","June_23",10.3075524135246,14.1172358391614,12.212394126343
"YARNER","2013","June_24",9.37325240959212,16.1880708386629,12.7806616241275
"YARNER","2013","June_25",4.34820457804681,17.9970966123393,11.172650595193
"YARNER","2013","June_26",7.25210328362761,18.8670370903195,13.0595701869735
"YARNER","2013","June_27",10.0391484152475,19.4861344933459,14.7626414542967
"YARNER","2013","June_28",11.3852962782615,18.4261033301698,14.9056998042156
"YARNER","2013","June_29",12.8024006945481,19.7206003976671,16.2615005461076
"YARNER","2013","June_30",10.7521145456617,19.2417703152673,14.9969424304645
"YARNER","2014","April_01",2.34179239130314,14.900388125618,8.62109025846058
"YARNER","2014","April_02",8.45778810950375,13.3767695632988,10.9172788364013
"YARNER","2014","April_03",8.41188544513292,11.5585385276507,9.98521198639181
"YARNER","2014","April_04",7.556636665654,14.2883850928912,10.9225108792726
"YARNER","2014","April_05",8.24898869225683,13.5515108780265,10.9002497851416
"YARNER","2014","April_06",10.7355476582387,12.7366187944366,11.7360832263377
"YARNER","2014","April_07",10.6122950374171,12.4215553470765,11.5169251922468
"YARNER","2014","April_08",5.23550404116637,11.9098132352643,8.57265863821532
"YARNER","2014","April_09",4.05109715096518,13.5379880025999,8.79454257678256
"YARNER","2014","April_10",2.45349765045494,12.2264886430852,7.33999314677007
"YARNER","2014","April_11",4.65647108224424,14.5315517290035,9.59401140562387
"YARNER","2014","April_12",3.17793901521375,12.0174273833519,7.59768319928282
"YARNER","2014","April_13",4.30450810238246,12.6947185110496,8.49961330671603
"YARNER","2014","April_14",4.65654498831448,14.3088751843346,9.48271008632456
"YARNER","2014","April_15",5.00729413261962,13.6473487270322,9.32732142982593
"YARNER","2014","April_16",5.50889043477222,13.4701858623765,9.48953814857434
"YARNER","2014","April_17",1.82756211151846,14.7794571095278,8.30350961052312
"YARNER","2014","April_18",5.42016132885406,14.42573843323,9.92294988104202
"YARNER","2014","April_19",1.26180648812722,11.3310214317203,6.29641395992377
"YARNER","2014","April_20",3.66112812408712,9.91673622651731,6.78893217530221
"YARNER","2014","April_21",6.04770962840861,13.5724821065503,9.81009586747948
"YARNER","2014","April_22",6.55717432579029,14.4981508322191,10.5276625790047
"YARNER","2014","April_23",8.78887515122169,14.6524965091486,11.7206858301851
"YARNER","2014","April_24",4.80874159258927,14.0114349345938,9.41008826359152
"YARNER","2014","April_25",5.11022102166634,15.0465383791786,10.0783797004225
"YARNER","2014","April_26",7.5022608779386,11.4558962533283,9.47907856563343
"YARNER","2014","April_27",7.13798148316904,12.6827131969743,9.91034734007167
"YARNER","2014","April_28",7.38950100233657,15.3617669819358,11.3756339921362
"YARNER","2014","April_29",7.70678382355782,15.3461245399754,11.5264541817666
"YARNER","2014","April_30",5.45890242764045,14.6050975196326,10.0319999736365
"YARNER","2014","May_01",9.14961717640599,14.2542600120668,11.7019385942364
"YARNER","2014","May_02",8.43041318442366,12.9258912972889,10.6781522408563
"YARNER","2014","May_03",7.16122951930487,12.4103774684923,9.78580349389857
"YARNER","2014","May_04",3.41540641954307,13.7758372588287,8.59562183918588
"YARNER","2014","May_05",5.18276976411055,15.2707468242991,10.2267582942048
"YARNER","2014","May_06",7.79607969114452,14.6289404262396,11.2125100586921
"YARNER","2014","May_07",8.32321474903227,13.5866256633575,10.9549202061949
"YARNER","2014","May_08",9.40311011953418,14.629977706851,12.0165439131926
"YARNER","2014","May_09",9.48642840193608,14.6539122961044,12.0701703490202
"YARNER","2014","May_10",9.7177966148945,13.001866549085,11.3598315819898
"YARNER","2014","May_11",6.89976295000935,12.9352050364706,9.91748399323998
"YARNER","2014","May_12",6.67126313136957,13.6794511134366,10.1753571224031
"YARNER","2014","May_13",8.31657341023518,15.0534540483213,11.6850137292782
"YARNER","2014","May_14",5.99723174467567,16.9147633132699,11.4559975289728
"YARNER","2014","May_15",6.99921865167564,18.6519370118777,12.8255778317767
"YARNER","2014","May_16",7.56834942703883,18.6754000707374,13.1218747488881
"YARNER","2014","May_17",8.72750505662488,20.1755064011462,14.4515057288855
"YARNER","2014","May_18",8.90288130909903,19.6248058563687,14.2638435827339
"YARNER","2014","May_19",10.3643458330013,17.5218348286268,13.9430903308141
"YARNER","2014","May_20",10.9798491138713,15.4698249991948,13.224837056533
"YARNER","2014","May_21",4.36179981849555,17.2399256245849,10.8008627215402
"YARNER","2014","May_22",8.99869405726467,14.331234454349,11.6649642558068
"YARNER","2014","May_23",9.34899817887193,14.2720418527483,11.8105200158101
"YARNER","2014","May_24",7.65078825505098,13.7335959350925,10.6921920950717
"YARNER","2014","May_25",9.53997316724873,14.3119865520341,11.9259798596414
"YARNER","2014","May_26",6.64122419768764,16.159977124489,11.4006006610883
"YARNER","2014","May_27",9.69889820646308,16.3143267978398,13.0066125021514
"YARNER","2014","May_28",9.99866303297133,14.737063536376,12.3678632846736
"YARNER","2014","May_29",10.839942412523,15.2394544186239,13.0396984155735
"YARNER","2014","May_30",11.1208796580944,16.0943090543436,13.607594356219
"YARNER","2014","May_31",9.15948989372766,18.4137847026375,13.7866372981826
"YARNER","2014","June_01",8.99252709668421,17.6255891324121,13.3090581145482
"YARNER","2014","June_02",10.8591996679194,17.9772686756498,14.4182341717846
"YARNER","2014","June_03",10.2726975057882,16.237544495428,13.2551210006081
"YARNER","2014","June_04",8.60940093546273,14.1932642600492,11.401332597756
"YARNER","2014","June_05",7.53524637847058,16.3513296470955,11.9432880127831
"YARNER","2014","June_06",8.81735830484457,19.6851311529393,14.2512447288919
"YARNER","2014","June_07",11.8880862890504,18.2424439475654,15.0652651183079
"YARNER","2014","June_08",10.8720006518733,18.8240801585743,14.8480404052238
"YARNER","2014","June_09",12.0153172942322,20.0372264133948,16.0262718538135
"YARNER","2014","June_10",10.3994752227132,16.9550188037318,13.6772470132225
"YARNER","2014","June_11",10.1619865207647,19.2369665014859,14.6994765111253
"YARNER","2014","June_12",8.22765680679121,21.5828047069196,14.9052307568554
"YARNER","2014","June_13",10.9161330412873,23.1659654309673,17.0410492361273
"YARNER","2014","June_14",11.6871076723438,23.0228217207864,17.3549646965651
"YARNER","2014","June_15",13.4442194362527,21.1097695131577,17.2769944747052
"YARNER","2014","June_16",13.4409131845683,19.5450993105483,16.4930062475583
"YARNER","2014","June_17",10.1321006646232,20.4053242039786,15.2687124343009
"YARNER","2014","June_18",11.8590881718607,22.5560968675983,17.2075925197295
"YARNER","2014","June_19",12.6725467111938,23.1698007036059,17.9211737073999
"YARNER","2014","June_20",11.0760849463493,20.942207230085,16.0091460882172
"YARNER","2014","June_21",9.12113238894987,20.5754691328784,14.8483007609141
"YARNER","2014","June_22",10.6983837688836,23.1724511686008,16.9354174687422
"YARNER","2014","June_23",9.97930358558212,23.1012618354617,16.5402827105219
"YARNER","2014","June_24",11.2144396047072,23.2491408978524,17.2317902512798
"YARNER","2014","June_25",12.3683517479665,18.6068227934266,15.4875872706965
"YARNER","2014","June_26",10.3416691738159,17.2330657314461,13.787367452631
"YARNER","2014","June_27",10.7273102119258,18.5550686822147,14.6411894470703
"YARNER","2014","June_28",10.3645487750803,17.8332973901338,14.098923082607
"YARNER","2014","June_29",10.3837620812231,17.8801905680967,14.1319763246599
"YARNER","2014","June_30",8.0622981632555,18.9489999911856,13.5056490772206
"YARNER","2016","April_01",-0.0923084226811814,9.60637783841554,4.75703470786718
"YARNER","2016","April_02",6.53914538896587,12.2750006410924,9.40707301502913
"YARNER","2016","April_03",5.67199315282984,10.5259278447685,8.09896049879918
"YARNER","2016","April_04",5.98420586478175,11.6206731494212,8.80243950710147
"YARNER","2016","April_05",4.32222653424148,13.3547964892993,8.83851151177041
"YARNER","2016","April_06",6.10088228989327,10.3196866769514,8.21028448342235
"YARNER","2016","April_07",3.57161189938956,9.80419117638063,6.68790153788509
"YARNER","2016","April_08",5.22600450501232,11.0624114807346,8.14420799287346
"YARNER","2016","April_09",2.60045355414878,8.7926937225693,5.69657363835904
"YARNER","2016","April_10",1.92956692931844,10.3194991584627,6.12453304389057
"YARNER","2016","April_11",6.23740177976343,13.4060140482924,9.82170791402789
"YARNER","2016","April_12",1.44773383002989,14.3814709297432,7.91460237988656
"YARNER","2016","April_13",3.29647226676624,14.0914181238487,8.69394519530745
"YARNER","2016","April_14",6.57906915167478,13.4868247686487,10.0329469601617
"YARNER","2016","April_15",7.49083247558589,11.6931938898078,9.59201318269682
"YARNER","2016","April_16",1.38382508446495,9.6287393457623,5.50628221511362
"YARNER","2016","April_17",0.761404378151458,10.8334043348678,5.79740435650962
"YARNER","2016","April_18",0.40264955413195,10.5677299211564,5.48518973764419
"YARNER","2016","April_19",1.79292390046361,14.443925717549,8.11842480900629
"YARNER","2016","April_20",4.60825928311089,14.7930108190106,9.70063505106073
"YARNER","2016","April_21",6.80994154645462,12.9521615188338,9.88105153264423
"YARNER","2016","April_22",5.33960663107211,7.61678161752118,6.47819412429664
"YARNER","2016","April_23",3.6601900590349,11.1833776494626,7.42178385424874
"YARNER","2016","April_24",3.77076075764027,12.2751098924282,8.02293532503426
"YARNER","2016","April_25",4.23108389573297,10.4164767849965,7.32378034036471
"YARNER","2016","April_26",2.3461183007953,8.74639284132599,5.54625557106065
"YARNER","2016","April_27",1.11168248411623,8.92137436986661,5.01652842699142
"YARNER","2016","April_28",-0.532966806756172,11.5015103925001,5.48427179287197
"YARNER","2016","April_29",3.04441900096661,9.99860867075966,6.52151383586313
"YARNER","2016","April_30",0.344435649693036,12.0270877775772,6.18576171363512
"YARNER","2016","May_01",1.69549012245259,12.3816147967767,7.03855245961465
"YARNER","2016","May_02",9.20599624281021,12.4613062908462,10.8336512668282
"YARNER","2016","May_03",3.24638351799275,13.447032619452,8.34670806872239
"YARNER","2016","May_04",1.80786035809027,15.2474234888274,8.52764192345884
"YARNER","2016","May_05",4.03927008117602,17.3945020838745,10.7168860825253
"YARNER","2016","May_06",5.65595954910059,18.8046139035227,12.2302867263116
"YARNER","2016","May_07",10.3202664688744,19.653826722113,14.9870465954937
"YARNER","2016","May_08",11.7475215345998,19.7088530503887,15.7281872924942
"YARNER","2016","May_09",12.4012225461576,16.866467183823,14.6338448649903
"YARNER","2016","May_10",9.9427865891323,18.4533258856528,14.1980562373926
"YARNER","2016","May_11",10.3476768458739,16.1359289617265,13.2418029038002
"YARNER","2016","May_12",11.0879812767034,19.9108061138811,15.4993936952922
"YARNER","2016","May_13",10.5246373553553,18.8705912566634,14.6976143060093
"YARNER","2016","May_14",5.91029395668601,14.5731098586443,10.2417019076651
"YARNER","2016","May_15",3.57216528193534,15.9326033772464,9.75238432959086
"YARNER","2016","May_16",6.54005708039218,15.6313509591477,11.0857040197699
"YARNER","2016","May_17",5.72209171045975,14.8344363392452,10.2782640248525
"YARNER","2016","May_18",8.57078742180362,14.2352028476782,11.4029951347409
"YARNER","2016","May_19",7.21237620104249,14.282359683006,10.7473679420242
"YARNER","2016","May_20",10.3023635706597,15.1396739373914,12.7210187540255
"YARNER","2016","May_21",10.9526546080908,13.6129369179936,12.2827957630422
"YARNER","2016","May_22",7.5731569394315,15.2976147292303,11.4353858343309
"YARNER","2016","May_23",6.69981412507579,15.1390230628746,10.9194185939752
"YARNER","2016","May_24",6.21004176003257,15.7013269636943,10.9556843618634
"YARNER","2016","May_25",5.69662998227046,13.4442347360993,9.57043235918489
"YARNER","2016","May_26",4.1866938901535,17.1971018276433,10.6918978588984
"YARNER","2016","May_27",10.65792828877,16.6831042654712,13.6705162771206
"YARNER","2016","May_28",8.21419744618935,19.6348640603333,13.9245307532613
"YARNER","2016","May_29",9.41678899060737,20.5858676677649,15.0013283291861
"YARNER","2016","May_30",9.18257957900851,20.2676328792827,14.7251062291456
"YARNER","2016","May_31",10.6098575018799,19.7347183470641,15.172287924472
"YARNER","2016","June_01",12.6836693299866,17.0525589879411,14.8681141589639
"YARNER","2016","June_02",10.7377475990164,18.05728983066,14.3975187148382
"YARNER","2016","June_03",7.36629609842343,17.4069791888451,12.3866376436343
"YARNER","2016","June_04",6.66139953440611,18.419613449149,12.5405064917775
"YARNER","2016","June_05",11.7782388443034,22.1108237002944,16.9445312722989
"YARNER","2016","June_06",12.4164588901744,21.1350373955835,16.7757481428789
"YARNER","2016","June_07",12.8795204011045,22.1788943347617,17.5292073679331
"YARNER","2016","June_08",12.4038204860075,22.6154694298969,17.5096449579522
"YARNER","2016","June_09",11.8426314854186,20.0391141062646,15.9408727958416
"YARNER","2016","June_10",12.2234793408142,17.763366341219,14.9934228410166
"YARNER","2016","June_11",12.2558929993799,19.4940179705672,15.8749554849736
"YARNER","2016","June_12",12.6813008858424,19.3198232079067,16.0005620468746
"YARNER","2016","June_13",12.406420613949,16.6805384995544,14.5434795567517
"YARNER","2016","June_14",11.5073258740056,16.1241508921135,13.8157383830596
"YARNER","2016","June_15",11.0502677935608,15.5216937021849,13.2859807478729
"YARNER","2016","June_16",10.1958881947424,18.5691299378212,14.3825090662818
"YARNER","2016","June_17",10.2747454462749,17.0855542756914,13.6801498609831
"YARNER","2016","June_18",8.98281417434867,17.7431265943698,13.3629703843593
"YARNER","2016","June_19",9.9127840302752,16.75747881011,13.3351314201926
"YARNER","2016","June_20",13.7963052449265,18.5104896263494,16.1533974356379
"YARNER","2016","June_21",11.4378300810752,18.59519828393,15.0165141825026
"YARNER","2016","June_22",12.9687293819896,18.9807695384155,15.9747494602026
"YARNER","2016","June_23",13.4742751749983,19.2618758894101,16.3680755322042
"YARNER","2016","June_24",11.7054910843788,18.5948022109124,15.1501466476456
"YARNER","2016","June_25",10.4105354781957,17.7472409682152,14.0788882232055
"YARNER","2016","June_26",10.869224507869,16.7962082282326,13.8327163680508
"YARNER","2016","June_27",12.772240473047,17.2074735826606,14.9898570278538
"YARNER","2016","June_28",7.09204526828881,16.4330555445097,11.7625504063992
"YARNER","2016","June_29",11.3786865395417,15.9856135562,13.6821500478709
"YARNER","2016","June_30",11.5720111327964,18.452370733021,15.0121909329087
"YARNER","2017","April_01",5.85353264954723,12.7126790734569,9.28310586150206
"YARNER","2017","April_02",5.72983222735478,14.5711882629166,10.1505102451357
"YARNER","2017","April_03",2.62650483190272,13.4786982789874,8.05260155544505
"YARNER","2017","April_04",7.11624305108503,12.8638233873587,9.99003321922185
"YARNER","2017","April_05",2.51984018019622,12.8341413872122,7.67699078370421
"YARNER","2017","April_06",2.42538607193258,14.4570420713886,8.44121407166057
"YARNER","2017","April_07",1.73798562916833,16.3384958348183,9.03824073199331
"YARNER","2017","April_08",3.24008714566473,17.3005407802117,10.2703139629382
"YARNER","2017","April_09",7.53607294257725,17.999566423797,12.7678196831871
"YARNER","2017","April_10",6.23931690764368,13.1676839640375,9.70350043584059
"YARNER","2017","April_11",3.29162909927766,13.7877210953767,8.53967509732716
"YARNER","2017","April_12",4.28573293050322,13.067792460231,8.67676269536713
"YARNER","2017","April_13",6.42796278496818,12.5346331584204,9.48129797169431
"YARNER","2017","April_14",1.84728078349524,13.3710947775624,7.60918778052882
"YARNER","2017","April_15",7.92921590398773,11.6944317584244,9.81182383120609
"YARNER","2017","April_16",3.82255260488735,13.675420741089,8.74898667298816
"YARNER","2017","April_17",7.53317720251776,13.580262211285,10.5567197069014
"YARNER","2017","April_18",3.59511207334287,12.5673946753582,8.08125337435051
"YARNER","2017","April_19",2.8238513389833,13.3854284087653,8.10463987387431
"YARNER","2017","April_20",1.90035998976502,13.4371339161837,7.66874695297436
"YARNER","2017","April_21",5.00480598200827,14.6712254145703,9.83801569828928
"YARNER","2017","April_22",7.14411759907759,14.7138278468431,10.9289727229604
"YARNER","2017","April_23",4.18451974395613,14.5512596098217,9.36788967688893
"YARNER","2017","April_24",3.62043042377797,13.2366988739411,8.42856464885952
"YARNER","2017","April_25",0.881159963371784,10.037629529721,5.45939474654641
"YARNER","2017","April_26",-0.0520338181662902,10.5130793804579,5.2305227811458
"YARNER","2017","April_27",-1.46107862877769,10.6036675286519,4.57129444993712
"YARNER","2017","April_28",6.19137269940954,11.3453654174609,8.76836905843523
"YARNER","2017","April_29",5.95002882959218,13.0179226417618,9.48397573567699
"YARNER","2017","April_30",8.2900427749327,10.3257502982263,9.30789653657952
"YARNER","2017","May_01",6.81427525370171,13.7404360173888,10.2773556355452
"YARNER","2017","May_02",5.17776038285272,15.0945043539924,10.1361323684226
"YARNER","2017","May_03",6.23813060006255,12.8132366076673,9.52568360386493
"YARNER","2017","May_04",7.3752335987657,15.026461778144,11.2008476884549
"YARNER","2017","May_05",7.31255048816226,13.7420008155871,10.5272756518747
"YARNER","2017","May_06",7.42303566480093,14.4753295641844,10.9491826144927
"YARNER","2017","May_07",7.25476196061947,16.0082911276891,11.6315265441543
"YARNER","2017","May_08",5.85408496160978,14.9405004409066,10.3972927012582
"YARNER","2017","May_09",4.37388056784344,13.8895108732619,9.13169572055267
"YARNER","2017","May_10",2.71483700172977,15.4043272436613,9.05958212269554
"YARNER","2017","May_11",7.12804933906522,14.8700293173843,10.9990393282247
"YARNER","2017","May_12",9.87393547974895,14.007134041347,11.940534760548
"YARNER","2017","May_13",9.33815741563025,15.6990923964881,12.5186249060592
"YARNER","2017","May_14",7.6016151450674,15.943324732175,11.7724699386212
"YARNER","2017","May_15",8.15950418711784,14.6954428768805,11.4274735319992
"YARNER","2017","May_16",12.8645802180648,14.666867299103,13.7657237585839
"YARNER","2017","May_17",10.2164864896391,12.3109838872008,11.2637351884199
"YARNER","2017","May_18",5.45624314256369,14.9542413405456,10.2052422415546
"YARNER","2017","May_19",4.53992523324865,14.0439793251123,9.29195227918046
"YARNER","2017","May_20",4.94768687593507,13.9705044137796,9.45909564485734
"YARNER","2017","May_21",7.02952847933302,16.3861379647723,11.7078332220527
"YARNER","2017","May_22",9.75505366147748,20.4055035753006,15.080278618389
"YARNER","2017","May_23",10.4522248583206,17.1935882624005,13.8229065603605
"YARNER","2017","May_24",12.6853732191185,22.651023943372,17.6681985812452
"YARNER","2017","May_25",11.4382005064432,21.5050754693418,16.4716379878925
"YARNER","2017","May_26",13.7018177617952,21.9212081500366,17.8115129559159
"YARNER","2017","May_27",13.4799696585135,18.5308295595002,16.0053996090069
"YARNER","2017","May_28",9.46019554748483,19.6299438690053,14.5450697082451
"YARNER","2017","May_29",12.8684590804451,19.3793439252426,16.1239015028439
"YARNER","2017","May_30",11.3374299987944,18.2916083243922,14.8145191615933
"YARNER","2017","May_31",11.9501315389573,19.6992855932449,15.8247085661011
"YARNER","2017","June_01",8.79479867734491,20.2264377515354,14.5106182144402
"YARNER","2017","June_02",9.82930021923582,17.2736904918632,13.5514953555495
"YARNER","2017","June_03",5.80660253318782,17.0430791995073,11.4248408663476
"YARNER","2017","June_04",6.60164108404134,16.3313902323188,11.46651565818
"YARNER","2017","June_05",8.51774689405564,14.418506308217,11.4681266011363
"YARNER","2017","June_06",8.88564858013814,14.48297686622,11.6843127231791
"YARNER","2017","June_07",9.37686563866526,16.6761924517997,13.0265290452325
"YARNER","2017","June_08",11.6054291928673,16.3909772766601,13.9982032347637
"YARNER","2017","June_09",10.789451150993,17.1770184029429,13.9832347769679
"YARNER","2017","June_10",11.4373931926706,18.0907559724427,14.7640745825567
"YARNER","2017","June_11",10.8638916081443,17.9308675662346,14.3973795871894
"YARNER","2017","June_12",10.4376975189665,16.9369972843164,13.6873474016415
"YARNER","2017","June_13",6.52202347239529,19.4190262666712,12.9705248695332
"YARNER","2017","June_14",8.32209843039282,21.0204945506269,14.6712964905099
"YARNER","2017","June_15",9.44789237307297,18.7668456720578,14.1073690225654
"YARNER","2017","June_16",10.4198797807163,20.7609977919545,15.5904387863354
"YARNER","2017","June_17",10.8014362612496,24.5341938274254,17.6678150443375
"YARNER","2017","June_18",12.617726616272,25.887790263935,19.2527584401035
"YARNER","2017","June_19",14.3233317623189,26.9435727685598,20.6334522654394
"YARNER","2017","June_20",15.2145242333223,28.6499464395135,21.9322353364179
"YARNER","2017","June_21",16.8031173411161,27.2525963051648,22.0278568231405
"YARNER","2017","June_22",15.1041543027056,19.2165824795218,17.1603683911137
"YARNER","2017","June_23",11.4913068737933,20.6104540460636,16.0508804599284
"YARNER","2017","June_24",14.5358862060083,19.2402336698462,16.8880599379272
"YARNER","2017","June_25",12.5761420329351,19.1205894288489,15.848365730892
"YARNER","2017","June_26",10.375634367081,18.9732752372304,14.6744548021557
"YARNER","2017","June_27",11.9705291915909,19.4182324030384,15.6943807973147
"YARNER","2017","June_28",13.1894634618781,14.644678016923,13.9170707394005
"YARNER","2017","June_29",11.0843452360695,14.0789571787907,12.5816512074301
"YARNER","2017","June_30",10.7606816855005,16.0884553823574,13.424568533929
"YARNER","2018","April_01",2.21059431058296,9.11967591572276,5.66513511315286
"YARNER","2018","April_02",3.24749726922224,11.2555894583859,7.25154336380408
"YARNER","2018","April_03",8.70551378854313,11.6762411786552,10.1908774835992
"YARNER","2018","April_04",7.28414231897477,11.2640344140269,9.27408836650082
"YARNER","2018","April_05",0.983246923345559,9.40159488903895,5.19242090619225
"YARNER","2018","April_06",4.41680509557875,11.1039441491679,7.76037462237334
"YARNER","2018","April_07",6.92423394056912,11.2564962899046,9.09036511523687
"YARNER","2018","April_08",3.36067503618833,12.3449690358651,7.85282203602673
"YARNER","2018","April_09",5.10937642652617,10.7690740795099,7.93922525301806
"YARNER","2018","April_10",7.80246901831987,11.6165148759856,9.70949194715275
"YARNER","2018","April_11",8.32270774741381,12.8385520050727,10.5806298762433
"YARNER","2018","April_12",6.28617998569531,12.6673308237405,9.47675540471791
"YARNER","2018","April_13",7.06319642586555,11.9515103599625,9.50735339291401
"YARNER","2018","April_14",4.46090205140162,12.6270991386664,8.54400059503402
"YARNER","2018","April_15",7.15737094079399,12.0960745858855,9.62672276333974
"YARNER","2018","April_16",6.32779446214803,12.9504252656576,9.63910986390283
"YARNER","2018","April_17",9.05266735543045,14.4146564619747,11.7336619087026
"YARNER","2018","April_18",10.3929341412653,18.8005223463999,14.5967282438326
"YARNER","2018","April_19",7.44196842225288,20.9170220636486,14.1794952429507
"YARNER","2018","April_20",7.32443681405548,20.0382794883194,13.6813581511874
"YARNER","2018","April_21",7.77732297767584,21.1446418774697,14.4609824275728
"YARNER","2018","April_22",8.19152526475259,16.1251066857529,12.1583159752527
"YARNER","2018","April_23",7.29283704470747,13.9958638756103,10.6443504601589
"YARNER","2018","April_24",9.58555162214163,13.3768016480322,11.4811766350869
"YARNER","2018","April_25",7.12705479563546,12.9448894338138,10.0359721147246
"YARNER","2018","April_26",5.4055971212465,12.8147388864768,9.11016800386166
"YARNER","2018","April_27",5.99432891796215,9.43293790248878,7.71363341022547
"YARNER","2018","April_28",6.24513735968639,9.97468152543993,8.10990944256316
"YARNER","2018","April_29",3.97177914957652,8.98677708417515,6.47927811687584
"YARNER","2018","April_30",3.03326236158641,11.3591151748342,7.1961887682103
"YARNER","2018","May_01",2.71401256586339,11.9334733743583,7.32374297011083
"YARNER","2018","May_02",7.15846286561302,11.6377736606627,9.39811826313784
"YARNER","2018","May_03",5.0469020166261,14.8078937551905,9.92739788590829
"YARNER","2018","May_04",8.19330381410614,14.9414521971294,11.5673780056177
"YARNER","2018","May_05",6.07810656009773,19.8594163501408,12.9687614551193
"YARNER","2018","May_06",7.33929245468254,21.0518304517234,14.195561453203
"YARNER","2018","May_07",8.77650739027267,22.69625389182,15.7363806410464
"YARNER","2018","May_08",7.87687027974787,15.1193648192818,11.4981175495148
"YARNER","2018","May_09",6.07466948970037,13.1097943251009,9.59223190740066
"YARNER","2018","May_10",5.96570540220886,13.9203134499601,9.94300942608449
"YARNER","2018","May_11",4.62794751951329,12.1377486880145,8.38284810376388
"YARNER","2018","May_12",2.30001760232903,13.0056346142371,7.65282610828307
"YARNER","2018","May_13",3.41045008870548,15.3054488805236,9.35794948461453
"YARNER","2018","May_14",3.29184141795465,17.8945486220704,10.5931950200125
"YARNER","2018","May_15",7.19618114244365,19.1811887901796,13.1886849663116
"YARNER","2018","May_16",9.47103003882323,14.8996408808122,12.1853354598177
"YARNER","2018","May_17",6.40000945477834,16.7293741265592,11.5646917906687
"YARNER","2018","May_18",4.72404236250489,17.1860564278616,10.9550493951833
"YARNER","2018","May_19",5.43708489679726,19.4307678871935,12.4339263919954
"YARNER","2018","May_20",5.28744204832456,17.9192246518838,11.6033333501042
"YARNER","2018","May_21",5.59623376798429,21.8932470062286,13.7447403871065
"YARNER","2018","May_22",10.6473941893335,20.6885835024708,15.6679888459021
"YARNER","2018","May_23",9.60354656271222,21.5503695102332,15.5769580364727
"YARNER","2018","May_24",11.2126976995858,15.6638062472623,13.438251973424
"YARNER","2018","May_25",11.9544876630926,18.0970089631112,15.0257483131019
"YARNER","2018","May_26",11.3529095855751,21.3038513559404,16.3283804707578
"YARNER","2018","May_27",13.6001615014482,20.0617913650338,16.830976433241
"YARNER","2018","May_28",10.5041828827354,24.4418343569666,17.473008619851
"YARNER","2018","May_29",14.3719346630347,19.0826698038524,16.7273022334435
"YARNER","2018","May_30",14.3942727942163,16.2773577260154,15.3358152601158
"YARNER","2018","May_31",13.9178812807275,19.8206135339117,16.8692474073196
"YARNER","2018","June_01",13.6946886117779,20.7030101807372,17.1988493962575
"YARNER","2018","June_02",11.7392413166777,20.0353782543228,15.8873097855002
"YARNER","2018","June_03",9.44722733331185,23.8463506493933,16.6467889913526
"YARNER","2018","June_04",11.8483037180229,23.1021176656378,17.4752106918303
"YARNER","2018","June_05",11.9669429451259,15.380576243569,13.6737595943474
"YARNER","2018","June_06",11.2696861180266,21.670481377306,16.4700837476663
"YARNER","2018","June_07",12.0938297739396,17.7536431884795,14.9237364812096
"YARNER","2018","June_08",13.8075763755872,18.4015870473975,16.1045817114923
"YARNER","2018","June_09",13.0067450246177,20.8964297245045,16.9515873745611
"YARNER","2018","June_10",11.4637737677616,21.5227049503061,16.4932393590339
"YARNER","2018","June_11",13.7792996709125,23.9100138651906,18.8446567680516
"YARNER","2018","June_12",11.979596430824,20.6760447152289,16.3278205730264
"YARNER","2018","June_13",10.664904867245,19.7735800255274,15.2192424463862
"YARNER","2018","June_14",13.3693228448672,18.4724527469791,15.9208877959232
"YARNER","2018","June_15",8.45848721895053,17.8593840365909,13.1589356277707
"YARNER","2018","June_16",10.2635328370455,18.1476458125493,14.2055893247974
"YARNER","2018","June_17",11.2861692793142,17.8501136125251,14.5681414459197
"YARNER","2018","June_18",12.0230444759233,19.7050835332575,15.8640640045904
"YARNER","2018","June_19",14.4503061522006,21.8584676624905,18.1543869073455
"YARNER","2018","June_20",13.371090522503,19.5999166822941,16.4855036023986
"YARNER","2018","June_21",8.12349645814856,17.9095398865582,13.0165181723534
"YARNER","2018","June_22",4.93209211940462,20.1840593523434,12.558075735874
"YARNER","2018","June_23",7.79919111727645,23.0909910072207,15.4450910622486
"YARNER","2018","June_24",9.19563282828275,23.8747412828145,16.5351870555486
"YARNER","2018","June_25",10.5134738080791,26.6930783318686,18.6032760699738
"YARNER","2018","June_26",11.4830211651636,25.9476914597592,18.7153563124614
"YARNER","2018","June_27",11.6187249759362,25.9654545649752,18.7920897704557
"YARNER","2018","June_28",12.9975296133525,27.1397582988489,20.0686439561007
"YARNER","2018","June_29",13.011330418506,26.2786840178518,19.6450072181789
"YARNER","2018","June_30",12.7991769487374,26.5388265884637,19.6690017686006
"YARNER","2019","April_01",2.16871654353161,13.174893975916,7.67180525972379
"YARNER","2019","April_02",3.49996327802893,8.9379196037862,6.21894144090757
"YARNER","2019","April_03",-0.448816190302122,7.50463017656014,3.52790699312901
"YARNER","2019","April_04",2.04440991445038,8.64533374567949,5.34487183006494
"YARNER","2019","April_05",3.39420922830791,8.71606288978249,6.0551360590452
"YARNER","2019","April_06",5.40773284375294,12.2417145323923,8.82472368807263
"YARNER","2019","April_07",6.3577183308873,11.9941990486617,9.17595868977449
"YARNER","2019","April_08",4.96201921713935,13.0423226897327,9.00217095343604
"YARNER","2019","April_09",4.84228286387855,12.0584971348395,8.450389999359
"YARNER","2019","April_10",4.29942945763006,11.4931849548319,7.89630720623098
"YARNER","2019","April_11",0.906949228767531,11.3147720317398,6.11086063025369
"YARNER","2019","April_12",0.0832976714065433,9.68942000249133,4.88635883694894
"YARNER","2019","April_13",2.98784153235527,8.94332341065169,5.96558247150348
"YARNER","2019","April_14",3.74337279678714,7.64882021409947,5.6960965054433
"YARNER","2019","April_15",4.38944343793882,9.81356121883348,7.10150232838615
"YARNER","2019","April_16",6.90230870719652,12.959811362675,9.93106003493578
"YARNER","2019","April_17",3.67040862516025,14.4050712563786,9.03773994076941
"YARNER","2019","April_18",7.47004223030232,17.9471312945421,12.7085867624222
"YARNER","2019","April_19",8.20059793018146,21.7001414602268,14.9503696952042
"YARNER","2019","April_20",9.3232139468674,22.92438836982,16.1238011583437
"YARNER","2019","April_21",8.26557439114293,21.7299278257045,14.9977511084237
"YARNER","2019","April_22",7.02676742274364,18.2563166006424,12.641542011693
"YARNER","2019","April_23",11.0500798528858,18.8759739490475,14.9630269009666
"YARNER","2019","April_24",9.64461116434853,11.8743667472296,10.7594889557891
"YARNER","2019","April_25",7.73213819944442,12.9487259052803,10.3404320523624
"YARNER","2019","April_26",5.67970109603912,11.6971049504276,8.68840302323338
"YARNER","2019","April_27",5.52542136900742,11.1750472474321,8.35023430821976
"YARNER","2019","April_28",5.79634855240492,12.0384155503463,8.9173820513756
"YARNER","2019","April_29",7.60658093751047,13.2740685915813,10.4403247645459
"YARNER","2019","April_30",4.30066058702866,14.5051392918304,9.40289993942953
"YARNER","2019","May_01",7.47897624626081,14.2107830055883,10.8448796259245
"YARNER","2019","May_02",4.8460722320307,11.6071343949672,8.22660331349895
"YARNER","2019","May_03",4.80984002535003,13.5961933128533,9.20301666910167
"YARNER","2019","May_04",3.36991702736097,11.2651721932348,7.3175446102979
"YARNER","2019","May_05",0.128585095229175,12.0792275270242,6.10390631112668
"YARNER","2019","May_06",-0.278196454996612,11.9062745040213,5.81403902451235
"YARNER","2019","May_07",4.39893862838924,12.412723068344,8.40583084836662
"YARNER","2019","May_08",8.25273764316744,12.613578279032,10.4331579610997
"YARNER","2019","May_09",7.60796075592081,12.9922788395272,10.300119797724
"YARNER","2019","May_10",1.8889101719475,13.7927306314601,7.84082040170379
"YARNER","2019","May_11",4.25038178440675,15.0936417024983,9.67201174345253
"YARNER","2019","May_12",3.30064640032996,15.7617386012706,9.53119250080026
"YARNER","2019","May_13",5.33611313404547,14.8287417146902,10.0824274243678
"YARNER","2019","May_14",5.70349107020242,16.3550288215295,11.029259945866
"YARNER","2019","May_15",6.5949758636637,16.7506557660463,11.672815814855
"YARNER","2019","May_16",7.59877760469543,15.2302734126606,11.414525508678
"YARNER","2019","May_17",4.7716676457403,12.3076384761489,8.53965306094462
"YARNER","2019","May_18",8.31160515957267,15.0670961864971,11.6893506730349
"YARNER","2019","May_19",8.68186859192462,17.1496893289776,12.9157789604511
"YARNER","2019","May_20",7.10770406361392,17.5235643936953,12.3156342286546
"YARNER","2019","May_21",6.09414021332125,17.9424156353392,12.0182779243302
"YARNER","2019","May_22",5.87468157172741,19.1580550978022,12.5163683347648
"YARNER","2019","May_23",5.62589032036051,18.1927711702683,11.9093307453144
"YARNER","2019","May_24",7.74085971805775,18.1261537129071,12.9335067154824
"YARNER","2019","May_25",9.78292798997964,19.988907448468,14.8859177192238
"YARNER","2019","May_26",11.1147424398552,16.8094372219504,13.9620898309028
"YARNER","2019","May_27",8.30622636602765,16.086297267452,12.1962618167398
"YARNER","2019","May_28",8.61104725198954,15.4739244817301,12.0424858668598
"YARNER","2019","May_29",6.57744094700526,16.3856006609388,11.481520803972
"YARNER","2019","May_30",10.633880521207,19.4881973306187,15.0610389259129
"YARNER","2019","May_31",12.6082632197337,19.2649849005214,15.9366240601275
"YARNER","2019","June_01",8.92794056329552,21.3624073912447,15.1451739772701
"YARNER","2019","June_02",11.853911602739,17.0211500821582,14.4375308424486
"YARNER","2019","June_03",9.36986801273643,16.9183116200445,13.1440898163905
"YARNER","2019","June_04",10.3641158361625,15.6287062780666,12.9964110571146
"YARNER","2019","June_05",8.36712359943449,16.0496626680245,12.2083931337295
"YARNER","2019","June_06",4.80003738564369,16.0875011018315,10.4437692437376
"YARNER","2019","June_07",9.24238938510535,15.9400586285957,12.5912240068505
"YARNER","2019","June_08",9.36069768194595,15.8579790097538,12.6093383458499
"YARNER","2019","June_09",6.27375137795524,16.0089054483994,11.1413284131773
"YARNER","2019","June_10",6.96791158471645,15.7742175346759,11.3710645596962
"YARNER","2019","June_11",7.36259242491731,10.5407226467562,8.95165753583677
"YARNER","2019","June_12",8.34682310772912,14.1976939299015,11.2722585188153
"YARNER","2019","June_13",9.24879986543404,14.217203443622,11.733001654528
"YARNER","2019","June_14",10.4689593223367,15.8058120016307,13.1373856619837
"YARNER","2019","June_15",10.0661059004743,16.9440960541827,13.5051009773285
"YARNER","2019","June_16",9.0741301784955,16.5026622771582,12.7883962278268
"YARNER","2019","June_17",12.1476898132643,17.0027698411281,14.5752298271962
"YARNER","2019","June_18",9.28356922249678,15.3015382067639,12.2925537146303
"YARNER","2019","June_19",12.4401369003104,17.6727860932589,15.0564614967846
"YARNER","2019","June_20",8.57970371212993,16.4975722640987,12.5386379881143
"YARNER","2019","June_21",8.29039278332068,18.2775768011117,13.2839847922162
"YARNER","2019","June_22",4.96587122824231,18.6522919067199,11.8090815674811
"YARNER","2019","June_23",12.3391705937181,17.466911271028,14.9030409323731
"YARNER","2019","June_24",13.0785298179459,19.5153110278808,16.2969204229133
"YARNER","2019","June_25",13.2712748062854,21.1532027805401,17.2122387934127
"YARNER","2019","June_26",14.8129676722576,21.835600292136,18.3242839821968
"YARNER","2019","June_27",13.2303599263346,24.3607700692446,18.7955649977896
"YARNER","2019","June_28",14.305779015232,24.2921797620836,19.2989793886578
"YARNER","2019","June_29",15.3838696953592,24.2427176087051,19.8132936520322
"YARNER","2019","June_30",13.2944049838667,20.3797538950835,16.8370794394751
"YARNER","2021","April_01",8.179795531887,15.292870036712,11.7363327842995
"YARNER","2021","April_02",3.10461323090902,11.3501115143957,7.22736237265238
"YARNER","2021","April_03",2.25321605325473,10.2528565854831,6.25303631936893
"YARNER","2021","April_04",0.212779137635191,13.6114452792614,6.91211220844829
"YARNER","2021","April_05",4.53970527053937,8.62828318074088,6.58399422564013
"YARNER","2021","April_06",-0.569096519488245,6.89346886525567,3.16218617288371
"YARNER","2021","April_07",-0.976127622131359,7.50540337578568,3.26463787682716
"YARNER","2021","April_08",0.372250422537231,10.6133848160373,5.49281761928727
"YARNER","2021","April_09",1.41169689349589,10.5048374085639,5.95826715102991
"YARNER","2021","April_10",3.08132381696887,10.2266296773146,6.65397674714175
"YARNER","2021","April_11",-0.305147435202664,8.77057267950837,4.23271262215285
"YARNER","2021","April_12",0.279440728508857,10.5195895983464,5.39951516342765
"YARNER","2021","April_13",-0.561546414070999,10.8747987322881,5.15662615910854
"YARNER","2021","April_14",-0.0182678948242483,12.6320973539023,6.30691472953903
"YARNER","2021","April_15",0.968131499827488,9.8479377884966,5.40803464416205
"YARNER","2021","April_16",-0.296587356547628,10.8086036201157,5.25600813178402
"YARNER","2021","April_17",-0.44809088859903,11.7729944230411,5.66245176722101
"YARNER","2021","April_18",0.515064855428557,13.7009400634172,7.10800245942289
"YARNER","2021","April_19",1.01234098196496,12.6486649780217,6.83050297999335
"YARNER","2021","April_20",4.04340436499181,14.3010542993573,9.17222933217457
"YARNER","2021","April_21",5.30131736429508,14.8163371254887,10.0588272448919
"YARNER","2021","April_22",2.98790477636984,12.02786150995,7.50788314315994
"YARNER","2021","April_23",4.22299901447549,13.5555317544135,8.88926538444452
"YARNER","2021","April_24",5.72071408180009,13.8880590686962,9.80438657524814
"YARNER","2021","April_25",4.16144786054358,13.3446005518663,8.75302420620494
"YARNER","2021","April_26",2.29572025239428,12.73784773457,7.51678399348216
"YARNER","2021","April_27",1.53783108166758,15.1668176236512,8.35232435265939
"YARNER","2021","April_28",5.33070512797996,10.1349129543188,7.73280904114939
"YARNER","2021","April_29",2.57618001661714,10.8593972065458,6.71778861158147
"YARNER","2021","April_30",0.392228602241867,11.0549137650751,5.72357118365847
"YARNER","2021","May_01",0.212551897261973,10.7004894678883,5.45652068257515
"YARNER","2021","May_02",0.873177522927098,12.4567895207555,6.6649835218413
"YARNER","2021","May_03",3.91002408940751,10.4805001269921,7.19526210819983
"YARNER","2021","May_04",7.03427631393088,11.2614604820438,9.14786839798736
"YARNER","2021","May_05",3.15603784505386,10.421422243399,6.78873004422643
"YARNER","2021","May_06",2.29490288254949,11.551679768799,6.92329132567427
"YARNER","2021","May_07",1.67052316151102,12.7056357031585,7.18807943233477
"YARNER","2021","May_08",6.64391019180415,12.8073686581758,9.72563942498995
"YARNER","2021","May_09",9.00615252274413,14.3456986881134,11.6759256054288
"YARNER","2021","May_10",8.7415457854983,12.6525748792324,10.6970603323654
"YARNER","2021","May_11",5.50723111945668,12.3773906102496,8.94231086485315
"YARNER","2021","May_12",5.80893833689518,11.8072470222201,8.80809267955765
"YARNER","2021","May_13",5.62941771036719,10.7608371918001,8.19512745108366
"YARNER","2021","May_14",7.76061865660939,12.7846961238965,10.2726573902529
"YARNER","2021","May_15",7.34564756080508,12.9056134855602,10.1256305231827
"YARNER","2021","May_16",7.34325392789196,12.6319952791908,9.98762460354139
"YARNER","2021","May_17",7.59202296202671,14.076630855345,10.8343269086859
"YARNER","2021","May_18",7.11524052862097,14.161688152924,10.6384643407725
"YARNER","2021","May_19",7.06763597526392,14.7400990752269,10.9038675252454
"YARNER","2021","May_20",7.9153952670337,12.1855410839578,10.0504681754957
"YARNER","2021","May_21",8.44799057283667,10.7376301791664,9.59281037600156
"YARNER","2021","May_22",8.1791758506434,12.3003886537327,10.239782252188
"YARNER","2021","May_23",3.80642972000833,10.2346350641315,7.02053239206989
"YARNER","2021","May_24",5.58962536532854,10.7887350088453,8.1891801870869
"YARNER","2021","May_25",6.74760816996843,12.1815675950761,9.46458788252225
"YARNER","2021","May_26",6.01839061690048,15.5290974120886,10.7737440144945
"YARNER","2021","May_27",3.6694961339593,16.7085149643531,10.1890055491562
"YARNER","2021","May_28",8.82305674822815,17.7483693578424,13.2857130530353
"YARNER","2021","May_29",9.86950008111424,19.4784984446447,14.6739992628795
"YARNER","2021","May_30",8.82299291610494,18.1845487513312,13.5037708337181
"YARNER","2021","May_31",6.8606874550684,19.5454274041161,13.2030574295922
"YARNER","2021","June_01",9.6139117240144,21.3353987954773,15.4746552597459
"YARNER","2021","June_02",12.0929733959423,18.6066000541097,15.349786725026
"YARNER","2021","June_03",10.9796298698595,17.7234500451329,14.3515399574962
"YARNER","2021","June_04",4.55803184168183,18.5307116101088,11.5443717258953
"YARNER","2021","June_05",6.19460063743861,17.461821519109,11.8282110782738
"YARNER","2021","June_06",12.2852725465277,19.6999344531019,15.9926034998148
"YARNER","2021","June_07",8.6819444687266,18.4674376027309,13.5746910357288
"YARNER","2021","June_08",6.57915507163371,20.0066444262122,13.292899748923
"YARNER","2021","June_09",9.83329739060171,18.9828280477233,14.4080627191625
"YARNER","2021","June_10",14.0118074076042,20.2224247672824,17.1171160874433
"YARNER","2021","June_11",14.0783919269997,19.9861962782721,17.0322941026359
"YARNER","2021","June_12",10.4411804552011,21.6944441462577,16.0678123007294
"YARNER","2021","June_13",10.6488131952583,23.5912070182189,17.1200101067386
"YARNER","2021","June_14",11.0280987821392,23.570543743757,17.2993212629481
"YARNER","2021","June_15",9.11612699835969,22.0032694800152,15.5596982391875
"YARNER","2021","June_16",8.68892823958958,21.9394009310256,15.3141645853076
"YARNER","2021","June_17",11.7287292689727,19.7535865810075,15.7411579249901
"YARNER","2021","June_18",12.0351816882073,19.1568429475075,15.5960123178574
"YARNER","2021","June_19",10.1130694627173,16.0240227022103,13.0685460824638
"YARNER","2021","June_20",11.6460391601374,17.717611643655,14.6818254018962
"YARNER","2021","June_21",10.7351890477671,13.3325025037052,12.0338457757362
"YARNER","2021","June_22",9.79094248956161,17.2247963440029,13.5078694167823
"YARNER","2021","June_23",7.4305112092755,20.1611514248719,13.7958313170737
"YARNER","2021","June_24",10.3557148650521,21.1854513065883,15.7705830858202
"YARNER","2021","June_25",12.5830788519158,16.8599082423559,14.7214935471359
"YARNER","2021","June_26",9.76365136347864,16.9934045893478,13.3785279764132
"YARNER","2021","June_27",11.1719971383756,16.8319146646036,14.0019559014896
"YARNER","2021","June_28",13.0815852868218,20.1157529899602,16.598669138391
"YARNER","2021","June_29",13.1609663918696,19.4913134394412,16.3261399156554
"YARNER","2021","June_30",11.0664726340678,23.3100112500009,17.1882419420343
"YARNER","2022","April_01",-0.336740823057388,8.01388497251022,3.83857207472642
"YARNER","2022","April_02",-0.0417479139450573,7.15817077453928,3.55821143029711
"YARNER","2022","April_03",-1.71129744112572,10.2802243575497,4.28446345821197
"YARNER","2022","April_04",2.52754551064935,12.0068087607041,7.26717713567672
"YARNER","2022","April_05",7.82277487100372,12.6763385693268,10.2495567201652
"YARNER","2022","April_06",7.91144559585738,12.0568782973474,9.98416194660239
"YARNER","2022","April_07",5.93333113358878,11.0085850609952,8.47095809729197
"YARNER","2022","April_08",3.49023209400635,9.89372465045429,6.69197837223032
"YARNER","2022","April_09",0.693505373383086,10.6438114033444,5.66865838836374
"YARNER","2022","April_10",-0.0828215359750934,10.2297769478914,5.07347770595818
"YARNER","2022","April_11",6.28427443217204,12.5406529060078,9.4124636690899
"YARNER","2022","April_12",8.13143290262509,14.5634265674576,11.3474297350413
"YARNER","2022","April_13",9.93481806014489,14.3211346151011,12.127976337623
"YARNER","2022","April_14",6.38163275373705,15.3061912581996,10.8439120059683
"YARNER","2022","April_15",7.2189866158705,16.2893332577006,11.7541599367855
"YARNER","2022","April_16",6.6661182734552,17.1317882892497,11.8989532813524
"YARNER","2022","April_17",6.54989981393942,16.3619591572338,11.4559294855866
"YARNER","2022","April_18",4.80297948610366,13.0225213177392,8.91275040192145
"YARNER","2022","April_19",2.26654893901644,12.7571540632583,7.51185150113735
"YARNER","2022","April_20",6.4875556084126,16.2930446966593,11.390300152536
"YARNER","2022","April_21",4.75893538692273,16.3061272958898,10.5325313414063
"YARNER","2022","April_22",5.98500474467124,13.8200271464095,9.90251594554037
"YARNER","2022","April_23",7.22665666847509,15.680189994517,11.453423331496
"YARNER","2022","April_24",7.45701399471356,16.4299595513942,11.9434867730539
"YARNER","2022","April_25",5.92686481761807,14.4513695909936,10.1891172043058
"YARNER","2022","April_26",3.6303278852324,13.7460710155213,8.68819945037686
"YARNER","2022","April_27",4.21231957598674,11.7878954313488,8.00010750366778
"YARNER","2022","April_28",4.42641839898455,13.8525581404347,9.13948826970965
"YARNER","2022","April_29",3.96062788423838,15.0204385382998,9.49053321126911
"YARNER","2022","April_30",2.56347244639477,13.2329674139727,7.89821993018373
"YARNER","2022","May_01",5.57470720706213,10.4354760532245,8.00509163014333
"YARNER","2022","May_02",8.05038172993421,13.1072585013303,10.5788201156323
"YARNER","2022","May_03",7.45623665181059,16.3136029094631,11.8849197806368
"YARNER","2022","May_04",6.61516873623247,16.2883198241747,11.4517442802036
"YARNER","2022","May_05",6.74598330132622,18.5141098219992,12.6300465616627
"YARNER","2022","May_06",7.53467538830247,16.4947666580936,12.014721023198
"YARNER","2022","May_07",9.04112660289726,19.4159848926397,14.2285557477685
"YARNER","2022","May_08",8.20441184925942,16.1295720020919,12.1669919256757
"YARNER","2022","May_09",6.46409428462272,18.7865687178643,12.6253315012435
"YARNER","2022","May_10",11.6228790653543,16.991835644273,14.3073573548136
"YARNER","2022","May_11",10.7150037409903,14.8957930679884,12.8053984044893
"YARNER","2022","May_12",7.41628578851194,14.3875993880551,10.9019425882835
"YARNER","2022","May_13",8.70047899977304,17.031797948578,12.8661384741755
"YARNER","2022","May_14",7.12088774537518,17.719479815688,12.4201837805316
"YARNER","2022","May_15",9.85657080703452,16.7088536157648,13.2827122113997
"YARNER","2022","May_16",11.9772288197818,17.2124923858586,14.5948606028202
"YARNER","2022","May_17",10.2223176013665,17.6988359624158,13.9605767818912
"YARNER","2022","May_18",9.48239120089853,16.0959930745822,12.7891921377403
"YARNER","2022","May_19",8.59732135589846,17.6477294017871,13.1225253788428
"YARNER","2022","May_20",9.65946754344298,16.0099856849071,12.834726614175
"YARNER","2022","May_21",8.54521344959862,17.8368865133409,13.1910499814697
"YARNER","2022","May_22",7.50503196561151,19.3418682872554,13.4234501264334
"YARNER","2022","May_23",9.71498287264064,14.3256122675729,12.0202975701068
"YARNER","2022","May_24",7.08310055099559,16.0253020950862,11.5542013230409
"YARNER","2022","May_25",8.17843402019735,15.354974064397,11.7667040422972
"YARNER","2022","May_26",10.8406049687564,16.8969354361644,13.8687702024604
"YARNER","2022","May_27",10.4730058600578,17.0829041421401,13.777955001099
"YARNER","2022","May_28",7.1019766754519,17.8141038571467,12.4580402662993
"YARNER","2022","May_29",6.61368670853221,14.9445170734864,10.7791018910093
"YARNER","2022","May_30",5.33313723918529,14.2295674880648,9.78135236362503
"YARNER","2022","May_31",5.27215822063565,15.8637485700753,10.5679533953555
"YARNER","2022","June_01",5.28576303787159,16.7746492221861,11.0302061300289
"YARNER","2022","June_02",6.43277752108621,18.2740230982377,12.353400309662
"YARNER","2022","June_03",6.23595690802263,20.8720522168615,13.5540045624421
"YARNER","2022","June_04",10.0783512683021,16.4447577698549,13.2615545190785
"YARNER","2022","June_05",11.0285364243977,16.519760032393,13.7741482283954
"YARNER","2022","June_06",9.67415321723183,19.5804178219307,14.6272855195813
"YARNER","2022","June_07",11.9808128442389,19.2055930639491,15.593202954094
"YARNER","2022","June_08",11.8088934527727,17.8644117022251,14.8366525774989
"YARNER","2022","June_09",10.5107011355577,17.4382008767633,13.9744510061605
"YARNER","2022","June_10",11.2645163595223,19.2764293386356,15.270472849079
"YARNER","2022","June_11",10.9066221470524,18.9957859075056,14.951204027279
"YARNER","2022","June_12",9.28084188267832,18.6299822199812,13.9554120513298
"YARNER","2022","June_13",6.88763616000812,18.1578671452967,12.5227516526524
"YARNER","2022","June_14",5.7956602297865,19.9312244115797,12.8634423206831
"YARNER","2022","June_15",6.87292916451243,22.1497842537794,14.5113567091459
"YARNER","2022","June_16",9.50897614103145,23.3691558804809,16.4390660107562
"YARNER","2022","June_17",11.854011650207,27.2375863449136,19.5457989975603
"YARNER","2022","June_18",13.6591886602496,18.9692986911091,16.3142436756794
"YARNER","2022","June_19",8.84735738680354,15.2903649401913,12.0688611634974
"YARNER","2022","June_20",10.7154216954385,20.394996712164,15.5552092038012
"YARNER","2022","June_21",8.10604463850019,22.1812532848751,15.1436489616876
"YARNER","2022","June_22",10.6722224580402,24.5652079445296,17.6187152012849
"YARNER","2022","June_23",11.5173511329791,23.5844215230199,17.5508863279995
"YARNER","2022","June_24",13.0281743113125,17.2565722652678,15.1423732882901
"YARNER","2022","June_25",9.48878534186017,16.1887463212566,12.8387658315584
"YARNER","2022","June_26",9.78928894169992,17.4123229704227,13.6008059560613
"YARNER","2022","June_27",11.003046765685,17.6752972002079,14.3391719829465
"YARNER","2022","June_28",9.8458498471475,15.564833193573,12.7053415203603
"YARNER","2022","June_29",11.1951685279223,17.6221610461389,14.4086647870306
"YARNER","2022","June_30",7.35532911535273,16.9483385731713,12.151833844262
"YARNER","2023","April_01",7.92407417815969,12.1692632396136,10.0466687088866
"YARNER","2023","April_02",4.04728918659691,12.0218599642953,8.03457457544613
"YARNER","2023","April_03",1.94862298161056,9.33442532255409,5.64152415208233
"YARNER","2023","April_04",2.82540247850808,11.6883135422244,7.25685801036623
"YARNER","2023","April_05",3.85857258410783,10.1231344912128,6.99085353766033
"YARNER","2023","April_06",6.95723644679546,12.9469713562279,9.95210390151168
"YARNER","2023","April_07",1.92452225837841,13.0274000246068,7.4759611414926
"YARNER","2023","April_08",2.76433348205378,12.4964842725715,7.63040887731266
"YARNER","2023","April_09",5.77578010075024,13.8571721241209,9.81647611243555
"YARNER","2023","April_10",8.83314971604486,13.9598335797288,11.3964916478868
"YARNER","2023","April_11",5.33075177621657,10.7787768711719,8.05476432369422
"YARNER","2023","April_12",3.20076868285102,8.20667220414257,5.7037204434968
"YARNER","2023","April_13",3.36068849487387,12.3297166510743,7.84520257297409
"YARNER","2023","April_14",4.88309574395665,10.4382725300075,7.6606841369821
"YARNER","2023","April_15",3.48258550463042,13.970860605832,8.72672305523123
"YARNER","2023","April_16",7.37390645441611,14.4723219330332,10.9231141937246
"YARNER","2023","April_17",9.43304529133646,13.9938048631188,11.7134250772276
"YARNER","2023","April_18",6.03774536461408,13.9617112435992,9.99972830410664
"YARNER","2023","April_19",5.63319450067922,13.3126339610534,9.47291423086629
"YARNER","2023","April_20",3.61411025626512,14.029073962432,8.82159210934854
"YARNER","2023","April_21",3.51643351259658,11.7250943614915,7.62076393704405
"YARNER","2023","April_22",2.13479349349347,10.2391101506719,6.18695182208268
"YARNER","2023","April_23",4.10555505471619,11.4870910947014,7.79632307470879
"YARNER","2023","April_24",4.3877203297112,12.519687156868,8.45370374328961
"YARNER","2023","April_25",3.13313699254601,10.1799444919849,6.65654074226545
"YARNER","2023","April_26",5.64885214224774,11.373508405796,8.51118027402185
"YARNER","2023","April_27",8.22240156290992,12.636671614481,10.4295365886955
"YARNER","2023","April_28",9.66829174820564,16.01797137936,12.8431315637828
"YARNER","2023","April_29",7.07143919511891,14.9390087259258,11.0052239605224
"YARNER","2023","April_30",8.48232587457451,15.7358745223225,12.1091001984485
"YARNER","2023","May_01",8.33358323464008,16.4694364466648,12.4015098406525
"YARNER","2023","May_02",6.18149723893855,16.4406166594183,11.3110569491784
"YARNER","2023","May_03",8.02734090496102,14.2813451328947,11.1543430189278
"YARNER","2023","May_04",8.98266201806872,13.2925937541446,11.1376278861066
"YARNER","2023","May_05",10.469939049778,14.8935824754011,12.6817607625896
"YARNER","2023","May_06",10.8574870874882,17.371185466511,14.1143362769996
"YARNER","2023","May_07",9.32594181584644,16.7746524246688,13.0502971202576
"YARNER","2023","May_08",9.99402946440191,14.6695843645527,12.3318069144773
"YARNER","2023","May_09",10.7636764195863,15.7169961947744,13.2403363071804
"YARNER","2023","May_10",9.40297936180756,15.047121120658,12.2250502412328
"YARNER","2023","May_11",8.0572856399833,15.5383310154856,11.7978083277344
"YARNER","2023","May_12",6.74386164971401,17.8211463028547,12.2825039762843
"YARNER","2023","May_13",8.62346278972189,19.428830406411,14.0261465980665
"YARNER","2023","May_14",7.63968548467496,18.1286446872716,12.8841650859733
"YARNER","2023","May_15",7.94089444030153,14.3902829717759,11.1655887060387
"YARNER","2023","May_16",4.7924596160525,16.3385898741264,10.5655247450895
"YARNER","2023","May_17",6.27750195584062,17.3082742123496,11.7928880840951
"YARNER","2023","May_18",8.40588576222463,18.5187290489452,13.4623074055849
"YARNER","2023","May_19",7.7920348116529,17.6632049581619,12.7276198849074
"YARNER","2023","May_20",8.66751561512176,18.630826201529,13.6491709083254
"YARNER","2023","May_21",7.48314703572809,18.891941193594,13.187544114661
"YARNER","2023","May_22",7.56011922970741,20.770772611515,14.1654459206112
"YARNER","2023","May_23",7.81227934144685,17.3811387246704,12.5967090330586
"YARNER","2023","May_24",7.72706405312278,20.2716650415051,13.9993645473139
"YARNER","2023","May_25",8.47332378392014,20.0371836925796,14.2552537382499
"YARNER","2023","May_26",8.60719926144501,20.0245042789883,14.3158517702166
"YARNER","2023","May_27",6.45155721862261,19.9256406375654,13.188598928094
"YARNER","2023","May_28",8.69373990002446,21.4381006788788,15.0659202894516
"YARNER","2023","May_29",8.8273459351103,18.0010009332378,13.4141734341741
"YARNER","2023","May_30",7.44089462444325,19.5707762336614,13.5058354290523
"YARNER","2023","May_31",9.93051967492089,19.1882005160165,14.5593600954687
"YARNER","2023","June_01",8.41765788696437,19.7231785165664,14.0704182017654
"YARNER","2023","June_02",8.76046075118789,17.6296153772017,13.1950380641948
"YARNER","2023","June_03",7.20941597372977,20.5812807362526,13.8953483549912
"YARNER","2023","June_04",9.84229446890191,22.1273886316364,15.9848415502691
"YARNER","2023","June_05",9.67118715740839,19.9155902408665,14.7933886991374
"YARNER","2023","June_06",7.96180445182587,18.6763969602893,13.3191007060576
"YARNER","2023","June_07",7.82204498964216,21.1806068638837,14.5013259267629
"YARNER","2023","June_08",10.6487106167997,21.6615148545341,16.1551127356669
"YARNER","2023","June_09",12.3514699662243,23.1836398220881,17.7675548941562
"YARNER","2023","June_10",14.980112132143,21.1513695978219,18.0657408649824
"YARNER","2023","June_11",12.010374604007,24.0526741436832,18.0315243738451
"YARNER","2023","June_12",14.7109176175875,22.5770678865802,18.6439927520838
"YARNER","2023","June_13",13.1656412817065,27.7180019651407,20.4418216234236
"YARNER","2023","June_14",12.9807400122632,26.5368930358319,19.7588165240476
"YARNER","2023","June_15",11.5663794251367,25.9278055822075,18.7470925036721
"YARNER","2023","June_16",12.4119272827315,24.3269005350131,18.3694139088723
"YARNER","2023","June_17",12.9652254771594,23.0107113498355,17.9879684134974
"YARNER","2023","June_18",12.1691245680527,20.9935563026055,16.5813404353291
"YARNER","2023","June_19",13.3037827951704,22.0456679584615,17.674725376816
"YARNER","2023","June_20",13.7249315266321,21.4785981239881,17.6017648253101
"YARNER","2023","June_21",11.6818837651501,21.9964977591861,16.8391907621681
"YARNER","2023","June_22",11.7006924008313,24.119531636601,17.9101120187161
"YARNER","2023","June_23",11.966404109115,22.8878590264797,17.4271315677973
"YARNER","2023","June_24",15.6901758088496,25.1321003193285,20.4111380640891
"YARNER","2023","June_25",13.410935222169,24.4040835665593,18.9075093943641
"YARNER","2023","June_26",11.1039764984884,20.6584907490511,15.8812336237697
"YARNER","2023","June_27",11.880508210716,21.4550298073336,16.6677690090248
"YARNER","2023","June_28",15.956040873596,22.3819004279736,19.1689706507848
"YARNER","2023","June_29",11.6587618629888,20.7351504189763,16.1969561409826
"YARNER","2023","June_30",10.2196069157733,18.4062010676765,14.3129039917249
