BroodID,Year,Popn,Species,CltCd,CltSize,Hatch,Fledged,DFE,MinEggs,UnHatch,Outcome
1,2009,,PIEFL,1,7,,2,36,,,NE
2,2009,,PIEFL,1,8,,8,30,,,NE
3,2009,,PIEFL,1,7,,7,44,,,NE
4,2009,,PIEFL,1,7,,4,51,,,NE
5,2009,,PIEFL,1,,0,0,35,2,,ED
6,2009,,PIEFL,1,7,,7,38,,,NE
7,2009,,PIEFL,1,8,,7,37,,,NE
8,2009,,PIEFL,1,8,,8,35,,,NE
9,2009,,PIEFL,1,7,,7,38,,,NE
10,2009,,PIEFL,1,7,,7,36,,,NE
11,2009,,PIEFL,1,7,,7,35,,,NE
12,2009,,PIEFL,1,7,,0,46,,,XO
13,2009,,PIEFL,1,7,,6,47,,,NE
14,2009,,PIEFL,1,5,,4,54,,,NE
15,2009,,PIEFL,1,5,,4,49,,,NE
16,2009,,PIEFL,1,7,,7,35,,,NE
17,2009,,PIEFL,1,5,,5,54,,,NE
18,2009,,PIEFL,1,6,,5,63,,,NE
19,2010,,PIEFL,1,6,,6,38,,,NE
20,2010,,PIEFL,1,7,,6,41,,,NE
21,2010,,PIEFL,1,5,,5,52,,,NE
22,2010,,PIEFL,1,7,,0,34,,,XO
23,2010,,PIEFL,1,8,,8,30,,,NE
24,2010,,PIEFL,1,7,,7,51,,,NE
25,2010,,PIEFL,1,6,,6,31,,,NE
26,2010,,PIEFL,2,5,,4,67,,,NE
27,2010,,PIEFL,1,6,,6,39,,,NE
28,2010,,PIEFL,1,6,,6,40,,,NE
29,2010,,PIEFL,1,4,,4,41,,,NE
30,2010,,PIEFL,1,7,,7,39,,,NE
31,2010,,PIEFL,1,7,,7,38,,,NE
32,2010,,PIEFL,1,6,,6,40,,,NE
33,2010,,PIEFL,1,7,,7,40,,,NE
34,2010,,PIEFL,1,8,,8,40,,,NE
35,2010,,PIEFL,1,7,,6,43,,,NE
36,2010,,PIEFL,1,5,,3,51,,,NE
37,2010,,PIEFL,1,6,,6,53,,,NE
38,2011,,PIEFL,1,7,,0,28,,,XO
39,2011,,PIEFL,1,7,,6,31,,,NE
40,2011,,PIEFL,1,7,,7,31,,,NE
41,2011,,PIEFL,1,7,,7,24,,,NE
42,2011,,PIEFL,1,7,,6,31,,,NE
43,2011,,PIEFL,1,8,,0,30,,,XO
44,2011,,PIEFL,1,8,,8,26,,,NE
45,2011,,PIEFL,1,7,,0,34,,,XO
46,2011,,PIEFL,2,4,,2,59,,,NE
47,2011,,PIEFL,1,7,,5,27,,,NE
48,2011,,PIEFL,1,8,,5,34,,,NE
49,2011,,PIEFL,1,7,,5,38,,,NE
50,2011,,PIEFL,1,8,,0,34,,,XO
51,2011,,PIEFL,1,8,,8,49,,,NE
52,2011,,PIEFL,1,6,,5,47,,,NE
53,2011,,PIEFL,1,7,,6,46,,,NE
54,2011,,PIEFL,1,5,,4,30,,,NE
55,2011,,PIEFL,1,5,,4,69,,,NE
56,2011,,PIEFL,1,7,,4,41,,,NE
57,2011,,PIEFL,1,7,,6,34,,,NE
58,2011,,PIEFL,1,6,,5,43,,,NE
59,2011,,PIEFL,1,8,,8,30,,,NE
60,2011,,PIEFL,1,7,,4,41,,,NE
61,2011,,PIEFL,1,7,,6,44,,,NE
62,2011,,PIEFL,1,6,,5,43,,,NE
63,2011,,PIEFL,1,6,,6,30,,,NE
64,2011,,PIEFL,1,7,,6,34,,,NE
65,2011,,PIEFL,1,6,,5,43,,,NE
66,2011,,PIEFL,1,6,,5,30,,,NE
67,2011,,PIEFL,1,7,,7,50,,,NE
68,2011,,PIEFL,1,6,,6,40,,,NE
69,2011,,PIEFL,1,7,,7,38,,,NE
70,2011,,PIEFL,1,7,,7,42,,,NE
71,2012,,PIEFL,1,6,,6,43,,,NE
72,2012,,PIEFL,1,6,,6,47,,,NE
73,2012,,PIEFL,1,,,0,44,1,,ED
74,2012,,PIEFL,1,8,,8,37,,,NE
75,2012,,PIEFL,1,6,,6,42,,,NE
76,2012,,PIEFL,1,7,,7,43,,,NE
77,2012,,PIEFL,1,9,,7,41,,,NE
78,2012,,PIEFL,1,8,,8,42,,,NE
79,2012,,PIEFL,1,7,,7,43,,,NE
80,2012,,PIEFL,1,7,,7,45,,,NE
81,2012,,PIEFL,1,5,,5,47,,,NE
82,2012,,PIEFL,1,7,,5,48,,,NE
83,2012,,PIEFL,1,7,,5,53,,,NE
84,2012,,PIEFL,1,7,,7,43,,,NE
85,2012,,PIEFL,1,7,,6,48,,,NE
86,2012,,PIEFL,1,7,,7,52,,,NE
87,2012,,PIEFL,1,6,,6,42,,,NE
88,2012,,PIEFL,1,8,,8,42,,,NE
89,2012,,PIEFL,1,7,,7,40,,,NE
90,2012,,PIEFL,1,7,,7,41,,,NE
91,2012,,PIEFL,1,6,,6,48,,,NE
92,2013,,PIEFL,1,3,,3,44,,,NE
93,2013,,PIEFL,1,8,,8,49,,,NE
94,2013,,PIEFL,1,7,,0,36,,,XO
95,2013,,PIEFL,1,6,,6,43,,,NE
96,2013,,PIEFL,1,6,,6,48,,,NE
97,2013,,PIEFL,1,5,,3,44,,,NE
98,2013,,PIEFL,1,5,,5,42,,,NE
99,2013,,PIEFL,1,8,,8,40,,,NE
100,2013,,PIEFL,1,7,,6,45,,,NE
101,2013,,PIEFL,1,6,,6,51,,,NE
102,2013,,PIEFL,1,6,,6,57,,,NE
103,2013,,PIEFL,1,7,,7,49,,,NE
104,2013,,PIEFL,1,5,,3,62,,,NE
105,2013,,PIEFL,1,7,,7,48,,,NE
106,2013,,PIEFL,1,6,,6,48,,,NE
107,2013,,PIEFL,1,8,,4,51,,,NE
108,2009,,GRETI,1,7,,7,16,,,NE
109,2009,,GRETI,1,9,,0,17,,,XO
110,2009,,GRETI,1,8,,8,23,,,NE
111,2009,,GRETI,1,10,,8,14,,,NE
112,2009,,GRETI,1,10,,6,19,,,NE
113,2009,,GRETI,1,8,,7,29,,,NE
114,2009,,GRETI,1,9,,9,28,,,NE
115,2009,,GRETI,1,8,,6,29,,,NE
116,2009,,GRETI,1,7,,7,10,,,NE
117,2009,,GRETI,1,7,,7,11,,,NE
118,2009,,GRETI,1,8,,7,11,,,NE
119,2009,,GRETI,1,8,,7,20,,,NE
120,2009,,GRETI,1,10,,9,11,,,NE
121,2009,,GRETI,1,8,,7,10,,,NE
122,2009,,GRETI,1,6,,5,16,,,NE
123,2009,,GRETI,1,10,,10,15,,,NE
124,2009,,GRETI,1,6,,0,30,,,XO
125,2009,,GRETI,1,6,,0,15,,,XO
126,2009,,GRETI,1,7,,6,35,,,NE
127,2009,,GRETI,1,7,,0,29,,,XO
128,2009,,GRETI,1,8,,0,28,,,XO
129,2009,,GRETI,1,6,,0,18,,,XO
130,2009,,GRETI,1,7,,7,10,,,NE
131,2009,,GRETI,1,7,,7,11,,,NE
132,2009,,GRETI,1,8,,7,11,,,NE
133,2009,,GRETI,1,8,,7,20,,,NE
134,2009,,GRETI,1,10,,9,11,,,NE
135,2009,,GRETI,1,8,,7,10,,,NE
136,2010,,GRETI,1,9,,8,47,,,NE
137,2010,,GRETI,1,8,,8,27,,,NE
138,2010,,GRETI,1,7,,5,28,,,NE
139,2010,,GRETI,1,6,,6,20,,,NE
140,2010,,GRETI,1,10,,8,21,,,NE
141,2010,,GRETI,1,7,,7,22,,,NE
142,2010,,GRETI,1,7,,6,20,,,NE
143,2010,,GRETI,1,,0,0,35,1,,ED
144,2010,,GRETI,1,8,,8,28,,,NE
145,2010,,GRETI,1,8,,0,18,,,XO
146,2010,,GRETI,1,7,,0,30,,,XO
147,2010,,GRETI,1,9,,0,16,,,XO
148,2010,,GRETI,1,7,,0,28,,,XO
149,2010,,GRETI,1,6,,6,28,,,NE
150,2010,,GRETI,1,8,,7,33,,,NE
151,2010,,GRETI,1,8,,7,23,,,NE
152,2010,,GRETI,1,8,,0,19,,,XO
153,2010,,GRETI,1,8,,0,19,,,XO
154,2010,,GRETI,1,7,,0,22,,,XO
155,2010,,GRETI,1,8,,8,29,,,NE
156,2010,,GRETI,1,10,,0,41,,,XO
157,2010,,GRETI,1,7,,7,33,,,NE
158,2010,,GRETI,1,10,,10,23,,,NE
159,2010,,GRETI,1,6,,5,31,,,NE
160,2010,,GRETI,1,4,,0,28,,,XO
161,2010,,GRETI,1,7,,5,30,,,NE
162,2010,,GRETI,1,4,,0,32,,,XO
163,2010,,GRETI,1,6,,0,27,,,XO
164,2010,,GRETI,1,4,,0,40,,,XO
165,2010,,GRETI,1,9,,8,47,,,NE
166,2010,,GRETI,1,8,,8,27,,,NE
167,2010,,GRETI,1,7,,5,28,,,NE
168,2011,,GRETI,1,5,,5,25,,,NE
169,2011,,GRETI,1,4,,0,49,,,XO
170,2011,,GRETI,1,5,,0,44,,,XO
171,2011,,GRETI,1,7,,0,20,,,XO
172,2011,,GRETI,1,6,,3,23,,,NE
173,2011,,GRETI,1,9,,0,18,,,XO
174,2011,,GRETI,1,8,,0,20,,,XO
175,2011,,GRETI,1,8,,0,19,,,XO
176,2011,,GRETI,1,7,,7,23,,,NE
177,2011,,GRETI,1,7,,7,17,,,NE
178,2011,,GRETI,1,7,,0,24,,,XO
179,2011,,GRETI,1,7,,6,19,,,NE
180,2011,,GRETI,1,9,,9,16,,,NE
181,2011,,GRETI,1,8,,4,39,,,NE
182,2011,,GRETI,1,6,,0,40,,,XO
183,2011,,GRETI,1,11,,10,16,,,NE
184,2011,,GRETI,1,6,,6,24,,,NE
185,2011,,GRETI,1,10,,10,19,,,NE
186,2011,,GRETI,1,10,,10,17,,,NE
187,2011,,GRETI,1,7,,4,23,,,NE
188,2011,,GRETI,1,6,,6,20,,,NE
189,2011,,GRETI,1,10,,0,22,,,XO
190,2011,,GRETI,1,8,,8,20,,,NE
191,2011,,GRETI,1,7,,3,26,,,NE
192,2011,,GRETI,1,9,,0,24,,,XO
193,2011,,GRETI,1,9,,5,34,,,NE
194,2011,,GRETI,1,9,,0,18,,,XO
195,2011,,GRETI,1,7,,7,16,,,NE
196,2011,,GRETI,1,8,,8,23,,,NE
197,2011,,GRETI,1,8,,0,17,,,XO
198,2011,,GRETI,1,10,,7,20,,,NE
199,2011,,GRETI,1,8,,8,8,,,NE
200,2011,,GRETI,1,10,,10,20,,,NE
201,2011,,GRETI,1,7,,0,23,,,XO
202,2011,,GRETI,1,10,,9,15,,,NE
203,2011,,GRETI,1,10,,10,18,,,NE
204,2011,,GRETI,1,10,,0,19,,,XO
205,2011,,GRETI,1,6,,5,14,,,NE
206,2011,,GRETI,1,9,,9,18,,,NE
207,2011,,GRETI,1,9,,0,19,,,XO
208,2012,,GRETI,1,5,,4,23,,,NE
209,2012,,GRETI,1,5,,0,33,,,XO
210,2012,,GRETI,1,5,,5,15,,,NE
211,2012,,GRETI,1,7,,7,26,,,NE
212,2012,,GRETI,1,8,,5,37,,,NE
213,2012,,GRETI,1,11,,8,15,,,NE
214,2012,,GRETI,1,1,,0,22,,,XO
215,2012,,GRETI,1,7,,5,17,,,NE
216,2012,,GRETI,1,7,,0,17,,,XO
217,2012,,GRETI,1,7,,6,53,,,NE
218,2012,,GRETI,1,8,,7,26,,,NE
219,2012,,GRETI,1,7,,0,33,,,XO
220,2012,,GRETI,1,,0,0,31,1,,ED
221,2012,,GRETI,1,6,,0,18,,,XO
222,2012,,GRETI,1,7,,0,27,,,XO
223,2012,,GRETI,1,9,,5,17,,,NE
224,2012,,GRETI,1,7,,6,23,,,NE
225,2012,,GRETI,1,7,,5,23,,,NE
226,2012,,GRETI,1,7,,0,28,,,XO
227,2012,,GRETI,1,4,,4,21,,,NE
228,2012,,GRETI,1,6,,4,26,,,NE
229,2012,,GRETI,1,2,,2,26,,,NE
230,2012,,GRETI,1,7,,6,21,,,NE
231,2012,,GRETI,1,8,,0,19,,,XO
232,2012,,GRETI,1,8,,7,31,,,NE
233,2012,,GRETI,1,8,,7,14,,,NE
234,2012,,GRETI,1,5,,0,18,,,XO
235,2012,,GRETI,1,9,,0,18,,,XO
236,2012,,GRETI,1,9,,5,15,,,NE
237,2012,,GRETI,1,5,,3,23,,,NE
238,2012,,GRETI,1,8,,5,20,,,NE
239,2012,,GRETI,1,8,,0,19,,,XO
240,2012,,GRETI,1,9,,9,16,,,NE
241,2012,,GRETI,1,7,,7,9,,,NE
242,2012,,GRETI,1,7,,7,22,,,NE
243,2012,,GRETI,1,9,,8,18,,,NE
244,2012,,GRETI,1,9,,7,25,,,NE
245,2012,,GRETI,1,6,,4,28,,,NE
246,2012,,GRETI,1,,,0,34,2,,ED
247,2013,,GRETI,1,7,,0,70,,,XO
248,2013,,GRETI,1,7,,7,39,,,NE
249,2013,,GRETI,1,8,,8,36,,,NE
250,2013,,GRETI,1,8,,7,50,,,NE
251,2013,,GRETI,1,7,,4,36,,,NE
252,2013,,GRETI,1,10,,0,35,,,XO
253,2013,,GRETI,1,8,,0,56,,,XO
254,2013,,GRETI,1,9,,6,36,,,NE
255,2013,,GRETI,1,9,,8,33,,,NE
256,2013,,GRETI,1,7,,6,35,,,NE
257,2013,,GRETI,1,5,,5,38,,,NE
258,2013,,GRETI,1,6,,4,43,,,NE
259,2013,,GRETI,1,6,,1,33,,,NE
260,2013,,GRETI,1,7,,6,31,,,NE
261,2013,,GRETI,1,7,,6,39,,,NE
262,2013,,GRETI,1,7,,7,34,,,NE
263,2013,,GRETI,1,4,,4,40,,,NE
264,2013,,GRETI,1,4,,4,41,,,NE
265,2013,,GRETI,1,6,,6,38,,,NE
266,2013,,GRETI,1,6,,5,38,,,NE
267,2013,,GRETI,1,4,,4,39,,,NE
268,2013,,GRETI,1,6,,6,44,,,NE
269,2013,,GRETI,1,4,,0,34,,,XO
270,2013,,GRETI,1,5,,2,33,,,NE
271,2013,,GRETI,1,6,,5,32,,,NE
272,2013,,GRETI,1,7,,7,42,,,NE
273,2013,,GRETI,1,7,,4,36,,,NE
274,2013,,GRETI,1,10,,0,35,,,XO
275,2009,,BLUTI,1,11,,0,24,,,XO
276,2009,,BLUTI,1,4,,0,19,,,XO
277,2009,,BLUTI,1,9,,9,32,,,NE
278,2009,,BLUTI,1,8,,7,19,,,NE
279,2009,,BLUTI,1,12,,6,16,,,NE
280,2009,,BLUTI,1,11,,9,15,,,NE
281,2009,,BLUTI,1,10,,9,15,,,NE
282,2009,,BLUTI,1,10,,4,20,,,NE
283,2009,,BLUTI,1,11,,9,14,,,NE
284,2009,,BLUTI,1,13,,7,19,,,NE
285,2009,,BLUTI,1,8,,8,23,,,NE
286,2009,,BLUTI,1,11,,7,19,,,NE
287,2009,,BLUTI,1,9,,9,19,,,NE
288,2009,,BLUTI,1,9,,8,24,,,NE
289,2009,,BLUTI,1,9,,9,28,,,NE
290,2009,,BLUTI,1,12,,9,15,,,NE
291,2009,,BLUTI,1,11,,11,20,,,NE
292,2009,,BLUTI,1,9,,9,35,,,NE
293,2009,,BLUTI,1,12,,9,25,,,NE
294,2009,,BLUTI,1,9,,7,23,,,NE
295,2009,,BLUTI,1,10,,9,18,,,NE
296,2009,,BLUTI,1,8,,4,29,,,NE
297,2009,,BLUTI,1,10,,8,22,,,NE
298,2009,,BLUTI,1,11,,10,20,,,NE
299,2009,,BLUTI,1,11,,10,16,,,NE
300,2009,,BLUTI,1,12,,12,16,,,NE
301,2009,,BLUTI,1,7,,7,22,,,NE
302,2009,,BLUTI,1,9,,9,27,,,NE
303,2009,,BLUTI,1,12,,12,15,,,NE
304,2009,,BLUTI,1,11,,7,25,,,NE
305,2009,,BLUTI,1,12,,12,14,,,NE
306,2009,,BLUTI,1,8,,6,21,,,NE
307,2010,,BLUTI,1,13,,0,28,,,XO
308,2010,,BLUTI,1,8,,0,26,,,XO
309,2010,,BLUTI,1,8,,6,46,,,NE
310,2010,,BLUTI,1,,,0,15,1,,ED
311,2010,,BLUTI,1,8,,0,40,,,XO
312,2010,,BLUTI,1,7,,7,19,,,NE
313,2010,,BLUTI,1,14,,0,22,,,XO
314,2010,,BLUTI,1,11,,0,26,,,XO
315,2010,,BLUTI,1,10,,0,22,,,XO
316,2010,,BLUTI,1,6,,6,18,,,NE
317,2010,,BLUTI,1,12,,5,23,,,NE
318,2010,,BLUTI,1,8,,7,28,,,NE
319,2010,,BLUTI,1,11,,0,26,,,XO
320,2010,,BLUTI,1,13,,9,20,,,NE
321,2010,,BLUTI,1,11,,0,24,,,XO
322,2010,,BLUTI,1,9,,0,21,,,XO
323,2010,,BLUTI,1,10,,6,26,,,NE
324,2010,,BLUTI,1,11,,6,22,,,NE
325,2010,,BLUTI,1,10,,0,22,,,XO
326,2010,,BLUTI,1,2,,0,52,,,XO
327,2010,,BLUTI,1,11,,0,25,,,XO
328,2010,,BLUTI,1,11,,8,28,,,NE
329,2010,,BLUTI,1,9,,8,35,,,NE
330,2010,,BLUTI,1,9,,4,26,,,NE
331,2010,,BLUTI,1,11,,5,22,,,NE
332,2010,,BLUTI,1,13,,8,20,,,NE
333,2010,,BLUTI,1,12,,7,21,,,NE
334,2010,,BLUTI,1,8,,0,21,,,XO
335,2010,,BLUTI,1,9,,8,26,,,NE
336,2010,,BLUTI,1,9,,7,30,,,NE
337,2010,,BLUTI,1,11,,9,23,,,NE
338,2010,,BLUTI,1,10,,9,30,,,NE
339,2010,,BLUTI,1,14,,14,19,,,NE
340,2010,,BLUTI,1,8,,5,25,,,NE
341,2010,,BLUTI,1,14,,14,28,,,NE
342,2011,,BLUTI,1,10,,1,23,,,NE
343,2011,,BLUTI,1,8,,8,21,,,NE
344,2011,,BLUTI,1,9,,8,22,,,NE
345,2011,,BLUTI,1,11,,9,15,,,NE
346,2011,,BLUTI,1,10,,1,21,,,NE
347,2011,,BLUTI,1,11,,0,21,,,XO
348,2011,,BLUTI,1,5,,0,38,,,XO
349,2011,,BLUTI,1,10,,5,19,,,NE
350,2011,,BLUTI,1,8,,0,24,,,XO
351,2011,,BLUTI,1,8,,7,23,,,NE
352,2011,,BLUTI,1,8,,0,23,,,XO
353,2011,,BLUTI,1,9,,7,24,,,NE
354,2011,,BLUTI,1,10,,10,21,,,NE
355,2011,,BLUTI,1,13,,10,20,,,NE
356,2011,,BLUTI,1,13,,2,20,,,NE
357,2011,,BLUTI,1,9,,0,21,,,XO
358,2011,,BLUTI,1,10,,0,20,,,XO
359,2011,,BLUTI,1,7,,0,21,,,XO
360,2011,,BLUTI,1,8,,5,21,,,NE
361,2011,,BLUTI,1,9,,9,18,,,NE
362,2011,,BLUTI,1,8,,2,25,,,NE
363,2011,,BLUTI,1,8,,3,19,,,NE
364,2011,,BLUTI,1,9,,9,19,,,NE
365,2011,,BLUTI,1,10,,8,19,,,NE
366,2011,,BLUTI,1,11,,0,19,,,XO
367,2011,,BLUTI,1,7,,0,26,,,XO
368,2011,,BLUTI,1,,0,0,26,1,,ED
369,2011,,BLUTI,1,,0,0,33,1,,ED
370,2011,,BLUTI,1,7,,0,39,,,XO
371,2011,,BLUTI,1,6,,0,32,,,XO
372,2011,,BLUTI,1,6,,6,32,,,NE
373,2011,,BLUTI,1,9,,9,23,,,NE
374,2011,,BLUTI,1,9,,0,19,,,XO
375,2011,,BLUTI,1,6,,0,20,,,XO
376,2011,,BLUTI,1,6,,0,21,,,XO
377,2011,,BLUTI,1,,0,0,33,1,,ED
378,2011,,BLUTI,1,7,,7,23,,,NE
379,2011,,BLUTI,1,8,,0,18,,,XO
380,2011,,BLUTI,1,7,,6,32,,,NE
381,2011,,BLUTI,1,11,,0,16,,,XO
382,2011,,BLUTI,1,11,,0,16,,,XO
383,2011,,BLUTI,1,9,,0,19,,,XO
384,2012,,BLUTI,1,8,,0,34,,,XO
385,2012,,BLUTI,1,7,,0,52,,,XO
386,2012,,BLUTI,1,,0,0,57,1,,ED
387,2012,,BLUTI,1,8,,7,37,,,NE
388,2012,,BLUTI,1,7,,0,57,,,XO
389,2012,,BLUTI,1,7,,0,17,,,XO
390,2012,,BLUTI,1,8,,4,34,,,NE
391,2012,,BLUTI,1,8,,8,36,,,NE
392,2012,,BLUTI,1,9,,0,29,,,XO
393,2012,,BLUTI,1,,0,0,37,1,,ED
394,2012,,BLUTI,1,7,,7,33,,,NE
395,2012,,BLUTI,1,7,,7,19,,,NE
396,2012,,BLUTI,1,4,,0,36,,,XO
397,2012,,BLUTI,1,5,,0,55,,,XO
398,2012,,BLUTI,1,10,,3,18,,,NE
399,2012,,BLUTI,1,8,,8,29,,,NE
400,2012,,BLUTI,1,10,,0,32,,,XO
401,2012,,BLUTI,1,3,,3,49,,,NE
402,2012,,BLUTI,1,10,,0,32,,,XO
403,2012,,BLUTI,1,7,,6,32,,,NE
404,2012,,BLUTI,1,11,,8,28,,,NE
405,2012,,BLUTI,1,8,,8,30,,,NE
406,2012,,BLUTI,1,8,,0,26,,,XO
407,2012,,BLUTI,1,6,,5,50,,,NE
408,2012,,BLUTI,1,7,,0,50,,,XO
409,2012,,BLUTI,1,10,,9,27,,,NE
410,2012,,BLUTI,1,11,,8,26,,,NE
411,2012,,BLUTI,1,12,,9,18,,,NE
412,2012,,BLUTI,1,,0,0,36,3,,ED
413,2012,,BLUTI,1,6,,0,53,,,XO
414,2012,,BLUTI,1,8,,0,51,,,XO
415,2012,,BLUTI,1,11,,0,28,,,XO
416,2012,,BLUTI,1,9,,8,28,,,NE
417,2012,,BLUTI,1,10,,5,34,,,NE
418,2012,,BLUTI,1,4,,0,54,,,XO
419,2012,,BLUTI,1,7,,6,27,,,NE
420,2012,,BLUTI,1,11,,9,24,,,NE
421,2012,,BLUTI,1,12,,8,25,,,NE
422,2012,,BLUTI,1,10,,0,32,,,XO
423,2012,,BLUTI,1,6,,3,34,,,NE
424,2012,,BLUTI,1,6,,6,21,,,NE
425,2012,,BLUTI,1,8,,0,31,,,XO
426,2013,,BLUTI,1,10,,9,43,,,NE
427,2013,,BLUTI,1,,0,0,42,1,,ED
428,2013,,BLUTI,1,19,,0,36,,,XO
429,2013,,BLUTI,1,,0,0,43,3,,ED
430,2013,,BLUTI,1,11,,11,42,,,NE
431,2013,,BLUTI,1,11,,11,46,,,NE
432,2013,,BLUTI,1,8,,0,36,,,XO
433,2013,,BLUTI,1,9,,8,39,,,NE
434,2013,,BLUTI,1,10,,7,47,,,NE
435,2013,,BLUTI,1,,0,0,38,2,,ED
436,2013,,BLUTI,1,8,,7,48,,,NE
437,2013,,BLUTI,1,10,,0,36,,,XO
438,2013,,BLUTI,1,6,,6,30,,,NE
439,2013,,BLUTI,1,13,,12,34,,,NE
440,2013,,BLUTI,1,10,,10,36,,,NE
441,2013,,BLUTI,1,11,,11,37,,,NE
442,2013,,BLUTI,1,10,,0,36,,,XO
443,2013,,BLUTI,1,9,,0,35,,,XO
444,2013,,BLUTI,1,,0,0,37,2,,ED
445,2013,,BLUTI,1,,0,0,64,3,,ED
446,2013,,BLUTI,1,,0,0,38,1,,ED
447,2013,,BLUTI,1,,0,0,51,2,,ED
448,2013,,BLUTI,1,8,,8,50,,,NE
449,2013,,BLUTI,1,12,,8,36,,,NE
450,2013,,BLUTI,1,7,,7,45,,,NE
451,2013,,BLUTI,2,,0,0,79,1,,ED
452,2013,,BLUTI,1,9,,8,37,,,NE
453,2013,,BLUTI,1,13,,0,40,,,XO
454,2013,,BLUTI,1,,0,0,45,1,,ED
455,2013,,BLUTI,1,11,,10,38,,,NE
456,2013,,BLUTI,1,6,,0,35,,,XO
457,2013,,BLUTI,1,12,,4,33,,,NE
458,2013,,BLUTI,1,7,,4,39,,,NE
459,2013,,BLUTI,1,7,,0,31,,,XO
460,2013,,BLUTI,1,7,,7,35,,,NE
461,2013,,BLUTI,1,12,,6,35,,,NE
462,2013,,BLUTI,1,11,,11,46,,,NE
463,2013,,BLUTI,1,8,,0,36,,,XO
464,2013,,BLUTI,1,9,,8,39,,,NE
465,2013,,BLUTI,1,10,,7,47,,,NE
466,2013,,BLUTI,1,8,,7,48,,,NE
467,2013,,BLUTI,1,6,,6,30,,,NE
468,2013,,BLUTI,1,13,,12,34,,,NE
469,2013,,BLUTI,1,10,,10,36,,,NE
470,2013,,BLUTI,1,11,,11,37,,,NE
471,2013,,BLUTI,1,10,,0,36,,,XO
472,2014,,BLUTI,1,9,0,0,24,,,ED
473,2014,,BLUTI,1,7,5,5,21,,,NE
474,2014,,BLUTI,1,11,9,5,13,,,NE
475,2014,,BLUTI,1,3,0,0,29,,,ED
476,2014,,BLUTI,1,10,10,9,24,,,NE
477,2014,,BLUTI,1,10,10,10,18,,,NE
478,2014,,BLUTI,1,10,10,10,10,,,NE
479,2014,,BLUTI,1,9,9,3,17,,,NE
480,2014,,BLUTI,1,5,0,0,15,,,ED
481,2014,,BLUTI,1,8,8,8,20,,,NE
482,2014,,BLUTI,1,10,10,8,18,,,NE
483,2014,,BLUTI,1,11,10,9,17,,,NE
484,2014,,BLUTI,1,9,8,7,17,,,NE
485,2014,,BLUTI,1,8,6,6,21,,,NE
486,2014,,BLUTI,1,7,7,7,24,,,NE
487,2014,,BLUTI,1,10,10,8,29,,,NE
488,2014,,BLUTI,1,8,8,7,16,,,NE
489,2014,,BLUTI,1,6,4,3,15,,,NE
490,2014,,BLUTI,1,11,10,8,30,,,NE
491,2014,,BLUTI,1,9,9,6,29,,,NE
492,2014,,BLUTI,1,9,9,8,15,,,NE
493,2014,,BLUTI,1,9,6,5,21,,,NE
494,2014,,BLUTI,1,12,11,11,18,,,NE
495,2014,,BLUTI,1,11,11,11,22,,,NE
496,2014,,BLUTI,1,11,11,11,26,,,NE
497,2014,,BLUTI,1,12,12,12,18,,,NE
498,2014,,BLUTI,1,12,12,12,13,,,NE
499,2014,,BLUTI,1,10,9,9,28,,,NE
500,2014,,BLUTI,1,15,15,14,16,,,NE
501,2014,,BLUTI,1,13,13,13,20,,,NE
502,2014,,BLUTI,1,10,10,9,25,,,NE
503,2014,,BLUTI,1,11,10,10,20,,,NE
504,2014,,BLUTI,1,11,10,10,25,,,NE
505,2014,,BLUTI,1,12,12,12,20,,,NE
506,2014,,BLUTI,1,12,12,9,16,,,NE
507,2014,,BLUTI,1,11,10,6,15,,,NE
508,2014,,BLUTI,1,9,8,8,18,,,NE
509,2014,,BLUTI,1,10,10,10,19,,,NE
510,2014,,BLUTI,1,13,13,13,14,,,NE
511,2014,,BLUTI,1,12,12,12,16,,,NE
512,2014,,BLUTI,1,8,8,7,28,,,NE
513,2014,,BLUTI,1,13,13,9,16,,,NE
514,2014,,BLUTI,1,8,8,8,14,,,NE
515,2014,,BLUTI,1,11,11,7,18,,,NE
516,2014,,BLUTI,1,12,10,5,20,,,NE
517,2014,,BLUTI,1,8,8,7,31,,,NE
518,2014,,BLUTI,1,12,12,12,19,,,NE
519,2014,,BLUTI,1,13,12,11,16,,,NE
520,2014,,BLUTI,1,12,11,0,19,,,JP
521,2014,,BLUTI,1,11,9,9,25,,,NE
522,2014,,BLUTI,1,13,12,11,18,,,NE
523,2014,,BLUTI,1,10,10,9,28,,,NE
524,2014,,BLUTI,1,10,9,8,20,,,NE
525,2014,,BLUTI,1,10,10,10,25,,,NE
526,2014,,BLUTI,1,13,12,12,21,,,NE
527,2014,,BLUTI,1,10,10,9,24,,,NE
528,2014,,BLUTI,1,12,12,12,18,,,NE
529,2014,,BLUTI,1,12,12,12,18,,,NE
530,2014,,BLUTI,1,10,10,8,26,,,NE
531,2014,,BLUTI,1,10,10,9,21,,,NE
532,2014,,BLUTI,1,11,11,11,33,,,NE
533,2014,,BLUTI,1,12,11,11,19,,,NE
534,2014,,BLUTI,1,11,11,11,28,,,NE
535,2014,,BLUTI,1,10,10,10,29,,,NE
536,2014,,BLUTI,1,12,10,10,22,,,NE
537,2014,,BLUTI,1,11,9,9,28,,,NE
538,2014,,BLUTI,1,11,10,10,20,,,NE
539,2014,,BLUTI,1,10,10,10,23,,,NE
540,2014,,BLUTI,1,13,13,13,20,,,NE
541,2014,,GRETI,1,7,6,6,18,,,NE
542,2014,,GRETI,1,9,0,0,26,,,ED
543,2014,,GRETI,1,9,9,9,14,,,NE
544,2014,,GRETI,1,9,0,0,7,,,ED
545,2014,,GRETI,1,11,10,10,10,,,NE
546,2014,,GRETI,1,9,9,7,28,,,NE
547,2014,,GRETI,1,9,9,9,9,,,NE
548,2014,,GRETI,1,6,5,4,11,,,NE
549,2014,,GRETI,1,5,5,4,28,,,NE
550,2014,,GRETI,1,9,9,8,8,,,NE
551,2014,,GRETI,1,9,9,9,16,,,NE
552,2014,,GRETI,1,5,5,3,31,,,NE
553,2014,,GRETI,1,8,8,5,16,,,NE
554,2014,,GRETI,1,7,7,4,21,,,NE
555,2014,,GRETI,1,5,5,5,12,,,NE
556,2014,,GRETI,1,8,8,5,12,,,NE
557,2014,,GRETI,1,9,8,3,14,,,NE
558,2014,,GRETI,1,8,8,7,15,,,NE
559,2014,,GRETI,1,8,7,7,14,,,NE
560,2014,,GRETI,1,9,9,9,14,,,NE
561,2014,,GRETI,1,7,7,7,24,,,NE
562,2014,,GRETI,1,8,8,7,17,,,NE
563,2014,,GRETI,1,8,0,0,20,,,ED
564,2014,,GRETI,1,6,6,6,19,,,NE
565,2014,,GRETI,1,9,9,4,13,,,NE
566,2014,,GRETI,1,9,9,8,14,,,NE
567,2014,,GRETI,1,6,6,6,22,,,NE
568,2014,,GRETI,1,9,9,9,18,,,NE
569,2014,,GRETI,1,10,10,10,21,,,NE
570,2014,,GRETI,1,9,9,9,21,,,NE
571,2014,,GRETI,1,11,11,4,15,,,NE
572,2014,,GRETI,1,7,7,7,22,,,NE
573,2014,,GRETI,1,9,8,8,13,,,NE
574,2014,,GRETI,1,9,8,5,11,,,NE
575,2014,,GRETI,1,11,10,10,16,,,NE
576,2014,,GRETI,1,6,6,6,20,,,NE
577,2014,,GRETI,1,7,6,5,24,,,NE
578,2014,,GRETI,1,11,10,10,20,,,NE
579,2014,,GRETI,1,8,8,7,19,,,NE
580,2014,,GRETI,1,9,9,9,24,,,NE
581,2014,,GRETI,1,7,5,5,30,,,NE
582,2014,,GRETI,1,10,8,8,23,,,NE
583,2014,,GRETI,1,7,7,7,9,,,NE
584,2014,,GRETI,1,7,7,7,25,,,NE
585,2014,,GRETI,1,11,11,11,20,,,NE
586,2014,,GRETI,1,8,7,7,22,,,NE
587,2014,,GRETI,1,11,10,10,24,,,NE
588,2014,,GRETI,1,10,9,3,18,,,NE
589,2014,,GRETI,1,7,6,6,14,,,NE
590,2014,,GRETI,1,7,5,0,12,,,JP
591,2014,,GRETI,1,9,9,7,18,,,NE
592,2014,,GRETI,1,9,9,9,24,,,NE
593,2014,,GRETI,1,7,5,5,30,,,NE
594,2014,,PIEFL,1,7,7,7,32,,,NE
595,2014,,PIEFL,1,7,4,4,35,,,NE
596,2014,,PIEFL,1,7,6,2,46,,,NE
597,2014,,PIEFL,1,7,5,5,37,,,NE
598,2014,,PIEFL,1,4,4,4,58,,,NE
599,2014,,PIEFL,1,6,6,5,40,,,NE
600,2014,,PIEFL,1,7,7,7,46,,,NE
601,2014,,PIEFL,1,7,0,0,48,,,EP
602,2014,,PIEFL,1,7,7,5,43,,,NE
603,2014,,PIEFL,1,7,7,5,35,,,NE
604,2014,,PIEFL,1,7,7,7,34,,,NE
605,2014,,PIEFL,1,6,6,6,58,,,NE
606,2014,,PIEFL,1,6,6,5,56,,,NE
607,2014,,PIEFL,1,7,7,7,52,,,NE
608,2014,,PIEFL,1,9,8,8,35,,,NE
609,2014,,PIEFL,1,8,7,7,38,,,NE
610,2014,,PIEFL,1,8,1,1,40,,,NE
611,2014,,PIEFL,1,7,6,0,31,,,JP
612,2014,,PIEFL,1,9,8,8,33,,,NE
613,2014,,PIEFL,1,9,8,8,31,,,NE
614,2014,,PIEFL,1,7,7,7,36,,,NE
615,2014,,PIEFL,1,7,2,2,35,,,NE
616,2014,,PIEFL,1,6,6,6,43,,,NE
617,2014,,PIEFL,1,7,7,4,44,,,NE
618,2014,,PIEFL,1,7,0,0,33,,,ED
619,2014,,PIEFL,1,7,4,4,50,,,NE
620,2014,,PIEFL,1,7,6,6,35,,,NE
621,2014,,PIEFL,1,6,4,4,35,,,NE
622,2014,,PIEFL,1,7,5,5,33,,,NE
623,2014,,PIEFL,1,7,5,5,32,,,NE
624,2014,,PIEFL,1,7,7,7,46,,,NE
625,2014,,PIEFL,1,8,8,8,35,,,NE
626,2014,,PIEFL,1,6,4,4,57,,,NE
627,2014,,PIEFL,1,7,7,7,31,,,NE
628,2014,,PIEFL,1,8,5,5,34,,,NE
629,2014,,PIEFL,1,7,7,7,33,,,NE
630,2014,,PIEFL,1,7,7,7,35,,,NE
631,2014,,PIEFL,1,8,7,7,40,,,NE
632,2014,,PIEFL,1,6,6,6,40,,,NE
633,2014,,PIEFL,1,8,8,8,35,,,NE
634,2014,,PIEFL,1,5,8,5,34,,,NE
635,2015,MIDDLE,BLUTI,1,7,0,0,41,,,EP
636,2015,MIDDLE,BLUTI,1,11,0,0,31,,,EP
637,2015,MIDDLE,BLUTI,1,12,0,0,20,,,ED
638,2015,MIDDLE,BLUTI,1,9,9,9,41,,,NE
639,2015,MIDDLE,BLUTI,1,10,8,8,32,,,NE
640,2015,MIDDLE,BLUTI,1,9,4,4,34,,,NE
641,2015,MIDDLE,BLUTI,1,8,7,0,36,,,JP
642,2015,MIDDLE,BLUTI,1,5,0,0,29,,,ED
643,2015,MIDDLE,BLUTI,1,11,8,0,24,,,JP
644,2015,MIDDLE,BLUTI,1,13,8,7,23,,,NE
645,2015,MIDDLE,BLUTI,1,12,12,0,18,,,JP
646,2015,MIDDLE,BLUTI,1,11,0,0,27,,,ED
647,2015,MIDDLE,BLUTI,2,6,0,0,60,,,ED
648,2015,MIDDLE,BLUTI,1,5,0,0,35,,,ED
649,2015,MIDDLE,BLUTI,1,9,0,0,41,,,ED
650,2015,MIDDLE,BLUTI,1,10,0,0,25,,,EP
651,2015,MIDDLE,BLUTI,1,11,0,0,27,,,EP
652,2015,MIDDLE,BLUTI,1,10,5,0,25,,,JD
653,2015,MIDDLE,GRETI,1,1,0,0,43,,,ED
654,2015,MIDDLE,GRETI,1,6,6,3,27,,,NE
655,2015,MIDDLE,GRETI,1,7,6,6,35,,,NE
656,2015,MIDDLE,GRETI,1,5,5,5,43,,,NE
657,2015,MIDDLE,GRETI,1,7,6,0,38,,,JD
658,2015,MIDDLE,GRETI,1,9,0,0,35,,,ED
659,2015,MIDDLE,GRETI,1,6,0,0,28,,,ED
660,2015,MIDDLE,PIEFL,1,7,7,0,41,,,JD
661,2015,MIDDLE,PIEFL,1,9,0,0,38,,,EP
662,2015,MIDDLE,PIEFL,1,6,5,0,46,,,JP
663,2015,MIDDLE,PIEFL,1,8,8,8,36,,,NE
664,2015,MIDDLE,PIEFL,1,7,7,6,41,,,NE
665,2015,MIDDLE,PIEFL,1,7,6,0,39,,,JP
666,2015,MIDDLE,PIEFL,1,7,7,7,31,,,NE
667,2015,MIDDLE,REDST,1,6,0,0,45,,,EP
668,2015,BLACK,GRETI,1,4,0,0,54,,,EP
669,2015,BLACK,GRETI,1,7,5,0,51,,,JP
670,2015,BLACK,GRETI,1,9,0,0,17,,,EP
671,2015,BLACK,GRETI,1,7,0,0,29,,,EP
672,2015,BLACK,GRETI,1,1,0,0,50,,,ED
673,2015,BLACK,BLUTI,1,12,0,0,26,,,EP
674,2015,BLACK,BLUTI,1,2,0,0,49,,,EP
675,2015,BLACK,BLUTI,1,5,0,0,52,,,EP
676,2015,BLACK,BLUTI,1,13,0,0,21,,,ED
677,2015,BLACK,BLUTI,1,11,0,0,26,,,EP
678,2015,BLACK,BLUTI,1,10,0,0,34,,,EP
679,2015,BLACK,BLUTI,1,10,0,0,31,,,EP
680,2015,BLACK,BLUTI,1,8,0,0,27,,,EP
681,2015,BLACK,BLUTI,1,7,0,0,35,,,EP
682,2015,BLACK,BLUTI,2,1,0,0,50,,,EP
683,2015,BLACK,BLUTI,1,10,9,9,41,,,NE
684,2015,BELT,GRETI,1,6,6,0,61,,,JD
685,2015,BELT,GRETI,1,10,10,0,26,,,JP
686,2015,BELT,BLUTI,1,11,10,10,29,,,NE
687,2015,BELT,BLUTI,1,11,9,0,25,,,JP
688,2015,BELT,BLUTI,1,,0,0,38,,,ED
689,2015,BELT,BLUTI,2,,0,0,70,,,ED
690,2015,BELT,BLUTI,1,11,9,7,55,,,NE
691,2015,BELT,BLUTI,1,12,0,0,24,,,XO
692,2015,BELT,BLUTI,1,8,8,8,48,,,NE
693,2015,BELT,BLUTI,1,8,0,0,24,,,ED
694,2015,BELT,BLUTI,1,8,0,0,42,,,ED
695,2015,BELT,BLUTI,1,,0,0,57,,,ED
696,2015,BELT,REDST,1,,0,0,49,,,ED
697,2015,BELT,REDST,1,5,0,0,35,,,EP
698,2015,BELT,PIEFL,1,7,7,7,40,,,NE
699,2015,FAITHWAITE,GRETI,1,9,0,0,28,,,EP
700,2015,FAITHWAITE,GRETI,1,7,0,0,26,,,EP
701,2015,FAITHWAITE,GRETI,1,9,7,0,26,,,JP
702,2015,FAITHWAITE,GRETI,1,7,6,6,32,,,NE
703,2015,FAITHWAITE,GRETI,1,7,0,0,24,,,EP
704,2015,FAITHWAITE,GRETI,1,7,0,0,29,,,ED
705,2015,FAITHWAITE,GRETI,1,9,0,0,26,,,EP
706,2015,FAITHWAITE,GRETI,1,7,0,0,28,,,EP
707,2015,FAITHWAITE,GRETI,1,8,7,0,49,,,JD
708,2015,FAITHWAITE,GRETI,1,6,0,0,48,,,ED
709,2015,FAITHWAITE,BLUTI,1,9,0,0,27,,,EP
710,2015,FAITHWAITE,BLUTI,1,4,0,0,27,,,ED
711,2015,FAITHWAITE,BLUTI,1,10,0,0,33,,,EP
712,2015,FAITHWAITE,BLUTI,1,10,0,0,25,,,ED
713,2015,FAITHWAITE,BLUTI,1,2,0,0,42,,,EP
714,2015,FAITHWAITE,BLUTI,1,3,0,0,49,,,EP
715,2015,FAITHWAITE,BLUTI,1,5,0,0,26,,,ED
716,2015,FAITHWAITE,BLUTI,1,7,0,0,29,,,EP
717,2015,FAITHWAITE,BLUTI,1,10,0,0,34,,,EP
718,2015,FAITHWAITE,BLUTI,1,9,0,0,25,,,ED
719,2015,FAITHWAITE,BLUTI,1,9,6,0,41,,,JP
720,2015,FAITHWAITE,BLUTI,1,6,0,0,28,,,EP
721,2015,FAITHWAITE,BLUTI,1,10,0,0,21,,,EP
722,2015,FAITHWAITE,BLUTI,2,,0,0,58,,,ED
723,2015,FAITHWAITE,NUTHA,1,7,0,0,26,,,EP
724,2015,TROWBARROW,BLUTI,1,10,0,0,26,,,ED
725,2015,TROWBARROW,BLUTI,1,8,7,0,24,,,JD
726,2015,TROWBARROW,BLUTI,1,10,10,0,20,,,JP
727,2015,TROWBARROW,BLUTI,1,9,0,0,25,,,ED
728,2015,TROWBARROW,BLUTI,1,8,7,0,31,,,JP
729,2015,TROWBARROW,BLUTI,1,,0,0,40,,,ED
730,2015,TROWBARROW,BLUTI,1,8,7,7,26,,,NE
731,2015,TROWBARROW,BLUTI,1,7,7,0,34,,,JP
732,2015,TROWBARROW,BLUTI,1,8,8,5,39,,,NE
733,2015,TROWBARROW,BLUTI,1,7,7,0,27,,,JP
734,2015,TROWBARROW,BLUTI,1,7,0,0,25,,,EP
735,2015,TROWBARROW,BLUTI,1,8,8,0,31,,,JP
736,2015,TROWBARROW,BLUTI,1,7,0,0,23,,,ED
737,2015,TROWBARROW,BLUTI,1,7,6,0,35,,,JP
738,2015,TROWBARROW,BLUTI,1,6,0,0,42,,,ED
739,2015,TROWBARROW,BLUTI,1,5,5,3,28,,,NE
740,2015,TROWBARROW,BLUTI,1,5,5,4,26,,,NE
741,2015,TROWBARROW,BLUTI,1,10,10,0,25,,,JD
742,2015,TROWBARROW,BLUTI,1,10,0,0,26,,,ED
743,2015,TROWBARROW,BLUTI,2,,0,0,53,,,ED
744,2015,TROWBARROW,BLUTI,1,8,6,3,30,,,NE
745,2015,TROWBARROW,GRETI,1,6,4,0,25,,,JD
746,2015,TROWBARROW,GRETI,1,7,7,0,17,,,JP
747,2015,TROWBARROW,GRETI,1,8,6,0,25,,,JP
748,2015,TROWBARROW,GRETI,1,7,0,0,26,,,ED
749,2015,TROWBARROW,GRETI,1,6,6,0,39,,,JP
750,2015,TROWBARROW,GRETI,1,6,0,0,39,,,ED
751,2015,TROWBARROW,GRETI,1,6,6,0,25,,,JP
752,2015,TROWBARROW,GRETI,1,4,0,0,28,,,EP
753,2015,TROWBARROW,GRETI,1,1,0,0,35,,,EP
754,2015,TROWBARROW,GRETI,1,6,4,0,23,,,JP
755,2015,TROWBARROW,GRETI,1,3,0,0,26,,,ED
756,2015,TROWBARROW,GRETI,1,8,7,4,27,,,NE
757,2015,TROWBARROW,GRETI,1,5,4,4,24,,,NE
758,2015,TROWBARROW,GRETI,1,,0,0,35,,,ED
759,2015,TROWBARROW,GRETI,1,5,4,2,28,,,NE
760,2015,TROWBARROW,GRETI,1,7,7,5,25,,,NE
761,2015,TROWBARROW,GRETI,1,7,5,5,32,,,NE
762,2015,TROWBARROW,GRETI,1,6,6,0,33,,,JP
763,2015,TROWBARROW,GRETI,1,4,4,0,27,,,JD
764,2015,TROWBARROW,GRETI,1,7,7,0,30,,,JD
765,2015,TROWBARROW,GRETI,1,6,6,0,34,,,JD
766,2015,TROWBARROW,NUTHA,1,6,6,4,18,,,NE
767,2015,TROWBARROW,NUTHA,1,8,6,6,25,,,NE
768,2015,TROWBARROW,MARTI,1,5,5,5,19,,,NE
769,2015,WARTON CRAG,GRETI,1,7,7,2,31,,,NE
770,2015,WARTON CRAG,GRETI,1,5,5,3,33,,,NE
771,2015,WARTON CRAG,GRETI,1,7,0,0,24,,,ED
772,2015,WARTON CRAG,GRETI,1,7,6,4,34,,,NE
773,2015,WARTON CRAG,GRETI,1,5,5,0,41,,,JP
774,2015,WARTON CRAG,GRETI,1,6,6,2,32,,,NE
775,2015,WARTON CRAG,GRETI,1,4,3,2,21,,,NE
776,2015,WARTON CRAG,GRETI,1,4,4,0,21,,,JD
777,2015,WARTON CRAG,GRETI,1,,0,0,22,,,ED
778,2015,WARTON CRAG,GRETI,1,4,3,3,42,,,NE
779,2015,WARTON CRAG,GRETI,1,4,3,3,22,,,NE
780,2015,WARTON CRAG,GRETI,1,7,7,7,21,,,NE
781,2015,WARTON CRAG,GRETI,1,6,7,0,31,,,JP
782,2015,WARTON CRAG,GRETI,1,5,5,0,35,,,JD
783,2015,WARTON CRAG,GRETI,1,6,0,0,19,,,ED
784,2015,WARTON CRAG,GRETI,1,7,7,7,22,,,NE
785,2015,WARTON CRAG,GRETI,1,7,6,6,18,,,NE
786,2015,WARTON CRAG,BLUTI,1,3,2,0,42,,,JD
787,2015,WARTON CRAG,BLUTI,1,9,7,5,26,,,NE
788,2015,WARTON CRAG,BLUTI,1,6,6,0,47,,,JP
789,2015,WARTON CRAG,BLUTI,1,9,9,0,21,,,JP
790,2015,WARTON CRAG,BLUTI,1,9,9,3,38,,,NE
791,2015,WARTON CRAG,BLUTI,1,10,10,0,30,,,JD
792,2015,WARTON CRAG,BLUTI,2,,0,0,62,,,ED
793,2015,WARTON CRAG,BLUTI,1,6,6,4,29,,,NE
794,2015,WARTON CRAG,BLUTI,1,,0,0,40,,,ED
795,2015,WARTON CRAG,BLUTI,1,6,5,3,30,,,NE
796,2015,EAVES,GRETI,1,,0,0,37,,,ED
797,2015,EAVES,GRETI,1,6,6,6,36,,,NE
798,2015,EAVES,GRETI,1,6,6,4,26,,,NE
799,2015,EAVES,GRETI,1,6,6,0,26,,,JD
800,2015,EAVES,GRETI,1,7,6,0,27,,,JD
801,2015,EAVES,GRETI,1,4,4,4,46,,,NE
802,2015,EAVES,GRETI,1,4,3,2,46,,,NE
803,2015,EAVES,GRETI,1,8,,0,25,,,XP
804,2015,EAVES,GRETI,1,4,1,1,42,,,NE
805,2015,EAVES,GRETI,1,4,3,2,46,,,NE
806,2015,EAVES,BLUTI,1,7,7,2,37,,,NE
807,2015,EAVES,BLUTI,1,6,,0,29,,,XP
808,2015,EAVES,BLUTI,1,3,3,3,32,,,NE
809,2015,EAVES,BLUTI,1,9,7,6,26,,,NE
810,2015,EAVES,BLUTI,1,9,3,0,28,,,JD
811,2015,YEALAND,GRETI,1,5,5,,36,,,NE
812,2015,YEALAND,GRETI,1,,0,0,40,,,ED
813,2015,YEALAND,GRETI,1,3,3,,31,,,NE
814,2015,YEALAND,GRETI,1,4,0,0,31,,,EP
815,2015,YEALAND,GRETI,1,3,3,3,43,,,NE
816,2015,YEALAND,GRETI,1,6,6,0,33,,,XO
817,2015,YEALAND,GRETI,1,4,5,3,41,,,NE
818,2015,YEALAND,GRETI,1,7,7,0,28,,,XO
819,2015,YEALAND,GRETI,1,7,6,0,31,,,JP
820,2015,YEALAND,GRETI,1,7,4,4,41,,,NE
821,2015,YEALAND,GRETI,1,6,6,0,26,,,XO
822,2015,YEALAND,GRETI,1,,0,,22,,,ED
823,2015,YEALAND,GRETI,1,6,5,3,37,,,NE
824,2015,YEALAND,GRETI,1,6,5,3,24,,,NE
825,2015,YEALAND,GRETI,1,4,4,2,31,,,NE
826,2015,YEALAND,GRETI,1,4,1,0,39,,,XO
827,2015,YEALAND,GRETI,1,7,7,0,28,,,XO
828,2015,YEALAND,GRETI,1,7,0,0,27,,,EP
829,2015,YEALAND,GRETI,1,6,6,4,40,,,NE
830,2015,YEALAND,GRETI,1,8,8,0,28,,,XO
831,2015,YEALAND,GRETI,2,3,0,0,57,,,ED
832,2015,YEALAND,BLUTI,1,7,6,0,35,,,XO
833,2015,YEALAND,BLUTI,1,6,6,2,23,,,NE
834,2015,YEALAND,BLUTI,1,6,6,0,35,,,XO
835,2015,YEALAND,BLUTI,1,4,0,0,40,,,EP
836,2015,YEALAND,BLUTI,1,4,0,0,31,,,EP
837,2015,YEALAND,BLUTI,1,4,3,3,26,,,NE
838,2015,YEALAND,BLUTI,1,10,10,6,27,,,NE
839,2015,YEALAND,BLUTI,1,7,7,2,43,,,NE
840,2015,YEALAND,BLUTI,1,7,0,0,37,,,ED
841,2015,YEALAND,BLUTI,1,9,8,0,31,,,XO
842,2015,YEALAND,BLUTI,1,8,0,0,24,,,EP
843,2015,YEALAND,BLUTI,1,7,4,4,43,,,NE
844,2015,YEALAND,BLUTI,1,9,8,0,31,,,XO
845,2015,YEALAND,BLUTI,1,6,6,0,28,,,JP
846,2015,YEALAND,BLUTI,1,6,0,0,28,,,EP
847,2015,YEALAND,BLUTI,1,4,3,1,26,,,NE
848,2015,YEALAND,BLUTI,1,9,8,0,33,,,XO
849,2015,YEALAND,BLUTI,1,6,0,0,38,,,EP
850,2015,YEALAND,NUTHA,1,6,6,5,22,,,NE
851,2015,MYERS,GRETI,1,4,0,0,27,,,ED
852,2015,MYERS,GRETI,1,4,4,0,22,,,JP
853,2015,MYERS,GRETI,1,,0,0,38,,,ED
854,2015,MYERS,GRETI,1,4,4,3,40,,,NE
855,2015,MYERS,GRETI,1,6,5,3,37,,,NE
856,2015,MYERS,GRETI,1,4,4,2,26,,,NE
857,2015,MYERS,GRETI,1,,0,0,33,,,ED
858,2015,MYERS,GRETI,1,6,0,0,31,,,EP
859,2015,MYERS,GRETI,1,4,2,2,30,,,NE
860,2015,MYERS,GRETI,1,3,3,3,30,,,NE
861,2015,MYERS,GRETI,2,6,5,2,47,,,NE
862,2015,MYERS,GRETI,1,6,6,0,25,,,JP
863,2015,MYERS,GRETI,1,5,4,0,22,,,JP
864,2015,MYERS,BLUTI,1,7,6,0,24,,,JP
865,2015,MYERS,BLUTI,1,6,6,6,24,,,NE
866,2015,MYERS,BLUTI,1,6,5,5,39,,,NE
867,2015,MYERS,BLUTI,1,4,4,0,32,,,XO
868,2015,MYERS,BLUTI,1,6,6,5,22,,,NE
869,2015,MYERS,BLUTI,1,5,5,0,39,,,XO
870,2015,MYERS,BLUTI,1,4,4,0,39,,,JP
871,2015,MYERS,BLUTI,1,6,6,0,31,,,XO
872,2015,MYERS,BLUTI,1,6,6,6,31,,,NE
873,2015,MYERS,BLUTI,2,7,6,0,45,,,JP
874,2015,MYERS,BLUTI,1,8,7,6,34,,,NE
875,2015,MYERS,BLUTI,1,,0,0,39,,,ED
876,2015,MYERS,BLUTI,1,8,7,0,29,,,XO
877,2015,MYERS,BLUTI,1,4,4,0,40,,,XO
878,2015,MYERS,BLUTI,1,10,0,0,31,,,EP
879,2015,MYERS,BLUTI,1,7,0,0,31,,,XO
880,2015,MYERS,BLUTI,2,6,6,4,45,,,NE
881,2015,MYERS,BLUTI,1,6,4,3,35,,,NE
882,2015,MYERS,BLUTI,1,9,4,0,22,,,XO
883,2015,MYERS,NUTHA,1,6,5,5,22,,,NE
884,2015,MYERS,NUTHA,1,8,8,8,13,,,NE
885,2015,MYERS,NUTHA,1,6,6,0,18,,,JP
886,2016,MIDDLE,PIEFL,1,8,5,5,40,,,NE
887,2016,MIDDLE,PIEFL,1,7,6,6,39,,,NE
888,2016,MIDDLE,PIEFL,1,8,8,8,42,,,NE
889,2016,MIDDLE,BLUTI,1,,0,0,41,,,ED
890,2016,MIDDLE,BLUTI,1,10,9,,32,,,NE
891,2016,MIDDLE,BLUTI,1,9,8,,28,,,NE
892,2016,MIDDLE,BLUTI,1,11,11,,34,,,NE
893,2016,MIDDLE,BLUTI,1,11,11,,22,,,NE
894,2016,MIDDLE,BLUTI,1,13,12,,25,,,NE
895,2016,MIDDLE,BLUTI,1,10,0,0,34,,,EP
896,2016,MIDDLE,BLUTI,1,6,0,0,33,,,EP
897,2016,MIDDLE,BLUTI,1,8,8,,28,,,NE
898,2016,MIDDLE,BLUTI,1,10,9,,34,,,NE
899,2016,MIDDLE,BLUTI,1,,0,0,28,,,ED
900,2016,MIDDLE,BLUTI,1,5,0,0,34,,,EP
901,2016,MIDDLE,BLUTI,1,10,0,0,36,,,EP
902,2016,MIDDLE,BLUTI,1,10,0,0,31,,,ED
903,2016,MIDDLE,BLUTI,1,10,0,0,34,,,EP
904,2016,MIDDLE,GRETI,1,7,0,0,40,,,EP
905,2016,MIDDLE,GRETI,1,7,0,0,54,,,EP
906,2016,MIDDLE,GRETI,1,2,0,0,48,,,EP
907,2016,MIDDLE,GRETI,1,10,0,0,27,,,ED
908,2016,MIDDLE,GRETI,1,,0,0,28,,,ED
909,2016,MIDDLE,GRETI,1,9,7,7,19,,,NE
910,2016,BROADWOOD WRAY,PIEFL,1,9,9,9,37,,,NE
911,2016,BROADWOOD WRAY,PIEFL,1,7,6,6,42,,,NE
912,2016,BROADWOOD WRAY,GRETI,1,9,0,0,29,,,EP
913,2016,BROADWOOD WRAY,GRETI,1,8,8,8,27,,,NE
914,2016,BROADWOOD WRAY,GRETI,1,7,7,7,28,,,NE
915,2016,BROADWOOD WRAY,BLUTI,1,11,10,10,28,,,NE
916,2016,BROADWOOD WRAY,BLUTI,1,7,0,0,23,,,EP
917,2016,BROADWOOD WRAY,BLUTI,1,10,10,10,26,,,NE
918,2016,BROADWOOD WRAY,BLUTI,1,12,11,11,25,,,NE
919,2016,BROADWOOD WRAY,BLUTI,1,5,3,2,27,,,NE
920,2016,BROADWOOD WRAY,BLUTI,1,11,10,10,16,,,NE
921,2016,BROADWOOD WRAY,BLUTI,1,7,5,3,38,,,NE
922,2016,BROADWOOD WRAY,BLUTI,1,10,9,9,27,,,NE
923,2016,BROADWOOD WRAY,BLUTI,1,9,8,8,38,,,NE
924,2016,BROADWOOD WRAY,BLUTI,1,12,11,11,27,,,NE
925,2016,DEEPCLOUGH,PIEFL,1,7,7,7,39,,,NE
926,2016,DEEPCLOUGH,BLUTI,1,11,10,10,29,,,NE
927,2016,DEEPCLOUGH,BLUTI,1,12,11,11,31,,,NE
928,2016,DEEPCLOUGH,GRETI,1,10,8,8,28,,,NE
929,2016,DEEPCLOUGH,GRETI,1,5,0,0,76,,,EP
930,2016,BELT,PIEFL,1,7,7,0,38,,,JP
931,2016,BELT,BLUTI,1,9,0,0,36,,,ED
932,2016,BELT,BLUTI,1,9,0,0,24,,,EP
933,2016,BELT,BLUTI,1,6,0,0,54,,,EP
934,2016,BELT,BLUTI,1,11,10,10,27,,,NE
935,2016,BELT,GRETI,1,12,0,0,38,,,EP
936,2016,BELT,GRETI,1,7,0,0,38,,,EP
937,2016,BELT,COATI,1,9,9,0,28,,,JP
938,2016,BLACK,BLUTI,1,,0,0,55,,,ED
939,2016,BLACK,BLUTI,1,8,0,0,40,,,EP
940,2016,BLACK,BLUTI,1,11,0,0,27,,,EP
941,2016,BLACK,BLUTI,1,11,0,0,30,,,EP
942,2016,BLACK,GRETI,1,5,0,0,45,,,EP
943,2016,BLACK,GRETI,1,6,0,0,34,,,EP
944,2016,BLACK,WREN,1,6,6,6,38,,,NE
945,2016,FAITHWAITE,BLUTI,1,,0,0,63,,,ED
946,2016,FAITHWAITE,BLUTI,1,5,0,0,52,,,EP
947,2016,FAITHWAITE,BLUTI,1,10,0,0,33,,,EP
948,2016,FAITHWAITE,BLUTI,1,12,0,0,29,,,EP
949,2016,FAITHWAITE,BLUTI,1,,0,0,56,,,EP
950,2016,FAITHWAITE,BLUTI,1,9,0,0,34,,,EP
951,2016,FAITHWAITE,BLUTI,1,7,0,0,36,,,EP
952,2016,FAITHWAITE,BLUTI,1,12,0,0,29,,,EP
953,2016,FAITHWAITE,BLUTI,1,6,0,0,37,,,EP
954,2016,FAITHWAITE,BLUTI,1,3,0,0,32,,,EP
955,2016,FAITHWAITE,GRETI,1,,0,0,36,,,EP
956,2016,FAITHWAITE,GRETI,1,5,0,0,38,,,EP
957,2016,FAITHWAITE,GRETI,1,5,0,0,38,,,EP
958,2016,FAITHWAITE,GRETI,1,5,0,0,51,,,EP
959,2016,FAITHWAITE,COATI,1,6,6,6,48,,,NE
960,2016,FAITHWAITE,NUTHA,1,8,0,0,27,,,EP
961,2016,TROWBARROW,BLUTI,1,7,7,7,22,,,NE
962,2016,TROWBARROW,BLUTI,1,9,9,9,25,,,NE
963,2016,TROWBARROW,BLUTI,1,11,10,10,22,,,NE
964,2016,TROWBARROW,BLUTI,1,9,5,5,36,,,NE
965,2016,TROWBARROW,BLUTI,1,9,7,6,25,,,NE
966,2016,TROWBARROW,BLUTI,1,9,9,0,26,,,JP
967,2016,TROWBARROW,BLUTI,1,10,10,0,34,,,JD
968,2016,TROWBARROW,BLUTI,1,,0,0,34,,,EP
969,2016,TROWBARROW,BLUTI,1,5,3,3,28,,,NE
970,2016,TROWBARROW,BLUTI,1,7,5,5,25,,,NE
971,2016,TROWBARROW,BLUTI,1,7,0,0,38,,,EP
972,2016,TROWBARROW,BLUTI,1,8,0,0,35,,,EP
973,2016,TROWBARROW,BLUTI,1,8,6,0,33,,,JP
974,2016,TROWBARROW,BLUTI,1,10,7,0,21,,,JD
975,2016,TROWBARROW,GRETI,1,8,6,6,38,,,NE
976,2016,TROWBARROW,GRETI,1,8,6,4,47,,,NE
977,2016,TROWBARROW,GRETI,1,6,6,0,25,,,JP
978,2016,TROWBARROW,GRETI,1,7,0,0,34,,,ED
979,2016,TROWBARROW,GRETI,1,,0,0,47,,,ED
980,2016,TROWBARROW,GRETI,1,5,4,4,39,,,NE
981,2016,TROWBARROW,GRETI,1,6,5,4,45,,,NE
982,2016,TROWBARROW,GRETI,1,7,4,1,45,,,NE
983,2016,TROWBARROW,GRETI,1,6,0,0,25,,,ED
984,2016,TROWBARROW,GRETI,1,6,4,0,24,,,JP
985,2016,TROWBARROW,GRETI,1,3,0,0,28,,,EP
986,2016,TROWBARROW,GRETI,1,7,0,0,34,,,EP
987,2016,TROWBARROW,GRETI,1,6,5,3,25,,,NE
988,2016,TROWBARROW,GRETI,1,7,3,0,30,,,JP
989,2016,TROWBARROW,GRETI,1,8,6,5,40,,,NE
990,2016,TROWBARROW,GRETI,1,7,5,2,24,,,NE
991,2016,TROWBARROW,GRETI,1,8,6,2,17,,,NE
992,2016,TROWBARROW,GRETI,1,5,4,3,20,,,NE
993,2016,TROWBARROW,GRETI,1,5,3,1,24,,,NE
994,2016,TROWBARROW,GRETI,1,6,3,3,38,,,NE
995,2016,TROWBARROW,NUTHA,1,6,4,3,21,,,NE
996,2016,TROWBARROW,NUTHA,1,7,,,17,,,NE
997,2016,TROWBARROW,NUTHA,1,8,8,5,19,,,NE
998,2016,TROWBARROW,NUTHA,1,7,0,0,35,,,ED
999,2016,TROWBARROW,WREN,1,7,0,0,38,,,EP
1000,2016,SILVERDALE,BLUTI,1,6,6,2,35,,,NE
1001,2016,SILVERDALE,BLUTI,1,7,5,0,28,,,JD
1002,2016,SILVERDALE,BLUTI,1,11,0,0,25,,,EP
1003,2016,SILVERDALE,BLUTI,1,9,9,0,27,,,JD
1004,2016,SILVERDALE,BLUTI,1,9,5,5,30,,,NE
1005,2016,SILVERDALE,NUTHA,1,6,5,0,28,,,JP
1006,2016,SILVERDALE,NUTHA,1,6,6,0,19,,,JD
1007,2016,SILVERDALE,GRETI,1,8,7,0,18,,,JD
1008,2016,SILVERDALE,GRETI,1,5,0,0,27,,,EP
1009,2016,SILVERDALE,GRETI,1,6,6,0,25,,,JD
1010,2016,SILVERDALE,GRETI,1,5,5,5,18,,,NE
1011,2016,SILVERDALE,GRETI,1,8,8,0,17,,,JP
1012,2016,SILVERDALE,GRETI,1,9,6,3,26,,,NE
1013,2016,SILVERDALE,GRETI,1,7,7,6,28,,,NE
1014,2016,BUTTONS,BLUTI,1,9,9,9,22,,,NE
1015,2016,BUTTONS,BLUTI,1,3,0,0,33,,,EP
1016,2016,BUTTONS,MARTI,1,8,7,4,18,,,NE
1017,2016,BUTTONS,GRETI,1,8,8,6,15,,,NE
1018,2016,BUTTONS,GRETI,1,7,7,3,15,,,NE
1019,2016,BUTTONS,GRETI,1,9,8,0,22,,,JD
1020,2016,BUTTONS,GRETI,1,4,0,0,28,,,ED
1021,2016,BUTTONS,GRETI,1,7,6,5,26,,,NE
1022,2016,WORTON CRAG,BLUTI,1,6,6,4,29,,,NE
1023,2016,WORTON CRAG,BLUTI,1,8,6,6,30,,,NE
1024,2016,WORTON CRAG,BLUTI,1,10,10,8,34,,,NE
1025,2016,WORTON CRAG,BLUTI,1,7,7,7,34,,,NE
1026,2016,WORTON CRAG,BLUTI,1,7,5,3,34,,,NE
1027,2016,WORTON CRAG,BLUTI,1,8,7,6,34,,,NE
1028,2016,WORTON CRAG,BLUTI,1,8,8,8,36,,,NE
1029,2016,WORTON CRAG,BLUTI,1,10,9,9,35,,,NE
1030,2016,WORTON CRAG,BLUTI,1,8,8,6,28,,,NE
1031,2016,WORTON CRAG,BLUTI,1,8,8,6,29,,,NE
1032,2016,WORTON CRAG,BLUTI,1,10,9,7,29,,,NE
1033,2016,WORTON CRAG,BLUTI,1,,0,0,35,,,ED
1034,2016,WORTON CRAG,BLUTI,1,7,6,6,35,,,NE
1035,2016,WORTON CRAG,BLUTI,1,6,0,0,36,,,EP
1036,2016,WORTON CRAG,GRETI,1,7,6,5,24,,,NE
1037,2016,WORTON CRAG,GRETI,1,8,7,6,16,,,NE
1038,2016,WORTON CRAG,GRETI,1,5,5,5,26,,,NE
1039,2016,WORTON CRAG,GRETI,1,7,7,5,33,,,NE
1040,2016,WORTON CRAG,GRETI,1,8,8,5,36,,,NE
1041,2016,WORTON CRAG,GRETI,1,8,8,8,20,,,NE
1042,2016,WORTON CRAG,GRETI,1,7,7,7,16,,,NE
1043,2016,WORTON CRAG,GRETI,1,5,4,2,20,,,NE
1044,2016,WORTON CRAG,GRETI,1,7,7,6,17,,,NE
1045,2016,WORTON CRAG,GRETI,1,6,6,5,30,,,NE
1046,2016,WORTON CRAG,GRETI,1,4,4,2,18,,,NE
1047,2016,WORTON CRAG,GRETI,1,5,5,4,20,,,NE
1048,2016,WORTON CRAG,MARTI,1,8,6,6,16,,,NE
1049,2016,CHALLON HALL,BLUTI,1,7,7,7,35,,,NE
1050,2016,CHALLON HALL,BLUTI,1,9,5,4,32,,,NE
1051,2016,CHALLON HALL,BLUTI,1,8,6,5,30,,,NE
1052,2016,CHALLON HALL,BLUTI,1,6,6,6,26,,,NE
1053,2016,CHALLON HALL,GRETI,1,6,6,0,32,,,JP
1054,2016,CHALLON HALL,GRETI,1,5,5,5,35,,,NE
1055,2016,CHALLON HALL,GRETI,1,4,4,0,22,,,JP
1056,2016,CHALLON HALL,GRETI,1,5,5,5,31,,,NE
1057,2016,CHALLON HALL,GRETI,1,6,6,5,30,,,NE
1058,2016,CHALLON HALL,GRETI,1,6,0,0,35,,,EP
1059,2016,CHALLON HALL,GRETI,1,6,4,3,36,,,NE
1060,2016,CHALLON HALL,GRETI,1,8,6,0,25,,,JP
1061,2016,CHALLON HALL,GRETI,1,6,6,5,28,,,NE
1062,2016,CHALLON HALL,GRETI,1,4,4,0,25,,,JP
1063,2016,CHALLON HALL,GRETI,1,7,0,0,35,,,EP
1064,2016,MYERS,BLUTI,1,12,8,5,24,,,NE
1065,2016,MYERS,BLUTI,1,7,0,0,29,,,ED
1066,2016,MYERS,BLUTI,1,9,7,7,22,,,NE
1067,2016,MYERS,BLUTI,1,5,5,5,26,,,NE
1068,2016,MYERS,BLUTI,1,4,0,0,39,,,ED
1069,2016,MYERS,BLUTI,1,9,9,6,26,,,NE
1070,2016,MYERS,BLUTI,1,8,6,5,27,,,NE
1071,2016,MYERS,BLUTI,1,7,6,6,22,,,NE
1072,2016,MYERS,BLUTI,1,11,11,5,28,,,NE
1073,2016,MYERS,BLUTI,1,6,6,6,35,,,NE
1074,2016,MYERS,BLUTI,1,8,8,5,25,,,NE
1075,2016,MYERS,BLUTI,1,6,6,6,26,,,NE
1076,2016,MYERS,BLUTI,1,7,6,4,37,,,NE
1077,2016,MYERS,BLUTI,1,12,9,7,22,,,NE
1078,2016,MYERS,BLUTI,1,4,4,0,32,,,JP
1079,2016,MYERS,BLUTI,1,9,9,9,28,,,NE
1080,2016,MYERS,BLUTI,1,7,6,6,30,,,NE
1081,2016,MYERS,GRETI,2,5,5,5,86,,,NE
1082,2016,MYERS,GRETI,1,6,5,5,31,,,NE
1083,2016,MYERS,GRETI,1,5,5,3,32,,,NE
1084,2016,MYERS,GRETI,1,8,8,4,28,,,NE
1085,2016,MYERS,GRETI,1,6,4,0,30,,,JD
1086,2016,MYERS,GRETI,1,5,4,3,22,,,NE
1087,2016,MYERS,GRETI,1,8,7,6,19,,,NE
1088,2016,MYERS,GRETI,1,7,6,5,22,,,NE
1089,2016,MYERS,GRETI,1,8,8,6,22,,,NE
1090,2016,MYERS,GRETI,1,8,7,6,18,,,NE
1091,2016,MYERS,NUTHA,1,6,6,6,15,,,NE
1092,2016,MYERS,NUTHA,1,6,0,0,30,,,ED
1093,2016,MYERS,NUTHA,1,8,7,6,17,,,NE
1094,2016,YEALAND,BLUTI,1,6,3,2,37,,,NE
1095,2016,YEALAND,BLUTI,1,5,5,5,47,,,NE
1096,2016,YEALAND,BLUTI,1,,0,0,37,,,EP
1097,2016,YEALAND,BLUTI,1,5,3,0,35,,,JP
1098,2016,YEALAND,BLUTI,1,5,5,5,37,,,NE
1099,2016,YEALAND,BLUTI,1,9,0,0,29,,,EP
1100,2016,YEALAND,BLUTI,1,10,0,0,25,,,ED
1101,2016,YEALAND,BLUTI,1,10,6,0,22,,,JP
1102,2016,YEALAND,BLUTI,1,6,6,6,37,,,NE
1103,2016,YEALAND,BLUTI,1,11,6,0,25,,,JP
1104,2016,YEALAND,BLUTI,1,10,7,0,34,,,JP
1105,2016,YEALAND,BLUTI,1,7,0,0,22,,,ED
1106,2016,YEALAND,BLUTI,1,5,5,0,37,,,JP
1107,2016,YEALAND,BLUTI,1,9,9,8,34,,,NE
1108,2016,YEALAND,BLUTI,1,5,5,5,35,,,NE
1109,2016,YEALAND,GRETI,1,7,7,3,22,,,NE
1110,2016,YEALAND,GRETI,1,5,0,0,30,,,EP
1111,2016,YEALAND,GRETI,1,7,6,6,35,,,NE
1112,2016,YEALAND,GRETI,1,6,6,4,34,,,NE
1113,2016,YEALAND,GRETI,1,6,5,5,34,,,NE
1114,2016,YEALAND,GRETI,1,4,2,2,27,,,NE
1115,2016,YEALAND,GRETI,1,7,6,5,29,,,NE
1116,2016,YEALAND,GRETI,1,7,3,2,24,,,NE
1117,2016,YEALAND,GRETI,1,8,8,4,24,,,NE
1118,2016,YEALAND,GRETI,1,6,0,0,25,,,ED
1119,2016,YEALAND,GRETI,1,5,0,0,28,,,EP
1120,2016,YEALAND,GRETI,1,6,6,0,27,,,JD
1121,2016,YEALAND,GRETI,1,8,8,8,33,,,NE
1122,2016,YEALAND,GRETI,1,6,4,4,37,,,NE
1123,2016,YEALAND,GRETI,1,6,6,0,37,,,JD
1124,2016,YEALAND,GRETI,1,9,0,0,36,,,ED
1125,2016,YEALAND,GRETI,1,7,7,7,39,,,NE
1126,2016,YEALAND,GRETI,1,6,5,5,32,,,NE
1127,2016,YEALAND,GRETI,1,4,4,4,27,,,NE
1128,2016,YEALAND,GRETI,1,5,0,0,34,,,EP
1129,2016,YEALAND,GRETI,1,5,5,5,37,,,NE
1130,2016,YEALAND,NUTHA,1,6,6,0,22,,,JD
1131,2017,MIDDLE,BLUTI,1,7,6,2,37,,,NE
1132,2017,MIDDLE,BLUTI,1,11,10,10,17,,,NE
1133,2017,MIDDLE,BLUTI,1,8,8,8,15,,,NE
1134,2017,MIDDLE,BLUTI,1,13,10,10,14,,,NE
1135,2017,MIDDLE,BLUTI,1,11,11,11,22,,,NE
1136,2017,MIDDLE,BLUTI,1,8,7,0,17,,,JD
1137,2017,MIDDLE,BLUTI,1,8,7,0,28,,,JD
1138,2017,MIDDLE,BLUTI,1,12,11,0,19,,,JD
1139,2017,MIDDLE,BLUTI,1,14,13,13,14,,,NE
1140,2017,MIDDLE,BLUTI,1,11,10,10,17,,,NE
1141,2017,MIDDLE,BLUTI,1,9,9,8,20,,,NE
1142,2017,MIDDLE,BLUTI,1,11,10,7,24,,,NE
1143,2017,MIDDLE,BLUTI,1,11,10,10,13,,,NE
1144,2017,MIDDLE,GRETI,1,5,5,3,13,,,NE
1145,2017,MIDDLE,GRETI,1,6,5,5,14,,,NE
1146,2017,MIDDLE,GRETI,1,6,6,6,28,,,NE
1147,2017,MIDDLE,GRETI,1,,0,0,27,,,ED
1148,2017,MIDDLE,GRETI,1,10,10,1,12,,,NE
1149,2017,MIDDLE,PIEFL,1,8,8,7,32,,,NE
1150,2017,MIDDLE,PIEFL,1,7,7,5,39,,,NE
1151,2017,MIDDLE,PIEFL,1,7,7,3,40,,,NE
1152,2017,MIDDLE,PIEFL,1,7,7,7,46,,,NE
1153,2017,MIDDLE,PIEFL,1,8,7,7,40,,,NE
1154,2017,MIDDLE,PIEFL,1,7,7,7,47,,,NE
1155,2017,MIDDLE,PIEFL,1,8,8,0,43,,,JP
1156,2017,MIDDLE,PIEFL,1,,0,0,46,,,ED
1157,2017,MIDDLE,PIEFL,1,,0,0,42,,,ED
1158,2017,MIDDLE,PIEFL,1,7,6,6,31,,,NE
1159,2017,BELT,BLUTI,1,8,8,8,23,,,NE
1160,2017,BELT,BLUTI,1,12,10,9,20,,,NE
1161,2017,BELT,BLUTI,1,8,7,7,32,,,NE
1162,2017,BELT,BLUTI,1,11,10,9,20,,,NE
1163,2017,BELT,BLUTI,1,9,9,5,27,,,NE
1164,2017,BELT,GRETI,1,10,9,9,22,,,NE
1165,2017,BELT,COATI,1,8,8,4,23,,,NE
1166,2017,BELT,PIEFL,1,8,8,0,38,,,JP
1167,2017,BLACK,BLUTI,1,10,0,0,19,,,ED
1168,2017,BLACK,BLUTI,1,8,0,0,40,,,ED
1169,2017,BLACK,BLUTI,1,12,12,12,19,,,NE
1170,2017,BLACK,BLUTI,1,13,13,12,15,,,NE
1171,2017,BLACK,GRETI,1,8,8,8,21,,,NE
1172,2017,BLACK,GRETI,1,8,8,0,13,,,JD
1173,2017,FAITHWAITE,BLUTI,1,11,10,9,16,,,NE
1174,2017,FAITHWAITE,BLUTI,1,11,10,0,28,,,JP
1175,2017,FAITHWAITE,BLUTI,1,13,11,11,20,,,NE
1176,2017,FAITHWAITE,BLUTI,1,13,12,11,22,,,NE
1177,2017,FAITHWAITE,BLUTI,1,9,5,0,34,,,JP
1178,2017,FAITHWAITE,BLUTI,1,8,8,8,19,,,NE
1179,2017,FAITHWAITE,BLUTI,1,11,10,10,22,,,NE
1180,2017,FAITHWAITE,BLUTI,1,11,10,10,19,,,NE
1181,2017,FAITHWAITE,BLUTI,1,6,0,0,40,,,ED
1182,2017,FAITHWAITE,BLUTI,1,10,9,9,19,,,NE
1183,2017,FAITHWAITE,BLUTI,1,6,0,0,17,,,"ED, FD"
1184,2017,FAITHWAITE,BLUTI,1,11,10,10,23,,,NE
1185,2017,FAITHWAITE,BLUTI,1,10,5,5,21,,,NE
1186,2017,FAITHWAITE,BLUTI,1,11,9,3,24,,,NE
1187,2017,FAITHWAITE,BLUTI,1,9,8,8,29,,,NE
1188,2017,FAITHWAITE,GRETI,1,7,6,5,14,,,NE
1189,2017,FAITHWAITE,GRETI,1,8,7,7,18,,,NE
1190,2017,FAITHWAITE,GRETI,1,8,8,8,16,,,NE
1191,2017,FAITHWAITE,GRETI,1,5,4,4,28,,,NE
1192,2017,FAITHWAITE,GRETI,1,9,9,7,18,,,NE
1193,2017,FAITHWAITE,GRETI,1,9,6,6,18,,,NE
1194,2017,FAITHWAITE,GRETI,1,7,6,6,22,,,NE
1195,2017,FAITHWAITE,GRETI,1,6,6,6,24,,,NE
1196,2017,FAITHWAITE,GRETI,1,9,8,3,19,,,NE
1197,2017,FAITHWAITE,PIEFL,1,7,7,0,33,,,JP
1198,2017,BROADWOOD WRAY,BLUTI,1,11,9,9,23,,,NE
1199,2017,BROADWOOD WRAY,BLUTI,1,10,9,0,11,,,JP
1200,2017,BROADWOOD WRAY,BLUTI,1,12,12,11,23,,,NE
1201,2017,BROADWOOD WRAY,BLUTI,1,11,10,9,24,,,NE
1202,2017,BROADWOOD WRAY,BLUTI,1,11,10,10,20,,,NE
1203,2017,BROADWOOD WRAY,BLUTI,1,5,5,5,22,,,NE
1204,2017,BROADWOOD WRAY,BLUTI,1,12,12,12,17,,,NE
1205,2017,BROADWOOD WRAY,BLUTI,1,7,7,5,45,,,NE
1206,2017,BROADWOOD WRAY,BLUTI,1,8,7,7,25,,,NE
1207,2017,BROADWOOD WRAY,BLUTI,1,11,11,11,12,,,NE
1208,2017,BROADWOOD WRAY,GRETI,1,6,6,6,20,,,NE
1209,2017,BROADWOOD WRAY,GRETI,1,6,6,3,21,,,NE
1210,2017,BROADWOOD WRAY,GRETI,1,5,5,5,22,,,NE
1211,2017,BROADWOOD WRAY,GRETI,1,6,4,4,23,,,NE
1212,2017,BROADWOOD WRAY,GRETI,1,7,7,7,15,,,NE
1213,2017,BROADWOOD WRAY,GRETI,1,7,7,7,22,,,NE
1214,2017,BROADWOOD WRAY,GRETI,1,8,8,8,14,,,NE
1215,2017,BROADWOOD WRAY,NUTHA,1,6,6,6,21,,,NE
1216,2017,BROADWOOD WRAY,PIEFL,1,7,7,6,40,,,NE
1217,2017,DEEP GILL,BLUTI,1,9,7,1,18,,,NE
1218,2017,DEEP GILL,BLUTI,1,8,0,0,31,,,ED
1219,2017,DEEP GILL,GRETI,1,11,0,0,22,,,ED
1220,2017,DEEP GILL,GRETI,1,6,6,0,55,,,JD
1221,2017,DEEP GILL,PIEFL,1,8,8,7,34,,,NE
1222,2017,DEEPCLOUGH,BLUTI,1,8,7,7,39,,,NE
1223,2017,DEEPCLOUGH,BLUTI,1,10,8,8,28,,,NE
1224,2017,DEEPCLOUGH,BLUTI,1,8,8,7,32,,,NE
1225,2017,DEEPCLOUGH,BLUTI,1,10,10,10,23,,,NE
1226,2017,DEEPCLOUGH,BLUTI,1,12,12,12,20,,,NE
1227,2017,DEEPCLOUGH,GRETI,1,10,10,10,18,,,NE
1228,2017,DEEPCLOUGH,GRETI,1,6,0,0,57,,,ED
1229,2017,DEEPCLOUGH,GRETI,1,9,4,4,25,,,NE
1230,2017,DEEPCLOUGH,GRETI,1,9,6,4,26,,,NE
1231,2017,DEEPCLOUGH,PIEFL,1,7,7,7,40,,,NE
1232,2017,TROWBARROW,BLUTI,1,10,10,8,23,,,NE
1233,2017,TROWBARROW,BLUTI,1,9,9,0,13,,,JP
1234,2017,TROWBARROW,BLUTI,1,8,7,6,23,,,NE
1235,2017,TROWBARROW,BLUTI,1,11,0,0,13,,,ED
1236,2017,TROWBARROW,BLUTI,1,8,7,2,34,,,NE
1237,2017,TROWBARROW,BLUTI,1,6,6,0,32,,,JD
1238,2017,TROWBARROW,BLUTI,1,9,8,8,16,,,NE
1239,2017,TROWBARROW,BLUTI,1,9,0,0,26,,,ED
1240,2017,TROWBARROW,BLUTI,1,12,5,1,14,,,NE
1241,2017,TROWBARROW,BLUTI,1,10,0,0,25,,,ED
1242,2017,TROWBARROW,BLUTI,1,7,6,4,22,,,NE
1243,2017,TROWBARROW,BLUTI,1,8,8,0,26,,,JD
1244,2017,TROWBARROW,BLUTI,1,11,11,11,16,,,NE
1245,2017,TROWBARROW,BLUTI,1,12,8,4,18,,,NE
1246,2017,TROWBARROW,BLUTI,1,5,5,4,16,,,NE
1247,2017,TROWBARROW,GRETI,1,6,6,0,23,,,JD
1248,2017,TROWBARROW,GRETI,1,7,7,5,22,,,NE
1249,2017,TROWBARROW,GRETI,1,6,5,4,18,,,NE
1250,2017,TROWBARROW,GRETI,1,6,5,4,14,,,NE
1251,2017,TROWBARROW,GRETI,1,7,7,5,13,,,NE
1252,2017,TROWBARROW,GRETI,1,9,9,0,34,,,JD
1253,2017,TROWBARROW,GRETI,1,6,6,6,22,,,NE
1254,2017,TROWBARROW,GRETI,1,7,7,3,15,,,NE
1255,2017,TROWBARROW,GRETI,1,6,6,0,26,,,JD
1256,2017,TROWBARROW,GRETI,1,7,5,4,25,,,NE
1257,2017,TROWBARROW,GRETI,1,7,7,1,21,,,NE
1258,2017,TROWBARROW,GRETI,1,6,6,0,33,,,JD
1259,2017,TROWBARROW,GRETI,1,7,7,0,32,,,JD
1260,2017,TROWBARROW,GRETI,1,7,6,0,13,,,JD
1261,2017,TROWBARROW,GRETI,1,9,9,4,10,,,NE
1262,2017,TROWBARROW,GRETI,1,6,6,3,8,,,NE
1263,2017,TROWBARROW,GRETI,1,4,3,0,23,,,JD
1264,2017,TROWBARROW,NUTHA,1,5,0,0,22,,,ED
1265,2017,TROWBARROW,NUTHA,1,7,7,0,13,,,JD
1266,2017,TROWBARROW,NUTHA,1,7,7,3,13,,,NE
1267,2017,TROWBARROW,NUTHA,1,6,6,6,19,,,NE
1268,2017,TROWBARROW,NUTHA,1,6,6,6,19,,,NE
1269,2017,WARTON CRAG,BLUTI,1,8,0,0,18,,,ED
1270,2017,WARTON CRAG,BLUTI,1,8,7,7,30,,,NE
1271,2017,WARTON CRAG,BLUTI,1,7,0,0,30,,,EP
1272,2017,WARTON CRAG,BLUTI,1,10,9,6,23,,,NE
1273,2017,WARTON CRAG,BLUTI,1,9,8,8,18,,,NE
1274,2017,WARTON CRAG,BLUTI,1,9,9,8,28,,,NE
1275,2017,WARTON CRAG,BLUTI,1,7,0,0,24,,,EP
1276,2017,WARTON CRAG,BLUTI,1,9,0,0,21,,,ED
1277,2017,WARTON CRAG,BLUTI,1,8,7,3,25,,,NE
1278,2017,WARTON CRAG,BLUTI,1,8,7,7,31,,,NE
1279,2017,WARTON CRAG,BLUTI,1,7,6,4,25,,,NE
1280,2017,WARTON CRAG,BLUTI,1,8,0,0,30,,,ED
1281,2017,WARTON CRAG,GRETI,1,6,0,0,23,,,ED
1282,2017,WARTON CRAG,GRETI,1,6,6,6,24,,,NE
1283,2017,WARTON CRAG,GRETI,1,7,7,5,12,,,NE
1284,2017,WARTON CRAG,GRETI,1,6,0,0,32,,,ED
1285,2017,WARTON CRAG,GRETI,1,5,4,3,29,,,NE
1286,2017,WARTON CRAG,GRETI,1,7,7,7,23,,,NE
1287,2017,WARTON CRAG,GRETI,1,7,0,0,24,,,ED
1288,2017,WARTON CRAG,GRETI,1,7,7,0,45,,,JD
1289,2017,WARTON CRAG,GRETI,1,8,8,0,21,,,JD
1290,2017,WARTON CRAG,GRETI,1,5,4,4,24,,,NE
1291,2017,WARTON CRAG,GRETI,1,6,5,5,23,,,NE
1292,2017,WARTON CRAG,GRETI,1,5,0,0,23,,,ED
1293,2017,WARTON CRAG,GRETI,1,8,8,0,8,,,JD
1294,2017,WARTON CRAG,GRETI,1,9,7,4,20,,,NE
1295,2017,WARTON CRAG,GRETI,1,5,5,2,23,,,NE
1296,2017,WARTON CRAG,GRETI,1,7,7,0,15,,,JD
1297,2017,EAVES,BLUTI,1,9,8,4,18,,,NE
1298,2017,EAVES,BLUTI,1,8,7,0,21,,,JD
1299,2017,EAVES,BLUTI,1,6,6,0,20,,,JD
1300,2017,EAVES,BLUTI,1,7,6,6,24,,,NE
1301,2017,EAVES,BLUTI,1,9,8,6,19,,,NE
1302,2017,EAVES,GRETI,1,6,6,1,19,,,NE
1303,2017,EAVES,GRETI,1,5,3,2,21,,,NE
1304,2017,EAVES,GRETI,1,4,3,1,32,,,NE
1305,2017,EAVES,GRETI,1,8,7,1,20,,,NE
1306,2017,EAVES,GRETI,1,9,7,0,15,,,JP
1307,2017,EAVES,GRETI,1,6,6,4,19,,,NE
1308,2017,EAVES,GRETI,1,7,6,0,21,,,JD
1309,2017,EAVES,GRETI,1,8,0,0,13,,,ED
1310,2017,EAVES,GRETI,1,7,7,5,20,,,NE
1311,2017,EAVES,NUTHA,1,7,7,6,14,,,NE
1312,2017,BOTTOMS,BLUTI,1,8,7,6,32,,,NE
1313,2017,BOTTOMS,GRETI,1,7,6,0,16,,,JD
1314,2017,BOTTOMS,GRETI,1,6,6,4,11,,,NE
1315,2017,BOTTOMS,NUTHA,1,7,6,2,16,,,NE
1316,2017,BOTTOMS,MARTI,1,9,8,0,8,,,JD
1317,2017,BOTTOMS,MARTI,1,8,4,2,11,,,NE
1318,2017,WATERSLACK,BLUTI,1,9,5,5,21,,,NE
1319,2017,WATERSLACK,BLUTI,1,9,8,0,31,,,JD
1320,2017,WATERSLACK,BLUTI,1,10,8,0,19,,,JD
1321,2017,WATERSLACK,GRETI,1,4,3,3,22,,,NE
1322,2017,WATERSLACK,GRETI,1,5,5,1,23,,,NE
1323,2017,WATERSLACK,GRETI,1,6,6,0,24,,,JD
1324,2017,WATERSLACK,GRETI,1,3,0,0,24,,,ED
1325,2017,WATERSLACK,GRETI,1,6,4,1,19,,,NE
1326,2017,WATERSLACK,GRETI,1,5,5,4,31,,,NE
1327,2017,WATERSLACK,GRETI,1,5,0,0,36,,,ED
1328,2017,WATERSLACK,GRETI,1,5,0,0,28,,,ED
1329,2017,WATERSLACK,GRETI,1,6,0,0,19,,,ED
1330,2017,WATERSLACK,GRETI,1,4,0,0,21,,,ED
1331,2017,WATERSLACK,GRETI,1,3,0,0,37,,,ED
1332,2017,WATERSLACK,GRETI,1,2,0,0,24,,,ED
1333,2017,WATERSLACK,GRETI,1,3,0,0,32,,,ED
1334,2017,WATERSLACK,GRETI,1,6,6,2,19,,,NE
1335,2017,WATERSLACK,GRETI,1,6,6,0,15,,,JD
1336,2017,WATERSLACK,NUTHA,1,7,6,6,23,,,NE
1337,2017,YEALAND,BLUTI,1,6,4,0,37,,,JD
1338,2017,YEALAND,BLUTI,1,7,7,6,24,,,NE
1339,2017,YEALAND,BLUTI,1,7,6,6,23,,,NE
1340,2017,YEALAND,BLUTI,1,9,8,8,24,,,NE
1341,2017,YEALAND,BLUTI,1,8,6,6,18,,,NE
1342,2017,YEALAND,BLUTI,1,6,6,0,26,,,JP
1343,2017,YEALAND,BLUTI,1,11,10,8,19,,,NE
1344,2017,YEALAND,BLUTI,1,8,8,8,19,,,NE
1345,2017,YEALAND,BLUTI,1,10,10,9,18,,,NE
1346,2017,YEALAND,BLUTI,1,8,8,4,30,,,NE
1347,2017,YEALAND,BLUTI,1,7,7,5,37,,,NE
1348,2017,YEALAND,BLUTI,1,10,10,9,17,,,NE
1349,2017,YEALAND,BLUTI,1,9,9,6,19,,,NE
1350,2017,YEALAND,BLUTI,1,9,9,7,17,,,NE
1351,2017,YEALAND,BLUTI,1,11,10,1,16,,,NE
1352,2017,YEALAND,GRETI,1,4,4,1,32,,,NE
1353,2017,YEALAND,GRETI,1,4,4,4,30,,,NE
1354,2017,YEALAND,GRETI,1,5,5,0,18,,,JD
1355,2017,YEALAND,GRETI,1,4,4,4,26,,,NE
1356,2017,YEALAND,GRETI,1,6,6,6,24,,,NE
1357,2017,YEALAND,GRETI,1,6,6,6,26,,,NE
1358,2017,YEALAND,GRETI,1,8,8,5,34,,,NE
1359,2017,YEALAND,GRETI,1,7,5,5,26,,,NE
1360,2017,YEALAND,GRETI,1,4,4,4,25,,,NE
1361,2017,YEALAND,GRETI,1,8,8,0,32,,,JD
1362,2017,YEALAND,GRETI,1,8,8,8,19,,,NE
1363,2017,YEALAND,GRETI,1,6,6,6,21,,,NE
1364,2017,YEALAND,GRETI,1,8,8,8,23,,,NE
1365,2017,YEALAND,GRETI,1,7,7,7,26,,,NE
1366,2017,YEALAND,GRETI,1,8,8,6,13,,,NE
1367,2017,YEALAND,GRETI,1,8,8,6,25,,,NE
1368,2017,YEALAND,GRETI,1,7,7,0,33,,,JD
1369,2017,YEALAND,GRETI,1,5,3,4,22,,,NE
1370,2017,YEALAND,GRETI,1,7,0,0,40,,,ED
1371,2017,YEALAND,GRETI,1,4,4,4,26,,,NE
1372,2017,YEALAND,GRETI,1,3,0,0,12,,,EP
1373,2017,YEALAND,GRETI,1,6,6,4,17,,,NE
1374,2017,YEALAND,NUTHA,1,,0,0,26,,,ED
1375,2017,MYERS,BLUTI,1,7,7,6,23,,,NE
1376,2017,MYERS,BLUTI,1,7,7,7,15,,,NE
1377,2017,MYERS,BLUTI,1,7,7,5,26,,,NE
1378,2017,MYERS,BLUTI,1,8,8,7,26,,,NE
1379,2017,MYERS,BLUTI,1,4,3,2,22,,,NE
1380,2017,MYERS,BLUTI,1,8,7,5,25,,,NE
1381,2017,MYERS,BLUTI,1,9,9,9,17,,,NE
1382,2017,MYERS,BLUTI,1,9,8,8,20,,,NE
1383,2017,MYERS,BLUTI,1,10,0,0,25,,,EP
1384,2017,MYERS,BLUTI,1,9,8,3,29,,,NE
1385,2017,MYERS,BLUTI,1,8,8,6,16,,,NE
1386,2017,MYERS,BLUTI,1,6,6,6,23,,,NE
1387,2017,MYERS,BLUTI,1,9,5,2,20,,,NE
1388,2017,MYERS,BLUTI,1,4,4,3,28,,,NE
1389,2017,MYERS,BLUTI,1,9,9,9,23,,,NE
1390,2017,MYERS,BLUTI,1,8,7,6,18,,,NE
1391,2017,MYERS,BLUTI,1,8,7,7,29,,,NE
1392,2017,MYERS,BLUTI,1,9,8,6,21,,,NE
1393,2017,MYERS,NUTHA,1,5,5,5,19,,,NE
1394,2017,MYERS,NUTHA,1,8,8,6,19,,,NE
1395,2017,MYERS,NUTHA,1,6,0,0,22,,,ED
1396,2017,MYERS,GRETI,1,7,7,7,19,,,NE
1397,2017,MYERS,GRETI,1,4,4,0,26,,,JP
1398,2017,MYERS,GRETI,1,6,4,4,13,,,NE
1399,2017,MYERS,GRETI,1,3,3,2,31,,,NE
1400,2017,MYERS,GRETI,1,5,4,0,21,,,JP
1401,2017,MYERS,GRETI,1,8,7,6,20,,,NE
1402,2017,MYERS,GRETI,1,7,7,7,18,,,NE
1403,2017,MYERS,GRETI,1,6,6,0,12,,,JP
1404,2017,MYERS,GRETI,1,7,0,0,17,,,EP
1405,2017,MYERS,GRETI,1,7,0,0,39,,,ED
1406,2017,MYERS,GRETI,1,2,0,0,10,,,EP
1407,2018,MIDDLE,BLUTI,1,6,0,0,26,,,EP
1408,2018,MIDDLE,BLUTI,1,12,0,0,26,,,EP
1409,2018,MIDDLE,BLUTI,1,11,0,0,25,,,EP
1410,2018,MIDDLE,BLUTI,1,,0,0,31,,,ED
1411,2018,MIDDLE,BLUTI,1,10,0,0,24,,,ED
1412,2018,MIDDLE,BLUTI,1,10,10,0,26,,,JP
1413,2018,MIDDLE,BLUTI,1,9,0,0,31,,,JP
1414,2018,MIDDLE,BLUTI,1,11,0,0,28,,,JP
1415,2018,MIDDLE,BLUTI,1,12,0,0,24,,,EP
1416,2018,MIDDLE,BLUTI,1,10,0,0,28,,,EP
1417,2018,MIDDLE,BLUTI,1,15,0,0,23,,,ED
1418,2018,MIDDLE,BLUTI,1,9,0,0,29,,,ED
1419,2018,MIDDLE,BLUTI,1,6,0,0,25,,,EP
1420,2018,MIDDLE,BLUTI,1,10,10,0,34,,,JD
1421,2018,MIDDLE,BLUTI,1,13,12,0,26,,,JP
1422,2018,MIDDLE,BLUTI,2,6,6,0,61,,,JP
1423,2018,MIDDLE,BLUTI,2,,0,0,61,,,ED
1424,2018,MIDDLE,GRETI,1,7,0,0,30,,,EP
1425,2018,MIDDLE,GRETI,1,6,5,0,27,,,JP
1426,2018,MIDDLE,GRETI,1,11,10,0,34,,,JP
1427,2018,MIDDLE,GRETI,1,8,8,8,31,,,NE
1428,2018,MIDDLE,GRETI,1,,0,0,33,,,ED
1429,2018,MIDDLE,GRETI,1,7,7,7,25,,,NE
1430,2018,MIDDLE,COATI,1,11,0,0,25,,,EP
1431,2018,MIDDLE,NUTHA,1,8,0,0,24,,,ED
1432,2018,MIDDLE,REDST,1,6,6,0,42,,,JP
1433,2018,MIDDLE,PIEFL,1,6,0,0,47,,,EP
1434,2018,MIDDLE,PIEFL,1,6,0,0,39,,,EP
1435,2018,MIDDLE,PIEFL,1,5,0,0,42,,,EP
1436,2018,MIDDLE,PIEFL,1,8,8,7,38,,,NE
1437,2018,MIDDLE,PIEFL,1,6,5,0,41,,,JP
1438,2018,MIDDLE,PIEFL,1,8,8,0,35,,,JP
1439,2018,MIDDLE,PIEFL,1,8,8,8,37,,,NE
1440,2018,MIDDLE,PIEFL,1,8,0,0,42,,,EP
1441,2018,MIDDLE,PIEFL,1,8,0,0,38,,,EP
1442,2018,MIDDLE,PIEFL,1,8,0,0,38,,,ED
1443,2018,MIDDLE,PIEFL,1,6,6,6,36,,,NE
1444,2018,MIDDLE,PIEFL,1,8,0,0,43,,,EP
1445,2018,BROADWOOD WRAY,BLUTI,1,8,7,7,26,,,NE
1446,2018,BROADWOOD WRAY,BLUTI,1,9,0,0,24,,,ED
1447,2018,BROADWOOD WRAY,BLUTI,1,8,8,0,25,,,JP
1448,2018,BROADWOOD WRAY,BLUTI,1,11,11,0,25,,,JP
1449,2018,BROADWOOD WRAY,BLUTI,1,11,11,10,20,,,NE
1450,2018,BROADWOOD WRAY,BLUTI,1,11,11,10,27,,,NE
1451,2018,BROADWOOD WRAY,BLUTI,1,10,0,0,29,,,ED
1452,2018,BROADWOOD WRAY,BLUTI,1,12,4,0,30,,,JD
1453,2018,BROADWOOD WRAY,BLUTI,1,8,8,0,33,,,JP
1454,2018,BROADWOOD WRAY,BLUTI,1,6,6,0,36,,,JP
1455,2018,BROADWOOD WRAY,GRETI,1,8,8,7,42,,,NE
1456,2018,BROADWOOD WRAY,GRETI,1,8,7,0,36,,,JP
1457,2018,BROADWOOD WRAY,GRETI,1,6,5,4,24,,,NE
1458,2018,BROADWOOD WRAY,GRETI,1,7,7,6,27,,,NE
1459,2018,BROADWOOD WRAY,GRETI,1,8,8,8,22,,,NE
1460,2018,BROADWOOD WRAY,GRETI,1,3,0,0,25,,,ED
1461,2018,BROADWOOD WRAY,GRETI,1,6,6,6,31,,,NE
1462,2018,BROADWOOD WRAY,GRETI,1,6,6,6,22,,,NE
1463,2018,BROADWOOD WRAY,GRETI,1,6,6,6,27,,,NE
1464,2018,BROADWOOD WRAY,GRETI,1,10,10,0,33,,,JP
1465,2018,BROADWOOD WRAY,PIEFL,1,,7,7,40,7,,NE
1466,2018,BROADWOOD WRAY,PIEFL,1,,0,0,43,,,EP
1467,2018,BROADWOOD WRAY,NUTHA,1,7,2,2,26,,,NE
1468,2018,BROADWOOD WRAY,REDST,1,7,7,0,31,,,JP
1469,2018,BROADWOOD WRAY,REDST,1,7,7,0,39,,,JP
1470,2018,CLAY,BLUTI,1,8,7,0,30,,,JP
1471,2018,CLAY,BLUTI,1,15,14,0,28,,,JP
1472,2018,CLAY,BLUTI,1,10,9,0,26,,,JP
1473,2018,CLAY,BLUTI,1,8,0,0,35,,,EP
1474,2018,CLAY,BLUTI,1,11,8,0,26,,,JP
1475,2018,CLAY,BLUTI,1,9,9,9,26,,,NE
1476,2018,CLAY,BLUTI,1,7,0,0,26,,,EP
1477,2018,CLAY,BLUTI,1,12,10,0,31,,,JP
1478,2018,CLAY,BLUTI,1,12,10,10,25,,,NE
1479,2018,CLAY,BLUTI,1,13,12,0,25,,,JD
1480,2018,CLAY,BLUTI,1,,0,0,26,,,ED
1481,2018,CLAY,BLUTI,1,8,8,0,35,,,JP
1482,2018,CLAY,BLUTI,1,12,11,0,28,,,JP
1483,2018,CLAY,BLUTI,1,12,12,0,25,,,JP
1484,2018,CLAY,BLUTI,1,11,0,0,28,,,EP
1485,2018,CLAY,BLUTI,1,12,12,0,27,,,JP
1486,2018,CLAY,BLUTI,1,11,0,0,28,,,ED
1487,2018,CLAY,BLUTI,2,,0,0,68,,,ED
1488,2018,CLAY,GRETI,1,6,6,0,36,,,JP
1489,2018,CLAY,GRETI,1,7,6,0,33,,,JP
1490,2018,CLAY,GRETI,1,10,9,9,26,,,NE
1491,2018,CLAY,GRETI,1,6,0,0,26,,,EP
1492,2018,CLAY,GRETI,1,8,7,0,26,,,JP
1493,2018,CLAY,GRETI,1,8,8,0,26,,,JP
1494,2018,CLAY,GRETI,1,8,5,0,33,,,JP
1495,2018,CLAY,GRETI,1,8,7,0,18,,,JP
1496,2018,CLAY,GRETI,1,5,8,4,28,,,NE
1497,2018,CLAY,COATI,1,8,8,0,39,,,JD
1498,2018,CLAY,PIEFL,1,8,7,7,38,,,NE
1499,2018,CLAY,PIEFL,1,8,0,0,41,,,EP
1500,2018,CLAY,PIEFL,1,8,0,0,39,,,EP
1501,2018,CLAY,PIEFL,1,5,0,0,66,,,EP
1502,2018,BLACKWOOD,BLUTI,1,8,8,4,29,,,NE
1503,2018,BLACKWOOD,BLUTI,1,10,9,0,28,,,JP
1504,2018,BLACKWOOD,BLUTI,1,11,0,0,27,,,ED
1505,2018,BLACKWOOD,BLUTI,1,7,7,0,33,,,JP
1506,2018,BLACKWOOD,GRETI,1,6,6,0,28,,,JP
1507,2018,BLACKWOOD,GRETI,1,7,7,6,27,,,NE
1508,2018,BLACKWOOD,GRETI,1,7,7,6,35,,,NE
1509,2018,BLACKWOOD,GRETI,1,7,6,6,27,,,NE
1510,2018,BLACKWOOD,GRETI,1,,0,0,33,,,ED
1511,2018,BLACKWOOD,PIEFL,1,8,8,7,41,,,NE
1512,2018,BLACKWOOD,PIEFL,1,8,8,0,43,,,JP
1513,2018,BOTTLEWOOD,BLUTI,1,11,11,0,32,,,JP
1514,2018,BOTTLEWOOD,BLUTI,1,,0,0,31,,,ED
1515,2018,BOTTLEWOOD,BLUTI,1,9,9,9,27,,,NE
1516,2018,BOTTLEWOOD,BLUTI,2,,0,0,54,,,ED
1517,2018,BOTTLEWOOD,GRETI,1,7,7,7,26,,,NE
1518,2018,BOTTLEWOOD,GRETI,1,6,0,0,47,,,ED
1519,2018,BOTTLEWOOD,GRETI,1,,0,0,33,,,ED
1520,2018,BOTTLEWOOD,PIEFL,1,7,7,6,39,,,NE
1521,2018,DEEPCLOUGH,BLUTI,1,9,8,7,36,,,NE
1522,2018,DEEPCLOUGH,BLUTI,1,12,10,10,26,,,NE
1523,2018,DEEPCLOUGH,BLUTI,1,8,8,1,47,,,NE
1524,2018,DEEPCLOUGH,BLUTI,1,9,8,8,38,,,NE
1525,2018,DEEPCLOUGH,BLUTI,1,10,9,8,32,,,NE
1526,2018,DEEPCLOUGH,GRETI,1,9,9,9,33,,,NE
1527,2018,DEEPCLOUGH,GRETI,1,8,8,3,37,,,NE
1528,2018,DEEPCLOUGH,GRETI,1,10,10,10,32,,,NE
1529,2018,DEEPCLOUGH,PIEFL,1,7,7,6,44,,,NE
1530,2018,TROWBARROW,BLUTI,1,8,8,0,22,,,JD
1531,2018,TROWBARROW,BLUTI,1,10,10,8,26,,,NE
1532,2018,TROWBARROW,BLUTI,1,11,11,11,25,,,NE
1533,2018,TROWBARROW,BLUTI,1,,0,0,38,,,ED
1534,2018,TROWBARROW,BLUTI,1,10,10,10,20,,,NE
1535,2018,TROWBARROW,BLUTI,1,9,0,0,23,,,ED
1536,2018,TROWBARROW,BLUTI,1,10,9,0,23,,,JP
1537,2018,TROWBARROW,BLUTI,1,10,7,7,23,,,NE
1538,2018,TROWBARROW,BLUTI,1,7,7,7,25,,,NE
1539,2018,TROWBARROW,BLUTI,1,6,4,0,34,,,JP
1540,2018,TROWBARROW,BLUTI,1,,0,0,32,,,ED
1541,2018,TROWBARROW,BLUTI,1,7,7,1,41,,,NE
1542,2018,TROWBARROW,GRETI,1,10,10,0,20,,,JD
1543,2018,TROWBARROW,GRETI,1,8,8,2,30,,,NE
1544,2018,TROWBARROW,GRETI,1,6,6,0,27,,,JP
1545,2018,TROWBARROW,GRETI,1,7,7,0,31,,,JD
1546,2018,TROWBARROW,GRETI,1,8,7,0,39,,,JP
1547,2018,TROWBARROW,GRETI,1,7,7,0,36,,,JD
1548,2018,TROWBARROW,GRETI,1,8,8,6,31,,,NE
1549,2018,TROWBARROW,GRETI,1,6,6,6,39,,,NE
1550,2018,TROWBARROW,GRETI,1,5,5,5,35,,,NE
1551,2018,TROWBARROW,GRETI,1,6,6,6,43,,,NE
1552,2018,TROWBARROW,GRETI,1,6,5,5,41,,,NE
1553,2018,TROWBARROW,GRETI,1,6,0,0,25,,,EP
1554,2018,TROWBARROW,GRETI,1,8,7,1,45,,,NE
1555,2018,TROWBARROW,GRETI,1,6,6,1,20,,,NE
1556,2018,TROWBARROW,GRETI,1,5,5,5,24,,,NE
1557,2018,TROWBARROW,GRETI,1,5,4,3,31,,,NE
1558,2018,TROWBARROW,GRETI,1,7,6,5,28,,,NE
1559,2018,TROWBARROW,GRETI,1,7,7,7,24,,,NE
1560,2018,TROWBARROW,GRETI,1,7,1,0,18,,,JD
1561,2018,TROWBARROW,GRETI,1,7,7,0,44,,,JP
1562,2018,TROWBARROW,GRETI,1,4,0,0,29,,,ED
1563,2018,TROWBARROW,GRETI,1,7,5,0,26,,,JP
1564,2018,TROWBARROW,GRETI,1,5,5,5,25,,,NE
1565,2018,TROWBARROW,GRETI,1,7,6,6,23,,,NE
1566,2018,TROWBARROW,GRETI,1,8,8,8,25,,,NE
1567,2018,TROWBARROW,GRETI,1,7,4,4,28,,,NE
1568,2018,TROWBARROW,NUTHA,1,7,7,6,26,,,NE
1569,2018,TROWBARROW,NUTHA,1,,0,0,38,,,ED
1570,2018,TROWBARROW,NUTHA,1,6,6,6,27,,,NE
1571,2018,TROWBARROW,COATI,1,10,10,10,19,,,NE
1572,2018,TROWBARROW,COATI,1,8,8,8,21,,,NE
1573,2018,TROWBARROW,MARTI,1,7,6,0,17,,,JD
1574,2018,WARTON CRAG,BLUTI,1,6,5,5,31,,,NE
1575,2018,WARTON CRAG,BLUTI,1,6,5,5,33,,,NE
1576,2018,WARTON CRAG,BLUTI,1,9,8,7,24,,,NE
1577,2018,WARTON CRAG,BLUTI,1,10,10,9,24,,,NE
1578,2018,WARTON CRAG,BLUTI,1,8,7,4,23,,,NE
1579,2018,WARTON CRAG,BLUTI,1,8,8,7,31,,,NE
1580,2018,WARTON CRAG,BLUTI,1,11,10,9,27,,,NE
1581,2018,WARTON CRAG,BLUTI,1,8,7,6,37,,,NE
1582,2018,WARTON CRAG,BLUTI,1,7,0,0,35,,,ED
1583,2018,WARTON CRAG,BLUTI,1,10,5,5,25,,,NE
1584,2018,WARTON CRAG,BLUTI,1,5,4,3,36,,,NE
1585,2018,WARTON CRAG,BLUTI,1,7,7,5,41,,,NE
1586,2018,WARTON CRAG,BLUTI,1,6,6,0,39,,,JD
1587,2018,WARTON CRAG,BLUTI,1,10,9,2,37,,,NE
1588,2018,WARTON CRAG,BLUTI,1,9,8,2,29,,,NE
1589,2018,WARTON CRAG,BLUTI,1,8,8,0,32,,,JD
1590,2018,WARTON CRAG,GRETI,1,7,0,0,34,,,ED
1591,2018,WARTON CRAG,GRETI,1,4,3,2,53,,,NE
1592,2018,WARTON CRAG,GRETI,1,8,8,6,31,,,NE
1593,2018,WARTON CRAG,GRETI,1,8,8,8,23,,,NE
1594,2018,WARTON CRAG,GRETI,1,6,6,6,26,,,NE
1595,2018,WARTON CRAG,GRETI,1,8,0,0,25,,,ED
1596,2018,WARTON CRAG,GRETI,1,5,5,5,31,,,NE
1597,2018,WARTON CRAG,GRETI,1,5,0,0,30,,,ED
1598,2018,WARTON CRAG,GRETI,1,4,3,3,23,,,NE
1599,2018,WARTON CRAG,GRETI,1,6,6,6,33,,,NE
1600,2018,WARTON CRAG,GRETI,1,5,5,5,24,,,NE
1601,2018,WARTON CRAG,GRETI,1,6,6,5,24,,,NE
1602,2018,WARTON CRAG,GRETI,1,5,0,0,41,,,ED
1603,2018,WARTON CRAG,GRETI,1,6,0,0,40,,,ED
1604,2018,WARTON CRAG,GRETI,1,7,7,6,30,,,NE
1605,2018,WARTON CRAG,GRETI,1,5,4,4,21,,,NE
1606,2018,WARTON CRAG,GRETI,1,6,6,6,28,,,NE
1607,2018,WARTON CRAG,GRETI,1,4,4,4,28,,,NE
1608,2018,WARTON CRAG,GRETI,1,7,5,0,40,,,JD
1609,2018,WARTON CRAG,GRETI,1,,0,0,38,,,ED
1610,2018,WARTON CRAG,GRETI,1,7,7,4,22,,,NE
1611,2018,EAVES,BLUTI,1,8,8,7,25,,,NE
1612,2018,EAVES,BLUTI,1,9,9,4,33,,,NE
1613,2018,EAVES,BLUTI,1,7,5,5,25,,,NE
1614,2018,EAVES,BLUTI,1,8,7,6,27,,,NE
1615,2018,EAVES,BLUTI,1,9,5,4,28,,,NE
1616,2018,EAVES,BLUTI,1,7,7,6,34,,,NE
1617,2018,EAVES,BLUTI,1,6,6,5,28,,,NE
1618,2018,EAVES,BLUTI,1,10,10,8,23,,,NE
1619,2018,EAVES,NUTHA,1,8,7,7,20,,,NE
1620,2018,EAVES,NUTHA,1,7,6,6,25,,,NE
1621,2018,EAVES,GRETI,1,7,6,0,28,,,JD
1622,2018,EAVES,GRETI,1,9,8,8,28,,,NE
1623,2018,EAVES,GRETI,1,,0,0,38,,,ED
1624,2018,EAVES,GRETI,1,4,0,0,22,,,ED
1625,2018,EAVES,GRETI,1,7,7,0,21,,,JD
1626,2018,EAVES,GRETI,1,7,6,6,30,,,NE
1627,2018,EAVES,GRETI,1,3,3,3,29,,,NE
1628,2018,EAVES,GRETI,1,7,7,0,23,,,JD
1629,2018,EAVES,GRETI,1,7,6,2,25,,,NE
1630,2018,EAVES,GRETI,1,7,7,4,26,,,NE
1631,2018,EAVES,GRETI,1,5,0,0,51,,,ED
1632,2018,EAVES,GRETI,1,7,0,0,37,,,ED
1633,2018,EAVES,GRETI,1,8,6,3,24,,,NE
1634,2018,EAVES,GRETI,1,8,6,6,24,,,NE
1635,2018,EAVES,GRETI,1,8,7,0,32,,,JD
1636,2018,WATERSLACK,BLUTI,1,7,6,0,29,,,JD
1637,2018,WATERSLACK,BLUTI,1,7,7,6,38,,,NE
1638,2018,WATERSLACK,BLUTI,1,8,8,8,25,,,NE
1639,2018,WATERSLACK,BLUTI,1,7,5,5,25,,,NE
1640,2018,WATERSLACK,BLUTI,1,9,9,9,31,,,NE
1641,2018,WATERSLACK,BLUTI,1,8,7,6,36,,,NE
1642,2018,WATERSLACK,GRETI,1,5,5,5,25,,,NE
1643,2018,WATERSLACK,GRETI,1,8,7,7,24,,,NE
1644,2018,WATERSLACK,GRETI,1,6,6,6,37,,,NE
1645,2018,WATERSLACK,GRETI,1,3,3,3,29,,,NE
1646,2018,WATERSLACK,GRETI,1,6,6,6,34,,,NE
1647,2018,WATERSLACK,GRETI,1,6,0,0,35,,,ED
1648,2018,WATERSLACK,GRETI,1,5,5,0,30,,,JD
1649,2018,WATERSLACK,GRETI,1,5,3,3,28,,,NE
1650,2018,WATERSLACK,GRETI,1,7,7,0,17,,,JD
1651,2018,BOTTOMS,BLUTI,1,10,9,9,23,,,NE
1652,2018,BOTTOMS,BLUTI,1,8,8,5,28,,,NE
1653,2018,BOTTOMS,BLUTI,1,9,9,9,25,,,NE
1654,2018,BOTTOMS,GRETI,1,5,5,0,21,,,JD
1655,2018,BOTTOMS,GRETI,1,5,4,2,37,,,NE
1656,2018,BOTTOMS,GRETI,1,7,6,3,21,,,NE
1657,2018,BOTTOMS,GRETI,1,8,8,0,15,,,JD
1658,2018,BOTTOMS,NUTHA,1,6,0,0,20,,,EP
1659,2018,BURTON,BLUTI,1,10,9,7,31,,,NE
1660,2018,BURTON,BLUTI,1,9,8,8,32,,,NE
1661,2018,BURTON,BLUTI,1,8,8,8,33,,,NE
1662,2018,BURTON,GRETI,1,4,3,1,29,,,NE
1663,2018,BURTON,COATI,1,11,11,7,17,,,NE
1664,2018,MYERS,BLUTI,1,9,1,6,31,,,NE
1665,2018,MYERS,BLUTI,1,6,6,5,27,,,NE
1666,2018,MYERS,BLUTI,1,5,5,5,29,,,NE
1667,2018,MYERS,BLUTI,1,8,8,6,23,,,NE
1668,2018,MYERS,BLUTI,1,6,6,5,25,,,NE
1669,2018,MYERS,BLUTI,1,7,7,7,25,,,NE
1670,2018,MYERS,BLUTI,1,8,8,4,24,,,NE
1671,2018,MYERS,BLUTI,1,9,8,7,28,,,NE
1672,2018,MYERS,BLUTI,1,7,7,3,19,,,NE
1673,2018,MYERS,BLUTI,1,8,8,4,25,,,NE
1674,2018,MYERS,BLUTI,1,5,5,4,27,,,NE
1675,2018,MYERS,BLUTI,1,6,6,0,24,,,JP
1676,2018,MYERS,BLUTI,1,7,6,0,37,,,JP
1677,2018,MYERS,BLUTI,1,9,9,9,24,,,NE
1678,2018,MYERS,BLUTI,1,9,0,0,24,,,ED
1679,2018,MYERS,BLUTI,1,6,6,5,25,,,NE
1680,2018,MYERS,BLUTI,1,10,10,5,24,,,NE
1681,2018,MYERS,BLUTI,1,6,6,6,29,,,NE
1682,2018,MYERS,BLUTI,1,8,8,4,25,,,NE
1683,2018,MYERS,GRETI,1,7,6,5,23,,,NE
1684,2018,MYERS,GRETI,1,5,3,3,22,,,NE
1685,2018,MYERS,GRETI,1,5,4,4,29,,,NE
1686,2018,MYERS,GRETI,1,8,8,8,24,,,NE
1687,2018,MYERS,GRETI,1,4,0,0,25,,,ED
1688,2018,MYERS,GRETI,1,6,6,5,22,,,NE
1689,2018,MYERS,GRETI,1,5,5,5,26,,,NE
1690,2018,MYERS,GRETI,1,5,5,3,43,,,NE
1691,2018,MYERS,GRETI,1,4,4,3,28,,,NE
1692,2018,MYERS,GRETI,1,7,7,5,26,,,NE
1693,2018,MYERS,NUTHA,1,4,4,4,20,,,NE
1694,2018,MYERS,NUTHA,1,5,0,0,22,,,ED
1695,2018,MYERS,NUTHA,1,6,6,6,24,,,NE
1696,2018,MYERS,NUTHA,1,7,7,7,32,,,NE
1697,2018,MYERS,MARTI,1,6,6,5,22,,,NE
1698,2018,MYERS,MARTI,1,5,5,5,26,,,NE
1699,2018,YEALAND,BLUTI,1,9,9,8,24,,,NE
1700,2018,YEALAND,BLUTI,1,8,8,7,23,,,NE
1701,2018,YEALAND,BLUTI,1,8,7,0,30,,,JD
1702,2018,YEALAND,BLUTI,1,8,8,8,25,,,NE
1703,2018,YEALAND,BLUTI,1,9,9,9,26,,,NE
1704,2018,YEALAND,BLUTI,1,9,9,4,26,,,NE
1705,2018,YEALAND,BLUTI,1,7,7,6,27,,,NE
1706,2018,YEALAND,BLUTI,1,10,9,2,26,,,NE
1707,2018,YEALAND,BLUTI,1,9,9,9,31,,,NE
1708,2018,YEALAND,BLUTI,1,7,7,5,46,,,NE
1709,2018,YEALAND,BLUTI,1,7,8,8,32,,,NE
1710,2018,YEALAND,BLUTI,1,10,0,0,31,,,ED
1711,2018,YEALAND,BLUTI,1,5,5,5,27,,,NE
1712,2018,YEALAND,BLUTI,1,6,6,5,26,,,NE
1713,2018,YEALAND,BLUTI,1,7,4,0,40,,,JD
1714,2018,YEALAND,BLUTI,1,4,4,4,30,,,NE
1715,2018,YEALAND,BLUTI,1,5,5,3,35,,,NE
1716,2018,YEALAND,BLUTI,1,9,9,7,24,,,NE
1717,2018,YEALAND,BLUTI,1,7,7,0,39,,,JP
1718,2018,YEALAND,BLUTI,1,8,7,5,26,,,NE
1719,2018,YEALAND,BLUTI,1,8,8,7,22,,,NE
1720,2018,YEALAND,BLUTI,1,5,5,0,32,,,JD
1721,2018,YEALAND,BLUTI,1,10,9,9,26,,,NE
1722,2018,YEALAND,GRETI,1,7,7,6,31,,,NE
1723,2018,YEALAND,GRETI,1,6,5,5,32,,,NE
1724,2018,YEALAND,GRETI,1,7,7,7,27,,,NE
1725,2018,YEALAND,GRETI,1,6,6,5,40,,,NE
1726,2018,YEALAND,GRETI,1,9,7,7,19,,,NE
1727,2018,YEALAND,GRETI,1,6,6,5,33,,,NE
1728,2018,YEALAND,GRETI,1,10,10,7,25,,,NE
1729,2018,YEALAND,GRETI,1,5,0,0,32,,,EP
1730,2018,YEALAND,GRETI,1,2,2,0,40,,,JD
1731,2018,YEALAND,GRETI,1,6,6,6,25,,,NE
1732,2018,YEALAND,GRETI,1,5,5,5,31,,,NE
1733,2018,YEALAND,GRETI,1,7,7,6,26,,,NE
1734,2018,YEALAND,GRETI,1,10,10,10,22,,,NE
1735,2018,YEALAND,GRETI,1,7,7,2,44,,,NE
1736,2018,YEALAND,GRETI,1,6,5,5,34,,,NE
1737,2018,YEALAND,GRETI,1,9,9,8,32,,,NE
1738,2018,YEALAND,GRETI,1,4,4,4,45,,,NE
1739,2018,YEALAND,GRETI,1,7,7,7,32,,,NE
1740,2018,YEALAND,GRETI,1,10,10,9,26,,,NE
1741,2018,YEALAND,GRETI,1,4,4,2,37,,,NE
1742,2018,YEALAND,GRETI,1,6,6,6,33,,,NE
1743,2018,YEALAND,GRETI,1,9,8,7,29,,,NE
1744,2018,YEALAND,GRETI,1,9,9,9,25,,,NE
1745,2018,YEALAND,GRETI,1,6,6,6,22,,,NE
1746,2018,YEALAND,NUTHA,1,5,5,4,27,,,NE
1747,2019,FAITHWAITE,BLUTI,1,11,11,10,26,,,NE
1748,2019,FAITHWAITE,BLUTI,1,9,7,0,30,,,JP
1749,2019,FAITHWAITE,BLUTI,1,9,0,0,21,,,ED
1750,2019,FAITHWAITE,BLUTI,1,8,8,8,18,,,NE
1751,2019,FAITHWAITE,BLUTI,1,9,9,9,22,,,NE
1752,2019,FAITHWAITE,BLUTI,1,10,9,9,26,,,NE
1753,2019,FAITHWAITE,BLUTI,1,8,6,4,36,,,NE
1754,2019,FAITHWAITE,BLUTI,1,11,11,0,22,,,JD
1755,2019,FAITHWAITE,BLUTI,1,6,0,0,22,,,ED
1756,2019,FAITHWAITE,BLUTI,1,12,10,0,21,,,JP
1757,2019,FAITHWAITE,BLUTI,1,9,9,0,17,,,JP
1758,2019,FAITHWAITE,BLUTI,1,12,11,11,17,,,NE
1759,2019,FAITHWAITE,BLUTI,1,13,11,0,12,,,JP
1760,2019,FAITHWAITE,BLUTI,1,12,12,0,21,,,JP
1761,2019,FAITHWAITE,GRETI,1,8,8,0,17,,,JP
1762,2019,FAITHWAITE,GRETI,1,10,10,10,22,,,NE
1763,2019,FAITHWAITE,GRETI,1,5,5,4,59,,,NE
1764,2019,FAITHWAITE,GRETI,1,,0,0,60,,,ED
1765,2019,FAITHWAITE,GRETI,1,7,6,5,25,,,NE
1766,2019,FAITHWAITE,GRETI,1,11,11,8,14,,,NE
1767,2019,FAITHWAITE,GRETI,1,10,10,10,22,,,NE
1768,2019,FAITHWAITE,GRETI,1,9,8,8,14,,,NE
1769,2019,FAITHWAITE,GRETI,1,12,11,11,13,,,NE
1770,2019,FAITHWAITE,PIEFL,1,8,8,3,29,,,NE
1771,2019,FAITHWAITE,PIEFL,1,8,0,0,10,,,EP
1772,2019,FAITHWAITE,PIEFL,1,5,5,0,29,,,JP
1773,2019,FAITHWAITE,PIEFL,1,8,8,7,29,,,NE
1774,2019,FAITHWAITE,PIEFL,1,7,7,5,44,,,NE
1775,2019,FAITHWAITE,PIEFL,1,8,8,5,12,,,NE
1776,2019,BELT,BLUTI,1,6,,,20,,,NE
1777,2019,BELT,GRETI,1,9,,,33,,,NE
1778,2019,BELT,GRETI,1,6,,,20,,,NE
1779,2019,BELT,GRETI,1,,0,0,29,,,ED
1780,2019,BELT,GRETI,1,7,,,21,,,NE
1781,2019,BELT,GRETI,1,8,,,21,,,NE
1782,2019,BELT,GRETI,1,,0,0,31,,,ED
1783,2019,BELT,GRETI,1,,0,0,31,,,ED
1784,2019,BELT,GRETI,1,,0,0,31,,,ED
1785,2019,BELT,GRETI,1,,0,0,38,,,EP
1786,2019,BELT,GRETI,1,,0,0,31,,,EP
1787,2019,BELT,PIEFL,1,,0,0,64,,,EP
1788,2019,BLACKWOOD,BLUTI,1,9,0,0,23,,,EP
1789,2019,BLACKWOOD,BLUTI,1,10,8,0,19,,,JP
1790,2019,BLACKWOOD,BLUTI,1,8,4,,38,,,NE
1791,2019,BLACKWOOD,BLUTI,1,6,0,0,30,,,EP
1792,2019,BLACKWOOD,BLUTI,1,7,0,0,24,,,EP
1793,2019,BLACKWOOD,GRETI,1,9,0,0,17,,,ED
1794,2019,BLACKWOOD,GRETI,1,10,9,9,22,,,NE
1795,2019,BLACKWOOD,GRETI,1,9,0,0,25,,,EP
1796,2019,BLACKWOOD,GRETI,1,,0,0,39,,,ED
1797,2019,BLACKWOOD,GRETI,1,5,0,0,39,,,EP
1798,2019,BLACKWOOD,PIEFL,1,7,0,0,50,,,EP
1799,2019,MIDDLE,BLUTI,1,11,0,0,14,,,EP
1800,2019,MIDDLE,BLUTI,1,12,11,,17,,,NE
1801,2019,MIDDLE,BLUTI,1,9,9,,25,,,NE
1802,2019,MIDDLE,BLUTI,1,7,0,0,15,,,ED
1803,2019,MIDDLE,BLUTI,1,11,10,,22,,,NE
1804,2019,MIDDLE,BLUTI,1,10,9,,21,,,NE
1805,2019,MIDDLE,BLUTI,1,9,8,,24,,,NE
1806,2019,MIDDLE,GRETI,1,9,7,,22,,,NE
1807,2019,MIDDLE,GRETI,1,12,12,,21,,,NE
1808,2019,MIDDLE,GRETI,1,10,10,,23,,,NE
1809,2019,MIDDLE,GRETI,1,8,6,,22,,,NE
1810,2019,MIDDLE,PIEFL,1,8,8,,40,,,NE
1811,2019,MIDDLE,PIEFL,1,8,8,,33,,,NE
1812,2019,MIDDLE,PIEFL,1,8,0,0,34,,,EP
1813,2019,MIDDLE,PIEFL,1,8,8,,31,,,NE
1814,2019,MIDDLE,PIEFL,1,8,0,0,48,,,EP
1815,2019,MIDDLE,PIEFL,1,6,5,,45,,,NE
1816,2019,MIDDLE,PIEFL,1,6,6,,46,,,NE
1817,2019,BROADWOOD WRAY,BLUTI,1,10,7,0,19,,,JP
1818,2019,BROADWOOD WRAY,BLUTI,1,8,0,0,12,,,ED
1819,2019,BROADWOOD WRAY,BLUTI,1,8,7,0,26,,,JD
1820,2019,BROADWOOD WRAY,BLUTI,1,14,11,11,16,,,NE
1821,2019,BROADWOOD WRAY,BLUTI,1,11,10,8,13,,,NE
1822,2019,BROADWOOD WRAY,BLUTI,1,,0,0,31,,,ED
1823,2019,BROADWOOD WRAY,BLUTI,1,9,8,5,39,,,NE
1824,2019,BROADWOOD WRAY,BLUTI,1,,0,0,18,,,ED
1825,2019,BROADWOOD WRAY,BLUTI,1,6,6,6,19,,,NE
1826,2019,BROADWOOD WRAY,GRETI,1,5,5,5,57,,,NE
1827,2019,BROADWOOD WRAY,GRETI,1,6,6,6,18,,,NE
1828,2019,BROADWOOD WRAY,GRETI,1,7,7,7,24,,,NE
1829,2019,BROADWOOD WRAY,GRETI,1,7,7,7,24,,,NE
1830,2019,BROADWOOD WRAY,GRETI,1,8,8,7,21,,,NE
1831,2019,BROADWOOD WRAY,GRETI,1,8,8,3,32,,,NE
1832,2019,BROADWOOD WRAY,PIEFL,1,6,6,4,46,,,NE
1833,2019,BROADWOOD WRAY,PIEFL,1,6,6,6,27,,,NE
1834,2019,DEEPCLOUGH,BLUTI,1,10,10,7,26,,,NE
1835,2019,DEEPCLOUGH,GRETI,1,10,10,10,25,,,NE
1836,2019,DEEPCLOUGH,GRETI,1,9,8,8,22,,,NE
1837,2019,DEEPCLOUGH,GRETI,1,7,7,7,26,,,NE
1838,2019,DEEPCLOUGH,PIEFL,1,6,5,5,46,,,NE
1839,2019,DEEPCLOUGH,PIEFL,1,7,6,6,45,,,NE
1840,2019,DEEPCLOUGH,PIEFL,1,7,0,0,37,,,EP
1841,2019,BANKS,BLUTI,1,4,0,0,26,,,ED
1842,2019,BANKS,BLUTI,1,9,9,9,28,,,NE
1843,2019,BANKS,GRETI,1,7,7,7,23,,,NE
1844,2019,BANKS,PIEFL,1,7,7,2,34,,,NE
1845,2019,BANKS,PIEFL,1,7,7,7,52,,,NE
1846,2019,BANKS,PIEFL,1,7,7,7,30,,,NE
1847,2019,SUMMERS,BLUTI,1,8,0,0,26,,,ED
1848,2019,SUMMERS,BLUTI,1,9,8,9,22,,,NE
1849,2019,SUMMERS,GRETI,1,7,7,6,24,,,NE
1850,2019,SUMMERS,PIEFL,1,6,6,5,45,,,NE
1851,2019,SUMMERS,PIEFL,1,7,7,6,30,,,NE
1852,2019,SUMMERS,PIEFL,1,7,7,7,30,,,NE
1853,2019,SUMMERS,PIEFL,1,7,6,6,36,,,NE
1854,2019,SUMMERS,PIEFL,1,7,7,6,45,,,NE
1855,2019,SUMMERS,PIEFL,1,8,8,7,31,,,NE
1856,2019,SUMMERS,PIEFL,1,7,7,4,34,,,NE
1857,2019,WARTON CRAG,BLUTI,1,11,9,3,29,,,NE
1858,2019,WARTON CRAG,BLUTI,1,7,7,0,23,,,JD
1859,2019,WARTON CRAG,BLUTI,1,6,6,5,26,,,NE
1860,2019,WARTON CRAG,BLUTI,1,8,7,0,22,,,JD
1861,2019,WARTON CRAG,BLUTI,1,9,9,8,16,,,NE
1862,2019,WARTON CRAG,BLUTI,1,9,8,7,25,,,NE
1863,2019,WARTON CRAG,BLUTI,1,8,8,7,26,,,NE
1864,2019,WARTON CRAG,BLUTI,1,10,9,2,26,,,NE
1865,2019,WARTON CRAG,BLUTI,1,9,8,0,27,,,JD
1866,2019,WARTON CRAG,BLUTI,1,8,7,0,31,,,JD
1867,2019,WARTON CRAG,BLUTI,1,4,3,2,25,,,NE
1868,2019,WARTON CRAG,BLUTI,1,10,9,6,23,,,NE
1869,2019,WARTON CRAG,BLUTI,1,9,0,0,21,,,ED
1870,2019,WARTON CRAG,BLUTI,1,10,9,5,25,,,NE
1871,2019,WARTON CRAG,BLUTI,1,6,5,4,24,,,NE
1872,2019,WARTON CRAG,BLUTI,1,9,8,7,26,,,NE
1873,2019,WARTON CRAG,BLUTI,1,5,0,0,24,,,ED
1874,2019,WARTON CRAG,GRETI,1,6,6,3,47,,,NE
1875,2019,WARTON CRAG,GRETI,1,7,6,4,24,,,NE
1876,2019,WARTON CRAG,GRETI,1,4,0,0,25,,,ED
1877,2019,WARTON CRAG,GRETI,1,8,7,4,22,,,NE
1878,2019,WARTON CRAG,GRETI,1,8,8,5,26,,,NE
1879,2019,WARTON CRAG,GRETI,1,5,5,5,24,,,NE
1880,2019,WARTON CRAG,GRETI,1,6,5,5,23,,,NE
1881,2019,WARTON CRAG,GRETI,1,5,3,3,15,,,NE
1882,2019,WARTON CRAG,GRETI,1,5,5,5,26,,,NE
1883,2019,WARTON CRAG,GRETI,1,7,7,3,20,,,NE
1884,2019,WARTON CRAG,GRETI,1,6,0,0,22,,,ED
1885,2019,WARTON CRAG,GRETI,1,8,8,0,27,,,JD
1886,2019,WARTON CRAG,GRETI,1,6,6,6,22,,,NE
1887,2019,WARTON CRAG,GRETI,1,4,4,3,14,,,NE
1888,2019,WARTON CRAG,GRETI,1,7,7,4,15,,,NE
1889,2019,WARTON CRAG,MARTI,1,7,7,3,19,,,NE
1890,2019,WARTON CRAG,MARTI,1,7,7,7,19,,,NE
1891,2019,TROWBARROW,BLUTI,1,9,7,7,23,,,NE
1892,2019,TROWBARROW,BLUTI,1,8,7,4,38,,,NE
1893,2019,TROWBARROW,BLUTI,1,,0,0,39,,,ED
1894,2019,TROWBARROW,BLUTI,1,8,6,3,29,,,NE
1895,2019,TROWBARROW,BLUTI,1,,0,0,45,,,ED
1896,2019,TROWBARROW,BLUTI,1,9,8,7,29,,,NE
1897,2019,TROWBARROW,BLUTI,1,9,9,9,17,,,NE
1898,2019,TROWBARROW,BLUTI,1,7,7,7,23,,,NE
1899,2019,TROWBARROW,BLUTI,1,9,0,0,21,,,ED
1900,2019,TROWBARROW,BLUTI,1,7,3,3,23,,,NE
1901,2019,TROWBARROW,BLUTI,1,11,11,6,17,,,NE
1902,2019,TROWBARROW,BLUTI,1,9,0,0,26,,,ED
1903,2019,TROWBARROW,BLUTI,1,7,0,0,18,,,ED
1904,2019,TROWBARROW,BLUTI,1,8,5,5,24,,,NE
1905,2019,TROWBARROW,BLUTI,1,6,4,4,23,,,NE
1906,2019,TROWBARROW,GRETI,1,6,3,3,28,,,NE
1907,2019,TROWBARROW,GRETI,1,8,8,5,22,,,NE
1908,2019,TROWBARROW,GRETI,1,8,8,0,24,,,JD
1909,2019,TROWBARROW,GRETI,1,5,5,5,21,,,NE
1910,2019,TROWBARROW,GRETI,1,6,0,0,34,,,ED
1911,2019,TROWBARROW,GRETI,1,,0,0,24,,,ED
1912,2019,TROWBARROW,GRETI,1,6,6,0,23,,,JD
1913,2019,TROWBARROW,GRETI,1,7,7,7,13,,,NE
1914,2019,TROWBARROW,GRETI,1,8,8,8,23,,,NE
1915,2019,TROWBARROW,GRETI,1,6,6,6,22,,,NE
1916,2019,TROWBARROW,GRETI,1,6,6,6,24,,,NE
1917,2019,TROWBARROW,GRETI,1,8,8,7,13,,,NE
1918,2019,TROWBARROW,GRETI,1,5,5,0,24,,,JD
1919,2019,TROWBARROW,GRETI,1,8,6,0,25,,,JD
1920,2019,TROWBARROW,GRETI,1,8,8,6,22,,,NE
1921,2019,TROWBARROW,GRETI,1,7,7,0,22,,,JP
1922,2019,TROWBARROW,GRETI,1,,0,0,24,,,ED
1923,2019,TROWBARROW,GRETI,1,4,4,0,29,,,JD
1924,2019,TROWBARROW,GRETI,1,8,8,4,25,,,NE
1925,2019,TROWBARROW,GRETI,1,9,9,6,28,,,NE
1926,2019,TROWBARROW,GRETI,1,8,7,7,15,,,NE
1927,2019,TROWBARROW,GRETI,1,7,7,5,27,,,NE
1928,2019,TROWBARROW,MARTI,1,7,7,7,14,,,NE
1929,2019,TROWBARROW,MARTI,1,7,7,7,11,,,NE
1930,2019,TROWBARROW,COATI,1,12,12,12,8,,,NE
1931,2019,TROWBARROW,NUTHA,1,7,7,4,17,,,NE
1932,2019,TROWBARROW,NUTHA,1,6,6,6,20,,,NE
1933,2019,TROWBARROW,NUTHA,1,6,6,6,18,,,NE
1934,2019,TROWBARROW,NUTHA,1,7,7,7,21,,,NE
1935,2019,TROWBARROW,NUTHA,1,,0,0,32,,,ED
1936,2019,TROWBARROW,NUTHA,1,,0,0,21,,,ED
1937,2019,WATERSLACK,BLUTI,1,6,4,4,15,,,NE
1938,2019,WATERSLACK,BLUTI,1,10,10,10,22,,,NE
1939,2019,WATERSLACK,BLUTI,1,8,7,0,21,,,JP
1940,2019,WATERSLACK,BLUTI,1,7,0,0,24,,,ED
1941,2019,WATERSLACK,BLUTI,1,9,0,0,24,,,ED
1942,2019,WATERSLACK,BLUTI,1,8,7,1,24,,,NE
1943,2019,WATERSLACK,BLUTI,1,9,8,8,21,,,NE
1944,2019,WATERSLACK,BLUTI,1,11,11,8,14,,,NE
1945,2019,WATERSLACK,GRETI,1,5,5,0,10,,,JD
1946,2019,WATERSLACK,GRETI,1,5,4,4,21,,,NE
1947,2019,WATERSLACK,GRETI,1,,0,0,22,,,ED
1948,2019,WATERSLACK,GRETI,1,7,0,0,29,,,ED
1949,2019,WATERSLACK,GRETI,1,6,5,5,26,,,NE
1950,2019,WATERSLACK,GRETI,1,8,8,4,39,,,NE
1951,2019,WATERSLACK,GRETI,1,9,0,0,13,,,ED
1952,2019,WATERSLACK,GRETI,1,7,7,6,19,,,NE
1953,2019,WATERSLACK,GRETI,1,6,6,0,22,,,JP
1954,2019,WATERSLACK,GRETI,1,,0,0,28,,,ED
1955,2019,EAVES,BLUTI,1,8,0,0,22,,,ED
1956,2019,EAVES,BLUTI,1,7,7,2,36,,,NE
1957,2019,EAVES,BLUTI,1,10,6,6,23,,,NE
1958,2019,EAVES,BLUTI,1,9,9,8,21,,,NE
1959,2019,EAVES,BLUTI,1,6,0,0,24,,,ED
1960,2019,EAVES,BLUTI,1,10,10,0,18,,,JD
1961,2019,EAVES,BLUTI,1,9,6,4,19,,,NE
1962,2019,EAVES,BLUTI,1,9,9,9,16,,,NE
1963,2019,EAVES,BLUTI,1,15,0,0,17,,,ED
1964,2019,EAVES,BLUTI,1,9,0,0,21,,,ED
1965,2019,EAVES,BLUTI,1,6,0,0,28,,,ED
1966,2019,EAVES,BLUTI,1,6,6,2,27,,,NE
1967,2019,EAVES,NUTHA,1,6,6,6,19,,,NE
1968,2019,EAVES,GRETI,1,5,5,4,33,,,NE
1969,2019,EAVES,GRETI,1,8,7,3,35,,,NE
1970,2019,EAVES,GRETI,1,7,7,5,15,,,NE
1971,2019,EAVES,GRETI,1,5,0,0,16,,,ED
1972,2019,EAVES,GRETI,1,,0,0,37,,,ED
1973,2019,EAVES,GRETI,1,7,7,7,18,,,NE
1974,2019,EAVES,GRETI,1,7,0,0,12,,,ED
1975,2019,EAVES,GRETI,1,7,7,3,31,,,NE
1976,2019,EAVES,GRETI,1,5,5,4,33,,,NE
1977,2019,EAVES,GRETI,1,7,6,5,19,,,NE
1978,2019,EAVES,GRETI,1,6,5,4,20,,,NE
1979,2019,EAVES,GRETI,1,,0,0,15,,,ED
1980,2019,EAVES,NUTHA,1,7,7,5,21,,,NE
1981,2019,EAVES,NUTHA,1,8,0,0,13,,,EP
1982,2019,EAVES,NUTHA,2,5,4,3,40,,,NE
1983,2019,BURTON,BLUTI,1,10,9,9,18,,,NE
1984,2019,BURTON,BLUTI,1,10,10,4,23,,,NE
1985,2019,BURTON,BLUTI,1,7,7,7,26,,,NE
1986,2019,BURTON,BLUTI,1,6,6,6,24,,,NE
1987,2019,BURTON,BLUTI,1,10,10,0,24,,,JD
1988,2019,BURTON,BLUTI,1,10,5,4,21,,,NE
1989,2019,BURTON,BLUTI,1,7,7,0,26,,,JD
1990,2019,BURTON,GRETI,1,6,6,0,24,,,JP
1991,2019,BURTON,GRETI,1,8,0,0,16,,,ED
1992,2019,BURTON,GRETI,1,8,0,0,30,,,ED
1993,2019,BURTON,COATI,1,9,9,8,9,,,NE
1994,2019,BURTON,COATI,1,9,9,9,8,,,NE
1995,2019,YEALAND,GRETI,1,7,6,0,14,,,JD
1996,2019,YEALAND,GRETI,1,7,7,6,21,,,NE
1997,2019,YEALAND,GRETI,1,9,8,7,14,,,NE
1998,2019,YEALAND,GRETI,1,6,6,6,26,,,NE
1999,2019,YEALAND,GRETI,1,6,6,6,26,,,NE
2000,2019,YEALAND,GRETI,1,8,7,6,16,,,NE
2001,2019,YEALAND,GRETI,1,9,9,6,23,,,NE
2002,2019,YEALAND,GRETI,1,10,10,8,17,,,NE
2003,2019,YEALAND,GRETI,1,6,6,0,25,,,JD
2004,2019,YEALAND,GRETI,1,6,6,0,14,,,JD
2005,2019,YEALAND,GRETI,1,7,7,4,21,,,NE
2006,2019,YEALAND,GRETI,1,7,0,0,21,,,ED
2007,2019,YEALAND,GRETI,1,7,1,1,30,,,NE
2008,2019,YEALAND,GRETI,1,6,6,0,25,,,JD
2009,2019,YEALAND,GRETI,1,7,7,2,13,,,NE
2010,2019,YEALAND,GRETI,1,5,5,5,14,,,NE
2011,2019,YEALAND,BLUTI,1,7,7,7,17,,,NE
2012,2019,YEALAND,BLUTI,1,8,7,7,21,,,NE
2013,2019,YEALAND,BLUTI,1,10,10,8,15,,,NE
2014,2019,YEALAND,BLUTI,1,9,9,9,20,,,NE
2015,2019,YEALAND,BLUTI,1,6,6,6,13,,,NE
2016,2019,YEALAND,BLUTI,1,11,11,9,17,,,NE
2017,2019,YEALAND,BLUTI,1,8,7,6,22,,,NE
2018,2019,YEALAND,BLUTI,1,9,9,9,18,,,NE
2019,2019,YEALAND,BLUTI,1,8,8,8,15,,,NE
2020,2019,YEALAND,BLUTI,1,7,7,7,17,,,NE
2021,2019,YEALAND,BLUTI,1,8,8,0,35,,,JD
2022,2019,YEALAND,BLUTI,1,10,10,9,19,,,NE
2023,2019,YEALAND,BLUTI,1,5,4,2,23,,,NE
2024,2019,YEALAND,BLUTI,1,7,7,6,22,,,NE
2025,2019,YEALAND,BLUTI,1,7,7,7,24,,,NE
2026,2019,YEALAND,BLUTI,1,6,6,6,23,,,NE
2027,2019,YEALAND,MARTI,1,6,6,6,17,,,NE
2028,2019,YEALAND,MARTI,1,7,7,6,21,,,NE
2029,2019,YEALAND,MARTI,1,8,8,8,16,,,NE
2030,2019,YEALAND,MARTI,1,6,6,6,22,,,NE
2031,2019,YEALAND,MARTI,1,6,6,6,14,,,NE
2032,2019,YEALAND,NUTHA,1,6,6,4,21,,,NE
2033,2019,YEALAND,NUTHA,1,6,6,4,18,,,NE
2034,2019,NYESS ALLOTMENT,BLUTI,1,7,7,4,22,,,NE
2035,2019,NYESS ALLOTMENT,BLUTI,1,6,6,5,17,,,NE
2036,2019,NYESS ALLOTMENT,BLUTI,1,6,6,3,24,,,NE
2037,2019,NYESS ALLOTMENT,BLUTI,1,6,6,6,16,,,NE
2038,2019,NYESS ALLOTMENT,BLUTI,1,7,7,7,24,,,NE
2039,2019,NYESS ALLOTMENT,BLUTI,1,9,8,0,22,,,JD
2040,2019,NYESS ALLOTMENT,BLUTI,1,9,9,3,26,,,NE
2041,2019,NYESS ALLOTMENT,BLUTI,1,10,10,8,17,,,NE
2042,2019,NYESS ALLOTMENT,BLUTI,1,7,7,7,26,,,NE
2043,2019,NYESS ALLOTMENT,BLUTI,1,6,6,6,24,,,NE
2044,2019,NYESS ALLOTMENT,BLUTI,1,8,8,6,29,,,NE
2045,2019,NYESS ALLOTMENT,BLUTI,1,8,8,6,25,,,NE
2046,2019,NYESS ALLOTMENT,BLUTI,1,8,8,4,20,,,NE
2047,2019,NYESS ALLOTMENT,BLUTI,1,4,4,0,27,,,JD
2048,2019,NYESS ALLOTMENT,BLUTI,1,4,2,2,24,,,NE
2049,2019,NYESS ALLOTMENT,BLUTI,1,9,0,0,20,,,ED
2050,2019,NYESS ALLOTMENT,BLUTI,1,7,0,0,23,,,ED
2051,2019,NYESS ALLOTMENT,BLUTI,1,7,6,6,21,,,NE
2052,2019,NYESS ALLOTMENT,BLUTI,1,6,6,5,24,,,NE
2053,2019,NYESS ALLOTMENT,BLUTI,1,8,8,5,22,,,NE
2054,2019,NYESS ALLOTMENT,GRETI,1,5,4,0,31,,,JD
2055,2019,NYESS ALLOTMENT,GRETI,1,6,6,4,24,,,NE
2056,2019,NYESS ALLOTMENT,GRETI,1,4,4,0,39,,,JD
2057,2019,NYESS ALLOTMENT,GRETI,1,5,5,4,20,,,NE
2058,2019,NYESS ALLOTMENT,GRETI,1,7,7,0,22,,,JD
2059,2019,NYESS ALLOTMENT,GRETI,1,7,7,5,17,,,NE
2060,2019,NYESS ALLOTMENT,GRETI,1,6,0,0,24,,,ED
2061,2019,NYESS ALLOTMENT,GRETI,1,7,7,7,20,,,NE
2062,2019,NYESS ALLOTMENT,GRETI,1,4,4,4,22,,,NE
2063,2019,NYESS ALLOTMENT,MARTI,1,8,8,6,16,,,NE
2064,2019,NYESS ALLOTMENT,MARTI,1,7,7,4,14,,,NE
2065,2019,NYESS ALLOTMENT,MARTI,1,7,7,4,17,,,NE
2066,2019,NYESS ALLOTMENT,NUTHA,1,6,6,5,18,,,NE
2067,2019,NYESS ALLOTMENT,NUTHA,1,9,9,8,19,,,NE
2068,2019,NYESS ALLOTMENT,NUTHA,1,7,7,7,22,,,NE
2069,2020,MIDDLE,BLUTI,1,11,11,10,14,,,NE
2070,2020,MIDDLE,BLUTI,1,11,11,11,11,,,NE
2071,2020,MIDDLE,BLUTI,1,9,9,9,13,,,NE
2072,2020,MIDDLE,BLUTI,1,9,8,8,20,,,NE
2073,2020,MIDDLE,BLUTI,1,8,0,0,26,,,ED
2074,2020,MIDDLE,BLUTI,1,10,10,9,14,,,NE
2075,2020,MIDDLE,BLUTI,1,7,7,7,19,,,NE
2076,2020,MIDDLE,BLUTI,1,8,8,8,21,,,NE
2077,2020,MIDDLE,BLUTI,1,11,11,8,17,,,NE
2078,2020,MIDDLE,BLUTI,1,9,8,8,15,,,NE
2079,2020,MIDDLE,BLUTI,1,9,7,7,17,,,NE
2080,2020,MIDDLE,BLUTI,1,6,6,6,26,,,NE
2081,2020,MIDDLE,BLUTI,1,8,8,8,25,,,NE
2082,2020,MIDDLE,NUTHA,1,6,5,5,23,,,NE
2083,2020,MIDDLE,GRETI,1,9,8,8,16,,,NE
2084,2020,MIDDLE,GRETI,1,10,10,8,17,,,NE
2085,2020,MIDDLE,GRETI,1,8,0,0,17,,,EP
2086,2020,MIDDLE,GRETI,1,6,6,6,18,,,NE
2087,2020,MIDDLE,GRETI,1,5,4,0,22,,,JD
2088,2020,MIDDLE,GRETI,1,6,0,0,20,,,EP
2089,2020,MIDDLE,GRETI,1,4,0,0,21,,,EP
2090,2020,MIDDLE,PIEFL,1,7,7,6,34,,,NE
2091,2020,MIDDLE,PIEFL,1,8,7,0,41,,,JP
2092,2020,MIDDLE,PIEFL,1,8,8,8,38,,,NE
2093,2020,MIDDLE,PIEFL,1,7,7,7,37,,,NE
2094,2020,MIDDLE,PIEFL,1,7,7,7,31,,,NE
2095,2020,MIDDLE,PIEFL,1,8,0,0,31,,,EP
2096,2020,BLACK,BLUTI,1,6,5,0,43,,,JP
2097,2020,BLACK,BLUTI,1,12,12,11,15,,,NE
2098,2020,BLACK,BLUTI,1,8,8,7,11,,,NE
2099,2020,BLACK,BLUTI,1,8,8,8,22,,,NE
2100,2020,BLACK,GRETI,1,6,0,0,26,,,ED
2101,2020,BLACK,GRETI,1,7,6,6,26,,,NE
2102,2020,BLACK,GRETI,1,10,10,10,21,,,NE
2103,2020,BLACK,GRETI,1,8,7,6,20,,,NE
2104,2020,BLACK,GRETI,1,9,9,0,18,,,JD
2105,2020,BLACK,PIEFL,1,7,7,7,33,,,NE
2106,2020,BLACK,PIEFL,1,7,7,7,33,,,NE
2107,2020,BELT,BLUTI,1,13,12,11,9,,,NE
2108,2020,BELT,BLUTI,1,10,8,3,13,,,NE
2109,2020,BELT,BLUTI,1,10,10,9,15,,,NE
2110,2020,BELT,GRETI,1,11,11,10,18,,,NE
2111,2020,BELT,GRETI,1,7,6,0,56,,,XO
2112,2020,BELT,GRETI,1,10,9,0,22,,,XO
2113,2020,BELT,GRETI,1,12,11,0,20,,,XO
2114,2020,BELT,GRETI,1,10,0,0,20,,,ED
2115,2020,BELT,PIEFL,1,7,7,7,32,,,NE
2116,2020,BELT,PIEFL,1,8,8,7,28,,,NE
2117,2020,FAITHWAITE,BLUTI,1,8,7,7,15,,,NE
2118,2020,FAITHWAITE,BLUTI,1,8,0,0,20,,,ED
2119,2020,FAITHWAITE,BLUTI,1,10,8,8,17,,,NE
2120,2020,FAITHWAITE,BLUTI,1,11,11,11,13,,,NE
2121,2020,FAITHWAITE,BLUTI,1,7,7,7,15,,,NE
2122,2020,FAITHWAITE,BLUTI,1,10,9,0,20,,,JD
2123,2020,FAITHWAITE,BLUTI,1,9,0,0,21,,,ED
2124,2020,FAITHWAITE,BLUTI,1,9,9,9,16,,,NE
2125,2020,FAITHWAITE,BLUTI,1,5,5,5,20,,,NE
2126,2020,FAITHWAITE,BLUTI,1,8,8,8,20,,,NE
2127,2020,FAITHWAITE,BLUTI,1,8,8,6,28,,,NE
2128,2020,FAITHWAITE,BLUTI,1,11,10,10,10,,,NE
2129,2020,FAITHWAITE,BLUTI,1,9,9,0,23,,,JD
2130,2020,FAITHWAITE,BLUTI,1,7,7,3,38,,,NE
2131,2020,FAITHWAITE,BLUTI,1,6,6,5,42,,,NE
2132,2020,FAITHWAITE,BLUTI,1,7,7,7,20,,,NE
2133,2020,FAITHWAITE,BLUTI,1,9,9,8,17,,,NE
2134,2020,FAITHWAITE,NUTHA,1,6,6,6,16,,,NE
2135,2020,FAITHWAITE,GRETI,1,6,5,5,22,,,NE
2136,2020,FAITHWAITE,GRETI,1,9,8,8,14,,,NE
2137,2020,FAITHWAITE,GRETI,1,7,7,7,20,,,NE
2138,2020,FAITHWAITE,GRETI,1,8,8,7,7,,,NE
2139,2020,FAITHWAITE,GRETI,1,5,5,5,21,,,NE
2140,2020,FAITHWAITE,GRETI,1,10,0,0,28,,,ED
2141,2020,FAITHWAITE,GRETI,1,5,4,4,17,,,NE
2142,2020,FAITHWAITE,GRETI,1,5,3,0,28,,,JD
2143,2020,FAITHWAITE,PIEFL,1,7,6,6,33,,,NE
2144,2020,FAITHWAITE,PIEFL,1,8,8,8,26,,,NE
2145,2020,FAITHWAITE,PIEFL,1,8,7,7,30,,,NE
2146,2020,FAITHWAITE,PIEFL,1,7,7,7,30,,,NE
2147,2020,BROADWOOD WRAY,BLUTI,1,11,11,11,16,,,NE
2148,2020,BROADWOOD WRAY,BLUTI,1,6,0,0,17,,,EP
2149,2020,BROADWOOD WRAY,BLUTI,1,5,0,0,18,,,EP
2150,2020,BROADWOOD WRAY,BLUTI,1,9,0,0,17,,,EP
2151,2020,BROADWOOD WRAY,BLUTI,1,7,0,0,16,,,EP
2152,2020,BROADWOOD WRAY,BLUTI,1,8,0,0,17,,,EP
2153,2020,BROADWOOD WRAY,BLUTI,1,7,0,0,19,,,EP
2154,2020,BROADWOOD WRAY,BLUTI,1,5,4,4,34,,,NE
2155,2020,BROADWOOD WRAY,NUTHA,1,7,7,7,15,,,NE
2156,2020,BROADWOOD WRAY,GRETI,1,8,7,7,21,,,NE
2157,2020,BROADWOOD WRAY,GRETI,1,7,4,0,21,,,JD
2158,2020,BROADWOOD WRAY,GRETI,1,6,6,2,44,,,NE
2159,2020,BROADWOOD WRAY,GRETI,1,6,0,0,36,,,ED
2160,2020,BROADWOOD WRAY,GRETI,1,9,0,0,28,,,ED
2161,2020,BROADWOOD WRAY,GRETI,1,8,8,8,24,,,NE
2162,2020,BROADWOOD WRAY,GRETI,1,7,4,3,44,,,NE
2163,2020,BROADWOOD WRAY,GRETI,1,9,8,8,18,,,NE
2164,2020,BROADWOOD WRAY,PIEFL,1,8,0,0,30,,,EP
2165,2020,BROADWOOD WRAY,PIEFL,1,7,0,0,35,,,EP
2166,2020,BANKS,BLUTI,1,9,9,0,20,,,EP
2167,2020,BANKS,BLUTI,1,9,9,8,19,,,NE
2168,2020,BANKS,GRETI,1,10,9,9,14,,,NE
2169,2020,BANKS,PIEFL,1,8,8,7,27,,,NE
2170,2020,BANKS,PIEFL,1,7,7,7,29,,,NE
2171,2020,BANKS,PIEFL,1,6,6,6,29,,,NE
2172,2020,BANKS,PIEFL,1,8,8,7,27,,,NE
2173,2020,WATERSLACK,BLUTI,1,7,7,5,21,,,NE
2174,2020,WATERSLACK,BLUTI,1,7,7,4,26,,,NE
2175,2020,WATERSLACK,BLUTI,1,5,5,4,23,,,NE
2176,2020,WATERSLACK,BLUTI,1,6,6,6,16,,,NE
2177,2020,WATERSLACK,BLUTI,1,7,7,6,23,,,NE
2178,2020,WATERSLACK,COATI,1,7,6,6,20,,,NE
2179,2020,WATERSLACK,GRETI,1,6,5,1,30,,,NE
2180,2020,WATERSLACK,GRETI,1,7,7,0,27,,,JD
2181,2020,WATERSLACK,GRETI,1,6,4,3,20,,,NE
2182,2020,WATERSLACK,GRETI,1,5,5,4,31,,,NE
2183,2020,WATERSLACK,GRETI,1,4,4,4,20,,,NE
2184,2020,WATERSLACK,GRETI,1,4,3,0,25,,,JD
2185,2020,BOTTOMS,BLUTI,1,6,5,5,24,,,NE
2186,2020,BOTTOMS,BLUTI,1,6,6,4,22,,,NE
2187,2020,BOTTOMS,BLUTI,1,8,7,1,20,,,NE
2188,2020,BOTTOMS,BLUTI,1,7,7,0,26,,,JD
2189,2020,BOTTOMS,GRETI,1,6,6,4,16,,,NE
2190,2020,BOTTOMS,GRETI,1,4,4,1,24,,,NE
2191,2020,BOTTOMS,GRETI,1,3,3,3,25,,,NE
2192,2020,BOTTOMS,GRETI,1,5,5,4,25,,,NE
2193,2020,BOTTOMS,NUTHA,1,4,4,4,25,,,NE
2194,2020,TROWBARROW,BLUTI,1,5,4,3,25,,,NE
2195,2020,TROWBARROW,BLUTI,1,10,10,9,11,,,NE
2196,2020,TROWBARROW,BLUTI,1,10,9,8,13,,,NE
2197,2020,TROWBARROW,BLUTI,1,9,9,9,11,,,NE
2198,2020,TROWBARROW,BLUTI,1,7,7,7,27,,,NE
2199,2020,TROWBARROW,BLUTI,1,6,4,4,28,,,NE
2200,2020,TROWBARROW,BLUTI,1,7,6,0,24,,,JP
2201,2020,TROWBARROW,BLUTI,1,5,5,5,28,,,NE
2202,2020,TROWBARROW,BLUTI,1,6,6,6,15,,,NE
2203,2020,TROWBARROW,BLUTI,1,9,7,5,24,,,NE
2204,2020,TROWBARROW,BLUTI,1,,0,0,25,,,ED
2205,2020,TROWBARROW,BLUTI,1,7,0,0,25,,,ED
2206,2020,TROWBARROW,BLUTI,1,8,7,0,18,,,JP
2207,2020,TROWBARROW,BLUTI,2,6,6,0,32,,,JD
2208,2020,TROWBARROW,BLUTI,1,8,7,6,24,,,NE
2209,2020,TROWBARROW,BLUTI,1,4,4,4,22,,,NE
2210,2020,TROWBARROW,BLUTI,1,8,7,6,23,,,NE
2211,2020,TROWBARROW,BLUTI,1,8,7,7,24,,,NE
2212,2020,TROWBARROW,BLUTI,1,6,6,6,28,,,NE
2213,2020,TROWBARROW,BLUTI,1,9,9,6,24,,,NE
2214,2020,TROWBARROW,BLUTI,2,9,7,5,31,,,NE
2215,2020,TROWBARROW,BLUTI,1,8,5,5,23,,,NE
2216,2020,TROWBARROW,BLUTI,1,7,6,4,14,,,NE
2217,2020,TROWBARROW,COATI,1,10,10,10,13,,,NE
2218,2020,TROWBARROW,GRETI,1,7,7,1,24,,,NE
2219,2020,TROWBARROW,GRETI,1,6,6,0,25,,,JD
2220,2020,TROWBARROW,GRETI,1,6,6,6,12,,,NE
2221,2020,TROWBARROW,GRETI,1,7,6,0,28,,,JD
2222,2020,TROWBARROW,GRETI,1,7,7,0,18,,,JD
2223,2020,TROWBARROW,GRETI,1,9,8,0,24,,,JD
2224,2020,TROWBARROW,GRETI,1,6,5,4,8,,,NE
2225,2020,TROWBARROW,GRETI,1,7,7,3,24,,,NE
2226,2020,TROWBARROW,GRETI,1,5,5,0,21,,,JP
2227,2020,TROWBARROW,GRETI,1,7,4,0,29,,,JD
2228,2020,TROWBARROW,GRETI,2,6,3,0,35,,,JD
2229,2020,TROWBARROW,GRETI,1,6,0,0,17,,,ED
2230,2020,TROWBARROW,GRETI,2,6,4,3,42,,,NE
2231,2020,TROWBARROW,GRETI,1,4,2,2,28,,,NE
2232,2020,TROWBARROW,GRETI,1,8,6,2,23,,,NE
2233,2020,TROWBARROW,GRETI,1,6,5,5,27,,,NE
2234,2020,TROWBARROW,GRETI,1,7,5,0,20,,,JD
2235,2020,TROWBARROW,NUTHA,1,7,6,2,23,,,NE
2236,2020,TROWBARROW,NUTHA,1,6,6,4,10,,,NE
2237,2020,TROWBARROW,NUTHA,1,5,5,5,24,,,NE
2238,2020,TROWBARROW,NUTHA,1,,0,0,29,,,ED
2239,2020,EAVES,BLUTI,1,5,4,4,21,,,NE
2240,2020,EAVES,BLUTI,1,6,6,5,19,,,NE
2241,2020,EAVES,BLUTI,1,8,7,0,21,,,JD
2242,2020,EAVES,BLUTI,1,6,4,4,25,,,NE
2243,2020,EAVES,BLUTI,1,5,5,3,14,,,NE
2244,2020,EAVES,BLUTI,1,5,0,0,25,,,ED
2245,2020,EAVES,BLUTI,2,,0,0,39,,,ED
2246,2020,EAVES,BLUTI,1,8,8,7,23,,,NE
2247,2020,EAVES,BLUTI,1,8,8,6,15,,,NE
2248,2020,EAVES,BLUTI,1,7,5,3,22,,,NE
2249,2020,EAVES,GRETI,1,6,0,0,11,,,ED
2250,2020,EAVES,GRETI,1,6,3,1,21,,,NE
2251,2020,EAVES,GRETI,1,6,4,4,14,,,NE
2252,2020,EAVES,GRETI,1,5,5,2,28,,,NE
2253,2020,EAVES,GRETI,1,5,4,0,26,,,JD
2254,2020,EAVES,GRETI,1,5,3,0,28,,,JD
2255,2020,EAVES,GRETI,1,5,4,3,26,,,NE
2256,2020,EAVES,GRETI,2,6,0,0,39,,,ED
2257,2020,EAVES,GRETI,2,6,0,0,36,,,ED
2258,2020,EAVES,GRETI,1,5,3,0,28,,,JD
2259,2020,EAVES,GRETI,1,6,0,0,24,,,EP
2260,2020,EAVES,GRETI,1,5,0,0,22,,,EP
2261,2020,EAVES,GRETI,1,6,6,0,12,,,JD
2262,2020,EAVES,GRETI,1,5,5,4,23,,,NE
2263,2020,EAVES,GRETI,1,7,9,2,26,,,NE
2264,2020,WARTON CRAG,BLUTI,1,7,5,3,28,,,NE
2265,2020,WARTON CRAG,BLUTI,1,6,6,0,24,,,JD
2266,2020,WARTON CRAG,BLUTI,1,8,0,0,27,,,ED
2267,2020,WARTON CRAG,BLUTI,1,8,7,7,21,,,NE
2268,2020,WARTON CRAG,BLUTI,1,,0,0,26,,,ED
2269,2020,WARTON CRAG,BLUTI,1,7,7,0,27,,,JD
2270,2020,WARTON CRAG,BLUTI,2,7,6,3,40,,,NE
2271,2020,WARTON CRAG,BLUTI,1,6,0,0,24,,,EP
2272,2020,WARTON CRAG,BLUTI,1,7,6,0,26,,,JP
2273,2020,WARTON CRAG,BLUTI,1,6,0,0,23,,,EP
2274,2020,WARTON CRAG,BLUTI,1,7,7,0,21,,,JP
2275,2020,WARTON CRAG,BLUTI,1,5,0,0,24,,,EP
2276,2020,WARTON CRAG,BLUTI,1,8,8,0,25,,,JD
2277,2020,WARTON CRAG,BLUTI,1,5,4,0,24,,,JP
2278,2020,WARTON CRAG,BLUTI,1,8,8,0,23,,,JP
2279,2020,WARTON CRAG,BLUTI,1,8,6,4,28,,,NE
2280,2020,WARTON CRAG,BLUTI,1,8,7,7,24,,,NE
2281,2020,WARTON CRAG,BLUTI,1,5,4,1,23,,,NE
2282,2020,WARTON CRAG,BLUTI,1,8,6,0,28,,,JD
2283,2020,WARTON CRAG,BLUTI,1,,0,0,27,,,ED
2284,2020,WARTON CRAG,GRETI,1,5,5,0,24,,,JD
2285,2020,WARTON CRAG,GRETI,1,5,3,3,10,,,NE
2286,2020,WARTON CRAG,GRETI,1,5,0,0,15,,,JP
2287,2020,WARTON CRAG,GRETI,2,4,0,0,32,,,JP
2288,2020,WARTON CRAG,GRETI,1,4,4,3,18,,,NE
2289,2020,WARTON CRAG,GRETI,1,6,6,0,27,,,JP
2290,2020,WARTON CRAG,GRETI,1,7,7,0,31,,,JP
2291,2020,WARTON CRAG,GRETI,1,6,5,4,29,,,NE
2292,2020,WARTON CRAG,GRETI,1,5,5,0,41,,,JD
2293,2020,WARTON CRAG,GRETI,1,,0,0,26,,,ED
2294,2020,WARTON CRAG,GRETI,1,7,7,7,20,,,NE
2295,2020,WARTON CRAG,GRETI,2,4,4,2,32,,,NE
2296,2020,WARTON CRAG,GRETI,1,6,4,0,28,,,JD
2297,2020,WARTON CRAG,COATI,1,8,7,7,23,,,NE
2298,2021,MIDDLE,BLUTI,1,8,0,0,39,,,EP
2299,2021,MIDDLE,BLUTI,1,3,0,0,28,,,ED
2300,2021,MIDDLE,BLUTI,1,9,8,0,25,,,JP
2301,2021,MIDDLE,BLUTI,1,8,8,8,25,,,NE
2302,2021,MIDDLE,BLUTI,1,8,0,0,25,,,ED
2303,2021,MIDDLE,BLUTI,1,12,12,9,26,,,NE
2304,2021,MIDDLE,BLUTI,1,11,10,10,28,,,NE
2305,2021,MIDDLE,BLUTI,1,11,11,11,25,,,NE
2306,2021,MIDDLE,GRETI,1,4,0,0,30,,,ED
2307,2021,MIDDLE,GRETI,1,9,8,7,29,,,NE
2308,2021,MIDDLE,GRETI,1,6,0,0,51,,,EP
2309,2021,MIDDLE,GRETI,1,,0,0,57,,,ED
2310,2021,MIDDLE,GRETI,1,6,6,0,39,,,JP
2311,2021,MIDDLE,GRETI,1,9,9,5,22,,,NE
2312,2021,MIDDLE,GRETI,1,7,3,3,26,,,NE
2313,2021,MIDDLE,PIEFL,1,6,6,6,44,,,NE
2314,2021,MIDDLE,PIEFL,1,6,0,0,54,,,EP
2315,2021,MIDDLE,PIEFL,1,7,7,0,38,,,JP
2316,2021,MIDDLE,PIEFL,1,7,7,7,47,,,NE
2317,2021,MIDDLE,PIEFL,1,7,7,7,42,,,NE
2318,2021,MIDDLE,PIEFL,1,7,7,7,42,,,NE
2319,2021,MIDDLE,PIEFL,1,7,7,7,43,,,NE
2320,2021,BLACK,BLUTI,1,,0,0,35,,,ED
2321,2021,BLACK,BLUTI,1,5,0,0,46,,,EP
2322,2021,BLACK,BLUTI,1,,0,0,27,,,ED
2323,2021,BLACK,BLUTI,1,,0,0,39,,,ED
2324,2021,BLACK,BLUTI,1,12,0,0,23,,,ED
2325,2021,BLACK,BLUTI,1,8,0,0,34,,,EP
2326,2021,BLACK,PIEFL,1,,0,0,42,,,EP
2327,2021,BLACK,PIEFL,1,,0,0,41,,,EP
2328,2021,BLACK,PIEFL,2,,0,0,60,,,EP
2329,2021,BLACK,PIEFL,2,,0,0,50,,,EP
2330,2021,BLACK,GRETI,1,,0,0,24,,,EP
2331,2021,BLACK,GRETI,1,,0,0,35,,,EP
2332,2021,BLACK,GRETI,1,,0,0,42,,,EP
2333,2021,BLACK,NUTHA,1,8,8,6,20,,,NE
2334,2021,BELT,BLUTI,1,12,11,,25,,,NE
2335,2021,BELT,GRETI,1,,0,0,36,,,EP
2336,2021,BELT,GRETI,1,11,11,,25,,,NE
2337,2021,BELT,GRETI,1,,0,0,58,,,ED
2338,2021,BELT,GRETI,1,7,0,0,34,,,EP
2339,2021,BELT,GRETI,1,9,0,0,28,,,EP
2340,2021,BELT,PIEFL,1,7,0,0,40,,,EP
2341,2021,BELT,PIEFL,1,7,0,0,42,,,EP
2342,2021,FAITHWAITE,BLUTI,1,10,0,0,24,,,ED
2343,2021,FAITHWAITE,BLUTI,1,6,0,0,20,,,EP
2344,2021,FAITHWAITE,BLUTI,1,12,0,0,20,,,EP
2345,2021,FAITHWAITE,BLUTI,1,9,0,0,27,,,ED
2346,2021,FAITHWAITE,BLUTI,1,9,0,0,32,,,EP
2347,2021,FAITHWAITE,BLUTI,1,6,0,0,24,,,EP
2348,2021,FAITHWAITE,BLUTI,1,13,12,0,24,,,JP
2349,2021,FAITHWAITE,BLUTI,1,8,8,0,35,,,JP
2350,2021,FAITHWAITE,BLUTI,1,6,5,0,28,,,JP
2351,2021,FAITHWAITE,BLUTI,1,8,0,0,22,,,EP
2352,2021,FAITHWAITE,BLUTI,1,6,6,6,36,,,NE
2353,2021,FAITHWAITE,BLUTI,1,10,0,0,25,,,EP
2354,2021,FAITHWAITE,BLUTI,1,9,0,0,21,,,EP
2355,2021,FAITHWAITE,BLUTI,1,11,10,0,22,,,JP
2356,2021,FAITHWAITE,GRETI,1,4,,,41,,,NE
2357,2021,FAITHWAITE,GRETI,1,,0,0,35,,,EP
2358,2021,FAITHWAITE,GRETI,1,,0,0,35,,,ED
2359,2021,FAITHWAITE,GRETI,1,,0,0,42,,,EP
2360,2021,FAITHWAITE,GRETI,1,,0,0,40,,,EP
2361,2021,FAITHWAITE,GRETI,1,7,0,0,46,,,EP
2362,2021,FAITHWAITE,GRETI,1,8,0,0,24,,,EP
2363,2021,FAITHWAITE,GRETI,1,5,0,0,19,,,EP
2364,2021,FAITHWAITE,GRETI,1,6,0,0,42,,,EP
2365,2021,FAITHWAITE,GRETI,1,7,0,0,24,,,ED
2366,2021,FAITHWAITE,GRETI,1,3,0,0,45,,,EP
2367,2021,FAITHWAITE,GRETI,1,6,0,0,28,,,EP
2368,2021,FAITHWAITE,PIEFL,1,,0,0,46,,,EP
2369,2021,FAITHWAITE,PIEFL,1,6,6,,47,,,NE
2370,2021,FAITHWAITE,PIEFL,1,6,0,0,37,,,EP
2371,2021,FAITHWAITE,PIEFL,1,5,0,0,66,,,EP
2372,2021,FAITHWAITE,COATI,1,9,0,0,23,,,ED
2373,2021,FAITHWAITE,NUTHA,1,8,7,0,16,,,OU
2374,2021,BROADWOOD WRAY,BLUTI,1,13,11,9,21,,,NE
2375,2021,BROADWOOD WRAY,BLUTI,1,7,7,6,20,,,NE
2376,2021,BROADWOOD WRAY,BLUTI,1,10,10,4,25,,,NE
2377,2021,BROADWOOD WRAY,BLUTI,1,10,10,8,17,,,NE
2378,2021,BROADWOOD WRAY,BLUTI,1,9,9,0,18,,,JP
2379,2021,BROADWOOD WRAY,BLUTI,1,13,12,8,23,,,NE
2380,2021,BROADWOOD WRAY,BLUTI,1,10,9,3,16,,,NE
2381,2021,BROADWOOD WRAY,BLUTI,1,9,8,0,28,,,JP
2382,2021,BROADWOOD WRAY,BLUTI,1,8,8,6,20,,,NE
2383,2021,BROADWOOD WRAY,BLUTI,1,12,12,0,20,,,JD
2384,2021,BROADWOOD WRAY,BLUTI,1,11,0,0,25,,,ED
2385,2021,BROADWOOD WRAY,GRETI,1,4,4,4,60,,,NE
2386,2021,BROADWOOD WRAY,GRETI,1,6,0,0,21,,,ED
2387,2021,BROADWOOD WRAY,GRETI,1,8,8,6,24,,,NE
2388,2021,BROADWOOD WRAY,GRETI,1,9,9,4,27,,,NE
2389,2021,BROADWOOD WRAY,GRETI,1,9,4,4,24,,,NE
2390,2021,BROADWOOD WRAY,PIEFL,1,,0,0,42,,,ED
2391,2021,BROADWOOD WRAY,PIEFL,1,6,6,6,39,,,NE
2392,2021,BROADWOOD WRAY,PIEFL,1,6,4,4,47,,,NE
2393,2021,DEEP GILL,BLUTI,1,12,12,0,24,,,JP
2394,2021,DEEP GILL,GRETI,1,10,9,0,22,,,JP
2395,2021,DEEP GILL,GRETI,1,7,5,0,26,,,JP
2396,2021,DEEP GILL,PIEFL,1,4,2,0,53,,,JD
2397,2021,DEEP GILL,PIEFL,1,6,5,5,47,,,NE
2398,2021,DEEP GILL,REDST,1,3,0,0,44,,,EP
2399,2021,BANKS,BLUTI,1,7,0,0,24,,,EP
2400,2021,BANKS,PIEFL,1,7,7,7,39,,,NE
2401,2021,BANKS,PIEFL,1,7,5,4,35,,,NE
2402,2021,BANKS,PIEFL,1,7,7,7,38,,,NE
2403,2021,BANKS,PIEFL,1,6,0,0,43,,,EP
2404,2021,BUTTONS,BLUTI,1,7,6,1,29,,,NE
2405,2021,BUTTONS,BLUTI,1,9,0,0,43,,,EP
2406,2021,BUTTONS,BLUTI,1,8,6,5,43,,,NE
2407,2021,BUTTONS,BLUTI,1,7,5,5,59,,,NE
2408,2021,BUTTONS,REDST,1,4,0,0,56,,,EP
2409,2021,SUMMERS,BLUTI,1,12,11,10,23,,,NE
2410,2021,SUMMERS,BLUTI,1,11,10,10,24,,,NE
2411,2021,SUMMERS,BLUTI,1,10,10,5,27,,,NE
2412,2021,SUMMERS,PIEFL,1,8,8,6,42,,,NE
2413,2021,SUMMERS,PIEFL,1,8,5,4,40,,,NE
2414,2021,SUMMERS,PIEFL,1,6,0,0,47,,,EP
2415,2021,HAW WOOD,BLUTI,1,9,8,8,36,,,NE
2416,2021,HAW WOOD,BLUTI,1,10,9,7,35,,,NE
2417,2021,HAW WOOD,BLUTI,1,7,0,0,37,,,ED
2418,2021,HAW WOOD,BLUTI,1,11,10,10,35,,,NE
2419,2021,HAW WOOD,BLUTI,1,10,8,4,24,,,NE
2420,2021,HAW WOOD,GRETI,1,11,0,0,25,,,ED
2421,2021,HAW WOOD,GRETI,1,9,9,9,27,,,NE
2422,2021,HAW WOOD,GRETI,1,9,9,9,32,,,NE
2423,2021,HAW WOOD,PIEFL,1,7,6,6,45,,,NE
2424,2021,HAW WOOD,PIEFL,1,7,7,7,36,,,NE
2425,2021,HAW WOOD,PIEFL,1,6,6,5,44,,,NE
2426,2021,HAW WOOD,PIEFL,1,7,6,5,34,,,NE
2427,2021,HAW WOOD,PIEFL,1,7,7,7,42,,,NE
2428,2021,HAW WOOD,PIEFL,1,4,4,4,74,,,NE
2429,2021,HAW WOOD,PIEFL,1,7,6,6,35,,,NE
2430,2021,HAW WOOD,PIEFL,1,7,7,7,42,,,NE
2431,2021,WARTON CRAG,BLUTI,1,6,6,0,22,,,JD
2432,2021,WARTON CRAG,BLUTI,1,6,6,0,28,,,JD
2433,2021,WARTON CRAG,BLUTI,1,7,2,0,31,,,JD
2434,2021,WARTON CRAG,BLUTI,1,9,9,6,23,,,NE
2435,2021,WARTON CRAG,BLUTI,1,9,9,0,23,,,JD
2436,2021,WARTON CRAG,BLUTI,1,8,7,5,25,,,NE
2437,2021,WARTON CRAG,BLUTI,1,9,9,6,25,,,NE
2438,2021,WARTON CRAG,BLUTI,1,9,9,0,26,,,ED
2439,2021,WARTON CRAG,BLUTI,1,7,7,5,32,,,NE
2440,2021,WARTON CRAG,BLUTI,1,6,0,0,30,,,ED
2441,2021,WARTON CRAG,BLUTI,1,9,8,5,32,,,NE
2442,2021,WARTON CRAG,BLUTI,1,8,8,2,23,,,NE
2443,2021,WARTON CRAG,BLUTI,1,7,7,2,24,,,NE
2444,2021,WARTON CRAG,GRETI,1,5,2,1,30,,,NE
2445,2021,WARTON CRAG,GRETI,1,4,4,1,23,,,NE
2446,2021,WARTON CRAG,GRETI,1,8,8,3,18,,,NE
2447,2021,WARTON CRAG,GRETI,1,4,0,0,20,,,ED
2448,2021,WARTON CRAG,GRETI,1,7,7,3,25,,,NE
2449,2021,WARTON CRAG,GRETI,1,,0,0,32,,,ED
2450,2021,WARTON CRAG,GRETI,1,4,4,4,31,,,NE
2451,2021,WARTON CRAG,GRETI,1,8,8,5,21,,,NE
2452,2021,WARTON CRAG,GRETI,1,6,6,6,25,,,NE
2453,2021,WARTON CRAG,GRETI,1,4,4,0,25,,,JD
2454,2021,WARTON CRAG,GRETI,1,9,9,5,34,,,NE
2455,2021,WARTON CRAG,GRETI,1,7,6,5,33,,,NE
2456,2021,WARTON CRAG,GRETI,1,7,7,3,22,,,NE
2457,2021,TROWBARROW,BLUTI,1,5,4,4,41,,,NE
2458,2021,TROWBARROW,BLUTI,1,9,9,3,13,,,NE
2459,2021,TROWBARROW,BLUTI,1,,0,0,28,,,ED
2460,2021,TROWBARROW,BLUTI,1,10,9,9,17,,,NE
2461,2021,TROWBARROW,BLUTI,1,7,7,6,20,,,NE
2462,2021,TROWBARROW,BLUTI,1,9,9,8,18,,,NE
2463,2021,TROWBARROW,BLUTI,1,9,9,9,26,,,NE
2464,2021,TROWBARROW,BLUTI,1,9,6,0,29,,,JD
2465,2021,TROWBARROW,BLUTI,1,7,7,7,29,,,NE
2466,2021,TROWBARROW,BLUTI,1,9,9,5,29,,,NE
2467,2021,TROWBARROW,BLUTI,1,6,6,4,25,,,NE
2468,2021,TROWBARROW,BLUTI,1,9,9,0,22,,,JD
2469,2021,TROWBARROW,BLUTI,1,8,6,6,23,,,NE
2470,2021,TROWBARROW,BLUTI,1,7,7,0,32,,,JD
2471,2021,TROWBARROW,BLUTI,1,9,9,7,27,,,NE
2472,2021,TROWBARROW,BLUTI,1,9,8,6,24,,,NE
2473,2021,TROWBARROW,BLUTI,1,10,0,0,23,,,ED
2474,2021,TROWBARROW,BLUTI,1,6,3,3,24,,,NE
2475,2021,TROWBARROW,BLUTI,1,7,3,3,26,,,NE
2476,2021,TROWBARROW,BLUTI,1,8,7,2,21,,,NE
2477,2021,TROWBARROW,BLUTI,1,5,5,0,26,,,JP
2478,2021,TROWBARROW,BLUTI,1,11,5,5,28,,,NE
2479,2021,TROWBARROW,BLUTI,1,7,7,6,33,,,NE
2480,2021,TROWBARROW,BLUTI,1,,0,0,35,,,ED
2481,2021,TROWBARROW,GRETI,1,6,5,0,22,,,JD
2482,2021,TROWBARROW,GRETI,1,6,6,0,19,,,JP
2483,2021,TROWBARROW,GRETI,1,,0,0,27,,,ED
2484,2021,TROWBARROW,GRETI,1,9,8,0,26,,,JD
2485,2021,TROWBARROW,GRETI,1,6,5,0,28,,,JD
2486,2021,TROWBARROW,GRETI,1,6,6,0,21,,,JD
2487,2021,TROWBARROW,GRETI,1,6,5,0,42,,,JD
2488,2021,TROWBARROW,GRETI,1,7,7,0,23,,,JD
2489,2021,TROWBARROW,GRETI,1,7,7,5,25,,,NE
2490,2021,TROWBARROW,GRETI,1,6,6,4,27,,,NE
2491,2021,TROWBARROW,GRETI,1,6,0,0,58,,,EP
2492,2021,TROWBARROW,GRETI,1,6,0,0,49,,,ED
2493,2021,TROWBARROW,GRETI,1,9,0,0,22,,,ED
2494,2021,TROWBARROW,GRETI,1,7,0,0,42,,,ED
2495,2021,TROWBARROW,GRETI,1,5,0,0,52,,,ED
2496,2021,TROWBARROW,GRETI,1,7,6,0,25,,,JD
2497,2021,TROWBARROW,GRETI,1,4,4,1,33,,,NE
2498,2021,TROWBARROW,GRETI,1,6,0,0,37,,,ED
2499,2021,TROWBARROW,GRETI,1,5,0,0,24,,,ED
2500,2021,TROWBARROW,GRETI,1,7,6,0,25,,,JP
2501,2021,TROWBARROW,MARTI,1,7,7,0,17,,,JP
2502,2021,TROWBARROW,NUTHA,1,7,7,6,17,,,NE
2503,2021,TROWBARROW,NUTHA,1,7,7,7,16,,,NE
2504,2021,TROWBARROW,NUTHA,1,6,0,0,22,,,ED
2505,2021,EAVES,BLUTI,1,8,8,0,21,,,JP
2506,2021,EAVES,BLUTI,1,6,0,0,39,,,ED
2507,2021,EAVES,BLUTI,1,8,6,0,29,,,JD
2508,2021,EAVES,BLUTI,1,10,7,6,30,,,NE
2509,2021,EAVES,BLUTI,1,5,5,5,25,,,NE
2510,2021,EAVES,BLUTI,1,8,7,5,27,,,NE
2511,2021,EAVES,BLUTI,1,8,8,6,27,,,NE
2512,2021,EAVES,BLUTI,1,7,7,6,32,,,NE
2513,2021,EAVES,BLUTI,1,7,0,0,33,,,ED
2514,2021,EAVES,COATI,1,8,8,4,18,,,NE
2515,2021,EAVES,GRETI,1,5,0,0,32,,,ED
2516,2021,EAVES,GRETI,1,5,0,0,18,,,ED
2517,2021,EAVES,GRETI,1,5,4,0,30,,,JP
2518,2021,EAVES,GRETI,1,4,0,0,31,,,ED
2519,2021,EAVES,GRETI,1,6,4,2,14,,,NE
2520,2021,EAVES,GRETI,1,5,4,0,21,,,JD
2521,2021,EAVES,GRETI,1,3,3,3,26,,,NE
2522,2021,EAVES,GRETI,1,7,7,5,41,,,NE
2523,2021,EAVES,GRETI,1,8,6,0,18,,,JP
2524,2021,EAVES,GRETI,1,7,6,3,21,,,NE
2525,2021,EAVES,GRETI,1,6,6,1,18,,,NE
2526,2021,EAVES,GRETI,1,8,7,6,27,,,NE
2527,2021,EAVES,NUTHA,1,6,6,5,19,,,NE
2528,2021,EAVES,NUTHA,1,6,6,6,21,,,NE
2529,2021,WATERSLACK,BLUTI,1,7,6,0,27,,,JP
2530,2021,WATERSLACK,BLUTI,1,6,6,0,26,,,JP
2531,2021,WATERSLACK,BLUTI,1,6,0,0,27,,,ED
2532,2021,WATERSLACK,BLUTI,1,8,8,0,28,,,JD
2533,2021,WATERSLACK,BLUTI,1,11,6,0,21,,,JD
2534,2021,WATERSLACK,BLUTI,1,10,0,0,24,,,ED
2535,2021,WATERSLACK,BLUTI,1,8,8,8,30,,,NE
2536,2021,WATERSLACK,MARTI,1,8,8,8,15,,,NE
2537,2021,WATERSLACK,GRETI,1,6,6,0,21,,,JP
2538,2021,WATERSLACK,GRETI,1,6,0,0,29,,,EP
2539,2021,WATERSLACK,GRETI,1,5,5,0,24,,,JD
2540,2021,WATERSLACK,GRETI,1,6,5,0,24,,,JD
2541,2021,WATERSLACK,GRETI,1,8,7,0,22,,,JP
2542,2021,BOTTOMS,BLUTI,1,6,6,5,35,,,NE
2543,2021,BOTTOMS,BLUTI,1,7,6,3,27,,,NE
2544,2021,BOTTOMS,BLUTI,1,8,8,6,27,,,NE
2545,2021,BOTTOMS,BLUTI,1,7,7,5,13,,,NE
2546,2021,BOTTOMS,BLUTI,1,4,4,4,6,,,NE
2547,2021,BOTTOMS,BLUTI,1,8,6,5,28,,,NE
2548,2021,BOTTOMS,BLUTI,1,9,4,0,25,,,JP
2549,2021,BOTTOMS,GRETI,1,5,5,3,27,,,NE
2550,2021,BOTTOMS,GRETI,1,5,5,2,24,,,NE
2551,2021,BOTTOMS,MARTI,1,8,0,0,13,,,ED
2552,2021,BARTON,BLUTI,1,6,0,0,24,,,ED
2553,2021,BARTON,GRETI,1,9,8,1,11,,,NE
2554,2021,BARTON,COATI,1,7,7,7,19,,,NE
2555,2021,YEALAND,BLUTI,1,8,0,0,27,,,ED
2556,2021,YEALAND,BLUTI,1,6,6,5,21,,,NE
2557,2021,YEALAND,BLUTI,1,3,3,3,34,,,NE
2558,2021,YEALAND,BLUTI,1,10,0,0,15,,,ED
2559,2021,YEALAND,BLUTI,1,9,9,6,23,,,NE
2560,2021,YEALAND,BLUTI,1,8,8,3,19,,,NE
2561,2021,YEALAND,BLUTI,1,8,7,7,24,,,NE
2562,2021,YEALAND,BLUTI,1,11,6,0,25,,,JD
2563,2021,YEALAND,BLUTI,1,8,7,7,25,,,NE
2564,2021,YEALAND,BLUTI,1,7,7,5,36,,,NE
2565,2021,YEALAND,BLUTI,1,8,6,4,25,,,NE
2566,2021,YEALAND,BLUTI,1,6,6,6,24,,,NE
2567,2021,YEALAND,BLUTI,1,7,7,6,19,,,NE
2568,2021,YEALAND,BLUTI,1,,0,0,25,,,ED
2569,2021,YEALAND,BLUTI,1,7,7,7,35,,,NE
2570,2021,YEALAND,BLUTI,1,9,9,6,25,,,NE
2571,2021,YEALAND,GRETI,1,7,7,4,26,,,NE
2572,2021,YEALAND,GRETI,1,8,8,4,25,,,NE
2573,2021,YEALAND,GRETI,1,4,4,4,28,,,NE
2574,2021,YEALAND,GRETI,1,6,2,2,23,,,NE
2575,2021,YEALAND,GRETI,1,6,6,6,24,,,NE
2576,2021,YEALAND,GRETI,1,9,6,6,20,,,NE
2577,2021,YEALAND,GRETI,1,5,5,0,20,,,JD
2578,2021,YEALAND,GRETI,1,5,5,0,24,,,JD
2579,2021,YEALAND,GRETI,1,6,6,6,36,,,NE
2580,2021,YEALAND,GRETI,1,9,8,0,16,,,JD
2581,2021,YEALAND,GRETI,1,8,6,5,26,,,NE
2582,2021,YEALAND,MARTI,1,5,5,3,15,,,NE
2583,2021,YEALAND,MARTI,1,8,0,0,36,,,ED
2584,2021,YEALAND,MARTI,1,7,6,3,20,,,NE
2585,2021,YEALAND,NUTHA,1,5,5,5,19,,,NE
2586,2021,YEALAND,NUTHA,1,8,8,8,20,,,NE
2587,2021,MYERS,BLUTI,1,3,3,2,52,,,NE
2588,2021,MYERS,BLUTI,1,5,0,0,34,,,ED
2589,2021,MYERS,BLUTI,1,9,0,0,22,,,ED
2590,2021,MYERS,BLUTI,1,10,0,0,24,,,ED
2591,2021,MYERS,BLUTI,1,6,6,4,41,,,NE
2592,2021,MYERS,BLUTI,1,7,7,6,26,,,NE
2593,2021,MYERS,BLUTI,1,6,6,0,20,,,JP
2594,2021,MYERS,BLUTI,1,6,6,0,23,,,JD
2595,2021,MYERS,BLUTI,1,7,7,7,23,,,NE
2596,2021,MYERS,BLUTI,1,5,5,5,23,,,NE
2597,2021,MYERS,BLUTI,1,4,4,0,30,,,JP
2598,2021,MYERS,BLUTI,1,4,4,4,21,,,NE
2599,2021,MYERS,BLUTI,1,9,6,6,23,,,NE
2600,2021,MYERS,GRETI,1,5,0,0,36,,,ED
2601,2021,MYERS,GRETI,1,7,7,0,25,,,JD
2602,2021,MYERS,GRETI,1,5,5,3,24,,,NE
2603,2021,MYERS,GRETI,1,5,3,3,32,,,NE
2604,2021,MYERS,GRETI,1,6,6,2,45,,,NE
2605,2021,MYERS,GRETI,1,5,5,1,20,,,NE
2606,2021,MYERS,GRETI,1,4,4,2,37,,,NE
2607,2021,MYERS,GRETI,1,5,3,3,21,,,NE
2608,2021,MYERS,GRETI,1,9,9,8,11,,,NE
2609,2021,MYERS,GRETI,1,5,5,3,21,,,NE
2610,2021,MYERS,GRETI,1,7,7,5,20,,,NE
2611,2021,MYERS,MARTI,1,,0,0,15,,,ED
2612,2021,MYERS,MARTI,1,4,4,3,16,,,NE
2613,2021,MYERS,NUTHA,1,6,6,5,18,,,NE
2614,2021,MYERS,NUTHA,1,6,6,6,10,,,NE
2615,2021,MYERS,NUTHA,1,6,3,2,20,,,NE
2616,2021,MYERS,NUTHA,1,7,0,0,20,,,EP
2617,2022,TROWBARROW,BLUTI,1,6,6,6,21,,,NE
2618,2022,TROWBARROW,BLUTI,1,7,7,0,29,,,JD
2619,2022,TROWBARROW,BLUTI,1,9,9,0,30,,,JD
2620,2022,TROWBARROW,BLUTI,1,9,0,0,27,,,ED
2621,2022,TROWBARROW,BLUTI,1,7,7,0,27,,,JD
2622,2022,TROWBARROW,BLUTI,1,5,0,0,33,,,ED
2623,2022,TROWBARROW,BLUTI,1,8,8,8,23,,,NE
2624,2022,TROWBARROW,BLUTI,1,11,8,5,23,,,NE
2625,2022,TROWBARROW,BLUTI,1,8,8,5,19,,,NE
2626,2022,TROWBARROW,BLUTI,1,9,0,0,24,,,ED
2627,2022,TROWBARROW,BLUTI,1,8,8,0,31,,,JD
2628,2022,TROWBARROW,BLUTI,1,8,8,8,16,,,NE
2629,2022,TROWBARROW,BLUTI,1,7,0,0,24,,,ED
2630,2022,TROWBARROW,BLUTI,1,8,7,7,18,,,NE
2631,2022,TROWBARROW,BLUTI,1,9,9,8,21,,,NE
2632,2022,TROWBARROW,BLUTI,1,10,9,0,21,,,JD
2633,2022,TROWBARROW,BLUTI,1,9,9,5,21,,,NE
2634,2022,TROWBARROW,GRETI,1,6,6,4,18,,,NE
2635,2022,TROWBARROW,GRETI,1,5,5,0,32,,,JD
2636,2022,TROWBARROW,GRETI,1,7,7,7,26,,,NE
2637,2022,TROWBARROW,GRETI,1,5,4,3,23,,,NE
2638,2022,TROWBARROW,GRETI,1,7,7,7,22,,,NE
2639,2022,TROWBARROW,GRETI,1,8,0,0,23,,,ED
2640,2022,TROWBARROW,GRETI,1,6,6,0,22,,,JD
2641,2022,TROWBARROW,GRETI,1,8,8,4,22,,,NE
2642,2022,TROWBARROW,GRETI,1,9,9,0,17,,,JD
2643,2022,TROWBARROW,GRETI,1,4,0,0,32,,,ED
2644,2022,TROWBARROW,GRETI,1,5,4,1,38,,,NE
2645,2022,TROWBARROW,GRETI,1,7,7,0,29,,,JD
2646,2022,TROWBARROW,MARTI,1,8,8,8,10,,,NE
2647,2022,TROWBARROW,NUTHA,1,7,7,6,13,,,NE
2648,2022,TROWBARROW,NUTHA,1,7,7,5,22,,,NE
2649,2022,TROWBARROW,NUTHA,1,6,0,0,26,,,ED
2650,2022,TROWBARROW,COATI,1,9,8,6,19,,,NE
2651,2022,WARTON CRAG,BLUTI,1,9,8,5,18,,,NE
2652,2022,WARTON CRAG,BLUTI,1,6,5,3,21,,,NE
2653,2022,WARTON CRAG,BLUTI,1,8,8,0,15,,,JP
2654,2022,WARTON CRAG,BLUTI,1,7,7,0,16,,,JD
2655,2022,WARTON CRAG,BLUTI,1,8,8,6,18,,,NE
2656,2022,WARTON CRAG,BLUTI,1,11,11,0,23,,,JD
2657,2022,WARTON CRAG,BLUTI,1,1,0,0,24,,,ED
2658,2022,WARTON CRAG,BLUTI,1,4,2,2,33,,,NE
2659,2022,WARTON CRAG,BLUTI,1,6,6,0,21,,,JD
2660,2022,WARTON CRAG,BLUTI,1,6,6,0,21,,,JD
2661,2022,WARTON CRAG,BLUTI,1,9,8,0,21,,,JD
2662,2022,WARTON CRAG,GRETI,1,6,6,2,18,,,NE
2663,2022,WARTON CRAG,GRETI,1,5,4,1,19,,,NE
2664,2022,WARTON CRAG,GRETI,1,6,5,2,32,,,NE
2665,2022,WARTON CRAG,GRETI,1,8,8,7,19,,,NE
2666,2022,WARTON CRAG,GRETI,1,5,4,4,23,,,NE
2667,2022,WARTON CRAG,GRETI,1,8,7,5,20,,,NE
2668,2022,WARTON CRAG,GRETI,1,8,8,0,19,,,JP
2669,2022,WARTON CRAG,GRETI,1,8,7,0,19,,,JD
2670,2022,WARTON CRAG,GRETI,1,7,7,0,31,,,JD
2671,2022,WARTON CRAG,GRETI,1,6,4,3,33,,,NE
2672,2022,WARTON CRAG,GRETI,1,5,5,2,21,,,NE
2673,2022,WARTON CRAG,GRETI,1,8,8,0,15,,,JD
2674,2022,WARTON CRAG,GRETI,1,5,5,2,28,,,NE
2675,2022,WARTON CRAG,GRETI,1,5,4,0,28,,,JD
2676,2022,WARTON CRAG,GRETI,1,7,7,4,21,,,NE
2677,2022,WARTON CRAG,GRETI,1,4,4,0,18,,,JD
2678,2022,WARTON CRAG,GRETI,1,7,7,0,18,,,JD
2679,2022,WARTON CRAG,GRETI,1,6,6,3,21,,,NE
2680,2022,WARTON CRAG,GRETI,1,4,4,0,31,,,JD
2681,2022,WARTON CRAG,MARTI,1,10,10,9,8,,,NE
2682,2022,EAVES,BLUTI,1,7,7,6,21,,,NE
2683,2022,EAVES,BLUTI,1,7,7,0,19,,,JD
2684,2022,EAVES,BLUTI,1,9,9,0,21,,,JD
2685,2022,EAVES,BLUTI,1,7,7,0,24,,,JP
2686,2022,EAVES,BLUTI,1,10,6,5,22,,,NE
2687,2022,EAVES,BLUTI,1,12,10,0,21,,,JD
2688,2022,EAVES,BLUTI,1,7,7,0,23,,,JP
2689,2022,EAVES,BLUTI,1,10,10,5,17,,,NE
2690,2022,EAVES,BLUTI,1,7,6,6,24,,,NE
2691,2022,EAVES,GRETI,1,4,0,0,45,,,ED
2692,2022,EAVES,GRETI,1,5,0,0,42,,,ED
2693,2022,EAVES,GRETI,1,1,0,0,12,,,ED
2694,2022,EAVES,GRETI,1,6,6,5,20,,,NE
2695,2022,EAVES,GRETI,1,7,6,5,21,,,NE
2696,2022,EAVES,GRETI,1,7,6,0,19,,,JD
2697,2022,EAVES,GRETI,1,4,4,0,37,,,JD
2698,2022,EAVES,GRETI,1,4,3,0,30,,,JD
2699,2022,EAVES,GRETI,1,6,5,0,21,,,JP
2700,2022,EAVES,GRETI,1,6,5,0,23,,,JD
2701,2022,EAVES,GRETI,1,7,7,0,17,,,JD
2702,2022,EAVES,GRETI,1,5,5,3,27,,,NE
2703,2022,EAVES,GRETI,1,7,7,2,19,,,NE
2704,2022,EAVES,GRETI,1,5,5,3,12,,,NE
2705,2022,EAVES,GRETI,1,1,0,0,23,,,ED
2706,2022,EAVES,COATI,1,9,9,8,24,,,NE
2707,2022,EAVES,NUTHA,1,6,6,6,20,,,NE
2708,2022,EAVES,NUTHA,1,6,6,5,32,,,NE
2709,2022,WATERSLACK,BLUTI,1,9,9,7,19,,,NE
2710,2022,WATERSLACK,BLUTI,1,9,8,0,21,,,JD
2711,2022,WATERSLACK,BLUTI,1,9,9,4,24,,,NE
2712,2022,WATERSLACK,BLUTI,1,6,6,3,33,,,NE
2713,2022,WATERSLACK,BLUTI,1,5,4,4,25,,,NE
2714,2022,WATERSLACK,BLUTI,1,7,7,5,29,,,NE
2715,2022,WATERSLACK,BLUTI,1,8,8,0,29,,,JD
2716,2022,WATERSLACK,GRETI,1,5,3,0,32,,,JD
2717,2022,WATERSLACK,GRETI,1,7,6,3,29,,,NE
2718,2022,WATERSLACK,GRETI,1,6,6,6,29,,,NE
2719,2022,WATERSLACK,GRETI,1,6,5,3,15,,,NE
2720,2022,WATERSLACK,GRETI,1,6,5,4,23,,,NE
2721,2022,WATERSLACK,GRETI,1,7,7,3,22,,,NE
2722,2022,WATERSLACK,GRETI,1,7,5,3,19,,,NE
2723,2022,WATERSLACK,GRETI,1,4,4,4,24,,,NE
2724,2022,WATERSLACK,COATI,1,9,0,0,17,,,ED
2725,2022,BOTTOMS,BLUTI,1,8,7,0,23,,,JD
2726,2022,BOTTOMS,BLUTI,1,3,2,0,32,,,JD
2727,2022,BOTTOMS,BLUTI,1,5,5,0,33,,,JD
2728,2022,BOTTOMS,BLUTI,1,4,3,2,30,,,NE
2729,2022,BOTTOMS,GRETI,1,7,7,6,13,,,NE
2730,2022,BOTTOMS,GRETI,1,7,5,2,27,,,NE
2731,2022,BOTTOMS,GRETI,1,6,6,5,27,,,NE
2732,2022,BOTTOMS,MARTI,1,6,6,2,19,,,NE
2733,2022,BARTON,BLUTI,1,9,8,6,26,,,NE
2734,2022,BARTON,BLUTI,1,9,9,7,22,,,NE
2735,2022,BARTON,GRETI,1,5,5,4,22,,,NE
2736,2022,MIDDLE,BLUTI,1,11,10,10,27,,,NE
2737,2022,MIDDLE,BLUTI,1,7,7,6,27,,,NE
2738,2022,MIDDLE,BLUTI,1,11,0,0,24,,,EP
2739,2022,MIDDLE,BLUTI,1,8,8,8,38,,,NE
2740,2022,MIDDLE,BLUTI,1,12,11,9,21,,,NE
2741,2022,MIDDLE,BLUTI,1,10,8,7,18,,,NE
2742,2022,MIDDLE,BLUTI,1,8,7,7,29,,,NE
2743,2022,MIDDLE,BLUTI,1,8,0,0,25,,,ED
2744,2022,MIDDLE,BLUTI,1,9,8,8,24,,,NE
2745,2022,MIDDLE,PIEFL,1,7,7,7,31,,,NE
2746,2022,MIDDLE,PIEFL,1,7,7,6,31,,,NE
2747,2022,MIDDLE,PIEFL,1,8,8,7,32,,,NE
2748,2022,MIDDLE,PIEFL,1,8,8,8,36,,,NE
2749,2022,MIDDLE,PIEFL,1,8,8,8,31,,,NE
2750,2022,MIDDLE,GRETI,1,9,7,7,25,,,NE
2751,2022,MIDDLE,GRETI,1,7,0,0,25,,,EP
2752,2022,MIDDLE,GRETI,1,7,0,0,30,,,EP
2753,2022,MIDDLE,GRETI,1,7,6,5,64,,,NE
2754,2022,BLACKWOOD,BLUTI,1,9,0,0,26,,,EP
2755,2022,BLACKWOOD,BLUTI,1,9,0,0,31,,,EP
2756,2022,BLACKWOOD,BLUTI,1,14,0,0,16,,,EP
2757,2022,BLACKWOOD,BLUTI,1,12,0,0,21,,,EP
2758,2022,BLACKWOOD,BLUTI,1,10,0,0,34,,,EP
2759,2022,BLACKWOOD,BLUTI,1,8,8,0,24,,,JP
2760,2022,BLACKWOOD,GRETI,1,4,0,0,39,,,EP
2761,2022,BLACKWOOD,GRETI,1,10,0,0,22,,,EP
2762,2022,BLACKWOOD,PIEFL,1,7,0,0,43,,,EP
2763,2022,BELT,BLUTI,1,13,6,0,20,,,JP
2764,2022,BELT,BLUTI,1,1,0,0,18,,,ED
2765,2022,BELT,GRETI,1,9,0,0,21,,,EP
2766,2022,BELT,GRETI,1,11,8,8,21,,,NE
2767,2022,BELT,GRETI,1,8,0,0,21,,,EP
2768,2022,BELT,GRETI,1,9,7,7,24,,,NE
2769,2022,FAITHWAITE,BLUTI,1,11,0,0,26,,,EP
2770,2022,FAITHWAITE,BLUTI,1,10,0,0,19,,,EP
2771,2022,FAITHWAITE,BLUTI,1,4,0,0,33,,,ED
2772,2022,FAITHWAITE,BLUTI,1,8,0,0,28,,,EP
2773,2022,FAITHWAITE,BLUTI,1,2,0,0,19,,,EP
2774,2022,FAITHWAITE,BLUTI,1,10,0,0,31,,,EP
2775,2022,FAITHWAITE,BLUTI,1,4,0,0,32,,,ED
2776,2022,FAITHWAITE,BLUTI,1,9,0,0,23,,,EP
2777,2022,FAITHWAITE,BLUTI,1,8,0,0,42,,,EP
2778,2022,FAITHWAITE,BLUTI,1,10,9,0,18,,,JP
2779,2022,FAITHWAITE,BLUTI,1,1,0,0,27,,,ED
2780,2022,FAITHWAITE,BLUTI,1,11,0,0,20,,,EP
2781,2022,FAITHWAITE,GRETI,1,4,0,0,24,,,ED
2782,2022,FAITHWAITE,GRETI,1,2,0,0,19,,,EP
2783,2022,FAITHWAITE,GRETI,1,4,0,0,25,,,EP
2784,2022,FAITHWAITE,GRETI,1,9,9,0,21,,,JP
2785,2022,FAITHWAITE,GRETI,1,1,0,0,20,,,EP
2786,2022,FAITHWAITE,GRETI,1,1,0,0,20,,,EP
2787,2022,FAITHWAITE,GRETI,1,10,0,0,30,,,EP
2788,2022,FAITHWAITE,GRETI,1,10,0,0,31,,,EP
2789,2022,FAITHWAITE,NUTHA,1,8,8,3,18,,,NE
2790,2022,BROADWOOD WRAY,BLUTI,1,7,6,6,28,,,NE
2791,2022,BROADWOOD WRAY,BLUTI,1,12,11,11,21,,,NE
2792,2022,BROADWOOD WRAY,BLUTI,1,12,11,11,20,,,NE
2793,2022,BROADWOOD WRAY,BLUTI,1,10,10,10,15,,,NE
2794,2022,BROADWOOD WRAY,BLUTI,1,14,13,11,19,,,NE
2795,2022,BROADWOOD WRAY,BLUTI,1,9,8,8,38,,,NE
2796,2022,BROADWOOD WRAY,BLUTI,1,11,11,10,17,,,NE
2797,2022,BROADWOOD WRAY,BLUTI,1,11,10,1,19,,,NE
2798,2022,BROADWOOD WRAY,BLUTI,1,8,8,5,16,,,NE
2799,2022,BROADWOOD WRAY,GRETI,1,11,11,10,17,,,NE
2800,2022,BROADWOOD WRAY,GRETI,1,10,10,6,26,,,NE
2801,2022,BROADWOOD WRAY,GRETI,1,8,7,6,17,,,NE
2802,2022,BROADWOOD WRAY,PIEFL,1,8,7,7,38,,,NE
2803,2022,BROADWOOD WRAY,PIEFL,1,7,5,4,49,,,NE
2804,2022,BROADWOOD WRAY,PIEFL,1,7,7,7,28,,,NE
2805,2022,DEEP GILL,BLUTI,1,12,0,0,21,,,EP
2806,2022,DEEP GILL,BLUTI,1,7,7,5,41,,,NE
2807,2022,DEEP GILL,GRETI,1,4,0,0,20,,,EP
2808,2022,DEEP GILL,GRETI,1,6,5,4,62,,,NE
2809,2022,DEEP GILL,GRETI,1,12,7,6,17,,,NE
2810,2022,DEEP GILL,NUTHA,1,7,0,0,16,,,EP
2811,2022,BANKS,PIEFL,1,5,5,0,56,,,JD
2812,2022,BANKS,PIEFL,1,7,5,5,35,,,NE
2813,2022,BANKS,PIEFL,1,7,7,7,44,,,NE
2814,2022,BANKS,PIEFL,1,8,0,0,36,,,EP
2815,2022,BANKS,REDST,1,6,6,6,42,,,NE
2816,2022,BANKS,GRETI,1,8,8,6,21,,,NE
2817,2022,SUMMERS,GRETI,1,9,9,0,23,,,JP
2818,2022,SUMMERS,BLUTI,1,11,9,8,20,,,NE
2819,2022,SUMMERS,PIEFL,1,7,7,7,39,,,NE
2820,2022,SUMMERS,PIEFL,1,8,0,0,34,,,EP
2821,2022,SUMMERS,PIEFL,1,8,0,0,34,,,EP
2822,2022,BOTTOMS,PIEFL,1,7,7,7,32,,,NE
2823,2022,BOTTOMS,BLUTI,1,12,11,10,17,,,NE
2824,2022,HAW WOOD,BLUTI,1,12,11,8,18,,,NE
2825,2022,HAW WOOD,BLUTI,1,7,7,4,36,,,NE
2826,2022,HAW WOOD,BLUTI,1,10,10,8,28,,,NE
2827,2022,HAW WOOD,BLUTI,1,11,10,8,23,,,NE
2828,2022,HAW WOOD,GRETI,1,5,0,0,30,,,ED
2829,2022,HAW WOOD,GRETI,1,8,0,0,28,,,ED
2830,2022,HAW WOOD,PIEFL,1,7,7,7,36,,,NE
2831,2022,HAW WOOD,PIEFL,1,7,7,7,42,,,NE
2832,2022,HAW WOOD,PIEFL,1,7,7,5,41,,,NE
2833,2022,HAW WOOD,PIEFL,1,8,8,8,30,,,NE
2834,2022,HAW WOOD,PIEFL,1,8,6,6,51,,,NE
2835,2022,HAW WOOD,PIEFL,1,2,0,0,49,,,ED
2836,2022,HAW WOOD,PIEFL,1,8,7,6,35,,,NE
2837,2022,HAW WOOD,PIEFL,1,8,8,8,38,,,NE
2838,2022,HAW WOOD,PIEFL,1,7,7,7,26,,,NE
2839,2022,HAW WOOD,PIEFL,1,4,4,3,71,,,NE
2840,2022,HAW WOOD,PIEFL,1,7,7,7,28,,,NE
2841,2022,HAW WOOD,PIEFL,1,7,5,5,38,,,NE
2842,2022,HAW WOOD,PIEFL,1,7,7,5,37,,,NE
2843,2022,HAW WOOD,REDST,1,7,5,5,40,,,NE
2844,2023,TROWBARROW,BLUTI,1,7,6,5,21,,,NE
2845,2023,TROWBARROW,BLUTI,1,8,8,5,33,,,NE
2846,2023,TROWBARROW,BLUTI,1,9,8,8,20,,,NE
2847,2023,TROWBARROW,BLUTI,1,10,5,0,36,,,JD
2848,2023,TROWBARROW,BLUTI,1,7,7,7,26,,,NE
2849,2023,TROWBARROW,BLUTI,1,12,12,10,21,,,NE
2850,2023,TROWBARROW,BLUTI,1,7,7,7,29,,,NE
2851,2023,TROWBARROW,BLUTI,1,8,5,5,23,,,NE
2852,2023,TROWBARROW,BLUTI,1,10,8,8,21,,,NE
2853,2023,TROWBARROW,BLUTI,1,9,9,8,26,,,NE
2854,2023,TROWBARROW,BLUTI,1,10,10,10,27,,,NE
2855,2023,TROWBARROW,BLUTI,1,7,0,0,25,,,ED
2856,2023,TROWBARROW,BLUTI,1,7,5,5,31,,,NE
2857,2023,TROWBARROW,BLUTI,1,8,8,0,21,,,JP
2858,2023,TROWBARROW,BLUTI,1,9,9,9,23,,,NE
2859,2023,TROWBARROW,BLUTI,1,8,8,7,22,,,NE
2860,2023,TROWBARROW,BLUTI,1,7,5,5,24,,,NE
2861,2023,TROWBARROW,GRETI,1,8,7,7,30,,,NE
2862,2023,TROWBARROW,GRETI,1,7,7,7,21,,,NE
2863,2023,TROWBARROW,GRETI,1,6,6,6,20,,,NE
2864,2023,TROWBARROW,GRETI,1,9,8,8,21,,,NE
2865,2023,TROWBARROW,GRETI,1,6,6,6,24,,,NE
2866,2023,TROWBARROW,GRETI,1,6,5,5,19,,,NE
2867,2023,TROWBARROW,GRETI,1,8,8,7,18,,,NE
2868,2023,TROWBARROW,GRETI,1,7,7,6,22,,,NE
2869,2023,TROWBARROW,GRETI,1,8,7,3,18,,,NE
2870,2023,TROWBARROW,GRETI,1,5,4,4,30,,,NE
2871,2023,TROWBARROW,GRETI,1,8,8,0,21,,,JP
2872,2023,TROWBARROW,GRETI,1,11,5,0,20,,,JD
2873,2023,TROWBARROW,GRETI,1,9,0,0,33,,,ED
2874,2023,TROWBARROW,GRETI,1,8,8,8,15,,,NE
2875,2023,TROWBARROW,MARTI,1,7,6,6,14,,,NE
2876,2023,TROWBARROW,NUTHA,1,6,6,4,16,,,NE
2877,2023,TROWBARROW,NUTHA,1,4,0,0,32,,,ED
2878,2023,TROWBARROW,COATI,1,6,5,4,19,,,NE
2879,2023,WARTON CRAG,BLUTI,1,8,7,7,33,,,NE
2880,2023,WARTON CRAG,BLUTI,1,8,7,7,30,,,NE
2881,2023,WARTON CRAG,BLUTI,1,1,0,0,25,,,ED
2882,2023,WARTON CRAG,BLUTI,1,8,0,0,29,,,EP
2883,2023,WARTON CRAG,BLUTI,1,12,0,0,25,,,EP
2884,2023,WARTON CRAG,BLUTI,1,7,0,0,19,,,EP
2885,2023,WARTON CRAG,BLUTI,1,7,0,0,26,,,EP
2886,2023,WARTON CRAG,BLUTI,1,12,0,0,26,,,EP
2887,2023,WARTON CRAG,BLUTI,1,7,0,0,21,,,EP
2888,2023,WARTON CRAG,GRETI,1,7,7,7,19,,,NE
2889,2023,WARTON CRAG,GRETI,1,6,6,0,24,,,JP
2890,2023,WARTON CRAG,GRETI,1,5,0,0,42,,,EP
2891,2023,WARTON CRAG,GRETI,1,9,8,0,19,,,JP
2892,2023,WARTON CRAG,GRETI,1,6,6,0,23,,,JP
2893,2023,WARTON CRAG,GRETI,1,8,8,0,20,,,JP
2894,2023,WARTON CRAG,GRETI,1,6,6,0,18,,,JP
2895,2023,WARTON CRAG,GRETI,1,4,0,0,42,,,EP
2896,2023,WARTON CRAG,GRETI,1,9,0,0,20,,,EP
2897,2023,WARTON CRAG,GRETI,1,5,0,0,36,,,EP
2898,2023,WARTON CRAG,GRETI,1,6,0,0,18,,,EP
2899,2023,WARTON CRAG,GRETI,1,7,5,0,23,,,JP
2900,2023,WARTON CRAG,GRETI,1,6,6,0,38,,,JP
2901,2023,WARTON CRAG,GRETI,1,4,0,0,22,,,EP
2902,2023,WARTON CRAG,NUTHA,1,2,0,0,30,,,ED
2903,2023,WARTON CRAG,NUTHA,1,8,8,0,21,,,JP
2904,2023,WARTON CRAG,NUTHA,1,4,0,0,36,,,ED
2905,2023,WARTON CRAG,COATI,1,9,8,0,22,,,JP
2906,2023,WARTON CRAG,COATI,1,7,5,5,31,,,NE
2907,2023,EAVES,BLUTI,1,9,8,8,21,,,NE
2908,2023,EAVES,BLUTI,1,10,9,9,25,,,NE
2909,2023,EAVES,BLUTI,1,10,9,6,23,,,NE
2910,2023,EAVES,GRETI,1,6,6,6,22,,,NE
2911,2023,EAVES,GRETI,1,5,5,5,11,,,NE
2912,2023,EAVES,GRETI,1,5,5,5,18,,,NE
2913,2023,EAVES,GRETI,1,6,6,6,21,,,NE
2914,2023,EAVES,GRETI,1,6,5,3,23,,,NE
2915,2023,EAVES,GRETI,1,8,7,6,19,,,NE
2916,2023,EAVES,GRETI,1,4,0,0,31,,,ED
2917,2023,EAVES,GRETI,1,8,8,8,21,,,NE
2918,2023,EAVES,GRETI,1,6,5,0,20,,,JD
2919,2023,EAVES,GRETI,1,7,6,6,18,,,NE
2920,2023,EAVES,NUTHA,1,6,6,5,23,,,NE
2921,2023,EAVES,NUTHA,1,4,0,0,27,,,ED
2922,2023,EAVES,NUTHA,1,6,6,6,20,,,NE
2923,2023,EAVES,NUTHA,1,8,6,6,19,,,NE
2924,2023,EAVES,NUTHA,1,7,4,2,25,,,NE
2925,2023,WATERSLACK,BLUTI,1,6,5,2,16,,,NE
2926,2023,WATERSLACK,BLUTI,1,6,4,0,33,,,JD
2927,2023,WATERSLACK,BLUTI,1,9,8,7,23,,,NE
2928,2023,WATERSLACK,BLUTI,1,7,7,0,33,,,JD
2929,2023,WATERSLACK,BLUTI,1,9,5,4,39,,,NE
2930,2023,WATERSLACK,GRETI,1,6,6,2,18,,,NE
2931,2023,WATERSLACK,GRETI,1,3,2,2,30,,,NE
2932,2023,WATERSLACK,GRETI,1,8,8,7,15,,,NE
2933,2023,WATERSLACK,GRETI,1,6,6,2,23,,,NE
2934,2023,WATERSLACK,GRETI,1,6,6,5,21,,,NE
2935,2023,WATERSLACK,GRETI,1,8,7,4,38,,,NE
2936,2023,WATERSLACK,GRETI,1,6,0,0,24,,,ED
2937,2023,WATERSLACK,GRETI,1,6,6,3,41,,,NE
2938,2023,WATERSLACK,COATI,1,4,0,0,22,,,ED
2939,2023,WATERSLACK,NUTHA,1,3,0,0,21,,,ED
2940,2023,WATERSLACK,COATI,1,8,8,7,13,,,NE
2941,2023,BOTTOMS,BLUTI,1,7,6,4,31,,,NE
2942,2023,BOTTOMS,BLUTI,1,7,5,5,25,,,NE
2943,2023,BOTTOMS,BLUTI,1,6,5,0,29,,,JD
2944,2023,BOTTOMS,BLUTI,1,8,7,6,35,,,NE
2945,2023,BOTTOMS,GRETI,1,6,4,4,22,,,NE
2946,2023,BOTTOMS,GRETI,1,6,5,5,18,,,NE
2947,2023,BOTTOMS,GRETI,1,11,9,7,14,,,NE
2948,2023,BARTON,BLUTI,1,8,0,0,15,,,ED
2949,2023,BARTON,BLUTI,1,4,3,3,28,,,NE
2950,2023,BARTON,BLUTI,1,6,6,3,21,,,NE
2951,2023,BARTON,GRETI,1,5,5,5,28,,,NE
2952,2023,BARTON,GRETI,1,6,6,6,19,,,NE
2953,2023,BARTON,GRETI,1,6,6,6,27,,,NE
2954,2023,BARTON,NUTHA,1,4,0,0,19,,,ED
2955,2023,BARTON,COATI,1,6,5,4,17,,,NE
2956,2023,MIDDLE,BLUTI,1,10,10,10,28,,,NE
2957,2023,MIDDLE,BLUTI,1,9,8,8,24,,,NE
2958,2023,MIDDLE,BLUTI,1,10,10,10,28,,,NE
2959,2023,MIDDLE,BLUTI,1,9,8,8,27,,,NE
2960,2023,MIDDLE,BLUTI,1,12,10,9,27,,,NE
2961,2023,MIDDLE,BLUTI,1,11,11,10,23,,,NE
2962,2023,MIDDLE,BLUTI,1,1,0,0,27,,,ED
2963,2023,MIDDLE,BLUTI,1,11,10,10,21,,,NE
2964,2023,MIDDLE,BLUTI,1,10,8,8,31,,,NE
2965,2023,MIDDLE,BLUTI,1,11,9,9,24,,,NE
2966,2023,MIDDLE,BLUTI,1,8,0,0,27,,,EP
2967,2023,MIDDLE,BLUTI,1,2,0,0,33,,,ED
2968,2023,MIDDLE,BLUTI,1,9,0,0,23,,,EP
2969,2023,MIDDLE,BLUTI,1,7,5,5,32,,,NE
2970,2023,MIDDLE,BLUTI,1,9,9,9,31,,,NE
2971,2023,MIDDLE,PIEFL,1,7,7,7,32,,,NE
2972,2023,MIDDLE,PIEFL,1,7,7,7,38,,,NE
2973,2023,MIDDLE,PIEFL,1,8,8,8,34,,,NE
2974,2023,MIDDLE,PIEFL,1,7,7,7,43,,,NE
2975,2023,MIDDLE,PIEFL,1,8,6,6,37,,,NE
2976,2023,MIDDLE,PIEFL,1,9,9,9,31,,,NE
2977,2023,MIDDLE,PIEFL,1,8,7,7,37,,,NE
2978,2023,MIDDLE,PIEFL,1,6,6,6,40,,,NE
2979,2023,MIDDLE,PIEFL,1,7,7,0,42,,,JP
2980,2023,MIDDLE,PIEFL,1,7,7,7,36,,,NE
2981,2023,MIDDLE,GRETI,1,9,8,8,32,,,NE
2982,2023,MIDDLE,GRETI,1,11,8,7,20,,,NE
2983,2023,MIDDLE,GRETI,1,8,8,8,30,,,NE
2984,2023,BLACKWOOD,BLUTI,1,9,8,0,27,,,JP
2985,2023,BLACKWOOD,BLUTI,1,10,9,0,31,,,JP
2986,2023,BLACKWOOD,BLUTI,1,9,8,7,33,,,NE
2987,2023,BLACKWOOD,BLUTI,1,9,7,0,27,,,JP
2988,2023,BLACKWOOD,BLUTI,1,7,7,0,30,,,JP
2989,2023,BLACKWOOD,COATI,1,9,8,7,23,,,NE
2990,2023,BLACKWOOD,GRETI,1,8,6,5,30,,,NE
2991,2023,BLACKWOOD,PIEFL,1,7,7,0,38,,,JP
2992,2023,BLACKWOOD,PIEFL,1,6,0,0,36,,,EP
2993,2023,BELT,GRETI,1,10,0,0,34,,,EP
2994,2023,BELT,GRETI,1,10,9,8,32,,,NE
2995,2023,BELT,GRETI,1,9,7,0,34,,,JP
2996,2023,BELT,PIEFL,1,8,0,0,39,,,EP
2997,2023,FAITHWAITE,BLUTI,1,11,11,11,28,,,NE
2998,2023,FAITHWAITE,BLUTI,1,10,10,10,24,,,NE
2999,2023,FAITHWAITE,BLUTI,1,10,10,0,27,,,JP
3000,2023,FAITHWAITE,BLUTI,1,8,8,8,27,,,NE
3001,2023,FAITHWAITE,BLUTI,1,9,9,9,24,,,NE
3002,2023,FAITHWAITE,BLUTI,1,10,8,0,25,,,JD
3003,2023,FAITHWAITE,BLUTI,1,8,7,7,27,,,NE
3004,2023,FAITHWAITE,BLUTI,1,9,4,3,32,,,NE
3005,2023,FAITHWAITE,BLUTI,1,12,12,0,22,,,JP
3006,2023,FAITHWAITE,BLUTI,1,11,9,0,27,,,JP
3007,2023,FAITHWAITE,BLUTI,1,9,8,8,31,,,NE
3008,2023,FAITHWAITE,BLUTI,1,9,8,8,31,,,NE
3009,2023,FAITHWAITE,BLUTI,1,7,6,6,22,,,NE
3010,2023,FAITHWAITE,GRETI,1,9,9,0,25,,,JP
3011,2023,FAITHWAITE,GRETI,1,5,0,0,21,,,ED
3012,2023,FAITHWAITE,GRETI,1,9,8,0,34,,,JP
3013,2023,FAITHWAITE,GRETI,1,5,2,2,25,,,NE
3014,2023,FAITHWAITE,GRETI,1,8,8,8,31,,,NE
3015,2023,FAITHWAITE,GRETI,1,7,7,7,20,,,NE
3016,2023,FAITHWAITE,GRETI,1,7,7,7,31,,,NE
3017,2023,FAITHWAITE,NUTHA,1,7,7,7,35,,,NE
3018,2023,FAITHWAITE,NUTHA,1,6,6,6,29,,,NE
3019,2023,FAITHWAITE,PIEFL,1,7,0,0,41,,,EP
3020,2023,FAITHWAITE,PIEFL,1,8,6,5,36,,,NE
3021,2023,FAITHWAITE,COATI,1,1,0,0,31,,,ED
3022,2023,BROADWOOD WRAY,BLUTI,1,10,10,10,31,,,NE
3023,2023,BROADWOOD WRAY,BLUTI,1,7,7,7,29,,,NE
3024,2023,BROADWOOD WRAY,BLUTI,1,13,13,13,12,,,NE
3025,2023,BROADWOOD WRAY,BLUTI,1,12,11,11,21,,,NE
3026,2023,BROADWOOD WRAY,BLUTI,1,11,11,11,23,,,NE
3027,2023,BROADWOOD WRAY,BLUTI,1,7,4,0,24,,,JP
3028,2023,BROADWOOD WRAY,BLUTI,1,14,14,12,20,,,NE
3029,2023,BROADWOOD WRAY,BLUTI,1,7,7,7,15,,,NE
3030,2023,BROADWOOD WRAY,GRETI,1,11,8,8,27,,,NE
3031,2023,BROADWOOD WRAY,GRETI,1,7,7,7,30,,,NE
3032,2023,BROADWOOD WRAY,GRETI,1,8,7,7,30,,,NE
3033,2023,BROADWOOD WRAY,GRETI,1,9,8,8,27,,,NE
3034,2023,BROADWOOD WRAY,GRETI,1,8,8,8,30,,,NE
3035,2023,BROADWOOD WRAY,GRETI,1,7,7,7,33,,,NE
3036,2023,BROADWOOD WRAY,PIEFL,1,3,0,0,47,,,EP
3037,2023,BROADWOOD WRAY,PIEFL,1,6,6,6,39,,,NE
3038,2023,BROADWOOD WRAY,PIEFL,1,8,8,8,34,,,NE
3039,2023,BROADWOOD WRAY,NUTHA,1,5,5,5,33,,,NE
3040,2023,BROADWOOD WRAY,NUTHA,1,5,5,4,20,,,NE
3041,2023,DEEP GILL,BLUTI,1,11,11,11,23,,,NE
3042,2023,DEEP GILL,BLUTI,1,10,9,9,25,,,NE
3043,2023,DEEP GILL,GRETI,1,9,9,9,27,,,NE
3044,2023,DEEP GILL,GRETI,1,6,5,5,24,,,NE
3045,2023,DEEP GILL,PIEFL,1,3,0,0,36,,,ED
3046,2023,DEEP GILL,REDST,1,5,5,5,38,,,NE
3047,2023,BANKS,PIEFL,1,7,6,0,37,,,JP
3048,2023,BANKS,PIEFL,1,7,7,0,39,,,JP
3049,2023,BANKS,REDST,1,7,7,0,37,,,JP
3050,2023,BANKS,GRETI,1,9,9,9,21,,,NE
3051,2023,SUMMERS,REDST,1,5,,,64,,,OU
3052,2023,SUMMERS,BLUTI,1,9,0,0,27,,,ED
3053,2023,SUMMERS,PIEFL,1,7,7,0,39,,,JP
3054,2023,SUMMERS,PIEFL,1,6,4,4,40,,,NE
3055,2023,SUMMERS,PIEFL,1,7,7,7,37,,,NE
3056,2023,SUMMERS,PIEFL,1,6,4,0,40,,,JP
3057,2023,BOTTOMS,PIEFL,1,7,6,6,35,,,NE
3058,2023,BOTTOMS,PIEFL,1,7,6,6,39,,,NE
3059,2023,BOTTOMS,BLUTI,1,10,9,9,28,,,NE
3060,2023,HAW WOOD,BLUTI,1,10,6,6,29,,,NE
3061,2023,HAW WOOD,BLUTI,1,12,11,11,22,,,NE
3062,2023,HAW WOOD,BLUTI,1,11,8,8,22,,,NE
3063,2023,HAW WOOD,BLUTI,1,12,11,10,25,,,NE
3064,2023,HAW WOOD,BLUTI,1,10,7,7,28,,,NE
3065,2023,HAW WOOD,BLUTI,1,10,9,9,32,,,NE
3066,2023,HAW WOOD,BLUTI,1,10,9,9,19,,,NE
3067,2023,HAW WOOD,PIEFL,1,8,7,6,39,,,NE
3068,2023,HAW WOOD,PIEFL,1,7,4,3,33,,,NE
3069,2023,HAW WOOD,PIEFL,1,6,0,0,47,,,EP
3070,2023,HAW WOOD,PIEFL,1,8,0,0,35,,,EP
3071,2023,HAW WOOD,PIEFL,1,7,6,6,37,,,NE
3072,2023,HAW WOOD,PIEFL,1,7,7,7,39,,,NE
3073,2023,HAW WOOD,PIEFL,1,8,8,7,35,,,NE
3074,2023,HAW WOOD,PIEFL,1,5,4,3,66,,,NE
3075,2023,HAW WOOD,PIEFL,1,8,8,7,37,,,NE
3076,2023,HAW WOOD,PIEFL,1,7,0,0,31,,,EP
3077,2023,HAW WOOD,PIEFL,1,7,7,0,36,,,JP
3078,2023,HAW WOOD,GRETI,1,9,8,8,27,,,NE
3079,2023,HAW WOOD,GRETI,1,7,7,7,28,,,NE
