BroodID,Year,Box,Popn,Species,CltCd,CltSize,Hatch,Fledged,DFE,DH,MinEggs,MinHatch,UnHatch,Outcome,MaleID,MaleStatus,MaleDate,MaleRingDate,MaleMinAge,FemaleID,FemaleStatus,FemaleRingDate,FemaleDate,FemaleMinAge,YoungDate,Young1,Young2,Young3,Young4,Young5,Young6,Young7,Young8,Young9,Young10,Weight.Y1,Weight.Y2,Weight.Y3,Weight.Y4,Weight.Y5,Weight.Y6,Weight.Y7,Weight.Y8,Weight.Y9,Weight.Y10,Comments 
1,1981,2,KEN,PIEFL,1,,,,,,,,1,,,,,,,,,,,,11/06/1981,B210544,B210545,B210546,B210547,B210548,,,,,,,,,,,,,,,,
2,1981,8,KEN,PIEFL,1,,,,,,,,1,,,,,,,,,,,,11/06/1981,B210538,B210539,B210540,B210541,B210542,B210543,,,,,,,,,,,,,,,
3,1981,11,KEN,PIEFL,1,,,,,,,,,,,,,,,,,,,,13/06/1981,B210588,B210589,B210590,B210591,B210592,B210593,,,,,,,,,,,,,,,
4,1981,15,KEN,PIEFL,1,,,,,,,,,,,,,,,B210663,I,16/06/1981,16/06/1981,1,15/06/1981,B210653,B210654,B210655,B210656,B210657,B210658,B210659,,,,,,,,,,,,,,
5,1981,23,KEN,PIEFL,1,,,,,,,,1,,,,,,,,,,,,11/06/1981,B210532,B210533,B210534,B210535,B210536,B210537,,,,,,,,,,,,,,,
6,1981,25,KEN,PIEFL,1,,,,,,,,1,,,,,,,,,,,,,,,,,,,,,,,,,,,,,,,,,
7,1981,27,KEN,PIEFL,1,,,,,,,,,,,,,,,B210651,I,15/06/1981,15/06/1981,1,16/06/1981,B210664,B210665,B210666,,,,,,,,,,,,,,,,,,
8,1981,29,KEN,PIEFL,1,,,,,,,,,,,,,,,B210524,I,11/06/1981,11/06/1981,1,11/06/1981,B210525,B210526,B210527,B210528,B210529,B210530,B210531,,,,,,,,,,,,,,
9,1981,33,KEN,PIEFL,1,,,,,,,,,,B210667,I,16/06/1981,16/06/1981,1,,,,,,21/06/1981,B210693,B210694,B210695,B210696,B210697,B210698,,,,,,,,,,,,,,,
10,1981,35,KEN,PIEFL,1,,,,,,,,,,,,,,,,,,,,21/06/1981,B210688,B210689,B210690,B210691,B210692,,,,,,,,,,,,,,,,
11,1981,37,KEN,PIEFL,1,,,,,,,,,,,,,,,B210652,I,15/06/1981,15/06/1981,1,11/06/1981,B210516,B210517,B210518,B210519,B210520,B210521,B210522,B210523,,,,,,,,,,,,,
12,1981,8,NAG,PIEFL,1,,,,,,,,,OU,,,,,,B210508,I,31/05/1981,31/05/1981,1,,,,,,,,,,,,,,,,,,,,,,
13,1981,11,NAG,PIEFL,1,,,,,,,,,OU,B210585,I,13/06/1981,13/06/1981,1,,,,,,,,,,,,,,,,,,,,,,,,,,,
14,1981,18,NAG,PIEFL,1,,,,,,,,3,OU,,,,,,,,,,,13/06/1981,B210586,B210587,,,,,,,,,,,,,,,,,,,
15,1981,32,NAG,PIEFL,1,,,,,,,,,OU,,,,,,,,,,,11/06/1981,B210563,B210564,B210565,B210566,,,,,,,15.4,15.3,14.7,14,,,,,,,
16,1981,47,NAG,PIEFL,1,,,,,,,,,OU,,,,,,,,,,,11/06/1981,B210554,B210555,B210556,B210557,B210558,,,,,,14.7,13.8,15.3,15,14.4,,,,,,
17,1981,79,NAG,PIEFL,1,,,,,,,,,OU,B210511,I,31/05/1981,31/05/1981,1,,,,,,15/06/1981,B210632,B210633,B210634,B210635,B210636,B210637,,,,,15.2,15.5,14.4,13.6,11.1,,,,,,
18,1981,85,NAG,PIEFL,1,,,,,,,,,OU,,,,,,B210502,I,31/05/1981,31/05/1981,1,15/06/1981,B210660,B210661,,,,,,,,,,,,,,,,,,,
19,1981,114,NAG,PIEFL,1,,,,,,,,,OU,B210584,I,11/06/1981,11/06/1981,1,B210505,I,31/05/1981,31/05/1981,1,17/06/1981,B210668,B210669,B210670,B210671,,,,,,,,,,,,,,,,,
20,1981,115,NAG,PIEFL,1,,,,,,,,,OU,B210515,I,11/06/1981,11/06/1981,1,,,,,,13/06/1981,B210601,B210602,B210603,B210604,B210605,B210606,,,,,15,10.4,15.7,14.6,15.3,16.2,,,,,
21,1981,131,NAG,PIEFL,1,,,,,,,,,OU,B210512,I,07/06/1981,07/06/1981,1,,,,,,15/06/1981,B210626,B210627,B210628,B210629,B210630,B210631,,,,,14.8,14.1,14.6,13.6,14.1,14,,,,,
22,1981,133,NAG,PIEFL,1,,,,,,,,,OU,B210677,I,19/06/1981,19/06/1981,1,,,,,,19/06/1981,B210678,B210679,B210680,B210681,B210682,,,,,,,,,,,,,,,,
23,1981,134,NAG,PIEFL,1,,,,,,,,1,OU,,,,,,,,,,,11/06/1981,B210559,B210560,B210561,B210562,,,,,,,14.5,13.1,13.8,13.7,,,,,,,
24,1981,135,NAG,PIEFL,1,,,,,,,,,OU,,,,,,,,,,,17/06/1981,B210672,B210673,B210674,B210675,B210676,,,,,,14.2,14,15.1,14.6,13.7,,,,,,
25,1981,145,NAG,PIEFL,1,,,,,,,,,OU,B210514,I,08/06/1981,08/06/1981,1,,,,,,16/06/1981,B210704,,,,,,,,,,,,,,,,,,,,
26,1981,148,NAG,PIEFL,1,,,,,,,,,OU,,,,,,B210683,I,19/06/1981,19/06/1981,1,,,,,,,,,,,,,,,,,,,,,,
27,1981,168,NAG,PIEFL,1,,,,,,,,,OU,B210513,I,07/06/1981,07/06/1981,1,,,,,,13/06/1981,B210594,B210595,B210596,B210597,B210598,,,,,,15.2,15.7,15.1,13.1,15.3,,,,,,
28,1981,191,NAG,PIEFL,1,,,,,,,,,OU,,,,,,B210504,I,31/05/1981,31/05/1981,1,16/06/1981,B210705,B210706,B210707,B210708,B210709,,,,,,,,,,,,,,,,
29,1981,192,NAG,PIEFL,1,,,,,,,,,OU,,,,,,B210503,I,31/05/1981,31/05/1981,1,,,,,,,,,,,,,,,,,,,,,,
30,1981,222,NAG,PIEFL,1,,,5,,,,,,NE,B210509,I,31/05/1981,31/05/1981,1,,,,,,11/06/1981,B210572,B210573,B210574,B210575,B210576,,,,,,14.3,14.7,14.2,14.3,15,,,,,,
31,1981,304,NAG,PIEFL,1,,,,,,,,,OU,,,,,,B210501,I,30/05/1981,30/05/1981,1,,,,,,,,,,,,,,,,,,,,,,
32,1981,325,NAG,PIEFL,1,,,,,,,,,OU,,,,,,B210684,I,19/06/1981,19/06/1981,1,,,,,,,,,,,,,,,,,,,,,,
33,1981,335,NAG,PIEFL,1,,,,,,,,,OU,,,,,,,,,,,20/06/1981,B210685,B210686,B210687,,,,,,,,12.6,12.3,13.9,,,,,,,,
34,1981,335,NAG,PIEFL,1,,,,,,,,,OU,,,,,,B210662,I,15/06/1981,15/06/1981,1,,,,,,,,,,,,,,,,,,,,,,
35,1981,337,NAG,PIEFL,1,,,,,,,,1,OU,,,,,,,,,,,11/06/1981,B210567,B210568,B210569,B210570,B210571,,,,,,14.3,13.9,13.5,14.6,13.4,,,,,,
36,1981,338,NAG,PIEFL,1,,,,,,,,,OU,,,,,,,,,,,15/06/1981,B210623,B210624,B210625,,,,,,,,11.1,14.2,14.6,,,,,,,,
37,1981,343,NAG,PIEFL,1,,,,,,,,,OU,,,,,,,,,,,14/06/1981,B210620,B210621,B210622,,,,,,,,14.1,15.1,14.3,,,,,,,,
38,1981,346,NAG,PIEFL,1,,,8,,,,,,NE,B210510,I,31/05/1981,31/05/1981,1,,,,,,11/06/1981,B210577,B210578,B210579,B210580,B210581,B210582,B210583,,,,14.6,13.8,14,14.3,14.7,14.2,14.6,,,,
39,1981,E12,NAG,PIEFL,1,,,6,,,,,,NE,,,,,,B210506,I,31/05/1981,31/05/1981,1,14/06/1981,B210600,B210607,B210608,B210609,B210610,B210611,,,,,,,,,,,,,,,
40,1981,E27,NAG,PIEFL,1,,,7,,,,,,NE,B210619,I,14/06/1981,14/06/1981,1,B210507,I,31/05/1981,31/05/1981,1,14/06/1981,B210612,B210613,B210614,B210615,B210616,B210617,B210618,,,,15.9,15.9,13.6,14.7,14,15.1,15.4,,,,
41,1981,SC10,NAG,PIEFL,1,,,7,,,,,,NE,,,,,,,,,,,15/06/1981,B210638,B210639,B210640,B210641,B210642,B210643,B210644,,,,,,,,,,,,,,
42,1981,SCOUTHUT4,NAG,PIEFL,1,,,,,,,,,OU,,,,,,,,,,,15/06/1981,B210646,B210647,B210648,B210649,B210650,B210701,B210702,B210703,,,,,,,,,,,,,
44,1982,,FLO,PIEFL,1,,,6,,,,,,NE,B525271,I,09/06/1982,09/06/1982,1,B525270,I,09/06/1982,09/06/1982,1,09/06/1982,B525272,B525273,B525274,B525275,B525276,B525277,,,,,,,,,,,,,,,Hatching date estimated - Assumption that all ringed young fledged
45,1982,6,KEN,PIEFL,1,7,,7,42,62,,,,NE,A843685,,05/06/1982,,1,B210645,I,15/06/1981,23/05/1982,1,12/06/1982,B525345,B525346,B525347,B525348,B525349,B525350,B525351,,,,,,,,,,,,,,Hatching date estimated - Assumption that all ringed young fledged
46,1982,11,KEN,PIEFL,1,7,7,7,38,59,,,,NE,A843777,,05/06/1982,,1,A147429,,,23/05/1982,1,05/06/1982,B525133,B525134,B525135,B525136,B525137,B525138,B525139,,,,,,,,,,,,,,Hatching date estimated - Assumption that all ringed young fledged
47,1982,14,KEN,PIEFL,1,7,,6,44,65,,,,NE,A367466,,05/06/1982,,1,A843766,,,23/05/1982,1,12/06/1982,B525339,B525340,B525341,B525342,B525343,B525344,,,,,,,,,,,,,,,Hatching date estimated - Assumption that all ringed young fledged
48,1982,23,KEN,PIEFL,1,6,,6,43,66,,,,NE,A843735,,05/06/1982,,1,A367414,,,23/05/1982,1,12/06/1982,B525333,B525334,B525335,B525336,B525337,B525338,,,,,,,,,,,,,,,Hatching date estimated - Assumption that all ringed young fledged
49,1982,25,KEN,PIEFL,1,8,,7,42,64,,,,NE,A843526,,05/06/1982,,1,B525111,I,23/05/1982,23/05/1982,1,12/06/1982,B525326,B525327,B525328,B525329,B525330,B525331,B525332,,,,,,,,,,,,,,Hatching date estimated - Assumption that all ringed young fledged
50,1982,28,KEN,PIEFL,1,8,7,7,38,60,,,1,NE,B525131,I,05/06/1982,05/06/1982,1,A843527,,,23/05/1982,1,05/06/1982,B525140,B525141,B525142,B525143,B525144,B525145,B525146,,,,,,,,,,,,,,Hatching date estimated - Assumption that all ringed young fledged
51,1982,32,KEN,PIEFL,1,7,,7,41,62,,,,NE,B525132,I,05/06/1982,05/06/1982,1,A843641,,,23/05/1982,1,12/06/1982,B525319,B525320,B525321,B525322,B525323,B525324,B525325,,,,,,,,,,,,,,Hatching date estimated - Assumption that all ringed young fledged
52,1982,33,KEN,PIEFL,1,7,,7,44,65,,,,NE,B210585,S,05/06/1982,13/06/1981,2,A843566,,,23/05/1982,1,12/06/1982,B525312,B525313,B525314,B525315,B525316,B525317,B525318,,,,,,,,,,,,,,Hatching date estimated - Assumption that all ringed young fledged
53,1982,36,KEN,PIEFL,1,8,,8,45,65,,,,NE,A843591,,05/06/1982,,1,A367326,,,23/05/1982,1,12/06/1982,B525304,B525305,B525306,B525307,B525308,B525309,B525310,B525311,,,,,,,,,,,,,Hatching date estimated - Assumption that all ringed young fledged
54,1982,42,KEN,PIEFL,1,8,,7,49,69,,,,NE,B525303,I,12/06/1982,12/06/1982,1,B210652,S,15/06/1981,23/05/1982,2,16/06/1982,B525435,B525436,B525437,B525438,B525439,B525440,B525441,,,,,,,,,,,,,,Hatching date estimated - Assumption that all ringed young fledged
55,1982,24,NAG,PIEFL,1,,,,,,,,,OU,,,,,,,,,,,,,,,,,,,,,,,,,,,,,,,,
56,1982,29,NAG,PIEFL,1,,,,,,,,,OU,,,,,,,,,,,,,,,,,,,,,,,,,,,,,,,,
57,1982,33,NAG,PIEFL,1,9,7,7,37,60,,,2,NE,B210619,S,,14/06/1981,2,A843744,,,,1,08/06/1982,B525228,B525229,B525230,B525231,B525232,B525233,B525234,,,,14.9,15.2,13.9,15.6,15.1,14.2,14.6,,,,Hatching date estimated - Assumption that all ringed young fledged
58,1982,35,NAG,PIEFL,1,7,,3,50,69,,,,NE,A843803,,,,1,A843715,,,,1,16/06/1982,B525426,B525427,B525428,,,,,,,,14.4,14.4,14.5,,,,,,,,Hatching date estimated - Assumption that all ringed young fledged
59,1982,37,NAG,PIEFL,1,7,7,7,48,67,,,,NE,B525114,S,,29/05/1982,1,KK47960,I,,,1,13/06/1982,B525395,B525396,B525397,B525398,B525399,B525400,B525401,,,,,,,,,,,,,,Hatching date estimated - Assumption that all ringed young fledged
60,1982,43,NAG,PIEFL,1,6,,0,55,,,,,JD,B525115,I,30/05/1982,30/05/1982,1,B525107,I,19/05/1982,19/05/1982,1,,,,,,,,,,,,,,,,,,,,,,Hatching date estimated - YOUNG DIED ON 17/6
61,1982,48,NAG,PIEFL,1,6,6,6,49,67,,,,NE,B525150,I,06/06/1982,06/06/1982,1,B210643,R,15/06/1981,31/05/1982,1,13/06/1982,B525389,B525390,B525391,B525392,B525393,B525394,,,,,10.6,12.2,13.3,13.4,11.5,10,,,,,Hatching date estimated - Assumption that all ringed young fledged
62,1982,92,NAG,PIEFL,1,6,6,6,32,53,,,,NE,A367547,,,,1,B525102,I,14/05/1982,14/05/1982,1,31/05/1982,B525117,B525118,B525119,B525120,B525121,B525122,,,,,13.1,13.1,13.4,13.4,14.1,14.4,,,,,Hatching date estimated - Assumption that all ringed young fledged
63,1982,94,NAG,PIEFL,1,4,2,2,74,91,,,2,NE,B525442,I,16/06/1982,16/06/1982,1,A367578,,,,1,16/06/1982,B525443,B525444,,,,,,,,,,,,,,,,,,,Hatching date estimated - Assumption that all ringed young fledged
64,1982,103,NAG,PIEFL,1,7,7,7,37,56,,,,NE,B525113,S,29/05/1982,29/05/1982,1,A367370,,,,1,08/06/1982,B525221,B525222,B525223,B525224,B525225,B525226,B525227,,,,15,14.4,15.6,15.6,15.1,14.5,14.8,,,,Hatching date estimated - Assumption that all ringed young fledged
65,1982,112,NAG,PIEFL,1,4,2,2,37,55,,,2,NE,A147422,,,,1,B525106,I,17/05/1982,17/05/1982,1,05/06/1982,B525147,B525148,,,,,,,,,15.1,16.4,,,,,,,,,Hatching date estimated - Assumption that all ringed young fledged
66,1982,119,NAG,PIEFL,1,7,,5,50,69,,,,NE,,,,,,B525116,I,30/05/1982,30/05/1982,1,15/06/1982,B525409,B525410,B525411,B525412,B525413,,,,,,,,,,,,,,,,Hatching date estimated - Assumption that all ringed young fledged
67,1982,123,NAG,PIEFL,1,7,7,7,40,59,,,,NE,A843800,,,,1,A843805,,,,1,08/06/1982,B525193,B525194,B525195,B525196,B525197,B525198,B525199,,,,14,13.6,14.1,13.1,13.3,13.9,13.1,,,,Hatching date estimated - Assumption that all ringed young fledged
68,1982,137,NAG,PIEFL,1,7,7,7,35,57,,,,NE,B525114,I,29/05/1982,29/05/1982,1,A367436,,,,1,01/06/1982,B525124,B525125,B525126,B525127,B525128,B525129,B525130,,,,13.9,14.4,13.8,14.3,13.1,13.9,12.7,,,,Hatching date estimated - Assumption that all ringed young fledged
69,1982,151,NAG,PIEFL,1,7,7,6,36,57,,,,NE,A843545,,,,1,B210503,S,31/05/1981,31/05/1982,2,08/06/1982,B525207,B525208,B525209,B525210,B525211,B525212,B525213,,,,13.1,13.1,13.6,14,13.9,13.8,,,,,Hatching date estimated - B525210 died
70,1982,155,NAG,PIEFL,1,8,7,7,46,65,,,1,NE,A843801,,,,1,A367328,,,,1,12/06/1982,B525373,B525374,B525375,B525376,B525377,B525378,B525379,,,,13.6,10.7,12.8,13.2,12.9,12.8,12.1,,,,Hatching date estimated - Assumption that all ringed young fledged
71,1982,163,NAG,PIEFL,1,6,6,6,37,56,,,,NE,B525114,S,,29/05/1982,1,B525101,I,12/05/1982,12/05/1982,1,08/06/1982,B525241,B525242,B525243,B525244,B525245,B525246,,,,,14.9,14.9,15,15.1,15.4,15.6,,,,,Hatching date estimated - Assumption that all ringed young fledged
72,1982,171,NAG,PIEFL,1,7,7,7,40,59,,,,NE,B210528,R,,11/06/1981,1,B210684,S,19/06/1981,31/05/1982,2,08/06/1982,B525214,B525215,B525216,B525217,B525218,B525219,B525220,,,,14.6,14.8,15.1,15.1,15,15.2,13.8,,,,Hatching date estimated - Assumption that all ringed young fledged
73,1982,172,NAG,PIEFL,1,8,8,8,44,63,,,,NE,B525149,I,06/06/1982,06/06/1982,1,B525109,I,21/05/1982,21/05/1982,1,12/06/1982,B525380,B525381,B525382,B525383,B525384,B525385,B525386,B525387,,,13.5,14,14.5,14.5,14,13.5,15,12,,,Hatching date estimated - Assumption that all ringed young fledged
74,1982,182,NAG,PIEFL,1,8,8,8,43,,,,,NE,A147422,S,,,1,B210607,R,14/06/1981,31/05/1982,1,09/06/1982,B525290,B525291,B525292,B525293,B525294,B525295,B525296,B525297,,,13,14,14.5,13.5,13,13.5,11,14,,,Hatching date estimated - Assumption that all ringed young fledged
75,1982,191,NAG,PIEFL,1,7,7,7,38,59,,,,NE,B210514,S,,08/06/1981,2,A037397,I,24/06/1979,17/05/1982,3,08/06/1982,B525200,B525201,B525202,B525203,B525204,B525205,B525206,,,,14.6,14.6,14.4,13.5,13.3,13.6,14,,,,Hatching date estimated - Assumption that all ringed young fledged
76,1982,192,NAG,PIEFL,1,6,0,0,41,,,,,ED,,,,,,,,,,,,,,,,,,,,,,,,,,,,,,,,DESERTED
77,1982,199,NAG,PIEFL,1,7,7,7,39,60,,,,NE,B210511,S,,31/05/1981,2,B525110,I,21/05/1982,21/05/1982,1,08/06/1982,B525247,B525248,B525249,B525250,B525251,B525252,B525253,,,,14.9,14.4,14.5,13,15,14.6,14.3,,,,Hatching date estimated - Assumption that all ringed young fledged
78,1982,201,NAG,PIEFL,1,7,7,7,46,65,,,,NE,B210514,S,,08/06/1981,2,B210504,S,31/05/1981,31/05/1982,2,12/06/1982,B525366,B525367,B525368,B525369,B525370,B525371,B525372,,,,13.9,13.5,14.1,13.4,13.5,12.4,10.4,,,,Hatching date estimated - Assumption that all ringed young fledged
79,1982,208,NAG,PIEFL,1,9,,5,51,72,,,,NE,B210511,S,31/05/1981,31/05/1981,2,B210502,S,31/05/1981,31/05/1982,2,16/06/1982,B525429,B525430,B525431,B525432,B525433,B525434,,,,,11,13.2,12.9,8.6,12.8,13.1,,,,,Hatching date estimated - 434 DIED
80,1982,221,NAG,PIEFL,1,7,,6,38,59,,,,NE,A843764,,,,1,B525105,I,17/05/1982,17/05/1982,1,06/06/1982,B525158,B525159,B525160,B525161,B525162,B525163,,,,,14.3,14.4,14.9,13.1,,,,,,,Hatching date estimated - Assumption that all ringed young fledged
81,1982,226,NAG,PIEFL,1,8,,7,37,59,,,,NE,A843772,,,,1,B525103,I,14/05/1982,14/05/1982,1,06/06/1982,B525164,B525165,B525166,B525167,B525168,B525169,B525170,,,,13,12.9,12.9,12.7,13.2,12.8,13.1,,,,Hatching date estimated - Assumption that all ringed young fledged
82,1982,311,NAG,PIEFL,1,8,0,0,42,,,,,ED,,,,,,B525107,S,19/05/1982,19/05/1982,1,,,,,,,,,,,,,,,,,,,,,,DESERTED
83,1982,319,NAG,PIEFL,1,7,5,4,43,62,,,2,NE,A367549,,,,1,B525108,I,19/05/1982,19/05/1982,1,08/06/1982,B525254,B525255,B525256,B525257,B525258,,,,,,,,,,,,,,,,Hatching date estimated - B525258 DIED
84,1982,334,NAG,PIEFL,1,,0,0,46,,,,1,ED,,,,,,,,,,,,,,,,,,,,,,,,,,,,,,,,DESERTED
85,1982,338,NAG,PIEFL,1,7,7,7,44,63,,,,NE,A843729,,,,1,A367375,,,,1,09/06/1982,B525278,B525279,B525280,B525281,B525282,B525283,B525284,,,,13.5,13,13.5,14.5,14.5,14,11.5,,,,Hatching date estimated - Assumption that all ringed young fledged
86,1982,343,NAG,PIEFL,1,7,,5,43,,,,1,NE,B210510,S,31/05/1981,31/05/1981,2,A367421,,,,1,09/06/1982,B525285,B525286,B525287,B525288,B525289,,,,,,12.5,13,13.5,13,13.5,,,,,,Hatching date estimated - Assumption that all ringed young fledged
87,1982,346,NAG,PIEFL,1,8,,7,36,58,,,,NE,B210510,S,,31/05/1981,2,B525104,I,14/05/1982,14/05/1982,1,06/06/1982,B525151,B525152,B525153,B525154,B525155,B525156,B525157,,,,14.6,15.1,14.4,14.2,14.3,14.1,14,,,,Hatching date estimated - Assumption that all ringed young fledged
88,1982,357,NAG,PIEFL,1,7,7,7,37,58,,,,NE,B210583,R,,11/06/1981,1,A367319,,,,1,06/06/1982,B525177,B525178,B525179,B525180,B525181,B525182,B525183,,,,14.5,14.4,14.5,14.8,14.5,14,14.2,,,,Hatching date estimated - Assumption that all ringed young fledged
89,1982,360,NAG,PIEFL,1,7,,6,38,59,,,2,NE,A843702,,,,1,A843515,,,,1,06/06/1982,B525171,B525172,B525173,B525174,B525175,B525176,,,,,14,13.9,14.4,13.5,15,13.3,,,,,Hatching date estimated - Assumption that all ringed young fledged
90,1982,374,NAG,PIEFL,1,8,,7,38,60,,,,NE,B210575,R,,11/06/1981,1,A843562,,,,1,06/06/1982,B525184,B525185,B525186,B525187,B525188,B525189,B525190,,,,13,13.1,12.9,13,12.4,13,13.3,,,,Hatching date estimated - Assumption that all ringed young fledged
91,1982,435,NAG,PIEFL,1,7,7,4,47,66,,,,NE,,,,,,B210519,R,11/06/1981,31/05/1982,1,13/06/1982,B525402,B525403,B525404,B525405,B525406,B525407,B525408,,,,,,,,,,,,,,Hatching date estimated - 404/405/407 DIED
92,1982,RT109/311,NAG,PIEFL,1,7,,5,52,71,,,,NE,B525388,I,13/06/1982,31/05/1982,1,B210576,R,11/06/1981,31/05/1982,1,15/06/1982,B525414,B525415,B525416,B525417,B525418,,,,,,,,,,,,,,,,Hatching date estimated - Assumption that all ringed young fledged
93,1982,RT190/219,NAG,REDST,1,6,6,6,55,73,,,,NE,,,,,,B525464,I,17/06/1982,17/06/1982,1,,B525490,B525491,B525492,B525493,B525494,B525495,,,,,,,,,,,,,,,Hatching date estimated - Assumption that all ringed young fledged
94,1982,RT1979/98,NAG,PIEFL,1,,,,,,,,,OU,,,,,,,,,,,,,,,,,,,,,,,,,,,,,,,,
95,1982,RT76/205,NAG,PIEFL,1,7,,6,36,57,,,,NE,B525112,I,28/05/1982,28/05/1982,1,A843791,,,,1,08/06/1982,B525235,B525236,B525237,B525238,B525239,B525240,,,,,14.8,15.4,15.1,16.2,15.5,14.8,,,,,Hatching date estimated - Assumption that all ringed young fledged
96,1983,,BRO,PIEFL,1,,,6,,,,,,NE,B525443,R,18/06/1983,16/06/1982,1,B525323,R,12/06/1982,18/06/1983,1,18/06/1983,B870241,B870242,B870243,B870244,B870245,B870246,,,,,,,,,,,,,,,Hatching date estimated - Assumption that all ringed young fledged
97,1983,,CAN,PIEFL,1,,,4,,,,,,NE,B870247,I,18/06/1983,18/06/1983,1,B870248,I,18/06/1983,18/06/1983,1,18/06/1983,B870249,B870250,B870251,B870252,,,,,,,,,,,,,,,,,Hatching date estimated - Assumption that all ringed young fledged
98,1983,7,KEN,PIEFL,1,5,,4,48,67,,,,NE,B210549,R,21/06/1983,11/06/1981,2,B870022,I,06/06/1983,06/06/1983,1,17/06/1983,B870236,B870237,B870238,B870239,,,,,,,,,,,,,,,,,Hatching date estimated - Assumption that all ringed young fledged
99,1983,9,KEN,PIEFL,1,6,,4,52,,,,,NE,B525314,R,11/06/1983,12/06/1982,1,A147429,S,,06/06/1983,2,19/06/1983,B870267,B870268,B870269,B870270,,,,,,,,,,,,,,,,,Hatching date estimated - Assumption that all ringed young fledged
100,1983,13,KEN,PIEFL,1,6,,1,42,,,,,NE,,,,,,A367414,S,,06/06/1983,2,17/06/1983,B870240,,,,,,,,,,,,,,,,,,,,Hatching date estimated - Assumption that all ringed young fledged
101,1983,19,KEN,PIEFL,1,7,,6,47,,,,,NE,B870023,I,06/06/1983,06/06/1983,1,B525221,I,08/06/1982,06/06/1983,1,17/06/1983,B870230,B870231,B870232,B870233,B870234,B870235,,,,,,,,,,,,,,,Hatching date estimated - Assumption that all ringed young fledged
102,1983,25,KEN,PIEFL,1,6,,0,53,,,,,JD,,,,,,A843766,S,,06/06/1983,2,,,,,,,,,,,,,,,,,,,,,,Hatching date estimated - ALL YOUNG DEAD BY 11/6
103,1983,33,KEN,PIEFL,1,7,,0,46,,,,,JD,A843526,S,06/06/1983,,2,A843556,,,06/06/1983,2,,,,,,,,,,,,,,,,,,,,,,Hatching date estimated - ALL YOUNG DEAD BY 11/6
104,1983,36,KEN,PIEFL,1,6,,0,60,,,,,JD,,,,,,A367326,S,,06/06/1983,2,,,,,,,,,,,,,,,,,,,,,,Hatching date estimated - ALL YOUNG DEAD BY 11/6
105,1983,44,KEN,PIEFL,1,8,,0,45,,,,,XP,A843591,S,11/06/1983,,2,A843527,S,,06/06/1983,2,,,,,,,,,,,,,,,,,,,,,,PREDATED
106,1983,2,NAG,PIEFL,1,,,0,,,,,,XD,,,,,,,,,,,,,,,,,,,,,,,,,,,,,,,,DESERTED
107,1983,11,NAG,PIEFL,1,,,0,,,,,,XD,,,,,,,,,,,,,,,,,,,,,,,,,,,,,,,,DESERTED
108,1983,14,NAG,PIEFL,1,6,0,0,53,,,,,EP,,,,,,B870011,S,28/05/1983,28/05/1983,1,,,,,,,,,,,,,,,,,,,,,,PREDATED
109,1983,32,NAG,PIEFL,1,3,3,3,50,66,,,,NE,A843767,S,03/06/1983,,1,B525239,R,08/06/1982,26/05/1983,1,16/06/1983,B870198,B870199,B870200,,,,,,,,15.4,14.9,15.1,,,,,,,,Hatching date estimated - Assumption that all ringed young fledged
110,1983,36,NAG,PIEFL,1,4,,4,61,76,,,,NE,B870015,S,25/06/1983,04/06/1983,1,B525108,S,19/05/1982,04/06/1983,2,25/06/1983,B870300,B870301,B870302,B870303,,,,,,,15.1,,,,,,,,,,Hatching date estimated - Assumption that all ringed young fledged - FROM BOX 134
111,1983,56,NAG,PIEFL,1,7,6,6,44,64,,,1,NE,B525237,R,28/05/1983,08/06/1982,1,B870004,I,22/05/1983,22/05/1983,1,12/06/1983,B870103,B870104,B870105,B870106,B870107,B870108,,,,,13.8,14.2,14.5,14.5,13.1,14.3,,,,,Hatching date estimated - Assumption that all ringed young fledged
112,1983,63,NAG,PIEFL,1,6,6,6,48,68,,,,NE,B210513,S,09/06/1983,07/06/1981,3,B870006,I,23/05/1983,23/05/1983,1,16/06/1983,B870192,B870193,B870194,B870195,B870196,B870197,,,,,13.6,13.6,14.2,14.3,14.1,13.9,,,,,Hatching date estimated - Assumption that all ringed young fledged
113,1983,70,NAG,PIEFL,1,7,,6,45,65,,,,NE,B525353,I,04/06/1983,31/05/1982,1,A367370,S,,22/05/1983,2,12/06/1983,B870093,B870094,B870095,B870096,B870097,B870098,,,,,13.2,12.8,12.4,13,13.5,12.5,,,,,Hatching date estimated - Assumption that all ringed young fledged
114,1983,83,NAG,PIEFL,1,7,7,7,45,65,,,,NE,A843589,,03/06/1983,,1,B210576,S,11/06/1981,23/05/1983,2,12/06/1983,B870123,B870124,B870125,B870126,B870127,B870128,B870129,,,,12,11.4,12.1,12.5,12.2,12.4,11,,,,Hatching date estimated - Assumption that all ringed young fledged
115,1983,87,NAG,PIEFL,1,7,,5,42,62,,,,NE,B525388,S,29/05/1983,31/05/1982,2,B525261,I,09/06/1982,19/05/1983,1,12/06/1983,B870068,B870069,B870070,B870071,B870072,B870073,B870074,,,,14.2,13.6,11.6,14.1,12,14,,,,,Hatching date estimated - B870070/71 DEAD IN BOX 
116,1983,112,NAG,PIEFL,1,7,,6,43,63,,,,NE,A843729,S,29/05/1983,,2,B525110,S,21/05/1982,19/05/1983,2,12/06/1983,B870148,B870149,B870150,B870151,B870152,B870153,,,,,14.8,15.2,16,14.9,15,14.7,,,,,Hatching date estimated - Assumption that all ringed young fledged
117,1983,119,NAG,PIEFL,1,,,0,,,,,,XD,,,,,,,,,,,,,,,,,,,,,,,,,,,,,,,,DESERTED
118,1983,129,NAG,PIEFL,1,7,7,7,47,67,,,,NE,B870021,I,05/06/1983,05/06/1983,1,B870007,I,23/05/1983,23/05/1983,1,16/06/1983,B870185,B870186,B870187,B870188,B870189,B870190,B870191,,,,13.6,14.8,14.7,13.4,14,14.1,13.9,,,,Hatching date estimated - Assumption that all ringed young fledged
119,1983,134,NAG,PIEFL,1,,0,0,47,,,,,ED,,,,,,B525108,S,19/05/1982,23/05/1983,2,,,,,,,,,,,,,,,,,,,,,,BLUE TIT ON 4 PF EGGS - DESERTED 15/6 - EGGS TO BOX 36 
120,1983,135,NAG,PIEFL,1,6,,5,44,63,,,,NE,B870015,I,04/06/1983,04/06/1983,1,A367436,S,,18/05/1983,2,12/06/1983,B870130,B870131,B870132,B870133,B870134,,,,,,13.5,15.1,14,12.5,14.1,,,,,,Hatching date estimated - Assumption that all ringed young fledged
121,1983,137,NAG,PIEFL,1,4,4,3,49,68,,,,NE,B525115,S,28/05/1983,30/05/1982,2,B525197,R,08/06/1982,26/05/1983,1,16/06/1983,B870201,B870202,B870203,B870204,,,,,,,14.1,13,13.9,13.7,,,,,,,Hatching date estimated - B870203 DEAD IN BOX
122,1983,152,NAG,PIEFL,1,7,5,5,41,62,,,2,NE,B870016,I,04/06/1983,04/06/1983,1,B210683,S,19/06/1981,19/05/1983,3,08/06/1983,B870024,B870025,B870026,B870027,B870028,,,,,,,,,,,,,,,,Hatching date estimated - Assumption that all ringed young fledged
123,1983,154,NAG,PIEFL,1,7,7,7,43,63,,,,NE,B525366,R,28/05/1983,12/06/1982,1,B210504,S,31/05/1981,22/05/1983,3,12/06/1983,B870109,B870110,B870111,B870112,B870113,B870114,B870115,,,,11.2,13.8,13.9,13.6,13.9,14.2,13.6,,,,Hatching date estimated - Assumption that all ringed young fledged
124,1983,156,NAG,PIEFL,1,,0,0,49,,,,,EP,,,,,,B525213,S,08/06/1982,26/05/1983,1,,,,,,,,,,,,,,,,,,,,,,PREDATED - TO BOX 193
125,1983,159,NAG,PIEFL,1,7,7,7,55,,,,,NE,B210528,S,22/05/1983,11/06/1981,2,A367375,S,,22/05/1983,2,12/06/1983,B870116,B870117,B870118,B870119,B870120,B870121,B870122,,,,13.5,13.8,13.9,14,14,13.3,13.4,,,,Assumption that all ringed young fledged
126,1983,174,NAG,PIEFL,1,5,5,5,55,71,,,,NE,B525120,R,10/06/1983,31/05/1982,1,B870012,I,29/05/1983,29/05/1983,1,19/06/1983,B870279,B870280,B870281,B870282,B870283,,,,,,13.3,14.1,13.2,13.1,14.2,,,,,,Hatching date estimated - Assumption that all ringed young fledged
127,1983,175,NAG,PIEFL,1,6,6,6,45,64,,,,NE,B525133,R,05/06/1983,05/06/1982,1,B525224,R,08/06/1982,21/05/1983,1,12/06/1983,B870142,B870143,B870144,B870145,B870146,B870147,,,,,14,14.4,13.9,14,14.3,14.3,,,,,Hatching date estimated - Assumption that all ringed young fledged
128,1983,180,NAG,PIEFL,1,7,7,7,43,63,,,,NE,B210600,R,29/05/1983,14/06/1981,2,B210505,S,31/05/1981,23/05/1983,3,12/06/1983,B870075,B870076,B870077,B870078,B870079,B870080,B870081,,,,14.1,15,13.8,13.4,14.1,12.4,12.5,,,,Hatching date estimated - Assumption that all ringed young fledged
129,1983,186,NAG,PIEFL,1,6,6,6,53,71,,,,NE,B870018,S,25/06/1983,05/06/1983,2,A367421,S,,23/05/1983,2,19/06/1983,B870288,B870289,B870290,B870291,B870292,B870293,,,,,12.9,13.9,14.9,12.8,13,14.4,,,,,Hatching date estimated - Assumption that all ringed young fledged
130,1983,188,NAG,PIEFL,1,7,6,6,46,66,,,1,NE,B525139,R,29/05/1983,05/06/1982,1,B525248,R,08/06/1982,23/05/1983,1,16/06/1983,B870205,B870206,B870207,B870208,B870209,B870210,,,,,14.3,14.4,14.4,14,15,14.1,,,,,Hatching date estimated - Assumption that all ringed young fledged
131,1983,191,NAG,PIEFL,1,6,2,2,48,67,,,4,NE,B525150,S,28/05/1983,06/06/1982,2,B870003,I,22/05/1983,22/05/1983,1,16/06/1983,B870173,B870174,,,,,,,,,15.3,15,,,,,,,,,Hatching date estimated - Assumption that all ringed young fledged
132,1983,193,NAG,PIEFL,1,5,,3,62,80,,,,NE,B525199,R,22/06/1983,08/06/1982,1,B525213,R,08/06/1982,08/06/1983,1,29/06/1983,B870304,B870305,B870306,,,,,,,,,,,,,,,,,,Hatching date estimated - Assumption that all ringed young fledged - FROM BOX 156 
133,1983,197,NAG,PIEFL,1,8,8,8,52,71,,,,NE,B525114,S,10/06/1983,29/05/1982,2,B210607,S,14/06/1981,01/06/1983,2,19/06/1983,B870271,B870272,B870273,B870274,B870275,B870276,B870277,B870278,,,13.1,14.1,12.8,12.7,13.1,12.4,13.3,13.4,,,Hatching date estimated - Assumption that all ringed young fledged
134,1983,199,NAG,PIEFL,1,6,,4,43,62,,,,NE,A367547,S,29/05/1983,,2,B525244,R,08/06/1982,21/05/1983,1,12/06/1983,B870089,B870090,B870091,B870092,,,,,,,14.6,14.8,14.5,15,,,,,,,Hatching date estimated - Assumption that all ringed young fledged
135,1983,202,NAG,PIEFL,1,5,,4,54,70,,,,NE,B525150,S,22/06/1983,06/06/1982,2,B525183,R,06/06/1982,05/06/1983,1,18/06/1983,B870263,B870264,B870265,B870266,,,,,,,15.4,14.9,13,14.4,,,,,,,Hatching date estimated - Assumption that all ringed young fledged
136,1983,205,NAG,PIEFL,1,4,,3,46,66,,,,NE,A843801,S,04/06/1983,,2,B870005,I,22/05/1983,22/05/1983,1,12/06/1983,B870099,B870100,B870101,B870102,,,,,,,13,13.3,12.1,13.8,,,,,,,Hatching date estimated - B870101 DEAD IN BOX 
137,1983,206,NAG,PIEFL,1,8,,6,50,70,,,,NE,B525172,R,09/06/1983,06/06/1982,1,B525360,I,12/06/1982,26/05/1983,1,18/06/1983,B870258,B870259,B870260,B870261,B870262,B870294,,,,,14,12.8,13.6,14.2,13.5,,,,,,Hatching date estimated - Assumption that all ringed young fledged
138,1983,218,NAG,PIEFL,1,7,7,7,44,64,,,,NE,B210600,S,28/05/1983,14/06/1981,3,B210506,S,31/05/1981,28/05/1983,3,12/06/1983,B870082,B870083,B870084,B870085,B870086,B870087,B870088,,,,14.6,15.1,16.2,15.4,16,15.5,14.9,,,,Hatching date estimated - Assumption that all ringed young fledged
139,1983,222,NAG,PIEFL,1,8,8,8,42,63,,,,NE,B210618,R,21/05/1983,14/06/1981,2,A843562,S,,21/05/1983,2,12/06/1983,B870055,B870056,B870057,B870058,B870059,B870060,B870061,B870062,,,14.4,13.6,14.6,13.5,14.3,14,14.5,14.9,,,Hatching date estimated - Assumption that all ringed young fledged
140,1983,302,NAG,PIEFL,1,7,5,5,48,68,,,2,NE,A367306,,04/06/1983,,1,B870009,I,25/05/1983,25/05/1983,1,16/06/1983,B870175,B870176,B870177,B870178,B870179,,,,,,14.6,14.4,14.3,14.7,12.9,,,,,,Hatching date estimated - Assumption that all ringed young fledged
141,1983,304,NAG,PIEFL,1,7,,5,46,66,,,1,NE,A843545,S,04/06/1983,,2,B210503,S,31/05/1981,22/05/1983,3,16/06/1983,B870180,B870181,B870182,B870183,B870184,,,,,,14,13.6,13.7,13.8,14.1,,,,,,Hatching date estimated - Assumption that all ringed young fledged
142,1983,310,NAG,PIEFL,1,5,,5,55,72,,,,NE,B525115,S,19/06/1983,30/05/1982,2,B525206,R,08/06/1982,01/06/1983,1,22/06/1983,B870295,B870296,B870297,B870298,B870299,,,,,,14.3,14.4,14.7,14.5,14.6,,,,,,Hatching date estimated - Assumption that all ringed young fledged
143,1983,315,NAG,PIEFL,1,7,7,7,44,64,,,,NE,A843800,S,04/06/1983,,2,A367319,S,,21/05/1983,2,12/06/1983,B870135,B870136,B870137,B870138,B870139,B870140,B870141,,,,13.5,13.4,14.4,14.8,13,13.4,13.6,,,,Hatching date estimated - Assumption that all ringed young fledged
144,1983,325,NAG,PIEFL,1,6,,5,52,70,,,,NE,,,,,,B870010,I,26/05/1983,26/05/1983,1,18/06/1983,B870253,B870254,B870255,B870256,B870257,,,,,,12.9,12,15.1,14,14.1,,,,,,Hatching date estimated - Assumption that all ringed young fledged
145,1983,337,NAG,PIEFL,1,,,0,,,,,,XD,,,,,,,,,,,,,,,,,,,,,,,,,,,,,,,,DESERTED
146,1983,340,NAG,PIEFL,1,7,,5,43,63,,,,NE,KP71419,I,29/05/1983,08/06/1980,3,B525101,S,12/05/1982,19/05/1983,2,12/06/1983,B870063,B870064,B870065,B870066,B870067,,,,,,15.4,15.1,14.6,14.7,14,,,,,,Hatching date estimated - Assumption that all ringed young fledged
147,1983,346,NAG,PIEFL,1,7,,4,44,65,,,,NE,B210600,S,25/06/1983,14/06/1981,2,A367385,,,28/05/1983,2,19/06/1983,B870284,B870285,B870286,B870287,,,,,,,15.3,16,14.9,15,,,,,,,Hatching date estimated - Assumption that all ringed young fledged
148,1983,359,NAG,PIEFL,1,7,7,7,42,62,,,,NE,B083824,,29/05/1983,,1,B870001,I,18/05/1983,18/05/1983,1,12/06/1983,B087042,B087043,B087044,B087045,B087046,B087047,B087048,,,,14.1,13.6,14.3,13.9,13.6,14.4,14.1,,,,Hatching date estimated - Assumption that all ringed young fledged
149,1983,361,NAG,PIEFL,1,7,6,6,44,64,,,1,NE,A843764,S,29/05/1983,,2,A843515,S,,21/05/1983,2,12/06/1983,B870049,B870050,B870051,B870052,B870053,B870054,,,,,13.3,15.1,13.3,14.4,14.1,13.6,,,,,Hatching date estimated - Assumption that all ringed young fledged
150,1983,402,NAG,PIEFL,1,6,6,6,47,66,,,,NE,B870018,I,05/06/1983,05/06/1983,1,B870008,I,23/05/1983,23/05/1983,1,16/06/1983,B870211,B870212,B870213,B870214,B870215,B870216,,,,,15.7,14.6,16,14.3,15.7,15.8,,,,,Hatching date estimated - Assumption that all ringed young fledged
151,1983,404,NAG,PIEFL,1,5,4,4,48,66,,,1,NE,B870019,I,05/06/1983,05/06/1983,1,B525318,R,12/06/1982,26/05/1983,1,16/06/1983,B870217,B870218,B870219,B870220,,,,,,,14.7,14.2,14.5,14.5,,,,,,,Hatching date estimated - Assumption that all ringed young fledged
152,1983,406,NAG,PIEFL,1,7,,5,44,64,,,1,NE,B870017,I,05/06/1983,05/06/1983,1,B870002,I,19/05/1983,19/05/1983,1,12/06/1983,B870168,B870169,B870170,B870171,B870172,,,,,,14.1,13.2,13.6,12,13.4,,,,,,Hatching date estimated - Assumption that all ringed young fledged
153,1983,408,NAG,PIEFL,1,7,7,7,41,61,,,,NE,B870013,I,03/06/1983,03/06/1983,1,B525104,S,14/05/1982,19/05/1983,2,11/06/1983,B870035,B870036,B870037,B870038,B870039,B870040,B870041,,,,13.9,13.3,12.8,13.7,13.6,14.6,12.3,,,,Hatching date estimated - Assumption that all ringed young fledged
154,1983,428,NAG,PIEFL,1,6,6,6,46,65,,,,NE,B525161,R,05/06/1983,06/06/1982,1,A843543,,,26/05/1983,2,12/06/1983,B870162,B870163,B870164,B870165,B870166,B870167,,,,,13.4,13.5,13.7,12.4,13.1,13,,,,,Hatching date estimated - Assumption that all ringed young fledged
155,1983,434,NAG,PIEFL,1,7,5,5,46,66,,,2,NE,B870020,I,05/06/1983,05/06/1983,1,B210579,R,11/06/1981,23/05/1983,2,16/06/1983,B870221,B870222,B870223,B870224,B870225,,,,,,14.8,14.4,13,14.1,14.2,,,,,,Hatching date estimated - Assumption that all ringed young fledged
156,1983,436,NAG,PIEFL,1,8,8,8,44,65,,,,NE,B525126,R,05/06/1983,01/06/1982,1,A843756,,,19/05/1983,2,12/06/1983,B870154,B870155,B870156,B870157,B870158,B870159,B870160,B870161,,,14.9,13,13,14.2,14.1,14.5,14.5,11.7,,,Hatching date estimated - Assumption that all ringed young fledged
157,1983,179-98 (R1),NAG,PIEFL,1,7,,4,47,67,,,,NE,A367547,S,09/06/1983,,2,B525103,S,14/05/1982,23/05/1983,2,17/06/1983,B870226,B870227,B870228,B870229,,,,,,,,,,,,,,,,,Hatching date estimated - Assumption that all ringed young fledged
158,1983,38R,NAG,PIEFL,1,6,6,6,43,62,,,,NE,B870014,I,03/06/1983,03/06/1983,1,B525125,R,01/06/1982,18/05/1983,1,11/06/1983,B870029,B870030,B870031,B870032,B870033,B870034,,,,,14.2,13.1,15.4,15,14.6,14.7,,,,,Hatching date estimated - Assumption that all ringed young fledged
159,1984,4,DEA,PIEFL,1,7,7,7,,62,,,,NE,C301520,I,05/06/1984,05/06/1984,1,B870052,R,12/06/1983,04/06/1984,1,10/06/1984,C301545,C301546,C301547,C301548,C301549,C301550,C301551,,,,,,,,,,,,,,Hatching date estimated - Assumption that all ringed young fledged
160,1984,Stile Box,DEA,PIEFL,1,6,6,6,,69,,,,NE,,,,,,B870067,R,12/06/1983,04/06/1984,1,18/06/1984,C301817,C301818,C301819,C301820,C301821,C301822,,,,,,,,,,,,,,,Hatching date estimated - Assumption that all ringed young fledged
161,1984,,FLO,PIEFL,1,,,7,,,,,,NE,B261909,,17/06/1984,,1,C301748,I,16/06/1984,16/06/1984,1,15/06/1984,C301709,C301710,C301711,C301712,C301713,C301714,C301715,,,,,,,,,,,,,,Hatching date estimated - Assumption that all ringed young fledged
162,1984,3,KEN,PIEFL,1,7,,5,45,65,,,,NE,B586322,I,17/06/1984,12/06/1982,1,B870022,S,06/06/1983,27/05/1984,2,14/06/1984,C301660,C301661,C301662,C301663,C301664,,,,,,,,,,,,,,,,Hatching date estimated - Assumption that all ringed young fledged
163,1984,10,KEN,PIEFL,2,6,,3,62,78,,,,NE,C301865,I,23/06/1984,23/06/1984,1,A147429,S,,03/06/1984,3,23/06/1984,C301866,C301867,C301868,,,,,,,,,,,,,,,,,,Hatching date estimated - Assumption that all ringed young fledged
164,1984,15,KEN,PIEFL,1,7,7,7,43,63,,,,NE,A843735,S,10/06/1984,,3,B092639,I,08/06/1981,27/05/1984,3,13/06/1984,C301639,C301640,C301641,C301642,C301643,C301644,C301645,,,,,,,,,,,,,,Hatching date estimated - Assumption that all ringed young fledged
165,1984,17,KEN,PIEFL,1,7,7,7,41,61,,,,NE,C301512,I,27/05/1984,27/05/1984,1,B525221,S,08/06/1982,27/05/1984,2,10/06/1984,C301537,C301538,C301539,C301540,C301541,C301542,C301543,,,,,,,,,,,,,,Hatching date estimated - Assumption that all ringed young fledged
166,1984,21,KEN,PIEFL,1,4,4,4,,,,,,NE,,,,,,B870235,R,17/06/1983,17/06/1984,1,14/06/1984,C301665,C301666,C301667,C301668,,,,,,,,,,,,,,,,,Hatching date estimated - Assumption that all ringed young fledged
167,1984,22,KEN,PIEFL,1,6,6,6,53,72,,,,NE,B261648,I,14/06/1984,01/06/1982,2,C301516,I,03/06/1984,03/06/1984,1,23/06/1984,C301869,C301870,C301871,C301872,C301873,C301874,,,,,,,,,,,,,,,Hatching date estimated - Assumption that all ringed young fledged
168,1984,25,KEN,PIEFL,1,6,5,5,57,76,,,1,NE,B525131,S,14/06/1984,05/06/1982,3,A843527,S,,03/06/1984,3,23/06/1984,C301875,C301876,C301877,C301878,C301879,,,,,,,,,,,,,,,,Hatching date estimated - Assumption that all ringed young fledged
169,1984,28,KEN,PIEFL,1,6,6,6,45,64,,,,NE,C301529,I,10/06/1984,10/06/1984,1,B525429,R,16/06/1982,27/05/1984,2,13/06/1984,C301633,C301634,C301635,C301636,C301637,C301638,,,,,,,,,,,,,,,Hatching date estimated - Assumption that all ringed young fledged
170,1984,29,KEN,PIEFL,1,7,7,7,38,58,,,,NE,B525124,R,03/06/1984,01/06/1982,2,B870041,R,11/06/1983,27/05/1984,1,10/06/1984,C301530,C301531,C301532,C301533,C301534,C301535,C301536,,,,,,,,,,,,,,Hatching date estimated - Assumption that all ringed young fledged
171,1984,37,KEN,PIEFL,1,6,6,6,50,69,,,,NE,C301527,S,17/06/1984,10/06/1984,1,C301517,I,03/06/1984,03/06/1984,1,17/06/1984,C301797,C301798,C301799,C301800,C301801,C301802,,,,,,,,,,,,,,,Hatching date estimated - Assumption that all ringed young fledged
172,1984,40,KEN,PIEFL,1,8,8,8,47,67,,,,NE,C301528,I,10/06/1984,10/06/1984,1,C301510,I,27/05/1984,27/05/1984,1,17/06/1984,C301789,C301790,C301791,C301792,C301793,C301794,C301795,C301796,,,,,,,,,,,,,Hatching date estimated - Assumption that all ringed young fledged
173,1984,45,KEN,PIEFL,1,6,6,6,41,60,,,,NE,C301527,I,10/06/1984,10/06/1984,1,C301511,I,27/05/1984,27/05/1984,1,13/06/1984,C301627,C301628,C301629,C301630,C301631,C301632,,,,,,,,,,,,,,,Hatching date estimated - Assumption that all ringed young fledged
174,1984,2,NAG,PIEFL,1,,,0,,,,,,XD,,,,,,,,,,,,,,,,,,,,,,,,,,,,,,,,DESERTED
175,1984,4,NAG,PIEFL,1,6,5,5,50,68,,,1,NE,B870164,R,09/06/1984,12/06/1983,1,B870047,I,12/06/1983,28/05/1984,1,17/06/1984,C301751,C301752,C301753,C301754,C301755,,,,,,15.6,15.4,14.7,14.5,15.2,,,,,,Hatching date estimated - Assumption that all ringed young fledged
176,1984,8,NAG,PIEFL,1,6,6,6,55,74,,,,NE,A367306,S,10/06/1984,,2,B525206,S,08/06/1982,02/06/1984,2,23/06/1984,C301848,C301849,C301850,C301851,C301852,C301880,,,,,12.4,13.5,12.7,12.5,11.8,,,,,,Hatching date estimated - Assumption that all ringed young fledged
177,1984,25,NAG,PIEFL,1,7,,6,47,67,,,,NE,B525422,I,09/06/1984,16/06/1982,1,B525109,S,21/05/1982,26/05/1984,3,16/06/1984,C301744,C301745,C301746,C301747,C301749,C301750,,,,,13.8,14,12.6,14.2,14.2,12.6,,,,,Hatching date estimated - Assumption that all ringed young fledged
178,1984,33,NAG,PIEFL,1,6,6,6,50,68,,,,NE,B525289,R,09/06/1984,09/06/1982,2,B525125,S,01/06/1982,28/05/1984,2,17/06/1984,C301763,C301764,C301765,C301766,C301767,C301768,,,,,15.2,14.6,14.5,14.3,14.8,15.2,,,,,Hatching date estimated - Assumption that all ringed young fledged
179,1984,47,NAG,PIEFL,1,,,0,44,,,,,XP,,,,,,,,,,,,,,,,,,,,,,,,,,,,,,,,PREDATED
180,1984,66,NAG,PIEFL,1,6,6,6,51,64,,,,NE,B525172,S,09/06/1984,06/06/1982,2,B870135,R,12/06/1983,26/05/1984,1,18/06/1984,C301823,C301824,C301825,C301826,C301827,C301828,,,,,13.2,13.6,13.6,13.9,13.8,14,,,,,Hatching date estimated - Assumption that all ringed young fledged
181,1984,68,NAG,PIEFL,1,6,6,6,43,62,,,,NE,B525114,S,27/05/1984,29/05/1982,3,A367436,S,,23/05/1984,3,11/06/1984,C301559,C301560,C301561,C301562,C301563,C301564,,,,,13.4,13.6,12.9,13.2,14.6,13.3,,,,,Hatching date estimated - Assumption that all ringed young fledged - SAME PAIRING AS 1982
182,1984,70,NAG,PIEFL,1,,,0,,,,,,XP,,,,,,,,,,,,,,,,,,,,,,,,,,,,,,,,PREDATED
183,1984,77,NAG,PIEFL,1,7,0,0,48,,,,,EP,,,,,,B870123,S,12/06/1983,18/05/1984,1,,,,,,,,,,,,,,,,,,,,,,PREDATED - TO BOX 410-
184,1984,84,NAG,PIEFL,1,7,,0,51,70,,,,XU,,,,,,B870010,S,26/05/1983,27/05/1984,2,,,,,,,,,,,,,,,,,,,,,,Hatching date estimated - TRANSFERRED TO BOX 318
185,1984,90,NAG,PIEFL,1,8,,7,45,65,,,,NE,C301521,I,09/06/1984,09/06/1984,1,B210607,S,14/06/1981,23/05/1984,3,14/06/1984,C301648,C301649,C301650,C301651,C301652,C301653,C301654,,,,15,14.7,14.7,14.1,13.7,13.6,14,,,,Hatching date estimated - Assumption that all ringed young fledged
186,1984,92,NAG,PIEFL,1,6,,1,45,63,,,1,NE,B525336,R,03/06/1984,12/06/1982,2,A367370,S,,23/05/1984,3,12/06/1984,C301591,C301592,C301593,,,,,,,,13.2,13.4,13.2,,,,,,,,Hatching date estimated - 591/593 dead
187,1984,94,NAG,PIEFL,1,7,,6,47,66,,,,NE,B870283,R,09/06/1984,19/06/1983,1,B870058,R,12/06/1983,23/05/1984,1,14/06/1984,C301676,C301677,C301678,C301679,C301680,C301681,,,,,12.9,13.2,12.7,12.1,12.1,11.4,,,,,Hatching date estimated - Assumption that all ringed young fledged
188,1984,95,NAG,PIEFL,1,6,,1,51,70,,,,NE,B870149,R,10/06/1984,12/06/1983,1,B870133,R,12/06/1983,02/06/1984,1,20/06/1984,C301841,,,,,,,,,,15.1,,,,,,,,,,Hatching date estimated - Assumption that all ringed young fledged
189,1984,97,NAG,PIEFL,1,7,7,7,43,62,,,,NE,B870054,I,02/06/1984,12/06/1983,1,C301501,I,24/05/1984,24/05/1984,1,11/06/1984,C301572,C301573,C301574,C301575,C301576,C301577,C301578,,,,14.4,14.4,13.4,14.7,13.2,13.9,14.5,,,,Hatching date estimated - Assumption that all ringed young fledged
190,1984,99,NAG,PIEFL,1,7,,5,46,65,,,,NE,C301519,I,04/06/1984,04/06/1984,1,B525244,S,08/06/1982,24/05/1984,2,14/06/1984,C301655,C301656,C301657,C301658,C301659,,,,,,14.5,14.5,14.7,15,13.9,,,,,,Hatching date estimated - Assumption that all ringed young fledged
191,1984,100,NAG,PIEFL,1,7,7,7,49,69,,,,NE,C301523,I,09/06/1984,09/06/1984,1,B870184,R,16/06/1983,27/05/1984,1,18/06/1984,C301810,C301811,C301812,C301813,C301814,C301815,C301816,,,,14.2,15.1,14.6,14,14.3,14.4,13.3,,,,Hatching date estimated - Assumption that all ringed young fledged
192,1984,103,NAG,PIEFL,1,7,,0,45,,,,,JP,,,,,,B525101,S,12/05/1982,23/05/1984,3,,,,,,,,,,,,,,,,,,,,,,PREDATED
193,1984,109,NAG,PIEFL,1,7,7,7,47,66,,,,NE,B525286,R,09/06/1984,09/06/1982,2,B210506,S,31/05/1981,24/05/1984,4,14/06/1984,C301669,C301670,C301671,C301672,C301673,C301674,C301675,,,,15,14.4,13.9,14.7,14.7,14,14,,,,Hatching date estimated - Assumption that all ringed young fledged
194,1984,112,NAG,PIEFL,1,7,,5,45,64,,,,NE,B525336,S,04/06/1984,12/06/1982,2,B525110,S,21/05/1982,23/05/1984,3,13/06/1984,C301622,C301623,C301624,C301625,C301626,,,,,,14.1,13.7,14.6,14.3,14.4,,,,,,Hatching date estimated - Assumption that all ringed young fledged
195,1984,115,NAG,PIEFL,1,7,7,7,49,69,,,,NE,B870017,S,09/06/1984,05/06/1983,2,B525248,S,08/06/1982,27/05/1984,2,18/06/1984,C301803,C301804,C301805,C301806,C301807,C301808,C301809,,,,14.3,13.2,13.5,13.3,13.2,13.4,13.8,,,,Hatching date estimated - Assumption that all ringed young fledged
196,1984,141,NAG,PIEFL,1,3,,2,47,65,,,,NE,,,,,,B525183,S,06/06/1982,26/05/1984,2,13/06/1984,C301646,C301647,,,,,,,,,,,,,,,,,,,Hatching date estimated - Assumption that all ringed young fledged
197,1984,152,NAG,PIEFL,1,7,7,7,43,62,,,,NE,B525341,R,26/05/1984,12/06/1982,2,B870068,R,12/06/1983,26/05/1984,1,11/06/1984,C301552,C301553,C301554,C301555,C301556,C301557,C301558,,,,13.5,12.8,14.3,13.4,13.4,12.8,12.4,,,,Hatching date estimated - Assumption that all ringed young fledged
198,1984,153,NAG,PIEFL,1,6,6,6,54,73,,,,NE,C301544,I,10/06/1984,10/06/1984,1,B870262,R,18/06/1983,02/06/1984,1,21/06/1984,C301842,C301843,C301844,C301845,C301846,C301847,,,,,13.8,13.7,14.7,13.7,13.9,12.3,,,,,Hatching date estimated - Assumption that all ringed young fledged
199,1984,154,NAG,PIEFL,1,6,6,6,45,63,,,,NE,B525378,R,09/06/1984,12/06/1982,2,B210537,R,11/06/1981,23/05/1984,3,12/06/1984,C301585,C301586,C301587,C301588,C301589,C301590,,,,,12.4,10.7,11.3,11.7,11.4,11.4,,,,,Hatching date estimated - Assumption that all ringed young fledged
200,1984,155,NAG,PIEFL,1,8,,0,51,,,,,JP,,,,,,B525360,S,12/06/1982,28/05/1984,2,,,,,,,,,,,,,,,,,,,,,,PREDATED
201,1984,157,NAG,PIEFL,1,6,6,6,50,68,,,,NE,B870021,S,28/05/1984,05/06/1983,2,B870003,S,22/05/1983,28/05/1984,2,20/06/1984,C301835,C301836,C301837,C301838,C301839,C301840,,,,,15.4,14.7,14,14.3,14.7,13.1,,,,,Hatching date estimated - Assumption that all ringed young fledged
202,1984,158,NAG,PIEFL,1,7,6,6,48,68,,,1,NE,B525352,I,09/06/1984,31/05/1982,1,B525213,S,08/06/1982,26/05/1984,2,17/06/1984,C301769,C301770,C301771,C301772,C301773,C301774,,,,,14.5,13.7,14.4,13.9,14.2,14.4,,,,,Hatching date estimated - Assumption that all ringed young fledged
203,1984,159,NAG,PIEFL,1,6,6,6,56,75,,,,NE,B525289,S,16/06/1984,09/06/1982,2,B525108,S,19/05/1982,02/06/1984,3,23/06/1984,C301853,C301854,C301855,C301856,C301857,C301858,,,,,13.1,13.5,13.7,13.2,14,13.3,,,,,Hatching date estimated - Assumption that all ringed young fledged
204,1984,168,NAG,PIEFL,1,6,6,6,46,64,,,,NE,C301518,I,04/06/1984,04/06/1984,1,B870179,R,16/06/1983,25/05/1984,1,13/06/1984,C301599,C301600,C301601,C301602,C301603,C301604,,,,,14.8,14.1,14.3,13.9,14.8,13.1,,,,,Hatching date estimated - Assumption that all ringed young fledged
205,1984,171,NAG,PIEFL,1,5,,4,61,79,,,,NE,B525223,R,23/06/1984,08/06/1982,2,C301524,I,10/06/1984,10/06/1984,1,25/06/1984,C301881,C301882,C301883,C301884,,,,,,,14.6,15.2,14.7,14.2,,,,,,,Hatching date estimated - Assumption that all ringed young fledged
206,1984,190,NAG,PIEFL,1,6,6,6,55,74,,,,NE,B525268,I,16/06/1984,16/06/1984,1,B870169,R,12/06/1983,02/06/1984,1,23/06/1984,C301859,C301860,C301861,C301862,C301863,C301864,,,,,13.1,13.8,13.8,13.4,13.2,14.2,,,,,Hatching date estimated - Assumption that all ringed young fledged
207,1984,191,NAG,PIEFL,1,,,0,43,,,,,XP,,,,,,,,,,,,,,,,,,,,,,,,,,,,,,,,PREDATED
208,1984,192,NAG,PIEFL,1,7,7,7,47,66,,,,NE,B525366,S,09/06/1984,12/06/1982,2,C301506,I,25/05/1984,25/05/1984,1,14/06/1984,C301695,C301696,C301697,C301698,C301699,C301700,C301701,,,,13.7,14.3,13.5,14.1,13.2,13.8,13.2,,,,Hatching date estimated - Assumption that all ringed young fledged
209,1984,196,NAG,PIEFL,1,5,,0,63,,,,,JP,B870049,R,23/06/1984,12/06/1983,1,C301526,I,10/06/1984,10/06/1984,1,,,,,,,,,,,,,,,,,,,,,,PREDATED 
210,1984,199,NAG,PIEFL,1,6,,2,46,64,,,,NE,B525139,S,09/06/1984,05/06/1982,2,B525224,S,08/06/1982,24/05/1984,2,13/06/1984,C301620,C301621,,,,,,,,,13,13.2,,,,,,,,,Hatching date estimated - Assumption that all ringed young fledged
211,1984,202,NAG,PIEFL,1,7,7,7,47,66,,,,NE,B210612,R,09/06/1984,14/06/1981,3,C301507,I,25/05/1984,25/05/1984,1,15/06/1984,C301702,C301703,C301704,C301705,C301706,C301707,C301708,,,,15.4,15.6,14.1,14.5,14.4,15,15,,,,Hatching date estimated - Assumption that all ringed young fledged
212,1984,205,NAG,PIEFL,1,7,7,7,48,67,,,,NE,B525427,R,09/06/1984,16/06/1982,2,B870004,S,22/05/1983,23/05/1984,2,16/06/1984,C301737,C301738,C301739,C301740,C301741,C301742,C301743,,,,14.5,15.1,13.8,14.3,14.5,15,14.4,,,,Hatching date estimated - Assumption that all ringed young fledged
213,1984,220,NAG,PIEFL,1,6,,0,47,,,,,JP,,,,,,C301505,I,24/05/1984,24/05/1984,1,,,,,,,,,,,,,,,,,,,,,,PREDATED - TRANSFERRED TO BOX 422
214,1984,222,NAG,PIEFL,1,8,,6,46,66,,,,NE,A843764,S,03/06/1984,,3,C301513,I,27/05/1984,27/05/1984,1,14/06/1984,C301682,C301683,C301684,C301685,C301686,C301687,,,,,13.2,14.1,14.4,14.6,14.6,15.5,,,,,Hatching date estimated - Assumption that all ringed young fledged
215,1984,224,NAG,PIEFL,1,7,7,7,47,66,,,,NE,B870181,R,03/06/1984,16/06/1983,1,B525252,R,08/06/1982,24/05/1984,2,14/06/1984,C301688,C301689,C301690,C301691,C301692,C301693,C301694,,,,13.1,12.5,14.4,14.1,13.2,13,12.9,,,,Hatching date estimated - Assumption that all ringed young fledged
216,1984,225,NAG,PIEFL,1,7,7,7,45,64,,,,NE,B525251,R,03/06/1984,08/06/1982,2,C301504,I,24/05/1984,24/05/1984,1,13/06/1984,C301605,C301606,C301607,C301608,C301609,C301610,C301611,,,,13.6,14.8,14.5,15,15.7,13.3,14.2,,,,Hatching date estimated - Assumption that all ringed young fledged
217,1984,304,NAG,PIEFL,1,7,7,7,48,68,,,,NE,C301525,I,10/06/1984,10/06/1984,1,B870137,R,12/06/1983,26/05/1984,1,17/06/1984,C301756,C301757,C301758,C301759,C301760,C301761,C301762,,,,13.1,14.3,14.1,13.9,13,13.8,13.6,,,,Hatching date estimated - Assumption that all ringed young fledged
218,1984,309,NAG,PIEFL,1,6,,0,,,,,,XP,,,,,,C301515,I,02/06/1984,02/06/1984,1,,,,,,,,,,,,,,,,,,,,,,PREDATED
219,1984,311,NAG,PIEFL,1,,,0,49,,,,,XD,,,,,,,,,,,,,,,,,,,,,,,,,,,,,,,,DESERTED
220,1984,314,NAG,PIEFL,1,,,0,49,,,,,XD,,,,,,,,,,,,,,,,,,,,,,,,,,,,,,,,DESERTED
221,1984,318,NAG,PIEFL,1,5,,3,68,86,,,,NE,B870015,S,23/06/1984,04/06/1983,2,B870010,S,26/05/1983,15/06/1984,2,03/07/1984,C301885,C301886,C301887,,,,,,,,14.1,13.6,14.2,,,,,,,,Hatching date estimated - Assumption that all ringed young fledged - FROM BOX 84
222,1984,321,NAG,PIEFL,1,6,6,6,51,70,,,,NE,B525115,S,10/06/1984,30/05/1982,3,B525174,R,06/06/1982,26/05/1984,2,20/06/1984,C301829,C301830,C301831,C301832,C301833,C301834,,,,,13.7,14.2,14.9,14,14.3,14.3,,,,,Hatching date estimated - Assumption that all ringed young fledged
223,1984,325,NAG,PIEFL,1,7,7,7,47,67,,,,NE,B870014,S,09/06/1984,03/06/1983,2,C301509,I,26/05/1984,26/05/1984,1,16/06/1984,C301730,C301731,C301732,C301733,C301734,C301735,C301736,,,,14.2,14.1,14.4,13.9,14.8,13.2,15.3,,,,Hatching date estimated - Assumption that all ringed young fledged
224,1984,334,NAG,PIEFL,1,6,,0,53,,,,,JP,,,,,,B870136,R,12/06/1983,28/05/1984,1,,,,,,,,,,,,,,,,,,,,,,PREDATED
225,1984,340,NAG,PIEFL,1,7,7,7,43,62,,,,NE,B525388,S,03/06/1984,31/05/1982,3,B525365,I,12/06/1982,25/05/1984,1,11/06/1984,C301565,C301566,C301567,C301568,C301569,C301570,C301571,,,,14.1,14,13.7,13.3,13.5,12.8,13.5,,,,Hatching date estimated - Assumption that all ringed young fledged
226,1984,359,NAG,PIEFL,1,8,8,8,47,67,,,,NE,B083824,S,09/06/1984,,2,A843562,S,,24/05/1984,3,16/06/1984,C301722,C301723,C301724,C301725,C301726,C301727,C301728,C301729,,,10.9,13.5,13.5,14,14,14.1,12.9,13.8,,,Hatching date estimated - Assumption that all ringed young fledged
227,1984,408,NAG,PIEFL,1,7,,6,42,62,,,,NE,B525161,S,02/06/1984,06/06/1982,2,B525369,R,12/06/1982,24/05/1984,2,11/06/1984,C301579,C301580,C301581,C301582,C301583,C301584,,,,,13.5,14.2,13.1,14,13.4,13.8,,,,,Hatching date estimated - Assumption that all ringed young fledged
228,1984,410,NAG,PIEFL,1,6,,4,68,86,,,,NE,A367547,S,23/06/1984,,3,B870123,R,12/06/1983,15/06/1984,1,03/07/1984,C301888,C301889,C301890,C301891,,,,,,,13.6,12,13.2,11.3,,,,,,,Hatching date estimated - Assumption that all ringed young fledged - FROM BOX 77 
229,1984,413,NAG,PIEFL,1,5,,5,46,63,,,,NE,B525126,S,02/06/1984,01/06/1982,2,C301502,I,24/05/1984,24/05/1984,1,12/06/1984,C301594,C301595,C301596,C301597,C301598,,,,,,12.5,12.3,12.5,13,13.6,,,,,,Hatching date estimated - Assumption that all ringed young fledged
230,1984,422,NAG,PIEFL,1,6,,4,67,86,,,,NE,,,,,,C301505,S,24/05/1984,15/06/1984,1,03/07/1984,C301892,C301893,C301894,C301895,,,,,,,12.7,13.4,13.2,8.4,,,,,,,Hatching date estimated - Assumption that all ringed young fledged - FROM BOX 220
231,1984,424,NAG,PIEFL,1,8,8,8,44,64,,,,NE,B870019,S,09/06/1984,05/06/1983,2,C301503,I,24/05/1984,24/05/1984,1,13/06/1984,C301612,C301613,C301614,C301615,C301616,C301617,C301618,C301619,,,12.4,12.5,12.5,13.1,12.6,12.8,12.8,13.5,,,Hatching date estimated - Assumption that all ringed young fledged
232,1984,426,NAG,PIEFL,1,7,7,7,49,68,,,,NE,C301522,S,09/06/1984,09/06/1984,1,C301514,I,28/05/1984,28/05/1984,1,17/06/1984,C301775,C301776,C301777,C301778,C301779,C301780,C301781,,,,13.8,13.6,11.7,14.5,13.2,14.6,14.6,,,,Hatching date estimated - Assumption that all ringed young fledged
233,1984,432,NAG,PIEFL,1,7,7,7,48,68,,,,NE,C301522,I,09/06/1984,09/06/1984,1,B525152,R,06/06/1982,26/05/1984,2,17/06/1984,C301782,C301783,C301784,C301785,C301786,C301787,C301788,,,,14.8,14.4,14.9,14.6,13.5,14.3,14.9,,,,Hatching date estimated - Assumption that all ringed young fledged
234,1984,435,NAG,PIEFL,1,6,,0,56,,,,,JD,,,,,,B870162,S,12/06/1983,02/06/1984,1,,,,,,,,,,,,,,,,,,,,,,Hatching date estimated - TRANSFERRED TO BOX 436
235,1984,436,NAG,PIEFL,2,6,,4,68,87,,,,NE,B210618,S,23/06/1984,14/06/1981,3,B870162,R,12/06/1983,15/06/1984,1,03/07/1984,C301896,C301897,C301898,C301899,,,,,,,14,14.6,14.7,15.1,,,,,,,Hatching date estimated - Assumption that all ringed young fledged - FROM  BOX 435
236,1984,439,NAG,PIEFL,1,6,6,6,49,67,,,,NE,B870281,R,02/06/1984,19/06/1983,1,C301508,I,26/05/1984,26/05/1984,1,16/06/1984,C301716,C301717,C301718,C301719,C301720,C301721,,,,,13.6,13.9,13.4,13.6,14.3,12.9,,,,,Hatching date estimated - Assumption that all ringed young fledged
237,1985,,BRO,PIEFL,1,,,7,,,,,,NE,,,,,,C616355,I,13/06/1985,13/06/1985,1,13/06/1985,C616356,C616357,C616358,C616359,C616360,C616361,C616362,,,,,,,,,,,,,,Hatching date estimated - Assumption that all ringed young fledged
238,1985,,FLO,PIEFL,1,,,7,,,,,,NE,B525271,S,09/06/1985,09/06/1982,4,C616342,I,09/06/1985,09/06/1985,1,09/06/1985,C616321,C616322,C616323,C616324,C616325,C616326,C616327,,,,,,,,,,,,,,Hatching date estimated - Assumption that all ringed young fledged
239,1985,,FLO,PIEFL,1,,,7,,,,,,NE,B261909,S,09/06/1985,,2,C616328,I,09/06/1985,09/06/1985,1,13/06/1985,C616363,C616364,C616365,C616366,C616367,C616368,C616369,,,,,,,,,,,,,,Hatching date estimated - Assumption that all ringed young fledged
240,1985,,FLO,PIEFL,1,,,3,,,,,,NE,C616329,I,09/06/1985,09/06/1985,1,C616330,I,09/06/1985,09/06/1985,1,09/06/1985,C616331,C616332,C616333,,,,,,,,,,,,,,,,,,Hatching date estimated - Assumption that all ringed young fledged
241,1985,,FLO,PIEFL,1,,,6,,,,,,NE,C616334,I,09/06/1985,09/06/1985,1,C616335,I,09/06/1985,09/06/1985,1,09/06/1985,C616336,C616337,C616338,C616339,C616340,C616341,,,,,,,,,,,,,,,Hatching date estimated - Assumption that all ringed young fledged
242,1985,3,KEN,PIEFL,1,7,,4,44,64,,,,NE,C616452,I,15/06/1985,15/06/1985,1,B870234,R,17/06/1983,02/06/1985,2,15/06/1985,C616453,C616454,C616455,C616456,,,,,,,,,,,,,,,,,Hatching date estimated - Assumption that all ringed young fledged
243,1985,5,KEN,PIEFL,1,6,6,6,46,65,,,,NE,,,,,,C616310,I,02/06/1985,02/06/1985,1,15/06/1985,C616457,C616458,C616459,C616460,C616461,C616462,,,,,,,,,,,,,,,Hatching date estimated - Assumption that all ringed young fledged
244,1985,7,KEN,PIEFL,1,7,7,7,46,66,,,,NE,C616470,I,15/06/1985,15/06/1985,1,C301510,S,27/05/1984,02/06/1985,2,15/06/1985,C616463,C616464,C616465,C616466,C616467,C616468,C616469,,,,,,,,,,,,,,Hatching date estimated - Assumption that all ringed young fledged
245,1985,9,KEN,PIEFL,1,7,7,7,48,68,,,,NE,A843735,S,15/06/1985,,4,C301517,S,03/06/1984,02/06/1985,2,16/06/1985,C616588,C616589,C616590,C616591,C616592,C616593,C616594,,,,,,,,,,,,,,Hatching date estimated - Assumption that all ringed young fledged
246,1985,17,KEN,PIEFL,1,1,,1,,,,,,NE,C301865,S,15/06/1985,23/06/1984,2,C301511,S,27/05/1984,02/06/1985,2,30/06/1985,C616685,,,,,,,,,,,,,,,,,,,,Hatching date estimated - Assumption that all ringed young fledged
247,1985,25,KEN,PIEFL,1,7,7,7,46,67,,,,NE,B870218,R,16/06/1985,16/06/1983,2,B525429,S,16/06/1982,02/06/1985,2,15/06/1985,C616478,C616479,C616480,C616481,C616482,C616483,C616484,,,,,,,,,,,,,,Hatching date estimated - Assumption that all ringed young fledged
248,1985,33,KEN,PIEFL,1,7,7,7,46,67,,,,NE,C616582,I,16/06/1985,16/06/1985,1,A843527,S,,02/06/1985,4,15/06/1985,C616485,C616486,C616487,C616488,C616489,C616490,C616491,,,,,,,,,,,,,,Hatching date estimated - Assumption that all ringed young fledged
249,1985,39,KEN,PIEFL,1,6,6,6,50,69,,,,NE,B525124,S,16/06/1985,01/06/1982,3,C616312,I,02/06/1985,02/06/1985,1,16/06/1985,C616577,C616578,C616579,C616580,C616581,C616582,,,,,,,,,,,,,,,Hatching date estimated - Assumption that all ringed young fledged
250,1985,40,KEN,PIEFL,1,7,7,7,46,67,,,,NE,,,,,,C616313,I,02/06/1985,02/06/1985,1,15/06/1985,C616471,C616472,C616473,C616474,C616475,C616476,C616477,,,,,,,,,,,,,,Hatching date estimated - Assumption that all ringed young fledged
251,1985,42,KEN,PIEFL,1,7,,5,48,68,,,,NE,C301527,S,16/06/1985,10/06/1984,2,C616311,I,02/06/1985,02/06/1985,1,16/06/1985,C616583,C616584,C616585,C616586,C616587,,,,,,,,,,,,,,,,Hatching date estimated - Assumption that all ringed young fledged
252,1985,48,KEN,PIEFL,1,6,5,5,54,74,,,1,NE,C616576,I,16/06/1985,16/06/1985,1,C616492,I,15/06/1985,15/06/1985,1,22/06/1985,C616629,C616630,C616631,C616632,C616633,,,,,,,,,,,,,,,,Hatching date estimated - Assumption that all ringed young fledged
253,1985,,LON,PIEFL,1,,,7,,,,,,NE,C356809,I,24/06/2005,,1,C123645,I,17/06/1984,09/06/1985,1,24/06/1985,C616654,C616655,C616656,C616657,C616658,C616659,C616660,,,,,,,,,,,,,,Hatching date estimated - Assumption that all ringed young fledged
254,1985,5,NAG,PIEFL,1,5,4,4,58,76,,,1,NE,B210612,S,15/06/1985,14/06/1981,4,B870003,S,22/05/1983,28/05/1985,3,26/06/1985,C616662,C616663,C616664,C616665,,,,,,,15.8,16.4,16.5,16.3,,,,,,,Hatching date estimated - Assumption that all ringed young fledged
255,1985,7,NAG,PIEFL,1,6,,0,56,,,,,JP,B210612,S,15/06/1985,14/06/1981,4,C616314,I,03/06/1985,03/06/1985,1,,,,,,,,,,,,,,,,,,,,,,PREDATED
256,1985,9,NAG,PIEFL,1,,,0,,,,,,XP,,,,,,,,,,,,,,,,,,,,,,,,,,,,,,,,PREDATED
257,1985,11,NAG,PIEFL,1,5,,3,68,85,,,,NE,C301769,R,23/06/1985,17/06/1984,1,C616349,I,12/06/1985,12/06/1985,1,03/07/1985,C616686,C616687,C616688,C616689,,,,,,,12.5,14.2,10.7,14.1,,,,,,,Hatching date estimated - 688 DIED
258,1985,14,NAG,PIEFL,1,,,0,,,,,,XP,,,,,,,,,,,,,,,,,,,,,,,,,,,,,,,,PREDATED
259,1985,26,NAG,PIEFL,1,,,0,,,,,,XP,,,,,,,,,,,,,,,,,,,,,,,,,,,,,,,,PREDATED
260,1985,32,NAG,PIEFL,1,7,,6,49,69,,,,NE,C301620,R,08/06/1985,13/06/1984,1,B870179,S,16/06/1983,19/05/1985,2,16/06/1985,C616533,C616534,C616535,C616536,C616537,C616538,,,,,14,13.6,13.7,12.6,13.6,14.2,,,,,Hatching date estimated - Assumption that all ringed young fledged
261,1985,34,NAG,PIEFL,1,6,,4,45,64,,,,NE,B525289,S,09/06/1985,09/06/1982,3,B525125,S,01/06/1982,25/05/1985,3,12/06/1985,C616351,C616352,C616353,C616354,,,,,,,15.3,16,15.2,14.7,,,,,,,Hatching date estimated - Assumption that all ringed young fledged
262,1985,37,NAG,PIEFL,1,7,5,5,46,65,,,2,NE,B525114,S,05/06/1985,29/05/1982,4,A367436,S,,24/05/1985,4,15/06/1985,C616419,C616420,C616421,C616422,C616423,,,,,,13.9,14.8,14.6,13.7,13.9,,,,,,Hatching date estimated - Assumption that all ringed young fledged
263,1985,41,NAG,PIEFL,1,,,0,,,,,,XP,,,,,,,,,,,,,,,,,,,,,,,,,,,,,,,,PREDATED
264,1985,44,NAG,PIEFL,1,6,4,4,54,73,,,2,NE,C616348,I,12/06/1985,12/06/1985,1,C301617,R,13/06/1984,24/05/1985,1,23/06/1985,C616640,C616641,C616642,C616643,,,,,,,15.2,14,14.6,14,,,,,,,Hatching date estimated - Assumption that all ringed young fledged
265,1985,51,NAG,PIEFL,1,4,,4,49,66,,,,NE,C301756,R,08/06/1985,17/06/1984,1,C301656,R,14/06/1984,22/05/1985,1,15/06/1985,C616401,C616402,C616403,C616404,,,,,,,15.3,14.8,14.2,12,,,,,,,Hatching date estimated - Assumption that all ringed young fledged
266,1985,53,NAG,PIEFL,1,7,7,7,49,69,,,,NE,B870092,R,08/06/1985,12/06/1983,2,C616309,I,28/05/1985,28/05/1985,1,16/06/1985,C616509,C616510,C616511,C616512,C616513,C616514,C616515,,,,14.9,14.5,14.1,9.4,14.5,13.9,14,,,,Hatching date estimated - Assumption that all ringed young fledged
267,1985,58,NAG,PIEFL,1,,,0,,,,,,XP,,,,,,,,,,,,,,,,,,,,,,,,,,,,,,,,PREDATED
268,1985,64,NAG,PIEFL,1,6,4,4,59,78,,,2,NE,B870116,R,16/06/1985,12/06/1983,2,C301506,S,25/05/1984,03/06/1985,2,26/06/1985,C616670,C616671,C616672,C616673,,,,,,,16.4,14.9,15.2,15.3,,,,,,,Hatching date estimated - Assumption that all ringed young fledged
269,1985,79,NAG,PIEFL,1,6,6,6,51,70,,,,NE,C301649,R,09/06/1985,14/06/1984,1,B870010,S,26/05/1983,28/05/1985,3,19/06/1985,C616600,C616601,C616602,C616603,C616604,C616605,,,,,15.6,15.6,16,14.9,15.3,14.5,,,,,Hatching date estimated - Assumption that all ringed young fledged
270,1985,80,NAG,PIEFL,1,6,,6,54,73,,,,NE,C616350,I,12/06/1985,12/06/1985,1,C301825,R,18/06/1984,31/05/1985,1,23/06/1985,C616648,C616649,C616650,C616651,C616652,C616653,,,,,14.7,14.5,13.6,14.4,13.6,13.5,,,,,Hatching date estimated - Assumption that all ringed young fledged
271,1985,88,NAG,PIEFL,1,8,,7,48,69,,,,NE,C616344,I,09/06/1985,09/06/1985,1,B870123,S,12/06/1983,25/05/1985,2,16/06/1985,C616526,C616527,C616528,C616529,C616530,C616531,C616532,,,,14.2,12.6,14.1,12.4,14,14.5,13.2,,,,Hatching date estimated - Assumption that all ringed young fledged
272,1985,89,NAG,PIEFL,1,6,,0,47,,,,,JD,,,,,,C616306,I,25/05/1985,25/05/1985,1,,,,,,,,,,,,,,,,,,,,,,PREDATED (DORMOUSE)
273,1985,92,NAG,PIEFL,1,7,7,7,48,68,,,,NE,B870149,S,08/06/1985,12/06/1983,2,B525174,S,06/06/1982,22/05/1985,3,16/06/1985,C616539,C616540,C616541,C616542,C616543,C616544,C616545,,,,15.1,14.3,14.8,14,13.9,13.8,14.1,,,,Hatching date estimated - Assumption that all ringed young fledged
274,1985,94,NAG,PIEFL,1,7,6,6,45,65,,,1,NE,B525336,S,05/06/1985,12/06/1982,3,C301562,R,11/06/1984,22/05/1985,1,15/06/1985,C616370,C616371,C616372,C616373,C616374,C616375,,,,,13.4,14.5,14.8,14.4,14.4,13.9,,,,,Hatching date estimated - Assumption that all ringed young fledged
275,1985,97,NAG,PIEFL,1,7,,6,48,68,,,,NE,C301519,S,08/06/1985,04/06/1984,2,B870295,R,22/06/1983,25/05/1985,2,16/06/1985,C616546,C616547,C616548,C616549,C616550,C616551,,,,,14.5,14.7,15.7,15,13.6,14.3,,,,,Hatching date estimated - Assumption that all ringed young fledged
276,1985,103,NAG,PIEFL,1,6,5,5,48,67,,,1,NE,B870016,S,08/06/1985,04/06/1983,3,B210537,S,11/06/1981,25/05/1985,4,15/06/1985,C616447,C616448,C616449,C616450,C616451,,,,,,15.1,15,14.6,16,16,,,,,,Hatching date estimated - Assumption that all ringed young fledged
277,1985,116,NAG,PIEFL,1,7,,0,48,,,,,JD,B870017,S,08/06/1985,05/06/1983,3,C301594,R,12/06/1984,25/05/1985,1,,,,,,,,,,,,,,,,,,,,,,DIED
278,1985,128,NAG,PIEFL,1,6,,4,56,75,,,,NE,C301669,R,15/06/1985,14/06/1984,1,C301767,R,17/06/1984,03/06/1985,1,23/06/1985,C616644,C616645,C616646,C616647,,,,,,,15.8,15.7,14.9,15.5,,,,,,,Hatching date estimated - Assumption that all ringed young fledged
279,1985,129,NAG,PIEFL,1,6,6,6,48,67,,,,NE,C616318,I,08/06/1985,08/06/1985,1,C301574,R,11/06/1984,22/05/1985,1,15/06/1985,C616376,C616377,C616378,C616379,C616380,C616381,,,,,13.8,13.5,14.3,13.7,14,13.8,,,,,Hatching date estimated - Assumption that all ringed young fledged
280,1985,130,NAG,PIEFL,1,6,,0,59,,,,,JD,B870215,R,16/06/1985,16/06/1983,2,C616315,I,03/06/1985,03/06/1985,1,,,,,,,,,,,,,,,,,,,,,,DIED
281,1985,132,NAG,PIEFL,1,,,0,,,,,,XP,,,,,,,,,,,,,,,,,,,,,,,,,,,,,,,,PREDATED
282,1985,134,NAG,PIEFL,1,6,5,5,46,65,,,1,NE,B870015,S,03/06/1985,04/06/1983,3,C616303,I,24/05/1985,24/05/1985,1,15/06/1985,C616424,C616425,C616426,C616427,C616428,,,,,,14.4,14.6,14.4,14.6,14.2,,,,,,Hatching date estimated - Assumption that all ringed young fledged
283,1985,136,NAG,PIEFL,1,6,,0,49,,,,,JD,B870014,S,09/06/1985,03/06/1983,3,B525191,I,07/06/1982,28/05/1985,1,,,,,,,,,,,,,,,,,,,,,,DIED
284,1985,137,NAG,PIEFL,1,7,5,5,48,67,,,2,NE,B525115,S,05/06/1985,30/05/1982,4,B870004,S,22/05/1983,28/05/1985,3,15/06/1985,C616414,C616415,C616416,C616417,C616418,,,,,,15.4,16.1,16.4,15.5,13.1,,,,,,Hatching date estimated - Assumption that all ringed young fledged
285,1985,141,NAG,PIEFL,1,9,,9,43,65,,,,NE,B170049,,05/06/1985,,1,C616301,I,22/05/1985,22/05/1985,1,15/06/1985,C616405,C616406,C616407,C616408,C616409,C616410,C616411,C616412,C616413,,14.9,14.2,13.8,12.4,13.8,13.4,15,12.9,15.9,,Hatching date estimated - Assumption that all ringed young fledged
286,1985,144,NAG,PIEFL,1,8,5,5,50,71,,,3,NE,B525378,S,12/06/1985,12/06/1982,3,B870137,S,12/06/1983,27/05/1985,2,19/06/1985,C616595,C616596,C616597,C616598,C616599,,,,,,15,14.4,14.6,14.7,15,,,,,,Hatching date estimated - Assumption that all ringed young fledged
287,1985,155,NAG,PIEFL,1,6,4,4,59,78,,,2,NE,C301581,R,16/06/1985,11/06/1984,1,C616319,I,08/06/1985,08/06/1985,1,26/06/1985,C616666,C616667,C616668,C616669,,,,,,,14.4,13.9,15.1,14.2,,,,,,,Hatching date estimated - Assumption that all ringed young fledged
288,1985,158,NAG,PIEFL,1,6,6,6,50,69,,,,NE,B870159,R,09/06/1985,12/06/1983,2,C616343,I,09/06/1985,09/06/1985,1,16/06/1985,C616520,C616521,C616522,C616523,C616524,C616525,,,,,14.4,14.5,15,15.1,14.9,14.4,,,,,Hatching date estimated - Assumption that all ringed young fledged
289,1985,164,NAG,PIEFL,1,6,,0,72,,,,,JD,C616674,I,30/06/1985,30/06/1985,1,C301883,R,25/06/1984,19/06/1985,1,10/07/1985,C616693,,,,,,,,,,12.3,,,,,,,,,,Hatching date estimated
290,1985,166,NAG,PIEFL,1,4,,4,51,68,,,,NE,B525205,R,08/06/1985,08/06/1982,3,B870285,R,19/06/1983,27/05/1985,2,16/06/1985,C616516,C616517,C616518,C616519,,,,,,,14.1,13.6,13.8,13.7,,,,,,,Hatching date estimated - Assumption that all ringed young fledged
291,1985,170,NAG,PIEFL,1,,,0,,,,,,XP,,,,,,,,,,,,,,,,,,,,,,,,,,,,,,,,PREDATED
292,1985,176,NAG,PIEFL,1,7,,0,68,,,,,JP,,,,,,C616346,I,12/06/1985,12/06/1985,1,,,,,,,,,,,,,,,,,,,,,,PREDATED
293,1985,191,NAG,PIEFL,1,,,0,,,,,,XP,,,,,,,,,,,,,,,,,,,,,,,,,,,,,,,,PREDATED
294,1985,192,NAG,PIEFL,1,7,7,7,47,67,,,,NE,B525366,S,08/06/1985,12/06/1982,3,C616302,I,24/05/1985,24/05/1985,1,15/06/1985,C616387,C616388,C616389,C616390,C616391,C616392,C616393,,,,14.1,15.7,15.4,14.9,15,14.2,14.5,,,,Hatching date estimated - Assumption that all ringed young fledged
295,1985,199,NAG,PIEFL,1,7,,3,48,68,,,,NE,C301548,R,08/06/1985,10/06/1984,1,C301526,S,10/06/1984,25/05/1985,2,16/06/1985,C616567,C616568,C616569,,,,,,,,13.8,15.5,15.7,,,,,,,,Hatching date estimated - Assumption that all ringed young fledged
296,1985,201,NAG,PIEFL,1,5,,4,62,80,,,,NE,A367306,S,19/06/1985,,3,B525183,S,06/06/1982,08/06/1985,3,30/06/1985,C616675,C616676,C616677,C616678,,,,,,,14.4,14.1,14.3,14.9,,,,,,,Hatching date estimated - Assumption that all ringed young fledged
297,1985,205,NAG,PIEFL,1,6,5,5,47,66,,,1,NE,B870138,R,08/06/1985,12/06/1983,2,C301596,R,12/06/1984,20/05/1985,1,15/06/1985,C616382,C616383,C616384,C616385,C616386,,,,,,14,15,14.1,14.6,14.3,,,,,,Hatching date estimated - Assumption that all ringed young fledged
298,1985,206,NAG,PIEFL,1,,,0,,,,,,XP,,,,,,,,,,,,,,,,,,,,,,,,,,,,,,,,PREDATED
299,1985,213,NAG,PIEFL,1,5,,1,58,76,,,,NE,C301648,R,15/06/1985,14/06/1984,1,C616320,I,08/06/1985,08/06/1985,1,26/06/1985,C616661,,,,,,,,,,13.9,,,,,,,,,,Hatching date estimated - Assumption that all ringed young fledged
300,1985,218,NAG,PIEFL,1,7,,4,52,72,,,,NE,C301535,R,12/06/1985,10/06/1984,1,C301524,S,10/06/1984,28/05/1985,2,19/06/1985,C616625,C616626,C616627,C616628,,,,,,,14.1,15.1,14.4,14.4,,,,,,,Hatching date estimated - Assumption that all ringed young fledged
301,1985,220,NAG,PIEFL,1,7,7,7,49,69,,,,NE,C301545,R,08/06/1985,10/06/1984,1,B870175,R,16/06/1983,25/05/1985,2,16/06/1985,C616493,C616494,C616495,C616496,C616497,C616498,C616499,,,,12.6,13.2,13.6,13.5,13.7,13.9,11.1,,,,Hatching date estimated - Assumption that all ringed young fledged
302,1985,225,NAG,PIEFL,1,5,,1,75,93,,,,NE,C301587,R,03/07/1985,12/06/1984,1,C301603,R,13/06/1984,23/06/1985,1,10/07/1985,C616694,C616695,,,,,,,,,12.4,10.3,,,,,,,,,Hatching date estimated - 695 DIED
303,1985,226,NAG,PIEFL,1,6,6,6,60,79,,,,NE,B870048,I,19/06/1985,12/06/1983,1,B870169,S,12/06/1983,04/06/1985,2,30/06/1985,C616679,C616680,C616681,C616682,C616683,C616684,,,,,14.5,14.3,13.9,,13.6,14.2,,,,,Hatching date estimated - Assumption that all ringed young fledged
304,1985,304,NAG,PIEFL,1,7,,7,47,,,,,NE,B870021,S,08/06/1985,05/06/1983,3,C301613,R,13/06/1984,24/05/1985,1,15/06/1985,C616394,C616395,C616396,C616397,C616398,C616399,C616400,,,,14,14.9,13.1,13.9,14,14,13.2,,,,Assumption that all ringed young fledged
305,1985,308,NAG,PIEFL,1,,,0,,,,,,XP,,,,,,,,,,,,,,,,,,,,,,,,,,,,,,,,PREDATED
306,1985,311,NAG,PIEFL,1,6,,3,49,68,,,,NE,C301732,R,08/06/1985,16/06/1984,1,C301578,R,11/06/1984,24/05/1985,1,16/06/1985,C616500,C616501,C616502,,,,,,,,11.7,13.4,13.9,,,,,,,,Hatching date estimated - Assumption that all ringed young fledged
307,1985,323,NAG,PIEFL,1,4,3,3,73,90,,,1,NE,C301699,R,30/06/1985,14/06/1984,1,C301677,R,14/06/1984,19/06/1985,1,06/07/1985,C616690,C616691,C616692,,,,,,,,12.5,13.1,11.9,,,,,,,,Hatching date estimated - Assumption that all ringed young fledged
308,1985,332,NAG,PIEFL,1,6,6,6,50,69,,,,NE,B525172,S,09/06/1985,06/06/1982,3,C301513,S,27/05/1984,28/05/1985,2,16/06/1985,C616503,C616504,C616505,C616506,C616507,C616508,,,,,13.5,13,14,13.5,14.2,13.3,,,,,Hatching date estimated - Assumption that all ringed young fledged
309,1985,333,NAG,PIEFL,1,6,,4,50,69,,,,NE,C301561,R,08/06/1985,11/06/1984,1,B870052,S,12/06/1983,28/05/1985,2,19/06/1985,C616606,C616607,C616608,C616609,,,,,,,14.8,15.4,11.7,15.6,,,,,,,Hatching date estimated - Assumption that all ringed young fledged
310,1985,337,NAG,PIEFL,1,6,5,5,45,64,,,1,NE,A843800,S,04/06/1985,,4,C616304,I,24/05/1985,24/05/1985,1,15/06/1985,C616442,C616443,C616444,C616445,C616446,,,,,,16.4,16,15.8,15.7,15.1,,,,,,Hatching date estimated - Assumption that all ringed young fledged
311,1985,340,NAG,PIEFL,1,8,8,8,48,69,,,,NE,B870054,S,09/06/1985,12/06/1983,2,B870058,S,12/06/1983,25/05/1985,2,16/06/1985,C616552,C616553,C616554,C616555,C616556,C616557,C616558,C616559,,,12.4,12.9,13,12.5,12.7,12.1,12.2,13.4,,,Hatching date estimated - Assumption that all ringed young fledged
312,1985,347,NAG,PIEFL,1,7,,0,51,,,,,JD,C301651,R,09/06/1985,14/06/1984,1,B525356,I,12/06/1982,28/05/1985,1,,,,,,,,,,,,,,,,,,,,,,DIED
313,1985,359,NAG,PIEFL,1,7,,0,49,,,,,JD,C616345,I,09/06/1985,09/06/1985,1,C616308,I,28/05/1985,28/05/1985,1,,,,,,,,,,,,,,,,,,,,,,DIED
314,1985,375,NAG,PIEFL,1,7,7,7,47,67,,,,NE,C616317,I,08/06/1985,08/06/1985,1,C301501,S,24/05/1984,25/05/1985,2,15/06/1985,C616429,C616430,C616431,C616432,C616433,C616434,C616435,,,,14.9,14.1,14,14.6,14.3,14.4,14.4,,,,Hatching date estimated - Assumption that all ringed young fledged
315,1985,406,NAG,PIEFL,1,6,,0,47,,,,,JD,B210618,S,05/06/1985,14/06/1981,4,B870108,R,12/06/1983,25/05/1985,2,,,,,,,,,,,,,,,,,,,,,,DIED
316,1985,410,NAG,PIEFL,1,6,,0,45,,,,,JD,B525251,S,04/06/1985,08/06/1982,3,C301584,R,11/06/1984,25/05/1985,1,,,,,,,,,,,,,,,,,,,,,,DISAPPEARED
317,1985,415,NAG,PIEFL,1,6,,5,52,71,,,,NE,C616347,I,12/06/1985,12/06/1985,1,C301502,S,24/05/1984,29/05/1985,2,19/06/1985,C616620,C616621,C616622,C616623,C616624,,,,,,15,14,14.1,11,13.5,,,,,,Hatching date estimated - Assumption that all ringed young fledged
318,1985,419,NAG,PIEFL,1,,0,0,51,,,,,ED,B870209,R,28/05/1985,16/06/1983,2,C616307,I,28/05/1985,28/05/1985,1,,,,,,,,,,,,,,,,,,,,,,DESERTED (MOUSE?)
319,1985,419,NAG,PIEFL,1,4,,0,74,,,,,JD,,,,,,B525204,R,08/06/1982,23/06/1985,3,,,,,,,,,,,,,,,,,,,,,,DIED
320,1985,424,NAG,PIEFL,1,6,,6,48,67,,,,NE,B525161,S,08/06/1985,06/06/1982,3,B092639,S,08/06/1981,25/05/1985,2,15/06/1985,C616436,C616437,C616438,C616439,C616440,C616441,,,,,15.5,15.6,15.7,15.2,15.6,14.8,,,,,Hatching date estimated - Assumption that all ringed young fledged
321,1985,425,NAG,PIEFL,1,,,0,61,,3,,,XD,,,,,,,,,,,,,,,,,,,,,,,,,,,,,,,,DESERTED
322,1985,426,NAG,PIEFL,1,5,,5,75,93,,,,NE,B210618,S,03/07/1985,14/06/1981,4,B870108,S,12/06/1983,23/06/1985,2,10/07/1985,C616696,C616697,C616698,C616699,C616700,,,,,,14.5,14.5,15.8,15.4,15,,,,,,Hatching date estimated - Assumption that all ringed young fledged
323,1985,431,NAG,PIEFL,1,7,,2,41,60,,,,NE,B870281,S,09/06/1985,19/06/1983,2,C616305,I,25/05/1985,25/05/1985,1,19/06/1985,C616618,C616619,,,,,,,,,16,15.9,,,,,,,,,Hatching date estimated - Assumption that all ringed young fledged
324,1985,436,NAG,PIEFL,1,8,,7,47,68,,,,NE,B870280,R,08/06/1985,19/06/1983,2,C301503,S,24/05/1984,25/05/1985,2,16/06/1985,C616560,C616561,C616562,C616563,C616564,C616565,C616566,,,,14.9,14.4,12.8,14.8,14.1,14.2,13.1,,,,Hatching date estimated - Assumption that all ringed young fledged
325,1985,440,NAG,PIEFL,1,8,8,8,50,71,,,,NE,C301830,R,09/06/1985,20/06/1984,1,B870028,R,08/06/1983,29/05/1985,2,19/06/1985,C616610,C616611,C616612,C616613,C616614,C616615,C616616,C616617,,,15,13.7,15.4,16.2,15.1,14.8,16.1,15.3,,,Hatching date estimated - Assumption that all ringed young fledged
326,1985,320 LOW,NAG,PIEFL,1,6,6,6,56,75,,,,NE,B083824,S,15/06/1985,,3,C301884,R,25/06/1984,31/05/1985,1,23/06/1985,C616634,C616635,C616636,C616637,C616638,C616639,,,,,10.5,11.8,12.7,11.6,11.9,11.5,,,,,Hatching date estimated - Assumption that all ringed young fledged
327,1985,R1,NAG,PIEFL,1,7,,6,48,68,,,,NE,C616816,I,08/06/1985,08/06/1985,1,B870167,R,12/06/1983,28/05/1985,2,16/06/1985,C616570,C616571,C616572,C616573,C616574,C616575,,,,,14.6,14.7,14.1,15,14.9,14,,,,,Hatching date estimated - Assumption that all ringed young fledged
328,1985,R2,NAG,PIEFL,1,7,,0,49,,,,,JD,B525139,S,08/06/1985,05/06/1982,3,B525248,S,08/06/1982,28/05/1985,3,,,,,,,,,,,,,,,,,,,,,,DIED
329,1986,,BRO,PIEFL,1,,,6,,,,,,NE,C616648,R,15/06/1986,23/06/1985,1,B525389,R,13/06/1982,15/06/1986,4,15/06/1986,C990262,C990263,C990264,C990265,C990266,C990267,,,,,,,,,,,,,,,Hatching date calculated - Assumption that all ringed young fledged
330,1986,Kitchen,FLO,PIEFL,1,,,7,,,,,,NE,C301647,R,13/06/1986,13/06/1984,2,B870253,R,18/06/1983,13/06/1986,3,15/06/1986,C990296,C990297,C990298,C990299,C990300,C990301,C990302,,,,,,,,,,,,,,Hatching date calculated - Assumption that all ringed young fledged
331,1986,Lower Cess Pit,FLO,PIEFL,1,,,8,,,,,,NE,C990135,I,13/06/1986,13/06/1986,1,C301779,R,17/06/1984,13/06/1986,2,16/06/1986,C990303,C990304,C990305,C990306,C990307,C990308,C990309,C990310,,,,,,,,,,,,,Hatching date calculated - Assumption that all ringed young fledged
332,1986,Lych Lower ,FLO,PIEFL,1,,,8,,,8,,,NE,C307859,I,13/06/1986,,1,C616328,S,09/06/1985,13/06/1986,2,13/06/1986,C990137,C990138,C990139,C990140,C990141,C990142,C990143,C990144,,,,,,,,,,,,,Hatching date calculated - Assumption that all ringed young fledged
333,1986,Pleasant view South,FLO,PIEFL,1,,,6,,,,,,NE,C616447,R,13/06/1986,15/06/1985,1,C990136,I,13/06/1986,13/06/1986,1,16/06/1986,C990311,C990312,C990313,C990314,C990315,C990316,,,,,,,,,,,,,,,Hatching date calculated - Assumption that all ringed young fledged
334,1986,1,KEN,PIEFL,1,6,,4,51,70,,,,NE,C301665,R,08/06/1986,14/06/1984,2,C616310,S,02/06/1985,01/06/1986,2,15/06/1986,C990268,C990269,C990270,C990271,,,,,,,,,,,,,,,,,Hatching date calculated - Assumption that all ringed young fledged
335,1986,4,KEN,PIEFL,1,8,,0,53,,,,,JD,C990272,I,15/06/1986,15/06/1986,1,C990021,I,01/06/1986,01/06/1986,1,,,,,,,,,,,,,,,,,,,,,,Hatching date calculated - Assumption that all ringed young fledged
336,1986,8,KEN,PIEFL,1,7,7,7,49,69,,,,NE,C616470,S,13/06/1986,15/06/1985,2,C301707,R,15/06/1984,01/06/1986,2,15/06/1986,C990279,C990280,C990281,C990282,C990283,C990284,C990285,,,,,,,,,,,,,,Hatching date calculated - Assumption that all ringed young fledged
337,1986,10,KEN,PIEFL,1,6,5,5,51,70,,,1,NE,C616488,R,08/06/1986,15/06/1985,1,C990023,I,01/06/1986,01/06/1986,1,15/06/1986,C990286,C990287,C990288,C990289,C990290,,,,,,,,,,,,,,,,Hatching date calculated - Assumption that all ringed young fledged
338,1986,15,KEN,PIEFL,1,7,6,6,52,72,,,1,NE,C990120,I,13/06/1986,13/06/1986,1,C301517,S,03/06/1984,01/06/1986,3,20/06/1986,C990464,C990465,C990466,C990467,C990468,C990469,,,,,,,,,,,,,,,Hatching date calculated - Assumption that all ringed young fledged
339,1986,19,KEN,PIEFL,1,7,,6,48,,,,,NE,B586322,S,08/06/1986,12/06/1982,3,A843527,S,,08/06/1986,5,15/06/1986,C990273,C990274,C990275,C990276,C990277,C990278,,,,,,,,,,,,,,,Assumption that all ringed young fledged
340,1986,20,KEN,PIEFL,1,7,7,7,53,73,,,,NE,C990119,I,13/06/1986,13/06/1986,1,C990022,I,01/06/1986,01/06/1986,1,20/06/1986,C990470,C990471,C990472,C990473,C990474,C990475,C990476,,,,,,,,,,,,,,Hatching date calculated - Assumption that all ringed young fledged
341,1986,29,KEN,PIEFL,1,7,7,7,53,73,,,,NE,C990121,I,13/06/1986,13/06/1986,1,C616311,S,02/06/1985,01/06/1986,2,20/06/1986,C990457,C990458,C990459,C990460,C990461,C990462,C990463,,,,,,,,,,,,,,Hatching date calculated - Assumption that all ringed young fledged
342,1986,33,KEN,PIEFL,1,5,5,5,50,68,,,,NE,C616582,S,13/06/1986,16/06/1985,2,C616623,R,19/06/1985,01/06/1986,1,15/06/1986,C990291,C990292,C990293,C990294,C990295,,,,,,,,,,,,,,,,Hatching date calculated - Assumption that all ringed young fledged
343,1986,36,KEN,PIEFL,1,6,,0,51,,,,,JP,C990037,I,08/06/1986,08/06/1986,1,C616312,S,02/06/1985,01/06/1986,2,,,,,,,,,,,,,,,,,,,,,,PREDATED 
344,1986,40,KEN,PIEFL,1,7,,0,50,,,,,JP,,,,,,B870234,S,17/06/1983,01/06/1986,3,,,,,,,,,,,,,,,,,,,,,,PREDATED 
345,1986,47,KEN,PIEFL,1,6,,0,,,,,,JP,C301665,S,01/06/1986,14/06/1984,2,C616402,R,15/06/1985,01/06/1986,1,,,,,,,,,,,,,,,,,,,,,,PREDATED 
346,1986,2,LYD,PIEFL,1,7,7,7,,,,,,NE,C301625,R,16/06/1986,13/06/1984,2,C990024,I,01/06/1986,01/06/1986,1,16/06/1986,C990317,C990318,C990319,C990320,C990321,C990322,C990323,,,,,,,,,,,,,,Hatching date calculated - Assumption that all ringed young fledged
347,1986,10,LYD,PIEFL,1,7,7,7,,,,,,NE,C990339,I,17/06/1986,17/06/1986,1,C616542,R,16/06/1985,16/06/1986,1,16/06/1986,C990332,C990333,C990334,C990335,C990336,C990337,C990338,,,,,,,,,,,,,,Hatching date calculated - Assumption that all ringed young fledged
348,1986,21,LYD,PIEFL,1,7,7,7,,,,,,NE,C990324,I,16/06/1986,16/06/1986,1,B949362,I,01/06/1986,01/06/1986,1,16/06/1986,C990325,C990326,C990327,C990328,C990329,C990330,C990331,,,,,,,,,,,,,,Hatching date calculated - Assumption that all ringed young fledged
349,1986,2,NAG,PIEFL,1,6,5,4,49,68,,,1,NE,C616644,R,06/06/1986,23/06/1985,1,C301595,R,12/06/1984,24/05/1986,2,14/06/1986,C990189,C990190,C990191,C990192,,,,,,,13.9,14.7,14.7,,,,,,,,Hatching date calculated - Assumption that all ringed young fledged
350,1986,4,NAG,PIEFL,1,5,5,5,46,64,,,,NE,C301713,R,02/06/1986,15/06/1984,2,C616440,R,15/06/1985,24/05/1986,1,11/06/1986,C990083,C990084,C990085,C990086,C990087,,,,,,14.4,15.5,16.3,15.8,15.3,,,,,,Hatching date calculated - Assumption that all ringed young fledged
351,1986,9,NAG,PIEFL,1,,,0,,,,,,XP,,,,,,,,,,,,,,,,,,,,,,,,,,,,,,,,PREDATED
352,1986,13,NAG,PIEFL,1,6,6,6,50,69,,,,NE,C990032,I,06/06/1986,06/06/1986,1,C668613,I,16/06/1985,25/05/1986,1,15/06/1986,C990212,C990213,C990214,C990215,C990216,C990217,,,,,11.6,14.6,13.4,14.8,14.5,14,,,,,Hatching date calculated - Assumption that all ringed young fledged
353,1986,14,NAG,PIEFL,1,,0,0,,,,,,EP,,,,,,,,,,,,,,,,,,,,,,,,,,,,,,,,PREDATED - DORMOUSE
354,1986,20,NAG,PIEFL,1,7,7,7,48,68,,,,NE,B870215,S,05/06/1986,16/06/1983,3,C301596,S,12/06/1984,26/05/1986,2,14/06/1986,C990176,C990177,C990178,C990179,C990180,C990181,C990182,,,,13.7,14.8,15.4,14.6,14.6,14,14.1,,,,Hatching date calculated - Assumption that all ringed young fledged
355,1986,22,NAG,PIEFL,1,6,6,6,48,67,,,,NE,C616316,I,05/06/1986,05/06/1986,1,C616438,R,15/06/1985,26/05/1986,1,14/06/1986,C990168,C990169,C990170,C990171,C990172,C990173,,,,,14.9,14.8,14.7,14.7,14.9,14.4,,,,,Hatching date calculated - Assumption that all ringed young fledged
356,1986,25,NAG,PIEFL,1,7,6,6,55,75,,,1,NE,B870138,S,14/06/1986,12/06/1983,4,C616645,R,23/06/1985,31/05/1986,1,23/06/1986,C990500,C990501,C990502,C990503,C990504,C990505,,,,,14.4,15.5,15,15.1,14.7,15.6,,,,,Hatching date calculated - Assumption that all ringed young fledged
357,1986,27,NAG,PIEFL,1,7,6,6,51,71,,,1,NE,B870138,S,10/06/1986,12/06/1983,3,B525356,S,12/06/1982,26/05/1986,2,17/06/1986,C990379,C990380,C990381,C990382,C990383,C990384,,,,,14.7,13.2,14.1,13.8,14.7,13.8,,,,,Hatching date calculated - Assumption that all ringed young fledged
358,1986,30,NAG,PIEFL,1,7,7,7,46,66,,,,NE,C990027,I,05/06/1986,05/06/1986,1,C301631,R,13/06/1984,25/05/1986,2,12/06/1986,C990108,C990109,C990110,C990111,C990112,C990174,C990175,,,,15,14.1,13.6,14.4,14,,,,,,Hatching date calculated - Assumption that all ringed young fledged
359,1986,32,NAG,PIEFL,1,6,6,6,47,66,,,,NE,C301742,S,05/06/1986,16/06/1984,2,C301704,R,15/06/1984,24/05/1986,2,12/06/1986,C990102,C990103,C990104,C990105,C990106,C990107,,,,,15.1,15.1,15,14.8,15.5,13.6,,,,,Hatching date calculated - Assumption that all ringed young fledged
360,1986,34,NAG,PIEFL,1,6,5,5,42,61,,,1,NE,B870014,S,31/05/1986,03/06/1983,4,B525125,S,01/06/1982,22/05/1986,4,09/06/1986,C990050,C990051,C990052,C990053,C990054,,,,,,15.6,15.2,15.3,15.1,15.8,,,,,,Hatching date calculated - Assumption that all ringed young fledged
361,1986,37,NAG,PIEFL,1,5,,3,70,86,,,,NE,C301811,R,14/06/1986,18/06/1984,2,C301578,S,11/06/1984,14/06/1986,2,02/07/1986,C990512,C990513,C990514,,,,,,,,11.4,14.5,12.4,,,,,,,,Hatching date calculated - Assumption that all ringed young fledged
362,1986,45,NAG,PIEFL,1,,,0,,,,,,XP,,,,,,,,,,,,,,,,,,,,,,,,,,,,,,,,PREDATED
363,1986,47,NAG,PIEFL,1,6,5,5,45,64,,,1,NE,B870049,S,04/06/1986,12/06/1983,3,B870003,S,22/05/1983,25/05/1986,4,11/06/1986,C990078,C990079,C990080,C990081,C990082,,,,,,14.3,14,13.5,14.6,14.2,,,,,,Hatching date calculated - Assumption that all ringed young fledged
364,1986,49,NAG,PIEFL,1,7,7,7,44,64,,,,NE,C301762,R,04/06/1986,17/06/1984,2,C301617,S,13/06/1984,24/05/1986,2,11/06/1986,C990071,C990072,C990073,C990074,C990075,C990076,C990077,,,,14.2,14.8,14.8,14.7,15.7,16,14.1,,,,Hatching date calculated - Assumption that all ringed young fledged
365,1986,52,NAG,PIEFL,1,7,,5,46,65,,,,NE,,,,,,B870137,S,12/06/1983,25/05/1986,3,14/06/1986,C990163,C990164,C990165,C990166,C990167,,,,,,14.5,15.2,14.2,14.7,14.8,,,,,,Hatching date calculated - Assumption that all ringed young fledged
366,1986,53,NAG,PIEFL,1,7,7,7,50,70,,,,NE,C616669,R,08/06/1986,26/06/1985,1,C616319,S,08/06/1985,27/05/1986,2,17/06/1986,C990366,C990367,C990368,C990369,C990370,C990371,C990372,,,,15.5,12.6,15.1,15.2,15.5,15,15.6,,,,Hatching date calculated - Assumption that all ringed young fledged
367,1986,54,NAG,PIEFL,1,7,0,0,48,,,,,EP,,,,,,C301578,S,11/06/1984,24/05/1986,2,,,,,,,,,,,,,,,,,,,,,,EGGS STOLEN 
368,1986,58,NAG,PIEFL,1,6,6,6,46,65,,,,NE,C301769,S,04/06/1986,17/06/1984,2,C616516,R,16/06/1985,25/05/1986,1,12/06/1986,C990113,C990114,C990115,C990116,C990117,C990118,,,,,15.2,15,14.5,16,15.1,13.9,,,,,Hatching date calculated - Assumption that all ringed young fledged
369,1986,61,NAG,PIEFL,1,7,7,7,49,69,,,,NE,C301852,R,06/06/1986,23/06/1984,2,C616584,R,16/06/1985,26/05/1986,1,15/06/1986,C990218,C990219,C990220,C990221,C990222,C990223,C990224,,,,13,12.8,12.5,13,12.1,12,12.6,,,,Hatching date calculated - Assumption that all ringed young fledged
370,1986,63,NAG,PIEFL,1,4,0,0,64,,,,,ED,C301891,R,23/06/1986,03/07/1984,2,C296611,I,15/06/1985,10/06/1986,1,,,,,,,,,,,,,,,,,,,,,,EGGS INFERTILE 
371,1986,77,NAG,PIEFL,1,6,6,6,62,81,,,,NE,C990403,I,18/06/1986,18/06/1986,1,C990038,I,09/06/1986,09/06/1986,1,28/06/1986,C990506,C990507,C990508,C990509,C990510,C990511,,,,,15,15.1,15.7,16,14.4,14.2,,,,,Hatching date calculated - Assumption that all ringed young fledged
372,1986,78,NAG,PIEFL,1,7,6,6,48,68,,,1,NE,B870021,S,06/06/1986,05/06/1983,4,C616343,S,09/06/1985,25/05/1986,2,14/06/1986,C990183,C990184,C990185,C990186,C990187,C990188,,,,,13.7,14.5,13.1,14.6,13.8,14.3,,,,,Hatching date calculated - Assumption that all ringed young fledged
373,1986,88,NAG,PIEFL,1,6,5,5,53,72,,,1,NE,C301742,R,14/06/1986,16/06/1984,2,C990016,I,27/05/1986,27/05/1986,1,19/06/1986,C990437,C990438,C990439,C990440,C990441,,,,,,14.8,14.5,14.4,14.6,14.7,,,,,,Hatching date calculated - Assumption that all ringed young fledged
374,1986,89,NAG,PIEFL,1,6,5,5,58,77,,,1,NE,,,,,,C990028,I,05/06/1986,05/06/1986,1,23/06/1986,C990495,C990496,C990497,C990498,C990499,,,,,,8.9,10.8,12.1,12.2,10.5,,,,,,Hatching date calculated - Assumption that all ringed young fledged
375,1986,92,NAG,PIEFL,1,7,,6,46,66,,,,NE,B870149,S,05/06/1986,12/06/1983,3,C990002,I,22/05/1986,22/05/1986,1,12/06/1986,C990088,C990089,C990090,C990091,C990092,C990093,,,,,13.4,13.7,14.7,14.5,14.5,13.9,,,,,Hatching date calculated - Assumption that all ringed young fledged
376,1986,104,NAG,PIEFL,1,7,5,5,47,67,,,2,NE,C616437,R,05/06/1986,15/06/1985,1,C990008,I,25/05/1986,25/05/1986,1,13/06/1986,C990145,C990146,C990147,C990148,C990149,,,,,,14,13.6,13.4,14.1,14.4,,,,,,Hatching date calculated - Assumption that all ringed young fledged
377,1986,107,NAG,PIEFL,1,6,6,6,56,75,,,,NE,C616649,R,13/06/1986,23/06/1985,1,C616583,R,16/06/1985,31/05/1986,1,23/06/1986,C990483,C990484,C990485,C990486,C990487,C990488,,,,,14.8,14.4,14.9,14.2,14,13.9,,,,,Hatching date calculated - Assumption that all ringed young fledged
378,1986,120,NAG,PIEFL,1,5,,3,57,75,,,1,NE,B525115,S,14/06/1986,30/05/1982,5,C990026,I,04/06/1986,04/06/1986,1,23/06/1986,C990480,C990481,C990482,,,,,,,,15.1,15,10.8,,,,,,,,Hatching date calculated - Assumption that all ringed young fledged
379,1986,122,NAG,PIEFL,1,7,1,1,49,69,,,6,NE,C616600,R,08/06/1986,19/06/1985,1,B870175,S,16/06/1983,25/05/1986,3,15/06/1986,C990193,,,,,,,,,,13.5,,,,,,,,,,Hatching date calculated - Assumption that all ringed young fledged
380,1986,134,NAG,PIEFL,1,7,,2,52,71,,,3,NE,C616348,S,10/06/1986,12/06/1985,2,C990007,I,25/05/1986,25/05/1986,1,17/06/1986,C990385,C990386,,,,,,,,,14.2,14.3,,,,,,,,,Hatching date calculated - Assumption that all ringed young fledged
381,1986,147,NAG,PIEFL,1,7,7,7,49,69,,,,NE,C616674,S,08/06/1986,30/06/1985,2,C990004,I,24/05/1986,24/05/1986,1,15/06/1986,C990199,C990200,C990201,C990202,C990203,C990204,C990205,,,,12.6,13.7,12.6,12.9,10.4,12.3,12.9,,,,Hatching date calculated - Assumption that all ringed young fledged
382,1986,157,NAG,PIEFL,1,7,7,7,53,73,,,,NE,C990063,I,11/06/1986,11/06/1986,1,C990019,I,28/05/1986,28/05/1986,1,19/06/1986,C990442,C990443,C990444,C990445,C990446,C990447,C990448,,,,14.4,14.9,14.3,13.8,14.9,14.2,13.4,,,,Hatching date calculated - Assumption that all ringed young fledged
383,1986,162,NAG,PIEFL,1,6,6,6,47,66,,,,NE,B525172,S,05/06/1986,06/06/1982,4,C990001,I,22/05/1986,22/05/1986,1,14/06/1986,C990157,C990158,C990159,C990160,C990161,C990162,,,,,14.3,14.6,15.2,14.4,14.4,15.8,,,,,Hatching date calculated - Assumption that all ringed young fledged
384,1986,169,NAG,PIEFL,1,6,6,6,42,61,,,,NE,C616344,S,31/05/1986,09/06/1985,2,C301881,R,25/06/1984,18/05/1986,2,09/06/1986,C990044,C990045,C990046,C990047,C990048,C990049,,,,,14.1,13.7,15.3,14.5,13.9,14.4,,,,,Hatching date calculated - Assumption that all ringed young fledged
385,1986,175,NAG,PIEFL,2,5,5,5,77,94,,,,NE,,,,,,C301526,S,10/06/1984,20/06/1986,3,11/07/1986,C990515,C990516,C990517,C990518,C990519,,,,,,14.1,14.4,12.6,12.8,9.8,,,,,,Hatching date calculated - Assumption that all ringed young fledged
386,1986,177,NAG,PIEFL,1,7,,0,52,,,,,JP,B870016,S,11/06/1986,04/06/1983,4,C990015,I,27/05/1986,27/05/1986,1,,,,,,,,,,,,,,,,,,,,,,YOUNG PREDATED 
387,1986,178,NAG,PIEFL,1,8,7,7,49,70,,,1,NE,C301726,R,08/06/1986,16/06/1984,2,C990010,I,25/05/1986,25/05/1986,1,17/06/1986,C990340,C990341,C990342,C990343,C990344,C990345,C990346,,,,14.4,13.3,14.3,14.5,14.3,14.4,14.9,,,,Hatching date calculated - Assumption that all ringed young fledged
388,1986,180,NAG,PIEFL,1,7,0,0,51,,,,,EP,,,,,,C301690,R,14/06/1984,26/05/1986,2,,,,,,,,,,,,,,,,,,,,,,EGGS STOLEN 
389,1986,192,NAG,PIEFL,1,7,7,7,44,64,,,,NE,C990025,I,02/06/1986,02/06/1986,1,C301767,S,17/06/1984,25/05/1986,2,11/06/1986,C990064,C990065,C990066,C990067,C990068,C990069,C990070,,,,14.9,14.8,14.9,14.9,14.6,14.9,14,,,,Hatching date calculated - Assumption that all ringed young fledged
390,1986,193,NAG,PIEFL,1,6,6,6,51,69,,,,NE,C616466,R,08/06/1986,15/06/1985,1,C616436,R,15/06/1985,26/05/1986,1,17/06/1986,C990373,C990374,C990375,C990376,C990377,C990378,,,,,15.6,15.3,15.5,15.6,15.2,14.8,,,,,Hatching date calculated - Assumption that all ringed young fledged
391,1986,196,NAG,PIEFL,1,7,7,7,51,71,,,,NE,C616413,R,09/06/1986,15/06/1985,1,C301628,R,13/06/1984,28/05/1986,2,17/06/1986,C990353,C990354,C990355,C990356,C990357,C990358,C990359,,,,15,14.4,14.2,14.7,14.1,14.5,13.3,,,,Hatching date calculated - Assumption that all ringed young fledged
392,1986,197,NAG,PIEFL,1,7,,0,46,,,,,JP,,,,,,C301526,S,10/06/1984,22/05/1986,3,,,,,,,,,,,,,,,,,,,,,,YOUNG PREDATED 
393,1986,199,NAG,PIEFL,1,7,,4,49,68,,,,NE ,B525336,S,06/06/1986,12/06/1982,4,B525248,S,08/06/1982,26/05/1986,4,15/06/1986,C990258,C990259,C990260,C990261,,,,,,,13.7,14.7,15.5,15.4,,,,,,,Hatching date calculated - Assumption that all ringed young fledged
394,1986,201,NAG,PIEFL,1,7,,6,49,69,,,,NE,C301525,S,06/06/1986,10/06/1984,3,B870123,S,12/06/1983,24/05/1986,3,15/06/1986,C990206,C990207,C990208,C990209,C990210,C990211,,,,,12.1,13.3,12.9,12.8,12.5,8.6,,,,,Hatching date calculated - Assumption that all ringed young fledged
395,1986,205,NAG,PIEFL,1,6,0,0,46,,,,,ED,,,,,,C990005,I,24/05/1986,24/05/1986,1,,,,,,,,,,,,,,,,,,,,,,DESERTED
396,1986,212,NAG,PIEFL,1,7,,7,51,71,,,,NE,C301648,S,11/06/1986,14/06/1984,2,C990014,I,27/05/1986,27/05/1986,1,19/06/1986,C990430,C990431,C990432,C990433,C990434,C990435,C990436,,,,15.8,15.3,15.9,16,16.1,15.4,15.2,,,,Hatching date calculated - Assumption that all ringed young fledged
397,1986,217,NAG,PIEFL,1,7,7,7,46,66,,,,NE,B870054,S,05/06/1986,12/06/1983,3,C616320,S,08/06/1985,26/05/1986,2,13/06/1986,C990128,C990129,C990130,C990131,C990132,C990133,C990134,,,,14.2,13.8,14.4,13.7,13.7,13.8,13.9,,,,Hatching date calculated - Assumption that all ringed young fledged
398,1986,219,NAG,PIEFL,1,8,8,8,48,69,,,,NE,C990031,I,06/06/1986,06/06/1986,1,C990009,I,25/05/1986,25/05/1986,1,15/06/1986,C990250,C990251,C990252,C990253,C990254,C990255,C990256,C990257,,,14.8,14.6,13.7,14.5,12.4,14.5,14.9,14.5,,,Hatching date calculated - Assumption that all ringed young fledged
399,1986,225,NAG,PIEFL,1,6,6,6,59,78,,,,NE,B525251,S,19/06/1986,08/06/1982,4,C616458,R,15/06/1985,03/06/1986,1,23/06/1986,C990489,C990490,C990491,C990492,C990493,C990494,,,,,12.2,13.1,13.7,12.2,10.1,12.6,,,,,Hatching date calculated - Assumption that all ringed young fledged
400,1986,226,NAG,PIEFL,1,7,0,0,46,,,,,EP,,,,,,C616458,S,15/06/1985,22/05/1986,1,,,,,,,,,,,,,,,,,,,,,,EGGS STOLEN 
401,1986,300,NAG,PIEFL,1,7,,0,54,,,,,JD,C615606,I,12/06/1986,19/06/1985,1,C616494,R,16/06/1985,31/05/1986,1,,,,,,,,,,,,,,,,,,,,,,ALL YOUNG DIED
402,1986,302,NAG,PIEFL,1,7,5,5,49,67,,,2,NE,C990033,I,06/06/1986,06/06/1986,1,C616526,R,16/06/1985,25/05/1986,1,15/06/1986,C990194,C990195,C990196,C990197,C990198,,,,,,12.2,13.9,13.5,13.3,13.2,,,,,,Hatching date calculated - Assumption that all ringed young fledged
403,1986,303,NAG,PIEFL,1,7,6,6,52,72,,,1,NE,C616350,S,10/06/1986,12/06/1985,2,C990017,I,27/05/1986,27/05/1986,1,19/06/1986,C990424,C990425,C990426,C990427,C990428,C990429,,,,,14.3,13.4,14.5,14.1,13.7,14.4,,,,,Hatching date calculated - Assumption that all ringed young fledged
404,1986,304,NAG,PIEFL,1,5,5,5,43,61,,,,NE,C616353,R,31/05/1986,12/06/1985,1,C301867,R,23/06/1984,24/05/1986,2,09/06/1986,C990039,C990040,C990041,C990042,C990043,,,,,,14.7,13.9,14.9,12,14.8,,,,,,Hatching date calculated - Assumption that all ringed young fledged
405,1986,309,NAG,PIEFL,1,6,6,6,51,70,,,,NE,C616627,R,09/06/1986,19/06/1985,1,C616539,R,16/06/1985,27/05/1986,1,17/06/1986,C990360,C990361,C990362,C990363,C990364,C990365,,,,,14.6,15,14.5,15.6,14.9,15.4,,,,,Hatching date calculated - Assumption that all ringed young fledged
406,1986,314,NAG,PIEFL,1,6,6,6,52,71,,,,NE,C301545,S,10/06/1986,10/06/1984,2,C616302,S,24/05/1985,27/05/1986,2,17/06/1986,C990347,C990348,C990349,C990350,C990351,C990352,,,,,14.5,13,13.9,12.9,,,,,,,Hatching date calculated - Assumption that all ringed young fledged
407,1986,317,NAG,PIEFL,1,7,7,7,44,64,,,,NE,B525114,S,04/06/1986,29/05/1982,5,B870004,S,22/05/1983,22/05/1986,4,11/06/1986,C990056,C990057,C990058,C990059,C990060,C990061,C990062,,,,14.4,14.8,15.5,13.9,15.1,15,15.4,,,,Hatching date calculated - Assumption that all ringed young fledged
408,1986,326,NAG,PIEFL,1,9,8,8,50,72,,,1,NE,C301649,S,11/06/1986,14/06/1984,2,C616349,S,12/06/1985,26/05/1986,2,19/06/1986,C990449,C990450,C990451,C990452,C990453,C990454,C990455,C990456,,,14.4,14.7,13.5,15.2,14.8,14.9,14.6,15.1,,,Hatching date calculated - Assumption that all ringed young fledged
409,1986,337,NAG,PIEFL,1,7,7,7,47,67,,,,NE,A843800,S,05/06/1986,,5,C616304,S,24/05/1985,22/05/1986,2,14/06/1986,C990150,C990151,C990152,C990153,C990154,C990155,C990156,,,,14.3,14.7,14,14.2,14.1,14.3,14.9,,,,Hatching date calculated - Assumption that all ringed young fledged
410,1986,340,NAG,PIEFL,1,7,,5,50,70,,,,NE,C990034,I,08/06/1986,08/06/1986,1,C990018,I,28/05/1986,28/05/1986,1,17/06/1986,C990387,C990388,C990389,C990390,C990391,,,,,,14.7,14.7,14.9,13.2,15.8,,,,,,Hatching date calculated - Assumption that all ringed young fledged
411,1986,343,NAG,PIEFL,1,5,5,5,50,67,,,,NE,C616559,R,08/06/1986,16/06/1985,1,C626241,I,07/06/1985,24/05/1986,1,15/06/1986,C990225,C990226,C990227,C990228,C990229,,,,,,14.7,14.2,13.2,13.3,13.8,,,,,,Hatching date calculated - Assumption that all ringed young fledged
412,1986,345,NAG,PIEFL,1,8,8,8,47,70,,,,NE,C990035,I,08/06/1986,08/06/1986,1,C301677,S,14/06/1984,26/05/1986,2,17/06/1986,C990395,C990396,C990397,C990398,C990399,C990400,C990401,C990402,,,14.2,14.3,13.4,13.9,13.2,14.1,14.3,14.1,,,Hatching date calculated - Assumption that all ringed young fledged
413,1986,357,NAG,PIEFL,1,7,7,7,48,68,,,,NE,C990029,I,06/06/1986,06/06/1986,1,C990003,I,22/05/1986,22/05/1986,1,15/06/1986,C990230,C990231,C990232,C990233,C990234,C990235,C990236,,,,13,14.1,13.1,13.9,13.6,13.8,13.5,,,,Hatching date calculated - Assumption that all ringed young fledged
414,1986,361,NAG,PIEFL,1,7,,3,51,71,,,,NE,C616383,R,10/06/1986,15/06/1985,1,B870179,S,16/06/1983,05/06/1986,3,17/06/1986,C990392,C990393,C990394,,,,,,,,14.5,15.1,14.4,,,,,,,,Hatching date calculated - Assumption that all ringed young fledged
415,1986,374,NAG,PIEFL,1,9,9,9,44,66,,,,NE,B870048,S,05/06/1986,12/06/1983,2,C990006,I,24/05/1986,24/05/1986,1,12/06/1986,C990094,C990095,C990096,C990097,C990098,C990099,C990100,C990101,C990237,,13.6,15.2,15.8,15.8,15.8,15.3,14.9,15.3,,,Hatching date calculated - Assumption that all ringed young fledged
416,1986,401,NAG,PIEFL,1,4,4,4,78,94,,,,NE,C148405,I,06/07/1986,06/07/1986,1,C616427,R,15/06/1985,24/06/1986,1,11/07/1986,C990520,C990521,C990522,C990523,,,,,,,9.7,12.8,13.9,14,,,,,,,Hatching date calculated - Assumption that all ringed young fledged
417,1986,404,NAG,PIEFL,1,7,,6,50,70,,,,NE,C990036,I,08/06/1986,08/06/1986,1,C301502,S,24/05/1984,27/05/1986,3,18/06/1986,C990404,C990405,C990406,C990407,C990408,C990409,,,,,15,14.7,15,13.9,14.7,15.2,,,,,Hatching date calculated - Assumption that all ringed young fledged
418,1986,408,NAG,PIEFL,1,6,6,6,51,70,,,,NE,B525161,S,08/06/1986,06/06/1982,4,C301676,R,14/06/1984,27/05/1986,2,18/06/1986,C990410,C990411,C990412,C990413,C990414,C990415,,,,,15.3,14.2,15.9,13.9,14.8,15.4,,,,,Hatching date calculated - Assumption that all ringed young fledged
419,1986,410,NAG,PIEFL,1,6,6,6,49,68,,,,NE,C990030,I,06/06/1986,06/06/1986,1,C990011,I,27/05/1986,27/05/1986,1,15/06/1986,C990238,C990239,C990240,C990241,C990242,C990243,,,,,14.2,13,13.2,13,12,13.7,,,,,Hatching date calculated - Assumption that all ringed young fledged
420,1986,416,NAG,PIEFL,1,6,,0,49,,,,,JD,,,,,,C990012,I,27/05/1986,27/05/1986,1,,,,,,,,,,,,,,,,,,,,,,PULLI DEAD AT BIRTH
421,1986,422,NAG,PIEFL,1,8,0,0,50,,,,,ED,,,,,,B870028,S,08/06/2003,27/05/1986,3,,,,,,,,,,,,,,,,,,,,,,DESERTED
422,1986,428,NAG,PIEFL,1,7,,3,54,74,,,3,NE,B890116,I,20/06/1986,20/06/1986,1,C990020,I,31/05/1986,31/05/1986,1,20/06/1986,C990477,C990478,C990479,,,,,,,,14.5,13,13,,,,,,,,Hatching date calculated - Assumption that all ringed young fledged
423,1986,431,NAG,PIEFL,1,7,6,6,46,66,,,1,NE,B870116,S,05/06/1986,12/06/1983,3,B525204,S,08/06/1982,27/05/1986,4,13/06/1986,C990122,C990123,C990124,C990125,C990126,C990127,,,,,14.2,14.5,14.3,14.3,13.6,13.9,,,,,Hatching date calculated - Assumption that all ringed young fledged
424,1986,432,NAG,PIEFL,1,8,8,8,49,70,,,,NE,C990055,I,11/06/1986,11/06/1986,1,C616407,R,15/06/1985,27/05/1986,1,18/06/1986,C990416,C990417,C990418,C990419,C990420,C990421,C990422,C990423,,,13.4,14.1,13.8,13.7,13.9,14,14.9,13.6,,,Hatching date calculated - Assumption that all ringed young fledged
425,1986,438,NAG,PIEFL,1,6,6,6,50,69,,,,NE,C301548,S,27/05/1986,10/06/1984,2,C990013,I,27/05/1986,27/05/1986,1,15/06/1986,C990244,C990245,C990246,C990247,C990248,C990249,,,,,14.1,13.4,13.3,13.9,13.7,12.6,,,,,Hatching date calculated - Assumption that all ringed young fledged
426,1987,3,KEN,PIEFL,1,8,,8,37,58,,,,NE,E364062,I,30/05/1987,30/05/1987,1,C616311,S,02/06/1985,30/05/1987,3,06/06/1987,E364389,E364390,E364391,E364392,E364393,E364394,E364395,E364396,,,,,,,,,,,,,Hatching date estimated - Assumption that all ringed young fledged
427,1987,16,KEN,PIEFL,1,8,,8,38,59,,,,NE,C990120,S,06/06/1987,13/06/1986,2,E364100,I,30/05/1987,30/05/1987,1,06/06/1987,E364419,E364420,E364421,E364422,E364423,E364424,E364425,E364426,,,,,,,,,,,,,Hatching date estimated - Assumption that all ringed young fledged
428,1987,17,KEN,PIEFL,1,7,,7,38,58,,,,NE,E364070,I,30/05/1987,30/05/1987,1,E364064,I,30/05/1987,30/05/1987,1,06/06/1987,E364397,E364398,E364399,E364400,E364401,E364402,E364403,,,,,,,,,,,,,,Hatching date estimated - Assumption that all ringed young fledged
429,1987,19,KEN,PIEFL,1,9,,8,37,59,,,,NE,B586322,S,06/06/1987,12/06/1982,4,C616569,R,16/06/1985,30/05/1987,2,06/06/1987,E364404,E364405,E364406,E364407,E364408,E364409,E364410,E364411,,,,,,,,,,,,,Hatching date estimated - Assumption that all ringed young fledged
430,1987,20,KEN,PIEFL,1,6,5,5,52,71,,,1,NE,B949432,I,11/06/1987,11/06/1987,1,E364063,I,30/05/1987,30/05/1987,1,19/06/1987,E364628,E364629,E364630,E364631,E364632,,,,,,,,,,,,,,,,Hatching date estimated - Assumption that all ringed young fledged
431,1987,21,KEN,PIEFL,1,8,,7,41,62,,,,NE,E364427,I,06/06/1987,06/06/1987,1,C616687,R,03/07/1985,30/05/1987,2,11/06/1987,E364575,E364576,E364577,E364578,E364579,E364580,E364581,,,,,,,,,,,,,,Hatching date estimated - Assumption that all ringed young fledged
432,1987,24,KEN,PIEFL,1,6,6,6,54,73,,,,NE,E364582,I,11/06/1987,11/06/1987,1,C990023,S,01/06/1986,30/05/1987,2,19/06/1987,E364633,E364634,E364635,E364636,E364637,E364638,,,,,,,,,,,,,,,Hatching date estimated - Assumption that all ringed young fledged
433,1987,25,KEN,PIEFL,1,6,,6,49,68,,,,NE,E364412,S,11/06/1987,06/06/1987,1,E364065,I,30/05/1987,30/05/1987,1,11/06/1987,E364569,E364570,E364571,E364572,E364573,E364574,,,,,,,,,,,,,,,Hatching date estimated - Assumption that all ringed young fledged
434,1987,29,KEN,PIEFL,1,7,5,5,38,58,,,2,NE,C990121,S,30/05/1987,13/06/1986,2,E364066,I,30/05/1987,30/05/1987,1,06/06/1987,E364428,E364429,E364430,E364431,E364432,,,,,,,,,,,,,,,,Hatching date estimated - Assumption that all ringed young fledged
435,1987,33,KEN,PIEFL,1,11,11,10,32,56,,,,NE,E364068,I,30/05/1987,30/05/1987,1,E364067,I,30/05/1987,30/05/1987,1,06/06/1987,E364433,E364434,E364435,E364436,E364437,E364438,E364439,E364440,E364441,E364442,,,,,,,,,,,Hatching date estimated - Assumption that all ringed young fledged
436,1987,35,KEN,PIEFL,1,6,,5,45,64,,,,NE,E364443,I,06/06/1987,06/06/1987,1,E364069,I,30/05/1987,30/05/1987,1,11/06/1987,E364564,E364565,E364566,E364567,E364568,,,,,,,,,,,,,,,,Hatching date estimated - Assumption that all ringed young fledged
437,1987,46,KEN,PIEFL,1,7,6,6,38,59,,,1,NE,E364412,I,06/06/1987,06/06/1987,1,C301553,R,11/06/1984,30/05/1987,3,06/06/1987,E364413,E364414,E364415,E364416,E364417,E364418,,,,,,,,,,,,,,,Hatching date estimated - Assumption that all ringed young fledged
438,1987,2,NAG,PIEFL,1,7,,0,34,,,,,JP,,,,,,C990001,S,22/05/1986,12/05/1987,2,,,,,,,,,,,,,,,,,,,,,,PREDATED
439,1987,11,NAG,PIEFL,1,8,,6,36,57,,,1,NE,C990052,R,27/05/1987,09/06/1986,1,C990038,S,09/06/1986,22/05/1987,2,04/06/1987,E364266,E364267,E364268,E364269,E364270,E364271,,,,,14.8,14.9,14.9,15.7,15.1,15,,,,,Hatching date estimated - Assumption that all ringed young fledged
440,1987,13,NAG,PIEFL,1,6,,2,56,75,,,3,NE,C990087,R,15/06/1987,11/06/1986,1,C990430,R,19/06/1986,04/06/1987,1,21/06/1987,E364640,E364641,,,,,,,,,13.1,14.7,,,,,,,,,Hatching date estimated - Assumption that all ringed young fledged
441,1987,20,NAG,PIEFL,1,7,,6,33,53,,,,NE,C616466,S,23/05/1987,15/06/1985,2,C616438,S,15/06/1985,14/05/1987,2,30/05/1987,E364040,E364041,E364042,E364043,E364044,E364045,,,,,14.2,14.7,14,14.3,13.7,14.4,,,,,Hatching date estimated - Assumption that all ringed young fledged
442,1987,26,NAG,PIEFL,1,6,,6,41,60,,,,NE,C990033,S,29/05/1987,06/06/1986,2,C301502,S,24/05/1984,22/05/1987,4,07/06/1987,E364473,E364474,E364475,E364476,E364477,E364478,,,,,14.2,12.6,14,13.5,13.1,13.7,,,,,Hatching date estimated - Assumption that all ringed young fledged
443,1987,31,NAG,PIEFL,1,8,,6,35,56,,,,NE,E364020,I,26/05/1987,26/05/1987,1,C301631,S,13/06/1984,20/05/1987,3,02/06/1987,E364160,E364161,E364162,E364163,E364164,E364165,E364166,,,,13,12.2,12.7,12.5,12.6,13.9,9.6,,,,Hatching date estimated - 166 DIED
444,1987,36,NAG,PIEFL,1,6,,6,54,73,,,,NE,E364583,I,12/06/1987,12/06/1987,1,C990411,R,18/06/1986,05/06/1987,1,21/06/1987,E364642,E364643,E364644,E364645,E364646,E364647,,,,,14,13.6,13.5,13.4,14.1,12.7,,,,,Hatching date estimated - Assumption that all ringed young fledged
445,1987,40,NAG,PIEFL,1,5,,5,52,70,,,,NE,C307780,S,10/06/1987,10/06/1984,3,E364061,I,30/05/1987,30/05/1987,1,19/06/1987,E364612,E364613,E364614,E364615,E364616,,,,,,13.1,13.6,13.6,12,14.7,,,,,,Hatching date estimated - Assumption that all ringed young fledged
446,1987,42,NAG,PIEFL,1,5,,5,64,82,,,,NE,E364639,I,21/06/1987,21/06/1987,1,C990239,R,15/06/1986,04/06/1987,1,28/06/1987,E364654,E364655,E364656,E364657,E364658,,,,,,14.3,13.5,15.4,11.3,14.1,,,,,,Hatching date estimated - Assumption that all ringed young fledged
447,1987,47,NAG,PIEFL,1,9,9,9,32,54,,,,NE,C616627,S,23/05/1987,19/06/1985,2,C747399,I,02/06/1986,14/05/1987,2,31/05/1987,E364113,E364114,E364115,E364116,E364117,E364118,E364119,E364120,E364121,,13.9,13.8,12.5,13.5,13.3,14,13.9,11.8,13.7,,Hatching date estimated - Assumption that all ringed young fledged
448,1987,52,NAG,PIEFL,1,9,,6,35,57,,,1,NE,,,,,,B870137,S,12/06/1983,14/05/1987,4,04/06/1987,E364272,E364273,E364274,E364275,E364276,E364277,,,,,14.4,15.1,14.1,14,13.9,15.6,,,,,Hatching date estimated - Assumption that all ringed young fledged
449,1987,58,NAG,PIEFL,1,8,,8,38,57,,,,NE,C301713,S,30/05/1987,15/06/1984,2,C990017,S,27/05/1986,22/05/1987,2,07/06/1987,E364457,E364458,E364459,E364460,E364461,E364462,E364463,E364464,,,14.7,14.1,14.4,14,13.8,13.7,13,13.6,,,Hatching date estimated - Assumption that all ringed young fledged
450,1987,60,NAG,PIEFL,1,7,,6,42,62,,,,NE,C990177,R,02/06/1987,14/06/1986,1,C990412,R,18/06/1986,22/05/1987,1,10/06/1987,E364531,E364532,E364533,E364534,E364535,E364536,,,,,15.4,14.5,15.1,14.7,15,15.8,,,,,Hatching date estimated - Assumption that all ringed young fledged
451,1987,63,NAG,PIEFL,1,9,,8,38,60,,,,NE,E364046,I,30/05/1987,30/05/1987,1,C990028,I,30/05/1987,30/05/1987,1,07/06/1987,E364465,E364466,E364467,E364468,E364469,E364470,E364471,E364472,,,11.1,13.5,13.4,14.7,14,12.2,12.1,13.3,,,Hatching date estimated - Assumption that all ringed young fledged
452,1987,66,NAG,PIEFL,1,8,,8,38,59,,,,NE,C990376,R,29/05/1987,17/06/1986,1,C301881,S,25/06/1984,22/05/1987,3,05/06/1987,E364368,E364369,E364370,E364371,E364372,E364373,E364374,E364375,,,13.1,12.1,14,13.7,14.1,14.8,14.4,14,,,Hatching date estimated - Assumption that all ringed young fledged
453,1987,67,NAG,PIEFL,1,8,,6,38,59,,,,NE,E364025,I,29/05/1987,29/05/1987,1,C990014,S,27/05/1986,23/05/1987,2,05/06/1987,E364376,E364377,E364378,E364379,E364380,E364381,E364382,,,,16.1,15.8,15.7,13.5,16.6,15.5,15.1,,,,Hatching date estimated - 376 DIED
454,1987,78,NAG,PIEFL,1,8,,8,34,55,,,,NE,C990046,R,23/05/1987,09/06/1986,1,C301595,S,12/06/1984,17/05/1987,3,02/05/1987,E364122,E364123,E364124,E364125,E364126,E364127,E364128,E364129,,,12.6,13.9,13.9,13.7,13.2,12.5,13,13,,,Hatching date estimated - Assumption that all ringed young fledged
455,1987,83,NAG,PIEFL,1,7,,6,32,52,,,,NE,C990134,R,23/05/1987,13/06/1986,1,C990102,R,12/06/1986,17/05/1987,1,30/05/1987,E364047,E364048,E364049,E364050,E364051,E364052,,,,,14.1,13.9,12.4,14.5,13.8,13.8,,,,,Hatching date estimated - Assumption that all ringed young fledged
456,1987,85,NAG,PIEFL,1,7,,7,37,57,,,,NE,C616344,S,26/05/1987,09/06/1985,3,C990254,R,15/06/1986,17/05/1987,1,04/06/1987,E364300,E364301,E364302,E364303,E364304,E364305,E364306,,,,14.3,14.7,14.7,14.4,14.3,14.1,14.2,,,,Hatching date estimated - Assumption that all ringed young fledged
457,1987,89,NAG,PIEFL,1,8,,8,34,55,,,,NE,B870054,S,25/05/1987,12/06/1983,4,C990269,R,15/06/1986,17/05/1987,1,02/06/1987,E364175,E364176,E364177,E364178,E364179,E364180,E364181,E364182,,,14.1,13.9,13.5,12.7,14.5,13.9,14.2,14.4,,,Hatching date estimated - Assumption that all ringed young fledged
458,1987,95,NAG,PIEFL,1,7,,7,51,71,,,,NE,C990490,R,12/06/1987,23/06/1986,1,C990497,R,23/06/1986,25/05/1987,1,19/06/1987,E364617,E364618,E364619,E364620,E364621,E364622,E364623,,,,11.1,10.4,13,13.3,12.8,13.2,13.5,,,,Hatching date estimated - Assumption that all ringed young fledged
459,1987,97,NAG,PIEFL,1,7,,7,37,57,,,,NE,C990253,R,27/05/1987,15/06/1986,1,E364001,I,12/05/1987,12/05/1987,1,04/06/1987,E364307,E364308,E364309,E364310,E364311,E364312,E364313,,,,14.5,13.9,13.3,13.7,14.4,13.1,13.5,,,,Hatching date estimated - Assumption that all ringed young fledged
460,1987,108,NAG,PIEFL,1,7,,7,36,56,,,,NE,C990355,R,25/05/1987,17/06/1986,1,C990247,R,15/06/1986,14/05/1987,1,03/06/1987,E364230,E364231,E364232,E364233,E364234,E364235,E364236,,,,15,14.8,15.4,13.9,15.4,13.3,14.7,,,,Hatching date estimated - Assumption that all ringed young fledged
461,1987,109,NAG,PIEFL,1,7,4,4,34,64,,,3,NE,C990356,R,25/05/1987,17/06/1986,1,E364003,I,17/05/1987,17/05/1987,1,31/05/1987,E364094,E364095,E364096,E364097,,,,,,,14.4,14.5,13.7,15.2,,,,,,,Hatching date estimated - Assumption that all ringed young fledged
462,1987,115,NAG,PIEFL,1,8,,7,39,60,,,,NE,C616573,R,29/05/1987,16/06/1985,2,C616583,S,16/06/1985,20/05/1987,2,05/06/1987,E364342,E364343,E364344,E364345,E364346,E364347,E364348,,,,13.8,12.8,13.7,13.1,14.3,13.8,13.9,,,,Hatching date estimated - Assumption that all ringed young fledged
463,1987,116,NAG,PIEFL,1,8,,7,33,54,,,,NE,C990049,R,25/05/1987,09/06/1986,1,E364002,I,12/05/1987,12/05/1987,1,31/05/1987,E364098,E364099,E364101,E364102,E364103,E364104,E364105,,,,14.4,14.3,14.5,14.2,13.1,13.7,13.7,,,,Hatching date estimated - Assumption that all ringed young fledged
464,1987,120,NAG,PIEFL,1,7,,7,42,62,,,,NE,C990083,R,02/06/1987,11/06/1986,1,C990181,R,14/06/1986,17/05/1987,1,10/06/1987,E364503,E364504,E364505,E364506,E364507,E364508,E364509,,,,14.7,15.7,16,15.4,14.2,14.8,14.9,,,,Hatching date estimated - Assumption that all ringed young fledged
465,1987,121,NAG,PIEFL,1,8,,8,41,62,,,,NE,C990054,R,31/05/1987,09/06/1986,1,C990184,R,14/06/1986,17/05/1987,1,10/06/1987,E364510,E364511,E364512,E364513,E364514,E364515,E364516,E364517,,,15.6,15.4,15.4,14.5,15.5,15.2,15.4,14.5,,,Hatching date estimated - Assumption that all ringed young fledged
466,1987,122,NAG,PIEFL,1,7,,0,51,,,,2,JD,C990064,R,10/06/1987,11/06/1986,1,C616416,R,15/06/1985,27/05/1987,2,,,,,,,,,,,,,,,,,,,,,,Hatching date estimated - 2 EGGS AND 2 DEAD YOUNG ON 19/06/1987
467,1987,129,NAG,PIEFL,1,7,,6,45,65,,,,NE,,,,,,C296611,S,15/06/1985,22/05/1987,2,12/06/1987,E364584,E364585,E364586,E364587,E364588,E364589,,,,,13.7,14.7,14.1,14.6,12.6,12.9,,,,,Hatching date estimated - Assumption that all ringed young fledged
468,1987,139,NAG,PIEFL,1,8,,0,44,,,,,JP,C990343,R,04/06/1987,17/06/1986,1,C616584,S,16/06/1985,23/05/1987,2,,,,,,,,,,,,,,,,,,,,,,PREDATED BETWEEN 8/6 AD 12/6
469,1987,140,NAG,PIEFL,1,7,,6,33,53,,,,NE,,,,,,B870003,S,22/05/1983,14/05/1987,5,30/05/1987,E364034,E364035,E364036,E364037,E364038,E364039,,,,,11.8,12.2,11,11.9,11.7,12.6,,,,,Hatching date estimated - Assumption that all ringed young fledged
470,1987,143,NAG,PIEFL,1,4,,4,78,95,,,,NE,E364663,I,04/07/1987,04/07/1987,1,C616640,R,23/06/1985,21/06/1987,2,12/07/1987,E364664,E364665,E364666,E364667,,,,,,,12.6,13.8,11.6,11.9,,,,,,,Hatching date estimated - Assumption that all ringed young fledged
471,1987,145,NAG,PIEFL,1,8,,7,33,54,,,,NE,C990025,S,23/05/1987,02/06/1986,2,C616526,S,16/06/1985,14/05/1987,2,31/05/1987,E364106,E364107,E364108,E364109,E364110,E364111,E364112,,,,12.4,13.2,13.2,13.7,13.4,12.9,13.5,,,,Hatching date estimated - Assumption that all ringed young fledged
472,1987,150,NAG,PIEFL,1,8,7,7,49,70,,,1,NE,E364530,I,10/06/1987,10/06/1987,1,B870123,S,12/06/1983,23/05/1987,4,19/06/1987,E364605,E364606,E364607,E364608,E364609,E364610,E364611,,,,13.9,14.8,14.9,12,14.4,11.5,13.9,,,,Hatching date estimated - Assumption that all ringed young fledged
473,1987,154,NAG,PIEFL,1,8,,7,36,57,,,,NE,C616409,R,27/05/1987,15/06/1985,2,C301767,S,17/06/1984,14/05/1987,3,04/06/1987,E364278,E364279,E364280,E364281,E364282,E364283,E364284,,,,15.2,14.4,14.4,14.7,14.8,14.9,14,,,,Hatching date estimated - Assumption that all ringed young fledged
474,1987,155,NAG,PIEFL,1,8,,5,35,56,,,,NE,E364018,I,25/05/1987,25/05/1987,1,C616358,R,13/06/1985,14/05/1987,2,02/06/1987,E364144,E364145,E364146,E364147,E364148,E364149,E364150,E364151,,,14.4,15,14.7,15.3,12.1,13.9,11.7,13.5,,,Hatching date estimated - Assumption that all ringed young fledged
475,1987,158,NAG,PIEFL,1,8,,8,35,56,,,,NE,C990053,R,26/05/1987,09/06/1986,1,C990168,R,14/06/1986,17/05/1987,1,02/06/1987,E364152,E364153,E364154,E364155,E364156,E364157,E364158,E364159,,,12.8,13.4,13.4,14,13.3,13.5,13.8,12,,,Hatching date estimated - Assumption that all ringed young fledged
476,1987,162,NAG,PIEFL,1,9,,7,35,57,,,,NE,C990189,R,27/05/1987,14/06/1986,1,C616494,S,16/06/1985,17/05/1987,2,04/06/1987,E364244,E364245,E364246,E364247,E364248,E364249,E364250,,,,14.1,15,15.6,14.4,15.2,14.9,14.8,,,,Hatching date estimated - Assumption that all ringed young fledged
477,1987,164,NAG,PIEFL,1,8,,8,48,69,,,,NE,E364451,I,07/06/1987,07/06/1987,1,E364021,I,27/05/1987,27/05/1987,1,15/06/1987,E364597,E364598,E364599,E364600,E364601,E364602,E364603,E364604,,,13,12.9,13.2,10.8,13,12.4,12.1,10.1,,,Hatching date estimated - Assumption that all ringed young fledged
478,1987,168,NAG,PIEFL,1,8,,8,34,55,,,,NE,C616316,S,25/05/1987,05/06/1986,2,C616343,S,09/06/1985,17/05/1987,3,02/06/1987,E364167,E364168,E364169,E364170,E364171,E364172,E364173,E364174,,,13.6,13.5,13.9,14.4,13.5,14.5,14.4,13.6,,,Hatching date estimated - Assumption that all ringed young fledged
479,1987,169,NAG,PIEFL,1,8,,8,30,51,,,,NE,C301742,S,22/05/1987,16/06/1984,3,C616402,S,15/06/1985,09/05/1987,2,30/05/1987,E364053,E364054,E364055,E364056,E364057,E364058,E364059,E364060,,,14.4,14.6,14.1,14.5,15.2,15.2,14.9,14.3,,,Hatching date estimated - Assumption that all ringed young fledged
480,1987,174,NAG,PIEFL,1,7,,7,42,62,,,,NE,B525115,S,31/05/1987,30/05/1982,6,C616304,S,24/05/1985,19/05/1987,3,10/06/1987,E364537,E364538,E364539,E364540,E364541,E364542,E364543,,,,15,15.1,15.7,14.9,15,15.4,15.9,,,,Hatching date estimated - Assumption that all ringed young fledged
481,1987,182,NAG,PIEFL,1,8,,8,38,58,,,,NE,,,,,,C756318,I,18/06/1986,17/05/1987,1,05/06/1987,E364354,E364355,E364356,E364357,E364358,E364359,E364360,E364486,,,12.9,12.4,11.3,11.5,11.2,11.9,12,,,,Hatching date estimated - Assumption that all ringed young fledged
482,1987,184,NAG,PIEFL,1,8,6,6,36,57,,,2,NE,C301548,S,27/05/1987,10/06/1984,3,B525248,S,08/06/1982,17/05/1987,5,04/06/1987,E364322,E364323,E364324,E364325,E364326,E364327,,,,,14.9,14.9,14.9,15,14.4,15.8,,,,,Hatching date estimated - Assumption that all ringed young fledged
483,1987,185,NAG,PIEFL,1,8,,8,39,60,,,,NE,C990204,R,29/05/1987,15/06/1986,1,C990008,S,25/05/1986,17/05/1987,2,07/06/1987,E364495,E364496,E364497,E364498,E364499,E364500,E364501,E364502,,,13.7,14.5,14,13.9,15,13.1,14.3,14,,,Hatching date estimated - Assumption that all ringed young fledged
484,1987,186,NAG,PIEFL,1,7,,7,40,60,,,,NE,E364024,I,29/05/1987,29/05/1987,1,C990186,R,14/06/1986,17/05/1987,1,07/06/1987,E364488,E364489,E364490,E364491,E364492,E364493,E364494,,,,14,13.8,14.5,13.9,14.8,13.7,13.6,,,,Hatching date estimated - Assumption that all ringed young fledged
485,1987,191,NAG,PIEFL,1,8,7,7,36,57,,,1,NE,C747458,I,27/05/1987,16/06/1986,1,C616645,S,23/06/1985,14/05/1987,2,04/06/1987,E364259,E364260,E364261,E364262,E364263,E364264,E364265,,,,15,15.7,14.2,13.3,14.4,14.1,14.7,,,,Hatching date estimated - Assumption that all ringed young fledged
486,1987,192,NAG,PIEFL,1,9,,7,34,56,,,,NE,C990059,R,25/05/1987,11/06/1986,1,B870004,S,22/05/1983,14/05/1987,5,02/06/1987,E364137,E364138,E364139,E364140,E364141,E364142,E364143,,,,13.4,13.9,13.5,14,11.8,14.3,14,,,,Hatching date estimated - Assumption that all ringed young fledged
487,1987,193,NAG,PIEFL,1,7,,6,38,58,,,,NE,E364026,I,29/05/1987,29/05/1987,1,E364013,I,22/05/1987,22/05/1987,1,05/06/1987,E364383,E364384,E364385,E364386,E364387,E364388,,,,,13,13.6,13,11.2,14.4,13.7,,,,,Hatching date estimated - Assumption that all ringed young fledged
488,1987,196,NAG,PIEFL,1,8,,5,41,64,,,2,NE,C616413,S,31/05/1987,15/06/1985,2,C301628,S,13/06/1984,23/05/1987,3,10/06/1987,E364518,E364519,E364520,E364521,E364522,,,,,,15.4,16.5,15.3,16.9,16.6,,,,,,Hatching date estimated - Assumption that all ringed young fledged
489,1987,199,NAG,PIEFL,1,7,,6,38,58,,,,NE,C616437,S,27/05/1987,15/06/1985,2,B870179,S,16/06/1983,17/05/1987,4,05/06/1987,E364349,E364350,E364351,E364352,E364353,E364487,,,,,14.7,14.6,16.1,15.4,14.9,,,,,,Hatching date estimated - Assumption that all ringed young fledged
490,1987,201,NAG,PIEFL,1,8,,5,39,59,,,2,NE,C616600,S,30/05/1987,19/06/1985,2,C990146,R,13/06/1986,22/05/1987,1,07/06/1987,E364452,E364453,E364454,E364455,E364456,,,,,,13.5,13.1,13,11.9,13.8,,,,,,Hatching date estimated - Assumption that all ringed young fledged
491,1987,205,NAG,PIEFL,1,8,,8,43,57,,,,NE,E364022,I,27/05/1987,27/05/1987,1,E364012,I,22/05/1987,22/05/1987,1,04/06/1987,E364251,E364252,E364253,E364254,E364255,E364256,E364257,E364258,,,14.5,13.9,14.7,14.4,14.3,14.8,14.5,14.4,,,Hatching date estimated - Assumption that all ringed young fledged
492,1987,206,NAG,PIEFL,1,9,8,8,36,57,,,1,NE,E364023,I,27/05/1987,27/05/1987,1,E364015,I,23/05/1987,23/05/1987,1,04/06/1987,E364285,E364286,E364287,E364288,E364289,E364290,E364291,E364292,,,14,14.2,14.1,13.9,13.3,14.8,14.1,9.9,,,Hatching date estimated - Assumption that all ringed young fledged
493,1987,222,NAG,PIEFL,1,9,,9,34,56,,,,NE,E364017,I,25/05/1987,25/05/1987,1,C990009,S,25/05/1986,12/05/1987,2,02/06/1987,E364199,E364200,E364201,E364202,E364203,E364204,E364205,E364206,E364207,,15.5,14.6,15.1,14.6,13.2,14.3,11.8,13.8,11.7,,Hatching date estimated - Assumption that all ringed young fledged
494,1987,225,NAG,PIEFL,1,7,,7,36,56,,,,NE,E364016,I,25/05/1987,25/05/1987,1,E364010,I,20/05/1987,20/05/1987,1,02/06/1987,E364192,E364193,E364194,E364195,E364196,E364197,E364198,,,,15.5,15.1,14.8,15.4,14.6,14.6,14.9,,,,Hatching date estimated - Assumption that all ringed young fledged
495,1987,300,NAG,PIEFL,1,7,7,6,41,61,,,,NE,C307780,I,31/05/1987,10/06/1984,3,C990041,R,09/06/1986,23/05/1987,1,07/06/1987,E364479,E364480,E364481,E364482,E364483,E364484,E364485,,,,13.2,11.6,13,13.3,13,12.6,12.9,,,,Hatching date estimated - 480 DIED
496,1987,302,NAG,PIEFL,1,8,,0,32,,,,,JP,,,,,,C616440,S,15/06/1985,14/05/1987,2,,,,,,,,,,,,,,,,,,,,,,PREDATED
497,1987,304,NAG,PIEFL,1,7,,7,31,51,,,,NE,C616674,S,22/05/1987,30/06/1985,3,C301867,S,23/06/1984,09/05/1987,3,30/05/1987,E364027,E364028,E364029,E364030,E364031,E364032,E364033,,,,13.4,14.3,13.7,14.6,13.6,13.4,14.1,,,,Hatching date estimated - Assumption that all ringed young fledged
498,1987,306,NAG,PIEFL,1,7,,7,43,63,,,,NE,C990498,R,02/06/1987,23/06/1986,1,E364014,I,23/05/1987,23/05/1987,1,10/06/1987,E364523,E364524,E364525,E364526,E364527,E364528,E364529,,,,16.5,15.2,16.1,15,16.5,15.5,15.8,,,,Hatching date estimated - Assumption that all ringed young fledged
499,1987,315,NAG,PIEFL,1,7,,7,37,57,,,,NE,C990445,R,27/05/1987,19/06/1986,1,C990485,R,23/06/1986,22/05/1987,1,04/06/1987,E364293,E364294,E364295,E364296,E364297,E364298,E364299,,,,15.2,14,13.9,14.1,14.9,14,14.6,,,,Hatching date estimated - Assumption that all ringed young fledged
500,1987,318,NAG,PIEFL,1,7,,7,35,55,,,,NE,B870021,S,25/05/1987,05/06/1983,5,C990060,R,11/06/1986,17/05/1987,1,02/06/1987,E364130,E364131,E364132,E364133,E364134,E364135,E364136,,,,13.5,14.3,13.8,15.1,14.4,14.1,14.2,,,,Hatching date estimated - Assumption that all ringed young fledged
501,1987,328,NAG,PIEFL,1,7,,6,46,66,,,,NE,,,,,,C990160,R,14/06/1986,23/05/1987,1,15/06/1987,E364591,E364592,E364593,E364594,E364595,E364596,,,,,13.6,9.1,13.1,12.9,14,12,,,,,Hatching date estimated - Assumption that all ringed young fledged
502,1987,330,NAG,PIEFL,1,8,7,7,39,60,,,1,NE,C990101,R,30/05/1987,12/06/1986,1,E364011,I,20/05/1987,20/05/1987,1,07/06/1987,E364444,E364445,E364446,E364447,E364448,E364449,E364450,,,,13.1,13,13.9,12.9,13.2,13.6,14,,,,Hatching date estimated - Assumption that all ringed young fledged
503,1987,336,NAG,PIEFL,1,7,,7,34,54,,,,NE,E364019,I,25/05/1987,25/05/1987,1,C990043,R,09/06/1986,12/05/1987,1,31/05/1987,E364078,E364079,E364080,E364081,E364082,E364083,E364084,,,,14.1,14.8,13.6,14.1,14.4,13.9,14,,,,Hatching date estimated - Assumption that all ringed young fledged
504,1987,337,NAG,PIEFL,1,8,,7,33,54,,,,NE,C301545,S,25/05/1987,10/06/1984,3,B870030,R,11/06/1983,12/05/1987,4,31/05/1987,E364071,E364072,E364073,E364074,E364075,E364076,E364077,,,,12.2,13.4,13.5,13.6,13.3,12.1,13.2,,,,Hatching date estimated - Assumption that all ringed young fledged
505,1987,343,NAG,PIEFL,1,9,,9,41,63,,,,NE,E616559,I,02/06/1987,,1,C990056,R,11/06/1986,20/05/1987,1,10/06/1987,E364544,E364545,E364546,E364547,E364548,E364549,E364550,E364551,E364552,,14.5,14.6,14.6,13.8,14,14.1,13.6,14.9,13.5,,Hatching date estimated - Assumption that all ringed young fledged
506,1987,357,NAG,PIEFL,1,7,,4,50,70,,,2,NE,E364016,S,12/06/1987,25/05/1987,1,E364085,I,31/05/1987,31/05/1987,1,19/06/1987,E364624,E364625,E364626,E364627,,,,,,,14.6,14.5,15.2,14.2,,,,,,,Hatching date estimated - Assumption that all ringed young fledged
507,1987,359,NAG,PIEFL,1,9,,9,33,55,,,,NE,C990071,R,25/05/1987,11/06/1986,1,C616458,S,15/06/1985,12/05/1987,2,02/06/1987,E364183,E364184,E364185,E364186,E364187,E364188,E364189,E364190,E364191,,13.7,14.5,13.8,13.9,13.3,13.8,13.9,13.8,13.4,,Hatching date estimated - Assumption that all ringed young fledged
508,1987,361,NAG,PIEFL,1,8,,5,33,54,,,,NE,C615747,I,25/05/1987,14/06/1986,1,C990003,S,22/05/1986,12/05/1987,2,31/05/1987,E364086,E364087,E364088,E364089,E364090,E364091,E364092,E364093,,,14.4,14.1,14,14.1,12.3,14.9,13.5,14,,,Hatching date estimated - Assumption that all ringed young fledged
509,1987,375,NAG,PIEFL,1,9,,7,33,55,,,,NE,B870048,S,25/05/1987,12/06/1983,3,C301677,S,14/06/1984,12/05/1987,3,03/06/1987,E364237,E364238,E364239,E364240,E364241,E364242,E364243,,,,14.9,15.1,13.1,14.9,14.6,14.4,14.6,,,,Hatching date estimated - Assumption that all ringed young fledged
510,1987,406,NAG,PIEFL,1,8,0,0,38,,,,,EP,,,,,,C301580,R,11/06/1984,17/05/1987,3,,,,,,,,,,,,,,,,,,,,,,EGGS STOLEN 
511,1987,408,NAG,PIEFL,1,8,,6,53,74,,,,NE,E364590,I,12/06/1987,12/06/1987,1,C990020,S,31/05/1986,28/05/1987,2,21/06/1987,E364648,E364649,E364650,E364651,E364652,E364653,,,,,15.3,16.3,15.1,15,15.7,15.4,,,,,Hatching date estimated - Assumption that all ringed young fledged
512,1987,410,NAG,PIEFL,1,8,7,7,35,56,,,1,NE,C616585,R,27/05/1987,16/06/1985,2,E364006,I,17/05/1987,17/05/1987,1,03/06/1987,E364217,E364218,E364219,E364220,E364221,E364222,E364223,,,,13.9,13.8,14.5,14.8,14.6,12.9,14.2,,,,Hatching date estimated - Assumption that all ringed young fledged
513,1987,418,NAG,PIEFL,1,8,,6,34,55,,,1,NE,B525251,S,25/05/1987,08/06/1982,5,C990099,R,12/06/1986,20/05/1987,1,03/06/1987,E364224,E364225,E364226,E364227,E364228,E364229,,,,,13.4,14.7,14.2,14.3,14.3,13.4,,,,,Hatching date estimated - Assumption that all ringed young fledged
514,1987,419,NAG,PIEFL,1,6,,4,60,79,,,1,NE,,,,,,E364005,S,17/05/1987,05/06/1987,1,28/06/1987,E364659,E364660,E364661,E364662,,,,,,,14.8,14.5,13.9,15.1,,,,,,,Hatching date estimated - Assumption that all ringed young fledged
515,1987,420,NAG,PIEFL,1,8,,8,40,57,,,,NE,C990034,S,27/05/1987,08/06/1986,2,E364007,I,20/05/1987,20/05/1987,1,04/06/1987,E364328,E364329,E364330,E364331,E364332,E364333,E364334,E364335,,,15.8,14.7,15.1,14.4,15.1,14.5,15.9,16,,,Hatching date estimated - Assumption that all ringed young fledged
516,1987,421,NAG,PIEFL,1,7,,7,38,58,,,,NE,C990230,R,27/05/1987,15/06/1986,1,C301676,S,14/06/1984,20/05/1987,3,05/06/1987,E364361,E364362,E364363,E364364,E364365,E364366,E364367,,,,14.4,14.1,14.1,14.5,14.2,15,14.1,,,,Hatching date estimated - Assumption that all ringed young fledged
517,1987,427,NAG,PIEFL,1,7,6,6,37,57,,,1,NE,B870116,S,27/05/1987,12/06/1983,4,E364008,I,20/05/1987,20/05/1987,1,04/06/1987,E364336,E364337,E364338,E364339,E364340,E364341,,,,,13.7,13.8,14.4,13.9,14,14.2,,,,,Hatching date estimated - Assumption that all ringed young fledged
518,1987,432,NAG,PIEFL,1,9,,9,33,55,,,,NE,C990055,S,25/05/1987,11/06/1986,2,C616407,S,15/06/1985,12/05/1987,2,03/06/1987,E364208,E364209,E364210,E364211,E364212,E364213,E364214,E364215,E364216,,13.9,13.6,13.4,13.6,13,12.9,13.5,14.4,13.8,,Hatching date estimated - Assumption that all ringed young fledged
519,1987,433,NAG,PIEFL,1,7,6,6,43,63,,,1,NE,,,,,,E364009,I,20/05/1987,20/05/1987,1,10/06/1987,E364558,E364559,E364560,E364561,E364562,E364563,,,,,15.1,16,13.5,14.8,15.5,15.3,,,,,Hatching date estimated - Assumption that all ringed young fledged
520,1987,434,NAG,PIEFL,1,7,0,0,38,,,,,EP,,,,,,E364004,I,17/05/1987,17/05/1987,1,,,,,,,,,,,,,,,,,,,,,,EGGS STOLEN 
521,1987,437,NAG,PIEFL,1,7,0,0,41,,,,,EP,,,,,,E364005,I,17/05/1987,17/05/1987,1,,,,,,,,,,,,,,,,,,,,,,EGGS STOLEN 
522,1987,438,NAG,PIEFL,1,7,0,0,43,,,,,EP,,,,,,C990239,S,15/06/1986,20/05/1987,1,,,,,,,,,,,,,,,,,,,,,,EGGS STOLEN 
523,1987,R1,NAG,PIEFL,1,9,,8,33,55,,,,NE,C990372,R,27/05/1987,17/06/1986,1,C990010,S,25/05/1986,12/05/1987,2,04/06/1987,E364314,E364315,E364316,E364317,E364318,E364319,E364320,E364321,,,14.1,13.6,13.5,13.1,13.2,13.9,13.1,13.1,,,Hatching date estimated - Assumption that all ringed young fledged
524,1987,R10,NAG,PIEFL,1,7,5,5,43,63,,,2,NE,C990419,R,03/06/1987,18/06/1986,1,C990398,R,17/06/1986,20/05/1987,1,10/06/1987,E364553,E364554,E364555,E364556,E364557,,,,,,14.9,14,14.8,13.5,13.2,,,,,,Hatching date estimated - Assumption that all ringed young fledged
525,1988,,FLO,PIEFL,1,,,8,,,,,,NE,E849039,I,04/06/1988,04/06/1988,1,E849038,I,04/06/1988,04/06/1988,1,04/06/1988,E849030,E849031,E849032,E849033,E849034,E849035,E849036,E849037,,,,,,,,,,,,,Hatching date estimated - Assumption that all ringed young fledged
526,1988,,FLO,PIEFL,1,,,7,,,,,,NE,E849048,I,04/06/1988,04/06/1988,1,E849047,I,04/06/1988,04/06/1988,1,04/06/1988,E849040,E849041,E849042,E849043,E849044,E849045,E849046,,,,,,,,,,,,,,Hatching date estimated - Assumption that all ringed young fledged
527,1988,9,KEN,PIEFL,1,7,7,7,49,69,,,,NE,E849177,I,07/06/1988,07/06/1988,1,E364100,S,30/05/1987,19/05/1988,2,18/06/1988,E849649,E849650,E849651,E849652,E849653,E849654,E849655,,,,,,,,,,,,,,Hatching date estimated - Assumption that all ringed young fledged
528,1988,11,KEN,PIEFL,1,7,7,7,39,59,,,,NE,C990458,R,07/06/1988,20/06/1986,2,C301553,S,11/06/1984,09/05/1988,2,07/06/1988,E849186,E849187,E849188,E849189,E849190,E849191,E849192,,,,,,,,,,,,,,Hatching date estimated - Assumption that all ringed young fledged
529,1988,15,KEN,PIEFL,1,8,7,7,41,62,,,,NE,E849178,I,07/06/1988,07/06/1988,1,E849021,I,28/05/1988,28/05/1988,1,07/06/1988,E849179,E849180,E849181,E849182,E849183,E849184,E849185,,,,,,,,,,,,,,Hatching date estimated - Assumption that all ringed young fledged
530,1988,19,KEN,PIEFL,1,5,5,5,43,61,,,,NE,C401373,I,07/06/1988,15/06/1986,2,E447009,I,06/06/1987,13/05/1988,1,07/06/1988,E849172,E849173,E849174,E849175,E849176,,,,,,,,,,,,,,,,Hatching date estimated - Assumption that all ringed young fledged
531,1988,20,KEN,PIEFL,1,7,7,7,42,62,,,,NE,E849163,I,07/06/1988,07/06/1988,1,C616311,S,02/06/1985,12/05/1988,4,07/06/1988,E849202,E849203,E849204,E849205,E849206,E849207,E849208,,,,,,,,,,,,,,Hatching date estimated - Assumption that all ringed young fledged
532,1988,22,KEN,PIEFL,1,7,7,7,43,64,,,,NE,E364412,S,07/06/1988,06/06/1987,2,E364396,R,06/06/1987,13/05/1988,1,10/06/1988,E849475,E849476,E849477,E849478,E849479,E849480,E849481,,,,,,,,,,,,,,Hatching date estimated - Assumption that all ringed young fledged
533,1988,26,KEN,PIEFL,1,7,7,7,43,64,,,,NE,E849193,I,07/06/1988,07/06/1988,1,E364069,S,30/05/1987,13/05/1988,2,10/06/1988,E849482,E849483,E849484,E849485,E849486,E849487,E849488,,,,,,,,,,,,,,Hatching date estimated - Assumption that all ringed young fledged
534,1988,27,KEN,PIEFL,1,7,7,7,42,62,,,,NE,E849022,I,28/05/1988,28/05/1988,1,C990023,S,01/06/1986,12/05/1988,3,07/06/1988,E849195,E849196,E849197,E849198,E849199,E849200,E849201,,,,,,,,,,,,,,Hatching date estimated - Assumption that all ringed young fledged
535,1988,34,KEN,PIEFL,1,6,6,6,44,63,,,,NE,E364068,S,07/06/1988,30/05/1987,2,E364603,R,15/06/1987,14/05/1988,1,10/06/1988,E849489,E849490,E849491,E849492,E849493,E849494,,,,,,,,,,,,,,,Hatching date estimated - Assumption that all ringed young fledged
536,1988,35,KEN,PIEFL,1,8,,7,43,64,,,,NE,E849194,I,07/06/1988,07/06/1988,1,E364066,S,30/05/1987,13/05/1988,2,10/06/1988,E849495,E849496,E849497,E849498,E849499,E849500,E849501,,,,,,,,,,,,,,Hatching date estimated - Assumption that all ringed young fledged
537,1988,38,KEN,PIEFL,1,7,7,7,51,71,,,,NE,C990057,R,10/06/1988,11/06/1986,2,E440126,I,06/06/1987,21/05/1988,1,18/06/1988,E849656,E849657,E849658,E849659,E849660,E849661,E849662,,,,,,,,,,,,,,Hatching date estimated - Assumption that all ringed young fledged
538,1988,40,KEN,PIEFL,1,6,6,6,44,63,,,,NE,E364040,R,07/06/1988,30/05/1987,1,E849023,I,28/05/1988,28/05/1988,1,10/06/1988,E849502,E849503,E849504,E849505,E849506,E849507,,,,,,,,,,,,,,,Hatching date estimated - Assumption that all ringed young fledged
539,1988,46,KEN,PIEFL,1,7,7,7,40,60,,,,NE,E849164,I,07/06/1988,07/06/1988,1,E849019,I,28/05/1988,28/05/1988,1,07/06/1988,E849165,E849166,E849167,E849168,E849169,E849170,E849171,,,,,,,,,,,,,,Hatching date estimated - Assumption that all ringed young fledged
540,1988,48,KEN,PIEFL,1,7,7,7,44,64,,,,NE,E364062,S,07/06/1988,30/05/1987,2,E849020,I,28/05/1988,28/05/1988,1,10/06/1988,E849508,E849509,E849510,E849511,E849512,E849513,E849514,,,,,,,,,,,,,,Hatching date estimated - Assumption that all ringed young fledged
541,1988,,LON,PIEFL,1,,,5,,,,,,NE,E553717,I,08/06/1988,10/06/1987,1,E849282,I,08/06/1988,08/06/1988,1,08/06/1988,E849283,E849284,E849285,E849286,E849287,,,,,,,,,,,,,,,,Hatching date estimated - Assumption that all ringed young fledged
542,1988,,LON,PIEFL,1,,,9,,,,,,NE,,,,,,,,,,,08/06/1988,E849288,E849289,E849290,E849291,E849292,E849293,E849294,E849295,E849296,,,,,,,,,,,,Hatching date estimated - Assumption that all ringed young fledged
543,1988,7,LYD,PIEFL,1,,,7,,,,,,NE,E364448,R,06/06/1988,07/06/1987,1,B949362,S,01/06/1986,06/06/1988,3,09/06/1988,E849408,E849409,E849410,E849411,E849412,E849413,E849414,,,,,,,,,,,,,,Hatching date estimated - Assumption that all ringed young fledged
544,1988,12,LYD,PIEFL,1,,,7,,,,,,NE,E849154,I,06/06/1988,06/06/1988,1,E849146,I,06/06/1988,06/06/1988,1,06/06/1988,E849147,E849148,E849149,E849150,E849151,E849152,E849153,,,,,,,,,,,,,,Hatching date estimated - Assumption that all ringed young fledged
545,1988,15,LYD,PIEFL,1,,,0,,,,,,JD,E849407,I,09/06/1988,09/06/1988,1,C525299,I,04/06/1987,09/06/1988,1,,,,,,,,,,,,,,,,,,,,,,ALL DIED
546,1988,16,LYD,PIEFL,1,,,6,,,,,,NE,E849138,I,06/06/1988,06/06/1988,1,E849139,I,06/06/1988,06/06/1988,1,06/06/1988,E849140,E849141,E849142,E849143,E849144,E849145,,,,,,,,,,,,,,,Hatching date estimated - Assumption that all ringed young fledged
547,1988,19,LYD,PIEFL,1,,,8,,,,,,NE,C990127,R,06/06/1988,13/06/1986,2,C990024,S,01/06/1986,06/06/1988,3,06/06/1988,E849155,E849156,E849157,E849158,E849159,E849160,E849161,E849162,,,,,,,,,,,,,Hatching date estimated - Assumption that all ringed young fledged
548,1988,3,NAG,PIEFL,1,6,,4,47,66,,,1,NE,E364187,R,06/06/1988,02/06/1987,1,E364554,R,10/06/1987,23/05/1988,1,14/06/1988,E849610,E849611,E849612,E849613,,,,,,,13.9,14.2,14.1,14,,,,,,,Hatching date estimated - Assumption that all ringed young fledged
549,1988,5,NAG,PIEFL,1,7,7,7,42,62,,,,NE,E849010,I,22/05/1988,22/05/1988,1,C990201,R,15/06/1986,22/05/1988,2,09/06/1988,E849400,E849401,E849402,E849403,E849404,E849405,E849406,,,,13.9,13.5,13.6,13.9,13,13,14,,,,Hatching date estimated - Assumption that all ringed young fledged
550,1988,9,NAG,PIEFL,1,8,,5,40,61,,,,NE,C616627,S,05/06/1988,19/06/1985,3,C747399,S,02/06/1986,22/05/1988,3,07/06/1988,E849277,E849278,E849279,E849280,E849281,,,,,,12.4,12.7,14,12.6,12.6,,,,,,Hatching date estimated - Assumption that all ringed young fledged
551,1988,18,NAG,PIEFL,1,7,1,6,50,70,,,1,NE,E364022,S,09/06/1988,27/05/1987,2,C990480,R,23/06/1986,29/05/1988,2,18/06/1988,E849674,E849675,E849676,E849677,E849678,E849679,,,,,12.2,12.4,14.2,13.6,13.3,12.8,,,,,Hatching date estimated - Assumption that all ringed young fledged
552,1988,26,NAG,PIEFL,1,8,7,7,42,63,,,1,NE,C990177,S,05/06/1988,14/06/1986,2,C301631,S,13/06/1984,22/05/1988,4,11/06/1988,E849561,E849562,E849563,E849564,E849565,E849566,E849567,,,,11.3,13,12.2,10.7,12.5,12.8,12.9,,,,Hatching date estimated - Assumption that all ringed young fledged
553,1988,28,NAG,PIEFL,1,7,6,6,44,64,,,1,NE,E849055,I,05/06/1988,05/06/1988,1,C990269,S,15/06/1986,29/05/1988,2,11/06/1988,E849568,E849569,E849570,E849571,E849572,E849573,,,,,14.4,14.6,12.5,14,14.3,13.7,,,,,Hatching date estimated - Assumption that all ringed young fledged
554,1988,31,NAG,PIEFL,1,7,,6,43,63,,,,NE,C990033,S,04/06/1988,06/06/1986,3,E440137,I,06/06/1987,21/05/1988,1,10/06/1988,E849429,E849430,E849431,E849432,E849433,E849434,,,,,12.8,11.6,11.6,12.1,12.7,11.5,,,,,Hatching date estimated - Assumption that all ringed young fledged
555,1988,34,NAG,PIEFL,1,7,,6,42,62,,,,NE,C616413,S,04/06/1988,15/06/1985,3,C301502,S,24/05/1984,21/05/1988,5,09/06/1988,E849388,E849389,E849390,E849391,E849392,E849393,,,,,12.5,12.8,12.7,13.1,12.5,11.9,,,,,Hatching date estimated - Assumption that all ringed young fledged
556,1988,35,NAG,PIEFL,1,7,7,7,41,61,,,,NE,C990134,S,05/06/1988,13/06/1986,2,C990060,S,11/06/1986,22/05/1988,2,07/06/1988,E849228,E849229,E849230,E849231,E849232,E849233,E849234,,,,12,12.8,12.5,12.4,12.1,12.7,13.1,,,,Hatching date estimated - Assumption that all ringed young fledged
557,1988,37,NAG,PIEFL,1,7,7,7,41,61,,,,NE,C990053,S,30/05/1988,09/06/1986,2,C990273,R,15/06/1986,25/05/1988,2,07/06/1988,E849221,E849222,E849223,E849224,E849225,E849226,E849227,,,,14.4,14,14.6,13,13.9,13,13.1,,,,Hatching date estimated - Assumption that all ringed young fledged
558,1988,39,NAG,PIEFL,1,6,,5,40,59,,,,NE,C616413,S,29/05/1988,15/06/1985,3,E364061,S,30/05/1987,23/05/1988,2,06/06/1988,E849063,E849064,E849065,E849066,E849067,,,,,,14.9,14.6,15.1,14,14.2,,,,,,Hatching date estimated - Assumption that all ringed young fledged
559,1988,47,NAG,PIEFL,1,6,6,6,40,59,,,,NE,C616674,S,30/05/1988,30/06/1985,4,E849009,I,22/05/1988,22/05/1988,1,06/06/1988,E849057,E849058,E849059,E849060,E849061,E849062,,,,,14.4,13.9,14.8,13.3,14,12.9,,,,,Hatching date estimated - Assumption that all ringed young fledged
560,1988,52,NAG,PIEFL,1,7,7,7,41,61,,,,NE,C990087,S,03/06/1988,11/06/1986,2,C990038,S,09/06/1986,22/05/1988,3,07/06/1988,E849259,E849260,E849261,E849262,E849263,E849264,E849265,,,,14.1,13.8,14.6,14.1,13.8,14.2,13.9,,,,Hatching date estimated - Assumption that all ringed young fledged
561,1988,57,NAG,PIEFL,1,6,3,3,52,71,,,3,NE,E364665,R,09/06/1988,12/07/1987,1,E849024,I,29/05/1988,29/05/1988,1,18/06/1988,E849680,E849681,E849682,,,,,,,,13.5,14.1,14.4,,,,,,,,Hatching date estimated - Assumption that all ringed young fledged
562,1988,62,NAG,PIEFL,1,7,,6,43,63,,,,NE,E364353,R,05/06/1988,05/06/1987,1,E364052,R,30/05/1987,22/05/1988,1,10/06/1988,E849417,E849418,E849419,E849420,E849421,E849422,,,,,11.7,13.4,11.9,12.5,13,13,,,,,Hatching date estimated - Assumption that all ringed young fledged
563,1988,66,NAG,PIEFL,1,7,7,7,43,63,,,,NE,E849056,I,05/06/1988,05/06/1988,1,C616343,S,09/06/1985,22/05/1988,4,11/06/1988,E849547,E849548,E849549,E849550,E849551,E849552,E849553,,,,10.8,11.5,11.7,10.4,12.5,12,11.1,,,,Hatching date estimated - Assumption that all ringed young fledged
564,1988,67,NAG,PIEFL,1,7,7,7,44,64,,,,NE,C990343,S,05/06/1988,17/06/1986,2,C990411,S,18/06/1986,24/05/1988,2,11/06/1988,E849554,E849555,E849556,E849557,E849558,E849559,E849560,,,,9.9,11.4,11,10.6,10.9,10.5,7.4,,,,Hatching date estimated - Assumption that all ringed young fledged
565,1988,69,NAG,PIEFL,1,6,,4,57,76,,,,NE,,,,,,E364002,S,12/05/1987,01/06/1988,2,22/06/1988,E849704,E849705,E849706,E849707,,,,,,,,,,,,,,,,,Hatching date estimated - Assumption that all ringed young fledged
566,1988,73,NAG,PIEFL,1,6,6,5,47,66,,,,NE,E849054,I,05/06/1988,05/06/1988,1,E849012,I,24/05/1988,24/05/1988,1,14/06/1988,E849614,E849615,E849616,E849617,E849618,,,,,,16,14.9,15,15.5,16,,,,,,Hatching date estimated - Assumption that all ringed young fledged
567,1988,74,NAG,PIEFL,1,7,7,7,41,61,,,,NE,C990498,S,30/05/1988,23/06/1986,2,C301767,S,17/06/1984,22/05/1988,4,07/06/1988,E849252,E849253,E849254,E849255,E849256,E849257,E849258,,,,14.3,13.4,13.9,14.9,13.7,13.3,14.2,,,,Hatching date estimated - Assumption that all ringed young fledged
568,1988,77,NAG,PIEFL,1,7,7,7,42,62,,,,NE,E849028,I,01/06/1988,01/06/1988,1,C616494,S,16/06/1985,24/05/1988,3,08/06/1988,E849304,E849305,E849306,E849307,E849308,E849309,E849310,,,,12,11.6,11.8,12,11.7,12.8,12.2,,,,Hatching date estimated - Assumption that all ringed young fledged
569,1988,78,NAG,PIEFL,1,5,,3,57,75,,,,NE,E849619,I,14/06/1988,14/06/1988,1,C990010,S,25/05/1986,01/06/1988,3,22/06/1988,E849708,E849709,E849710,,,,,,,,,,,,,,,,,,Hatching date estimated - Assumption that all ringed young fledged
570,1988,83,NAG,PIEFL,1,8,,3,41,62,,,,NE,C616466,S,04/06/1988,15/06/1985,3,C616645,S,23/06/1985,21/05/1988,3,10/06/1988,E849435,E849436,E849437,E849438,E849439,E849440,,,,,9,8.1,11.1,10.8,11.2,8.3,,,,,Hatching date estimated - 435/436/440 DIED
571,1988,88,NAG,PIEFL,1,9,9,8,43,65,,,,NE,C616559,S,06/06/1988,16/06/1985,3,C990056,S,11/06/1986,21/05/1988,2,11/06/1988,E849574,E849575,E849576,E849577,E849578,E849579,E849580,E849581,,,9.1,8.5,9.5,9.4,9.7,9.1,10.2,8.5,,,Hatching date estimated - Assumption that all ringed young fledged
572,1988,90,NAG,PIEFL,1,8,7,7,39,60,,,1,NE,C616573,S,29/05/1988,16/06/1985,3,E849006,I,22/05/1988,22/05/1988,1,06/06/1988,E849110,E849111,E849112,E849113,E849114,E849115,E849116,,,,14.6,13.5,13.2,13.6,13.9,13.3,14,,,,Hatching date estimated - Assumption that all ringed young fledged
573,1988,94,NAG,PIEFL,1,7,6,6,41,61,,,1,NE,C990490,S,30/05/1988,23/06/1986,2,C616584,S,16/06/1985,23/05/1988,3,07/06/1988,E849215,E849216,E849217,E849218,E849219,E849220,,,,,14.2,14.3,14.6,14.3,13.2,13.8,,,,,Hatching date estimated - Assumption that all ringed young fledged
574,1988,99,NAG,PIEFL,1,7,6,6,40,60,,,1,NE,C990372,S,29/05/1988,17/06/1986,2,C990247,S,15/06/1986,21/05/1988,2,06/06/1988,E849104,E849105,E849106,E849107,E849108,E849109,,,,,13.6,14.6,14.3,13.4,13.6,14.8,,,,,Hatching date estimated - Assumption that all ringed young fledged
575,1988,114,NAG,PIEFL,1,7,6,6,42,62,,,1,NE,E364029,R,02/06/1988,30/05/1987,1,E849003,I,21/05/1988,21/05/1988,1,09/06/1988,E849339,E849340,E849341,E849342,E849343,E849344,,,,,14.4,14.8,13.7,14.4,14.3,13.3,,,,,Hatching date estimated - Assumption that all ringed young fledged
576,1988,115,NAG,PIEFL,1,7,7,7,44,64,,,,NE,C616437,S,04/06/1988,15/06/1985,3,C616513,R,16/06/1985,21/05/1988,3,11/06/1988,E849603,E849604,E849605,E849606,E849607,E849608,E849609,,,,13.6,13.3,13.4,13.9,13.8,13.8,13.5,,,,Hatching date estimated - Assumption that all ringed young fledged
577,1988,122,NAG,PIEFL,1,7,7,0,40,,,,,JD,E849026,I,30/05/1988,30/05/1988,1,C990015,S,27/05/1986,22/05/1988,3,06/06/1988,E849132,E849133,E849134,E849135,E849136,E849137,,,,,12,13.2,13.1,12.5,12,12.9,,,,,Hatching date estimated - RECORDER'S NOTE THAT ALL YOUNG DIED AFTER RINGING 
578,1988,125,NAG,PIEFL,1,7,,4,45,65,,,2,NE,E849053,I,05/06/1988,05/06/1988,1,E364042,R,30/05/1987,22/05/1988,1,11/06/1988,E849515,E849516,E849517,E849518,,,,,,,12.2,11,13,12.3,,,,,,,Hatching date estimated - Assumption that all ringed young fledged
579,1988,127,NAG,PIEFL,1,7,,1,42,62,,,,NE,E364203,R,03/06/1988,02/06/1987,1,E364300,R,04/06/1987,22/05/1988,1,09/06/1988,E849394,E849395,E849396,E849397,E849398,E849399,,,,,11.9,11.9,11.5,11,12.1,10.9,,,,,Hatching date estimated - 394/395/396/397/399 DIED
580,1988,129,NAG,PIEFL,1,6,,6,42,61,,,,NE,E364018,S,05/06/1988,25/05/1987,2,E364013,S,22/05/1987,22/05/1988,2,07/06/1988,E849241,E849242,E849243,E849244,E849245,E849246,,,,,13.2,13.6,13.6,12.9,13,12.9,,,,,Hatching date estimated - Assumption that all ringed young fledged
581,1988,131,NAG,PIEFL,1,7,6,6,43,63,,,1,NE,E364446,R,22/05/1988,07/06/1987,1,E849007,I,22/05/1988,22/05/1988,1,10/06/1988,E849423,E849424,E849425,E849426,E849427,E849428,,,,,12.8,12.7,12.7,12.8,12.9,13.3,,,,,Hatching date estimated - Assumption that all ringed young fledged
582,1988,136,NAG,PIEFL,1,6,6,6,43,62,,,,NE,E364639,S,02/06/1988,21/06/1987,2,E849014,I,24/05/1988,24/05/1988,1,08/06/1988,E849298,E849299,E849300,E849301,E849302,E849303,,,,,9,13.4,14.1,13.7,12.5,12.9,,,,,Hatching date estimated - Assumption that all ringed young fledged
583,1988,137,NAG,PIEFL,1,8,8,8,39,60,,,,NE,E364451,S,29/05/1988,07/06/1987,2,C990353,R,17/06/1986,25/05/1988,2,06/06/1988,E849117,E849118,E849119,E849120,E849121,E849122,E849123,E849124,,,14.4,13.2,13.1,13.6,13,13.1,13.5,13.1,,,Hatching date estimated - Assumption that all ringed young fledged
584,1988,138,NAG,PIEFL,1,7,7,6,44,64,,,,NE,E849027,I,01/06/1988,01/06/1988,1,E849015,I,25/05/1988,25/05/1988,1,11/06/1988,E849536,E849537,E849538,E849539,E849540,E849541,,,,,12.5,12.8,9.9,11.7,12.6,13,,,,,Hatching date estimated - Assumption that all ringed young fledged
585,1988,139,NAG,PIEFL,1,7,,6,51,71,,,,NE,E849415,I,10/06/1988,10/06/1988,1,E364011,S,20/05/1987,29/05/1988,2,18/06/1988,E849668,E849669,E849670,E849671,E849672,E849673,,,,,10.7,13.2,11.9,13.5,12.1,12.4,,,,,Hatching date estimated - Assumption that all ringed young fledged
586,1988,140,NAG,PIEFL,1,6,6,6,42,62,,,,NE,E849052,I,05/06/1988,05/06/1988,1,E364156,R,02/06/1987,22/05/1988,1,07/06/1988,E849271,E849272,E849273,E849274,E849275,E849276,,,,,12.4,12.3,13.1,12.4,13.3,12.2,,,,,Hatching date estimated - Assumption that all ringed young fledged
587,1988,143,NAG,PIEFL,1,6,,1,55,74,,,,NE,,,,,,E849416,I,10/06/1988,10/06/1988,1,22/06/1988,E849716,,,,,,,,,,,,,,,,,,,,Hatching date estimated - Assumption that all ringed young fledged
588,1988,145,NAG,PIEFL,1,7,7,7,44,64,,,,NE,E364096,R,05/06/1988,31/05/1987,1,C990184,S,14/06/1986,22/05/1988,2,11/06/1988,E849519,E849520,E849521,E849522,E849523,E849524,E849525,,,,12.4,11.9,13.1,13.2,12,12.1,12.9,,,,Hatching date estimated - Assumption that all ringed young fledged
589,1988,152,NAG,PIEFL,1,7,5,5,59,70,,,2,NE,C747458,S,10/06/1988,16/06/1986,2,E849025,I,29/05/1988,29/05/1988,1,18/06/1988,E849663,E849664,E849665,E849666,E849667,,,,,,13.8,14.1,13.4,13.3,12,,,,,,Hatching date estimated - Assumption that all ringed young fledged
590,1988,155,NAG,PIEFL,1,4,,0,70,,,,,JD,E364023,S,29/06/1988,27/05/1987,2,C616640,S,23/06/1985,14/06/1988,2,,,,,,,,,,,,,,,,,,,,,,Hatching date estimated - AsLL YOUNG DIED  BY 7/7
591,1988,156,NAG,PIEFL,1,7,6,6,41,61,,,1,NE,C990522,R,30/05/1988,11/07/1986,2,C616438,S,15/06/1985,22/05/1988,3,07/06/1988,E849235,E849236,E849237,E849238,E849239,E849240,,,,,14.4,15.2,14.9,14.1,15.1,14.2,,,,,Hatching date estimated - Assumption that all ringed young fledged
592,1988,169,NAG,PIEFL,1,6,,3,52,71,,,2,NE,E849387,I,09/06/1988,09/06/1988,1,E364213,R,03/06/1987,29/05/1988,1,18/06/1988,E849687,E849688,E849689,,,,,,,,12,13.1,13.5,,,,,,,,Hatching date estimated - Assumption that all ringed young fledged
593,1988,171,NAG,PIEFL,1,7,,0,43,,,,,JD,,,,,,E364343,R,05/06/1987,21/05/1988,1,,,,,,,,,,,,,,,,,,,,,,Hatching date estimated - ALL YOUNG DEAD
594,1988,173,NAG,PIEFL,1,6,6,6,45,64,,,,NE,E364154,R,04/06/1988,02/06/1987,1,E849011,I,23/05/1988,23/05/1988,1,11/06/1988,E849582,E849583,E849584,E849585,E849586,E849587,,,,,14,12.2,14,12.9,12.9,13.6,,,,,Hatching date estimated - Assumption that all ringed young fledged
595,1988,174,NAG,PIEFL,1,5,4,4,53,71,,,1,NE,C990490,S,18/06/1988,23/06/1986,2,E849051,I,04/06/1988,04/06/1988,1,18/06/1988,E849683,E849684,E849685,E849686,,,,,,,11.2,11.6,9.5,12.3,,,,,,,Hatching date estimated - Assumption that all ringed young fledged
596,1988,178,NAG,PIEFL,1,3,,1,46,68,,,,NE,E364019,S,07/06/1988,25/05/1987,2,B525248,S,08/06/1982,26/05/1988,6,14/06/1988,E849627,,,,,,,,,,13,,,,,,,,,,Hatching date estimated - Assumption that all ringed young fledged
597,1988,182,NAG,PIEFL,1,7,7,7,42,62,,,,NE,E849029,I,02/06/1988,02/06/1988,1,C301580,S,11/06/1984,21/05/1988,4,09/06/1988,E849332,E849333,E849334,E849335,E849336,E849337,E849338,,,,13.1,14.1,13,13.9,13.8,12.9,13.5,,,,Hatching date estimated - Assumption that all ringed young fledged
598,1988,186,NAG,PIEFL,1,7,,7,42,62,,,,NE,C990096,R,02/06/1988,12/06/1986,2,C990186,S,14/06/1986,21/05/1988,2,09/06/1988,E849325,E849326,E849327,E849328,E849329,E849330,E849331,,,,13.6,13.8,13.3,14.1,12.4,12.8,12.7,,,,Hatching date estimated - Assumption that all ringed young fledged
599,1988,189,NAG,PIEFL,1,6,6,6,43,62,,,,NE,C261094,I,02/06/1988,13/06/1984,4,E364001,S,12/05/1987,21/05/1988,2,09/06/1988,E849345,E849346,E849347,E849348,E849349,E849350,,,,,13.1,12.9,13.4,13.9,13.5,13.6,,,,,Hatching date estimated - Assumption that all ringed young fledged
600,1988,192,NAG,PIEFL,1,7,,5,41,61,,,1,NE,C616409,S,03/06/1988,15/06/1985,3,C990412,S,18/06/1986,22/05/1988,2,07/06/1988,E849247,E849248,E849249,E849250,E849251,,,,,,14.5,13.4,12.2,13.8,13.8,,,,,,Hatching date estimated - Assumption that all ringed young fledged
601,1988,196,NAG,PIEFL,1,7,7,7,40,60,,,,NE,C990054,S,30/05/1988,09/06/1986,2,E849001,I,18/05/1988,18/05/1988,1,06/06/1988,E849125,E849126,E849127,E849128,E849129,E849130,E849131,,,,14.4,15,13.1,14.3,13.8,13.9,14.5,,,,Hatching date estimated - Assumption that all ringed young fledged
602,1988,199,NAG,PIEFL,1,8,8,8,46,67,,,,NE,C990036,S,06/06/1988,08/06/1986,3,E364005,S,17/05/1987,23/05/1988,2,14/06/1988,E849628,E849629,E849630,E849631,E849632,E849633,E849634,E849635,,,13.8,14.7,14.4,13.9,15.8,14.9,14.5,9.5,,,Hatching date estimated - Assumption that all ringed young fledged
603,1988,201,NAG,PIEFL,1,5,5,0,43,,,,,JD,E364142,R,03/06/1988,02/06/1987,1,B870003,S,22/05/1983,22/05/1988,6,07/06/1988,E849266,E849267,E849268,E849269,E849270,,,,,,12.4,13.1,13.7,13.5,12.5,,,,,,Hatching date estimated - ALL DIED
604,1988,205,NAG,PIEFL,1,7,,5,44,64,,,1,NE,C990226,R,08/06/1988,15/06/1986,2,E364021,S,27/05/1987,22/05/1988,2,11/06/1988,E849531,E849532,E849533,E849534,E849535,,,,,,12.3,12.3,12.1,13.2,11.4,,,,,,Hatching date estimated - Assumption that all ringed young fledged
605,1988,216,NAG,PIEFL,1,7,7,7,41,61,,,,NE,E364552,R,30/05/1988,10/06/1987,1,C990099,S,12/06/1986,23/05/1988,2,09/06/1988,E849380,E849381,E849382,E849383,E849384,E849385,E849386,,,,14.2,13.4,13.7,13.4,11.5,12.9,12.9,,,,Hatching date estimated - Assumption that all ringed young fledged
606,1988,223,NAG,PIEFL,1,7,7,7,41,61,,,,NE,C990071,S,30/05/1988,11/06/1986,2,C990161,R,14/06/1986,21/05/1988,2,08/06/1988,E849318,E849319,E849320,E849321,E849322,E849323,E849324,,,,13.9,13.9,13.4,13.4,13.7,15.1,13.9,,,,Hatching date estimated - Assumption that all ringed young fledged
607,1988,226,NAG,PIEFL,1,8,7,7,38,59,,,1,NE,E364016,S,29/05/1988,25/05/1987,2,C616458,S,15/06/1985,14/05/1988,3,06/06/1988,E849082,E849083,E849084,E849085,E849086,E849087,E849088,,,,15.5,15.7,14.6,14.4,13.3,15.4,14.4,,,,Hatching date estimated - Assumption that all ringed young fledged
608,1988,300,NAG,PIEFL,1,6,,5,55,74,,,,NE,E364083,R,13/06/1988,31/05/1987,1,E364220,R,03/06/1987,30/05/1988,1,22/06/1988,E849711,E849712,E849713,E849714,E849715,,,,,,,,,,,,,,,,Hatching date estimated - Assumption that all ringed young fledged
609,1988,304,NAG,PIEFL,1,7,,5,44,64,,,1,NE,E364530,S,05/06/1988,10/06/1987,2,E849008,I,22/05/1988,22/05/1988,1,11/06/1988,E849526,E849527,E849528,E849529,E849530,,,,,,12.9,13.5,12.1,12.8,13,,,,,,Hatching date estimated - Assumption that all ringed young fledged
610,1988,313,NAG,PIEFL,1,7,7,7,48,68,,,,NE,E364268,R,06/06/1988,04/06/1987,1,E364245,R,04/06/1987,23/05/1988,1,15/06/1988,E849642,E849643,E849644,E849645,E849646,E849647,E849648,,,,14.2,14.7,14.5,13.1,14.6,13.8,13.8,,,,Hatching date estimated - Assumption that all ringed young fledged
611,1988,316,NAG,PIEFL,1,6,,3,50,69,,,,NE,E364496,R,09/06/1988,07/06/1987,1,E849016,I,25/05/1988,25/05/1988,1,22/06/1988,E849701,E849702,E849703,,,,,,,,,,,,,,,,,,Hatching date estimated - Assumption that all ringed young fledged
612,1988,325,NAG,PIEFL,1,6,5,5,44,63,,,1,NE,C990192,R,02/06/1988,14/06/1986,2,E849013,I,24/05/1988,24/05/1988,1,11/06/1988,E849542,E849543,E849544,E849545,E849546,,,,,,10.9,12.5,12.7,12.3,13.1,,,,,,Hatching date estimated - Assumption that all ringed young fledged
613,1988,332,NAG,PIEFL,1,7,7,7,41,61,,,,NE,C990244,R,30/05/1988,15/06/1986,2,E849002,I,18/05/1988,18/05/1988,1,08/06/1988,E849311,E849312,E849313,E849314,E849315,E849316,E849317,,,,13.6,13.5,13.4,12.9,13.3,13.6,13.5,,,,Hatching date estimated - Assumption that all ringed young fledged
614,1988,336,NAG,PIEFL,1,6,5,5,44,63,,,1,NE,E364513,R,02/06/1988,10/06/1987,1,C990485,S,23/06/1986,23/05/1988,2,10/06/1988,E849441,E849442,E849443,E849444,E849445,,,,,,11.1,13,12,13.7,14.2,,,,,,Hatching date estimated - Assumption that all ringed young fledged
615,1988,337,NAG,PIEFL,1,7,6,6,41,61,,,1,NE,C990046,S,30/05/1988,09/06/1986,2,C990043,S,09/06/1986,21/05/1988,2,07/06/1988,E849209,E849210,E849211,E849212,E849213,E849214,,,,,13.6,12.9,14.1,14.4,14.4,14.3,,,,,Hatching date estimated - Assumption that all ringed young fledged
616,1988,342,NAG,PIEFL,1,7,7,7,45,65,,,,NE,E849050,I,04/06/1988,04/06/1988,1,E849017,I,26/05/1988,26/05/1988,1,11/06/1988,E849588,E849589,E849590,E849591,E849592,E849593,E849594,,,,12.3,12.5,11.6,12.4,11.9,11.8,11.6,,,,Hatching date estimated - Assumption that all ringed young fledged
617,1988,343,NAG,PIEFL,1,7,7,7,37,57,,,,NE,C616344,S,29/05/1988,09/06/1985,4,C990102,S,12/06/1986,21/05/1988,2,06/06/1988,E849068,E849069,E849070,E849071,E849072,E849073,E849074,,,,14.5,15.5,15.1,14.9,15.2,15.4,15.5,,,,Hatching date estimated - Assumption that all ringed young fledged
618,1988,358,NAG,PIEFL,1,7,7,7,46,66,,,,NE,E364111,R,06/06/1988,31/05/1987,1,E364649,R,21/06/1987,23/05/1988,1,14/06/1988,E849620,E849621,E849622,E849623,E849624,E849625,E849626,,,,15.4,14.6,14.3,14.5,14.2,14.7,14.8,,,,Hatching date estimated - Assumption that all ringed young fledged
619,1988,359,NAG,PIEFL,1,8,8,8,42,63,,,,NE,C990090,R,04/06/1988,12/06/1986,2,E849018,I,26/05/1988,26/05/1988,1,10/06/1988,E849446,E849447,E849448,E849449,E849450,E849451,E849452,E849453,,,12.6,12.6,14,13.7,12.2,13.3,13.4,13.2,,,Hatching date estimated - Assumption that all ringed young fledged
620,1988,361,NAG,PIEFL,1,7,7,7,40,60,,,,NE,C615747,S,21/05/1988,14/06/1986,2,C990003,S,22/05/1986,21/05/1988,3,06/06/1988,E849075,E849076,E849077,E849078,E849079,E849080,E849081,,,,14.4,13.3,14.3,15.8,14.6,14,14.2,,,,Hatching date estimated - Assumption that all ringed young fledged
621,1988,403,NAG,PIEFL,1,6,,5,43,62,,,,NE,E364094,R,04/06/1988,31/05/1987,1,E849004,I,21/05/1988,21/05/1988,1,09/06/1988,E849357,E849358,E849359,E849360,E849361,,,,,,13.1,12.8,13.2,13,13.4,,,,,,Hatching date estimated - Assumption that all ringed young fledged
622,1988,406,NAG,PIEFL,1,6,,3,56,75,,,1,NE,,,,,,E364244,R,04/06/1987,04/06/1988,1,22/06/1988,E849696,E849697,E849698,,,,,,,,13,14.1,11,,,,,,,,Hatching date estimated - Assumption that all ringed young fledged
623,1988,408,NAG,PIEFL,1,7,5,5,43,63,,,2,NE,E364590,S,04/06/1988,12/06/1987,2,E364008,S,20/05/1987,21/05/1988,2,09/06/1988,E849368,E849369,E849370,E849371,E849372,,,,,,12,13.1,11.5,11.8,12,,,,,,Hatching date estimated - Assumption that all ringed young fledged
624,1988,409,NAG,PIEFL,1,7,,6,41,61,,,,NE,E364099,R,04/06/1988,31/05/1987,1,E364331,R,04/06/1987,21/05/1988,1,09/06/1988,E849362,E849363,E849364,E849365,E849366,E849367,,,,,14.5,13.6,14.2,14.2,14.8,14.5,,,,,Hatching date estimated - Assumption that all ringed young fledged
625,1988,410,NAG,PIEFL,1,7,7,7,43,63,,,,NE,E849049,I,04/06/1988,04/06/1988,1,C301676,S,14/06/1984,21/05/1988,4,10/06/1988,E849468,E849469,E849470,E849471,E849472,E849473,E849474,,,,13,13,12.9,12.6,13.1,13.9,12.9,,,,Hatching date estimated - Assumption that all ringed young fledged
626,1988,416,NAG,PIEFL,1,6,,2,54,73,,,,NE,,,,,,E364311,R,04/06/1987,06/06/1988,1,22/06/1988,E849699,E849700,,,,,,,,,13.6,10.5,,,,,,,,,Hatching date estimated - Assumption that all ringed young fledged
627,1988,417,NAG,PIEFL,1,8,,7,40,61,,,,NE,C990101,S,30/05/1988,12/06/1986,2,E364007,S,20/05/1987,21/05/1988,2,09/06/1988,E849373,E849374,E849375,E849376,E849377,E849378,E849379,,,,15.8,15.1,14.9,14.4,14.3,15.5,14.7,,,,Hatching date estimated - Assumption that all ringed young fledged
628,1988,419,NAG,PIEFL,1,7,7,7,43,63,,,,NE,E364279,R,04/06/1988,04/06/1987,1,C990091,R,12/06/1986,21/05/1988,2,10/06/1988,E849461,E849462,E849463,E849464,E849465,E849466,E849467,,,,13.6,14.3,13.7,12.8,12.7,12.1,13.1,,,,Hatching date estimated - Assumption that all ringed young fledged
629,1988,420,NAG,PIEFL,1,8,8,8,42,63,,,,NE,,,,,,C990342,R,17/06/1986,21/05/1988,2,11/06/1988,E849595,E849596,E849597,E849598,E849599,E849600,E849601,E849602,,,13.2,12.4,12.7,13,12.2,12.3,13,12.6,,,Hatching date estimated - Assumption that all ringed young fledged
630,1988,422,NAG,PIEFL,1,7,,6,40,60,,,,NE,B870116,S,29/05/1988,12/06/1983,5,E849005,I,21/05/1988,21/05/1988,1,06/06/1988,E849089,E849090,E849091,E849092,E849093,E849094,,,,,13.2,13,13,14.4,13.5,13.6,,,,,Hatching date estimated - Assumption that all ringed young fledged
631,1988,429,NAG,PIEFL,1,7,6,6,51,71,,,1,NE,E364536,R,09/06/1988,10/06/1987,1,C990020,S,31/05/1986,26/05/1988,3,18/06/1988,E849690,E849691,E849692,E849693,E849694,E849695,,,,,13.8,14,12.7,13.3,14.4,13.1,,,,,Hatching date estimated - Assumption that all ringed young fledged
632,1988,434,NAG,PIEFL,1,7,7,7,39,59,,,,NE,C990049,S,29/05/1988,09/06/1986,2,E364003,S,17/05/1987,21/05/1988,2,06/06/1988,E849097,E849098,E849099,E849100,E849101,E849102,E849103,,,,14,13.3,14.4,15,13.9,13.8,13.6,,,,Hatching date estimated - Assumption that all ringed young fledged
633,1988,437,NAG,PIEFL,1,8,6,6,44,65,,,2,NE,E849096,I,06/06/1988,06/06/1988,1,E364004,S,17/05/1987,21/05/1988,2,14/06/1988,E849636,E849637,E849638,E849639,E849640,E849641,,,,,14.2,13.5,8.1,13.8,14.4,14.3,,,,,Hatching date estimated - Assumption that all ringed young fledged
634,1988,438,NAG,PIEFL,1,6,6,6,42,61,,,,NE,E364053,R,02/06/1988,30/05/1987,1,E364174,R,02/06/1987,21/05/1988,1,09/06/1988,E849351,E849352,E849353,E849354,E849355,E849356,,,,,13.9,13.5,13.8,13.7,14.1,13.9,,,,,Hatching date estimated - Assumption that all ringed young fledged
635,1988,R10,NAG,PIEFL,1,7,7,7,43,63,,,,NE,E364175,R,04/06/1988,02/06/1987,1,C972391,I,08/06/1987,21/05/1988,1,10/06/1988,E849454,E849455,E849456,E849457,E849458,E849459,E849460,,,,13.4,12.6,14.5,13.7,14.4,14.6,13.7,,,,Hatching date estimated - Assumption that all ringed young fledged
636,1989,3,KEN,PIEFL,1,7,7,7,49,69,,,,NE,E364624,R,09/06/1989,19/06/1987,2,E849021,S,28/05/1988,27/05/1989,2,14/06/1989,E897458,E897459,E897460,E897461,E897462,E897463,E897464,,,,,,,,,,,,,,Hatching date estimated - Assumption that all ringed young fledged
637,1989,11,KEN,PIEFL,1,7,7,7,42,62,,,,NE,E897043,I,05/06/1989,05/06/1989,1,E849020,S,28/05/1988,27/05/1989,2,09/06/1989,E897152,E897153,E897154,E897155,E897156,E897157,E897158,,,,,,,,,,,,,,Hatching date estimated - Assumption that all ringed young fledged
638,1989,16,KEN,PIEFL,1,7,,6,40,60,,,,NE,E897044,I,05/06/1989,05/06/1989,1,E897021,I,27/05/1989,27/05/1989,1,05/06/1989,E897045,E897046,E897047,E897048,E897049,E897050,,,,,,,,,,,,,,,Hatching date estimated - Assumption that all ringed young fledged
639,1989,21,KEN,PIEFL,1,8,8,8,42,62,,,,NE,E897033,I,05/06/1989,05/06/1989,1,E897022,I,27/05/1989,27/05/1989,1,09/06/1989,E897185,E897186,E897187,E897188,E897189,E897190,E897191,E897192,,,,,,,,,,,,,Hatching date estimated - Assumption that all ringed young fledged
640,1989,25,KEN,PIEFL,1,8,8,8,46,65,,,,NE,E897041,I,05/06/1989,05/06/1989,1,E364396,S,06/06/1987,27/05/1989,2,14/06/1989,E897472,E897473,E897474,E897475,E897476,E897477,E897478,E897479,,,,,,,,,,,,,Hatching date estimated - Assumption that all ringed young fledged
641,1989,27,KEN,PIEFL,1,7,7,7,40,60,,,,NE,E364579,R,05/06/1989,11/06/1987,2,E897024,I,27/05/1989,27/05/1989,1,05/06/1989,E897034,E897035,E897036,E897037,E897038,E897039,E897040,,,,,,,,,,,,,,Hatching date estimated - Assumption that all ringed young fledged
642,1989,28,KEN,PIEFL,1,7,7,7,47,65,,,,NE,E364579,S,05/06/1989,11/06/1987,2,E364100,S,30/05/1987,27/05/1989,3,14/06/1989,E897480,E897481,E897482,E897483,E897484,E897485,E897486,,,,,,,,,,,,,,Hatching date estimated - Assumption that all ringed young fledged
643,1989,31,KEN,PIEFL,1,7,6,6,42,62,,,1,NE,E849178,S,05/06/1989,07/06/1988,2,E364603,S,15/06/1987,27/05/1989,2,09/06/1989,E897165,E897166,E897167,E897168,E897169,E897170,,,,,,,,,,,,,,,Hatching date estimated - Assumption that all ringed young fledged
644,1989,33,KEN,PIEFL,1,7,,6,43,63,,,,NE,E364628,R,05/06/1989,19/06/1987,2,E849453,R,10/06/1988,27/05/1989,1,09/06/1989,E897159,E897160,E897161,E897162,E897163,E897164,,,,,,,,,,,,,,,Hatching date estimated - Assumption that all ringed young fledged
645,1989,39,KEN,PIEFL,1,8,,7,45,66,,,,NE,E897042,I,05/06/1989,05/06/1989,1,E364066,S,30/05/1987,27/05/1989,3,14/06/1989,E897465,E897466,E897467,E897468,E897469,E897470,E897471,,,,,,,,,,,,,,Hatching date estimated - Assumption that all ringed young fledged
646,1989,40,KEN,PIEFL,1,8,,7,41,62,,,,NE,C990121,S,05/06/1989,13/06/1986,4,C990023,S,01/06/1986,27/05/1989,4,09/06/1989,E897178,E897179,E897180,E897181,E897182,E897183,E897184,,,,,,,,,,,,,,Hatching date estimated - Assumption that all ringed young fledged
647,1989,45,KEN,PIEFL,1,8,,7,43,64,,,,NE,E364256,R,05/06/1989,04/06/1987,2,E897023,I,27/05/1989,27/05/1989,1,09/06/1989,E897171,E897172,E897173,E897174,E897175,E897176,E897177,,,,,,,,,,,,,,Hatching date estimated - Assumption that all ringed young fledged
648,1989,46,KEN,PIEFL,1,7,6,6,40,60,,,1,NE,E897062,I,05/06/1989,05/06/1989,1,E897020,I,27/05/1989,27/05/1989,1,09/06/1989,E897146,E897147,E897148,E897149,E897150,E897151,,,,,,,,,,,,,,,Hatching date estimated - Assumption that all ringed young fledged
649,1989,49,KEN,PIEFL,1,6,6,6,41,60,,,,NE,C401373,S,05/06/1989,15/06/1986,3,E447009,S,06/06/1987,27/05/1989,2,05/06/1989,E897051,E897052,E897053,E897054,E897055,E897056,,,,,,,,,,,,,,,Hatching date estimated - Assumption that all ringed young fledged
650,1989,50,KEN,PIEFL,1,7,,5,40,60,,,,NE,E364378,R,05/06/1989,05/06/1987,2,E897025,I,27/05/1989,27/05/1989,1,05/06/1989,E897057,E897058,E897059,E897060,E897061,,,,,,,,,,,,,,,,Hatching date estimated - Assumption that all ringed young fledged
651,1989,1,LYD,PIEFL,1,,,5,,,,,,NE,E897358,I,10/06/1989,10/06/1989,1,E897080,I,05/06/1989,05/06/1989,1,13/06/1989,E897447,E897448,E897449,E897450,E897451,,,,,,,,,,,,,,,,Hatching date estimated - Assumption that all ringed young fledged
652,1989,3,LYD,PIEFL,1,,,1,,,,,,NE,,,,,,B949362,S,01/06/1986,06/06/1989,4,24/06/1989,E897595,,,,,,,,,,,,,,,,,,,,Hatching date estimated - Assumption that all ringed young fledged
653,1989,7,LYD,PIEFL,1,,,3,,,,,,NE,E849438,R,09/06/1989,10/06/1988,1,C990024,S,01/06/1986,06/06/1989,4,09/06/1989,E897251,E897252,E897253,,,,,,,,,,,,,,,,,,Hatching date estimated - Assumption that all ringed young fledged
654,1989,10,LYD,PIEFL,1,,,6,,,,,,NE,E849407,S,10/06/1989,09/06/1988,2,E849079,I,05/06/1989,05/06/1989,1,05/06/1989,E897071,E897072,E897073,E897074,E897075,E897076,,,,,,,,,,,,,,,Hatching date estimated - Assumption that all ringed young fledged
655,1989,15,LYD,PIEFL,1,,,4,,,,,,NE,E849154,S,10/06/1989,06/06/1988,2,E897357,I,10/06/1989,10/06/1989,1,09/06/1989,E897256,E897257,E897258,E897259,,,,,,,,,,,,,,,,,Hatching date estimated - Assumption that all ringed young fledged
656,1989,16,LYD,PIEFL,1,,,2,,,,,,NE,,,,,,E849139,S,06/06/1988,06/06/1989,2,16/06/1989,E897578,E897579,,,,,,,,,,,,,,,,,,,Hatching date estimated - Assumption that all ringed young fledged
657,1989,19,LYD,PIEFL,1,,,2,,,,,,NE,E849407,S,10/06/1989,09/06/1988,2,E897079,I,06/06/1989,06/06/1989,1,09/06/1989,E897254,E897255,,,,,,,,,,,,,,,,,,,Hatching date estimated - Assumption that all ringed young fledged
658,1989,21,LYD,PIEFL,1,,,6,,,,,,NE,E897077,I,05/06/1989,05/06/1989,1,E897078,I,05/06/1989,05/06/1989,1,13/06/1989,E897452,E897453,E897454,E897455,E897456,E897457,,,,,,,,,,,,,,,Hatching date estimated - Assumption that all ringed young fledged
659,1989,3,NAG,PIEFL,1,7,,1,43,63,,,2,NE,E364310,R,03/06/1989,04/06/1987,2,E849091,I,22/05/1989,22/05/1989,1,11/06/1989,E897362,,,,,,,,,,13.1,,,,,,,,,,Hatching date estimated - Assumption that all ringed young fledged
660,1989,5,NAG,PIEFL,1,6,6,6,39,58,,,,NE,E364096,S,29/05/1989,31/05/1987,2,E897001,I,19/05/1989,19/05/1989,1,07/06/1989,E897081,E897082,E897083,E897084,E897085,E897086,,,,,13.7,14.7,14.5,13.6,13.7,14.4,,,,,Hatching date estimated - Assumption that all ringed young fledged
661,1989,7,NAG,PIEFL,1,8,7,6,40,61,,,1,NE,E849065,R,02/06/1989,06/06/1988,1,E849595,R,11/06/1988,19/05/1989,1,10/06/1989,E897351,E897352,E897353,E897354,E897355,E897356,,,,,10.5,10.1,11.2,12.9,12.9,12.5,,,,,Hatching date estimated - Assumption that all ringed young fledged
662,1989,13,NAG,PIEFL,1,7,7,7,39,59,,,,NE,E364088,R,29/05/1989,31/05/1987,2,E364172,R,02/06/1987,20/05/1989,2,07/06/1989,E897099,E897100,E897101,E897102,E897103,E897104,E897105,,,,11.2,13.1,12.2,12.5,12,12.8,12.6,,,,Hatching date estimated - Assumption that all ringed young fledged
663,1989,18,NAG,PIEFL,1,5,,0,64,,,,,JD,,,,,,C990038,S,09/06/1986,07/06/1989,4,,,,,,,,,,,,,,,,,,,,,,Hatching date estimated - ALL DEAD BY 6/7
664,1989,21,NAG,PIEFL,1,,,0,,,,,,XP,,,,,,,,,,,,,,,,,,,,,,,,,,,,,,,,PREDATED
665,1989,23,NAG,PIEFL,1,7,,3,40,60,,,,NE,E849387,S,03/06/1989,09/06/1988,2,E897011,I,21/05/1989,21/05/1989,1,09/06/1989,E897232,E897233,E897234,,,,,,,,11.3,12.4,12.1,,,,,,,,Hatching date estimated - Assumption that all ringed young fledged
666,1989,25,NAG,PIEFL,1,,,0,,,,,,XP,,,,,,,,,,,,,,,,,,,,,,,,,,,,,,,,PREDATED
667,1989,26,NAG,PIEFL,1,8,8,7,41,62,,,,NE,C990522,S,03/06/1989,11/07/1986,3,E849007,S,22/05/1988,21/05/1989,2,11/06/1989,E897386,E897387,E897388,E897389,E897390,E897391,E897392,,,,11.4,10.1,12,10.2,12.7,12,13.5,,,,Hatching date estimated - Assumption that all ringed young fledged
668,1989,32,NAG,PIEFL,1,8,,6,42,63,,,,NE,C990177,S,03/06/1989,14/06/1986,3,E364245,S,04/06/1987,21/05/1989,2,11/06/1989,E897393,E897394,E897395,E897396,E897397,E897398,,,,,8.5,13.2,14.4,14.1,13.7,14.7,,,,,Hatching date estimated - Assumption that all ringed young fledged
669,1989,34,NAG,PIEFL,1,7,7,5,39,59,,,,NE,C990053,S,29/05/1989,09/06/1986,3,C990060,S,11/06/1986,21/05/1989,3,09/06/1989,E897235,E897236,E897237,E897238,E897239,,,,,,12.1,12.1,11.8,11.2,12.9,,,,,,Hatching date estimated - Assumption that all ringed young fledged
670,1989,35,NAG,PIEFL,1,7,,0,38,,,,,JD,C990343,S,29/05/1989,17/06/1986,3,C990273,S,15/06/1986,21/05/1989,3,,,,,,,,,,,,,,,,,,,,,,Hatching date estimated - ALL DEAD BY 7/6
671,1989,47,NAG,PIEFL,1,5,,3,49,67,,,1,NE,E364096,S,17/06/1989,31/05/1987,2,E897018,I,25/05/1989,25/05/1989,1,16/06/1989,E897575,E897576,E897577,,,,,,,,13.3,13,14.4,,,,,,,,Hatching date estimated - Assumption that all ringed young fledged
672,1989,48,NAG,PIEFL,1,6,6,6,40,59,,,,NE,E849052,S,29/05/1989,05/06/1988,2,C990201,S,15/06/1986,20/05/1989,3,07/06/1989,E897087,E897088,E897089,E897090,E897091,E897092,,,,,11.4,11.9,11.8,10.8,11.6,12.3,,,,,Hatching date estimated - Assumption that all ringed young fledged
673,1989,59,NAG,PIEFL,1,6,,4,49,68,,,,NE,,,,,,E897026,I,29/05/1989,29/05/1989,1,16/06/1989,E897565,E897566,E897567,E897568,,,,,,,13.5,12,14,12.9,,,,,,,Hatching date estimated - Assumption that all ringed young fledged
674,1989,63,NAG,PIEFL,1,7,,5,40,60,,,,NE,E849503,R,03/06/1989,10/06/1988,1,E897010,I,21/05/1989,21/05/1989,1,09/06/1989,E897227,E897228,E897229,E897230,E897231,,,,,,13,11.4,11.1,13.1,12.2,,,,,,Hatching date estimated - Assumption that all ringed young fledged
675,1989,67,NAG,PIEFL,1,7,,6,45,65,,,,NE,E849056,S,07/06/1989,05/06/1988,2,E364004,S,17/05/1987,29/05/1989,3,14/06/1989,E897495,E897496,E897497,E897498,E897499,E897500,,,,,14.1,13.7,13.8,14.2,14.1,14.3,,,,,Hatching date estimated - Assumption that all ringed young fledged
676,1989,69,NAG,PIEFL,1,6,6,6,38,57,,,,NE,E364268,S,29/05/1989,04/06/1987,2,E849129,R,06/06/1988,17/05/1989,1,05/06/1989,E897065,E897066,E897067,E897068,E897069,E897070,,,,,15.5,15.6,14.4,15.8,14,14.1,,,,,Hatching date estimated - Assumption that all ringed young fledged
677,1989,73,NAG,PIEFL,1,7,7,7,40,60,,,,NE,C990087,S,03/06/1989,11/06/1986,3,E897007,I,20/05/1989,20/05/1989,1,10/06/1989,E897344,E897345,E897346,E897347,E897348,E897349,E897350,,,,11,11.5,11.1,11.1,11.3,12.2,9.4,,,,Hatching date estimated - Assumption that all ringed young fledged
678,1989,76,NAG,PIEFL,1,7,,6,41,61,,,,NE,E364530,S,31/05/1989,10/06/1987,3,E849462,R,10/06/1988,17/05/1989,1,11/06/1989,E897367,E897368,E897369,E897370,E897371,E897372,,,,,13.2,13.5,14.1,13,13.1,13.9,,,,,Hatching date estimated - Assumption that all ringed young fledged
679,1989,77,NAG,PIEFL,1,7,,5,42,62,,,,NE,E364448,S,03/06/1989,07/06/1987,2,C990370,R,17/06/1986,23/05/1989,3,11/06/1989,E897373,E897374,E897375,E897376,E897377,,,,,,13.3,12.1,13.5,13.4,12.6,,,,,,Hatching date estimated - Assumption that all ringed young fledged
680,1989,79,NAG,PIEFL,1,7,,0,41,,,,,JD,C990090,S,03/06/1989,12/06/1986,3,C990411,S,18/06/1986,21/05/1989,3,,,,,,,,,,,,,,,,,,,,,,Hatching date estimated - ALL DEAD BY 10/6
681,1989,83,NAG,PIEFL,1,8,7,2,40,61,,,1,NE,E849519,R,03/06/1989,11/06/1988,1,C990434,R,19/06/1986,21/05/1989,3,10/06/1989,E897342,E897343,,,,,,,,,12,11.7,,,,,,,,,Hatching date estimated - Assumption that all ringed young fledged
682,1989,86,NAG,PIEFL,1,7,7,7,40,60,,,,NE,C616344,S,03/06/1989,09/06/1985,5,C990427,R,19/06/1986,21/05/1989,3,10/06/1989,E897335,E897336,E897337,E897338,E897339,E897340,E897341,,,,12.8,12.5,12.1,12.5,12,12.8,12.9,,,,Hatching date estimated - Assumption that all ringed young fledged
683,1989,94,NAG,PIEFL,1,7,,6,42,62,,,,NE,C990490,S,02/06/1989,23/06/1986,3,C990391,R,17/06/1986,21/05/1989,3,10/06/1989,E897309,E897310,E897311,E897312,E897313,E897314,,,,,13.3,14.1,14.2,13.3,14,13.8,,,,,Hatching date estimated - Assumption that all ringed young fledged
684,1989,100,NAG,PIEFL,1,7,,6,42,62,,,,NE,E364451,S,02/06/1989,07/06/1987,3,C301677,S,14/06/1984,21/05/1989,5,11/06/1989,E897441,E897442,E897443,E897444,E897445,E897446,,,,,12.2,12.1,12.1,12.6,12.3,12.5,,,,,Hatching date estimated - Assumption that all ringed young fledged
685,1989,105,NAG,PIEFL,1,7,7,7,41,61,,,,NE,E364029,S,20/05/1989,30/05/1987,2,C990186,S,14/06/1986,20/05/1989,3,11/06/1989,E897434,E897435,E897436,E897437,E897438,E897439,E897440,,,,15.2,14.1,14.2,14,14,15.1,14.6,,,,Hatching date estimated - Assumption that all ringed young fledged
686,1989,108,NAG,PIEFL,1,6,,4,41,60,,,1,NE,E849332,R,03/06/1989,09/06/1988,1,E849445,R,10/06/1988,20/05/1989,1,10/06/1989,E897266,E897267,E897268,E897269,,,,,,,13.8,15.1,14.3,14,,,,,,,Hatching date estimated - Assumption that all ringed young fledged
687,1989,109,NAG,PIEFL,1,7,7,7,42,62,,,,NE,E849029,S,03/06/1989,02/06/1988,2,E897004,I,20/05/1989,20/05/1989,1,10/06/1989,E897277,E897278,E897279,E897280,E897281,E897282,E897283,,,,12.6,13.1,13.2,12.5,13.4,11.9,13.2,,,,Hatching date estimated - Assumption that all ringed young fledged
688,1989,114,NAG,PIEFL,1,4,4,4,38,55,,,,NE,E897599,I,25/06/1989,25/06/1989,1,E364311,S,04/06/1987,11/06/1989,2,08/07/1989,E897603,E897604,E897605,E897606,,,,,,,,,,,,,,,,,Hatching date estimated - Assumption that all ringed young fledged
689,1989,115,NAG,PIEFL,1,8,8,8,42,63,,,,NE,C616437,S,03/06/1989,15/06/1985,4,E364243,R,03/06/1987,20/05/1989,2,11/06/1989,E897420,E897421,E897422,E897423,E897424,E897425,E897426,E897427,,,14.5,14.1,14.4,13.4,14.6,13.6,14.1,14.5,,,Hatching date estimated - Assumption that all ringed young fledged
690,1989,119,NAG,PIEFL,1,7,,6,45,65,,,,NE,E849237,R,05/06/1989,07/06/1988,1,E849217,R,07/06/1988,22/05/1989,1,15/06/1989,E897552,E897553,E897554,E897555,E897556,E897557,,,,,14.5,14.6,14.8,14.4,14.1,14.6,,,,,Hatching date estimated - Assumption that all ringed young fledged
691,1989,121,NAG,PIEFL,1,7,,2,45,65,,,,NE,C990054,S,06/06/1989,09/06/1986,3,E364220,S,03/06/1987,21/05/1989,2,13/06/1989,E897487,E897488,,,,,,,,,13.1,13.1,,,,,,,,,Hatching date estimated - Assumption that all ringed young fledged
692,1989,128,NAG,PIEFL,1,7,,6,38,58,,,,NE,C616409,S,29/05/1989,15/06/1985,4,E897008,I,20/05/1989,20/05/1989,1,07/06/1989,E897112,E897113,E897114,E897115,E897116,E897117,,,,,12.8,13.1,12.6,13.1,13.4,13.3,,,,,Hatching date estimated - Assumption that all ringed young fledged
693,1989,132,NAG,PIEFL,1,6,,3,43,62,,,1,NE,E897031,I,03/06/1989,03/06/1989,1,E364156,S,02/06/1987,21/05/1989,2,11/06/1989,E897383,E897384,E897385,,,,,,,,14,14.9,14,,,,,,,,Hatching date estimated - Assumption that all ringed young fledged
694,1989,135,NAG,PIEFL,1,6,,1,44,63,,,,NE,,,,,,E849097,I,25/05/1989,25/05/1989,1,20/06/1989,E897594,,,,,,,,,,11.7,,,,,,,,,,Hatching date estimated - Assumption that all ringed young fledged
695,1989,138,NAG,PIEFL,1,5,0,0,58,,,,,ED,,,,,,E849098,I,31/05/1989,31/05/1989,1,,,,,,,,,,,,,,,,,,,,,,DESERTED BY 14/6
696,1989,141,NAG,PIEFL,1,7,,3,41,61,,,,NE,E897064,I,05/06/1989,05/06/1989,1,E897006,I,20/05/1989,20/05/1989,1,09/06/1989,E897201,E897202,E897203,,,,,,,,12.2,12.5,11.1,,,,,,,,Hatching date estimated - Assumption that all ringed young fledged
697,1989,143,NAG,PIEFL,1,7,,3,38,58,,,,NE,C990248,R,29/05/1989,15/06/1986,3,E849103,I,20/05/1989,20/05/1989,1,09/06/1989,E897211,E897212,E897213,,,,,,,,11.9,11.3,12.4,,,,,,,,Hatching date estimated - Assumption that all ringed young fledged
698,1989,147,NAG,PIEFL,1,6,,3,48,67,,,,NE,C990087,S,17/06/1989,11/06/1986,3,E849416,S,10/06/1988,25/05/1989,2,16/06/1989,E897572,E897573,E897574,,,,,,,,14.5,15,14.6,,,,,,,,Hatching date estimated - Assumption that all ringed young fledged
699,1989,149,NAG,PIEFL,1,7,,1,49,69,,,,NE,C990248,S,08/06/1989,15/06/1986,3,E576571,I,07/06/1988,25/05/1989,1,16/06/1989,E897571,,,,,,,,,,13.9,,,,,,,,,,Hatching date estimated - Assumption that all ringed young fledged
700,1989,154,NAG,PIEFL,1,7,,1,41,61,,,,NE,E364047,R,05/06/1989,30/05/1987,2,E849418,R,10/06/1988,20/05/1989,1,09/06/1989,E897200,,,,,,,,,,14.1,,,,,,,,,,Hatching date estimated - Assumption that all ringed young fledged
701,1989,155,NAG,PIEFL,1,6,,2,47,66,,,,NE,,,,,,E897017,I,24/05/1989,24/05/1989,1,16/06/1989,E897569,E897570,,,,,,,,,13.8,13.1,,,,,,,,,Hatching date estimated - Assumption that all ringed young fledged
702,1989,157,NAG,PIEFL,1,7,,5,47,67,,,,NE,E849387,S,06/06/1989,09/06/1988,2,E364334,R,04/06/1987,21/05/1989,2,15/06/1989,E897547,E897548,E897549,E897550,E897551,,,,,,14.1,15,14.3,13.4,13.7,,,,,,Hatching date estimated - Assumption that all ringed young fledged
703,1989,164,NAG,PIEFL,1,8,,4,49,70,,,,NE,,,,,,C616494,S,16/06/1985,29/05/1989,4,17/06/1989,E897580,E897581,E897582,E897583,,,,,,,13.1,14,14.9,14.4,,,,,,,Hatching date estimated - PULLI MOVED TO BOX 219
704,1989,169,NAG,PIEFL,1,4,3,3,61,78,,,1,NE,E849225,R,25/06/1989,07/06/1988,1,E849599,R,11/06/1988,07/06/1989,1,25/06/1989,E897596,E897597,E897598,,,,,,,,12.4,11.8,12.4,,,,,,,,Hatching date estimated - Assumption that all ringed young fledged
705,1989,173,NAG,PIEFL,1,7,7,7,40,60,,,,NE,E364552,S,02/06/1989,10/06/1987,2,E364001,S,12/05/1987,22/05/1989,3,08/06/1989,E897132,E897133,E897134,E897135,E897136,E897137,E897138,,,,12.3,12.3,13,13.1,13,13.2,13.1,,,,Hatching date estimated - Assumption that all ringed young fledged
706,1989,174,NAG,PIEFL,1,7,7,7,42,62,,,,NE,E364366,R,02/06/1989,05/06/1987,2,E849011,S,23/05/1988,22/05/1989,2,10/06/1989,E897315,E897316,E897317,E897318,E897319,E897320,E897321,,,,13,13.1,11.7,12.9,12.4,12.4,12.8,,,,Hatching date estimated - Assumption that all ringed young fledged
707,1989,179,NAG,PIEFL,1,3,3,3,73,89,,,,NE,,,,,,E971128,I,12/06/1988,17/06/1989,1,08/07/1989,E897600,E897601,E897602,,,,,,,,13.6,,,,,,,,,,Hatching date estimated - Assumption that all ringed young fledged
708,1989,183,NAG,PIEFL,1,7,,4,45,65,,,,NE,,,,,,E849003,S,21/05/1988,21/05/1989,2,15/06/1989,E897537,E897538,E897539,E897540,,,,,,,14.6,14.1,14.8,14.8,,,,,,,Hatching date estimated - Assumption that all ringed young fledged
709,1989,184,NAG,PIEFL,1,6,6,6,45,64,,,,NE,C990372,S,03/06/1989,17/06/1986,3,C990412,S,18/06/1986,21/05/1989,3,11/06/1989,E897428,E897429,E897430,E897431,E897432,E897433,,,,,13,13.5,14.4,14.5,13.8,12.3,,,,,Hatching date estimated - Assumption that all ringed young fledged
710,1989,187,NAG,PIEFL,1,7,,6,39,59,,,,NE,E364056,R,29/05/1989,30/05/1987,2,E897005,I,20/05/1989,20/05/1989,1,10/06/1989,E897260,E897261,E897262,E897263,E897264,E897265,,,,,13.7,15.3,14.6,14.8,14.8,14.7,,,,,Hatching date estimated - Assumption that all ringed young fledged
711,1989,191,NAG,PIEFL,1,6,6,6,39,58,,,,NE,C747458,S,29/05/1989,16/06/1986,3,E849009,S,22/05/1988,29/05/1989,2,07/06/1989,E897093,E897094,E897095,E897096,E897097,E897098,,,,,12.5,12.2,12.2,11.9,12.6,12.4,,,,,Hatching date estimated - Assumption that all ringed young fledged
712,1989,195,NAG,PIEFL,1,7,,6,44,64,,,,NE,E897063,I,05/06/1989,05/06/1989,1,E897019,I,25/05/1989,25/05/1989,1,14/06/1989,E897489,E897490,E897491,E897492,E897493,E897494,,,,,13.9,12.6,12.6,13.8,12.9,13.3,,,,,Hatching date estimated - Assumption that all ringed young fledged
713,1989,196,NAG,PIEFL,1,7,6,6,38,58,,,1,NE,C990054,S,29/05/1989,09/06/1986,3,E849001,S,18/05/1988,17/05/1989,2,07/06/1989,E897106,E897107,E897108,E897109,E897110,E897111,,,,,12.5,12.5,13.3,12,11.6,12.7,,,,,Hatching date estimated - Assumption that all ringed young fledged
714,1989,202,NAG,PIEFL,1,7,,0,40,,,,,JD,E364142,S,05/06/1989,02/06/1987,2,E849308,R,08/06/1988,20/05/1989,1,,,,,,,,,,,,,,,,,,,,,,Hatching date estimated - ALL DEAD BY 10/6
715,1989,208,NAG,PIEFL,1,7,6,6,39,59,,,1,NE,E897027,I,29/05/1989,29/05/1989,1,E364013,S,22/05/1987,21/05/1989,3,09/06/1989,E897221,E897222,E897223,E897224,E897225,E897226,,,,,11.9,12.6,12.6,11.1,12.7,12.8,,,,,Hatching date estimated - Assumption that all ringed young fledged
716,1989,219,NAG,PIEFL,1,6,,3,53,72,,,,NE,,,,,,E897028,I,29/05/1989,29/05/1989,1,20/06/1989,E897589,E897590,E897591,E897592,E897593,,,,,,11.9,12.9,12.1,11.8,12.6,,,,,,Hatching date estimated - 589/591 DIED
717,1989,220,NAG,PIEFL,2,7,7,7,39,59,,,,NE,E849093,R,29/05/1989,06/06/1988,1,E849014,S,24/05/1988,21/05/1989,2,09/06/1989,E897193,E897194,E897195,E897196,E897197,E897198,E897199,,,,12.4,13,11.5,12.9,11.4,13,13.1,,,,Hatching date estimated - Assumption that all ringed young fledged
718,1989,222,NAG,PIEFL,1,8,,7,40,61,,,,NE,E364016,S,03/06/1989,25/05/1987,3,E364553,R,10/06/1987,18/05/1989,2,10/06/1989,E897322,E897323,E897324,E897325,E897326,E897327,E897328,,,,13.7,13.6,14.6,14.9,13.1,13.6,10.8,,,,Hatching date estimated - Assumption that all ringed young fledged
719,1989,227,NAG,PIEFL,1,7,,6,43,63,,,,NE,E897002,I,20/05/1989,20/05/1989,1,C990099,S,12/06/1986,20/05/1989,3,11/06/1989,E897399,E897400,E897401,E897402,E897403,E897404,,,,,13.3,13.2,13.4,10.9,10.8,13.1,,,,,Hatching date estimated - Assumption that all ringed young fledged
720,1989,250,NAG,PIEFL,1,8,6,6,40,61,,,2,NE,C990134,S,21/05/1989,13/06/1986,3,E897009,I,21/05/1989,21/05/1989,1,10/06/1989,E897329,E897330,E897331,E897332,E897333,E897334,,,,,11.7,11.9,10.4,11.9,11,7.7,,,,,Hatching date estimated - Assumption that all ringed young fledged
721,1989,300,NAG,PIEFL,1,7,,3,42,62,,,,NE,E849253,R,02/06/1989,07/06/1988,1,E897015,I,22/05/1989,22/05/1989,1,11/06/1989,E897359,E897360,E897361,,,,,,,,9.1,10.9,11.3,,,,,,,,Hatching date estimated - Assumption that all ringed young fledged
722,1989,306,NAG,PIEFL,1,7,7,7,40,60,,,,NE,E849054,S,31/05/1989,05/06/1988,2,C990184,S,14/06/1986,23/05/1989,3,09/06/1989,E897204,E897205,E897206,E897207,E897208,E897209,E897210,,,,12.5,12.6,11.7,12,13.1,11.9,12,,,,Hatching date estimated - Assumption that all ringed young fledged
723,1989,310,NAG,PIEFL,1,8,,4,42,63,,,,NE,E897032,I,03/06/1989,03/06/1989,1,E897016,I,23/05/1989,23/05/1989,1,11/06/1989,E897363,E897364,E897365,E897366,,,,,,,13.6,13.2,12,12.3,,,,,,,Hatching date estimated - Assumption that all ringed young fledged
724,1989,311,NAG,PIEFL,1,4,4,4,48,65,,,,NE,E849415,S,06/06/1989,10/06/1988,2,E364423,R,06/06/1987,24/05/1989,2,16/06/1989,E897558,E897559,E897560,E897561,,,,,,,13.9,14,14.4,14.8,,,,,,,Hatching date estimated - Assumption that all ringed young fledged
725,1989,316,NAG,PIEFL,1,6,,5,42,61,,,,NE,E364257,R,03/06/1989,04/06/1987,2,E849540,R,11/06/1988,17/05/1989,1,11/06/1989,E897378,E897379,E897380,E897381,E897382,,,,,,11.8,11.6,11.5,11.6,12.4,,,,,,Hatching date estimated - Assumption that all ringed young fledged
726,1989,335,NAG,PIEFL,1,7,,5,44,64,,,,NE,E364451,S,08/06/1989,07/06/1987,3,E849227,R,07/06/1988,21/05/1989,1,14/06/1989,E897501,E897502,E897503,E897504,E897505,,,,,,13,12.9,10.8,13.1,11.7,,,,,,Hatching date estimated - Assumption that all ringed young fledged
727,1989,337,NAG,PIEFL,1,7,,6,40,60,,,,NE,C990046,S,30/05/1989,09/06/1986,3,E897014,I,21/05/1989,21/05/1989,1,09/06/1989,E897245,E897246,E897247,E897248,E897249,E897250,,,,,12.1,12,13,12,12.4,12.5,,,,,Hatching date estimated - Assumption that all ringed young fledged
728,1989,340,NAG,PIEFL,1,7,6,6,45,65,,,1,NE,E849050,S,06/06/1989,04/06/1988,2,E897012,I,21/05/1989,21/05/1989,1,15/06/1989,E897541,E897542,E897543,E897544,E897545,E897546,,,,,14.5,15.1,14.1,15.3,14.8,14.4,,,,,Hatching date estimated - Assumption that all ringed young fledged
729,1989,344,NAG,PIEFL,1,7,,5,40,60,,,,NE,E897029,I,02/06/1989,02/06/1989,1,E897003,I,20/05/1989,20/05/1989,1,09/06/1989,E897240,E897241,E897242,E897243,E897244,,,,,,12.8,12.3,14.1,14.9,14,,,,,,Hatching date estimated - Assumption that all ringed young fledged
730,1989,347,NAG,PIEFL,1,7,7,7,40,60,,,,NE,E897030,I,03/06/1989,03/06/1989,1,E364343,S,05/06/1987,20/05/1989,2,10/06/1989,E897270,E897271,E897272,E897273,E897274,E897275,E897276,,,,12.7,12.5,12.4,13.5,12.3,12.6,12.8,,,,Hatching date estimated - Assumption that all ringed young fledged
731,1989,361,NAG,PIEFL,1,7,7,7,39,59,,,,NE,C990034,S,29/05/1989,08/06/1986,4,C990161,S,14/06/1986,18/05/1989,3,08/06/1989,E897125,E897126,E897127,E897128,E897129,E897130,E897131,,,,13.8,13,14,13.7,13.4,13.6,14.1,,,,Hatching date estimated - Assumption that all ringed young fledged
732,1989,375,NAG,PIEFL,1,7,7,7,38,58,,,,NE,C616559,S,06/06/1989,16/06/1985,4,C990247,S,15/06/1986,20/05/1989,3,08/06/1989,E897118,E897119,E897120,E897121,E897122,E897123,E897124,,,,13.4,14,13.8,13,13.5,14.1,14,,,,Hatching date estimated - Assumption that all ringed young fledged
733,1989,380,NAG,PIEFL,1,7,7,7,40,60,,,,NE,C990244,S,31/05/1989,15/06/1986,3,E364002,S,12/05/1987,20/05/1989,3,09/06/1989,E897214,E897215,E897216,E897217,E897218,E897219,E897220,,,,12,11.4,12.2,12.1,12.5,7.9,13.2,,,,Hatching date estimated - Assumption that all ringed young fledged
734,1989,403,NAG,PIEFL,1,4,,0,67,,,,,JD,,,,,,E897419,I,11/06/1989,11/06/1989,1,,,,,,,,,,,,,,,,,,,,,,Hatching date estimated - ALL DEAD BY 2/7
735,1989,405,NAG,PIEFL,1,7,7,7,45,65,,,,NE,E364094,S,06/06/1989,31/05/1987,2,C616583,S,16/06/1985,21/05/1989,4,15/06/1989,E897511,E897512,E897513,E897514,E897515,E897516,E897517,,,,13.9,13.5,14,14,14.1,13.6,13.7,,,,Hatching date estimated - Assumption that all ringed young fledged
736,1989,407,NAG,PIEFL,1,7,7,7,46,64,,,,NE,E364209,R,03/06/1989,03/06/1987,2,E364005,S,17/05/1987,27/05/1989,3,11/06/1989,E897405,E897406,E897407,E897408,E897409,E897410,E897411,,,,13.6,13.4,12.8,11.9,12.9,10.3,12.5,,,,Hatching date estimated - Assumption that all ringed young fledged
737,1989,409,NAG,PIEFL,1,7,7,7,43,63,,,,NE,E364175,S,03/06/1989,02/06/1987,2,C990197,R,15/06/1986,20/05/1989,3,11/06/1989,E897412,E897413,E897414,E897415,E897416,E897417,E897418,,,,14.3,13.1,14,13.6,15.5,15,14.4,,,,Hatching date estimated - Assumption that all ringed young fledged
738,1989,410,NAG,PIEFL,1,7,7,7,40,60,,,,NE,E849049,S,03/06/1989,04/06/1988,2,E849005,S,21/05/1988,20/05/1989,2,10/06/1989,E897302,E897303,E897304,E897305,E897306,E897307,E897308,,,,14.7,14.8,14.7,14.5,14.9,16.1,14.8,,,,Hatching date estimated - Assumption that all ringed young fledged
739,1989,416,NAG,PIEFL,1,7,7,7,47,67,,,,NE,E364279,S,06/06/1989,04/06/1987,2,E364171,R,02/06/1987,27/05/1989,2,15/06/1989,E897518,E897519,E897520,E897521,E897522,E897523,E897524,,,,13.9,13.7,14,14,13.6,13.8,14.1,,,,Hatching date estimated - Assumption that all ringed young fledged
740,1989,417,NAG,PIEFL,1,6,4,4,41,60,,,2,NE,E364284,R,03/06/1989,04/06/1987,2,E364061,S,30/05/1987,27/05/1989,3,10/06/1989,E897298,E897299,E897300,E897301,,,,,,,13.6,13.6,14.2,13.1,,,,,,,Hatching date estimated - Assumption that all ringed young fledged
741,1989,421,NAG,PIEFL,1,7,7,7,45,65,,,,NE,E364536,S,06/06/1989,10/06/1987,2,E897013,I,21/05/1989,21/05/1989,1,15/06/1989,E897530,E897531,E897532,E897533,E897534,E897535,E897536,,,,14.2,14.8,14.3,14.9,15.1,15,15.5,,,,Hatching date estimated - Assumption that all ringed young fledged
742,1989,425,NAG,PIEFL,1,6,,5,48,67,,,,NE,,,,,,E364244,S,04/06/1987,25/05/1989,2,15/06/1989,E897525,E897526,E897527,E897528,E897529,,,,,,13.4,13.8,13.2,13.3,13.2,,,,,,Hatching date estimated - Assumption that all ringed young fledged
743,1989,427,NAG,PIEFL,1,6,,5,52,71,,,,NE,C990312,R,11/06/1989,16/06/1986,3,E849664,R,18/06/1988,27/05/1989,1,17/06/1989,E897584,E897585,E897586,E897587,E897588,,,,,,13.8,14.2,13.9,13.9,13.8,,,,,,Hatching date estimated - Assumption that all ringed young fledged
744,1989,428,NAG,PIEFL,1,7,7,7,40,60,,,,NE,E364335,R,03/06/1989,04/06/1987,2,E364092,R,31/05/1987,20/05/1989,2,08/06/1989,E897139,E897140,E897141,E897142,E897143,E897144,E897145,,,,14,14.9,14.3,14.2,14.8,15,14.7,,,,Hatching date estimated - Assumption that all ringed young fledged
745,1989,434,NAG,PIEFL,1,7,7,7,40,60,,,,NE,C990049,S,03/06/1989,09/06/1986,3,E364174,S,02/06/1987,20/05/1989,2,10/06/1989,E897284,E897285,E897286,E897287,E897288,E897289,E897290,,,,13.6,13.6,13.5,13.6,14.3,13.6,14.1,,,,Hatching date estimated - Assumption that all ringed young fledged
746,1989,438,NAG,PIEFL,1,7,7,7,40,60,,,,NE,C990185,R,03/06/1989,14/06/1986,3,E364331,S,04/06/1987,20/05/1989,2,10/06/1989,E897291,E897292,E897293,E897294,E897295,E897296,E897297,,,,13.7,13.9,13.2,13.9,13.4,13.1,14,,,,Hatching date estimated - Assumption that all ringed young fledged
747,1989,440,NAG,PIEFL,1,6,,0,42,,,,,JD,C990036,S,03/06/1989,08/06/1986,4,C990091,S,12/06/1986,21/05/1989,3,,,,,,,,,,,,,,,,,,,,,,Hatching date estimated - ALL DISAPPEARED BY 10/6
748,1989,70A,NAG,PIEFL,1,7,3,2,47,67,,,4,NE,,,,,,C990010,S,25/05/1986,23/05/1989,4,16/06/1989,E897562,E897563,E897564,,,,,,,,11.8,11.4,13.7,,,,,,,,Hatching date estimated - 563 DIED
749,1989,R1,NAG,PIEFL,1,7,,0,40,,,,,JD,E364019,S,30/05/1989,25/05/1987,3,E849101,I,23/05/1989,23/05/1989,1,,,,,,,,,,,,,,,,,,,,,,Hatching date estimated - ALL DEAD BY 10/6
750,1989,R7,NAG,PIEFL,1,6,6,5,46,65,,,1,NE,E849106,R,06/06/1989,06/06/1988,1,E364037,R,30/05/1987,23/05/1989,2,15/06/1989,E897506,E897507,E897508,E897509,E897510,,,,,,14.6,14.7,14.9,15.3,14.8,,,,,,Hatching date estimated - Assumption that all ringed young fledged
751,1990,2,KEN,PIEFL,1,7,,6,40,60,,,,NE,E364378,S,04/06/1990,05/06/1987,3,E897116,R,07/06/1989,20/05/1990,1,10/06/1990,F618431,F618432,F618433,F618434,F618435,F618436,,,,,,,,,,,,,,,Hatching date estimated - Assumption that all ringed young fledged
752,1990,6,KEN,PIEFL,1,7,,3,43,63,,,,NE,,,,,,F618023,I,20/05/1990,20/05/1990,1,10/06/1990,F618426,F618427,F618428,,,,,,,,,,,,,,,,,,Hatching date estimated - Assumption that all ringed young fledged
753,1990,8,KEN,PIEFL,1,8,8,8,38,59,,,,NE,F618113,I,04/06/1990,04/06/1990,1,E897023,S,27/05/1989,20/05/1990,2,04/06/1990,F618114,F618115,F618116,F618117,F618118,F618119,F618120,F618121,,,,,,,,,,,,,Hatching date estimated - Assumption that all ringed young fledged
754,1990,11,KEN,PIEFL,1,7,7,7,25,55,,,,NE,F134530,I,28/05/1990,11/06/1987,3,E849652,R,18/06/1988,20/05/1990,2,04/06/1990,F618106,F618107,F618108,F618109,F618110,F618111,F618112,,,,,,,,,,,,,,Hatching date estimated - Assumption that all ringed young fledged
755,1990,15,KEN,PIEFL,1,7,,6,36,56,,,,NE,F618099,I,04/06/1990,04/06/1990,1,E897025,S,27/05/1989,20/05/1990,2,04/06/1990,F618100,F618101,F618102,F618103,F618104,F618105,,,,,,,,,,,,,,,Hatching date estimated - Assumption that all ringed young fledged
756,1990,17,KEN,PIEFL,1,8,8,8,41,62,,,,NE,E897062,S,04/06/1990,05/06/1989,2,E364066,S,30/05/1987,20/05/1990,4,10/06/1990,F618418,F618419,F618420,F618421,F618422,F618423,F618424,F618425,,,,,,,,,,,,,Hatching date estimated - Assumption that all ringed young fledged
757,1990,20,KEN,PIEFL,1,7,,2,40,60,,,,NE,F618129,I,04/06/1990,04/06/1990,1,E440044,I,01/06/1987,20/05/1990,3,10/06/1990,F618429,F618430,,,,,,,,,,,,,,,,,,,Hatching date estimated - Assumption that all ringed young fledged
758,1990,23,KEN,PIEFL,1,8,8,8,37,58,,,,NE,F618069,I,04/06/1990,04/06/1990,1,F618024,I,20/05/1990,20/05/1990,1,04/06/1990,F618070,F618071,F618072,F618073,F618074,F618075,F618076,F618077,,,,,,,,,,,,,Hatching date estimated - Assumption that all ringed young fledged
759,1990,25,KEN,PIEFL,1,8,8,8,36,57,,,,NE,E849077,R,04/06/1990,06/06/1988,2,E897021,S,27/05/1989,20/05/1990,2,04/06/1990,F618078,F618079,F618080,F618081,F618082,F618083,F618084,F618085,,,,,,,,,,,,,Hatching date estimated - Assumption that all ringed young fledged
760,1990,27,KEN,PIEFL,1,7,7,7,36,56,,,,NE,E849182,R,04/06/1990,07/06/1988,2,E084854,I,07/06/1988,20/05/1990,2,04/06/1990,F618086,F618087,F618088,F618089,F618090,F618091,F618092,,,,,,,,,,,,,,Hatching date estimated - Assumption that all ringed young fledged
761,1990,28,KEN,PIEFL,1,4,,2,64,79,,,,NE,E897190,R,04/06/1990,09/06/1989,1,F618410,I,10/06/1990,10/06/1990,1,28/06/1990,F618521,F618522,,,,,,,,,,,,,,,,,,,Hatching date estimated - Assumption that all ringed young fledged
762,1990,33,KEN,PIEFL,1,7,7,7,42,62,,,,NE,E364256,S,20/05/1990,04/06/1987,3,F134975,I,07/06/1989,20/05/1990,1,10/06/1990,F618411,F618412,F618413,F618414,F618415,F618416,F618417,,,,,,,,,,,,,,Hatching date estimated - Assumption that all ringed young fledged
763,1990,39,KEN,PIEFL,1,7,,6,38,58,,,,NE,E849181,R,28/05/1990,07/06/1988,2,E364396,S,06/06/1987,20/05/1990,3,04/06/1990,F618093,F618094,F618095,F618096,F618097,F618098,,,,,,,,,,,,,,,Hatching date estimated - Assumption that all ringed young fledged
764,1990,43,KEN,PIEFL,1,7,7,7,39,59,,,,NE,E897043,S,04/06/1990,05/06/1989,2,E897020,S,27/05/1989,20/05/1990,2,10/06/1990,F618403,F618404,F618405,F618406,F618407,F618408,F618409,,,,,,,,,,,,,,Hatching date estimated - Assumption that all ringed young fledged
765,1990,46,KEN,REDST,1,8,,,38,59,,,,OU,,,,,,,,,,,,,,,,,,,,,,,,,,,,,,,,Hatching date estimated - Assumption that all ringed young fledged
766,1990,49,KEN,PIEFL,1,7,7,7,36,56,,,,NE,F618047,I,28/05/1990,28/05/1990,1,E447009,S,06/06/1987,20/05/1990,3,04/06/1990,F618122,F618123,F618124,F618125,F618126,F618127,F618128,,,,,,,,,,,,,,Hatching date estimated - Assumption that all ringed young fledged
767,1990,6,LYD,PIEFL,1,,,4,,,,,,NE,,,,,,F618199,I,05/06/1990,05/06/1990,1,14/06/1990,F618482,F618483,F618484,F618485,,,,,,,,,,,,,,,,,Hatching date estimated - Assumption that all ringed young fledged
768,1990,10,LYD,PIEFL,1,,,4,,,,,,NE,E849407,S,05/06/1990,09/06/1988,3,E897080,S,05/06/1989,05/06/1990,2,14/06/1990,F618486,F618487,F618488,F618489,,,,,,,,,,,,,,,,,Hatching date estimated - Assumption that all ringed young fledged
769,1990,14,LYD,PIEFL,1,,,4,,,,,,NE,E897077,S,05/06/1990,05/06/1989,2,E897078,S,05/06/1989,05/06/1990,2,05/06/1990,F618195,F618196,F618197,F618198,,,,,,,,,,,,,,,,,Hatching date estimated - Assumption that all ringed young fledged
770,1990,15,LYD,PIEFL,1,,,6,,,,,,NE,E897358,S,05/06/1990,10/06/1989,2,E849079,S,05/06/1989,05/06/1990,2,05/06/1990,F618189,F618190,F618191,F618192,F618193,F618194,,,,,,,,,,,,,,,Hatching date estimated - Assumption that all ringed young fledged
771,1990,5,NAG,PIEFL,1,7,0,0,37,,,,,ED,,,,,,E849009,S,22/05/1988,13/05/1990,3,,,,,,,,,,,,,,,,,,,,,,DESERTED BY 25/5
772,1990,7,NAG,PIEFL,1,7,,3,38,57,,,,NE,E897064,S,27/05/1990,05/06/1989,2,F618006,I,14/05/1990,14/05/1990,1,06/06/1990,E618200,E618201,E618202,,,,,,,,13.6,14.7,13.2,,,,,,,,Hatching date estimated - Assumption that all ringed young fledged
773,1990,8,NAG,PIEFL,1,7,0,0,43,,,,,EP,,,,,,E897389,R,11/06/1989,18/05/1990,1,,,,,,,,,,,,,,,,,,,,,,PREDATED BY 31/5
774,1990,10,NAG,PIEFL,1,7,7,7,40,59,,,,NE,E897069,R,03/06/1990,05/06/1989,1,F618017,I,18/05/1990,18/05/1990,1,10/06/1990,F618443,F618444,F618445,F618446,F618447,F618448,F618449,,,,14.7,8.1,13.8,14.5,14.2,13.5,14,,,,Hatching date estimated - Assumption that all ringed young fledged
775,1990,13,NAG,PIEFL,1,7,,4,38,57,,,,NE,E364047,S,27/05/1990,30/05/1987,3,E618007,I,,14/05/1990,1,06/06/1990,F618203,F618204,F618205,F618206,,,,,,,12.5,13.1,13,13.1,,,,,,,Hatching date estimated - Assumption that all ringed young fledged
776,1990,16,NAG,PIEFL,1,6,,4,42,60,,,,NE,,,,,,F618019,I,19/05/1990,19/05/1990,1,10/06/1990,F618450,F618451,F618452,F618453,,,,,,,13.8,12.5,11.2,8.2,,,,,,,Hatching date estimated - Assumption that all ringed young fledged
777,1990,20,NAG,PIEFL,1,5,,4,41,59,,,,NE,E849387,S,28/05/1990,09/06/1988,3,E897017,S,24/05/1989,18/05/1990,2,08/06/1990,F618347,F618348,F618349,F618350,,,,,,,14.1,14.5,13.7,14.4,,,,,,,Hatching date estimated - Assumption that all ringed young fledged
778,1990,32,NAG,PIEFL,1,7,,4,38,57,,,,NE,E849503,S,27/05/1990,10/06/1988,2,E849003,S,21/05/1988,14/05/1990,3,06/06/1990,F618221,F618222,F618223,F618224,,,,,,,,,,,,,,,,,Hatching date estimated - Assumption that all ringed young fledged
779,1990,35,NAG,PIEFL,1,6,6,6,37,55,,,,NE,C990046,S,26/05/1990,09/06/1986,4,E364001,S,12/05/1987,14/05/1990,4,06/06/1990,F618231,F618232,F618233,F618234,F618235,F618236,,,,,11.6,12.3,12.2,12.7,12.1,12.8,,,,,Hatching date estimated - Assumption that all ringed young fledged
780,1990,39,NAG,PIEFL,1,8,,4,38,58,,,,NE,E364451,S,27/05/1990,07/06/1987,4,E897016,S,23/05/1989,19/05/1990,2,08/06/1990,F618383,F618384,F618385,F618386,,,,,,,12,11.8,11.8,10.4,,,,,,,Hatching date estimated - Assumption that all ringed young fledged
781,1990,51,NAG,PIEFL,1,7,,3,34,53,,,,NE,E364047,S,26/05/1990,30/05/1987,3,E364172,S,02/06/1987,11/05/1990,3,03/06/1990,F618054,F618055,F618056,,,,,,,,14.4,14.9,14.6,,,,,,,,Hatching date estimated - Assumption that all ringed young fledged
782,1990,56,NAG,PIEFL,1,6,,3,41,59,,,,NE,,,,,,E897361,R,11/06/1989,19/05/1990,1,08/06/1990,F618351,F618352,F618353,,,,,,,,12.3,10.2,11.4,,,,,,,,Hatching date estimated - Assumption that all ringed young fledged
783,1990,64,NAG,PIEFL,1,7,,4,45,64,,,,NE,F618066,I,03/06/1990,03/06/1990,1,F618034,I,26/05/1990,26/05/1990,1,10/06/1990,F618460,F618461,F618462,F618463,F618464,,,,,,13.2,14.6,9.6,14,14,,,,,,Hatching date estimated - 462 DIED
784,1990,65,NAG,PIEFL,1,7,,3,40,59,,,,NE,E897002,S,03/06/1990,20/05/1989,2,F618021,I,19/05/1990,19/05/1990,1,08/06/1990,F618368,F618369,F618370,F618371,,,,,,,12,8.2,11.6,12.2,,,,,,,Hatching date estimated - 369 DIED
785,1990,69,NAG,PIEFL,1,6,,0,48,,,,,JD,E364451,S,16/06/1990,07/06/1987,4,E897240,R,09/06/1989,23/05/1990,1,19/06/1990,F618510,F618511,,,,,,,,,11.5,5.9,,,,,,,,,ALL DIED
786,1990,74,NAG,PIEFL,1,7,7,7,40,59,,,,NE,E897113,R,03/06/1990,07/06/1989,1,E364156,S,02/06/1987,19/05/1990,3,08/06/1990,F618340,F618341,F618342,F618343,F618344,F618345,F618346,,,,12,13.9,13.5,13.5,13.1,13,12.5,,,,Hatching date estimated - Assumption that all ringed young fledged
787,1990,77,NAG,PIEFL,1,9,,0,39,,,,,JD,E849028,S,03/06/1990,01/06/1988,3,C616494,S,16/06/1985,18/05/1990,5,,,,,,,,,,,,,,,,,,,,,,Hatching date estimated - ALL DEAD BY 6/6
788,1990,81,NAG,PIEFL,1,7,,5,40,59,,,,NE,E618045,I,28/05/1990,,1,C990197,S,15/06/1986,18/05/1990,4,08/06/1990,F618354,F618355,F618356,F618357,F618358,,,,,,13,13.7,14.1,13.8,14.4,,,,,,Hatching date estimated - Assumption that all ringed young fledged
789,1990,83,NAG,PIEFL,1,6,,3,42,60,,,,NE,C990177,S,08/06/1990,14/06/1986,4,E897028,S,29/05/1989,19/05/1990,2,08/06/1990,F618372,F618373,F618374,F618375,,,,,,,13.5,11.1,13.3,13.1,,,,,,,Hatching date estimated - 373 DIED
790,1990,85,NAG,PIEFL,1,6,6,6,35,53,,,,NE,C990134,S,26/05/1990,13/06/1986,4,F618002,I,11/05/1990,11/05/1990,1,05/06/1990,F618151,F618152,F618153,F618154,F618155,F618156,,,,,12.8,13.9,12.8,13.4,13,14,,,,,Hatching date estimated - Assumption that all ringed young fledged
791,1990,90,NAG,PIEFL,1,9,,0,37,,,,,JD,E364016,S,31/05/1990,25/05/1987,4,E897009,S,21/05/1989,15/05/1990,2,,,,,,,,,,,,,,,,,,,,,,Hatching date estimated - ALL DEAD BY 4/6
792,1990,92,NAG,PIEFL,1,7,,6,40,59,,,,NE,E897140,R,31/05/1990,08/06/1989,1,F618013,I,17/05/1990,17/05/1990,1,08/06/1990,F618387,F618388,F618389,F618390,F618391,F618392,,,,,10.8,12.3,12.5,11.7,13.6,13.4,,,,,Hatching date estimated - Assumption that all ringed young fledged
793,1990,94,NAG,PIEFL,1,8,,5,40,60,,,,NE,E897268,R,31/05/1990,10/06/1989,1,C990391,S,17/06/1986,17/05/1990,4,08/06/1990,F618393,F618394,F618395,F618396,F618397,,,,,,11,11.9,10.1,12.3,12.4,,,,,,Hatching date estimated - Assumption that all ringed young fledged
794,1990,95,NAG,PIEFL,1,6,,0,46,,,,,JP,F618067,I,03/06/1990,03/06/1990,1,F618029,I,21/05/1990,21/05/1990,1,,,,,,,,,,,,,,,,,,,,,,Hatching date estimated - ALL DISAPPEARED BY 10/6 - PREDATED 
795,1990,97,NAG,PIEFL,1,7,,0,36,,,,,JP,F618030,I,25/05/1990,25/05/1990,1,E849445,S,10/06/1988,15/05/1990,2,,,,,,,,,,,,,,,,,,,,,,Hatching date estimated - ALL DEAD BY 6/6
796,1990,100,NAG,PIEFL,1,7,,0,37,,,,,JD,F618038,I,26/05/1990,26/05/1990,1,E849547,R,11/06/1988,13/05/1990,2,,,,,,,,,,,,,,,,,,,,,,Hatching date estimated - ALL DEAD BY 7/6
797,1990,103,NAG,PIEFL,1,7,,2,38,57,,,,NE,F618044,I,28/05/1990,28/05/1990,1,E364037,S,30/05/1987,17/05/1990,3,07/06/1990,F618295,F618296,,,,,,,,,15,14.5,,,,,,,,,Hatching date estimated - Assumption that all ringed young fledged
798,1990,104,NAG,PIEFL,1,8,,5,38,58,,,,NE,E364056,S,03/06/1990,30/05/1987,3,F618010,I,15/05/1990,15/05/1990,1,08/06/1990,F618398,F618399,F618400,F618401,F618402,,,,,,13.7,13.6,13.6,13.9,13.4,,,,,,Hatching date estimated - Assumption that all ringed young fledged
799,1990,109,NAG,PIEFL,1,6,,0,55,,,,,JD,,,,,,F618052,I,01/06/1990,01/06/1990,1,,,,,,,,,,,,,,,,,,,,,,Hatching date estimated - ALL DEAD BY 16/6
800,1990,115,NAG,PIEFL,1,7,7,7,36,55,,,,NE,E364029,S,26/05/1990,30/05/1987,3,E849224,R,07/06/1988,12/05/1990,2,05/06/1990,F618182,F618183,F618184,F618185,F618186,F618187,F618188,,,,13.5,13.8,13.5,14.2,14.4,14.2,13.5,,,,Hatching date estimated - Assumption that all ringed young fledged
801,1990,121,NAG,PIEFL,1,7,,4,39,58,,,,NE,E849415,S,30/05/1990,10/06/1988,3,E849230,R,07/06/1988,16/05/1990,2,07/06/1990,F618297,F618298,F618299,F618300,,,,,,,13.6,14.6,14.3,13.8,,,,,,,Hatching date estimated - Assumption that all ringed young fledged
802,1990,125,NAG,PIEFL,1,6,,5,52,70,,,,NE,E897064,S,16/06/1990,05/06/1989,2,F618053,I,03/06/1990,03/06/1990,1,19/06/1990,F618502,F618503,F618504,F618505,F618506,,,,,,8.7,9,10.8,8.4,11.2,,,,,,Hatching date estimated - Assumption that all ringed young fledged
803,1990,128,NAG,PIEFL,1,8,8,6,35,55,,,,NE,C616409,S,26/05/1990,15/06/1985,5,E897008,S,20/05/1989,14/05/1990,2,03/06/1990,F618057,F618058,F618059,F618060,F618061,F618062,F618063,F618064,,,12.3,12.1,12.8,11,11.4,12.2,11.7,11.6,,,Hatching date estimated - 057/061 DIED
804,1990,130,NAG,PIEFL,1,8,,3,40,60,,,,NE,E897353,R,03/06/1990,10/06/1989,1,F618020,I,19/05/1990,19/05/1990,1,10/06/1990,F618457,F618458,F618459,,,,,,,,15.6,13.5,15.1,,,,,,,,Hatching date estimated - Assumption that all ringed young fledged
805,1990,131,NAG,PIEFL,1,8,,7,37,57,,,,NE,C990177,S,26/05/1990,14/06/1986,4,E849007,S,22/05/1988,14/05/1990,3,06/06/1990,F618211,F618212,F618213,F618214,F618215,F618216,F618217,,,,13.4,12.6,13.6,11.5,11.5,12.3,13,,,,Hatching date estimated - Assumption that all ringed young fledged
806,1990,132,NAG,PIEFL,1,7,,3,38,57,,,,NE,E364635,R,26/05/1990,19/06/1987,3,F618008,I,14/05/1990,14/05/1990,1,06/06/1990,F618218,F618219,F618220,,,,,,,,12.8,12.1,12.5,11.5,12.5,12.1,11.3,,,,Hatching date estimated - Assumption that all ringed young fledged
807,1990,133,NAG,PIEFL,1,6,,0,45,,,,,JD,,,,,,F618033,I,26/05/1990,26/05/1990,1,,,,,,,,,,,,,,,,,,,,,,Hatching date estimated - ALL DEAD BY 3/6
808,1990,138,NAG,PIEFL,1,8,,2,39,59,,,,NE,F618001,I,01/05/1990,01/05/1990,1,F618011,I,16/05/1990,16/05/1990,1,08/06/1990,F618322,F618323,F618324,,,,,,,,10.2,10.9,10.8,,,,,,,,Hatching date estimated - 2 YOUNG FLEDGED - 1 DEAD AFTER RINGING 324 DIED
809,1990,139,NAG,PIEFL,1,7,,0,41,,,,,JD,E897183,R,05/05/1990,09/06/1989,1,E897419,S,11/06/1989,18/05/1990,2,,,,,,,,,,,,,,,,,,,,,,Hatching date estimated - ALL DEAD BY 10/6
810,1990,143,NAG,PIEFL,1,9,,8,37,58,,,,NE,E849054,S,27/05/1990,05/06/1988,3,E849446,R,10/06/1988,13/05/1990,2,08/06/1990,F618332,F618333,F618334,F618335,F618336,F618337,F618338,F618339,,,12.4,13.5,11.6,13.6,13.2,14.7,13,12.9,,,Hatching date estimated - Assumption that all ringed young fledged
811,1990,152,NAG,PIEFL,1,6,6,6,43,61,,,,NE,E897032,S,04/06/1990,03/06/1989,2,F513157,I,07/06/1989,19/05/1990,1,10/06/1990,F618437,F618438,F618439,F618440,F618441,F618442,,,,,14.5,14,13.6,14.1,14.6,14.7,,,,,Hatching date estimated - Assumption that all ringed young fledged
812,1990,154,NAG,PIEFL,1,7,,0,42,,,,,JD,E364047,S,03/06/1990,30/05/1987,3,E849013,S,24/05/1988,19/05/1990,3,,,,,,,,,,,,,,,,,,,,,,Hatching date estimated - ALL DEAD BY 10/6
813,1990,155,NAG,PIEFL,1,7,,4,38,57,,,,NE,F618039,I,26/05/1990,26/05/1990,1,E849335,R,09/06/1988,14/05/1990,2,06/06/1990,F618207,F618208,F618209,F618210,,,,,,,11.5,12.2,12.8,12.2,,,,,,,Hatching date estimated - Assumption that all ringed young fledged
814,1990,159,NAG,PIEFL,1,7,,5,38,57,,,,NE,C990053,S,27/05/1990,09/06/1986,4,C990060,S,11/06/1986,19/05/1990,4,06/06/1990,F618225,F618226,F618227,F618228,F618229,F618230,,,,,12.4,12.3,10.7,11.8,11.5,13,,,,,Hatching date estimated -228 DIED
815,1990,164,NAG,PIEFL,1,8,,6,39,59,,,,NE,F618046,I,28/05/1990,28/05/1990,1,E897347,R,10/06/1989,18/05/1990,1,08/06/1990,F618325,F618326,F618327,F618328,F618329,F618330,F618331,,,,14,12.8,7.8,13.7,13.2,12.7,14.1,,,,Hatching date estimated - 329 DIED
816,1990,165,NAG,PIEFL,1,7,,3,42,61,,,,NE,E897162,R,04/06/1990,09/06/1989,1,E897011,S,21/05/1989,19/05/1990,2,10/06/1990,F618454,F618455,F618456,,,,,,,,14.9,14,14.9,,,,,,,,Hatching date estimated - Assumption that all ringed young fledged
817,1990,168,NAG,PIEFL,1,5,,4,39,56,,,,NE,E849104,R,03/06/1990,06/06/1988,2,E897018,S,25/05/1989,19/05/1990,2,07/06/1990,F618291,F618292,F618293,F618294,,,,,,,14.8,14.2,15,14.7,,,,,,,Hatching date estimated - Assumption that all ringed young fledged
818,1990,169,NAG,PIEFL,1,7,,2,45,64,,,,NE,C990134,S,08/06/1990,13/06/1986,4,C301631,S,13/06/1984,19/05/1990,5,14/06/1990,F618490,F618491,,,,,,,,,12.2,11.9,,,,,,,,,Hatching date estimated - Assumption that all ringed young fledged
819,1990,175,NAG,PIEFL,1,8,,6,35,54,,,,NE,C990490,S,25/05/1990,23/06/1986,4,E849103,S,14/05/1990,14/05/1990,2,05/06/1990,F618158,F618159,F618160,F618161,F618162,F618163,,,,,12,12.3,12,12.9,11,11.4,,,,,Hatching date estimated - Assumption that all ringed young fledged
820,1990,178,NAG,PIEFL,1,7,,0,39,,,,,JP,E897270,R,03/06/1990,10/06/1989,1,F618015,I,17/05/1990,17/05/1990,1,,,,,,,,,,,,,,,,,,,,,,Hatching date estimated - ALL DEAD BY 8/6
821,1990,179,NAG,PIEFL,1,7,,0,39,,,,,JP,E897599,S,28/05/1990,25/06/1989,2,F618014,I,17/05/1990,17/05/1990,1,,,,,,,,,,,,,,,,,,,,,,Hatching date estimated - ALL DEAD BY 7/6
822,1990,184,NAG,PIEFL,1,8,,0,35,,,,,JP,E849050,S,26/05/1990,04/06/1988,3,F618004,I,13/05/1990,13/05/1990,1,,,,,,,,,,,,,,,,,,,,,,Hatching date estimated - ALL DEAD BY 3/6
823,1990,187,NAG,PIEFL,1,7,,6,42,61,,,,NE,E897599,S,10/06/1990,25/06/1989,2,F618028,I,21/05/1990,21/05/1990,1,10/06/1990,F618476,F618477,F618478,F618479,F618480,F618481,,,,,12.5,13.1,13.2,11.5,13.1,14,,,,,Hatching date estimated - Assumption that all ringed young fledged
824,1990,189,NAG,PIEFL,1,4,,2,40,56,,,,NE,F618051,I,31/05/1990,31/05/1990,1,F618016,I,17/05/1990,17/05/1990,1,07/06/1990,F618282,F618283,,,,,,,,,14.7,13.4,,,,,,,,,Hatching date estimated - Assumption that all ringed young fledged
825,1990,196,NAG,PIEFL,1,8,8,8,34,55,,,,NE,C990054,S,23/05/1990,09/06/1986,4,E849014,S,24/05/1988,11/05/1990,3,05/06/1990,F618137,F618138,F618139,F618140,F618141,F618142,F618143,F618144,,,12.9,13.4,13.9,13.7,10.3,13.7,13.9,13.4,,,Hatching date estimated - Assumption that all ringed young fledged
826,1990,202,NAG,PIEFL,1,6,,0,39,,,,,JD,C990087,S,28/05/1990,11/06/1986,4,C990024,S,01/06/1986,19/05/1990,5,,,,,,,,,,,,,,,,,,,,,,Hatching date estimated - ALL DEAD BY 6/6
827,1990,217,NAG,PIEFL,1,5,,0,60,,,,,JD,,,,,,F618157,I,05/06/1990,05/06/1990,1,,,,,,,,,,,,,,,,,,,,,,Hatching date estimated - ALL DEAD BY 28/6
828,1990,218,NAG,PIEFL,1,7,,0,42,,,,,JD,E849050,S,01/06/1990,04/06/1988,3,E849011,S,23/05/1988,21/05/1990,3,,,,,,,,,,,,,,,,,,,,,,Hatching date estimated - ALL DEAD BY 10/6
829,1990,222,NAG,PIEFL,1,7,7,7,36,55,,,,NE,F618035,I,26/05/1990,26/05/1990,1,E897007,S,20/05/1989,13/05/1990,2,05/06/1990,F618164,F618165,F618166,F618167,F618168,F618169,F618170,,,,12.1,12.7,12.8,12.7,12.4,12.3,12,,,,Hatching date estimated - Assumption that all ringed young fledged
830,1990,227,NAG,PIEFL,1,6,,2,48,66,,,,NE,E364132,R,06/06/1990,02/06/1987,3,F618031,I,25/05/1990,25/05/1990,1,16/06/1990,F618499,F618500,F618501,,,,,,,,13.2,14.3,13.3,,,,,,,,Hatching date estimated - 500 DIED
831,1990,250,NAG,PIEFL,1,7,,3,41,60,,,,NE,E897034,R,03/06/1990,05/06/1989,1,E849227,S,07/06/1988,21/05/1990,2,08/06/1990,F618376,F618377,F618378,F618379,F618380,F618381,,,,,10.4,9,11.3,12,10.3,10.9,,,,,377/379/380 DIED
832,1990,300,NAG,PIEFL,1,7,7,7,37,56,,,,NE,F618043,I,27/05/1990,27/05/1990,1,F618005,I,13/05/1990,13/05/1990,1,05/06/1990,F618130,F618131,F618132,F618133,F618134,F618135,F618136,,,,12.1,10.9,9.2,10.4,11.2,11.5,11.3,,,,Hatching date estimated - Assumption that all ringed young fledged
833,1990,301,NAG,PIEFL,1,7,,6,41,60,,,,NE,E897261,R,03/06/1990,10/06/1989,1,E849331,R,09/06/1988,18/05/1990,2,08/06/1990,F618316,F618317,F618318,F618319,F618320,F618321,,,,,12,11.9,12.3,12.3,12.5,10.1,,,,,Hatching date estimated - Assumption that all ringed young fledged
834,1990,304,NAG,PIEFL,1,7,,6,38,57,,,,NE,E364096,S,27/05/1990,31/05/1987,3,F618012,I,16/05/1990,16/05/1990,1,06/06/1990,F618248,F618249,F618250,F618251,F618252,F618253,,,,,14.1,14.2,14.1,13.4,13.8,12.9,,,,,Hatching date estimated - Assumption that all ringed young fledged
835,1990,310,NAG,PIEFL,1,7,,6,35,55,,,,NE,F618037,I,26/05/1990,26/05/1990,1,E849129,S,06/06/1988,05/05/1990,2,05/06/1990,F618145,F618146,F618147,F618148,F618149,F618150,,,,,12.6,13.6,13.3,12.9,12.5,13.5,,,,,Hatching date estimated - Assumption that all ringed young fledged
836,1990,311,NAG,PIEFL,1,6,,0,51,,,,,JD,E897539,R,16/06/1990,15/06/1989,1,E897134,R,08/06/1989,26/05/1990,1,19/06/1990,F618507,F618508,F618509,,,,,,,,8.6,9.4,13.6,,,,,,,,ALL DIED
837,1990,319,NAG,PIEFL,1,8,,0,39,,,,,JD,F618048,I,30/05/1990,30/05/1990,1,E364002,S,12/05/1987,16/05/1990,4,,,,,,,,,,,,,,,,,,,,,,Hatching date estimated - ALL DEAD BY 6/6
838,1990,322,NAG,PIEFL,1,7,,0,39,,,,,JD,F618040,I,26/05/1990,26/05/1990,1,E897444,R,11/06/1989,19/05/1990,1,,,,,,,,,,,,,,,,,,,,,,Hatching date estimated - ALL DEAD BY 6/6
839,1990,324,NAG,PIEFL,1,7,,4,41,60,,,,NE,E849645,R,30/05/1990,15/06/1988,2,E364013,S,22/05/1987,19/05/1990,4,08/06/1990,F618364,F618365,F618366,F618367,,,,,,,13.6,11,13.5,11.8,,,,,,,Hatching date estimated - Assumption that all ringed young fledged
840,1990,328,NAG,PIEFL,1,7,,2,41,60,,,,NE,F618065,I,03/06/1990,03/06/1990,1,E849125,R,06/06/1988,18/05/1990,2,08/06/1990,F618362,F618363,,,,,,,,,15.2,14.7,,,,,,,,,Hatching date estimated - Assumption that all ringed young fledged
841,1990,329,NAG,PIEFL,1,7,,1,39,58,,,,NE,E364448,S,30/05/1990,07/06/1987,3,E366727,I,30/05/1987,16/05/1990,3,08/06/1990,F618359,,,,,,,,,,12.6,13.1,11.1,,,,,,,,Hatching date estimated - Assumption that all ringed young fledged
842,1990,331,NAG,PIEFL,1,7,,3,38,57,,,,NE,E849253,S,27/05/1990,07/06/1988,2,E849217,S,07/06/1988,18/05/1990,2,06/06/1990,F618245,F618246,F618247,,,,,,,,14,14.8,13.2,,,,,,,,Hatching date estimated - Assumption that all ringed young fledged
843,1990,333,NAG,PIEFL,1,7,,1,39,58,,,,NE,F618042,I,27/05/1990,27/05/1990,1,E849338,R,09/06/1988,15/05/1990,2,08/06/1990,F618382,,,,,,,,,,11.4,,,,,,,,,,Hatching date estimated - Assumption that all ringed young fledged
844,1990,334,NAG,PIEFL,1,9,,0,39,,,,,JD,,,,,,F618009,I,15/05/1990,15/05/1990,1,,,,,,,,,,,,,,,,,,,,,,Hatching date estimated - ALL DEAD BY 7/6
845,1990,335,NAG,PIEFL,1,6,,0,54,,,,,JD,F618498,I,16/06/1990,16/06/1990,1,C990427,S,19/06/1986,31/05/1990,4,19/06/1990,F618512,F618513,F618514,F618515,,,,,,,12.5,10.3,13.1,12,,,,,,,ALL DIED
846,1990,343,NAG,PIEFL,1,4,4,4,65,82,,,,NE,C616559,S,24/06/1990,16/06/1985,5,E849599,S,11/06/1988,08/06/1990,2,03/07/1990,F618523,F618524,F618525,F618526,,,,,,,13.8,14.5,14.5,13.7,,,,,,,Hatching date estimated - Assumption that all ringed young fledged
847,1990,344,NAG,PIEFL,1,8,,7,38,58,,,,NE,F618049,I,31/05/1990,31/05/1990,1,E897003,S,20/05/1989,17/05/1990,2,07/06/1990,F618284,F618285,F618286,F618287,F618288,F618289,F618290,,,,12.6,12.1,12.8,11.9,12.2,11.8,12.6,,,,Hatching date estimated - Assumption that all ringed young fledged
848,1990,359,NAG,PIEFL,1,7,,4,41,60,,,,NE,E897313,R,31/05/1990,10/06/1989,1,E897119,R,08/06/1989,17/05/1990,1,10/06/1990,F618465,F618466,F618467,F618468,F618469,,,,,,14.4,7.6,14.6,14.7,14.2,,,,,,Hatching date estimated - 466 DIED
849,1990,402,NAG,PIEFL,1,7,,6,41,60,,,,NE,E364536,S,31/05/1990,10/06/1987,3,F618022,I,19/05/1990,19/05/1990,1,07/06/1990,F618275,F618276,F618277,F618278,F618279,F618280,,,,,14.5,13.8,13.5,13.5,13,13.2,,,,,Hatching date estimated - Assumption that all ringed young fledged
850,1990,404,NAG,PIEFL,1,8,8,8,37,57,,,,NE,E364175,S,27/05/1990,02/06/1987,3,E364331,S,04/06/1987,13/05/1990,3,06/06/1990,F618237,F618238,F618239,F618240,F618241,F618242,F618243,F618244,,,13.1,13.1,13.8,14.5,13.7,14.8,14.4,14,,,Hatching date estimated - Assumption that all ringed young fledged
851,1990,407,NAG,PIEFL,1,7,7,7,41,60,,,,NE,F618050,I,31/05/1990,31/05/1990,1,F618026,I,21/05/1990,21/05/1990,1,07/06/1990,F618268,F618269,F618270,F618271,F618272,F618273,F618274,,,,13.5,13.5,13.7,13.9,13.1,13.1,13.5,,,,Hatching date estimated - Assumption that all ringed young fledged
852,1990,408,NAG,PIEFL,1,3,3,3,42,58,,,,NE,,,,,,E897068,R,05/06/1989,16/06/1990,1,10/07/1990,F618527,F618528,F618529,,,,,,,,13.6,12.8,14.7,,,,,,,,Hatching date estimated - Assumption that all ringed young fledged
853,1990,411,NAG,PIEFL,1,5,,0,65,,,,,JD,E849050,S,04/06/1990,04/06/1988,3,F618004,S,13/05/1990,10/06/1990,1,,,,,,,,,,,,,,,,,,,,,,DESERTED BY 24/6
854,1990,413,NAG,PIEFL,1,6,6,5,37,55,,,,NE,F618036,I,26/05/1990,26/05/1990,1,F618003,I,13/05/1990,13/05/1990,1,05/06/1990,F618171,F618172,F618173,F618174,F618175,F618176,,,,,12.2,10.9,11.7,13,12.2,13,,,,,Hatching date estimated - 174 DIED
855,1990,415,NAG,PIEFL,1,6,,2,53,70,,,,NE,E849374,R,10/06/1990,09/06/1988,2,E897013,S,21/05/1989,28/05/1990,2,19/06/1990,F618516,F618517,F618518,F618519,F618520,,,,,,14.4,13,9.8,13.6,13.1,,,,,,Hatching date estimated - 517/518/519 DIED
856,1990,416,NAG,PIEFL,1,8,0,0,40,,,,,ED,E849374,S,04/06/1990,09/06/1988,2,E897013,S,21/05/1989,17/05/1990,2,,,,,,,,,,,,,,,,,,,,,,DESERTED BY 23/5
857,1990,425,NAG,PIEFL,1,6,,0,50,,,,,JD,,,,,,E897050,R,05/06/1989,27/05/1990,1,,,,,,,,,,,,,,,,,,,,,,Hatching date estimated - ALL DEAD BY 16/6
858,1990,426,NAG,PIEFL,1,7,7,7,39,58,,,,NE,F618041,I,26/05/1990,26/05/1990,1,E364005,S,17/05/1987,17/05/1990,4,07/06/1990,F618254,F618255,F618256,F618257,F618258,F618259,F618260,,,,14.1,14.1,14.7,14.2,14.4,13.8,14.5,,,,Hatching date estimated - Assumption that all ringed young fledged
859,1990,428,NAG,PIEFL,1,7,7,7,39,58,,,,NE,C990034,S,31/05/1990,08/06/1986,5,E364244,S,04/06/1987,17/05/1990,3,07/06/1990,F618261,F618262,F618263,F618264,F618265,F618266,F618267,,,,14,13,14.9,13.8,14.2,14.1,14,,,,Hatching date estimated - Assumption that all ringed young fledged
860,1990,434,NAG,PIEFL,1,7,,5,36,55,,,,NE,E849106,S,26/05/1990,06/06/1988,2,E364174,S,02/06/1987,13/05/1990,3,05/06/1990,F618177,F618178,F618179,F618180,F618181,,,,,,14.3,14,14,13.6,14.1,,,,,,Hatching date estimated - Assumption that all ringed young fledged
861,1990,437,NAG,PIEFL,1,6,6,6,46,64,,,,NE,E849651,R,04/06/1990,18/06/1988,2,F618027,I,21/05/1990,21/05/1990,1,14/06/1990,F618492,F618493,F618494,F618495,F618496,F618497,,,,,13.6,13.6,12.6,13.4,13.5,13.5,,,,,Hatching date estimated - Assumption that all ringed young fledged
862,1990,438,NAG,PIEFL,1,6,,1,42,60,,,,NE,E897529,R,01/06/1990,15/06/1989,1,E897065,R,05/06/1989,17/05/1990,1,07/06/1990,F618281,,,,,,,,,,15.2,,,,,,,,,,Hatching date estimated - Assumption that all ringed young fledged
863,1990,R1,NAG,PIEFL,1,7,,6,44,63,,,,NE,F618068,I,03/06/1990,03/06/1990,1,E897005,S,20/05/1989,19/05/1990,2,10/06/1990,F618470,F618471,F618472,F618473,F618474,F618475,,,,,13.2,14.5,14.4,14,14.1,13.1,,,,,Hatching date estimated - Assumption that all ringed young fledged
864,1990,R8,NAG,PIEFL,1,7,,0,42,,,,,JD,E897298,R,01/06/1990,10/06/1989,1,F618025,I,21/05/1990,21/05/1990,1,,,,,,,,,,,,,,,,,,,,,,Hatching date estimated - ALL DEAD BY 7/6
865,1990,X350,NAG,PIEFL,1,8,8,8,39,59,,,,NE,F618309,I,08/06/1990,08/06/1990,1,F618032,I,25/05/1990,25/05/1990,1,08/06/1990,F618301,F618302,F618303,F618304,F618305,F618306,F618307,F618308,,,14.4,13.7,14,13.5,13.9,13.6,12.2,14.3,,,Hatching date estimated - Assumption that all ringed young fledged
866,1990,X356,NAG,PIEFL,1,7,,6,40,59,,,,NE,F618037,S,10/06/1990,26/05/1990,1,F618018,I,19/05/1990,19/05/1990,1,08/06/1990,F618310,F618311,F618312,F618313,F618314,F618315,,,,,14.9,14,12.4,14.2,14,15.4,,,,,Hatching date estimated - Assumption that all ringed young fledged
867,1991,7,KEN ,PIEFL,1,8,8,8,41,62,,,,NE,E897190,S,03/06/1991,09/06/1989,2,F618023,S,20/05/1990,26/05/1991,2,08/06/1991,H234107,H234108,H234109,H234110,H234111,H234112,H234113,H234114,,,,,,,,,,,,,Hatching date estimated - Assumption that all ringed young fledged TWO CHICKS TRANSFERRED TO BOX 18 RING NOS H234109 AND H234112
868,1991,10,KEN ,PIEFL,1,6,6,6,53,72,,,,NE,E897385,R,15/06/1991,11/06/1989,2,E897559,R,16/06/1989,03/06/1991,2,19/06/1991,H234418,H234419,H234420,H234421,H234422,H234423,,,,,,,,,,,,,,,Hatching date estimated - Assumption that all ringed young fledged
869,1991,11,KEN ,PIEFL,1,8,7,7,42,63,,,1,NE,F134530,S,03/06/1991,11/06/1987,4,E849652,S,18/06/1988,26/05/1991,3,08/06/1991,H234115,H234116,H234117,H234118,H234119,H234120,H234121,,,,,,,,,,,,,,Hatching date estimated - Assumption that all ringed young fledged
870,1991,18,KEN ,PIEFL,1,6,,2,46,65,,,2,NE,E897154,R,08/06/1991,09/06/1989,2,E897025,S,27/05/1989,26/05/1991,3,,,,,,,,,,,,,,,,,,,,,,Hatching date estimated - ON 8/6 1 DEAD YOUNG AMD 2 ADDLED EGGS . 2 YOUNG TRANSFERRED FROM BOX 7 H234109 AND H234112 
871,1991,20,KEN ,PIEFL,1,7,,0,42,,,,,JP,E897473,R,03/06/1991,14/06/1989,2,E849079,S,05/06/1989,26/05/1991,3,,,,,,,,,,,,,,,,,,,,,,Hatching date estimated - NEST EMPTY ON 8/6
872,1991,27,KEN ,PIEFL,1,8,8,8,39,62,,,,NE,E364132,S,03/06/1991,02/06/1987,4,E897021,S,27/05/1989,26/05/1991,3,08/06/1991,H234129,H234130,H234131,H234132,H234133,H234134,H234135,H234136,,,,,,,,,,,,,Hatching date estimated - Assumption that all ringed young fledged
873,1991,33,KEN ,PIEFL,1,7,7,7,42,62,,,,NE,H234026,I,03/05/1991,03/05/1991,1,F134975,S,07/06/1989,26/05/1991,2,08/06/1991,H234137,H234138,H234139,H234140,H234141,H234142,H234143,,,,,,,,,,,,,,Hatching date estimated - Assumption that all ringed young fledged
874,1991,38,KEN ,PIEFL,1,8,8,8,44,65,,,,NE,H234027,I,03/05/1991,03/05/1991,1,E364396,S,06/06/1987,26/05/1991,4,15/06/1991,H234302,H234303,H234304,H234305,H234306,H234307,H234308,H234309,,,,,,,,,,,,,Hatching date estimated - Assumption that all ringed young fledged
875,1991,40,KEN ,PIEFL,1,7,7,7,42,62,,,,NE,E849182,S,03/06/1991,07/06/1988,3,E447009,S,06/06/1987,26/05/1991,4,08/06/1991,H234122,H234123,H234124,H234125,H234126,H234127,H234128,,,,,,,,,,,,,,Hatching date estimated - Assumption that all ringed young fledged
876,1991,44,KEN ,PIEFL,1,7,,4,47,67,,,2,NE,H234025,I,03/05/1991,03/05/1991,1,C990023,S,01/06/1986,26/05/1991,6,15/06/1991,H234310,H234311,H234312,H234313,,,,,,,,,,,,,,,,,Hatching date estimated - Assumption that all ringed young fledged
877,1991,1,LYD,PIEFL,1,6,6,6,,,,,,NE,E849407,S,16/06/1991,09/06/1988,4,H234012,I,28/05/1991,28/05/1991,1,16/06/1991,H234361,H234362,H234363,H234364,H234365,H234366,,,,,,,,,,,,,,,Assumption that all ringed young fledged
878,1991,6,LYD,PIEFL,1,7,7,7,,,,,,NE,H234293,I,14/06/1991,14/06/1991,1,H234011,I,28/05/1991,28/05/1991,1,14/06/1991,H234294,H234295,H234296,H234297,H234298,H234299,H234300,,,,,,,,,,,,,,Assumption that all ringed young fledged
879,1991,10,LYD,PIEFL,1,6,,5,57,,,,,NE,E897077,S,14/06/1991,05/06/1989,3,H234360,I,16/06/1991,16/06/1991,1,23/06/1991,H234471,H234472,H234473,H234474,H234475,,,,,,,,,,,,,,,,Assumption that all ringed young fledged
880,1991,12,LYD,PIEFL,1,7,,0,,,,,,OU,,,,,,F134710,I,12/05/1990,28/05/1991,1,,,,,,,,,,,,,,,,,,,,,,ALL YOUNG GONE BY 14/6
881,1991,15,LYD,PIEFL,1,7,,6,42,62,,,,NE,H234286,I,14/06/1991,14/06/1991,1,E897078,S,05/06/1989,28/05/1991,3,14/06/1991,H234287,H234288,H234289,H234290,H234291,H234292,,,,,,,,,,,,,,,Hatching date estimated - Assumption that all ringed young fledged
882,1991,,LYD,PIEFL,1,7,7,7,,,,,,NE,F950192,I,16/06/1991,06/06/1990,1,H234301,I,14/06/1991,14/06/1991,1,16/06/1991,H234353,H234354,H234355,H234356,H234357,H234358,H234359,,,,,,,,,,,,,,Assumption that all ringed young fledged
883,1991,6,NAG,PIEFL,1,7,,4,54,74,,,,NE,,,,,,F618013,S,17/05/1990,30/05/1991,2,21/06/1991,H234458,H234459,H234460,H234461,H234462,H234463,,,,,13.1,12.2,12.6,12.8,14,9.5,,,,,Hatching date estimated - 459/463 DIED
884,1991,10,NAG,PIEFL,1,8,6,6,44,65,,,2,NE,E849354,R,04/06/1991,09/06/1988,3,F618017,S,18/05/1990,23/05/1991,2,12/06/1991,H234232,H234233,H234234,H234235,H234236,H234237,,,,,13.7,14.8,14.5,13.4,11.8,14,,,,,Hatching date estimated - Assumption that all ringed young fledged
885,1991,13,NAG,PIEFL,1,7,7,7,51,71,,,,NE,F618243,R,09/06/1991,06/06/1990,1,F618204,R,06/06/1990,30/05/1991,1,19/06/1991,H234429,H234430,H234431,H234432,H234433,H234434,H234435,,,,15.6,15.2,15,16.4,15.5,14.1,15.6,,,,Hatching date estimated - Assumption that all ringed young fledged
886,1991,20,NAG,PIEFL,1,7,7,7,54,74,,,,NE,H234315,I,15/06/1991,15/06/1991,1,F950151,I,02/06/1990,01/06/1991,1,21/06/1991,H234464,H234465,H234466,H234467,H234468,H234469,H234470,,,,14.2,12.6,14,14.4,13.9,14.3,13.9,,,,Hatching date estimated - Assumption that all ringed young fledged
887,1991,31,NAG,PIEFL,1,5,,0,73,,,,,JD,,,,,,E849599,S,11/06/1988,21/06/1991,3,,,,,,,,,,,,,,,,,,,,,,DESERTED BY 6/7
888,1991,32,NAG,PIEFL,1,8,8,8,40,61,,,,NE,H234018,I,01/06/1991,01/06/1991,1,E849223,R,07/06/1988,17/05/1991,3,07/06/1991,H234084,H234085,H234086,H234087,H234088,H234089,H234090,H234091,,,14,14.5,14.8,14.3,13.5,15,14.9,15.2,,,Hatching date estimated - Assumption that all ringed young fledged
889,1991,34,NAG,PIEFL,1,4,,0,67,,,,,JP,H234482,I,23/06/1991,23/06/1991,1,F618526,R,03/07/1990,16/06/1991,1,,,,,,,,,,,,,,,,,,,,,,Hatching date estimated - ALL YOUNG PREDATED BY 27/6
890,1991,44,NAG,PIEFL,1,8,8,8,39,60,,,,NE,E897261,S,31/05/1991,10/06/1989,2,E849335,S,09/06/1988,16/05/1991,3,07/06/1991,H234047,H234048,H234049,H234050,H234051,H234052,H234053,H234054,,,14.3,15,14.2,13.6,16.2,14.3,14.5,15.4,,,Hatching date estimated - Assumption that all ringed young fledged
891,1991,55,NAG,PIEFL,1,7,7,7,36,56,,,,NE,E897113,S,25/05/1991,07/06/1989,2,E849129,S,06/06/1988,11/05/1991,3,04/06/1991,H234028,H234029,H234030,H234031,H234032,H234033,H234034,,,,14.8,14.3,14.6,13.9,14.2,14,13.6,,,,Hatching date estimated - Assumption that all ringed young fledged
892,1991,59,NAG,PIEFL,1,5,5,5,58,76,,,,NE,F618143,R,15/06/1991,05/06/1990,1,H234017,I,01/06/1991,01/06/1991,1,24/06/1991,H234488,H234489,H234490,H234491,H234492,,,,,,,,,,,,,,,,Hatching date estimated - Assumption that all ringed young fledged
893,1991,62,NAG,PIEFL,1,5,,4,72,90,,,,NE,F618205,R,28/06/1991,06/06/1990,1,E849007,S,22/05/1988,17/06/1991,4,06/07/1991,H234528,H234529,H234530,H234531,,,,,,,13.5,12.8,12.3,13.3,,,,,,,Hatching date estimated - Assumption that all ringed young fledged
894,1991,67,NAG,PIEFL,1,4,,0,64,,,,,JP,H234457,I,20/06/1991,20/06/1991,1,H234037,I,05/06/1991,05/06/1991,1,,,,,,,,,,,,,,,,,,,,,,Hatching date estimated - ALL YOUNG PREDATED BY 27/6
895,1991,69,NAG,PIEFL,1,7,,1,51,71,,,,NE,F618042,S,09/06/1991,27/05/1990,2,H234009,I,25/05/1991,25/05/1991,1,19/06/1991,H234436,H234437,,,,,,,,,14.7,12.6,,,,,,,,,Hatching date estimated - 437 DIED
896,1991,77,NAG,PIEFL,1,7,,4,56,76,,,,NE,E849645,S,15/06/1991,15/06/1988,3,E508415,I,12/06/1988,29/05/1991,4,24/06/1991,H234498,H234499,H234500,H234501,,,,,,,,,,,,,,,,,Hatching date estimated - Assumption that all ringed young fledged
897,1991,83,NAG,PIEFL,1,9,,0,40,,,,,JD,E849503,S,01/06/1991,10/06/1988,3,E849007,S,22/05/1988,17/05/1991,4,,,,,,,,,,,,,,,,,,,,,,Hatching date estimated - ALL YOUNG DEAD BY 7/6
898,1991,84,NAG,PIEFL,1,7,7,6,43,63,,,,NE,C990490,S,01/06/1991,23/06/1986,5,C990060,S,11/06/1986,20/05/1991,5,10/06/1991,H234217,H234218,H234219,H234220,H234221,H234222,H234223,,,,14.5,13.6,14.5,14.3,9.4,14.3,14.4,,,,Hatching date estimated - 221 DIED
899,1991,86,NAG,PIEFL,1,7,,0,46,,,,,JD,,,,,,E364156,S,02/06/1987,25/05/1991,4,,,,,,,,,,,,,,,,,,,,,,Hatching date estimated - ALL YOUNG DEAD BY 6/6
900,1991,89,NAG,PIEFL,1,7,,0,47,,,,,JD,F618065,S,06/06/1991,03/06/1990,2,F618396,R,08/06/1990,25/05/1991,1,,,,,,,,,,,,,,,,,,,,,,Hatching date estimated - ALL YOUNG DEAD BY 14/6
901,1991,92,NAG,PIEFL,1,8,,6,51,72,,,1,NE,H234176,I,10/06/1991,10/06/1991,1,H234013,I,30/05/1991,30/05/1991,1,19/06/1991,H234444,H234445,H234446,H234447,H234448,H234449,,,,,15.3,14,15.5,14.6,15.7,14.1,,,,,Hatching date estimated - Assumption that all ringed young fledged
902,1991,99,NAG,PIEFL,1,7,0,0,52,,,,,ED,,,,,,F618526,S,03/07/1990,30/05/1991,1,,,,,,,,,,,,,,,,,,,,,,Hatching date estimated
903,1991,105,NAG,PIEFL,1,8,8,8,42,63,,,,NE,E364056,S,01/06/1991,30/05/1987,4,E849376,R,09/06/1988,18/05/1991,3,10/06/1991,H234177,H234178,H234179,H234180,H234181,H234182,H234183,H234184,,,14.5,14.1,14,14.5,14.2,13.7,14.8,13.9,,,Hatching date estimated - Assumption that all ringed young fledged
904,1991,106,NAG,PIEFL,1,7,,6,50,70,,,,NE,H234167,I,09/06/1991,09/06/1991,1,F618027,S,21/05/1990,30/05/1991,2,17/06/1991,H234405,H234406,H234407,H234408,H234409,H234410,,,,,15.1,14.8,13.6,14.8,13.5,14.3,,,,,Hatching date estimated - Assumption that all ringed young fledged
905,1991,107,NAG,PIEFL,1,7,7,7,46,66,,,,NE,F618068,S,05/06/1991,03/06/1990,2,E849003,S,21/05/1988,22/05/1991,4,13/06/1991,H234272,H234273,H234274,H234275,H234276,H234277,H234278,,,,15.8,16.4,15.8,15.2,15.3,15.3,16.4,,,,Hatching date estimated - Assumption that all ringed young fledged
906,1991,115,NAG,PIEFL,1,5,,4,70,88,,,,NE,H234517,I,30/06/1991,30/06/1991,1,H234352,I,15/06/1991,15/06/1991,1,06/07/1991,H234532,H234533,H234534,H234535,,,,,,,13.7,14.5,14,13.8,,,,,,,Hatching date estimated - Assumption that all ringed young fledged
907,1991,120,NAG,PIEFL,1,7,,6,57,77,,,,NE,H234380,I,17/06/1991,17/06/1991,1,E897008,S,20/05/1989,04/06/1991,3,23/06/1991,H234476,H234477,H234478,H234479,H234480,H234481,,,,,13.8,11.7,14.5,13,14.7,13.1,,,,,Hatching date estimated - Assumption that all ringed young fledged
908,1991,121,NAG,PIEFL,1,8,,7,39,60,,,,NE,H234014,I,30/05/1991,30/05/1991,1,E849217,S,07/06/1988,16/05/1991,3,07/06/1991,H234100,H234101,H234102,H234103,H234104,H234105,H234106,,,,15.6,14.8,14.7,13.3,15.1,15.1,14.2,,,,Hatching date estimated - Assumption that all ringed young fledged
909,1991,125,NAG,PIEFL,1,7,7,7,53,73,,,,NE,E849354,S,20/06/1991,09/06/1988,3,H234015,I,30/05/1991,30/05/1991,1,20/06/1991,H234450,H234451,H234452,H234453,H234454,H234455,H234456,,,,14.5,15,12.3,14.4,14.6,14.3,13.7,,,,Hatching date estimated - Assumption that all ringed young fledged
910,1991,128,NAG,PIEFL,1,6,5,5,58,77,,,1,NE,F618355,R,06/06/1991,08/06/1990,1,E364172,S,02/06/1987,06/06/1991,4,24/06/1991,H234483,H234484,H234485,H234486,H234487,,,,,,,,,,,,,,,,Hatching date estimated - Assumption that all ringed young fledged
911,1991,132,NAG,PIEFL,1,7,,6,63,83,,,,NE,F618187,R,21/06/1991,05/06/1990,1,C990427,S,19/06/1986,07/06/1991,5,30/06/1991,H234518,H234519,H234520,H234521,H234522,H234523,,,,,14.4,14,13,13.7,13.8,12.9,,,,,Hatching date estimated - Assumption that all ringed young fledged
912,1991,137,NAG,PIEFL,1,9,,8,41,63,,,,NE,F618001,S,01/06/1991,01/05/1990,2,H234001,I,18/05/1991,18/05/1991,1,10/06/1991,H234224,H234225,H234226,H234227,H234228,H234229,H234230,H234231,,,13,14.1,13.9,14.1,16.2,15.4,13.8,13.6,,,Hatching date estimated - Assumption that all ringed young fledged
913,1991,141,NAG,PIEFL,1,2,,0,42,,,,,JD,E849181,S,30/06/1991,07/06/1988,3,E364156,S,02/06/1987,17/06/1991,4,,,,,,,,,,,,,,,,,,,,,,Hatching date estimated - ALL YOUG DEAD BY 6/7
914,1991,146,NAG,PIEFL,1,8,,6,40,64,,,1,NE,F618037,S,07/06/1991,26/05/1990,2,E971049,I,06/06/1988,20/05/1991,3,12/06/1991,H234238,H234239,H234240,H234241,H234242,H234243,,,,,16.1,15.7,13.9,13.9,15.6,12.7,,,,,Hatching date estimated - Assumption that all ringed young fledged
915,1991,147,NAG,PIEFL,1,6,5,5,53,72,,,1,NE,F618155,R,12/06/1991,05/06/1990,1,E849013,S,24/05/1988,31/05/1991,4,19/06/1991,H234424,H234425,H234426,H234427,H234428,,,,,,15,15.1,15.2,13.5,15.7,,,,,,Hatching date estimated - Assumption that all ringed young fledged
916,1991,151,NAG,PIEFL,1,8,8,8,39,60,,,,NE,F618066,S,31/05/1991,03/06/1990,2,F618005,S,13/05/1990,16/05/1991,2,07/06/1991,H234055,H234056,H234057,H234058,H234059,H234060,H234061,H234062,,,13.4,14.5,13,13.4,13.5,13.2,13.6,13.9,,,Hatching date estimated - Assumption that all ringed young fledged
917,1991,155,NAG,PIEFL,1,7,7,7,50,70,,,,NE,E897113,S,17/06/1991,07/06/1989,2,F618034,S,26/05/1990,25/05/1991,2,17/06/1991,H234388,H234389,H234390,H234391,H234392,H234393,H234394,,,,13.4,14.7,15.2,15.3,14.2,14.9,15.3,,,,Hatching date estimated - Assumption that all ringed young fledged
918,1991,163,NAG,PIEFL,1,7,7,7,40,60,,,,NE,E897298,S,29/05/1991,10/06/1989,2,E897018,S,25/05/1989,16/05/1991,3,07/06/1991,H234069,H234070,H234071,H234072,H234073,H234074,H234075,,,,13.1,13.8,14,13.2,13,14.1,12.5,,,,Hatching date estimated - Assumption that all ringed young fledged
919,1991,166,NAG,PIEFL,1,6,,5,57,76,,,,NE,H234314,I,15/06/1991,15/06/1991,1,H234016,I,01/06/1991,01/06/1991,1,24/06/1991,H234493,H234494,H234495,H234496,H234497,,,,,,,,,,,,,,,,Hatching date estimated - Assumption that all ringed young fledged
920,1991,171,NAG,PIEFL,2,4,2,2,75,93,,,2,NE,F618065,S,06/07/1991,03/06/1990,2,F618396,S,08/06/1990,23/06/1991,1,12/07/1991,H234539,H234540,,,,,,,,,12.7,13.9,,,,,,,,,Hatching date estimated - Assumption that all ringed young fledged
921,1991,175,NAG,PIEFL,1,8,8,8,42,63,,,,NE,H234023,I,01/06/1991,01/06/1991,1,H234005,I,20/05/1991,20/05/1991,1,10/06/1991,H234168,H234169,H234170,H234171,H234172,H234173,H234174,H234175,,,14.9,13.2,14.8,13.3,14.4,13.6,13.6,13.1,,,Hatching date estimated - Assumption that all ringed young fledged
922,1991,179,NAG,PIEFL,1,7,7,7,46,66,,,,NE,E897288,R,04/06/1991,10/06/1989,2,E897137,R,08/06/1989,22/05/1991,2,15/06/1991,H234326,H234327,H234328,H234329,H234330,H234331,H234332,,,,14.2,14,14.6,14.5,14.6,13.8,14.2,,,,Hatching date estimated - Assumption that all ringed young fledged
923,1991,199,NAG,PIEFL,1,7,7,7,43,63,,,,NE,F618044,S,04/06/1991,28/05/1990,2,H234006,I,21/05/1991,21/05/1991,1,10/06/1991,H234189,H234190,H234191,H234192,H234193,H234194,H234195,,,,15.6,14.4,16.3,15.1,15,15.6,14.8,,,,Hatching date estimated - Assumption that all ringed young fledged
924,1991,200,NAG,PIEFL,1,8,4,4,42,63,,,3,NE,H234022,I,01/06/1991,01/06/1991,1,E849224,S,07/06/1988,21/05/1991,3,10/06/1991,H234185,H234186,H234187,H234188,,,,,,,15.2,15,14.2,14.3,,,,,,,Hatching date estimated - Assumption that all ringed young fledged
925,1991,202,NAG,PIEFL,1,6,6,6,41,60,,,,NE,E897397,R,31/05/1991,11/06/1989,2,C990103,R,12/06/1986,18/05/1991,5,07/06/1991,H234063,H234064,H234065,H234066,H234067,H234068,,,,,14.5,12.5,14.3,13.6,14.8,14.4,,,,,Hatching date estimated - Assumption that all ringed young fledged
926,1991,208,NAG,PIEFL,1,8,8,8,39,60,,,,NE,E897353,S,01/06/1991,10/06/1989,2,E897081,R,07/06/1989,17/05/1991,2,07/06/1991,H234076,H234077,H234078,H234079,H234080,H234081,H234082,H234083,,,14.7,15.4,14.3,14.4,15,15.1,14.5,14.9,,,Hatching date estimated - Assumption that all ringed young fledged
927,1991,213,NAG,PIEFL,1,7,,5,50,70,,,1,NE,H234144,I,09/06/1991,09/06/1991,1,E897119,S,08/06/1989,25/05/1991,2,17/06/1991,H234400,H234401,H234402,H234403,H234404,,,,,,13.9,16.3,12.9,16,14.7,,,,,,Hatching date estimated - Assumption that all ringed young fledged
928,1991,216,NAG,PIEFL,1,7,7,7,48,68,,,,NE,F618067,S,06/06/1991,03/06/1990,2,H234010,I,25/05/1991,25/05/1991,1,16/06/1991,H234373,H234374,H234375,H234376,H234377,H234378,H234379,,,,14.5,12.3,11.6,14,13.7,14.8,13.7,,,,Hatching date estimated - Assumption that all ringed young fledged
929,1991,221,NAG,PIEFL,1,8,8,8,46,67,,,,NE,H234038,I,05/06/1991,05/06/1991,1,F950106,I,19/05/1990,22/05/1991,1,15/06/1991,H234318,H234319,H234320,H234321,H234322,H234323,H234324,H234325,,,13.9,14.4,14.6,14.1,15.4,14.6,13.9,14.8,,,Hatching date estimated - Assumption that all ringed young fledged
930,1991,251,NAG,PIEFL,1,7,,5,47,67,,,,NE,,,,,,H234008,I,25/05/1991,25/05/1991,1,17/06/1991,H234395,H234396,H234397,H234398,H234399,,,,,,10.2,11.7,12.8,14.9,13.5,,,,,,Hatching date estimated - Assumption that all ringed young fledged
931,1991,303,NAG,PIEFL,1,7,,6,47,67,,,1,NE,E897508,R,05/06/1991,15/06/1989,2,E618012,I,,23/05/1991,1,16/06/1991,H234367,H234368,H234369,H234370,H234371,H234372,,,,,15.7,14.8,15.2,14.2,14.7,14.4,,,,,Hatching date estimated - Assumption that all ringed young fledged
932,1991,306,NAG,PIEFL,1,5,,4,69,87,,,,NE,E897140,S,28/06/1991,08/06/1989,2,F618167,R,05/06/1990,19/06/1991,1,06/07/1991,H234524,H234525,H234526,H234527,,,,,,,13.6,14.3,14.8,14.1,,,,,,,Hatching date estimated - Assumption that all ringed young fledged
933,1991,310,NAG,PIEFL,1,4,,3,75,100,,,,NE,F618252,R,06/07/1991,06/06/1990,1,E897434,R,11/06/1989,19/06/1991,2,12/07/1991,H234536,H234537,H234538,,,,,,,,9.6,10.4,11.3,,,,,,,,Hatching date estimated - Assumption that all ringed young fledged
934,1991,311,NAG,PIEFL,1,7,7,7,42,62,,,,NE,C990054,S,01/06/1991,09/06/1986,5,F618006,S,14/05/1990,18/05/1991,2,09/06/1991,H234145,H234146,H234147,H234148,H234149,H234150,H234151,,,,14.4,14.2,14.6,15.3,14.3,15.4,14.4,,,,Hatching date estimated - Assumption that all ringed young fledged
935,1991,313,NAG,PIEFL,1,7,6,6,50,70,,,1,NE,E364491,R,09/06/1991,07/06/1987,4,F618018,S,19/05/1990,25/05/1991,2,19/06/1991,H234438,H234439,H234440,H234441,H234442,H234443,,,,,15.6,15.5,15.8,15.2,15.7,15.8,,,,,Hatching date estimated - Assumption that all ringed young fledged
936,1991,318,NAG,PIEFL,1,6,,0,50,,,,,JD,F618256,R,06/06/1991,07/06/1990,1,F618054,R,03/06/1990,25/05/1991,1,,,,,,,,,,,,,,,,,,,,,,Hatching date estimated - ALL YOUNG DEAD BY 15/6
937,1991,324,NAG,PIEFL,1,7,,2,47,67,,,,NE,H234046,I,05/06/1991,05/06/1991,1,E897361,S,11/06/1989,22/05/1991,2,15/06/1991,H234316,H234317,,,,,,,,,14.8,13.1,,,,,,,,,Hatching date estimated - Assumption that all ringed young fledged
938,1991,327,NAG,PIEFL,1,8,,7,41,62,,,,NE,E849087,R,01/06/1991,06/06/1988,3,H234002,I,18/05/1991,18/05/1991,1,09/06/1991,H234152,H234153,H234154,H234155,H234156,H234157,H234158,,,,13.9,14.1,13.1,13.5,13.7,12.8,13.4,,,,Hatching date estimated - Assumption that all ringed young fledged
939,1991,334,NAG,PIEFL,1,7,,0,48,,,,,JD,H234092,I,07/06/1991,07/06/1991,1,E897434,S,11/06/1989,23/05/1991,2,,,,,,,,,,,,,,,,,,,,,,Hatching date estimated - ALL YOUNG GONE BY 15/6
940,1991,337,NAG,PIEFL,1,8,,7,37,58,,,,NE,C990046,S,30/05/1991,09/06/1986,5,E897187,R,09/06/1989,16/05/1991,2,05/06/1991,H234039,H234040,H234041,H234042,H234043,H234044,H234045,,,,14.4,14.8,14.9,14.6,14.5,15.3,15.1,,,,Hatching date estimated - Assumption that all ringed young fledged
941,1991,338,NAG,PIEFL,1,9,,7,47,69,,,1,NE,H234093,I,07/06/1991,07/06/1991,1,F618010,S,15/05/1990,23/05/1991,2,17/06/1991,H234381,H234382,H234383,H234384,H234385,H234386,H234387,,,,14.6,14.8,15.4,14.7,15.9,15.3,15.2,,,,Hatching date estimated - Assumption that all ringed young fledged
942,1991,342,NAG,PIEFL,1,8,6,6,42,63,,,2,NE,F618049,S,05/06/1991,31/05/1990,2,F618188,R,05/06/1990,20/05/1991,1,10/06/1991,H234211,H234212,H234213,H234214,H234215,H234216,,,,,13.8,13.1,14.7,14.5,14.4,13.9,,,,,Hatching date estimated - Assumption that all ringed young fledged
943,1991,360,NAG,PIEFL,1,8,,1,41,62,,,,NE,H234019,I,01/06/1991,01/06/1991,1,H234003,I,20/05/1991,20/05/1991,1,10/06/1991,H234210,,,,,,,,,,13.6,,,,,,,,,,Hatching date estimated - Assumption that all ringed young fledged
944,1991,361,NAG,PIEFL,1,7,7,7,45,65,,,,NE,H234036,I,05/06/1991,05/06/1991,1,H234007,I,21/05/1991,21/05/1991,1,13/06/1991,H234251,H234252,H234253,H234254,H234255,H234256,H234257,,,,14.6,16.2,15.4,15.2,15.1,16.7,15.5,,,,Hatching date estimated - Assumption that all ringed young fledged
945,1991,402,NAG,PIEFL,1,7,7,7,43,63,,,,NE,H234021,I,01/06/1991,01/06/1991,1,E897300,R,10/06/1989,18/05/1991,2,10/06/1991,H234196,H234197,H234198,H234199,H234200,H234201,H234202,,,,13.7,13.8,13.7,14.1,14,13.3,13.4,,,,Hatching date estimated - Assumption that all ringed young fledged
946,1991,405,NAG,PIEFL,1,6,6,6,48,67,,,,NE,E364536,S,06/06/1991,10/06/1987,4,E364244,S,04/06/1987,23/05/1991,4,15/06/1991,H234340,H234341,H234342,H234343,H234344,H234345,,,,,15,14.7,13.9,15.8,15.9,14.7,,,,,Hatching date estimated - Assumption that all ringed young fledged
947,1991,411,NAG,PIEFL,1,8,,7,46,67,,,,NE,E897322,R,05/06/1991,10/06/1989,2,E897419,S,11/06/1989,25/05/1991,3,15/06/1991,H234333,H234334,H234335,H234336,H234337,H234338,H234339,,,,16.1,15.3,15.4,14.6,15.3,15.5,15.7,,,,Hatching date estimated - Assumption that all ringed young fledged
948,1991,413,NAG,PIEFL,1,7,7,7,45,65,,,,NE,E897531,R,04/06/1991,15/06/1989,2,F618004,S,13/05/1990,21/05/1991,2,13/06/1991,H234258,H234259,H234260,H234261,H234262,H234263,H234264,,,,15.8,16.4,15,15.8,16,16.1,16.1,,,,Hatching date estimated - Assumption that all ringed young fledged
949,1991,415,NAG,PIEFL,1,7,,1,44,64,,,,NE,E897529,S,06/06/1991,15/06/1989,2,E364331,S,04/06/1987,20/05/1991,4,13/06/1991,H234250,,,,,,,,,,14,,,,,,,,,,Hatching date estimated - Assumption that all ringed young fledged
950,1991,416,NAG,PIEFL,1,7,7,7,43,63,,,,NE,F618234,R,01/06/1991,06/06/1990,1,H234004,I,20/05/1991,20/05/1991,1,10/06/1991,H234203,H234204,H234205,H234206,H234207,H234208,H234209,,,,13.8,13.8,14.7,14.4,13.9,15,13.4,,,,Hatching date estimated - Assumption that all ringed young fledged
951,1991,425,NAG,PIEFL,1,5,5,5,60,78,,,,NE,F618041,S,18/06/1991,26/05/1990,2,E147478,I,,04/06/1991,1,24/06/1991,H234502,H234503,H234504,H234505,H234506,,,,,,,,,,,,,,,,Hatching date estimated - Assumption that all ringed young fledged
952,1991,426,NAG,PIEFL,1,8,8,8,54,75,,,,NE,F618050,S,20/06/1991,31/05/1990,2,H234035,I,04/06/1991,04/06/1991,1,24/06/1991,H234507,H234508,H234509,H234510,H234511,H234512,H234513,H234514,,,,,,,,,,,,,Hatching date estimated - Assumption that all ringed young fledged
953,1991,428,NAG,PIEFL,1,7,6,6,42,62,,,1,NE,H234020,I,01/06/1991,01/06/1991,1,F618003,S,13/05/1990,18/05/1991,2,07/06/1991,H234094,H234095,H234096,H234097,H234098,H234099,,,,,14,14.8,13.8,14.1,14.1,13.2,,,,,Hatching date estimated - Assumption that all ringed young fledged
954,1991,434,NAG,PIEFL,1,7,,7,45,65,,,,NE,E897527,R,04/06/1991,15/06/1989,2,E364001,S,12/05/1987,23/05/1991,5,13/06/1991,H234279,H234280,H234281,H234282,H234283,H234284,H234285,,,,13.9,13.9,13.4,13.4,13.8,13.7,14.2,,,,Hatching date estimated - Assumption that all ringed young fledged
955,1991,437,NAG,PIEFL,1,8,8,8,41,62,,,,NE,F618051,S,01/06/1991,31/05/1990,2,E897165,R,09/06/1989,18/05/1991,2,09/06/1991,H234159,H234160,H234161,H234162,H234163,H234164,H234165,H234166,,,12.6,11.4,12.6,12.1,11.5,13.1,11.6,12.7,,,Hatching date estimated - Assumption that all ringed young fledged
956,1991,438,NAG,PIEFL,1,6,,2,56,75,,,2,NE,,,,,,F950171,I,03/06/1990,01/06/1991,1,24/06/1991,H234515,H234516,,,,,,,,,,,,,,,,,,,Hatching date estimated - Assumption that all ringed young fledged
957,1991,440,NAG,PIEFL,1,6,6,6,48,67,,,,NE,H234022,S,18/06/1991,01/06/1991,1,E364037,S,30/05/1987,22/05/1991,4,15/06/1991,H234346,H234347,H234348,H234349,H234350,H234351,,,,,13.7,15,14.1,14.5,14.9,14.7,,,,,Hatching date estimated - Assumption that all ringed young fledged
958,1991,R3,NAG,PIEFL,1,8,,7,40,65,,,,NE,,,,,,C990197,S,15/06/1986,18/05/1991,5,13/06/1991,H234265,H234266,H234267,H234268,H234269,H234270,H234271,,,,14.1,14.9,14.5,18.4,10.2,15.4,14.5,,,,Hatching date estimated - Assumption that all ringed young fledged
959,1991,X359,NAG,PIEFL,1,7,,6,45,64,,,,NE,F618043,S,04/06/1991,27/05/1990,2,E897068,S,05/06/1989,25/05/1991,2,13/06/1991,H234244,H234245,H234246,H234247,H234248,H234249,,,,,16,16,12.3,14.6,15.4,15.1,,,,,Hatching date estimated - Assumption that all ringed young fledged
960,1991,X479,NAG,PIEFL,1,7,7,7,51,71,,,,NE,F618370,R,09/06/1991,08/06/1990,1,H234024,I,01/06/1991,01/06/1991,1,18/06/1991,H234411,H234412,H234413,H234414,H234415,H234416,H234417,,,,14.2,13.5,13.2,13.2,14.1,13.6,14.8,,,,Hatching date estimated - Assumption that all ringed young fledged
961,1992,Birch Tree,FLO,PIEFL,1,,,,,,,,,OU,,,,,,,,,,,08/06/1992,H642505,H642506,H642507,H642508,H642509,H642510,H642511,,,,,,,,,,,,,,Hatching date estimated - Assumption that all ringed young fledged
962,1992,Cess Pitt ,FLO,PIEFL,1,,,,,,,,,OU,E971095,I,15/06/1992,08/06/1988,4,H234114,R,08/06/1991,15/06/1993,2,08/06/1992,H642512,H642513,H642514,H642515,H642516,H642517,H642518,,,,,,,,,,,,,,Hatching date estimated - Assumption that all ringed young fledged
963,1992,Front Gate,FLO,PIEFL,1,,,,,,,,,OU,,,,,,H642483,I,08/06/1992,08/06/1992,1,08/06/1992,H642484,H642485,H642486,H642487,H642488,,,,,,,,,,,,,,,,Hatching date estimated - Assumption that all ringed young fledged
964,1992,Front Lawn,FLO,PIEFL,1,,,,,,,,,OU,H642489,I,08/06/1992,08/06/1992,1,H642490,I,08/06/1992,08/06/1992,1,08/06/1992,H642491,H642492,H642493,H642494,,,,,,,,,,,,,,,,,Hatching date estimated - Assumption that all ringed young fledged
965,1992,,FLO,PIEFL,1,,,,,,,,,OU,H642504,I,08/06/1992,08/06/1992,1,H642503,I,08/06/1992,08/06/1992,1,08/06/1992,H642495,H642496,H642497,H642498,H642499,H642500,H642501,H642502,,,,,,,,,,,,,Hatching date estimated - Assumption that all ringed young fledged
966,1992,7,KEN ,PIEFL,1,8,,0,37,,,,,XP,,,,,,H642024,I,21/05/1992,21/05/1992,1,,,,,,,,,,,,,,,,,,,,,,NEST EMPTY 29/5 
967,1992,9,KEN ,PIEFL,1,8,7,7,39,60,,,1,NE,E084998,I,29/05/1992,04/06/1990,2,H642025,I,21/05/1992,21/05/1992,1,07/06/1992,H642373,H642374,H642375,H642376,H642377,H642378,H642379,,,,,,,,,,,,,,Hatching date estimated - Assumption that all ringed young fledged
968,1992,17,KEN ,PIEFL,1,8,,7,38,59,,,,NE,H642040,I,29/05/1992,29/05/1992,1,H642026,I,21/05/1992,21/05/1992,1,07/06/1992,H642380,H642381,H642382,H642383,H642384,H642385,H642386,,,,,,,,,,,,,,Hatching date estimated - Assumption that all ringed young fledged
969,1992,20,KEN ,PIEFL,1,8,,6,39,60,,,1,NE,H642039,I,29/05/1992,29/05/1992,1,E849079,S,05/06/1989,21/05/1992,4,07/06/1992,H642367,H642368,H642369,H642370,H642371,H642372,,,,,,,,,,,,,,,Hatching date estimated - Assumption that all ringed young fledged
970,1992,25,KEN ,PIEFL,1,9,9,9,41,63,,,,NE,H642411,I,07/06/1992,07/06/1992,1,H642027,I,21/05/1992,21/05/1992,1,07/06/1992,H642412,H642413,H642414,H642415,H642416,H642417,H642418,H642419,H642420,,,,,,,,,,,,Hatching date estimated - Assumption that all ringed young fledged
971,1992,28,KEN ,PIEFL,1,8,,0,38,,,,,XP,,,,,,E849513,R,10/06/1988,21/05/1992,4,,,,,,,,,,,,,,,,,,,,,,NEST EMPTY 29/5 
972,1992,31,KEN ,PIEFL,1,8,,6,41,62,,,,NE,,,,,,E897021,S,27/05/1989,21/05/1992,4,07/06/1992,H642428,H642429,H642430,H642431,H642432,H642433,H642434,,,,,,,,,,,,,,Hatching date estimated - 642 DIED
973,1992,33,KEN ,PIEFL,1,8,8,8,36,57,,,,NE,H234025,S,29/05/1992,03/05/1991,2,H642028,I,21/05/1992,21/05/1992,1,07/06/1992,H642387,H642388,H642389,H642390,H642391,H642392,H642393,H642394,,,,,,,,,,,,,Hatching date estimated - Assumption that all ringed young fledged
974,1992,37,KEN ,PIEFL,1,9,9,9,37,59,,,,NE,F950130,I,07/06/1993,02/06/1990,2,F618410,S,10/06/1990,21/05/1992,3,07/06/1992,H642395,H642396,H642397,H642398,H642399,H642400,H642401,H642402,H642403,,,,,,,,,,,,Hatching date estimated - Assumption that all ringed young fledged
975,1992,39,KEN ,PIEFL,1,8,7,7,38,59,,,1,NE,E364132,S,29/05/1993,02/06/1987,6,E849652,S,18/06/1988,21/05/1992,4,07/06/1992,H642404,H642405,H642406,H642407,H642408,H642409,H642410,,,,,,,,,,,,,,Hatching date estimated - Assumption that all ringed young fledged
976,1992,41,KEN ,PIEFL,1,7,7,7,41,61,,,,NE,E627495,I,07/06/1993,09/06/1990,2,H234128,R,08/06/1991,21/05/1992,1,07/06/1992,H642421,H642422,H642423,H642424,H642425,H642426,H642427,,,,,,,,,,,,,,Hatching date estimated - Assumption that all ringed young fledged
977,1992,46,KEN ,PIEFL,1,7,,0,42,,,,,XP,,,,,,H234156,R,09/06/1991,21/05/1992,1,,,,,,,,,,,,,,,,,,,,,,NEST EMPTY 29/5 
978,1992,1,LYD,PIEFL,1,8,,6,,59,,,,NE,E897077,S,09/06/1992,05/06/1989,4,H234301,S,14/06/1991,22/05/1993,3,05/06/1992,H642143,H642144,H642145,H642146,H642147,H642148,,,,,,,,,,,,,,,Hatching date estimated - Assumption that all ringed young fledged
979,1992,8,LYD,PIEFL,1,7,,,,,,,,OU,,,,,,H234012,S,28/05/1991,22/05/1993,3,,,,,,,,,,,,,,,,,,,,,,Hatching date estimated
980,1992,15,LYD,PIEFL,1,8,,8,,62,,,,NE,H234293,S,09/06/1993,14/06/1991,3,H234360,S,16/06/1991,22/05/1993,3,05/06/1992,H642149,H642150,H642151,H642152,H642153,H642154,H642155,H642156,,,,,,,,,,,,,Hatching date estimated - Assumption that all ringed young fledged
981,1992,TANK,LYD,PIEFL,1,7,,6,,61,,,,NE,,,,,,E897078,S,05/06/1989,22/05/1993,5,05/06/1992,H642157,H642158,H642159,H642160,H642161,H642162,,,,,,,,,,,,,,,Hatching date estimated - Assumption that all ringed young fledged
982,1992,13,NAG,PIEFL,1,8,,0,39,,,,,JP,H234428,R,02/05/1992,19/06/1991,1,H234015,S,30/05/1991,17/05/1992,2,,,,,,,,,,,,,,,,,,,,,,Hatching date estimated - ALL YOUNG PREDATED BY 5/6
983,1992,13,NAG,PIEFL,1,3,3,3,41,58,,,,NE,E849181,S,28/06/1992,07/06/1988,4,E364156,S,02/06/1987,20/06/1992,5,04/07/1992,H642700,H642701,H642702,,,,,,,,,,,,,,,,,,Hatching date estimated - Assumption that all ringed young fledged
984,1992,18,NAG,PIEFL,1,8,,0,36,,,,,JD,,,,,,F950151,S,02/06/1990,14/05/1992,2,,,,,,,,,,,,,,,,,,,,,,DESERTED BY 27/5
985,1992,27,NAG,PIEFL,1,7,6,6,41,61,,,1,NE,H642044,I,30/05/1992,30/05/1992,1,H234075,R,07/06/1991,17/05/1992,1,07/06/1992,H642463,H642464,H642465,H642466,H642467,H642468,,,,,,,,,,,,,,,Hatching date estimated - Assumption that all ringed young fledged
986,1992,28,NAG,PIEFL,1,7,,6,41,61,,,,NE,,,,,,H642030,I,24/05/1992,24/05/1992,1,12/06/1992,H642630,H642631,H642632,H642633,H642634,H642635,,,,,,,,,,,,,,,Hatching date estimated - Assumption that all ringed young fledged
987,1992,30,NAG,PIEFL,1,7,6,6,39,59,,,1,NE,E849503,S,30/05/1992,10/06/1988,4,H642017,I,17/05/1992,17/05/1992,1,06/06/1992,H642218,H642219,H642220,H642221,H642222,H642223,,,,,,,,,,,,,,,Hatching date estimated - Assumption that all ringed young fledged
988,1992,31,NAG,PIEFL,1,8,,7,42,63,,,,NE,,,,,,F618396,S,08/06/1990,25/05/1992,2,12/06/1992,H642636,H642637,H642638,H642639,H642640,H642641,H642642,,,,,,,,,,,,,,Hatching date estimated - Assumption that all ringed young fledged
989,1992,34,NAG,PIEFL,1,8,8,8,36,57,,,,NE,H234144,S,30/05/1992,09/06/1991,2,F618302,R,08/06/1990,17/05/1992,2,06/06/1992,H642232,H642233,H642234,H642235,H642236,H642237,H642238,H642239,,,,,,,,,,,,,Hatching date estimated - Assumption that all ringed young fledged
990,1992,41,NAG,PIEFL,1,7,7,7,43,65,,,,NE,H234046,S,06/06/1992,05/06/1991,2,H642022,I,19/05/1992,19/05/1992,1,12/06/1992,H642655,H642656,H642657,H642658,H642659,H642660,H642661,,,,,,,,,,,,,,Hatching date estimated - Assumption that all ringed young fledged
991,1992,42,NAG,PIEFL,1,7,7,7,36,56,,,,NE,H234380,S,25/05/1992,17/06/1991,2,H380116,I,07/06/1991,12/05/1992,1,02/06/1992,H642057,H642058,H642059,H642060,H642061,H642062,H642063,,,,,,,,,,,,,,Hatching date estimated - Assumption that all ringed young fledged
992,1992,51,NAG,PIEFL,1,3,0,0,74,,,,3,ED,,,,,,H234518,S,30/06/1991,17/06/1992,1,,,,,,,,,,,,,,,,,,,,,,DESERTED BY 1/7
993,1992,52,NAG,PIEFL,1,7,7,7,42,62,,,,NE,H234292,R,30/05/1992,14/06/1991,1,H234348,R,15/06/1991,17/05/1992,1,12/06/1992,H642609,H642610,H642611,H642612,H642613,H642614,H642615,,,,,,,,,,,,,,Hatching date estimated - Assumption that all ringed young fledged
994,1992,53,NAG,PIEFL,1,8,8,8,35,56,,,,NE,H234044,R,25/05/1992,05/06/1991,1,H235254,I,,14/05/1992,1,04/06/1992,H642114,H642115,H642116,H642117,H642118,H642119,H642120,H642121,,,,,,,,,,,,,Hatching date estimated - Assumption that all ringed young fledged
995,1992,56,NAG,PIEFL,1,6,6,6,49,68,,,,NE,F707753,I,06/06/1992,23/06/1991,1,H234394,R,17/06/1991,25/05/1992,1,13/06/1992,H642662,H642663,H642664,H642665,H642666,H642667,,,,,,,,,,,,,,,Hatching date estimated - Assumption that all ringed young fledged
996,1992,57,NAG,PIEFL,1,8,8,8,39,60,,,,NE,F709573,I,30/05/1992,04/06/1990,2,H642015,I,17/05/1992,17/05/1992,1,07/06/1992,H642455,H642456,H642457,H642458,H642459,H642460,H642461,H642462,,,,,,,,,,,,,Hatching date estimated - Assumption that all ringed young fledged
997,1992,58,NAG,PIEFL,1,7,7,7,36,57,,,,NE,H642014,I,17/05/1992,17/05/1992,1,E897081,S,07/06/1989,17/05/1992,3,04/06/1992,H642129,H642130,H642131,H642132,H642133,H642134,H642135,,,,,,,,,,,,,,Hatching date estimated - Assumption that all ringed young fledged
998,1992,64,NAG,PIEFL,1,7,4,4,39,59,,,3,NE,H234431,R,30/05/1992,19/06/1991,1,H642013,I,17/05/1992,17/05/1992,1,06/06/1992,H642214,H642215,H642216,H642217,,,,,,,,,,,,,,,,,Hatching date estimated - Assumption that all ringed young fledged
999,1992,65,NAG,PIEFL,1,8,8,8,35,56,,,,NE,H234314,S,26/04/1992,15/06/1991,2,F618526,S,03/07/1990,17/05/1992,2,06/06/1992,H642206,H642207,H642208,H642209,H642210,H642211,H642212,H642213,,,,,,,,,,,,,Hatching date estimated - Assumption that all ringed young fledged
1000,1992,68,NAG,PIEFL,1,8,5,5,36,57,,,3,NE,H234149,R,27/05/1992,09/06/1991,1,H234137,R,08/06/1991,12/05/1992,1,06/06/1992,H642193,H642194,H642195,H642196,H642197,,,,,,,,,,,,,,,,Hatching date estimated - Assumption that all ringed young fledged
1001,1992,69,NAG,PIEFL,1,,,,,,,,,OU,H642072,I,02/06/1992,02/06/1992,1,,,,,,,,,,,,,,,,,,,,,,,,,,,Hatching date estimated - Assumption that all ringed young fledged
1002,1992,72,NAG,PIEFL,1,8,8,7,37,58,,,,NE,F618042,S,26/05/1992,27/05/1990,3,E897419,S,11/06/1989,12/05/1992,4,06/06/1992,H642335,H642336,H642337,H642338,H642339,H642340,H642341,H642342,,,,,,,,,,,,,Hatching date estimated - 338 DIED
1003,1992,77,NAG,PIEFL,1,8,8,8,36,57,,,,NE,H642035,I,26/05/1992,26/05/1992,1,F618054,S,03/06/1990,12/05/1992,2,06/06/1992,H642198,H642199,H642200,H642201,H642202,H642203,H642204,H642205,,,,,,,,,,,,,Hatching date estimated - Assumption that all ringed young fledged
1004,1992,84,NAG,PIEFL,1,7,7,7,41,61,,,,NE,H234160,R,31/05/1992,09/06/1991,1,F950171,S,03/06/1990,17/05/1992,2,10/06/1992,H642540,H642541,H642542,H642543,H642544,H642545,H642546,,,,,,,,,,,,,,Hatching date estimated - Assumption that all ringed young fledged
1005,1992,86,NAG,PIEFL,1,7,6,6,36,56,,,1,NE,F618205,S,25/05/1992,06/06/1990,2,F134505,I,08/06/1989,16/05/1992,3,03/06/1992,H642080,H642081,H642082,H642083,H642084,H642085,,,,,,,,,,,,,,,Hatching date estimated - Assumption that all ringed young fledged
1006,1992,89,NAG,PIEFL,1,7,7,7,40,60,,,,NE,F014133,I,30/05/1992,09/06/1991,1,H642012,I,17/05/1992,17/05/1992,1,07/06/1992,H642469,H642470,H642471,H642472,H642473,H642474,H642475,,,,,,,,,,,,,,Hatching date estimated - Assumption that all ringed young fledged
1007,1992,92,NAG,PIEFL,1,9,9,9,37,59,,,,NE,E848527,I,28/05/1992,23/06/1990,2,H234013,S,30/05/1991,15/05/1992,2,06/06/1992,H642358,H642359,H642360,H642361,H642362,H642363,H642364,H642365,H642366,,,,,,,,,,,,Hatching date estimated - Assumption that all ringed young fledged
1008,1992,104,NAG,PIEFL,1,7,7,7,42,62,,,,NE,F618256,S,13/06/1992,07/06/1990,2,H642023,I,20/05/1992,20/05/1992,1,11/06/1992,H642594,H642595,H642596,H642597,H642598,H642599,H642600,,,,,,,,,,,,,,Hatching date estimated - Assumption that all ringed young fledged
1009,1992,106,NAG,PIEFL,1,8,7,7,42,63,,,1,NE,H234266,R,06/06/1992,13/06/1991,1,H234419,R,19/06/1991,16/05/1992,1,11/06/1992,H642587,H642588,H642589,H642590,H642591,H642592,H642593,,,,,,,,,,,,,,Hatching date estimated - Assumption that all ringed young fledged
1010,1992,109,NAG,PIEFL,1,8,,7,38,59,,,,NE,E897286,R,30/05/1992,10/06/1989,3,H642006,I,16/05/1992,16/05/1992,1,06/06/1992,H642300,H642301,H642302,H642303,H642304,H642305,H642306,,,,,,,,,,,,,,Hatching date estimated - Assumption that all ringed young fledged
1011,1992,111,NAG,PIEFL,1,7,7,7,35,55,,,,NE,E897268,S,12/05/1992,10/06/1989,3,E364037,S,30/05/1987,16/05/1992,5,06/06/1992,H642307,H642308,H642309,H642310,H642311,H642312,H642313,,,,,,,,,,,,,,3 YOUNG TRANSFERED TO BOX 415
1012,1992,117,NAG,PIEFL,1,8,8,8,41,62,,,,NE,H234176,S,31/05/1992,10/06/1991,2,H234502,R,24/06/1991,20/05/1992,1,11/06/1992,H642601,H642602,H642603,H642604,H642605,H642606,H642607,H642608,,,,,,,,,,,,,Hatching date estimated - Assumption that all ringed young fledged
1013,1992,120,NAG,PIEFL,1,8,,0,38,,,,,JD,H234085,R,31/05/1992,07/06/1991,1,C388841,I,22/06/1991,16/05/1992,1,,,,,,,,,,,,,,,,,,,,,,Hatching date estimated - ALL YOUNG DEAD BY 11/6
1014,1992,121,NAG,PIEFL,1,8,8,8,36,57,,,,NE,H642033,I,25/05/1992,25/05/1992,1,F618018,S,19/05/1990,14/05/1992,3,06/06/1992,H642163,H642164,H642165,H642166,H642167,H642168,H642169,H642170,,,,,,,,,,,,,Hatching date estimated - Assumption that all ringed young fledged
1015,1992,124,NAG,PIEFL,1,8,,7,36,57,,,,NE,H642036,I,27/05/1992,27/05/1992,1,H642002,I,14/05/1992,14/05/1992,1,04/06/1992,H642098,H642099,H642100,H642101,H642102,H642103,H642104,,,,,,,,,,,,,,Hatching date estimated - Assumption that all ringed young fledged
1016,1992,125,NAG,PIEFL,1,7,,0,38,,,,,JP,F618529,R,27/05/1992,10/07/1990,2,H234518,R,30/06/1991,14/05/1992,1,,,,,,,,,,,,,,,,,,,,,,Hatching date estimated - ALL YOUNG PREDATED BY 4/6
1017,1992,131,NAG,PIEFL,1,7,7,7,36,56,,,,NE,H234368,R,30/05/1992,16/06/1991,1,H234010,S,25/05/1991,17/05/1992,2,04/06/1992,H642136,H642137,H642138,H642139,H642140,H642141,H642142,,,,,,,,,,,,,,Hatching date estimated - Assumption that all ringed young fledged
1018,1992,134,NAG,PIEFL,1,7,,6,35,55,,,,NE,E849645,S,25/05/1992,15/06/1988,4,C990060,S,11/06/1986,17/05/1992,6,03/06/1992,H642087,H642088,H642089,H642090,H642091,H642092,,,,,,,,,,,,,,,Hatching date estimated - Assumption that all ringed young fledged
1019,1992,136,NAG,PIEFL,1,8,8,8,35,57,,,,NE,H234023,S,25/05/1992,01/06/1991,2,E897361,S,11/06/1989,12/05/1992,3,02/06/1992,H642064,H642065,H642066,H642067,H642068,H642069,H642070,H642071,,,,,,,,,,,,,Hatching date estimated - Assumption that all ringed young fledged
1020,1992,137,NAG,PIEFL,1,10,0,0,35,,,,,ED,,,,,,H234001,S,18/05/1991,20/05/1992,2,,,,,,,,,,,,,,,,,,,,,,DESERTED BY 17/6
1021,1992,138,NAG,PIEFL,1,5,,1,57,75,,,,NE,,,,,,H234384,R,17/06/1991,06/06/1992,1,24/06/1992,H642694,,,,,,,,,,,,,,,,,,,,Hatching date estimated - Assumption that all ringed young fledged
1022,1992,140,NAG,PIEFL,1,7,,0,36,,,,,JP,E849181,S,25/05/1992,07/06/1988,4,E364156,S,02/06/1987,14/05/1992,5,,,,,,,,,,,,,,,,,,,,,,Hatching date estimated - ALL YOUNG PREDATED BY 4/6
1023,1992,142,NAG,PIEFL,1,9,9,9,35,57,,,,NE,H642037,I,27/05/1992,27/05/1992,1,E508415,S,12/06/1988,14/05/1992,5,04/06/1992,H642105,H642106,H642107,H642108,H642109,H642110,H642111,H642112,H642113,,,,,,,,,,,,Hatching date estimated - Assumption that all ringed young fledged
1024,1992,146,NAG,PIEFL,1,8,8,8,40,61,,,,NE,H642043,I,30/05/1992,30/05/1992,1,F618167,S,05/06/1990,17/05/1992,2,10/06/1992,H642519,H642520,H642521,H642522,H642523,H642524,H642525,H642526,,,,,,,,,,,,,Hatching date estimated - Assumption that all ringed young fledged
1025,1992,149,NAG,PIEFL,1,7,,6,48,68,,,,NE,H234334,R,06/06/1992,15/06/1991,1,F950133,I,02/06/1990,23/05/1992,2,16/06/1992,H642674,H642675,H642676,H642677,H642678,H642679,,,,,,,,,,,,,,,Hatching date estimated - Assumption that all ringed young fledged
1026,1992,152,NAG,PIEFL,1,8,8,8,32,53,,,,NE,H642029,I,23/05/1992,23/05/1992,1,F618012,S,16/05/1990,10/05/1992,3,31/05/1992,H642046,H642047,H642048,H642049,H642050,H642051,H642052,H642053,,,,,,,,,,,,,Hatching date estimated - Assumption that all ringed young fledged
1027,1992,154,NAG,PIEFL,1,7,,5,50,70,,,,NE,H642616,I,12/06/1992,12/06/1992,1,F950151,S,02/06/1990,25/05/1992,2,17/06/1992,H642681,H642682,H642683,H642684,H642685,H642686,,,,,,,,,,,,,,,Hatching date estimated - 684 DIED
1028,1992,163,NAG,PIEFL,1,5,,0,67,,,,,JD,H380183,I,24/06/1992,09/06/1991,1,H234015,S,30/05/1991,10/06/1992,2,,,,,,,,,,,,,,,,,,,,,,Hatching date estimated - ALL YOUNG DEAD BY 4/7
1029,1992,165,NAG,PIEFL,1,8,8,8,37,58,,,,NE,H342018,I,26/05/1992,,1,F618006,S,14/05/1990,17/05/1992,3,06/06/1992,H642343,H642344,H642345,H642346,H642347,H642348,H642349,H642350,,,,,,,,,,,,,Hatching date estimated - Assumption that all ringed young fledged
1030,1992,169,NAG,PIEFL,1,8,8,8,36,57,,,,NE,H642034,I,25/05/1992,25/05/1992,1,H642011,I,16/05/1992,16/05/1992,1,06/06/1992,H642240,H642241,H642242,H642243,H642244,H642245,H642246,H642247,,,,,,,,,,,,,Hatching date estimated - Assumption that all ringed young fledged
1031,1992,170,NAG,PIEFL,1,8,6,6,44,65,,,2,NE,H642086,I,03/06/1992,03/06/1992,1,C990427,S,19/06/1986,24/05/1992,6,12/06/1992,H642643,H642644,H642645,H642646,H642647,H642648,,,,,,,,,,,,,,,Hatching date estimated - Assumption that all ringed young fledged
1032,1992,180,NAG,PIEFL,1,8,8,8,37,58,,,,NE,H380140,I,30/05/1992,07/06/1991,1,H642005,I,16/05/1992,16/05/1992,1,06/06/1992,H642292,H642293,H642294,H642295,H642296,H642297,H642298,H642299,,,,,,,,,,,,,Hatching date estimated - Assumption that all ringed young fledged
1033,1992,187,NAG,PIEFL,1,7,7,7,41,61,,,,NE,H234167,S,30/05/1992,09/06/1991,2,H642031,I,24/05/1992,24/05/1992,1,10/06/1992,H642547,H642548,H642549,H642550,H642551,H642552,H642553,,,,,,,,,,,,,,"Hatching date estimated - Assumption that all ringed young fledged, 547 KILLED BY JAY 14/6"
1034,1992,189,NAG,PIEFL,1,8,8,8,39,60,,,,NE,H234525,R,30/05/1992,06/07/1991,1,H642007,I,16/05/1992,16/05/1992,1,10/06/1992,H642563,H642564,H642565,H642566,H642567,H642568,H642569,H642570,,,,,,,,,,,,,Hatching date estimated - Assumption that all ringed young fledged
1035,1992,192,NAG,PIEFL,1,8,,6,41,62,,,,NE,H234040,I,30/05/1992,05/06/1991,1,H234324,R,15/06/1991,17/05/1992,1,12/06/1992,H642617,H642618,H642619,H642620,H642621,H642622,,,,,,,,,,,,,,,Hatching date estimated - Assumption that all ringed young fledged
1036,1992,205,NAG,PIEFL,1,7,7,7,39,59,,,,NE,H642054,I,31/05/1992,31/05/1992,1,E897559,S,16/06/1989,19/05/1992,3,06/06/1992,H642351,H642352,H642353,H642354,H642355,H642356,H642357,,,,,,,,,,,,,,Hatching date estimated - Assumption that all ringed young fledged
1037,1992,208,NAG,PIEFL,1,8,,7,41,62,,,,NE,E897353,S,17/05/1992,10/06/1989,3,H234336,R,15/06/1991,17/05/1992,1,12/06/1992,H642623,H642624,H642625,H642626,H642627,H642628,H642629,,,,,,,,,,,,,,Hatching date estimated - Assumption that all ringed young fledged
1038,1992,213,NAG,PIEFL,1,7,7,7,40,60,,,,NE,H642056,I,31/05/1992,31/05/1992,1,H642018,I,18/05/1992,18/05/1992,1,07/06/1992,H642476,H642477,H642478,H642479,H642480,H642481,H642482,,,,,,,,,,,,,,Hatching date estimated - Assumption that all ringed young fledged
1039,1992,215,NAG,PIEFL,1,8,,7,35,56,,,,NE,F950175,I,25/05/1992,04/06/1990,2,H642016,I,17/05/1992,17/05/1992,1,04/06/1992,H642122,H642123,H642124,H642125,H642126,H642127,H642128,,,,,,,,,,,,,,Hatching date estimated - Assumption that all ringed young fledged
1040,1992,216,NAG,PIEFL,1,8,8,8,36,57,,,,NE,F618256,S,24/05/1992,07/06/1990,2,H234426,R,19/06/1991,15/05/1992,1,06/06/1992,H642284,H642285,H642286,H642287,H642288,H642289,H642290,H642291,,,,,,,,,,,,,Hatching date estimated - Assumption that all ringed young fledged
1041,1992,222,NAG,PIEFL,1,9,,7,36,58,,,,NE,H234270,R,28/05/1992,13/06/1991,1,H642003,I,15/05/1992,15/05/1992,1,06/06/1992,H642269,H642270,H642271,H642272,H642273,H642274,H642275,H642276,,,,,,,,,,,,,Hatching date estimated - 269 DIED
1042,1992,249,NAG,PIEFL,1,6,6,6,41,60,,,,NE,H234034,R,30/05/1992,04/06/1991,1,H380217,I,15/06/1991,19/05/1992,1,07/06/1992,H642449,H642450,H642451,H642452,H642453,H642454,,,,,,,,,,,,,,,Hatching date estimated - Assumption that all ringed young fledged
1043,1992,254,NAG,PIEFL,1,7,7,7,34,54,,,,NE,F618037,S,23/05/1992,26/05/1990,3,F618003,S,13/05/1990,10/05/1992,3,03/06/1992,H642073,H642074,H642075,H642076,H642077,H642078,H642079,,,,,,,,,,,,,,Hatching date estimated - Assumption that all ringed young fledged
1044,1992,256,NAG,PIEFL,1,8,8,8,36,57,,,,NE,F618066,S,30/05/1992,03/06/1990,3,E897356,R,10/06/1989,17/05/1992,3,06/06/1992,H642224,H642225,H642226,H642227,H642228,H642229,H642230,H642231,,,,,,,,,,,,,Hatching date estimated - Assumption that all ringed young fledged
1045,1992,295,NAG,PIEFL,1,7,,6,49,69,,,,NE,H234014,S,16/06/1992,30/05/1991,2,H234024,S,01/06/1991,24/05/1992,2,16/06/1992,H642668,H642669,H642670,H642671,H642672,H642673,,,,,,,,,,,,,,,Hatching date estimated - Assumption that all ringed young fledged
1046,1992,301,NAG,PIEFL,1,6,,5,37,56,,,,NE,H234092,S,26/05/1992,07/06/1991,2,E897434,S,11/06/1989,14/05/1992,3,04/06/1992,H642093,H642094,H642095,H642096,H642097,,,,,,,,,,,,,,,,Hatching date estimated - Assumption that all ringed young fledged
1047,1992,306,NAG,PIEFL,1,7,,0,35,,,,,JD,H642032,I,25/05/1992,25/05/1992,1,H642001,I,12/05/1992,12/05/1992,1,,,,,,,,,,,,,,,,,,,,,,Hatching date estimated - ALL YOUNG DEAD BY 2/6
1048,1992,313,NAG,PIEFL,1,9,,8,35,57,,,,NE,H234014,S,27/05/1992,30/05/1991,2,H234009,S,25/05/1991,17/05/1992,2,06/06/1992,H642171,H642172,H642173,H642174,H642175,H642176,H642177,H642178,,,,,,,,,,,,,Hatching date estimated - Assumption that all ringed young fledged
1049,1992,318,NAG,PIEFL,1,7,7,7,41,61,,,,NE,F618346,R,31/05/1992,08/06/1990,2,H234521,R,30/06/1991,17/05/1992,1,10/06/1992,H642533,H642534,H642535,H642536,H642537,H642538,H642539,,,,,,,,,,,,,,Hatching date estimated - Assumption that all ringed young fledged
1050,1992,314,NAG,PIEFL,1,9,,6,41,63,,,,NE,E364491,S,01/06/1992,07/06/1987,5,H234184,R,10/06/1991,20/05/1992,1,12/06/1992,H642649,H642650,H642651,H642652,H642653,H642654,,,,,,,,,,,,,,,Hatching date estimated - Assumption that all ringed young fledged
1051,1992,327,NAG,PIEFL,1,7,,6,42,62,,,,NE,H642055,I,31/05/1992,31/05/1992,1,E364391,R,06/06/1987,17/05/1992,5,10/06/1992,H642527,H642528,H642529,H642530,H642531,H642532,,,,,,,,,,,,,,,Hatching date estimated - Assumption that all ringed young fledged
1052,1992,335,NAG,PIEFL,1,5,,4,60,79,,,,NE,H234440,R,16/06/1992,19/06/1991,1,H234054,R,07/06/1991,06/06/1992,1,24/06/1992,H642690,H642691,H642692,H642693,,,,,,,,,,,,,,,,,Hatching date estimated - Assumption that all ringed young fledged
1053,1992,336,NAG,PIEFL,1,7,7,7,39,59,,,,NE,H234329,R,28/05/1992,15/06/1991,1,H234043,R,05/06/1991,14/05/1992,1,06/06/1992,H642186,H642187,H642188,H642189,H642190,H642191,H642192,,,,,,,,,,,,,,Hatching date estimated - Assumption that all ringed young fledged
1054,1992,337,NAG,PIEFL,1,7,7,7,36,56,,,,NE,C990046,S,25/05/1992,09/06/1986,6,E364001,S,12/05/1987,15/05/1992,6,06/06/1992,H642179,H642180,H642181,H642182,H642183,H642184,H642185,,,,,,,,,,,,,,Hatching date estimated - Assumption that all ringed young fledged
1055,1992,340,NAG,PIEFL,1,8,,7,41,62,,,,NE,H234343,R,30/05/1992,15/06/1991,1,H642020,I,18/05/1992,18/05/1992,1,11/06/1992,H642571,H642572,H642573,H642574,H642575,H642576,H642577,,,,,,,,,,,,,,Hatching date estimated - Assumption that all ringed young fledged
1056,1992,341,NAG,PIEFL,1,7,7,7,40,60,,,,NE,H234259,R,30/05/1992,13/06/1991,1,H642019,I,18/05/1992,18/05/1992,1,07/06/1992,H642442,H642443,H642444,H642445,H642446,H642447,H642448,,,,,,,,,,,,,,Hatching date estimated - Assumption that all ringed young fledged
1057,1992,344,NAG,PIEFL,1,7,7,7,38,58,,,,NE,E147480,I,28/05/1992,10/06/1990,2,H234079,R,07/06/1991,17/05/1992,1,06/06/1992,H642248,H642249,H642250,H642251,H642252,H642253,H642254,,,,,,,,,,,,,,Hatching date estimated - Assumption that all ringed young fledged
1058,1992,357,NAG,PIEFL,1,8,8,8,35,56,,,,NE,H234200,R,25/05/1992,10/06/1991,1,H234008,S,25/05/1991,17/05/1992,2,06/06/1992,H642255,H642256,H642257,H642258,H642259,H642260,H642261,H642262,,,,,,,,,,,,,Hatching date estimated - Assumption that all ringed young fledged
1059,1992,359,NAG,PIEFL,1,7,7,7,38,58,,,,NE,H642038,I,28/05/1992,28/05/1992,1,F618197,R,05/06/1990,18/05/1992,2,07/06/1992,H642435,H642436,H642437,H642438,H642439,H642440,H642441,,,,,,,,,,,,,,Hatching date estimated - Assumption that all ringed young fledged
1060,1992,375,NAG,PIEFL,1,7,6,6,38,58,,,1,NE,F961164,I,28/05/1992,01/07/1990,2,H642021,I,18/05/1992,18/05/1992,1,06/06/1992,H642263,H642264,H642265,H642266,H642267,H642268,,,,,,,,,,,,,,,Hatching date estimated - Assumption that all ringed young fledged
1061,1992,376,NAG,PIEFL,1,8,7,7,36,57,,,1,NE,H234019,S,28/05/1992,01/06/1991,2,H642004,I,15/05/1992,15/05/1992,1,06/06/1992,H642277,H642278,H642279,H642280,H642281,H642282,H642283,,,,,,,,,,,,,,Hatching date estimated - Assumption that all ringed young fledged
1062,1992,401,NAG,PIEFL,1,9,0,0,37,,,,,ED,,,,,,E897116,S,07/06/1989,16/05/1992,3,,,,,,,,,,,,,,,,,,,,,,DESERTED BY 24/5
1063,1992,408,NAG,PIEFL,1,8,8,8,40,61,,,,NE,H642045,I,31/05/1992,31/05/1992,1,H642009,I,16/05/1992,16/05/1992,1,11/06/1992,H642578,H642579,H642580,H642581,H642582,H642583,H642584,H642585,,,,,,,,,,,,,Hatching date estimated - Assumption that all ringed young fledged
1064,1992,410,NAG,PIEFL,1,8,8,8,36,57,,,,NE,H234021,S,31/05/1992,01/06/1991,2,E897300,S,10/06/1989,16/05/1992,3,06/06/1992,H642320,H642321,H642322,H642323,H642324,H642325,H642326,H642327,,,,,,,,,,,,,Hatching date estimated - Assumption that all ringed young fledged
1065,1992,415,NAG,PIEFL,1,9,0,0,35,,,,,ED,E897529,S,31/05/1992,15/06/1989,3,E849376,S,09/06/1988,16/05/1992,4,,,,,,,,,,,,,,,,,,,,,,Hatching date estimated - Assumption that all ringed young fledged - ORIGINAL  EGGS INFERTILE - 3 YOUNG TRANSFERRED FROM BOX 111
1066,1992,417,NAG,PIEFL,1,4,,2,40,57,,,,NE,H234339,R,28/06/1992,15/06/1991,1,H642680,I,16/06/1992,16/06/1992,1,04/07/1992,H642703,H642704,,,,,,,,,,,,,,,,,,,Hatching date estimated - Assumption that all ringed young fledged
1067,1992,418,NAG,PIEFL,1,,,,,,,,,OU,H642010,I,16/05/1992,16/05/1992,1,,,,,,,,,,,,,,,,,,,,,,,,,,,Hatching date estimated - Assumption that all ringed young fledged
1068,1992,426,NAG,PIEFL,1,4,,0,55,,,,,JD,,,,,,H380203,I,15/06/1991,31/05/1992,1,20/06/1992,H642687,H642688,H642689,,,,,,,,,,,,,,,,,,Hatching date estimated - ALL DIED
1069,1992,429,NAG,PIEFL,1,6,6,6,39,58,,,,NE,H234031,R,31/05/1992,04/06/1991,1,H234066,R,07/06/1991,16/05/1992,1,06/06/1992,H642314,H642315,H642316,H642317,H642318,H642319,,,,,,,,,,,,,,,Hatching date estimated - Assumption that all ringed young fledged
1070,1992,434,NAG,PIEFL,1,9,9,9,38,60,,,,NE,H234022,S,31/05/1992,01/06/1991,2,H642008,I,16/05/1992,16/05/1992,1,10/06/1992,H642554,H642555,H642556,H642557,H642558,H642559,H642560,H642561,H642562,,,,,,,,,,,,Hatching date estimated - Assumption that all ringed young fledged
1071,1992,438,NAG,PIEFL,1,7,7,7,38,58,,,,NE,F618051,S,30/05/1992,31/05/1990,3,F618027,S,21/05/1990,16/05/1992,3,06/06/1992,H642328,H642329,H642330,H642331,H642332,H642333,H642334,,,,,,,,,,,,,,Hatching date estimated - Assumption that all ringed young fledged
1072,1992,R8,NAG,PIEFL,1,5,,3,62,81,,,,NE,H234202,R,20/06/1992,10/06/1991,1,H642586,I,11/06/1992,11/06/1992,1,28/06/1992,H642697,H642698,H642699,,,,,,,,,,,,,,,,,,Hatching date estimated - Assumption that all ringed young fledged
1073,1993,,FLO,PIEFL,1,,,7,,,,,,NE,,,,,,C388799,I,08/06/1991,03/06/1993,2,03/06/1993,H911103,H911104,H911105,H911106,H911107,H911108,H911109,,,,,,,,,,,,,,Hatching date estimated - Assumption that all ringed young fledged
1074,1993,,FLO,PIEFL,1,,,6,,,,,,NE,H911116,I,03/06/1993,03/06/1993,1,H642490,S,08/06/1992,03/06/1993,2,03/06/1993,H911110,H911111,H911112,H911113,H911114,H911115,,,,,,,,,,,,,,,Hatching date estimated - Assumption that all ringed young fledged
1075,1993,,FLO,PIEFL,1,,,8,,,,,,NE,H911117,I,03/06/1993,03/06/1993,1,E143485,I,,03/06/1993,1,03/06/1993,H911118,H911119,H911120,H911121,H911122,H911123,H911124,H911125,,,,,,,,,,,,,Hatching date estimated - Assumption that all ringed young fledged
1076,1993,,FLO,PIEFL,1,,,7,,,,,,NE,H380542,I,03/06/1993,06/06/1992,1,H911126,I,03/06/1993,03/06/1993,1,03/06/1993,H911127,H911128,H911129,H911130,H911131,H911132,H911133,,,,,,,,,,,,,,Hatching date estimated - Assumption that all ringed young fledged
1077,1993,,FLO,PIEFL,1,,,8,,,,,,NE,H911135,I,03/06/1993,03/06/1993,1,H911134,I,03/06/1993,03/06/1993,1,03/06/1993,H911136,H911137,H911138,H911139,H911140,H911141,H911142,H911143,,,,,,,,,,,,,Hatching date estimated - Assumption that all ringed young fledged
1078,1993,2,KEN ,PIEFL,1,7,7,7,35,54,,,,NE,H642411,S,02/06/1993,07/06/1992,2,H642024,S,21/05/1992,16/05/1993,2,02/06/1993,H911039,H911040,H911041,H911042,H911043,H911044,H911045,,,,,,,,,,,,,,Hatching date estimated - Assumption that all ringed young fledged
1079,1993,6,KEN ,PIEFL,1,7,7,7,37,56,,,,NE,H911053,I,02/06/1993,02/06/1993,1,E897457,R,13/06/1989,16/05/1993,4,02/06/1993,H911054,H911055,H911056,H911057,H911058,H911059,H911060,,,,,,,,,,,,,,Hatching date estimated - Assumption that all ringed young fledged
1080,1993,12,KEN ,PIEFL,1,8,,7,36,56,,,,NE,H911068,I,02/06/1993,02/06/1993,1,H642188,R,06/06/1992,16/05/1993,1,02/06/1993,H911069,H911070,H911071,H911072,H911073,H911074,H911075,,,,,,,,,,,,,,Hatching date estimated - Assumption that all ringed young fledged
1081,1993,18,KEN ,PIEFL,1,7,7,7,36,55,,,,NE,H234132,R,02/06/1993,08/06/1991,2,H911006,I,16/05/1993,16/05/1993,1,02/06/1993,H911061,H911062,H911063,H911064,H911065,H911066,H911067,,,,,,,,,,,,,,Hatching date estimated - Assumption that all ringed young fledged
1082,1993,26,KEN ,PIEFL,1,8,,8,38,58,,,,NE,E364132,S,02/06/1993,02/06/1987,6,F618280,R,07/06/1990,16/05/1993,3,07/06/1993,H911500,H911501,H911502,H911503,H911504,H911505,H911506,H911507,,,,,,,,,,,,,Hatching date estimated - Assumption that all ringed young fledged
1083,1993,28,KEN ,PIEFL,1,7,,5,38,57,,,,NE,E849182,S,02/06/1993,07/06/1988,5,E897021,S,27/05/1989,16/05/1993,5,02/06/1993,H911076,H911077,H911078,H911079,H911080,,,,,,,,,,,,,,,,Hatching date estimated - Assumption that all ringed young fledged
1084,1993,30,KEN ,PIEFL,1,7,7,7,32,51,,,,NE,,,,,,H911009,I,16/05/1993,16/05/1993,1,02/06/1993,H911081,H911082,H911083,H911084,H911085,H911086,H911087,,,,,,,,,,,,,,Hatching date estimated - Assumption that all ringed young fledged
1085,1993,33,KEN ,PIEFL,1,7,7,7,34,53,,,,NE,H234025,S,02/06/1993,03/05/1991,3,H234101,R,07/06/1991,16/05/1993,2,02/06/1993,H911088,H911089,H911090,H911091,H911092,H911093,H911094,,,,,,,,,,,,,,Hatching date estimated - Assumption that all ringed young fledged
1086,1993,39,KEN ,PIEFL,1,9,,8,36,57,,,,NE,H911007,I,16/05/1993,16/05/1993,1,H911008,I,16/05/1993,16/05/1993,1,07/06/1993,H911492,H911493,H911494,H911495,H911496,H911497,H911498,H911499,,,,,,,,,,,,,Hatching date estimated - Assumption that all ringed young fledged
1087,1993,44,KEN ,PIEFL,1,8,7,7,37,58,,,1,NE,H642040,S,02/06/1993,29/05/1992,2,H642025,S,21/05/1992,02/06/1993,2,07/06/1993,H911508,H911509,H911510,H911511,H911512,H911513,H911514,,,,,,,,,,,,,,Hatching date estimated - Assumption that all ringed young fledged
1088,1993,50,KEN ,PIEFL,1,7,7,7,37,56,,,,NE,,,,,,E849079,S,05/06/1989,16/05/1993,5,02/06/1993,H911046,H911047,H911048,H911049,H911050,H911051,H911052,,,,,,,,,,,,,,Hatching date estimated - Assumption that all ringed young fledged
1089,1993,6,LYD,PIEFL,1,,,7,,,,,,NE,H911192,I,03/06/1993,03/06/1993,1,H911191,I,03/06/1993,03/06/1993,1,11/06/1993,H911631,H911632,H911633,H911634,H911635,H911636,H911637,,,,,,,,,,,,,,Hatching date estimated - Assumption that all ringed young fledged
1090,1993,14,LYD,PIEFL,1,,,5,,,,,1,NE,H911200,I,03/06/1993,03/06/1993,1,H642627,R,12/06/1992,03/06/1993,1,11/06/1993,H911638,H911639,H911640,H911641,H911642,,,,,,,,,,,,,,,,Hatching date estimated - Assumption that all ringed young fledged
1091,1993,1,LYD,PIEFL,1,,,7,,,,,,NE,E897077,S,03/06/1993,05/06/1989,5,H642299,R,06/06/1992,12/06/1993,1,03/06/1993,H911193,H911194,H911195,H911196,H911197,H911198,H911199,,,,,,,,,,,,,,Hatching date estimated - Assumption that all ringed young fledged
1092,1993,3,NAG,PIEFL,1,8,,7,32,52,,,,NE,H642043,S,10/05/1993,30/05/1992,2,H234107,R,08/06/1991,10/05/1993,2,01/06/1993,H911031,H911032,H911033,H911034,H911035,H911036,H911037,,,,,,,,,,,,,,Hatching date estimated - Assumption that all ringed young fledged
1093,1993,6,NAG,PIEFL,1,9,9,9,38,59,,,,NE,H911038,I,01/06/1993,01/06/1993,1,H234184,S,10/06/1991,18/05/1993,2,07/06/1993,H911515,H911516,H911517,H911518,H911519,H911520,H911521,H911522,H911523,,,,,,,,,,,,Hatching date estimated - Assumption that all ringed young fledged
1094,1993,9,NAG,PIEFL,1,7,6,6,37,56,,,1,NE,H642036,S,31/05/1993,27/05/1992,2,H234348,S,15/06/1991,15/05/1993,2,04/06/1993,H911209,H911210,H911211,H911212,H911213,H911214,,,,,,,,,,,,,,,Hatching date estimated - Assumption that all ringed young fledged
1095,1993,18,NAG,PIEFL,1,7,7,7,37,56,,,,NE,H234034,S,31/05/1993,04/06/1991,2,H642213,R,06/06/1992,12/05/1993,1,04/06/1993,H911227,H911228,H911229,H911230,H911231,H911232,H911233,,,,,,,,,,,,,,Hatching date estimated - Assumption that all ringed young fledged
1096,1993,19,NAG,PIEFL,1,8,8,8,35,55,,,,NE,F950175,S,31/05/1993,04/06/1990,3,F950151,S,02/06/1990,12/05/1993,3,04/06/1993,H911234,H911235,H911236,H911237,H911238,H911239,H911240,H911241,,,,,,,,,,,,,Hatching date estimated - Assumption that all ringed young fledged
1097,1993,21,NAG,PIEFL,1,7,,2,43,62,,,,NE,H911242,I,04/06/1993,04/06/1993,1,H911014,I,19/05/1993,19/05/1993,1,10/06/1993,H911585,H911586,,,,,,,,,,,,,,,,,,,Hatching date estimated - Assumption that all ringed young fledged
1098,1993,28,NAG,PIEFL,1,8,8,8,37,57,,,,NE,F618205,S,31/05/1993,06/06/1990,3,F134505,S,08/06/1989,15/05/1993,4,05/06/1993,H911419,H911420,H911421,H911422,H911423,H911424,H911425,H911426,,,,,,,,,,,,,Hatching date estimated - Assumption that all ringed young fledged
1099,1993,30,NAG,PIEFL,1,7,7,7,44,63,,,,NE,H642194,R,21/05/1993,06/06/1992,1,H642452,R,07/06/1992,21/05/1993,1,10/06/1993,H911587,H911588,H911589,H911590,H911591,H911592,H911593,,,,,,,,,,,,,,Hatching date estimated - Assumption that all ringed young fledged
1100,1993,39,NAG,PIEFL,1,6,6,6,44,62,,,,NE,H642313,R,02/06/1993,06/06/1992,1,H642533,R,10/06/1992,22/05/1993,1,10/06/1993,H911572,H911573,H911574,H911575,H911576,H911577,,,,,,,,,,,,,,,Hatching date estimated - Assumption that all ringed young fledged
1101,1993,48,NAG,PIEFL,1,7,7,7,48,67,,,,NE,F707753,S,07/06/1993,23/06/1991,2,E364156,S,02/06/1987,31/05/1993,6,15/06/1993,H911666,H911667,H911668,H911669,H911670,H911671,H911672,,,,,,,,,,,,,,Hatching date estimated - Assumption that all ringed young fledged
1102,1993,51,NAG,PIEFL,1,8,,7,41,61,,,,NE,H911024,I,31/05/1993,31/05/1993,1,H234324,S,15/06/1991,18/05/1993,2,09/06/1993,H911559,H911560,H911561,H911562,H911563,H911564,H911565,,,,,,,,,,,,,,Hatching date estimated - Assumption that all ringed young fledged
1103,1993,58,NAG,PIEFL,1,7,7,7,44,63,,,,NE,H911102,I,02/06/1993,02/06/1993,1,H234394,S,17/06/1991,19/05/1993,2,10/06/1993,H911578,H911579,H911580,H911581,H911582,H911583,H911584,,,,,,,,,,,,,,Hatching date estimated - Assumption that all ringed young fledged
1104,1993,65,NAG,PIEFL,1,7,6,6,37,56,,,1,NE,E897353,S,31/05/1993,10/06/1989,4,F618526,S,03/07/1990,21/05/1993,3,05/06/1993,H911442,H911443,H911444,H911445,H911446,H911447,,,,,,,,,,,,,,,Hatching date estimated - Assumption that all ringed young fledged
1105,1993,73,NAG,PIEFL,1,7,5,5,36,55,,,2,NE,H234292,S,31/05/1993,14/06/1991,2,F618197,S,05/06/1990,15/05/1993,3,04/06/1993,H911222,H911223,H911224,H911225,H911226,,,,,,,,,,,,,,,,Hatching date estimated - Assumption that all ringed young fledged
1106,1993,80,NAG,PIEFL,1,7,7,7,40,59,,,,NE,H642191,R,31/05/1993,06/06/1992,1,H911016,I,21/05/1993,21/05/1993,1,05/06/1993,H911448,H911449,H911450,H911451,H911452,H911453,H911454,,,,,,,,,,,,,,Hatching date estimated - Assumption that all ringed young fledged
1107,1993,82,NAG,PIEFL,1,7,7,7,34,53,,,,NE,E848527,S,24/05/1993,23/06/1990,3,H234075,S,07/06/1991,10/05/1993,2,03/06/1993,H911171,H911172,H911173,H911174,H911175,H911176,H911177,,,,,,,,,,,,,,Hatching date estimated - Assumption that all ringed young fledged
1108,1993,86,NAG,PIEFL,1,7,,5,32,51,,,1,NE,H234094,R,24/05/1993,07/06/1991,2,E897081,S,07/06/1989,10/05/1993,4,03/06/1993,H911151,H911152,H911153,H911154,H911155,,,,,,,,,,,,,,,,Hatching date estimated - Assumption that all ringed young fledged
1109,1993,89,NAG,PIEFL,1,4,4,4,68,84,,,,NE,H642555,R,09/06/1993,10/06/1992,1,H642095,R,04/06/1992,09/06/1993,1,03/07/1993,H911699,H911700,H911701,H911702,,,,,,,,,,,,,,,,,Hatching date estimated - Assumption that all ringed young fledged
1110,1993,94,NAG,PIEFL,1,6,,4,40,58,,,1,NE,H234091,R,31/05/1993,07/06/1991,2,E897356,S,10/06/1989,18/05/1993,4,05/06/1993,H911408,H911409,H911410,H911411,,,,,,,,,,,,,,,,,Hatching date estimated - Assumption that all ringed young fledged
1111,1993,99,NAG,PIEFL,1,7,7,7,38,57,,,,NE,H234040,S,31/05/1993,05/06/1991,2,H642401,R,07/06/1992,14/05/1993,1,05/06/1993,H911341,H911342,H911343,H911344,H911345,H911346,H911347,,,,,,,,,,,,,,Hatching date estimated - Assumption that all ringed young fledged
1112,1993,104,NAG,PIEFL,1,7,7,7,39,58,,,,NE,H234085,S,01/06/1993,07/06/1991,2,E364001,S,12/05/1987,18/05/1993,7,05/06/1993,H911334,H911335,H911336,H911337,H911338,H911339,H911340,,,,,,,,,,,,,,Hatching date estimated - Assumption that all ringed young fledged
1113,1993,105,NAG,PIEFL,1,7,,6,34,53,,,,NE,H234149,S,28/05/1993,09/06/1991,2,H642023,S,20/05/1992,10/05/1993,2,03/06/1993,H911185,H911186,H911187,H911188,H911189,H911190,,,,,,,,,,,,,,,Hatching date estimated - Assumption that all ringed young fledged
1114,1993,108,NAG,PIEFL,1,7,,6,37,56,,,,NE,H234048,R,01/06/1993,07/06/1991,2,H642183,R,06/06/1992,20/05/1993,1,05/06/1993,H911361,H911362,H911363,H911364,H911365,H911366,,,,,,,,,,,,,,,Hatching date estimated - Assumption that all ringed young fledged
1115,1993,132,NAG,PIEFL,1,8,8,8,37,57,,,,NE,H234314,S,31/05/1993,15/06/1991,3,F618054,S,03/06/1990,15/05/1993,3,05/06/1993,H911427,H911428,H911429,H911430,H911431,H911432,H911433,H911434,,,,,,,,,,,,,Hatching date estimated - Assumption that all ringed young fledged
1116,1993,134,NAG,PIEFL,1,8,7,7,37,57,,,1,NE,H380514,I,31/05/1993,31/05/1992,1,H642013,S,17/05/1992,19/05/1993,2,05/06/1993,H911455,H911456,H911457,H911458,H911459,H911460,H911461,,,,,,,,,,,,,,Hatching date estimated - Assumption that all ringed young fledged
1117,1993,136,NAG,PIEFL,1,8,8,6,46,66,,,,NE,H911476,I,05/06/1993,05/06/1993,1,F950133,S,02/06/1990,23/05/1993,3,15/06/1993,H911682,H911683,H911684,H911685,H911686,H911687,,,,,,,,,,,,,,,Hatching date estimated - Assumption that all ringed young fledged
1118,1993,137,NAG,PIEFL,1,7,7,7,39,58,,,,NE,F618042,S,01/06/1993,27/05/1990,4,H911015,I,19/05/1993,19/05/1993,1,05/06/1993,H911469,H911470,H911471,H911472,H911473,H911474,H911475,,,,,,,,,,,,,,Hatching date estimated - Assumption that all ringed young fledged
1119,1993,141,NAG,PIEFL,1,9,,8,35,56,,,,NE,H642037,S,31/05/1993,27/05/1992,2,E508415,S,12/06/1988,15/05/1993,6,05/06/1993,H911484,H911485,H911486,H911487,H911488,H911489,H911490,H911491,,,,,,,,,,,,,Hatching date estimated - Assumption that all ringed young fledged
1120,1993,144,NAG,PIEFL,1,7,7,7,36,55,,,,NE,F618529,S,31/05/1993,10/07/1990,3,H642030,S,24/05/1992,15/05/1993,2,04/06/1993,H911215,H911216,H911217,H911218,H911219,H911220,H911221,,,,,,,,,,,,,,Hatching date estimated - Assumption that all ringed young fledged
1121,1993,154,NAG,PIEFL,1,7,,5,47,66,,,1,NE,F618346,S,05/06/1993,08/06/1990,3,H911025,I,31/05/1993,31/05/1993,1,15/06/1993,H911673,H911674,H911675,H911676,H911677,,,,,,,,,,,,,,,,Hatching date estimated - Assumption that all ringed young fledged
1122,1993,158,NAG,PIEFL,1,7,7,7,38,57,,,,NE,H380140,S,31/05/1993,07/06/1991,2,F985047,I,08/06/1992,15/05/1993,1,05/06/1993,H911435,H911436,H911437,H911438,H911439,H911440,H911441,,,,,,,,,,,,,,Hatching date estimated - Assumption that all ringed young fledged
1123,1993,160,NAG,PIEFL,1,7,6,6,37,56,,,1,NE,H642014,S,26/05/1993,17/05/1992,2,H234137,S,08/06/1991,13/05/1993,2,04/06/1993,H911274,H911275,H911276,H911277,H911278,H911279,,,,,,,,,,,,,,,Hatching date estimated - Assumption that all ringed young fledged
1124,1993,167,NAG,PIEFL,1,7,7,7,36,55,,,,NE,F014133,S,15/05/1993,09/06/1991,2,H642388,R,07/06/1992,15/05/1993,1,03/06/1993,H911164,H911165,H911166,H911167,H911168,H911169,H911170,,,,,,,,,,,,,,Hatching date estimated - Assumption that all ringed young fledged
1125,1993,169,NAG,PIEFL,1,7,7,7,34,53,,,,NE,E849503,S,24/05/1993,10/06/1988,5,H642018,S,18/05/1992,10/05/1993,2,03/06/1993,H911144,H911145,H911146,H911147,H911148,H911149,H911150,,,,,,,,,,,,,,Hatching date estimated - Assumption that all ringed young fledged
1126,1993,187,NAG,PIEFL,1,7,,0,36,,,,,JP,H234160,S,15/05/1993,09/06/1991,2,H642586,S,11/06/1992,15/05/1993,2,,,,,,,,,,,,,,,,,,,,,,Hatching date estimated - ALL YOUBG PREDATED BY 5/6
1127,1993,189,NAG,PIEFL,1,7,7,7,41,60,,,,NE,H642055,S,01/06/1993,31/05/1992,2,H642414,R,07/06/1992,20/05/1993,1,08/06/1993,H911525,H911526,H911527,H911528,H911529,H911530,H911531,,,,,,,,,,,,,,Hatching date estimated - Assumption that all ringed young fledged
1128,1993,196,NAG,PIEFL,1,8,,7,33,53,,,,NE,H911019,I,24/05/1993,24/05/1993,1,H234384,S,17/06/1991,12/05/1993,2,02/06/1993,H911095,H911096,H911097,H911098,H911099,H911100,H911101,,,,,,,,,,,,,,Hatching date estimated - Assumption that all ringed young fledged
1129,1993,204,NAG,PIEFL,1,7,7,7,38,57,,,,NE,H642535,R,31/05/1993,10/06/1992,1,H911005,I,15/05/1993,15/05/1993,1,05/06/1993,H911477,H911478,H911479,H911480,H911481,H911482,H911483,,,,,,,,,,,,,,Hatching date estimated - Assumption that all ringed young fledged
1130,1993,205,NAG,PIEFL,1,7,7,7,36,55,,,,NE,H911026,I,31/05/1993,31/05/1993,1,C388841,S,22/06/1991,12/05/1993,2,04/06/1993,H911243,H911244,H911245,H911246,H911247,H911248,H911249,,,,,,,,,,,,,,Hatching date estimated - Assumption that all ringed young fledged
1131,1993,211,NAG,PIEFL,1,6,6,6,34,52,,,,NE,H234144,S,31/05/1993,09/06/1991,3,H911001,I,10/05/1993,10/05/1993,1,05/06/1993,H911355,H911356,H911357,H911358,H911359,H911360,,,,,,,,,,,,,,,Hatching date estimated - Assumption that all ringed young fledged
1132,1993,213,NAG,PIEFL,1,8,8,8,36,55,,,,NE,H642179,R,27/05/1993,06/06/1992,1,H642285,R,06/06/1992,14/05/1993,1,04/06/1993,H911290,H911291,H911292,H911293,H911294,H911295,H911296,H911297,,,,,,,,,,,,,Hatching date estimated - Assumption that all ringed young fledged
1133,1993,218,NAG,PIEFL,1,5,,0,65,,,,3,JD,,,,,,H911545,I,08/06/1993,08/06/1993,1,,,,,,,,,,,,,,,,,,,,,,2 DEAD YOUNG AND 3 EGGS ON 22/6
1134,1993,220,NAG,PIEFL,1,8,8,8,36,56,,,,NE,H911022,I,27/05/1993,27/05/1993,1,H234518,S,30/06/1991,13/05/1993,2,04/06/1993,H911201,H911202,H911203,H911204,H911205,H911206,H911207,H911208,,,,,,,,,,,,,Hatching date estimated - Assumption that all ringed young fledged
1135,1993,221,NAG,PIEFL,1,5,5,5,35,55,,,,NE,H234270,S,24/05/1993,13/06/1991,2,H234066,S,07/06/1991,14/05/1993,2,04/06/1993,H911310,H911311,H911312,H911313,H911314,,,,,,,,,,,,,,,,Hatching date estimated - Assumption that all ringed young fledged
1136,1993,248,NAG,PIEFL,1,6,6,6,35,53,,,,NE,H911021,I,26/05/1993,26/05/1993,1,H911002,I,13/05/1993,13/05/1993,1,04/06/1993,H911280,H911281,H911282,H911283,H911284,H911285,,,,,,,,,,,,,,,Hatching date estimated - Assumption that all ringed young fledged
1137,1993,255,NAG,PIEFL,1,7,7,7,40,59,,,,NE,F618037,S,31/05/1993,26/05/1990,4,H642005,S,16/05/1992,15/05/1993,2,05/06/1993,H911412,H911413,H911414,H911415,H911416,H911417,H911418,,,,,,,,,,,,,,Hatching date estimated - Assumption that all ringed young fledged
1138,1993,256,NAG,PIEFL,1,8,8,8,32,52,,,,NE,H234302,R,10/05/1993,15/06/1991,2,H642004,S,15/05/1992,10/05/1993,2,03/06/1993,H911156,H911157,H911158,H911159,H911160,H911161,H911162,H911163,,,,,,,,,,,,,Hatching date estimated - Assumption that all ringed young fledged
1139,1993,259,NAG,PIEFL,1,7,7,7,43,62,,,,NE,H642044,S,03/06/1993,30/05/1992,2,F618302,S,08/06/1990,21/05/1993,3,10/06/1993,H911594,H911595,H911596,H911597,H911598,H911599,H911600,,,,,,,,,,,,,,Hatching date estimated - Assumption that all ringed young fledged
1140,1993,266,NAG,PIEFL,1,6,6,6,44,62,,,,NE,H642035,S,03/06/1993,26/05/1992,2,H234411,R,18/06/1991,21/05/1993,2,10/06/1993,H911601,H911602,H911603,H911604,H911605,H911606,,,,,,,,,,,,,,,Hatching date estimated - Assumption that all ringed young fledged
1141,1993,272,NAG,PIEFL,1,7,7,7,42,61,,,,NE,H642174,R,01/06/1993,06/06/1992,1,H911010,I,18/05/1993,18/05/1993,1,08/06/1993,H911546,H911547,H911548,H911549,H911550,H911551,H911552,,,,,,,,,,,,,,Hatching date estimated - Assumption that all ringed young fledged
1142,1993,294,NAG,PIEFL,1,7,7,7,36,55,,,,NE,H642231,R,28/05/1993,06/06/1992,1,H911011,I,18/05/1993,18/05/1993,1,04/06/1993,H911250,H911251,H911252,H911253,H911254,H911255,H911256,,,,,,,,,,,,,,Hatching date estimated - Assumption that all ringed young fledged
1143,1993,295,NAG,PIEFL,1,9,9,9,34,55,,,,NE,H234014,S,28/05/1993,30/05/1991,3,H911012,I,18/05/1993,18/05/1993,1,04/06/1993,H911257,H911258,H911259,H911260,H911261,H911262,H911263,H911264,H911265,,,,,,,,,,,,Hatching date estimated - Assumption that all ringed young fledged
1144,1993,304,NAG,PIEFL,1,7,6,6,42,61,,,1,NE,H234264,R,01/06/1993,13/06/1991,2,H911013,I,18/05/1993,18/05/1993,1,09/06/1993,H911553,H911554,H911555,H911556,H911557,H911558,,,,,,,,,,,,,,,Hatching date estimated - Assumption that all ringed young fledged
1145,1993,309,NAG,PIEFL,1,7,,6,46,65,,,,NE,H642119,R,04/06/1993,04/06/1992,1,E618018,I,,21/05/1993,1,12/06/1993,H911650,H911651,H911652,H911653,H911654,H911655,,,,,,,,,,,,,,,Hatching date estimated - Assumption that all ringed young fledged
1146,1993,313,NAG,PIEFL,1,8,8,8,34,54,,,,NE,H234329,S,26/05/1993,15/06/1991,2,H642022,S,19/05/1992,13/05/1993,2,04/06/1993,H911266,H911267,H911268,H911269,H911270,H911271,H911272,H911273,,,,,,,,,,,,,Hatching date estimated - Assumption that all ringed young fledged
1147,1993,325,NAG,PIEFL,1,8,7,7,38,58,,,1,NE,H234347,R,31/05/1993,15/06/1991,2,H234304,R,15/06/1991,15/05/1993,2,05/06/1993,H911462,H911463,H911464,H911465,H911466,H911467,H911468,,,,,,,,,,,,,,Hatching date estimated - Assumption that all ringed young fledged
1148,1993,332,NAG,PIEFL,1,8,,5,44,64,,,,NE,F618277,R,04/06/1993,07/06/1990,3,E364391,S,06/06/1987,21/05/1993,6,12/06/1993,H911643,H911644,H911645,H911646,H911647,H911648,H911649,,,,,,,,,,,,,,Hatching date estimated - 647/648 DIED
1149,1993,334,NAG,PIEFL,1,7,4,4,36,55,,,3,NE,H911023,I,27/05/1993,27/05/1993,1,C990060,S,11/06/1986,13/05/1993,7,04/06/1993,H911286,H911287,H911288,H911289,,,,,,,,,,,,,,,,,Hatching date estimated - Assumption that all ringed young fledged
1150,1993,337,NAG,PIEFL,1,7,7,7,34,53,,,,NE,E364491,S,24/05/1993,07/06/1987,6,H234151,R,09/06/1991,10/05/1993,2,03/06/1993,H911178,H911179,H911180,H911181,H911182,H911183,H911184,,,,,,,,,,,,,,Hatching date estimated - Assumption that all ringed young fledged
1151,1993,338,NAG,PIEFL,1,7,6,6,44,63,,,1,NE,H642257,R,04/06/1993,06/06/1992,1,H642274,R,06/06/1992,18/05/1993,1,10/06/1993,H911566,H911567,H911568,H911569,H911570,H911571,,,,,,,,,,,,,,,Hatching date estimated - Assumption that all ringed young fledged
1152,1993,341,NAG,PIEFL,1,7,,6,36,54,,,,NE,H642090,R,31/05/1993,03/06/1992,1,H642201,R,06/06/1992,14/05/1993,1,05/06/1993,H911395,H911396,H911397,H911398,H911399,H911400,,,,,,,,,,,,,,,Hatching date estimated - Assumption that all ringed young fledged
1153,1993,344,NAG,PIEFL,1,7,6,6,37,56,,,1,NE,H642225,R,31/05/1993,06/06/1992,1,H234008,S,25/05/1991,14/05/1993,3,04/06/1993,H911298,H911299,H911300,H911301,H911302,H911303,,,,,,,,,,,,,,,Hatching date estimated - Assumption that all ringed young fledged
1154,1993,346,NAG,PIEFL,1,6,6,6,47,65,,,,NE,E147480,S,04/06/1993,10/06/1990,3,H642073,R,03/06/1992,22/05/1993,1,10/06/1993,H911607,H911608,H911609,H911610,H911611,H911612,,,,,,,,,,,,,,,Hatching date estimated - Assumption that all ringed young fledged
1155,1993,349,NAG,PIEFL,1,6,,5,65,83,,,,NE,H642045,S,22/06/1993,31/05/1992,2,H642008,S,16/05/1992,08/06/1993,2,03/07/1993,H911706,H911707,H911708,H911709,H911710,,,,,,,,,,,,,,,,Hatching date estimated - Assumption that all ringed young fledged
1156,1993,353,NAG,PIEFL,1,7,,6,43,62,,,,NE,E849181,S,05/06/1993,07/06/1988,5,H642600,R,11/06/1992,20/05/1993,1,10/06/1993,H911619,H911620,H911621,H911622,H911623,H911624,,,,,,,,,,,,,,,Hatching date estimated - Assumption that all ringed young fledged
1157,1993,354,NAG,PIEFL,1,6,,4,46,64,,,,NE,H642180,R,04/06/1993,06/06/1992,1,H234306,R,15/06/1991,21/05/1993,2,12/06/1993,H911662,H911663,H911664,H911665,,,,,,,,,,,,,,,,,Hatching date estimated - Assumption that all ringed young fledged
1158,1993,358,NAG,PIEFL,1,6,6,6,37,55,,,,NE,H642225,S,31/05/1993,06/06/1992,1,H642195,R,06/06/1992,14/05/1993,1,04/06/1993,H911304,H911305,H911306,H911307,H911308,H911309,,,,,,,,,,,,,,,Hatching date estimated - Assumption that all ringed young fledged
1159,1993,360,NAG,PIEFL,1,7,6,6,38,57,,,1,NE,H642192,R,31/05/1993,06/06/1992,1,H642289,R,06/06/1992,14/05/1993,1,05/06/1993,H911382,H911383,H911384,H911385,H911386,H911387,,,,,,,,,,,,,,,Hatching date estimated - Assumption that all ringed young fledged
1160,1993,376,NAG,PIEFL,1,7,7,7,38,57,,,,NE,H234428,S,31/05/1993,19/06/1991,2,H642661,R,12/06/1992,14/05/1993,1,05/06/1993,H911388,H911389,H911390,H911391,H911392,H911393,H911394,,,,,,,,,,,,,,Hatching date estimated - Assumption that all ringed young fledged
1161,1993,405,NAG,PIEFL,1,5,,3,66,83,,,,NE,H642258,R,22/06/1993,06/06/1992,1,H642586,S,11/06/1992,15/06/1993,2,03/07/1993,H911703,H911704,H911705,,,,,,,,,,,,,,,,,,Hatching date estimated - Assumption that all ringed young fledged
1162,1993,406,NAG,PIEFL,1,7,7,7,35,54,,,,NE,H642060,R,01/06/1993,02/06/1992,1,E897300,S,10/06/1989,11/05/1993,4,04/06/1993,H911327,H911328,H911329,H911330,H911331,H911332,H911333,,,,,,,,,,,,,,Hatching date estimated - Assumption that all ringed young fledged
1163,1993,413,NAG,PIEFL,1,7,,6,44,63,,,,NE,F865697,I,04/06/1993,22/06/1991,2,H642589,R,11/06/1992,20/05/1993,1,10/06/1993,H911613,H911614,H911615,H911616,H911617,H911618,,,,,,,,,,,,,,,Hatching date estimated - Assumption that all ringed young fledged
1164,1993,414,NAG,PIEFL,1,7,7,7,36,55,,,,NE,H234031,S,01/06/1993,04/06/1991,2,H642006,S,16/05/1992,11/05/1993,2,04/06/1993,H911315,H911316,H911317,H911318,H911319,H911320,H911321,,,,,,,,,,,,,,Hatching date estimated - Assumption that all ringed young fledged
1165,1993,417,NAG,PIEFL,1,6,,5,50,67,,,,NE,H234339,S,08/06/1993,15/06/1991,2,H642089,R,03/06/1992,01/06/1993,1,15/06/1993,H911688,H911689,H911690,H911691,H911692,,,,,,,,,,,,,,,,Hatching date estimated - Assumption that all ringed young fledged
1166,1993,424,NAG,PIEFL,1,8,6,6,40,58,,,2,NE,H234177,R,01/06/1993,10/06/1991,2,H911004,I,15/05/1993,15/05/1993,1,08/06/1993,H911532,H911533,H911534,H911535,H911536,H911537,,,,,,,,,,,,,,,Hatching date estimated - Assumption that all ringed young fledged
1167,1993,426,NAG,PIEFL,1,6,5,5,38,56,,,1,NE,H642010,S,01/06/1993,16/05/1992,2,H642288,R,06/06/1992,15/05/1993,1,04/06/1993,H911322,H911323,H911324,H911325,H911326,,,,,,,,,,,,,,,,Hatching date estimated - Assumption that all ringed young fledged
1168,1993,430,NAG,PIEFL,1,7,6,6,38,57,,,1,NE,H234457,S,25/04/1993,20/06/1991,3,H911003,I,15/05/1993,15/05/1993,1,05/06/1993,H911376,H911377,H911378,H911379,H911380,H911381,,,,,,,,,,,,,,,Hatching date estimated - Assumption that all ringed young fledged
1169,1993,432,NAG,PIEFL,1,8,,6,43,63,,,,NE,H911524,I,08/06/1993,08/06/1993,1,H234619,I,,21/05/1993,1,10/06/1993,H911625,H911626,H911627,H911628,H911629,H911630,,,,,,,,,,,,,,,Hatching date estimated - Assumption that all ringed young fledged
1170,1993,433,NAG,PIEFL,1,8,,6,43,63,,,,NE,H642117,R,22/05/1993,04/06/1992,1,H911017,I,22/05/1993,22/05/1993,1,12/06/1993,H911656,H911657,H911658,H911659,H911660,H911661,,,,,,,,,,,,,,,Hatching date estimated - Assumption that all ringed young fledged
1171,1993,435,NAG,PIEFL,1,7,,6,47,66,,,,NE,H234225,R,08/06/1993,10/06/1991,2,H234079,S,07/06/1991,23/05/1993,2,15/06/1993,H911693,H911694,H911695,H911696,H911697,H911698,,,,,,,,,,,,,,,Hatching date estimated - Assumption that all ringed young fledged
1172,1993,437,NAG,PIEFL,1,7,,4,32,51,,,,NE,H234225,S,22/05/1993,10/06/1991,2,H642287,R,06/06/1992,11/05/1993,1,01/06/1993,H911027,H911028,H911029,H911030,,,,,,,,,,,,,,,,,Hatching date estimated - Assumption that all ringed young fledged
1173,1993,440,NAG,PIEFL,1,8,,0,35,,,,,JP,H642045,S,28/05/1993,31/05/1992,2,H642008,S,16/05/1992,15/05/1993,2,,,,,,,,,,,,,,,,,,,,,,Hatching date estimated - ALL YOUNG PREDATED BY 1/6
1174,1993,138A,NAG,PIEFL,1,8,8,4,46,66,,,,NE,H642171,R,07/06/1993,06/06/1992,1,H911020,I,24/05/1993,24/05/1993,1,15/06/1993,H911678,H911679,H911680,H911681,,,,,,,,,,,,,,,,,Hatching date estimated - Assumption that all ringed young fledged
1175,1993,R13,NAG,PIEFL,1,7,7,7,40,59,,,,NE,H234019,S,01/06/1993,01/06/1991,3,H642262,R,06/06/1992,01/06/1993,1,08/06/1993,H911538,H911539,H911540,H911541,H911542,H911543,H911544,,,,,,,,,,,,,,Hatching date estimated - Assumption that all ringed young fledged
1176,1993,R4,NAG,PIEFL,1,7,7,7,38,57,,,,NE,H642261,R,31/05/1993,06/06/1992,1,H642031,S,24/05/1992,14/05/1993,2,05/06/1993,H911348,H911349,H911350,H911351,H911352,H911353,H911354,,,,,,,,,,,,,,Hatching date estimated - Assumption that all ringed young fledged
1177,1993,R6,NAG,PIEFL,1,9,7,7,36,57,,,2,NE,H234429,R,31/05/1993,19/06/1991,2,H234013,S,30/05/1991,14/05/1993,3,05/06/1993,H911401,H911402,H911403,H911404,H911405,H911406,H911407,,,,,,,,,,,,,,Hatching date estimated - Assumption that all ringed young fledged
1178,1993,R7,NAG,PIEFL,1,7,,0,43,,,,,JP,,,,,,H911013,I,23/05/1993,23/05/1993,1,,,,,,,,,,,,,,,,,,,,,,Hatching date estimated - ALL YOUNG PREDATED BY 8/6
1179,1993,R8,NAG,PIEFL,1,7,,3,37,56,,,,NE,E897529,S,05/06/1993,15/06/1989,4,H642012,S,17/05/1992,13/05/1993,2,05/06/1993,H911373,H911374,H911375,,,,,,,,,,,,,,,,,,Hatching date estimated - RECEIVED 3 CHICKS FROM R9
1180,1993,R9,NAG,PIEFL,1,9,,6,37,58,,,,NE,H234525,S,01/06/1993,06/07/1991,2,E849376,S,09/06/1988,15/05/1993,5,05/06/1993,H911367,H911368,H911369,H911370,H911371,H911372,,,,,,,,,,,,,,,Hatching date estimated - Assumption that all ringed young fledged
1181,1994,3,KEN,PIEFL,1,7,6,6,41,61,,,1,NE,J596027,I,31/05/1994,31/05/1994,1,E849079,S,05/06/1989,31/05/1994,6,09/06/1994,J596311,J596312,J596313,J596314,J596315,J596316,,,,,,,,,,,,,,,Hatching date estimated - Assumption that all ringed young fledged
1182,1994,9,KEN,PIEFL,1,8,7,7,40,61,,,1,NE,H642116,R,04/06/1994,04/06/1992,2,J596022,I,31/05/1994,31/05/1994,1,09/06/1994,J596317,J596318,J596319,J596320,J596321,J596322,J596323,,,,,,,,,,,,,,Hatching date estimated - Assumption that all ringed young fledged
1183,1994,10,KEN,PIEFL,1,6,6,6,42,66,,,,NE,H642541,R,09/06/1994,10/06/1992,2,J596023,I,31/05/1994,31/05/1994,1,12/06/1994,J595488,J595489,J595490,J595491,J595492,J595493,,,,,,,,,,,,,,,Hatching date estimated - Assumption that all ringed young fledged
1184,1994,12,KEN,PIEFL,1,6,6,6,40,59,,,,NE,H234105,R,31/05/1994,07/06/1991,3,H642314,R,06/06/1992,31/05/1994,2,09/06/1994,J596324,J596325,J596326,J596327,J596328,J596329,,,,,,,,,,,,,,,Hatching date estimated - Assumption that all ringed young fledged
1185,1994,16,KEN,PIEFL,1,6,6,6,42,63,,,,NE,H642473,R,04/06/1994,07/06/1992,2,J596024,I,31/05/1994,31/05/1994,1,09/06/1994,J596330,J596331,J596332,J596333,J596334,J596335,,,,,,,,,,,,,,,Hatching date estimated - Assumption that all ringed young fledged
1186,1994,32,KEN,PIEFL,1,7,7,7,40,61,,,,NE,,,,,,J596168,I,04/06/1994,04/06/1994,1,09/06/1994,J596339,J596340,J596341,J596342,J596343,J596344,J596345,,,,,,,,,,,,,,Hatching date estimated - Assumption that all ringed young fledged
1187,1994,35,KEN,PIEFL,1,7,7,7,40,60,,,,NE,H642658,R,31/05/1994,12/06/1992,2,J596026,I,31/05/1994,31/05/1994,1,09/06/1994,J596346,J596347,J596348,J596349,J596350,J596351,J596352,,,,,,,,,,,,,,Hatching date estimated - Assumption that all ringed young fledged
1188,1994,37,KEN,PIEFL,1,7,5,5,,56,,,2,NE,J596025,I,31/05/1994,31/05/1994,1,H911006,S,16/05/1993,31/05/1994,2,04/06/1994,J596169,J596170,J596171,J596172,J596173,,,,,,,,,,,,,,,,Hatching date estimated - Assumption that all ringed young fledged
1189,1994,41,KEN,PIEFL,1,5,,3,39,60,,,,NE,H642411,S,31/05/1994,07/06/1992,3,E897457,S,13/06/1989,31/05/1994,5,09/06/1994,J596336,J596337,J596338,,,,,,,,,,,,,,,,,,Hatching date estimated - Assumption that all ringed young fledged
1190,1994,44,KEN,PIEFL,1,7,,3,42,64,,,,NE,,,,,,H642443,R,07/06/1992,31/05/1994,2,12/06/1994,J596494,J596495,J596496,,,,,,,,,,,,,,,,,,Hatching date estimated - Assumption that all ringed young fledged
1191,1994,47,KEN,PIEFL,1,7,7,7,40,60,,,,NE,H380597,I,04/06/1994,06/06/1992,2,H642024,S,21/05/1992,31/05/1994,3,09/06/1994,J596304,J596305,J596306,J596307,J596308,J596309,J596310,,,,,,,,,,,,,,Hatching date estimated - Assumption that all ringed young fledged
1192,1994,Lower 2,LYD,PIEFL,1,,,,,,,,,NE,J596354,I,10/06/1994,10/06/1994,1,J596353,I,10/06/1994,10/06/1994,1,,,,,,,,,,,,,,,,,,,,,,FLEW BEFORE RINGING
1193,1994,Upper 1,LYD,PIEFL,1,,,2,,,,,,NE,H911200,S,10/06/1994,03/06/1993,2,J596365,I,10/06/1994,10/06/1994,1,10/06/1994,J596366,J596367,,,,,,,,,,,,,,,,,,,Hatching date estimated - Assumption that all ringed young fledged
1194,1994,Upper 10,LYD,PIEFL,1,,,3,,,,,,NE,,,,,,H911060,R,02/06/1993,10/06/1994,1,10/06/1994,J596362,J596363,J596364,,,,,,,,,,,,,,,,,,Hatching date estimated - Assumption that all ringed young fledged
1195,1994,Upper 6,LYD,PIEFL,1,,,7,,,,,,NE,H642251,R,10/06/1994,06/06/1992,2,H911262,R,04/06/1993,10/06/1994,1,10/06/1994,J596355,J596356,J596357,J596358,J596359,J596360,J596361,,,,,,,,,,,,,,Hatching date estimated - Assumption that all ringed young fledged
1196,1994,5,NAG,PIEFL,1,9,6,5,43,65,,,3,NE,J596174,I,05/06/1994,05/06/1994,1,E508415,S,12/06/1988,29/05/1994,7,15/06/1994,J596510,J596511,J596512,J596513,J596514,J596515,,,,,,,,,,,,,,,Hatching date estimated - 512 DIED
1197,1994,9,NAG,PIEFL,1,6,,5,58,78,,,,NE,H911038,S,15/06/1994,01/06/1993,2,J596090,I,03/06/1994,03/06/1994,1,22/06/1994,J596532,J596533,J596534,J596535,J596536,,,,,,,,,,,,,,,,Hatching date estimated - Assumption that all ringed young fledged
1198,1994,13,NAG,PIEFL,1,7,5,5,46,66,,,2,NE,H911286,R,05/06/1994,04/06/1993,1,H800804,I,07/06/1992,29/05/1994,2,11/06/1994,J596420,J596421,J596422,J596423,J596424,,,,,,,,,,,,,,,,Hatching date estimated - Assumption that all ringed young fledged
1199,1994,18,NAG,PIEFL,1,7,,5,39,59,,,1,NE,H234034,S,29/05/1994,04/06/1991,3,H911014,S,19/05/1993,18/05/1994,2,04/06/1994,J596104,J596105,J596106,J596107,J596108,,,,,,,,,,,,,,,,Hatching date estimated - Assumption that all ringed young fledged
1200,1994,20,NAG,PIEFL,1,6,,5,40,59,,,1,NE,F950175,S,29/05/1994,04/06/1990,4,J596006,I,18/05/1994,18/05/1994,1,04/06/1994,J596109,J596110,J596111,J596112,J596113,,,,,,,,,,,,,,,,Hatching date estimated - Assumption that all ringed young fledged
1201,1994,27,NAG,PIEFL,1,7,7,7,42,62,,,,NE,H642070,R,02/06/1994,02/06/1992,2,H911256,R,04/06/1993,28/05/1994,1,11/06/1994,J596453,J596454,J596455,J596456,J596457,J596458,J596459,,,,,,,,,,,,,,Hatching date estimated - Assumption that all ringed young fledged
1202,1994,28,NAG,PIEFL,1,7,7,7,42,63,,,,NE,H234314,S,03/06/1994,15/06/1991,4,F618054,S,03/06/1990,28/05/1994,4,11/06/1994,J595460,J595461,J595462,J595463,J595464,J595465,J595466,,,,,,,,,,,,,,Hatching date estimated - Assumption that all ringed young fledged
1203,1994,29,NAG,PIEFL,1,6,6,6,44,63,,,,NE,H642303,R,03/06/1994,06/06/1992,2,J596016,I,28/05/1994,28/05/1994,1,11/06/1994,J596447,J596448,J596449,J596450,J596451,J596452,,,,,,,,,,,,,,,Hatching date estimated - Assumption that all ringed young fledged
1204,1994,32,NAG,PIEFL,1,7,,1,37,57,,,,NE,H642560,R,28/05/1994,10/06/1992,2,H234008,S,25/05/1991,16/05/1994,4,03/06/1994,J596089,,,,,,,,,,,,,,,,,,,,Hatching date estimated - Assumption that all ringed young fledged
1205,1994,39,NAG,PIEFL,1,7,7,7,41,61,,,,NE,J596031,I,01/06/1994,01/06/1994,1,H911015,S,19/05/1993,01/06/1994,2,08/06/1994,J596283,J596284,J596285,J596286,J596287,J596288,J596289,,,,,,,,,,,,,,Hatching date estimated - Assumption that all ringed young fledged
1206,1994,52,NAG,PIEFL,1,7,7,7,39,59,,,,NE,J596019,I,29/05/1994,29/05/1994,1,J596002,I,15/05/1994,15/05/1994,1,05/06/1994,J596175,J596176,J596177,J596178,J596179,J596180,J596181,,,,,,,,,,,,,,Hatching date estimated - Assumption that all ringed young fledged
1207,1994,59,NAG,PIEFL,1,7,6,6,45,65,,,1,NE,H380140,S,04/06/1994,07/06/1991,3,J596020,I,29/05/1994,29/05/1994,1,11/06/1994,J596431,J596432,J596433,J596434,J596435,J596436,,,,,,,,,,,,,,,Hatching date estimated - Assumption that all ringed young fledged
1208,1994,66,NAG,PIEFL,1,6,6,6,35,54,,,,NE,H642014,S,28/05/1994,17/05/1992,3,E084966,I,04/06/1990,25/05/1994,5,01/06/1994,J596032,J596033,J596034,J596035,J596036,J596037,,,,,,,,,,,,,,,Hatching date estimated - Assumption that all ringed young fledged
1209,1994,75,NAG,PIEFL,1,7,7,7,41,61,,,,NE,H642037,S,01/06/1994,27/05/1992,3,H642262,S,06/06/1992,01/06/1994,2,08/06/1994,J596290,J596291,J596292,J596293,J596294,J596295,J596296,,,,,,,,,,,,,,Hatching date estimated - Assumption that all ringed young fledged
1210,1994,76,NAG,PIEFL,1,6,6,6,55,,,,,NE,J596091,I,03/06/1994,03/06/1994,1,J596038,I,01/06/1994,01/06/1994,1,11/06/1994,J596425,J596426,J596427,J596428,J596429,J596430,,,,,,,,,,,,,,,Assumption that all ringed young fledged
1211,1994,77,NAG,PIEFL,1,5,,2,62,80,,,,NE,H854531,I,19/06/1994,04/06/1993,1,H911271,R,04/06/1993,08/06/1994,1,22/06/1994,J596551,J596552,,,,,,,,,,,,,,,,,,,Hatching date estimated - Assumption that all ringed young fledged
1212,1994,82,NAG,PIEFL,1,7,7,7,42,62,,,,NE,H642225,S,02/06/1994,06/06/1992,2,J596015,I,28/05/1994,28/05/1994,1,11/06/1994,J596474,J596475,J596476,J596477,J596478,J596479,J596480,,,,,,,,,,,,,,Hatching date estimated - Assumption that all ringed young fledged
1213,1994,86,NAG,PIEFL,1,7,,6,40,62,,,,NE,J596054,I,02/06/1994,02/06/1994,1,F618302,S,08/06/1990,21/05/1994,4,11/06/1994,J596481,J596482,J596483,J596484,J596485,J596486,,,,,,,,,,,,,,,Hatching date estimated - Assumption that all ringed young fledged
1214,1994,89,NAG,PIEFL,1,7,6,6,38,58,,,1,NE,H642038,S,28/05/1994,28/05/1992,3,J596014,I,28/05/1994,28/05/1994,1,04/06/1994,J596114,J596115,J596116,J596117,J596118,J596119,,,,,,,,,,,,,,,Hatching date estimated - Assumption that all ringed young fledged
1215,1994,93,NAG,PIEFL,1,6,6,6,41,60,,,,NE,H911479,R,03/06/1994,05/06/1993,1,H642023,S,20/05/1992,15/05/1994,3,05/06/1994,J596190,J596191,J596192,J596193,J596194,J596195,,,,,,,,,,,,,,,Hatching date estimated - Assumption that all ringed young fledged
1216,1994,97,NAG,PIEFL,1,7,7,7,46,66,,,,NE,H911502,R,05/06/1994,07/06/1993,1,H911325,R,04/06/1993,28/05/1994,1,12/06/1994,J596498,J596499,J596500,J596501,J596502,J596503,J596504,,,,,,,,,,,,,,Hatching date estimated - Assumption that all ringed young fledged
1217,1994,100,NAG,PIEFL,1,9,9,9,38,60,,,,NE,H911023,S,03/06/1994,27/05/1993,2,H234184,S,10/06/1991,21/05/1994,3,08/06/1994,J596269,J596270,J596271,J596272,J596273,J596274,J596275,J596276,J596277,,,,,,,,,,,,Hatching date estimated - Assumption that all ringed young fledged
1218,1994,105,NAG,PIEFL,1,7,6,6,37,57,,,1,NE,H234144,S,02/06/1994,09/06/1991,4,H642600,S,11/06/1992,19/06/1994,2,02/06/1994,J596066,J596067,J596068,J596069,J596070,J596071,,,,,,,,,,,,,,,Hatching date estimated - Assumption that all ringed young fledged
1219,1994,105,NAG,PIEFL,3,,0,0,76,,,,2,ED,,,,,,H642600,S,11/06/1992,15/05/1994,2,,,,,,,,,,,,,,,,,,,,,,ONLY KNOWN GENUINE SECOND NESTING ATTEMPT. RECORDER KNOWS THAT FIRST BROOD FLEDGED.
1220,1994,108,NAG,PIEFL,1,7,,6,38,58,,,,NE,H642369,R,30/05/1994,07/06/1992,2,H911001,S,10/05/1993,15/05/1994,2,05/06/1994,J596222,J596223,J596224,J596225,J596226,J596227,,,,,,,,,,,,,,,Hatching date estimated - Assumption that all ringed young fledged
1221,1994,115,NAG,PIEFL,1,7,7,7,43,63,,,,NE,H642682,R,03/06/1994,17/06/1992,2,H911003,S,15/05/1993,21/05/1994,2,11/06/1994,J596401,J596402,J596403,J596404,J596405,J596406,J596407,,,,,,,,,,,,,,Hatching date estimated - Assumption that all ringed young fledged
1222,1994,116,NAG,PIEFL,1,7,5,5,47,67,,,2,NE,H911294,R,06/06/1994,04/06/1993,1,H642183,S,06/06/1992,28/05/1994,2,12/06/1994,J596505,J596506,J596507,J596508,J596509,,,,,,,,,,,,,,,,Hatching date estimated - Assumption that all ringed young fledged
1223,1994,125,NAG,PIEFL,1,6,5,5,43,62,,,1,NE,H911028,R,02/06/1994,01/06/1993,1,J596018,I,29/05/1994,29/05/1994,1,11/06/1994,J596415,J596416,J596417,J596418,J596419,,,,,,,,,,,,,,,,Hatching date estimated - Assumption that all ringed young fledged
1224,1994,132,NAG,PIEFL,1,6,6,6,40,59,,,,NE,E897353,S,02/06/1994,10/06/1989,5,J596017,I,28/05/1994,28/05/1994,1,11/06/1994,J596441,J596442,J596443,J596444,J596445,J596446,,,,,,,,,,,,,,,Hatching date estimated - Assumption that all ringed young fledged
1225,1994,138,NAG,PIEFL,1,6,,1,57,,,,,NE,J596516,I,15/06/1994,15/06/1994,1,J596010,S,21/05/1994,01/06/1994,1,22/06/1994,J596537,J596538,,,,,,,,,,,,,,,,,,,538 DIED
1226,1994,140,NAG,PIEFL,1,,0,0,,,,,,ED,,,,,,,,,,,,,,,,,,,,,,,,,,,,,,,,DESERTED - DID NOT SIT
1227,1994,144,NAG,PIEFL,1,8,,7,38,60,,,,NE,,,,,,F618526,S,03/07/1990,01/06/1994,4,08/06/1994,J596297,J596298,J596299,J596300,J596301,J596302,J596303,,,,,,,,,,,,,,Hatching date estimated - Assumption that all ringed young fledged
1228,1994,151,NAG,PIEFL,1,8,8,8,39,61,,,,NE,J596011,I,21/05/1994,21/05/1994,1,F950133,S,02/06/1990,21/05/1994,4,06/06/1994,J596247,J596248,J596249,J596250,J596251,J596252,J596253,J596254,,,,,,,,,,,,,Hatching date estimated - Assumption that all ringed young fledged
1229,1994,154,NAG,PIEFL,1,6,3,3,39,58,,,3,NE,,,,,,H234394,S,17/06/1991,15/05/1994,3,04/06/1994,J596101,J596102,J596103,,,,,,,,,,,,,,,,,,Hatching date estimated - Assumption that all ringed young fledged
1230,1994,157,NAG,PIEFL,1,6,,4,46,65,,,1,NE,H911147,R,04/06/1994,03/06/1993,1,H911696,R,15/06/1993,29/05/1994,1,11/06/1994,J596437,J596438,J596439,J596440,,,,,,,,,,,,,,,,,Hatching date estimated - Assumption that all ringed young fledged
1231,1994,168,NAG,PIEFL,1,7,7,7,44,64,,,,NE,H911441,R,04/06/1994,05/06/1993,1,H642005,S,16/05/1992,21/05/1994,3,11/06/1994,J596467,J596468,J596469,J596470,J596471,J596472,J596473,,,,,,,,,,,,,,Hatching date estimated - Assumption that all ringed young fledged
1232,1994,169,NAG,PIEFL,1,7,,5,38,58,,,,NE,E849503,S,31/05/1994,10/06/1988,6,J596012,I,28/05/1994,28/05/1994,1,04/06/1994,J596134,J596135,J596136,J596137,J596138,,,,,,,,,,,,,,,,Hatching date estimated - Assumption that all ringed young fledged
1233,1994,173,NAG,PIEFL,1,7,5,5,38,58,,,2,NE,H642340,R,31/05/1994,06/06/1992,2,H642073,S,03/06/1992,28/05/1994,2,03/06/1994,J596072,J596073,J596074,J596075,J596076,,,,,,,,,,,,,,,,Hatching date estimated - Assumption that all ringed young fledged
1234,1994,179,NAG,PIEFL,1,8,,0,39,,,,,JD,H234091,S,03/06/1994,07/06/1991,3,H642285,S,06/06/1992,15/05/1994,2,,,,,,,,,,,,,,,,,,,,,,Hatching date estimated - ALL DEAD BY 4/6
1235,1994,187,NAG,PIEFL,1,7,7,7,39,59,,,,NE,J596030,I,31/05/1994,31/05/1994,1,H642031,S,24/05/1992,28/05/1994,3,05/06/1994,J596234,J596235,J596236,J596237,J596238,J596239,J596240,,,,,,,,,,,,,,Hatching date estimated - Assumption that all ringed young fledged
1236,1994,196,NAG,PIEFL,1,8,,5,39,60,,,,NE,J596092,I,04/06/1994,04/06/1994,1,H234013,S,30/05/1991,18/05/1994,4,04/06/1994,J596093,J596094,J596095,J596096,J596097,J596098,J596099,J596100,,,,,,,,,,,,,Hatching date estimated - Assumption that all ringed young fledged - 3 YOUNG TRANSFERRED TO  BOX 301 
1237,1994,199,NAG,PIEFL,1,7,7,7,38,62,,,,NE,H911388,R,02/06/1994,05/06/1993,1,H911062,R,02/06/1993,15/05/1994,1,11/06/1994,J596408,J596409,J596410,J596411,J596412,J596413,J596414,,,,,,,,,,,,,,Hatching date estimated - Assumption that all ringed young fledged
1238,1994,209,NAG,PIEFL,1,7,7,7,38,58,,,,NE,H911297,R,28/05/1994,04/06/1993,1,H911472,R,05/06/1993,28/05/1994,1,04/06/1994,J596127,J596128,J596129,J596130,J596131,J596132,J596133,,,,,,,,,,,,,,Hatching date estimated - Assumption that all ringed young fledged
1239,1994,210,NAG,PIEFL,1,,,,,,,,,OU,,,,,,,,,,,,,,,,,,,,,,,,,,,,,,,,NO OTHER DETAILS
1240,1994,222,NAG,PIEFL,1,8,8,0,37,,,,,JD,,,,,,H234518,S,30/06/1991,28/05/1994,3,05/06/1994,J596204,J596205,J596206,J596207,J596208,J596209,J596210,,,,,,,,,,,,,,Hatching date estimated - ALL YOUNG DEAD BY 11/6
1241,1994,225,NAG,PIEFL,1,8,8,8,38,59,,,,NE,H234429,S,31/05/1994,19/06/1991,2,H642289,S,06/06/1992,15/05/1994,2,04/06/1994,J596146,J596147,J596148,J596149,J596150,J596151,J596152,J596153,,,,,,,,,,,,,Hatching date estimated - Assumption that all ringed young fledged
1242,1994,229,NAG,PIEFL,1,7,7,7,38,60,,,,NE,H642090,S,31/05/1994,03/06/1992,2,H642413,R,07/06/1992,28/05/1994,2,05/06/1994,J596196,J596197,J596198,J596199,J596200,J596201,J596202,,,,,,,,,,,,,,Hatching date estimated - Assumption that all ringed young fledged
1243,1994,231,NAG,PIEFL,1,7,6,6,38,68,,,1,NE,H911088,R,30/05/1994,02/06/1993,1,J596005,I,16/05/1994,16/05/1994,1,05/06/1994,J596228,J596229,J596230,J596231,J596232,J596233,,,,,,,,,,,,,,,Hatching date estimated - Assumption that all ringed young fledged
1244,1994,255,NAG,PIEFL,1,8,,4,36,57,,,2,NE,H234094,S,31/05/1994,07/06/1991,3,E897081,S,07/06/1989,28/05/1994,5,03/06/1994,J596085,J596086,J596087,J596088,,,,,,,,,,,,,,,,,Hatching date estimated - Assumption that all ringed young fledged
1245,1994,256,NAG,PIEFL,1,8,8,8,36,57,,,,NE,E848527,S,28/05/1994,23/06/1990,4,H642388,S,07/06/1992,28/05/1994,2,03/06/1994,J596077,J596078,J596079,J596080,J596081,J596082,J596083,J596084,,,,,,,,,,,,,Hatching date estimated - Assumption that all ringed young fledged
1246,1994,258,NAG,PIEFL,1,5,3,3,51,69,,,2,NE,J596487,I,11/06/1994,11/06/1994,1,H642452,S,07/06/1992,11/06/1994,2,15/06/1994,J596517,J596518,J596519,,,,,,,,,,,,,,,,,,Hatching date estimated - Assumption that all ringed young fledged
1247,1994,261,NAG,PIEFL,1,6,6,1,54,73,,,,NE,F014133,S,12/06/1994,09/06/1991,3,H911004,S,15/05/1993,29/05/1994,2,19/06/1994,J596520,J596521,J596522,J596523,J596524,J596525,,,,,,,,,,,,,,,Hatching date estimated - 520/521/522/523/525 DIED
1248,1994,266,NAG,PIEFL,1,8,7,7,38,59,,,1,NE,F618037,S,28/05/1994,26/05/1990,5,J596013,I,28/05/1994,28/05/1994,1,04/06/1994,J596120,J596121,J596122,J596123,J596124,J596125,J596126,,,,,,,,,,,,,,Hatching date estimated - Assumption that all ringed young fledged
1249,1994,267,NAG,PIEFL,1,4,,3,62,79,,,,NE,H911027,R,19/06/1994,01/06/1993,1,H911461,R,05/06/1993,15/06/1994,1,22/06/1994,J596553,J596554,J596555,,,,,,,,,,,,,,,,,,Hatching date estimated - Assumption that all ringed young fledged
1250,1994,271,NAG,PIEFL,1,6,6,5,54,71,,,,NE,J596497,I,12/06/1994,12/06/1994,1,H432466,I,02/06/1993,01/06/1994,1,19/06/1994,J596526,J596527,J596528,J596529,J596530,J596531,,,,,,,,,,,,,,,Hatching date estimated - 528 DIED
1251,1994,286,NAG,PIEFL,1,8,,7,37,58,,,,NE,J596039,I,02/06/1994,02/06/1994,1,H911011,S,18/05/1993,21/05/1994,2,02/06/1994,J596040,J596041,J596042,J596043,J596044,J596045,J596046,,,,,,,,,,,,,,Hatching date estimated - Assumption that all ringed young fledged
1252,1994,299,NAG,PIEFL,1,7,7,7,37,57,,,,NE,H642174,S,02/06/1994,06/06/1992,2,H234024,S,01/06/1991,21/05/1994,4,02/06/1994,J596047,J596048,J596049,J596050,J596051,J596052,J596053,,,,,,,,,,,,,,Hatching date estimated - Assumption that all ringed young fledged
1253,1994,301,NAG,PIEFL,1,7,0,0,41,,,,,ED,H642535,S,06/06/1994,10/06/1992,2,H642533,S,10/06/1992,16/05/1994,2,04/06/1994,J596095,J596096,J596097,,,,,,,,,,,,,,,,,,3 YOUNG TRANSFERRED FROM BOX 196 (BROTHER-SISTER PAIRING - EGGS INFERTILE)
1254,1994,304,NAG,PIEFL,1,8,8,8,37,58,,,,NE,H234334,S,29/05/1994,15/06/1991,3,F618018,S,19/05/1990,18/05/1994,5,05/06/1994,J596182,J596183,J596184,J596185,J596186,J596187,J596188,J596189,,,,,,,,,,,,,Hatching date estimated - Assumption that all ringed young fledged
1255,1994,313,NAG,PIEFL,1,6,5,5,41,60,,,1,NE,H642313,S,01/06/1994,06/06/1992,2,H911005,S,15/05/1993,18/05/1994,2,08/06/1994,J596278,J596279,J596280,J596281,J596282,,,,,,,,,,,,,,,,Hatching date estimated - Assumption that all ringed young fledged
1256,1994,322,NAG,PIEFL,1,7,0,0,44,,,,,ED,,,,,,J596010,I,21/05/1994,21/05/1994,1,,,,,,,,,,,,,,,,,,,,,,DESERTED
1257,1994,338,NAG,PIEFL,1,7,,6,44,64,,,,NE,H911022,S,03/06/1994,27/05/1993,2,J596007,I,21/05/1994,21/05/1994,1,11/06/1994,J596368,J596369,J596370,J596371,J596372,J596373,,,,,,,,,,,,,,,Hatching date estimated - Assumption that all ringed young fledged
1258,1994,342,NAG,PIEFL,1,6,6,6,44,63,,,,NE,,,,,,H911220,R,04/06/1993,03/06/1994,1,11/06/1994,J596374,J596375,J596376,J596377,J596378,J596379,,,,,,,,,,,,,,,Hatching date estimated - Assumption that all ringed young fledged
1259,1994,346,NAG,PIEFL,1,8,5,5,35,56,,,3,NE,J596028,I,31/05/1994,31/05/1994,1,H234075,S,07/06/1991,02/06/1994,3,02/06/1994,J596055,J596056,J596057,J596058,J596059,,,,,,,,,,,,,,,,Hatching date estimated - Assumption that all ringed young fledged
1260,1994,351,NAG,PIEFL,1,8,0,0,39,,,,,ED,H911198,R,30/05/1994,03/06/1993,1,J596008,I,21/05/1994,21/05/1994,1,,,,,,,,,,,,,,,,,,,,,,DESERTED
1261,1994,352,NAG,PIEFL,1,6,,5,59,75,,,,NE,H911198,S,15/06/1994,03/06/1993,2,J596008,S,21/05/1994,11/06/1994,1,22/06/1994,J596539,J596540,J596541,J596542,J596543,,,,,,,,,,,,,,,,Hatching date estimated - Assumption that all ringed young fledged
1262,1994,354,NAG,PIEFL,1,8,8,8,39,60,,,,NE,H642180,S,01/06/1994,06/06/1992,2,H642008,S,16/05/1992,01/06/1994,3,11/06/1994,J596393,J596394,J596395,J596396,J596397,J596398,J596399,J596400,,,,,,,,,,,,,Hatching date estimated - Assumption that all ringed young fledged
1263,1994,358,NAG,PIEFL,1,7,7,7,38,58,,,,NE,H642408,R,31/05/1994,07/06/1992,2,H642195,S,06/06/1992,15/05/1994,2,04/06/1994,J596139,J596140,J596141,J596142,J596143,J596144,J596145,,,,,,,,,,,,,,Hatching date estimated - Assumption that all ringed young fledged
1264,1994,401,NAG,PIEFL,1,7,7,7,41,61,,,,NE,H911216,R,01/06/1994,04/06/1993,1,J596001,I,15/05/1994,15/05/1994,1,11/06/1994,J596380,J596381,J596382,J596383,J596384,J596385,J596386,,,,,,,,,,,,,,Hatching date estimated - Assumption that all ringed young fledged
1265,1994,402,NAG,PIEFL,1,7,,5,40,60,,,,NE,H234177,S,01/06/1994,10/06/1991,2,E897300,S,10/06/1989,16/05/1994,5,06/06/1994,J596262,J596263,J596264,J596265,J596266,J596267,J596268,,,,,,,,,,,,,,Hatching date estimated - Assumption that all ringed young fledged - J596262 AND J596263 TRANSFERRED TO BOX 417 ON 5/6
1266,1994,405,NAG,PIEFL,1,6,6,6,42,61,,,,NE,H642259,R,02/06/1994,06/06/1992,2,H911099,R,02/06/1993,21/05/1994,1,11/06/1994,J596387,J596388,J596389,J596390,J596391,J596392,,,,,,,,,,,,,,,Hatching date estimated - Assumption that all ringed young fledged
1267,1994,408,NAG,PIEFL,1,7,,6,36,56,,,,NE,H234031,S,28/05/1994,04/06/1991,3,J596004,I,16/05/1994,16/05/1994,1,02/06/1994,J596060,J596061,J596062,J596063,J596064,J596065,,,,,,,,,,,,,,,Hatching date estimated - Assumption that all ringed young fledged
1268,1994,409,NAG,PIEFL,1,8,8,8,37,58,,,,NE,J596021,I,30/05/1994,30/05/1994,1,H642414,S,07/06/1992,15/05/1994,2,04/06/1994,J596160,J596161,J596162,J596163,J596164,J596165,J596166,J596167,,,,,,,,,,,,,Hatching date estimated - Assumption that all ringed young fledged
1269,1994,412,NAG,PIEFL,1,8,7,7,40,61,,,1,NE,H642571,R,01/06/1994,11/06/1992,2,J596009,I,21/05/1994,21/05/1994,1,06/06/1994,J596255,J596256,J596257,J596258,J596259,J596260,J596261,,,,,,,,,,,,,,Hatching date estimated - Assumption that all ringed young fledged
1270,1994,417,NAG,PIEFL,1,4,,2,40,57,,,,NE,E897529,S,06/06/1994,15/06/1989,5,H911480,R,05/06/1993,16/05/1994,1,06/06/1994,J596262,J596263,,,,,,,,,,,,,,,,,,,Hatching date estimated - Assumption that all ringed young fledged - RINGED YOUNG TRANSFERRED FROM BOX 402 ON 5/6 - ASSUME ORIGINAL YOUNG PERISHED ??
1271,1994,428,NAG,PIEFL,1,7,6,6,37,57,,,1,NE,H642531,R,28/05/1994,10/06/1992,2,H642228,R,06/06/1992,15/05/1994,2,04/06/1994,J596154,J596155,J596156,J596157,J596158,J596159,,,,,,,,,,,,,,,Hatching date estimated - Assumption that all ringed young fledged
1272,1994,430,NAG,PIEFL,1,7,,6,39,59,,,,NE,H642060,S,30/05/1994,02/06/1992,2,H642089,S,03/06/1992,16/05/1994,2,05/06/1994,J596216,J596217,J596218,J596219,J596220,J596221,,,,,,,,,,,,,,,Hatching date estimated - Assumption that all ringed young fledged
1273,1994,437,NAG,PIEFL,1,6,,2,36,55,,,,NE,H234525,S,06/06/1994,06/07/1991,3,H642288,S,06/06/1992,16/05/1994,2,,,,,,,,,,,,,,,,,,,,,,Hatching date estimated - Assumption that all ringed young fledged - FROM BOX 440 ON 5/6 - NO OTHER INFORMATION
1274,1994,440,NAG,PIEFL,1,7,,4,39,59,,,1,NE,H642595,R,30/05/1994,11/06/1992,2,J596003,I,16/05/1994,16/05/1994,1,05/06/1994,J596241,J596242,J596243,J596244,J596245,J596246,,,,,,,,,,,,,,,Hatching date estimated - Assumption that all ringed young fledged - J596245 AND J596246 TRANSFERRED TO BOX 437 ON 5/6
1275,1994,R5,NAG,PIEFL,1,7,5,5,39,59,,,2,NE,J596029,I,31/05/1994,31/05/1994,1,H911180,R,03/06/1993,28/05/1994,1,05/06/1994,J596211,J596212,J596213,J596214,J596215,,,,,,,,,,,,,,,,Hatching date estimated - Assumption that all ringed young fledged
1276,1995,,FLO,PIEFL,1,,,8,,,,,,NE,,,,,,,,,,,07/06/1995,K002326,K002327,K002328,K002329,K002330,K002331,K002332,K002333,,,,,,,,,,,,,Hatching date estimated - Assumption that all ringed young fledged
1277,1995,,FLO,PIEFL,1,,,6,,,,,,NE,,,,,,,,,,,07/06/1995,K002334,K002335,K002336,K002337,K002338,K002339,,,,,,,,,,,,,,,Hatching date estimated - Assumption that all ringed young fledged
1278,1995,,FLO,PIEFL,1,,,7,,,,,,NE,,,,,,,,,,,07/06/1995,K002340,K002341,K002342,K002343,K002344,K002345,K002346,,,,,,,,,,,,,,Hatching date estimated - Assumption that all ringed young fledged
1279,1995,,FLO,PIEFL,1,,,7,,,,,,NE,,,,,,,,,,,07/06/1995,K002347,K002348,K002349,K002350,K002351,K002352,K002353,,,,,,,,,,,,,,Hatching date estimated - Assumption that all ringed young fledged
1280,1995,,FLO,PIEFL,1,,,,,,,,,NE,,,,,,,,,,,,,,,,,,,,,,,,,,,,,,,,Hatching date estimated - Assumption that all ringed young fledged
1281,1995,3,KEN ,PIEFL,1,7,,2,38,58,,,,NE,H911498,R,25/05/1995,07/06/1993,2,H642024,S,21/05/1992,25/05/1995,4,10/06/1995,K002367,K002368,,,,,,,,,,,,,,,,,,,Hatching date estimated - Assumption that all ringed young fledged
1282,1995,6,KEN ,PIEFL,1,5,0,0,50,,,,,ED,,,,,,J596168,S,04/06/1994,25/05/1995,2,,,,,,,,,,,,,,,,,,,,,,EGGS DESERTED BY 17/6
1283,1995,9,KEN ,PIEFL,1,7,,0,37,,,,,JD,,,,,,K002024,I,25/05/1995,25/05/1995,1,,,,,,,,,,,,,,,,,,,,,,Hatching date estimated - ALL YOUNG DEAD BY 4/6
1284,1995,16,KEN ,PIEFL,1,7,7,7,36,56,,,,NE,H234105,S,03/06/1995,07/06/1991,4,K002025,I,25/05/1995,25/05/1995,1,02/06/1995,K002062,K002063,K002064,K002065,K002066,K002067,K002068,,,,,,,,,,,,,,Hatching date estimated - Assumption that all ringed young fledged
1285,1995,17,KEN ,PIEFL,1,7,,3,39,59,,,,NE,H911555,R,03/06/1995,09/06/1993,2,E897457,S,13/06/1989,25/05/1995,6,10/06/1995,K002378,K002379,K002380,,,,,,,,,,,,,,,,,,Hatching date estimated - Assumption that all ringed young fledged
1286,1995,34,KEN ,PIEFL,1,7,7,7,50,69,,,,NE,J596418,R,10/06/1995,11/06/1994,1,J596466,I,,25/05/1995,1,17/06/1995,K002579,K002580,K002581,K002582,K002583,K002584,K002585,,,,,,,,,,,,,,Hatching date estimated - Assumption that all ringed young fledged
1287,1995,35,KEN ,PIEFL,1,6,6,6,39,58,,,,NE,H642427,R,03/06/1995,07/06/1992,3,J596023,S,31/05/1994,25/05/1995,2,02/06/1995,K002069,K002070,K002071,K002072,K002073,K002074,,,,,,,,,,,,,,,Hatching date estimated - Assumption that all ringed young fledged
1288,1995,37,KEN ,PIEFL,1,7,7,7,40,60,,,,NE,H642411,S,03/06/1995,07/06/1992,4,K002026,I,25/05/1995,25/05/1995,1,10/06/1995,K002370,K002371,K002372,K002373,K002374,K002375,K002376,,,,,,,,,,,,,,Hatching date estimated - Assumption that all ringed young fledged
1289,1995,45,KEN ,PIEFL,1,6,6,6,52,71,,,,NE,K002377,I,10/06/1995,10/06/1995,1,H234128,S,08/06/1991,03/06/1995,4,17/06/1995,K002573,K002574,K002575,K002576,K002577,K002578,,,,,,,,,,,,,,,Hatching date estimated - Assumption that all ringed young fledged
1290,1995,46,KEN ,PIEFL,1,6,,4,38,57,,,,NE,H380597,S,03/06/1995,06/06/1992,3,K002023,I,25/05/1995,25/05/1995,1,02/06/1995,K002058,K002059,K002060,K002061,K002369,,,,,,,,,,,,,,,,Hatching date estimated - 369 DIED
1291,1995,49,KEN ,PIEFL,1,6,0,0,40,,,,,ED,K002586,I,17/06/1995,10/06/1995,1,J596463,I,,03/06/1995,1,,,,,,,,,,,,,,,,,,,,,,EGGS INFERTILE - 2 YOUNG K002584 AND K002585 TRANSFERRED IN 17/6
1292,1995,Lower 19,LYD,PIEFL,1,,,1,,,,,,NE,,,,,,K002320,I,05/06/1995,05/06/1995,1,12/06/1995,K002560,,,,,,,,,,,,,,,,,,,,Hatching date estimated - Assumption that all ringed young fledged
1293,1995,Lower 3,LYD,PIEFL,1,,,7,,,,,,NE,H911210,R,05/06/1995,04/06/1993,2,H911060,S,02/06/1993,05/06/1995,2,05/06/1995,K002313,K002314,K002315,K002316,K002317,K002318,K002319,,,,,,,,,,,,,,Hatching date estimated - Assumption that all ringed young fledged
1294,1995,Lower 7,LYD,PIEFL,1,,,7,,,,,,NE,K002311,I,05/06/1995,05/06/1995,1,K002312,I,05/06/1995,05/06/1995,1,12/06/1995,K002561,K002562,K002563,K002564,K002565,K002566,K002567,,,,,,,,,,,,,,Hatching date estimated - Assumption that all ringed young fledged
1295,1995,Upper 1,LYD,PIEFL,1,,,4,,,,,,NE,J596354,S,05/06/1995,10/06/1994,2,H829413,I,27/05/1993,05/06/1995,3,05/06/1995,K002321,K002322,K002323,K002324,,,,,,,,,,,,,,,,,Hatching date estimated - Assumption that all ringed young fledged
1296,1995,Upper 14,LYD,PIEFL,1,,,4,,,,,,NE,,,,,,,,,,,12/06/1995,K002556,K002557,K002558,K002559,,,,,,,,,,,,,,,,,Hatching date estimated - Assumption that all ringed young fledged
1297,1995,Upper 6,LYD,PIEFL,1,,,,,,,,,OU,,,,,,K002325,I,05/06/1995,05/06/1995,1,,,,,,,,,,,,,,,,,,,,,,Hatching date estimated - Assumption that all ringed young fledged
1298,1995,4,NAG,PIEFL,1,8,,7,39,60,,,,NE,H911476,S,02/06/1995,05/06/1993,3,J596328,R,09/06/1994,20/05/1995,1,10/06/1995,K002381,K002382,K002383,K002384,K002385,K002386,K002387,,,,,,,,,,,,,,Hatching date estimated - Assumption that all ringed young fledged
1299,1995,11,NAG,PIEFL,1,6,6,6,39,58,,,,NE,J596274,R,30/05/1995,08/06/1994,1,H234024,S,01/06/1991,20/05/1995,5,04/06/1995,K002212,K002213,K002214,K002215,K002216,K002217,,,,,,,,,,,,,,,Hatching date estimated - Assumption that all ringed young fledged
1300,1995,16,NAG,PIEFL,1,6,,5,42,61,,,,NE,K002045,I,02/06/1995,02/06/1995,1,J596282,R,08/06/1994,20/05/1995,1,10/06/1995,K002388,K002389,K002390,K002391,K002392,,,,,,,,,,,,,,,,Hatching date estimated - Assumption that all ringed young fledged
1301,1995,21,NAG,PIEFL,1,7,,4,40,60,,,,NE,H911242,S,02/06/1995,04/06/1993,3,H911046,R,02/06/1993,20/05/1995,2,10/06/1995,K002400,K002401,K002402,K002403,,,,,,,,,,,,,,,,,Hatching date estimated - Assumption that all ringed young fledged
1302,1995,25,NAG,PIEFL,1,7,,0,41,,,,,JP,F618346,S,02/06/1995,08/06/1990,5,K002007,I,18/05/1995,18/05/1995,1,,,,,,,,,,,,,,,,,,,,,,Hatching date estimated - PREDATED BY 10/6
1303,1995,26,NAG,PIEFL,1,7,7,7,43,63,,,,NE,H642070,S,04/06/1995,02/06/1992,3,J596265,R,06/06/1994,21/05/1995,1,11/06/1995,K002549,K002550,K002551,K002552,K002553,K002554,K002555,,,,,,,,,,,,,,Hatching date estimated - Assumption that all ringed young fledged
1304,1995,28,NAG,PIEFL,1,6,0,0,38,,,,,ED,,,,,,,,,,,,,,,,,,,,,,,,,,,,,,,,DESERTED BY 20/5
1305,1995,32,NAG,PIEFL,1,7,,3,38,58,,,,NE,H234091,S,30/05/1995,07/06/1991,4,J596017,S,28/05/1994,18/05/1995,2,04/06/1995,K002253,K002254,K002255,,,,,,,,,,,,,,,,,,Hatching date estimated - Assumption that all ringed young fledged
1306,1995,43,NAG,PIEFL,1,6,6,6,40,59,,,,NE,H911151,R,30/05/1995,03/06/1993,2,J596139,R,04/06/1994,16/05/1995,1,04/06/1995,K002196,K002197,K002198,K002199,K002200,K002201,,,,,,,,,,,,,,,Hatching date estimated - Assumption that all ringed young fledged
1307,1995,47,NAG,PIEFL,1,7,7,4,38,58,,,,NE,H911024,S,02/06/1995,31/05/1993,2,J596090,S,03/06/1994,20/05/1995,2,04/06/1995,K002202,K002203,K002204,K002205,K002206,K002207,K002208,,,,,,,,,,,,,,Hatching date estimated - 202/203/208 DIED
1308,1995,60,NAG,PIEFL,1,7,7,4,40,60,,,,NE,H911297,S,02/06/1995,04/06/1993,2,H911271,S,04/06/1993,18/05/1995,2,10/06/1995,K002408,K002409,K002410,K002411,K002412,K002413,K002414,,,,,,,,,,,,,,Hatching date estimated - 241/243/244 DIED
1309,1995,63,NAG,PIEFL,1,7,,0,40,,,,,JP,H642305,R,02/06/1995,06/06/1992,3,K002008,I,18/05/1995,18/05/1995,1,,,,,,,,,,,,,,,,,,,,,,Hatching date estimated - PREDATED BY WEASEL 10/610/6
1310,1995,64,NAG,PIEFL,1,6,,0,42,,,,,JP,K002052,I,02/06/1995,02/06/1995,1,K002017,I,20/05/1995,20/05/1995,1,,,,,,,,,,,,,,,,,,,,,,Hatching date estimated - ALL YOUNG DEAD BY 10/6
1311,1995,66,NAG,PIEFL,1,7,7,7,38,58,,,,NE,H642014,S,31/05/1995,17/05/1992,4,F618526,S,03/07/1990,21/05/1995,5,04/06/1995,K002239,K002240,K002241,K002242,K002243,K002244,K002245,,,,,,,,,,,,,,Hatching date estimated - Assumption that all ringed young fledged
1312,1995,68,NAG,PIEFL,1,7,7,3,39,59,,,,NE,K002037,I,31/05/1995,31/05/1995,1,H234510,R,24/06/1991,17/05/1995,5,04/06/1995,K002232,K002233,K002234,K002235,K002236,K002237,K002238,,,,,,,,,,,,,,Hatching date estimated - 232/234/235/238 DIED
1313,1995,69,NAG,PIEFL,1,6,6,6,37,56,,,,NE,J596092,S,27/05/1995,04/06/1994,2,H911015,S,19/05/1993,21/05/1995,3,04/06/1995,K002178,K002179,K002180,K002181,K002182,K002183,,,,,,,,,,,,,,,Hatching date estimated - Assumption that all ringed young fledged
1314,1995,76,NAG,PIEFL,1,6,,4,48,67,,,,NE,H911662,R,10/06/1995,12/06/1993,2,K002020,I,24/05/1995,24/05/1995,1,14/06/1995,K002568,K002569,K002570,K002571,K002572,,,,,,,,,,,,,,,,Hatching date estimated - 568 DIED
1315,1995,89,NAG,PIEFL,1,6,6,6,38,57,,,,NE,J596487,S,30/05/1995,11/06/1994,2,H642388,S,07/06/1992,18/05/1995,3,04/06/1995,K002267,K002268,K002269,K002270,K002271,K002272,,,,,,,,,,,,,,,Hatching date estimated - Assumption that all ringed young fledged
1316,1995,90,NAG,PIEFL,1,7,7,7,37,57,,,,NE,K002029,I,30/05/1995,30/05/1995,1,J596348,R,09/06/1994,15/05/1995,1,04/06/1995,K002111,K002112,K002113,K002114,K002115,K002116,K002117,,,,,,,,,,,,,,Hatching date estimated - Assumption that all ringed young fledged
1317,1995,92,NAG,PIEFL,1,8,8,8,38,59,,,,NE,H911526,R,30/05/1995,08/06/1993,2,K002002,I,15/05/1995,15/05/1995,1,04/06/1995,K002096,K002097,K002098,K002099,K002100,K002101,K002102,K002103,,,,,,,,,,,,,Hatching date estimated - Assumption that all ringed young fledged
1318,1995,94,NAG,PIEFL,1,8,,7,36,,,,,NE,H911479,S,30/05/1995,05/06/1993,2,J596004,S,16/05/1994,15/05/1995,2,04/06/1995,K002089,K002090,K002091,K002092,K002093,K002094,K002095,,,,,,,,,,,,,,Hatching date estimated - Assumption that all ringed young fledged
1319,1995,97,NAG,PIEFL,1,7,7,7,37,57,,,,NE,H911292,R,13/05/1995,04/06/1993,2,H911220,S,04/06/1993,13/05/1995,2,04/06/1995,K002104,K002105,K002106,K002107,K002108,K002109,K002110,,,,,,,,,,,,,,Hatching date estimated - Assumption that all ringed young fledged
1320,1995,105,NAG,PIEFL,1,7,7,7,39,59,,,,NE,H642408,S,30/05/1995,07/06/1992,3,K002014,I,20/05/1995,20/05/1995,1,04/06/1995,K002149,K002150,K002151,K002152,K002153,K002154,K002155,,,,,,,,,,,,,,Hatching date estimated - Assumption that all ringed young fledged
1321,1995,108,NAG,PIEFL,1,3,,1,41,58,,,,NE,H911088,S,03/06/1995,02/06/1993,2,H642183,S,06/06/1992,15/05/1995,3,04/06/1995,K002138,,,,,,,,,,,,,,,,,,,,Hatching date estimated - Assumption that all ringed young fledged
1322,1995,114,NAG,PIEFL,1,6,6,6,40,59,,,,NE,H642682,S,31/05/1995,17/06/1992,3,J596040,R,02/06/1994,20/05/1995,1,10/06/1995,K002529,K002530,K002531,K002532,K002533,K002534,,,,,,,,,,,,,,,Hatching date estimated - Assumption that all ringed young fledged
1323,1995,115,NAG,PIEFL,1,7,7,7,37,57,,,,NE,H642659,R,31/05/1995,12/06/1992,3,H642031,S,24/05/1992,20/05/1995,4,04/06/1995,K002118,K002119,K002120,K002121,K002122,K002123,K002124,,,,,,,,,,,,,,Hatching date estimated - Assumption that all ringed young fledged
1324,1995,117,NAG,PIEFL,1,7,7,7,39,59,,,,NE,K002033,I,31/05/1995,31/05/1995,1,J596008,S,21/05/1994,20/05/1995,2,07/06/1995,K002360,K002361,K002362,K002363,K002364,K002365,K002366,,,,,,,,,,,,,,Hatching date estimated - Assumption that all ringed young fledged
1325,1995,123,NAG,PIEFL,1,7,,0,50,,,,,JD,,,,,,H911044,R,02/06/1993,27/05/1995,2,,,,,,,,,,,,,,,,,,,,,,Hatching date estimated - ALL YOUNG DEAD BY 16/6
1326,1995,125,NAG,PIEFL,1,7,,6,36,56,,,,NE,H911028,S,27/05/1995,01/06/1993,2,F950133,S,02/06/1990,13/05/1995,5,02/06/1995,K002039,K002040,K002041,K002042,K002043,K002044,,,,,,,,,,,,,,,Hatching date estimated - Assumption that all ringed young fledged
1327,1995,128,NAG,PIEFL,1,6,6,6,38,57,,,,NE,H234034,S,31/05/1995,04/06/1991,4,J596006,S,18/05/1994,18/05/1995,2,02/06/1995,K002046,K002047,K002048,K002049,K002050,K002051,,,,,,,,,,,,,,,Hatching date estimated - Assumption that all ringed young fledged
1328,1995,129,NAG,PIEFL,1,7,7,7,40,60,,,,NE,F950175,S,31/05/1995,04/06/1990,5,J596038,S,01/06/1994,20/05/1995,2,10/06/1995,K002393,K002394,K002395,K002396,K002397,K002398,K002399,,,,,,,,,,,,,,Hatching date estimated - Assumption that all ringed young fledged
1329,1995,135,NAG,PIEFL,1,7,,0,48,,,,,JD,J596100,R,07/06/1995,04/06/1994,1,K002021,I,24/05/1995,24/05/1995,1,,,,,,,,,,,,,,,,,,,,,,Hatching date estimated - ALL YOUNG DEAD BY 14/6
1330,1995,139,NAG,PIEFL,1,7,7,6,38,58,,,,NE,K002036,I,31/05/1995,31/05/1995,1,H642262,S,06/06/1992,21/05/1995,3,04/06/1995,K002189,K002190,K002191,K002192,K002193,K002194,K002195,,,,,,,,,,,,,,Hatching date estimated - 190 DIED
1331,1995,140,NAG,PIEFL,1,5,3,3,40,58,,,2,NE,J596011,S,02/06/1995,21/05/1994,2,K002015,I,20/05/1995,20/05/1995,1,04/06/1995,K002209,K002210,K002211,,,,,,,,,,,,,,,,,,Hatching date estimated - Assumption that all ringed young fledged
1332,1995,143,NAG,PIEFL,1,7,7,7,38,58,,,,NE,H234334,S,30/05/1995,15/06/1991,4,J596002,S,15/05/1994,20/05/1995,2,04/06/1995,K002218,K002219,K002220,K002221,K002222,K002223,K002224,,,,,,,,,,,,,,Hatching date estimated - Assumption that all ringed young fledged
1333,1995,149,NAG,PIEFL,1,7,7,6,39,59,,,,NE,H642535,S,31/05/1995,10/06/1992,3,J126272,I,12/06/1993,20/05/1995,2,04/06/1995,K002225,K002226,K002227,K002228,K002229,K002230,K002231,,,,,,,,,,,,,,Hatching date estimated - 226 DIED
1334,1995,159,NAG,PIEFL,1,6,6,6,40,60,,,,NE,H642560,S,31/05/1995,10/06/1992,3,K002016,I,20/05/1995,20/05/1995,1,10/06/1995,K002415,K002416,K002417,K002418,K002419,K002420,,,,,,,,,,,,,,,Hatching date estimated - Assumption that all ringed young fledged
1335,1995,167,NAG,PIEFL,1,6,,5,39,58,,,,NE,H234094,S,30/05/1995,07/06/1991,4,K002018,I,21/05/1995,21/05/1995,1,04/06/1995,K002262,K002263,K002264,K002265,K002266,,,,,,,,,,,,,,,,Hatching date estimated - Assumption that all ringed young fledged
1336,1995,168,NAG,PIEFL,1,7,,5,39,59,,,,NE,H911441,S,30/05/1995,05/06/1993,2,H642005,S,16/05/1992,21/05/1995,4,04/06/1995,K002256,K002257,K002258,K002259,K002260,K002261,,,,,,,,,,,,,,,Hatching date estimated - 258 DIED
1337,1995,169,NAG,PIEFL,1,8,,4,38,59,,,,NE,K002031,I,30/05/1995,30/05/1995,1,H234013,S,30/05/1991,18/05/1995,5,04/06/1995,K002246,K002247,K002248,K002249,K002250,K002251,K002252,,,,,,,,,,,,,,Hatching date estimated - 247/248251 DIED
1338,1995,182,NAG,PIEFL,1,6,6,6,40,59,,,,NE,J596164,R,02/06/1995,04/06/1994,1,J596074,R,03/06/1994,15/05/1995,1,04/06/1995,K002139,K002140,K002141,K002142,K002143,K002144,,,,,,,,,,,,,,,Hatching date estimated - Assumption that all ringed young fledged
1339,1995,184,NAG,PIEFL,1,7,7,7,39,59,,,,NE,J596255,R,30/05/1995,06/06/1994,1,H642023,S,20/05/1992,15/05/1995,4,10/06/1995,K002535,K002536,K002537,K002538,K002539,K002540,K002541,,,,,,,,,,,,,,Hatching date estimated - Assumption that all ringed young fledged
1340,1995,187,NAG,PIEFL,1,6,4,4,39,58,,,2,NE,H911388,S,03/06/1995,05/06/1993,2,J596148,R,04/06/1994,15/05/1995,1,04/06/1995,K002145,K002146,K002147,K002148,,,,,,,,,,,,,,,,,Hatching date estimated - Assumption that all ringed young fledged
1341,1995,189,NAG,PIEFL,1,3,,2,42,58,,,,NE,H911080,R,04/06/1995,02/06/1993,2,K002022,I,24/05/1995,24/05/1995,1,10/06/1995,K002514,K002515,,,,,,,,,,,,,,,,,,,Hatching date estimated - Assumption that all ringed young fledged
1342,1995,197,NAG,PIEFL,1,7,,5,38,58,,,,NE,H911023,S,30/05/1995,27/05/1993,3,H642073,S,03/06/1992,16/05/1995,3,04/06/1995,K002084,K002085,K002086,K002087,K002088,,,,,,,,,,,,,,,,Hatching date estimated - Assumption that all ringed young fledged
1343,1995,198,NAG,PIEFL,1,7,7,7,40,60,,,,NE,H911147,S,03/06/1995,03/06/1993,2,H642008,S,16/05/1992,20/05/1995,4,10/06/1995,K002542,K002543,K002544,K002545,K002546,K002547,K002548,,,,,,,,,,,,,,Hatching date estimated - Assumption that all ringed young fledged
1344,1995,215,NAG,PIEFL,1,9,,4,39,61,,,1,NE,H234034,S,02/06/1995,04/06/1991,4,J596010,S,21/05/1994,18/05/1995,2,10/06/1995,K002404,K002405,K002406,K002407,,,,,,,,,,,,,,,,,Hatching date estimated - Assumption that all ringed young fledged
1345,1995,220,NAG,PIEFL,1,7,4,4,39,59,,,3,NE,H642313,S,30/05/1995,06/06/1992,3,K002019,I,24/05/1995,24/05/1995,1,04/06/1995,K002075,K002076,K002077,K002078,,,,,,,,,,,,,,,,,Hatching date estimated - Assumption that all ringed young fledged
1346,1995,222,NAG,PIEFL,1,6,,4,36,55,,,,NE,J596028,S,27/05/1995,31/05/1994,2,H911001,S,10/05/1993,15/05/1995,3,04/06/1995,K002293,K002294,K002295,K002296,,,,,,,,,,,,,,,,,Hatching date estimated - Assumption that all ringed young fledged
1347,1995,224,NAG,PIEFL,1,8,,0,41,,,,2,JD,J596416,R,03/06/1995,11/06/1994,1,K002012,I,20/05/1995,20/05/1995,1,10/06/1995,K002445,K002446,K002447,,,,,,,,,,,,,,,,,,Hatching date estimated - ALL DIED
1348,1995,226,NAG,PIEFL,1,7,,6,39,59,,,,NE,J596029,S,04/06/1995,31/05/1994,2,K002013,I,20/05/1995,20/05/1995,1,10/06/1995,K002438,K002439,K002440,K002441,K002442,K002443,K002444,,,,,,,,,,,,,,Hatching date estimated - Assumption that all ringed young fledged
1349,1995,228,NAG,PIEFL,1,6,6,6,37,56,,,,NE,H642369,S,30/05/1995,07/06/1992,3,K002001,I,13/05/1995,13/05/1995,1,04/06/1995,K002298,K002299,K002300,K002301,K002302,K002303,,,,,,,,,,,,,,,Hatching date estimated - Assumption that all ringed young fledged
1350,1995,239,NAG,PIEFL,1,7,5,5,39,59,,,2,NE,J596519,R,02/06/1995,15/06/1994,1,J596062,R,02/06/1994,20/05/1995,1,10/06/1995,K002452,K002453,K002454,K002455,K002456,,,,,,,,,,,,,,,,Hatching date estimated - Assumption that all ringed young fledged
1351,1995,254,NAG,PIEFL,1,7,,4,40,60,,,,NE,E849503,S,02/06/1995,10/06/1988,7,H800804,S,07/06/1992,18/05/1995,3,10/06/1995,K002434,K002435,K002436,K002437,,,,,,,,,,,,,,,,,Hatching date estimated - Assumption that all ringed young fledged
1352,1995,255,NAG,PIEFL,1,6,,0,42,,,,,JD,K002053,I,02/06/1995,02/06/1995,1,H642452,S,07/06/1992,21/05/1995,3,,,,,,,,,,,,,,,,,,,,,,Hatching date estimated - ALL YOUNG GONE BY 4/6
1353,1995,256,NAG,PIEFL,1,7,,5,39,59,,,,NE,H642340,S,30/05/1995,06/06/1992,3,H911461,S,05/06/1993,18/05/1995,2,10/06/1995,K002428,K002429,K002430,K002431,K002432,K002433,,,,,,,,,,,,,,,Hatching date estimated - 432 DIED
1354,1995,262,NAG,PIEFL,1,7,7,7,40,60,,,,NE,H642578,R,04/06/1995,11/06/1992,3,H911256,S,04/06/1993,21/05/1995,2,10/06/1995,K002421,K002422,K002423,K002424,K002425,K002426,K002427,,,,,,,,,,,,,,Hatching date estimated - Assumption that all ringed young fledged
1355,1995,266,NAG,PIEFL,1,8,,0,37,,,,,JD,K002030,I,30/05/1995,30/05/1995,1,J596014,S,28/05/1994,18/05/1995,2,,,,,,,,,,,,,,,,,,,,,,Hatching date estimated - FEMALE AND ALL YOUNG DEAD BY 4/6
1356,1995,272,NAG,PIEFL,1,7,7,7,36,56,,,,NE,K002027,I,27/05/1995,27/05/1995,1,E084966,S,04/06/1990,24/05/1995,6,04/06/1995,K002164,K002165,K002166,K002167,K002168,K002169,K002170,,,,,,,,,,,,,,Hatching date estimated - Assumption that all ringed young fledged
1357,1995,274,NAG,PIEFL,1,7,7,7,37,57,,,,NE,H911185,R,03/06/1995,03/06/1993,2,K002005,I,17/05/1995,17/05/1995,1,04/06/1995,K002171,K002172,K002173,K002174,K002175,K002176,K002177,,,,,,,,,,,,,,Hatching date estimated - Assumption that all ringed young fledged
1358,1995,294,NAG,PIEFL,1,8,8,8,35,56,,,,NE,H642174,S,04/06/1995,06/06/1992,3,K002006,I,17/05/1995,17/05/1995,1,04/06/1995,K002156,K002157,K002158,K002159,K002160,K002161,K002162,K002163,,,,,,,,,,,,,Hatching date estimated - Assumption that all ringed young fledged
1359,1995,311,NAG,PIEFL,1,6,,5,39,58,,,,NE,J596031,S,17/05/1995,01/06/1994,2,F618018,S,19/05/1990,17/05/1995,6,04/06/1995,K002184,K002185,K002186,K002187,K002188,,,,,,,,,,,,,,,,Hatching date estimated - Assumption that all ringed young fledged
1360,1995,315,NAG,PIEFL,1,6,6,6,41,60,,,,NE,K002038,I,31/05/1995,31/05/1995,1,J596484,R,11/06/1994,21/05/1995,1,07/06/1995,K002354,K002355,K002356,K002357,K002358,K002359,,,,,,,,,,,,,,,Hatching date estimated - Assumption that all ringed young fledged
1361,1995,316,NAG,PIEFL,1,7,,0,40,,,,,JD,K002054,I,02/06/1995,02/06/1995,1,K596007,I,,21/05/1995,1,,,,,,,,,,,,,,,,,,,,,,Hatching date estimated - ALL YOUNG DEAD BY 7/6
1362,1995,338,NAG,PIEFL,1,7,,5,39,59,,,,NE,K002028,I,30/05/1995,30/05/1995,1,K002004,I,15/05/1995,15/05/1995,1,04/06/1995,K002079,K002080,K002081,K002082,K002083,,,,,,,,,,,,,,,,Hatching date estimated - Assumption that all ringed young fledged
1363,1995,345,NAG,PIEFL,1,7,7,6,39,59,,,,NE,J596203,R,03/06/1995,05/06/1994,1,H642289,S,06/06/1992,16/05/1995,3,04/06/1995,K002304,K002305,K002306,K002307,K002308,K002309,K002310,,,,,,,,,,,,,,Hatching date estimated - 308 DIED
1364,1995,347,NAG,PIEFL,1,7,,4,40,60,,,2,NE,H911442,R,03/06/1995,05/06/1993,2,H642533,S,10/06/1992,20/05/1995,3,10/06/1995,K002448,K002449,K002450,K002451,,,,,,,,,,,,,,,,,Hatching date estimated - Assumption that all ringed young fledged
1365,1995,351,NAG,PIEFL,1,7,7,7,41,61,,,,NE,H234144,S,10/06/1995,09/06/1991,5,H342217,I,,20/05/1995,1,10/06/1995,K002503,K002504,K002505,K002506,K002507,K002508,K002509,,,,,,,,,,,,,,Hatching date estimated - Assumption that all ringed young fledged
1366,1995,354,NAG,PIEFL,1,7,,6,40,60,,,,NE,H642180,S,02/06/1995,06/06/1992,3,J596003,S,16/05/1994,20/05/1995,2,10/06/1995,K002516,K002517,K002518,K002519,K002520,K002521,,,,,,,,,,,,,,,Hatching date estimated - Assumption that all ringed young fledged
1367,1995,357,NAG,PIEFL,1,7,7,7,38,58,,,,NE,K002032,I,30/05/1995,30/05/1995,1,J596400,R,11/06/1994,15/05/1995,1,04/06/1995,K002273,K002274,K002275,K002276,K002277,K002278,K002279,,,,,,,,,,,,,,Hatching date estimated - Assumption that all ringed young fledged
1368,1995,358,NAG,PIEFL,1,7,7,7,39,59,,,,NE,K002003,I,15/05/1995,15/05/1995,1,H911480,S,05/06/1993,15/05/1995,2,04/06/1995,K002280,K002281,K002282,K002283,K002284,K002285,K002286,,,,,,,,,,,,,,Hatching date estimated - Assumption that all ringed young fledged
1369,1995,361,NAG,PIEFL,1,7,,6,38,58,,,,NE,H911447,R,03/06/1995,05/06/1993,2,H642195,S,06/06/1992,15/05/1995,3,04/06/1995,K002287,K002288,K002289,K002290,K002291,K002292,,,,,,,,,,,,,,,Hatching date estimated - Assumption that all ringed young fledged
1370,1995,406,NAG,PIEFL,1,7,,6,40,60,,,,NE,H642259,S,02/06/1995,06/06/1992,3,H911511,R,07/06/1993,20/05/1995,2,10/06/1995,K002487,K002488,K002489,K002490,K002491,K002492,,,,,,,,,,,,,,,Hatching date estimated - Assumption that all ringed young fledged
1371,1995,408,NAG,PIEFL,1,6,6,6,40,59,,,,NE,K002056,I,02/06/1995,02/06/1995,1,K002010,I,20/05/1995,20/05/1995,1,10/06/1995,K002465,K002466,K002467,K002468,K002469,K002470,,,,,,,,,,,,,,,Hatching date estimated - Assumption that all ringed young fledged
1372,1995,411,NAG,PIEFL,1,7,6,6,37,57,,,1,NE,H911216,S,31/05/1995,04/06/1993,2,K002011,I,20/05/1995,20/05/1995,1,04/06/1995,K002132,K002133,K002134,K002135,K002136,K002137,,,,,,,,,,,,,,,Hatching date estimated - Assumption that all ringed young fledged
1373,1995,414,NAG,PIEFL,1,8,,2,40,61,,,,NE,H642690,R,02/06/1995,24/06/1992,3,J596247,R,06/06/1994,20/05/1995,1,10/06/1995,K002478,K002479,,,,,,,,,,,,,,,,,,,Hatching date estimated - Assumption that all ringed young fledged
1374,1995,415,NAG,PIEFL,1,7,7,7,39,60,,,,NE,H642571,S,02/06/1995,11/06/1992,3,H911099,S,02/06/1993,20/05/1995,2,10/06/1995,K002480,K002481,K002482,K002483,K002484,K002485,K002486,,,,,,,,,,,,,,Hatching date estimated - Assumption that all ringed young fledged
1375,1995,417,NAG,PIEFL,1,7,7,7,39,59,,,,NE,H234031,S,02/06/1995,04/06/1991,4,H911029,R,01/06/1993,20/05/1995,2,10/06/1995,K002471,K002472,K002473,K002474,K002475,K002476,K002477,,,,,,,,,,,,,,Hatching date estimated - Assumption that all ringed young fledged
1376,1995,423,NAG,PIEFL,1,8,,7,37,58,,,,NE,H911227,R,02/06/1995,04/06/1993,2,H642414,S,07/06/1992,15/05/1995,3,04/06/1995,K002125,K002126,K002127,K002128,K002129,K002130,K002131,,,,,,,,,,,,,,Hatching date estimated - Assumption that all ringed young fledged
1377,1995,430,NAG,PIEFL,1,6,6,6,56,75,,,,NE,H642531,S,14/06/1995,10/06/1992,3,K002055,I,02/06/1995,02/06/1995,1,21/06/1995,K002587,K002588,K002589,K002590,K002591,K002592,,,,,,,,,,,,,,,Hatching date estimated - Assumption that all ringed young fledged
1378,1995,432,NAG,PIEFL,1,7,7,7,40,60,,,,NE,K002034,I,31/05/1995,31/05/1995,1,K002009,I,20/05/1995,20/05/1995,1,10/06/1995,K002522,K002523,K002524,K002525,K002526,K002527,K002528,,,,,,,,,,,,,,Hatching date estimated - Assumption that all ringed young fledged
1379,1995,435,NAG,PIEFL,1,6,6,6,42,62,,,,NE,K002057,I,02/06/1995,02/06/1995,1,J596184,R,05/06/1994,20/05/1995,1,10/06/1995,K002510,K002511,K002512,K002513,K002514,K002515,,,,,,,,,,,,,,,Hatching date estimated - 514/515 FOSTERED TO BOX 435
1380,1995,437,NAG,PIEFL,1,6,,4,40,59,,,,NE,K002035,I,31/05/1995,31/05/1995,1,J596064,R,02/06/1994,20/05/1995,1,10/06/1995,K002493,K002494,K002495,K002496,,,,,,,,,,,,,,,,,Hatching date estimated - Assumption that all ringed young fledged
1381,1995,440,NAG,PIEFL,1,6,6,6,40,59,,,,NE,H234525,S,31/05/1995,06/07/1991,4,J596382,R,11/06/1994,20/05/1995,1,10/06/1995,K002497,K002498,K002499,K002500,K002501,K002502,,,,,,,,,,,,,,,Hatching date estimated - Assumption that all ringed young fledged
1382,1995,441,NAG,PIEFL,1,8,,5,39,60,,,,NE,H911348,R,02/06/1995,05/06/1993,2,J596009,S,21/05/1994,20/05/1995,2,10/06/1995,K002460,K002461,K002462,K002463,K002464,,,,,,,,,,,,,,,,Hatching date estimated - Assumption that all ringed young fledged
1383,1995,R3,NAG,PIEFL,1,7,,3,39,59,,,,NE,E897529,S,04/06/1995,15/06/1989,6,H642228,S,06/06/1992,20/05/1995,3,10/06/1995,K002457,K002458,K002459,,,,,,,,,,,,,,,,,,Hatching date estimated - Assumption that all ringed young fledged
1384,1996,,FLO,PIEFL,1,1,,1,,64,,,,NE,K608028,I,07/06/1996,07/06/1996,1,K608029,I,07/06/1996,07/06/1996,1,14/06/1996,K608057,,,,,,,,,,,,,,,,,,,,Hatching date estimated - Assumption that all ringed young fledged
1385,1996,,FLO,PIEFL,1,6,6,6,,,,,,NE,K608030,I,07/06/1996,07/06/1996,1,K608031,I,07/06/1996,07/06/1996,1,14/06/1996,K608059,K608060,K608061,K608062,K608063,K608064,,,,,,,,,,,,,,,Hatching date estimated - Assumption that all ringed young fledged
1386,1996,,FLO,BLUTI,1,,,,,,,,,NE,,,,,,,,,,,14/06/1996,K608058,,,,,,,,,,,,,,,,,,,,"mixed brood, reared by blue tit"
1387,1996,4,KEN,PIEFL,1,7,,6,51,71,,,,NE,K002586,S,09/06/1996,10/06/1995,2,K608013,I,01/06/1996,01/06/1996,1,18/06/1996,K608108,K608109,K608110,K608111,K608112,K608113,,,,,,,,,,,,,,,Hatching date estimated - Assumption that all ringed young fledged
1388,1996,7,KEN,PIEFL,1,6,6,6,62,81,,,,NE,K002244,R,21/06/1996,04/06/1995,1,K002306,R,04/06/1995,09/06/1996,1,26/06/1996,K608396,K608397,K608398,K608399,K608400,K608401,,,,,,,,,,,,,,,Hatching date estimated - Assumption that all ringed young fledged
1389,1996,8,KEN,PIEFL,1,7,7,7,47,71,,,,NE,J596027,S,14/06/1996,14/06/1996,3,K002025,S,25/05/1995,01/06/1996,2,18/06/1996,K608101,K608102,K608103,K608104,K608105,K608106,K608107,,,,,,,,,,,,,,Hatching date estimated - Assumption that all ringed young fledged
1390,1996,22,KEN,PIEFL,1,6,5,5,55,74,,,1,NE,K002064,R,01/06/1996,02/06/1995,1,H234128,S,08/06/1991,01/06/1996,5,21/06/1996,K608304,K608305,K608306,K608307,K608308,,,,,,,,,,,,,,,,Hatching date estimated - Assumption that all ringed young fledged - BROWN MALE
1391,1996,23,KEN,PIEFL,1,7,,0,46,,,,,JD,H642427,S,06/06/1996,07/06/1992,4,K608001,I,25/05/1996,25/05/1996,1,,,,,,,,,,,,,,,,,,,,,,DESERTED BY 9/6
1392,1996,28,KEN,GRETI,1,,,,,,,,,NE,,,,,,,,,,,18/06/1996,K608099,K608100,,,,,,,,,,,,,,,,,,,"mixed brood, reared by great tit"
1393,1996,32,KEN,PIEFL,1,,,0,,,,,,XP,,,,,,,,,,,,,,,,,,,,,,,,,,,,,,,,PREDATED BY WOOD MOUSE BY 1/6
1394,1996,35,KEN,PIEFL,1,8,8,8,47,74,,,,NE,J596418,S,18/06/1996,11/06/1994,2,K608014,I,01/06/1996,01/06/1996,1,21/06/1996,K608309,K608310,K608311,K608312,K608313,K608314,K608315,K608316,,,,,,,,,,,,,Hatching date estimated - Assumption that all ringed young fledged
1395,1996,37,KEN,PIEFL,1,8,6,6,48,73,,,2,NE,H642411,S,14/06/1996,07/06/1992,5,H911079,R,02/06/1993,01/06/1996,3,21/06/1996,K608317,K608318,K608319,K608320,K608321,K608322,,,,,,,,,,,,,,,Hatching date estimated - Assumption that all ringed young fledged
1396,1996,49,KEN,PIEFL,1,6,6,6,48,78,,,,NE,K608098,I,18/06/1996,18/06/1996,1,K002023,S,25/05/1995,09/06/1996,2,26/06/1996,K608390,K608391,K608392,K608393,K608394,K608395,,,,,,,,,,,,,,,Hatching date estimated - Assumption that all ringed young fledged
1397,1996,4,LYD,PIEFL,1,3,,2,,,,,,NE,J596098,R,13/06/1996,04/06/1994,2,K002320,S,05/06/1995,09/06/1996,2,13/06/1996,K608039,K608040,,,,,,,,,,,,,,,,,,,Hatching date estimated - Assumption that all ringed young fledged
1398,1996,7,LYD,PIEFL,1,6,6,6,,63,,,,NE,J596033,R,06/06/1996,01/06/1994,2,K608026,I,05/06/1996,05/06/1996,1,13/06/1996,K608047,K608048,K608049,K608050,K608051,K608052,,,,,,,,,,,,,,,Hatching date estimated - Assumption that all ringed young fledged
1399,1996,14,LYD,PIEFL,1,6,6,6,,65,,,,NE,K608027,I,06/06/1996,05/06/1996,1,K002325,S,05/06/1995,06/06/1996,2,13/06/1996,K608041,K608042,K608043,K608044,K608045,K608046,,,,,,,,,,,,,,,Hatching date estimated - Assumption that all ringed young fledged
1400,1996,18,LYD,PIEFL,1,6,,4,,64,,,,NE,,,,,,H911262,S,04/06/1993,06/06/1996,3,13/06/1996,K608053,K608054,K608055,K608056,,,,,,,,,,,,,,,,,Hatching date estimated - Assumption that all ringed young fledged
1401,1996,8,NAG,PIEFL,1,6,6,6,55,75,,,,NE,J596117,R,13/06/1996,04/06/1994,2,H911046,S,02/06/1993,01/06/1996,2,21/06/1996,K608215,K608216,K608217,K608218,K608219,K608220,,,,,,,,,,,,,,,Hatching date estimated - Assumption that all ringed young fledged
1402,1996,11,NAG,PIEFL,1,6,,4,56,75,,,,NE,J596011,S,13/06/1996,21/05/1994,3,H642533,S,10/06/1992,01/06/1996,4,20/06/1996,K608126,K608127,K608128,K608129,,,,,,,,,,,,,,,,,Hatching date estimated - Assumption that all ringed young fledged
1403,1996,13,NAG,PIEFL,1,5,2,2,51,69,,,3,NE,H911242,S,09/06/1996,04/06/1993,4,K002276,R,04/06/1995,26/05/1996,1,16/06/1996,K608095,K608096,,,,,,,,,,,,,,,,,,,Hatching date estimated - Assumption that all ringed young fledged
1404,1996,15,NAG,PIEFL,1,6,,2,55,76,,,,NE,K608038,I,13/06/1996,13/06/1996,1,K002021,S,24/05/1995,01/06/1996,2,25/06/1996,K608339,K608340,,,,,,,,,,,,,,,,,,,Hatching date estimated - Assumption that all ringed young fledged
1405,1996,19,NAG,PIEFL,1,6,,0,57,,,,2,JP,E849503,S,16/06/1996,10/06/1988,8,H234510,S,24/06/1991,01/06/1996,6,25/06/1996,K608344,K608345,,,,,,,,,,,,,,,,,,,Hatching date estimated - PREDATED
1406,1996,22,NAG,PIEFL,1,6,,0,56,,,,,JD,,,,,,K608025,I,05/06/1996,05/06/1996,1,,,,,,,,,,,,,,,,,,,,,,Hatching date estimated - ALL YOUNG DEAD BY 24/6
1407,1996,23,NAG,PIEFL,1,6,,0,57,,,,,JD,,,,,,K608022,I,01/06/1996,01/06/1996,1,,,,,,,,,,,,,,,,,,,,,,Hatching date estimated - ALL YOUNG DEAD BY 24/6
1408,1996,27,NAG,PIEFL,1,6,6,6,56,75,,,,NE,H911441,S,15/06/1996,05/06/1993,3,K608021,I,01/06/1996,01/06/1996,1,21/06/1996,K608227,K608228,K608229,K608230,K608231,K608232,,,,,,,,,,,,,,,Hatching date estimated - Assumption that all ringed young fledged
1409,1996,33,NAG,PIEFL,1,6,,1,67,86,,,,NE,H642560,S,26/06/1996,10/06/1992,4,H642388,S,07/06/1992,15/06/1996,4,28/06/1996,K608406,,,,,,,,,,,,,,,,,,,,Hatching date estimated - Assumption that all ringed young fledged
1410,1996,37,NAG,PIEFL,1,7,,0,47,,,,,JD,K002054,S,12/06/1996,02/06/1995,2,J596004,S,16/05/1994,29/05/1996,3,,,,,,,,,,,,,,,,,,,,,,Hatching date estimated - Assumption that all ringed young fledged
1411,1996,42,NAG,PIEFL,1,7,,2,55,75,,,1,NE,K002028,S,17/06/1996,30/05/1995,2,K002463,R,10/06/1995,05/06/1996,1,24/06/1996,K608327,K608328,,,,,,,,,,,,,,,,,,,Hatching date estimated - Assumption that all ringed young fledged
1412,1996,43,NAG,PIEFL,1,,0,0,,,5,,,ED,,,,,,,,,,,,,,,,,,,,,,,,,,,,,,,,DID NOT INCUBATE
1413,1996,45,NAG,PIEFL,1,6,,0,47,,,,,JP,K002031,S,09/06/1996,30/05/1995,2,H642005,S,16/05/1992,28/05/1996,5,,,,,,,,,,,,,,,,,,,,,,Hatching date estimated - PREDATED BY 16/6
1414,1996,49,NAG,PIEFL,1,7,7,7,47,72,,,,NE,J596019,S,13/06/1996,29/05/1994,3,K608004,I,28/05/1996,28/05/1996,1,20/06/1996,K608130,K608131,K608132,K608133,K608134,K608135,K608136,,,,,,,,,,,,,,Hatching date estimated - Assumption that all ringed young fledged
1415,1996,60,NAG,PIEFL,1,7,,6,52,72,,,,NE,K002132,R,28/05/1996,04/06/1995,1,K002154,R,04/06/1995,28/05/1996,1,21/06/1996,K608221,K608222,K608223,K608224,K608225,K608226,,,,,,,,,,,,,,,Hatching date estimated - Assumption that all ringed young fledged
1416,1996,80,NAG,PIEFL,1,6,,4,58,77,,,,NE,H234094,S,15/06/1996,07/06/1991,5,H911256,S,04/06/1993,01/06/1996,3,24/06/1996,K608332,K608333,K608334,K608335,,,,,,,,,,,,,,,,,Hatching date estimated - Assumption that all ringed young fledged
1417,1996,86,NAG,PIEFL,1,5,5,5,56,74,,,,NE,K002453,R,15/06/1996,10/06/1995,1,K608010,I,30/05/1996,30/05/1996,1,21/06/1996,K608247,K608248,K608249,K608250,K608251,,,,,,,,,,,,,,,,Hatching date estimated - Assumption that all ringed young fledged
1418,1996,88,NAG,PIEFL,1,5,5,5,55,73,,,,NE,K002030,S,13/06/1996,30/05/1995,2,H811472,I,08/06/1994,30/05/1996,2,21/06/1996,K608239,K608240,K608241,K608242,K608243,,,,,,,,,,,,,,,,Hatching date estimated - Assumption that all ringed young fledged
1419,1996,93,NAG,PIEFL,1,6,,0,54,,,,,JP,H911147,S,12/06/1996,03/06/1993,3,J596017,S,28/05/1994,30/05/1996,3,,,,,,,,,,,,,,,,,,,,,,PREDATED BY 19/6
1420,1996,100,NAG,PIEFL,1,6,6,6,55,73,,,,NE,K608075,I,14/06/1996,14/06/1996,1,K002388,R,10/06/1995,29/05/1996,1,20/06/1996,K608148,K608149,K608150,K608151,K608152,K608153,,,,,,,,,,,,,,,Hatching date estimated - Assumption that all ringed young fledged
1421,1996,104,NAG,PIEFL,1,5,,2,57,75,,,,NE,K608075,I,14/06/1996,14/06/1996,1,H911480,S,05/06/1993,01/06/1996,3,25/06/1996,K608372,K608373,,,,,,,,,,,,,,,,,,,Hatching date estimated - Assumption that all ringed young fledged
1422,1996,106,NAG,PIEFL,1,6,,2,48,61,,,,NE,H642578,S,12/06/1996,11/06/1992,4,K608015,I,01/06/1996,01/06/1996,1,21/06/1996,K608298,K608299,,,,,,,,,,,,,,,,,,,Hatching date estimated - Assumption that all ringed young fledged
1423,1996,107,NAG,PIEFL,1,,0,0,57,,,,,EP,,,,,,,,,,,,,,,,,,,,,,,,,,,,,,,,EGGS PREDATED 
1424,1996,110,NAG,PIEFL,1,6,,0,57,,,,,JD,H911442,S,17/06/1996,05/06/1993,3,K608016,I,01/06/1996,01/06/1996,1,,,,,,,,,,,,,,,,,,,,,,Hatching date estimated - ALL YOUNG DEAD BY 25/6
1425,1996,112,NAG,PIEFL,1,6,,4,55,74,,,,NE,H642682,S,14/06/1996,17/06/1992,4,H911511,S,07/06/1993,01/06/1996,3,21/06/1996,K608300,K608301,K608302,K608303,,,,,,,,,,,,,,,,,Hatching date estimated - Assumption that all ringed young fledged
1426,1996,115,NAG,PIEFL,1,8,,6,57,78,,,,NE,K608097,I,16/06/1996,16/06/1996,1,J596247,S,06/06/1994,01/06/1996,2,25/06/1996,K608360,K608361,K608362,K608363,K608364,K608365,,,,,,,,,,,,,,,Hatching date estimated - Assumption that all ringed young fledged
1427,1996,128,NAG,PIEFL,1,6,,0,57,,,,,JP,H234034,S,06/06/1996,04/06/1991,5,H642262,S,06/06/1992,01/06/1996,4,25/06/1996,H608341,H608342,H608343,,,,,,,,,,,,,,,,,,Hatching date estimated - PREDATED BY 19/6
1428,1996,140,NAG,PIEFL,1,7,,5,48,69,,,,NE,H911024,S,13/06/1996,31/05/1993,3,J596090,S,03/06/1994,28/05/1996,3,20/06/1996,K608137,K608138,K608139,K608140,K608141,K608142,,,,,,,,,,,,,,,Hatching date estimated - 142 DIED
1429,1996,162,NAG,PIEFL,1,6,,3,55,74,,,,NE,K608037,I,12/06/1996,12/06/1996,1,F618018,S,19/05/1990,05/06/1996,7,24/06/1996,K608329,K608330,K608331,,,,,,,,,,,,,,,,,,Hatching date estimated - Assumption that all ringed young fledged
1430,1996,164,NAG,PIEFL,1,6,,0,46,,,,,JD,J596039,S,12/06/1996,02/06/1994,3,K002016,S,20/05/1995,28/05/1996,2,,,,,,,,,,,,,,,,,,,,,,Hatching date estimated - ALL YOUNG DEAD BY 19/6
1431,1996,180,NAG,PIEFL,1,6,,5,48,70,,,,NE,J596264,R,09/06/1996,06/06/1994,2,K002147,R,04/06/1995,28/05/1996,1,20/06/1996,K608115,K608116,K608117,K608118,K608119,,,,,,,,,,,,,,,,Hatching date estimated - Assumption that all ringed young fledged
1432,1996,182,NAG,PIEFL,1,6,6,6,62,80,,,,NE,K002404,R,28/05/1996,10/06/1995,1,K002114,R,04/06/1995,05/06/1996,1,26/06/1996,K608380,K608381,K608382,K608383,K608384,K608385,,,,,,,,,,,,,,,Hatching date estimated - Assumption that all ringed young fledged
1433,1996,187,NAG,PIEFL,1,6,,4,56,75,,,,NE,H911388,S,17/06/1996,05/06/1993,3,K608019,I,01/06/1996,01/06/1996,1,24/06/1996,K608323,K608324,K608325,K608326,,,,,,,,,,,,,,,,,Hatching date estimated - Assumption that all ringed young fledged
1434,1996,190,NAG,PIEFL,1,6,6,6,54,73,,,,NE,K002288,R,12/06/1996,04/06/1995,1,K608012,I,30/05/1996,30/05/1996,1,21/06/1996,K608286,K608287,K608288,K608289,K608290,K608291,,,,,,,,,,,,,,,Hatching date estimated - Assumption that all ringed young fledged
1435,1996,194,NAG,PIEFL,1,,0,0,55,,4,,,ED,,,,,,,,,,,,,,,,,,,,,,,,,,,,,,,,DID NOT INCUBATE
1436,1996,219,NAG,PIEFL,1,6,6,6,62,81,,,,NE,H911088,S,20/06/1996,02/06/1993,3,H642183,S,06/06/1992,05/06/1996,4,26/06/1996,K608374,K608375,K608376,K608377,K608378,K608379,,,,,,,,,,,,,,,Hatching date estimated - Assumption that all ringed young fledged
1437,1996,220,NAG,PIEFL,1,7,,1,51,71,,,,NE,H911028,S,12/06/1996,01/06/1993,3,K002019,S,24/05/1995,30/05/1996,2,20/06/1996,K608114,,,,,,,,,,,,,,,,,,,,Hatching date estimated - Assumption that all ringed young fledged
1438,1996,221,NAG,PIEFL,1,6,6,6,57,76,,,,NE,J596455,R,16/06/1996,11/06/1994,2,K608020,I,01/06/1996,01/06/1996,1,25/06/1996,K608349,K608350,K608351,K608352,K608353,K608354,,,,,,,,,,,,,,,Hatching date estimated - Assumption that all ringed young fledged
1439,1996,223,NAG,PIEFL,1,6,5,5,55,74,,,1,NE,H911080,S,12/06/1996,02/06/1993,3,H911001,S,10/05/1993,29/05/1996,4,20/06/1996,K608163,K608164,K608165,K608166,K608167,,,,,,,,,,,,,,,,Hatching date estimated - Assumption that all ringed young fledged
1440,1996,228,NAG,PIEFL,1,5,5,5,57,75,,,,NE,K002285,R,16/06/1996,04/06/1995,1,K608009,I,30/05/1996,30/05/1996,1,25/06/1996,K608355,K608356,K608357,K608358,K608359,,,,,,,,,,,,,,,,Hatching date estimated - Assumption that all ringed young fledged
1441,1996,230,NAG,PIEFL,1,7,,6,55,75,,,,NE,H642659,S,15/06/1996,12/06/1992,4,K608018,I,01/06/1996,01/06/1996,1,25/06/1996,K608366,K608367,K608368,K608369,K608370,K608371,,,,,,,,,,,,,,,Hatching date estimated - Assumption that all ringed young fledged
1442,1996,238,NAG,PIEFL,1,6,6,6,55,74,,,,NE,H642340,S,19/06/1996,06/06/1992,4,J596146,R,04/06/1994,01/06/1996,2,21/06/1996,K608280,K608281,K608282,K608283,K608284,K608285,,,,,,,,,,,,,,,Hatching date estimated - Assumption that all ringed young fledged
1443,1996,240,NAG,PIEFL,1,6,6,6,54,73,,,,NE,K002485,R,12/06/1996,10/06/1995,1,K608011,I,30/05/1996,30/05/1996,1,20/06/1996,K608178,K608179,K608180,K608181,K608182,K608183,,,,,,,,,,,,,,,Hatching date estimated - Assumption that all ringed young fledged
1444,1996,245,NAG,PIEFL,1,6,5,3,54,73,,,1,NE,H911526,S,12/06/1996,08/06/1993,3,K002004,S,15/05/1995,30/05/1996,2,20/06/1996,K608143,K608144,K608145,K608146,K608147,,,,,,,,,,,,,,,,Hatching date estimated - 143/144 DIED
1445,1996,248,NAG,PIEFL,1,6,,0,56,,,,,JP,K002123,R,15/06/1996,04/06/1995,1,J596074,S,03/06/1994,05/06/1996,2,,,,,,,,,,,,,,,,,,,,,,Hatching date estimated - PREDATED BY 19/6
1446,1996,251,NAG,PIEFL,1,6,6,6,54,73,,,,NE,K608077,I,14/06/1996,14/06/1996,1,H911060,S,02/06/1993,30/05/1996,3,21/06/1996,K608252,K608253,K608254,K608255,K608256,K608257,,,,,,,,,,,,,,,Hatching date estimated - Assumption that all ringed young fledged
1447,1996,258,NAG,PIEFL,1,5,,3,56,74,,,1,NE,J596487,S,15/06/1996,11/06/1994,3,K002524,R,10/06/1995,30/05/1996,1,21/06/1996,K608244,K608245,K608246,,,,,,,,,,,,,,,,,,Hatching date estimated - Assumption that all ringed young fledged
1448,1996,265,NAG,PIEFL,1,6,6,6,56,75,,,,NE,K002032,S,15/06/1996,30/05/1995,2,J596015,S,28/05/1994,01/06/1996,3,21/06/1996,K608233,K608234,K608235,K608236,K608237,K608238,,,,,,,,,,,,,,,Hatching date estimated - Assumption that all ringed young fledged
1449,1996,272,NAG,PIEFL,1,6,4,4,49,68,,,2,NE,H911251,R,07/06/1996,04/06/1993,3,H642031,S,24/05/1992,26/05/1996,5,14/06/1996,K608071,K608072,K608073,K608074,,,,,,,,,,,,,,,,,Hatching date estimated - Assumption that all ringed young fledged
1450,1996,279,NAG,PIEFL,1,6,,0,48,,,,,JP,K002122,R,07/06/1996,04/06/1995,1,K608002,I,26/05/1996,26/05/1996,1,,,,,,,,,,,,,,,,,,,,,,Hatching date estimated - PREDATED BY 14/6
1451,1996,288,NAG,PIEFL,1,6,5,5,51,70,,,1,NE,H642174,S,16/06/1996,06/06/1992,4,K608003,I,28/05/1996,28/05/1996,1,16/06/1996,K608078,K608079,K608080,K608081,K608082,,,,,,,,,,,,,,,,Hatching date estimated - Assumption that all ringed young fledged
1452,1996,296,NAG,PIEFL,1,6,6,6,53,72,,,,NE,H642174,S,07/06/1996,06/06/1992,4,K002069,S,02/06/1995,02/06/1996,2,20/06/1996,K608120,K608121,K608122,K608123,K608124,K608125,,,,,,,,,,,,,,,Hatching date estimated - Assumption that all ringed young fledged
1453,1996,299,NAG,PIEFL,1,6,6,6,49,68,,,,NE,K608032,I,07/06/1996,07/06/1996,1,J596334,R,09/06/1994,26/05/1996,2,14/06/1996,K608065,K608066,K608067,K608068,K608069,K608070,,,,,,,,,,,,,,,Hatching date estimated - Assumption that all ringed young fledged
1454,1996,315,NAG,PIEFL,1,5,,0,56,,,,,JP,J596092,S,17/06/1996,04/06/1994,3,K608005,I,29/05/1996,29/05/1996,1,,,,,,,,,,,,,,,,,,,,,,Hatching date estimated - PREDATED BY 24/6
1455,1996,320,NAG,PIEFL,1,6,,0,55,,,,,JP,H911526,S,16/06/1996,08/06/1993,3,K002007,S,18/05/1995,05/06/1996,2,,,,,,,,,,,,,,,,,,,,,,Hatching date estimated - PREDATED BY 24/6
1456,1996,323,NAG,PIEFL,1,5,5,5,46,67,,,,NE,J900769,I,09/06/1996,03/06/1995,1,K002178,R,04/06/1995,28/05/1996,1,16/06/1996,K608086,K608087,K608088,K608089,K608090,,,,,,,,,,,,,,,,Hatching date estimated - Assumption that all ringed young fledged
1457,1996,327,NAG,PIEFL,1,5,0,0,56,,,,,ED,J596068,R,12/06/1996,02/06/1994,2,K002272,R,04/06/1995,02/06/1996,1,,,,,,,,,,,,,,,,,,,,,,Hatching date estimated - PREDATED BY 24/6
1458,1996,332,NAG,PIEFL,1,5,,3,51,77,,,,NE,H642014,S,09/06/1996,17/05/1992,5,K002372,R,10/06/1995,28/05/1996,1,16/06/1996,K608083,K608084,K608085,,,,,,,,,,,,,,,,,,Hatching date estimated - Assumption that all ringed young fledged
1459,1996,340,NAG,PIEFL,1,6,,0,48,,,,,JD,J596082,R,12/06/1996,03/06/1994,2,K608006,I,30/05/1996,30/05/1996,1,,,,,,,,,,,,,,,,,,,,,,Hatching date estimated - ALL YOUNG DEAD BY 20/6
1460,1996,343,NAG,PIEFL,1,6,6,6,55,73,,,,NE,J596194,R,12/06/1996,05/06/1994,2,K608007,I,30/05/1996,30/05/1996,1,21/06/1996,K608264,K608265,K608266,K608267,K608268,K608269,,,,,,,,,,,,,,,Hatching date estimated - Assumption that all ringed young fledged
1461,1996,346,NAG,PIEFL,1,6,5,5,54,73,,,1,NE,K608035,I,12/06/1996,12/06/1996,1,J596328,S,09/06/1994,30/05/1996,2,20/06/1996,K608168,K608169,K608170,K608171,K608172,,,,,,,,,,,,,,,,Hatching date estimated - Assumption that all ringed young fledged
1462,1996,351,NAG,PIEFL,1,6,,0,64,,,,,JD,K002056,S,24/06/1996,02/06/1995,2,K608033,I,09/06/1996,09/06/1996,1,,,,,,,,,,,,,,,,,,,,,,Hatching date estimated - ALL YOUNG DEAD BY 30/6
1463,1996,357,NAG,PIEFL,1,6,,2,55,74,,,,NE,K608034,I,12/06/1996,12/06/1996,1,J596400,S,11/06/1994,30/05/1996,2,20/06/1996,K608161,K608162,,,,,,,,,,,,,,,,,,,Hatching date estimated - Assumption that all ringed young fledged
1464,1996,358,NAG,PIEFL,1,7,,1,47,72,,,,NE,K002029,S,12/06/1996,30/05/1995,2,J596314,R,09/06/1994,28/05/1996,2,20/06/1996,K608154,,,,,,,,,,,,,,,,,,,,Hatching date estimated - Assumption that all ringed young fledged
1465,1996,360,NAG,PIEFL,1,6,6,6,55,74,,,,NE,J596029,S,12/06/1996,31/05/1994,3,K608008,I,30/05/1996,30/05/1996,1,20/06/1996,K608155,K608156,K608157,K608158,K608159,K608160,,,,,,,,,,,,,,,Hatching date estimated - Assumption that all ringed young fledged
1466,1996,402,NAG,PIEFL,1,7,,6,53,75,,,,NE,H911216,S,21/06/1996,04/06/1993,3,H911499,R,07/06/1993,29/05/1996,3,21/06/1996,K608274,K608275,K608276,K608277,K608278,K608279,,,,,,,,,,,,,,,Hatching date estimated - Assumption that all ringed young fledged
1467,1996,404,NAG,PIEFL,1,6,6,6,53,72,,,,NE,K608036,I,12/06/1996,12/06/1996,1,K002013,S,20/05/1995,29/05/1996,2,20/06/1996,K608197,K608198,K608199,K608200,K608201,K608202,,,,,,,,,,,,,,,Hatching date estimated - Assumption that all ringed young fledged
1468,1996,406,NAG,PIEFL,1,5,3,3,55,73,,,2,NE,K608092,I,16/06/1996,16/06/1996,1,H642228,S,06/06/1992,01/06/1996,4,21/06/1996,K608271,K608272,K608273,,,,,,,,,,,,,,,,,,Hatching date estimated - Assumption that all ringed young fledged
1469,1996,408,NAG,PIEFL,1,8,,3,55,74,,,,NE,,,,,,H234234,R,12/06/1991,05/06/1996,5,26/06/1996,K608386,K608387,K608388,K608389,,,,,,,,,,,,,,,,,Hatching date estimated - 389 DIED
1470,1996,416,NAG,PIEFL,1,5,,0,64,,,,,JD,K608270,I,21/06/1996,21/06/1996,1,K608023,I,05/06/1996,05/06/1996,1,,,,,,,,,,,,,,,,,,,,,,Hatching date estimated - ALL YOUNG DEAD BY 26/6
1471,1996,428,NAG,PIEFL,1,6,6,6,53,73,,,,NE,K002052,S,16/06/1996,02/06/1995,2,H911095,R,02/06/1993,30/05/1996,3,20/06/1996,K608191,K608192,K608193,K608194,K608195,K608196,,,,,,,,,,,,,,,Hatching date estimated - Assumption that all ringed young fledged
1472,1996,430,NAG,PIEFL,1,7,7,7,54,74,,,,NE,H911227,S,12/06/1996,04/06/1993,3,H642414,S,07/06/1992,30/05/1996,4,20/06/1996,K608184,K608185,K608186,K608187,K608188,K608189,K608190,,,,,,,,,,,,,,Hatching date estimated - Assumption that all ringed young fledged
1473,1996,434,NAG,PIEFL,1,6,6,6,53,72,,,,NE,K608093,I,16/06/1996,16/06/1996,1,K608017,I,01/06/1996,01/06/1996,1,20/06/1996,K608209,K608210,K608211,K608212,K608213,K608214,,,,,,,,,,,,,,,Hatching date estimated - Assumption that all ringed young fledged
1474,1996,436,NAG,PIEFL,1,6,,6,69,88,,,,NE,K002100,R,26/06/1996,04/06/1995,1,H911342,R,05/06/1993,20/06/1996,3,03/07/1996,K608402,K608403,K608404,K608405,,,,,,,,,,,,,,,,,Hatching date estimated - Assumption that all ringed young fledged
1475,1996,440,NAG,PIEFL,1,6,6,6,54,73,,,,NE,H234525,S,12/06/1996,06/07/1991,5,J596382,S,11/06/1994,01/06/1996,2,20/06/1996,K608203,K608204,K608205,K608206,K608207,K608208,,,,,,,,,,,,,,,Hatching date estimated - Assumption that all ringed young fledged
1476,1996,138A,NAG,PIEFL,1,5,0,0,50,,,,,EP,,,,,,K608024,I,05/06/1996,05/06/1996,1,,,,,,,,,,,,,,,,,,,,,,EGGS PREDATED BY 16/6
1477,1996,F4,NAG,PIEFL,1,5,5,5,55,73,,,,NE,K608091,I,16/06/1996,16/06/1996,1,K002011,S,20/05/1995,30/05/1996,2,20/06/1996,K608173,K608174,K608175,K608176,K608177,,,,,,,,,,,,,,,,Hatching date estimated - Assumption that all ringed young fledged
1478,1996,R14,NAG,PIEFL,1,6,6,6,55,73,,,,NE,K002452,R,14/06/1996,10/06/1995,1,K002144,R,04/06/1995,30/05/1996,1,21/06/1996,K608258,K608259,K608260,K608261,K608262,K608263,,,,,,,,,,,,,,,Hatching date estimated - Assumption that all ringed young fledged
1479,1996,R5,NAG,PIEFL,1,5,,2,56,74,,,,NE,H911447,S,16/06/1996,05/06/1993,3,H444582,I,07/06/1992,30/05/1996,4,24/06/1996,K608336,K608337,K608338,,,,,,,,,,,,,,,,,,Hatching date estimated - 338 DIED
1480,1996,R6,NAG,PIEFL,1,6,,3,48,76,,,,NE,H911571,R,15/06/1996,10/06/1993,3,J126272,S,12/06/1993,30/05/1996,3,25/06/1996,K608346,K608347,K608348,,,,,,,,,,,,,,,,,,Hatching date estimated - Assumption that all ringed young fledged
1481,1996,R9,NAG,PIEFL,1,6,6,6,56,75,,,,NE,K608094,I,16/06/1996,16/06/1996,1,J596370,R,11/06/1994,01/06/1996,2,21/06/1996,K608292,K608293,K608294,K608295,K608296,K608297,,,,,,,,,,,,,,,Hatching date estimated - Assumption that all ringed young fledged
1482,1997,Birch,FLO,PIEFL,1,7,7,7,,,,,,NE,K608028,S,02/06/1997,07/06/1996,2,H911131,R,03/06/1993,20/05/1997,4,02/06/1997,K942056,K942057,K942058,K942059,K942060,K942061,K942062,,,,,,,,,,,,,,Hatching date estimated - Assumption that all ringed young fledged
1483,1997,Lower Front Willow,FLO,PIEFL,1,7,6,6,,,,,1,NE,K942055,I,02/06/1997,02/06/1997,1,K942010,I,20/05/1997,20/05/1997,1,06/06/1997,K942383,K942384,K942385,K942386,K942387,K942388,,,,,,,,,,,,,,,Hatching date estimated - Assumption that all ringed young fledged
1484,1997,2,KEN,PIEFL,1,6,6,6,36,55,,,,NE,K002076,R,29/05/1997,04/06/1995,2,K942018,I,23/05/1997,23/05/1997,1,02/06/1997,K942063,K942064,K942065,K942066,K942067,K942068,,,,,,,,,,,,,,,Hatching date estimated - Assumption that all ringed young fledged
1485,1997,7,KEN,PIEFL,1,6,3,3,36,55,,,3,NE,H642427,S,29/05/1997,07/06/1992,5,K002023,S,25/05/1995,23/05/1997,3,05/06/1997,K942374,K942375,K942377,,,,,,,,,,,,,,,,,,Hatching date estimated
1486,1997,9,KEN,PIEFL,1,8,,6,35,56,,,1,NE,K942030,I,29/05/1997,29/05/1997,1,K002306,S,04/06/1995,23/05/1997,2,02/06/1997,K942069,K942070,K942071,K942072,K942073,K942074,,,,,,,,,,,,,,,Hatching date estimated - Assumption that all ringed young fledged
1487,1997,15,KEN,PIEFL,1,4,4,4,34,51,,,,NE,H648960,I,29/05/1997,05/06/1994,3,K002024,S,25/05/1995,23/05/1997,3,29/05/1997,K942031,K942032,K942033,K942034,,,,,,,,,,,,,,,,,Hatching date estimated - Assumption that all ringed young fledged
1488,1997,22,KEN,PIEFL,1,8,8,8,33,54,,,,NE,J596418,S,29/05/1997,11/06/1994,3,H911079,S,02/06/1993,23/05/1997,2,02/06/1997,K942075,K942076,K942077,K942078,K942079,K942080,K942081,K942082,,,,,,,,,,,,,Hatching date estimated - Assumption that all ringed young fledged
1489,1997,24,KEN,PIEFL,1,8,8,8,33,54,,,,NE,K942038,I,29/05/1997,29/05/1997,1,K608095,R,16/06/1996,23/05/1997,1,02/06/1997,K942108,K942109,K942110,K942111,K942112,K942113,K942114,K942115,,,,,,,,,,,,,Hatching date estimated - Assumption that all ringed young fledged
1490,1997,26,KEN,PIEFL,1,6,,5,36,55,,,,NE,K942035,I,29/05/1997,29/05/1997,1,K608167,R,20/06/1996,23/05/1997,1,02/06/1997,K942103,K942104,K942105,K942106,K942107,,,,,,,,,,,,,,,,Hatching date estimated - Assumption that all ringed young fledged
1491,1997,35,KEN,PIEFL,1,7,6,6,34,54,,,1,NE,K942035,S,29/05/1997,29/05/1997,1,K942018,I,23/05/1997,23/05/1997,1,02/06/1997,K942097,K942098,K942099,K942100,K942101,K942102,,,,,,,,,,,,,,,Hatching date estimated - Assumption that all ringed young fledged
1492,1997,40,KEN,PIEFL,1,6,5,5,36,55,,,1,NE,K942037,I,29/05/1997,29/05/1997,1,K942017,I,23/05/1997,23/05/1997,1,02/06/1997,K942083,K942084,K942085,K942086,K942087,,,,,,,,,,,,,,,,Hatching date estimated - Assumption that all ringed young fledged
1493,1997,43,KEN,PIEFL,1,6,5,5,40,58,,,1,NE,K942088,I,02/06/1997,02/06/1997,1,K608096,R,16/06/1996,23/05/1997,1,05/06/1997,K942378,K942379,K942380,K942381,K942382,,,,,,,,,,,,,,,,Hatching date estimated - Assumption that all ringed young fledged
1494,1997,45,KEN,PIEFL,1,8,8,8,35,56,,,,NE,K942036,I,29/05/1997,29/05/1997,1,J197620,I,08/06/1995,23/05/1997,2,02/06/1997,K942089,K942090,K942091,K942092,K942093,K942094,K942095,K942096,,,,,,,,,,,,,Hatching date estimated - Assumption that all ringed young fledged
1495,1997,46,KEN,PIEFL,1,6,,2,37,56,,,,NE,K002586,S,05/06/1997,10/06/1995,3,K608005,S,29/05/1996,23/05/1997,2,11/06/1997,K942299,K942300,,,,,,,,,,,,,,,,,,,Hatching date estimated - Assumption that all ringed young fledged
1496,1997,49,KEN,PIEFL,1,8,8,8,42,56,,,,NE,K942029,I,29/05/1997,29/05/1997,1,K002102,R,04/06/1995,23/05/1997,2,05/06/1997,K942366,K942367,K942368,K942369,K942370,K942371,K942372,K942373,,,,,,,,,,,,,Hatching date estimated - Assumption that all ringed young fledged
1497,1997,6,LYD,PIEFL,1,5,,4,55,73,,,,NE,K942401,I,11/06/1997,11/06/1997,1,K608046,R,13/06/1996,29/05/1997,1,19/06/1997,K942432,K942433,K942434,K942435,,,,,,,,,,,,,,,,,Hatching date estimated - Assumption that all ringed young fledged
1498,1997,11,LYD,PIEFL,1,6,5,4,47,66,,,1,NE,K942401,S,11/06/1997,11/06/1997,1,K002354,I,11/06/1997,11/06/1997,1,11/06/1997,K942402,K942403,K942404,K942405,K942406,,,,,,,,,,,,,,,,Hatching date estimated - 406 DIED
1499,1997,14,LYD,PIEFL,1,5,,4,57,,,,,NE,J596098,S,11/06/1997,04/06/1994,3,H829413,S,27/05/1993,20/05/1997,5,19/06/1997,K942436,K942437,K942438,K942439,,,,,,,,,,,,,,,,,Hatching date estimated - Assumption that all ringed young fledged
1500,1997,17,LYD,PIEFL,1,7,0,0,,,,,,ED,,,,,,H829413,S,27/05/1993,19/06/1997,5,,,,,,,,,,,,,,,,,,,,,,DESERTED BY 29/5
1501,1997,4,NAG,PIEFL,1,6,,0,40,,,,,JP,K002030,S,30/05/1997,30/05/1995,3,K608208,R,20/06/1996,16/05/1997,1,,,,,,,,,,,,,,,,,,,,,,PREDATED BY 5/6
1502,1997,10,NAG,PIEFL,1,6,6,6,38,57,,,,NE,H911024,S,27/05/1997,31/05/1993,4,K002372,S,10/06/1997,14/05/1997,2,05/06/1997,K942314,K942315,K942316,K942317,K942318,K942322,,,,,,,,,,,,,,,Hatching date estimated - Assumption that all ringed young fledged
1503,1997,13,NAG,PIEFL,1,6,5,5,36,55,,,1,NE,K608038,S,25/05/1997,13/06/1996,2,K002276,S,04/06/1995,12/05/1997,2,03/06/1997,K942121,K942122,K942123,K942124,K942125,,,,,,,,,,,,,,,,Hatching date estimated - Assumption that all ringed young fledged
1504,1997,22,NAG,PIEFL,1,8,,0,43,,,,,JD,,,,,,K942012,I,20/05/1997,20/05/1997,1,,,,,,,,,,,,,,,,,,,,,,DESERTED - NOT CLEAR AT WHAT STAGE 
1505,1997,27,NAG,PIEFL,1,7,6,0,39,,,,1,JP,,,,,,K608021,S,01/06/1996,14/05/1997,2,05/06/1997,K942336,K942337,K942338,K942339,K942340,K942341,,,,,,,,,,,,,,,Hatching date estimated - PREDATED BY 9/6
1506,1997,43,NAG,PIEFL,1,7,0,0,42,,,,,EP,H911028,S,21/06/1997,01/06/1993,4,K942011,I,20/05/1997,20/05/1997,1,,,,,,,,,,,,,,,,,,,,,,PREDATED BY 1/6
1507,1997,47,NAG,PIEFL,1,6,,5,36,55,,,,NE,K942027,I,27/05/1997,27/05/1997,1,K608004,S,28/05/1996,12/05/1997,2,03/06/1997,K942116,K942117,K942118,K942119,K942120,,,,,,,,,,,,,,,,Hatching date estimated - Assumption that all ringed young fledged
1508,1997,50,NAG,PIEFL,1,8,,5,43,64,,,,NE,K608040,R,03/06/1997,13/06/1996,1,H642533,S,10/06/1992,20/05/1997,5,11/06/1997,K942276,K942277,K942278,K942279,K942280,,,,,,,,,,,,,,,,Hatching date estimated - Assumption that all ringed young fledged
1509,1997,51,NAG,PIEFL,1,8,,5,41,62,,,2,NE,K487910,I,03/06/1997,08/06/1996,1,K002021,S,24/05/1995,21/05/1997,3,11/06/1997,K942281,K942282,K942283,K942284,K942285,,,,,,,,,,,,,,,,Hatching date estimated - Assumption that all ringed young fledged
1510,1997,56,NAG,PIEFL,1,7,7,7,37,57,,,,NE,K942028,I,28/05/1997,28/05/1997,1,K608002,S,26/05/1996,14/05/1997,2,05/06/1997,K942323,K942324,K942325,K942326,K942327,K942328,K942329,,,,,,,,,,,,,,Hatching date estimated - Assumption that all ringed young fledged
1511,1997,59,NAG,PIEFL,1,6,6,6,40,59,,,,NE,K608223,R,28/05/1997,21/06/1996,1,K942007,I,16/05/1997,16/05/1997,1,05/06/1997,K942330,K942331,K942332,K942333,K942334,K942335,,,,,,,,,,,,,,,Hatching date estimated - Assumption that all ringed young fledged
1512,1997,68,NAG,PIEFL,1,4,0,0,34,,,,,ED,,,,,,,,,,,,,,,,,,,,,,,,,,,,,,,,"DESERTED - EGGS TRANSFERRED TO BOXES 43, 51, 86 AND 259 ON 16/5"
1513,1997,74,NAG,PIEFL,1,7,7,7,34,54,,,,NE,H234034,S,25/05/1997,04/06/1991,6,K002154,S,04/06/1995,12/05/1997,2,03/06/1997,K942126,K942127,K942128,K942129,K942130,K942131,K942132,,,,,,,,,,,,,,Hatching date estimated - Assumption that all ringed young fledged
1514,1997,78,NAG,PIEFL,1,5,3,2,59,77,,,2,NE,J596177,R,18/06/1997,05/06/1994,3,K942139,I,03/06/1997,03/06/1997,1,27/06/1997,K942444,K942445,K942446,,,,,,,,,,,,,,,,,,Hatching date estimated - 444 DIED
1515,1997,86,NAG,PIEFL,1,8,,6,41,62,,,,NE,K942054,I,01/06/1997,01/06/1997,1,H911256,S,04/06/1993,20/05/1997,4,10/06/1997,K942201,K942202,K942203,K942204,K942205,K942206,,,,,,,,,,,,,,,Hatching date estimated - Assumption that all ringed young fledged
1516,1997,89,NAG,PIEFL,1,6,6,6,38,,,,,NE,H911441,S,30/05/1997,05/06/1993,4,K942005,I,14/05/1997,14/05/1997,1,05/06/1997,K942342,K942343,K942344,K942345,K942346,K942347,,,,,,,,,,,,,,,Hatching date estimated - Assumption that all ringed young fledged
1517,1997,104,NAG,PIEFL,1,7,7,7,45,65,,,,NE,K608270,S,04/06/1997,21/06/1996,2,K002388,S,10/06/1997,23/05/1997,2,11/06/1997,K942292,K942293,K942294,K942295,K942296,K942297,K942298,,,,,,,,,,,,,,Hatching date estimated - Assumption that all ringed young fledged
1518,1997,107,NAG,PIEFL,1,6,6,6,45,64,,,,NE,K942187,I,03/06/1997,03/06/1997,1,K942014,I,21/05/1997,21/05/1997,1,09/06/2007,K942395,K942396,K942397,K942398,K942399,K942400,,,,,,,,,,,,,,,Hatching date estimated - Assumption that all ringed young fledged
1519,1997,112,NAG,PIEFL,1,7,5,5,45,69,,,2,NE,H911147,S,09/06/1997,03/06/1993,4,K942020,I,23/05/1997,23/05/1997,1,13/06/1997,K942419,K942420,K942421,K942422,K942423,,,,,,,,,,,,,,,,Hatching date estimated - Assumption that all ringed young fledged
1520,1997,123,NAG,PIEFL,1,7,,0,37,,,,,JP,K942026,I,27/05/1997,27/05/1997,1,K608011,S,30/05/1996,13/05/1997,2,,,,,,,,,,,,,,,,,,,,,,PREDATED BY 5/6
1521,1997,131,NAG,PIEFL,1,7,,1,45,65,,,,NE,K942155,I,03/06/1997,03/06/1997,1,J596015,S,28/05/1994,21/05/1997,4,11/06/1997,K942275,,,,,,,,,,,,,,,,,,,,Hatching date estimated - Assumption that all ringed young fledged
1522,1997,132,NAG,PIEFL,1,8,7,7,43,64,,,1,NE,K942154,I,03/06/1997,03/06/1997,1,K942013,I,20/05/1997,20/05/1997,1,11/06/1997,K942268,K942269,K942270,K942271,K942272,K942273,K942274,,,,,,,,,,,,,,Hatching date estimated - Assumption that all ringed young fledged
1523,1997,134,NAG,PIEFL,1,6,,3,56,74,,,,NE,K942140,I,03/06/1997,03/06/1997,1,K942012,S,20/05/1997,03/06/1997,1,21/06/1997,K942440,K942441,K942442,K942443,,,,,,,,,,,,,,,,,Hatching date estimated - 440/441/442 DIED
1524,1997,135,NAG,PIEFL,1,7,7,7,35,55,,,,NE,K002457,R,25/05/1997,10/06/1995,2,H911321,R,04/06/1993,13/05/1997,4,03/06/1997,K942147,K942148,K942149,K942150,K942151,K942152,K942153,,,,,,,,,,,,,,Hatching date estimated - Assumption that all ringed young fledged
1525,1997,146,NAG,PIEFL,1,7,,0,37,,,,,JP,H234091,S,27/05/1997,07/06/1991,6,K942002,I,13/05/1997,13/05/1997,1,,,,,,,,,,,,,,,,,,,,,,PREDATED BY 1/6
1526,1997,161,NAG,PIEFL,1,6,,5,47,66,,,,NE,K608072,R,04/06/1997,14/06/1996,1,K942024,I,27/05/1997,27/05/1997,1,13/06/1997,K942414,K942415,K942416,K942417,K942418,,,,,,,,,,,,,,,,Hatching date estimated - Assumption that all ringed young fledged
1527,1997,163,NAG,PIEFL,1,7,,0,37,,,,,JP,K942025,I,27/05/1997,27/05/1997,1,K002178,S,04/06/1995,14/05/1997,2,,,,,,,,,,,,,,,,,,,,,,ALL PREDATED BY 1/6
1528,1997,172,NAG,PIEFL,1,7,,5,33,53,,,1,NE,K002029,S,25/05/1997,30/05/1995,3,K603104,I,,12/05/1997,1,01/06/1997,K942048,K942049,K942050,K942051,K942052,,,,,,,,,,,,,,,,Hatching date estimated - Assumption that all ringed young fledged
1529,1997,181,NAG,PIEFL,1,7,0,0,39,,,,,ED,,,,,,H811472,S,08/06/1994,16/05/1997,3,,,,,,,,,,,,,,,,,,,,,,DESERTED - EGGS INFERTILE
1530,1997,197,NAG,PIEFL,1,7,,0,35,,,,,JP,H911526,S,27/05/1997,08/06/1993,4,J596004,S,16/05/1994,12/05/1997,4,,,,,,,,,,,,,,,,,,,,,,Hatching date estimated - PREDATED BY 2/6
1531,1997,211,NAG,PIEFL,1,6,,0,61,,,,,JD,K608202,R,18/06/1997,20/06/1996,1,K942360,I,05/06/1997,05/06/1997,1,,,,,,,,,,,,,,,,,,,,,,Hatching date estimated - ALL YOUNG DEAD BY 27/6
1532,1997,218,NAG,PIEFL,1,6,,5,36,55,,,,NE,K942023,I,27/05/1997,27/05/1997,1,J900926,I,30/05/1996,27/05/1997,2,03/06/1997,K942182,K942183,K942184,K942185,K942186,,,,,,,,,,,,,,,,Hatching date estimated - Assumption that all ringed young fledged
1533,1997,224,NAG,PIEFL,1,7,7,7,43,67,,,,NE,K608117,R,06/06/1997,20/06/1996,1,K942021,I,23/05/1997,23/05/1997,1,13/06/1997,K942407,K942408,K942409,K942410,K942411,K942412,K942413,,,,,,,,,,,,,,Hatching date estimated - Assumption that all ringed young fledged
1534,1997,227,NAG,PIEFL,1,7,7,7,33,53,,,,NE,J596068,S,25/05/1997,02/06/1994,3,K942001,I,12/05/1997,12/05/1997,1,01/06/1997,K942041,K942042,K942043,K942044,K942045,K942046,K942047,,,,,,,,,,,,,,Hatching date estimated - Assumption that all ringed young fledged
1535,1997,231,NAG,PIEFL,1,7,7,7,43,63,,,,NE,H642659,S,05/06/1997,12/06/1992,5,H642183,S,06/06/1992,21/05/1997,5,11/06/1997,K942235,K942236,K942237,K942238,K942239,K942240,K942241,,,,,,,,,,,,,,Hatching date estimated - Assumption that all ringed young fledged
1536,1997,238,NAG,PIEFL,1,7,,5,42,62,,,,NE,K002293,R,01/06/1997,04/06/1995,2,K942009,I,18/05/1997,18/05/1997,1,11/06/1997,K942242,K942243,K942244,K942245,K942246,,,,,,,,,,,,,,,,Hatching date estimated - Assumption that all ringed young fledged
1537,1997,240,NAG,PIEFL,1,7,7,7,45,65,,,,NE,K002485,S,21/05/1997,10/06/1995,2,K942015,I,21/05/1997,21/05/1997,1,11/06/1997,K942247,K942248,K942249,K942250,K942251,K942252,K942253,,,,,,,,,,,,,,Hatching date estimated - Assumption that all ringed young fledged
1538,1997,249,NAG,PIEFL,1,5,,0,64,,,,,JD,H911028,S,21/06/1997,01/06/1993,4,K942011,S,20/05/1997,09/06/1997,1,,,,,,,,,,,,,,,,,,,,,,Hatching date estimated - ALL YOUNG DEAD BY 2/7
1539,1997,259,NAG,PIEFL,1,8,,6,41,62,,,,NE,H911035,R,01/06/1997,01/06/1993,4,K002272,S,04/06/1995,20/05/1997,2,10/06/1997,K942207,K942208,K942209,K942210,K942211,K942212,,,,,,,,,,,,,,,Hatching date estimated - Assumption that all ringed young fledged
1540,1997,267,NAG,PIEFL,1,7,7,4,36,56,,,,NE,K002032,S,27/05/1997,30/05/1995,3,J596017,S,28/05/1994,13/05/1997,4,03/06/1997,K942156,K942157,K942158,K942159,K942160,K942161,K942162,,,,,,,,,,,,,,Hatching date estimated - 156/157/159 DIED
1541,1997,271,NAG,PIEFL,1,7,7,7,37,56,,,,NE,K002034,S,28/05/1997,31/05/1995,3,K942003,I,13/05/1997,13/05/1997,1,05/06/1997,K942188,K942189,K942190,K942191,K942192,K942193,K942194,,,,,,,,,,,,,,Hatching date estimated - Assumption that all ringed young fledged
1542,1997,286,NAG,PIEFL,1,8,8,8,39,60,,,,NE,J596039,S,04/06/1997,02/06/1994,4,K942006,I,16/05/1997,16/05/1997,1,05/06/1997,K942195,K942196,K942197,K942198,K942199,K942200,K942301,K942302,,,,,,,,,,,,,Hatching date estimated - Assumption that all ringed young fledged
1543,1997,291,NAG,PIEFL,1,7,7,7,36,56,,,,NE,K608032,S,27/05/1997,07/06/1996,2,K608017,S,01/06/1996,12/05/1997,2,05/06/1997,K942303,K942304,K942305,K942306,K942307,K942308,K942309,,,,,,,,,,,,,,Hatching date estimated - Assumption that all ringed young fledged
1544,1997,311,NAG,PIEFL,1,7,7,7,36,56,,,,NE,K002122,S,27/05/1997,04/06/1995,2,K608008,S,30/05/1996,14/05/1997,2,05/06/1997,K942310,K942311,K942312,K942313,K942315,K942316,K942317,,,,,,,,,,,,,,Hatching date estimated - Assumption that all ringed young fledged
1545,1997,315,NAG,PIEFL,1,7,6,6,35,55,,,1,NE,J596092,S,25/05/1997,04/06/1994,4,H642005,S,16/05/1992,14/05/1997,6,03/06/1997,K942141,K942142,K942143,K942144,K942145,K942146,,,,,,,,,,,,,,,Hatching date estimated - Assumption that all ringed young fledged
1546,1997,328,NAG,PIEFL,1,7,,0,35,,,,,JP,H642560,S,25/05/1997,10/06/1992,5,K002524,S,10/06/1997,13/05/1997,2,03/06/1997,K942133,K942134,K942135,K942136,K942137,K942138,,,,,,,,,,,,,,,Hatching date estimated - PREDATED BY 4/6
1547,1997,338,NAG,PIEFL,1,7,,0,46,,,,,JP,K002054,S,05/06/1997,02/06/1995,3,K942019,I,23/05/1997,23/05/1997,1,11/06/1997,K942286,K942287,K942288,K942289,K942290,K942291,,,,,,,,,,,,,,,Hatching date estimated - PREDATED BY 13/6
1548,1997,340,NAG,PIEFL,1,7,6,6,35,55,,,1,NE,H911227,S,25/05/1997,04/06/1993,4,H642414,S,07/06/1992,12/05/1997,5,03/06/1997,K942170,K942171,K942172,K942173,K942174,K942175,,,,,,,,,,,,,,,Hatching date estimated - Assumption that all ringed young fledged
1549,1997,343,NAG,PIEFL,1,6,6,6,38,57,,,,NE,J596194,S,27/05/1997,05/06/1994,3,K608080,R,16/06/1996,14/05/1997,1,05/06/1997,K942348,K942349,K942350,K942351,K942352,K942353,,,,,,,,,,,,,,,Hatching date estimated - Assumption that all ringed young fledged
1550,1997,346,NAG,PIEFL,1,7,,6,42,62,,,,NE,K942053,I,01/06/1997,01/06/1997,1,K942008,I,18/05/1997,18/05/1997,1,10/06/1997,K942213,K942214,K942215,K942216,K942217,K942218,,,,,,,,,,,,,,,Hatching date estimated - Assumption that all ringed young fledged
1551,1997,354,NAG,PIEFL,1,7,7,7,43,63,,,,NE,K608093,S,04/06/1997,16/06/1996,2,J596382,S,11/06/1994,21/05/1997,3,11/06/1997,K942228,K942229,K942230,K942231,K942232,K942233,K942234,,,,,,,,,,,,,,Hatching date estimated - Assumption that all ringed young fledged
1552,1997,355,NAG,PIEFL,1,7,,6,42,62,,,,NE,K608097,S,01/06/1997,16/06/1996,2,K608019,S,01/06/1996,21/05/1997,2,11/06/1997,K942222,K942223,K942224,K942225,K942226,K942227,,,,,,,,,,,,,,,Hatching date estimated - Assumption that all ringed young fledged
1553,1997,356,NAG,PIEFL,1,8,,3,40,61,,,,NE,,,,,,K608015,S,01/06/1996,21/05/1997,2,11/06/1997,K942219,K942220,K942221,,,,,,,,,,,,,,,,,,Hatching date estimated - Assumption that all ringed young fledged
1554,1997,359,NAG,PIEFL,1,7,6,6,36,56,,,1,NE,J596029,S,27/05/1997,31/05/1994,4,K002013,S,20/05/1995,12/05/1997,3,03/06/1997,K942176,K942177,K942178,K942179,K942180,K942181,,,,,,,,,,,,,,,Hatching date estimated - Assumption that all ringed young fledged
1555,1997,360,NAG,PIEFL,1,6,6,4,47,66,,,,NE,K608034,S,04/06/1997,12/06/1996,2,K608393,R,26/06/1996,23/05/1997,1,11/06/1997,K942262,K942263,K942264,K942265,K942266,K942267,,,,,,,,,,,,,,,Hatching date estimated - 264/266 DIED
1556,1997,374,NAG,PIEFL,1,6,6,6,43,62,,,,NE,K942040,I,01/06/1997,01/06/1997,1,K608009,S,30/05/1996,18/05/1997,2,09/06/1997,K942389,K942390,K942391,K942392,K942393,K942394,,,,,,,,,,,,,,,Hatching date estimated - Assumption that all ringed young fledged
1557,1997,404,NAG,PIEFL,1,6,,0,43,,,,,JD,,,,,,H642262,S,06/06/1992,20/05/1997,5,,,,,,,,,,,,,,,,,,,,,,Hatching date estimated - ALL YOUNG DEAD BY 9/6
1558,1997,407,NAG,PIEFL,1,8,8,8,46,67,,,,NE,K608092,S,06/06/1997,16/06/1996,2,K942022,I,23/05/1997,23/05/1997,1,13/06/1997,K942424,K942425,K942426,K942427,K942428,K942429,K942430,K942431,,,,,,,,,,,,,Hatching date estimated - Assumption that all ringed young fledged
1559,1997,428,NAG,PIEFL,1,8,8,8,44,65,,,,NE,K608105,R,05/06/1997,18/06/1996,1,J596247,S,06/06/1994,21/05/1997,3,11/06/1997,K942254,K942255,K942256,K942257,K942258,K942259,K942260,K942261,,,,,,,,,,,,,Hatching date estimated - Assumption that all ringed young fledged
1560,1997,R14,NAG,PIEFL,1,3,3,3,68,84,,,,NE,K002452,S,23/06/1997,10/06/1995,2,K002178,S,04/06/1995,13/06/1997,2,02/07/1997,K842447,K842448,K842449,,,,,,,,,,,,,,,,,,Hatching date estimated - Assumption that all ringed young fledged
1561,1997,R4,NAG,PIEFL,1,6,6,6,40,59,,,,NE,K942039,I,30/05/1997,30/05/1997,1,K942004,I,14/05/1997,14/05/1997,1,05/06/1997,K942354,K942355,K942356,K942357,K942358,K942359,,,,,,,,,,,,,,,Hatching date estimated - Assumption that all ringed young fledged
1562,1997,R5,NAG,PIEFL,1,4,,0,65,,,,,JD,K911447,I,23/06/1997,,1,J596004,S,16/05/1994,09/06/1997,4,,,,,,,,,,,,,,,,,,,,,,Hatching date estimated - ALL YOUNG DEAD BY 2/7
1563,1997,R6,NAG,PIEFL,1,7,7,7,35,55,,,,NE,H911571,S,27/05/1997,10/06/1993,4,H234570,I,,12/05/1997,1,03/06/1997,K942163,K942164,K942165,K942166,K942167,K942168,K942169,,,,,,,,,,,,,,Hatching date estimated - Assumption that all ringed young fledged
1564,1997,R8,NAG,PIEFL,1,6,,5,40,59,,,,NE,H911216,S,01/06/1997,04/06/1993,4,K608025,S,05/06/1996,16/05/1997,2,05/06/1997,K942361,K942362,K942363,K942364,K942365,,,,,,,,,,,,,,,,Hatching date estimated - Assumption that all ringed young fledged
1565,1998,Oak,FLO,PIEFL,1,7,,5,,,,,,NE,N467036,I,02/06/1998,02/06/1998,1,N467015,I,25/05/1998,25/05/1998,1,11/06/1998,N467274,N467275,N467276,N467277,N467278,,,,,,,,,,,,,,,,Hatching date estimated 
1566,1998,?? Oak,FLO,PIEFL,1,6,,0,,,,,,JD,N467037,I,02/06/1998,02/06/1998,1,N467017,I,25/05/1998,25/05/1998,1,,,,,,,,,,,,,,,,,,,,,,Hatching date estimated - ALL YOUNG DEAD BY 11/6
1567,1998,Front Pine,FLO,PIEFL,1,7,7,7,,,,,,NE,J225824,I,02/06/1998,08/06/1993,5,N467016,I,25/05/1998,25/05/1998,1,02/06/1998,N467038,N467039,N467040,N467041,N467042,N467043,N467044,,,,,,,,,,,,,,Hatching date estimated 
1568,1998,1,KEN,PIEFL,1,7,7,7,38,58,,,,NE,K002076,S,02/06/1998,04/06/1995,3,K942018,S,23/05/1997,26/05/1998,2,04/06/1998,N467051,N467052,N467053,N467054,N467055,N467056,N467057,,,,,,,,,,,,,,Hatching date estimated 
1569,1998,4,KEN,PIEFL,1,7,,0,42,,,,,JD,,,,,,N467018,I,26/05/1998,26/05/1998,1,,,,,,,,,,,,,,,,,,,,,,Hatching date estimated - ALL YOUNG DEAD BY 8/6
1570,1998,8,KEN,PIEFL,1,8,,4,37,58,,,2,NE,N467035,I,02/06/1998,02/06/1998,1,K002306,S,04/06/1995,26/05/1998,3,08/06/1998,N467166,N467167,N467168,N467169,,,,,,,,,,,,,,,,,Hatching date estimated 
1571,1998,10,KEN,PIEFL,1,7,,0,38,,,,,JD,K942030,S,04/06/1998,29/05/1997,2,N467021,I,26/05/1998,26/05/1998,1,,,,,,,,,,,,,,,,,,,,,,Hatching date estimated - ALL YOUNG DEAD BY 8/6
1572,1998,21,KEN,PIEFL,1,6,6,6,39,58,,,,NE,J596418,S,02/06/1998,11/06/1994,4,K608096,S,16/06/1996,26/05/1998,2,08/06/1998,N467170,N467171,N467172,N467173,N467174,N467175,,,,,,,,,,,,,,,Hatching date estimated 
1573,1998,23,KEN,PIEFL,1,7,,4,44,64,,,2,NE,H648960,S,04/06/1998,05/06/1994,4,N467022,I,26/05/1998,26/05/1998,1,11/06/1998,N467283,N467284,N467285,N467286,,,,,,,,,,,,,,,,,Hatching date estimated 
1574,1998,26,KEN,PIEFL,1,7,,6,44,64,,,,NE,N467059,I,04/06/1998,04/06/1998,1,K608322,R,21/06/1996,26/05/1998,2,11/06/1998,N467287,N467288,N467289,N467290,N467291,N467292,,,,,,,,,,,,,,,Hatching date estimated 
1575,1998,33,KEN,PIEFL,1,7,7,7,38,58,,,,NE,N467026,I,31/05/1998,31/05/1998,1,N467023,I,26/05/1998,26/05/1998,1,08/06/1998,N467176,N467177,N467178,N467179,N467180,N467181,N467182,,,,,,,,,,,,,,Hatching date estimated 
1576,1998,36,KEN,PIEFL,1,7,,5,42,,,,,NE,J364807,I,02/06/1998,04/06/1995,3,K608005,S,29/05/1996,26/05/1998,3,11/06/1998,N467315,N467316,N467317,N467318,N467319,,,,,,,,,,,,,,,,
1577,1998,38,KEN,PIEFL,1,7,4,4,38,58,,,3,NE,K942036,S,02/06/1998,29/05/1997,2,K608167,S,20/06/1996,02/06/1998,2,04/06/1998,N467060,N467061,N467062,N467063,,,,,,,,,,,,,,,,,Hatching date estimated 
1578,1998,46,KEN,PIEFL,1,7,,0,43,,,,,JD,N467058,I,04/06/1998,04/06/1998,1,N467019,I,26/05/1998,26/05/1998,1,,,,,,,,,,,,,,,,,,,,,,Hatching date estimated - ALL YOUNG DEAD BY 11/6
1579,1998,47,KEN,PIEFL,1,7,,4,43,63,,,,NE,N467034,I,02/06/1998,02/06/1998,1,N467020,I,26/05/1998,26/05/1998,1,11/06/1998,N467279,N467280,N467281,N467282,,,,,,,,,,,,,,,,,Hatching date estimated 
1580,1998,48,KEN,PIEFL,1,8,,0,38,,,,,JD,,,,,,K608095,S,16/06/1996,26/05/1998,2,,,,,,,,,,,,,,,,,,,,,,Hatching date estimated - ALL YOUNG DEAD BY 2/6
1581,1998,6,LYD,PIEFL,1,,,2,,,3,,,NE,N467120,I,05/06/1998,05/06/1998,1,N467030,I,01/06/1998,01/06/1998,1,10/06/1998,N467258,N467259,,,,,,,,,,,,,,,,,,,Hatching date estimated 
1582,1998,11,LYD,PIEFL,1,6,3,3,,,,,3,NE,N467121,I,05/06/1998,05/06/1998,1,N467031,I,01/06/1998,01/06/1998,1,10/06/1998,N467271,N467272,N467273,,,,,,,,,,,,,,,,,,Hatching date estimated 
1583,1998,12,LYD,PIEFL,1,6,5,5,,,,,1,NE,J596098,S,05/06/1998,04/06/1994,4,K948714,I,01/06/1998,01/06/1998,1,10/06/1998,N467264,N467265,N467266,N467267,N467268,,,,,,,,,,,,,,,,Hatching date estimated 
1584,1998,17,LYD,PIEFL,1,,,4,,,,,,NE,N467248,I,10/06/1998,10/06/1998,1,N467029,I,01/06/1998,01/06/1998,1,10/06/1998,N467249,N467250,N467251,N467252,,,,,,,,,,,,,,,,,Hatching date estimated 
1585,1998,20,LYD,PIEFL,1,,,4,,,6,,,NE,N467033,I,01/06/1998,01/06/1998,1,N467032,I,01/06/1998,01/06/1998,1,10/06/1998,N467260,N467261,N467262,N467263,,,,,,,,,,,,,,,,,Hatching date estimated 
1586,1998,Lower 19,LYD,PIEFL,1,6,,0,,,,,,JD,N467269,I,10/06/1998,10/06/1998,1,K942139,S,03/06/1997,01/06/1998,2,,,,,,,,,,,,,,,,,,,,,,Hatching date estimated - ALL YOUNG DEAD BY 17/6
1587,1998,Upper 14,LYD,PIEFL,1,,,5,,,7,,,NE,K942401,S,05/06/1998,11/06/1997,2,K942279,R,11/06/1997,01/06/1998,1,10/06/1998,N467253,N467254,N467255,N467256,N467257,,,,,,,,,,,,,,,,Hatching date estimated 
1588,1998,Upper 7,LYD,PIEFL,1,5,,2,,,,,,NE,N467120,S,05/06/1998,05/06/1998,1,K608046,S,13/06/1996,05/06/1998,2,24/06/1998,N467335,N467336,,,,,,,,,,,,,,,,,,,Hatching date estimated 
1589,1998,27,NAG,PIEFL,1,8,,1,44,64,,,,NE,K608073,R,04/06/1998,14/06/1996,2,K942005,S,14/05/1997,21/05/1998,2,11/06/1998,N467298,N467299,N467300,N467301,N467302,,,,,,,,,,,,,,,,Hatching date estimated - 298/299/300/301 DIED
1590,1998,47,NAG,PIEFL,1,6,,3,43,62,,,,NE,H234091,S,01/06/1998,07/06/1991,7,K942024,S,27/05/1997,20/05/1998,2,10/06/1998,N467236,N467237,N467238,,,,,,,,,,,,,,,,,,Hatching date estimated - Assumption that all ringed young fledged
1591,1998,51,NAG,PIEFL,1,6,,2,41,60,,,,NE,K608040,S,30/05/1998,13/06/1996,2,N467003,I,19/05/1998,19/05/1998,1,07/06/1998,N467134,N467135,N467136,,,,,,,,,,,,,,,,,,Hatching date estimated - 136 DIED
1592,1998,56,NAG,PIEFL,1,8,,3,45,65,,,,NE,H642535,S,23/05/1998,10/06/1992,6,N467012,I,23/05/1998,23/05/1998,1,12/06/1998,N467320,N467321,N467322,,,,,,,,,,,,,,,,,,Hatching date estimated - Assumption that all ringed young fledged
1593,1998,57,NAG,PIEFL,1,6,6,6,40,59,,,,NE,K942027,S,30/05/1998,27/05/1997,2,K942126,R,03/06/1997,18/05/1998,1,07/06/1998,N467137,N467138,N467139,N467140,N467141,N467142,,,,,,,,,,,,,,,Hatching date estimated - Assumption that all ringed young fledged
1594,1998,68,NAG,PIEFL,1,7,,2,45,64,,,,NE,N467077,I,05/06/1998,05/06/1998,1,K608004,S,28/05/1996,21/05/1998,3,12/06/1998,N467323,N467324,N467325,,,,,,,,,,,,,,,,,,Hatching date estimated - 323 DIED
1595,1998,75,NAG,PIEFL,1,1,,0,50,,,,,XP,K608380,R,24/05/1998,26/06/1996,2,K942421,R,13/06/1997,24/05/1998,1,,,,,,,,,,,,,,,,,,,,,,EGG GONE BY 7/6
1596,1998,86,NAG,PIEFL,1,7,6,6,40,60,,,1,NE,K942054,S,30/05/1998,01/06/1997,2,K942007,S,16/05/1997,23/05/1998,2,07/06/1998,N467148,N467149,N467150,N467151,N467152,N467153,,,,,,,,,,,,,,,Hatching date estimated - Assumption that all ringed young fledged
1597,1998,89,NAG,PIEFL,1,7,,0,43,,,,,JD,K942155,S,04/06/1998,03/06/1997,2,J596015,S,28/05/1994,21/05/1998,5,,,,,,,,,,,,,,,,,,,,,,Hatching date estimated - ALL YOUNG DEAD BY 7/6
1598,1998,101,NAG,PIEFL,1,6,,0,44,,,,,JD,H911571,S,03/06/1998,10/06/1993,5,K942068,R,02/06/1997,23/05/1998,1,,,,,,,,,,,,,,,,,,,,,,Hatching date estimated - ALL YOUNG DEAD BY 7/6
1599,1998,112,NAG,PIEFL,1,7,,0,43,,,,,JD,K608047,R,03/06/1998,13/06/1996,2,K002388,S,10/06/1997,21/05/1998,3,10/06/1998,N467239,N467240,N467241,N467242,N467243,,,,,,,,,,,,,,,,Hatching date estimated - ALL DIED
1600,1998,115,NAG,PIEFL,1,6,,0,45,,,,,JD,N467046,I,03/06/1998,03/06/1998,1,K608019,S,01/06/1996,21/05/1998,3,,,,,,,,,,,,,,,,,,,,,,Hatching date estimated - ALL YOUNG DEAD BY 9/6
1601,1998,122,NAG,PIEFL,1,7,,5,48,68,,,,NE,N467122,I,07/06/1998,07/06/1998,1,K942022,S,23/05/1997,24/05/1998,2,16/06/1998,N476326,N476327,N476328,N476329,N476330,,,,,,,,,,,,,,,,Hatching date estimated - Assumption that all ringed young fledged
1602,1998,129,NAG,PIEFL,1,7,,1,41,61,,,1,NE,K942189,R,30/05/1998,05/06/1997,1,K002272,S,04/06/1995,18/05/1998,3,09/06/1998,N467229,N467230,,,,,,,,,,,,,,,,,,,Hatching date estimated - 230 DIED
1603,1998,132,NAG,PIEFL,1,6,6,5,42,61,,,,NE,K002030,S,30/05/1998,30/05/1995,4,N467010,I,21/05/1998,21/05/1998,1,09/06/1998,N467231,N467232,N467233,N467234,N467235,,,,,,,,,,,,,,,,Hatching date estimated - Assumption that all ringed young fledged
1604,1998,134,NAG,PIEFL,1,7,5,0,45,,,,2,JD,K942140,S,04/06/1998,03/06/1997,2,K942013,S,20/05/1997,21/05/1998,2,11/06/1998,N467293,N467294,N467295,N467296,N467297,,,,,,,,,,,,,,,,Hatching date estimated - ALL DIED
1605,1998,140,NAG,PIEFL,1,6,5,5,40,59,,,1,NE,K942039,S,30/05/1998,30/05/1997,2,K002276,S,04/06/1995,19/05/1998,3,07/06/1998,N467123,N467124,N467125,N467126,N467127,,,,,,,,,,,,,,,,Hatching date estimated - Assumption that all ringed young fledged
1606,1998,161,NAG,PIEFL,1,5,5,4,40,58,,,,NE,K942028,S,28/05/1998,28/05/1997,2,N467014,I,23/05/1998,23/05/1998,1,05/06/1998,N467072,N467073,N467074,N467075,N467076,,,,,,,,,,,,,,,,Hatching date estimated - 074 DIED
1607,1998,172,NAG,PIEFL,1,7,,0,42,,,,,JD,N467028,I,01/06/1998,01/06/1998,1,J596004,S,16/05/1994,21/05/1998,5,,,,,,,,,,,,,,,,,,,,,,Hatching date estimated - ALL YOUNG DEAD BY 10/6
1608,1998,187,NAG,PIEFL,1,7,,0,45,,,,,JD,K608034,S,04/06/1998,12/06/1996,3,N467009,I,21/05/1998,21/05/1998,1,,,,,,,,,,,,,,,,,,,,,,Hatching date estimated - ALL YOUNG DEAD BY 16/6
1609,1998,190,NAG,PIEFL,1,7,,4,44,64,,,,NE,H911216,S,03/06/1998,04/06/1993,5,K002102,S,04/06/1995,21/05/1998,3,11/06/1998,N467310,N467311,N467312,N467313,N467314,,,,,,,,,,,,,,,,Hatching date estimated - 311 DIED
1610,1998,192,NAG,PIEFL,1,6,,0,47,,,,,JD,N467165,I,07/06/1998,07/06/1998,1,K942020,S,23/05/1997,24/05/1998,2,,,,,,,,,,,,,,,,,,,,,,Hatching date estimated - ALL YOUNG DEAD BY 16/6
1611,1998,196,NAG,PIEFL,1,6,6,6,39,58,,,,NE,H911028,S,28/05/1998,01/06/1993,5,K942147,R,03/06/1997,18/05/1998,1,05/06/1998,N467078,N467079,N467080,N467081,N467082,N467083,,,,,,,,,,,,,,,Hatching date estimated - Assumption that all ringed young fledged
1612,1998,202,NAG,PIEFL,1,7,6,0,39,,,,1,JD,K487910,S,28/05/1998,08/06/1996,2,K942002,S,13/05/1997,19/05/1998,2,07/06/1998,N467128,N467129,N467130,N467131,N467132,N467133,,,,,,,,,,,,,,,Hatching date estimated - ALL DIED
1613,1998,203,NAG,PIEFL,1,7,,7,38,58,,,,NE,J596039,S,28/05/1998,02/06/1994,5,K002154,S,04/06/1995,20/05/1998,3,05/06/1998,N467065,N467066,N467067,N467068,N467069,N467070,N467071,,,,,,,,,,,,,,Hatching date estimated - Assumption that all ringed young fledged
1614,1998,213,NAG,PIEFL,1,6,,0,43,,,,,JD,N467027,I,01/06/1998,01/06/1998,1,N467007,I,21/05/1998,21/05/1998,1,,,,,,,,,,,,,,,,,,,,,,Hatching date estimated - ALL YOUNG DEAD BY 8/6
1615,1998,216,NAG,PIEFL,1,7,,4,42,62,,,,NE,K002293,S,01/06/1998,04/06/1995,3,K942009,S,18/05/1997,20/05/1998,2,09/06/1998,N467183,N467184,N467185,N467186,,,,,,,,,,,,,,,,,Hatching date estimated - Assumption that all ringed young fledged
1616,1998,227,NAG,PIEFL,1,7,7,7,38,58,,,,NE,N467025,I,28/05/1998,28/05/1998,1,K608104,R,18/06/1996,18/05/1998,2,05/06/1998,N467090,N467091,N467092,N467093,N467094,N467095,N467096,,,,,,,,,,,,,,Hatching date estimated - Assumption that all ringed young fledged
1617,1998,247,NAG,PIEFL,1,,0,0,,,,,,FP,,,,,,,,,,,,,,,,,,,,,,,,,,,,,,,,FEMALE DEAD IN NEST BOX ON 18/5
1618,1998,261,NAG,PIEFL,1,8,,0,43,,,,,JD,N467049,I,04/06/1998,04/06/1998,1,H911256,S,04/06/1993,23/05/1998,5,,,,,,,,,,,,,,,,,,,,,,Hatching date estimated - ALL YOUNG DEAD BY 16/6
1619,1998,267,NAG,PIEFL,1,7,,5,45,64,,,,NE,K002054,S,04/06/1998,02/06/1995,4,H642005,S,16/05/1992,23/05/1998,7,11/06/1998,N467303,N467304,N467305,N467306,N467307,,,,,,,,,,,,,,,,Hatching date estimated - Assumption that all ringed young fledged
1620,1998,273,NAG,PIEFL,1,6,,4,38,57,,,,NE,K942026,S,28/05/1998,27/05/1997,2,K608006,S,30/05/1996,19/05/1998,3,05/06/1998,N467103,N467104,N467105,N467106,N467107,,,,,,,,,,,,,,,,Hatching date estimated - 107 DIED
1621,1998,279,NAG,PIEFL,1,6,6,6,40,59,,,,NE,K608032,S,28/05/1998,07/06/1996,3,K002372,S,10/06/1997,19/05/1998,3,05/06/1998,N467097,N467098,N467099,N467100,N467101,N467102,,,,,,,,,,,,,,,Hatching date estimated - Assumption that all ringed young fledged
1622,1998,292,NAG,PIEFL,1,7,5,5,39,59,,,2,NE,K002122,S,30/05/1998,04/06/1995,3,N467002,I,19/05/1998,19/05/1998,1,05/06/1998,N467108,N467109,N467110,N467111,N467112,,,,,,,,,,,,,,,,Hatching date estimated - Assumption that all ringed young fledged
1623,1998,298,NAG,PIEFL,1,7,7,6,39,59,,,,NE,K608173,R,28/05/1998,20/06/1996,2,K608017,S,01/06/1996,19/05/1998,3,05/06/1998,N467113,N467114,N467115,N467116,N467117,N467118,N467119,,,,,,,,,,,,,,Hatching date estimated - 118 DIED
1624,1998,303,NAG,PIEFL,1,7,,2,40,60,,,,NE,J596011,S,01/06/1998,21/05/1994,5,J596073,R,03/06/1994,18/05/1998,4,09/06/1998,N467225,N467226,N467227,N467228,,,,,,,,,,,,,,,,,Hatching date estimated - 225/226 DIED
1625,1998,315,NAG,PIEFL,1,7,,0,40,,,,,JD,H642014,S,30/05/1998,17/05/1992,7,H911329,R,04/06/1993,21/05/1998,5,,,,,,,,,,,,,,,,,,,,,,Hatching date estimated - ALL YOUNG DEAD BY 7/6
1626,1998,327,NAG,PIEFL,1,7,6,3,40,60,,,1,NE,J596177,S,30/05/1998,05/06/1994,4,H642414,S,07/06/1992,18/05/1998,6,07/06/1998,N467143,N467144,N467145,N467146,N467147,,,,,,,,,,,,,,,,Hatching date estimated - 143/146 DIED
1627,1998,343,NAG,PIEFL,1,6,6,6,40,59,,,,NE,N467024,I,28/05/1998,28/05/1998,1,K608080,S,16/06/1996,19/05/1998,2,05/06/1998,N467084,N467085,N467086,N467087,N467088,N467089,,,,,,,,,,,,,,,Hatching date estimated - Assumption that all ringed young fledged
1628,1998,346,NAG,PIEFL,1,7,6,3,49,,,,1,NE,K608117,S,30/05/1998,20/06/1996,2,K608208,S,20/06/1996,20/05/1998,2,07/06/1998,N467160,N467161,N467162,N467163,N467164,,,,,,,,,,,,,,,,160/161 DIED
1629,1998,354,NAG,PIEFL,1,7,7,6,42,62,,,,NE,K608093,S,04/06/1998,16/06/1996,3,K608025,S,05/06/1996,20/05/1998,3,09/06/1998,N467212,N467213,N467214,N467215,N467216,N467217,N467218,,,,,,,,,,,,,,Hatching date estimated - 218 DIED
1630,1998,358,NAG,PIEFL,1,6,6,5,43,62,,,,NE,K608138,R,04/06/1998,20/06/1996,2,N467001,I,18/05/1998,18/05/1998,1,09/06/1998,N467187,N467188,N467189,N467190,N467191,N467192,,,,,,,,,,,,,,,Hatching date estimated - 191 DIED
1631,1998,359,NAG,PIEFL,1,7,,6,40,59,,,,NE,K002139,R,30/05/1998,04/06/1995,3,K002524,S,10/06/1997,19/05/1998,3,07/06/1998,N467154,N467155,N467156,N467157,N467158,N467159,,,,,,,,,,,,,,,Hatching date estimated - Assumption that all ringed young fledged
1632,1998,374,NAG,PIEFL,1,7,,0,47,,,,,JD,K002452,S,06/06/1998,10/06/1995,3,N467011,I,23/05/1998,23/05/1998,1,,,,,,,,,,,,,,,,,,,,,,Hatching date estimated - ALL YOUNG DEAD BY 16/6
1633,1998,404,NAG,PIEFL,1,6,,4,42,61,,,,NE,K608288,R,03/06/1998,21/06/1996,2,N467006,I,20/05/1998,20/05/1998,1,09/06/1998,N467200,N467201,N467202,N467203,N467204,,,,,,,,,,,,,,,,Hatching date estimated - 203 DIED
1634,1998,418,NAG,PIEFL,1,7,7,7,42,62,,,,NE,N467048,I,03/06/1998,03/06/1998,1,N467005,I,20/05/1998,20/05/1998,1,09/06/1998,N467193,N467194,N467195,N467196,N467197,N467198,N467199,,,,,,,,,,,,,,Hatching date estimated - Assumption that all ringed young fledged
1635,1998,428,NAG,PIEFL,1,7,,4,43,63,,,,NE,N467047,I,03/06/1998,03/06/1998,1,N467004,I,20/05/1998,20/05/1998,1,10/06/1998,N467244,N467245,N467246,N467247,,,,,,,,,,,,,,,,,Hatching date estimated - Assumption that all ringed young fledged
1636,1998,431,NAG,PIEFL,1,7,,0,43,,,,,JD,K002485,S,03/06/1998,10/06/1995,3,J596247,S,06/06/1994,20/05/1998,4,,,,,,,,,,,,,,,,,,,,,,Hatching date estimated - ALL YOUNG DEAD BY 11/6
1637,1998,437,NAG,PIEFL,1,6,6,4,48,67,,,,NE,K942226,R,06/06/1998,11/06/1997,1,N467013,I,23/05/1998,23/05/1998,1,16/06/1998,N467331,N467332,N467333,N467334,,,,,,,,,,,,,,,,,Hatching date estimated - Assumption that all ringed young fledged
1638,1998,438,NAG,PIEFL,1,6,,0,46,,,,,JD,K608212,R,04/06/1998,20/06/1996,2,K608021,S,01/06/1996,23/05/1998,3,,,,,,,,,,,,,,,,,,,,,,Hatching date estimated - ALL YOUNG DEAD BY 10/6
1639,1998,440,NAG,PIEFL,1,8,,7,41,62,,,,NE,N467050,I,04/06/1998,04/06/1998,1,K608015,S,01/06/1996,20/05/1998,3,09/06/1998,N467205,N467206,N467207,N467208,N467209,N467210,N467211,,,,,,,,,,,,,,Hatching date estimated - Assumption that all ringed young fledged
1640,1998,F1,NAG,PIEFL,1,6,6,0,43,,,,,JD,N467045,I,03/06/1998,03/06/1998,1,K942321,I,21/05/1998,21/05/1998,1,09/06/1998,N467219,N467220,N467221,N467222,N467223,N467224,,,,,,,,,,,,,,,Hatching date estimated - ALL DIED
1641,1998,R2,NAG,PIEFL,1,5,,0,47,,,,,JD,K054308,I,05/06/1998,29/05/1995,3,H642183,S,06/06/1992,23/05/1998,6,,,,,,,,,,,,,,,,,,,,,,Hatching date estimated - ALL YOUNG DEAD BY 16/6
1642,1998,R6,NAG,PIEFL,1,8,,0,44,,,,,JD,N467064,I,05/06/1998,05/06/1998,1,N467008,I,21/05/1998,21/05/1998,1,,,,,,,,,,,,,,,,,,,,,,Hatching date estimated - ALL YOUNG DEAD BY 12/6
1643,1998,R8,NAG,PIEFL,1,7,,2,42,62,,,,NE,K608287,R,03/06/1998,21/06/1996,2,K608002,S,26/05/1996,23/05/1998,3,11/06/1998,N467308,N467309,,,,,,,,,,,,,,,,,,,Hatching date estimated - Assumption that all ringed young fledged
1644,1999,Near Birch,FLO,PIEFL,1,7,,4,40,60,,,,NE,N981036,I,01/06/1999,01/06/1999,1,N981005,I,14/05/1999,14/05/1999,1,08/06/1999,N981150,N981151,N981152,N981153,,,,,,,,,,,,,,,,,Hatching date estimated 
1645,1999,7,KEN,PIEFL,1,8,7,7,34,55,,,1,NE,K942304,R,28/05/1999,05/06/1997,2,K002306,S,04/06/1995,24/05/1999,4,01/06/1999,N981038,N981039,N981040,N981041,N981042,N981043,N981044,,,,,,,,,,,,,,Hatching date estimated 
1646,1999,10,KEN,PIEFL,1,7,,6,38,58,,,,NE,K942030,S,01/06/1999,29/05/1997,3,N467022,S,26/05/1998,24/05/1999,2,06/06/1999,N981104,N981105,N981106,N981107,N981108,N981109,,,,,,,,,,,,,,,Hatching date estimated 
1647,1999,16,KEN,PIEFL,1,8,,6,35,56,,,,NE,N981013,I,28/05/1999,28/05/1999,1,K002102,S,04/06/1995,24/05/1999,4,06/06/1999,N981110,N981111,N981112,N981113,N981114,N981115,,,,,,,,,,,,,,,Hatching date estimated 
1648,1999,17,KEN,PIEFL,1,6,,4,41,60,,,1,NE,N981037,I,01/06/1999,01/06/1999,1,N981011,I,24/05/1999,24/05/1999,1,08/06/1999,N981154,N981155,N981156,N981157,,,,,,,,,,,,,,,,,Hatching date estimated 
1649,1999,26,KEN,PIEFL,1,8,,6,33,54,,,,NE,N467026,S,25/05/1999,31/05/1998,2,K608167,S,20/06/1996,24/05/1999,3,01/06/1999,N981045,N981046,N981047,N981048,N981049,N981050,,,,,,,,,,,,,,,Hatching date estimated 
1650,1999,28,KEN,PIEFL,1,6,,6,37,56,,,,NE,N981016,I,28/05/1999,28/05/1999,1,K608096,S,16/06/1996,24/05/1999,3,01/06/1999,N981051,N981052,N981053,N981054,N981055,N981056,,,,,,,,,,,,,,,Hatching date estimated 
1651,1999,33,KEN,PIEFL,1,8,,7,36,57,,,,NE,K942036,S,28/05/1999,29/05/1997,3,N467021,S,26/05/1998,24/05/1999,2,06/06/1999,N981116,N981117,N981118,N981119,N981120,N981121,N981122,,,,,,,,,,,,,,Hatching date estimated 
1652,1999,41,KEN,PIEFL,1,6,,3,54,73,,,,NE,N981208,I,16/06/1999,16/06/1999,1,N981014,I,28/05/1999,28/05/1999,1,26/06/1999,N981225,N981226,N981227,,,,,,,,,,,,,,,,,,Hatching date estimated 
1653,1999,43,KEN,PIEFL,1,7,7,7,35,55,,,,NE,N981015,I,28/05/1999,28/05/1999,1,N467286,R,11/06/1998,24/05/1999,1,03/06/1999,N981057,N981058,N981059,N981060,N981061,N981062,N981063,,,,,,,,,,,,,,Hatching date estimated 
1654,1999,47,KEN,PIEFL,1,8,,7,34,55,,,,NE,N467058,S,28/05/1999,04/06/1998,2,N981009,I,24/05/1999,24/05/1999,1,03/06/1999,N981064,N981065,N981066,N981067,N981068,N981069,N981070,,,,,,,,,,,,,,Hatching date estimated 
1655,1999,49,KEN,PIEFL,1,6,6,6,38,57,,,,NE,K608068,R,28/05/1999,14/06/1996,3,N981010,I,24/05/1999,24/05/1999,1,03/06/1999,N981071,N981072,N981073,N981074,N981075,N981076,,,,,,,,,,,,,,,Hatching date estimated 
1656,1999,50,KEN,PIEFL,1,7,,6,35,55,,,,NE,N467034,S,28/05/1999,02/06/1998,2,N981012,I,24/05/1999,24/05/1999,1,03/06/1999,N981077,N981078,N981079,N981080,N981081,N981082,,,,,,,,,,,,,,,Hatching date estimated 
1657,1999,,LON,PIEFL,1,7,,,,,,,,OU,,,,,,N981017,I,28/05/1999,28/05/1999,1,,,,,,,,,,,,,,,,,,,,,,
1658,1999,Lower 12,LYD,PIEFL,1,7,,0,,,,,,JD,,,,,,N467031,S,01/06/1998,01/06/1999,2,,,,,,,,,,,,,,,,,,,,,,Hatching date estimated - ALL YOUNG DEAD BY 14/6
1659,1999,Lower 18,LYD,PIEFL,1,7,,5,,,,,1,NE,N467120,S,01/06/1999,05/06/1998,2,N981030,I,01/06/1999,01/06/1999,1,01/06/1999,N981031,N981032,N981033,N981034,N981035,,,,,,,,,,,,,,,,Hatching date estimated 
1660,1999,Lower 9,LYD,PIEFL,1,7,,3,,65,,,,NE,N981149,I,07/06/1999,07/06/1999,1,N467032,S,01/06/1998,01/06/1999,2,14/06/1999,N981201,N981202,N981203,,,,,,,,,,,,,,,,,,Hatching date estimated 
1661,1999,Upper 2,LYD,PIEFL,1,6,,6,,,,,,NE,N981023,I,01/06/1999,01/06/1999,1,N467030,S,01/06/1998,01/06/1999,2,01/06/1999,N981024,N981025,N981026,N981027,N981028,N981029,,,,,,,,,,,,,,,Hatching date estimated 
1662,1999,47,NAG,PIEFL,1,7,,0,39,,,,,JD,K942039,S,30/05/1999,30/05/1997,3,K942002,S,13/05/1997,17/05/1999,3,,,,,,,,,,,,,,,,,,,,,,Hatching date estimated - ALL YOUNG DEAD BY 10/6
1663,1999,57,NAG,PIEFL,1,4,0,0,44,,,,,ED,,,,,,,,,,,,,,,,,,,,,,,,,,,,,,,,DESERTED
1664,1999,61,NAG,PIEFL,1,7,,0,39,,,,,JD,N981022,I,30/05/1999,30/05/1999,1,N467012,S,23/05/1998,18/05/1999,2,,,,,,,,,,,,,,,,,,,,,,Hatching date estimated - ALL YOUNG DEAD BY 09/6
1665,1999,74,NAG,PIEFL,1,4,4,4,42,59,,,,NE,N467122,S,28/06/1999,07/06/1998,2,K942312,S,05/06/1997,17/06/1999,2,05/07/1999,N981234,N981235,N981236,N981237,,,,,,,,,,,,,,,,,Hatching date estimated 
1666,1999,86,NAG,PIEFL,1,7,,3,36,56,,,,NE,K942054,S,29/05/1999,01/06/1997,3,K942007,S,16/05/1997,14/05/1999,3,04/06/1999,N981086,N981087,N981088,N981089,N981090,N981091,,,,,,,,,,,,,,,Hatching date estimated - 087/090/091 DIED
1667,1999,89,NAG,PIEFL,1,7,,3,43,63,,,,NE,K942155,S,04/06/1999,03/06/1997,3,N467001,S,18/05/1998,14/05/1999,2,11/06/1999,N981191,N981192,N981193,N981194,,,,,,,,,,,,,,,,,Hatching date estimated - 193 DIED
1668,1999,92,NAG,PIEFL,1,7,,0,38,,,,,JD,N981020,I,30/05/1999,30/05/1999,1,K942009,S,18/05/1997,14/05/1999,3,,,,,,,,,,,,,,,,,,,,,,Hatching date estimated - ALL YOUNG DEAD BY 6/6
1669,1999,98,NAG,PIEFL,1,7,,2,35,55,,,,NE,H911571,S,26/05/1999,10/06/1993,6,N981002,I,13/05/1999,13/05/1999,1,04/06/1999,N981097,N981098,,,,,,,,,,,,,,,,,,,Hatching date estimated 
1670,1999,103,NAG,PIEFL,1,6,,0,37,,,,,JD,K608047,S,26/05/1999,13/06/1996,2,N981001,I,13/05/1999,13/05/1999,1,04/06/1999,N981099,N981100,N981101,N981102,N981103,,,,,,,,,,,,,,,,Hatching date estimated - ALL YOUNG DEAD BY 11/6
1671,1999,108,NAG,PIEFL,1,6,,5,51,70,,,,NE,N467096,R,17/06/1999,05/06/1998,1,N981018,I,29/05/1999,29/05/1999,1,17/06/1999,N981210,N981211,N981212,N981213,N981214,,,,,,,,,,,,,,,,Hatching date estimated 
1672,1999,112,NAG,PIEFL,1,7,,4,41,61,,,1,NE,K981083,I,03/06/1999,03/06/1999,1,K622511,I,05/06/1997,20/05/1999,2,09/06/1999,N981173,N981174,N981175,N981176,,,,,,,,,,,,,,,,,Hatching date estimated 
1673,1999,132,NAG,PIEFL,1,6,,5,37,56,,,,NE,K942437,R,29/05/1999,19/06/1997,2,N467010,S,21/05/1998,14/05/1999,2,04/06/1999,N981092,N981093,N981094,N981095,N981096,,,,,,,,,,,,,,,,Hatching date estimated 
1674,1999,134,NAG,PIEFL,1,7,6,6,40,60,,,1,NE,N467028,S,04/06/1999,01/06/1999,2,N467111,R,05/06/1998,19/05/1999,1,09/06/1999,N981160,N981161,N981162,N981163,N981164,N981165,,,,,,,,,,,,,,,Hatching date estimated 
1675,1999,136,NAG,PIEFL,1,6,,5,33,62,,,,NE,K942046,R,23/05/1999,01/06/1997,2,K002154,S,04/06/1995,23/05/1999,4,11/06/1999,N981186,N981187,N981188,N981189,N981190,,,,,,,,,,,,,,,,Hatching date estimated 
1676,1999,140,NAG,PIEFL,1,7,,0,46,,,,,JD,N467165,S,06/06/1999,07/06/1998,2,J596073,S,03/06/1994,23/05/1999,5,,,,,,,,,,,,,,,,,,,,,,Hatching date estimated - ALL YOUNG DEAD BY 13/6
1677,1999,187,NAG,PIEFL,1,6,,4,53,72,,,,NE,N467046,S,17/06/1999,03/06/1998,2,N981019,I,29/05/1999,29/05/1999,1,21/06/1999,N981216,N981217,N981218,N981219,N981220,,,,,,,,,,,,,,,,Hatching date estimated - 218 DIED
1678,1999,189,NAG,PIEFL,1,6,6,6,44,63,,,,NE,K942184,R,04/06/1999,03/06/1997,2,K942321,S,21/05/1998,20/05/1999,2,09/06/1999,N981180,N981181,N981182,N981183,N981184,N981185,,,,,,,,,,,,,,,Hatching date estimated 
1679,1999,192,NAG,PIEFL,1,6,,4,43,62,,,,NE,N981084,I,03/06/1999,03/06/1999,1,K002021,S,24/05/1995,20/05/1999,5,09/06/1999,N981166,N981167,N981168,N981169,,,,,,,,,,,,,,,,,Hatching date estimated 
1680,1999,196,NAG,PIEFL,1,7,,2,38,58,,,,NE,N981021,I,30/05/1999,30/05/1999,1,N467004,S,20/05/1998,20/05/1999,2,09/06/1999,N981158,N981159,,,,,,,,,,,,,,,,,,,Hatching date estimated 
1681,1999,202,NAG,PIEFL,1,7,,4,36,56,,,,NE,K608040,S,26/05/1999,13/06/1996,3,K002276,S,04/06/1995,14/05/1999,4,06/06/1999,N981123,N981124,N981125,N981126,,,,,,,,,,,,,,,,,Hatching date estimated 
1682,1999,203,NAG,PIEFL,1,7,,0,39,,,,,JD,K608073,S,18/05/1999,14/06/1996,3,N981007,I,18/05/1999,18/05/1999,1,,,,,,,,,,,,,,,,,,,,,,Hatching date estimated - ALL YOUNG DEAD BY 7/6
1683,1999,216,NAG,PIEFL,1,7,,3,39,59,,,1,NE,K608117,S,30/05/1999,20/06/1996,3,N467019,S,26/05/1998,14/05/1999,2,09/06/1999,N981170,N981171,N981172,,,,,,,,,,,,,,,,,,Hatching date estimated 
1684,1999,219,NAG,PIEFL,1,7,,3,41,61,,,,NE,N467101,R,04/06/1999,05/06/1998,1,K942068,S,02/06/1997,20/05/1999,2,09/06/1999,N981177,N981178,N981179,,,,,,,,,,,,,,,,,,Hatching date estimated 
1685,1999,227,NAG,PIEFL,1,7,,3,36,56,,,1,NE,N467025,S,26/05/1999,28/05/1998,2,K002524,S,10/06/1997,14/05/1999,4,06/06/1999,N981129,N981130,N981131,,,,,,,,,,,,,,,,,,Hatching date estimated 
1686,1999,228,NAG,PIEFL,1,6,,4,55,74,,,,NE,N981209,I,17/06/1999,17/06/1999,1,N981085,I,04/06/1999,04/06/1999,1,23/06/1999,N981221,N981222,N981223,N981224,,,,,,,,,,,,,,,,,Hatching date estimated 
1687,1999,239,NAG,PIEFL,1,7,,0,40,,,,,JD,K608367,R,30/05/1999,25/06/1996,3,N981004,I,14/05/1999,14/05/1999,1,,,,,,,,,,,,,,,,,,,,,,Hatching date estimated - ALL YOUNG DEAD BY 3/6
1688,1999,249,NAG,PIEFL,1,7,,2,35,55,,,2,NE,K942130,R,14/05/1999,03/06/1997,2,N981003,I,14/05/1999,14/05/1999,1,06/06/1999,N981127,N981128,,,,,,,,,,,,,,,,,,,Hatching date estimated 
1689,1999,267,NAG,PIEFL,1,6,6,1,59,87,,,,NE,N981215,I,19/06/1999,19/06/1999,1,K942168,R,03/06/1997,04/06/1999,2,26/06/1999,N981228,N981229,N981230,N981231,N981232,N981233,,,,,,,,,,,,,,,Hatching date estimated - 229-233 DIED
1690,1999,270,NAG,PIEFL,1,7,,4,47,67,,,,NE,N981133,I,07/06/1999,07/06/1999,1,K942447,I,02/07/1997,23/05/1999,2,16/06/1999,N981204,N981205,N981206,N981207,,,,,,,,,,,,,,,,,Hatching date estimated 
1691,1999,285,NAG,PIEFL,1,6,,5,39,58,,,,NE,N467097,R,31/05/1999,05/06/1998,1,K002372,S,10/06/1997,18/05/1999,4,07/06/1999,N981134,N981135,N981136,N981137,N981138,,,,,,,,,,,,,,,,Hatching date estimated 
1692,1999,290,NAG,PIEFL,1,7,,6,39,59,,,,NE,K942026,S,31/05/1999,27/05/1997,3,N981006,I,18/05/1999,18/05/1999,1,07/06/1999,N981139,N981140,N981141,N981142,N981143,N981144,,,,,,,,,,,,,,,Hatching date estimated 
1693,1999,298,NAG,PIEFL,1,8,,0,34,,,,,JD,J596039,S,31/05/1999,02/06/1994,6,K942312,R,05/06/1997,13/05/1999,2,,,,,,,,,,,,,,,,,,,,,,Hatching date estimated - ALL YOUNG DEAD BY 6/6
1694,1999,343,NAG,PIEFL,1,7,,0,36,,,,,JD,K002452,S,30/05/1999,10/06/1995,4,K942083,R,02/06/1997,13/05/1999,2,,,,,,,,,,,,,,,,,,,,,,Hatching date estimated - ALL YOUNG DEAD BY 4/6
1695,1999,359,NAG,PIEFL,1,7,,0,36,,,,,JD,,,,,,N467006,S,20/05/1998,13/05/1999,2,,,,,,,,,,,,,,,,,,,,,,DESERTED
1696,1999,412,NAG,PIEFL,1,7,,0,36,,,,,JD,,,,,,K608104,S,18/06/1996,14/05/1999,3,,,,,,,,,,,,,,,,,,,,,,Hatching date estimated - ALL YOUNG DEAD BY 29/6
1697,1999,428,NAG,PIEFL,1,6,,0,46,,,,,JD,N981132,I,06/06/1999,06/06/1999,1,N981008,I,23/05/1999,23/05/1999,1,,,,,,,,,,,,,,,,,,,,,,Hatching date estimated - ALL YOUNG DEAD BY 9/6
1698,1999,437,NAG,PIEFL,1,7,,0,44,,,,,JD,,,,,,K608015,S,01/06/1996,20/05/1999,4,13/06/1999,N981200,,,,,,,,,,,,,,,,,,,,Hatching date estimated -  YOUNG DEAD BY 18/6
1699,1999,440,NAG,PIEFL,1,7,,4,39,59,,,,NE,K608093,S,04/06/1999,16/06/1996,4,K608019,S,01/06/1996,20/05/1999,4,07/06/1999,N981145,N981146,N981147,N981148,,,,,,,,,,,,,,,,,Hatching date estimated 
1700,1999,R8,NAG,PIEFL,2,3,2,0,45,,,,1,JD,,,,,,K942009,S,18/05/1997,26/06/1999,3,09/07/1999,N981238,N981239,,,,,,,,,,,,,,,,,,,Hatching date estimated - ALL DIED
1701,1999,R9,NAG,PIEFL,1,6,,5,44,63,,,,NE,K942226,S,04/06/1999,11/06/1997,2,N467013,S,23/05/1998,20/05/1999,2,13/06/1999,N981195,N981196,N981197,N981198,N981199,,,,,,,,,,,,,,,,Hatching date estimated 
1702,2000,151,BOX,PIEFL,1,,,,,,,,,OU,K002081,R,29/05/2000,04/06/1995,5,P171017,I,29/05/2000,29/05/2000,1,,,,,,,,,,,,,,,,,,,,,,NO OTHER DETAILS 
1703,2000,1,DEA,PIEFL,1,6,5,5,48,67,,,1,NE,P171271,I,15/06/2000,15/06/2000,1,P171132,I,08/06/2000,08/06/2000,1,19/06/2000,P171272,P171273,P171274,P171275,P171276,,,,,,,,,,,,,,,,Hatching date estimated 
1704,2000,HOOD HEDGE,FLO,PIEFL,1,8,8,8,38,59,,,,NE,P171023,I,01/06/2000,01/06/2000,1,N981005,S,14/05/1999,24/05/2000,2,06/06/2000,P171112,P171113,P171114,P171115,P171116,P171117,P171118,P171119,,,,,,,,,,,,,Hatching date estimated 
1705,2000,SHED OAK,FLO,PIEFL,1,7,7,7,50,70,,,,NE,P171218,I,12/06/2000,12/06/2000,1,K948766,I,03/06/1998,01/06/2000,2,19/06/2000,P171277,P171278,P171279,P171280,P171281,P171282,P171283,,,,,,,,,,,,,,Hatching date estimated 
1706,2000,3,KEN,PIEFL,1,8,,3,42,64,,,3,NE,K608068,S,05/06/2000,14/06/1996,4,N467022,S,26/05/1998,27/05/2000,3,12/06/2000,P171241,P171242,P171243,,,,,,,,,,,,,,,,,,Hatching date estimated 
1707,2000,7,KEN,PIEFL,1,8,,7,37,58,,,,NE,K942304,S,30/05/2000,05/06/1997,3,K002306,S,04/06/1995,27/05/2000,5,05/06/2000,P171024,P171025,P171026,P171027,P171028,P171029,P171030,,,,,,,,,,,,,,Hatching date estimated - ONE YOUNG TRANSFERRED TO BOX 8 
1708,2000,8,KEN,PIEFL,1,8,8,8,45,65,,,,NE,N981037,S,03/06/2000,01/06/1999,2,N981011,S,24/05/1999,27/05/2000,2,12/06/2000,P171227,P171228,P171229,P171230,P171231,P171232,P171233,P171234,,,,,,,,,,,,,Hatching date estimated - ONE YOUNG TRANSFERRED FROM BOX 7 
1709,2000,11,KEN,PIEFL,1,7,7,7,38,58,,,,NE,P171018,I,30/05/2000,30/05/2000,1,K942447,S,02/07/1997,27/05/2000,3,05/06/2000,P171031,P171032,P171033,P171034,P171035,P171036,P171037,,,,,,,,,,,,,,Hatching date estimated 
1710,2000,13,KEN,PIEFL,1,6,,6,39,58,,,,NE,N467285,R,27/05/2000,11/06/1998,2,P171013,I,27/05/2000,27/05/2000,1,05/06/2000,P171038,P171039,P171040,P171041,P171042,P171043,,,,,,,,,,,,,,,Hatching date estimated 
1711,2000,20,KEN,PIEFL,1,7,7,7,38,58,,,,NE,K608068,S,30/05/2000,14/06/1996,4,N467112,R,05/06/1998,27/05/2000,2,05/06/2000,P171067,P171068,P171069,P171070,P171071,P171072,P171073,,,,,,,,,,,,,,Hatching date estimated 
1712,2000,22,KEN,PIEFL,1,8,,7,43,63,,,,NE,P171066,I,05/06/2000,05/06/2000,1,P171014,I,27/05/2000,27/05/2000,1,12/06/2000,P171219,P171220,P171221,P171222,P171223,P171224,P171225,,,,,,,,,,,,,,Hatching date estimated 
1713,2000,25,KEN,PIEFL,1,7,7,7,35,55,,,,NE,N981208,S,30/05/2000,16/06/1999,2,K608167,S,20/06/1996,27/05/2000,4,05/06/2000,P171044,P171045,P171046,P171047,P171048,P171049,P171050,,,,,,,,,,,,,,Hatching date estimated 
1714,2000,27,KEN,PIEFL,1,8,,7,34,55,,,,NE,N981016,S,30/05/2000,28/05/1999,2,P171015,I,27/05/2000,27/05/2000,1,05/06/2000,P171051,P171052,P171053,P171054,P171055,P171056,P171057,,,,,,,,,,,,,,Hatching date estimated 
1715,2000,28,KEN,PIEFL,1,8,,8,34,54,,,,NE,K942073,R,27/05/2000,02/06/1997,3,K942083,S,02/06/1997,27/05/2000,2,05/06/2000,P171058,P171059,P171060,P171061,P171062,P171063,P171064,P171065,,,,,,,,,,,,,Hatching date estimated 
1716,2000,33,KEN,PIEFL,1,4,,3,34,54,,,,NE,K942036,S,22/06/2000,29/05/1997,4,P171226,I,12/06/2000,12/06/2000,1,30/06/2000,P171285,P171286,P171287,,,,,,,,,,,,,,,,,,Hatching date estimated 
1717,2000,34,KEN,PIEFL,1,8,,0,,,,,,JD,,,,,,,,,,,,,,,,,,,,,,,,,,,,,,,,DESERTED
1718,2000,46,KEN,PIEFL,1,6,,6,47,66,,,,NE,J900288,I,05/06/2000,01/06/1997,3,N981012,S,24/05/1999,27/05/2000,2,12/06/2000,P171235,P171236,P171237,P171238,P171239,P171240,,,,,,,,,,,,,,,Hatching date estimated 
1719,2000,TOP 16,LYD,PIEFL,1,7,,5,,56,,,,NE,P171020,I,30/05/2000,30/05/2000,1,N467030,S,01/06/1998,30/05/2000,3,06/06/2000,P171127,P171128,P171129,P171130,P171131,,,,,,,,,,,,,,,,Hatching date estimated 
1720,2000,TOP 5,LYD,PIEFL,1,7,7,7,,58,,,,NE,P171019,I,30/05/2000,30/05/2000,1,N981127,R,06/06/1999,30/05/2000,1,06/06/2000,P171120,P171121,P171122,P171123,P171124,P171125,P171126,,,,,,,,,,,,,,Hatching date estimated 
1721,2000,11,NAG,PIEFL,1,6,,2,,,,,,NE,K942193,R,31/05/2000,05/06/1997,3,P171139,I,08/06/2000,08/06/2000,1,,K584467,K584468,,,,,,,,,,,,,,,,,,,Hatching date estimated 
1722,2000,13,NAG,PIEFL,1,1,1,1,52,66,,,,NE,N467122,S,13/06/2000,07/06/1998,3,K002021,S,24/05/1995,09/06/2000,6,13/06/2000,P171246,,,,,,,,,,,,,,,,,,,,Hatching date estimated 
1723,2000,19,NAG,PIEFL,1,,,0,,,,,,JD,P171245,I,12/06/2000,12/06/2000,1,P171244,I,12/06/2000,12/06/2000,1,,,,,,,,,,,,,,,,,,,,,,ALL YOUNG GONE BY 19/6
1724,2000,27,NAG,PIEFL,1,7,6,6,38,58,,,1,NE,K942054,S,29/05/2000,01/06/1997,4,K942007,S,16/05/1997,18/05/2000,4,06/06/2000,P171088,P171089,P171090,P171091,P171092,P171093,,,,,,,,,,,,,,,Hatching date estimated 
1725,2000,30,NAG,PIEFL,1,5,5,5,44,62,,,,NE,N981020,S,02/06/2000,30/05/1999,2,P171009,I,22/05/2000,22/05/2000,1,10/06/2000,P171185,P171186,P171187,P171188,P171189,,,,,,,,,,,,,,,,Hatching date estimated 
1726,2000,36,NAG,PIEFL,1,7,6,6,43,63,,,1,NE,K002030,S,06/06/2000,30/05/1995,6,N981160,R,09/06/1999,22/05/2000,1,10/06/2000,P171190,P171191,P171192,P171193,P171194,P171195,,,,,,,,,,,,,,,Hatching date estimated 
1727,2000,37,NAG,PIEFL,1,6,,5,41,60,,,,NE,N467164,R,31/05/2000,07/06/1998,2,P171004,I,22/05/2000,22/05/2000,1,09/06/2000,P171159,P171160,P171161,P171162,P171163,,,,,,,,,,,,,,,,Hatching date estimated 
1728,2000,89,NAG,PIEFL,1,6,,5,45,64,,,,NE,K942437,S,08/06/2000,19/06/1997,3,P171010,I,22/05/2000,22/05/2000,1,13/06/2000,P171247,P171248,P171249,P171250,P171251,,,,,,,,,,,,,,,,Hatching date estimated 
1729,2000,92,NAG,PIEFL,1,6,,0,40,,,,,JD,K608047,S,31/05/2000,13/06/1996,3,N981003,S,14/05/1999,18/05/2000,2,,,,,,,,,,,,,,,,,,,,,,Hatching date estimated - All youg dead by 6/6
1730,2000,103,NAG,PIEFL,1,7,,5,39,59,,,,NE,N981021,I,31/05/2000,31/05/2000,1,P171002,I,18/05/2000,18/05/2000,1,08/06/2000,P171133,P171134,P171135,P171136,P171137,,,,,,,,,,,,,,,,Hatching date estimated 
1731,2000,112,NAG,PIEFL,1,7,,5,43,63,,,,NE,P171138,I,08/06/2000,08/06/2000,1,N981189,R,11/06/1999,22/05/2000,1,13/06/2000,P171254,P171255,P171256,P171257,P171258,,,,,,,,,,,,,,,,Hatching date estimated 
1732,2000,114,NAG,PIEFL,1,9,,7,40,62,,,,NE,N467101,S,06/06/2000,05/06/1998,2,K622511,S,05/06/1997,18/05/2000,3,10/06/2000,P171196,P171197,P171198,P171199,P171200,P171201,P171202,,,,,,,,,,,,,,Hatching date estimated 
1733,2000,115,NAG,PIEFL,1,6,6,6,38,57,,,,NE,K942184,S,31/05/2000,03/06/1997,3,K942321,S,21/05/1998,18/05/2000,3,06/06/2000,P171099,P171100,P171101,P171102,P171103,P171104,,,,,,,,,,,,,,,Hatching date estimated 
1734,2000,136,NAG,PIEFL,1,7,,2,43,63,,,,NE,J596177,S,08/06/2000,05/06/1994,6,P171012,I,24/05/2000,24/05/2000,1,13/06/2000,P171252,P171253,,,,,,,,,,,,,,,,,,,Hatching date estimated 
1735,2000,192,NAG,PIEFL,1,7,7,7,41,61,,,,NE,N981084,S,01/06/2000,03/06/1999,2,K002102,S,04/06/1995,22/05/2000,5,09/06/2000,P171152,P171153,P171154,P171155,P171156,P171157,P171158,,,,,,,,,,,,,,Hatching date estimated 
1736,2000,199,NAG,PIEFL,1,7,7,6,41,61,,,,NE,N467046,S,01/06/2000,03/06/1998,3,P171003,I,18/05/2000,18/05/2000,1,09/06/2000,P171164,P171165,P171166,P171167,P171168,P171169,P171170,,,,,,,,,,,,,,Hatching date estimated - 168 DIED
1737,2000,202,NAG,PIEFL,1,7,6,6,38,58,,,1,NE,K942140,S,29/05/2000,03/06/1997,4,N981006,S,18/05/1999,18/05/2000,2,06/06/2000,P171082,P171083,P171084,P171085,P171086,P171087,,,,,,,,,,,,,,,Hatching date estimated 
1738,2000,216,NAG,PIEFL,1,7,5,4,42,62,,,,NE,H911571,S,02/06/2000,10/06/1993,7,N981085,S,04/06/1999,18/05/2000,2,10/06/2000,P171213,P171214,P171215,P171216,P171217,,,,,,,,,,,,,,,,Hatching date estimated - 216 DIED
1739,2000,222,NAG,PIEFL,1,5,,0,54,,,,,JD,,,,,,N981067,R,03/06/1999,01/06/2000,1,,,,,,,,,,,,,,,,,,,,,,Hatching date estimated - All youg dead by 23/6
1740,2000,230,NAG,PIEFL,1,3,,0,66,,,,,JD,P171284,I,23/06/2000,23/06/2000,1,N633451,I,05/06/1998,08/06/2000,2,,,,,,,,,,,,,,,,,,,,,,Hatching date estimated - Both young dead by 5/7
1741,2000,238,NAG,PIEFL,1,6,5,5,43,62,,,1,NE,K942023,S,01/06/2000,27/05/1997,4,P171006,I,22/05/2000,22/05/2000,1,10/06/2000,P171208,P171209,P171210,P171211,P171212,,,,,,,,,,,,,,,,Hatching date estimated 
1742,2000,288,NAG,PIEFL,1,6,6,6,40,59,,,,NE,N467097,S,31/05/2000,05/06/1998,2,K002372,S,10/06/1997,23/05/2000,5,09/06/2000,P171140,P171141,P171142,P171143,P171144,P171145,,,,,,,,,,,,,,,Hatching date estimated 
1743,2000,290,NAG,PIEFL,1,7,,6,41,61,,,,NE,P171021,I,01/06/2000,01/06/2000,1,P171011,I,23/05/2000,23/05/2000,1,09/06/2000,P171146,P171147,P171148,P171149,P171150,P171151,,,,,,,,,,,,,,,Hatching date estimated 
1744,2000,298,NAG,PIEFL,1,6,,0,39,,,,,JD,K942448,I,01/06/2000,01/06/2000,1,P171001,I,16/05/2000,16/05/2000,1,,,,,,,,,,,,,,,,,,,,,,Hatching date estimated - All youg dead by 09/6
1745,2000,304,NAG,PIEFL,1,8,8,8,36,57,,,,NE,H642535,S,29/05/2000,10/06/1992,8,K942312,S,05/06/1997,18/05/2000,3,06/06/2000,P171074,P171075,P171076,P171077,P171078,P171079,P171080,P171081,,,,,,,,,,,,,Hatching date estimated 
1746,2000,312,NAG,PIEFL,1,7,7,7,42,62,,,,NE,K942448,S,05/06/2000,01/06/2000,1,N981019,S,29/05/1999,22/05/2000,2,10/06/2000,P171178,P171179,P171180,P171181,P171182,P171183,P171184,,,,,,,,,,,,,,Hatching date estimated 
1747,2000,343,NAG,PIEFL,1,6,,5,40,59,,,,NE,K002139,S,31/05/2000,04/06/1995,5,P171005,I,22/05/2000,22/05/2000,1,06/06/2000,P171094,P171095,P171096,P171097,P171098,,,,,,,,,,,,,,,,Hatching date estimated 
1748,2000,353,NAG,PIEFL,1,8,7,7,37,58,,,1,NE,K608073,S,02/06/2000,14/06/1996,4,K942127,R,03/06/1997,18/05/2000,3,06/06/2000,P171105,P171106,P171107,P171108,P171109,P171110,P171111,,,,,,,,,,,,,,Hatching date estimated 
1749,2000,359,NAG,PIEFL,1,,0,0,35,,,,,ED,,,,,,,,,,,,,,,,,,,,,,,,,,,,,,,,DESERTED - BUMBLE BEES
1750,2000,411,NAG,PIEFL,1,7,,5,45,65,,,,NE,P171171,I,09/06/2000,09/06/2000,1,P171007,I,22/05/2000,22/05/2000,1,13/06/2000,P171259,P171260,P171261,P171262,P171263,,,,,,,,,,,,,,,,Hatching date estimated 
1751,2000,416,NAG,PIEFL,1,7,,5,42,62,,,1,NE,P171022,I,01/06/2000,01/06/2000,1,K942068,S,02/06/1997,22/05/2000,3,10/06/2000,P171203,P171204,P171205,P171206,P171207,,,,,,,,,,,,,,,,Hatching date estimated 
1752,2000,434,NAG,PIEFL,1,7,7,7,49,68,,,,NE,K942226,S,08/06/2000,11/06/1997,3,N981018,S,29/05/1999,31/05/2000,2,15/06/2000,P171264,P171265,P171266,P171267,P171268,P171269,P171270,,,,,,,,,,,,,,Hatching date estimated 
1753,2000,168,NAG,PIEFL,1,4,0,0,38,,,,,ED,,,,,,,,,,,,,,,,,,,,,,,,,,,,,,,,DESERTED
1754,2000,R7,NAG,PIEFL,1,8,,6,41,62,,,,NE,K942039,S,02/06/2000,30/05/1997,4,P171008,I,22/05/2000,22/05/2000,1,09/06/2000,P171172,P171173,P171174,P171175,P171176,P171177,,,,,,,,,,,,,,,Hatching date estimated 
1755,2001,4,DEA,PIEFL,1,7,7,7,45,65,,,,NE,P171064,R,06/06/2001,05/06/2000,1,K752251,I,25/05/2000,30/05/2001,1,12/06/2001,P789177,P789178,P789179,P789180,P789181,P789182,P789183,,,,,,,,,,,,,,Hatching date estimated 
1756,2001,6,DEA,PIEFL,1,5,0,0,,,,,,ED,P171269,R,06/06/2001,15/06/2000,1,,,,,,,,,,,,,,,,,,,,,,,,,,,DESERTED
1757,2001,Bottom Cherry,FLO,PIEFL,1,7,7,7,40,60,,,,NE,P171023,S,01/06/2001,01/06/2000,2,P789004,I,23/05/2001,23/05/2001,1,06/06/2001,P789030,P789031,P789032,P789033,P789034,P789035,P789036,,,,,,,,,,,,,,Hatching date estimated 
1758,2001,Shed Oak,FLO,PIEFL,1,7,7,7,40,60,,,,NE,N981036,S,01/06/2001,01/06/1999,2,P789003,I,23/05/2001,23/05/2001,1,06/06/2001,P789023,P789024,P789025,P789026,P789027,P789028,P789029,,,,,,,,,,,,,,Hatching date estimated 
1759,2001,2,KEN ,PIEFL,1,7,,5,40,60,,,,NE,,,,,,,,,,,,,,,,,,,,,,,,,,,,,,,,Hatching date estimated 
1760,2001,5,KEN ,PIEFL,1,7,,7,42,,,,,NE,,,,,,,,,,,,,,,,,,,,,,,,,,,,,,,,Hatching date estimated 
1761,2001,18,KEN ,PIEFL,1,8,,0,41,,,,,JD,,,,,,,,,,,,,,,,,,,,,,,,,,,,,,,,Hatching date estimated - ALL YOUNG DEAD 
1762,2001,22,KEN ,PIEFL,1,7,,7,41,,,,,NE,,,,,,,,,,,,,,,,,,,,,,,,,,,,,,,,Hatching date estimated 
1763,2001,27,KEN ,PIEFL,1,9,,9,38,60,,,,NE,,,,,,,,,,,,,,,,,,,,,,,,,,,,,,,,Hatching date estimated 
1764,2001,28,KEN ,PIEFL,1,,0,0,45,,,,2,ED,,,,,,,,,,,,,,,,,,,,,,,,,,,,,,,,DESERTED
1765,2001,31,KEN ,PIEFL,1,6,0,0,51,,,,,ED,,,,,,,,,,,,,,,,,,,,,,,,,,,,,,,,DESERTED
1766,2001,39,KEN ,PIEFL,1,8,,8,41,,,,,NE,,,,,,,,,,,,,,,,,,,,,,,,,,,,,,,,Hatching date estimated 
1767,2001,47,KEN ,PIEFL,1,7,,7,42,62,,,,NE,,,,,,,,,,,,,,,,,,,,,,,,,,,,,,,,Hatching date estimated 
1768,2001,32,NAG,PIEFL,1,8,,7,43,64,,,,NE,P789014,I,02/06/2001,02/06/2001,1,P171011,S,23/05/2000,23/05/2001,2,11/06/2001,P789130,P789131,P789132,P789133,P789134,P789135,P789136,,,,,,,,,,,,,,Hatching date estimated 
1769,2001,37,NAG,PIEFL,1,7,7,5,40,60,,,,NE,K942189,S,01/06/2001,05/06/1997,4,P171004,S,22/05/2000,23/05/2001,2,06/06/2001,P789037,P789038,P789039,P789040,P789041,P789042,P789043,,,,,,,,,,,,,,Hatching date estimated - 039/042 DIED
1770,2001,41,NAG,PIEFL,1,8,,6,41,62,,,,NE,J596177,S,02/06/2001,05/06/1994,7,N981006,S,18/05/1999,23/05/2001,3,08/06/2001,P789064,P789065,P789066,P789067,P789068,P789069,P789070,,,,,,,,,,,,,,Hatching date estimated - 070 DIED
1771,2001,47,NAG,PIEFL,1,7,,7,44,64,,,,NE,N467122,S,04/06/2001,07/06/1998,4,N981189,S,11/06/1999,25/05/2001,2,11/06/2001,P789111,P789112,P789113,P789114,P789115,P789116,P789117,,,,,,,,,,,,,,Hatching date estimated 
1772,2001,86,NAG,PIEFL,1,7,,6,41,61,,,,NE,K608073,S,04/06/2001,14/06/1996,5,P171009,S,22/05/2000,23/05/2001,2,07/06/2001,P789044,P789045,P789046,P789047,P789048,P789049,,,,,,,,,,,,,,,Hatching date estimated 
1773,2001,104,NAG,PIEFL,1,7,,6,43,63,,,,NE,N981021,S,02/06/2001,31/05/2000,2,K942068,S,02/06/1997,23/05/2001,4,11/06/2001,P789171,P789172,P789173,P789174,P789175,P789176,,,,,,,,,,,,,,,Hatching date estimated 
1774,2001,126,NAG,PIEFL,1,7,,6,45,65,,,,NE,P171136,R,04/06/2001,08/06/2000,1,P443905,I,03/06/2000,23/05/2001,1,11/06/2001,P789118,P789119,P789120,P789121,P789122,P789123,,,,,,,,,,,,,,,Hatching date estimated - BROWN MALE 
1775,2001,128,NAG,PIEFL,1,7,,6,42,62,,,,NE,N467165,S,04/06/2001,07/06/1998,4,P171133,R,08/06/2000,23/05/2001,1,11/06/2001,P789124,P789125,P789126,P789127,P789128,P789129,,,,,,,,,,,,,,,Hatching date estimated 
1776,2001,131,NAG,PIEFL,1,7,,6,43,63,,,,NE,K942437,S,02/06/2001,19/06/1997,4,P789001,I,23/05/2001,23/05/2001,1,08/06/2001,P789071,P789072,P789073,P789074,P789075,P789076,,,,,,,,,,,,,,,Hatching date estimated - FEMALE HAS TICKS 
1777,2001,146,NAG,PIEFL,1,7,,6,44,64,,,,NE,H642535,S,04/06/2001,10/06/1992,9,P359140,I,14/06/2000,25/05/2001,1,11/06/2001,P789105,P789106,P789107,P789108,P789109,P789110,,,,,,,,,,,,,,,Hatching date estimated - MALE SEEN 17/06/01
1778,2001,148,NAG,PIEFL,1,8,,6,46,67,,,,NE,P171250,R,25/05/2001,13/06/2000,1,P171201,R,10/06/2000,25/05/2001,1,13/06/2001,P789190,P789191,P789192,P789193,P789194,P789195,,,,,,,,,,,,,,,Hatching date estimated - BROWN MALE 
1779,2001,169,NAG,PIEFL,1,8,8,8,41,62,,,,NE,P171208,R,02/06/2001,10/06/2000,1,P171095,R,06/06/2000,23/05/2001,1,08/06/2001,P789077,P789078,P789079,P789080,P789081,P789082,P789083,P789084,,,,,,,,,,,,,Hatching date estimated 
1780,2001,172,NAG,PIEFL,1,8,7,6,42,63,,,1,NE,P789011,I,02/06/2001,02/06/2001,1,K002102,S,04/06/1995,24/05/2001,6,11/06/2001,P789137,P789138,P789139,P789140,P789141,P789142,,,,,,,,,,,,,,,Hatching date estimated 
1781,2001,190,NAG,PIEFL,1,7,7,7,39,59,,,,NE,N467101,S,01/06/2001,05/06/1998,3,N061417,I,09/06/1999,24/05/2001,2,05/06/2001,P789016,P789017,P789018,P789019,P789020,P789021,P789022,,,,,,,,,,,,,,Hatching date estimated 
1782,2001,200,NAG,PIEFL,1,7,7,5,43,63,,,,NE,P171284,S,04/06/2001,23/06/2000,2,P789007,I,24/05/2001,24/05/2001,1,11/06/2001,P789159,P789160,P789161,P789162,P789163,P789164,,,,,,,,,,,,,,,Hatching date estimated - 164 DIED
1783,2001,204,NAG,PIEFL,1,7,,3,49,69,,,,NE,,,,,,P789008,I,25/05/2001,25/05/2001,1,18/06/2001,P789225,P789226,P789227,,,,,,,,,,,,,,,,,,Hatching date estimated 
1784,2001,211,NAG,PIEFL,1,7,7,7,42,62,,,,NE,P789010,I,02/06/2001,02/06/2001,1,P171002,S,18/05/2000,23/05/2001,2,08/06/2001,P789091,P789092,P789093,P789094,P789095,P789096,P789097,,,,,,,,,,,,,,Hatching date estimated 
1785,2001,212,NAG,PIEFL,1,7,,6,44,64,,,,NE,K608047,S,04/06/2001,13/06/1996,4,P789002,I,23/05/2001,23/05/2001,1,11/06/2001,P789165,P789166,P789167,P789168,P789169,P789170,,,,,,,,,,,,,,,Hatching date estimated 
1786,2001,217,NAG,PIEFL,1,7,7,7,41,61,,,,NE,P789009,I,01/06/2001,01/06/2001,1,P171005,S,22/05/2000,24/05/2001,2,07/06/2001,P789050,P789051,P789052,P789053,P789054,P789055,P789056,,,,,,,,,,,,,,Hatching date estimated 
1787,2001,223,NAG,PIEFL,1,8,7,7,47,68,,,1,NE,P171101,R,07/06/2001,06/06/2000,1,P171110,R,06/06/2000,25/05/2001,1,13/06/2001,P789197,P789198,P789199,P789200,P789201,P789202,P789203,,,,,,,,,,,,,,Hatching date estimated 
1788,2001,228,NAG,PIEFL,1,7,,2,57,77,,,,NE,,,,,,K649972,I,13/06/1999,07/06/2001,2,26/06/2001,P789233,P789234,P789235,,,,,,,,,,,,,,,,,,Hatching date estimated - 235 DIED
1789,2001,271,NAG,PIEFL,1,4,3,2,59,76,,,,NE,,,,,,P789015,I,05/06/2001,05/06/2001,1,24/06/2001,P789230,P789231,P789232,,,,,,,,,,,,,,,,,,Hatching date estimated - 232 DIED
1790,2001,278,NAG,PIEFL,1,7,7,6,42,62,,,,NE,P171134,R,01/06/2001,08/06/2000,1,P171212,R,10/06/2000,25/05/2001,1,08/06/2001,P789098,P789099,P789100,P789101,P789102,P789103,P789104,,,,,,,,,,,,,,Hatching date estimated - 098 DIED
1791,2001,323,NAG,PIEFL,1,6,6,3,45,64,,,,NE,P789012,I,02/06/2001,02/06/2001,1,N981127,S,06/06/1999,25/05/2001,2,14/06/2001,P789215,P789216,P789217,P789218,,,,,,,,,,,,,,,,,Hatching date estimated - 216 DIED
1792,2001,347,NAG,PIEFL,1,6,6,6,44,63,,,,NE,K942023,S,02/06/2001,27/05/1997,5,P789005,I,24/05/2001,24/05/2001,1,11/06/2001,P789148,P789149,P789150,P789151,P789152,P789153,,,,,,,,,,,,,,,Hatching date estimated 
1793,2001,357,NAG,PIEFL,1,7,,5,44,64,,,,NE,P171267,R,04/06/2001,15/06/2000,1,K942082,R,02/06/1997,24/05/2001,4,11/06/2001,P789143,P789144,P789145,P789146,P789147,,,,,,,,,,,,,,,,Hatching date estimated 
1794,2001,410,NAG,PIEFL,1,5,5,5,69,93,,,,NE,P789236,I,26/06/2001,26/06/2001,1,P171088,R,06/06/2000,14/06/2001,1,02/07/2001,P789238,P789239,P789240,P789241,P789242,,,,,,,,,,,,,,,,Hatching date estimated
1795,2001,419,NAG,PIEFL,1,8,,4,44,65,,,,NE,,,,,,P171007,S,22/05/2000,24/05/2001,2,13/06/2001,P789205,P789206,P789207,P789208,,,,,,,,,,,,,,,,,Hatching date estimated 
1796,2001,424,NAG,PIEFL,1,7,5,5,44,64,,,2,NE,P789013,I,02/06/2001,02/06/2001,1,P789006,I,24/05/2001,24/05/2001,1,11/06/2001,P789154,P789155,P789156,P789157,P789158,,,,,,,,,,,,,,,,Hatching date estimated 
1797,2001,427,NAG,PIEFL,1,5,5,5,69,87,,,,NE,P789237,I,26/06/2001,26/06/2001,1,P789204,I,13/06/2001,13/06/2001,1,03/07/2001,P789243,P789244,P789245,P789246,P789247,,,,,,,,,,,,,,,,Hatching date estimated 
1798,2001,432,NAG,PIEFL,1,6,6,6,43,62,,,,NE,N981111,R,01/06/2001,06/06/1999,2,P171103,R,06/06/2000,24/05/2001,1,08/06/2001,P789085,P789086,P789087,P789088,P789089,P789090,,,,,,,,,,,,,,,Hatching date estimated 
1799,2001,434,NAG,PIEFL,1,7,7,7,41,60,,,,NE,K942226,S,01/06/2001,11/06/1997,4,K942127,S,03/06/1997,24/05/2001,4,07/06/2001,P789057,P789058,P789059,P789060,P789061,P789062,P789063,,,,,,,,,,,,,,Hatching date estimated 
1800,2001,F2,NAG,PIEFL,1,7,6,6,46,66,,,1,NE,N467046,S,06/06/2001,03/06/1998,4,P171003,S,18/05/2000,25/05/2001,2,13/06/2001,P789209,P789210,P789211,P789212,P789213,P789214,,,,,,,,,,,,,,,Hatching date estimated 
1801,2001,R12,NAG,PIEFL,1,7,7,6,46,66,,,,NE,N467101,S,14/06/2001,05/06/1998,3,P171006,S,22/05/2000,24/05/2001,2,14/06/2001,P789219,P789220,P789221,P789222,P789223,P789224,,,,,,,,,,,,,,,Hatching date estimated 
1802,2001,,QUA,PIEFL,1,,,,,,,,,OU,P171197,R,13/06/2001,10/06/2000,1,P171041,R,05/06/2000,13/06/2001,1,12/06/2001,P789184,P789185,P789186,P789187,P789188,P789189,,,,,,,,,,,,,,,Hatching date estimated 
1803,2001,,QUA,PIEFL,1,,,,,,,,,OU,P171197,S,18/06/2001,10/06/2000,1,P789196,I,13/06/2001,13/06/2001,1,18/06/2001,P789228,P789229,,,,,,,,,,,,,,,,,,,Hatching date estimated 
1804,2002,Cannop Marsh,CAN,REDST,1,5,,0,71,,,,,JD,P376262,I,02/07/2002,02/07/2002,1,P376263,I,02/07/2002,02/07/2002,1,,,,,,,,,,,,,,,,,,,,,,Hatching date estimated - ALL YOUNG DEAD BY 08/07 
1805,2002,Larch 3,CAN,PIEFL,1,7,5,5,34,54,,,2,NE,R026025,I,27/05/2002,27/05/2002,1,P171139,S,08/06/2000,08/05/2002,3,30/05/2002,R026073,R026074,R026075,R026076,R026077,,,,,,,,,,,,,,,,Hatching date estimated 
1806,2002,Larch Blue,CAN,PIEFL,1,4,,0,69,,,,,JP,N533914,I,26/06/2002,16/06/1999,3,R026350,I,26/06/2002,26/06/2002,1,,,,,,,,,,,,,,,,,,,,,,Hatching date estimated - ALL YOUNG DEAD BY 02/07 - GREAT SPOTTED WOODPECKER 
1807,2002,Oblong,CAN,PIEFL,1,8,,6,31,52,,,,NE,R026018,I,22/05/2002,22/05/2002,1,P171060,R,05/06/2000,23/05/2002,2,30/05/2002,R026067,R026068,R026069,R026070,R026071,R026072,,,,,,,,,,,,,,,Hatching date estimated 
1808,2002,20,DEA,PIEFL,1,7,,7,38,58,,,,NE,P171064,S,27/05/2002,05/06/2000,2,P171047,R,05/06/2000,27/05/2002,2,05/06/2002,R026224,R026225,R026226,R026227,R026228,R026229,R026230,,,,,,,,,,,,,,Hatching date estimated 
1809,2002,Birch Centre Left ,FLO,PIEFL,1,8,8,8,31,52,,,,NE,R026029,I,28/05/2002,28/05/2002,1,P789004,S,23/05/2001,15/05/2002,2,28/05/2002,R026030,R026031,R026032,R026033,R026034,R026035,R026036,R026037,,,,,,,,,,,,,Hatching date estimated 
1810,2002,Birch rh Corner,FLO,PIEFL,1,7,7,0,41,,,,,JD,N981036,S,05/06/2002,01/06/1999,3,R026028,I,28/05/2002,28/05/2002,1,07/06/2002,R026289,R026290,R026291,R026292,R026293,R026294,R026295,,,,,,,,,,,,,,Hatching date estimated - ALL DIED
1811,2002,Oak Bottom Centre,FLO,PIEFL,1,8,8,6,38,59,,,,NE,N774514,I,05/06/2002,09/06/2000,2,R026003,I,15/05/2002,15/05/2002,1,05/06/2002,R026231,R026232,R026233,R026234,R026235,R026236,R026237,R026238,,,,,,,,,,,,,Hatching date estimated - 235/238 DIED
1812,2002,Pine Tree,FLO,PIEFL,1,7,5,2,38,58,,,,NE,,,,,,P789183,R,12/06/2001,15/05/2002,1,05/06/2002,R026239,R026240,R026241,R026242,R026243,,,,,,,,,,,,,,,,Hatching date estimated - 239/240/241 DIED
1813,2002,2,KEN,PIEFL,1,8,8,8,34,55,,,,NE,R026038,I,28/05/2002,28/05/2002,1,R026002,I,15/05/2002,15/05/2002,1,02/06/2002,R026158,R026159,R026160,R026161,R026162,R026163,R026164,R026165,,,,,,,,,,,,,Hatching date estimated 
1814,2002,7,KEN,PIEFL,1,6,5,5,32,51,,,1,NE,R026017,I,22/05/2002,22/05/2002,1,N061417,S,09/06/1999,08/05/2002,3,28/05/2002,R026039,R026040,R026041,R026042,R026043,,,,,,,,,,,,,,,,Hatching date estimated 
1815,2002,17,KEN,PIEFL,1,8,,7,35,56,,,,NE,P171229,R,15/05/2002,12/06/2000,2,N981012,S,24/05/1999,15/05/2002,4,02/06/2002,R026144,R026145,R026146,R026147,R026148,R026149,R026150,,,,,,,,,,,,,,Hatching date estimated 
1816,2002,19,KEN,PIEFL,1,6,,0,44,,,,,JD,,,,,,P171013,S,27/05/2000,15/05/2002,2,,,,,,,,,,,,,,,,,,,,,,DESERTED
1817,2002,22,KEN,PIEFL,1,8,8,8,31,52,,,,NE,R026016,I,22/05/2002,22/05/2002,1,R026001,I,15/05/2002,15/05/2002,1,28/05/2002,R026045,R026046,R026047,R026048,R026049,R026050,R026051,R026052,,,,,,,,,,,,,Hatching date estimated 
1818,2002,30,KEN,PIEFL,1,7,7,7,41,61,,,,NE,R026038,S,05/06/2002,28/05/2002,1,R026015,I,22/05/2002,22/05/2002,1,10/06/2002,R026306,R026307,R026308,R026309,R026310,R026311,R026312,,,,,,,,,,,,,,Hatching date estimated 
1819,2002,34,KEN,PIEFL,1,,0,0,33,,,,,EP,,,,,,,,,,,,,,,,,,,,,,,,,,,,,,,,PREDATED
1820,2002,36,KEN,PIEFL,1,8,8,8,38,59,,,,NE,R026044,I,28/05/2002,28/05/2002,1,K752251,S,25/05/2000,15/05/2002,2,05/06/2002,R026216,R026217,R026218,R026219,R026220,R026221,R026222,R026223,,,,,,,,,,,,,Hatching date estimated 
1821,2002,43,KEN,PIEFL,1,7,7,7,37,57,,,,NE,P789184,R,28/05/2002,12/06/2001,1,P789105,R,11/06/2001,15/05/2002,1,02/06/2002,R026151,R026152,R026153,R026154,R026155,R026156,R026157,,,,,,,,,,,,,,Hatching date estimated 
1822,2002,,LON,PIEFL,1,,,,,,,,,OU,R026110,I,31/05/2002,31/05/2002,1,P171017,S,29/05/2000,31/05/2002,3,,,,,,,,,,,,,,,,,,,,,,RECORDED AT LONG HOPE ON 31/5 
1823,2002,Lower 12,LYD,PIEFL,1,8,,7,35,56,,,,NE,P376583,I,21/05/2002,21/05/2002,1,R026014,I,21/05/2002,21/05/2002,1,05/06/2002,R026244,R026245,R026246,R026247,R026248,R026249,R026250,,,,,,,,,,,,,,Hatching date estimated 
1824,2002,3,NAG,PIEFL,1,7,5,4,41,61,,,,NE,R026024,S,11/06/2002,26/05/2002,1,P789067,R,08/06/2001,20/05/2002,1,10/06/2002,R026313,R026314,R026315,R026316,R026317,,,,,,,,,,,,,,,,Hatching date estimated - 315 DIED
1825,2002,25,NAG,PIEFL,1,7,,0,52,,,,,JD,,,,,,R026057,I,29/05/2002,29/05/2002,1,,,,,,,,,,,,,,,,,,,,,,Hatching date estimated - ALL YOUNG DEAD BY 23/6
1826,2002,33,NAG,PIEFL,1,7,,0,51,,,,,JD,,,,,,P171011,S,23/05/2000,29/05/2002,3,,,,,,,,,,,,,,,,,,,,,,Hatching date estimated - ALL YOUNG DEAD BY 17/6
1827,2002,42,NAG,PIEFL,1,7,,5,51,78,,,1,NE,P789149,R,11/06/2002,11/06/2001,1,R026127,I,01/06/2002,01/06/2002,1,17/06/2002,R026334,R026335,R026336,R026337,R026338,,,,,,,,,,,,,,,,Hatching date estimated 
1828,2002,54,NAG,PIEFL,1,6,,5,53,72,,,,NE,P789106,R,11/06/2002,11/06/2001,1,P789208,R,13/06/2001,30/05/2002,1,19/06/2002,R026339,R026340,R026341,R026342,R026343,,,,,,,,,,,,,,,,Hatching date estimated - VERY BROWN MALE 
1829,2002,56,NAG,PIEFL,1,8,8,8,31,52,,,,NE,P171027,R,23/05/2002,05/06/2000,2,P171133,S,08/06/2000,16/05/2002,2,30/05/2002,R026078,R026079,R026080,R026081,R026082,R026083,R026084,R026085,,,,,,,,,,,,,Hatching date estimated 
1830,2002,62,NAG,PIEFL,1,7,,5,39,59,,,,NE,P789228,R,29/05/2002,18/06/2001,1,P789001,S,23/05/2001,17/05/2002,2,04/06/2002,R026195,R026196,R026197,R026198,R026199,,,,,,,,,,,,,,,,Hatching date estimated 
1831,2002,64,NAG,PIEFL,1,7,,0,41,,,,,JD,,,,,,P789145,R,11/06/2001,20/05/2002,1,,,,,,,,,,,,,,,,,,,,,,Hatching date estimated - ALL YOUNG DEAD BY 11/6
1832,2002,68,NAG,PIEFL,1,8,,6,33,54,,,,NE,P171093,R,24/05/2002,06/06/2000,2,P171201,S,10/06/2000,16/05/2002,2,01/06/2002,R026135,R026136,R026137,R026138,R026139,R026140,,,,,,,,,,,,,,,Hatching date estimated 
1833,2002,75,NAG,PIEFL,1,8,,7,32,53,,,,NE,R026019,I,23/05/2002,23/05/2002,1,R026004,I,16/05/2002,16/05/2002,1,01/06/2002,R026128,R026129,R026130,R026131,R026132,R026133,R026134,,,,,,,,,,,,,,Hatching date estimated 
1834,2002,81,NAG,PIEFL,1,8,8,8,32,53,,,,NE,P171069,R,23/05/2002,05/06/2000,2,P171041,S,05/06/2000,16/05/2002,2,30/05/2002,R026086,R026087,R026088,R026089,R026090,R026091,R026092,R026093,,,,,,,,,,,,,Hatching date estimated 
1835,2002,86,NAG,PIEFL,1,7,5,4,30,59,,,2,NE,P171267,S,23/05/2002,15/06/2000,2,P789059,R,07/06/2001,17/05/2002,1,29/05/2002,R026053,R026054,R026055,R026056,,,,,,,,,,,,,,,,,Hatching date estimated 
1836,2002,101,NAG,PIEFL,1,7,5,4,37,57,,,,NE,R026143,I,01/06/2002,01/06/2002,1,P789205,R,13/06/2001,17/05/2002,1,06/06/2002,R026251,R026252,R026253,R026254,R026255,,,,,,,,,,,,,,,,Hatching date estimated - 255 died
1837,2002,112,NAG,PIEFL,1,7,,0,41,,,,,JD,,,,,,P171006,S,22/05/2000,20/05/2002,3,,,,,,,,,,,,,,,,,,,,,,Hatching date estimated - ALL YOUNG DEAD BY 11/6
1838,2002,126,NAG,PIEFL,1,7,,5,39,59,,,1,NE,P171250,S,30/05/2002,13/06/2000,2,R026010,I,20/05/2002,20/05/2002,1,06/06/2002,R026269,R026270,R026271,R026272,R026273,,,,,,,,,,,,,,,,Hatching date estimated - VERY BROWN MALE 
1839,2002,131,NAG,PIEFL,1,7,6,6,40,60,,,1,NE,P789012,S,31/05/2002,02/06/2001,2,P789175,R,11/06/2001,20/05/2002,1,06/06/2002,R026256,R026257,R026258,R026259,R026260,R026261,,,,,,,,,,,,,,,Hatching date estimated 
1840,2002,150,NAG,PIEFL,1,6,6,5,45,62,,,,NE,R026021,I,24/05/2002,24/05/2002,1,R026022,I,24/05/2002,24/05/2002,1,11/06/2002,R026323,R026324,R026325,R026326,R026327,R026328,,,,,,,,,,,,,,,Hatching date estimated - 328 DIED
1841,2002,159,NAG,PIEFL,1,8,,7,36,57,,,,NE,P789153,R,29/05/2002,11/06/2001,1,R026006,I,17/05/2002,17/05/2002,1,02/06/2002,R026174,R026175,R026176,R026177,R026178,R026179,R026180,,,,,,,,,,,,,,Hatching date estimated 
1842,2002,179,NAG,PIEFL,1,7,7,7,37,57,,,,NE,K942023,S,29/05/2002,27/05/1997,6,P789006,S,24/05/2001,14/05/2002,2,04/06/2002,R026200,R026201,R026202,R026203,R026204,R026205,R026206,,,,,,,,,,,,,,Hatching date estimated 
1843,2002,190,NAG,PIEFL,1,7,7,7,31,51,,,,NE,P287913,I,24/05/2002,07/06/2000,2,P171009,S,22/05/2000,18/05/2002,3,29/05/2002,R026059,R026060,R026061,R026062,R026063,R026064,R026065,,,,,,,,,,,,,,Hatching date estimated 
1844,2002,200,NAG,PIEFL,1,8,8,8,32,53,,,,NE,P789009,S,24/05/2002,01/06/2001,2,K942127,S,03/06/1997,18/05/2002,5,30/05/2002,R026103,R026104,R026105,R026106,R026107,R026108,R026109,R026215,,,,,,,,,,,,,Hatching date estimated 
1845,2002,202,NAG,PIEFL,1,8,0,0,35,,,,,EP,,,,,,N981006,S,18/05/1999,20/05/2002,4,,,,,,,,,,,,,,,,,,,,,,NEST PREDATED - EGGS 
1846,2002,212,NAG,PIEFL,1,7,7,3,39,59,,,,NE,R026058,I,29/05/2002,29/05/2002,1,P789007,S,24/05/2001,18/05/2002,2,07/06/2002,R026274,R026275,R026276,,,,,,,,,,,,,,,,,,Hatching date estimated 
1847,2002,227,NAG,PIEFL,1,7,,5,33,53,,,,NE,P789179,R,24/05/2002,12/06/2001,1,P297665,I,10/06/2001,17/05/2002,1,30/05/2002,R026098,R026099,R026100,R026101,R026102,,,,,,,,,,,,,,,,Hatching date estimated 
1848,2002,267,NAG,PIEFL,1,6,1,0,54,,,,,JD,P789010,S,24/06/2002,02/06/2001,2,K002102,S,04/06/1995,01/06/2002,7,24/06/2002,R026349,,,,,,,,,,,,,,,,,,,,Hatching date estimated 
1849,2002,293,NAG,PIEFL,1,8,7,4,30,51,,,,NE,,,,,,R026005,I,16/05/2002,16/05/2002,1,31/05/2002,R026111,R026112,R026113,R026114,R026115,R026116,R026117,,,,,,,,,,,,,,Hatching date estimated - 112/114/117 died
1850,2002,321,NAG,PIEFL,1,7,,5,41,61,,,,NE,R026141,I,01/06/2002,01/06/2002,1,R026023,I,24/05/2002,24/05/2002,1,08/06/2002,R026296,R026297,R026298,R026299,R026300,,,,,,,,,,,,,,,,Hatching date estimated 
1851,2002,325,NAG,PIEFL,1,7,,5,42,62,,,,NE,P789138,R,01/06/2002,11/06/2001,1,N774525,I,09/06/2000,20/05/2002,2,08/06/2002,R026301,R026302,R026303,R026304,R026305,,,,,,,,,,,,,,,,Hatching date estimated 
1852,2002,333,NAG,PIEFL,1,8,,1,41,62,,,,NE,R026012,I,21/05/2002,21/05/2002,1,R026013,I,21/05/2002,21/05/2002,1,11/06/2002,R026329,R026330,,,,,,,,,,,,,,,,,,,Hatching date estimated - 330 DIED
1853,2002,358,NAG,PIEFL,1,8,7,7,33,54,,,1,NE,R026020,I,24/05/2002,24/05/2002,1,P789060,R,07/06/2001,17/05/2002,1,31/05/2002,R026118,R026119,R026120,R026121,R026122,R026123,R026124,,,,,,,,,,,,,,Hatching date estimated 
1854,2002,374,NAG,PIEFL,1,9,,0,42,,,,,JD,P789217,R,04/06/2002,14/06/2001,1,R026008,I,20/05/2002,20/05/2002,1,,,,,,,,,,,,,,,,,,,,,,Hatching date estimated - ALL YOUNG DEAD BY 10/6
1855,2002,405,NAG,PIEFL,1,8,8,8,36,57,,,,NE,R026027,I,27/05/2002,27/05/2002,1,N981053,R,01/06/1999,14/05/2002,3,04/06/2002,R026207,R026208,R026209,R026210,R026211,R026212,R026213,R026214,,,,,,,,,,,,,Hatching date estimated 
1856,2002,427,NAG,PIEFL,1,7,,6,40,60,,,,NE,R026125,I,31/05/2002,31/05/2002,1,P789005,S,24/05/2001,18/05/2002,2,07/06/2002,R026283,R026284,R026285,R026286,R026287,R026288,,,,,,,,,,,,,,,Hatching date estimated 
1857,2002,147,NAG,PIEFL,1,8,8,8,34,55,,,,NE,R026024,I,26/05/2002,26/05/2002,1,P443905,S,03/06/2000,17/05/2002,2,02/06/2002,R026166,R026167,R026168,R026169,R026170,R026171,R026172,R026173,,,,,,,,,,,,,Hatching date estimated 
1858,2002,168,NAG,PIEFL,1,7,7,7,37,57,,,,NE,P789010,S,29/05/2002,02/06/2001,2,R026007,I,17/05/2002,17/05/2002,1,04/06/2002,R026188,R026189,R026190,R026191,R026192,R026193,R026194,,,,,,,,,,,,,,Hatching date estimated 
1859,2002,229D,NAG,PIEFL,1,8,,0,41,,,,,JD,P376529,I,15/06/2002,15/06/2002,1,K649972,S,13/06/1999,29/05/2002,3,,,,,,,,,,,,,,,,,,,,,,Hatching date estimated - ALL YOUNG DEAD BY 24/6
1860,2002,342,NAG,PIEFL,1,8,,4,32,53,,,,NE,P376529,S,23/05/2002,15/06/2002,1,P171004,S,22/05/2000,17/05/2002,3,30/05/2002,R026094,R026095,R026096,R026097,,,,,,,,,,,,,,,,,Hatching date estimated 
1861,2002,35,NAG,PIEFL,1,6,,3,47,66,,,,NE,R026012,S,13/06/2002,21/05/2002,1,P789177,R,12/06/2001,26/05/2002,1,13/06/2002,R026331,R026332,R026333,,,,,,,,,,,,,,,,,,Hatching date estimated 
1862,2002,410,NAG,PIEFL,1,7,7,7,35,55,,,,NE,R026026,I,27/05/2002,27/05/2002,1,P171103,S,06/06/2000,14/05/2002,2,02/06/2002,R026181,R026182,R026183,R026184,R026185,R026186,R026187,,,,,,,,,,,,,,Hatching date estimated 
1863,2002,418,NAG,PIEFL,1,8,,5,54,75,,,,NE,R026026,S,17/06/2002,27/05/2002,1,R026126,I,31/05/2002,31/05/2002,1,21/06/2002,R026344,R026345,R026346,R026347,R026348,,,,,,,,,,,,,,,,Hatching date estimated 
1864,2002,R14B,NAG,PIEFL,1,8,,5,42,63,,,,NE,P171267,S,08/06/2002,15/06/2000,2,P789204,S,13/06/2001,20/05/2002,2,10/06/2002,R026318,R026319,R026320,R026321,R026322,,,,,,,,,,,,,,,,Hatching date estimated 
1865,2002,R15C,NAG,PIEFL,1,5,,0,43,,,,,JD,P789090,R,31/05/2002,08/06/2001,1,R026009,I,20/05/2002,20/05/2002,1,,,,,,,,,,,,,,,,,,,,,,Hatching date estimated - ALL YOUNG DEAD BY 2/6
1866,2002,R2,NAG,PIEFL,1,6,,0,53,,,,,JD,P789090,S,13/06/2002,08/06/2001,1,R026066,I,29/05/2002,29/05/2002,1,,,,,,,,,,,,,,,,,,,,,,Hatching date estimated - ALL YOUNG DEAD BY 19/6
1867,2002,R3,NAG,PIEFL,1,8,6,4,39,60,,,,NE,P789155,R,02/06/2002,11/06/2001,1,P789008,S,25/05/2001,17/05/2002,2,07/06/2002,R026277,R026278,R026279,R026280,R026281,R026282,,,,,,,,,,,,,,,Hatching date estimated - 277/280 DIED
1868,2002,,QUA,PIEFL,1,7,7,7,40,60,,,,NE,R026142,I,01/06/2002,01/06/2002,1,R026011,I,20/05/2002,20/05/2002,1,06/06/2002,R026262,R026263,R026264,R026265,R026266,R026267,R026268,,,,,,,,,,,,,,Hatching date estimated 
1869,2003,,CAN,PIEFL,1,7,,0,40,,,,,JD,R026041,R,03/06/2003,28/05/2002,1,R026182,R,02/06/2002,23/05/2003,1,,,,,,,,,,,,,,,,,,,,,,Hatching date estimated - All young taken by 6/6
1870,2003,Bottom Centre,FLO,PIEFL,1,8,,6,28,49,,,,NE,N774514,S,21/05/2003,09/06/2000,3,P789183,S,12/06/2001,13/05/2003,2,29/05/2003,R560019,R560020,R560021,R560022,R560023,R560024,,,,,,,,,,,,,,,Hatching date estimated 
1871,2003,Oak Below Garage ,FLO,PIEFL,1,6,6,3,40,59,,,,NE,P789028,R,29/05/2003,06/06/2001,2,R560006,I,21/05/2003,21/05/2003,1,06/06/2003,R560143,R560144,R560145,R560146,R560147,R560148,,,,,,,,,,,,,,,Hatching date estimated - 144/146/148 died
1872,2003,Pine Tree,FLO,PIEFL,1,8,,7,28,49,,,,NE,R026029,S,21/05/2003,28/05/2002,2,R026003,S,15/05/2002,13/05/2003,2,27/05/2003,R560009,R560010,R560011,R560012,R560013,R560014,R560015,,,,,,,,,,,,,,Hatching date estimated 
1873,2003,1,KEN,PIEFL,1,7,7,7,37,57,,,,NE,R026017,S,03/06/2003,22/05/2002,2,R026002,S,15/05/2002,19/05/2003,2,07/06/2003,R560186,R560187,R560188,R560189,R560190,R560191,R560192,,,,,,,,,,,,,,Hatching date estimated 
1874,2003,5,KEN,PIEFL,1,6,,3,36,55,,,,NE,R560016,I,28/05/2003,28/05/2003,1,P171139,S,08/06/2000,19/05/2003,4,02/06/2003,R560052,R560053,R560054,,,,,,,,,,,,,,,,,,Hatching date estimated 
1875,2003,11,KEN,PIEFL,1,6,6,6,39,58,,,,NE,P789110,R,03/06/2003,11/06/2001,2,R026152,R,02/06/2002,19/05/2003,1,07/06/2003,R560193,R560194,R560195,R560196,R560197,R560198,,,,,,,,,,,,,,,Hatching date estimated 
1876,2003,23,KEN,PIEFL,1,7,6,6,37,57,,,1,NE,P376529,S,28/05/2003,15/06/2002,2,R026001,S,15/05/2002,19/05/2003,2,02/06/2003,R560055,R560056,R560057,R560058,R560059,R560060,,,,,,,,,,,,,,,Hatching date estimated 
1877,2003,25,KEN,PIEFL,1,6,6,6,38,57,,,,NE,R560005,I,19/05/2003,19/05/2003,1,R026311,R,10/06/2002,19/05/2003,1,05/06/2003,R560117,R560118,R560119,R560120,R560121,R560122,,,,,,,,,,,,,,,Hatching date estimated 
1878,2003,28,KEN,PIEFL,1,7,,2,48,68,,,,NE,R560199,I,07/06/2003,07/06/2003,1,R026334,R,17/06/2002,28/05/2003,1,16/06/2003,R560251,R560252,R560253,R560254,,,,,,,,,,,,,,,,,Hatching date estimated 
1879,2003,37,KEN,PIEFL,1,7,,0,36,,,,,XD,,,,,,,,,,,,,,,,,,,,,,,,,,,,,,,,DESERTED - NOT CLEAR AT WHICH STAGE 
1880,2003,47,KEN,PIEFL,1,6,,5,49,68,,,,NE,R026187,R,07/06/2003,02/06/2002,1,P789145,S,11/06/2001,07/06/2003,2,16/06/2003,R560255,R560256,R560257,R560258,R560259,,,,,,,,,,,,,,,,Hatching date estimated 
1881,2003,50,KEN,PIEFL,1,7,,6,40,60,,,,NE,P789154,R,05/06/2003,11/06/2001,2,R560004,I,19/05/2003,19/05/2003,1,07/06/2003,R560200,R560201,R560202,R560203,R560204,R560205,,,,,,,,,,,,,,,Hatching date estimated 
1882,2003,,LON,PIEFL,1,7,0,0,37,,,,,ED,,,,,,P171017,S,29/05/2000,29/05/2003,4,,,,,,,,,,,,,,,,,,,,,,Eggs infertile
1883,2003,3,NAG,PIEFL,1,6,6,5,40,59,,,,NE,P062770,I,02/06/2003,09/06/2002,1,P789067,S,08/06/2001,17/05/2003,2,06/06/2003,R560149,R560150,R560151,R560152,R560153,R560154,,,,,,,,,,,,,,,Hatching date estimated - 154 DIED
1884,2003,22,NAG,PIEFL,1,7,,2,37,57,,,1,NE,R560018,I,29/05/2003,29/05/2003,1,P789175,S,11/06/2001,17/05/2003,2,04/06/2003,R560078,R560079,,,,,,,,,,,,,,,,,,,Hatching date estimated 
1885,2003,37,NAG,PIEFL,1,7,7,0,34,,,,,JD,P789217,S,27/05/2003,14/06/2001,2,P789060,S,07/06/2001,12/05/2003,2,02/06/2003,R560039,R560040,R560041,R560042,R560043,R560044,R560045,,,,,,,,,,,,,,Hatching date estimated - ALL DIED
1886,2003,56,NAG,PIEFL,1,7,6,5,36,56,,,,NE,P171027,S,28/05/2003,05/06/2000,3,K942127,S,03/06/1997,17/05/2003,6,04/06/2003,R560072,R560073,R560074,R560075,R560076,R560077,,,,,,,,,,,,,,,Hatching date estimated - 076 DIED
1887,2003,63,NAG,PIEFL,1,7,6,4,46,66,,,,NE,P171231,R,09/06/2003,12/06/2000,3,R560008,I,23/05/2003,23/05/2003,1,16/06/2003,R560241,R560242,R560243,R560244,R560245,R560246,,,,,,,,,,,,,,,Hatching date estimated - 241/243 DIED
1888,2003,75,NAG,PIEFL,1,7,5,4,36,56,,,2,NE,R560017,I,28/05/2003,28/05/2003,1,R026109,R,30/05/2002,17/05/2003,1,04/06/2003,R560067,R560068,R560069,R560070,R560071,,,,,,,,,,,,,,,,071 DIED
1889,2003,76,NAG,PIEFL,1,7,7,5,37,57,,,,NE,P789116,R,30/05/2003,11/06/2001,2,P789208,S,13/06/2001,20/05/2003,2,05/06/2003,R560129,R560130,R560131,R560132,R560133,R560134,R560135,,,,,,,,,,,,,,Hatching date estimated - 129/135 DIED
1890,2003,80,NAG,PIEFL,1,7,6,4,37,57,,,,NE,R560018,S,30/05/2003,29/05/2003,1,P171133,S,08/06/2000,17/05/2003,3,04/06/2003,R560080,R560081,R560082,R560083,R560084,R560085,,,,,,,,,,,,,,,Hatching date estimated - 083/084 DIED
1891,2003,93,NAG,PIEFL,1,6,,3,39,58,,,,NE,R560007,I,23/05/2003,23/05/2003,1,R560001,I,13/05/2003,13/05/2003,1,09/06/2003,R560208,R560209,R560210,,,,,,,,,,,,,,,,,,Hatching date estimated 
1892,2003,101,NAG,PIEFL,1,7,6,5,31,51,,,,NE,R560007,I,23/05/2003,23/05/2003,1,P789059,S,07/06/2001,12/05/2003,2,30/05/2003,R560026,R560027,R560028,R560029,R560030,R560031,,,,,,,,,,,,,,,Hatching date estimated - 031 DIED
1893,2003,104,NAG,PIEFL,1,7,7,5,38,58,,,,NE,R560025,I,30/05/2003,30/05/2003,1,R560003,I,18/05/2003,18/05/2003,1,05/06/2003,R560136,R560137,R560138,R560139,R560140,R560141,R560142,,,,,,,,,,,,,,Hatching date estimated - 139/142 DIED
1894,2003,108,NAG,PIEFL,1,6,,4,47,67,,,1,NE,P789161,R,06/06/2003,11/06/2001,2,K649972,S,13/06/1999,24/05/2003,4,16/06/2003,R560247,R560248,R560249,R560250,,,,,,,,,,,,,,,,,Hatching date estimated 
1895,2003,125,NAG,PIEFL,1,7,,0,36,,,,,XD,,,,,,,,,,,,,,,,,,,,,,,,,,,,,,,,DESERTED - NOT CLEAR AT WHICH STAGE 
1896,2003,127,NAG,PIEFL,1,7,7,7,34,54,,,,NE,R026142,S,27/05/2003,01/06/2002,2,N061417,S,09/06/1999,20/05/2003,4,02/06/2003,R560032,R560033,R560034,R560035,R560036,R560037,R560038,,,,,,,,,,,,,,Hatching date estimated
1897,2003,140,NAG,PIEFL,1,7,,0,41,,,,,XD,,,,,,,,,,,,,,,,,,,,,,,,,,,,,,,,DESERTED - NOT CLEAR AT WHICH STAGE 
1898,2003,147,NAG,PIEFL,1,7,6,4,38,58,,,,NE,R026024,S,30/05/2003,26/05/2002,2,P171201,S,10/06/2000,18/05/2003,3,05/06/2003,R560123,R560124,R560125,R560126,R560127,R560128,,,,,,,,,,,,,,,Hatching date estimated - 125/128 DIED
1899,2003,159,NAG,PIEFL,1,7,,2,40,60,,,,NE,R026221,R,02/06/2003,05/06/2002,1,P789001,S,23/05/2001,19/05/2003,3,09/06/2003,R560206,R560207,,,,,,,,,,,,,,,,,,,Hatching date estimated 
1900,2003,179,NAG,PIEFL,1,7,6,0,34,,,,,JD,R026143,S,27/05/2003,01/06/2002,2,R026011,S,20/05/2002,18/05/2003,2,02/06/2003,R560046,R560047,R560048,R560049,R560050,R560051,,,,,,,,,,,,,,,Hatching date estimated - ALL DIED
1901,2003,190,NAG,PIEFL,1,6,6,5,40,59,,,,NE,R026212,R,02/06/2003,04/06/2002,1,P171103,S,06/06/2000,20/05/2003,3,06/06/2003,R560173,R560174,R560175,R560176,R560177,R560178,,,,,,,,,,,,,,,Hatching date estimated - 176 DIED
1902,2003,195,NAG,PIEFL,1,6,6,6,40,59,,,,NE,R026141,S,02/06/2003,01/06/2002,2,R026195,R,04/06/2002,19/05/2003,1,06/06/2003,R560160,R560161,R560162,R560163,R560164,R560165,,,,,,,,,,,,,,,Hatching date estimated
1903,2003,199,NAG,PIEFL,1,7,5,3,39,59,,,,NE,R026143,S,04/06/2003,01/06/2002,2,R560002,I,18/05/2003,18/05/2003,1,09/06/2003,R560211,R560212,R560213,R560214,R560215,,,,,,,,,,,,,,,,Hatching date estimated - 212/215 DIED
1904,2003,202,NAG,PIEFL,1,7,,0,53,,,,,JD,R560240,I,16/06/2003,16/06/2003,1,R026127,S,01/06/2002,19/05/2003,2,,,,,,,,,,,,,,,,,,,,,,Hatching date estimated - All young dead by 23/6
1905,2003,228,NAG,PIEFL,1,7,7,6,39,59,,,,NE,R026020,S,02/06/2003,24/05/2002,2,R026318,R,10/06/2002,18/05/2003,1,06/06/2003,R560166,R560167,R560168,R560169,R560170,R560171,R560172,,,,,,,,,,,,,,Hatching date estimated - 166 DIED
1906,2003,250,NAG,PIEFL,1,8,5,3,35,56,,,,NE,P789179,S,28/05/2003,12/06/2001,2,P171041,S,05/06/2000,17/05/2003,3,04/06/2003,R560092,R560093,R560094,R560095,R560096,,,,,,,,,,,,,,,,Hatching date estimated - 093/094 DIED
1907,2003,256,NAG,PIEFL,1,7,6,4,37,57,,,,NE,P789010,S,30/05/2003,02/06/2001,3,P171004,S,22/05/2000,17/05/2003,4,04/06/2003,R560086,R560087,R560088,R560089,R560090,R560091,,,,,,,,,,,,,,,Hatching date estimated - 090/091 DIED
1908,2003,274,NAG,PIEFL,1,5,4,3,47,65,,,,NE,R026104,R,06/06/2003,30/05/2002,1,R026322,R,10/06/2002,24/05/2003,1,16/06/2003,R560236,R560237,R560238,R560239,,,,,,,,,,,,,,,,,Hatching date estimated - 236 DIED
1909,2003,288,NAG,PIEFL,1,7,5,4,41,61,,,,NE,R026154,R,02/06/2003,02/06/2002,1,R026319,R,10/06/2002,20/05/2003,1,10/06/2003,R560216,R560217,R560218,R560219,R560220,,,,,,,,,,,,,,,,Hatching date estimated - 220 DIED
1910,2003,312,NAG,PIEFL,1,6,5,4,40,59,,,1,NE,R026144,R,02/06/2003,02/06/2002,1,N774525,S,09/06/2000,20/05/2003,3,06/06/2003,R560155,R560156,R560157,R560158,R560159,,,,,,,,,,,,,,,,Hatching date estimated - 155 DIED
1911,2003,315,NAG,PIEFL,1,7,6,3,37,57,,,,NE,R026012,S,30/05/2003,21/05/2002,2,P789018,R,05/06/2001,20/05/2003,2,02/06/2003,R560061,R560062,R560063,R560064,R560065,R560066,,,,,,,,,,,,,,,Hatching date estimated - 062/064/066
1912,2003,342,NAG,PIEFL,1,7,5,3,37,57,,,,NE,P789090,S,30/05/2003,08/06/2001,2,K002102,S,04/06/1995,18/05/2003,8,04/06/2003,R560097,R560098,R560099,R560100,R560101,,,,,,,,,,,,,,,,Hatching date estimated - 097/100 DIED
1913,2003,351,NAG,PIEFL,1,7,7,7,43,63,,,,NE,R560116,I,04/06/2003,04/06/2003,1,R026192,R,04/06/2002,24/05/2003,1,10/06/2003,R560221,R560222,R560223,R560224,R560225,R560226,R560227,,,,,,,,,,,,,,Hatching date estimated 
1914,2003,354,NAG,PIEFL,1,8,8,8,36,57,,,,NE,R026026,S,30/05/2003,27/05/2002,2,R026005,S,16/05/2002,18/05/2003,2,04/06/2003,R560108,R560109,R560110,R560111,R560112,R560113,R560114,R560115,,,,,,,,,,,,,Hatching date estimated 
1915,2003,361,NAG,PIEFL,1,7,,0,38,,,,,XP,P789019,R,30/05/2003,05/06/2001,2,R026175,R,02/06/2002,18/05/2003,1,,,,,,,,,,,,,,,,,,,,,,PREDATED - NOT CLEAR AT WHICH STAGE 
1916,2003,423,NAG,PIEFL,1,8,8,8,41,62,,,,NE,R026207,R,02/06/2003,04/06/2002,1,R026126,S,31/05/2002,18/05/2003,2,10/06/2003,R560228,R560229,R560230,R560231,R560232,R560233,R560234,R560235,,,,,,,,,,,,,Hatching date estimated 
1917,2003,424,NAG,PIEFL,1,8,7,7,38,59,,,1,NE,R026125,S,02/06/2003,31/05/2002,2,,,,,,06/06/2003,R560179,R560180,R560181,R560182,R560183,R560184,R560185,,,,,,,,,,,,,,Hatching date estimated 
1918,2003,442,NAG,PIEFL,1,7,,6,37,57,,,,NE,P789155,S,30/05/2003,11/06/2001,2,P789177,S,12/06/2001,18/05/2003,2,04/06/2003,R560102,R560103,R560104,R560105,R560106,R560107,,,,,,,,,,,,,,,Hatching date estimated 
1919,2004,,CAN,PIEFL,1,4,,,,,,,,XP,,,,,,R560258,S,16/06/2003,26/05/2004,1,,,,,,,,,,,,,,,,,,,,,,TAKEN BY HUMAN PREDATOR
1920,2004,,CAN,PIEFL,2,4,,0,63,,,,,JD,R026336,R,22/06/2004,17/06/2002,2,R560258,R,16/06/2003,14/06/2004,1,,,,,,,,,,,,,,,,,,,,,,Hatching date estimated - All gone by 25/6
1921,2004,Centre Bottom Middle Oak,FLO,PIEFL,1,7,7,7,35,55,,,,NE,N774514,S,27/05/2004,09/06/2000,4,P789025,R,06/06/2001,18/05/2004,3,03/06/2004,T020009,T020010,T020011,T020012,T020013,T020014,T020015,,,,,,,,,,,,,,Hatching date estimated 
1922,2004,2,KEN,PIEFL,1,7,7,7,44,64,,,,NE,T020036,I,07/06/2004,07/06/2004,1,R026195,S,04/06/2002,18/05/2004,2,09/06/2004,T020083,T020084,T020085,T020086,T020087,T020088,T020089,,,,,,,,,,,,,,Hatching date estimated 
1923,2004,5,KEN,PIEFL,1,8,8,8,40,61,,,,NE,P789128,R,07/06/2004,11/06/2001,3,R026002,S,15/05/2002,18/05/2004,3,09/06/2004,T020090,T020091,T020092,T020093,T020094,T020095,T020096,T020097,,,,,,,,,,,,,Hatching date estimated 
1924,2004,8,KEN,PIEFL,1,7,,6,43,63,,,,NE,R026222,R,07/06/2004,05/06/2002,2,R026334,S,17/06/2002,25/05/2004,2,09/06/2004,T020098,T020099,T020100,T020101,T020102,T020103,T020104,,,,,,,,,,,,,,Hatching date estimated - 098 DIED
1925,2004,14,KEN,PIEFL,1,7,7,7,42,62,,,,NE,P376529,S,07/06/2004,15/06/2002,3,R026079,R,30/05/2002,18/05/2004,2,09/06/2004,T020105,T020106,T020107,T020108,T020109,T020110,T020111,,,,,,,,,,,,,,Hatching date estimated 
1926,2004,19,KEN,PIEFL,1,7,7,7,41,61,,,,NE,R026016,S,07/06/2004,22/05/2002,3,N061417,S,09/06/1999,25/05/2004,5,09/06/2004,T020112,T020113,T020114,T020115,T020116,T020117,T020118,,,,,,,,,,,,,,Hatching date estimated 
1927,2004,22,KEN,PIEFL,1,7,7,7,42,62,,,,NE,T020037,I,07/06/2004,07/06/2004,1,R560004,S,19/05/2003,18/05/2004,2,09/06/2004,T020119,T020120,T020121,T020122,T020123,T020124,T020125,,,,,,,,,,,,,,Hatching date estimated 
1928,2004,33,KEN,PIEFL,1,6,6,6,44,63,,,,NE,R560005,S,07/06/2004,19/05/2003,2,T020005,I,25/05/2004,25/05/2004,1,09/06/2004,T020126,T020127,T020128,T020129,T020130,T020131,,,,,,,,,,,,,,,Hatching date estimated 
1929,2004,36,KEN,PIEFL,1,8,8,7,42,63,,,,NE,P789110,S,07/06/2004,11/06/2001,3,P171014,S,27/05/2000,25/05/2004,5,09/06/2004,T020132,T020133,T020134,T020135,T020136,T020137,T020138,T020139,,,,,,,,,,,,,Hatching date estimated - 135 DIED
1930,2004,39,KEN,PIEFL,1,7,7,7,42,62,,,,NE,R026187,S,07/06/2004,02/06/2002,2,R026152,S,02/06/2002,18/05/2004,2,09/06/2004,T020140,T020141,T020142,T020143,T020144,T020145,T020146,,,,,,,,,,,,,,Hatching date estimated 
1931,2004,11,NAG,PIEFL,1,7,7,7,38,58,,,,NE,R560240,S,01/06/2004,16/06/2003,2,P789060,S,07/06/2001,21/05/2004,3,04/06/2004,T020029,T020030,T020031,T020032,T020033,T020034,T020035,,,,,,,,,,,,,,Hatching date estimated 
1932,2004,37,NAG,PIEFL,1,7,,0,43,,,,,JD,,,,,,P789008,S,25/05/2001,24/05/2004,4,,,,,,,,,,,,,,,,,,,,,,Hatching date estimated - All young dead by 12/6
1933,2004,56,NAG,PIEFL,1,7,,0,43,,,,,JD,R026230,R,04/06/2004,05/06/2002,2,P171041,S,05/06/2000,21/05/2004,4,,,,,,,,,,,,,,,,,,,,,,Hatching date estimated - All young dead by 10/6
1934,2004,59,NAG,PIEFL,1,7,,0,42,,,,,XP,R026141,S,03/06/2004,01/06/2002,3,R026318,S,10/06/2002,24/05/2004,2,,,,,,,,,,,,,,,,,,,,,,PREDATED - NOT CLEAR AT WHICH STAGE 
1935,2004,73,NAG,PIEFL,1,7,7,2,44,63,,,,NE,T020016,I,04/06/2004,04/06/2004,1,P789175,S,11/06/2001,24/05/2004,3,12/06/2004,T020187,T020188,,,,,,,,,,,,,,,,,,,Hatching date estimated 
1936,2004,83,NAG,PIEFL,1,7,7,7,37,57,,,,NE,R560018,S,01/06/2004,29/05/2003,2,P789177,S,12/06/2001,21/05/2004,3,04/06/2004,T020022,T020023,T020024,T020025,T020026,T020027,T020028,,,,,,,,,,,,,,Hatching date estimated 
1937,2004,91,NAG,PIEFL,1,7,6,5,43,63,,,,NE,R026083,R,04/06/2004,30/05/2002,2,P171201,S,10/06/2000,21/05/2004,4,10/06/2004,T020154,T020155,T020156,T020157,T020158,T020159,,,,,,,,,,,,,,,Hatching date estimated - 154 DIED
1938,2004,112,NAG,PIEFL,1,7,7,7,43,63,,,,NE,R560116,S,04/06/2004,04/06/2003,2,R026319,S,10/06/2002,21/05/2004,2,10/06/2004,T020147,T020148,T020149,T020150,T020151,T020152,T020153,,,,,,,,,,,,,,Hatching date estimated 
1939,2004,115,NAG,PIEFL,1,8,5,5,38,59,,,3,NE,T020008,I,01/06/2004,01/06/2004,1,K942127,S,03/06/1997,21/05/2004,7,07/06/2004,T020038,T020039,T020040,T020041,T020042,,,,,,,,,,,,,,,,Hatching date estimated 
1940,2004,125,NAG,PIEFL,1,7,7,0,52,,,,,JD,R560171,R,12/06/2004,06/06/2003,1,T020006,I,01/06/2004,01/06/2004,1,,,,,,,,,,,,,,,,,,,,,,Hatching date estimated - All young dead by 21/6
1941,2004,132,NAG,PIEFL,1,7,,0,43,,,,,XP,R560007,S,03/06/2004,23/05/2003,2,R560180,R,06/06/2003,21/05/2004,1,,,,,,,,,,,,,,,,,,,,,,PREDATED - NOT CLEAR AT WHICH STAGE 
1942,2004,133,NAG,PIEFL,1,7,,0,42,,,,,XP,,,,,,P789001,S,23/05/2001,24/05/2004,4,,,,,,,,,,,,,,,,,,,,,,PREDATED - NOT CLEAR AT WHICH STAGE 
1943,2004,136,NAG,PIEFL,1,7,7,7,40,61,,,,NE,R026144,S,04/06/2004,02/06/2002,2,P789018,S,05/06/2001,24/05/2004,3,08/06/2004,T020069,T020070,T020071,T020072,T020073,T020074,T020075,,,,,,,,,,,,,,Hatching date estimated 
1944,2004,146,NAG,PIEFL,1,7,7,7,41,61,,,,NE,R026142,S,01/06/2004,01/06/2002,3,R560001,S,13/05/2003,21/05/2004,2,08/06/2004,T020076,T020077,T020078,T020079,T020080,T020081,T020082,,,,,,,,,,,,,,Hatching date estimated 
1945,2004,159,NAG,PIEFL,1,6,,0,44,,,,,JD,,,,,,P789208,S,13/06/2001,24/05/2004,3,,,,,,,,,,,,,,,,,,,,,,Hatching date estimated - All young dead by 14/6
1946,2004,180,NAG,PIEFL,1,7,6,5,43,63,,,,NE,R026228,R,04/06/2004,05/06/2002,2,T020004,I,24/05/2004,24/05/2004,1,10/06/2004,T020160,T020161,T020162,T020163,T020164,T020165,,,,,,,,,,,,,,,Hatching date observed - 165 DIED
1947,2004,195,NAG,PIEFL,1,7,7,6,46,66,,,,NE,P062770,S,08/06/2004,09/06/2002,2,R560113,R,04/06/2003,24/05/2004,1,12/06/2004,T020180,T020181,T020182,T020183,T020184,T020185,T020186,,,,,,,,,,,,,,Hatching date estimated - 184 DIED
1948,2004,199,NAG,PIEFL,1,6,2,0,44,,,,4,JD,,,,,,,,,,,,,,,,,,,,,,,,,,,,,,,,Hatching date estimated - Deserted (Observer comment 4 eggs 2 young)
1949,2004,225,NAG,PIEFL,1,7,7,6,42,62,,,,NE,R560109,R,04/06/2004,04/06/2003,1,T020001,I,21/05/2004,21/05/2004,1,10/06/2004,T020166,T020167,T020168,T020169,T020170,T020171,T020172,,,,,,,,,,,,,,Hatching date estimated - 171 DIED
1950,2004,228,NAG,PIEFL,1,7,7,7,41,59,,,,NE,P789010,S,01/06/2004,02/06/2001,4,T020002,I,21/05/2004,21/05/2004,1,08/06/2004,T020057,T020058,T020059,T020060,T020061,T020062,T020063,,,,,,,,,,,,,,Hatching date observed
1951,2004,267,NAG,PIEFL,1,7,,5,45,65,,,,NE,P171231,S,07/06/2004,12/06/2000,4,R560008,S,23/05/2003,24/05/2004,2,14/06/2004,T020189,T020190,T020191,T020192,T020193,,,,,,,,,,,,,,,,Hatching date estimated 
1952,2004,272,NAG,PIEFL,1,8,7,7,39,60,,,1,NE,R560153,R,01/06/2004,06/06/2003,1,R026127,S,01/06/2002,24/05/2004,3,08/06/2004,T020050,T020051,T020052,T020053,T020054,T020055,T020056,,,,,,,,,,,,,,Hatching date estimated 
1953,2004,284,NAG,PIEFL,1,7,7,7,44,64,,,,NE,R026154,S,08/06/2004,02/06/2002,2,R026109,S,30/05/2002,24/05/2004,2,10/06/2004,T020173,T020174,T020175,T020176,T020177,T020178,T020179,,,,,,,,,,,,,,Hatching date estimated 
1954,2004,312,NAG,PIEFL,1,6,,5,39,58,,,,NE,R026143,S,01/06/2004,01/06/2002,3,P789059,S,07/06/2001,21/05/2004,3,04/06/2004,T020017,T020018,T020019,T020020,T020021,,,,,,,,,,,,,,,,Hatching date estimated 
1955,2004,342,NAG,PIEFL,1,6,5,5,41,60,,,1,NE,P789090,S,01/06/2004,08/06/2001,3,T020003,I,21/05/2004,21/05/2004,1,08/06/2004,T020064,T020065,T020066,T020067,T020068,,,,,,,,,,,,,,,,Hatching date estimated 
1956,2004,410,NAG,PIEFL,1,8,2,1,44,65,,,,NE,R026212,S,07/06/2004,04/06/2002,2,R560095,R,04/06/2003,21/05/2004,1,14/06/2004,T020194,T020195,,,,,,,,,,,,,,,,,,,Hatching date estimated - 195 DIED
1957,2004,420,NAG,PIEFL,1,6,6,6,40,59,,,,NE,T020007,I,01/06/2004,01/06/2004,1,R560102,R,04/06/2003,21/05/2004,1,07/06/2004,T020043,T020044,T020045,T020046,T020047,T020048,,,,,,,,,,,,,,,Hatching date estimated 
1958,2004,438,NAG,PIEFL,1,,0,0,55,,,,2,ED,,,,,,,,,,,,,,,,,,,,,,,,,,,,,,,,DESERTED BY 2/6 
1959,2005,Oblong ,CAN,PIEFL,1,8,,,34,51,,,,NE,T020202,I,31/05/2005,31/05/2005,1,R026189,R,04/06/2002,16/05/2005,3,,,,,,,,,,,,,,,,,,,,,,Hatching date estimated - Recorder comment - Unringed due to surveillance by RSPB. Young gone by the evening of 7/6. Fate ucertain - beig fed in nestbox ar 3:30 PM. 
1960,2005,Sycamore,CAN,PIEFL,1,4,,3,43,57,,,,NE,T020202,I,31/05/2005,31/05/2005,1,T020142,R,09/06/2004,24/05/2005,1,16/06/2005,T020389,T020390,T020391,,,,,,,,,,,,,,,,,,Hatching date estimated 
1961,2005,Pine Tree,FLO,PIEFL,1,7,,5,39,55,,,,NE,R560046,R,03/06/2005,02/06/2003,2,T020197,I,19/05/2005,19/05/2005,1,08/06/2005,T020356,T020357,T020358,T020359,T020360,T020361,,,,,,,,,,,,,,,Hatching date estimated - 361 DIED
1962,2005,Wall High ,FLO,PIEFL,1,8,,7,40,57,,,,NE,T020222,I,03/06/2005,03/06/2005,1,T020198,I,19/05/2005,19/05/2005,1,08/06/2005,T020349,T020350,T020351,T020352,T020353,T020354,T020355,,,,,,,,,,,,,,Hatching date estimated 
1963,2005,4,KEN,PIEFL,1,8,,8,36,57,,,,NE,P789110,S,02/06/2005,11/06/2001,4,P171014,S,27/05/2000,17/05/2005,6,06/06/2005,T020241,T020242,T020243,T020244,T020245,T020246,T020247,T020248,,,,,,,,,,,,,Hatching date estimated 
1964,2005,8,KEN,PIEFL,1,7,7,4,38,58,,,,NE,R026222,S,02/06/2005,05/06/2002,3,R026334,S,17/06/2002,26/05/2005,3,06/06/2005,T020261,T020262,T020263,T020264,T020265,T020266,T020267,,,,,,,,,,,,,,Hatching date estimated - 261/262/267 DIED
1965,2005,12,KEN,PIEFL,1,7,6,6,34,54,,,1,NE,R026016,S,26/05/2005,22/05/2002,4,R026002,S,15/05/2002,17/05/2005,4,02/06/2005,T020215,T020216,T020217,T020218,T020219,T020220,,,,,,,,,,,,,,,Hatching date estimated 
1966,2005,16,KEN,PIEFL,1,7,6,6,36,56,,,1,NE,R026095,R,26/05/2005,30/05/2002,3,P789145,S,11/06/2001,17/05/2005,4,06/06/2005,T020249,T020250,T020251,T020252,T020253,T020254,,,,,,,,,,,,,,,Hatching date estimated 
1967,2005,20,KEN,PIEFL,1,7,6,6,37,57,,,1,NE,T020214,I,02/06/2005,02/06/2005,1,R026079,S,30/05/2002,17/05/2005,2,06/06/2005,T020255,T020256,T020257,T020258,T020259,T020260,,,,,,,,,,,,,,,Hatching date estimated 
1968,2005,26,KEN,PIEFL,1,6,,6,37,56,,,,NE,T020221,I,02/06/2005,02/06/2005,1,T020005,S,25/05/2004,17/05/2005,2,06/06/2005,T020235,T020236,T020237,T020238,T020239,T020240,,,,,,,,,,,,,,,Hatching date estimated 
1969,2005,9,NAG,PIEFL,1,7,,6,33,53,,,,NE,T020201,I,23/05/2005,23/05/2005,1,T020196,I,18/05/2005,18/05/2005,1,01/06/2005,T020203,T020204,T020205,T020206,T020207,T020208,,,,,,,,,,,,,,,Hatching date estimated 
1970,2005,47,NAG,PIEFL,1,7,7,7,42,61,,,,NE,T020046,R,08/06/2005,07/06/2004,1,R560113,S,04/06/2003,20/05/2005,2,10/06/2005,T020367,T020368,T020369,T020370,T020371,T020372,T020373,,,,,,,,,,,,,,Hatching date estimated 
1971,2005,64,NAG,PIEFL,1,6,5,5,46,65,,,1,NE,T020045,R,08/06/2005,07/06/2004,1,T020183,R,12/06/2004,07/06/2005,1,13/06/2005,T020374,T020375,T020376,T020377,T020378,,,,,,,,,,,,,,,,Hatching date estimated 
1972,2005,83,NAG,PIEFL,1,6,6,6,38,57,,,,NE,R560177,R,01/06/2005,06/06/2003,2,T020066,R,08/06/2004,20/05/2005,1,07/06/2005,T020287,T020288,T020289,T020290,T020291,T020292,,,,,,,,,,,,,,,Hatching date estimated 
1973,2005,91,NAG,PIEFL,1,7,,6,37,57,,,,NE,R026083,S,02/06/2005,30/05/2002,3,P171201,S,10/06/2000,20/05/2005,5,08/06/2005,T020313,T020314,T020315,T020316,T020317,T020318,,,,,,,,,,,,,,,Hatching date estimated 
1974,2005,136,NAG,PIEFL,1,7,,5,34,54,,,,NE,R026041,S,19/05/2005,28/05/2002,3,P789177,S,12/06/2001,19/05/2005,4,02/06/2005,T020209,T020210,T020211,T020212,T020213,,,,,,,,,,,,,,,,Hatching date estimated 
1975,2005,190,NAG,PIEFL,1,6,,6,40,59,,,,NE,T020158,R,01/06/2005,10/06/2004,1,T020069,R,08/06/2004,20/05/2005,1,08/06/2005,T020343,T020344,T020345,T020346,T020347,T020348,,,,,,,,,,,,,,,Hatching date estimated - Recorder  ote - Brown male. 
1976,2005,195,NAG,PIEFL,1,7,0,0,34,,,,,EP,,,,,,T020004,S,24/05/2004,18/05/2005,2,,,,,,,,,,,,,,,,,,,,,,All eggs gone by 23/5
1977,2005,212,NAG,PIEFL,1,6,5,4,41,60,,,1,NE,P789058,R,20/05/2005,07/06/2001,4,T020080,R,08/06/2004,20/05/2005,1,08/06/2005,T020339,T020340,T020341,T020342,,,,,,,,,,,,,,,,,Hatching date estimated 
1978,2005,219,NAG,PIEFL,1,6,5,5,36,55,,,1,NE,R026143,S,20/05/2005,01/06/2002,4,T020072,R,08/06/2004,20/05/2005,1,06/06/2005,T020275,T020276,T020277,T020278,T020279,,,,,,,,,,,,,,,,Hatching date estimated 
1979,2005,223,NAG,PIEFL,1,7,,3,41,61,,,,NE,T020098,R,03/06/2005,09/06/2004,1,T020119,R,09/06/2004,23/05/2005,1,09/06/2005,T020362,T020363,T020364,T020365,T020366,,,,,,,,,,,,,,,,Hatching date estimated - 362/363 DIED
1980,2005,225,NAG,PIEFL,1,6,6,6,36,55,,,,NE,P789010,S,28/05/2005,02/06/2001,5,R560102,S,04/06/2003,20/05/2005,2,03/06/2005,T020223,T020224,T020225,T020226,T020227,T020228,,,,,,,,,,,,,,,Hatching date estimated 
1981,2005,247,NAG,PIEFL,1,5,5,5,39,57,,,,NE,T020019,R,02/06/2005,04/06/2004,1,P789208,S,13/06/2001,20/05/2005,4,07/06/2005,T020308,T020309,T020310,T020311,T020312,,,,,,,,,,,,,,,,Hatching date estimated 
1982,2005,251,NAG,PIEFL,1,6,2,2,39,58,,,4,NE,R026228,S,02/06/2005,05/06/2002,3,R026227,R,05/06/2002,20/05/2005,3,07/06/2005,T020299,T020300,,,,,,,,,,,,,,,,,,,Hatching date estimated 
1983,2005,259,NAG,PIEFL,1,7,,6,40,60,,,,NE,R560196,R,01/06/2005,07/06/2003,2,T020169,R,10/06/2004,20/05/2005,1,07/06/2005,T020293,T020294,T020295,T020296,T020297,T020298,,,,,,,,,,,,,,,Hatching date estimated 
1984,2005,267,NAG,PIEFL,1,7,7,7,38,58,,,,NE,P171231,S,01/06/2005,12/06/2000,5,R560008,S,23/05/2003,20/05/2005,3,08/06/2005,T020326,T020327,T020328,T020329,T020330,T020331,T020332,,,,,,,,,,,,,,Hatching date estimated 
1985,2005,271,NAG,PIEFL,1,7,,3,40,60,,,,NE,R026154,S,02/06/2005,02/06/2002,3,T020092,R,09/06/2004,19/05/2005,1,13/06/2005,T020386,T020387,T020388,,,,,,,,,,,,,,,,,,Hatching date estimated 
1986,2005,293,NAG,PIEFL,1,7,7,7,38,58,,,,NE,R026144,S,02/06/2005,02/06/2002,3,R026319,S,10/06/2002,19/05/2005,3,06/06/2005,T020268,T020269,T020270,T020271,T020272,T020273,T020274,,,,,,,,,,,,,,Hatching date estimated 
1987,2005,312,NAG,PIEFL,1,5,,0,38,,,,,JD,,,,,,P789001,S,23/05/2001,19/05/2005,5,,,,,,,,,,,,,,,,,,,,,,Hatching date estimated - All young gone by 1/6
1988,2005,315,NAG,PIEFL,1,6,6,6,35,54,,,,NE,R026012,S,02/06/2005,21/05/2002,4,R026109,S,30/05/2002,19/05/2005,3,03/06/2005,T020229,T020230,T020231,T020232,T020233,T020234,,,,,,,,,,,,,,,Hatching date estimated 
1989,2005,334,NAG,PIEFL,1,6,6,5,40,59,,,,NE,R026141,S,02/06/2005,01/06/2002,4,T020118,R,09/06/2004,20/05/2005,1,08/06/2005,T020333,T020334,T020335,T020336,T020337,T020338,,,,,,,,,,,,,,,Hatching date estimated - BS Comment -recorder indicates 6 young were ringed but oly 5 fledged
1990,2005,342,NAG,PIEFL,1,7,7,6,40,60,,,,NE,P789090,S,02/06/2005,08/06/2001,4,T020199,I,20/05/2005,20/05/2005,1,08/06/2005,T020319,T020320,T020321,T020322,T020323,T020324,T020325,,,,,,,,,,,,,,Hatching date estimated - BS Comment -recorder indicates 6 fledged
1991,2005,351,NAG,PIEFL,1,7,7,7,45,65,,,,NE,T020106,R,23/05/2005,09/06/2004,1,T020200,I,23/05/2005,23/05/2005,1,13/06/2005,T020379,T020380,T020381,T020382,T020383,T020384,T020385,,,,,,,,,,,,,,Hatching date estimated 
1992,2005,428,NAG,PIEFL,1,7,7,7,37,57,,,,NE,R026045,R,01/06/2005,28/05/2002,3,R560095,S,04/06/2003,20/05/2005,2,06/06/2005,T020280,T020281,T020282,T020283,T020284,T020285,T020286,,,,,,,,,,,,,,Hatching date estimated 
1993,2005,438,NAG,PIEFL,1,7,7,7,38,58,,,,NE,T020008,S,01/06/2005,01/06/2004,2,T020040,R,07/06/2004,20/05/2005,1,07/06/2005,T020301,T020302,T020303,T020304,T020305,T020306,T020307,,,,,,,,,,,,,,Hatching date estimated 
1994,2005,R1,NAG,PIEFL,2,5,,2,59,77,,,,NE,T020052,R,20/06/2005,08/06/2004,1,T020004,S,24/05/2004,29/05/2005,2,26/06/2005,T020392,T020393,,,,,,,,,,,,,,,,,,,Hatching date estimated 
1995,2006,Oblong ,CAN ,PIEFL,1,7,,6,40,60,,,,NE,T020202,S,07/06/2006,31/05/2005,2,T020142,S,09/06/2004,23/05/2006,2,07/06/2006,V093083,V093084,V093085,V093086,V093087,V093088,,,,,,,,,,,,,,,Hatching date estimated 
1996,2006,Far Centre Willow ,FLO,PIEFL,1,7,6,6,37,57,,,1,NE,R560046,S,01/06/2006,02/06/2003,3,V093001,I,13/05/2006,13/05/2006,1,05/06/2006,V093025,V093026,V093027,V093028,V093029,V093030,,,,,,,,,,,,,,,Hatching date estimated 
1997,2006,Lower rh Birch,FLO,PIEFL,1,7,,6,41,61,,,,NE,T020222,S,05/06/2006,03/06/2005,2,T020197,S,19/05/2005,18/05/2006,2,09/06/2006,V093224,V093225,V093226,V093227,V093228,V093229,,,,,,,,,,,,,,,Hatching date estimated 
1998,2006,Pine tree,FLO,PIEFL,1,6,5,5,38,57,,,1,NE,T020222,S,01/06/2006,03/06/2005,2,R026014,S,21/05/2002,18/05/2006,5,05/06/2006,V093020,V093021,V093022,V093023,V093024,,,,,,,,,,,,,,,,Hatching date estimated 
1999,2006,1,KEN,PIEFL,1,7,7,7,40,60,,,,NE,,,,,,P789145,S,11/06/2001,18/05/2006,5,09/06/2006,V093166,V093167,V093168,V093169,V093170,V093171,V093172,,,,,,,,,,,,,,Hatching date estimated 
2000,2006,11,KEN,PIEFL,1,8,8,8,39,60,,,,NE,P789110,S,31/05/2006,11/06/2001,5,R026079,S,30/05/2002,18/05/2006,3,09/06/2006,V093173,V093174,V093175,V093176,V093177,V093178,V093179,V093180,,,,,,,,,,,,,Hatching date estimated 
2001,2006,20,KEN,PIEFL,1,8,8,8,36,57,,,,NE,T020146,R,31/05/2006,09/06/2004,2,R026189,S,04/06/2002,18/05/2006,2,05/06/2006,V093011,V093012,V093013,V093014,V093015,V093016,V093017,V093018,,,,,,,,,,,,,Hatching date estimated 
2002,2006,23,KEN,PIEFL,1,8,8,8,40,61,,,,NE,P720054,I,05/06/2006,04/06/2004,2,T020255,R,06/06/2005,18/05/2006,1,09/06/2006,V093181,V093182,V093183,V093184,V093185,V093186,V093187,V093188,,,,,,,,,,,,,Hatching date estimated 
2003,2006,36,KEN,PIEFL,1,7,7,7,41,61,,,,NE,V093019,I,05/06/2006,05/06/2006,1,T020005,S,25/05/2004,18/05/2006,3,09/06/2006,V093189,V093190,V093191,V093192,V093193,V093194,V093195,,,,,,,,,,,,,,Hatching date estimated 
2004,2006,38,KEN,PIEFL,1,8,8,8,40,61,,,,NE,T020214,S,05/06/2006,02/06/2005,2,R026334,S,17/06/2002,18/05/2006,4,09/06/2006,V093196,V093197,V093198,V093199,V093200,V093201,V093202,V093203,,,,,,,,,,,,,Hatching date estimated 
2005,2006,45,KEN,PIEFL,1,7,,0,40,,,,,JD,,,,,,T020127,R,09/06/2004,18/05/2006,2,,,,,,,,,,,,,,,,,,,,,,Hatching date estimated - All young gone by 5/6
2006,2006,50,KEN,PIEFL,2,4,,0,69,,,,,JD,,,,,,T020127,S,09/06/2004,14/06/2006,2,,,,,,,,,,,,,,,,,,,,,,Hatching date estimated - All young gone by 28/6
2007,2006,47,NAG,PIEFL,1,4,4,4,41,61,,,,NE,V093010,I,04/06/2006,04/06/2006,1,R560113,S,04/06/2003,23/05/2006,3,09/06/2006,V093220,V093221,V093222,V093223,,,,,,,,,,,,,,,,,Hatching date estimated 
2008,2006,80,NAG,PIEFL,1,7,,5,40,60,,,,NE,R560171,S,03/06/2006,06/06/2003,3,P789208,S,13/06/2001,20/05/2006,5,08/06/2006,V093131,V093132,V093133,V093134,V093135,V093136,,,,,,,,,,,,,,,Hatching date estimated 
2009,2006,86,NAG,PIEFL,1,8,8,8,39,60,,,,NE,R560196,S,06/06/2006,07/06/2003,3,R560008,S,23/05/2003,23/05/2006,4,12/06/2006,V093230,V093231,V093232,V093233,V093234,V093235,V093236,V093237,,,,,,,,,,,,,Hatching date estimated 
2010,2006,106,NAG,PIEFL,1,7,7,7,41,61,,,,NE,T020008,S,06/06/2006,01/06/2004,3,T020040,S,07/06/2004,23/05/2006,2,08/06/2006,V093159,V093160,V093161,V093162,V093163,V093164,V093165,,,,,,,,,,,,,,Hatching date estimated 
2011,2006,146,NAG,PIEFL,1,9,8,8,39,61,,,1,NE,R560240,S,05/06/2006,16/06/2003,4,R026109,S,30/05/2002,23/05/2006,4,08/06/2006,V093123,V093124,V093125,V093126,V093127,V093128,V093129,V093130,,,,,,,,,,,,,Hatching date estimated 
2012,2006,166,NAG,PIEFL,1,4,4,4,41,58,,,,NE,T020019,S,01/06/2006,04/06/2004,2,T020290,R,07/06/2005,20/05/2006,1,06/06/2006,V093046,V093047,V093048,V093049,,,,,,,,,,,,,,,,,Hatching date estimated 
2013,2006,167,NAG,PIEFL,1,6,5,5,40,59,,,1,NE,T020045,S,02/06/2006,07/06/2004,2,T020250,R,06/06/2005,20/05/2006,1,06/06/2006,V093050,V093051,V093052,V093053,V093054,,,,,,,,,,,,,,,,Hatching date estimated 
2014,2006,169,NAG,PIEFL,1,8,,3,37,58,,,4,NE,T020020,R,31/05/2006,04/06/2004,2,R026227,S,05/06/2002,23/05/2006,4,06/06/2006,V093060,V093061,V093062,,,,,,,,,,,,,,,,,,Hatching date estimated 
2015,2006,172,NAG,PIEFL,1,7,7,7,39,59,,,,NE,T020064,R,02/06/2006,08/06/2004,2,T020169,S,10/06/2004,19/05/2006,2,07/06/2006,V093110,V093111,V093112,V093113,V093114,V093115,V093116,,,,,,,,,,,,,,Hatching date estimated 
2016,2006,173,NAG,PIEFL,1,7,5,5,41,61,,,1,NE,T020191,R,06/06/2006,14/06/2004,2,R560102,S,04/06/2003,19/05/2006,3,08/06/2006,V093137,V093138,V093139,V093140,V093141,,,,,,,,,,,,,,,,Hatching date estimated 
2017,2006,180,NAG,PIEFL,1,7,7,7,37,57,,,,NE,V093007,I,31/05/2006,31/05/2006,1,T020004,S,24/05/2004,19/05/2006,3,05/06/2006,V093031,V093032,V093033,V093034,V093035,V093036,V093037,,,,,,,,,,,,,,Hatching date estimated 
2018,2006,191,NAG,PIEFL,1,3,3,3,41,59,,,,NE,V093003,I,23/05/2006,23/05/2006,1,V093002,I,23/05/2006,23/05/2006,1,09/06/2006,V093217,V093218,V093219,,,,,,,,,,,,,,,,,,Hatching date estimated 
2019,2006,201,NAG,PIEFL,1,6,,5,41,60,,,,NE,T020283,R,03/06/2006,06/06/2005,1,T020271,R,06/06/2005,20/05/2006,1,07/06/2006,V093095,V093096,V093097,V093098,V093099,,,,,,,,,,,,,,,,Hatching date estimated 
2020,2006,215,NAG,PIEFL,1,8,8,8,37,58,,,,NE,T020201,S,30/05/2006,23/05/2005,2,T020196,S,18/05/2005,19/05/2006,2,06/06/2006,V093038,V093039,V093040,V093041,V093042,V093043,V093044,V093045,,,,,,,,,,,,,Hatching date estimated 
2021,2006,219,NAG,PIEFL,1,7,,6,39,59,,,,NE,T020052,S,02/06/2006,08/06/2004,2,T020042,R,07/06/2004,19/05/2006,2,07/06/2006,V093089,V093090,V093091,V093092,V093093,V093094,,,,,,,,,,,,,,,Hatching date estimated 
2022,2006,225,NAG,PIEFL,1,7,7,7,40,60,,,,NE,V093008,I,02/06/2006,02/06/2006,1,T020339,R,08/06/2005,19/05/2006,1,08/06/2006,V093148,V093149,V093150,V093151,V093152,V093153,V093154,,,,,,,,,,,,,,Hatching date estimated 
2023,2006,227,NAG,PIEFL,1,7,,0,41,,,,,JD,,,,,,T020307,R,07/06/2005,01/06/2006,1,,,,,,,,,,,,,,,,,,,,,,Hatching date estimated - All young dead by 22/6 
2024,2006,267,NAG,PIEFL,1,8,,5,37,58,,,,NE,R560177,S,20/05/2006,06/06/2003,3,T020066,S,08/06/2004,20/05/2006,2,06/06/2006,V093055,V093056,V093057,V093058,V093059,,,,,,,,,,,,,,,,Hatching date estimated 
2025,2006,296,NAG,PIEFL,1,7,4,4,39,59,,,3,NE,T020149,R,02/06/2006,10/06/2004,2,R026319,S,10/06/2002,17/05/2006,4,07/06/2006,V093100,V093101,V093102,V093103,,,,,,,,,,,,,,,,,Hatching date estimated 
2026,2006,298,NAG,PIEFL,1,8,6,6,39,60,,,2,NE,T020041,R,02/06/2006,07/06/2004,2,T020070,R,08/06/2004,20/05/2006,2,07/06/2006,V093104,V093105,V093106,V093107,V093108,V093109,,,,,,,,,,,,,,,Hatching date estimated 
2027,2006,311,NAG,PIEFL,1,7,7,7,39,59,,,,NE,P358823,I,02/06/2006,02/06/2004,2,T020183,S,12/06/2004,19/05/2006,2,06/06/2006,V093069,V093070,V093071,V093072,V093073,V093074,V093075,,,,,,,,,,,,,,Hatching date estimated 
2028,2006,315,NAG,PIEFL,1,7,,6,41,61,,,,NE,R026012,S,06/06/2006,21/05/2002,5,T020305,R,07/06/2005,19/05/2006,1,08/06/2006,V093117,V093118,V093119,V093120,V093121,V093122,,,,,,,,,,,,,,,Hatching date estimated 
2029,2006,334,NAG,PIEFL,1,7,6,6,38,58,,,1,NE,P789058,S,31/05/2006,07/06/2001,5,T020072,S,08/06/2004,23/05/2006,2,06/06/2006,V093063,V093064,V093065,V093066,V093067,V093068,,,,,,,,,,,,,,,Hatching date estimated 
2030,2006,342,NAG,PIEFL,1,7,,6,41,61,,,,NE,P789090,S,06/06/2006,08/06/2001,5,V093004,I,23/05/2006,23/05/2006,1,08/06/2006,V093142,V093143,V093144,V093145,V093146,V093147,,,,,,,,,,,,,,,Hatching date estimated 
2031,2006,359,NAG,PIEFL,1,7,7,7,38,58,,,,NE,T020098,S,19/05/2006,09/06/2004,2,T020372,R,10/06/2005,19/05/2006,1,06/06/2006,V093076,V093077,V093078,V093079,V093080,V093081,V093082,,,,,,,,,,,,,,Hatching date estimated 
2032,2006,411,NAG,PIEFL,1,5,,4,61,79,,,,NE,T020376,R,19/06/2006,13/06/2005,1,T020317,R,08/06/2005,09/06/2006,1,27/06/2006,V093238,V093239,V093240,V093241,,,,,,,,,,,,,,,,,Hatching date estimated 
2033,2006,428,NAG,PIEFL,1,7,7,7,39,59,,,,NE,V093009,I,02/06/2006,02/06/2006,1,V093006,I,23/05/2006,23/05/2006,1,09/06/2006,V093204,V093205,V093206,V093207,V093208,V093209,V093210,,,,,,,,,,,,,,Hatching date estimated 
2034,2006,?28,NAG,REDST,1,7,0,0,38,,,,,ED,,,,,,V093005,I,23/05/2006,23/05/2006,1,,,,,,,,,,,,,,,,,,,,,,Hatching date estimated - Deserted
2035,2006,F3,NAG,PIEFL,1,9,,4,39,61,,,3,NE,R026228,S,06/06/2006,05/06/2002,4,R560095,S,04/06/2003,17/05/2006,3,08/06/2006,V093155,V093156,V093157,V093158,,,,,,,,,,,,,,,,,Hatching date estimated 
2036,2006,R15,NAG,PIEFL,1,7,6,6,43,63,,,1,NE,T020224,R,06/06/2006,03/06/2005,1,T020296,R,07/06/2005,19/05/2006,1,09/06/2006,V093211,V093212,V093213,V093214,V093215,V093216,,,,,,,,,,,,,,,Hatching date estimated 
2037,2007,BLUE,CAN,PIEFL,2,5,,3,67,85,,,,NE,T020341,R,28/06/2007,08/06/2005,2,R026189,S,04/06/2002,19/06/2007,3,02/07/2007,V093409,V093410,V093411,V093412,,,,,,,,,,,,,,,,,Hatching date estimated - 412 DIED
2038,2007,OBLONG,CAN,PIEFL,1,7,,4,31,51,,,,NE,T020146,S,24/05/2007,09/06/2004,3,V093253,I,18/05/2007,18/05/2007,1,29/05/2007,V093268,V093269,V093270,V093271,,,,,,,,,,,,,,,,,Hatching date estimated 
2039,2007,1,KEN,PIEFL,1,7,,1,33,53,,,,NE,T020215,R,25/05/2007,02/06/2005,2,R026079,S,30/05/2002,11/05/2007,4,05/06/2007,V093308,,,,,,,,,,,,,,,,,,,,Hatching date estimated 
2040,2007,13,KEN,PIEFL,1,6,,4,39,58,,,1,NE,V093115,R,31/05/2007,07/06/2006,1,V093164,R,08/06/2006,18/05/2007,1,11/06/2007,V093360,V093361,V093362,V093363,V093364,,,,,,,,,,,,,,,,Hatching date estimated 
2041,2007,16,KEN,PIEFL,1,7,,6,32,52,,,,NE,V093259,I,24/05/2007,24/05/2007,1,V093001,S,13/05/2006,08/05/2007,2,31/05/2007,V093278,V093279,V093280,V093281,V093282,V093283,,,,,,,,,,,,,,,Hatching date estimated 
2042,2007,20,KEN,PIEFL,1,8,,0,31,,,,,JD,V093260,I,24/05/2007,24/05/2007,1,R026189,S,04/06/2002,08/05/2007,3,,,,,,,,,,,,,,,,,,,,,,Hatching date estimated - All young dead by 31/5
2043,2007,25,KEN,PIEFL,1,7,,7,34,54,,,,NE,V093132,R,25/05/2007,08/06/2006,1,V093251,I,18/05/2007,18/05/2007,1,05/06/2007,V093309,V093310,V093311,V093312,V093313,V093314,V093315,,,,,,,,,,,,,,Hatching date estimated 
2044,2007,31,KEN,PIEFL,1,6,,6,33,52,,,,NE,V093188,R,24/05/2007,09/06/2006,1,V093076,R,06/06/2006,21/05/2007,1,31/05/2007,V093272,V093273,V093274,V093275,V093276,V093277,,,,,,,,,,,,,,,Hatching date estimated 
2045,2007,36,KEN,PIEFL,1,7,,5,41,61,,,,NE,T020225,R,01/06/2007,03/06/2005,2,V093252,I,18/05/2007,18/05/2007,1,11/06/2007,V093365,V093366,V093367,V093368,V093369,,,,,,,,,,,,,,,,Hatching date estimated 
2046,2007,38,KEN,PIEFL,1,7,6,6,37,57,,,1,NE,V093019,S,31/05/2007,05/06/2006,2,T020005,S,25/05/2004,18/05/2007,4,05/06/2007,V093316,V093317,V093318,V093319,V093320,V093321,,,,,,,,,,,,,,,Hatching date estimated 
2047,2007,43,KEN,PIEFL,1,9,,6,,58,,,,NE,V093046,R,01/06/2007,06/06/2006,1,T020236,R,06/06/2005,24/05/2007,2,07/06/1977,V093334,V093335,V093336,V093337,V093338,V093339,,,,,,,,,,,,,,,Hatching date estimated 
2048,2007,1,NAG,PIEFL,2,4,,0,67,,,,,JD,V093400,I,26/06/2007,26/06/2007,1,R026109,S,30/05/2002,11/06/2007,5,02/07/2007,V093401,,,,,,,,,,,,,,,,,,,,Hatching date estimated - ALL DIED
2049,2007,23,NAG,PIEFL,2,7,,0,35,,,,,JD,R560196,S,26/05/2007,07/06/2003,4,V093103,R,07/06/2006,16/05/2007,1,,,,,,,,,,,,,,,,,,,,,,Hatching date estimated - All young dead by 1/6 
2050,2007,30,NAG,PIEFL,1,7,,0,29,,,,,JD,T020045,S,22/05/2007,07/06/2004,3,T020250,S,06/06/2005,16/05/2007,2,,,,,,,,,,,,,,,,,,,,,,Hatching date estimated - All young dead by 29/5
2051,2007,31,NAG,PIEFL,1,7,,6,41,61,,,,NE,V093290,I,04/06/2007,04/06/2007,1,R560008,S,23/05/2003,21/05/2007,5,11/06/2007,V093378,V093379,V093380,V093381,V093382,V093383,,,,,,,,,,,,,,,Hatching date estimated 
2052,2007,35,NAG,PIEFL,1,6,,3,38,57,,,,NE,T020020,S,04/06/2007,04/06/2004,3,V093082,R,06/06/2006,16/05/2007,1,08/06/2007,V093357,V093358,V093359,,,,,,,,,,,,,,,,,,Hatching date estimated 
2053,2007,83,NAG,PIEFL,1,7,,5,37,57,,,1,NE,P171231,S,01/06/2007,12/06/2000,7,V093241,R,27/06/2006,17/05/2007,1,06/06/2007,V093322,V093323,V093324,V093325,V093326,,,,,,,,,,,,,,,,Hatching date estimated 
2054,2007,89,NAG,PIEFL,1,7,,0,34,,,,,JD,,,,,,T020040,S,07/06/2004,17/05/2007,3,,,,,,,,,,,,,,,,,,,,,,Hatching date estimated - All young dead by 29/5
2055,2007,123,NAG,PIEFL,1,7,,0,31,,,,,JD,T020283,S,23/05/2007,06/06/2005,2,R026109,S,30/05/2002,15/05/2007,5,,,,,,,,,,,,,,,,,,,,,,Hatching date estimated - All young dead by 29/5
2056,2007,132,NAG,PIEFL,1,7,,3,39,59,,,,NE,V093090,R,04/06/2007,07/06/2006,1,V093127,R,08/06/2006,17/05/2007,1,11/06/2007,V093374,V093375,V093376,V093377,,,,,,,,,,,,,,,,,Hatching date estimated - 377 DIED
2057,2007,147,NAG,PIEFL,1,6,,1,39,58,,,,NE,P358823,S,01/06/2007,02/06/2004,3,T020042,S,07/06/2004,19/05/2007,3,11/06/2007,V093389,,,,,,,,,,,,,,,,,,,,Hatching date estimated 
2058,2007,154,NAG,PIEFL,1,4,,2,67,84,,,,NE,R560196,S,26/06/2007,07/06/2003,4,T020066,S,08/06/2004,13/06/2007,3,02/07/2007,V093402,V093403,V093404,,,,,,,,,,,,,,,,,,Hatching date estimated - 404 DIED
2059,2007,161,NAG,PIEFL,1,7,,2,36,56,,,,NE,V093303,I,04/06/2007,04/06/2007,1,T020307,S,07/06/2005,23/05/2007,2,08/06/2007,V093355,V093356,,,,,,,,,,,,,,,,,,,Hatching date estimated 
2060,2007,170,NAG,PIEFL,1,6,,0,39,,,,,JD,,,,,,V093097,R,07/06/2006,17/05/2007,1,,,,,,,,,,,,,,,,,,,,,,Hatching date estimated - All young dead by 1/6
2061,2007,172,NAG,PIEFL,2,8,,1,24,53,,,,NE,T020020,S,18/05/2007,04/06/2004,3,R026227,S,05/06/2002,10/05/2007,5,23/05/2007,V093255,V093256,V093257,V093258,,,,,,,,,,,,,,,,,Hatching date estimated - 255/257/258 DIED
2062,2007,181,NAG,PIEFL,1,7,,0,36,,,,,JD,,,,,,V093061,R,06/06/2006,17/05/2007,1,,,,,,,,,,,,,,,,,,,,,,Hatching date estimated - All young dead by 29/5
2063,2007,185,NAG,PIEFL,1,7,,0,37,,,,,JD,T020064,S,29/05/2007,08/06/2004,3,V093248,I,17/05/2007,17/05/2007,1,,,,,,,,,,,,,,,,,,,,,,Hatching date estimated - All young dead by 5/6 
2064,2007,188,NAG,PIEFL,1,7,,2,33,55,,,,NE,V093053,R,25/05/2007,06/06/2006,1,V093150,R,08/06/2006,15/05/2007,1,06/06/2007,V093327,V093328,V093329,,,,,,,,,,,,,,,,,,Hatching date estimated - 329 DIED
2065,2007,201,NAG,PIEFL,1,7,,4,32,52,,,,NE,V093261,I,24/05/2007,24/05/2007,1,T020196,S,18/05/2005,16/05/2007,3,05/06/2007,V093304,V093305,V093306,V093307,,,,,,,,,,,,,,,,,Hatching date estimated 
2066,2007,212,NAG,PIEFL,1,7,,3,37,57,,,,NE,V093126,R,29/05/2007,08/06/2006,1,V093187,R,09/06/2006,17/05/2007,1,07/06/1977,V093345,V093346,V093347,V093348,V093349,,,,,,,,,,,,,,,,Hatching date estimated - 345/347 DIED
2067,2007,222,NAG,PIEFL,2,4,0,0,65,,,,,ED,,,,,,T020169,S,10/06/2004,11/06/2007,3,,,,,,,,,,,,,,,,,,,,,,Eggs infertile 
2068,2007,248,NAG,PIEFL,1,8,,0,35,,,,,JD,V093214,R,29/05/2007,09/06/2006,1,T020290,S,07/06/2005,17/05/2007,2,,,,,,,,,,,,,,,,,,,,,,Hatching date estimated - All young dead by 31/5 
2069,2007,251,NAG,PIEFL,2,7,,0,32,,,,,JD,T020045,S,26/05/2007,07/06/2004,3,T020072,S,08/06/2004,15/05/2007,3,,,,,,,,,,,,,,,,,,,,,,Hatching date estimated - All young dead by 29/5
2070,2007,267,NAG,PIEFL,1,7,,0,31,,,,,JD,R026199,R,23/05/2007,04/06/2002,5,T020296,S,07/06/2005,17/05/2007,2,,,,,,,,,,,,,,,,,,,,,,Hatching date estimated - All young dead by 29/5
2071,2007,269,NAG,PIEFL,1,7,,2,33,53,,,,NE,V093003,S,16/05/2007,23/05/2006,2,T020070,S,08/06/2004,16/05/2007,3,01/06/2007,V093288,V093289,,,,,,,,,,,,,,,,,,,Hatching date estimated 
2072,2007,301,NAG,PIEFL,1,6,,4,38,61,,,,NE,V093094,R,04/06/2007,07/06/2006,1,V093077,R,06/06/2006,18/05/2007,1,11/06/2007,V093390,V093391,V093392,V093393,,,,,,,,,,,,,,,,,Hatching date estimated 
2073,2007,311,NAG,PIEFL,1,7,,0,27,,,,,JD,P358823,S,21/05/2007,02/06/2004,3,T020066,S,08/06/2004,16/05/2007,3,25/05/2007,V093262,V093263,V093264,V093265,V093266,V093267,,,,,,,,,,,,,,,Hatching date estimated - ALL DIED
2074,2007,324,NAG,PIEFL,1,8,,4,33,54,,,,NE,R560240,S,26/05/2007,16/06/2003,5,R560113,S,04/06/2003,16/05/2007,4,04/06/2007,V093299,V093300,V093301,V093302,,,,,,,,,,,,,,,,,Hatching date estimated 
2075,2007,334,NAG,PIEFL,1,7,,5,40,60,,,,NE,V093010,S,04/06/2007,04/06/2006,2,V093254,I,21/05/2007,21/05/2007,1,07/06/1977,V093350,V093351,V093352,V093353,V093354,,,,,,,,,,,,,,,,Hatching date estimated 
2076,2007,345,NAG,PIEFL,1,6,,4,34,53,,,,NE,V093007,S,25/05/2007,31/05/2006,2,R560102,S,04/06/2003,17/05/2007,4,01/06/2007,V093284,V093285,V093286,V093287,,,,,,,,,,,,,,,,,Hatching date estimated 
2077,2007,352,NAG,PIEFL,1,5,,0,35,,,,,XD,,,,,,,,,,,,,,,,,,,,,,,,,,,,,,,,DESERTED - NOT CLEAR AT WHICH STAGE 
2078,2007,357,NAG,PIEFL,2,4,0,0,65,,,,,ED,,,,,,T020296,S,07/06/2005,11/06/2007,2,,,,,,,,,,,,,,,,,,,,,,Eggs infertile 
2079,2007,358,NAG,PIEFL,1,6,,4,44,63,,,,NE,T020227,R,22/05/2007,03/06/2005,2,T247160,I,07/06/2006,22/05/2007,1,11/06/2007,V093370,V093371,V093372,V093373,,,,,,,,,,,,,,,,,Hatching date estimated 
2080,2007,375,NAG,PIEFL,1,7,,0,31,,,,,JD,T020298,R,23/05/2007,07/06/2005,2,T020169,S,10/06/2004,17/05/2007,3,,,,,,,,,,,,,,,,,,,,,,Hatching date estimated - All young dead by 29/5
2081,2007,428,NAG,PIEFL,2,8,,0,31,,,,,JD,,,,,,V093006,S,23/05/2006,17/05/2007,2,,,,,,,,,,,,,,,,,,,,,,Hatching date estimated - All young dead by 31/5
2082,2007,431,NAG,PIEFL,1,6,,1,44,63,,,,NE,,,,,,V093180,R,09/06/2006,21/05/2007,1,13/06/2007,V093394,V093395,V093396,V093397,,,,,,,,,,,,,,,,,Hatching date estimated - 394/396/397 DIED
2083,2007,434,NAG,PIEFL,1,6,,0,52,,,,,JD,,,,,,V093034,R,05/06/2006,04/06/2007,1,22/06/2007,V093398,V093399,,,,,,,,,,,,,,,,,,,Hatching date estimated - ALL DIED
2084,2007,437,NAG,PIEFL,1,4,0,0,43,,,,,ED,,,,,,,,,,,,,,,,,,,,,,,,,,,,,,,,Deserted
2085,2007,?03,NAG,PIEFL,1,7,,0,52,,,,,JD,,,,,,V093201,R,09/06/2006,04/06/2007,1,,,,,,,,,,,,,,,,,,,,,,Hatching date estimated - All young dead by 26/6
2086,2007,52,NAG,PIEFL,2,2,,0,68,,,,,JD,V093131,R,26/06/2007,08/06/2006,1,T020072,S,08/06/2004,26/06/2007,3,,,,,,,,,,,,,,,,,,,,,,Hatching date estimated - All young dead by 2/7
2087,2007,285,NAG,PIEFL,1,7,,0,32,,,,,JD,V093009,S,24/05/2007,02/06/2006,2,R026319,S,10/06/2002,16/05/2007,5,,,,,,,,,,,,,,,,,,,,,,Hatching date estimated - All youg dead by 1/6
2088,2007,F2,NAG,PIEFL,1,6,,5,44,63,,,,NE,T020052,S,05/06/2007,08/06/2004,3,V093247,I,15/05/2007,15/05/2007,1,11/06/2007,V093384,V093385,V093386,V093387,V093388,,,,,,,,,,,,,,,,Hatching date estimated 
2089,2007,F3,NAG,PIEFL,1,7,,2,35,55,,,3,NE,T020277,R,29/05/2007,06/06/2005,2,T020377,R,13/06/2005,17/05/2007,2,04/06/2007,V093297,V093298,,,,,,,,,,,,,,,,,,,Hatching date estimated 
2090,2007,F5,NAG,PIEFL,1,7,,0,37,,,,,JD,,,,,,V093249,I,17/05/2007,17/05/2007,1,,,,,,,,,,,,,,,,,,,,,,Hatching date estimated - All young dead by 29/5
2091,2007,R11,NAG,PIEFL,1,6,,4,37,56,,,,NE,V093146,R,29/05/2007,08/06/2006,1,V093250,I,17/05/2007,17/05/2007,1,06/06/2007,V093330,V093331,V093332,V093333,,,,,,,,,,,,,,,,,Hatching date estimated 
2092,2007,R4,NAG,PIEFL,1,6,,5,38,57,,,,NE,V093237,R,29/05/2007,12/06/2006,1,V093114,R,07/06/2006,17/05/2007,1,07/06/1977,V093340,V093341,V093342,V093343,V093344,,,,,,,,,,,,,,,,Hatching date estimated 
2093,2007,R5,NAG,PIEFL,1,6,,3,35,54,,,,NE,T020098,S,31/05/2007,09/06/2004,3,V093055,R,06/06/2006,17/05/2007,1,04/06/2007,V093291,V093292,V093293,V093294,V093295,V093296,,,,,,,,,,,,,,,Hatching date estimated - 291/292/296 DIED
2094,2007,R8,NAG,PIEFL,1,5,,2,65,83,,,,NE,V093075,R,26/06/2007,06/06/2006,1,V093006,S,23/05/2006,13/06/2007,2,02/07/2007,V093405,V093406,V093407,V093408,,,,,,,,,,,,,,,,,Hatching date estimated - 406/408 DIED
2095,2008,7,KEN,PIEFL,1,6,,4,43,62,,,,NE,V093410,R,04/06/2008,02/07/2007,1,V093164,S,08/06/2006,22/05/2008,2,09/06/2008,P789466,P789467,P789468,P789469,P789470,P789471,,,,,12.1,12.7,12.4,12.2,12.3,12.2,,,,,Hatching date estimated - 467/470 DIED
2096,2008,13,KEN,PIEFL,1,7,,7,40,60,,,,NE,T020215,S,04/06/2008,02/06/2005,3,V093414,I,22/05/2008,22/05/2008,1,07/06/2008,V093487,V093488,V093489,V093490,V093491,V093492,V093493,,,,12.1,12.7,13.2,13,12.6,13.1,13.7,,,,Hatching date estimated 
2097,2008,19,KEN,PIEFL,1,8,,8,36,57,,,,NE,V093260,S,30/05/2008,24/05/2007,2,T020216,R,02/06/2005,22/05/2008,3,04/06/2008,V093419,V093420,V093421,V093422,V093423,V093424,V093425,V093426,,,12.3,13.5,13.1,12.8,12.2,12.7,9.5,14,,,Hatching date estimated 
2098,2008,23,KEN,PIEFL,1,7,,7,41,60,,,,NE,V093014,R,02/06/2008,05/06/2006,2,V093277,R,31/05/2007,22/05/2008,1,07/06/2008,P789425,P789426,P789427,P789428,P789429,P789430,P789431,,,,12.9,13.4,13.9,13.6,14.5,13.6,14.1,,,,Hatching date estimated 
2099,2008,34,KEN,PIEFL,1,7,,7,38,58,,,,NE,V093046,S,30/05/2008,06/06/2006,2,V093076,S,06/06/2006,27/05/2008,2,04/06/2008,V093427,V093428,V093429,V093430,V093431,V093432,V093433,,,,13.9,14.9,14.4,14.9,14.8,14.5,15,,,,Hatching date estimated 
2100,2008,37,KEN,PIEFL,1,7,,7,40,60,,,,NE,V093418,I,02/06/2008,02/06/2008,1,T020236,S,06/06/2005,22/05/2008,3,07/06/2008,V093494,V093495,V093496,V093497,V093498,V093499,V093500,,,,13.9,14.1,14.3,13.9,14.2,14.1,15,,,,Hatching date estimated 
2101,2008,,LON,PIEFL,1,4,,,,,,,,OU,V093486,I,07/06/2008,07/06/2008,1,V093198,R,09/06/2006,27/05/2008,2,,,,,,,,,,,,,,,,,,,,,,
2102,2008,38,NAG,PIEFL,1,6,6,6,42,61,,,,NE,V202626,I,03/06/2008,09/06/2007,1,V093413,I,21/05/2008,21/05/2008,1,09/06/2008,P789479,P789480,P789481,P789482,P789483,P789484,,,,,11.8,13.5,13.5,11.9,11.6,14.2,,,,,Hatching date estimated 
2103,2008,44,NAG,PIEFL,1,7,5,5,39,59,,,,NE,V093202,R,01/06/2008,09/06/2006,2,V093077,S,06/06/2006,21/05/2008,2,06/06/2008,V093451,V093452,V093453,V093454,V093455,,,,,,12.2,12,10.2,11.9,13.3,,,,,,Hatching date estimated 
2104,2008,50,NAG,PIEFL,1,7,6,4,37,57,,,,NE,T020283,S,30/05/2008,06/06/2005,3,T020196,S,18/05/2005,21/05/2008,4,04/06/2008,V093434,V093435,V093436,V093437,V093438,V093439,,,,,12.9,12.7,11.8,12.9,13,13.2,,,,,Hatching date estimated - (Recorder note 2 Young died)
2105,2008,59,NAG,PIEFL,1,7,6,6,38,58,,,,NE,V093416,I,30/05/2008,30/05/2008,1,V093311,R,05/06/2007,21/05/2008,1,06/06/2008,V093463,V093464,V093465,V093466,V093467,V093468,,,,,14.3,14.6,15.4,15.2,13.7,14.4,,,,,Hatching date estimated 
2106,2008,79,NAG,PIEFL,1,7,6,6,39,59,,,,NE,V093117,R,31/05/2008,08/06/2006,2,V093045,R,06/06/2006,21/05/2008,2,06/06/2008,V093469,V093470,V093471,V093472,V093473,V093474,,,,,13.4,14.6,12,13.1,13.8,13.2,,,,,Hatching date estimated 
2107,2008,109,NAG,PIEFL,1,6,,0,45,,,,,JD,T020052,S,05/06/2008,08/06/2004,4,V093415,I,27/05/2008,27/05/2008,1,,,,,,,,,,,,,,,,,,,,,,Hatching date estimated - All young dead by 13/6
2108,2008,161,NAG,PIEFL,1,7,7,7,42,61,,,,NE,V093094,S,03/06/2008,07/06/2006,2,R560113,S,04/06/2003,22/05/2008,5,09/06/2008,P789472,P789473,P789474,P789475,P789476,P789477,P789478,,,,14.9,14.6,14.4,14.3,12.4,14.2,14,,,,Hatching date estimated 
2109,2008,167,NAG,PIEFL,1,7,7,7,39,59,,,,NE,T020224,S,31/05/2008,03/06/2005,3,V093097,S,07/06/2006,22/05/2008,2,06/06/2008,V093475,V093476,V093477,V093478,V093479,V093480,V093481,,,,13.9,14.1,14.5,14.5,15,15,9.5,,,,Hatching date estimated 
2110,2008,185,NAG,PIEFL,1,8,7,7,39,60,,,,NE,V093126,S,02/06/2008,08/06/2006,2,V093006,S,23/05/2006,21/05/2008,3,07/06/2008,P789437,P789438,P789439,P789440,P789441,P789442,P789443,,,,14,12.4,11.6,10,12.9,12.5,12.8,,,,Hatching date estimated 
2111,2008,212,NAG,PIEFL,1,6,6,6,41,60,,,,NE,V093417,I,02/06/2008,02/06/2008,1,V093180,S,09/06/2006,21/05/2008,2,07/06/2008,P789444,P789445,P789446,P789447,P789448,P789449,,,,,12.4,11.6,12.2,12.5,11.5,12.8,,,,,Hatching date estimated 
2112,2008,215,NAG,PIEFL,1,8,7,7,38,59,,,,NE,V093237,S,31/05/2008,12/06/2006,2,V093150,S,08/06/2006,21/05/2008,2,06/06/2008,V093456,V093457,V093458,V093459,V093460,V093461,V093462,,,,13.5,13,11.9,12.2,12,9.4,12.5,,,,Hatching date estimated 
2113,2008,225,NAG,PIEFL,1,6,4,4,39,58,,,,NE,T020298,S,30/05/2008,07/06/2005,3,V093295,R,04/06/2007,21/05/2008,1,05/06/2008,V093447,V093448,V093449,V093450,,,,,,,13.2,13.6,14.3,13.2,,,,,,,Hatching date estimated 
2114,2008,238,NAG,PIEFL,1,7,6,6,41,61,,,,NE,V093146,S,02/06/2008,08/06/2006,2,V093187,S,09/06/2006,22/05/2008,2,09/06/2008,P789485,P789486,P789487,P789488,P789489,P789490,,,,,13.5,14.2,14.6,14,13.3,13.9,,,,,Hatching date estimated 
2115,2008,285,NAG,PIEFL,1,7,7,7,43,62,,,,NE,V093003,S,04/06/2008,23/05/2006,3,T020296,S,07/06/2005,22/05/2008,3,09/06/2008,P376272,P376273,P376274,P376275,P376276,P376277,P376278,,,,13.9,14.5,13.5,13.8,15.3,12.4,14.8,,,,Hatching date estimated 
2116,2008,306,NAG,PIEFL,1,6,5,5,41,60,,,,NE,R560196,S,01/06/2008,07/06/2003,5,V093082,S,06/06/2006,21/05/2008,2,07/06/2008,P789432,P789433,P789434,P789435,P789436,,,,,,13.7,13.2,13.9,12.7,13.5,,,,,,Hatching date estimated 
2117,2008,315,NAG,PIEFL,1,8,7,5,37,58,,,,NE,R560240,S,30/05/2008,16/06/2003,6,R026109,S,30/05/2002,22/05/2008,6,05/06/2008,V093440,V093441,V093442,V093443,V093444,V093445,V093446,,,,12,13.2,13.8,12.9,12.1,10.1,13.6,,,,Hatching date estimated - 444/445 DIED
2118,2008,320,NAG,PIEFL,1,7,5,5,40,60,,,1,NE,V093202,S,03/06/2008,09/06/2006,2,T020070,S,08/06/2004,21/05/2008,4,09/06/2008,P789461,P789462,P789463,P789464,P789465,,,,,,13.2,13.2,11.6,13.5,12.7,,,,,,Hatching date estimated 
2119,2008,345,NAG,PIEFL,1,7,4,4,38,58,,,1,NE,V093158,R,30/05/2008,08/06/2006,2,V093247,S,15/05/2007,22/05/2008,2,06/06/2008,V093482,V093483,V093484,V093485,,,,,,,11.5,11.7,10.6,12,,,,,,,Hatching date estimated 
2120,2008,360,NAG,PIEFL,1,6,6,6,41,60,,,,NE,V093139,I,03/06/2008,03/06/2008,1,V093283,R,31/05/2007,21/05/2008,1,07/06/2008,P789455,P789456,P789457,P789458,P789459,P789460,,,,,12.5,12.6,12.5,13.8,13.1,13.5,,,,,Hatching date estimated 
2121,2008,410,NAG,PIEFL,1,8,5,0,38,,,,,JD,V093007,S,31/05/2008,31/05/2006,3,V093201,S,09/06/2006,21/05/2008,2,07/06/2008,P789450,P789451,P789452,P789453,P789454,,,,,,12.1,11.4,13.6,12.2,12.5,,,,,,Hatching date estimated - ALL YOUNG DEAD BY 7/6
2122,2008,416,NAG,PIEFL,1,6,0,0,40,,,,,ED,,,,,,V093023,R,05/06/2006,21/05/2008,2,,,,,,,,,,,,,,,,,,,,,,
2123,2008,418,NAG,PIEFL,1,6,6,6,42,61,,,,NE,V093075,S,02/06/2008,06/06/2006,2,V093078,R,06/06/2006,21/05/2008,2,09/06/2008,P789491,P789492,P789493,P789494,P789495,P789496,,,,,13,13.4,14.3,14.9,13,14,,,,,Hatching date estimated 
2124,2009,6,KEN,PIEFL,1,6,6,6,49,68,,,,NE,V093014,S,09/06/2009,05/06/2006,3,V093432,R,04/06/2008,27/05/2009,1,16/06/2009,P376427,P376428,P376429,P376430,P376431,P376432,,,,,13.3,12.9,11.6,13.4,13.2,12.5,,,,,Hatching date estimated 
2125,2009,11,KEN,PIEFL,1,5,5,5,53,80,,,,NE,P376394,I,11/06/2009,11/06/2009,1,P789426,R,07/06/2008,02/06/2009,1,19/06/2009,P376439,P376440,P376441,P376442,P376443,,,,,,12.3,13.1,14,13.6,12.2,,,,,,Hatching date estimated 
2126,2009,13,KEN,PIEFL,1,7,7,7,37,57,,,,NE,V093046,S,03/06/2009,06/06/2006,3,V093023,S,05/06/2006,21/05/2009,3,02/06/2009,P376300,P376301,P376302,P376303,P376304,P376305,P376306,,,,10.3,10,10.6,10.4,10.4,10.2,9.1,,,,Hatching date estimated 
2127,2009,17,KEN,PIEFL,1,6,6,4,36,57,,,,NE,T020215,S,27/05/2009,02/06/2005,4,P376279,I,14/05/2009,14/05/2009,1,03/06/2009,P376321,P376322,P376323,P376324,P376325,P376326,,,,,12.7,13,13,12.3,13.1,12.8,,,,,Hatching date estimated - 324/326 DIED
2128,2009,29,KEN,PIEFL,1,7,6,6,50,80,,,1,NE,P789459,R,11/06/2009,07/06/2008,1,P789477,R,09/06/2008,27/05/2009,1,19/06/2009,P376433,P376434,P376435,P376436,P376437,P376438,,,,,12.2,13,12.9,12.8,13,12.7,,,,,Hatching date estimated - 438 DIED
2129,2009,30,KEN,PIEFL,1,7,7,7,44,64,,,,NE,V093015,R,05/06/2009,05/06/2006,3,V093450,R,05/06/2008,26/05/2009,1,11/06/2009,P376378,P376379,P376380,P376381,P376382,P376383,P376384,,,,10.2,11.8,10.7,10.4,11.7,10.6,11.8,,,,Hatching date estimated 
2130,2009,34,KEN,PIEFL,1,9,,7,39,61,,,,NE,V093418,S,03/06/2009,02/06/2008,2,T020236,S,06/06/2005,26/05/2009,4,11/06/2009,P376385,P376386,P376387,P376388,P376389,P376390,P376391,P376392,P376393,,12.6,11.9,13.5,11.2,11,11.4,11.5,12,13.6,,Hatching date estimated 
2131,2009,50,KEN,PIEFL,1,7,7,7,33,53,,,,NE,P376285,I,27/05/2009,27/05/2009,1,T020216,S,02/06/2005,21/05/2009,4,02/06/2009,P376293,P376294,P376295,P376296,P376297,P376298,P376299,,,,13,12.8,13.2,12.7,13.3,13.4,12.6,,,,Hatching date estimated 
2132,2009,13,NAG,PIEFL,1,7,,3,40,59,,,1,NE,V093021,R,03/06/2009,05/06/2006,3,P376283,I,20/05/2009,20/05/2009,1,08/06/2009,P376363,P376364,P376365,,,,,,,,11,11.1,9.9,,,,,,,,Hatching date estimated - 3 Dead young 
2133,2009,28,NAG,PIEFL,1,7,,6,31,51,,,,NE,,,,,,P376281,I,18/05/2009,18/05/2009,1,29/05/2009,P376286,P376287,P376288,P376289,P376290,P376291,P376292,,,,10.7,11.2,10.8,10.3,10.4,11.5,8.6,,,,Hatching date estimated - 292 DIED
2134,2009,47,NAG,PIEFL,1,7,,0,38,,,,,JD,V093003,S,29/05/2009,23/05/2006,4,T020296,S,07/06/2005,26/05/2009,4,06/06/2009,P376351,P356352,,,,,,,,,12.1,11.9,,,,,,,,,Hatching date estimated - ALL DIED
2135,2009,58,NAG,PIEFL,1,7,7,6,45,65,,,,NE,P376284,I,26/05/2009,26/05/2009,1,P376272,R,09/06/2008,26/05/2009,1,13/06/2009,P376420,P376421,P376422,P376423,P376424,P376425,P376426,,,,12,13.6,13.6,11.7,13.7,12.9,8.5,,,,Hatching date estimated - 426 DIED
2136,2009,96,NAG,PIEFL,2,4,,1,73,90,,,,NE,V093195,R,03/07/2009,09/06/2006,3,V093201,S,09/06/2006,24/06/2009,3,10/07/2009,P376444,P376445,,,,,,,,,11,11.2,,,,,,,,,Hatching date estimated - 445 DIED
2137,2009,99,NAG,PIEFL,1,6,4,4,40,59,,,2,NE,P376282,I,20/05/2009,20/05/2009,1,P376274,I,20/05/2009,20/05/2009,1,06/06/2009,P376353,P376354,P376355,P376356,,,,,,,12.8,11.9,13.3,12.9,,,,,,,Hatching date estimated 
2138,2009,133,NAG,PIEFL,1,7,,0,34,,,,,JD,V093416,S,27/05/2009,30/05/2008,2,P789438,R,07/06/2008,18/05/2009,1,,,,,,,,,,,,,,,,,,,,,,Hatching date estimated - All young dead by 4/6
2139,2009,150,NAG,PIEFL,1,6,,5,44,63,,,,NE,V093202,S,03/06/2009,09/06/2006,3,V093077,S,06/06/2006,29/05/2009,3,11/06/2009,P376395,P376396,P376397,P376398,P376399,,,,,,14.8,14.4,14.3,12.1,14.5,,,,,,Hatching date estimated 
2140,2009,215,NAG,PIEFL,1,8,,5,35,56,,,,NE,V202626,S,28/05/2009,09/06/2007,2,R026109,S,30/05/2002,18/05/2009,7,04/06/2009,P376332,P376333,P376334,P376335,P376336,P376337,P376338,,,,13.3,13.8,12.8,13.4,13,13.2,13.3,,,,Hatching date estimated - 334/338 DIED
2141,2009,225,NAG,PIEFL,1,6,,4,39,58,,,1,NE,P789489,R,03/06/2009,09/06/2008,1,P376280,I,18/05/2009,18/05/2009,1,09/06/2009,P376374,P376375,P376376,P376377,,,,,,,11.5,11.2,12.6,10.3,,,,,,,Hatching date estimated 
2142,2009,240,NAG,PIEFL,1,8,,0,35,,,,,JD,V093178,R,28/05/2009,09/06/2006,3,V093201,S,09/06/2006,18/05/2009,3,03/06/2009,P376307,P376308,P376309,P376310,P376311,P376312,P376313,,,,12.5,11.5,11.1,11.6,12.1,11.7,11.7,,,,Hatching date estimated - ALL DIED
2143,2009,255,NAG,PIEFL,1,7,,0,37,,,,,JD,V093463,R,29/05/2009,06/06/2008,1,V093447,R,05/06/2008,20/05/2009,1,,,,,,,,,,,,,,,,,,,,,,Hatching date estimated - All young dead by 8/6
2144,2009,267,NAG,PIEFL,1,7,,0,40,,,,,JD,T020224,S,03/06/2009,03/06/2005,4,V093187,S,09/06/2006,20/05/2009,3,,,,,,,,,,,,,,,,,,,,,,Hatching date estimated - All young dead by 8/6
2145,2009,294,NAG,PIEFL,1,9,8,8,37,59,,,1,NE,V093003,S,04/06/2009,23/05/2006,4,V093006,S,23/05/2006,21/05/2009,4,09/06/2009,P376366,P376367,P376368,P376369,P376370,P376371,P376372,P376373,,,11.5,10.6,12.7,11.9,12.8,12.4,11.5,9.6,,,Hatching date estimated 
2146,2009,310,NAG,PIEFL,1,7,7,7,48,,,,,NE,T020283,S,26/05/2009,06/06/2005,4,T020196,S,18/05/2005,18/05/2009,5,03/06/2009,P376314,P376315,P376316,P376317,P376318,P376319,P376320,,,,12.3,12.4,12.9,12.1,13.6,14.1,14,,,,
2147,2009,316,NAG,PIEFL,1,6,5,5,48,,,,1,NE,V093237,S,27/05/2009,12/06/2006,3,V093045,S,06/06/2006,18/05/2009,3,04/06/2009,P376327,P376328,P376329,P376330,P376331,,,,,,12.9,12,12.8,12.4,12.5,,,,,,
2148,2009,356,NAG,PIEFL,1,8,,7,41,62,,,,NE,V093448,R,03/06/2009,05/06/2008,1,V093097,S,07/06/2006,20/05/2009,3,11/06/2009,P376413,P376414,P376415,P376416,P376417,P376418,P376419,,,,14.7,13.5,13.8,14.3,14,14.1,14.8,,,,Hatching date estimated 
2149,2009,360,NAG,PIEFL,1,6,,1,37,56,,,,NE,V093146,S,28/05/2009,08/06/2006,3,V093283,S,31/05/2007,20/05/2009,2,04/06/2009,P376339,P376340,P376341,P376342,P376343,,,,,,13.2,14.3,13.6,13.9,13.8,,,,,,Hatching date estimated - 339/341/342/343 DIED
2150,2009,405,NAG,PIEFL,1,7,7,7,43,63,,,,NE,P789434,R,03/06/2009,07/06/2008,1,V093295,S,04/06/2007,20/05/2009,2,11/06/2009,P376406,P376407,P376408,P376409,P376410,P376411,P376412,,,,13.7,12.8,14.3,13,13.1,13.3,13.9,,,,Hatching date estimated 
2151,2009,430,NAG,PIEFL,1,7,7,7,37,56,,,,NE,V093007,S,29/05/2009,31/05/2006,4,V093180,S,09/06/2006,18/05/2009,3,04/06/2009,P376344,P376345,P376346,P376347,P376348,P376349,P376350,,,,12,12.7,12.7,12.6,11.8,11.6,12.7,,,,Hatching date estimated 
2152,2009,435,NAG,PIEFL,1,6,6,6,39,58,,,,NE,V093417,S,03/06/2009,02/06/2008,2,V093311,S,05/06/2007,20/05/2009,2,06/06/2009,P376357,P376358,P376359,P376360,P376361,P376362,,,,,14.1,14,13.8,13.7,13.2,13.3,,,,,Hatching date estimated 
2153,2009,439,NAG,PIEFL,1,,0,0,54,,,,,ED,,,,,,,,,,,,,,,,,,,,,,,,,,,,,,,,Deserted by 27/5
2154,2009,R3,NAG,PIEFL,1,7,,5,41,61,,,,NE,V093158,S,03/06/2009,08/06/2006,3,V093437,R,04/06/2008,20/05/2009,1,11/06/2009,P376400,P376401,P376402,P376403,P376404,P376405,,,,,12.2,13.1,12.6,11.8,12.9,8.2,,,,,Hatching date estimated - 405 DIED
2155,2010,BLUE,CAN ,PIEFL,1,7,,7,,,,,,NE,V093182,R,09/06/2010,09/06/2006,4,R026397,I,09/06/2010,09/06/2010,1,09/06/2010,R026398,R026399,R026400,R026401,R026402,R026403,R026404,,,,13.9,14.3,14.1,13.8,14,14.4,13.7,,,,Hatching date estimated 
2156,2010,11,KEN,PIEFL,1,7,,6,37,57,,,,NE,P376394,S,03/06/2010,11/06/2009,2,P376279,S,14/05/2009,20/05/2010,2,07/06/2010,R026359,R026360,R026361,R026362,R026363,R026364,,,,,14.3,15.7,14.6,15.2,15.6,14.4,,,,,Hatching date estimated 
2157,2010,13,KEN,PIEFL,1,7,7,7,39,59,,,,NE,V093467,R,03/06/2010,06/06/2008,3,P376447,I,24/05/2010,24/05/2010,1,07/06/2010,R026365,R026366,R026367,R026368,R026369,R026370,R026371,,,,13.6,13.3,13.5,13.4,13.1,13.2,13.4,,,,Hatching date estimated 
2158,2010,18,KEN,PIEFL,1,7,7,7,41,61,,,,NE,P376285,S,03/06/2010,27/05/2009,2,P376317,R,03/06/2009,20/05/2010,1,09/06/2010,R026390,R026391,R026392,R026393,R026394,R026395,R026396,,,,13.9,13.2,14.4,13.5,13.8,13.4,12.8,,,,Hatching date estimated 
2159,2010,23,KEN,PIEFL,1,7,7,7,46,66,,,,NE,P789459,S,09/06/2010,07/06/2008,2,P376417,R,11/06/2009,27/05/2010,1,15/06/2010,R026473,R026474,R026475,R026476,R026477,R026478,R026479,,,,13.3,14.1,13.6,14.5,14.6,13.8,13.3,,,,Hatching date estimated 
2160,2010,39,KEN,PIEFL,1,8,8,8,42,63,,,,NE,V093433,R,07/06/2010,04/06/2008,2,P376448,I,24/05/2010,24/05/2010,1,11/06/2010,R026439,R026440,R026441,R026442,R026443,R026444,R026445,R026446,,,14,14.5,14.8,14.2,14.8,14.3,14.8,14.5,,,Hatching date estimated 
2161,2010,45,KEN,PIEFL,1,6,6,6,39,58,,,,NE,P376462,I,04/06/2010,04/06/2010,1,P376354,R,06/06/2009,24/05/2010,1,07/06/2010,R026378,R026379,R026380,R026381,R026382,R026383,,,,,13.7,13.3,14,13.5,12.6,12.7,,,,,Hatching date estimated 
2162,2010,47,KEN,PIEFL,1,6,6,6,39,58,,,,NE,P376461,I,04/06/2010,04/06/2010,1,V093455,R,06/06/2008,24/05/2010,2,07/06/2010,R026372,R026373,R026374,R026375,R026376,R026377,,,,,14.3,14.6,14.5,14.5,14.6,14.9,,,,,Hatching date estimated 
2163,2010,32,NAG,PIEFL,1,6,6,6,37,56,,,,NE,P376451,I,31/05/2010,31/05/2010,1,V093105,R,07/06/2006,21/05/2010,4,07/06/2010,P376489,P376490,P376491,P376492,P376493,P376494,,,,,13.4,13.2,13.5,13.4,14,13.8,,,,,Hatching date estimated 
2164,2010,39,NAG,PIEFL,1,8,,5,45,65,,,2,NE,T020283,S,10/06/2010,06/06/2005,5,P376438,R,19/06/2009,28/05/2010,1,14/06/2010,R026447,R026448,R026449,R026450,R026451,,,,,,11.1,12.9,12.4,12.2,10.1,,,,,,Hatching date estimated - 448/451 DIED
2165,2010,42,NAG,PIEFL,1,6,6,6,37,56,,,,NE,T020283,S,31/05/2010,06/06/2005,5,T020196,S,18/05/2005,21/05/2010,6,04/06/2010,P376463,P376464,P376465,P376466,P376467,P376468,,,,,13.9,12.9,13.5,13,14,14,,,,,Hatching date estimated 
2166,2010,49,NAG,PIEFL,1,7,7,7,36,56,,,,NE,P376450,I,31/05/2010,31/05/2010,1,P376283,S,20/05/2009,19/05/2010,2,07/06/2010,P376476,P376477,P376478,P376479,P376480,P376481,P376482,,,,13.7,14.1,14,13.5,14.6,13.5,13.1,,,,Hatching date estimated 
2167,2010,51,NAG,PIEFL,1,6,6,6,38,57,,,,NE,V202626,S,31/05/2010,09/06/2007,3,P376272,S,09/06/2008,19/05/2010,2,07/06/2010,P376483,P376484,P376485,P376486,P376487,P376488,,,,,13.8,14.5,13.5,14,14.1,14.2,,,,,Hatching date estimated 
2168,2010,356,NAG,PIEFL,1,6,6,6,42,60,,,,NE,V093417,S,03/06/2010,02/06/2008,3,V093045,S,06/06/2006,21/05/2010,4,11/06/2010,R026433,R026434,R026435,R026436,R026437,R026438,,,,,14.7,14.6,14.7,14.5,15,13.6,,,,,Hatching date estimated 
2169,2010,79,NAG,PIEFL,1,7,7,7,45,64,,,,NE,P376284,S,07/06/2010,26/05/2009,2,V093097,S,07/06/2006,24/05/2010,4,14/06/2010,R026452,R026453,R026454,R026455,R026456,R026457,R026458,,,,14.5,13.3,14.2,13.9,13.2,14,13.4,,,,Hatching date estimated 
2170,2010,282,NAG,PIEFL,1,7,7,7,36,56,,,,NE,P376275,R,31/05/2010,09/06/2008,2,T020296,S,07/06/2005,19/05/2010,5,07/06/2010,P376469,P376470,P376471,P376472,P376473,P376474,P376475,,,,13.7,13.3,13,13.8,12.6,13.6,13.5,,,,Hatching date estimated 
2171,2010,83,NAG,PIEFL,1,7,,0,42,,,,,JD,,,,,,P376434,R,19/06/2009,24/05/2010,1,,,,,,,,,,,,,,,,,,,,,,Hatching date estimated - Dead by 14/6
2172,2010,224,NAG,PIEFL,1,7,,5,42,62,,,1,NE,P376442,R,05/06/2010,19/06/2009,1,P376430,R,16/06/2009,24/05/2010,1,11/06/2010,R026405,R026406,R026407,R026408,R026409,,,,,,13.8,13.4,12.7,13.4,12.9,,,,,,Hatching date estimated 
2173,2010,240,NAG,PIEFL,1,7,7,7,39,59,,,,NE,V093146,S,03/06/2010,08/06/2006,4,V093187,S,09/06/2006,21/05/2010,4,11/06/2010,R026415,R026416,R026417,R026418,R026419,R026420,R026421,,,,13.1,13.1,13.5,13.1,13.1,13.1,13,,,,Hatching date estimated 
2174,2010,250,NAG,PIEFL,1,7,7,7,33,53,,,,NE,T020224,S,27/05/2010,03/06/2005,5,P376281,S,18/05/2009,19/05/2010,2,03/06/2010,P376454,P376455,P376456,P376457,P376458,P376459,P376460,,,,14.2,12.9,13.3,13.9,13.4,12.4,13.6,,,,Hatching date estimated 
2175,2010,342,NAG,PIEFL,1,8,,6,37,57,,,1,NE,P376452,I,03/06/2010,03/06/2010,1,P376446,I,19/05/2010,19/05/2010,1,07/06/2010,P376495,P376496,P376497,P376498,P376499,P376500,,,,,13.6,13.9,14.1,13.5,14.2,14.3,,,,,Hatching date estimated 
2176,2010,345,NAG,PIEFL,1,6,6,0,41,,,,,JP,,,,,,P376329,R,04/06/2009,24/05/2010,1,11/06/2010,R026410,R026411,R026412,R026413,R026414,,,,,,10,10.9,11,10.9,10,,,,,,Hatching date estimated - Predated by 14/6
2177,2010,412,NAG,PIEFL,1,6,6,6,41,60,,,,NE,P789489,S,05/06/2010,09/06/2008,2,P789438,S,07/06/2008,21/05/2010,2,11/06/2010,R026427,R026428,R026429,R026430,R026431,R026432,,,,,13.6,14.2,13.7,13.7,13.5,13,,,,,Hatching date estimated 
2178,2010,416,NAG,PIEFL,1,7,,5,41,61,,,1,NE,P789489,S,05/06/2010,09/06/2008,2,V093295,S,04/06/2007,21/05/2010,3,11/06/2010,R026422,R026423,R026424,R026425,R026426,,,,,,11.4,13.7,12.6,12.8,13.1,,,,,,Hatching date estimated 
2179,2010,422,NAG,PIEFL,1,7,6,6,39,59,,,1,NE,P789434,S,03/06/2010,07/06/2008,2,V093468,R,06/06/2008,21/05/2010,2,08/06/2010,R026384,R026385,R026386,R026387,R026388,R026389,,,,,13.8,14.4,14.5,13.5,13.8,12.4,,,,,Hatching date estimated 
2180,2010,431,NAG,PIEFL,1,7,7,7,37,57,,,,NE,P376453,I,03/06/2010,03/06/2010,1,V093311,S,05/06/2007,19/05/2010,3,07/06/2010,R026351,R026352,R026353,R026354,R026355,R026356,R026357,,,,13.9,14.6,13.8,13,13.6,13.9,13.5,,,,Hatching date estimated 
2181,2010,436,NAG,PIEFL,1,6,6,6,44,63,,,,NE,V093417,S,07/06/2010,02/06/2008,3,V093432,S,04/06/2008,24/05/2010,2,14/06/2010,R026467,R026468,R026469,R026470,R026471,R026472,,,,,15,15,14.1,15.5,15.1,15.4,,,,,Hatching date estimated 
2182,2010,R15,NAG,PIEFL,1,8,8,6,46,66,,,,NE,V093007,S,10/06/2010,31/05/2006,5,P376409,R,11/06/2009,26/05/2010,1,16/06/2010,R026480,R026481,R026482,R026483,R026484,R026485,,,,,11.1,9.4,10.6,9.7,9.3,11.4,,,,,Hatching date estimated - 6 young fledged + 2 dead chicks  
2183,2010,R3,NAG,PIEFL,1,8,8,8,42,63,,,,NE,R026358,I,07/06/2010,07/06/2010,1,V093006,I,09/06/2010,09/06/2010,1,14/06/2010,R026459,R026460,R026461,R026462,R026463,R026464,R026465,R026466,,,13.1,12.7,12.7,13,11.9,13.5,12.8,12.4,,,Hatching date estimated 
2184,2010,R8,NAG,PIEFL,1,8,,7,48,68,,,,NE,V093448,S,14/06/2010,05/06/2008,2,P376449,I,26/05/2010,26/05/2010,1,18/06/2010,R026486,R026487,R026488,R026489,R026490,R026491,R026492,,,,13.5,12.8,12.7,12.5,13,13,12.1,,,,Hatching date estimated 
2185,2011,3,DEA,PIEFL,1,7,,4,40,60,,,,NE,P789455,R,02/06/2011,07/06/2008,3,R026454,R,14/06/2010,20/05/2011,1,07/06/2011,T020491,T020492,T020493,T020494,T020495,T020496,,,,,11.7,12.1,11.6,11.2,11.1,11.6,,,,,Hatching date estimated - 491/495 DIED
2186,2011,1,KEN,PIEFL,1,8,8,5,28,50,,,,NE,V602318,I,20/05/2011,25/05/2009,2,P376279,S,14/05/2009,03/05/2011,3,28/05/2011,T020416,T020417,T020418,T020419,T020420,T020421,T020422,T020423,,,12.2,12,12,11.7,11.4,12.5,12.2,12.3,,,Hatching date estimated - 419/420/421 DIED
2187,2011,4,KEN,PIEFL,1,8,8,8,28,49,,,,NE,T020400,I,20/05/2011,20/05/2011,1,T020395,I,10/05/2011,10/05/2011,1,28/05/2011,R026493,R026494,R026495,R026496,R026497,R026498,R026499,R026500,,,11.4,11.9,12.5,13,12.1,12.4,10.2,12.7,,,Hatching date estimated 
2188,2011,10,KEN,PIEFL,1,7,,4,27,48,,,,NE,P376297,R,20/05/2011,02/06/2009,2,T020216,S,02/06/2005,10/05/2011,6,28/05/2011,T020430,T020431,T020432,T020433,,,,,,,10.5,10.1,10.7,10.2,,,,,,,Hatching date estimated 
2189,2011,13,KEN,PIEFL,1,7,,4,24,54,,,1,NE,V093433,S,24/05/2011,04/06/2008,3,P376486,R,07/06/2010,10/05/2011,1,02/06/2011,T020486,T020487,T020488,T020489,,,,,,,15,13.8,14.5,14.7,,,,,,,Hatching date estimated 
2190,2011,18,KEN,PIEFL,1,6,,3,46,65,,,,NE,P376488,R,07/06/2011,07/06/2011,2,P376447,S,24/05/2010,28/05/2011,2,13/06/2011,R560295,R560296,R560297,R560298,R560299,,,,,,12.7,12.3,13.5,13.1,12.9,,,,,,Hatching date estimated - 295/296 DIED
2191,2011,20,KEN,PIEFL,1,7,6,6,27,48,,,,NE,P376394,S,20/05/2011,11/06/2009,3,P376446,S,19/05/2010,03/05/2011,2,28/05/2011,T020424,T020425,T020426,T020427,T020428,T020429,,,,,13.6,13,13.7,14.4,13,13.2,,,,,Hatching date estimated 
2192,2011,21,KEN,PIEFL,1,8,8,8,30,52,,,,NE,P376285,S,20/05/2011,27/05/2009,3,P376381,R,11/06/2009,10/05/2011,2,28/05/2011,T020440,T020441,T020442,T020443,T020444,T020445,T020446,T020447,,,11.6,11.5,12.4,12.5,12.8,12.4,11.8,12,,,Hatching date estimated 
2193,2011,22,KEN,PIEFL,1,7,6,6,27,48,,,1,NE,P376462,S,20/05/2011,04/06/2010,2,T020396,I,10/05/2011,10/05/2011,1,28/05/2011,T020434,T020435,T020436,T020437,T020438,T020439,,,,,13.9,14.2,13.6,14.4,14,13.8,,,,,Hatching date estimated 
2194,2011,45,KEN,PIEFL,1,5,,4,57,75,,,,NE,P376437,R,16/06/2011,19/06/2009,2,P789477,S,09/06/2008,02/06/2011,3,22/06/2011,R560300,R560301,R560302,R560303,,,,,,,11.9,,,,,,,,,,Hatching date estimated 
2195,2011,28,NAG,PIEFL,1,7,7,2,39,60,,,,NE,P376424,R,03/06/2011,13/06/2009,2,R026469,R,14/06/2010,17/05/2011,1,08/06/2011,R560260,R560261,R560262,R560263,R560264,R560265,R560266,,,,14,14.3,14.5,13.9,14.4,14,13.7,,,,Hatching date estimated - 260-263/265 DIED
2196,2011,39,NAG,PIEFL,1,7,6,3,35,,,,1,NE,V093417,S,26/05/2011,02/06/2008,4,V093045,S,06/06/2006,16/05/2011,5,31/05/2011,T020463,T020464,T020465,,,,,,,,10.1,10,10.3,,,,,,,,
2197,2011,50,NAG,PIEFL,1,6,0,0,28,,,,,ED,,,,,,,,,,,,,,,,,,,,,,,,,,,,,,,,Nest deserted 
2198,2011,54,NAG,PIEFL,1,7,,4,43,63,,,,NE,P376336,R,02/06/2011,04/06/2009,2,R026388,R,08/06/2010,24/05/2011,1,10/06/2011,T020497,T020498,T020499,T020500,,,,,,,11.7,15.4,12,15.5,,,,,,,Hatching date estimated 
2199,2011,104,NAG,PIEFL,1,7,,5,26,47,,,1,NE,P376452,S,20/05/2011,03/06/2010,2,P376407,R,11/06/2009,16/05/2011,2,27/05/2011,T020411,T020412,T020413,T020414,T020415,,,,,,14.1,13.6,14,13.7,14.6,,,,,,Hatching date estimated 
2200,2011,105,NAG,PIEFL,1,7,5,5,29,50,,,2,NE,P376350,R,23/05/2011,04/06/2009,2,R026468,R,14/06/2010,16/05/2011,1,28/05/2011,T020448,T020449,T020450,T020451,T020452,,,,,,11.2,12.5,12.4,11.5,12,,,,,,Hatching date estimated 
2201,2011,148,NAG,PIEFL,1,7,,0,27,,,,,JD,V202626,S,19/05/2011,09/06/2007,4,T020394,I,09/05/2011,09/05/2011,1,,,,,,,,,,,,,,,,,,,,,,Hatching date estimated - All young dead by 24/5
2202,2011,182,NAG,PIEFL,1,7,,5,29,50,,,,NE,P376368,R,23/05/2011,09/06/2009,2,R026476,R,15/06/2010,16/05/2011,1,28/05/2011,T020453,T020454,T020455,T020456,T020457,,,,,,11.6,11,10.3,11.4,11.1,,,,,,Hatching date estimated 
2203,2011,200,NAG,PIEFL,1,7,,5,31,52,,,,NE,R026429,R,23/05/2011,11/06/2010,1,V093097,S,07/06/2006,16/05/2011,5,31/05/2011,T020481,T020482,T020483,T020484,T020485,,,,,,,,,,,,,,,,Hatching date estimated 
2204,2011,209,NAG,PIEFL,2,6,,4,43,63,,,,NE,P376356,R,04/06/2011,06/06/2009,2,R026420,R,11/06/2010,17/05/2011,1,10/06/2011,R560291,R560292,R560293,R560294,,,,,,,13.7,13.9,14.5,10.8,,,,,,,Hatching date estimated 
2205,2011,222,NAG,PIEFL,1,7,,6,28,39,,,,NE,P376406,R,23/05/2011,11/06/2009,2,T020398,I,16/05/2011,16/05/2011,1,27/05/2011,T020405,T020406,T020407,T020408,T020409,T020410,,,,,11.3,12.1,11.6,11,13.4,12.7,,,,,Hatching date estimated 
2206,2011,239,NAG,PIEFL,1,7,,6,42,62,,,,NE,P376457,R,25/05/2011,03/06/2010,1,T020402,I,25/05/2011,25/05/2011,1,08/06/2011,R560272,R560273,R560274,R560275,R560276,R560277,,,,,13.6,15.7,12.9,15,15,14.6,,,,,Hatching date estimated 
2207,2011,240,NAG,PIEFL,1,7,,6,31,51,,,,NE,T020401,I,23/05/2011,23/05/2011,1,T020399,I,16/05/2011,16/05/2011,1,31/05/2011,T020472,T020473,T020474,T020475,T020476,T020477,,,,,,,,,,,,,,,Hatching date estimated 
2208,2011,248,NAG,PIEFL,1,7,,1,27,38,,,,NE,P376422,R,20/05/2011,13/06/2009,2,T020397,I,12/05/2011,12/05/2011,1,26/05/2011,T020404,,,,,,,,,,13.4,,,,,,,,,,Hatching date estimated 
2209,2011,250,NAG,PIEFL,1,7,,1,32,53,,,,NE,P376356,S,26/05/2011,06/06/2009,2,P376492,R,07/06/2010,09/05/2011,1,03/06/2011,T020490,,,,,,,,,,13.6,,,,,,,,,,Hatching date estimated 
2210,2011,311,NAG,PIEFL,1,8,,0,35,,,,,JD,,,,,,P376283,S,20/05/2009,16/05/2011,3,,,,,,,,,,,,,,,,,,,,,,Hatching date estimated - All young dead by 31/5 
2211,2011,313,NAG,PIEFL,1,6,,0,43,,,,,JD,P376412,R,03/06/2011,11/06/2009,2,P376477,R,07/06/2010,23/05/2011,1,,,,,,,,,,,,,,,,,,,,,,Hatching date estimated - All young dead by 13/6 
2212,2011,336,NAG,PIEFL,1,6,6,3,40,60,,,,NE,P376484,R,03/06/2011,07/06/2010,1,R026422,R,11/06/2010,19/05/2011,1,08/06/2011,R560267,R560268,R560269,R560270,R560271,,,,,,14,12.4,14.2,12,14.5,,,,,,Hatching date estimated - 268/269 DIED
2213,2011,353,NAG,PIEFL,1,7,7,6,39,60,,,,NE,P376399,R,03/06/2011,11/06/2009,2,P376491,R,07/06/2010,29/05/2011,1,08/06/2011,R560284,R560285,R560286,R560287,R560288,R560289,R560290,,,,11.6,12.2,13.4,14.3,14.2,14.9,13.1,,,,Hatching date estimated - 286 DIED
2214,2011,402,NAG,PIEFL,1,4,4,4,61,78,,,,NE,V093448,S,21/06/2011,05/06/2008,3,P376489,R,07/06/2010,08/06/2011,1,26/06/2011,R560304,R560305,R560306,R560307,,,,,,,,,,,,,,,,,Hatching date estimated 
2215,2011,413,NAG,PIEFL,1,7,,3,32,52,,,,NE,P376372,R,25/05/2011,09/06/2009,2,P376430,S,16/06/2009,16/05/2011,2,31/05/2011,T020478,T020479,T020480,,,,,,,,,,,,,,,,,,Hatching date estimated 
2216,2011,430,NAG,PIEFL,1,8,,6,31,52,,,,NE,V093146,S,27/05/2011,08/06/2006,5,V093187,S,09/06/2006,20/05/2011,5,31/05/2011,T020466,T020467,T020468,T020469,T020470,T020471,,,,,,,,,,,,,,,Hatching date estimated 
2217,2011,436,NAG,PIEFL,1,8,,6,37,59,,,,NE,R026361,R,31/05/2011,07/06/2010,1,T020403,I,25/05/2011,25/05/2011,1,08/06/2011,R560278,R560279,R560280,R560281,R560282,R560283,,,,,13.5,14.9,14.3,14,12.8,14.1,,,,,Hatching date estimated 
2218,2011,??6,NAG,PIEFL,1,7,,0,41,,,,,JD,P376321,R,03/06/2011,03/06/2009,2,P376449,S,26/05/2010,25/05/2011,2,,,,,,,,,,,,,,,,,,,,,,Hatching date estimated - All young dead by 10/6 (Aphid Trap)
2219,2011,??7,NAG,PIEFL,1,5,,0,50,,,,,JD,,,,,,P376402,R,11/06/2009,25/05/2011,2,,,,,,,,,,,,,,,,,,,,,,Hatching date estimated - All young dead by 13/6
2220,2011,??7,NAG,PIEFL,1,5,2,0,43,,,,3,JD,,,,,,P376490,R,07/06/2010,25/05/2011,1,,,,,,,,,,,,,,,,,,,,,,Hatching date estimated - 2 Young and 3 eggs dead by 8/6
2221,2011,?52,NAG,PIEFL,1,,0,0,58,,,,2,ED,,,,,,,,,,,,,,,,,,,,,,,,,,,,,,,,Deserted - 2 eggs 
2222,2011,9,NAG,PIEFL,1,,0,0,37,,,,3,ED,,,,,,,,,,,,,,,,,,,,,,,,,,,,,,,,Deserted
2223,2011,R9,NAG,PIEFL,1,7,,5,31,51,,,1,NE,P789434,S,25/05/2011,07/06/2008,3,V093105,S,07/06/2006,10/05/2011,5,29/05/2011,T020458,T020459,T020460,T020461,T020462,,,,,,12.2,11.5,10.8,11.6,11.9,,,,,,Hatching date estimated 
2224,2012,4,KEN,PIEFL,1,8,,7,36,57,,,,NE,R026444,R,30/05/2012,11/06/2010,2,P376317,S,03/06/2009,25/05/2012,3,05/06/2012,R560327,R560328,R560329,R560330,R560331,R560332,R560333,,,,13.5,14.2,14.3,14,13.8,14.1,13.1,,,,Hatching date estimated 
2225,2012,8,KEN,PIEFL,1,6,5,5,36,55,,,1,NE,R560318,I,01/06/2012,01/06/2012,1,R560308,I,17/05/2012,17/05/2012,1,01/06/2012,R560319,R560320,R560321,R560322,R560323,,,,,,12,12.7,13.1,12.2,12.3,,,,,,Hatching date estimated 
2226,2012,13,KEN,PIEFL,1,7,,7,36,56,,,,NE,R560316,I,30/05/2012,30/05/2012,1,P376279,S,14/05/2009,18/05/2012,4,05/06/2012,R560334,R560335,R560336,R560337,R560338,R560339,R560340,,,,13.6,13.2,13.7,12.8,14.4,12.5,13,,,,Hatching date estimated 
2227,2012,20,KEN,PIEFL,1,7,,0,48,,,,,JD,,,,,,P376417,S,11/06/2009,30/05/2012,3,,,,,,,,,,,,,,,,,,,,,,Hatching date estimated - All dead by 13/6 
2228,2012,23,KEN,PIEFL,1,8,8,8,36,57,,,,NE,V602318,S,30/05/2012,25/05/2009,3,P376447,S,24/05/2010,25/05/2012,3,05/06/2012,R560341,R560342,R560343,R560344,R560345,R560346,R560347,R560348,,,12.4,13.7,12.8,13.6,13.9,12.8,14.4,13.7,,,Hatching date estimated 
2229,2012,35,KEN,PIEFL,1,8,,7,44,65,,,,NE,R026378,R,08/06/2012,07/06/2010,2,P789477,S,09/06/2008,25/05/2012,4,13/06/2012,R560486,R560487,R560488,R560489,R560490,R560491,R560492,,,,13.4,14,11.1,13,12.5,13.3,13.5,,,,Hatching date estimated 
2230,2012,37,KEN,PIEFL,1,6,5,5,38,57,,,1,NE,R560317,I,30/05/2012,30/05/2012,1,T020216,S,02/06/2005,25/05/2012,7,05/06/2012,R560349,R560350,R560351,R560352,R560353,,,,,,12.6,12,12.2,12.3,12.5,,,,,,Hatching date estimated 
2231,2012,47,KEN,PIEFL,1,8,,7,38,69,,,,NE,R560324,I,01/06/2012,01/06/2012,1,R560310,I,25/05/2012,25/05/2012,1,08/06/2012,R560380,R560381,R560382,R560383,R560384,R560385,R560386,,,,14.6,14,14.5,14.2,14.2,14.3,14.1,,,,Hatching date estimated 
2232,2012,13,NAG,PIEFL,1,7,7,6,42,62,,,,NE,,,,,,P376477,S,07/06/2010,29/05/2012,2,09/06/2012,R560387,R560388,R560389,R560390,R560391,R560392,R560393,,,,11.9,11.3,10.4,10.5,7.1,12,11.4,,,,Hatching date estimated - 391 DIED
2233,2012,24,NAG,PIEFL,1,8,8,8,40,61,,,,NE,P376424,S,04/06/2012,13/06/2009,3,R026388,S,08/06/2010,29/05/2012,2,09/06/2012,R560394,R560395,R560396,R560397,R560398,R560399,R560400,R560401,,,13.6,10,11.9,12,13.1,11.6,11,11,,,Hatching date estimated 
2234,2012,28,NAG,PIEFL,1,6,,3,47,66,,,,NE,R560402,I,09/06/2012,09/06/2012,1,V209990,I,06/06/2011,29/05/2012,1,12/06/2012,R560479,R560480,R560481,,,,,,,,12.9,13,10,,,,,,,,Hatching date estimated 
2235,2012,39,NAG,PIEFL,1,6,,5,44,63,,,,NE,P376450,S,06/06/2012,31/05/2012,3,P376490,S,07/06/2010,29/05/2012,2,10/06/2012,R560435,R560436,R560437,R560438,R560439,,,,,,14,13.6,13.5,12.6,13.1,,,,,,Hatching date estimated 
2236,2012,108,NAG,PIEFL,1,7,,6,44,64,,,,NE,R560312,I,28/05/2012,28/05/2012,1,R026493,R,28/05/2011,28/05/2012,1,10/06/2012,R560454,R560455,R560456,R560457,R560458,R560459,,,,,12.8,11.6,13,12.9,12.9,13.2,,,,,Hatching date estimated 
2237,2012,118,NAG,PIEFL,1,7,,3,43,63,,,2,NE,P376457,S,04/06/2012,03/06/2010,2,P376449,S,26/05/2010,28/05/2012,3,10/06/2012,R560440,R560441,R560442,,,,,,,,12.9,14.4,14.1,,,,,,,,Hatching date estimated 
2238,2012,123,NAG,PIEFL,1,6,6,6,40,59,,,,NE,R560325,I,04/06/2012,04/06/2012,1,P376489,S,07/06/2010,22/05/2012,2,07/06/2012,R560354,R560355,R560356,R560357,R560358,R560359,,,,,13.2,13.2,13,12.7,13.6,12.9,,,,,Hatching date estimated 
2239,2012,170,NAG,PIEFL,1,7,6,6,49,69,,,1,NE,R026460,R,12/06/2012,14/06/2010,2,V093105,S,07/06/2006,29/05/2012,6,17/06/2012,Y991506,Y991507,Y991508,Y991509,Y991510,Y991511,,,,,12,12.5,12.3,13.9,13.1,12.8,,,,,Hatching date estimated 
2240,2012,182,NAG,PIEFL,1,7,7,7,39,59,,,,NE,R026429,S,02/06/2012,11/06/2010,2,T020398,S,16/05/2011,29/05/2012,2,07/06/2012,R560360,R560361,R560362,R560363,R560364,R560365,R560366,,,,13.5,13.4,14.1,13.9,12.5,13.9,13.7,,,,Hatching date estimated 
2241,2012,187,NAG,PIEFL,1,6,,5,42,61,,,,NE,V093417,S,04/06/2012,02/06/2008,5,V093045,S,06/06/2006,29/05/2012,6,09/06/2012,R560423,R560424,R560425,R560426,R560427,,,,,,14.4,14.8,15.6,15,14.5,,,,,,Hatching date estimated 
2242,2012,227,NAG,PIEFL,1,7,6,6,43,63,,,1,NE,R560326,I,04/06/2012,04/06/2012,1,R026480,R,16/06/2010,28/05/2012,2,10/06/2012,R560448,R560449,R560450,R560451,R560452,R560453,,,,,13.5,12.6,13.4,13.4,13.5,14.6,,,,,Hatching date estimated 
2243,2012,238,NAG,PIEFL,1,7,7,7,40,60,,,,NE,V602370,I,02/06/2012,04/06/2010,2,P376407,S,11/06/2009,28/05/2012,2,07/06/2012,R560367,R560368,R560369,R560370,R560371,R560372,R560373,,,,12.7,13.9,13.2,13.1,13.5,11.5,13,,,,Hatching date estimated 
2244,2012,240,NAG,PIEFL,1,6,6,6,41,60,,,,NE,T020401,S,02/06/2012,23/05/2011,2,T020474,R,31/05/2011,28/05/2012,1,07/06/2012,R560374,R560375,R560376,R560377,R560378,R560379,,,,,12.5,12.2,11.9,12.4,12.1,12.3,,,,,Hatching date estimated 
2245,2012,248,NAG,PIEFL,1,7,7,4,42,62,,,,NE,P376356,S,06/06/2012,06/06/2009,3,R560314,I,29/05/2012,29/05/2012,1,09/06/2012,R560403,R560404,R560405,R560406,R560407,R560408,R560409,,,,11.8,10.2,10,12.1,9.4,10.9,9.6,,,,Hatching date estimated - 405/407/409 DIED
2246,2012,267,NAG,PIEFL,1,6,,2,47,66,,,,NE,,,,,,T020462,R,29/05/2011,29/05/2012,1,14/06/2012,R560493,R560494,R560495,R560496,,,,,,,10.3,9.6,7.7,9.4,,,,,,,Hatching date estimated - 494/495 DIED
2247,2012,285,NAG,PIEFL,1,7,7,0,42,,,,,JD,P376399,S,04/06/2012,11/06/2009,3,P376479,R,07/06/2010,23/05/2012,2,09/06/2012,R560428,R560429,R560430,R560431,R560432,R560433,R560434,,,,12.7,11,12.5,12.2,12,12.4,8.4,,,,Hatching date estimated - ALL DIED
2248,2012,321,NAG,PIEFL,1,7,,5,44,64,,,,NE,R026400,R,06/06/2012,09/06/2010,2,R560313,I,29/05/2012,29/05/2012,1,13/06/2012,R560482,R560483,R560484,R560485,,,,,,,13.1,13.3,11.1,12.6,,,,,,,Hatching date estimated 
2249,2012,348,NAG,PIEFL,1,7,5,5,47,67,,,2,NE,P376321,S,12/06/2012,03/06/2009,3,T020467,R,31/05/2011,29/05/2012,1,14/06/2012,Y991501,Y991502,Y991503,Y991504,Y991505,,,,,,13.6,15,14.5,13.9,12.7,,,,,,Hatching date estimated 
2250,2012,354,NAG,PIEFL,1,7,7,7,45,65,,,,NE,R026361,S,09/06/2012,07/06/2010,2,P376491,S,07/06/2010,29/05/2012,2,12/06/2012,R560472,R560473,R560474,R560475,R560476,R560477,R560478,,,,13,11.6,13.5,13,13.4,13,13.1,,,,Hatching date estimated 
2251,2012,357,NAG,PIEFL,1,6,5,5,45,64,,,1,NE,R560410,I,09/06/2012,09/06/2012,1,R026496,R,28/05/2011,29/05/2012,1,10/06/2012,R560443,R560444,R560445,R560446,R560447,,,,,,12.1,13.5,12,11.7,12.9,,,,,,Hatching date estimated 
2252,2012,416,NAG,PIEFL,1,7,4,4,43,63,,,3,NE,R026393,R,09/06/2012,09/06/2010,2,R560311,I,28/05/2012,28/05/2012,1,12/06/2012,R560460,R560461,R560462,R560463,,,,,,,13.5,13,13.8,12,,,,,,,Hatching date estimated 
2253,2012,420,NAG,PIEFL,1,6,6,0,50,,,,,JD,,,,,,T020485,R,31/05/2011,12/06/2012,1,24/06/2012,R560497,,,,,,,,,,9.4,,,,,,,,,,Hatching date estimated - ALL DIED
2254,2012,428,NAG,PIEFL,1,8,8,8,45,66,,,,NE,R560422,I,09/06/2012,09/06/2012,1,R026364,R,07/06/2010,28/05/2012,3,12/06/2012,R560464,R560465,R560466,R560467,R560468,R560469,R560470,R560471,,,9,8,7.7,9.6,8.9,9.4,9.9,8.9,,,Hatching date estimated 
2255,2012,430,NAG,PIEFL,1,8,,5,40,61,,,1,NE,R026442,R,09/06/2012,11/06/2010,2,P376430,S,16/06/2009,28/05/2012,3,09/06/2012,R560417,R560418,R560419,R560420,R560421,,,,,,15,14.5,13.2,15,14.4,,,,,,Hatching date estimated 
2256,2012,R12,NAG,PIEFL,1,6,,0,48,,,,,JD,,,,,,R560315,I,29/05/2012,29/05/2012,1,,,,,,,,,,,,,,,,,,,,,,Hatching date estimated - All young dead by 17/6
2257,2012,R5,NAG,PIEFL,1,6,6,6,43,62,,,,NE,P376422,S,04/06/2012,13/06/2009,3,R560309,I,18/05/2012,18/05/2012,1,09/06/2012,R560411,R560412,R560413,R560414,R560415,R560416,,,,,12.5,12.9,13.5,13.9,13.6,13.4,,,,,Hatching date estimated 
2258,2013,2,KEN ,PIEFL,1,5,4,4,62,80,,,1,NE,Y991599,I,24/06/2013,24/06/2013,1,R560386,R,08/06/2012,15/06/2013,1,27/06/2013,Y991600,Y991601,Y991602,Y991603,,,,,,,13.9,14.8,13.2,14.7,,,,,,,Hatching date estimated 
2259,2013,14,KEN ,PIEFL,1,7,7,7,46,66,,,,NE,V093433,S,13/06/2013,04/06/2008,5,R560310,S,25/05/2012,31/05/2013,2,13/06/2013,Y991546,Y991547,Y991548,Y991549,Y991550,Y991551,Y991552,,,,13.2,13.3,13.8,14,13.9,12.6,13.5,,,,Hatching date estimated 
2260,2013,18,KEN ,PIEFL,1,7,7,7,47,67,,,,NE,R026368,R,10/06/2013,07/06/2010,3,T020482,R,31/05/2011,31/05/2013,2,17/06/2013,Y991559,Y991560,Y991561,Y991562,Y991563,Y991564,Y991565,,,,12.9,11.3,12.8,12.9,13.1,13,12.7,,,,Hatching date estimated 
2261,2013,43,KEN ,PIEFL,1,6,6,6,39,59,,,,NE,R026378,S,05/06/2013,07/06/2010,3,R560499,I,31/05/2013,31/05/2013,1,07/06/2013,Y991515,Y991516,Y991517,Y991518,Y991519,Y991520,,,,,13,13.1,13.1,12.9,13.4,13.8,,,,,Hatching date estimated 
2262,2013,48,KEN ,PIEFL,1,6,6,6,47,66,,,,NE,L081026,I,10/06/2013,01/06/2010,3,T020462,S,29/05/2011,31/05/2013,2,15/06/2013,Y991553,Y991554,Y991555,Y991556,Y991557,Y991558,,,,,13.3,13.7,13.1,14.4,12.8,13,,,,,Hatching date estimated 
2263,2013,84,NAG,PIEFL,1,7,2,2,47,67,,,5,NE,T020411,R,10/06/2013,27/05/2011,2,P376477,S,07/06/2010,01/06/2013,3,18/06/2013,Y991571,Y991572,,,,,,,,,15.5,14.2,,,,,,,,,Hatching date estimated 
2264,2013,104,NAG,PIEFL,1,5,0,0,40,,,,,ED,,,,,,,,,,,,,,,,,,,,,,,,,,,,,,,,Hatching date estimated - Nest deserted 
2265,2013,222,NAG,PIEFL,1,5,,2,42,62,,,,NE,P376422,S,06/06/2013,13/06/2009,4,Y991512,I,03/06/2013,03/06/2013,1,10/06/2013,Y991528,Y991529,,,,,,,,,14.9,13.9,,,,,,,,,Hatching date estimated 
2266,2013,231,NAG,PIEFL,1,6,4,4,39,58,,,2,NE,R026429,S,01/06/2013,11/06/2010,3,P376407,S,11/06/2009,23/05/2013,3,10/06/2013,Y991530,Y991531,Y991532,Y991533,,,,,,,14,14.4,13.5,13.8,,,,,,,Hatching date estimated 
2267,2013,284,NAG,PIEFL,1,7,7,7,53,,,,,NE,P376356,S,04/06/2013,06/06/2009,4,R560498,I,23/05/2013,23/05/2013,1,10/06/2013,Y991521,Y991522,Y991523,Y991524,Y991525,Y991526,Y991527,,,,11.9,12.4,12.2,12.7,12.3,12.5,13.1,,,,
2268,2013,312,NAG,PIEFL,1,5,,0,57,,,,,JD,,,,,,R560360,R,07/06/2012,04/06/2013,1,,,,,,,,,,,,,,,,,,,,,,Hatching date estimated - All dead by 28/6 
2269,2013,316,NAG,PIEFL,1,6,,5,51,70,,,,NE,P376399,S,13/06/2013,11/06/2009,4,P376449,S,26/05/2010,01/06/2013,4,18/06/2013,Y991566,Y991567,Y991568,Y991569,Y991570,,,,,,13.2,13.6,13.7,14,14.2,,,,,,Hatching date estimated 
2270,2013,335,NAG,PIEFL,1,6,5,5,46,65,,,1,NE,Y991514,I,06/06/2013,06/06/2013,1,R560500,I,01/06/2013,01/06/2013,1,13/06/2013,Y991540,Y991541,Y991542,Y991543,Y991544,,,,,,11.9,11.2,11.1,12,11,,,,,,Hatching date estimated 
2271,2013,354,NAG,PIEFL,1,7,6,6,47,67,,,1,NE,R026361,S,11/06/2013,07/06/2010,3,T020398,S,16/05/2011,03/06/2013,3,19/06/2013,Y991593,Y991594,Y991595,Y991596,Y991597,Y991598,,,,,14.2,14.1,14.9,14.4,14.5,14.6,,,,,Hatching date estimated 
2272,2013,360,NAG,PIEFL,1,7,7,7,48,68,,,,NE,T020460,R,10/06/2013,29/05/2011,2,V209990,S,16/05/2011,01/06/2013,2,18/06/2013,Y991573,Y991574,Y991575,Y991576,Y991577,Y991578,Y991579,,,,14.1,13.8,13.4,14.3,14.9,14,14.4,,,,Hatching date estimated 
2273,2013,420,NAG,PIEFL,1,6,6,6,44,63,,,,NE,R026393,S,06/06/2013,09/06/2010,3,T020485,S,31/05/2011,04/06/2013,2,11/06/2013,Y991534,Y991535,Y991536,Y991537,Y991538,Y991539,,,,,12.7,12.6,13.5,13,13,13,,,,,Hatching date estimated 
2274,2013,430,NAG,PIEFL,1,7,7,7,49,70,,,,NE,T020454,R,11/06/2013,28/05/2011,2,P376430,S,16/06/2009,01/06/2013,4,18/06/2013,Y991580,Y991581,Y991582,Y991583,Y991584,Y991585,Y991586,,,,13.2,14.1,13.6,13.8,15,14.2,13.5,,,,Hatching date estimated 
2275,2013,436,NAG,PIEFL,1,6,0,0,45,,,,,ED,,,,,,T020467,S,31/05/2011,03/06/2013,2,,,,,,,,,,,,,,,,,,,,,,DESERTED - EGGS OUT OF NEST CUP
2276,2013,F4,NAG,PIEFL,1,6,6,6,51,70,,,,NE,Y991545,I,13/06/2013,13/06/2013,1,P376491,S,07/06/2010,01/06/2013,3,19/06/2013,Y991587,Y991588,Y991589,Y991590,Y991591,Y991592,,,,,14.7,15.4,13.1,15,14.9,13.4,,,,,Hatching date estimated 
2277,2013,R8,NAG,PIEFL,1,5,0,0,49,,,,,ED,,,,,,Y991513,I,04/06/2013,04/06/2013,1,,,,,,,,,,,,,,,,,,,,,,DESERTED - EGGS OUT OF NEST CUP
2278,2014,1,KEN,PIEFL,1,6,6,6,55,74,,,,NE,R560479,R,16/06/2014,12/06/2012,2,Y991655,I,05/06/2014,05/06/2014,1,23/06/2014,Y991709,Y991710,Y991711,Y991712,Y991713,Y991714,,,,,15.1,14,14.9,13.7,14.6,15.7,,,,,Hatching date estimated 
2279,2014,17,KEN,PIEFL,1,7,7,7,34,55,,,,NE,R560324,S,02/06/2014,01/06/2012,3,Y991553,R,15/06/2013,21/05/2014,1,02/06/2014,Y991611,Y991612,Y991613,Y991614,Y991615,Y991616,Y991617,,,,14,13.9,14.3,14.4,13.8,14.5,14,,,,Hatching date estimated 
2280,2014,41,KEN,PIEFL,1,7,7,7,43,63,,,,NE,Y991510,R,05/06/2014,17/06/2012,3,R560386,S,08/06/2012,29/05/2014,2,11/06/2014,Y991695,Y991696,Y991697,Y991698,Y991699,Y991700,Y991701,,,,14.5,14.6,14.9,15.5,13.7,14.6,15,,,,Hatching date estimated 
2281,2014,43,KEN,PIEFL,1,6,,4,60,79,,,1,NE,R560347,R,20/06/2014,05/06/2012,2,Y991654,I,05/06/2014,05/06/2014,1,26/06/2014,Y991715,Y991716,Y991717,Y991718,,,,,,,13.9,14.8,14.3,15,,,,,,,Hatching date estimated 
2282,2014,28,NAG,PIEFL,1,5,4,4,62,80,,,1,NE,T020460,S,24/06/2014,29/05/2011,3,Y991702,I,14/06/2014,14/06/2014,1,28/06/2014,Y991719,Y991720,Y991721,Y991722,,,,,,,13.9,14.2,14.5,14.2,,,,,,,Hatching date estimated 
2283,2014,65,NAG,PIEFL,1,7,7,7,35,55,,,,NE,T020424,R,31/05/2014,28/05/2011,3,R560500,S,01/06/2013,23/05/2014,2,03/06/2014,Y991629,Y991630,Y991631,Y991632,Y991633,Y991634,Y991635,,,,14.1,14.4,14,13.9,14.6,13.9,13.9,,,,Hatching date estimated 
2284,2014,83,NAG,PIEFL,1,5,5,5,38,56,,,,NE,T020454,S,31/05/2014,28/05/2011,3,Y991529,R,10/06/2013,23/05/2014,1,03/06/2014,Y991636,Y991637,Y991638,Y991639,Y991640,,,,,,14.1,13.6,14.2,14.4,13.5,,,,,,Hatching date estimated 
2285,2014,182,NAG,PIEFL,1,7,7,6,41,61,,,,NE,Y990316,I,06/06/2014,08/06/2013,1,P376430,S,16/06/2009,23/05/2014,5,08/06/2014,Y991688,Y991689,Y991690,Y991691,Y991692,Y991693,Y991694,,,,15.1,14.9,14.6,14.8,14.7,10.2,15.3,,,,Hatching date estimated - 693 DIED
2286,2014,193,NAG,PIEFL,1,7,,5,32,53,,,1,NE,R560326,S,26/05/2014,04/06/2012,3,Y991605,I,23/05/2014,23/05/2014,1,03/06/2014,Y991624,Y991625,Y991626,Y991627,Y991628,,,,,,14.5,14.4,14.7,14.6,15,,,,,,Hatching date estimated 
2287,2014,200,NAG,PIEFL,1,6,6,6,36,55,,,,NE,R026434,R,31/05/2014,11/06/2010,4,Y991607,I,23/05/2014,23/05/2014,1,03/06/2014,Y991641,Y991642,Y991643,Y991644,Y991645,Y991646,,,,,14.9,13.9,15.4,14.8,15.5,15.7,,,,,Hatching date estimated 
2288,2014,213,NAG,PIEFL,1,6,6,6,41,60,,,,NE,R026393,S,06/06/2014,09/06/2010,4,Y991606,I,23/05/2014,23/05/2014,1,08/06/2014,Y991681,Y991682,Y991683,Y991684,Y991685,Y991686,,,,,13,13,13.8,13.6,13.5,13.3,,,,,Hatching date estimated 
2289,2014,221,NAG,PIEFL,1,6,6,6,46,65,,,,NE,Y991687,I,08/06/2014,08/06/2014,1,Y991593,R,19/06/2013,23/05/2014,1,14/06/2014,Y991703,Y991704,Y991705,Y991706,Y991707,Y991708,,,,,15,15,14.9,14.6,14.1,14.7,,,,,Hatching date estimated 
2290,2014,231,NAG,PIEFL,1,7,,5,36,56,,,,NE,,,,,,T020398,S,16/05/2011,23/05/2014,4,06/06/2014,Y991656,Y991657,Y991658,Y991659,Y991660,,,,,,14,13.3,11.5,11.5,11.3,,,,,,Hatching date estimated 
2291,2014,248,NAG,PIEFL,1,6,6,6,37,56,,,,NE,R560440,R,31/05/2014,10/06/2012,2,Y991575,R,18/06/2013,20/05/2014,1,03/06/2014,Y991618,Y991619,Y991620,Y991621,Y991622,Y991623,,,,,12.9,13.4,13.9,13.6,13.8,12.8,,,,,Hatching date estimated 
2292,2014,336,NAG,PIEFL,1,7,,0,37,,,,,JD,Y991608,I,31/05/2014,31/05/2014,1,Y991515,R,07/06/2013,19/05/2014,1,,,,,,,,,,,,,,,,,,,,,,Hatching date estimated - All young dead by 6/6
2293,2014,354,NAG,PIEFL,1,7,5,5,35,55,,,2,NE,,,,,,R560498,S,23/05/2013,19/05/2014,2,06/06/2014,Y991676,Y991677,Y991678,Y991679,Y991680,,,,,,15.2,15.5,15,15,14.8,,,,,,Hatching date estimated 
2294,2014,375,NAG,PIEFL,1,7,,0,49,,,,,JD,,,,,,Y991609,I,31/05/2014,31/05/2014,1,,,,,,,,,,,,,,,,,,,,,,Hatching date estimated - All young dead by 19/6
2295,2014,403,NAG,PIEFL,1,7,7,7,35,55,,,,NE,Y991610,I,31/05/2014,31/05/2014,1,Y991512,S,03/06/2013,19/05/2014,2,03/06/2014,Y991647,Y991648,Y991649,Y991650,Y991651,Y991652,Y991653,,,,13.9,15.8,14.7,14,15.4,15.5,15.8,,,,Hatching date estimated 
2296,2014,420,NAG,PIEFL,1,7,6,6,37,57,,,1,NE,R560364,R,31/05/2014,07/06/2012,2,T020467,S,31/05/2011,19/05/2014,3,06/06/2014,Y991670,Y991671,Y991672,Y991673,Y991674,Y991675,,,,,15.6,15.7,14.4,14.4,15.4,15.7,,,,,Hatching date estimated 
2297,2014,431,NAG,PIEFL,1,6,,2,37,56,,,1,NE,R026442,S,19/05/2014,11/06/2010,4,Y991604,I,19/05/2014,19/05/2014,1,06/06/2014,Y991661,Y991662,,,,,,,,,11,11,,,,,,,,,Hatching date estimated 
2298,2014,R11,NAG,PIEFL,1,7,7,7,35,55,,,,NE,Y991545,S,31/05/2014,13/06/2013,2,T020485,S,31/05/2011,19/05/2014,3,06/06/2014,Y991663,Y991664,Y991665,Y991666,Y991667,Y991668,Y991669,,,,15.5,15.3,15,15.5,15.6,15.5,16,,,,Hatching date estimated 
2299,2015,,FLO,PIEFL,1,,,,,,,,,OU,,,,,,,,,,,11/06/2015,Y991917,Y991918,Y991919,Y991920,Y991921,,,,,,,,,,,,,,,,
2300,2015,,FLO,PIEFL,2,,,,,,,,,OU,,,,,,,,,,,11/06/2015,Y991922,Y991923,Y991924,Y991925,,,,,,,,,,,,,,,,,
2301,2015,,FLO,PIEFL,1,,,,,,,,,OU,,,,,,R560341,R,05/06/2012,11/06/2015,3,11/06/2015,Y991926,Y991927,Y991928,Y991929,,,,,,,,,,,,,,,,,
2302,2015,9,KEN,PIEFL,1,7,7,7,37,57,,,,NE,,,,,,Y991723,I,13/05/2015,13/05/2015,1,09/06/2015,Y991884,Y991885,Y991886,Y991887,Y991888,Y991889,Y991890,,,,,,,,,,,,,,Hatching date estimated 
2303,2015,11,KEN,PIEFL,1,7,,6,36,56,,,,NE,,,,,,D580576,I,07/06/2014,13/05/2015,1,09/06/2015,Y991891,Y991892,Y991893,Y991894,Y991895,Y991896,,,,,,,,,,,,,,,Hatching date estimated 
2304,2015,18,KEN,PIEFL,1,6,6,6,42,61,,,,NE,,,,,,Y991654,S,05/06/2014,19/05/2015,2,09/06/2015,Y991897,Y991898,Y991899,Y991900,Y991901,Y991902,,,,,,,,,,,,,,,Hatching date estimated 
2305,2015,32,KEN,PIEFL,1,7,,6,37,57,,,,NE,Y991510,S,09/06/2015,17/06/2012,4,Y991638,R,03/06/2014,19/05/2015,1,09/06/2015,Y991865,Y991866,Y991867,Y991868,Y991869,Y991870,,,,,,,,,,,,,,,Hatching date estimated 
2306,2015,37,KEN,PIEFL,1,8,,6,40,61,,,,NE,R560347,S,09/06/2015,05/06/2012,2,Y991615,R,02/06/2014,19/05/2015,1,09/06/2015,Y991871,Y991872,Y991873,Y991874,Y991875,Y991876,,,,,,,,,,,,,,,Hatching date estimated 
2307,2015,40,KEN,PIEFL,1,7,7,7,41,61,,,,NE,Y991526,R,09/06/2015,10/06/2013,3,Y991724,I,19/05/2015,19/05/2015,1,09/06/2015,Y991877,Y991878,Y991879,Y991880,Y991881,Y991882,Y991883,,,,,,,,,,,,,,Hatching date estimated 
2308,2015,46,KEN,PIEFL,1,9,9,9,38,59,,,,NE,Y991855,I,08/06/2015,08/06/2015,1,R560386,S,08/06/2012,19/05/2015,3,08/06/2015,Y991856,Y991857,Y991858,Y991859,Y991860,Y991861,Y991862,Y991863,Y991864,,,,,,,,,,,,Hatching date estimated 
2309,2015,26,NAG,PIEFL,1,7,7,7,39,59,,,,NE,Y991531,R,06/06/2015,10/06/2013,3,Y991606,S,23/05/2014,21/05/2015,2,06/06/2015,Y991768,Y991769,Y991770,Y991771,Y991772,Y991773,Y991774,,,,,,,,,,,,,,Hatching date estimated 
2310,2015,29,NAG,PIEFL,1,7,7,6,41,61,,,,NE,T020454,S,08/06/2015,28/05/2011,4,Y991682,R,08/06/2014,21/05/2015,1,07/06/2015,Y991845,Y991846,Y991847,Y991848,Y991849,Y991850,,,,,,,,,,,,,,,Hatching date estimated 
2311,2015,39,NAG,PIEFL,1,6,6,2,42,61,,,,NE,,,,,1,Y991729,I,20/05/2015,20/05/2015,1,08/06/2015,Y991851,Y991852,Y991853,Y991854,,,,,,,,,,,,,,,,,Hatching date estimated - 852/854 DIED
2312,2015,77,NAG,PIEFL,1,7,,6,43,63,,,,NE,Y991656,R,08/06/2015,06/06/2014,1,Y991575,S,18/06/2013,21/05/2015,2,10/06/2015,Y991903,Y991904,Y991905,Y991906,Y991907,Y991908,,,,,,,,,,,,,,,Hatching date estimated 
2313,2015,83,NAG,PIEFL,1,7,7,7,39,59,,,,NE,Y991590,R,06/06/2015,19/06/2013,2,Y991721,R,28/06/2014,19/05/2015,1,06/06/2015,Y991775,Y991776,Y991777,Y991778,Y991779,Y991780,Y991781,,,,,,,,,,,,,,Hatching date estimated 
2314,2015,151,NAG,PIEFL,1,6,,5,41,60,,,,NE,Y991844,I,07/06/2015,07/06/2015,1,Y991727,I,20/05/2015,20/05/2015,1,07/06/2015,Y991796,Y991797,Y991798,Y991799,Y991800,,,,,,,,,,,,,,,,Hatching date estimated 
2315,2015,157,NAG,PIEFL,1,7,7,6,38,58,,,,NE,P376422,S,06/06/2015,13/06/2009,6,Y991586,R,18/06/2013,21/05/2015,2,06/06/2015,Y991761,Y991762,Y991763,Y991764,Y991765,Y991766,Y991767,,,,,,,,,,,,,,Hatching date estimated - 763 DIED
2316,2015,173,NAG,PIEFL,1,7,,4,39,59,,,,NE,Y991651,R,07/06/2015,03/06/2014,1,Y991593,S,19/06/2013,18/05/2015,2,06/06/2015,Y991787,Y991788,Y991789,Y991790,,,,,,,,,,,,,,,,,Hatching date estimated 
2317,2015,179,NAG,PIEFL,1,7,,6,38,58,,,,NE,Y991916,I,10/06/2015,10/06/2015,1,L785590,I,14/06/2013,19/05/2015,2,07/06/2015,Y991838,Y991839,Y991840,Y991841,Y991842,Y991843,,,,,,,,,,,,,,,Hatching date estimated 
2318,2015,182,NAG,PIEFL,1,7,7,3,39,59,,,,NE,R026429,S,07/06/2015,11/06/2010,5,T020467,S,31/05/2011,19/05/2015,4,07/06/2015,Y991806,Y991807,Y991808,Y991809,Y991810,Y991811,Y991812,,,,,,,,,,,,,,Hatching date estimated - 807/808/810/812 DIED
2319,2015,183,NAG,PIEFL,1,6,,5,40,59,,,,NE,Y990316,S,07/06/2015,08/06/2013,2,Y991726,I,19/05/2015,19/05/2015,1,07/06/2015,Y991801,Y991802,Y991803,Y991804,Y991805,,,,,,,,,,,,,,,,Hatching date estimated 
2320,2015,224,NAG,PIEFL,1,7,,4,40,60,,,,NE,T020460,S,06/06/2015,29/05/2011,4,T020398,S,16/05/2011,10/05/2015,5,06/06/2015,Y991750,Y991751,Y991752,Y991753,,,,,,,,,,,,,,,,,Hatching date estimated 
2321,2015,248,NAG,PIEFL,1,7,7,6,37,56,,,,NE,Y991588,R,06/06/2015,19/06/2013,2,R560500,S,01/06/2013,20/05/2015,3,06/06/2015,Y991737,Y991738,Y991739,Y991740,Y991741,Y991742,Y991743,,,,,,,,,,,,,,Hatching date estimated - 739 DIED
2322,2015,256,NAG,PIEFL,1,6,,6,39,58,,,,NE,Y890975,I,06/06/2015,18/06/2013,2,Y991725,I,19/05/2015,19/05/2015,1,06/06/2015,Y991744,Y991745,Y991746,Y991747,Y991748,Y991749,,,,,,,,,,,,,,,Hatching date estimated 
2323,2015,293,NAG,PIEFL,1,8,,5,36,57,,,,NE,,,,,,R560498,S,23/05/2013,18/05/2015,3,06/06/2015,Y991791,Y991792,Y991793,Y991794,Y991795,,,,,,,,,,,,,,,,Hatching date estimated 
2324,2015,311,NAG,PIEFL,1,7,,6,40,60,,,,NE,T020424,S,06/06/2015,28/05/2011,4,Y991728,I,20/05/2015,20/05/2015,1,06/06/2015,Y991731,Y991732,Y991733,Y991734,Y991735,Y991736,,,,,,,,,,,,,,,Hatching date estimated 
2325,2015,340,NAG,PIEFL,1,7,7,7,44,64,,,,NE,R560363,R,10/06/2015,07/06/2012,3,Y991730,I,21/05/2015,21/05/2015,1,10/06/2015,Y991909,Y991910,Y991911,Y991912,Y991913,Y991914,Y991915,,,,,,,,,,,,,,Hatching date estimated 
2326,2015,354,NAG,PIEFL,1,8,5,5,39,60,,,3,NE,Y991576,R,10/06/2015,18/06/2013,2,Y991609,S,31/05/2014,18/05/2015,2,07/06/2015,Y991826,Y991827,Y991828,Y991829,Y991830,,,,,,,,,,,,,,,,Hatching date estimated 
2327,2015,375,NAG,PIEFL,1,6,,5,39,58,,,,NE,Y991687,S,06/06/2015,08/06/2014,2,Y991624,R,03/06/2014,18/05/2015,1,06/06/2015,Y991782,Y991783,Y991784,Y991785,Y991786,,,,,,,,,,,,,,,,Hatching date estimated 
2328,2015,408,NAG,PIEFL,1,7,6,6,41,61,,,1,NE,Y991561,R,10/06/2015,17/06/2013,3,Y991604,S,19/05/2014,18/05/2015,2,07/06/2015,Y991813,Y991814,Y991815,Y991816,Y991817,Y991818,,,,,,,,,,,,,,,Hatching date estimated 
2329,2015,420,NAG,PIEFL,1,7,,0,42,,,,,JD,,,,,,Y991683,R,08/06/2014,18/05/2015,1,,,,,,,,,,,,,,,,,,,,,,Hatching date Estimated - All young dead by 13/6
2330,2015,431,NAG,PIEFL,1,7,7,7,38,57,,,,NE,Y991522,R,06/06/2015,10/06/2013,3,Y991512,S,03/06/2013,21/05/2015,3,06/06/2015,Y991754,Y991755,Y991756,Y991757,Y991758,Y991759,Y991760,,,,,,,,,,,,,,Hatching date estimated 
2331,2015,434,NAG,PIEFL,1,7,7,6,42,62,,,,NE,Y991698,R,10/06/2015,11/06/2014,1,Y991666,R,06/06/2014,18/05/2015,1,07/06/2015,Y991831,Y991832,Y991833,Y991834,Y991835,Y991836,Y991837,,,,,,,,,,,,,,Hatching date estimated - 834 DIED
2332,2015,440,NAG,PIEFL,1,7,7,7,41,61,,,,NE,R560351,R,10/06/2015,05/06/2012,3,Y991607,S,23/05/2014,18/05/2015,2,07/06/2015,Y991819,Y991820,Y991821,Y991822,Y991823,Y991824,Y991825,,,,,,,,,,,,,,Hatching date estimated 
2333,2015,441,NAG,PIEFL,1,6,,0,37,,,,,JD,,,,,,,,,,,,,,,,,,,,,,,,,,,,,,,,NEST FAILED
2334,2016,3,KEN,PIEFL,1,6,5,5,44,63,,,1,NE,Y991641,R,,03/06/2014,2,Y991937,I,04/06/2016,04/06/2016,1,11/06/2016,Z690516,Z690517,Z690518,Z690519,Z690520,,,,,,12.6,14,13.1,13.7,12.8,,,,,,Hatching date estimated 
2335,2016,8,KEN,PIEFL,1,7,7,7,42,62,,,,NE,Y991940,I,08/06/2016,08/06/2016,1,Y991936,I,26/05/2016,26/05/2016,1,11/06/2016,Z690521,Z690522,Z690523,Z690524,Z690525,Z690526,Z690527,,,,14.1,13.8,13.6,14,13.9,14.2,13.9,,,,Hatching date estimated 
2336,2016,11,KEN,PIEFL,1,8,8,8,42,63,,,,NE,,,,,,Y991655,S,05/06/2014,26/05/2016,3,11/06/2016,Z690528,Z690529,Z690530,Z690531,Z690532,Z690533,Z690534,Z690535,,,14.7,14.4,13.8,14.5,14,13.3,12.2,13.6,,,Hatching date estimated 
2337,2016,18,KEN,PIEFL,1,7,7,7,42,62,,,,NE,Y991942,I,08/06/2016,08/06/2016,1,T020429,R,28/05/2011,26/05/2016,5,11/06/2016,Z690536,Z690537,Z690538,Z690539,Z690540,Z690541,Z690542,,,,14.7,15.1,14.3,13.9,15,13.8,14,,,,Hatching date estimated 
2338,2016,27,KEN,PIEFL,1,6,,0,43,,,,,JD,,,,,,Y991654,S,05/06/2014,26/05/2016,3,16/06/2016,Z690589,,,,,,,,,,12.4,,,,,,,,,,Hatching date estimated - Young died 
2339,2016,28,KEN,PIEFL,1,7,,0,42,,,,,JD,,,,,,Y991723,S,13/05/2015,26/05/2016,2,11/06/2016,Z690543,Z690544,Z690545,Z690546,Z690547,Z690548,,,,,15.2,14.6,15.2,14.8,13.9,14.7,,,,,Hatching date estimated - All young died 
2340,2016,32,KEN,PIEFL,1,8,,7,41,62,,,,NE,R560347,S,08/06/2016,05/06/2012,3,Y991724,S,19/05/2015,04/06/2016,2,11/06/2016,Z690549,Z690550,Z690551,Z690552,Z690553,Z690554,Z690555,,,,13.9,14,13.3,13.3,14.6,14,14.4,,,,Hatching date estimated 
2341,2016,41,KEN,PIEFL,2,5,,3,62,79,,,,NE,R560347,S,23/06/2016,05/06/2012,3,Y991638,S,03/06/2014,08/06/2016,2,28/06/2016,Z690597,Z690598,Z690599,,,,,,,,14.4,14.5,15.2,,,,,,,,Hatching date estimated 
2342,2016,43,KEN,PIEFL,1,8,0,0,43,,,,,ED,,,,,,Y991638,S,03/06/2014,26/05/2016,2,,,,,,,,,,,,,,,,,,,,,,Nest deserted
2343,2016,44,KEN,PIEFL,1,7,,4,43,63,,,,NE,Y991701,R,08/06/2016,11/06/2014,2,Y991615,S,02/06/2014,26/05/2016,2,16/06/2016,Z690592,Z690593,Z690594,Z690595,,,,,,,13,12.9,12.3,12.8,,,,,,,Hatching date estimated 
2344,2016,45,KEN,PIEFL,1,7,,0,43,,,,,JD,,,,,,Y991934,I,26/05/2016,26/05/2016,1,,,,,,,,,,,,,,,,,,,,,,Hatching date estimated - All young dead by 16/6
2345,2016,49,KEN,PIEFL,1,7,,2,44,64,,,,NE,Y991941,I,08/06/2016,08/06/2016,1,Y991935,I,26/05/2016,26/05/2016,1,16/06/2016,Z690590,Z690591,,,,,,,,,11.9,11.2,,,,,,,,,Hatching date estimated 
2346,2016,10,NAG,PIEFL,1,7,,5,44,64,,,,NE,,,,,,R560498,S,23/05/2013,24/05/2016,4,13/06/2016,Z690556,Z690557,Z690558,Z690559,Z690560,,,,,,13.2,12.6,13.8,13.7,13.8,,,,,,Hatching date estimated 
2347,2016,28,NAG,PIEFL,1,6,,4,43,62,,,,NE,,,,,,Y991682,S,08/06/2014,24/05/2016,2,13/06/2016,Z690567,Z690568,Z690569,Z690570,,,,,,,8,7.5,10.5,10,,,,,,,Hatching date estimated 
2348,2016,40,NAG,PIEFL,1,7,,6,45,66,,,,NE,,,,,,Y991695,R,11/06/2014,25/05/2016,2,13/06/2016,Z690561,Z690562,Z690563,Z690564,Z690565,Z690566,,,,,13.1,14,14.1,13.6,13.8,13.6,,,,,Hatching date estimated 
2349,2016,54,NAG,PIEFL,1,7,,0,42,,,,,JD,,,,,,Y991931,I,24/05/2016,24/05/2016,1,,,,,,,,,,,,,,,,,,,,,,Hatching date estimated - All young dead by 13/6
2350,2016,64,NAG,PIEFL,1,7,7,7,42,62,,,,NE,,,,,,Y991575,S,18/06/2013,23/05/2016,3,10/06/2016,Z690509,Z690510,Z690511,Z690512,Z690513,Z690514,Z690515,,,,13.3,14.9,14,15.4,14.1,13.2,13.4,,,,Hatching date estimated 
2351,2016,83,NAG,PIEFL,1,5,5,5,43,62,,,,NE,Y991692,R,06/06/2016,08/06/2014,2,Y991721,S,28/06/2014,23/05/2016,2,10/06/2016,Z690504,Z690505,Z690506,Z690507,Z690508,,,,,,12.5,16.3,16.5,15.5,13.4,,,,,,Hatching date estimated 
2352,2016,118,NAG,PIEFL,1,6,,0,44,,,,,JD,,,,,,Y991930,I,23/05/2016,23/05/2016,1,,,,,,,,,,,,,,,,,,,,,,Hatching date estimated - All young dead by 21/6 
2353,2016,182,NAG,PIEFL,1,7,,5,43,63,,,,NE,Y991611,R,06/06/2016,02/06/2014,2,Y991933,I,24/05/2016,24/05/2016,1,13/06/2016,Z690580,Z690581,Z690582,Z690583,Z690584,Z690585,,,,,13.3,12.9,11.3,12.7,13.2,8.1,,,,,Hatching date estimated - 585 DIED
2354,2016,183,NAG,PIEFL,1,6,6,6,44,63,,,,NE,Y991938,I,06/06/2016,06/06/2016,1,Y991729,S,20/05/2015,24/05/2016,2,10/06/2016,Y991963,Y991964,Y991965,Y991966,Y991967,Y991968,,,,,14.1,14.4,14.9,15,14.2,14,,,,,Hatching date estimated 
2355,2016,224,NAG,PIEFL,1,6,,5,44,63,,,,NE,,,,,,Y991815,R,07/06/2015,23/05/2016,1,10/06/2016,Y991999,Y992000,Z690501,Z690502,Z690503,,,,,,13,13.5,12.1,13.9,13.6,,,,,,Hatching date estimated 
2356,2016,226,NAG,PIEFL,1,7,7,7,39,59,,,,NE,,,,,,T020398,S,16/05/2011,23/05/2016,6,10/06/2016,Y991992,Y991993,Y991994,Y991995,Y991996,Y991997,Y991998,,,,13.2,12.6,12.6,12.8,13.1,12.1,11.9,,,,Hatching date estimated 
2357,2016,231,NAG,PIEFL,1,6,,5,44,63,,,,NE,Y990316,S,07/06/2016,08/06/2013,3,Y991728,S,20/05/2015,25/05/2016,2,10/06/2016,Y991969,Y991970,Y991971,Y991972,Y991973,,,,,,14.5,15,11.5,15.7,15.6,,,,,,Hatching date estimated 
2358,2016,251,NAG,PIEFL,1,7,,5,43,63,,,,NE,Y991562,I,10/06/2016,10/06/2016,1,Y991586,S,18/06/2013,25/05/2016,3,13/06/2016,Z690574,Z690575,Z690576,Z690577,Z690578,Z690579,,,,,10.5,13,11.2,12.2,12.7,12.2,,,,,Hatching date estimated - 577 DIED
2359,2016,266,NAG,PIEFL,1,6,,3,44,63,,,,NE,Y991692,S,06/06/2016,08/06/2014,2,Y991932,I,24/05/2016,24/05/2016,1,13/06/2016,Z690571,Z690572,Z690573,,,,,,,,10,12,12.5,,,,,,,,Hatching date estimated 
2360,2016,273,NAG,PIEFL,1,7,7,7,41,62,,,,NE,Y991939,I,07/06/2016,07/06/2016,1,Y991666,S,06/06/2014,23/05/2016,2,10/06/2016,Y991949,Y991950,Y991951,Y991952,Y991953,Y991954,Y991955,,,,15.4,14.4,14.9,14.6,14.3,14.5,14.3,,,,Hatching date estimated 
2361,2016,293,NAG,PIEFL,1,7,,6,44,64,,,,NE,,,,,,Y991607,S,23/05/2014,23/05/2016,3,10/06/2016,Y991943,Y991944,Y991945,Y991946,Y991947,Y991948,,,,,14.8,14.6,15.2,14.5,15.6,14.9,,,,,Hatching date estimated 
2362,2016,309,NAG,PIEFL,1,7,,6,40,61,,,,NE,Y991656,S,07/06/2016,06/06/2014,2,Y991836,R,07/06/2015,25/05/2016,1,10/06/2016,Y991956,Y991957,Y991958,Y991959,Y991960,Y991961,,,,,15.1,14.3,13.9,14.5,13.8,14.3,,,,,Hatching date estimated 
2363,2016,354,NAG,PIEFL,1,7,5,5,42,62,,,2,NE,Y991576,S,06/06/2016,18/06/2013,3,Y991609,S,31/05/2014,25/05/2016,3,10/06/2016,Y991987,Y991988,Y991989,Y991990,Y991991,,,,,,14.2,15,14.7,14.2,16.5,,,,,,Hatching date estimated 
2364,2016,410,NAG,PIEFL,1,6,,0,44,,,,,JD,,,,,,Y991725,S,19/05/2015,23/05/2016,2,,,,,,,,,,,,,,,,,,,,,,Hatching date estimated - All young dead by 13/6
2365,2016,416,NAG,PIEFL,1,7,,0,40,,,,,JD,,,,,,Z165685,I,13/05/2015,23/05/2016,1,,,,,,,,,,,,,,,,,,,,,,Hatching date estimated - All young dead by 21/6 
2366,2016,424,NAG,PIEFL,1,6,,1,43,62,,,,NE,,,,,,Y991835,R,07/06/2015,25/05/2016,1,21/06/2016,Z680596,,,,,,,,,,13.5,,,,,,,,,,Hatching date estimated 
2367,2016,430,NAG,PIEFL,1,6,6,6,43,62,,,,NE,,,,,,Y991726,S,19/05/2015,23/05/2016,2,10/06/2016,Y991974,Y991975,Y991976,Y991977,Y991978,Y991979,,,,,14,15.1,14,14,14.6,14.5,,,,,Hatching date estimated 
2368,2016,R3,NAG,PIEFL,1,5,3,3,43,65,,,2,NE,,,,,,T020467,S,31/05/2011,23/05/2016,5,13/06/2016,Z690586,Z690587,Z690588,,,,,,,,13.8,14.3,13.1,,,,,,,,Hatching date estimated 
2369,2016,R9,NAG,PIEFL,1,7,7,7,42,62,,,,NE,Y991692,S,06/06/2016,08/06/2014,2,Y991720,R,28/06/2014,23/05/2016,2,10/06/2016,Y991980,Y991981,Y991982,Y991983,Y991984,Y991985,Y991986,,,,14.7,15.1,14.5,14.9,12.4,14.2,15.2,,,,Hatching date estimated 
2370,2017,LOWER,FLO,PIEFL,1,6,,,36,,,,,OU,,,,,,Z690517,I,18/05/2017,18/05/2017,1,,,,,,,,,,,,,,,,,,,,,,
2371,2017,UPPER,FLO,PIEFL,1,8,,6,33,,,,,NE,,,,,,Y991878,R,09/06/2015,18/05/2017,2,02/06/2017,Z690666,Z690667,Z690668,Z690669,Z690670,Z690671,,,,,11.9,12.5,12.5,12.7,12.2,11.8,,,,,
2372,2017,,FLO,PIEFL,1,7,,,46,,,,,OU,,,,,,Z690665,I,02/06/2017,02/06/2017,1,,,,,,,,,,,,,,,,,,,,,,
2373,2017,2,KEN,PIEFL,1,7,,6,42,,,,,NE,Y991641,S,12/06/2017,03/06/2014,3,Y991958,R,10/06/2016,19/05/2017,1,08/06/2017,Z690720,Z690721,Z690722,Z690723,Z690724,Z690725,,,,,12.1,11.4,11.7,12,11.9,11.8,,,,,
2374,2017,8,KEN,PIEFL,1,7,5,5,42,,,,2,NE,,,,,,Y991654,S,05/06/2014,18/05/2017,4,08/06/2017,Z690726,Z690727,Z690728,Z690729,Z690730,,,,,,12.6,12.8,12.3,13,12.9,,,,,,
2375,2017,10,KEN,PIEFL,1,8,,7,32,,,,,NE,,,,,,Z690601,I,15/05/2017,15/05/2017,1,02/06/2017,Z690649,Z690650,Z690651,Z690652,Z690653,Z690654,Z690655,,,,14.6,13.5,14.4,13.9,14.2,14,13.8,,,,
2376,2017,11,KEN,PIEFL,1,6,,3,46,,,,,NE,,,,,,Z690608,I,25/05/2017,25/05/2017,1,12/06/2017,Z690768,Z690769,Z690770,,,,,,,,11.8,10.9,11.3,,,,,,,,
2377,2017,15,KEN,PIEFL,1,8,,8,33,,,,,NE,Z690656,I,02/06/2017,02/06/2017,1,S292272,I,11/06/2016,16/05/2017,1,02/06/2017,Z690657,Z690658,Z690659,Z690660,Z690661,Z690662,Z690663,Z690664,,,13.1,13.3,12.4,12.6,12.7,12.1,13.6,12.5,,,
2378,2017,22,KEN,PIEFL,1,7,,6,32,,,,,NE,Y991696,R,25/05/2017,11/06/2014,3,Y991546,R,13/06/2013,17/05/2017,4,02/06/2017,Z690643,Z690644,Z690645,Z690646,Z690647,Z690648,,,,,15.1,15,14.4,14.9,14.5,14.5,,,,,
2379,2017,25,KEN,PIEFL,1,7,,6,36,,,,,NE,,,,,,Y991935,S,26/05/2016,15/05/2017,2,05/06/2017,Z690684,Z690685,Z690686,Z690687,Z690688,Z690689,,,,,12,12.3,11.9,12.5,12.5,11.7,,,,,
2380,2017,32,KEN,PIEFL,1,7,,7,37,,,,,NE,Y991686,R,02/06/2017,08/06/2014,3,Y991934,S,26/05/2016,18/05/2017,2,05/06/2017,Z690672,Z690673,Z690674,Z690675,Z690676,Z690677,Z690678,,,,13.3,13.5,13,12.9,13.7,13,12.8,,,,
2381,2017,37,KEN,PIEFL,1,6,5,5,40,,,,1,NE,Y991908,R,02/06/2017,10/06/2015,2,Z690603,I,19/05/2017,19/05/2017,1,05/06/2017,Z690679,Z690680,Z690681,Z690682,Z690683,,,,,,13.9,13.6,14,13.8,13.1,,,,,,
2382,2017,43,KEN,PIEFL,1,6,0,0,52,,,,,ED,,,,,,,,,,,,,,,,,,,,,,,,,,,,,,,,
2383,2017,44,KEN,PIEFL,1,6,,6,39,,,,,NE,Y991853,R,02/06/2017,08/06/2015,2,Z690600,I,15/05/2017,15/05/2017,1,08/06/2017,Z690731,Z690732,Z690733,Z690734,Z690735,Z690736,,,,,13.3,13.1,13.7,13.5,13.7,12.8,,,,,
2384,2017,45,KEN,PIEFL,1,7,,7,32,,,,,NE,Y991701,S,25/05/2017,11/06/2014,3,Y991724,S,19/05/2015,15/05/2017,3,02/06/2017,Z690636,Z690637,Z690638,Z690639,Z690640,Z690641,Z690642,,,,12.1,13.4,13.7,14.5,14,13.8,14.6,,,,
2385,2017,46,KEN,PIEFL,1,5,,4,55,,,,,NE,Y991701,S,15/06/2017,11/06/2014,3,Z690592,I,02/06/2017,02/06/2017,1,20/06/2017,Z690785,Z690786,Z690787,Z690788,,,,,,,12.4,12.9,13.1,11.8,,,,,,,
2386,2017,49,KEN,PIEFL,1,7,,4,45,,,,,NE,Y991641,S,15/06/2017,03/06/2014,3,Z690610,I,30/05/2017,30/05/2017,1,15/06/2017,Z690782,Z690783,Z690784,,,,,,,,11,10.8,10.7,,,,,,,,
2387,2017,29,NAG,PIEFL,1,7,,5,37,,,,,NE,,,,,,Y991720,S,28/06/2014,23/05/2017,3,07/06/2017,Z690690,Z690691,Z690692,Z690693,Z690694,,,,,,13.7,13.5,14.4,13.8,14.1,,,,,,
2388,2017,65,NAG,PIEFL,1,7,,0,35,,,,,JD,,,,,,Z690605,I,23/05/2017,23/05/2017,1,,,,,,,,,,,,,,,,,,,,,,
2389,2017,81,NAG,PIEFL,1,7,,4,35,,,,,NE,Y991788,S,01/06/2017,06/06/2015,2,Y991725,S,19/05/2015,23/05/2017,3,07/06/2017,Z690695,Z690696,Z690697,Z690698,,,,,,,12.1,13.4,10.7,13.6,,,,,,,
2390,2017,86,NAG,PIEFL,1,7,6,6,31,,,,1,NE,,,,,,Y991815,S,07/06/2015,22/05/2017,2,01/06/2017,Z690612,Z690613,Z690614,Z690615,Z690616,Z690617,,,,,10.2,11,13.9,12.6,12.1,13.4,,,,,
2391,2017,98,NAG,PIEFL,1,5,,5,37,,,,,NE,Y991790,R,31/05/2017,06/06/2015,2,Z690519,I,23/05/2017,23/05/2017,1,07/06/2017,Z690699,Z690700,Z690701,Z690702,Z690703,,,,,,13,13.8,13.6,13,13.1,,,,,,
2392,2017,108,NAG,PIEFL,1,7,,6,36,,,,,NE,,,,,,Y991726,S,19/05/2015,22/05/2017,3,07/06/2017,Z690704,Z690705,Z690706,Z690707,Z690708,Z690709,,,,,13.5,12.3,12.6,13,13.1,13.2,,,,,
2393,2017,140,NAG,PIEFL,1,7,,0,37,,,,,JD,Y991768,R,01/06/2017,06/06/2015,2,Y991609,S,31/05/2014,23/05/2017,4,,,,,,,,,,,,,,,,,,,,,,
2394,2017,182,NAG,PIEFL,1,7,,1,35,,,,,NE,,,,,,Y991933,S,24/05/2016,23/05/2017,2,09/06/2017,Z690760,,,,,,,,,,10.4,,,,,,,,,,
2395,2017,203,NAG,PIEFL,1,7,,5,36,,,,,NE,R560326,S,01/06/2017,04/06/2012,6,Y991728,S,20/05/2015,23/05/2017,3,09/06/2017,Z690737,Z690738,Z690739,Z690740,Z690741,,,,,,13.6,13.5,13,13.9,13.7,,,,,,
2396,2017,211,NAG,PIEFL,1,7,,0,38,,,,,JD,Y991809,R,31/05/2017,07/06/2015,2,Y991729,S,20/05/2015,23/05/2017,3,,,,,,,,,,,,,,,,,,,,,,
2397,2017,266,NAG,PIEFL,1,6,,1,38,,,,,NE,,,,,,Z690604,I,22/05/2017,22/05/2017,1,09/06/2017,Z690742,,,,,,,,,,10.8,10.6,12.9,12.4,10.1,12.3,10.5,,,,
2398,2017,282,NAG,PIEFL,1,8,6,5,32,,,,2,NE,Y991844,S,31/05/2017,07/06/2015,3,R560498,S,23/05/2013,22/05/2017,5,01/06/2017,Z690630,Z690631,Z690632,Z690633,Z690634,Z690635,,,,,13.7,13.3,13.3,13.1,14,10.3,,,,,
2399,2017,311,NAG,PIEFL,1,8,,6,32,,,,1,NE,Z690609,I,30/05/2017,30/05/2017,1,Y991931,S,24/05/2016,22/05/2017,2,01/06/2017,Z690624,Z690625,Z690626,Z690627,Z690628,Z690629,,,,,12.9,12.1,12.7,12.2,11.9,,,,,,
2400,2017,313,NAG,PIEFL,1,6,,0,39,,,,,JD,,,,,,Z690602,I,16/05/2017,16/05/2017,1,09/06/2017,Z690761,Z690762,,,,,,,,,9.3,9.1,,,,,,,,,
2401,2017,319,NAG,PIEFL,1,7,,0,35,,,,,JD,,,,,,Y991682,S,08/06/2014,24/05/2017,3,,,,,,,,,,,,,,,,,,,,,,
2402,2017,324,NAG,PIEFL,1,7,,4,40,,,,,NE,Y991568,R,07/06/2017,18/06/2013,4,Z690607,I,24/05/2017,24/05/2017,1,09/06/2017,Z690763,Z690764,Z690765,Z690766,Z690767,,,,,,10,9.4,9.7,10.1,9.5,,,,,,
2403,2017,346,NAG,PIEFL,1,7,,7,42,,,,,NE,,,,,,Y991995,R,10/06/2016,24/05/2017,1,13/06/2017,Z690775,Z690776,Z690777,Z690778,Z690779,Z690780,Z690781,,,,12.1,12.7,12.9,11.9,13,13.2,14.7,,,,
2404,2017,358,NAG,PIEFL,1,7,,3,41,,,,,NE,T020460,S,31/05/2017,29/05/2011,6,D580684,I,11/06/2016,23/05/2017,1,09/06/2017,Z690743,Z690744,Z690745,Z690746,Z690747,Z690748,,,,,,,,,,,,,,,
2405,2017,404,NAG,PIEFL,1,7,,6,38,,,,,NE,Y991576,S,31/05/2017,18/06/2013,4,Y991695,S,11/06/2014,23/05/2017,2,07/06/2017,Z690710,Z690711,Z690712,Z690713,Z690714,Z690715,,,,,12.5,14,12.3,14.1,13.4,14.5,,,,,
2406,2017,416,NAG,PIEFL,1,8,,7,32,,,,,NE,Z690611,I,31/05/2017,31/05/2017,1,Z165685,S,13/05/2015,23/05/2017,2,01/06/2017,Z690618,Z690619,Z690620,Z690621,Z690622,Z690623,Z690624,,,,12.7,12.9,13.1,12.6,11.7,13,11.8,,,,
2407,2017,423,NAG,PIEFL,1,7,,6,39,,,,,NE,Y991698,S,01/06/2017,11/06/2014,3,Y991666,S,06/06/2014,23/05/2017,3,09/06/2017,Z690749,Z690750,Z690751,Z690752,Z690753,Z690754,,,,,11.4,12.3,11.8,12.5,13,13.1,,,,,
2408,2017,432,NAG,PIEFL,1,6,,4,35,,,,,NE,,,,,,Y991821,R,07/06/2015,23/05/2017,2,07/06/2017,Z690716,Z690717,Z690718,Z690719,,,,,,,14.1,14.8,13.6,14.9,,,,,,,
2409,2017,R3,NAG,PIEFL,1,6,,5,40,,,,,NE,Y991938,S,31/05/2017,06/06/2016,2,D620893,I,08/06/2016,23/05/2017,1,09/06/2017,Z690755,Z690756,Z690757,Z690758,Z690759,,,,,,14,13.8,15,14.3,14.4,,,,,,
2410,2017,R5,NAG,PIEFL,1,6,,4,42,,,,,NE,,,,,,Z690606,I,23/05/2017,23/05/2017,1,13/06/2017,Z690771,Z690772,Z690773,Z690774,,,,,,,13.6,12.4,12.8,10.9,,,,,,,
2411,2018,304,NAG,PIEFL,1,6,,3,36,,,,,NE,,,,,,Y991878,S,09/06/2018,01/06/2018,3,,,,,,,,,,,,,,,,,,,,,,
2412,2018,19,NAG,PIEFL,1,6,,5,40,,,,,NE,,,,,,Z690770,I,31/05/2018,31/05/2018,1,08/06/2018,Z690886,Z690887,Z690888,Z690889,Z690890,,,,,,12.6,12.3,13.6,13.9,13.8,,,,,,
2413,2018,322,NAG,PIEFL,1,7,,1,41,,,,,NE,,,,,,Z690744,I,22/05/2018,22/05/2018,1,12/06/2018,Z690924,,,,,,,,,,13.7,,,,,,,,,,
2414,2018,314,NAG,PIEFL,1,6,,1,41,,,,,NE,,,,,,Z690791,I,22/05/2018,22/05/2018,1,12/06/2018,Z690925,,,,,,,,,,13.4,,,,,,,,,,
2415,2018,209,NAG,PIEFL,1,7,,0,40,,,,,JD,,,,,,Z690759,I,31/05/2018,31/05/2018,1,,,,,,,,,,,,,,,,,,,,,,
2416,2018,256,NAG,PIEFL,1,7,7,7,40,,,,,NE,,,,,,Y991682,S,08/06/2014,29/05/2018,4,08/06/2018,Z690897,Z690898,Z690899,Z690900,Z690901,Z690902,Z690903,,,,13.1,13.5,12.9,13.3,13.7,14,13.6,,,,
2417,2018,266,NAG,PIEFL,1,7,,6,41,,,,,NE,Z690801,I,05/06/2018,05/06/2018,1,Z690607,S,24/05/2017,29/05/2018,2,08/06/2018,Z690891,Z690892,Z690893,Z690894,Z690895,Z690896,,,,,14.1,13.7,13.7,12.9,14.4,13.8,,,,,
2418,2018,R6,NAG,PIEFL,1,7,7,7,38,,,,,NE,,,,,,Y991931,S,24/05/2016,31/05/2018,3,08/06/2018,Z690904,Z690905,Z690906,Z690907,Z690908,Z690909,Z690910,,,,13.8,13.5,14,13.9,13.2,13.6,13,,,,
2419,2018,226,NAG,PIEFL,1,7,,7,37,,,,,NE,Z690531,R,05/06/2018,11/06/2016,2,Y991933,S,24/05/2016,31/05/2018,3,07/06/2018,Z690854,Z690855,Z690856,Z690857,Z690858,Z690859,Z690860,,,,14.2,13.9,13.9,14.3,14,14,13.6,,,,
2420,2018,346,NAG,PIEFL,1,6,,5,37,,,,,NE,Y991768,S,05/06/2018,06/06/2015,3,Y991725,S,19/05/2015,31/05/2018,4,08/06/2018,Z690911,Z690912,Z690913,Z690914,Z690915,,,,,,14.2,13.8,13.8,14.3,13.5,,,,,,
2421,2018,182,NAG,PIEFL,1,6,6,6,39,,,,,NE,Y991698,S,05/06/2018,11/06/2014,4,Y991815,S,07/06/2015,31/05/2018,3,07/06/2018,Z690873,Z690874,Z690875,Z690876,Z690877,Z690878,,,,,13.9,14.4,14.1,14.7,13.8,14,,,,,
2422,2018,184,NAG,PIEFL,1,7,7,7,38,,,,,NE,Y990316,S,05/06/2018,08/06/2013,5,Y991728,S,20/05/2015,31/05/2018,4,07/06/2018,Z690879,Z690880,Z690881,Z690882,Z690883,Z690884,Z690885,,,,12.8,13.3,13,14.5,13.9,14,13.4,,,,
2423,2018,R3,NAG,PIEFL,1,6,6,6,42,,,,,NE,Z690689,R,04/06/2018,05/06/2017,1,Z690519,S,23/05/2017,24/05/2018,2,07/06/2018,Z690867,Z690868,Z690869,Z690870,Z690871,Z690872,,,,,14,14,14.3,13.8,14.1,14.1,,,,,
2424,2018,411,NAG,PIEFL,1,6,,5,44,,,,,NE,Z690800,I,05/06/2018,05/06/2018,1,Z690796,I,01/06/2018,01/06/2018,1,12/06/2018,Z690946,Z690947,Z690948,Z690949,Z690950,,,,,,14.2,13.3,13.8,14,13.6,,,,,,
2425,2018,404,NAG,PIEFL,1,7,,6,41,,,,,NE,,,,,,Z690793,I,31/05/2018,31/05/2018,1,12/06/2018,Z690940,Z690941,Z690942,Z690943,Z690944,Z690945,,,,,13.1,13.6,14.2,14,13.9,13.5,,,,,
2426,2018,350,NAG,PIEFL,1,7,7,7,41,,,,,NE,Z690799,I,04/06/2018,04/06/2018,1,Z690795,I,01/06/2018,01/06/2018,1,12/06/2018,Z690933,Z690934,Z690935,Z690936,Z690937,Z690938,Z690939,,,,13.9,14.4,14.1,13.8,13.2,14,13.7,,,,
2427,2018,354,NAG,PIEFL,1,7,7,7,41,,,,,NE,Z690794,I,01/06/2018,01/06/2018,1,Y991666,S,06/06/2014,01/06/2018,4,12/06/2018,Z690926,Z690927,Z690928,Z690929,Z690930,Z690931,Z690932,,,,14,14.3,13.9,13.7,14.1,14.2,13.3,,,,
2428,2018,418,NAG,PIEFL,1,6,,0,39,,,,,JD,,,,,,Z690606,S,23/05/2017,24/05/2018,2,,,,,,,,,,,,,,,,,,,,,,
2429,2018,420,NAG,PIEFL,1,6,6,6,45,,,,,NE,Y991576,S,04/06/2018,18/06/2013,5,Z690792,I,24/05/2018,24/05/2018,1,07/06/2018,Z690861,Z690862,Z690863,Z690864,Z690865,Z690866,,,,,13.8,14.3,14.4,13.9,13.9,13.7,,,,,
2430,2018,2,KEN,PIEFL,1,6,6,6,37,,,,,NE,Y991641,S,04/06/2018,03/06/2014,4,Z690774,R,13/06/2017,17/05/2018,1,06/06/2018,Z690828,Z690829,Z690830,Z690831,Z690832,Z690833,,,,,13.5,13.3,13.3,14.6,14.2,13.6,,,,,
2431,2018,8,KEN,PIEFL,1,7,7,7,35,,,,,NE,Y991940,S,04/06/2018,08/06/2016,3,Y991825,R,07/06/2015,17/05/2018,3,06/06/2018,Z690834,Z690835,Z690836,Z690837,Z690838,Z690839,Z690840,,,,13.8,13.7,13.5,13.5,13.5,13.6,14.2,,,,
2432,2018,10,KEN,PIEFL,1,7,,6,35,,,,,NE,Z690798,I,04/06/2018,04/06/2018,1,Z690601,S,15/05/2017,17/05/2018,2,06/06/2018,Z690848,Z690849,Z690850,Z690851,Z690852,Z690853,,,,,14,15.3,14.6,14.1,13.5,13.5,,,,,
2433,2018,14,KEN,PIEFL,1,7,7,7,38,,,,,NE,,,,,,Z690790,I,17/05/2018,17/05/2018,1,06/06/2018,Z690841,Z690842,Z690843,Z690844,Z690845,Z690846,Z690847,,,,11.6,13.1,13,13.1,13.7,12.5,12.9,,,,
2434,2018,32,KEN,PIEFL,1,6,,4,35,,,,,NE,Y991981,R,02/06/2018,10/06/2016,2,Z690789,I,16/05/2018,16/05/2018,1,08/06/2018,Z690916,Z690917,Z690918,Z690919,,,,,,,13.3,13,13.6,13.6,,,,,,,
2435,2018,34,KEN,PIEFL,1,7,7,7,35,,,,,NE,Y991837,R,02/06/2018,07/06/2015,3,Y991546,S,13/06/2013,16/05/2018,5,06/06/2018,Z690814,Z690815,Z690816,Z690817,Z690818,Z690819,Z690820,,,,13.7,13.5,13.5,11.2,13.9,13.7,13.9,,,,
2436,2018,39,KEN,PIEFL,1,7,7,7,36,,,,,NE,Y991855,S,02/06/2018,07/06/2015,4,Y991934,S,26/05/2016,16/05/2018,3,06/06/2018,Z690821,Z690822,Z690823,Z690824,Z690825,Z690826,Z690827,,,,11.2,12.6,12,11.8,11.9,14,11.9,,,,
2437,2018,47,KEN,PIEFL,1,6,6,6,36,,,,,NE,Z690797,I,02/06/2018,02/06/2018,1,Z690603,S,19/05/2017,16/05/2018,2,06/06/2018,Z690808,Z690809,Z690810,Z690811,Z690812,Z690813,,,,,11.6,14.4,14.5,14.7,14.4,15,,,,,
2438,2018,49,KEN,PIEFL,1,7,,6,35,,,,,NE,Y991641,S,02/06/2018,03/06/2014,4,Y991821,S,07/06/2015,17/05/2018,3,06/06/2018,Z690802,Z690803,Z690804,Z690805,Z690806,Z690807,,,,,12.1,12.6,12,12.4,12.9,13,,,,,
2439,2018,,FLO,PIEFL,1,6,,4,36,,,,,NE,,,,,,,,,,,09/06/2018,Z690920,Z690921,Z690922,Z690923,,,,,,,12.9,13.4,13,13.5,,,,,,,
2440,2019,125,NAG,PIEFL,1,7,7,7,25,,,,,NE,Z690531,S,29/05/2019,03/06/2014,3,Z690872,R,07/06/2018,27/05/2019,1,03/06/2019,Z690964,Z690965,Z690966,Z690967,Z690968,Z690969,Z690970,,,,,,,,,,,,,,
2441,2019,19,NAG,PIEFL,1,7,,6,34,,,,,NE,Z690819,R,27/05/2019,06/06/2018,1,Z690951,I,27/05/2019,27/05/2019,1,06/06/2019,ARC9006,ARC9007,ARC9008,ARC9009,ARC9010,ARC9011,,,,,,,,,,,,,,,
2442,2019,138A,NAG,PIEFL,1,8,,6,33,,,,,NE,,,,,,Z690962,I,29/05/2019,29/05/2019,1,06/06/2019,ARC9012,ARC9013,ARC9014,ARC9015,ARC9016,ARC9017,,,,,,,,,,,,,,,
2443,2019,306,NAG,PIEFL,1,7,,1,41,,,,,NE,,,,,,Z690963,I,29/05/2019,29/05/2019,1,14/06/2019,ARC9039,,,,,,,,,,,,,,,,,,,,
2444,2019,38,NAG,PIEFL,1,7,7,6,34,,,,,NE,,,,,,,,,,,,,,,,,,,,,,,,,,,,,,,,
2445,2019,F1,NAG,PIEFL,1,3,,2,35,,,,,NE,,,,,,Z690952,I,27/05/2019,27/05/2019,1,08/06/2019,ARC9027,ARC9028,,,,,,,,,,,,,,,,,,,
2446,2019,27,NAG,PIEFL,1,7,7,6,33,,,,,NE,,,,,,D580684,S,27/05/2019,24/05/2019,3,03/06/2019,Z690971,Z690972,Z690973,Z690974,Z690976,Z690977,,,,,,,,,,,,,,,
2447,2019,251,NAG,PIEFL,1,7,,5,34,,,,,NE,Z690870,R,31/05/2019,07/06/2018,1,Z690607,S,27/05/2019,24/05/2019,3,06/06/2019,ARC9018,ARC9019,ARC9020,ARC9021,ARC9022,,,,,,,,,,,,,,,,
2448,2019,86,NAG,PIEFL,1,7,,6,31,,,,,NE,,,,,,Z690719,R,07/06/2017,27/05/2019,2,03/06/2019,Z690987,Z690988,Z690989,Z690990,Z690991,Z690992,,,,,,,,,,,,,,,
2449,2019,255,NAG,PIEFL,1,8,,2,29,,,3,,NE,,,,,,Y991931,S,07/06/2017,27/05/2019,4,03/06/2019,Z690985,Z690986,,,,,,,,,,,,,,,,,,,
2450,2019,89,NAG,PIEFL,1,7,,6,33,,,,,NE,,,,,,Y991682,S,07/06/2017,24/05/2019,5,03/06/2019,Z690978,Z690979,Z690980,Z690981,Z690982,Z690983,,,,,,,,,,,,,,,
2451,2019,R6,NAG,PIEFL,1,,0,0,34,,,,1,ED,,,,,,,,,,,,,,,,,,,,,,,,,,,,,,,,
2452,2019,376,NAG,PIEFL,1,7,,4,34,,,,,NE,Z690784,R,04/06/2019,15/06/2017,2,,,,,,08/06/2019,ARC9023,ARC9024,ARC9025,ARC9026,,,,,,,,,,,,,,,,,
2453,2019,R5,NAG,PIEFL,1,6,6,4,36,,,,,NE,,,,,,,,,,,,,,,,,,,,,,,,,,,,,,,,
2454,2019,183,NAG,PIEFL,1,7,,6,31,,,,,NE,,,,,,Y991728,S,20/05/2015,27/05/2019,5,03/06/2019,Z690993,Z690994,Z690995,Z690996,Z690997,Z690998,,,,,,,,,,,,,,,
2455,2019,200,NAG,PIEFL,1,6,,1,41,,,,,NE,,,,,,Z690953,I,28/05/2019,28/05/2019,1,08/06/2019,ARC9039,,,,,,,,,,,,,,,,,,,,
2456,2019,R3,NAG,PIEFL,1,6,,3,37,,,,,NE,,,,,,S952152,I,31/05/2017,27/05/2019,2,08/06/2019,ARC9029,,,,,,,,,,,,,,,,,,,,
2457,2019,406,NAG,PIEFL,1,8,,2,35,,,6,,NE,,,,,,,,,,,,,,,,,,,,,,,,,,,,,,,,
2458,2019,432,NAG,PIEFL,1,7,7,7,32,,,,,NE,Z690794,S,27/05/2019,01/06/2018,2,Z690519,S,23/05/2017,28/05/2019,3,03/06/2019,Z690999,Z691000,ARC9001,ARC9002,ARC9003,ARC9004,ARC9005,,,,,,,,,,,,,,
2459,2019,410,NAG,PIEFL,1,7,,6,42,,,,,NE,Z690800,S,04/06/2019,05/06/2018,2,Z690791,S,22/05/2018,04/06/2019,2,08/06/2019,ARC9032,ARC9033,ARC9034,ARC9035,ARC9036,ARC9037,,,,,,,,,,,,,,,
2460,2019,,FLO,PIEFL,1,8,8,8,29,,,,,NE,Y991746,R,20/05/2019,06/06/2015,4,Z711788,I,03/06/2018,20/05/2019,1,28/05/2019,Z690954,Z690955,Z690956,Z690957,Z690958,Z690959,Z690960,Z690961,,,,,,,,,,,,,
2461,2021,414,NAG,PIEFL,1,6,6,1,47,,,,,NE,,,,,,,,,,,,,,,,,,,,,,,,,,,,,,,,
2462,2021,416,NAG,PIEFL,1,6,6,5,44,,,,,NE,,,,,,,,,,,,,,,,,,,,,,,,,,,,,,,,
2463,2021,431,NAG,PIEFL,1,6,6,3,47,,,,,NE,,,,,,,,,,,,,,,,,,,,,,,,,,,,,,,,
2464,2021,45,NAG,PIEFL,1,7,7,7,42,,,,,NE,,,,,,,,,,,,,,,,,,,,,,,,,,,,,,,,
2465,2021,191,NAG,PIEFL,1,7,7,6,43,,,,,NE,,,,,,,,,,,,,,,,,,,,,,,,,,,,,,,,
2466,2021,20,NAG,PIEFL,1,6,,4,50,,,5,,NE,,,,,,,,,,,,,,,,,,,,,,,,,,,,,,,,
2467,2021,R3,NAG,PIEFL,1,6,3,2,44,,,,3,NE,,,,,,,,,,,,,,,,,,,,,,,,,,,,,,,,
2468,2021,411,NAG,PIEFL,1,7,7,5,47,,,,,NE,,,,,,,,,,,,,,,,,,,,,,,,,,,,,,,,
2469,2021,441,NAG,PIEFL,1,7,7,7,45,,,,,NE,,,,,,,,,,,,,,,,,,,,,,,,,,,,,,,,
2470,2021,437,NAG,PIEFL,1,7,7,7,47,,,,,NE,,,,,,,,,,,,,,,,,,,,,,,,,,,,,,,,
2471,2021,433,NAG,PIEFL,1,6,5,0,50,,,,,JD,,,,,,,,,,,,,,,,,,,,,,,,,,,,,,,,
2472,2021,212,NAG,PIEFL,1,6,6,6,65,,,,,NE,,,,,,,,,,,,,,,,,,,,,,,,,,,,,,,,
2473,2021,R6,NAG,PIEFL,1,6,,1,44,,,5,,NE,,,,,,,,,,,,,,,,,,,,,,,,,,,,,,,,
2474,2021,90,NAG,PIEFL,1,6,6,6,44,,,,,NE,,,,,,,,,,,,,,,,,,,,,,,,,,,,,,,,
2475,2021,R5,NAG,PIEFL,1,,,0,49,,6,6,,JD,,,,,,,,,,,,,,,,,,,,,,,,,,,,,,,,
2476,2021,346,NAG,PIEFL,1,6,6,0,52,,,,,JD,,,,,,,,,,,,,,,,,,,,,,,,,,,,,,,,
2477,2021,25,NAG,PIEFL,1,,,6,48,,6,6,,NE,,,,,,,,,,,,,,,,,,,,,,,,,,,,,,,,
2478,2021,183,NAG,PIEFL,1,6,6,6,42,,,,,NE,,,,,,,,,,,,,,,,,,,,,,,,,,,,,,,,
2479,2021,190,NAG,PIEFL,1,5,5,5,46,,,,,NE,,,,,,,,,,,,,,,,,,,,,,,,,,,,,,,,
2480,2021,116,NAG,PIEFL,1,,0,0,,,,,1,ED,,,,,,,,,,,,,,,,,,,,,,,,,,,,,,,,
2481,2021,248,NAG,PIEFL,1,7,7,7,44,,,,,NE,,,,,,,,,,,,,,,,,,,,,,,,,,,,,,,,
2482,2021,251,NAG,PIEFL,1,7,7,7,48,,,,,NE,,,,,,,,,,,,,,,,,,,,,,,,,,,,,,,,
2483,2021,255,NAG,PIEFL,1,6,3,3,47,,,,3,NE,,,,,,,,,,,,,,,,,,,,,,,,,,,,,,,,
2484,2021,89,NAG,PIEFL,1,6,6,5,49,,,,,NE,,,,,,,,,,,,,,,,,,,,,,,,,,,,,,,,
2485,2021,171,NAG,PIEFL,1,6,6,6,50,,,,,NE,,,,,,,,,,,,,,,,,,,,,,,,,,,,,,,,
2486,2021,442,NAG,REDST,1,6,3,3,,,,,3,NE,,,,,,,,,,,,,,,,,,,,,,,,,,,,,,,,
2487,2021,435,NAG,REDST,1,6,6,6,44,,,,,NE,,,,,,,,,,,,,,,,,,,,,,,,,,,,,,,,
2488,2022,149,NAG,PIEFL,1,8,,1,,,,,5,NE,,,,,,AVY9801,I,16/05/2022,16/05/2022,1,08/06/2022,AVY9830,,,,,,,,,,,,,,,,,,,,
2489,2022,306,NAG,PIEFL,1,,,4,,,6,6,,NE,,,,,,,,,,,01/06/2022,AVY9807,AVY9808,AVY9809,AVY9810,,,,,,,,,,,,,,,,,
2490,2022,324,NAG,PIEFL,1,7,7,0,31,,,,,JD,,,,,,,,,,,,,,,,,,,,,,,,,,,,,,,,
2491,2022,336,NAG,PIEFL,1,6,6,0,62,,,,,JD,,,,,,,,,,,,,,,,,,,,,,,,,,,,,,,,
2492,2022,131,NAG,PIEFL,1,7,,2,39,,,6,,NE,,,,,,Z690928,R,12/06/2018,23/05/2022,4,10/06/2022,AVY9833,AVY9834,,,,,,,,,,,,,,,,,,,
2493,2022,157,NAG,PIEFL,1,7,7,0,36,,,,0,JD,,,,,,,,,,,,,,,,,,,,,,,,,,,,,,,,
2494,2022,158,NAG,PIEFL,1,6,6,0,,,,,,JD,,,,,,,,,,,,,,,,,,,,,,,,,,,,,,,,
2495,2022,254,NAG,PIEFL,1,6,6,4,39,,,,,NE,,,,,,,,,,,01/06/2022,AVY9815,AVY9816,AVY9817,AVY9818,,,,,,,,,,,,,,,,,
2496,2022,89,NAG,PIEFL,1,8,,2,35,,,7,,NE,,,,,,,,,,,06/06/2022,AVY9819,AVY9820,,,,,,,,,,,,,,,,,,,
2497,2022,91,NAG,PIEFL,1,,,3,36,,7,7,,NE,,,,,,,,,,,06/06/2022,AVY9821,AVY9822,AVY9823,,,,,,,,,,,,,,,,,,
2498,2022,111,NAG,PIEFL,1,7,7,4,,,,,,NE,,,,,,,,,,,01/06/2022,AVY9811,AVY9812,AVY9813,AVY9814,,,,,,,,,,,,,,,,,
2499,2022,107,NAG,PIEFL,1,9,,4,42,,,,,NE,,,,,,AVY9802,I,23/05/2022,23/05/2022,1,13/06/2022,AVY9838,AVY9839,AVY9840,AVY9841,,,,,,,,,,,,,,,,,
2500,2022,190,NAG,PIEFL,1,,,6,32,,6,6,,NE,,,,,,,,,,,,,,,,,,,,,,,,,,,,,,,,
2501,2022,416,NAG,PIEFL,1,7,7,6,39,,,,,NE,,,,,,,,,,,06/06/2022,AVY9824,AVY9825,AVY9826,AVY9827,AVY9828,AVY9829,,,,,,,,,,,,,,,
2502,2022,421,NAG,PIEFL,1,7,7,2,39,,,,,NE,,,,,,,,,,,08/06/2022,AVY9831,AVY9832,,,,,,,,,,,,,,,,,,,
2503,2022,239,NAG,PIEFL,1,7,6,3,41,,,,1,NE,,,,,,AVY9806,I,29/05/2022,29/05/2022,1,10/06/2022,AVY9835,AVY9836,AVY9837,,,,,,,,,,,,,,,,,,
2504,2022,217,NAG,REDST,1,8,,0,41,,,6,,JD,,,,,,,,,,,,,,,,,,,,,,,,,,,,,,,,
2505,2022,411,NAG,PIEFL,1,7,,2,38,,,4,,NE,,,,,,,,,,,13/06/2022,AVY9842,AVY9843,,,,,,,,,,,,,,,,,,,
2506,2022,288,NAG,PIEFL,1,7,7,4,39,,,,,NE,,,,,,AVY9803,I,23/05/2022,23/05/2022,1,,,,,,,,,,,,,,,,,,,,,,
2507,2014,1,NAG,BLUTI,1,8,,7,23,,,,,NE,,,,,,,,,,,,,,,,,,,,,,,,,,,,,,,,
2508,2014,2,NAG,GRETI,1,8,8,7,29,,,,,NE,,,,,,,,,,,,,,,,,,,,,,,,,,,,,,,,
2509,2014,3,NAG,BLUTI,1,8,8,7,23,,,,,NE,,,,,,,,,,,,,,,,,,,,,,,,,,,,,,,,
2510,2014,6,NAG,GRETI,1,,,3,24,,4,4,,NE,,,,,,,,,,,,,,,,,,,,,,,,,,,,,,,,
2511,2014,9,NAG,GRETI,1,7,7,5,34,,,,,NE,,,,,,,,,,,,,,,,,,,,,,,,,,,,,,,,
2512,2014,10,NAG,BLUTI,1,13,0,0,16,,,,13,ED,,,,,,,,,,,,,,,,,,,,,,,,,,,,,,,,
2513,2014,11,NAG,BLUTI,1,8,,0,21,,,6,,JD,,,,,,,,,,,,,,,,,,,,,,,,,,,,,,,,
2514,2014,12,NAG,GRETI,1,,,0,30,,4,3,,JD,,,,,,,,,,,,,,,,,,,,,,,,,,,,,,,,
2515,2014,14,NAG,GRETI,1,,,4,38,,4,4,,NE,,,,,,,,,,,,,,,,,,,,,,,,,,,,,,,,
2516,2014,15,NAG,BLUTI,1,11,,7,19,,,8,2,NE,,,,,,,,,,,,,,,,,,,,,,,,,,,,,,,,
2517,2014,16,NAG,BLUTI,1,11,,6,29,,,9,,NE,,,,,,,,,,,,,,,,,,,,,,,,,,,,,,,,
2518,2014,17,NAG,BLUTI,1,7,5,0,16,,,5,2,JD,,,,,,,,,,,,,,,,,,,,,,,,,,,,,,,,
2519,2014,18,NAG,BLUTI,1,10,,6,13,,,7,2,NE,,,,,,,,,,,,,,,,,,,,,,,,,,,,,,,,
2520,2014,19,NAG,BLUTI,1,,,1,32,,3,2,,NE,,,,,,,,,,,,,,,,,,,,,,,,,,,,,,,,
2521,2014,20,NAG,BLUTI,1,,,0,45,,5,5,,JD,,,,,,,,,,,,,,,,,,,,,,,,,,,,,,,,
2522,2014,21,NAG,GRETI,1,,,6,28,,6,6,,NE,,,,,,,,,,,,,,,,,,,,,,,,,,,,,,,,
2523,2014,22,NAG,BLUTI,1,11,,9,15,,,,,NE,,,,,,,,,,,,,,,,,,,,,,,,,,,,,,,,
2524,2014,23,NAG,BLUTI,1,,,0,31,,7,7,,JD,,,,,,,,,,,,,,,,,,,,,,,,,,,,,,,,
2525,2014,24,NAG,GRETI,1,7,,,25,,,1,1,OU,,,,,,,,,,,,,,,,,,,,,,,,,,,,,,,,
2526,2014,27,NAG,BLUTI,1,13,,0,45,,,7,,JD,,,,,,,,,,,,,,,,,,,,,,,,,,,,,,,,
2527,2014,30,NAG,BLUTI,1,,,1,31,,4,2,1,NE,,,,,,,,,,,,,,,,,,,,,,,,,,,,,,,,
2528,2014,31,NAG,BLUTI,1,7,,3,24,,,,,NE,,,,,,,,,,,,,,,,,,,,,,,,,,,,,,,,
2529,2014,32,NAG,GRETI,1,5,,,,,,,,OU,,,,,,,,,,,,,,,,,,,,,,,,,,,,,,,,
2530,2014,33,NAG,GRETI,1,6,,,,,,,,OU,,,,,,,,,,,,,,,,,,,,,,,,,,,,,,,,
2531,2014,35,NAG,BLUTI,1,,,4,22,,4,4,,NE,,,,,,,,,,,,,,,,,,,,,,,,,,,,,,,,
2532,2014,37,NAG,BLUTI,1,9,8,7,18,,,,1,NE,,,,,,,,,,,,,,,,,,,,,,,,,,,,,,,,
2533,2014,41,NAG,BLUTI,1,8,8,3,29,,,,,NE,,,,,,,,,,,,,,,,,,,,,,,,,,,,,,,,
2534,2014,42,NAG,BLUTI,1,10,10,9,,,,,,NE,,,,,,,,,,,,,,,,,,,,,,,,,,,,,,,,
2535,2014,43,NAG,BLUTI,1,9,7,5,21,,,,,NE,,,,,,,,,,,,,,,,,,,,,,,,,,,,,,,,
2536,2014,45,NAG,BLUTI,1,,,6,23,,7,6,,NE,,,,,,,,,,,,,,,,,,,,,,,,,,,,,,,,
2537,2014,46,NAG,GRETI,1,,,6,37,,6,6,,NE,,,,,,,,,,,,,,,,,,,,,,,,,,,,,,,,
2538,2014,47,NAG,BLUTI,1,6,,0,35,,,3,,JD,,,,,,,,,,,,,,,,,,,,,,,,,,,,,,,,
2539,2014,48,NAG,BLUTI,1,,,9,19,,9,9,,NE,,,,,,,,,,,,,,,,,,,,,,,,,,,,,,,,
2540,2014,50,NAG,GRETI,1,,,2,24,,5,5,,NE,,,,,,,,,,,,,,,,,,,,,,,,,,,,,,,,
2541,2014,52,NAG,BLUTI,1,11,,7,23,,,7,1,NE,,,,,,,,,,,,,,,,,,,,,,,,,,,,,,,,
2542,2014,54,NAG,BLUTI,1,7,,3,26,,,4,,NE,,,,,,,,,,,,,,,,,,,,,,,,,,,,,,,,
2543,2014,55,NAG,BLUTI,1,9,,6,35,,,7,,NE,,,,,,,,,,,,,,,,,,,,,,,,,,,,,,,,
2544,2014,56,NAG,GRETI,1,,,0,33,,4,3,,JD,,,,,,,,,,,,,,,,,,,,,,,,,,,,,,,,
2545,2014,57,NAG,BLUTI,1,,,0,15,,9,3,,JD,,,,,,,,,,,,,,,,,,,,,,,,,,,,,,,,
2546,2014,58,NAG,BLUTI,1,11,0,0,22,,,,11,ED,,,,,,,,,,,,,,,,,,,,,,,,,,,,,,,,
2547,2014,61,NAG,BLUTI,1,,,3,16,,5,4,1,NE,,,,,,,,,,,,,,,,,,,,,,,,,,,,,,,,
2548,2014,62,NAG,BLUTI,1,13,0,0,18,,,,13,ED,,,,,,,,,,,,,,,,,,,,,,,,,,,,,,,,
2549,2014,63,NAG,GRETI,1,,,3,37,,4,3,1,NE,,,,,,,,,,,,,,,,,,,,,,,,,,,,,,,,
2550,2014,64,NAG,BLUTI,1,,,7,16,,7,7,,NE,,,,,,,,,,,,,,,,,,,,,,,,,,,,,,,,
2551,2014,66,NAG,BLUTI,1,9,7,7,20,,,,2,NE,,,,,,,,,,,,,,,,,,,,,,,,,,,,,,,,
2552,2014,67,NAG,BLUTI,1,,,1,20,,5,1,2,NE,,,,,,,,,,,,,,,,,,,,,,,,,,,,,,,,
2553,2014,68,NAG,GRETI,1,5,5,4,,,,,,NE,,,,,,,,,,,,,,,,,,,,,,,,,,,,,,,,
2554,2014,70,NAG,GRETI,1,6,5,5,,,,,1,NE,,,,,,,,,,,,,,,,,,,,,,,,,,,,,,,,
2555,2014,72,NAG,BLUTI,1,7,6,4,23,,,,1,NE,,,,,,,,,,,,,,,,,,,,,,,,,,,,,,,,
2556,2014,73,NAG,BLUTI,1,10,,6,24,,,6,,NE,,,,,,,,,,,,,,,,,,,,,,,,,,,,,,,,
2557,2014,75,NAG,GRETI,1,7,7,5,21,,,,,NE,,,,,,,,,,,,,,,,,,,,,,,,,,,,,,,,
2558,2014,76,NAG,GRETI,1,6,4,3,21,43,,4,2,NE,,,,,,,,,,,,,,,,,,,,,,,,,,,,,,,,
2559,2014,77,NAG,GRETI,1,5,5,2,23,,,,,NE,,,,,,,,,,,,,,,,,,,,,,,,,,,,,,,,
2560,2014,78,NAG,BLUTI,1,9,,,29,,,,,OU,,,,,,,,,,,,,,,,,,,,,,,,,,,,,,,,
2561,2014,80,NAG,BLUTI,1,,,6,23,,6,6,,NE,,,,,,,,,,,,,,,,,,,,,,,,,,,,,,,,
2562,2014,81,NAG,BLUTI,1,,,0,19,,11,11,,JD,,,,,,,,,,,,,,,,,,,,,,,,,,,,,,,,
2563,2014,86,NAG,BLUTI,1,,,2,27,,7,7,,NE,,,,,,,,,,,,,,,,,,,,,,,,,,,,,,,,
2564,2014,87,NAG,GRETI,1,7,,5,54,,,5,,NE,,,,,,,,,,,,,,,,,,,,,,,,,,,,,,,,
2565,2014,88,NAG,BLUTI,1,9,,3,22,,,4,,NE,,,,,,,,,,,,,,,,,,,,,,,,,,,,,,,,
2566,2014,90,NAG,GRETI,1,,,7,18,,7,7,,NE,,,,,,,,,,,,,,,,,,,,,,,,,,,,,,,,
2567,2014,91,NAG,GRETI,1,8,,0,17,,,6,,JD,,,,,,,,,,,,,,,,,,,,,,,,,,,,,,,,
2568,2014,92,NAG,BLUTI,1,10,,0,20,,,7,,JD,,,,,,,,,,,,,,,,,,,,,,,,,,,,,,,,
2569,2014,94,NAG,BLUTI,1,6,,0,40,,,3,,JD,,,,,,,,,,,,,,,,,,,,,,,,,,,,,,,,
2570,2014,96,NAG,BLUTI,1,8,,0,31,,,5,,JD,,,,,,,,,,,,,,,,,,,,,,,,,,,,,,,,
2571,2014,98,NAG,BLUTI,1,6,6,0,22,,,,,JD,,,,,,,,,,,,,,,,,,,,,,,,,,,,,,,,
2572,2014,99,NAG,BLUTI,1,,,3,29,,7,7,,NE,,,,,,,,,,,,,,,,,,,,,,,,,,,,,,,,
2573,2014,100,NAG,BLUTI,1,7,7,5,23,,,,,NE,,,,,,,,,,,,,,,,,,,,,,,,,,,,,,,,
2574,2014,102,NAG,BLUTI,1,9,,7,23,,,,,NE,,,,,,,,,,,,,,,,,,,,,,,,,,,,,,,,
2575,2014,104,NAG,BLUTI,1,7,,0,25,,,5,,JD,,,,,,,,,,,,,,,,,,,,,,,,,,,,,,,,
2576,2014,105,NAG,BLUTI,1,7,0,0,,,,,7,ED,,,,,,,,,,,,,,,,,,,,,,,,,,,,,,,,
2577,2014,106,NAG,BLUTI,1,8,,6,19,,,,,NE,,,,,,,,,,,,,,,,,,,,,,,,,,,,,,,,
2578,2014,107,NAG,BLUTI,1,8,,5,18,,,,,NE,,,,,,,,,,,,,,,,,,,,,,,,,,,,,,,,
2579,2014,108,NAG,BLUTI,1,,,4,26,,7,7,,NE,,,,,,,,,,,,,,,,,,,,,,,,,,,,,,,,
2580,2014,111,NAG,GRETI,1,6,5,5,25,,,,1,NE,,,,,,,,,,,,,,,,,,,,,,,,,,,,,,,,
2581,2014,112,NAG,BLUTI,1,7,7,4,26,,,,,NE,,,,,,,,,,,,,,,,,,,,,,,,,,,,,,,,
2582,2014,113,NAG,GRETI,1,,,4,42,,,,,NE,,,,,,,,,,,,,,,,,,,,,,,,,,,,,,,,
2583,2014,114,NAG,BLUTI,1,9,8,0,,,,,1,JD,,,,,,,,,,,,,,,,,,,,,,,,,,,,,,,,
2584,2014,115,NAG,BLUTI,1,12,9,9,15,,,,,NE,,,,,,,,,,,,,,,,,,,,,,,,,,,,,,,,
2585,2014,116,NAG,BLUTI,1,8,,4,44,,,,,NE,,,,,,,,,,,,,,,,,,,,,,,,,,,,,,,,
2586,2014,117,NAG,BLUTI,1,,,6,48,,6,6,,NE,,,,,,,,,,,,,,,,,,,,,,,,,,,,,,,,
2587,2014,119,NAG,GRETI,1,7,7,7,32,,,,,NE,,,,,,,,,,,,,,,,,,,,,,,,,,,,,,,,
2588,2014,121,NAG,BLUTI,1,,,7,39,,8,8,,NE,,,,,,,,,,,,,,,,,,,,,,,,,,,,,,,,
2589,2014,123,NAG,BLUTI,1,8,8,8,17,,,,,NE,,,,,,,,,,,,,,,,,,,,,,,,,,,,,,,,
2590,2014,125,NAG,GRETI,1,,,4,31,,6,6,,NE,,,,,,,,,,,,,,,,,,,,,,,,,,,,,,,,
2591,2014,126,NAG,BLUTI,1,7,,3,25,,,5,,NE,,,,,,,,,,,,,,,,,,,,,,,,,,,,,,,,
2592,2014,127,NAG,GRETI,1,,,3,26,,5,5,,NE,,,,,,,,,,,,,,,,,,,,,,,,,,,,,,,,
2593,2014,128,NAG,BLUTI,1,5,,0,38,,,2,,JD,,,,,,,,,,,,,,,,,,,,,,,,,,,,,,,,
2594,2014,129,NAG,BLUTI,1,10,,4,30,,,8,,NE,,,,,,,,,,,,,,,,,,,,,,,,,,,,,,,,
2595,2014,130,NAG,GRETI,1,,,3,25,,3,3,,NE,,,,,,,,,,,,,,,,,,,,,,,,,,,,,,,,
2596,2014,131,NAG,BLUTI,1,,,0,25,,,,,AD,,,,,,,,,,,,,,,,,,,,,,,,,,,,,,,,
2597,2014,133,NAG,BLUTI,1,9,,7,24,,,7,,NE,,,,,,,,,,,,,,,,,,,,,,,,,,,,,,,,
2598,2014,136,NAG,BLUTI,1,8,0,0,28,,,,8,ED,,,,,,,,,,,,,,,,,,,,,,,,,,,,,,,,
2599,2014,137,NAG,BLUTI,1,7,7,0,,,,,,JD,,,,,,,,,,,,,,,,,,,,,,,,,,,,,,,,
2600,2014,138,NAG,GRETI,1,8,8,7,25,,,,,NE,,,,,,,,,,,,,,,,,,,,,,,,,,,,,,,,
2601,2014,139,NAG,BLUTI,1,6,6,6,20,,,,,NE,,,,,,,,,,,,,,,,,,,,,,,,,,,,,,,,
2602,2014,140,NAG,BLUTI,1,,,3,43,,,,,NE,,,,,,,,,,,,,,,,,,,,,,,,,,,,,,,,
2603,2014,142,NAG,BLUTI,1,11,,6,20,,,11,,NE,,,,,,,,,,,,,,,,,,,,,,,,,,,,,,,,
2604,2014,143,NAG,BLUTI,1,9,,0,29,,,7,,JD,,,,,,,,,,,,,,,,,,,,,,,,,,,,,,,,
2605,2014,146,NAG,BLUTI,1,,,0,,,,,,AD,,,,,,,,,,,,,,,,,,,,,,,,,,,,,,,,
2606,2014,149,NAG,BLUTI,1,13,,3,20,,,9,,NE,,,,,,,,,,,,,,,,,,,,,,,,,,,,,,,,
2607,2014,152,NAG,GRETI,1,,,4,27,,5,5,,NE,,,,,,,,,,,,,,,,,,,,,,,,,,,,,,,,
2608,2014,153,NAG,BLUTI,1,7,,0,33,,7,6,,NE,,,,,,,,,,,,,,,,,,,,,,,,,,,,,,,,
2609,2014,154,NAG,GRETI,1,5,5,4,26,,,,,NE,,,,,,,,,,,,,,,,,,,,,,,,,,,,,,,,
2610,2014,157,NAG,BLUTI,1,,,8,29,,8,8,,NE,,,,,,,,,,,,,,,,,,,,,,,,,,,,,,,,
2611,2014,158,NAG,GRETI,1,7,7,7,25,,,,,NE,,,,,,,,,,,,,,,,,,,,,,,,,,,,,,,,
2612,2014,159,NAG,BLUTI,1,,,5,26,,9,9,,NE,,,,,,,,,,,,,,,,,,,,,,,,,,,,,,,,
2613,2014,160,NAG,BLUTI,1,8,8,0,20,,,,,JD,,,,,,,,,,,,,,,,,,,,,,,,,,,,,,,,
2614,2014,163,NAG,BLUTI,1,9,7,6,19,41,,7,2,NE,,,,,,,,,,,,,,,,,,,,,,,,,,,,,,,,
2615,2014,164,NAG,BLUTI,1,9,9,9,18,,,,,NE,,,,,,,,,,,,,,,,,,,,,,,,,,,,,,,,
2616,2014,166,NAG,GRETI,1,6,,5,22,,,5,,NE,,,,,,,,,,,,,,,,,,,,,,,,,,,,,,,,
2617,2014,167,NAG,BLUTI,1,,,3,28,,8,5,1,NE,,,,,,,,,,,,,,,,,,,,,,,,,,,,,,,,
2618,2014,172,NAG,BLUTI,1,8,,0,22,,,7,,JD,,,,,,,,,,,,,,,,,,,,,,,,,,,,,,,,
2619,2014,173,NAG,BLUTI,1,6,6,0,27,,,,,JD,,,,,,,,,,,,,,,,,,,,,,,,,,,,,,,,
2620,2014,174,NAG,BLUTI,1,11,11,10,15,,,,,NE,,,,,,,,,,,,,,,,,,,,,,,,,,,,,,,,
2621,2014,177,NAG,BLUTI,1,11,0,0,,,,,11,ED,,,,,,,,,,,,,,,,,,,,,,,,,,,,,,,,
2622,2014,178,NAG,BLUTI,1,9,9,3,20,,,,,NE,,,,,,,,,,,,,,,,,,,,,,,,,,,,,,,,
2623,2014,179,NAG,BLUTI,1,13,13,4,20,,,,,NE,,,,,,,,,,,,,,,,,,,,,,,,,,,,,,,,
2624,2014,180,NAG,BLUTI,1,10,10,0,18,,,,,JD,,,,,,,,,,,,,,,,,,,,,,,,,,,,,,,,
2625,2014,181,NAG,BLUTI,1,,,5,23,,6,5,,NE,,,,,,,,,,,,,,,,,,,,,,,,,,,,,,,,
2626,2014,184,NAG,BLUTI,1,9,9,5,19,,,,,NE,,,,,,,,,,,,,,,,,,,,,,,,,,,,,,,,
2627,2014,185,NAG,BLUTI,1,11,,0,21,,,8,,JD,,,,,,,,,,,,,,,,,,,,,,,,,,,,,,,,
2628,2014,186,NAG,BLUTI,1,9,,7,21,,,,,NE,,,,,,,,,,,,,,,,,,,,,,,,,,,,,,,,
2629,2014,187,NAG,BLUTI,1,12,,6,16,,,11,,NE,,,,,,,,,,,,,,,,,,,,,,,,,,,,,,,,
2630,2014,188,NAG,BLUTI,1,10,10,10,20,,,,,NE,,,,,,,,,,,,,,,,,,,,,,,,,,,,,,,,
2631,2014,189,NAG,BLUTI,1,12,12,0,24,,,,,JD,,,,,,,,,,,,,,,,,,,,,,,,,,,,,,,,
2632,2014,190,NAG,GRETI,1,6,,5,36,,,,,NE,,,,,,,,,,,,,,,,,,,,,,,,,,,,,,,,
2633,2014,191,NAG,BLUTI,1,,,0,,,7,5,2,JD,,,,,,,,,,,,,,,,,,,,,,,,,,,,,,,,
2634,2014,194,NAG,BLUTI,1,8,8,6,21,,,,,NE,,,,,,,,,,,,,,,,,,,,,,,,,,,,,,,,
2635,2014,195,NAG,GRETI,1,6,5,4,35,,,,1,NE,,,,,,,,,,,,,,,,,,,,,,,,,,,,,,,,
2636,2014,198,NAG,GRETI,1,6,,5,19,,,,,NE,,,,,,,,,,,,,,,,,,,,,,,,,,,,,,,,
2637,2014,202,NAG,GRETI,1,6,,,59,,,,,OU,,,,,,,,,,,,,,,,,,,,,,,,,,,,,,,,
2638,2014,206,NAG,BLUTI,1,8,8,7,29,,,,,NE,,,,,,,,,,,,,,,,,,,,,,,,,,,,,,,,
2639,2014,208,NAG,BLUTI,1,11,,3,47,,,,,JD,,,,,,,,,,,,,,,,,,,,,,,,,,,,,,,,
2640,2014,209,NAG,BLUTI,1,5,,4,26,,,,,NE,,,,,,,,,,,,,,,,,,,,,,,,,,,,,,,,
2641,2014,210,NAG,BLUTI,1,,,3,24,,7,4,,NE,,,,,,,,,,,,,,,,,,,,,,,,,,,,,,,,
2642,2014,211,NAG,BLUTI,1,9,0,0,18,,,,9,ED,,,,,,,,,,,,,,,,,,,,,,,,,,,,,,,,
2643,2014,215,NAG,GRETI,1,7,,3,29,,,3,,NE,,,,,,,,,,,,,,,,,,,,,,,,,,,,,,,,
2644,2014,216,NAG,BLUTI,1,8,8,0,22,,,,,JD,,,,,,,,,,,,,,,,,,,,,,,,,,,,,,,,
2645,2014,217,NAG,GRETI,1,,,6,,,6,6,,NE,,,,,,,,,,,,,,,,,,,,,,,,,,,,,,,,
2646,2014,218,NAG,BLUTI,1,8,,3,24,,,,,NE,,,,,,,,,,,,,,,,,,,,,,,,,,,,,,,,
2647,2014,220,NAG,GRETI,1,7,0,0,25,,,,7,ED,,,,,,,,,,,,,,,,,,,,,,,,,,,,,,,,
2648,2014,222,NAG,BLUTI,1,10,,8,25,,,8,1,NE,,,,,,,,,,,,,,,,,,,,,,,,,,,,,,,,
2649,2014,223,NAG,GRETI,1,4,2,2,35,,,,2,NE,,,,,,,,,,,,,,,,,,,,,,,,,,,,,,,,
2650,2014,225,NAG,BLUTI,1,,,6,19,,7,6,,NE,,,,,,,,,,,,,,,,,,,,,,,,,,,,,,,,
2651,2014,226,NAG,BLUTI,1,8,,6,17,,,6,1,NE,,,,,,,,,,,,,,,,,,,,,,,,,,,,,,,,
2652,2014,227,NAG,BLUTI,1,8,,0,15,,,6,,JD,,,,,,,,,,,,,,,,,,,,,,,,,,,,,,,,
2653,2014,228,NAG,BLUTI,1,,,0,21,,7,5,,JD,,,,,,,,,,,,,,,,,,,,,,,,,,,,,,,,
2654,2014,229,NAG,GRETI,1,6,6,0,37,,,,,JD,,,,,,,,,,,,,,,,,,,,,,,,,,,,,,,,
2655,2014,230,NAG,GRETI,1,,0,0,28,,,,7,ED,,,,,,,,,,,,,,,,,,,,,,,,,,,,,,,,
2656,2014,238,NAG,GRETI,1,8,,0,32,,,6,,JD,,,,,,,,,,,,,,,,,,,,,,,,,,,,,,,,
2657,2014,239,NAG,BLUTI,1,10,10,7,21,,,,,NE,,,,,,,,,,,,,,,,,,,,,,,,,,,,,,,,
2658,2014,240,NAG,GRETI,1,3,0,0,,,,,3,ED,,,,,,,,,,,,,,,,,,,,,,,,,,,,,,,,
2659,2014,245,NAG,GRETI,1,4,,2,29,,,3,,NE,,,,,,,,,,,,,,,,,,,,,,,,,,,,,,,,
2660,2014,246,NAG,BLUTI,1,5,4,4,,,,,1,NE,,,,,,,,,,,,,,,,,,,,,,,,,,,,,,,,
2661,2014,247,NAG,BLUTI,1,11,11,9,22,,,,,NE,,,,,,,,,,,,,,,,,,,,,,,,,,,,,,,,
2662,2014,249,NAG,BLUTI,1,7,7,7,25,,,,,NE,,,,,,,,,,,,,,,,,,,,,,,,,,,,,,,,
2663,2014,250,NAG,GRETI,1,8,,3,22,,,3,,OU,,,,,,,,,,,,,,,,,,,,,,,,,,,,,,,,
2664,2014,251,NAG,BLUTI,1,10,,3,22,,,6,,NE,,,,,,,,,,,,,,,,,,,,,,,,,,,,,,,,
2665,2014,253,NAG,BLUTI,1,7,,0,,,,,,XD,,,,,,,,,,,,,,,,,,,,,,,,,,,,,,,,
2666,2014,255,NAG,BLUTI,1,,,0,57,,4,2,,JD,,,,,,,,,,,,,,,,,,,,,,,,,,,,,,,,
2667,2014,257,NAG,BLUTI,1,6,,3,25,,,3,,NE,,,,,,,,,,,,,,,,,,,,,,,,,,,,,,,,
2668,2014,258,NAG,BLUTI,1,5,,0,28,,,4,,JD,,,,,,,,,,,,,,,,,,,,,,,,,,,,,,,,
2669,2014,259,NAG,BLUTI,1,7,7,4,29,,,,,NE,,,,,,,,,,,,,,,,,,,,,,,,,,,,,,,,
2670,2014,268,NAG,BLUTI,1,7,,3,37,,,4,,NE,,,,,,,,,,,,,,,,,,,,,,,,,,,,,,,,
2671,2014,269,NAG,BLUTI,1,,,4,21,,5,4,,NE,,,,,,,,,,,,,,,,,,,,,,,,,,,,,,,,
2672,2014,270,NAG,BLUTI,1,,,9,25,,9,9,,NE,,,,,,,,,,,,,,,,,,,,,,,,,,,,,,,,
2673,2014,271,NAG,BLUTI,1,11,0,0,18,,,,11,ED,,,,,,,,,,,,,,,,,,,,,,,,,,,,,,,,
2674,2014,272,NAG,BLUTI,1,9,,7,33,,,,,NE,,,,,,,,,,,,,,,,,,,,,,,,,,,,,,,,
2675,2014,274,NAG,BLUTI,1,,,4,19,,5,5,,NE,,,,,,,,,,,,,,,,,,,,,,,,,,,,,,,,
2676,2014,275,NAG,GRETI,1,,,7,26,,7,7,,NE,,,,,,,,,,,,,,,,,,,,,,,,,,,,,,,,
2677,2014,276,NAG,GRETI,1,7,,0,19,,,5,,JD,,,,,,,,,,,,,,,,,,,,,,,,,,,,,,,,
2678,2014,278,NAG,GRETI,1,7,,0,18,48,,2,2,JD,,,,,,,,,,,,,,,,,,,,,,,,,,,,,,,,
2679,2014,279,NAG,GRETI,1,,,6,20,,6,6,,NE,,,,,,,,,,,,,,,,,,,,,,,,,,,,,,,,
2680,2014,280,NAG,GRETI,1,11,,5,18,,,,,NE,,,,,,,,,,,,,,,,,,,,,,,,,,,,,,,,
2681,2014,282,NAG,GRETI,1,15,,7,15,,,,1,NE,,,,,,,,,,,,,,,,,,,,,,,,,,,,,,,,
2682,2014,285,NAG,BLUTI,1,,,0,28,,10,10,,NE,,,,,,,,,,,,,,,,,,,,,,,,,,,,,,,,
2683,2014,287,NAG,BLUTI,1,,,0,,,6,6,,JD,,,,,,,,,,,,,,,,,,,,,,,,,,,,,,,,
2684,2014,288,NAG,BLUTI,1,9,,6,19,,,6,,NE,,,,,,,,,,,,,,,,,,,,,,,,,,,,,,,,
2685,2014,289,NAG,GRETI,1,,,8,16,,9,9,,NE,,,,,,,,,,,,,,,,,,,,,,,,,,,,,,,,
2686,2014,290,NAG,GRETI,1,,,0,,,6,6,,JD,,,,,,,,,,,,,,,,,,,,,,,,,,,,,,,,
2687,2014,296,NAG,BLUTI,1,,,6,27,,7,6,,NE,,,,,,,,,,,,,,,,,,,,,,,,,,,,,,,,
2688,2014,299,NAG,BLUTI,1,,,8,26,,8,8,,NE,,,,,,,,,,,,,,,,,,,,,,,,,,,,,,,,
2689,2014,300,NAG,BLUTI,1,10,0,0,18,,,,10,ED,,,,,,,,,,,,,,,,,,,,,,,,,,,,,,,,
2690,2014,301,NAG,BLUTI,1,,,3,34,,7,7,,NE,,,,,,,,,,,,,,,,,,,,,,,,,,,,,,,,
2691,2014,302,NAG,BLUTI,1,8,0,0,,,,,8,ED,,,,,,,,,,,,,,,,,,,,,,,,,,,,,,,,
2692,2014,303,NAG,BLUTI,1,,,8,25,,9,8,1,NE,,,,,,,,,,,,,,,,,,,,,,,,,,,,,,,,
2693,2014,304,NAG,BLUTI,1,9,9,7,21,,,,,NE,,,,,,,,,,,,,,,,,,,,,,,,,,,,,,,,
2694,2014,307,NAG,BLUTI,1,8,8,4,22,,,,,NE,,,,,,,,,,,,,,,,,,,,,,,,,,,,,,,,
2695,2014,308,NAG,BLUTI,1,,,6,31,,6,6,,NE,,,,,,,,,,,,,,,,,,,,,,,,,,,,,,,,
2696,2014,311,NAG,BLUTI,1,9,,3,28,,,7,,NE,,,,,,,,,,,,,,,,,,,,,,,,,,,,,,,,
2697,2014,313,NAG,GRETI,1,6,6,5,,,,,,NE,,,,,,,,,,,,,,,,,,,,,,,,,,,,,,,,
2698,2014,314,NAG,BLUTI,1,7,7,2,27,,,,,NE,,,,,,,,,,,,,,,,,,,,,,,,,,,,,,,,
2699,2014,315,NAG,BLUTI,1,8,8,8,19,,,,,NE,,,,,,,,,,,,,,,,,,,,,,,,,,,,,,,,
2700,2014,316,NAG,BLUTI,1,8,0,0,33,,,,8,ED,,,,,,,,,,,,,,,,,,,,,,,,,,,,,,,,
2701,2014,317,NAG,BLUTI,1,7,7,6,28,,,,,NE,,,,,,,,,,,,,,,,,,,,,,,,,,,,,,,,
2702,2014,318,NAG,BLUTI,1,,,,,,2,,,OU,,,,,,,,,,,,,,,,,,,,,,,,,,,,,,,,
2703,2014,319,NAG,GRETI,1,8,7,3,36,,,,1,NE,,,,,,,,,,,,,,,,,,,,,,,,,,,,,,,,
2704,2014,320,NAG,GRETI,1,6,6,3,21,,,,,NE,,,,,,,,,,,,,,,,,,,,,,,,,,,,,,,,
2705,2014,322,NAG,BLUTI,1,13,11,5,17,,,,2,NE,,,,,,,,,,,,,,,,,,,,,,,,,,,,,,,,
2706,2014,323,NAG,BLUTI,1,8,7,6,25,,,,1,NE,,,,,,,,,,,,,,,,,,,,,,,,,,,,,,,,
2707,2014,325,NAG,BLUTI,1,,,9,16,,9,9,,NE,,,,,,,,,,,,,,,,,,,,,,,,,,,,,,,,
2708,2014,326,NAG,BLUTI,1,9,,0,21,,,,,AD,,,,,,,,,,,,,,,,,,,,,,,,,,,,,,,,
2709,2014,327,NAG,BLUTI,1,9,9,9,19,,,,,NE,,,,,,,,,,,,,,,,,,,,,,,,,,,,,,,,
2710,2014,329,NAG,GRETI,1,6,6,6,,,,,,NE,,,,,,,,,,,,,,,,,,,,,,,,,,,,,,,,
2711,2014,330,NAG,BLUTI,1,10,10,10,18,,,,,NE,,,,,,,,,,,,,,,,,,,,,,,,,,,,,,,,
2712,2014,331,NAG,BLUTI,1,8,8,0,22,,,,,JD,,,,,,,,,,,,,,,,,,,,,,,,,,,,,,,,
2713,2014,332,NAG,BLUTI,1,10,10,8,22,,,,,NE,,,,,,,,,,,,,,,,,,,,,,,,,,,,,,,,
2714,2014,339,NAG,BLUTI,1,10,,5,21,,,,,NE,,,,,,,,,,,,,,,,,,,,,,,,,,,,,,,,
2715,2014,341,NAG,GRETI,1,5,5,5,21,,,,,NE,,,,,,,,,,,,,,,,,,,,,,,,,,,,,,,,
2716,2014,342,NAG,BLUTI,1,12,0,0,28,,,,12,ED,,,,,,,,,,,,,,,,,,,,,,,,,,,,,,,,
2717,2014,343,NAG,BLUTI,1,,,0,17,,10,8,,JD,,,,,,,,,,,,,,,,,,,,,,,,,,,,,,,,
2718,2014,344,NAG,BLUTI,1,7,,5,18,,,5,1,NE,,,,,,,,,,,,,,,,,,,,,,,,,,,,,,,,
2719,2014,346,NAG,BLUTI,1,8,8,4,21,,,,,NE,,,,,,,,,,,,,,,,,,,,,,,,,,,,,,,,
2720,2014,347,NAG,GRETI,1,7,6,6,23,,,,1,NE,,,,,,,,,,,,,,,,,,,,,,,,,,,,,,,,
2721,2014,348,NAG,GRETI,1,7,,0,22,,,6,,JD,,,,,,,,,,,,,,,,,,,,,,,,,,,,,,,,
2722,2014,349,NAG,GRETI,1,,,,,,,,,OU,,,,,,,,,,,,,,,,,,,,,,,,,,,,,,,,
2723,2014,350,NAG,GRETI,1,3,0,0,,,,,3,ED,,,,,,,,,,,,,,,,,,,,,,,,,,,,,,,,
2724,2014,351,NAG,BLUTI,1,9,,5,17,,,,3,NE,,,,,,,,,,,,,,,,,,,,,,,,,,,,,,,,
2725,2014,353,NAG,GRETI,1,6,,4,30,,,4,,NE,,,,,,,,,,,,,,,,,,,,,,,,,,,,,,,,
2726,2014,358,NAG,BLUTI,1,9,,7,27,,,,1,NE,,,,,,,,,,,,,,,,,,,,,,,,,,,,,,,,
2727,2014,359,NAG,BLUTI,1,11,,8,15,,,8,,NE,,,,,,,,,,,,,,,,,,,,,,,,,,,,,,,,
2728,2014,360,NAG,BLUTI,1,7,7,0,28,,,7,,JD,,,,,,,,,,,,,,,,,,,,,,,,,,,,,,,,
2729,2014,374,NAG,GRETI,1,7,,3,46,,,,,NE,,,,,,,,,,,,,,,,,,,,,,,,,,,,,,,,
2730,2014,375,NAG,BLUTI,1,7,0,0,,,,,7,ED,,,,,,,,,,,,,,,,,,,,,,,,,,,,,,,,
2731,2014,376,NAG,BLUTI,1,10,,7,16,,,7,1,NE,,,,,,,,,,,,,,,,,,,,,,,,,,,,,,,,
2732,2014,401,NAG,BLUTI,1,8,7,7,23,,,,1,NE,,,,,,,,,,,,,,,,,,,,,,,,,,,,,,,,
2733,2014,404,NAG,GRETI,1,10,,8,26,,,,,NE,,,,,,,,,,,,,,,,,,,,,,,,,,,,,,,,
2734,2014,405,NAG,BLUTI,1,9,9,0,29,,,,,JD,,,,,,,,,,,,,,,,,,,,,,,,,,,,,,,,
2735,2014,406,NAG,BLUTI,1,,,8,29,,8,8,,NE,,,,,,,,,,,,,,,,,,,,,,,,,,,,,,,,
2736,2014,407,NAG,BLUTI,1,11,,7,18,,,,2,NE,,,,,,,,,,,,,,,,,,,,,,,,,,,,,,,,
2737,2014,408,NAG,BLUTI,1,,,6,26,,7,6,,NE,,,,,,,,,,,,,,,,,,,,,,,,,,,,,,,,
2738,2014,409,NAG,BLUTI,1,9,,5,30,,,5,,NE,,,,,,,,,,,,,,,,,,,,,,,,,,,,,,,,
2739,2014,410,NAG,BLUTI,1,9,,6,23,,,,,NE,,,,,,,,,,,,,,,,,,,,,,,,,,,,,,,,
2740,2014,412,NAG,BLUTI,1,7,7,7,27,,,,,NE,,,,,,,,,,,,,,,,,,,,,,,,,,,,,,,,
2741,2014,413,NAG,GRETI,1,2,2,2,42,,,,,NE,,,,,,,,,,,,,,,,,,,,,,,,,,,,,,,,
2742,2014,414,NAG,BLUTI,1,8,8,2,28,,,,,NE,,,,,,,,,,,,,,,,,,,,,,,,,,,,,,,,
2743,2014,415,NAG,BLUTI,1,12,10,6,31,,,,2,NE,,,,,,,,,,,,,,,,,,,,,,,,,,,,,,,,
2744,2014,416,NAG,GRETI,1,5,5,5,22,,,,,NE,,,,,,,,,,,,,,,,,,,,,,,,,,,,,,,,
2745,2014,417,NAG,BLUTI,1,9,8,3,33,,,,1,NE,,,,,,,,,,,,,,,,,,,,,,,,,,,,,,,,
2746,2014,418,NAG,BLUTI,1,6,0,0,24,,,,6,ED,,,,,,,,,,,,,,,,,,,,,,,,,,,,,,,,
2747,2014,419,NAG,BLUTI,1,9,0,0,17,,,,9,ED,,,,,,,,,,,,,,,,,,,,,,,,,,,,,,,,
2748,2014,421,NAG,BLUTI,1,11,0,0,25,,,,11,ED,,,,,,,,,,,,,,,,,,,,,,,,,,,,,,,,
2749,2014,422,NAG,BLUTI,1,6,6,6,21,,,,,NE,,,,,,,,,,,,,,,,,,,,,,,,,,,,,,,,
2750,2014,424,NAG,GRETI,1,7,7,7,30,,,,,NE,,,,,,,,,,,,,,,,,,,,,,,,,,,,,,,,
2751,2014,426,NAG,GRETI,1,10,,6,24,,,,3,NE,,,,,,,,,,,,,,,,,,,,,,,,,,,,,,,,
2752,2014,427,NAG,BLUTI,1,11,0,0,29,,,,11,ED,,,,,,,,,,,,,,,,,,,,,,,,,,,,,,,,
2753,2014,428,NAG,BLUTI,1,10,,5,19,,,,1,NE,,,,,,,,,,,,,,,,,,,,,,,,,,,,,,,,
2754,2014,430,NAG,GRETI,1,7,,2,19,,,,,NE,,,,,,,,,,,,,,,,,,,,,,,,,,,,,,,,
2755,2014,437,NAG,BLUTI,1,11,11,7,19,,,,,NE,,,,,,,,,,,,,,,,,,,,,,,,,,,,,,,,
2756,2014,438,NAG,BLUTI,1,12,0,0,18,,,,12,ED,,,,,,,,,,,,,,,,,,,,,,,,,,,,,,,,
2757,2014,439,NAG,GRETI,1,9,,7,29,,,,,NE,,,,,,,,,,,,,,,,,,,,,,,,,,,,,,,,
2758,2014,440,NAG,GRETI,1,8,,4,32,,,,,NE,,,,,,,,,,,,,,,,,,,,,,,,,,,,,,,,
2759,2014,441,NAG,BLUTI,1,7,,0,38,,,,,NE,,,,,,,,,,,,,,,,,,,,,,,,,,,,,,,,
2760,2014,138A,NAG,BLUTI,1,9,9,8,27,49,,,,NE,,,,,,,,,,,,,,,,,,,,,,,,,,,,,,,,
2761,2014,330A,NAG,GRETI,1,5,4,4,21,,,,1,NE,,,,,,,,,,,,,,,,,,,,,,,,,,,,,,,,
2762,2014,70A,NAG,BLUTI,1,6,,5,27,,,5,,NE,,,,,,,,,,,,,,,,,,,,,,,,,,,,,,,,
2763,2014,F3,NAG,BLUTI,1,11,11,10,16,,,,,NE,,,,,,,,,,,,,,,,,,,,,,,,,,,,,,,,
2764,2014,F4,NAG,BLUTI,1,11,3,0,18,,,,8,JD,,,,,,,,,,,,,,,,,,,,,,,,,,,,,,,,
2765,2014,R10,NAG,BLUTI,1,9,,4,27,,,6,2,NE,,,,,,,,,,,,,,,,,,,,,,,,,,,,,,,,
2766,2014,R12,NAG,BLUTI,1,13,,9,17,,,,,NE,,,,,,,,,,,,,,,,,,,,,,,,,,,,,,,,
2767,2014,R13,NAG,BLUTI,1,10,9,0,23,,,,1,JD,,,,,,,,,,,,,,,,,,,,,,,,,,,,,,,,
2768,2014,R14,NAG,BLUTI,1,12,,3,15,,,10,1,NE,,,,,,,,,,,,,,,,,,,,,,,,,,,,,,,,
2769,2014,R2,NAG,BLUTI,1,4,,0,36,,,,1,JD,,,,,,,,,,,,,,,,,,,,,,,,,,,,,,,,
2770,2014,R4,NAG,GRETI,1,,,5,33,,8,7,,NE,,,,,,,,,,,,,,,,,,,,,,,,,,,,,,,,
2771,2014,R5,NAG,BLUTI,1,9,9,8,15,,,,,NE,,,,,,,,,,,,,,,,,,,,,,,,,,,,,,,,
2772,2014,R7,NAG,BLUTI,1,11,0,0,20,,,,11,ED,,,,,,,,,,,,,,,,,,,,,,,,,,,,,,,,
2773,2014,R8,NAG,BLUTI,1,10,,0,28,,,,,JD,,,,,,,,,,,,,,,,,,,,,,,,,,,,,,,,
2774,2014,R9,NAG,GRETI,1,,,0,,,5,5,,JD,,,,,,,,,,,,,,,,,,,,,,,,,,,,,,,,
2775,2015,1,NAG,BLUTI,1,,,7,,,8,8,,NE,,,,,,,,,,,,,,,,,,,,,,,,,,,,,,,,
2776,2015,3,NAG,BLUTI,1,,,2,,,4,4,,NE,,,,,,,,,,,,,,,,,,,,,,,,,,,,,,,,
2777,2015,6,NAG,GRETI,1,6,,2,,,6,4,,NE,,,,,,,,,,,,,,,,,,,,,,,,,,,,,,,,
2778,2015,8,NAG,BLUTI,1,7,,6,,,,,,NE,,,,,,,,,,,,,,,,,,,,,,,,,,,,,,,,
2779,2015,9,NAG,GRETI,1,,,4,,,5,5,,NE,,,,,,,,,,,,,,,,,,,,,,,,,,,,,,,,
2780,2015,10,NAG,BLUTI,1,8,8,3,,,,,,NE,,,,,,,,,,,,,,,,,,,,,,,,,,,,,,,,
2781,2015,11,NAG,BLUTI,1,,,2,,,6,6,,NE,,,,,,,,,,,,,,,,,,,,,,,,,,,,,,,,
2782,2015,13,NAG,BLUTI,1,,,0,,,5,5,,JD,,,,,,,,,,,,,,,,,,,,,,,,,,,,,,,,
2783,2015,14,NAG,BLUTI,1,,,3,,,5,5,,NE,,,,,,,,,,,,,,,,,,,,,,,,,,,,,,,,
2784,2015,15,NAG,BLUTI,1,,,5,,,9,5,,NE,,,,,,,,,,,,,,,,,,,,,,,,,,,,,,,,
2785,2015,16,NAG,BLUTI,1,10,,9,,,,9,,NE,,,,,,,,,,,,,,,,,,,,,,,,,,,,,,,,
2786,2015,20,NAG,BLUTI,1,7,,,,,,6,,JD,,,,,,,,,,,,,,,,,,,,,,,,,,,,,,,,
2787,2015,21,NAG,BLUTI,1,6,,1,,,,,1,NE,,,,,,,,,,,,,,,,,,,,,,,,,,,,,,,,
2788,2015,22,NAG,GRETI,1,,,2,,,4,3,,NE,,,,,,,,,,,,,,,,,,,,,,,,,,,,,,,,
2789,2015,23,NAG,BLUTI,1,,,8,,,8,8,,NE,,,,,,,,,,,,,,,,,,,,,,,,,,,,,,,,
2790,2015,24,NAG,GRETI,1,,,3,,,8,8,,NE,,,,,,,,,,,,,,,,,,,,,,,,,,,,,,,,
2791,2015,28,NAG,GRETI,1,,,3,,,4,4,,NE,,,,,,,,,,,,,,,,,,,,,,,,,,,,,,,,
2792,2015,30,NAG,BLUTI,1,8,8,6,,,,,,NE,,,,,,,,,,,,,,,,,,,,,,,,,,,,,,,,
2793,2015,31,NAG,BLUTI,1,6,6,0,,,,,,NE,,,,,,,,,,,,,,,,,,,,,,,,,,,,,,,,
2794,2015,33,NAG,GRETI,1,,,3,,,4,4,,NE,,,,,,,,,,,,,,,,,,,,,,,,,,,,,,,,
2795,2015,35,NAG,BLUTI,1,,,3,,,6,6,,NE,,,,,,,,,,,,,,,,,,,,,,,,,,,,,,,,
2796,2015,37,NAG,BLUTI,1,8,8,8,,,,,,NE,,,,,,,,,,,,,,,,,,,,,,,,,,,,,,,,
2797,2015,38,NAG,BLUTI,1,5,5,4,,,,,,NE,,,,,,,,,,,,,,,,,,,,,,,,,,,,,,,,
2798,2015,42,NAG,BLUTI,1,8,,3,,,,,,NE,,,,,,,,,,,,,,,,,,,,,,,,,,,,,,,,
2799,2015,44,NAG,BLUTI,1,8,,3,,,,,,NE,,,,,,,,,,,,,,,,,,,,,,,,,,,,,,,,
2800,2015,45,NAG,BLUTI,1,,,5,,,6,6,,NE,,,,,,,,,,,,,,,,,,,,,,,,,,,,,,,,
2801,2015,47,NAG,BLUTI,1,7,,5,,,,5,,NE,,,,,,,,,,,,,,,,,,,,,,,,,,,,,,,,
2802,2015,48,NAG,GRETI,1,,,3,,,5,4,,NE,,,,,,,,,,,,,,,,,,,,,,,,,,,,,,,,
2803,2015,49,NAG,BLUTI,1,8,,3,,,,,,NE,,,,,,,,,,,,,,,,,,,,,,,,,,,,,,,,
2804,2015,52,NAG,BLUTI,1,9,,2,,,,,1,NE,,,,,,,,,,,,,,,,,,,,,,,,,,,,,,,,
2805,2015,55,NAG,BLUTI,1,,,5,,,,,,NE,,,,,,,,,,,,,,,,,,,,,,,,,,,,,,,,
2806,2015,56,NAG,BLUTI,1,9,,6,,,,,,NE,,,,,,,,,,,,,,,,,,,,,,,,,,,,,,,,
2807,2015,57,NAG,GRETI,1,5,5,3,,,,,,NE,,,,,,,,,,,,,,,,,,,,,,,,,,,,,,,,
2808,2015,59,NAG,BLUTI,1,7,,4,,,,,,NE,,,,,,,,,,,,,,,,,,,,,,,,,,,,,,,,
2809,2015,60,NAG,BLUTI,1,6,6,6,,,,,,NE,,,,,,,,,,,,,,,,,,,,,,,,,,,,,,,,
2810,2015,61,NAG,BLUTI,1,7,,6,,,,,,NE,,,,,,,,,,,,,,,,,,,,,,,,,,,,,,,,
2811,2015,62,NAG,BLUTI,1,,,2,,,8,8,,NE,,,,,,,,,,,,,,,,,,,,,,,,,,,,,,,,
2812,2015,63,NAG,GRETI,1,,,3,,,4,4,,NE,,,,,,,,,,,,,,,,,,,,,,,,,,,,,,,,
2813,2015,68,NAG,BLUTI,1,7,0,0,,,,,7,ED,,,,,,,,,,,,,,,,,,,,,,,,,,,,,,,,
2814,2015,70,NAG,BLUTI,1,9,9,9,,,,,,NE,,,,,,,,,,,,,,,,,,,,,,,,,,,,,,,,
2815,2015,72,NAG,BLUTI,1,7,7,7,,47,,,,NE,,,,,,,,,,,,,,,,,,,,,,,,,,,,,,,,
2816,2015,73,NAG,BLUTI,1,10,,7,,,,8,,NE,,,,,,,,,,,,,,,,,,,,,,,,,,,,,,,,
2817,2015,74,NAG,GRETI,1,5,,3,,,,,,NE,,,,,,,,,,,,,,,,,,,,,,,,,,,,,,,,
2818,2015,75,NAG,BLUTI,1,11,,2,,,,,,NE,,,,,,,,,,,,,,,,,,,,,,,,,,,,,,,,
2819,2015,76,NAG,GRETI,1,4,3,3,,,,,1,NE,,,,,,,,,,,,,,,,,,,,,,,,,,,,,,,,
2820,2015,78,NAG,BLUTI,1,8,8,6,,,,,,NE,,,,,,,,,,,,,,,,,,,,,,,,,,,,,,,,
2821,2015,80,NAG,BLUTI,1,,,6,,,,,,NE,,,,,,,,,,,,,,,,,,,,,,,,,,,,,,,,
2822,2015,82,NAG,GRETI,1,6,5,3,,,,,1,NE,,,,,,,,,,,,,,,,,,,,,,,,,,,,,,,,
2823,2015,84,NAG,BLUTI,1,,,4,,,,,,NE,,,,,,,,,,,,,,,,,,,,,,,,,,,,,,,,
2824,2015,86,NAG,BLUTI,1,,,5,,,5,,,NE,,,,,,,,,,,,,,,,,,,,,,,,,,,,,,,,
2825,2015,91,NAG,GRETI,1,6,,1,,,,,1,NE,,,,,,,,,,,,,,,,,,,,,,,,,,,,,,,,
2826,2015,93,NAG,BLUTI,1,9,,9,,,,,,NE,,,,,,,,,,,,,,,,,,,,,,,,,,,,,,,,
2827,2015,94,NAG,BLUTI,1,10,,2,,,,7,,NE,,,,,,,,,,,,,,,,,,,,,,,,,,,,,,,,
2828,2015,96,NAG,BLUTI,1,6,6,6,,,,,,NE,,,,,,,,,,,,,,,,,,,,,,,,,,,,,,,,
2829,2015,98,NAG,GRETI,1,3,3,0,,,,,,JD,,,,,,,,,,,,,,,,,,,,,,,,,,,,,,,,
2830,2015,101,NAG,GRETI,1,,,4,,,4,4,,NE,,,,,,,,,,,,,,,,,,,,,,,,,,,,,,,,
2831,2015,102,NAG,BLUTI,1,8,,4,,,,6,,NE,,,,,,,,,,,,,,,,,,,,,,,,,,,,,,,,
2832,2015,103,NAG,NUTHA,1,6,6,5,,,,,,NE,,,,,,,,,,,,,,,,,,,,,,,,,,,,,,,,
2833,2015,104,NAG,BLUTI,1,,,2,,,,6,,NE,,,,,,,,,,,,,,,,,,,,,,,,,,,,,,,,
2834,2015,105,NAG,GRETI,1,,,6,,,6,6,,NE,,,,,,,,,,,,,,,,,,,,,,,,,,,,,,,,
2835,2015,106,NAG,BLUTI,1,11,10,10,,,,,,NE,,,,,,,,,,,,,,,,,,,,,,,,,,,,,,,,
2836,2015,107,NAG,BLUTI,1,7,7,7,,,,,,NE,,,,,,,,,,,,,,,,,,,,,,,,,,,,,,,,
2837,2015,110,NAG,BLUTI,1,,,2,,,9,9,,NE,,,,,,,,,,,,,,,,,,,,,,,,,,,,,,,,
2838,2015,111,NAG,GRETI,1,6,6,2,,,,,,NE,,,,,,,,,,,,,,,,,,,,,,,,,,,,,,,,
2839,2015,114,NAG,GRETI,1,,,6,,,6,6,,NE,,,,,,,,,,,,,,,,,,,,,,,,,,,,,,,,
2840,2015,115,NAG,BLUTI,1,9,9,9,,,,,,NE,,,,,,,,,,,,,,,,,,,,,,,,,,,,,,,,
2841,2015,116,NAG,BLUTI,1,,,6,,,6,6,,NE,,,,,,,,,,,,,,,,,,,,,,,,,,,,,,,,
2842,2015,118,NAG,GRETI,1,,,4,,,,,,NE,,,,,,,,,,,,,,,,,,,,,,,,,,,,,,,,
2843,2015,120,NAG,BLUTI,1,,,4,,,6,6,,NE,,,,,,,,,,,,,,,,,,,,,,,,,,,,,,,,
2844,2015,121,NAG,BLUTI,1,,,5,,,9,8,,NE,,,,,,,,,,,,,,,,,,,,,,,,,,,,,,,,
2845,2015,122,NAG,BLUTI,1,,,2,,,8,7,,NE,,,,,,,,,,,,,,,,,,,,,,,,,,,,,,,,
2846,2015,123,NAG,BLUTI,1,,,6,,,6,6,,NE,,,,,,,,,,,,,,,,,,,,,,,,,,,,,,,,
2847,2015,124,NAG,NUTHA,1,,,3,,,7,7,,NE,,,,,,,,,,,,,,,,,,,,,,,,,,,,,,,,
2848,2015,125,NAG,BLUTI,1,8,,2,,,,7,,NE,,,,,,,,,,,,,,,,,,,,,,,,,,,,,,,,
2849,2015,126,NAG,NUTHA,1,,,5,,,6,6,,NE,,,,,,,,,,,,,,,,,,,,,,,,,,,,,,,,
2850,2015,127,NAG,GRETI,1,7,,0,,,,3,,JD,,,,,,,,,,,,,,,,,,,,,,,,,,,,,,,,
2851,2015,128,NAG,BLUTI,1,8,,0,,,,2,,JD,,,,,,,,,,,,,,,,,,,,,,,,,,,,,,,,
2852,2015,131,NAG,BLUTI,1,8,,0,,,,1,,JD,,,,,,,,,,,,,,,,,,,,,,,,,,,,,,,,
2853,2015,132,NAG,BLUTI,1,9,9,9,,,,,,NE,,,,,,,,,,,,,,,,,,,,,,,,,,,,,,,,
2854,2015,133,NAG,BLUTI,1,8,,7,,,,,,NE,,,,,,,,,,,,,,,,,,,,,,,,,,,,,,,,
2855,2015,134,NAG,BLUTI,1,7,,5,,,,,,NE,,,,,,,,,,,,,,,,,,,,,,,,,,,,,,,,
2856,2015,135,NAG,NUTHA,1,6,,3,,,,,,NE,,,,,,,,,,,,,,,,,,,,,,,,,,,,,,,,
2857,2015,138,NAG,GRETI,1,4,3,3,,,,,1,NE,,,,,,,,,,,,,,,,,,,,,,,,,,,,,,,,
2858,2015,139,NAG,BLUTI,1,9,,6,,,,,,NE,,,,,,,,,,,,,,,,,,,,,,,,,,,,,,,,
2859,2015,140,NAG,GRETI,1,6,,4,,,,,,OU,,,,,,,,,,,,,,,,,,,,,,,,,,,,,,,,
2860,2015,142,NAG,BLUTI,1,8,,6,,,,,,NE,,,,,,,,,,,,,,,,,,,,,,,,,,,,,,,,
2861,2015,143,NAG,BLUTI,1,,,3,,,6,5,1,NE,,,,,,,,,,,,,,,,,,,,,,,,,,,,,,,,
2862,2015,144,NAG,GRETI,1,6,,5,,,,,,NE,,,,,,,,,,,,,,,,,,,,,,,,,,,,,,,,
2863,2015,145,NAG,BLUTI,1,9,,7,,,,,,NE,,,,,,,,,,,,,,,,,,,,,,,,,,,,,,,,
2864,2015,146,NAG,GRETI,1,5,,2,,,,4,,NE,,,,,,,,,,,,,,,,,,,,,,,,,,,,,,,,
2865,2015,149,NAG,BLUTI,1,8,,3,,,,,,NE,,,,,,,,,,,,,,,,,,,,,,,,,,,,,,,,
2866,2015,150,NAG,BLUTI,1,,,3,,,6,6,,NE,,,,,,,,,,,,,,,,,,,,,,,,,,,,,,,,
2867,2015,153,NAG,GRETI,1,,,4,,,4,4,,NE,,,,,,,,,,,,,,,,,,,,,,,,,,,,,,,,
2868,2015,154,NAG,GRETI,1,4,3,0,,,,,1,JD,,,,,,,,,,,,,,,,,,,,,,,,,,,,,,,,
2869,2015,156,NAG,BLUTI,1,,,6,,,10,10,,NE,,,,,,,,,,,,,,,,,,,,,,,,,,,,,,,,
2870,2015,158,NAG,GRETI,1,5,,3,,,,,1,NE,,,,,,,,,,,,,,,,,,,,,,,,,,,,,,,,
2871,2015,159,NAG,BLUTI,1,8,,6,,,,,,NE,,,,,,,,,,,,,,,,,,,,,,,,,,,,,,,,
2872,2015,160,NAG,BLUTI,1,8,8,2,,,,,,NE,,,,,,,,,,,,,,,,,,,,,,,,,,,,,,,,
2873,2015,161,NAG,BLUTI,1,9,9,5,,,,,,NE,,,,,,,,,,,,,,,,,,,,,,,,,,,,,,,,
2874,2015,162,NAG,BLUTI,1,5,5,2,,,,,,NE,,,,,,,,,,,,,,,,,,,,,,,,,,,,,,,,
2875,2015,163,NAG,GRETI,1,6,,0,,,,3,1,JD,,,,,,,,,,,,,,,,,,,,,,,,,,,,,,,,
2876,2015,165,NAG,BLUTI,1,,,0,,,6,6,,JD,,,,,,,,,,,,,,,,,,,,,,,,,,,,,,,,
2877,2015,166,NAG,GRETI,1,6,,3,,,,4,,NE,,,,,,,,,,,,,,,,,,,,,,,,,,,,,,,,
2878,2015,168,NAG,BLUTI,1,,,0,,,4,3,,JD,,,,,,,,,,,,,,,,,,,,,,,,,,,,,,,,
2879,2015,170,NAG,BLUTI,1,6,6,5,,,,,,NE,,,,,,,,,,,,,,,,,,,,,,,,,,,,,,,,
2880,2015,172,NAG,BLUTI,1,4,4,4,,,,,,NE,,,,,,,,,,,,,,,,,,,,,,,,,,,,,,,,
2881,2015,174,NAG,GRETI,1,5,,0,,,,4,,NE,,,,,,,,,,,,,,,,,,,,,,,,,,,,,,,,
2882,2015,175,NAG,NUTHA,1,6,,4,,,,5,,NE,,,,,,,,,,,,,,,,,,,,,,,,,,,,,,,,
2883,2015,177,NAG,BLUTI,1,6,,2,,,,4,,NE,,,,,,,,,,,,,,,,,,,,,,,,,,,,,,,,
2884,2015,178,NAG,BLUTI,1,,,7,,,8,8,,NE,,,,,,,,,,,,,,,,,,,,,,,,,,,,,,,,
2885,2015,180,NAG,BLUTI,1,,,6,,,8,8,,NE,,,,,,,,,,,,,,,,,,,,,,,,,,,,,,,,
2886,2015,181,NAG,GRETI,1,,,2,,,4,2,,NE,,,,,,,,,,,,,,,,,,,,,,,,,,,,,,,,
2887,2015,185,NAG,BLUTI,1,8,,3,,,8,4,,NE,,,,,,,,,,,,,,,,,,,,,,,,,,,,,,,,
2888,2015,186,NAG,BLUTI,1,7,7,2,,,,,,NE,,,,,,,,,,,,,,,,,,,,,,,,,,,,,,,,
2889,2015,187,NAG,GRETI,1,4,,3,,,,,,NE,,,,,,,,,,,,,,,,,,,,,,,,,,,,,,,,
2890,2015,188,NAG,BLUTI,1,,,8,,,,,,NE,,,,,,,,,,,,,,,,,,,,,,,,,,,,,,,,
2891,2015,189,NAG,GRETI,1,,,5,,,5,5,,NE,,,,,,,,,,,,,,,,,,,,,,,,,,,,,,,,
2892,2015,190,NAG,BLUTI,1,7,7,6,,,,,,NE,,,,,,,,,,,,,,,,,,,,,,,,,,,,,,,,
2893,2015,191,NAG,BLUTI,1,,,6,,,7,6,,NE,,,,,,,,,,,,,,,,,,,,,,,,,,,,,,,,
2894,2015,194,NAG,BLUTI,1,8,,0,,,,7,,JD,,,,,,,,,,,,,,,,,,,,,,,,,,,,,,,,
2895,2015,195,NAG,GRETI,1,5,5,0,,,,,,JD,,,,,,,,,,,,,,,,,,,,,,,,,,,,,,,,
2896,2015,197,NAG,BLUTI,1,7,,0,,,,6,,JD,,,,,,,,,,,,,,,,,,,,,,,,,,,,,,,,
2897,2015,198,NAG,GRETI,1,5,5,5,,,,,,NE,,,,,,,,,,,,,,,,,,,,,,,,,,,,,,,,
2898,2015,199,NAG,BLUTI,1,11,,0,,,,9,,JD,,,,,,,,,,,,,,,,,,,,,,,,,,,,,,,,
2899,2015,201,NAG,GRETI,1,,0,0,,,5,,,ED,,,,,,,,,,,,,,,,,,,,,,,,,,,,,,,,
2900,2015,205,NAG,GRETI,1,6,5,0,,,,,1,JD,,,,,,,,,,,,,,,,,,,,,,,,,,,,,,,,
2901,2015,206,NAG,BLUTI,1,7,,5,,,,,,NE,,,,,,,,,,,,,,,,,,,,,,,,,,,,,,,,
2902,2015,207,NAG,BLUTI,1,,,2,,,7,7,,NE,,,,,,,,,,,,,,,,,,,,,,,,,,,,,,,,
2903,2015,208,NAG,GRETI,1,7,,2,,,,2,,NE,,,,,,,,,,,,,,,,,,,,,,,,,,,,,,,,
2904,2015,209,NAG,GRETI,1,,,1,,,4,3,,NE,,,,,,,,,,,,,,,,,,,,,,,,,,,,,,,,
2905,2015,210,NAG,BLUTI,1,9,,2,,,,6,,NE,,,,,,,,,,,,,,,,,,,,,,,,,,,,,,,,
2906,2015,211,NAG,BLUTI,1,7,,3,,,,,,NE,,,,,,,,,,,,,,,,,,,,,,,,,,,,,,,,
2907,2015,212,NAG,GRETI,1,6,0,0,,,,,6,ED,,,,,,,,,,,,,,,,,,,,,,,,,,,,,,,,
2908,2015,214,NAG,BLUTI,1,8,0,0,,,,,8,ED,,,,,,,,,,,,,,,,,,,,,,,,,,,,,,,,
2909,2015,215,NAG,GRETI,1,,,1,,,6,6,,NE,,,,,,,,,,,,,,,,,,,,,,,,,,,,,,,,
2910,2015,216,NAG,BLUTI,1,6,6,6,,,,,,NE,,,,,,,,,,,,,,,,,,,,,,,,,,,,,,,,
2911,2015,217,NAG,GRETI,1,,,3,,,4,4,,NE,,,,,,,,,,,,,,,,,,,,,,,,,,,,,,,,
2912,2015,218,NAG,BLUTI,1,,,0,,,7,5,,JD,,,,,,,,,,,,,,,,,,,,,,,,,,,,,,,,
2913,2015,219,NAG,GRETI,1,7,,5,,,,,,NE,,,,,,,,,,,,,,,,,,,,,,,,,,,,,,,,
2914,2015,220,NAG,GRETI,1,,,5,,,6,5,1,NE,,,,,,,,,,,,,,,,,,,,,,,,,,,,,,,,
2915,2015,221,NAG,GRETI,1,4,4,0,,,,,,JD,,,,,,,,,,,,,,,,,,,,,,,,,,,,,,,,
2916,2015,222,NAG,GRETI,1,,,4,,,5,4,,NE,,,,,,,,,,,,,,,,,,,,,,,,,,,,,,,,
2917,2015,225,NAG,BLUTI,1,,,0,,,7,5,,JD,,,,,,,,,,,,,,,,,,,,,,,,,,,,,,,,
2918,2015,226,NAG,BLUTI,1,,,2,,,3,3,,NE,,,,,,,,,,,,,,,,,,,,,,,,,,,,,,,,
2919,2015,227,NAG,BLUTI,1,6,,0,,,5,2,,JD,,,,,,,,,,,,,,,,,,,,,,,,,,,,,,,,
2920,2015,228,NAG,BLUTI,1,7,7,6,,,,,,NE,,,,,,,,,,,,,,,,,,,,,,,,,,,,,,,,
2921,2015,229,NAG,BLUTI,1,6,6,4,,,,,,NE,,,,,,,,,,,,,,,,,,,,,,,,,,,,,,,,
2922,2015,230,NAG,GRETI,1,,,6,,,6,6,,NE,,,,,,,,,,,,,,,,,,,,,,,,,,,,,,,,
2923,2015,238,NAG,GRETI,1,8,,3,,,,,,NE,,,,,,,,,,,,,,,,,,,,,,,,,,,,,,,,
2924,2015,239,NAG,BLUTI,1,8,7,7,,,,,1,NE,,,,,,,,,,,,,,,,,,,,,,,,,,,,,,,,
2925,2015,246,NAG,BLUTI,1,9,9,7,,,,,,NE,,,,,,,,,,,,,,,,,,,,,,,,,,,,,,,,
2926,2015,249,NAG,BLUTI,1,7,7,7,,,,,,NE,,,,,,,,,,,,,,,,,,,,,,,,,,,,,,,,
2927,2015,250,NAG,GRETI,1,,,1,,,,,,NE,,,,,,,,,,,,,,,,,,,,,,,,,,,,,,,,
2928,2015,251,NAG,BLUTI,1,9,,5,,,,,,NE,,,,,,,,,,,,,,,,,,,,,,,,,,,,,,,,
2929,2015,253,NAG,GRETI,1,6,,3,,,,,,NE,,,,,,,,,,,,,,,,,,,,,,,,,,,,,,,,
2930,2015,257,NAG,NUTHA,1,6,,4,,,,,1,NE,,,,,,,,,,,,,,,,,,,,,,,,,,,,,,,,
2931,2015,258,NAG,NUTHA,1,,,3,,,,,,NE,,,,,,,,,,,,,,,,,,,,,,,,,,,,,,,,
2932,2015,267,NAG,BLUTI,1,7,,3,,,,5,,NE,,,,,,,,,,,,,,,,,,,,,,,,,,,,,,,,
2933,2015,268,NAG,GRETI,1,5,,4,,,,,,NE,,,,,,,,,,,,,,,,,,,,,,,,,,,,,,,,
2934,2015,270,NAG,BLUTI,1,,,5,,,,,,NE,,,,,,,,,,,,,,,,,,,,,,,,,,,,,,,,
2935,2015,271,NAG,NUTHA,1,7,,5,,,,,,NE,,,,,,,,,,,,,,,,,,,,,,,,,,,,,,,,
2936,2015,272,NAG,BLUTI,1,,,7,,,,,,NE,,,,,,,,,,,,,,,,,,,,,,,,,,,,,,,,
2937,2015,273,NAG,BLUTI,1,8,,0,,,,,2,JD,,,,,,,,,,,,,,,,,,,,,,,,,,,,,,,,
2938,2015,274,NAG,BLUTI,1,,,8,,,8,,,NE,,,,,,,,,,,,,,,,,,,,,,,,,,,,,,,,
2939,2015,275,NAG,GRETI,1,8,,7,,,,,,NE,,,,,,,,,,,,,,,,,,,,,,,,,,,,,,,,
2940,2015,276,NAG,BLUTI,1,,,8,,,,,,NE,,,,,,,,,,,,,,,,,,,,,,,,,,,,,,,,
2941,2015,278,NAG,BLUTI,1,,,5,,,5,5,,NE,,,,,,,,,,,,,,,,,,,,,,,,,,,,,,,,
2942,2015,279,NAG,GRETI,1,,,6,,,7,6,,NE,,,,,,,,,,,,,,,,,,,,,,,,,,,,,,,,
2943,2015,280,NAG,GRETI,1,8,,5,,,,,,NE,,,,,,,,,,,,,,,,,,,,,,,,,,,,,,,,
2944,2015,282,NAG,BLUTI,1,9,,8,,,,,,NE,,,,,,,,,,,,,,,,,,,,,,,,,,,,,,,,
2945,2015,284,NAG,BLUTI,1,,,8,,,8,8,,NE,,,,,,,,,,,,,,,,,,,,,,,,,,,,,,,,
2946,2015,287,NAG,BLUTI,1,,,7,,,7,7,,NE,,,,,,,,,,,,,,,,,,,,,,,,,,,,,,,,
2947,2015,288,NAG,BLUTI,1,9,9,9,,,,,,NE,,,,,,,,,,,,,,,,,,,,,,,,,,,,,,,,
2948,2015,289,NAG,GRETI,1,,,7,,,7,7,,NE,,,,,,,,,,,,,,,,,,,,,,,,,,,,,,,,
2949,2015,290,NAG,GRETI,1,,,5,,,8,8,,NE,,,,,,,,,,,,,,,,,,,,,,,,,,,,,,,,
2950,2015,291,NAG,GRETI,1,,,4,,48,4,4,,NE,,,,,,,,,,,,,,,,,,,,,,,,,,,,,,,,
2951,2015,296,NAG,NUTHA,1,7,7,7,,,,,,NE,,,,,,,,,,,,,,,,,,,,,,,,,,,,,,,,
2952,2015,301,NAG,GRETI,1,,,3,,,5,3,,OU,,,,,,,,,,,,,,,,,,,,,,,,,,,,,,,,
2953,2015,302,NAG,BLUTI,1,,,6,,,6,6,,NE,,,,,,,,,,,,,,,,,,,,,,,,,,,,,,,,
2954,2015,303,NAG,BLUTI,1,9,,0,,,,7,,JD,,,,,,,,,,,,,,,,,,,,,,,,,,,,,,,,
2955,2015,304,NAG,BLUTI,1,5,5,5,,,,,,NE,,,,,,,,,,,,,,,,,,,,,,,,,,,,,,,,
2956,2015,306,NAG,BLUTI,1,9,9,9,,,,,,NE,,,,,,,,,,,,,,,,,,,,,,,,,,,,,,,,
2957,2015,307,NAG,BLUTI,1,8,,5,,,,,,NE,,,,,,,,,,,,,,,,,,,,,,,,,,,,,,,,
2958,2015,308,NAG,GRETI,1,7,7,2,,,,,,NE,,,,,,,,,,,,,,,,,,,,,,,,,,,,,,,,
2959,2015,310,NAG,BLUTI,1,11,8,3,,,,,3,NE,,,,,,,,,,,,,,,,,,,,,,,,,,,,,,,,
2960,2015,312,NAG,GRETI,1,6,6,6,,,,,,NE,,,,,,,,,,,,,,,,,,,,,,,,,,,,,,,,
2961,2015,314,NAG,BLUTI,1,6,6,6,,,,,,NE,,,,,,,,,,,,,,,,,,,,,,,,,,,,,,,,
2962,2015,315,NAG,NUTHA,1,6,6,1,,,,,,NE,,,,,,,,,,,,,,,,,,,,,,,,,,,,,,,,
2963,2015,316,NAG,GRETI,1,4,,0,,,,3,,JD,,,,,,,,,,,,,,,,,,,,,,,,,,,,,,,,
2964,2015,318,NAG,BLUTI,1,,,2,,,2,2,,NE,,,,,,,,,,,,,,,,,,,,,,,,,,,,,,,,
2965,2015,320,NAG,GRETI,1,5,5,5,,,,,,NE,,,,,,,,,,,,,,,,,,,,,,,,,,,,,,,,
2966,2015,321,NAG,BLUTI,1,8,,1,,,,1,1,NE,,,,,,,,,,,,,,,,,,,,,,,,,,,,,,,,
2967,2015,322,NAG,BLUTI,1,12,,7,,,,,2,NE,,,,,,,,,,,,,,,,,,,,,,,,,,,,,,,,
2968,2015,323,NAG,BLUTI,1,9,9,2,,,,,,NE,,,,,,,,,,,,,,,,,,,,,,,,,,,,,,,,
2969,2015,324,NAG,BLUTI,1,7,6,3,,,,,1,NE,,,,,,,,,,,,,,,,,,,,,,,,,,,,,,,,
2970,2015,326,NAG,BLUTI,1,,,7,,,7,7,,NE,,,,,,,,,,,,,,,,,,,,,,,,,,,,,,,,
2971,2015,327,NAG,BLUTI,1,8,8,6,,,,,,NE,,,,,,,,,,,,,,,,,,,,,,,,,,,,,,,,
2972,2015,329,NAG,GRETI,1,4,4,4,,,,,,NE,,,,,,,,,,,,,,,,,,,,,,,,,,,,,,,,
2973,2015,330,NAG,BLUTI,1,7,7,7,,,,,,NE,,,,,,,,,,,,,,,,,,,,,,,,,,,,,,,,
2974,2015,332,NAG,BLUTI,1,5,3,3,,,,,2,NE,,,,,,,,,,,,,,,,,,,,,,,,,,,,,,,,
2975,2015,333,NAG,GRETI,1,7,,3,,,,3,,NE,,,,,,,,,,,,,,,,,,,,,,,,,,,,,,,,
2976,2015,334,NAG,BLUTI,1,,,4,,,6,6,,NE,,,,,,,,,,,,,,,,,,,,,,,,,,,,,,,,
2977,2015,335,NAG,BLUTI,1,,,0,,,3,3,,JD,,,,,,,,,,,,,,,,,,,,,,,,,,,,,,,,
2978,2015,337,NAG,BLUTI,1,6,,2,,,,3,,NE,,,,,,,,,,,,,,,,,,,,,,,,,,,,,,,,
2979,2015,339,NAG,BLUTI,1,,,3,,,3,3,,NE,,,,,,,,,,,,,,,,,,,,,,,,,,,,,,,,
2980,2015,344,NAG,BLUTI,1,5,5,2,,,,,,NE,,,,,,,,,,,,,,,,,,,,,,,,,,,,,,,,
2981,2015,345,NAG,NUTHA,1,5,5,5,,,,,,NE,,,,,,,,,,,,,,,,,,,,,,,,,,,,,,,,
2982,2015,346,NAG,BLUTI,1,8,,0,,,,7,,JD,,,,,,,,,,,,,,,,,,,,,,,,,,,,,,,,
2983,2015,348,NAG,BLUTI,1,10,,3,,,,3,,NE,,,,,,,,,,,,,,,,,,,,,,,,,,,,,,,,
2984,2015,350,NAG,BLUTI,1,,,4,33,,4,4,0,NE,,,,,,,,,,,,,,,,,,,,,,,,,,,,,,,,
2985,2015,352,NAG,GRETI,1,,,5,,,5,5,0,NE,,,,,,,,,,,,,,,,,,,,,,,,,,,,,,,,
2986,2015,353,NAG,BLUTI,1,,,2,47,,2,2,0,NE,,,,,,,,,,,,,,,,,,,,,,,,,,,,,,,,
2987,2015,357,NAG,BLUTI,1,8,,0,27,,8,5,2,JD,,,,,,,,,,,,,,,,,,,,,,,,,,,,,,,,
2988,2015,358,NAG,BLUTI,1,7,,4,35,,7,4,0,NE,,,,,,,,,,,,,,,,,,,,,,,,,,,,,,,,
2989,2015,359,NAG,NUTHA,1,,,2,,,4,3,1,NE,,,,,,,,,,,,,,,,,,,,,,,,,,,,,,,,
2990,2015,361,NAG,GRETI,1,,,0,,,3,3,0,JD,,,,,,,,,,,,,,,,,,,,,,,,,,,,,,,,
2991,2015,374,NAG,BLUTI,1,,,5,22,,7,7,0,NE,,,,,,,,,,,,,,,,,,,,,,,,,,,,,,,,
2992,2015,376,NAG,BLUTI,1,,,7,23,,9,7,0,NE,,,,,,,,,,,,,,,,,,,,,,,,,,,,,,,,
2993,2015,402,NAG,BLUTI,1,7,,4,31,,7,6,0,NE,,,,,,,,,,,,,,,,,,,,,,,,,,,,,,,,
2994,2015,405,NAG,BLUTI,1,7,,6,33,,7,6,0,NE,,,,,,,,,,,,,,,,,,,,,,,,,,,,,,,,
2995,2015,407,NAG,GRETI,1,5,,5,36,,5,5,0,NE,,,,,,,,,,,,,,,,,,,,,,,,,,,,,,,,
2996,2015,409,NAG,BLUTI,1,9,,4,28,,9,5,0,NE,,,,,,,,,,,,,,,,,,,,,,,,,,,,,,,,
2997,2015,412,NAG,BLUTI,1,7,,7,34,,7,7,0,NE,,,,,,,,,,,,,,,,,,,,,,,,,,,,,,,,
2998,2015,413,NAG,BLUTI,1,7,,0,29,,7,7,0,JD,,,,,,,,,,,,,,,,,,,,,,,,,,,,,,,,
2999,2015,414,NAG,BLUTI,1,8,,0,32,,8,8,0,JD,,,,,,,,,,,,,,,,,,,,,,,,,,,,,,,,
3000,2015,416,NAG,BLUTI,1,6,,6,37,,6,6,0,NE,,,,,,,,,,,,,,,,,,,,,,,,,,,,,,,,
3001,2015,417,NAG,BLUTI,1,7,,7,26,,7,7,0,NE,,,,,,,,,,,,,,,,,,,,,,,,,,,,,,,,
3002,2015,422,NAG,BLUTI,1,7,,4,33,,8,6,1,NE,,,,,,,,,,,,,,,,,,,,,,,,,,,,,,,,
3003,2015,423,NAG,BLUTI,1,11,,0,30,,11,7,0,JD,,,,,,,,,,,,,,,,,,,,,,,,,,,,,,,,
3004,2015,424,NAG,GRETI,1,6,,6,38,,7,6,0,NE,,,,,,,,,,,,,,,,,,,,,,,,,,,,,,,,
3005,2015,426,NAG,BLUTI,1,10,,10,24,,10,10,0,NE,,,,,,,,,,,,,,,,,,,,,,,,,,,,,,,,
3006,2015,428,NAG,BLUTI,1,7,,6,25,,7,7,0,NE,,,,,,,,,,,,,,,,,,,,,,,,,,,,,,,,
3007,2015,430,NAG,BLUTI,1,8,,7,25,,8,7,0,NE,,,,,,,,,,,,,,,,,,,,,,,,,,,,,,,,
3008,2015,433,NAG,BLUTI,1,5,,3,34,,5,3,0,NE,,,,,,,,,,,,,,,,,,,,,,,,,,,,,,,,
3009,2015,435,NAG,BLUTI,1,,,4,,,7,4,0,NE,,,,,,,,,,,,,,,,,,,,,,,,,,,,,,,,
3010,2015,436,NAG,GRETI,1,,,4,30,,4,4,0,NE,,,,,,,,,,,,,,,,,,,,,,,,,,,,,,,,
3011,2015,437,NAG,BLUTI,1,,,2,36,,6,4,0,NE,,,,,,,,,,,,,,,,,,,,,,,,,,,,,,,,
3012,2015,438,NAG,BLUTI,1,,,7,26,,7,7,0,NE,,,,,,,,,,,,,,,,,,,,,,,,,,,,,,,,
3013,2015,439,NAG,BLUTI,1,,,3,31,,7,5,0,NE,,,,,,,,,,,,,,,,,,,,,,,,,,,,,,,,
3014,2015,442,NAG,GRETI,1,5,,3,35,,5,3,1,NE,,,,,,,,,,,,,,,,,,,,,,,,,,,,,,,,
3015,2015,F1,NAG,BLUTI,1,,,10,21,,10,10,0,NE,,,,,,,,,,,,,,,,,,,,,,,,,,,,,,,,
3016,2015,F3,NAG,BLUTI,1,6,,3,29,,6,6,0,NE,,,,,,,,,,,,,,,,,,,,,,,,,,,,,,,,
3017,2015,F4,NAG,GRETI,1,8,,6,40,,8,6,0,NE,,,,,,,,,,,,,,,,,,,,,,,,,,,,,,,,
3018,2015,R1,NAG,NUTHA,1,6,,2,18,,6,5,0,NE,,,,,,,,,,,,,,,,,,,,,,,,,,,,,,,,
3019,2015,R11,NAG,GRETI,1,7,,7,35,,7,7,0,NE,,,,,,,,,,,,,,,,,,,,,,,,,,,,,,,,
3020,2015,R12,NAG,BLUTI,1,9,0,0,,,9,,9,ED,,,,,,,,,,,,,,,,,,,,,,,,,,,,,,,,
3021,2015,R13,NAG,BLUTI,1,8,,8,25,,8,8,0,NE,,,,,,,,,,,,,,,,,,,,,,,,,,,,,,,,
3022,2015,R14,NAG,BLUTI,1,2,0,0,,,2,,2,ED,,,,,,,,,,,,,,,,,,,,,,,,,,,,,,,,
3023,2015,R15,NAG,BLUTI,1,7,,3,30,,7,5,0,NE,,,,,,,,,,,,,,,,,,,,,,,,,,,,,,,,
3024,2015,R3,NAG,BLUTI,1,,,4,34,,6,6,0,NE,,,,,,,,,,,,,,,,,,,,,,,,,,,,,,,,
3025,2015,R5,NAG,BLUTI,1,,,6,28,,10,8,2,NE,,,,,,,,,,,,,,,,,,,,,,,,,,,,,,,,
3026,2015,R6,NAG,BLUTI,1,7,,0,31,,7,7,0,JD,,,,,,,,,,,,,,,,,,,,,,,,,,,,,,,,
3027,2015,R7,NAG,BLUTI,1,,,0,,,6,2,0,OU,,,,,,,,,,,,,,,,,,,,,,,,,,,,,,,,
3028,2015,R8,NAG,BLUTI,1,7,,5,29,,8,8,0,NE,,,,,,,,,,,,,,,,,,,,,,,,,,,,,,,,
3029,2015,R9,NAG,BLUTI,1,8,,5,26,,8,6,0,NE,,,,,,,,,,,,,,,,,,,,,,,,,,,,,,,,
3030,2016,1,NAG,GRETI,1,,6,3,50,,6,6,0,NE,,,,,,,,,,,,,,,,,,,,,,,,,,,,,,,,
3031,2016,2,NAG,GRETI,1,,5,1,37,,5,5,0,NE,,,,,,,,,,,,,,,,,,,,,,,,,,,,,,,,
3032,2016,4,NAG,GRETI,1,,3,3,46,,5,3,0,NE,,,,,,,,,,,,,,,,,,,,,,,,,,,,,,,,
3033,2016,5,NAG,BLUTI,1,9,2,0,35,,9,2,0,JD,,,,,,,,,,,,,,,,,,,,,,,,,,,,,,,,
3034,2016,6,NAG,BLUTI,1,9,6,5,36,,9,6,0,NE,,,,,,,,,,,,,,,,,,,,,,,,,,,,,,,,
3035,2016,7,NAG,GRETI,1,,3,3,37,,3,3,0,NE,,,,,,,,,,,,,,,,,,,,,,,,,,,,,,,,
3036,2016,8,NAG,BLUTI,1,7,5,0,35,,7,5,0,JD,,,,,,,,,,,,,,,,,,,,,,,,,,,,,,,,
3037,2016,12,NAG,BLUTI,1,,3,0,47,,4,3,0,JD,,,,,,,,,,,,,,,,,,,,,,,,,,,,,,,,
3038,2016,13,NAG,GRETI,1,,7,0,44,,7,7,0,JD,,,,,,,,,,,,,,,,,,,,,,,,,,,,,,,,
3039,2016,14,NAG,GRETI,1,,4,3,47,,5,4,0,NE,,,,,,,,,,,,,,,,,,,,,,,,,,,,,,,,
3040,2016,18,NAG,NUTHA,1,6,5,4,23,,6,5,0,NE,,,,,,,,,,,,,,,,,,,,,,,,,,,,,,,,
3041,2016,20,NAG,GRETI,1,7,6,0,45,,7,6,0,JD,,,,,,,,,,,,,,,,,,,,,,,,,,,,,,,,
3042,2016,23,NAG,BLUTI,1,7,1,1,42,,7,1,0,OU,,,,,,,,,,,,,,,,,,,,,,,,,,,,,,,,
3043,2016,25,NAG,NUTHA,1,,4,3,40,,4,4,0,NE,,,,,,,,,,,,,,,,,,,,,,,,,,,,,,,,
3044,2016,27,NAG,GRETI,1,,4,4,39,,5,4,0,NE,,,,,,,,,,,,,,,,,,,,,,,,,,,,,,,,
3045,2016,29,NAG,GRETI,1,5,3,0,36,,5,3,0,JD,,,,,,,,,,,,,,,,,,,,,,,,,,,,,,,,
3046,2016,30,NAG,BLUTI,1,,3,0,53,,3,3,0,OU,,,,,,,,,,,,,,,,,,,,,,,,,,,,,,,,
3047,2016,33,NAG,GRETI,1,,4,2,35,,4,4,0,NE,,,,,,,,,,,,,,,,,,,,,,,,,,,,,,,,
3048,2016,34,NAG,GRETI,1,4,4,2,42,,4,4,0,NE,,,,,,,,,,,,,,,,,,,,,,,,,,,,,,,,
3049,2016,35,NAG,BLUTI,1,,5,0,36,,7,5,0,JD,,,,,,,,,,,,,,,,,,,,,,,,,,,,,,,,
3050,2016,38,NAG,BLUTI,1,7,2,0,39,,7,2,5,JD,,,,,,,,,,,,,,,,,,,,,,,,,,,,,,,,
3051,2016,39,NAG,GRETI,1,5,2,0,49,,5,2,0,JD,,,,,,,,,,,,,,,,,,,,,,,,,,,,,,,,
3052,2016,40,NAG,BLUTI,1,7,2,0,40,,7,2,3,JD,,,,,,,,,,,,,,,,,,,,,,,,,,,,,,,,
3053,2016,41,NAG,NUTHA,1,,5,5,28,,6,5,0,NE,,,,,,,,,,,,,,,,,,,,,,,,,,,,,,,,
3054,2016,42,NAG,BLUTI,1,7,3,0,33,,7,3,0,JD,,,,,,,,,,,,,,,,,,,,,,,,,,,,,,,,
3055,2016,43,NAG,NUTHA,1,7,4,0,36,,7,4,0,OU,,,,,,,,,,,,,,,,,,,,,,,,,,,,,,,,
3056,2016,44,NAG,BLUTI,1,,0,0,,,7,,7,ED,,,,,,,,,,,,,,,,,,,,,,,,,,,,,,,,
3057,2016,45,NAG,BLUTI,1,6,5,0,35,,6,5,0,JD,,,,,,,,,,,,,,,,,,,,,,,,,,,,,,,,
3058,2016,47,NAG,BLUTI,1,,5,0,34,,5,5,0,OU,,,,,,,,,,,,,,,,,,,,,,,,,,,,,,,,
3059,2016,48,NAG,BLUTI,1,5,3,0,35,,5,3,0,JD,,,,,,,,,,,,,,,,,,,,,,,,,,,,,,,,
3060,2016,49,NAG,BLUTI,1,9,4,0,40,,9,4,0,JD,,,,,,,,,,,,,,,,,,,,,,,,,,,,,,,,
3061,2016,51,NAG,GRETI,1,4,4,1,36,,4,4,0,NE,,,,,,,,,,,,,,,,,,,,,,,,,,,,,,,,
3062,2016,56,NAG,BLUTI,1,,3,0,41,,4,3,0,JD,,,,,,,,,,,,,,,,,,,,,,,,,,,,,,,,
3063,2016,58,NAG,BLUTI,1,,3,0,45,,3,3,0,JD,,,,,,,,,,,,,,,,,,,,,,,,,,,,,,,,
3064,2016,61,NAG,BLUTI,1,10,5,0,36,,10,5,0,JD,,,,,,,,,,,,,,,,,,,,,,,,,,,,,,,,
3065,2016,62,NAG,BLUTI,1,12,0,0,26,,12,,12,ED,,,,,,,,,,,,,,,,,,,,,,,,,,,,,,,,
3066,2016,65,NAG,BLUTI,1,,4,0,49,,4,4,0,JD,,,,,,,,,,,,,,,,,,,,,,,,,,,,,,,,
3067,2016,72,NAG,BLUTI,1,6,3,0,34,,6,3,0,JD,,,,,,,,,,,,,,,,,,,,,,,,,,,,,,,,
3068,2016,73,NAG,BLUTI,1,8,5,0,38,,8,5,0,JD,,,,,,,,,,,,,,,,,,,,,,,,,,,,,,,,
3069,2016,75,NAG,BLUTI,1,9,5,0,36,,9,5,3,JD,,,,,,,,,,,,,,,,,,,,,,,,,,,,,,,,
3070,2016,77,NAG,BLUTI,1,8,5,0,32,,8,5,0,JD,,,,,,,,,,,,,,,,,,,,,,,,,,,,,,,,
3071,2016,78,NAG,BLUTI,1,7,5,0,31,,7,5,0,JD,,,,,,,,,,,,,,,,,,,,,,,,,,,,,,,,
3072,2016,79,NAG,BLUTI,1,9,3,0,37,,9,3,0,JD,,,,,,,,,,,,,,,,,,,,,,,,,,,,,,,,
3073,2016,80,NAG,BLUTI,1,9,1,0,37,,9,1,1,JD,,,,,,,,,,,,,,,,,,,,,,,,,,,,,,,,
3074,2016,84,NAG,BLUTI,1,7,2,0,,,7,2,1,JD,,,,,,,,,,,,,,,,,,,,,,,,,,,,,,,,
3075,2016,86,NAG,BLUTI,1,8,3,3,36,,8,3,0,NE,,,,,,,,,,,,,,,,,,,,,,,,,,,,,,,,
3076,2016,89,NAG,GRETI,1,3,3,2,44,,3,3,0,NE,,,,,,,,,,,,,,,,,,,,,,,,,,,,,,,,
3077,2016,92,NAG,BLUTI,1,,5,0,,,6,5,1,JD,,,,,,,,,,,,,,,,,,,,,,,,,,,,,,,,
3078,2016,96,NAG,BLUTI,1,,0,0,,,1,,1,ED,,,,,,,,,,,,,,,,,,,,,,,,,,,,,,,,
3079,2016,97,NAG,NUTHA,1,6,6,4,25,,6,6,0,NE,,,,,,,,,,,,,,,,,,,,,,,,,,,,,,,,
3080,2016,98,NAG,GRETI,1,,2,2,49,,2,2,0,NE,,,,,,,,,,,,,,,,,,,,,,,,,,,,,,,,
3081,2016,99,NAG,BLUTI,1,7,4,0,34,,7,4,2,JD,,,,,,,,,,,,,,,,,,,,,,,,,,,,,,,,
3082,2016,100,NAG,BLUTI,1,,4,2,36,,5,4,0,NE,,,,,,,,,,,,,,,,,,,,,,,,,,,,,,,,
3083,2016,102,NAG,BLUTI,1,,4,3,36,,4,4,0,NE,,,,,,,,,,,,,,,,,,,,,,,,,,,,,,,,
3084,2016,106,NAG,BLUTI,1,6,4,1,34,,6,4,0,NE,,,,,,,,,,,,,,,,,,,,,,,,,,,,,,,,
3085,2016,107,NAG,BLUTI,1,7,1,0,39,,7,1,0,JD,,,,,,,,,,,,,,,,,,,,,,,,,,,,,,,,
3086,2016,109,NAG,BLUTI,1,9,1,0,36,,9,1,1,JD,,,,,,,,,,,,,,,,,,,,,,,,,,,,,,,,
3087,2016,110,NAG,BLUTI,1,9,5,3,34,,9,5,0,NE,,,,,,,,,,,,,,,,,,,,,,,,,,,,,,,,
3088,2016,111,NAG,GRETI,1,,6,6,43,,6,6,0,NE,,,,,,,,,,,,,,,,,,,,,,,,,,,,,,,,
3089,2016,113,NAG,GRETI,1,8,1,0,39,,8,1,0,OU,,,,,,,,,,,,,,,,,,,,,,,,,,,,,,,,
3090,2016,114,NAG,GRETI,1,6,5,5,33,,6,5,0,NE,,,,,,,,,,,,,,,,,,,,,,,,,,,,,,,,
3091,2016,115,NAG,BLUTI,1,6,4,3,40,,6,4,0,NE,,,,,,,,,,,,,,,,,,,,,,,,,,,,,,,,
3092,2016,116,NAG,BLUTI,1,9,0,0,38,,9,,9,ED,,,,,,,,,,,,,,,,,,,,,,,,,,,,,,,,
3093,2016,119,NAG,BLUTI,1,7,6,0,31,,7,6,0,JD,,,,,,,,,,,,,,,,,,,,,,,,,,,,,,,,
3094,2016,122,NAG,BLUTI,1,,0,0,,,8,,8,ED,,,,,,,,,,,,,,,,,,,,,,,,,,,,,,,,
3095,2016,123,NAG,GRETI,1,,4,4,30,,4,4,0,NE,,,,,,,,,,,,,,,,,,,,,,,,,,,,,,,,
3096,2016,125,NAG,BLUTI,1,,4,0,43,,6,4,0,JD,,,,,,,,,,,,,,,,,,,,,,,,,,,,,,,,
3097,2016,127,NAG,BLUTI,1,,3,0,37,,4,3,0,JD,,,,,,,,,,,,,,,,,,,,,,,,,,,,,,,,
3098,2016,128,NAG,BLUTI,1,,6,0,35,,6,6,0,JD,,,,,,,,,,,,,,,,,,,,,,,,,,,,,,,,
3099,2016,129,NAG,BLUTI,1,7,3,0,47,,7,3,0,JD,,,,,,,,,,,,,,,,,,,,,,,,,,,,,,,,
3100,2016,130,NAG,GRETI,1,5,4,0,37,,5,4,0,JD,,,,,,,,,,,,,,,,,,,,,,,,,,,,,,,,
3101,2016,131,NAG,BLUTI,1,9,0,0,40,,9,,9,ED,,,,,,,,,,,,,,,,,,,,,,,,,,,,,,,,
3102,2016,133,NAG,BLUTI,1,9,0,0,36,,9,,9,ED,,,,,,,,,,,,,,,,,,,,,,,,,,,,,,,,
3103,2016,134,NAG,BLUTI,1,9,8,0,36,,9,8,0,JD,,,,,,,,,,,,,,,,,,,,,,,,,,,,,,,,
3104,2016,135,NAG,NUTHA,1,2,0,0,,,2,,2,ED,,,,,,,,,,,,,,,,,,,,,,,,,,,,,,,,
3105,2016,137,NAG,BLUTI,1,8,5,0,31,,8,5,0,JD,,,,,,,,,,,,,,,,,,,,,,,,,,,,,,,,
3106,2016,138,NAG,BLUTI,1,2,0,0,,,2,,2,ED,,,,,,,,,,,,,,,,,,,,,,,,,,,,,,,,
3107,2016,139,NAG,BLUTI,1,8,0,0,34,,8,,8,ED,,,,,,,,,,,,,,,,,,,,,,,,,,,,,,,,
3108,2016,141,NAG,NUTHA,1,7,1,1,29,,7,1,0,NE,,,,,,,,,,,,,,,,,,,,,,,,,,,,,,,,
3109,2016,142,NAG,BLUTI,1,10,3,0,39,,10,3,0,JD,,,,,,,,,,,,,,,,,,,,,,,,,,,,,,,,
3110,2016,149,NAG,BLUTI,1,,0,0,,,5,0,0,JD,,,,,,,,,,,,,,,,,,,,,,,,,,,,,,,,
3111,2016,150,NAG,BLUTI,1,9,6,0,37,,9,6,0,OU,,,,,,,,,,,,,,,,,,,,,,,,,,,,,,,,
3112,2016,151,NAG,GRETI,1,,4,0,39,,6,4,0,OU,,,,,,,,,,,,,,,,,,,,,,,,,,,,,,,,
3113,2016,154,NAG,GRETI,1,,0,0,,,4,0,0,NE,,,,,,,,,,,,,,,,,,,,,,,,,,,,,,,,
3114,2016,156,NAG,BLUTI,1,,0,0,,,9,,9,ED,,,,,,,,,,,,,,,,,,,,,,,,,,,,,,,,
3115,2016,157,NAG,GRETI,1,5,3,3,42,,5,3,0,NE,,,,,,,,,,,,,,,,,,,,,,,,,,,,,,,,
3116,2016,158,NAG,BLUTI,1,7,4,0,36,,7,4,0,JD,,,,,,,,,,,,,,,,,,,,,,,,,,,,,,,,
3117,2016,159,NAG,BLUTI,1,8,0,0,37,,8,,8,ED,,,,,,,,,,,,,,,,,,,,,,,,,,,,,,,,
3118,2016,160,NAG,BLUTI,1,8,6,0,48,,8,6,0,JD,,,,,,,,,,,,,,,,,,,,,,,,,,,,,,,,
3119,2016,162,NAG,GRETI,1,6,3,0,42,,6,3,0,JD,,,,,,,,,,,,,,,,,,,,,,,,,,,,,,,,
3120,2016,163,NAG,BLUTI,1,,3,0,43,,6,3,0,JD,,,,,,,,,,,,,,,,,,,,,,,,,,,,,,,,
3121,2016,164,NAG,BLUTI,1,,1,0,,,6,1,0,JD,,,,,,,,,,,,,,,,,,,,,,,,,,,,,,,,
3122,2016,165,NAG,GRETI,1,,0,0,,,1,,1,ED,,,,,,,,,,,,,,,,,,,,,,,,,,,,,,,,
3123,2016,167,NAG,NUTHA,1,6,5,4,22,,6,5,0,NE,,,,,,,,,,,,,,,,,,,,,,,,,,,,,,,,
3124,2016,168,NAG,COATI,1,7,7,7,38,,7,7,0,NE,,,,,,,,,,,,,,,,,,,,,,,,,,,,,,,,
3125,2016,170,NAG,BLUTI,1,7,4,3,40,,7,4,0,OU,,,,,,,,,,,,,,,,,,,,,,,,,,,,,,,,
3126,2016,172,NAG,BLUTI,1,7,3,0,38,,7,3,2,JD,,,,,,,,,,,,,,,,,,,,,,,,,,,,,,,,
3127,2016,176,NAG,BLUTI,1,6,1,0,52,,6,1,0,OU,,,,,,,,,,,,,,,,,,,,,,,,,,,,,,,,
3128,2016,177,NAG,BLUTI,1,,6,0,37,,6,6,0,JP,,,,,,,,,,,,,,,,,,,,,,,,,,,,,,,,
3129,2016,184,NAG,BLUTI,1,,3,3,42,,4,3,0,NE,,,,,,,,,,,,,,,,,,,,,,,,,,,,,,,,
3130,2016,186,NAG,BLUTI,1,6,0,0,,,6,0,1,OU,,,,,,,,,,,,,,,,,,,,,,,,,,,,,,,,
3131,2016,188,NAG,BLUTI,1,8,0,0,34,,8,,8,ED,,,,,,,,,,,,,,,,,,,,,,,,,,,,,,,,
3132,2016,189,NAG,GRETI,1,,5,5,39,,5,5,0,NE,,,,,,,,,,,,,,,,,,,,,,,,,,,,,,,,
3133,2016,190,NAG,GRETI,1,,3,2,40,,3,3,0,NE,,,,,,,,,,,,,,,,,,,,,,,,,,,,,,,,
3134,2016,191,NAG,GRETI,1,,0,0,,,2,0,0,NE,,,,,,,,,,,,,,,,,,,,,,,,,,,,,,,,
3135,2016,192,NAG,BLUTI,1,,0,0,,,2,,2,ED,,,,,,,,,,,,,,,,,,,,,,,,,,,,,,,,
3136,2016,193,NAG,GRETI,1,,3,2,41,,3,3,0,NE,,,,,,,,,,,,,,,,,,,,,,,,,,,,,,,,
3137,2016,195,NAG,BLUTI,1,8,5,0,36,,8,5,0,OU,,,,,,,,,,,,,,,,,,,,,,,,,,,,,,,,
3138,2016,196,NAG,BLUTI,1,,3,0,42,,6,3,0,JD,,,,,,,,,,,,,,,,,,,,,,,,,,,,,,,,
3139,2016,198,NAG,GRETI,1,5,5,0,35,,5,5,0,JD,,,,,,,,,,,,,,,,,,,,,,,,,,,,,,,,
3140,2016,200,NAG,NUTHA,1,6,6,4,40,,6,6,0,NE,,,,,,,,,,,,,,,,,,,,,,,,,,,,,,,,
3141,2016,202,NAG,GRETI,1,,6,1,50,,6,6,0,NE,,,,,,,,,,,,,,,,,,,,,,,,,,,,,,,,
3142,2016,203,NAG,BLUTI,1,7,7,3,42,,7,7,0,NE,,,,,,,,,,,,,,,,,,,,,,,,,,,,,,,,
3143,2016,208,NAG,GRETI,1,,4,3,40,,5,4,0,NE,,,,,,,,,,,,,,,,,,,,,,,,,,,,,,,,
3144,2016,213,NAG,NUTHA,1,7,6,2,28,,7,6,0,NE,,,,,,,,,,,,,,,,,,,,,,,,,,,,,,,,
3145,2016,215,NAG,BLUTI,1,,0,0,41,,8,,8,ED,,,,,,,,,,,,,,,,,,,,,,,,,,,,,,,,
3146,2016,216,NAG,BLUTI,1,,4,4,31,,7,4,0,NE,,,,,,,,,,,,,,,,,,,,,,,,,,,,,,,,
3147,2016,217,NAG,GRETI,1,6,4,1,40,,6,4,0,NE,,,,,,,,,,,,,,,,,,,,,,,,,,,,,,,,
3148,2016,218,NAG,BLUTI,1,,5,3,36,,5,5,0,NE,,,,,,,,,,,,,,,,,,,,,,,,,,,,,,,,
3149,2016,219,NAG,BLUTI,1,,0,0,,,4,0,0,OU,,,,,,,,,,,,,,,,,,,,,,,,,,,,,,,,
3150,2016,222,NAG,BLUTI,1,,0,0,36,,8,,8,ED,,,,,,,,,,,,,,,,,,,,,,,,,,,,,,,,
3151,2016,227,NAG,BLUTI,1,6,2,0,,,6,2,0,JD,,,,,,,,,,,,,,,,,,,,,,,,,,,,,,,,
3152,2016,228,NAG,BLUTI,1,9,2,0,38,,9,2,0,JD,,,,,,,,,,,,,,,,,,,,,,,,,,,,,,,,
3153,2016,229,NAG,BLUTI,1,8,0,0,36,,8,0,0,OU,,,,,,,,,,,,,,,,,,,,,,,,,,,,,,,,
3154,2016,240,NAG,GRETI,1,5,4,0,47,,5,4,0,JD,,,,,,,,,,,,,,,,,,,,,,,,,,,,,,,,
3155,2016,247,NAG,GRETI,1,6,5,2,38,,6,5,0,NE,,,,,,,,,,,,,,,,,,,,,,,,,,,,,,,,
3156,2016,249,NAG,BLUTI,1,,2,0,,,7,2,2,JD,,,,,,,,,,,,,,,,,,,,,,,,,,,,,,,,
3157,2016,253,NAG,GRETI,1,,6,5,38,,7,6,0,NE,,,,,,,,,,,,,,,,,,,,,,,,,,,,,,,,
3158,2016,257,NAG,BLUTI,1,,5,0,38,,6,5,0,JD,,,,,,,,,,,,,,,,,,,,,,,,,,,,,,,,
3159,2016,258,NAG,BLUTI,1,8,0,0,36,,8,,8,ED,,,,,,,,,,,,,,,,,,,,,,,,,,,,,,,,
3160,2016,259,NAG,BLUTI,1,,3,1,41,,6,3,0,NE,,,,,,,,,,,,,,,,,,,,,,,,,,,,,,,,
3161,2016,268,NAG,GRETI,1,4,1,0,,,4,1,1,JD,,,,,,,,,,,,,,,,,,,,,,,,,,,,,,,,
3162,2016,270,NAG,NUTHA,1,,6,4,33,,6,6,0,NE,,,,,,,,,,,,,,,,,,,,,,,,,,,,,,,,
3163,2016,275,NAG,BLUTI,1,,6,6,38,,6,6,0,NE,,,,,,,,,,,,,,,,,,,,,,,,,,,,,,,,
3164,2016,279,NAG,GRETI,1,3,0,0,33,,3,,3,ED,,,,,,,,,,,,,,,,,,,,,,,,,,,,,,,,
3165,2016,282,NAG,GRETI,1,7,6,6,33,,7,6,0,NE,,,,,,,,,,,,,,,,,,,,,,,,,,,,,,,,
3166,2016,284,NAG,BLUTI,1,8,0,0,33,,8,,8,ED,,,,,,,,,,,,,,,,,,,,,,,,,,,,,,,,
3167,2016,290,NAG,GRETI,1,9,0,0,34,,9,,9,ED,,,,,,,,,,,,,,,,,,,,,,,,,,,,,,,,
3168,2016,292,NAG,NUTHA,1,7,7,4,31,,7,7,0,NE,,,,,,,,,,,,,,,,,,,,,,,,,,,,,,,,
3169,2016,294,NAG,BLUTI,1,,6,3,30,,6,6,0,NE,,,,,,,,,,,,,,,,,,,,,,,,,,,,,,,,
3170,2016,295,NAG,BLUTI,1,8,6,3,25,,8,6,0,NE,,,,,,,,,,,,,,,,,,,,,,,,,,,,,,,,
3171,2016,296,NAG,BLUTI,1,7,6,0,40,,7,6,0,OU,,,,,,,,,,,,,,,,,,,,,,,,,,,,,,,,
3172,2016,298,NAG,GRETI,1,,4,2,43,,4,4,0,NE,,,,,,,,,,,,,,,,,,,,,,,,,,,,,,,,
3173,2016,299,NAG,BLUTI,1,,7,4,29,,7,7,0,NE,,,,,,,,,,,,,,,,,,,,,,,,,,,,,,,,
3174,2016,300,NAG,BLUTI,1,,0,0,,,6,,2,ED,,,,,,,,,,,,,,,,,,,,,,,,,,,,,,,,
3175,2016,301,NAG,BLUTI,1,8,4,1,30,,8,4,0,NE,,,,,,,,,,,,,,,,,,,,,,,,,,,,,,,,
3176,2016,303,NAG,BLUTI,1,,4,0,47,,4,4,0,JD,,,,,,,,,,,,,,,,,,,,,,,,,,,,,,,,
3177,2016,304,NAG,BLUTI,1,8,8,3,34,,8,8,0,NE,,,,,,,,,,,,,,,,,,,,,,,,,,,,,,,,
3178,2016,307,NAG,NUTHA,1,,4,2,28,,5,4,0,NE,,,,,,,,,,,,,,,,,,,,,,,,,,,,,,,,
3179,2016,310,NAG,BLUTI,1,10,6,0,35,,10,6,2,JD,,,,,,,,,,,,,,,,,,,,,,,,,,,,,,,,
3180,2016,313,NAG,GRETI,1,5,4,3,,,5,4,0,NE,,,,,,,,,,,,,,,,,,,,,,,,,,,,,,,,
3181,2016,314,NAG,BLUTI,1,7,0,0,40,,7,,7,ED,,,,,,,,,,,,,,,,,,,,,,,,,,,,,,,,
3182,2016,315,NAG,BLUTI,1,6,5,0,35,,6,5,0,JD,,,,,,,,,,,,,,,,,,,,,,,,,,,,,,,,
3183,2016,318,NAG,BLUTI,1,,0,0,,,5,0,0,NE,,,,,,,,,,,,,,,,,,,,,,,,,,,,,,,,
3184,2016,319,NAG,GRETI,1,4,3,3,,,4,3,0,NE,,,,,,,,,,,,,,,,,,,,,,,,,,,,,,,,
3185,2016,322,NAG,BLUTI,1,8,0,0,37,,8,,8,ED,,,,,,,,,,,,,,,,,,,,,,,,,,,,,,,,
3186,2016,324,NAG,BLUTI,1,7,0,0,42,,7,,0,EO,,,,,,,,,,,,,,,,,,,,,,,,,,,,,,,,
3187,2016,325,NAG,BLUTI,1,9,4,0,34,,9,4,0,JD,,,,,,,,,,,,,,,,,,,,,,,,,,,,,,,,
3188,2016,326,NAG,BLUTI,1,8,2,0,38,,8,2,0,JD,,,,,,,,,,,,,,,,,,,,,,,,,,,,,,,,
3189,2016,327,NAG,BLUTI,1,10,5,0,36,,10,5,0,JD,,,,,,,,,,,,,,,,,,,,,,,,,,,,,,,,
3190,2016,330,NAG,BLUTI,1,11,1,1,24,,11,1,0,NE,,,,,,,,,,,,,,,,,,,,,,,,,,,,,,,,
3191,2016,331,NAG,BLUTI,1,7,3,0,35,,7,3,0,JD,,,,,,,,,,,,,,,,,,,,,,,,,,,,,,,,
3192,2016,334,NAG,BLUTI,1,,0,0,,,1,,1,ED,,,,,,,,,,,,,,,,,,,,,,,,,,,,,,,,
3193,2016,336,NAG,GRETI,1,5,4,3,52,,5,4,0,NE,,,,,,,,,,,,,,,,,,,,,,,,,,,,,,,,
3194,2016,337,NAG,BLUTI,1,4,0,0,36,,4,,4,ED,,,,,,,,,,,,,,,,,,,,,,,,,,,,,,,,
3195,2016,340,NAG,GRETI,1,8,0,0,39,,8,0,2,OU,,,,,,,,,,,,,,,,,,,,,,,,,,,,,,,,
3196,2016,341,NAG,BLUTI,1,6,6,0,45,,6,6,0,JD,,,,,,,,,,,,,,,,,,,,,,,,,,,,,,,,
3197,2016,342,NAG,BLUTI,1,7,2,0,44,,7,2,0,JD,,,,,,,,,,,,,,,,,,,,,,,,,,,,,,,,
3198,2016,344,NAG,GRETI,1,,4,4,43,,4,4,0,NE,,,,,,,,,,,,,,,,,,,,,,,,,,,,,,,,
3199,2016,345,NAG,GRETI,1,8,4,0,42,,8,4,0,JD,,,,,,,,,,,,,,,,,,,,,,,,,,,,,,,,
3200,2016,346,NAG,NUTHA,1,,2,2,30,,5,2,0,NE,,,,,,,,,,,,,,,,,,,,,,,,,,,,,,,,
3201,2016,347,NAG,BLUTI,1,6,2,2,47,,6,2,0,OU,,,,,,,,,,,,,,,,,,,,,,,,,,,,,,,,
3202,2016,348,NAG,BLUTI,1,10,5,3,38,,10,5,0,OU,,,,,,,,,,,,,,,,,,,,,,,,,,,,,,,,
3203,2016,349,NAG,BLUTI,1,,6,3,32,,6,6,0,NE,,,,,,,,,,,,,,,,,,,,,,,,,,,,,,,,
3204,2016,350,NAG,BLUTI,1,8,7,1,38,,8,7,0,NE,,,,,,,,,,,,,,,,,,,,,,,,,,,,,,,,
3205,2016,351,NAG,BLUTI,1,,1,0,,,1,1,0,JD,,,,,,,,,,,,,,,,,,,,,,,,,,,,,,,,
3206,2016,358,NAG,BLUTI,1,10,6,2,35,,10,6,0,NE,,,,,,,,,,,,,,,,,,,,,,,,,,,,,,,,
3207,2016,359,NAG,BLUTI,1,7,6,4,37,,7,6,0,NE,,,,,,,,,,,,,,,,,,,,,,,,,,,,,,,,
3208,2016,360,NAG,GRETI,1,,0,0,,,5,0,0,OU,,,,,,,,,,,,,,,,,,,,,,,,,,,,,,,,
3209,2016,361,NAG,GRETI,1,4,2,2,47,,4,2,0,NE,,,,,,,,,,,,,,,,,,,,,,,,,,,,,,,,
3210,2016,374,NAG,NUTHA,1,6,4,2,37,,6,4,0,NE,,,,,,,,,,,,,,,,,,,,,,,,,,,,,,,,
3211,2016,375,NAG,BLUTI,1,7,4,0,44,,7,4,0,JD,,,,,,,,,,,,,,,,,,,,,,,,,,,,,,,,
3212,2016,376,NAG,BLUTI,1,7,7,0,40,,7,7,0,JD,,,,,,,,,,,,,,,,,,,,,,,,,,,,,,,,
3213,2016,404,NAG,GRETI,1,6,5,2,36,,6,5,0,NE,,,,,,,,,,,,,,,,,,,,,,,,,,,,,,,,
3214,2016,405,NAG,BLUTI,1,7,7,4,36,,7,7,0,NE,,,,,,,,,,,,,,,,,,,,,,,,,,,,,,,,
3215,2016,406,NAG,GRETI,1,,4,4,30,,4,4,0,NE,,,,,,,,,,,,,,,,,,,,,,,,,,,,,,,,
3216,2016,407,NAG,GRETI,1,7,6,6,35,,7,6,0,NE,,,,,,,,,,,,,,,,,,,,,,,,,,,,,,,,
3217,2016,409,NAG,BLUTI,1,7,3,3,40,,7,3,0,NE,,,,,,,,,,,,,,,,,,,,,,,,,,,,,,,,
3218,2016,412,NAG,BLUTI,1,8,3,3,35,,8,3,0,NE,,,,,,,,,,,,,,,,,,,,,,,,,,,,,,,,
3219,2016,415,NAG,BLUTI,1,9,9,0,,,9,9,0,JD,,,,,,,,,,,,,,,,,,,,,,,,,,,,,,,,
3220,2016,417,NAG,BLUTI,1,9,0,0,39,,9,,9,ED,,,,,,,,,,,,,,,,,,,,,,,,,,,,,,,,
3221,2016,421,NAG,BLUTI,1,9,0,0,,,9,,9,ED,,,,,,,,,,,,,,,,,,,,,,,,,,,,,,,,
3222,2016,422,NAG,BLUTI,1,6,4,2,37,,6,4,0,NE,,,,,,,,,,,,,,,,,,,,,,,,,,,,,,,,
3223,2016,426,NAG,BLUTI,1,7,4,3,36,,7,4,0,NE,,,,,,,,,,,,,,,,,,,,,,,,,,,,,,,,
3224,2016,427,NAG,BLUTI,1,6,0,0,,,8,,8,ED,,,,,,,,,,,,,,,,,,,,,,,,,,,,,,,,
3225,2016,433,NAG,BLUTI,1,4,3,0,34,,4,3,0,JD,,,,,,,,,,,,,,,,,,,,,,,,,,,,,,,,
3226,2016,437,NAG,BLUTI,1,9,4,0,39,,9,4,0,JD,,,,,,,,,,,,,,,,,,,,,,,,,,,,,,,,
3227,2016,439,NAG,BLUTI,1,8,3,2,26,,8,3,0,NE,,,,,,,,,,,,,,,,,,,,,,,,,,,,,,,,
3228,2016,440,NAG,BLUTI,1,6,4,0,34,,6,4,0,JD,,,,,,,,,,,,,,,,,,,,,,,,,,,,,,,,
3229,2016,441,NAG,BLUTI,1,8,6,1,39,,8,6,0,NE,,,,,,,,,,,,,,,,,,,,,,,,,,,,,,,,
3230,2016,F1,NAG,BLUTI,1,9,7,0,37,,9,7,0,JD,,,,,,,,,,,,,,,,,,,,,,,,,,,,,,,,
3231,2016,F2,NAG,GRETI,1,,6,6,40,,6,6,0,NE,,,,,,,,,,,,,,,,,,,,,,,,,,,,,,,,
3232,2016,R1,NAG,NUTHA,1,5,1,0,44,,5,1,2,JD,,,,,,,,,,,,,,,,,,,,,,,,,,,,,,,,
3233,2016,R10,NAG,BLUTI,1,4,4,0,32,,4,4,0,JD,,,,,,,,,,,,,,,,,,,,,,,,,,,,,,,,
3234,2016,R11,NAG,GRETI,1,7,5,0,42,,7,5,0,JD,,,,,,,,,,,,,,,,,,,,,,,,,,,,,,,,
3235,2016,R13,NAG,BLUTI,1,8,5,0,43,,8,5,0,JD,,,,,,,,,,,,,,,,,,,,,,,,,,,,,,,,
3236,2016,R14,NAG,BLUTI,1,,6,0,32,,6,6,0,JD,,,,,,,,,,,,,,,,,,,,,,,,,,,,,,,,
3237,2016,R4,NAG,BLUTI,1,,0,0,,,5,0,0,EO,,,,,,,,,,,,,,,,,,,,,,,,,,,,,,,,
3238,2016,R7,NAG,BLUTI,1,7,4,0,42,,7,4,0,JD,,,,,,,,,,,,,,,,,,,,,,,,,,,,,,,,
3239,2017,1,NAG,GRETI,1,6,6,6,19,,6,6,0,NE,,,,,,,,,,,,,,,,,,,,,,,,,,,,,,,,
3240,2017,3,NAG,GRETI,1,,5,5,31,,5,5,0,NE,,,,,,,,,,,,,,,,,,,,,,,,,,,,,,,,
3241,2017,5,NAG,BLUTI,1,11,8,0,4,,11,8,0,JD,,,,,,,,,,,,,,,,,,,,,,,,,,,,,,,,
3242,2017,7,NAG,NUTHA,1,,6,6,31,,6,6,0,NE,,,,,,,,,,,,,,,,,,,,,,,,,,,,,,,,
3243,2017,8,NAG,BLUTI,1,8,6,0,24,,8,6,0,JO,,,,,,,,,,,,,,,,,,,,,,,,,,,,,,,,
3244,2017,9,NAG,BLUTI,1,7,5,5,18,,7,5,0,NE,,,,,,,,,,,,,,,,,,,,,,,,,,,,,,,,
3245,2017,11,NAG,BLUTI,1,10,7,4,9,,10,7,0,NE,,,,,,,,,,,,,,,,,,,,,,,,,,,,,,,,
3246,2017,12,NAG,GRETI,1,5,5,5,27,,5,5,0,NE,,,,,,,,,,,,,,,,,,,,,,,,,,,,,,,,
3247,2017,13,NAG,BLUTI,1,9,5,4,23,,9,5,0,NE,,,,,,,,,,,,,,,,,,,,,,,,,,,,,,,,
3248,2017,17,NAG,BLUTI,1,9,7,5,14,,9,7,0,NE,,,,,,,,,,,,,,,,,,,,,,,,,,,,,,,,
3249,2017,19,NAG,BLUTI,1,,8,8,15,,8,8,0,NE,,,,,,,,,,,,,,,,,,,,,,,,,,,,,,,,
3250,2017,21,NAG,GRETI,1,6,6,6,33,,6,6,0,NE,,,,,,,,,,,,,,,,,,,,,,,,,,,,,,,,
3251,2017,22,NAG,BLUTI,1,,6,5,27,,7,6,0,NE,,,,,,,,,,,,,,,,,,,,,,,,,,,,,,,,
3252,2017,23,NAG,BLUTI,1,6,5,5,26,,6,5,0,NE,,,,,,,,,,,,,,,,,,,,,,,,,,,,,,,,
3253,2017,24,NAG,NUTHA,1,6,5,5,21,,6,5,0,NE,,,,,,,,,,,,,,,,,,,,,,,,,,,,,,,,
3254,2017,26,NAG,GRETI,1,7,7,6,25,,7,7,0,NE,,,,,,,,,,,,,,,,,,,,,,,,,,,,,,,,
3255,2017,31,NAG,BLUTI,1,6,4,4,26,,8,4,0,NE,,,,,,,,,,,,,,,,,,,,,,,,,,,,,,,,
3256,2017,35,NAG,BLUTI,1,,5,4,21,,8,5,0,NE,,,,,,,,,,,,,,,,,,,,,,,,,,,,,,,,
3257,2017,40,NAG,BLUTI,1,8,7,5,15,,8,7,0,NE,,,,,,,,,,,,,,,,,,,,,,,,,,,,,,,,
3258,2017,41,NAG,NUTHA,1,,5,5,16,,6,5,0,NE,,,,,,,,,,,,,,,,,,,,,,,,,,,,,,,,
3259,2017,42,NAG,BLUTI,1,7,5,0,30,,7,5,0,JO,,,,,,,,,,,,,,,,,,,,,,,,,,,,,,,,
3260,2017,43,NAG,BLUTI,1,10,7,7,4,,10,7,0,NE,,,,,,,,,,,,,,,,,,,,,,,,,,,,,,,,
3261,2017,44,NAG,BLUTI,1,8,7,0,24,,8,7,0,JD,,,,,,,,,,,,,,,,,,,,,,,,,,,,,,,,
3262,2017,45,NAG,BLUTI,1,5,4,2,9,,5,4,0,NE,,,,,,,,,,,,,,,,,,,,,,,,,,,,,,,,
3263,2017,46,NAG,BLUTI,1,,7,7,23,,7,7,0,NE,,,,,,,,,,,,,,,,,,,,,,,,,,,,,,,,
3264,2017,47,NAG,BLUTI,1,7,7,7,7,,7,7,0,NE,,,,,,,,,,,,,,,,,,,,,,,,,,,,,,,,
3265,2017,49,NAG,GRETI,1,7,6,0,8,,7,6,0,JE,,,,,,,,,,,,,,,,,,,,,,,,,,,,,,,,
3266,2017,50,NAG,BLUTI,1,5,5,2,39,,5,5,0,NE,,,,,,,,,,,,,,,,,,,,,,,,,,,,,,,,
3267,2017,52,NAG,BLUTI,1,,6,5,14,,7,6,0,NE,,,,,,,,,,,,,,,,,,,,,,,,,,,,,,,,
3268,2017,54,NAG,BLUTI,1,6,5,5,19,,6,5,0,NE,,,,,,,,,,,,,,,,,,,,,,,,,,,,,,,,
3269,2017,56,NAG,BLUTI,1,,5,5,20,,5,5,0,NE,,,,,,,,,,,,,,,,,,,,,,,,,,,,,,,,
3270,2017,60,NAG,GRETI,1,,6,6,27,,6,6,0,NE,,,,,,,,,,,,,,,,,,,,,,,,,,,,,,,,
3271,2017,61,NAG,BLUTI,1,9,8,8,25,,9,8,0,NE,,,,,,,,,,,,,,,,,,,,,,,,,,,,,,,,
3272,2017,69,NAG,COATI,1,,0,0,31,,6,0,0,NE,,,,,,,,,,,,,,,,,,,,,,,,,,,,,,,,
3273,2017,70,NAG,GRETI,1,,5,1,32,,5,5,0,NE,,,,,,,,,,,,,,,,,,,,,,,,,,,,,,,,
3274,2017,71,NAG,BLUTI,1,8,3,2,21,,8,3,0,NE,,,,,,,,,,,,,,,,,,,,,,,,,,,,,,,,
3275,2017,72,NAG,BLUTI,1,,5,5,26,,5,5,0,NE,,,,,,,,,,,,,,,,,,,,,,,,,,,,,,,,
3276,2017,74,NAG,GRETI,1,,3,0,,,8,3,0,JD,,,,,,,,,,,,,,,,,,,,,,,,,,,,,,,,
3277,2017,75,NAG,BLUTI,1,,5,5,14,,5,5,0,NE,,,,,,,,,,,,,,,,,,,,,,,,,,,,,,,,
3278,2017,76,NAG,GRETI,1,5,4,4,17,,5,4,0,NE,,,,,,,,,,,,,,,,,,,,,,,,,,,,,,,,
3279,2017,77,NAG,BLUTI,1,8,7,5,22,,8,7,0,NE,,,,,,,,,,,,,,,,,,,,,,,,,,,,,,,,
3280,2017,79,NAG,BLUTI,1,8,8,0,,,8,8,0,JD,,,,,,,,,,,,,,,,,,,,,,,,,,,,,,,,
3281,2017,80,NAG,BLUTI,1,8,6,5,15,,8,6,0,NE,,,,,,,,,,,,,,,,,,,,,,,,,,,,,,,,
3282,2017,82,NAG,NUTHA,1,7,4,3,14,,7,4,0,NE,,,,,,,,,,,,,,,,,,,,,,,,,,,,,,,,
3283,2017,88,NAG,GRETI,1,,5,3,31,,5,5,0,NE,,,,,,,,,,,,,,,,,,,,,,,,,,,,,,,,
3284,2017,89,NAG,GRETI,1,5,5,2,40,,5,5,0,NE,,,,,,,,,,,,,,,,,,,,,,,,,,,,,,,,
3285,2017,90,NAG,BLUTI,1,8,8,2,20,,8,8,0,NE,,,,,,,,,,,,,,,,,,,,,,,,,,,,,,,,
3286,2017,91,NAG,GRETI,1,5,4,4,15,,5,4,0,NE,,,,,,,,,,,,,,,,,,,,,,,,,,,,,,,,
3287,2017,92,NAG,BLUTI,1,6,3,0,37,,6,3,1,JO,,,,,,,,,,,,,,,,,,,,,,,,,,,,,,,,
3288,2017,96,NAG,BLUTI,1,,6,0,24,,6,6,0,JD,,,,,,,,,,,,,,,,,,,,,,,,,,,,,,,,
3289,2017,97,NAG,BLUTI,1,6,0,0,31,,6,,6,EO,,,,,,,,,,,,,,,,,,,,,,,,,,,,,,,,
3290,2017,99,NAG,NUTHA,1,7,5,4,15,,7,5,0,NE,,,,,,,,,,,,,,,,,,,,,,,,,,,,,,,,
3291,2017,100,NAG,GRETI,1,,6,6,,,6,6,0,NE,,,,,,,,,,,,,,,,,,,,,,,,,,,,,,,,
3292,2017,101,NAG,GRETI,1,6,5,5,26,,6,5,0,NE,,,,,,,,,,,,,,,,,,,,,,,,,,,,,,,,
3293,2017,103,NAG,BLUTI,1,,7,6,29,,7,7,0,NE,,,,,,,,,,,,,,,,,,,,,,,,,,,,,,,,
3294,2017,104,NAG,BLUTI,1,6,5,5,32,,6,5,0,NE,,,,,,,,,,,,,,,,,,,,,,,,,,,,,,,,
3295,2017,105,NAG,GRETI,1,7,0,0,23,,7,0,0,NE,,,,,,,,,,,,,,,,,,,,,,,,,,,,,,,,
3296,2017,107,NAG,BLUTI,1,6,6,6,14,,6,6,0,NE,,,,,,,,,,,,,,,,,,,,,,,,,,,,,,,,
3297,2017,109,NAG,BLUTI,1,,7,4,17,,7,7,0,NE,,,,,,,,,,,,,,,,,,,,,,,,,,,,,,,,
3298,2017,110,NAG,BLUTI,1,8,5,0,,,8,5,3,JD,,,,,,,,,,,,,,,,,,,,,,,,,,,,,,,,
3299,2017,113,NAG,GRETI,1,7,7,6,16,,7,7,0,NE,,,,,,,,,,,,,,,,,,,,,,,,,,,,,,,,
3300,2017,114,NAG,GRETI,1,6,5,5,13,,6,5,0,NE,,,,,,,,,,,,,,,,,,,,,,,,,,,,,,,,
3301,2017,115,NAG,BLUTI,1,,6,0,,,6,6,0,JD,,,,,,,,,,,,,,,,,,,,,,,,,,,,,,,,
3302,2017,123,NAG,GRETI,1,6,0,0,9,,6,,6,ED,,,,,,,,,,,,,,,,,,,,,,,,,,,,,,,,
3303,2017,126,NAG,GRETI,1,6,6,5,27,,6,6,0,NE,,,,,,,,,,,,,,,,,,,,,,,,,,,,,,,,
3304,2017,131,NAG,GRETI,1,,0,0,,,1,,0,EO,,,,,,,,,,,,,,,,,,,,,,,,,,,,,,,,
3305,2017,132,NAG,BLUTI,1,7,5,5,15,,7,5,0,NE,,,,,,,,,,,,,,,,,,,,,,,,,,,,,,,,
3306,2017,135,NAG,NUTHA,1,5,5,3,25,,5,5,0,NE,,,,,,,,,,,,,,,,,,,,,,,,,,,,,,,,
3307,2017,136,NAG,BLUTI,1,,4,4,23,,6,4,2,NE,,,,,,,,,,,,,,,,,,,,,,,,,,,,,,,,
3308,2017,138,NAG,BLUTI,1,7,5,4,13,,7,5,0,NE,,,,,,,,,,,,,,,,,,,,,,,,,,,,,,,,
3309,2017,139,NAG,BLUTI,1,7,7,6,13,,7,7,0,NE,,,,,,,,,,,,,,,,,,,,,,,,,,,,,,,,
3310,2017,141,NAG,BLUTI,1,,7,7,23,,7,7,0,NE,,,,,,,,,,,,,,,,,,,,,,,,,,,,,,,,
3311,2017,146,NAG,BLUTI,1,,6,6,30,,6,6,0,NE,,,,,,,,,,,,,,,,,,,,,,,,,,,,,,,,
3312,2017,147,NAG,BLUTI,1,,7,6,6,,7,7,0,NE,,,,,,,,,,,,,,,,,,,,,,,,,,,,,,,,
3313,2017,149,NAG,BLUTI,1,,5,3,24,,5,5,0,NE,,,,,,,,,,,,,,,,,,,,,,,,,,,,,,,,
3314,2017,151,NAG,BLUTI,1,10,8,8,6,,10,8,0,NE,,,,,,,,,,,,,,,,,,,,,,,,,,,,,,,,
3315,2017,152,NAG,GRETI,1,,5,5,26,,5,5,0,NE,,,,,,,,,,,,,,,,,,,,,,,,,,,,,,,,
3316,2017,160,NAG,BLUTI,1,,7,6,15,,7,7,0,NE,,,,,,,,,,,,,,,,,,,,,,,,,,,,,,,,
3317,2017,163,NAG,GRETI,1,6,3,0,14,,6,3,2,JD,,,,,,,,,,,,,,,,,,,,,,,,,,,,,,,,
3318,2017,167,NAG,COATI,1,,5,5,18,,6,5,0,NE,,,,,,,,,,,,,,,,,,,,,,,,,,,,,,,,
3319,2017,172,NAG,BLUTI,1,,7,7,27,,7,7,0,NE,,,,,,,,,,,,,,,,,,,,,,,,,,,,,,,,
3320,2017,173,NAG,BLUTI,1,3,2,2,36,,3,2,0,NE,,,,,,,,,,,,,,,,,,,,,,,,,,,,,,,,
3321,2017,175,NAG,NUTHA,1,,7,3,25,,7,7,0,NE,,,,,,,,,,,,,,,,,,,,,,,,,,,,,,,,
3322,2017,177,NAG,BLUTI,1,9,8,0,20,,9,8,0,JD,,,,,,,,,,,,,,,,,,,,,,,,,,,,,,,,
3323,2017,179,NAG,BLUTI,1,,0,0,,,6,,6,EO,,,,,,,,,,,,,,,,,,,,,,,,,,,,,,,,
3324,2017,180,NAG,BLUTI,1,10,5,1,13,,10,5,0,NE,,,,,,,,,,,,,,,,,,,,,,,,,,,,,,,,
3325,2017,181,NAG,NUTHA,1,6,6,4,7,,6,6,0,NE,,,,,,,,,,,,,,,,,,,,,,,,,,,,,,,,
3326,2017,184,NAG,BLUTI,1,11,7,0,12,,11,7,0,JD,,,,,,,,,,,,,,,,,,,,,,,,,,,,,,,,
3327,2017,185,NAG,BLUTI,1,,5,5,29,,6,5,1,NE,,,,,,,,,,,,,,,,,,,,,,,,,,,,,,,,
3328,2017,186,NAG,BLUTI,1,8,7,7,21,,8,7,0,NE,,,,,,,,,,,,,,,,,,,,,,,,,,,,,,,,
3329,2017,188,NAG,COATI,1,10,10,10,12,,10,10,0,NE,,,,,,,,,,,,,,,,,,,,,,,,,,,,,,,,
3330,2017,191,NAG,BLUTI,1,7,5,5,25,,7,5,0,NE,,,,,,,,,,,,,,,,,,,,,,,,,,,,,,,,
3331,2017,192,NAG,GRETI,1,9,7,0,20,,9,7,0,JD,,,,,,,,,,,,,,,,,,,,,,,,,,,,,,,,
3332,2017,197,NAG,BLUTI,1,,6,6,29,,6,6,0,NE,,,,,,,,,,,,,,,,,,,,,,,,,,,,,,,,
3333,2017,198,NAG,GRETI,1,,4,4,35,,4,4,0,NE,,,,,,,,,,,,,,,,,,,,,,,,,,,,,,,,
3334,2017,199,NAG,BLUTI,1,8,7,2,15,,8,7,0,NE,,,,,,,,,,,,,,,,,,,,,,,,,,,,,,,,
3335,2017,201,NAG,BLUTI,1,,1,0,,,1,1,0,JD,,,,,,,,,,,,,,,,,,,,,,,,,,,,,,,,
3336,2017,206,NAG,BLUTI,1,7,6,6,24,,7,6,0,NE,,,,,,,,,,,,,,,,,,,,,,,,,,,,,,,,
3337,2017,209,NAG,GRETI,1,,7,5,23,,7,7,0,NE,,,,,,,,,,,,,,,,,,,,,,,,,,,,,,,,
3338,2017,210,NAG,GRETI,1,,2,2,38,,3,2,0,NE,,,,,,,,,,,,,,,,,,,,,,,,,,,,,,,,
3339,2017,215,NAG,BLUTI,1,9,6,5,14,,9,6,0,NE,,,,,,,,,,,,,,,,,,,,,,,,,,,,,,,,
3340,2017,216,NAG,BLUTI,1,5,5,5,19,,5,5,0,NE,,,,,,,,,,,,,,,,,,,,,,,,,,,,,,,,
3341,2017,217,NAG,GRETI,1,7,5,4,23,,7,5,1,NE,,,,,,,,,,,,,,,,,,,,,,,,,,,,,,,,
3342,2017,218,NAG,BLUTI,1,7,4,0,19,,7,4,0,JD,,,,,,,,,,,,,,,,,,,,,,,,,,,,,,,,
3343,2017,219,NAG,GRETI,1,,5,0,,,6,5,0,JD,,,,,,,,,,,,,,,,,,,,,,,,,,,,,,,,
3344,2017,220,NAG,BLUTI,1,,3,3,23,,4,3,0,NE,,,,,,,,,,,,,,,,,,,,,,,,,,,,,,,,
3345,2017,222,NAG,BLUTI,1,8,5,0,15,,8,5,0,JD,,,,,,,,,,,,,,,,,,,,,,,,,,,,,,,,
3346,2017,223,NAG,GRETI,1,4,2,2,35,,4,2,2,NE,,,,,,,,,,,,,,,,,,,,,,,,,,,,,,,,
3347,2017,225,NAG,BLUTI,1,10,7,4,13,,10,7,0,NE,,,,,,,,,,,,,,,,,,,,,,,,,,,,,,,,
3348,2017,226,NAG,GRETI,1,7,6,6,22,,7,6,0,NE,,,,,,,,,,,,,,,,,,,,,,,,,,,,,,,,
3349,2017,227,NAG,BLUTI,1,8,6,0,15,,8,6,0,JD,,,,,,,,,,,,,,,,,,,,,,,,,,,,,,,,
3350,2017,229,NAG,BLUTI,1,9,3,3,18,,9,3,0,NE,,,,,,,,,,,,,,,,,,,,,,,,,,,,,,,,
3351,2017,230,NAG,BLUTI,1,8,5,3,14,,8,5,0,NE,,,,,,,,,,,,,,,,,,,,,,,,,,,,,,,,
3352,2017,246,NAG,BLUTI,1,7,6,3,16,,7,6,0,NE,,,,,,,,,,,,,,,,,,,,,,,,,,,,,,,,
3353,2017,247,NAG,GRETI,1,7,7,6,18,,7,7,0,NE,,,,,,,,,,,,,,,,,,,,,,,,,,,,,,,,
3354,2017,253,NAG,GRETI,1,8,6,4,22,,8,6,0,NE,,,,,,,,,,,,,,,,,,,,,,,,,,,,,,,,
3355,2017,256,NAG,GRETI,1,,6,0,21,,6,6,0,JD,,,,,,,,,,,,,,,,,,,,,,,,,,,,,,,,
3356,2017,257,NAG,BLUTI,1,7,3,2,21,,7,3,0,NE,,,,,,,,,,,,,,,,,,,,,,,,,,,,,,,,
3357,2017,259,NAG,BLUTI,1,,5,0,24,,5,5,0,JD,,,,,,,,,,,,,,,,,,,,,,,,,,,,,,,,
3358,2017,269,NAG,BLUTI,1,,9,2,31,,9,9,0,NE,,,,,,,,,,,,,,,,,,,,,,,,,,,,,,,,
3359,2017,270,NAG,BLUTI,1,,0,0,,,2,,2,EO,,,,,,,,,,,,,,,,,,,,,,,,,,,,,,,,
3360,2017,273,NAG,BLUTI,1,8,0,0,10,,8,0,2,OU,,,,,,,,,,,,,,,,,,,,,,,,,,,,,,,,
3361,2017,274,NAG,BLUTI,1,8,5,5,,,8,5,0,NE,,,,,,,,,,,,,,,,,,,,,,,,,,,,,,,,
3362,2017,275,NAG,BLUTI,1,,3,0,,,6,3,3,JD,,,,,,,,,,,,,,,,,,,,,,,,,,,,,,,,
3363,2017,276,NAG,GRETI,1,9,6,6,20,,9,6,0,NE,,,,,,,,,,,,,,,,,,,,,,,,,,,,,,,,
3364,2017,278,NAG,BLUTI,1,,4,4,25,,5,4,1,NE,,,,,,,,,,,,,,,,,,,,,,,,,,,,,,,,
3365,2017,279,NAG,GRETI,1,6,6,6,13,,6,6,0,NE,,,,,,,,,,,,,,,,,,,,,,,,,,,,,,,,
3366,2017,284,NAG,BLUTI,1,10,9,7,13,,10,9,0,NE,,,,,,,,,,,,,,,,,,,,,,,,,,,,,,,,
3367,2017,288,NAG,BLUTI,1,,9,9,16,,9,9,0,NE,,,,,,,,,,,,,,,,,,,,,,,,,,,,,,,,
3368,2017,289,NAG,GRETI,1,11,10,10,,,11,10,0,NE,,,,,,,,,,,,,,,,,,,,,,,,,,,,,,,,
3369,2017,291,NAG,GRETI,1,,5,5,25,,5,5,0,NE,,,,,,,,,,,,,,,,,,,,,,,,,,,,,,,,
3370,2017,292,NAG,BLUTI,1,9,6,6,9,,9,6,0,NE,,,,,,,,,,,,,,,,,,,,,,,,,,,,,,,,
3371,2017,293,NAG,NUTHA,1,7,5,4,13,,7,5,0,NE,,,,,,,,,,,,,,,,,,,,,,,,,,,,,,,,
3372,2017,296,NAG,BLUTI,1,,9,0,11,,9,9,0,JD,,,,,,,,,,,,,,,,,,,,,,,,,,,,,,,,
3373,2017,299,NAG,BLUTI,1,8,7,7,12,,8,7,0,NE,,,,,,,,,,,,,,,,,,,,,,,,,,,,,,,,
3374,2017,302,NAG,BLUTI,1,9,6,0,3,,9,6,0,JE,,,,,,,,,,,,,,,,,,,,,,,,,,,,,,,,
3375,2017,304,NAG,BLUTI,1,10,6,2,22,,10,6,0,NE,,,,,,,,,,,,,,,,,,,,,,,,,,,,,,,,
3376,2017,307,NAG,BLUTI,1,10,5,3,16,,10,5,0,NE,,,,,,,,,,,,,,,,,,,,,,,,,,,,,,,,
3377,2017,314,NAG,BLUTI,1,,5,0,31,,5,5,0,JD,,,,,,,,,,,,,,,,,,,,,,,,,,,,,,,,
3378,2017,315,NAG,BLUTI,1,6,6,6,,,6,6,0,NE,,,,,,,,,,,,,,,,,,,,,,,,,,,,,,,,
3379,2017,318,NAG,BLUTI,1,,7,1,17,,7,7,0,NE,,,,,,,,,,,,,,,,,,,,,,,,,,,,,,,,
3380,2017,320,NAG,BLUTI,1,5,5,5,25,,5,5,0,NE,,,,,,,,,,,,,,,,,,,,,,,,,,,,,,,,
3381,2017,321,NAG,NUTHA,1,4,5,5,22,,6,5,1,NE,,,,,,,,,,,,,,,,,,,,,,,,,,,,,,,,
3382,2017,323,NAG,BLUTI,1,13,13,3,7,,13,13,0,NE,,,,,,,,,,,,,,,,,,,,,,,,,,,,,,,,
3383,2017,326,NAG,BLUTI,1,,6,2,37,,6,6,0,NE,,,,,,,,,,,,,,,,,,,,,,,,,,,,,,,,
3384,2017,328,NAG,BLUTI,1,6,5,3,25,,6,5,1,NE,,,,,,,,,,,,,,,,,,,,,,,,,,,,,,,,
3385,2017,329,NAG,GRETI,1,7,7,5,17,,7,7,0,NE,,,,,,,,,,,,,,,,,,,,,,,,,,,,,,,,
3386,2017,330,NAG,BLUTI,1,8,6,5,16,,8,6,0,NE,,,,,,,,,,,,,,,,,,,,,,,,,,,,,,,,
3387,2017,331,NAG,BLUTI,1,6,4,3,22,,6,4,0,NE,,,,,,,,,,,,,,,,,,,,,,,,,,,,,,,,
3388,2017,336,NAG,BLUTI,1,,6,5,42,,6,6,0,NE,,,,,,,,,,,,,,,,,,,,,,,,,,,,,,,,
3389,2017,338,NAG,BLUTI,1,,4,3,21,,5,4,1,NE,,,,,,,,,,,,,,,,,,,,,,,,,,,,,,,,
3390,2017,340,NAG,BLUTI,1,8,3,3,14,,8,3,0,NE,,,,,,,,,,,,,,,,,,,,,,,,,,,,,,,,
3391,2017,343,NAG,NUTHA,1,6,3,2,20,,6,3,0,NE,,,,,,,,,,,,,,,,,,,,,,,,,,,,,,,,
3392,2017,352,NAG,GRETI,1,6,6,0,,,6,6,0,JD,,,,,,,,,,,,,,,,,,,,,,,,,,,,,,,,
3393,2017,357,NAG,BLUTI,1,8,6,0,30,,8,6,0,JD,,,,,,,,,,,,,,,,,,,,,,,,,,,,,,,,
3394,2017,359,NAG,BLUTI,1,8,6,6,14,,8,6,2,NE,,,,,,,,,,,,,,,,,,,,,,,,,,,,,,,,
3395,2017,374,NAG,NUTHA,1,6,0,0,,,6,,6,ED,,,,,,,,,,,,,,,,,,,,,,,,,,,,,,,,
3396,2017,375,NAG,GRETI,1,6,2,2,33,,6,2,0,NE,,,,,,,,,,,,,,,,,,,,,,,,,,,,,,,,
3397,2017,401,NAG,BLUTI,1,,5,3,47,,5,5,0,NE,,,,,,,,,,,,,,,,,,,,,,,,,,,,,,,,
3398,2017,402,NAG,BLUTI,1,7,5,5,17,,7,5,1,NE,,,,,,,,,,,,,,,,,,,,,,,,,,,,,,,,
3399,2017,403,NAG,GRETI,1,7,6,6,20,,7,6,0,NE,,,,,,,,,,,,,,,,,,,,,,,,,,,,,,,,
3400,2017,405,NAG,BLUTI,1,9,4,4,15,,9,4,0,NE,,,,,,,,,,,,,,,,,,,,,,,,,,,,,,,,
3401,2017,406,NAG,GRETI,1,7,0,0,,,7,0,0,NE,,,,,,,,,,,,,,,,,,,,,,,,,,,,,,,,
3402,2017,407,NAG,GRETI,1,7,5,4,18,,7,5,0,NE,,,,,,,,,,,,,,,,,,,,,,,,,,,,,,,,
3403,2017,408,NAG,GRETI,1,8,7,7,23,,8,7,0,NE,,,,,,,,,,,,,,,,,,,,,,,,,,,,,,,,
3404,2017,409,NAG,BLUTI,1,10,7,5,15,,10,7,2,NE,,,,,,,,,,,,,,,,,,,,,,,,,,,,,,,,
3405,2017,415,NAG,BLUTI,1,4,0,0,,,4,0,0,NE,,,,,,,,,,,,,,,,,,,,,,,,,,,,,,,,
3406,2017,418,NAG,BLUTI,1,10,8,4,15,,10,8,1,NE,,,,,,,,,,,,,,,,,,,,,,,,,,,,,,,,
3407,2017,428,NAG,BLUTI,1,5,5,5,26,,5,5,0,NE,,,,,,,,,,,,,,,,,,,,,,,,,,,,,,,,
3408,2017,431,NAG,BLUTI,1,8,7,3,23,,8,7,1,NE,,,,,,,,,,,,,,,,,,,,,,,,,,,,,,,,
3409,2017,434,NAG,NUTHA,1,7,6,5,18,,7,6,0,NE,,,,,,,,,,,,,,,,,,,,,,,,,,,,,,,,
3410,2017,435,NAG,GRETI,1,9,6,0,16,,9,6,0,JD,,,,,,,,,,,,,,,,,,,,,,,,,,,,,,,,
3411,2017,436,NAG,BLUTI,1,10,7,4,17,,10,7,0,NE,,,,,,,,,,,,,,,,,,,,,,,,,,,,,,,,
3412,2017,437,NAG,BLUTI,1,11,6,4,12,,11,6,0,NE,,,,,,,,,,,,,,,,,,,,,,,,,,,,,,,,
3413,2017,440,NAG,BLUTI,1,10,8,0,16,,10,8,0,JD,,,,,,,,,,,,,,,,,,,,,,,,,,,,,,,,
3414,2017,138A,NAG,BLUTI,1,,6,3,14,,6,6,0,NE,,,,,,,,,,,,,,,,,,,,,,,,,,,,,,,,
3415,2017,330A,NAG,GRETI,1,5,4,4,25,,5,4,0,NE,,,,,,,,,,,,,,,,,,,,,,,,,,,,,,,,
3416,2017,F3,NAG,GRETI,1,7,6,3,26,,7,6,1,NE,,,,,,,,,,,,,,,,,,,,,,,,,,,,,,,,
3417,2017,F4,NAG,GRETI,1,4,4,3,,,4,4,0,NE,,,,,,,,,,,,,,,,,,,,,,,,,,,,,,,,
3418,2017,R10,NAG,BLUTI,1,6,5,5,12,,6,5,0,NE,,,,,,,,,,,,,,,,,,,,,,,,,,,,,,,,
3419,2017,R12,NAG,BLUTI,1,11,9,3,12,,11,9,0,NE,,,,,,,,,,,,,,,,,,,,,,,,,,,,,,,,
3420,2017,R13,NAG,BLUTI,1,8,4,0,15,,8,4,0,JD,,,,,,,,,,,,,,,,,,,,,,,,,,,,,,,,
3421,2017,R14,NAG,BLUTI,1,12,9,4,11,,12,9,0,NE,,,,,,,,,,,,,,,,,,,,,,,,,,,,,,,,
3422,2017,R4,NAG,GRETI,1,6,6,4,27,,6,6,0,NE,,,,,,,,,,,,,,,,,,,,,,,,,,,,,,,,
3423,2017,R7,NAG,BLUTI,1,12,12,0,14,,12,12,0,JD,,,,,,,,,,,,,,,,,,,,,,,,,,,,,,,,
3424,2017,R8,NAG,BLUTI,1,10,8,8,19,,10,8,0,NE,,,,,,,,,,,,,,,,,,,,,,,,,,,,,,,,
3425,2018,1,NAG,GRETI,1,,4,4,42,,6,4,0,NE,,,,,,,,,,,,,,,,,,,,,,,,,,,,,,,,
3426,2018,2,NAG,GRETI,1,,5,4,41,,5,5,0,NE,,,,,,,,,,,,,,,,,,,,,,,,,,,,,,,,
3427,2018,3,NAG,NUTHA,1,6,5,5,28,,6,5,0,NE,,,,,,,,,,,,,,,,,,,,,,,,,,,,,,,,
3428,2018,5,NAG,BLUTI,1,,5,0,25,,5,5,0,JD,,,,,,,,,,,,,,,,,,,,,,,,,,,,,,,,
3429,2018,6,NAG,GRETI,1,,5,5,26,,5,5,0,NE,,,,,,,,,,,,,,,,,,,,,,,,,,,,,,,,
3430,2018,7,NAG,GRETI,1,,6,6,35,,6,6,0,NE,,,,,,,,,,,,,,,,,,,,,,,,,,,,,,,,
3431,2018,8,NAG,BLUTI,1,6,5,0,26,,6,5,0,JD,,,,,,,,,,,,,,,,,,,,,,,,,,,,,,,,
3432,2018,9,NAG,BLUTI,1,,5,0,35,,5,5,0,JO,,,,,,,,,,,,,,,,,,,,,,,,,,,,,,,,
3433,2018,10,NAG,BLUTI,1,8,4,3,37,,8,4,0,NE,,,,,,,,,,,,,,,,,,,,,,,,,,,,,,,,
3434,2018,11,NAG,GRETI,1,,0,0,,,1,,0,EO,,,,,,,,,,,,,,,,,,,,,,,,,,,,,,,,
3435,2018,12,NAG,BLUTI,1,10,9,1,27,,10,9,0,NE,,,,,,,,,,,,,,,,,,,,,,,,,,,,,,,,
3436,2018,13,NAG,BLUTI,1,6,6,6,30,,6,6,0,NE,,,,,,,,,,,,,,,,,,,,,,,,,,,,,,,,
3437,2018,16,NAG,BLUTI,1,7,0,0,47,,7,,4,ED,,,,,,,,,,,,,,,,,,,,,,,,,,,,,,,,
3438,2018,17,NAG,BLUTI,1,,9,9,24,,9,9,0,NE,,,,,,,,,,,,,,,,,,,,,,,,,,,,,,,,
3439,2018,18,NAG,NUTHA,1,,6,6,20,,6,6,0,NE,,,,,,,,,,,,,,,,,,,,,,,,,,,,,,,,
3440,2018,20,NAG,NUTHA,1,6,6,6,27,,6,6,0,NE,,,,,,,,,,,,,,,,,,,,,,,,,,,,,,,,
3441,2018,21,NAG,GRETI,1,8,7,2,38,,8,7,0,NE,,,,,,,,,,,,,,,,,,,,,,,,,,,,,,,,
3442,2018,22,NAG,GRETI,1,,5,5,27,,5,5,0,NE,,,,,,,,,,,,,,,,,,,,,,,,,,,,,,,,
3443,2018,23,NAG,BLUTI,1,7,3,2,38,,7,3,0,NE,,,,,,,,,,,,,,,,,,,,,,,,,,,,,,,,
3444,2018,25,NAG,NUTHA,1,6,6,6,27,,6,6,0,NE,,,,,,,,,,,,,,,,,,,,,,,,,,,,,,,,
3445,2018,27,NAG,GRETI,1,7,5,5,37,,7,5,0,NE,,,,,,,,,,,,,,,,,,,,,,,,,,,,,,,,
3446,2018,29,NAG,BLUTI,1,,3,0,,,4,3,0,JD,,,,,,,,,,,,,,,,,,,,,,,,,,,,,,,,
3447,2018,30,NAG,BLUTI,1,6,6,0,34,,6,6,0,JD,,,,,,,,,,,,,,,,,,,,,,,,,,,,,,,,
3448,2018,33,NAG,BLUTI,1,,6,0,46,,6,6,0,JD,,,,,,,,,,,,,,,,,,,,,,,,,,,,,,,,
3449,2018,34,NAG,GRETI,1,6,6,0,,,6,6,0,JD,,,,,,,,,,,,,,,,,,,,,,,,,,,,,,,,
3450,2018,35,NAG,BLUTI,1,7,5,0,40,,7,5,0,JD,,,,,,,,,,,,,,,,,,,,,,,,,,,,,,,,
3451,2018,36,NAG,BLUTI,1,7,6,6,33,,7,6,0,NE,,,,,,,,,,,,,,,,,,,,,,,,,,,,,,,,
3452,2018,38,NAG,BLUTI,1,8,6,3,30,,8,6,0,NE,,,,,,,,,,,,,,,,,,,,,,,,,,,,,,,,
3453,2018,41,NAG,NUTHA,1,6,3,3,29,,6,3,0,NE,,,,,,,,,,,,,,,,,,,,,,,,,,,,,,,,
3454,2018,44,NAG,GRETI,1,6,6,5,35,,6,6,0,NE,,,,,,,,,,,,,,,,,,,,,,,,,,,,,,,,
3455,2018,45,NAG,BLUTI,1,,8,3,26,,8,8,0,NE,,,,,,,,,,,,,,,,,,,,,,,,,,,,,,,,
3456,2018,46,NAG,BLUTI,1,9,5,2,34,,9,5,0,NE,,,,,,,,,,,,,,,,,,,,,,,,,,,,,,,,
3457,2018,47,NAG,BLUTI,1,10,6,0,27,,10,6,0,JD,,,,,,,,,,,,,,,,,,,,,,,,,,,,,,,,
3458,2018,48,NAG,BLUTI,1,,2,1,38,,4,2,0,NE,,,,,,,,,,,,,,,,,,,,,,,,,,,,,,,,
3459,2018,49,NAG,BLUTI,1,8,4,2,35,,8,4,0,NE,,,,,,,,,,,,,,,,,,,,,,,,,,,,,,,,
3460,2018,50,NAG,BLUTI,1,,0,0,,,6,,6,ED,,,,,,,,,,,,,,,,,,,,,,,,,,,,,,,,
3461,2018,51,NAG,GRETI,1,6,5,1,38,,6,5,0,NE,,,,,,,,,,,,,,,,,,,,,,,,,,,,,,,,
3462,2018,52,NAG,BLUTI,1,6,6,6,26,,6,6,0,NE,,,,,,,,,,,,,,,,,,,,,,,,,,,,,,,,
3463,2018,55,NAG,GRETI,1,,5,2,33,,5,5,0,NE,,,,,,,,,,,,,,,,,,,,,,,,,,,,,,,,
3464,2018,56,NAG,BLUTI,1,,4,0,39,,7,4,3,JD,,,,,,,,,,,,,,,,,,,,,,,,,,,,,,,,
3465,2018,57,NAG,BLUTI,1,8,7,4,27,,8,7,0,NE,,,,,,,,,,,,,,,,,,,,,,,,,,,,,,,,
3466,2018,58,NAG,BLUTI,1,,2,2,32,,2,2,0,NE,,,,,,,,,,,,,,,,,,,,,,,,,,,,,,,,
3467,2018,59,NAG,BLUTI,1,,0,0,33,,4,,4,EO,,,,,,,,,,,,,,,,,,,,,,,,,,,,,,,,
3468,2018,60,NAG,BLUTI,1,,3,2,33,,3,3,0,NE,,,,,,,,,,,,,,,,,,,,,,,,,,,,,,,,
3469,2018,61,NAG,BLUTI,1,8,6,0,24,,8,6,2,JD,,,,,,,,,,,,,,,,,,,,,,,,,,,,,,,,
3470,2018,62,NAG,BLUTI,1,,5,4,41,,6,5,0,NE,,,,,,,,,,,,,,,,,,,,,,,,,,,,,,,,
3471,2018,63,NAG,GRETI,1,5,5,5,33,,5,5,0,NE,,,,,,,,,,,,,,,,,,,,,,,,,,,,,,,,
3472,2018,64,NAG,BLUTI,1,,4,3,26,,4,4,0,NE,,,,,,,,,,,,,,,,,,,,,,,,,,,,,,,,
3473,2018,67,NAG,NUTHA,1,5,0,0,27,,5,,5,ED,,,,,,,,,,,,,,,,,,,,,,,,,,,,,,,,
3474,2018,69,NAG,GRETI,1,7,5,2,31,,7,5,0,NE,,,,,,,,,,,,,,,,,,,,,,,,,,,,,,,,
3475,2018,74,NAG,GRETI,1,7,5,3,33,,7,5,0,NE,,,,,,,,,,,,,,,,,,,,,,,,,,,,,,,,
3476,2018,75,NAG,BLUTI,1,7,7,4,32,,7,7,0,NE,,,,,,,,,,,,,,,,,,,,,,,,,,,,,,,,
3477,2018,76,NAG,BLUTI,1,4,6,6,29,,7,6,0,NE,,,,,,,,,,,,,,,,,,,,,,,,,,,,,,,,
3478,2018,78,NAG,GRETI,1,4,4,4,36,,4,4,0,NE,,,,,,,,,,,,,,,,,,,,,,,,,,,,,,,,
3479,2018,82,NAG,BLUTI,1,6,5,3,30,,6,5,0,NE,,,,,,,,,,,,,,,,,,,,,,,,,,,,,,,,
3480,2018,83,NAG,BLUTI,1,7,4,4,29,,7,4,0,NE,,,,,,,,,,,,,,,,,,,,,,,,,,,,,,,,
3481,2018,87,NAG,BLUTI,1,,5,5,28,,5,5,0,NE,,,,,,,,,,,,,,,,,,,,,,,,,,,,,,,,
3482,2018,89,NAG,GRETI,1,,6,6,32,,6,6,0,NE,,,,,,,,,,,,,,,,,,,,,,,,,,,,,,,,
3483,2018,90,NAG,GRETI,1,7,7,6,24,,7,7,0,NE,,,,,,,,,,,,,,,,,,,,,,,,,,,,,,,,
3484,2018,92,NAG,BLUTI,1,9,0,0,29,,9,,9,ED,,,,,,,,,,,,,,,,,,,,,,,,,,,,,,,,
3485,2018,93,NAG,BLUTI,1,8,5,2,37,,8,5,0,NE,,,,,,,,,,,,,,,,,,,,,,,,,,,,,,,,
3486,2018,94,NAG,BLUTI,1,8,7,2,25,,8,7,0,NE,,,,,,,,,,,,,,,,,,,,,,,,,,,,,,,,
3487,2018,96,NAG,BLUTI,1,4,3,3,29,,4,3,0,NE,,,,,,,,,,,,,,,,,,,,,,,,,,,,,,,,
3488,2018,97,NAG,BLUTI,1,8,8,0,33,,8,8,0,JD,,,,,,,,,,,,,,,,,,,,,,,,,,,,,,,,
3489,2018,98,NAG,BLUTI,1,11,4,0,27,,11,4,1,JD,,,,,,,,,,,,,,,,,,,,,,,,,,,,,,,,
3490,2018,99,NAG,NUTHA,1,7,6,2,25,,7,6,0,NE,,,,,,,,,,,,,,,,,,,,,,,,,,,,,,,,
3491,2018,100,NAG,GRETI,1,6,6,3,29,,6,6,0,NE,,,,,,,,,,,,,,,,,,,,,,,,,,,,,,,,
3492,2018,101,NAG,BLUTI,1,5,5,3,27,,5,5,0,NE,,,,,,,,,,,,,,,,,,,,,,,,,,,,,,,,
3493,2018,102,NAG,BLUTI,1,,2,0,40,,5,2,0,JO,,,,,,,,,,,,,,,,,,,,,,,,,,,,,,,,
3494,2018,103,NAG,BLUTI,1,7,6,0,31,,7,6,0,JD,,,,,,,,,,,,,,,,,,,,,,,,,,,,,,,,
3495,2018,104,NAG,BLUTI,1,,6,2,42,,6,6,0,NE,,,,,,,,,,,,,,,,,,,,,,,,,,,,,,,,
3496,2018,109,NAG,BLUTI,1,11,6,0,25,,11,6,0,JD,,,,,,,,,,,,,,,,,,,,,,,,,,,,,,,,
3497,2018,110,NAG,BLUTI,1,8,7,2,26,,8,7,0,NE,,,,,,,,,,,,,,,,,,,,,,,,,,,,,,,,
3498,2018,111,NAG,GRETI,1,6,5,5,32,,6,5,0,NE,,,,,,,,,,,,,,,,,,,,,,,,,,,,,,,,
3499,2018,112,NAG,BLUTI,1,4,0,0,,,4,,0,EO,,,,,,,,,,,,,,,,,,,,,,,,,,,,,,,,
3500,2018,114,NAG,GRETI,1,7,7,7,24,,7,7,0,NE,,,,,,,,,,,,,,,,,,,,,,,,,,,,,,,,
3501,2018,115,NAG,BLUTI,1,7,7,4,26,,7,7,0,NE,,,,,,,,,,,,,,,,,,,,,,,,,,,,,,,,
3502,2018,116,NAG,BLUTI,1,,6,4,25,,6,6,0,NE,,,,,,,,,,,,,,,,,,,,,,,,,,,,,,,,
3503,2018,118,NAG,GRETI,1,6,5,4,29,,6,5,0,NE,,,,,,,,,,,,,,,,,,,,,,,,,,,,,,,,
3504,2018,119,NAG,BLUTI,1,7,7,5,29,,7,7,0,NE,,,,,,,,,,,,,,,,,,,,,,,,,,,,,,,,
3505,2018,120,NAG,GRETI,1,7,4,4,42,,7,4,0,NE,,,,,,,,,,,,,,,,,,,,,,,,,,,,,,,,
3506,2018,124,NAG,BLUTI,1,,5,5,24,,7,5,0,NE,,,,,,,,,,,,,,,,,,,,,,,,,,,,,,,,
3507,2018,125,NAG,GRETI,1,,6,6,32,,6,6,0,NE,,,,,,,,,,,,,,,,,,,,,,,,,,,,,,,,
3508,2018,127,NAG,GRETI,1,,5,3,30,,5,5,0,NE,,,,,,,,,,,,,,,,,,,,,,,,,,,,,,,,
3509,2018,129,NAG,GRETI,1,,6,6,30,,6,6,0,NE,,,,,,,,,,,,,,,,,,,,,,,,,,,,,,,,
3510,2018,130,NAG,GRETI,1,8,7,6,26,,8,7,0,NE,,,,,,,,,,,,,,,,,,,,,,,,,,,,,,,,
3511,2018,131,NAG,BLUTI,1,5,5,2,28,,5,5,0,NE,,,,,,,,,,,,,,,,,,,,,,,,,,,,,,,,
3512,2018,133,NAG,BLUTI,1,5,5,5,37,,5,5,0,NE,,,,,,,,,,,,,,,,,,,,,,,,,,,,,,,,
3513,2018,136,NAG,BLUTI,1,12,11,0,28,,12,11,0,JD,,,,,,,,,,,,,,,,,,,,,,,,,,,,,,,,
3514,2018,137,NAG,BLUTI,1,8,8,0,27,,8,8,0,JD,,,,,,,,,,,,,,,,,,,,,,,,,,,,,,,,
3515,2018,139,NAG,BLUTI,1,10,8,7,24,,10,8,0,NE,,,,,,,,,,,,,,,,,,,,,,,,,,,,,,,,
3516,2018,140,NAG,BLUTI,1,,5,5,29,,6,5,0,NE,,,,,,,,,,,,,,,,,,,,,,,,,,,,,,,,
3517,2018,141,NAG,BLUTI,1,8,0,0,35,,8,0,0,JO,,,,,,,,,,,,,,,,,,,,,,,,,,,,,,,,
3518,2018,144,NAG,GRETI,1,,4,0,44,,4,4,0,JD,,,,,,,,,,,,,,,,,,,,,,,,,,,,,,,,
3519,2018,146,NAG,BLUTI,1,7,6,2,35,,7,6,0,NE,,,,,,,,,,,,,,,,,,,,,,,,,,,,,,,,
3520,2018,150,NAG,GRETI,1,4,3,1,28,,4,3,0,NE,,,,,,,,,,,,,,,,,,,,,,,,,,,,,,,,
3521,2018,151,NAG,BLUTI,1,10,10,1,25,,10,10,0,NE,,,,,,,,,,,,,,,,,,,,,,,,,,,,,,,,
3522,2018,153,NAG,GRETI,1,6,6,4,35,,6,6,0,NE,,,,,,,,,,,,,,,,,,,,,,,,,,,,,,,,
3523,2018,154,NAG,GRETI,1,8,8,5,27,,8,8,0,NE,,,,,,,,,,,,,,,,,,,,,,,,,,,,,,,,
3524,2018,155,NAG,BLUTI,1,,5,0,43,,5,5,0,JO,,,,,,,,,,,,,,,,,,,,,,,,,,,,,,,,
3525,2018,156,NAG,BLUTI,1,10,7,6,28,,10,7,0,NE,,,,,,,,,,,,,,,,,,,,,,,,,,,,,,,,
3526,2018,158,NAG,BLUTI,1,6,6,4,34,,6,6,0,NE,,,,,,,,,,,,,,,,,,,,,,,,,,,,,,,,
3527,2018,159,NAG,BLUTI,1,6,5,4,34,,6,5,0,NE,,,,,,,,,,,,,,,,,,,,,,,,,,,,,,,,
3528,2018,162,NAG,BLUTI,1,,8,7,24,,8,8,0,NE,,,,,,,,,,,,,,,,,,,,,,,,,,,,,,,,
3529,2018,164,NAG,BLUTI,1,10,5,2,32,,10,5,0,NE,,,,,,,,,,,,,,,,,,,,,,,,,,,,,,,,
3530,2018,165,NAG,BLUTI,1,,6,2,27,,6,6,0,NE,,,,,,,,,,,,,,,,,,,,,,,,,,,,,,,,
3531,2018,166,NAG,BLUTI,1,8,4,4,26,,8,4,0,NE,,,,,,,,,,,,,,,,,,,,,,,,,,,,,,,,
3532,2018,167,NAG,NUTHA,1,6,6,6,16,,6,6,0,NE,,,,,,,,,,,,,,,,,,,,,,,,,,,,,,,,
3533,2018,170,NAG,GRETI,1,5,5,5,30,,5,5,0,NE,,,,,,,,,,,,,,,,,,,,,,,,,,,,,,,,
3534,2018,174,NAG,NUTHA,1,5,5,5,26,,5,5,0,NE,,,,,,,,,,,,,,,,,,,,,,,,,,,,,,,,
3535,2018,176,NAG,GRETI,1,,6,6,22,,6,6,0,NE,,,,,,,,,,,,,,,,,,,,,,,,,,,,,,,,
3536,2018,177,NAG,BLUTI,1,,0,0,,,1,,0,EO,,,,,,,,,,,,,,,,,,,,,,,,,,,,,,,,
3537,2018,178,NAG,BLUTI,1,9,8,3,29,,9,8,0,NE,,,,,,,,,,,,,,,,,,,,,,,,,,,,,,,,
3538,2018,179,NAG,BLUTI,1,,7,0,25,,7,7,0,JD,,,,,,,,,,,,,,,,,,,,,,,,,,,,,,,,
3539,2018,180,NAG,GRETI,1,,6,1,32,,7,6,0,NE,,,,,,,,,,,,,,,,,,,,,,,,,,,,,,,,
3540,2018,183,NAG,NUTHA,1,,3,2,25,,3,3,0,NE,,,,,,,,,,,,,,,,,,,,,,,,,,,,,,,,
3541,2018,187,NAG,GRETI,1,9,9,9,23,,9,9,0,NE,,,,,,,,,,,,,,,,,,,,,,,,,,,,,,,,
3542,2018,188,NAG,BLUTI,1,9,9,7,25,,9,9,0,NE,,,,,,,,,,,,,,,,,,,,,,,,,,,,,,,,
3543,2018,189,NAG,GRETI,1,7,5,5,26,,7,5,0,NE,,,,,,,,,,,,,,,,,,,,,,,,,,,,,,,,
3544,2018,191,NAG,BLUTI,1,7,6,0,26,,7,6,1,JD,,,,,,,,,,,,,,,,,,,,,,,,,,,,,,,,
3545,2018,193,NAG,GRETI,1,,4,4,25,,5,4,0,NE,,,,,,,,,,,,,,,,,,,,,,,,,,,,,,,,
3546,2018,194,NAG,NUTHA,1,6,5,5,28,,6,5,0,NE,,,,,,,,,,,,,,,,,,,,,,,,,,,,,,,,
3547,2018,197,NAG,BLUTI,1,,8,5,26,,8,8,0,NE,,,,,,,,,,,,,,,,,,,,,,,,,,,,,,,,
3548,2018,200,NAG,NUTHA,1,,7,6,24,,7,7,0,NE,,,,,,,,,,,,,,,,,,,,,,,,,,,,,,,,
3549,2018,201,NAG,GRETI,1,7,2,0,36,,7,2,0,JD,,,,,,,,,,,,,,,,,,,,,,,,,,,,,,,,
3550,2018,203,NAG,BLUTI,1,,7,7,28,,7,7,0,NE,,,,,,,,,,,,,,,,,,,,,,,,,,,,,,,,
3551,2018,204,NAG,GRETI,1,7,6,2,24,,7,6,0,NE,,,,,,,,,,,,,,,,,,,,,,,,,,,,,,,,
3552,2018,205,NAG,GRETI,1,,2,2,39,,4,2,0,NE,,,,,,,,,,,,,,,,,,,,,,,,,,,,,,,,
3553,2018,206,NAG,BLUTI,1,3,0,0,30,,3,,3,ED,,,,,,,,,,,,,,,,,,,,,,,,,,,,,,,,
3554,2018,207,NAG,BLUTI,1,6,6,2,38,,6,6,0,NE,,,,,,,,,,,,,,,,,,,,,,,,,,,,,,,,
3555,2018,208,NAG,GRETI,1,4,5,4,34,,5,5,0,NE,,,,,,,,,,,,,,,,,,,,,,,,,,,,,,,,
3556,2018,210,NAG,BLUTI,1,7,6,1,28,,7,6,0,NE,,,,,,,,,,,,,,,,,,,,,,,,,,,,,,,,
3557,2018,213,NAG,BLUTI,1,8,5,0,34,,8,5,0,JD,,,,,,,,,,,,,,,,,,,,,,,,,,,,,,,,
3558,2018,215,NAG,GRETI,1,,5,2,26,,5,5,0,NE,,,,,,,,,,,,,,,,,,,,,,,,,,,,,,,,
3559,2018,216,NAG,BLUTI,1,6,2,0,32,,6,2,2,JD,,,,,,,,,,,,,,,,,,,,,,,,,,,,,,,,
3560,2018,217,NAG,GRETI,1,,6,4,27,,7,6,0,NE,,,,,,,,,,,,,,,,,,,,,,,,,,,,,,,,
3561,2018,218,NAG,BLUTI,1,7,4,4,26,,7,4,0,NE,,,,,,,,,,,,,,,,,,,,,,,,,,,,,,,,
3562,2018,221,NAG,NUTHA,1,6,6,0,28,,6,6,0,JD,,,,,,,,,,,,,,,,,,,,,,,,,,,,,,,,
3563,2018,222,NAG,BLUTI,1,,4,4,34,,4,4,0,NE,,,,,,,,,,,,,,,,,,,,,,,,,,,,,,,,
3564,2018,224,NAG,GRETI,1,,6,2,37,,6,6,0,NE,,,,,,,,,,,,,,,,,,,,,,,,,,,,,,,,
3565,2018,225,NAG,BLUTI,1,9,3,0,32,,9,3,0,JD,,,,,,,,,,,,,,,,,,,,,,,,,,,,,,,,
3566,2018,227,NAG,BLUTI,1,7,4,2,29,,7,4,0,NE,,,,,,,,,,,,,,,,,,,,,,,,,,,,,,,,
3567,2018,228,NAG,BLUTI,1,7,2,1,36,,7,2,0,NE,,,,,,,,,,,,,,,,,,,,,,,,,,,,,,,,
3568,2018,230,NAG,BLUTI,1,8,7,0,26,,8,7,0,JD,,,,,,,,,,,,,,,,,,,,,,,,,,,,,,,,
3569,2018,231,NAG,BLUTI,1,8,5,0,28,,8,5,0,JD,,,,,,,,,,,,,,,,,,,,,,,,,,,,,,,,
3570,2018,239,NAG,GRETI,1,7,7,2,27,,9,7,0,NE,,,,,,,,,,,,,,,,,,,,,,,,,,,,,,,,
3571,2018,240,NAG,GRETI,1,7,4,4,28,,7,4,0,NE,,,,,,,,,,,,,,,,,,,,,,,,,,,,,,,,
3572,2018,250,NAG,BLUTI,1,8,0,0,40,,8,,8,EO,,,,,,,,,,,,,,,,,,,,,,,,,,,,,,,,
3573,2018,251,NAG,GRETI,1,,5,0,34,,5,5,0,JD,,,,,,,,,,,,,,,,,,,,,,,,,,,,,,,,
3574,2018,252,NAG,GRETI,1,,5,5,28,,5,5,0,NE,,,,,,,,,,,,,,,,,,,,,,,,,,,,,,,,
3575,2018,253,NAG,BLUTI,1,7,3,2,30,,7,3,0,NE,,,,,,,,,,,,,,,,,,,,,,,,,,,,,,,,
3576,2018,254,NAG,GRETI,1,5,3,3,30,,5,3,0,NE,,,,,,,,,,,,,,,,,,,,,,,,,,,,,,,,
3577,2018,255,NAG,BLUTI,1,9,8,2,24,,9,8,0,NE,,,,,,,,,,,,,,,,,,,,,,,,,,,,,,,,
3578,2018,257,NAG,BLUTI,1,,7,7,27,,7,7,0,NE,,,,,,,,,,,,,,,,,,,,,,,,,,,,,,,,
3579,2018,268,NAG,GRETI,1,,0,0,,,1,,1,EO,,,,,,,,,,,,,,,,,,,,,,,,,,,,,,,,
3580,2018,269,NAG,GRETI,1,,0,0,,,2,,1,ED,,,,,,,,,,,,,,,,,,,,,,,,,,,,,,,,
3581,2018,270,NAG,BLUTI,1,9,5,5,23,,9,5,1,NE,,,,,,,,,,,,,,,,,,,,,,,,,,,,,,,,
3582,2018,271,NAG,BLUTI,1,9,7,7,22,,9,7,0,NE,,,,,,,,,,,,,,,,,,,,,,,,,,,,,,,,
3583,2018,273,NAG,GRETI,1,,6,6,30,,6,6,0,NE,,,,,,,,,,,,,,,,,,,,,,,,,,,,,,,,
3584,2018,274,NAG,BLUTI,1,7,6,6,27,,7,6,0,NE,,,,,,,,,,,,,,,,,,,,,,,,,,,,,,,,
3585,2018,275,NAG,GRETI,1,,4,0,44,,5,4,1,JP,,,,,,,,,,,,,,,,,,,,,,,,,,,,,,,,
3586,2018,276,NAG,NUTHA,1,,5,5,31,,5,5,0,NE,,,,,,,,,,,,,,,,,,,,,,,,,,,,,,,,
3587,2018,278,NAG,GRETI,1,,6,6,27,,6,6,0,NE,,,,,,,,,,,,,,,,,,,,,,,,,,,,,,,,
3588,2018,279,NAG,NUTHA,1,,6,6,29,,6,6,0,NE,,,,,,,,,,,,,,,,,,,,,,,,,,,,,,,,
3589,2018,280,NAG,BLUTI,1,8,0,0,27,,8,,8,ED,,,,,,,,,,,,,,,,,,,,,,,,,,,,,,,,
3590,2018,283,NAG,BLUTI,1,6,6,4,36,,6,6,0,NE,,,,,,,,,,,,,,,,,,,,,,,,,,,,,,,,
3591,2018,284,NAG,GRETI,1,8,7,7,36,,8,7,0,NE,,,,,,,,,,,,,,,,,,,,,,,,,,,,,,,,
3592,2018,287,NAG,GRETI,1,10,8,8,31,,10,8,0,NE,,,,,,,,,,,,,,,,,,,,,,,,,,,,,,,,
3593,2018,288,NAG,BLUTI,1,,6,6,31,,6,6,0,NE,,,,,,,,,,,,,,,,,,,,,,,,,,,,,,,,
3594,2018,290,NAG,BLUTI,1,8,10,1,24,,10,10,0,NE,,,,,,,,,,,,,,,,,,,,,,,,,,,,,,,,
3595,2018,291,NAG,GRETI,1,,3,3,23,,3,3,0,NE,,,,,,,,,,,,,,,,,,,,,,,,,,,,,,,,
3596,2018,292,NAG,BLUTI,1,8,0,0,22,,8,,8,ED,,,,,,,,,,,,,,,,,,,,,,,,,,,,,,,,
3597,2018,296,NAG,BLUTI,1,12,11,0,22,,12,11,0,JD,,,,,,,,,,,,,,,,,,,,,,,,,,,,,,,,
3598,2018,298,NAG,GRETI,1,6,6,5,36,,6,6,0,NE,,,,,,,,,,,,,,,,,,,,,,,,,,,,,,,,
3599,2018,299,NAG,BLUTI,1,10,10,10,20,,10,10,0,NE,,,,,,,,,,,,,,,,,,,,,,,,,,,,,,,,
3600,2018,300,NAG,BLUTI,1,10,3,3,25,,10,3,0,NE,,,,,,,,,,,,,,,,,,,,,,,,,,,,,,,,
3601,2018,301,NAG,GRETI,1,,5,4,26,,5,5,0,NE,,,,,,,,,,,,,,,,,,,,,,,,,,,,,,,,
3602,2018,302,NAG,BLUTI,1,,4,0,36,,4,4,0,JD,,,,,,,,,,,,,,,,,,,,,,,,,,,,,,,,
3603,2018,307,NAG,BLUTI,1,,0,0,31,,5,,5,ED,,,,,,,,,,,,,,,,,,,,,,,,,,,,,,,,
3604,2018,308,NAG,BLUTI,1,,5,0,26,,6,5,1,JD,,,,,,,,,,,,,,,,,,,,,,,,,,,,,,,,
3605,2018,309,NAG,BLUTI,1,,7,1,27,,8,7,0,NE,,,,,,,,,,,,,,,,,,,,,,,,,,,,,,,,
3606,2018,312,NAG,BLUTI,1,8,7,0,26,,8,7,0,JD,,,,,,,,,,,,,,,,,,,,,,,,,,,,,,,,
3607,2018,318,NAG,BLUTI,1,7,6,2,27,,7,6,0,NE,,,,,,,,,,,,,,,,,,,,,,,,,,,,,,,,
3608,2018,319,NAG,GRETI,1,6,4,4,,,6,4,0,NE,,,,,,,,,,,,,,,,,,,,,,,,,,,,,,,,
3609,2018,325,NAG,BLUTI,1,9,8,6,26,,9,8,0,NE,,,,,,,,,,,,,,,,,,,,,,,,,,,,,,,,
3610,2018,326,NAG,BLUTI,1,8,0,0,34,,8,,2,EP,,,,,,,,,,,,,,,,,,,,,,,,,,,,,,,,
3611,2018,328,NAG,BLUTI,1,,1,0,,,9,1,0,NE,,,,,,,,,,,,,,,,,,,,,,,,,,,,,,,,
3612,2018,329,NAG,BLUTI,1,9,5,4,34,,9,5,1,NE,,,,,,,,,,,,,,,,,,,,,,,,,,,,,,,,
3613,2018,331,NAG,BLUTI,1,5,3,0,30,,8,3,3,JP,,,,,,,,,,,,,,,,,,,,,,,,,,,,,,,,
3614,2018,332,NAG,BLUTI,1,6,3,3,30,,6,3,0,NE,,,,,,,,,,,,,,,,,,,,,,,,,,,,,,,,
3615,2018,333,NAG,GRETI,1,4,4,3,35,,4,4,0,NE,,,,,,,,,,,,,,,,,,,,,,,,,,,,,,,,
3616,2018,334,NAG,BLUTI,1,,6,5,27,,6,6,0,NE,,,,,,,,,,,,,,,,,,,,,,,,,,,,,,,,
3617,2018,336,NAG,BLUTI,1,,1,0,45,,1,1,0,JD,,,,,,,,,,,,,,,,,,,,,,,,,,,,,,,,
3618,2018,337,NAG,GRETI,1,6,7,6,28,,7,7,0,NE,,,,,,,,,,,,,,,,,,,,,,,,,,,,,,,,
3619,2018,339,NAG,BLUTI,1,,4,4,28,,4,4,0,NE,,,,,,,,,,,,,,,,,,,,,,,,,,,,,,,,
3620,2018,340,NAG,BLUTI,1,7,7,0,26,,7,7,0,JD,,,,,,,,,,,,,,,,,,,,,,,,,,,,,,,,
3621,2018,341,NAG,NUTHA,1,,5,5,26,,5,5,0,NE,,,,,,,,,,,,,,,,,,,,,,,,,,,,,,,,
3622,2018,342,NAG,BLUTI,1,8,5,0,26,,8,5,0,JD,,,,,,,,,,,,,,,,,,,,,,,,,,,,,,,,
3623,2018,344,NAG,GRETI,1,,6,5,27,,7,6,0,NE,,,,,,,,,,,,,,,,,,,,,,,,,,,,,,,,
3624,2018,345,NAG,GRETI,1,6,0,0,,,6,,6,ED,,,,,,,,,,,,,,,,,,,,,,,,,,,,,,,,
3625,2018,347,NAG,GRETI,1,8,3,0,47,,8,3,5,JD,,,,,,,,,,,,,,,,,,,,,,,,,,,,,,,,
3626,2018,348,NAG,BLUTI,1,10,8,8,29,,10,8,0,NE,,,,,,,,,,,,,,,,,,,,,,,,,,,,,,,,
3627,2018,349,NAG,BLUTI,1,9,6,4,28,,9,6,0,NE,,,,,,,,,,,,,,,,,,,,,,,,,,,,,,,,
3628,2018,351,NAG,BLUTI,1,6,0,0,24,,6,,6,ED,,,,,,,,,,,,,,,,,,,,,,,,,,,,,,,,
3629,2018,352,NAG,BLUTI,1,,4,3,40,,6,4,1,NE,,,,,,,,,,,,,,,,,,,,,,,,,,,,,,,,
3630,2018,353,NAG,BLUTI,1,9,8,5,24,,9,8,0,NE,,,,,,,,,,,,,,,,,,,,,,,,,,,,,,,,
3631,2018,357,NAG,BLUTI,1,6,6,6,25,,6,6,0,NE,,,,,,,,,,,,,,,,,,,,,,,,,,,,,,,,
3632,2018,359,NAG,GRETI,1,,4,4,40,,5,4,0,NE,,,,,,,,,,,,,,,,,,,,,,,,,,,,,,,,
3633,2018,360,NAG,GRETI,1,8,8,0,34,,8,8,0,JD,,,,,,,,,,,,,,,,,,,,,,,,,,,,,,,,
3634,2018,374,NAG,GRETI,1,,5,4,29,,5,5,0,NE,,,,,,,,,,,,,,,,,,,,,,,,,,,,,,,,
3635,2018,376,NAG,BLUTI,1,,4,0,27,,4,4,0,JD,,,,,,,,,,,,,,,,,,,,,,,,,,,,,,,,
3636,2018,405,NAG,BLUTI,1,9,8,0,25,,9,8,0,JD,,,,,,,,,,,,,,,,,,,,,,,,,,,,,,,,
3637,2018,407,NAG,GRETI,1,8,7,7,26,,8,7,0,NE,,,,,,,,,,,,,,,,,,,,,,,,,,,,,,,,
3638,2018,409,NAG,BLUTI,1,11,11,0,23,,11,11,0,JD,,,,,,,,,,,,,,,,,,,,,,,,,,,,,,,,
3639,2018,410,NAG,GRETI,1,,5,1,37,,5,5,0,NE,,,,,,,,,,,,,,,,,,,,,,,,,,,,,,,,
3640,2018,412,NAG,BLUTI,1,9,9,0,26,,9,9,0,JD,,,,,,,,,,,,,,,,,,,,,,,,,,,,,,,,
3641,2018,413,NAG,BLUTI,1,9,9,4,29,,9,9,0,NE,,,,,,,,,,,,,,,,,,,,,,,,,,,,,,,,
3642,2018,414,NAG,BLUTI,1,9,6,6,26,,9,6,0,NE,,,,,,,,,,,,,,,,,,,,,,,,,,,,,,,,
3643,2018,416,NAG,GRETI,1,7,7,7,27,,7,7,0,NE,,,,,,,,,,,,,,,,,,,,,,,,,,,,,,,,
3644,2018,417,NAG,BLUTI,1,10,5,5,25,,10,5,0,NE,,,,,,,,,,,,,,,,,,,,,,,,,,,,,,,,
3645,2018,419,NAG,BLUTI,1,8,8,6,27,,8,8,0,NE,,,,,,,,,,,,,,,,,,,,,,,,,,,,,,,,
3646,2018,422,NAG,BLUTI,1,6,6,3,27,,6,6,0,NE,,,,,,,,,,,,,,,,,,,,,,,,,,,,,,,,
3647,2018,426,NAG,BLUTI,1,11,10,10,24,,11,10,0,NE,,,,,,,,,,,,,,,,,,,,,,,,,,,,,,,,
3648,2018,428,NAG,GRETI,1,10,7,7,30,,10,7,0,NE,,,,,,,,,,,,,,,,,,,,,,,,,,,,,,,,
3649,2018,430,NAG,GRETI,1,6,6,6,23,,6,6,0,NE,,,,,,,,,,,,,,,,,,,,,,,,,,,,,,,,
3650,2018,431,NAG,BLUTI,1,9,8,8,24,,9,8,0,NE,,,,,,,,,,,,,,,,,,,,,,,,,,,,,,,,
3651,2018,435,NAG,BLUTI,1,8,5,4,31,,8,5,0,NE,,,,,,,,,,,,,,,,,,,,,,,,,,,,,,,,
3652,2018,437,NAG,BLUTI,1,10,7,4,24,,10,7,0,NE,,,,,,,,,,,,,,,,,,,,,,,,,,,,,,,,
3653,2018,438,NAG,BLUTI,1,,5,4,25,,5,5,0,NE,,,,,,,,,,,,,,,,,,,,,,,,,,,,,,,,
3654,2018,440,NAG,BLUTI,1,10,6,2,24,,10,6,0,NE,,,,,,,,,,,,,,,,,,,,,,,,,,,,,,,,
3655,2018,441,NAG,BLUTI,1,11,9,5,23,,11,9,0,NE,,,,,,,,,,,,,,,,,,,,,,,,,,,,,,,,
3656,2018,F1,NAG,BLUTI,1,5,4,0,35,,5,4,1,JO,,,,,,,,,,,,,,,,,,,,,,,,,,,,,,,,
3657,2018,F2,NAG,BLUTI,1,6,6,0,,,6,6,0,JD,,,,,,,,,,,,,,,,,,,,,,,,,,,,,,,,
3658,2018,F3,NAG,BLUTI,1,7,7,2,30,,7,7,0,NE,,,,,,,,,,,,,,,,,,,,,,,,,,,,,,,,
3659,2018,F4,NAG,GRETI,1,6,0,0,31,,6,,6,ED,,,,,,,,,,,,,,,,,,,,,,,,,,,,,,,,
3660,2018,R10,NAG,BLUTI,1,9,0,0,23,,9,,9,ED,,,,,,,,,,,,,,,,,,,,,,,,,,,,,,,,
3661,2018,R12,NAG,BLUTI,1,9,5,0,32,,9,5,0,JD,,,,,,,,,,,,,,,,,,,,,,,,,,,,,,,,
3662,2018,R13,NAG,GRETI,1,7,6,6,39,,7,6,0,NE,,,,,,,,,,,,,,,,,,,,,,,,,,,,,,,,
3663,2018,R15,NAG,GRETI,1,,5,5,36,,5,5,0,NE,,,,,,,,,,,,,,,,,,,,,,,,,,,,,,,,
3664,2018,R4,NAG,BLUTI,1,,3,1,50,,3,3,0,NE,,,,,,,,,,,,,,,,,,,,,,,,,,,,,,,,
3665,2018,R7,NAG,BLUTI,1,8,5,5,31,,8,5,0,NE,,,,,,,,,,,,,,,,,,,,,,,,,,,,,,,,
3666,2019,3,NAG,BLUTI,1,,8,8,26,,8,8,0,NE,,,,,,,,,,,,,,,,,,,,,,,,,,,,,,,,
3667,2019,6,NAG,GRETI,1,8,0,0,22,,8,,8,ED,,,,,,,,,,,,,,,,,,,,,,,,,,,,,,,,
3668,2019,8,NAG,BLUTI,1,,8,7,20,,8,8,0,NE,,,,,,,,,,,,,,,,,,,,,,,,,,,,,,,,
3669,2019,10,NAG,GRETI,1,7,7,4,25,,7,7,0,NE,,,,,,,,,,,,,,,,,,,,,,,,,,,,,,,,
3670,2019,11,NAG,BLUTI,1,,4,3,25,,5,4,1,NE,,,,,,,,,,,,,,,,,,,,,,,,,,,,,,,,
3671,2019,12,NAG,GRETI,1,,5,3,25,,5,5,0,NE,,,,,,,,,,,,,,,,,,,,,,,,,,,,,,,,
3672,2019,13,NAG,BLUTI,1,8,7,6,20,,8,7,0,NE,,,,,,,,,,,,,,,,,,,,,,,,,,,,,,,,
3673,2019,14,NAG,GRETI,1,7,7,0,32,,7,7,0,JD,,,,,,,,,,,,,,,,,,,,,,,,,,,,,,,,
3674,2019,15,NAG,GRETI,1,7,6,2,27,,7,6,0,NE,,,,,,,,,,,,,,,,,,,,,,,,,,,,,,,,
3675,2019,17,NAG,BLUTI,1,9,7,5,23,,9,7,1,NE,,,,,,,,,,,,,,,,,,,,,,,,,,,,,,,,
3676,2019,21,NAG,GRETI,1,8,0,0,26,,8,,8,ED,,,,,,,,,,,,,,,,,,,,,,,,,,,,,,,,
3677,2019,22,NAG,GRETI,1,8,8,7,20,,8,8,0,NE,,,,,,,,,,,,,,,,,,,,,,,,,,,,,,,,
3678,2019,25,NAG,BLUTI,1,8,5,4,,,8,5,0,NE,,,,,,,,,,,,,,,,,,,,,,,,,,,,,,,,
3679,2019,28,NAG,BLUTI,1,,6,6,32,,6,6,0,NE,,,,,,,,,,,,,,,,,,,,,,,,,,,,,,,,
3680,2019,29,NAG,BLUTI,1,9,5,5,21,,9,5,0,NE,,,,,,,,,,,,,,,,,,,,,,,,,,,,,,,,
3681,2019,31,NAG,BLUTI,1,9,7,5,18,,9,7,0,NE,,,,,,,,,,,,,,,,,,,,,,,,,,,,,,,,
3682,2019,34,NAG,GRETI,1,8,5,5,28,,8,5,0,NE,,,,,,,,,,,,,,,,,,,,,,,,,,,,,,,,
3683,2019,37,NAG,NUTHA,1,5,5,0,,,5,5,0,JD,,,,,,,,,,,,,,,,,,,,,,,,,,,,,,,,
3684,2019,39,NAG,GRETI,1,6,5,5,,,6,5,0,NE,,,,,,,,,,,,,,,,,,,,,,,,,,,,,,,,
3685,2019,40,NAG,BLUTI,1,5,5,4,30,,5,5,0,NE,,,,,,,,,,,,,,,,,,,,,,,,,,,,,,,,
3686,2019,43,NAG,NUTHA,1,6,5,5,12,,6,5,0,NE,,,,,,,,,,,,,,,,,,,,,,,,,,,,,,,,
3687,2019,44,NAG,GRETI,1,8,7,7,28,,8,7,0,NE,,,,,,,,,,,,,,,,,,,,,,,,,,,,,,,,
3688,2019,47,NAG,BLUTI,1,8,8,5,28,,8,8,0,NE,,,,,,,,,,,,,,,,,,,,,,,,,,,,,,,,
3689,2019,48,NAG,GRETI,1,,3,0,32,,4,3,0,JP,,,,,,,,,,,,,,,,,,,,,,,,,,,,,,,,
3690,2019,49,NAG,GRETI,1,,8,4,22,,8,8,0,NE,,,,,,,,,,,,,,,,,,,,,,,,,,,,,,,,
3691,2019,50,NAG,BLUTI,1,10,9,5,15,,10,9,0,NE,,,,,,,,,,,,,,,,,,,,,,,,,,,,,,,,
3692,2019,51,NAG,BLUTI,1,,8,7,18,,8,8,0,NE,,,,,,,,,,,,,,,,,,,,,,,,,,,,,,,,
3693,2019,52,NAG,BLUTI,1,7,6,6,20,,7,6,0,NE,,,,,,,,,,,,,,,,,,,,,,,,,,,,,,,,
3694,2019,53,NAG,GRETI,1,7,7,4,25,,7,7,0,NE,,,,,,,,,,,,,,,,,,,,,,,,,,,,,,,,
3695,2019,54,NAG,BLUTI,1,,7,6,25,,7,7,0,NE,,,,,,,,,,,,,,,,,,,,,,,,,,,,,,,,
3696,2019,55,NAG,BLUTI,1,,7,4,23,,8,7,1,NE,,,,,,,,,,,,,,,,,,,,,,,,,,,,,,,,
3697,2019,56,NAG,BLUTI,1,8,8,1,25,,8,8,0,NE,,,,,,,,,,,,,,,,,,,,,,,,,,,,,,,,
3698,2019,59,NAG,BLUTI,1,10,8,8,13,,10,8,0,NE,,,,,,,,,,,,,,,,,,,,,,,,,,,,,,,,
3699,2019,60,NAG,BLUTI,1,,8,8,21,,8,8,0,NE,,,,,,,,,,,,,,,,,,,,,,,,,,,,,,,,
3700,2019,61,NAG,BLUTI,1,9,6,6,20,,9,6,2,NE,,,,,,,,,,,,,,,,,,,,,,,,,,,,,,,,
3701,2019,64,NAG,BLUTI,1,7,4,4,21,,7,4,2,NE,,,,,,,,,,,,,,,,,,,,,,,,,,,,,,,,
3702,2019,65,NAG,BLUTI,1,9,8,5,22,,9,8,0,NE,,,,,,,,,,,,,,,,,,,,,,,,,,,,,,,,
3703,2019,66,NAG,BLUTI,1,9,8,8,22,,9,8,0,NE,,,,,,,,,,,,,,,,,,,,,,,,,,,,,,,,
3704,2019,71,NAG,GRETI,1,9,5,4,21,,9,5,0,NE,,,,,,,,,,,,,,,,,,,,,,,,,,,,,,,,
3705,2019,72,NAG,GRETI,1,,2,1,31,,3,2,0,NE,,,,,,,,,,,,,,,,,,,,,,,,,,,,,,,,
3706,2019,73,NAG,GRETI,1,6,4,4,,,6,4,0,NE,,,,,,,,,,,,,,,,,,,,,,,,,,,,,,,,
3707,2019,77,NAG,BLUTI,1,10,8,4,22,,10,8,0,NE,,,,,,,,,,,,,,,,,,,,,,,,,,,,,,,,
3708,2019,80,NAG,BLUTI,1,,7,7,19,,7,7,0,NE,,,,,,,,,,,,,,,,,,,,,,,,,,,,,,,,
3709,2019,81,NAG,BLUTI,1,,7,3,20,,7,7,0,NE,,,,,,,,,,,,,,,,,,,,,,,,,,,,,,,,
3710,2019,83,NAG,BLUTI,1,,8,2,21,,8,8,0,NE,,,,,,,,,,,,,,,,,,,,,,,,,,,,,,,,
3711,2019,84,NAG,BLUTI,1,8,5,0,25,,8,5,0,NE,,,,,,,,,,,,,,,,,,,,,,,,,,,,,,,,
3712,2019,85,NAG,GRETI,1,,5,5,29,,5,5,0,NE,,,,,,,,,,,,,,,,,,,,,,,,,,,,,,,,
3713,2019,87,NAG,GRETI,1,,5,4,36,,5,5,0,NE,,,,,,,,,,,,,,,,,,,,,,,,,,,,,,,,
3714,2019,88,NAG,BLUTI,1,10,9,5,21,,10,9,0,NE,,,,,,,,,,,,,,,,,,,,,,,,,,,,,,,,
3715,2019,90,NAG,GRETI,1,9,6,4,21,,9,6,0,NE,,,,,,,,,,,,,,,,,,,,,,,,,,,,,,,,
3716,2019,92,NAG,NUTHA,1,6,6,5,17,,6,6,0,NE,,,,,,,,,,,,,,,,,,,,,,,,,,,,,,,,
3717,2019,93,NAG,BLUTI,1,5,8,6,24,,8,8,0,NE,,,,,,,,,,,,,,,,,,,,,,,,,,,,,,,,
3718,2019,94,NAG,BLUTI,1,10,9,4,16,,9,9,0,NE,,,,,,,,,,,,,,,,,,,,,,,,,,,,,,,,
3719,2019,95,NAG,BLUTI,1,,6,2,24,,6,6,0,NE,,,,,,,,,,,,,,,,,,,,,,,,,,,,,,,,
3720,2019,97,NAG,BLUTI,1,7,3,1,24,,7,3,0,NE,,,,,,,,,,,,,,,,,,,,,,,,,,,,,,,,
3721,2019,98,NAG,GRETI,1,7,6,6,24,,7,6,0,NE,,,,,,,,,,,,,,,,,,,,,,,,,,,,,,,,
3722,2019,99,NAG,COATI,1,,7,7,22,,7,7,0,NE,,,,,,,,,,,,,,,,,,,,,,,,,,,,,,,,
3723,2019,100,NAG,BLUTI,1,,8,3,23,,8,8,0,NE,,,,,,,,,,,,,,,,,,,,,,,,,,,,,,,,
3724,2019,102,NAG,BLUTI,1,6,4,0,33,,6,4,0,JD,,,,,,,,,,,,,,,,,,,,,,,,,,,,,,,,
3725,2019,103,NAG,GRETI,1,4,4,4,26,,4,4,0,NE,,,,,,,,,,,,,,,,,,,,,,,,,,,,,,,,
3726,2019,104,NAG,BLUTI,1,7,6,3,24,,7,6,0,NE,,,,,,,,,,,,,,,,,,,,,,,,,,,,,,,,
3727,2019,105,NAG,GRETI,1,,4,4,22,,4,4,0,NE,,,,,,,,,,,,,,,,,,,,,,,,,,,,,,,,
3728,2019,106,NAG,BLUTI,1,9,0,0,19,,9,,9,ED,,,,,,,,,,,,,,,,,,,,,,,,,,,,,,,,
3729,2019,107,NAG,GRETI,1,8,6,6,20,,8,6,1,NE,,,,,,,,,,,,,,,,,,,,,,,,,,,,,,,,
3730,2019,110,NAG,BLUTI,1,,8,2,20,,8,8,0,NE,,,,,,,,,,,,,,,,,,,,,,,,,,,,,,,,
3731,2019,111,NAG,GRETI,1,6,7,0,20,,7,7,0,JD,,,,,,,,,,,,,,,,,,,,,,,,,,,,,,,,
3732,2019,113,NAG,GRETI,1,,4,4,20,,7,4,0,NE,,,,,,,,,,,,,,,,,,,,,,,,,,,,,,,,
3733,2019,114,NAG,NUTHA,1,,6,2,22,,7,6,1,NE,,,,,,,,,,,,,,,,,,,,,,,,,,,,,,,,
3734,2019,120,NAG,GRETI,1,,6,6,23,,7,6,0,NE,,,,,,,,,,,,,,,,,,,,,,,,,,,,,,,,
3735,2019,121,NAG,GRETI,1,,6,6,23,,6,6,0,NE,,,,,,,,,,,,,,,,,,,,,,,,,,,,,,,,
3736,2019,123,NAG,BLUTI,1,,7,6,23,,7,7,0,NE,,,,,,,,,,,,,,,,,,,,,,,,,,,,,,,,
3737,2019,126,NAG,BLUTI,1,8,8,5,13,,8,8,0,NE,,,,,,,,,,,,,,,,,,,,,,,,,,,,,,,,
3738,2019,129,NAG,BLUTI,1,,8,3,32,,8,8,0,NE,,,,,,,,,,,,,,,,,,,,,,,,,,,,,,,,
3739,2019,130,NAG,GRETI,1,,0,0,22,,4,,4,ED,,,,,,,,,,,,,,,,,,,,,,,,,,,,,,,,
3740,2019,132,NAG,BLUTI,1,,5,3,24,,5,5,0,NE,,,,,,,,,,,,,,,,,,,,,,,,,,,,,,,,
3741,2019,133,NAG,BLUTI,1,,6,4,41,,6,6,0,NE,,,,,,,,,,,,,,,,,,,,,,,,,,,,,,,,
3742,2019,134,NAG,BLUTI,1,8,7,5,22,,8,7,0,NE,,,,,,,,,,,,,,,,,,,,,,,,,,,,,,,,
3743,2019,135,NAG,BLUTI,1,9,8,0,,,9,8,0,JD,,,,,,,,,,,,,,,,,,,,,,,,,,,,,,,,
3744,2019,138,NAG,BLUTI,1,,5,1,32,,5,5,0,NE,,,,,,,,,,,,,,,,,,,,,,,,,,,,,,,,
3745,2019,141,NAG,BLUTI,1,,5,5,20,,5,5,0,NE,,,,,,,,,,,,,,,,,,,,,,,,,,,,,,,,
3746,2019,142,NAG,BLUTI,1,9,7,7,19,,9,7,1,NE,,,,,,,,,,,,,,,,,,,,,,,,,,,,,,,,
3747,2019,143,NAG,GRETI,1,8,6,6,22,,8,6,1,NE,,,,,,,,,,,,,,,,,,,,,,,,,,,,,,,,
3748,2019,145,NAG,GRETI,1,,2,1,30,,2,2,0,NE,,,,,,,,,,,,,,,,,,,,,,,,,,,,,,,,
3749,2019,147,NAG,BLUTI,1,9,5,4,23,,9,5,1,NE,,,,,,,,,,,,,,,,,,,,,,,,,,,,,,,,
3750,2019,148,NAG,GRETI,1,9,6,0,28,,9,6,0,JD,,,,,,,,,,,,,,,,,,,,,,,,,,,,,,,,
3751,2019,149,NAG,BLUTI,1,9,0,0,22,,11,,11,ED,,,,,,,,,,,,,,,,,,,,,,,,,,,,,,,,
3752,2019,150,NAG,BLUTI,1,8,7,7,19,,8,7,0,NE,,,,,,,,,,,,,,,,,,,,,,,,,,,,,,,,
3753,2019,154,NAG,GRETI,1,10,7,4,25,,10,7,0,NE,,,,,,,,,,,,,,,,,,,,,,,,,,,,,,,,
3754,2019,155,NAG,GRETI,1,,9,5,27,,9,9,0,NE,,,,,,,,,,,,,,,,,,,,,,,,,,,,,,,,
3755,2019,157,NAG,GRETI,1,9,7,4,19,,9,7,0,NE,,,,,,,,,,,,,,,,,,,,,,,,,,,,,,,,
3756,2019,158,NAG,BLUTI,1,8,0,0,29,,8,0,1,OU,,,,,,,,,,,,,,,,,,,,,,,,,,,,,,,,
3757,2019,159,NAG,BLUTI,1,,5,5,22,,7,5,0,NE,,,,,,,,,,,,,,,,,,,,,,,,,,,,,,,,
3758,2019,161,NAG,GRETI,1,,5,5,23,,5,5,0,NE,,,,,,,,,,,,,,,,,,,,,,,,,,,,,,,,
3759,2019,162,NAG,BLUTI,1,,6,4,21,,6,6,0,NE,,,,,,,,,,,,,,,,,,,,,,,,,,,,,,,,
3760,2019,163,NAG,BLUTI,1,10,5,5,22,,10,5,0,NE,,,,,,,,,,,,,,,,,,,,,,,,,,,,,,,,
3761,2019,164,NAG,BLUTI,1,8,7,6,22,,8,7,0,NE,,,,,,,,,,,,,,,,,,,,,,,,,,,,,,,,
3762,2019,167,NAG,NUTHA,1,5,5,4,21,,5,5,0,NE,,,,,,,,,,,,,,,,,,,,,,,,,,,,,,,,
3763,2019,168,NAG,GRETI,1,,4,0,21,,5,4,1,NE,,,,,,,,,,,,,,,,,,,,,,,,,,,,,,,,
3764,2019,171,NAG,GRETI,1,8,5,5,21,,8,5,0,NE,,,,,,,,,,,,,,,,,,,,,,,,,,,,,,,,
3765,2019,172,NAG,BLUTI,1,,5,3,20,,5,5,0,NE,,,,,,,,,,,,,,,,,,,,,,,,,,,,,,,,
3766,2019,175,NAG,BLUTI,1,,3,0,24,,3,3,0,JD,,,,,,,,,,,,,,,,,,,,,,,,,,,,,,,,
3767,2019,179,NAG,GRETI,1,7,7,4,23,,7,7,0,NE,,,,,,,,,,,,,,,,,,,,,,,,,,,,,,,,
3768,2019,180,NAG,BLUTI,1,,8,5,24,,8,8,0,NE,,,,,,,,,,,,,,,,,,,,,,,,,,,,,,,,
3769,2019,181,NAG,GRETI,1,7,7,3,23,,7,7,0,NE,,,,,,,,,,,,,,,,,,,,,,,,,,,,,,,,
3770,2019,185,NAG,BLUTI,1,8,0,0,21,,8,,8,ED,,,,,,,,,,,,,,,,,,,,,,,,,,,,,,,,
3771,2019,186,NAG,BLUTI,1,8,8,0,21,,8,8,0,JD,,,,,,,,,,,,,,,,,,,,,,,,,,,,,,,,
3772,2019,187,NAG,GRETI,1,,4,3,23,,4,4,0,NE,,,,,,,,,,,,,,,,,,,,,,,,,,,,,,,,
3773,2019,188,NAG,BLUTI,1,,6,6,23,,7,6,1,NE,,,,,,,,,,,,,,,,,,,,,,,,,,,,,,,,
3774,2019,192,NAG,BLUTI,1,,7,7,16,,7,7,0,NE,,,,,,,,,,,,,,,,,,,,,,,,,,,,,,,,
3775,2019,201,NAG,GRETI,1,7,6,3,29,,7,6,0,NE,,,,,,,,,,,,,,,,,,,,,,,,,,,,,,,,
3776,2019,206,NAG,BLUTI,1,10,6,0,23,,10,6,0,JD,,,,,,,,,,,,,,,,,,,,,,,,,,,,,,,,
3777,2019,207,NAG,BLUTI,1,6,4,4,,,6,4,0,NE,,,,,,,,,,,,,,,,,,,,,,,,,,,,,,,,
3778,2019,209,NAG,GRETI,1,,6,1,26,,6,6,0,NE,,,,,,,,,,,,,,,,,,,,,,,,,,,,,,,,
3779,2019,210,NAG,BLUTI,1,,8,3,17,,8,8,0,NE,,,,,,,,,,,,,,,,,,,,,,,,,,,,,,,,
3780,2019,211,NAG,GRETI,1,,8,0,23,,9,8,0,JD,,,,,,,,,,,,,,,,,,,,,,,,,,,,,,,,
3781,2019,213,NAG,BLUTI,1,6,6,4,23,,7,6,1,NE,,,,,,,,,,,,,,,,,,,,,,,,,,,,,,,,
3782,2019,214,NAG,BLUTI,1,,7,6,20,,7,7,0,NE,,,,,,,,,,,,,,,,,,,,,,,,,,,,,,,,
3783,2019,215,NAG,BLUTI,1,,8,7,25,,8,8,0,NE,,,,,,,,,,,,,,,,,,,,,,,,,,,,,,,,
3784,2019,217,NAG,GRETI,1,8,6,4,23,,8,6,0,NE,,,,,,,,,,,,,,,,,,,,,,,,,,,,,,,,
3785,2019,218,NAG,BLUTI,1,,4,1,26,,7,4,0,NE,,,,,,,,,,,,,,,,,,,,,,,,,,,,,,,,
3786,2019,219,NAG,GRETI,1,8,7,5,28,,8,7,0,NE,,,,,,,,,,,,,,,,,,,,,,,,,,,,,,,,
3787,2019,220,NAG,BLUTI,1,,10,0,20,,10,10,0,JD,,,,,,,,,,,,,,,,,,,,,,,,,,,,,,,,
3788,2019,221,NAG,GRETI,1,,5,2,25,,5,5,0,NE,,,,,,,,,,,,,,,,,,,,,,,,,,,,,,,,
3789,2019,222,NAG,GRETI,1,8,6,2,23,,8,6,0,NE,,,,,,,,,,,,,,,,,,,,,,,,,,,,,,,,
3790,2019,223,NAG,BLUTI,1,,0,0,,,4,,0,EP,,,,,,,,,,,,,,,,,,,,,,,,,,,,,,,,
3791,2019,225,NAG,BLUTI,1,8,7,7,19,,8,7,0,NE,,,,,,,,,,,,,,,,,,,,,,,,,,,,,,,,
3792,2019,226,NAG,BLUTI,1,,8,5,22,,8,8,0,NE,,,,,,,,,,,,,,,,,,,,,,,,,,,,,,,,
3793,2019,227,NAG,BLUTI,1,9,9,2,20,,9,9,0,NE,,,,,,,,,,,,,,,,,,,,,,,,,,,,,,,,
3794,2019,229,NAG,BLUTI,1,9,4,4,15,,9,4,0,NE,,,,,,,,,,,,,,,,,,,,,,,,,,,,,,,,
3795,2019,231,NAG,BLUTI,1,9,10,3,22,,10,10,0,NE,,,,,,,,,,,,,,,,,,,,,,,,,,,,,,,,
3796,2019,238,NAG,GRETI,1,8,0,0,24,,8,,0,EP,,,,,,,,,,,,,,,,,,,,,,,,,,,,,,,,
3797,2019,240,NAG,NUTHA,1,5,5,5,23,,5,5,0,NE,,,,,,,,,,,,,,,,,,,,,,,,,,,,,,,,
3798,2019,245,NAG,GRETI,1,9,6,2,27,,9,6,0,NE,,,,,,,,,,,,,,,,,,,,,,,,,,,,,,,,
3799,2019,246,NAG,BLUTI,1,9,7,3,23,,9,7,0,NE,,,,,,,,,,,,,,,,,,,,,,,,,,,,,,,,
3800,2019,247,NAG,GRETI,1,,5,4,15,,5,5,0,NE,,,,,,,,,,,,,,,,,,,,,,,,,,,,,,,,
3801,2019,248,NAG,GRETI,1,,4,4,26,,6,4,0,NE,,,,,,,,,,,,,,,,,,,,,,,,,,,,,,,,
3802,2019,249,NAG,BLUTI,1,,9,3,21,,9,9,0,NE,,,,,,,,,,,,,,,,,,,,,,,,,,,,,,,,
3803,2019,252,NAG,GRETI,1,,0,0,23,,8,,8,ED,,,,,,,,,,,,,,,,,,,,,,,,,,,,,,,,
3804,2019,257,NAG,BLUTI,1,,8,8,31,,8,8,0,NE,,,,,,,,,,,,,,,,,,,,,,,,,,,,,,,,
3805,2019,258,NAG,NUTHA,1,,0,0,,,5,,5,ED,,,,,,,,,,,,,,,,,,,,,,,,,,,,,,,,
3806,2019,259,NAG,BLUTI,1,,2,1,30,,2,2,0,NE,,,,,,,,,,,,,,,,,,,,,,,,,,,,,,,,
3807,2019,267,NAG,BLUTI,1,8,8,4,19,,8,8,0,NE,,,,,,,,,,,,,,,,,,,,,,,,,,,,,,,,
3808,2019,269,NAG,GRETI,1,,8,0,18,,8,8,0,JD,,,,,,,,,,,,,,,,,,,,,,,,,,,,,,,,
3809,2019,270,NAG,BLUTI,1,,7,1,24,,9,7,2,NE,,,,,,,,,,,,,,,,,,,,,,,,,,,,,,,,
3810,2019,272,NAG,BLUTI,1,,5,5,26,,5,5,0,NE,,,,,,,,,,,,,,,,,,,,,,,,,,,,,,,,
3811,2019,273,NAG,NUTHA,1,4,3,3,13,,4,3,1,NE,,,,,,,,,,,,,,,,,,,,,,,,,,,,,,,,
3812,2019,274,NAG,GRETI,1,8,8,0,18,,8,8,0,JD,,,,,,,,,,,,,,,,,,,,,,,,,,,,,,,,
3813,2019,279,NAG,NUTHA,1,6,5,4,12,,6,5,1,NE,,,,,,,,,,,,,,,,,,,,,,,,,,,,,,,,
3814,2019,282,NAG,GRETI,1,,7,5,20,,7,7,0,NE,,,,,,,,,,,,,,,,,,,,,,,,,,,,,,,,
3815,2019,283,NAG,GRETI,1,8,7,3,22,,8,7,1,NE,,,,,,,,,,,,,,,,,,,,,,,,,,,,,,,,
3816,2019,284,NAG,GRETI,1,8,8,7,23,,8,8,0,NE,,,,,,,,,,,,,,,,,,,,,,,,,,,,,,,,
3817,2019,287,NAG,NUTHA,1,5,6,5,24,,6,6,0,NE,,,,,,,,,,,,,,,,,,,,,,,,,,,,,,,,
3818,2019,289,NAG,BLUTI,1,9,8,8,19,,9,8,0,NE,,,,,,,,,,,,,,,,,,,,,,,,,,,,,,,,
3819,2019,290,NAG,GRETI,1,7,5,5,19,,7,5,0,NE,,,,,,,,,,,,,,,,,,,,,,,,,,,,,,,,
3820,2019,291,NAG,BLUTI,1,6,4,4,28,,6,4,2,NE,,,,,,,,,,,,,,,,,,,,,,,,,,,,,,,,
3821,2019,292,NAG,BLUTI,1,11,10,10,11,,11,10,0,NE,,,,,,,,,,,,,,,,,,,,,,,,,,,,,,,,
3822,2019,293,NAG,BLUTI,1,9,7,7,18,,9,7,0,NE,,,,,,,,,,,,,,,,,,,,,,,,,,,,,,,,
3823,2019,295,NAG,BLUTI,1,7,2,2,30,,7,2,0,NE,,,,,,,,,,,,,,,,,,,,,,,,,,,,,,,,
3824,2019,296,NAG,GRETI,1,,7,7,24,,7,7,0,NE,,,,,,,,,,,,,,,,,,,,,,,,,,,,,,,,
3825,2019,298,NAG,BLUTI,1,,8,7,10,,9,8,1,NE,,,,,,,,,,,,,,,,,,,,,,,,,,,,,,,,
3826,2019,299,NAG,BLUTI,1,,7,1,24,,7,7,0,NE,,,,,,,,,,,,,,,,,,,,,,,,,,,,,,,,
3827,2019,300,NAG,BLUTI,1,6,9,8,18,,10,9,1,NE,,,,,,,,,,,,,,,,,,,,,,,,,,,,,,,,
3828,2019,301,NAG,GRETI,1,,2,2,23,,4,2,0,NE,,,,,,,,,,,,,,,,,,,,,,,,,,,,,,,,
3829,2019,303,NAG,GRETI,1,,6,5,20,,7,6,0,NE,,,,,,,,,,,,,,,,,,,,,,,,,,,,,,,,
3830,2019,305,NAG,BLUTI,1,6,1,0,33,,6,1,2,JD,,,,,,,,,,,,,,,,,,,,,,,,,,,,,,,,
3831,2019,308,NAG,BLUTI,1,,9,9,18,,9,9,0,NE,,,,,,,,,,,,,,,,,,,,,,,,,,,,,,,,
3832,2019,310,NAG,GRETI,1,,5,4,25,,5,5,0,NE,,,,,,,,,,,,,,,,,,,,,,,,,,,,,,,,
3833,2019,311,NAG,BLUTI,1,,7,7,19,,7,7,0,NE,,,,,,,,,,,,,,,,,,,,,,,,,,,,,,,,
3834,2019,313,NAG,BLUTI,1,7,7,6,39,,7,7,0,NE,,,,,,,,,,,,,,,,,,,,,,,,,,,,,,,,
3835,2019,315,NAG,BLUTI,1,6,6,0,29,,6,6,0,JD,,,,,,,,,,,,,,,,,,,,,,,,,,,,,,,,
3836,2019,319,NAG,GRETI,1,6,9,4,24,,9,9,0,NE,,,,,,,,,,,,,,,,,,,,,,,,,,,,,,,,
3837,2019,321,NAG,BLUTI,1,9,8,0,21,,9,8,0,JD,,,,,,,,,,,,,,,,,,,,,,,,,,,,,,,,
3838,2019,323,NAG,BLUTI,1,,8,6,28,,8,8,0,NE,,,,,,,,,,,,,,,,,,,,,,,,,,,,,,,,
3839,2019,324,NAG,BLUTI,1,9,7,0,26,,9,7,0,JD,,,,,,,,,,,,,,,,,,,,,,,,,,,,,,,,
3840,2019,326,NAG,BLUTI,1,8,6,5,21,,8,6,0,NE,,,,,,,,,,,,,,,,,,,,,,,,,,,,,,,,
3841,2019,327,NAG,GRETI,1,7,7,7,26,,7,7,0,NE,,,,,,,,,,,,,,,,,,,,,,,,,,,,,,,,
3842,2019,328,NAG,BLUTI,1,,6,6,16,,6,6,0,NE,,,,,,,,,,,,,,,,,,,,,,,,,,,,,,,,
3843,2019,330,NAG,BLUTI,1,8,8,5,21,,8,8,0,NE,,,,,,,,,,,,,,,,,,,,,,,,,,,,,,,,
3844,2019,332,NAG,BLUTI,1,,8,8,12,,8,8,0,NE,,,,,,,,,,,,,,,,,,,,,,,,,,,,,,,,
3845,2019,335,NAG,BLUTI,1,9,5,0,19,,9,5,1,JD,,,,,,,,,,,,,,,,,,,,,,,,,,,,,,,,
3846,2019,338,NAG,GRETI,1,7,7,0,28,,7,7,0,JD,,,,,,,,,,,,,,,,,,,,,,,,,,,,,,,,
3847,2019,339,NAG,BLUTI,1,4,7,7,21,,8,7,1,NE,,,,,,,,,,,,,,,,,,,,,,,,,,,,,,,,
3848,2019,341,NAG,BLUTI,1,,8,7,21,,8,8,0,NE,,,,,,,,,,,,,,,,,,,,,,,,,,,,,,,,
3849,2019,342,NAG,BLUTI,1,8,6,2,24,,8,6,0,NE,,,,,,,,,,,,,,,,,,,,,,,,,,,,,,,,
3850,2019,343,NAG,GRETI,1,8,6,4,20,,8,6,0,NE,,,,,,,,,,,,,,,,,,,,,,,,,,,,,,,,
3851,2019,345,NAG,GRETI,1,,2,1,30,,3,2,0,NE,,,,,,,,,,,,,,,,,,,,,,,,,,,,,,,,
3852,2019,347,NAG,BLUTI,1,9,6,6,24,,9,6,0,NE,,,,,,,,,,,,,,,,,,,,,,,,,,,,,,,,
3853,2019,348,NAG,GRETI,1,9,3,1,24,,9,3,0,NE,,,,,,,,,,,,,,,,,,,,,,,,,,,,,,,,
3854,2019,352,NAG,GRETI,1,8,4,1,21,,8,4,0,NE,,,,,,,,,,,,,,,,,,,,,,,,,,,,,,,,
3855,2019,353,NAG,BLUTI,1,,8,1,23,,8,8,0,NE,,,,,,,,,,,,,,,,,,,,,,,,,,,,,,,,
3856,2019,355,NAG,BLUTI,1,,6,5,23,,6,6,0,NE,,,,,,,,,,,,,,,,,,,,,,,,,,,,,,,,
3857,2019,356,NAG,BLUTI,1,,9,9,26,,9,9,0,NE,,,,,,,,,,,,,,,,,,,,,,,,,,,,,,,,
3858,2019,357,NAG,BLUTI,1,8,4,2,24,,8,4,0,NE,,,,,,,,,,,,,,,,,,,,,,,,,,,,,,,,
3859,2019,358,NAG,GRETI,1,8,6,3,23,,8,6,0,NE,,,,,,,,,,,,,,,,,,,,,,,,,,,,,,,,
3860,2019,359,NAG,GRETI,1,8,5,4,25,,8,5,0,NE,,,,,,,,,,,,,,,,,,,,,,,,,,,,,,,,
3861,2019,361,NAG,GRETI,1,9,9,2,21,,9,9,0,NE,,,,,,,,,,,,,,,,,,,,,,,,,,,,,,,,
3862,2019,374,NAG,NUTHA,1,4,3,3,14,,4,3,0,NE,,,,,,,,,,,,,,,,,,,,,,,,,,,,,,,,
3863,2019,401,NAG,GRETI,1,,7,2,28,,7,7,0,NE,,,,,,,,,,,,,,,,,,,,,,,,,,,,,,,,
3864,2019,402,NAG,BLUTI,1,7,8,8,24,,8,8,0,NE,,,,,,,,,,,,,,,,,,,,,,,,,,,,,,,,
3865,2019,403,NAG,BLUTI,1,10,7,7,22,,10,7,1,NE,,,,,,,,,,,,,,,,,,,,,,,,,,,,,,,,
3866,2019,405,NAG,BLUTI,1,11,11,7,22,,11,11,0,NE,,,,,,,,,,,,,,,,,,,,,,,,,,,,,,,,
3867,2019,407,NAG,BLUTI,1,,6,6,27,,6,6,0,NE,,,,,,,,,,,,,,,,,,,,,,,,,,,,,,,,
3868,2019,408,NAG,BLUTI,1,,5,5,25,,5,5,0,NE,,,,,,,,,,,,,,,,,,,,,,,,,,,,,,,,
3869,2019,409,NAG,BLUTI,1,9,2,0,24,,9,2,0,JD,,,,,,,,,,,,,,,,,,,,,,,,,,,,,,,,
3870,2019,412,NAG,BLUTI,1,12,12,4,14,,12,12,0,NE,,,,,,,,,,,,,,,,,,,,,,,,,,,,,,,,
3871,2019,414,NAG,BLUTI,1,9,9,8,22,,9,9,0,NE,,,,,,,,,,,,,,,,,,,,,,,,,,,,,,,,
3872,2019,415,NAG,GRETI,1,4,4,4,24,,4,4,0,NE,,,,,,,,,,,,,,,,,,,,,,,,,,,,,,,,
3873,2019,418,NAG,BLUTI,1,9,9,9,24,,9,9,0,NE,,,,,,,,,,,,,,,,,,,,,,,,,,,,,,,,
3874,2019,419,NAG,BLUTI,1,6,6,6,24,,6,6,0,NE,,,,,,,,,,,,,,,,,,,,,,,,,,,,,,,,
3875,2019,420,NAG,BLUTI,1,10,9,9,19,,10,9,0,NE,,,,,,,,,,,,,,,,,,,,,,,,,,,,,,,,
3876,2019,422,NAG,BLUTI,1,9,9,9,8,,9,9,0,NE,,,,,,,,,,,,,,,,,,,,,,,,,,,,,,,,
3877,2019,424,NAG,NUTHA,1,6,6,6,13,,6,6,0,NE,,,,,,,,,,,,,,,,,,,,,,,,,,,,,,,,
3878,2019,425,NAG,BLUTI,1,7,0,0,26,,7,,7,ED,,,,,,,,,,,,,,,,,,,,,,,,,,,,,,,,
3879,2019,427,NAG,GRETI,1,6,5,5,26,,6,5,0,NE,,,,,,,,,,,,,,,,,,,,,,,,,,,,,,,,
3880,2019,428,NAG,BLUTI,1,8,8,8,24,,8,8,0,NE,,,,,,,,,,,,,,,,,,,,,,,,,,,,,,,,
3881,2019,431,NAG,BLUTI,1,8,8,8,23,,8,8,0,NE,,,,,,,,,,,,,,,,,,,,,,,,,,,,,,,,
3882,2019,433,NAG,BLUTI,1,10,8,5,23,,10,8,0,NE,,,,,,,,,,,,,,,,,,,,,,,,,,,,,,,,
3883,2019,437,NAG,GRETI,1,,4,4,31,,5,4,0,NE,,,,,,,,,,,,,,,,,,,,,,,,,,,,,,,,
3884,2019,439,NAG,BLUTI,1,,10,8,24,,10,10,0,NE,,,,,,,,,,,,,,,,,,,,,,,,,,,,,,,,
3885,2019,440,NAG,BLUTI,1,,5,5,34,,5,5,0,NE,,,,,,,,,,,,,,,,,,,,,,,,,,,,,,,,
3886,2019,F3,NAG,BLUTI,1,10,9,8,24,,10,9,0,NE,,,,,,,,,,,,,,,,,,,,,,,,,,,,,,,,
3887,2019,F4,NAG,GRETI,1,7,7,7,25,,7,7,0,NE,,,,,,,,,,,,,,,,,,,,,,,,,,,,,,,,
3888,2019,R1,NAG,BLUTI,1,,7,4,21,,7,7,0,NE,,,,,,,,,,,,,,,,,,,,,,,,,,,,,,,,
3889,2019,R10,NAG,BLUTI,1,11,11,11,20,,11,11,0,NE,,,,,,,,,,,,,,,,,,,,,,,,,,,,,,,,
3890,2019,R11,NAG,GRETI,1,10,10,10,28,,10,10,0,NE,,,,,,,,,,,,,,,,,,,,,,,,,,,,,,,,
3891,2019,R12,NAG,BLUTI,1,9,8,2,23,,9,8,0,NE,,,,,,,,,,,,,,,,,,,,,,,,,,,,,,,,
3892,2019,R14,NAG,GRETI,1,6,4,4,27,,6,4,0,NE,,,,,,,,,,,,,,,,,,,,,,,,,,,,,,,,
3893,2019,R15,NAG,NUTHA,1,,4,4,21,,4,4,0,NE,,,,,,,,,,,,,,,,,,,,,,,,,,,,,,,,
3894,2019,R4,NAG,BLUTI,1,,8,0,21,,8,8,0,JD,,,,,,,,,,,,,,,,,,,,,,,,,,,,,,,,
3895,2019,R8,NAG,BLUTI,1,11,6,4,24,,11,6,0,NE,,,,,,,,,,,,,,,,,,,,,,,,,,,,,,,,
3896,2019,R9,NAG,BLUTI,1,,7,5,20,,7,7,0,NE,,,,,,,,,,,,,,,,,,,,,,,,,,,,,,,,
,2023,HIGH-001,NAG,BLUTI,1,11,9,9,,,,,2,NE,,,,,,,,,,,,,,,,,,,,,,,,,,,,,,,,
,2023,HIGH-002,NAG,GRETI,1,6,6,6,,,,,,NE,,,,,,,,,,,,,,,,,,,,,,,,,,,,,,,,
,2023,HIGH-003,NAG,BLUTI,1,,,8,,,,,1,NE,,,,,,,,,,,,,,,,,,,,,,,,,,,,,,,,
,2023,HIGH-004,NAG,BLUTI,1,,0,0,,,,,7,EP,,,,,,,,,,,,,,,,,,,,,,,,,,,,,,,,
,2023,HIGH-005,NAG,GRETI,1,,,6,19,,,,,NE,,,,,,,,,,,,,,,,,,,,,,,,,,,,,,,,
,2023,HIGH-006,NAG,BLUTI,1,,,8,,,11,,,NE,,,,,,,,,,,,,,,,,,,,,,,,,,,,,,,,
,2023,HIGH-007,NAG,BLUTI,1,,,10,,,,10,,NE,,,,,,,,,,,,,,,,,,,,,,,,,,,,,,,,
,2023,HIGH-009,NAG,BLUTI,1,,,9,,,,9,,NE,,,,,,,,,,,,,,,,,,,,,,,,,,,,,,,,
,2023,HIGH-010,NAG,BLUTI,1,11,,9,,,,9,,NE,,,,,,,,,,,,,,,,,,,,,,,,,,,,,,,,
,2023,HIGH-011,NAG,GRETI,1,7,6,6,,,,,1,NE,,,,,,,,,,,,,,,,,,,,,,,,,,,,,,,,
,2023,HIGH-018,NAG,GRETI,1,,,7,,,,,,NE,,,,,,,,,,,,,,,,,,,,,,,,,,,,,,,,
,2023,HIGH-019,NAG,NUTHA,1,,,8,,,,8,,NE,,,,,,,,,,,,,,,,,,,,,,,,,,,,,,,,
,2023,HIGH-024,NAG,BLUTI,1,,,7,,,8,7,,NE,,,,,,,,,,,,,,,,,,,,,,,,,,,,,,,,
,2023,HIGH-025,NAG,BLUTI,1,11,9,9,,,11,9,2,NE,,,,,,,,,,,,,,,,,,,,,,,,,,,,,,,,
,2023,HIGH-027,NAG,BLUTI,1,,,6,,,9,6,3,NE,,,,,,,,,,,,,,,,,,,,,,,,,,,,,,,,
,2023,HIGH-031,NAG,GRETI,1,7,7,7,,,,,,NE,,,,,,,,,,,,,,,,,,,,,,,,,,,,,,,,
,2023,HIGH-032,NAG,GRETI,1,7,7,7,,,,,1,NE,,,,,,,,,,,,,,,,,,,,,,,,,,,,,,,,
,2023,HIGH-057,NAG,GRETI,1,7,6,6,,,,,1,NE,,,,,,,,,,,,,,,,,,,,,,,,,,,,,,,,
,2023,HIGH-065,NAG,GRETI,1,6,6,6,25,,,,,NE,,,,,,,,,,,,,,,,,,,,,,,,,,,,,,,,
,2023,HIGH-075,NAG,BLUTI,1,11,11,11,,,,,,NE,,,,,,,,,,,,,,,,,,,,,,,,,,,,,,,,
,2023,NAGS-002,NAG,GRETI,1,,0,0,,,,,1,ED,,,,,,,,,,,,,,,,,,,,,,,,,,,,,,,,
,2023,NAGS-004,NAG,BLUTI,1,,,2,,,5,5,,NE,,,,,,,,,,,,,,,,,,,,,,,,,,,,,,,,
,2023,NAGS-005,NAG,GRETI,1,,,4,,,5,,,NE,,,,,,,,,,,,,,,,,,,,,,,,,,,,,,,,
,2023,NAGS-008,NAG,BLUTI,1,,0,0,,,6,0,6,ED,,,,,,,,,,,,,,,,,,,,,,,,,,,,,,,,
,2023,NAGS-010,NAG,BLUTI,1,,,5,,,6,5,1,NE,,,,,,,,,,,,,,,,,,,,,,,,,,,,,,,,
,2023,NAGS-011,NAG,BLUTI,1,8,,7,,,,,,NE,,,,,,,,,,,,,,,,,,,,,,,,,,,,,,,,
,2023,NAGS-012,NAG,GRETI,1,8,,3,30,,,,,NE,,,,,,,,,,,,,,,,,,,,,,,,,,,,,,,,
,2023,NAGS-014,NAG,GRETI,1,6,,2,,,,,1,NE,,,,,,,,,,,,,,,,,,,,,,,,,,,,,,,,
,2023,NAGS-016,NAG,BLUTI,1,,,5,33,,5,5,,NE,,,,,,,,,,,,,,,,,,,,,,,,,,,,,,,,
,2023,NAGS-017,NAG,BLUTI,1,,,7,31,,8,8,,NE,,,,,,,,,,,,,,,,,,,,,,,,,,,,,,,,
,2023,NAGS-018,NAG,GRETI,1,8,,7,22,,,,,NE,,,,,,,,,,,,,,,,,,,,,,,,,,,,,,,,
,2023,NAGS-019,NAG,BLUTI,1,8,,7,,,,,,NE,,,,,,,,,,,,,,,,,,,,,,,,,,,,,,,,
,2023,NAGS-021,NAG,GRETI,1,8,,5,30,,,,,NE,,,,,,,,,,,,,,,,,,,,,,,,,,,,,,,,
,2023,NAGS-025,NAG,GRETI,1,7,,3,36,,,,,NE,,,,,,,,,,,,,,,,,,,,,,,,,,,,,,,,
,2023,NAGS-026,NAG,NUTHA,1,5,5,2,26,,,,,NE,,,,,,,,,,,,,,,,,,,,,,,,,,,,,,,,
,2023,NAGS-027,NAG,BLUTI,1,10,,5,32,,,,,NE,,,,,,,,,,,,,,,,,,,,,,,,,,,,,,,,
,2023,NAGS-029,NAG,BLUTI,1,,,7,26,,,,,NE,,,,,,,,,,,,,,,,,,,,,,,,,,,,,,,,
,2023,NAGS-034,NAG,BLUTI,1,6,4,4,26,,,,2,NE,,,,,,,,,,,,,,,,,,,,,,,,,,,,,,,,
,2023,NAGS-035,NAG,BLUTI,1,9,,7,19,,,,,NE,,,,,,,,,,,,,,,,,,,,,,,,,,,,,,,,
,2023,NAGS-036,NAG,BLUTI,1,9,,7,26,,,,,NE,,,,,,,,,,,,,,,,,,,,,,,,,,,,,,,,
,2023,NAGS-037,NAG,BLUTI,1,5,5,0,36,,,,,NE,,,,,,,,,,,,,,,,,,,,,,,,,,,,,,,,
,2023,NAGS-039,NAG,BLUTI,1,,,4,,,4,4,,NE,,,,,,,,,,,,,,,,,,,,,,,,,,,,,,,,
,2023,NAGS-044,NAG,PIEFL,1,8,8,7,35,,,,,NE,AVY9858,I,05/06/2023,05/06/2023,,AVY9859,I,05/06/2023,05/06/2023,,05/06/2023,AVY9850,AVY9851,AVY9852,AVY9853,AVY9854,AVY9855,AVY9856,AVY9857,,,,,,,,,,,,,
,2023,NAGS-047,NAG,GRETI,1,,,0,,,6,,,JP,,,,,,,,,,,,,,,,,,,,,,,,,,,,,,,,
,2023,NAGS-048,NAG,BLUTI,1,9,,4,,,,8,,NE,,,,,,,,,,,,,,,,,,,,,,,,,,,,,,,,
,2023,NAGS-049,NAG,BLUTI,1,5,5,3,,,,,,NE,,,,,,,,,,,,,,,,,,,,,,,,,,,,,,,,
,2023,NAGS-050,NAG,GRETI,1,,,5,,,,,,NE,,,,,,,,,,,,,,,,,,,,,,,,,,,,,,,,
,2023,NAGS-051,NAG,GRETI,1,6,3,2,24,,,,3,NE,,,,,,,,,,,,,,,,,,,,,,,,,,,,,,,,
,2023,NAGS-054,NAG,BLUTI,1,8,,5,34,,,6,,NE,,,,,,,,,,,,,,,,,,,,,,,,,,,,,,,,
,2023,NAGS-055,NAG,GRETI,1,6,5,3,,,,,1,NE,,,,,,,,,,,,,,,,,,,,,,,,,,,,,,,,
,2023,NAGS-056,NAG,NUTHA,1,6,5,5,23,,,,1,NE,,,,,,,,,,,,,,,,,,,,,,,,,,,,,,,,
,2023,NAGS-058,NAG,PIEFL,1,5,5,5,63,,,,,NE,,,,,,,,,,,29/06/2023,BAC9338,BAC9339,BAC9340,BAC9341,BAC9342,,,,,,,,,,,,,,,,
,2023,NAGS-059,NAG,BLUTI,1,8,8,7,,,,,,NE,,,,,,,,,,,,,,,,,,,,,,,,,,,,,,,,
,2023,NAGS-061,NAG,BLUTI,1,10,8,2,22,,,,2,NE,,,,,,,,,,,,,,,,,,,,,,,,,,,,,,,,
,2023,NAGS-062,NAG,BLUTI,1,9,,3,,,,,,NE,,,,,,,,,,,,,,,,,,,,,,,,,,,,,,,,
,2023,NAGS-063,NAG,BLUTI,1,,,3,,,4,,,NE,,,,,,,,,,,,,,,,,,,,,,,,,,,,,,,,
,2023,NAGS-065,NAG,BLUTI,1,,,3,,,8,8,,NE,,,,,,,,,,,,,,,,,,,,,,,,,,,,,,,,
,2023,NAGS-071,NAG,GRETI,1,7,,5,,,,,,NE,,,,,,,,,,,,,,,,,,,,,,,,,,,,,,,,
,2023,NAGS-072,NAG,GRETI,1,6,,2,,,,,,NE,,,,,,,,,,,,,,,,,,,,,,,,,,,,,,,,
,2023,NAGS-073,NAG,BLUTI,1,9,,6,,,,7,,NE,,,,,,,,,,,,,,,,,,,,,,,,,,,,,,,,
,2023,NAGS-074,NAG,GRETI,1,8,,6,35,,,,,NE,,,,,,,,,,,,,,,,,,,,,,,,,,,,,,,,
,2023,NAGS-075,NAG,BLUTI,1,9,,2,,,,,2,NE,,,,,,,,,,,,,,,,,,,,,,,,,,,,,,,,
,2023,NAGS-077,NAG,GRETI,1,,,7,30,,,,,NE,,,,,,,,,,,,,,,,,,,,,,,,,,,,,,,,
,2023,NAGS-082,NAG,GRETI,1,8,,2,,,,4,,NE,,,,,,,,,,,,,,,,,,,,,,,,,,,,,,,,
,2023,NAGS-083,NAG,BLUTI,1,11,,4,23,,,,2,NE,,,,,,,,,,,,,,,,,,,,,,,,,,,,,,,,
,2023,NAGS-084,NAG,GRETI,1,7,0,0,40,,,,7,ED,,,,,,,,,,,,,,,,,,,,,,,,,,,,,,,,
,2023,NAGS-085,NAG,PIEFL,1,6,6,3,39,,,,,NE,AVY9865,I,05/06/2023,05/06/2023,,AVY9814,,,22/05/2023,,05/06/2023,AVY9860,AVY9861,AVY9862,AVY9863,AVY9864,,,,,,,,,,,,,,,,
,2023,NAGS-086,NAG,BLUTI,1,,,4,,,7,6,1,NE,,,,,,,,,,,,,,,,,,,,,,,,,,,,,,,,
,2023,NAGS-087,NAG,BLUTI,1,8,,3,30,,,6,,NE,,,,,,,,,,,,,,,,,,,,,,,,,,,,,,,,
,2023,NAGS-089,NAG,GRETI,1,6,,4,,,,,,NE,,,,,,,,,,,,,,,,,,,,,,,,,,,,,,,,
,2023,NAGS-090,NAG,GRETI,1,7,,4,26,,,,,NE,,,,,,,,,,,,,,,,,,,,,,,,,,,,,,,,
,2023,NAGS-091,NAG,PIEFL,1,7,,4,40,,,,,NE,AVY9895,I,08/06/2023,08/06/2023,,,,,,,08/06/2023,AVY9892,AVY9893,AVY9894,AVY9896,AVY9897,,,,,,,,,,,,,,,,
,2023,NAGS-093,NAG,BLUTI,1,9,,7,35,,,,,NE,,,,,,,,,,,,,,,,,,,,,,,,,,,,,,,,
,2023,NAGS-094,NAG,NUTHA,1,6,,5,,,,,,NE,,,,,,,,,,,,,,,,,,,,,,,,,,,,,,,,
,2023,NAGS-096,NAG,BLUTI,1,,,0,33,,7,7,,JD,,,,,,,,,,,,,,,,,,,,,,,,,,,,,,,,
,2023,NAGS-099,NAG,BLUTI,1,8,,5,,,,,,NE,,,,,,,,,,,,,,,,,,,,,,,,,,,,,,,,
,2023,NAGS-102,NAG,BLUTI,1,,,5,,,,,,NE,,,,,,,,,,,,,,,,,,,,,,,,,,,,,,,,
,2023,NAGS-103,NAG,BLUTI,1,,,3,,,6,6,,NE,,,,,,,,,,,,,,,,,,,,,,,,,,,,,,,,
,2023,NAGS-104,NAG,GRETI,1,,,4,,,,,,NE,,,,,,,,,,,,,,,,,,,,,,,,,,,,,,,,
,2023,NAGS-106,NAG,BLUTI,1,,,7,,,9,9,,NE,,,,,,,,,,,,,,,,,,,,,,,,,,,,,,,,
,2023,NAGS-110,NAG,BLUTI,1,,,0,,,,,,JD,,,,,,,,,,,,,,,,,,,,,,,,,,,,,,,,
,2023,NAGS-111,NAG,PIEFL,1,6,6,4,39,,,,,NE,,,,,,,,,,,05/06/2023,AVY9866,AVY9867,AVY9868,AVY9869,,,,,,,,,,,,,,,,,
,2023,NAGS-114,NAG,BLUTI,1,8,7,3,26,,,,1,NE,,,,,,,,,,,,,,,,,,,,,,,,,,,,,,,,
,2023,NAGS-116,NAG,GRETI,1,9,,7,,,,,1,NE,,,,,,,,,,,,,,,,,,,,,,,,,,,,,,,,
,2023,NAGS-123,NAG,BLUTI,1,9,,7,20,,,,,NE,,,,,,,,,,,,,,,,,,,,,,,,,,,,,,,,
,2023,NAGS-124,NAG,GRETI,1,,,5,,,,,,NE,,,,,,,,,,,,,,,,,,,,,,,,,,,,,,,,
,2023,NAGS-125,NAG,PIEFL,1,6,6,6,43,,,,,NE,BAC9333,I,09/06/2023,09/06/2023,,AVY9844,I,22/05/2023,22/05/2023,,09/06/2023,BAC9328,BAC9329,BAC9330,BAC9331,BAC9332,,,,,,,,,,,,,,,,
,2023,NAGS-126,NAG,BLUTI,1,10,,4,,,,7,,NE,,,,,,,,,,,,,,,,,,,,,,,,,,,,,,,,
,2023,NAGS-128,NAG,BLUTI,1,6,6,6,24,,,,,NE,,,,,,,,,,,,,,,,,,,,,,,,,,,,,,,,
,2023,NAGS-129,NAG,BLUTI,1,8,8,6,24,,,,,NE,,,,,,,,,,,,,,,,,,,,,,,,,,,,,,,,
,2023,NAGS-131,NAG,GRETI,1,5,5,3,,,,,,NE,,,,,,,,,,,,,,,,,,,,,,,,,,,,,,,,
,2023,NAGS-132,NAG,BLUTI,1,,,6,26,,6,,,NE,,,,,,,,,,,,,,,,,,,,,,,,,,,,,,,,
,2023,NAGS-133,NAG,BLUTI,1,7,7,7,20,,,,,NE,,,,,,,,,,,,,,,,,,,,,,,,,,,,,,,,
,2023,NAGS-134,NAG,BLUTI,1,,,0,,,10,9,1,JD,,,,,,,,,,,,,,,,,,,,,,,,,,,,,,,,
,2023,NAGS-135,NAG,NUTHA,1,,,4,,,,,,NE,,,,,,,,,,,,,,,,,,,,,,,,,,,,,,,,
,2023,nags-138a,NAG,GRETI,1,,,3,,,,,,NE,,,,,,,,,,,,,,,,,,,,,,,,,,,,,,,,
,2023,NAGS-141,NAG,NUTHA,1,,,0,30,,,,,EP,,,,,,,,,,,,,,,,,,,,,,,,,,,,,,,,
,2023,NAGS-146,NAG,BLUTI,1,8,8,8,,,,,,NE,,,,,,,,,,,,,,,,,,,,,,,,,,,,,,,,
,2023,NAGS-150,NAG,GRETI,1,7,7,6,21,,,,,NE,,,,,,,,,,,,,,,,,,,,,,,,,,,,,,,,
,2023,NAGS-151,NAG,PIEFL,1,6,6,4,43,,,,,NE,BAC9327,I,09/06/2023,09/06/2023,,BAC9326,I,09/06/2023,09/06/2023,,09/06/2023,BAC9322,BAC9323,BAC9324,BAC9325,,,,,,,,,,,,,,,,,
,2023,NAGS-152,NAG,NUTHA,1,,,0,,,5,5,,JD,,,,,,,,,,,,,,,,,,,,,,,,,,,,,,,,
,2023,NAGS-153,NAG,BLUTI,1,9,9,8,,,,,,NE,,,,,,,,,,,,,,,,,,,,,,,,,,,,,,,,
,2023,NAGS-154,NAG,BLUTI,1,7,5,5,26,,,,2,NE,,,,,,,,,,,,,,,,,,,,,,,,,,,,,,,,
,2023,NAGS-156,NAG,NUTHA,1,4,4,4,26,,,,,NE,,,,,,,,,,,,,,,,,,,,,,,,,,,,,,,,
,2023,NAGS-157,NAG,PIEFL,1,8,7,6,41,,,,1,NE,,,,,,,,,,,09/06/2023,BAC9310,BAC9311,BAC9312,BAC9313,BAC9314,BAC9315,,,,,,,,,,,,,,,
,2023,NAGS-158,NAG,GRETI,1,9,,3,34,,,,,NE,,,,,,,,,,,,,,,,,,,,,,,,,,,,,,,,
,2023,NAGS-162,NAG,NUTHA,1,5,5,5,,,,,,NE,,,,,,,,,,,,,,,,,,,,,,,,,,,,,,,,
,2023,NAGS-165,NAG,BLUTI,1,10,5,3,30,,,,5,NE,,,,,,,,,,,,,,,,,,,,,,,,,,,,,,,,
,2023,NAGS-081,NAG,PIEFL,1,7,7,6,40,,,,,NE,,,,,,Z690744,,,,,09/06/2023,BAC9316,BAC9317,BAC9318,BAC9319,BAC9320,BAC9321,,,,,,,,,,,,,,,
,2023,NAGS-167,NAG,NUTHA,1,7,,2,,,,,,NE,,,,,,,,,,,,,,,,,,,,,,,,,,,,,,,,
,2023,NAGS-172,NAG,GRETI,1,8,,5,36,,,,1,NE,,,,,,,,,,,,,,,,,,,,,,,,,,,,,,,,
,2023,NAGS-173,NAG,BLUTI,1,5,3,3,35,,,,2,NE,,,,,,,,,,,,,,,,,,,,,,,,,,,,,,,,
,2023,NAGS-175,NAG,GRETI,1,9,,5,24,,,,,NE,,,,,,,,,,,,,,,,,,,,,,,,,,,,,,,,
,2023,NAGS-176,NAG,BLUTI,1,,,6,37,,,,,NE,,,,,,,,,,,,,,,,,,,,,,,,,,,,,,,,
,2023,NAGS-178,NAG,GRETI,1,7,6,5,33,,,,1,NE,,,,,,,,,,,,,,,,,,,,,,,,,,,,,,,,
,2023,NAGS-180,NAG,BLUTI,1,9,,7,17,,,,,NE,,,,,,,,,,,,,,,,,,,,,,,,,,,,,,,,
,2023,NAGS-181,NAG,BLUTI,1,8,,4,34,,,,,NE,,,,,,,,,,,,,,,,,,,,,,,,,,,,,,,,
,2023,NAGS-182,NAG,GRETI,1,9,,8,,,,,,NE,,,,,,,,,,,,,,,,,,,,,,,,,,,,,,,,
,2023,NAGS-184,NAG,BLUTI,1,,,2,37,,7,7,,NE,,,,,,,,,,,,,,,,,,,,,,,,,,,,,,,,
,2023,NAGS-185,NAG,BLUTI,1,8,,3,,,,,,NE,,,,,,,,,,,,,,,,,,,,,,,,,,,,,,,,
,2023,NAGS-186,NAG,PIEFL,1,,,3,,,6,6,,NE,,,,,,AVY9826,,,22/05/2023,,13/06/2023,BAC9334,BAC9335,BAC9336,,,,,,,,,,,,,,,,,,
,2023,NAGS-188,NAG,BLUTI,1,10,,2,,,,,,NE,,,,,,,,,,,,,,,,,,,,,,,,,,,,,,,,
,2023,NAGS-189,NAG,GRETI,1,6,6,4,23,,,,,NE,,,,,,,,,,,,,,,,,,,,,,,,,,,,,,,,
,2023,NAGS-190,NAG,PIEFL,1,,,6,,,,,,NE,AVY9876,I,05/06/2023,05/06/2023,,AVY9848,I,24/05/2023,24/05/2023,,05/06/2023,AVY9870,AVY9871,AVY9872,AVY9873,AVY9874,AVY9875,,,,,,,,,,,,,,,
,2023,NAGS-191,NAG,GRETI,1,,,2,31,,6,5,1,NE,,,,,,,,,,,,,,,,,,,,,,,,,,,,,,,,
,2023,NAGS-193,NAG,GRETI,1,6,6,0,35,,,,,JD,,,,,,,,,,,,,,,,,,,,,,,,,,,,,,,,
,2023,NAGS-194,NAG,PIEFL,1,6,,0,41,,,,,JD,,,,,,AVY9847,I,24/05/2023,24/05/2023,,,,,,,,,,,,,,,,,,,,,,,
,2023,NAGS-196,NAG,BLUTI,1,,,4,,,5,5,,NE,,,,,,,,,,,,,,,,,,,,,,,,,,,,,,,,
,2023,NAGS-197,NAG,GRETI,1,,,4,,,,,,NE,,,,,,,,,,,,,,,,,,,,,,,,,,,,,,,,
,2023,NAGS-198,NAG,GRETI,1,,,4,25,,6,6,,NE,,,,,,,,,,,,,,,,,,,,,,,,,,,,,,,,
,2023,NAGS-200,NAG,BLUTI,1,8,,4,23,,,,3,NE,,,,,,,,,,,,,,,,,,,,,,,,,,,,,,,,
,2023,NAGS-203,NAG,BLUTI,1,8,,7,20,,,,,NE,,,,,,,,,,,,,,,,,,,,,,,,,,,,,,,,
,2023,NAGS-204,NAG,GRETI,1,5,5,5,35,,,,,NE,,,,,,,,,,,,,,,,,,,,,,,,,,,,,,,,
,2023,NAGS-207,NAG,GRETI,1,7,,4,27,,,,,NE,,,,,,,,,,,,,,,,,,,,,,,,,,,,,,,,
,2023,NAGS-210,NAG,BLUTI,1,9,7,7,21,,,,2,NE,,,,,,,,,,,,,,,,,,,,,,,,,,,,,,,,
,2023,NAGS-213,NAG,BLUTI,1,,0,0,23,,,,7,ED,,,,,,,,,,,,,,,,,,,,,,,,,,,,,,,,
,2023,NAGS-214,NAG,GRETI,1,7,,2,31,,,,,NE,,,,,,,,,,,,,,,,,,,,,,,,,,,,,,,,
,2023,NAGS-215,NAG,BLUTI,1,10,,5,22,,,9,,NE,,,,,,,,,,,,,,,,,,,,,,,,,,,,,,,,
,2023,NAGS-216,NAG,GRETI,1,,,4,,,,,,NE,,,,,,,,,,,,,,,,,,,,,,,,,,,,,,,,
,2023,NAGS-218,NAG,BLUTI,1,,,5,,,,,,NE,,,,,,,,,,,,,,,,,,,,,,,,,,,,,,,,
,2023,NAGS-219,NAG,GRETI,1,8,8,8,41,,,,,NE,,,,,,,,,,,,,,,,,,,,,,,,,,,,,,,,
,2023,NAGS-220,NAG,BLUTI,1,9,,8,,,,,,NE,,,,,,,,,,,,,,,,,,,,,,,,,,,,,,,,
,2023,NAGS-221,NAG,BLUTI,1,7,7,7,30,,,,,NE,,,,,,,,,,,,,,,,,,,,,,,,,,,,,,,,
,2023,NAGS-222,NAG,BLUTI,1,,,3,,,,,,NE,,,,,,,,,,,,,,,,,,,,,,,,,,,,,,,,
,2023,NAGS-223,NAG,GRETI,1,5,5,5,,,,,,NE,,,,,,,,,,,,,,,,,,,,,,,,,,,,,,,,
,2023,NAGS-225,NAG,GRETI,1,,,5,,,,,,NE,,,,,,,,,,,,,,,,,,,,,,,,,,,,,,,,
,2023,NAGS-226,NAG,GRETI,1,,,4,,,,,,NE,,,,,,,,,,,,,,,,,,,,,,,,,,,,,,,,
,2023,NAGS-227,NAG,BLUTI,1,,,4,,,,,,NE,,,,,,,,,,,,,,,,,,,,,,,,,,,,,,,,
,2023,NAGS-228,NAG,BLUTI,1,,,6,,,7,7,,NE,,,,,,,,,,,,,,,,,,,,,,,,,,,,,,,,
,2023,NAGS-229,NAG,BLUTI,1,9,,7,,,,,,NE,,,,,,,,,,,,,,,,,,,,,,,,,,,,,,,,
,2023,NAGS-248,NAG,BLUTI,1,7,,5,28,,,,,NE,,,,,,,,,,,,,,,,,,,,,,,,,,,,,,,,
,2023,NAGS-252,NAG,BLUTI,1,7,6,4,33,,,,1,NE,,,,,,,,,,,,,,,,,,,,,,,,,,,,,,,,
,2023,NAGS-253,NAG,PIEFL,1,6,,1,50,,,,,NE,,,,,,,,,,,16/06/2023,BAC9337,,,,,,,,,,,,,,,,,,,,
,2023,NAGS-255,NAG,GRETI,1,7,,4,29,,,,,NE,,,,,,,,,,,,,,,,,,,,,,,,,,,,,,,,
,2023,NAGS-256,NAG,PIEFL,1,8,8,7,39,,,,,NE,,,,,,AVY9845,I,22/05/2023,22/05/2023,,08/06/2023,AVY9898,AVY9899,AVY9900,BAC9301,BAC9302,,,,,,,,,,,,,,,,
,2023,NAGS-257,NAG,GRETI,1,,,4,,,,,,NE,,,,,,,,,,,,,,,,,,,,,,,,,,,,,,,,
,2023,NAGS-258,NAG,NUTHA,1,6,,2,,,,4,,NE,,,,,,,,,,,,,,,,,,,,,,,,,,,,,,,,
,2023,NAGS-266,NAG,BLUTI,1,9,,7,,,,8,,NE,,,,,,,,,,,,,,,,,,,,,,,,,,,,,,,,
,2023,NAGS-267,NAG,BLUTI,1,9,,1,36,,,,,NE,,,,,,,,,,,,,,,,,,,,,,,,,,,,,,,,
,2023,NAGS-269,NAG,BLUTI,1,,,6,,,,,,NE,,,,,,,,,,,,,,,,,,,,,,,,,,,,,,,,
,2023,NAGS-270,NAG,BLUTI,1,9,8,7,,,,,1,NE,,,,,,,,,,,,,,,,,,,,,,,,,,,,,,,,
,2023,NAGS-271,NAG,NUTHA,1,,,7,25,,,,,NE,,,,,,,,,,,,,,,,,,,,,,,,,,,,,,,,
,2023,NAGS-273,NAG,BLUTI,1,8,,5,,,,,1,NE,,,,,,,,,,,,,,,,,,,,,,,,,,,,,,,,
,2023,NAGS-274,NAG,GRETI,1,8,,6,,,,,,NE,,,,,,,,,,,,,,,,,,,,,,,,,,,,,,,,
,2023,NAGS-276,NAG,GRETI,1,8,,6,,,,7,,NE,,,,,,,,,,,,,,,,,,,,,,,,,,,,,,,,
,2023,NAGS-279,NAG,BLUTI,1,8,7,7,24,,,,1,NE,,,,,,,,,,,,,,,,,,,,,,,,,,,,,,,,
,2023,NAGS-287,NAG,GRETI,1,6,6,5,,,,,,NE,,,,,,,,,,,,,,,,,,,,,,,,,,,,,,,,
,2023,NAGS-289,NAG,BLUTI,1,9,,5,31,,,,1,NE,,,,,,,,,,,,,,,,,,,,,,,,,,,,,,,,
,2023,NAGS-291,NAG,BLUTI,1,7,7,7,20,,,,,NE,,,,,,,,,,,,,,,,,,,,,,,,,,,,,,,,
,2023,NAGS-292,NAG,BLUTI,1,10,10,10,17,,,,,NE,,,,,,,,,,,,,,,,,,,,,,,,,,,,,,,,
,2023,NAGS-294,NAG,BLUTI,1,,,7,,,8,,1,NE,,,,,,,,,,,,,,,,,,,,,,,,,,,,,,,,
,2023,NAGS-295,NAG,BLUTI,1,,,6,37,,,,,NE,,,,,,,,,,,,,,,,,,,,,,,,,,,,,,,,
,2023,NAGS-296,NAG,GRETI,1,,,5,24,,6,,1,NE,,,,,,,,,,,,,,,,,,,,,,,,,,,,,,,,
,2023,NAGS-298,NAG,GRETI,1,6,,6,,40,,,0,NE,,,,,,,,,,,,,,,,,,,,,,,,,,,,,,,,
,2023,NAGS-299,NAG,GRETI,1,3,1,1,33,,,,2,NE,,,,,,,,,,,,,,,,,,,,,,,,,,,,,,,,
,2023,NAGS-303,NAG,GRETI,1,4,4,4,,,,,,NE,,,,,,,,,,,,,,,,,,,,,,,,,,,,,,,,
,2023,NAGS-304,NAG,BLUTI,1,,,,,,,,,OU,,,,,,,,,,,,,,,,,,,,,,,,,,,,,,,,
,2023,NAGS-307,NAG,BLUTI,1,11,,8,21,,,9,,NE,,,,,,,,,,,,,,,,,,,,,,,,,,,,,,,,
,2023,NAGS-308,NAG,GRETI,1,6,6,6,,,,,,NE,,,,,,,,,,,,,,,,,,,,,,,,,,,,,,,,
,2023,NAGS-311,NAG,NUTHA,1,5,0,0,30,,,,2,ED,,,,,,,,,,,,,,,,,,,,,,,,,,,,,,,,
,2023,NAGS-313,NAG,GRETI,1,4,4,4,,,,,,NE,,,,,,,,,,,,,,,,,,,,,,,,,,,,,,,,
,2023,NAGS-315,NAG,GRETI,1,6,6,5,30,,,,,NE,,,,,,,,,,,,,,,,,,,,,,,,,,,,,,,,
,2023,NAGS-317,NAG,GRETI,1,,,0,,,,,,JD,,,,,,,,,,,,,,,,,,,,,,,,,,,,,,,,
,2023,NAGS-319,NAG,BLUTI,1,5,5,1,,,,,,NE,,,,,,,,,,,,,,,,,,,,,,,,,,,,,,,,
,2023,NAGS-322,NAG,GRETI,1,8,8,8,29,,,,,NE,,,,,,,,,,,,,,,,,,,,,,,,,,,,,,,,
,2023,NAGS-323,NAG,BLUTI,1,8,,5,,,,,1,NE,,,,,,,,,,,,,,,,,,,,,,,,,,,,,,,,
,2023,NAGS-326,NAG,BLUTI,1,,,3,,,12,12,,NE,,,,,,,,,,,,,,,,,,,,,,,,,,,,,,,,
,2023,NAGS-327,NAG,GRETI,1,,,4,28,,,,,NE,,,,,,,,,,,,,,,,,,,,,,,,,,,,,,,,
,2023,NAGS-329,NAG,BLUTI,1,7,,5,,,7,6,,NE,,,,,,,,,,,,,,,,,,,,,,,,,,,,,,,,
,2023,NAGS-330,NAG,BLUTI,1,7,,4,23,,,,,NE,,,,,,,,,,,,,,,,,,,,,,,,,,,,,,,,
,2023,NAGS-331,NAG,BLUTI,1,6,,3,,,,4,,NE,,,,,,,,,,,,,,,,,,,,,,,,,,,,,,,,
,2023,NAGS-334,NAG,BLUTI,1,9,,0,,,,9,,JD,,,,,,,,,,,,,,,,,,,,,,,,,,,,,,,,
,2023,NAGS-336,NAG,BLUTI,1,11,,6,26,,,,,NE,,,,,,,,,,,,,,,,,,,,,,,,,,,,,,,,
,2023,NAGS-337,NAG,BLUTI,1,,0,0,23,,,,6,ED,,,,,,,,,,,,,,,,,,,,,,,,,,,,,,,,
,2023,NAGS-339,NAG,GRETI,2,,0,0,39,,,,,JD,,,,,,,,,,,,,,,,,,,,,,,,,,,,,,,,
,2023,NAGS-341,NAG,GRETI,1,,,4,35,,,,,NE,,,,,,,,,,,,,,,,,,,,,,,,,,,,,,,,
,2023,NAGS-343,NAG,BLUTI,1,,,5,29,,,,,NE,,,,,,,,,,,,,,,,,,,,,,,,,,,,,,,,
,2023,NAGS-344,NAG,BLUTI,1,,,7,,,,,,NE,,,,,,,,,,,,,,,,,,,,,,,,,,,,,,,,
,2023,NAGS-346,NAG,GRETI,1,,,5,,,5,3,,NE,,,,,,,,,,,,,,,,,,,,,,,,,,,,,,,,
,2023,NAGS-349,NAG,PIEFL,1,7,7,0,39,,,,,JD,,,,,,AVY9846,I,22/05/2023,22/05/2023,,,,,,,,,,,,,,,,,,,,,,,
,2023,NAGS-348,NAG,BLUTI,1,8,,2,,,,8,,NE,,,,,,,,,,,,,,,,,,,,,,,,,,,,,,,,
,2023,NAGS-350,NAG,BLUTI,1,9,,8,23,,,,,NE,,,,,,,,,,,,,,,,,,,,,,,,,,,,,,,,
,2023,NAGS-351,NAG,BLUTI,1,,,4,31,,11,9,2,NE,,,,,,,,,,,,,,,,,,,,,,,,,,,,,,,,
,2023,NAGS-352,NAG,GRETI,1,8,8,8,32,,,,,NE,,,,,,,,,,,,,,,,,,,,,,,,,,,,,,,,
,2023,NAGS-356,NAG,PIEFL,1,6,,0,40,,,,,JD,,,,,,AVY9849,I,24/05/2023,24/05/2023,,,,,,,,,,,,,,,,,,,,,,,
,2023,NAGS-357,NAG,BLUTI,1,10,,7,32,,,,,NE,,,,,,,,,,,,,,,,,,,,,,,,,,,,,,,,
,2023,NAGS-358,NAG,GRETI,1,5,5,5,,,,,,NE,,,,,,,,,,,,,,,,,,,,,,,,,,,,,,,,
,2023,NAGS-359,NAG,GRETI,1,6,6,5,,,,,,NE,,,,,,,,,,,,,,,,,,,,,,,,,,,,,,,,
,2023,NAGS-360,NAG,BLUTI,1,,,6,26,,,,0,NE,,,,,,,,,,,,,,,,,,,,,,,,,,,,,,,,
,2023,NAGS-361,NAG,BLUTI,1,,,2,37,,,,1,NE,,,,,,,,,,,,,,,,,,,,,,,,,,,,,,,,
,2023,NAGS-375,NAG,GRETI,1,4,4,4,,44,,,,NE,,,,,,,,,,,,,,,,,,,,,,,,,,,,,,,,
,2023,NAGS-402,NAG,BLUTI,1,9,,5,,,,,1,NE,,,,,,,,,,,,,,,,,,,,,,,,,,,,,,,,
,2023,NAGS-403,NAG,GRETI,1,,,4,,,,,,NE,,,,,,,,,,,,,,,,,,,,,,,,,,,,,,,,
,2023,NAGS-404,NAG,GRETI,1,7,7,7,33,,,,,NE,,,,,,,,,,,,,,,,,,,,,,,,,,,,,,,,
,2023,NAGS-405,NAG,BLUTI,1,8,,6,24,,,,1,NE,,,,,,,,,,,,,,,,,,,,,,,,,,,,,,,,
,2023,NAGS-411,NAG,PIEFL,1,7,7,0,38,,,,,NE,AVY9884,I,05/06/2023,05/06/2023,,AVY9883,I,05/06/2023,05/06/2023,,05/06/2023,AVY9877,AVY9878,AVY9879,AVY9880,AVY9881,AVY9882,,,,,,,,,,,,,,,
,2023,NAGS-412,NAG,GRETI,1,7,7,4,24,,,,,NE,,,,,,,,,,,,,,,,,,,,,,,,,,,,,,,,
,2023,NAGS-414,NAG,BLUTI,1,11,8,8,29,,,,,NE,,,,,,,,,,,,,,,,,,,,,,,,,,,,,,,,
,2023,NAGS-416,NAG,PIEFL,1,6,5,5,38,,,,1,NE,BAC9309,I,09/06/2023,09/06/2023,,BAC9306,I,09/06/2023,09/06/2023,,09/06/2023,BAC9303,BAC9304,BAC9305,BAC9307,BAC9308,,,,,,,,,,,,,,,,
,2023,NAGS-418,NAG,BLUTI,1,11,,9,26,,,,,NE,,,,,,,,,,,,,,,,,,,,,,,,,,,,,,,,
,2023,NAGS-421,NAG,GRETI,1,7,,3,,,,,,NE,,,,,,,,,,,,,,,,,,,,,,,,,,,,,,,,
,2023,NAGS-424,NAG,BLUTI,1,9,9,6,35,,,,,NE,,,,,,,,,,,,,,,,,,,,,,,,,,,,,,,,
,2023,NAGS-430,NAG,GRETI,1,7,7,3,27,,,,,NE,,,,,,,,,,,,,,,,,,,,,,,,,,,,,,,,
,2023,NAGS-431,NAG,GRETI,1,8,8,8,26,,,,,NE,,,,,,,,,,,,,,,,,,,,,,,,,,,,,,,,
,2023,NAGS-432,NAG,BLUTI,1,8,,6,23,,,,1,NE,,,,,,,,,,,,,,,,,,,,,,,,,,,,,,,,
,2023,NAGS-433,NAG,BLUTI,1,,,6,30,,,,,NE,,,,,,,,,,,,,,,,,,,,,,,,,,,,,,,,
,2023,NAGS-436,NAG,PIEFL,1,8,,3,38,,,,,NE,,,,,,,,,,,05/06/2023,AVY9885,AVY9886,AVY9887,AVY9888,AVY9889,AVY9890,AVY9891,,,,,,,,,,,,,,
,2023,NAGS-437,NAG,BLUTI,1,10,,6,31,,,,,NE,,,,,,,,,,,,,,,,,,,,,,,,,,,,,,,,
,2023,NAGS-438,NAG,BLUTI,1,,,7,30,,,,,NE,,,,,,,,,,,,,,,,,,,,,,,,,,,,,,,,
,2023,NAGS-440,NAG,GRETI,1,8,8,4,31,,,,,NE,,,,,,,,,,,,,,,,,,,,,,,,,,,,,,,,
,2023,NAGS-F1,NAG,BLUTI,1,,,1,,,,,,NE,,,,,,,,,,,,,,,,,,,,,,,,,,,,,,,,
,2023,NAGS-F3,NAG,GRETI,1,13,13,13,24,,,,,NE,,,,,,,,,,,,,,,,,,,,,,,,,,,,,,,,
,2023,NAGS-R10,NAG,GRETI,1,9,,4,,,,,4,NE,,,,,,,,,,,,,,,,,,,,,,,,,,,,,,,,
,2023,NAGS-R12,NAG,BLUTI,1,,0,0,,,,,5,ED,,,,,,,,,,,,,,,,,,,,,,,,,,,,,,,,
,2023,NAGS-R13,NAG,BLUTI,1,9,9,8,29,,,,,NE,,,,,,,,,,,,,,,,,,,,,,,,,,,,,,,,
,2023,NAGS-R14,NAG,BLUTI,1,,0,0,,,,,1,ED,,,,,,,,,,,,,,,,,,,,,,,,,,,,,,,,
,2023,NAGS-R15,NAG,BLUTI,1,,,1,,,,,,NE,,,,,,,,,,,,,,,,,,,,,,,,,,,,,,,,
,2023,NAGS-R2,NAG,BLUTI,1,11,11,6,26,,,,,NE,,,,,,,,,,,,,,,,,,,,,,,,,,,,,,,,
,2023,NAGS-R3,NAG,BLUTI,1,,,8,,,,,,NE,,,,,,,,,,,,,,,,,,,,,,,,,,,,,,,,
,2023,NAGS-R5,NAG,BLUTI,1,9,8,8,28,,,,1,NE,,,,,,,,,,,,,,,,,,,,,,,,,,,,,,,,
,2023,NAGS-R7,NAG,BLUTI,1,,,0,,,6,6,,JD,,,,,,,,,,,,,,,,,,,,,,,,,,,,,,,,
,2023,NAGS-R8,NAG,BLUTI,1,,,8,35,,,,,NE,,,,,,,,,,,,,,,,,,,,,,,,,,,,,,,,
