BroodID,Year,Box,Popn,Species,CltCd,CltSize,Hatch,Fledged,DFE,DH,MinEggs,MinHatch,UnHatch,Outcome,MaleID,MaleDate,MaleRingDate,MaleStatus,MaleMinAge,FemaleID,FemaleDate,FemaleRingDate,FemaleStatus,FemaleMinAge,YoungDate,Young1,Young2,Young3,Young4,Young5,Young6,Young7,Young8,Young9,Young10,Young11,Weight.Y1,Tarsus.Y1,Weight.Y2,Tarsus.Y2,Weight.Y3,Tarsus.Y3,Weight.Y4,Tarsus.Y4,Weight.Y5,Tarsus.Y5,Weight.Y6,Tarsus.Y6,Weight.Y7,Tarsus.Y7,Weight.Y8,Tarsus.Y8,Weight.Y9,Tarsus.Y9,Weight.Y10,Tarsus.Y10,Weight.Y11,Tarsus.Y11
1,1981,13,STEPS,PIEFL,1,8,,6,49,,,,,NE,,,,,,,,,,,,,,,,,,,,,,,,,,,,,,,,,,,,,,,,,,,,
2,1981,12,STEPS,PIEFL,1,6,4,4,50,,,,,NE,,,,,,,,,,,,,,,,,,,,,,,,,,,,,,,,,,,,,,,,,,,,
3,1981,2,STEPS,BLUTI,1,,,0,,,9,,,JD,,,,,,,,,,,,,,,,,,,,,,,,,,,,,,,,,,,,,,,,,,,,
4,1981,5,STEPS,BLUTI,1,,0,0,,,9,,8,ED,,,,,,,,,,,,,,,,,,,,,,,,,,,,,,,,,,,,,,,,,,,,
5,1981,8,STEPS,BLUTI,1,,,4,,,,,,NE,,,,,,,,,,,,,,,,,,,,,,,,,,,,,,,,,,,,,,,,,,,,
6,1981,10,STEPS,BLUTI,1,,,8,,,,,,NE,,,,,,,,,,,,,,,,,,,,,,,,,,,,,,,,,,,,,,,,,,,,
7,1981,11,STEPS,BLUTI,1,,,0,,,,,,JD,,,,,,,,,,,,,,,,,,,,,,,,,,,,,,,,,,,,,,,,,,,,
8,1981,14,STEPS,PIEFL,1,6,6,,,,,,,OU,,,,,,,,,,,,,,,,,,,,,,,,,,,,,,,,,,,,,,,,,,,,
9,1981,15,STEPS,BLUTI,1,,0,0,,,9,,,ED,,,,,,,,,,,,,,,,,,,,,,,,,,,,,,,,,,,,,,,,,,,,
10,1981,16,STEPS,BLUTI,2,,,,,,6,,,OU,,,,,,,,,,,,,,,,,,,,,,,,,,,,,,,,,,,,,,,,,,,,
11,1981,19,STEPS,BLUTI,1,,0,0,,,10,,10,ED,,,,,,,,,,,,,,,,,,,,,,,,,,,,,,,,,,,,,,,,,,,,
12,1981,20,STEPS,BLUTI,1,,,7,,,7,,,NE,,,,,,,,,,,,,,,,,,,,,,,,,,,,,,,,,,,,,,,,,,,,
13,1981,21,STEPS,BLUTI,1,,,8,,,,,,RF,,,,,,,,,,,,,,,,,,,,,,,,,,,,,,,,,,,,,,,,,,,,
14,1981,22,STEPS,BLUTI,1,,,5,,,,,,NE,,,,,,,,,,,,,,,,,,,,,,,,,,,,,,,,,,,,,,,,,,,,
15,1981,25,STEPS,BLUTI,1,,,6,,,,,,RF,,,,,,,,,,,,,,,,,,,,,,,,,,,,,,,,,,,,,,,,,,,,
16,1981,26,STEPS,BLUTI,1,,,6,,,,,,NE,,,,,,,,,,,,,,,,,,,,,,,,,,,,,,,,,,,,,,,,,,,,
17,1982,1,STEPS,PIEFL,1,,,,,,7,,,OU,,,,,,,,,,,,,,,,,,,,,,,,,,,,,,,,,,,,,,,,,,,,
18,1982,2,STEPS,PIEFL,1,,,,,,,,,OU,,,,,,,,,,,,,,,,,,,,,,,,,,,,,,,,,,,,,,,,,,,,
19,1982,7,STEPS,BLUTI,1,,,,,,11,,,OU,,,,,,,,,,,,,,,,,,,,,,,,,,,,,,,,,,,,,,,,,,,,
20,1982,8,STEPS,PIEFL,1,,,,,,7,,,OU,,,,,,,,,,,,,,,,,,,,,,,,,,,,,,,,,,,,,,,,,,,,
21,1982,10,STEPS,BLUTI,1,,,,,,5,,,OU,,,,,,,,,,,,,,,,,,,,,,,,,,,,,,,,,,,,,,,,,,,,
22,1982,13,STEPS,PIEFL,1,,,,,,,,,OU,,,,,,,,,,,,,,,,,,,,,,,,,,,,,,,,,,,,,,,,,,,,
23,1982,14,STEPS,PIEFL,1,,,,,,,,,OU,,,,,,,,,,,,,,,,,,,,,,,,,,,,,,,,,,,,,,,,,,,,
24,1982,15,STEPS,BLUTI,1,,,,,,11,,,OU,,,,,,,,,,,,,,,,,,,,,,,,,,,,,,,,,,,,,,,,,,,,
25,1982,20,STEPS,BLUTI,1,,,,,,9,,,OU,,,,,,,,,,,,,,,,,,,,,,,,,,,,,,,,,,,,,,,,,,,,
26,1982,22,STEPS,PIEFL,1,,,,,,,,,OU,,,,,,,,,,,,,,,,,,,,,,,,,,,,,,,,,,,,,,,,,,,,
27,1982,24,STEPS,BLUTI,1,,,,,,6,,,OU,,,,,,,,,,,,,,,,,,,,,,,,,,,,,,,,,,,,,,,,,,,,
28,1982,37,STEPS,GRETI,1,,,,,,8,,,OU,,,,,,,,,,,,,,,,,,,,,,,,,,,,,,,,,,,,,,,,,,,,
29,1983,2,STEPS,PIEFL,1,7,7,,40,,,,,OU,,,,,,,,,,,,,,,,,,,,,,,,,,,,,,,,,,,,,,,,,,,,
30,1983,5,STEPS,BLUTI,1,,,9,41,,9,,,RF,,,,,,,,,,,,,,,,,,,,,,,,,,,,,,,,,,,,,,,,,,,,
31,1983,15,STEPS,PIEFL,1,,,7,41,,,,,RF,,,,,,,,,,,,,,,,,,,,,,,,,,,,,,,,,,,,,,,,,,,,
32,1983,7,STEPS,PIEFL,1,,,7,42,,7,,,RF,,,,,,,,,,,,,,,,,,,,,,,,,,,,,,,,,,,,,,,,,,,,
33,1983,29,STEPS,PIEFL,1,6,6,6,42,,,,,RF,,,,,,,,,,,,,,,,,,,,,,,,,,,,,,,,,,,,,,,,,,,,
34,1983,6,STEPS,BLUTI,1,,,7,,,7,,,RF,,,,,,,,,,,,,,,,,,,,,,,,,,,,,,,,,,,,,,,,,,,,
35,1983,8,STEPS,BLUTI,1,,,,,,6,,4,OU,,,,,,,,,,,,,,,,,,,,,,,,,,,,,,,,,,,,,,,,,,,,
36,1983,9,STEPS,BLUTI,1,6,0,0,,,,,6,ED,,,,,,,,,,,,,,,,,,,,,,,,,,,,,,,,,,,,,,,,,,,,
37,1983,11,STEPS,BLUTI,1,14,0,0,,,,,14,ED,,,,,,,,,,,,,,,,,,,,,,,,,,,,,,,,,,,,,,,,,,,,
38,1983,12,STEPS,BLUTI,1,9,0,0,,,,,9,ED,,,,,,,,,,,,,,,,,,,,,,,,,,,,,,,,,,,,,,,,,,,,
39,1983,13,STEPS,PIEFL,1,,,5,,,5,,,RF,,,,,,,,,,,,,,,,,,,,,,,,,,,,,,,,,,,,,,,,,,,,
40,1983,14,STEPS,BLUTI,1,12,0,0,,,,,12,ED,,,,,,,,,,,,,,,,,,,,,,,,,,,,,,,,,,,,,,,,,,,,
41,1983,16,STEPS,BLUTI,1,,,,,,,,,OU,,,,,,,,,,,,,,,,,,,,,,,,,,,,,,,,,,,,,,,,,,,,
42,1983,18,STEPS,PIEFL,1,,,5,,,5,,,RF,,,,,,,,,,,,,,,,,,,,,,,,,,,,,,,,,,,,,,,,,,,,
43,1983,20,STEPS,BLUTI,1,,0,0,,,,,,ED,,,,,,,,,,,,,,,,,,,,,,,,,,,,,,,,,,,,,,,,,,,,
44,1983,21,STEPS,BLUTI,1,,,2,,,,,,RF,,,,,,,,,,,,,,,,,,,,,,,,,,,,,,,,,,,,,,,,,,,,
45,1983,23,STEPS,BLUTI,1,,,7,,,8,,1,RF,,,,,,,,,,,,,,,,,,,,,,,,,,,,,,,,,,,,,,,,,,,,
46,1983,24,STEPS,PIEFL,1,6,6,6,,,,,,RF,,,,,,,,,,,,,,,,,,,,,,,,,,,,,,,,,,,,,,,,,,,,
47,1983,26,STEPS,BLUTI,1,12,0,0,,,,,12,ED,,,,,,,,,,,,,,,,,,,,,,,,,,,,,,,,,,,,,,,,,,,,
48,1983,27,STEPS,BLUTI,1,,,,,,5,,,OU,,,,,,,,,,,,,,,,,,,,,,,,,,,,,,,,,,,,,,,,,,,,
49,1983,30,STEPS,BLUTI,1,7,,,,,,,,OU,,,,,,,,,,,,,,,,,,,,,,,,,,,,,,,,,,,,,,,,,,,,
50,1983,31,STEPS,BLUTI,1,12,,11,,,,,,RF,,,,,,,,,,,,,,,,,,,,,,,,,,,,,,,,,,,,,,,,,,,,
51,1983,32,STEPS,PIEFL,1,,,7,,,,,,RF,,,,,,,,,,,,,,,,,,,,,,,,,,,,,,,,,,,,,,,,,,,,
52,1984,5,STEPS,BLUTI,1,8,,5,38,,,,,RF,,,,,,,,,,,,,,,,,,,,,,,,,,,,,,,,,,,,,,,,,,,,
53,1984,11,STEPS,PIEFL,1,7,,6,39,,,,,RF,,,,,,,,,,,,,,,,,,,,,,,,,,,,,,,,,,,,,,,,,,,,
54,1984,21,STEPS,PIEFL,1,7,,5,39,,,,,RF,,,,,,,,,,,,,,,,,,,,,,,,,,,,,,,,,,,,,,,,,,,,
55,1984,3,STEPS,PIEFL,1,7,,6,41,,,,,RF,,,,,,,,,,,,,,,,,,,,,,,,,,,,,,,,,,,,,,,,,,,,
56,1984,22,STEPS,PIEFL,1,7,0,0,41,,,,7,ED,,,,,,,,,,,,,,,,,,,,,,,,,,,,,,,,,,,,,,,,,,,,
57,1984,26,STEPS,PIEFL,1,,,,41,,3,,,OU,,,,,,,,,,,,,,,,,,,,,,,,,,,,,,,,,,,,,,,,,,,,
58,1984,15,STEPS,PIEFL,1,,,5,42,,,,,RF,,,,,,,,,,,,,,,,,,,,,,,,,,,,,,,,,,,,,,,,,,,,
59,1984,34,STEPS,PIEFL,1,,,,42,,,,,OU,,,,,,,,,,,,,,,,,,,,,,,,,,,,,,,,,,,,,,,,,,,,
60,1984,7,STEPS,PIEFL,1,,,8,43,,,,,RF,,,,,,,,,,,,,,,,,,,,,,,,,,,,,,,,,,,,,,,,,,,,
61,1984,8,STEPS,BLUTI,1,,,8,,,,,,RF,,,,,,,,,,,,,,,,,,,,,,,,,,,,,,,,,,,,,,,,,,,,
62,1984,12,STEPS,BLUTI,1,,,7,,,,,,RF,,,,,,,,,,,,,,,,,,,,,,,,,,,,,,,,,,,,,,,,,,,,
63,1984,20,STEPS,BLUTI,1,,,8,,,,,,NE,,,,,,,,,,,,,,,,,,,,,,,,,,,,,,,,,,,,,,,,,,,,
64,1984,29,STEPS,PIEFL,1,,0,0,,,3,,,ED,,,,,,,,,,,,,,,,,,,,,,,,,,,,,,,,,,,,,,,,,,,,
65,1984,39,STEPS,PIEFL,1,7,,6,,,,,,RF,,,,,,,,,,,,,,,,,,,,,,,,,,,,,,,,,,,,,,,,,,,,
66,1984,40,STEPS,BLUTI,1,,,6,,,7,,,RF,,,,,,,,,,,,,,,,,,,,,,,,,,,,,,,,,,,,,,,,,,,,
67,1984,43,STEPS,PIEFL,1,7,7,7,,,,,,RF,,,,,,,,,,,,,,,,,,,,,,,,,,,,,,,,,,,,,,,,,,,,
68,1984,44,STEPS,GRETI,1,,,8,,,,,,RF,,,,,,,,,,,,,,,,,,,,,,,,,,,,,,,,,,,,,,,,,,,,
69,1985,11,STEPS,BLUTI,1,,,7,32,,11,,,RF,,,,,,,,,,,,,,,,,,,,,,,,,,,,,,,,,,,,,,,,,,,,
70,1985,9,STEPS,BLUTI,1,,,,33,,10,,,OU,,,,,,,,,,,,,,,,,,,,,,,,,,,,,,,,,,,,,,,,,,,,
71,1985,10,STEPS,BLUTI,1,,,,35,,11,,,OU,,,,,,,,,,,,,,,,,,,,,,,,,,,,,,,,,,,,,,,,,,,,
72,1985,14,STEPS,BLUTI,1,,,,35,,11,,,OU,,,,,,,,,,,,,,,,,,,,,,,,,,,,,,,,,,,,,,,,,,,,
73,1985,3,STEPS,BLUTI,1,,,,40,,7,,1,OU,,,,,,,,,,,,,,,,,,,,,,,,,,,,,,,,,,,,,,,,,,,,
74,1985,7,STEPS,PIEFL,1,,,,40,,7,,,OU,,,,,,,,,,,,,,,,,,,,,,,,,,,,,,,,,,,,,,,,,,,,
75,1985,12,STEPS,PIEFL,1,,,,40,,7,,,OU,,,,,,,,,,,,,,,,,,,,,,,,,,,,,,,,,,,,,,,,,,,,
76,1985,1,STEPS,PIEFL,1,6,6,6,,,,,,OU,,,,,,,,,,,,,,,,,,,,,,,,,,,,,,,,,,,,,,,,,,,,
77,1985,2,STEPS,BLUTI,1,10,,0,,,,,,XP,,,,,,,,,,,,,,,,,,,,,,,,,,,,,,,,,,,,,,,,,,,,
78,1985,13,STEPS,BLUTI,1,,,,,,7,,,OU,,,,,,,,,,,,,,,,,,,,,,,,,,,,,,,,,,,,,,,,,,,,
79,1985,15,STEPS,PIEFL,1,,,,,,9,,,OU,,,,,,,,,,,,,,,,,,,,,,,,,,,,,,,,,,,,,,,,,,,,
80,1985,16,STEPS,BLUTI,1,,,6,,,,,,NE,,,,,,,,,,,,,,,,,,,,,,,,,,,,,,,,,,,,,,,,,,,,
81,1985,17,STEPS,GRETI,1,7,,,,,,,,OU,,,,,,,,,,,,,,,,,,,,,,,,,,,,,,,,,,,,,,,,,,,,
82,1985,18,STEPS,PIEFL,1,,,,,,7,,,OU,,,,,,,,,,,,,,,,,,,,,,,,,,,,,,,,,,,,,,,,,,,,
83,1985,19,STEPS,PIEFL,1,,,,,,6,,,OU,,,,,,,,,,,,,,,,,,,,,,,,,,,,,,,,,,,,,,,,,,,,
84,1985,20,STEPS,BLUTI,1,,,6,,,9,,2,NE,,,,,,,,,,,,,,,,,,,,,,,,,,,,,,,,,,,,,,,,,,,,
85,1985,21,STEPS,PIEFL,1,,,,,,7,,6,OU,,,,,,,,,,,,,,,,,,,,,,,,,,,,,,,,,,,,,,,,,,,,
86,1985,22,STEPS,BLUTI,1,,,9,,,9,,,NE,,,,,,,,,,,,,,,,,,,,,,,,,,,,,,,,,,,,,,,,,,,,
87,1985,24,STEPS,PIEFL,1,8,8,,,,,,,OU,,,,,,,,,,,,,,,,,,,,,,,,,,,,,,,,,,,,,,,,,,,,
88,1985,26,STEPS,BLUTI,1,,,,,,7,,,OU,,,,,,,,,,,,,,,,,,,,,,,,,,,,,,,,,,,,,,,,,,,,
89,1985,28,STEPS,PIEFL,1,,,,,,,,,OU,,,,,,,,,,,,,,,,,,,,,,,,,,,,,,,,,,,,,,,,,,,,
90,1985,30,STEPS,BLUTI,1,,,,,,7,,,OU,,,,,,,,,,,,,,,,,,,,,,,,,,,,,,,,,,,,,,,,,,,,
91,1985,32,STEPS,BLUTI,1,,,,,,10,,,OU,,,,,,,,,,,,,,,,,,,,,,,,,,,,,,,,,,,,,,,,,,,,
92,1985,33,STEPS,PIEFL,1,,,,,,6,,,OU,,,,,,,,,,,,,,,,,,,,,,,,,,,,,,,,,,,,,,,,,,,,
93,1985,35,STEPS,PIEFL,1,7,,,,,,,,OU,,,,,,,,,,,,,,,,,,,,,,,,,,,,,,,,,,,,,,,,,,,,
94,1985,36,STEPS,BLUTI,1,,,,,,11,,,OU,,,,,,,,,,,,,,,,,,,,,,,,,,,,,,,,,,,,,,,,,,,,
95,1985,38,STEPS,PIEFL,1,7,7,,,64,,,,OU,,,,,,,,,,,,,,,,,,,,,,,,,,,,,,,,,,,,,,,,,,,,
96,1985,39,STEPS,PIEFL,1,,,,,,,,,OU,,,,,,,,,,,,,,,,,,,,,,,,,,,,,,,,,,,,,,,,,,,,
97,1985,40,STEPS,BLUTI,1,,0,0,,,,,11,ED,,,,,,,,,,,,,,,,,,,,,,,,,,,,,,,,,,,,,,,,,,,,
98,1985,41,STEPS,GRETI,1,,,,,,,,,OU,,,,,,,,,,,,,,,,,,,,,,,,,,,,,,,,,,,,,,,,,,,,
99,1985,43,STEPS,GRETI,1,,,6,,,,,,RF,,,,,,,,,,,,,,,,,,,,,,,,,,,,,,,,,,,,,,,,,,,,
100,1985,44,STEPS,PIEFL,1,,,,,,6,,,OU,,,,,,,,,,,,,,,,,,,,,,,,,,,,,,,,,,,,,,,,,,,,
101,1985,45,STEPS,BLUTI,1,,,,,,6,,,OU,,,,,,,,,,,,,,,,,,,,,,,,,,,,,,,,,,,,,,,,,,,,
102,1986,40,STEPS,BLUTI,1,,,,38,,12,,,OU,,,,,,,,,,,,,,,,,,,,,,,,,,,,,,,,,,,,,,,,,,,,
103,1986,42,STEPS,BLUTI,1,,,,38,,11,,,OU,,,,,,,,,,,,,,,,,,,,,,,,,,,,,,,,,,,,,,,,,,,,
104,1986,36,STEPS,BLUTI,1,,,,42,,9,,,OU,,,,,,,,,,,,,,,,,,,,,,,,,,,,,,,,,,,,,,,,,,,,
105,1986,39,STEPS,PIEFL,1,,,,43,,6,,,OU,,,,,,,,,,,,,,,,,,,,,,,,,,,,,,,,,,,,,,,,,,,,
106,1986,18,STEPS,PIEFL,1,,,,44,,7,,,OU,,,,,,,,,,,,,,,,,,,,,,,,,,,,,,,,,,,,,,,,,,,,
107,1986,22,STEPS,BLUTI,1,,,,45,,10,,,OU,,,,,,,,,,,,,,,,,,,,,,,,,,,,,,,,,,,,,,,,,,,,
108,1986,12,STEPS,PIEFL,1,,,,46,,7,,,OU,,,,,,,,,,,,,,,,,,,,,,,,,,,,,,,,,,,,,,,,,,,,
109,1986,29,STEPS,PIEFL,1,,,,46,,8,,,OU,,,,,,,,,,,,,,,,,,,,,,,,,,,,,,,,,,,,,,,,,,,,
110,1986,34,STEPS,PIEFL,1,,,,47,,6,,,OU,,,,,,,,,,,,,,,,,,,,,,,,,,,,,,,,,,,,,,,,,,,,
111,1986,16,STEPS,PIEFL,1,,,,67,,5,,,OU,,,,,,,,,,,,,,,,,,,,,,,,,,,,,,,,,,,,,,,,,,,,
112,1986,3,STEPS,PIEFL,1,,,,,,7,,,OU,,,,,,,,,,,,,,,,,,,,,,,,,,,,,,,,,,,,,,,,,,,,
113,1986,5,STEPS,REDST,1,7,7,7,,,,,,NE,,,,,,,,,,,,,,,,,,,,,,,,,,,,,,,,,,,,,,,,,,,,
114,1986,9,STEPS,PIEFL,1,,,,,,6,,,OU,,,,,,,,,,,,,,,,,,,,,,,,,,,,,,,,,,,,,,,,,,,,
115,1986,14,STEPS,PIEFL,1,,,,,,5,,,OU,,,,,,,,,,,,,,,,,,,,,,,,,,,,,,,,,,,,,,,,,,,,
116,1986,20,STEPS,BLUTI,1,,,,,,8,,,OU,,,,,,,,,,,,,,,,,,,,,,,,,,,,,,,,,,,,,,,,,,,,
117,1986,24,STEPS,PIEFL,1,7,,,,,,,1,OU,,,,,,,,,,,,,,,,,,,,,,,,,,,,,,,,,,,,,,,,,,,,
118,1986,26,STEPS,PIEFL,1,,,,,,6,,,OU,,,,,,,,,,,,,,,,,,,,,,,,,,,,,,,,,,,,,,,,,,,,
119,1986,37,STEPS,PIEFL,1,,,,,,7,,,OU,,,,,,,,,,,,,,,,,,,,,,,,,,,,,,,,,,,,,,,,,,,,
120,1986,43,STEPS,PIEFL,1,,,,,,6,,,OU,,,,,,,,,,,,,,,,,,,,,,,,,,,,,,,,,,,,,,,,,,,,
121,1986,44,STEPS,BLUTI,1,,,,,,9,,,OU,,,,,,,,,,,,,,,,,,,,,,,,,,,,,,,,,,,,,,,,,,,,
122,1987,4,STEPS,BLUTI,1,7,7,7,41,,,,,OU,,,,,,,,,,,,,,,,,,,,,,,,,,,,,,,,,,,,,,,,,,,,
123,1987,2,STEPS,PIEFL,1,,,,,,,,,OU,,,,,,,,,,,,,,,,,,,,,,,,,,,,,,,,,,,,,,,,,,,,
124,1987,3,STEPS,PIEFL,1,,0,0,,,,,,EP,,,,,,,,,,,,,,,,,,,,,,,,,,,,,,,,,,,,,,,,,,,,
125,1987,7,STEPS,BLUTI,1,12,12,12,,,,,,NE,,,,,,,,,,,,,,,,,,,,,,,,,,,,,,,,,,,,,,,,,,,,
126,1987,9,STEPS,PIEFL,1,,0,0,,,,,,EP,,,,,,,,,,,,,,,,,,,,,,,,,,,,,,,,,,,,,,,,,,,,
127,1987,10,STEPS,BLUTI,1,13,,,,,,,,OU,,,,,,,,,,,,,,,,,,,,,,,,,,,,,,,,,,,,,,,,,,,,
128,1987,12,STEPS,PIEFL,1,,0,0,,,,,,EP,,,,,,,,,,,,,,,,,,,,,,,,,,,,,,,,,,,,,,,,,,,,
129,1987,13,STEPS,PIEFL,2,6,,,,,,,,OU,,,,,,,,,,,,,,,,,,,,,,,,,,,,,,,,,,,,,,,,,,,,
130,1987,15,STEPS,PIEFL,1,,,7,,,7,,,RF,,,,,,,,,,,,,,,,,,,,,,,,,,,,,,,,,,,,,,,,,,,,
131,1987,19,STEPS,BLUTI,1,,,,,,13,,,OU,,,,,,,,,,,,,,,,,,,,,,,,,,,,,,,,,,,,,,,,,,,,
132,1987,20,STEPS,PIEFL,1,,,7,,,8,,1,RF,,,,,,,,,,,,,,,,,,,,,,,,,,,,,,,,,,,,,,,,,,,,
133,1987,21,STEPS,PIEFL,1,8,8,8,,,,,,RF,,,,,,,,,,,,,,,,,,,,,,,,,,,,,,,,,,,,,,,,,,,,
134,1987,22,STEPS,PIEFL,1,7,7,7,,,,,,RF,,,,,,,,,,,,,,,,,,,,,,,,,,,,,,,,,,,,,,,,,,,,
135,1987,26,STEPS,PIEFL,1,,,8,,,,,,RF,,,,,,,,,,,,,,,,,,,,,,,,,,,,,,,,,,,,,,,,,,,,
136,1987,27,STEPS,BLUTI,1,11,,10,,,,,,NE,,,,,,,,,,,,,,,,,,,,,,,,,,,,,,,,,,,,,,,,,,,,
137,1987,28,STEPS,PIEFL,1,8,8,8,,,,,,NE,,,,,,,,,,,,,,,,,,,,,,,,,,,,,,,,,,,,,,,,,,,,
138,1987,33,STEPS,PIEFL,1,,,,,,6,,3,OU,,,,,,,,,,,,,,,,,,,,,,,,,,,,,,,,,,,,,,,,,,,,
139,1987,36,STEPS,PIEFL,1,8,8,7,,,,,,RF,,,,,,,,,,,,,,,,,,,,,,,,,,,,,,,,,,,,,,,,,,,,
140,1987,39,STEPS,BLUTI,1,,0,0,,,6,,,ED,,,,,,,,,,,,,,,,,,,,,,,,,,,,,,,,,,,,,,,,,,,,
141,1987,40,STEPS,BLUTI,1,,,,,,6,,,OU,,,,,,,,,,,,,,,,,,,,,,,,,,,,,,,,,,,,,,,,,,,,
142,1987,41,STEPS,PIEFL,1,,,9,,,,,,RF,,,,,,,,,,,,,,,,,,,,,,,,,,,,,,,,,,,,,,,,,,,,
143,1987,42,STEPS,BLUTI,1,12,,9,,,,,,RF,,,,,,,,,,,,,,,,,,,,,,,,,,,,,,,,,,,,,,,,,,,,
144,1987,43,STEPS,PIEFL,1,7,,6,,,,,,RF,,,,,,,,,,,,,,,,,,,,,,,,,,,,,,,,,,,,,,,,,,,,
145,1987,45,STEPS,BLUTI,1,,,10,,,10,,,RF,,,,,,,,,,,,,,,,,,,,,,,,,,,,,,,,,,,,,,,,,,,,
146,1987,46,STEPS,BLUTI,1,,,,,,8,,,RF,,,,,,,,,,,,,,,,,,,,,,,,,,,,,,,,,,,,,,,,,,,,
147,1988,8,STEPS,BLUTI,1,,,11,30,,,,,RF,,,,,,,,,,,,,,,,,,,,,,,,,,,,,,,,,,,,,,,,,,,,
148,1988,10,STEPS,BLUTI,1,9,9,9,32,,,,,RF,,,,,,,,,,,,,,,,,,,,,,,,,,,,,,,,,,,,,,,,,,,,
149,1988,3,STEPS,PIEFL,1,,,5,34,,,,,NE,,,,,,,,,,,,,,,,,,,,,,,,,,,,,,,,,,,,,,,,,,,,
150,1988,7,STEPS,PIEFL,1,,,7,36,,,,,RF,,,,,,,,,,,,,,,,,,,,,,,,,,,,,,,,,,,,,,,,,,,,
151,1988,18,STEPS,PIEFL,1,,,7,36,,7,,,NE,,,,,,,,,,,,,,,,,,,,,,,,,,,,,,,,,,,,,,,,,,,,
152,1988,37,STEPS,PIEFL,1,,,,36,,,,,OU,,,,,,,,,,,,,,,,,,,,,,,,,,,,,,,,,,,,,,,,,,,,
153,1988,32,STEPS,PIEFL,1,8,8,6,37,,,,,RF,,,,,,,,,,,,,,,,,,,,,,,,,,,,,,,,,,,,,,,,,,,,
154,1988,15,STEPS,PIEFL,1,,,,49,,3,,,OU,,,,,,,,,,,,,,,,,,,,,,,,,,,,,,,,,,,,,,,,,,,,
155,1988,1,STEPS,PIEFL,1,7,,5,,,,,,RF,,,,,,,,,,,,,,,,,,,,,,,,,,,,,,,,,,,,,,,,,,,,
156,1988,2,STEPS,BLUTI,1,,,10,,,11,,1,NE,,,,,,,,,,,,,,,,,,,,,,,,,,,,,,,,,,,,,,,,,,,,
157,1988,4,STEPS,GRETI,1,,,5,,,,,,RF,,,,,,,,,,,,,,,,,,,,,,,,,,,,,,,,,,,,,,,,,,,,
158,1988,5,STEPS,BLUTI,1,10,,9,,51,,,,NE,,,,,,,,,,,,,,,,,,,,,,,,,,,,,,,,,,,,,,,,,,,,
159,1988,11,STEPS,PIEFL,1,,,6,,,,,,RF,,,,,,,,,,,,,,,,,,,,,,,,,,,,,,,,,,,,,,,,,,,,
160,1988,12,STEPS,PIEFL,1,7,0,0,,,,,,ED,,,,,,,,,,,,,,,,,,,,,,,,,,,,,,,,,,,,,,,,,,,,
161,1988,13,STEPS,PIEFL,1,6,6,,,,,,,OU,,,,,,,,,,,,,,,,,,,,,,,,,,,,,,,,,,,,,,,,,,,,
162,1988,14,STEPS,BLUTI,1,11,11,11,,51,,,,NE,,,,,,,,,,,,,,,,,,,,,,,,,,,,,,,,,,,,,,,,,,,,
163,1988,17,STEPS,PIEFL,1,,,7,,,7,,,RF,,,,,,,,,,,,,,,,,,,,,,,,,,,,,,,,,,,,,,,,,,,,
164,1988,19,STEPS,BLUTI,1,,,6,,,8,,2,NE,,,,,,,,,,,,,,,,,,,,,,,,,,,,,,,,,,,,,,,,,,,,
165,1988,20,STEPS,PIEFL,1,7,7,7,,,,,,RF,,,,,,,,,,,,,,,,,,,,,,,,,,,,,,,,,,,,,,,,,,,,
166,1988,21,STEPS,PIEFL,1,,,6,,,,,,RF,,,,,,,,,,,,,,,,,,,,,,,,,,,,,,,,,,,,,,,,,,,,
167,1988,22,STEPS,PIEFL,1,,,8,,,,,,RF,,,,,,,,,,,,,,,,,,,,,,,,,,,,,,,,,,,,,,,,,,,,
168,1988,23,STEPS,BLUTI,1,,0,0,,,8,,,ED,,,,,,,,,,,,,,,,,,,,,,,,,,,,,,,,,,,,,,,,,,,,
169,1988,24,STEPS,BLUTI,1,8,8,8,,,,,,NE,,,,,,,,,,,,,,,,,,,,,,,,,,,,,,,,,,,,,,,,,,,,
170,1988,25,STEPS,PIEFL,1,,,6,,,,,,RF,,,,,,,,,,,,,,,,,,,,,,,,,,,,,,,,,,,,,,,,,,,,
171,1988,26,STEPS,BLUTI,1,10,10,10,,,,,,NE,,,,,,,,,,,,,,,,,,,,,,,,,,,,,,,,,,,,,,,,,,,,
172,1988,28,STEPS,PIEFL,1,7,7,7,,,,,,RF,,,,,,,,,,,,,,,,,,,,,,,,,,,,,,,,,,,,,,,,,,,,
173,1988,29,STEPS,PIEFL,1,7,7,6,,,,,,RF,,,,,,,,,,,,,,,,,,,,,,,,,,,,,,,,,,,,,,,,,,,,
174,1988,30,STEPS,BLUTI,2,,,,,,5,,1,OU,,,,,,,,,,,,,,,,,,,,,,,,,,,,,,,,,,,,,,,,,,,,
175,1988,39,STEPS,NUTHA,1,,0,0,,,6,,,ED,,,,,,,,,,,,,,,,,,,,,,,,,,,,,,,,,,,,,,,,,,,,
176,1988,40,STEPS,PIEFL,1,8,8,7,,,,,,RF,,,,,,,,,,,,,,,,,,,,,,,,,,,,,,,,,,,,,,,,,,,,
177,1988,41,STEPS,BLUTI,1,,,9,,,10,,,NE,,,,,,,,,,,,,,,,,,,,,,,,,,,,,,,,,,,,,,,,,,,,
178,1988,42,STEPS,PIEFL,1,,,4,,,7,,,RF,,,,,,,,,,,,,,,,,,,,,,,,,,,,,,,,,,,,,,,,,,,,
179,1988,43,STEPS,BLUTI,1,,,9,,,10,,,NE,,,,,,,,,,,,,,,,,,,,,,,,,,,,,,,,,,,,,,,,,,,,
180,1988,44,STEPS,GRETI,1,,,5,,,7,,2,NE,,,,,,,,,,,,,,,,,,,,,,,,,,,,,,,,,,,,,,,,,,,,
181,1988,46,STEPS,BLUTI,1,,0,0,,,12,,,ED,,,,,,,,,,,,,,,,,,,,,,,,,,,,,,,,,,,,,,,,,,,,
182,1989,26,STEPS,BLUTI,1,11,,9,30,,,,1,NE,,,,,,,,,,,,,,,,,,,,,,,,,,,,,,,,,,,,,,,,,,,,
183,1989,1,STEPS,BLUTI,1,8,8,,31,,,,,OU,,,,,,,,,,,,,,,,,,,,,,,,,,,,,,,,,,,,,,,,,,,,
184,1989,12,STEPS,BLUTI,1,9,,,31,,,,,OU,,,,,,,,,,,,,,,,,,,,,,,,,,,,,,,,,,,,,,,,,,,,
185,1989,3,STEPS,PIEFL,1,8,,7,35,,,,,RF,,,,,,,,,,,,,,,,,,,,,,,,,,,,,,,,,,,,,,,,,,,,
186,1989,13,STEPS,PIEFL,1,8,8,8,35,57,,,,RF,,,,,,,,,,,,,,,,,,,,,,,,,,,,,,,,,,,,,,,,,,,,
187,1989,29,STEPS,PIEFL,1,,0,0,35,,5,,,"ED,FD",,,,,,C190965,14/05/1989,30/05/1987,I,2,,,,,,,,,,,,,,,,,,,,,,,,,,,,,,,,,,
188,1989,41,STEPS,PIEFL,1,,,6,35,,8,,,RF,,,,,,,,,,,,,,,,,,,,,,,,,,,,,,,,,,,,,,,,,,,,
189,1989,8,STEPS,PIEFL,1,7,7,,36,,,,,OU,,,,,,,,,,,,,,,,,,,,,,,,,,,,,,,,,,,,,,,,,,,,
190,1989,34,STEPS,PIEFL,1,,,6,40,,,,,RF,,,,,,,,,,,,,,,,,,,,,,,,,,,,,,,,,,,,,,,,,,,,
191,1989,27,STEPS,PIEFL,1,6,6,,51,,,,,OU,,,,,,,,,,,,,,,,,,,,,,,,,,,,,,,,,,,,,,,,,,,,
192,1989,2,STEPS,BLUTI,1,11,,11,,,,,,RF,,,,,,,,,,,,,,,,,,,,,,,,,,,,,,,,,,,,,,,,,,,,
193,1989,4,STEPS,PIEFL,1,,,7,,,,,,RF,,,,,,,,,,,,,,,,,,,,,,,,,,,,,,,,,,,,,,,,,,,,
194,1989,5,STEPS,BLUTI,1,11,,9,,50,,,,RF,,,,,,,,,,,,,,,,,,,,,,,,,,,,,,,,,,,,,,,,,,,,
195,1989,6,STEPS,BLUTI,1,,,10,,,11,,,RF,,,,,,,,,,,,,,,,,,,,,,,,,,,,,,,,,,,,,,,,,,,,
196,1989,9,STEPS,PIEFL,1,,,,,,5,,,OU,,,,,,,,,,,,,,,,,,,,,,,,,,,,,,,,,,,,,,,,,,,,
197,1989,10,STEPS,BLUTI,1,12,,8,,,,,,RF,,,,,,,,,,,,,,,,,,,,,,,,,,,,,,,,,,,,,,,,,,,,
198,1989,11,STEPS,PIEFL,1,7,7,7,,,,,,RF,,,,,,,,,,,,,,,,,,,,,,,,,,,,,,,,,,,,,,,,,,,,
199,1989,14,STEPS,PIEFL,1,,,8,,,,,,NE,,,,,,,,,,,,,,,,,,,,,,,,,,,,,,,,,,,,,,,,,,,,
200,1989,15,STEPS,PIEFL,1,7,7,7,,,,,,NE,,,,,,,,,,,,,,,,,,,,,,,,,,,,,,,,,,,,,,,,,,,,
201,1989,16,STEPS,BLUTI,1,11,11,11,,,,,,NE,,,,,,,,,,,,,,,,,,,,,,,,,,,,,,,,,,,,,,,,,,,,
202,1989,18,STEPS,BLUTI,1,,,9,,,10,,,RF,,,,,,,,,,,,,,,,,,,,,,,,,,,,,,,,,,,,,,,,,,,,
203,1989,20,STEPS,PIEFL,1,,,7,,,7,,,NE,,,,,,,,,,,,,,,,,,,,,,,,,,,,,,,,,,,,,,,,,,,,
204,1989,21,STEPS,PIEFL,1,8,,6,,,,,,NE,,,,,,,,,,,,,,,,,,,,,,,,,,,,,,,,,,,,,,,,,,,,
205,1989,22,STEPS,PIEFL,1,8,8,8,,,,,,NE,,,,,,,,,,,,,,,,,,,,,,,,,,,,,,,,,,,,,,,,,,,,
206,1989,24,STEPS,BLUTI,1,,,9,,,9,,,NE,,,,,,,,,,,,,,,,,,,,,,,,,,,,,,,,,,,,,,,,,,,,
207,1989,25,STEPS,PIEFL,1,8,8,8,,,,,,NE,,,,,,,,,,,,,,,,,,,,,,,,,,,,,,,,,,,,,,,,,,,,
208,1989,28,STEPS,PIEFL,1,6,6,6,,,,,,RF,,,,,,,,,,,,,,,,,,,,,,,,,,,,,,,,,,,,,,,,,,,,
209,1989,30,STEPS,PIEFL,1,7,,6,,,,,,RF,,,,,,,,,,,,,,,,,,,,,,,,,,,,,,,,,,,,,,,,,,,,
210,1989,32,STEPS,PIEFL,1,7,7,7,,,,,,RF,,,,,,,,,,,,,,,,,,,,,,,,,,,,,,,,,,,,,,,,,,,,
211,1989,37,STEPS,PIEFL,1,6,5,,,,,,,OU,,,,,,,,,,,,,,,,,,,,,,,,,,,,,,,,,,,,,,,,,,,,
212,1989,39,STEPS,BLUTI,1,,,9,,,9,,,RF,,,,,,,,,,,,,,,,,,,,,,,,,,,,,,,,,,,,,,,,,,,,
213,1989,42,STEPS,PIEFL,1,8,8,8,,57,,,,RF,,,,,,,,,,,,,,,,,,,,,,,,,,,,,,,,,,,,,,,,,,,,
214,1989,45,STEPS,BLUTI,2,,,,,,1,,,OU,,,,,,,,,,,,,,,,,,,,,,,,,,,,,,,,,,,,,,,,,,,,
215,1989,46,STEPS,GRETI,1,,,,,,7,,,OU,,,,,,,,,,,,,,,,,,,,,,,,,,,,,,,,,,,,,,,,,,,,
216,1990,16,STEPS,PIEFL,1,8,,6,37,,,,,NE,,,,,,,,,,,,,,,,,,,,,,,,,,,,,,,,,,,,,,,,,,,,
217,1990,21,STEPS,PIEFL,1,8,8,8,37,,,,,NE,,,,,,,,,,,,,,,,,,,,,,,,,,,,,,,,,,,,,,,,,,,,
218,1990,32,STEPS,PIEFL,1,,,7,37,,7,,,NE,,,,,,,,,,,,,,,,,,,,,,,,,,,,,,,,,,,,,,,,,,,,
219,1990,19,STEPS,BLUTI,1,,,0,39,,,,,JD,,,,,,,,,,,,,,,,,,,,,,,,,,,,,,,,,,,,,,,,,,,,
220,1990,28,STEPS,PIEFL,1,7,7,7,39,,,,,NE,,,,,,,,,,,,,,,,,,,,,,,,,,,,,,,,,,,,,,,,,,,,
221,1990,5,STEPS,PIEFL,1,7,7,7,40,,,,,NE,,,,,,,,,,,,,,,,,,,,,,,,,,,,,,,,,,,,,,,,,,,,
222,1990,9,STEPS,PIEFL,1,7,7,7,40,,,,,NE,,,,,,,,,,,,,,,,,,,,,,,,,,,,,,,,,,,,,,,,,,,,
223,1990,30,STEPS,PIEFL,1,,,5,52,,,,,RF,,,,,,,,,,,,,,,,,,,,,,,,,,,,,,,,,,,,,,,,,,,,
224,1990,14,STEPS,PIEFL,1,7,,,54,,,,,OU,,,,,,,,,,,,,,,,,,,,,,,,,,,,,,,,,,,,,,,,,,,,
225,1990,38,STEPS,PIEFL,1,4,,,63,,,,,OU,,,,,,,,,,,,,,,,,,,,,,,,,,,,,,,,,,,,,,,,,,,,
226,1990,1,STEPS,PIEFL,1,7,,,,,,,,NE,,,,,,,,,,,,,,,,,,,,,,,,,,,,,,,,,,,,,,,,,,,,
227,1990,3,STEPS,BLUTI,1,,,9,,,9,,,NE,,,,,,,,,,,,,,,,,,,,,,,,,,,,,,,,,,,,,,,,,,,,
228,1990,7,STEPS,BLUTI,1,11,11,11,,,,,,NE,,,,,,,,,,,,,,,,,,,,,,,,,,,,,,,,,,,,,,,,,,,,
229,1990,10,STEPS,BLUTI,1,,,8,,,,,,NE,,,,,,,,,,,,,,,,,,,,,,,,,,,,,,,,,,,,,,,,,,,,
230,1990,11,STEPS,BLUTI,1,,,8,,,,,,NE,,,,,,,,,,,,,,,,,,,,,,,,,,,,,,,,,,,,,,,,,,,,
231,1990,12,STEPS,PIEFL,1,,,8,,,,,,NE,,,,,,,,,,,,,,,,,,,,,,,,,,,,,,,,,,,,,,,,,,,,
232,1990,15,STEPS,BLUTI,1,,,10,,,,,,NE,,,,,,,,,,,,,,,,,,,,,,,,,,,,,,,,,,,,,,,,,,,,
233,1990,18,STEPS,PIEFL,1,7,7,7,,,,,,NE,,,,,,,,,,,,,,,,,,,,,,,,,,,,,,,,,,,,,,,,,,,,
234,1990,22,STEPS,PIEFL,1,,,4,,,5,,,NE,,,,,,,,,,,,,,,,,,,,,,,,,,,,,,,,,,,,,,,,,,,,
235,1990,24,STEPS,BLUTI,1,9,,8,,,,,,NE,,,,,,,,,,,,,,,,,,,,,,,,,,,,,,,,,,,,,,,,,,,,
236,1990,26,STEPS,BLUTI,1,,,10,,,,,1,NE,,,,,,,,,,,,,,,,,,,,,,,,,,,,,,,,,,,,,,,,,,,,
237,1990,27,STEPS,PIEFL,1,8,8,8,,,,,,NE,,,,,,,,,,,,,,,,,,,,,,,,,,,,,,,,,,,,,,,,,,,,
238,1990,34,STEPS,PIEFL,1,5,,0,,,,,,JD,,,,,,,,,,,,,,,,,,,,,,,,,,,,,,,,,,,,,,,,,,,,
239,1990,36,STEPS,BLUTI,1,,,8,,,9,,,NE,,,,,,,,,,,,,,,,,,,,,,,,,,,,,,,,,,,,,,,,,,,,
240,1990,37,STEPS,PIEFL,1,,,7,,,8,,,RF,,,,,,,,,,,,,,,,,,,,,,,,,,,,,,,,,,,,,,,,,,,,
241,1990,39,STEPS,PIEFL,1,8,,7,,,,,,NE,,,,,,,,,,,,,,,,,,,,,,,,,,,,,,,,,,,,,,,,,,,,
242,1990,40,STEPS,BLUTI,1,13,0,0,,,,,,ED,,,,,,,,,,,,,,,,,,,,,,,,,,,,,,,,,,,,,,,,,,,,
243,1990,41,STEPS,BLUTI,1,,,7,,,7,,,NE,,,,,,,,,,,,,,,,,,,,,,,,,,,,,,,,,,,,,,,,,,,,
244,1990,42,STEPS,PIEFL,2,5,5,5,,,,,,RF,,,,,,,,,,,,,,,,,,,,,,,,,,,,,,,,,,,,,,,,,,,,
245,1990,43,STEPS,PIEFL,1,7,,4,,,,,,RF,,,,,,,,,,,,,,,,,,,,,,,,,,,,,,,,,,,,,,,,,,,,
246,1991,3,STEPS,BLUTI,1,,,10,28,,,,,NE,,,,,,,,,,,,,,,,,,,,,,,,,,,,,,,,,,,,,,,,,,,,
247,1991,6,STEPS,BLUTI,1,10,,4,28,,,,1,NE,,,,,,,,,,,,,,,,,,,,,,,,,,,,,,,,,,,,,,,,,,,,
248,1991,33,STEPS,BLUTI,1,8,6,6,28,,,,2,NE,,,,,,,,,,,,,,,,,,,,,,,,,,,,,,,,,,,,,,,,,,,,
249,1991,13,STEPS,BLUTI,1,,0,0,30,,,,,ED,,,,,,,,,,,,,,,,,,,,,,,,,,,,,,,,,,,,,,,,,,,,
250,1991,8,STEPS,BLUTI,1,,,4,33,,,,5,NE,,,,,,,,,,,,,,,,,,,,,,,,,,,,,,,,,,,,,,,,,,,,
251,1991,43,STEPS,BLUTI,1,12,,2,33,,,,6,NE,,,,,,,,,,,,,,,,,,,,,,,,,,,,,,,,,,,,,,,,,,,,
252,1991,27,STEPS,PIEFL,1,6,6,5,34,,,,,NE,,,,,,,,,,,,,,,,,,,,,,,,,,,,,,,,,,,,,,,,,,,,
253,1991,29,STEPS,BLUTI,1,,,,34,,8,,,NE,,,,,,,,,,,,,,,,,,,,,,,,,,,,,,,,,,,,,,,,,,,,
254,1991,25,STEPS,BLUTI,1,9,6,6,37,,,,3,NE,,,,,,,,,,,,,,,,,,,,,,,,,,,,,,,,,,,,,,,,,,,,
255,1991,21,STEPS,BLUTI,1,8,5,5,38,,,,3,NE,,,,,,,,,,,,,,,,,,,,,,,,,,,,,,,,,,,,,,,,,,,,
256,1991,20,STEPS,PIEFL,1,7,7,7,40,,,,,NE,,,,,,,,,,,,,,,,,,,,,,,,,,,,,,,,,,,,,,,,,,,,
257,1991,45,STEPS,PIEFL,1,8,,7,40,,,,,NE,,,,,,,,,,,,,,,,,,,,,,,,,,,,,,,,,,,,,,,,,,,,
258,1991,5,STEPS,PIEFL,1,7,,6,41,,,,,NE,,,,,,,,,,,,,,,,,,,,,,,,,,,,,,,,,,,,,,,,,,,,
259,1991,11,STEPS,PIEFL,1,6,,0,41,,,,,JD,,,,,,,,,,,,,,,,,,,,,,,,,,,,,,,,,,,,,,,,,,,,
260,1991,12,STEPS,PIEFL,1,8,8,7,41,,,,,NE,,,,,,,,,,,,,,,,,,,,,,,,,,,,,,,,,,,,,,,,,,,,
261,1991,24,STEPS,PIEFL,1,7,3,3,41,,,,3,NE,,,,,,,,,,,,,,,,,,,,,,,,,,,,,,,,,,,,,,,,,,,,
262,1991,9,STEPS,PIEFL,1,,,5,43,,7,,1,NE,,,,,,,,,,,,,,,,,,,,,,,,,,,,,,,,,,,,,,,,,,,,
263,1991,16,STEPS,PIEFL,1,,,7,43,,,,,NE,,,,,,,,,,,,,,,,,,,,,,,,,,,,,,,,,,,,,,,,,,,,
264,1991,28,STEPS,PIEFL,1,7,6,6,44,,,,1,NE,,,,,,,,,,,,,,,,,,,,,,,,,,,,,,,,,,,,,,,,,,,,
265,1991,19,STEPS,PIEFL,1,7,7,7,50,,,,,NE,,,,,,,,,,,,,,,,,,,,,,,,,,,,,,,,,,,,,,,,,,,,
266,1991,32,STEPS,PIEFL,1,6,0,0,57,,6,,6,ED,,,,,,,,,,,,,,,,,,,,,,,,,,,,,,,,,,,,,,,,,,,,
267,1991,10,STEPS,BLUTI,1,,,5,,,8,,3,NE,,,,,,,,,,,,,,,,,,,,,,,,,,,,,,,,,,,,,,,,,,,,
268,1991,15,STEPS,BLUTI,1,,,4,,,,,,NE,,,,,,,,,,,,,,,,,,,,,,,,,,,,,,,,,,,,,,,,,,,,
269,1991,22,STEPS,PIEFL,1,6,,3,,,,,2,NE,,,,,,,,,,,,,,,,,,,,,,,,,,,,,,,,,,,,,,,,,,,,
270,1991,23,STEPS,PIEFL,2,,,,,,5,,,OU,,,,,,,,,,,,,,,,,,,,,,,,,,,,,,,,,,,,,,,,,,,,
271,1991,34,STEPS,GRETI,1,9,,,,,,,,OU,,,,,,,,,,,,,,,,,,,,,,,,,,,,,,,,,,,,,,,,,,,,
272,1991,37,STEPS,PIEFL,1,7,7,,,,,,,OU,,,,,,,,,,,,,,,,,,,,,,,,,,,,,,,,,,,,,,,,,,,,
273,1991,39,STEPS,BLUTI,1,11,,,,,,,,OU,,,,,,,,,,,,,,,,,,,,,,,,,,,,,,,,,,,,,,,,,,,,
274,1991,41,STEPS,BLUTI,1,,0,0,,,,,2,ED,,,,,,,,,,,,,,,,,,,,,,,,,,,,,,,,,,,,,,,,,,,,
275,1991,42,STEPS,PIEFL,2,,,,,,4,,,OU,,,,,,,,,,,,,,,,,,,,,,,,,,,,,,,,,,,,,,,,,,,,
276,1991,44,STEPS,GRETI,1,,,0,,,7,,,JD,,,,,,,,,,,,,,,,,,,,,,,,,,,,,,,,,,,,,,,,,,,,
277,1992,32,STEPS,BLUTI,1,11,,10,24,,,,,NE,,,,,,,,,,,,,,,,,,,,,,,,,,,,,,,,,,,,,,,,,,,,
278,1992,21,STEPS,BLUTI,1,10,,7,25,,,,,OU,,,,,,,,,,,,,,,,,,,,,,,,,,,,,,,,,,,,,,,,,,,,
279,1992,13,STEPS,BLUTI,1,11,11,11,26,,,,,NE,,,,,,,,,,,,,,,,,,,,,,,,,,,,,,,,,,,,,,,,,,,,
280,1992,8,STEPS,BLUTI,1,11,,10,27,,,,,NE,,,,,,,,,,,,,,,,,,,,,,,,,,,,,,,,,,,,,,,,,,,,
281,1992,39,STEPS,BLUTI,1,,,,27,,11,,,OU,,,,,,,,,,,,,,,,,,,,,,,,,,,,,,,,,,,,,,,,,,,,
282,1992,45,STEPS,BLUTI,1,,,,27,,13,,,OU,,,,,,,,,,,,,,,,,,,,,,,,,,,,,,,,,,,,,,,,,,,,
283,1992,23,STEPS,BLUTI,1,6,,,28,,,,,OU,,,,,,,,,,,,,,,,,,,,,,,,,,,,,,,,,,,,,,,,,,,,
284,1992,1,STEPS,BLUTI,1,9,9,9,29,,,,,NE,,,,,,,,,,,,,,,,,,,,,,,,,,,,,,,,,,,,,,,,,,,,
285,1992,3,STEPS,GRETI,1,6,,0,31,,,,,JD,,,,,,,,,,,,,,,,,,,,,,,,,,,,,,,,,,,,,,,,,,,,
286,1992,5,STEPS,PIEFL,1,7,,6,36,,,,,NE,,,,,,,,,,,02/06/1992,H462743,H462744,H462745,H462746,H462747,H462748,,,,,,,,,,,,,,,,,,,,,,,,,,,
287,1992,20,STEPS,PIEFL,1,7,,6,36,,,,,NE,,,,,,,,,,,02/06/1992,H462756,H462757,H462758,H462759,H462760,H462761,,,,,,,,,,,,,,,,,,,,,,,,,,,
288,1992,31,STEPS,PIEFL,1,7,7,7,37,,,,,NE,,,,,,,,,,,02/06/1992,H462769,H462770,H462771,H462772,H462773,H462774,H462775,,,,,,,,,,,,,,,,,,,,,,,,,,
289,1992,15,STEPS,PIEFL,1,7,7,7,38,,,,,NE,,,,,,,,,,,02/06/1992,H462749,H462750,H462751,H462752,H462753,H462754,H462755,,,,,,,,,,,,,,,,,,,,,,,,,,
290,1992,26,STEPS,PIEFL,1,7,7,7,38,,,,,NE,,,,,,,,,,,02/06/1992,H462762,H462763,H462764,H462765,H462766,H462767,H462768,,,,,,,,,,,,,,,,,,,,,,,,,,
291,1992,33,STEPS,PIEFL,1,,,7,38,,,,,NE,,,,,,,,,,,,,,,,,,,,,,,,,,,,,,,,,,,,,,,,,,,,
292,1992,37,STEPS,PIEFL,1,8,,6,38,,,,,NE,,,,,,,,,,,02/06/1992,H462776,H462777,H462778,H462779,H462780,H462781,,,,,,,,,,,,,,,,,,,,,,,,,,,
293,1992,12,STEPS,PIEFL,1,8,8,8,39,,,,,NE,,,,,,,,,,,11/06/1992,H821134,H821135,H821136,H821137,H821138,H821139,H821140,H821141,,,,,,,,,,,,,,,,,,,,,,,,,
294,1992,17,STEPS,PIEFL,1,6,,5,39,,,,,NE,,,,,,,,,,,11/06/1992,H821142,H821143,,,,,,,,,,,,,,,,,,,,,,,,,,,,,,,
295,1992,22,STEPS,PIEFL,1,7,7,7,39,,,,,NE,,,,,,,,,,,11/06/1992,H821150,H821151,H821152,H821153,H821154,H821155,H821156,,,,,,,,,,,,,,,,,,,,,,,,,,
296,1992,38,STEPS,PIEFL,1,7,7,7,39,,,,,NE,,,,,,,,,,,11/06/1992,H821157,H821158,H821159,H821160,H821161,H821162,H821163,,,,,,,,,,,,,,,,,,,,,,,,,,
297,1992,42,STEPS,PIEFL,1,7,7,7,39,,,,,NE,,,,,,,,,,,11/06/1992,H821120,H821121,H821122,H821123,H821124,H821125,H821126,,,,,,,,,,,,,,,,,,,,,,,,,,
298,1992,14,STEPS,BLUTI,1,7,,,40,,,,,OU,,,,,,,,,,,,,,,,,,,,,,,,,,,,,,,,,,,,,,,,,,,,
299,1992,18,STEPS,PIEFL,1,7,,6,40,,,,,NE,,,,,,,,,,,11/06/1992,H821144,H821145,H821146,H821147,H821148,H821149,,,,,,,,,,,,,,,,,,,,,,,,,,,
300,1992,9,STEPS,PIEFL,1,7,7,7,,,,,,NE,,,,,,,,,,,11/06/1992,H821127,H821128,H821129,H821130,H821131,H821132,H821133,,,,,,,,,,,,,,,,,,,,,,,,,,
301,1992,10,STEPS,BLUTI,1,10,0,0,,,,,11,ED,,,,,,,,,,,,,,,,,,,,,,,,,,,,,,,,,,,,,,,,,,,,
302,1992,16,STEPS,BLUTI,1,10,,9,,,,,,NE,,,,,,,,,,,,,,,,,,,,,,,,,,,,,,,,,,,,,,,,,,,,
303,1992,30,STEPS,BLUTI,1,9,9,8,,,,,,NE,,,,,,,,,,,,,,,,,,,,,,,,,,,,,,,,,,,,,,,,,,,,
304,1992,34,STEPS,BLUTI,1,13,,,,,,,,OU,,,,,,,,,,,,,,,,,,,,,,,,,,,,,,,,,,,,,,,,,,,,
305,1992,43,STEPS,GRETI,1,,,,,,8,,,OU,,,,,,,,,,,,,,,,,,,,,,,,,,,,,,,,,,,,,,,,,,,,
306,1993,28,STEPS,BLUTI,1,8,6,6,15,,,,2,NE,,,,,,,,,,,,,,,,,,,,,,,,,,,,,,,,,,,,,,,,,,,,
307,1993,22,STEPS,BLUTI,1,10,,9,19,,,,,NE,,,,,,,,,,,,,,,,,,,,,,,,,,,,,,,,,,,,,,,,,,,,
308,1993,26,STEPS,BLUTI,1,9,0,0,19,,,,9,ED,,,,,,,,,,,,,,,,,,,,,,,,,,,,,,,,,,,,,,,,,,,,
309,1993,13,STEPS,BLUTI,1,13,,12,20,,,,,NE,,,,,,,,,,,,,,,,,,,,,,,,,,,,,,,,,,,,,,,,,,,,
310,1993,18,STEPS,BLUTI,1,9,,1,21,,,,,NE,,,,,,,,,,,,,,,,,,,,,,,,,,,,,,,,,,,,,,,,,,,,
311,1993,31,STEPS,BLUTI,1,10,,9,21,,,,,NE,,,,,,,,,,,,,,,,,,,,,,,,,,,,,,,,,,,,,,,,,,,,
312,1993,45,STEPS,BLUTI,1,13,13,13,21,,,,,NE,,,,,,,,,,,,,,,,,,,,,,,,,,,,,,,,,,,,,,,,,,,,
313,1993,5,STEPS,BLUTI,1,11,,10,22,,,,,NE,,,,,,,,,,,,,,,,,,,,,,,,,,,,,,,,,,,,,,,,,,,,
314,1993,7,STEPS,BLUTI,1,11,,10,22,,,,,NE,,,,,,,,,,,,,,,,,,,,,,,,,,,,,,,,,,,,,,,,,,,,
315,1993,39,STEPS,BLUTI,1,,,4,22,,,,,NE,,,,,,,,,,,,,,,,,,,,,,,,,,,,,,,,,,,,,,,,,,,,
316,1993,40,STEPS,GRETI,1,7,7,7,22,,,,,NE,,,,,,,,,,,,,,,,,,,,,,,,,,,,,,,,,,,,,,,,,,,,
317,1993,42,STEPS,BLUTI,1,12,,10,22,,,,,NE,,,,,,,,,,,,,,,,,,,,,,,,,,,,,,,,,,,,,,,,,,,,
318,1993,2,STEPS,BLUTI,1,11,11,11,23,,,,,NE,,,,,,,,,,,,,,,,,,,,,,,,,,,,,,,,,,,,,,,,,,,,
319,1993,14,STEPS,BLUTI,1,10,10,9,23,,,,,NE,,,,,,,,,,,,,,,,,,,,,,,,,,,,,,,,,,,,,,,,,,,,
320,1993,19,STEPS,BLUTI,1,10,,6,24,,,,,NE,,,,,,,,,,,,,,,,,,,,,,,,,,,,,,,,,,,,,,,,,,,,
321,1993,4,STEPS,BLUTI,1,10,,9,25,,,,,NE,,,,,,,,,,,,,,,,,,,,,,,,,,,,,,,,,,,,,,,,,,,,
322,1993,34,STEPS,BLUTI,1,10,,8,29,,,,,NE,,,,,,,,,,,,,,,,,,,,,,,,,,,,,,,,,,,,,,,,,,,,
323,1993,21,STEPS,PIEFL,1,8,7,7,32,,,,1,NE,,,,,,,29/05/1993,,,,04/06/1993,H862356,H862357,H862358,H862359,H862360,H862361,H862362,,,,,,,,,,,,,,,,,,,,,,,,,,
324,1993,25,STEPS,PIEFL,1,7,7,7,32,,,,,NE,,,,,,,08/05/1993,,,,,,,,,,,,,,,,,,,,,,,,,,,,,,,,,,,,,
325,1993,43,STEPS,PIEFL,1,8,8,8,32,,,,,NE,,,,,,,23/05/1993,,,,04/06/1993,H862329,H862330,H862331,H862332,H862333,H862334,H862335,H862336,,,,,,,,,,,,,,,,,,,,,,,,,
326,1993,9,STEPS,PIEFL,1,7,,6,34,,,,,NE,,,,,,,08/05/1993,,,,04/06/1993,H862337,H862338,H862339,H862340,H862341,H862342,,,,,,,,,,,,,,,,,,,,,,,,,,,
327,1993,11,STEPS,PIEFL,1,7,,6,35,,,,,NE,,,,,,,23/06/1993,,,,04/06/1993,H862343,H862344,H862345,H862346,H862347,H862348,,,,,,,,,,,,,,,,,,,,,,,,,,,
328,1993,41,STEPS,PIEFL,1,5,5,5,35,53,,,,NE,,,,,,,08/05/1993,,,,04/06/1993,H862324,H862325,H862326,H862327,H862328,,,,,,,,,,,,,,,,,,,,,,,,,,,,
329,1993,15,STEPS,PIEFL,1,7,7,7,36,,,,,NE,,,,,,,08/05/1993,,,,04/06/1993,H862349,H862350,H862351,H862352,H862353,H862354,H862355,,,,,,,,,,,,,,,,,,,,,,,,,,
330,1993,29,STEPS,PIEFL,1,7,5,5,36,,,,2,NE,,,,,,,15/05/1993,,,,04/06/1993,H862369,H862370,H862371,H862372,H862373,,,,,,,,,,,,,,,,,,,,,,,,,,,,
331,1993,12,STEPS,PIEFL,1,8,8,8,38,,,,,NE,,,,,,H462998,23/05/1993,05/02/1992,I,1,07/06/1993,H862383,H862384,H862385,H862386,H862387,H862388,H862389,H862390,,,,,,,,,,,,,,,,,,,,,,,,,
332,1993,17,STEPS,PIEFL,1,7,7,7,38,,,,,NE,,,,,,,,,,,07/06/1993,H862391,H862392,H862393,H862394,H862395,H862396,H862397,,,,,,,,,,,,,,,,,,,,,,,,,,
333,1993,20,STEPS,PIEFL,1,8,7,6,38,,,,,NE,,,,,,E445406,08/05/1993,10/06/1988,I,5,07/06/1993,H862398,H862399,H862400,H862401,H862402,H862403,,,,,,,,,,,,,,,,,,,,,,,,,,,
334,1993,32,STEPS,PIEFL,1,7,,4,40,,,,,NE,,,,,,,23/05/1993,,,,07/06/1993,H862405,H862406,H862407,H862408,,,,,,,,,,,,,,,,,,,,,,,,,,,,,
335,1993,30,STEPS,PIEFL,1,7,7,7,53,,,,,NE,,,,,,H862404,23/05/1993,07/06/1993,I,1,,,,,,,,,,,,,,,,,,,,,,,,,,,,,,,,,,
336,1993,1,STEPS,PIEFL,1,12,,5,,,,,,NE,,,,,,,23/05/1993,,,,,,,,,,,,,,,,,,,,,,,,,,,,,,,,,,,,,
337,1993,3,STEPS,GRETI,1,6,5,5,,,,,1,NE,,,,,,,,,,,,,,,,,,,,,,,,,,,,,,,,,,,,,,,,,,,,
338,1993,16,STEPS,BLUTI,1,,0,0,,,,,1,ED,,,,,,,,,,,,,,,,,,,,,,,,,,,,,,,,,,,,,,,,,,,,
339,1993,24,STEPS,PIEFL,1,6,6,6,,,,,,NE,,,,,,H774413,15/05/1993,08/06/1992,I,1,04/06/1993,H862363,H862364,H862365,H862366,H862367,H862368,,,,,,,,,,,,,,,,,,,,,,,,,,,
340,1993,27,STEPS,PIEFL,2,5,,,,,,,1,OU,,,,,,,,,,,,,,,,,,,,,,,,,,,,,,,,,,,,,,,,,,,,
341,1993,38,STEPS,PIEFL,1,7,,6,,,,,,NE,,,,,,,23/05/1993,,,,07/06/1993,H862409,H862410,H862411,H862412,H862413,H862414,,,,,,,,,,,,,,,,,,,,,,,,,,,
342,1994,3,STEPS,BLUTI,1,11,,9,19,,,,,NE,,,,,,,,,,,,,,,,,,,,,,,,,,,,,,,,,,,,,,,,,,,,
343,1994,13,STEPS,BLUTI,1,10,,7,19,,,,,NE,,,,,,,,,,,,,,,,,,,,,,,,,,,,,,,,,,,,,,,,,,,,
344,1994,41,STEPS,GRETI,1,,,5,19,,6,,1,NE,,,,,,,,,,,,,,,,,,,,,,,,,,,,,,,,,,,,,,,,,,,,
345,1994,43,STEPS,GRETI,1,,,6,19,,,,,NE,,,,,,,,,,,,,,,,,,,,,,,,,,,,,,,,,,,,,,,,,,,,
346,1994,42,STEPS,BLUTI,1,11,11,0,22,,,,,JD,,,,,,,,,,,,,,,,,,,,,,,,,,,,,,,,,,,,,,,,,,,,
347,1994,24,STEPS,BLUTI,1,,,7,26,,,,,NE,,,,,,,,,,,,,,,,,,,,,,,,,,,,,,,,,,,,,,,,,,,,
348,1994,7,STEPS,BLUTI,1,10,,8,27,,,,,NE,,,,,,,,,,,,,,,,,,,,,,,,,,,,,,,,,,,,,,,,,,,,
349,1994,16,STEPS,BLUTI,1,9,9,9,27,,,,,NE,,,,,,,,,,,,,,,,,,,,,,,,,,,,,,,,,,,,,,,,,,,,
350,1994,20,STEPS,BLUTI,1,9,,7,27,,,,,NE,,,,,,,,,,,,,,,,,,,,,,,,,,,,,,,,,,,,,,,,,,,,
351,1994,26,STEPS,BLUTI,1,9,8,8,27,,,,1,NE,,,,,,,,,,,,,,,,,,,,,,,,,,,,,,,,,,,,,,,,,,,,
352,1994,28,STEPS,BLUTI,1,,0,0,27,,5,,5,ED,,,,,,,,,,,,,,,,,,,,,,,,,,,,,,,,,,,,,,,,,,,,
353,1994,39,STEPS,BLUTI,1,,,7,29,,10,,,NE,,,,,,,,,,,,,,,,,,,,,,,,,,,,,,,,,,,,,,,,,,,,
354,1994,25,STEPS,BLUTI,1,,0,0,30,,3,,,ED,,,,,,,,,,,,,,,,,,,,,,,,,,,,,,,,,,,,,,,,,,,,
355,1994,29,STEPS,BLUTI,1,,,7,35,,,,,NE,,,,,,,,,,,,,,,,,,,,,,,,,,,,,,,,,,,,,,,,,,,,
356,1994,45,STEPS,PIEFL,1,7,,6,35,,,,,NE,,,,,,H821137,19/05/1994,11/07/1992,R,2,02/06/1994,J314075,J314076,J314077,J314078,J314079,J314080,,,,,,,,,,,,,,,,,,,,,,,,,,,
357,1994,40,STEPS,PIEFL,1,7,7,7,36,,,,,NE,,,,,,,15/05/1994,,,,29/05/1994,J314068,J314069,J314070,J314071,J314072,J314073,J314074,,,,,,,,,,,,,,,,,,,,,,,,,,
358,1994,15,STEPS,PIEFL,1,7,7,7,37,,,,,NE,,,,,,,15/05/1994,,,,06/06/1994,J314190,J314191,J314192,J314193,J314194,J314195,J314196,,,,,,,,,,,,,,,,,,,,,,,,,,
359,1994,21,STEPS,PIEFL,1,7,,6,37,,,,,NE,,,,,,H821158,19/05/1994,11/07/1992,R,2,06/06/1994,J314197,J314198,J314199,J314200,J314201,J314202,,,,,,,,,,,,,,,,,,,,,,,,,,,
360,1994,17,STEPS,PIEFL,1,7,0,0,40,,,,,EP,,,,,,,19/05/1994,,,,,,,,,,,,,,,,,,,,,,,,,,,,,,,,,,,,,
361,1994,22,STEPS,PIEFL,1,7,7,7,41,,,,,NE,,,,,,,29/05/1994,,,,10/06/1994,J314409,J314410,J314411,J314412,J314413,J314414,J314415,,,,,,,,,,,,,,,,,,,,,,,,,,
362,1994,38,STEPS,PIEFL,1,7,7,7,41,,,,,NE,,,,,,,,,,,06/06/1994,J314210,J314211,J314212,J314213,J314214,J314215,J314216,,,,,,,,,,,,,,,,,,,,,,,,,,
363,1994,27,STEPS,PIEFL,1,7,7,7,42,,,,,NE,,,,,,,19/05/1994,,,,10/06/1994,J314402,J314403,J314404,J314405,J314406,J314407,J314408,,,,,,,,,,,,,,,,,,,,,,,,,,
364,1994,18,STEPS,PIEFL,1,5,5,5,46,,,,,NE,,,,,,,19/05/1994,,,,10/06/1994,J314416,J314417,J314418,J314419,J314420,,,,,,,,,,,,,,,,,,,,,,,,,,,,
365,1994,8,STEPS,PIEFL,1,6,6,6,48,,,,,NE,,,,,,,,,,,17/06/1994,J314532,J314533,J314534,J314535,J314536,J314537,,,,,,,,,,,,,,,,,,,,,,,,,,,
366,1994,4,STEPS,PIEFL,1,6,6,6,51,,,,,NE,,,,,,,29/05/1994,,,,,,,,,,,,,,,,,,,,,,,,,,,,,,,,,,,,,
367,1994,1,STEPS,PIEFL,1,7,7,6,,,,,,NE,,,,,,,15/05/1994,,,,06/06/1994,J314172,J314173,J314174,J314175,J314176,J314177,,,,,,,,,,,,,,,,,,,,,,,,,,,
368,1994,2,STEPS,BLUTI,1,,0,0,,,8,,6,ED,,,,,,,,,,,,,,,,,,,,,,,,,,,,,,,,,,,,,,,,,,,,
369,1994,5,STEPS,BLUTI,1,10,10,8,,,,,,NE,,,,,,,,,,,,,,,,,,,,,,,,,,,,,,,,,,,,,,,,,,,,
370,1994,9,STEPS,PIEFL,1,7,7,7,,,,,,NE,,,,,,,,,,,06/06/1994,J314178,J314179,J314180,J314181,J314182,J314183,J314184,,,,,,,,,,,,,,,,,,,,,,,,,,
371,1994,10,STEPS,BLUTI,1,,,9,,,,,,NE,,,,,,,,,,,,,,,,,,,,,,,,,,,,,,,,,,,,,,,,,,,,
372,1994,11,STEPS,BLUTI,1,,,6,,,,,,NE,,,,,,,,,,,,,,,,,,,,,,,,,,,,,,,,,,,,,,,,,,,,
373,1994,12,STEPS,PIEFL,1,7,,5,,,,,,NE,,,,,,,15/05/1994,,,,06/06/1994,J314185,J314186,J314187,J314188,J314189,,,,,,,,,,,,,,,,,,,,,,,,,,,,
374,1994,14,STEPS,BLUTI,1,,,7,,,,,,NE,,,,,,,,,,,,,,,,,,,,,,,,,,,,,,,,,,,,,,,,,,,,
375,1994,16,STEPS,PIEFL,2,4,4,4,,,,,,NE,,,,,,H821143,01/07/1994,11/07/1992,R,2,01/07/1994,J314565,J314566,J314567,J314568,,,,,,,,,,,,,,,,,,,,,,,,,,,,,
376,1994,18,STEPS,MARTI,1,,0,0,,,4,,,EU,,,,,,,,,,,,,,,,,,,,,,,,,,,,,,,,,,,,,,,,,,,,
377,1994,28,STEPS,PIEFL,1,6,6,6,,,,,,NE,,,,,,,06/06/1994,,,,07/06/1994,J314526,J314527,J314528,J314529,J314530,J314531,,,,,,,,,,,,,,,,,,,,,,,,,,,
378,1994,31,STEPS,PIEFL,1,5,,5,,,5,,,NE,,,,,,,,,,,01/07/1994,J314560,J314561,J314562,J314563,J314564,,,,,,,,,,,,,,,,,,,,,,,,,,,,
379,1994,33,STEPS,PIEFL,1,,,2,,,6,,,OU,,,,,,,,,,,18/06/1994,J314558,J314559,,,,,,,,,,,,,,,,,,,,,,,,,,,,,,,
380,1994,34,STEPS,PIEFL,1,7,7,7,,,,,,NE,,,,,,,15/05/1994,,,,06/06/1994,J314203,J314204,J314205,J314206,J314207,J314208,J314209,,,,,,,,,,,,,,,,,,,,,,,,,,
381,1995,2,STEPS,BLUTI,1,10,,9,28,,,,,NE,,,,,,,,,,,,,,,,,,,,,,,,,,,,,,,,,,,,,,,,,,,,
382,1995,24,STEPS,BLUTI,1,,,8,29,49,,,,NE,,,,,,,,,,,,,,,,,,,,,,,,,,,,,,,,,,,,,,,,,,,,
383,1995,12,STEPS,PIEFL,1,,,6,32,,,,,NE,,,,,,H462952,12/05/1995,06/05/1992,I,3,31/05/1995,F400666,F400667,F400668,F400669,F400670,F400671,,,,,,,,,,,,,,,,,,,,,,,,,,,
384,1995,15,STEPS,PIEFL,1,7,5,5,34,,,,,NE,,,,,,,06/05/1995,,,,03/06/1995,F400692,F400693,F400694,F400695,F400696,,,,,,,,,,,,,,,,,,,,,,,,,,,,
385,1995,34,STEPS,PIEFL,1,7,,6,34,,,,,NE,,,,,,,19/05/1995,,,,03/06/1995,F400698,F400699,F400700,F400701,F400702,F400703,,,,,,,,,,,,,,,,,,,,,,,,,,,
386,1995,14,STEPS,BLUTI,1,,,7,35,,7,,,NE,,,,,,,,,,,,,,,,,,,,,,,,,,,,,,,,,,,,,,,,,,,,
387,1995,20,STEPS,BLUTI,1,,,4,36,,,,,NE,,,,,,,,,,,,,,,,,,,,,,,,,,,,,,,,,,,,,,,,,,,,
388,1995,21,STEPS,PIEFL,1,7,,4,36,,,,,NE,,,,,,,19/05/1995,,,,08/06/1995,F400734,F400735,F400736,F400737,,,,,,,,,,,,,,,,,,,,,,,,,,,,,
389,1995,41,STEPS,PIEFL,1,7,7,7,36,,,,,NE,,,,,,H821137,26/05/1995,11/06/1992,S,3,03/06/1995,F400678,F400679,F400680,F400681,F400682,F400683,F400684,,,,,,,,,,,,,,,,,,,,,,,,,,
390,1995,43,STEPS,PIEFL,1,7,7,7,36,,,,,NE,,,,,,,19/05/1995,,,,03/06/1995,F400685,F400686,F400687,F400688,F400689,F400690,F400691,,,,,,,,,,,,,,,,,,,,,,,,,,
391,1995,28,STEPS,PIEFL,1,8,8,8,37,,,,,NE,,,,,,,26/05/1995,,,,08/06/1995,F400745,F400746,F400747,F400748,F400749,F400750,F400751,F400752,,,,,,,,,,,,,,,,,,,,,,,,,
392,1995,18,STEPS,PIEFL,1,8,7,7,38,,,,,NE,,,,,,H862070,09/05/1995,02/06/1993,I,2,08/06/1995,F400727,F400728,F400729,F400730,F400731,F400732,F400733,,,,,,,,,,,,,,,,,,,,,,,,,,
393,1995,19,STEPS,BLUTI,1,8,8,8,38,,,,,NE,,,,,,,,,,,,,,,,,,,,,,,,,,,,,,,,,,,,,,,,,,,,
394,1995,8,STEPS,PIEFL,1,7,7,7,39,,,,,NE,,,,,,,19/05/1995,,,,08/06/1995,F400712,F400713,F400714,F400715,F400716,F400717,F400718,,,,,,,,,,,,,,,,,,,,,,,,,,
395,1995,11,STEPS,PIEFL,1,7,7,7,40,,,,,NE,,,,,,,,,,,08/06/1995,F400719,F400720,F400721,F400722,F400723,F400724,F400725,,,,,,,,,,,,,,,,,,,,,,,,,,
396,1995,27,STEPS,PIEFL,1,6,0,0,40,,,,,ED,,,,,,,,,,,,,,,,,,,,,,,,,,,,,,,,,,,,,,,,,,,,
397,1995,3,STEPS,PIEFL,1,8,8,8,42,,,,,NE,,,,,,,,,,,08/06/1995,F400704,F400705,F400706,F400707,F400708,F400709,F400710,F400711,,,,,,,,,,,,,,,,,,,,,,,,,
398,1995,22,STEPS,PIEFL,1,7,7,7,42,,,,,NE,,,,,,F400697,19/05/1995,03/06/1995,I,1,08/06/1995,F400738,F400739,F400740,F400741,F400742,F400743,F400744,,,,,,,,,,,,,,,,,,,,,,,,,,
399,1995,29,STEPS,PIEFL,1,6,5,4,45,,,,1,NE,,,,,,,,,,,11/06/1995,H400753,H400754,H400755,H400756,,,,,,,,,,,,,,,,,,,,,,,,,,,,,
400,1995,17,STEPS,PIEFL,1,7,0,0,46,,,,,ED,,,,,,F400726,19/05/1995,08/06/1995,I,1,,,,,,,,,,,,,,,,,,,,,,,,,,,,,,,,,,
401,1995,35,STEPS,PIEFL,1,7,6,6,46,,,,,NE,,,,,,,,,,,11/06/1995,F400758,F400759,F400760,F400761,F400762,F400763,,,,,,,,,,,,,,,,,,,,,,,,,,,
402,1995,39,STEPS,PIEFL,1,5,0,0,55,,,,,EP,,,,,,,,,,,,,,,,,,,,,,,,,,,,,,,,,,,,,,,,,,,,
403,1995,26,STEPS,PIEFL,2,5,5,4,66,,,,,NE,,,,,,,,,,,01/07/1995,F400773,F400774,F400775,F400776,,,,,,,,,,,,,,,,,,,,,,,,,,,,,
404,1995,30,STEPS,PIEFL,1,5,5,5,66,,,,,NE,,,,,,F400757,11/06/1995,11/06/1995,I,1,01/07/1995,F400768,F400769,F400770,F400771,F400772,,,,,,,,,,,,,,,,,,,,,,,,,,,,
405,1995,9,STEPS,BLUTI,1,,,8,,,10,,2,NE,,,,,,,,,,,,,,,,,,,,,,,,,,,,,,,,,,,,,,,,,,,,
406,1995,10,STEPS,BLUTI,1,11,,10,,,,,,NE,,,,,,,,,,,,,,,,,,,,,,,,,,,,,,,,,,,,,,,,,,,,
407,1995,16,STEPS,BLUTI,1,,,6,,49,9,,,NE,,,,,,,,,,,,,,,,,,,,,,,,,,,,,,,,,,,,,,,,,,,,
408,1995,31,STEPS,BLUTI,1,,,9,,49,,,,NE,,,,,,,,,,,,,,,,,,,,,,,,,,,,,,,,,,,,,,,,,,,,
409,1995,32,STEPS,BLUTI,1,,,8,,,,,,NE,,,,,,,,,,,,,,,,,,,,,,,,,,,,,,,,,,,,,,,,,,,,
410,1995,37,STEPS,BLUTI,1,12,,10,,,,,,NE,,,,,,,,,,,,,,,,,,,,,,,,,,,,,,,,,,,,,,,,,,,,
411,1995,40,STEPS,BLUTI,1,,,5,,,,,,NE,,,,,,,,,,,,,,,,,,,,,,,,,,,,,,,,,,,,,,,,,,,,
412,1995,45,STEPS,BLUTI,1,,,6,,,,,,NE,,,,,,,,,,,,,,,,,,,,,,,,,,,,,,,,,,,,,,,,,,,,
413,1996,43,STEPS,GRETI,1,8,,0,24,,,,,JD,,,,,,,,,,,,,,,,,,,,,,,,,,,,,,,,,,,,,,,,,,,,
414,1996,29,STEPS,BLUTI,1,8,0,0,26,,,,5,ED,,,,,,,,,,,,,,,,,,,,,,,,,,,,,,,,,,,,,,,,,,,,
415,1996,2,STEPS,BLUTI,1,10,,3,30,,,,1,NE,,,,,,,,,,,,,,,,,,,,,,,,,,,,,,,,,,,,,,,,,,,,
416,1996,32,STEPS,BLUTI,1,8,,3,30,,,,4,NE,,,,,,,,,,,,,,,,,,,,,,,,,,,,,,,,,,,,,,,,,,,,
417,1996,12,STEPS,BLUTI,1,10,,,31,,,,,OU,,,,,,,,,,,,,,,,,,,,,,,,,,,,,,,,,,,,,,,,,,,,
418,1996,26,STEPS,BLUTI,1,8,,7,33,,,,,NE,,,,,,,,,,,,,,,,,,,,,,,,,,,,,,,,,,,,,,,,,,,,
419,1996,22,STEPS,BLUTI,1,,,6,34,,8,,2,NE,,,,,,,,,,,,,,,,,,,,,,,,,,,,,,,,,,,,,,,,,,,,
420,1996,39,STEPS,BLUTI,1,11,11,11,38,,,,,NE,,,,,,,,,,,,,,,,,,,,,,,,,,,,,,,,,,,,,,,,,,,,
421,1996,4,STEPS,BLUTI,1,10,10,10,39,,,,,NE,,,,,,,,,,,,,,,,,,,,,,,,,,,,,,,,,,,,,,,,,,,,
422,1996,18,STEPS,BLUTI,1,9,,,39,,9,,,OU,,,,,,,,,,,,,,,,,,,,,,,,,,,,,,,,,,,,,,,,,,,,
423,1996,20,STEPS,PIEFL,1,7,7,7,40,,,,,NE,,,,,,K574210,31/05/1996,31/05/1996,I,1,13/06/1996,K574231,K574232,K574233,K574234,K574235,K574236,K574237,,,,,,,,,,,,,,,,,,,,,,,,,,
424,1996,30,STEPS,GRETI,1,,,7,40,,,,,NE,,,,,,,,,,,,,,,,,,,,,,,,,,,,,,,,,,,,,,,,,,,,
425,1996,3,STEPS,PIEFL,1,7,7,7,41,,,,,NE,,,,,,K574208,31/05/1996,31/05/1996,I,1,09/06/1996,K574214,K574215,K574216,K574217,K574218,K574219,K574220,,,,,,,,,,,,,,,,,,,,,,,,,,
426,1996,11,STEPS,PIEFL,1,6,,,41,,,,,OU,,,,,,K574204,25/05/1996,25/05/1996,I,1,09/06/1996,K574226,K574227,K574228,K574229,K574230,,,,,,,,,,,,,,,,,,,,,,,,,,,,
427,1996,10,STEPS,PIEFL,1,,,0,42,,,,,JD,,,,,,K574202,15/05/1996,15/05/1996,I,1,,,,,,,,,,,,,,,,,,,,,,,,,,,,,,,,,,
428,1996,13,STEPS,PIEFL,1,6,6,,43,,,,,OU,,,,,,K574201,15/05/1996,15/05/1996,I,1,09/06/1996,K574221,K574222,K574223,K574224,K574225,,,,,,,,,,,,,,,,,,,,,,,,,,,,
429,1996,17,STEPS,PIEFL,1,8,,,43,,,,,OU,,,,,,H862070,31/05/1996,02/06/1993,S,5,13/06/1996,K574252,K574253,K574254,K574255,K574256,K574257,K574258,K574259,,,,,,,,,,,,,,,,,,,,,,,,,
430,1996,41,STEPS,PIEFL,1,6,6,6,43,,,,,NE,,,,,,,,,,,13/06/1996,K574246,K574247,K574248,K574249,K574250,K574251,,,,,,,,,,,,,,,,,,,,,,,,,,,
431,1996,27,STEPS,PIEFL,1,6,6,6,44,,,,,NE,,,,,,K574206,25/05/1996,25/05/1996,I,1,13/06/1996,K574260,K574261,K574262,K574263,K574264,K574265,,,,,,,,,,,,,,,,,,,,,,,,,,,
432,1996,33,STEPS,PIEFL,1,8,,5,44,,,,,NE,,,,,,K574207,25/05/1996,25/05/1996,I,1,13/06/1996,K574266,K574267,K574268,K574269,K574270,,,,,,,,,,,,,,,,,,,,,,,,,,,,
433,1996,7,STEPS,BLUTI,1,8,8,8,45,,,,,NE,,,,,,,,,,,,,,,,,,,,,,,,,,,,,,,,,,,,,,,,,,,,
434,1996,9,STEPS,PIEFL,1,5,5,5,45,,,,,NE,,,,,,K574209,31/05/1996,31/05/1996,I,1,21/06/1996,K574307,K574308,K574309,K574310,K574311,,,,,,,,,,,,,,,,,,,,,,,,,,,,
435,1996,24,STEPS,PIEFL,1,9,9,,50,,,,,OU,,,,,,K574205,25/05/1996,25/05/1996,I,1,18/06/1995,K574292,K574293,K574294,K574295,K574296,K574297,K574298,K574299,K574300,,,,,,,,,,,,,,,,,,,,,,,,
436,1996,28,STEPS,PIEFL,1,7,7,7,51,70,,,,NE,,,,,,K574211,31/05/1996,31/05/1996,I,1,18/06/1996,K574285,K574286,K574287,K574288,K574289,K574290,K574291,,,,,,,,,,,,,,,,,,,,,,,,,,
437,1996,37,STEPS,PIEFL,1,7,7,7,51,70,,,,NE,,,,,,J314533,25/05/1995,17/06/1994,R,1,18/06/1996,K574272,K574273,K574274,K574275,K574276,K574277,K574278,,,,,,,,,,,,,,,,,,,,,,,,,,
438,1996,34,STEPS,PIEFL,1,7,,6,53,,,,,NE,,,,,,K574245,09/06/1996,09/06/1996,I,1,18/06/1996,K574279,K574280,K574281,K574282,K574283,K574284,,,,,,,,,,,,,,,,,,,,,,,,,,,
439,1996,1,STEPS,PIEFL,1,7,,6,,,,,,NE,,,,,,K574213,09/06/1996,09/06/1996,I,1,21/06/1996,K574301,K574302,K574303,K574304,K574305,K574306,,,,,,,,,,,,,,,,,,,,,,,,,,,
440,1996,5,STEPS,BLUTI,1,5,,3,,,,,,NE,,,,,,,,,,,,,,,,,,,,,,,,,,,,,,,,,,,,,,,,,,,,
441,1996,8,STEPS,BLUTI,1,13,,5,,,,,,NE,,,,,,,,,,,,,,,,,,,,,,,,,,,,,,,,,,,,,,,,,,,,
442,1996,14,STEPS,BLUTI,1,,,,,,3,,,OU,,,,,,,,,,,,,,,,,,,,,,,,,,,,,,,,,,,,,,,,,,,,
443,1996,15,STEPS,BLUTI,1,,,,,,6,,,OU,,,,,,,,,,,,,,,,,,,,,,,,,,,,,,,,,,,,,,,,,,,,
444,1996,16,STEPS,BLUTI,1,,,0,,,4,,,OU,,,,,,,,,,,,,,,,,,,,,,,,,,,,,,,,,,,,,,,,,,,,
445,1996,21,STEPS,PIEFL,1,6,6,6,,,,,,NE,,,,,,H821158,25/05/1996,11/06/1992,S,4,09/06/1996,K574238,K574239,K574240,K574241,K574242,K574243,,,,,,,,,,,,,,,,,,,,,,,,,,,
446,1996,31,STEPS,PIEFL,1,7,,1,,,,,5,NE,,,,,,K574212,31/05/1996,31/05/1996,I,1,09/06/1996,K574244,,,,,,,,,,,,,,,,,,,,,,,,,,,,,,,,
447,1996,35,STEPS,BLUTI,1,,0,0,,,,,,ED,,,,,,,,,,,,,,,,,,,,,,,,,,,,,,,,,,,,,,,,,,,,
448,1996,40,STEPS,GRETI,1,,0,0,,,,,5,ED,,,,,,,,,,,,,,,,,,,,,,,,,,,,,,,,,,,,,,,,,,,,
449,1996,42,STEPS,GRETI,2,,,,,,,,,OU,,,,,,,,,,,,,,,,,,,,,,,,,,,,,,,,,,,,,,,,,,,,
450,1996,44,STEPS,BLUTI,1,,,6,,,7,,,NE,,,,,,,,,,,,,,,,,,,,,,,,,,,,,,,,,,,,,,,,,,,,
451,1996,45,STEPS,PIEFL,1,7,7,7,,,,,,NE,,,,,,K574203,25/05/1996,25/05/1996,I,1,,,,,,,,,,,,,,,,,,,,,,,,,,,,,,,,,,
452,1997,8,STEPS,BLUTI,1,13,,11,16,,,,,NE,,,,,,,,,,,,,,,,,,,,,,,,,,,,,,,,,,,,,,,,,,,,
453,1997,10,STEPS,BLUTI,1,10,,4,23,,,,,NE,,,,,,,,,,,,,,,,,,,,,,,,,,,,,,,,,,,,,,,,,,,,
454,1997,32,STEPS,BLUTI,1,11,,10,26,,,,,NE,,,,,,,,,,,,,,,,,,,,,,,,,,,,,,,,,,,,,,,,,,,,
455,1997,29,STEPS,BLUTI,1,,,9,27,,,,,NE,,,,,,,,,,,,,,,,,,,,,,,,,,,,,,,,,,,,,,,,,,,,
456,1997,16,STEPS,BLUTI,1,,,10,29,,,,,NE,,,,,,,,,,,,,,,,,,,,,,,,,,,,,,,,,,,,,,,,,,,,
457,1997,22,STEPS,BLUTI,1,8,,5,29,,,,2,NE,,,,,,,,,,,,,,,,,,,,,,,,,,,,,,,,,,,,,,,,,,,,
458,1997,25,STEPS,BLUTI,1,9,6,5,30,,,,,NE,,,,,,,,,,,,,,,,,,,,,,,,,,,,,,,,,,,,,,,,,,,,
459,1997,2,STEPS,BLUTI,1,,,6,31,,,,,NE,,,,,,,,,,,,,,,,,,,,,,,,,,,,,,,,,,,,,,,,,,,,
460,1997,13,STEPS,BLUTI,1,10,10,8,31,,,,,NE,,,,,,,,,,,,,,,,,,,,,,,,,,,,,,,,,,,,,,,,,,,,
461,1997,21,STEPS,PIEFL,1,7,7,6,32,,,,,NE,,,,,,K906913,15/05/1997,15/05/1997,I,1,31/05/1997,K906919,K906920,K906921,K906922,K906923,K906924,K906925,,,,,,,,,,,,,,,,,,,,,,,,,,
462,1997,26,STEPS,PIEFL,1,7,7,7,34,,,,,NE,,,,,,K906914,15/05/1997,15/05/1997,I,1,06/06/1997,K906960,K906961,K906962,K906963,K906964,K906965,K906966,,,,,,,,,,,,,,,,,,,,,,,,,,
463,1997,34,STEPS,PIEFL,1,7,6,6,34,,,,1,NE,,,,,,K574245,25/05/1997,09/06/1996,S,2,31/05/1997,K906926,K906927,K906928,K906929,K906930,K906931,,,,,,,,,,,,,,,,,,,,,,,,,,,
464,1997,41,STEPS,PIEFL,1,7,,4,35,,,,,NE,,,,,,,,,,,31/05/1997,K906915,K906916,K906917,K906918,,,,,,,,,,,,,,,,,,,,,,,,,,,,,
465,1997,44,STEPS,PIEFL,1,,,7,38,,,,,NE,,,,,,K574208,15/05/1997,31/05/1996,S,2,06/06/1997,K906946,K906947,K906948,K906949,K906950,K906951,K906952,,,,,,,,,,,,,,,,,,,,,,,,,,
466,1997,24,STEPS,PIEFL,1,8,8,8,39,,,,,NE,,,,,,H862070,25/05/1997,02/06/1993,S,4,08/06/1997,K906983,K906984,K906985,K906986,K906987,K906988,K906989,K906990,,,,,,,,,,,,,,,,,,,,,,,,,
467,1997,33,STEPS,PIEFL,1,8,8,8,39,,,,,NE,,,,,,J314427,15/05/1997,10/06/1994,I,3,06/06/1997,K906967,K906968,K906969,K906970,K906971,K906972,K906973,K906974,,,,,,,,,,,,,,,,,,,,,,,,,
468,1997,1,STEPS,PIEFL,1,,,7,41,,7,,,NE,,,,,,,,,,,08/06/1997,K906975,K906976,K906977,K906978,K906979,K906980,K906981,K906982,,,,,,,,,,,,,,,,,,,,,,,,,
469,1997,31,STEPS,PIEFL,1,7,7,7,42,,,,,NE,,,,,,,,,,,08/06/1997,K906992,K906993,K906994,K906995,K906996,K906997,K906998,,,,,,,,,,,,,,,,,,,,,,,,,,
470,1997,28,STEPS,PIEFL,1,7,,0,59,,,,,JD,,,,,,K906991,08/06/1997,08/06/1997,I,1,,,,,,,,,,,,,,,,,,,,,,,,,,,,,,,,,,
471,1997,6,STEPS,PIEFL,1,,5,5,,,,,,NE,,,,,,,,,,,19/06/1997,N259514,N259515,N259516,N259517,N259518,,,,,,,,,,,,,,,,,,,,,,,,,,,,
472,1997,11,STEPS,PIEFL,1,6,5,3,,,,,1,NE,,,,,,,,,,,19/06/1997,N259519,N259520,N259521,,,,,,,,,,,,,,,,,,,,,,,,,,,,,,
473,1997,12,STEPS,PIEFL,1,9,9,8,,,,,,NE,,,,,,K574212,15/05/1997,31/05/1996,S,2,08/06/1997,K906938,K906939,K906940,K906941,K906942,K906943,K906944,K906945,,,,,,,,,,,,,,,,,,,,,,,,,
474,1997,15,STEPS,PIEFL,1,7,7,7,,,,,,NE,,,,,,,,,,,06/06/1997,K906953,K906954,K906955,K906956,K906957,K906958,K906959,,,,,,,,,,,,,,,,,,,,,,,,,,
475,1997,17,STEPS,PIEFL,1,6,,4,,,,,1,NE,,,,,,K574235,31/05/1997,09/06/1996,R,1,19/06/1997,N259522,N259523,N259524,N259525,,,,,,,,,,,,,,,,,,,,,,,,,,,,,
476,1997,18,STEPS,BLUTI,1,7,7,7,,,,,,NE,,,,,,,,,,,,,,,,,,,,,,,,,,,,,,,,,,,,,,,,,,,,
477,1997,38,STEPS,PIEFL,1,7,,6,,55,,,,NE,,,,,,H821158,15/05/1997,31/05/1996,S,5,31/05/1997,K906932,K906933,K906934,K906935,K906936,K906937,,,,,,,,,,,,,,,,,,,,,,,,,,,
478,1997,39,STEPS,BLUTI,1,,,8,,,,,,NE,,,,,,,,,,,,,,,,,,,,,,,,,,,,,,,,,,,,,,,,,,,,
479,1997,40,STEPS,GRETI,1,,,5,,,,,,NE,,,,,,,,,,,,,,,,,,,,,,,,,,,,,,,,,,,,,,,,,,,,
480,1997,43,STEPS,GRETI,1,,,,,,,,,NE,,,,,,,,,,,,,,,,,,,,,,,,,,,,,,,,,,,,,,,,,,,,
481,1997,45,STEPS,BLUTI,1,,,11,,,,,,NE,,,,,,,,,,,,,,,,,,,,,,,,,,,,,,,,,,,,,,,,,,,,
482,1998,2,STEPS,BLUTI,1,,,10,25,,,,,NE,,,,,,,,,,,,,,,,,,,,,,,,,,,,,,,,,,,,,,,,,,,,
483,1998,39,STEPS,BLUTI,1,,,11,25,,,,,NE,,,,,,,,,,,,,,,,,,,,,,,,,,,,,,,,,,,,,,,,,,,,
484,1998,9,STEPS,BLUTI,1,8,0,0,26,,,,,EP,,,,,,,,,,,,,,,,,,,,,,,,,,,,,,,,,,,,,,,,,,,,
485,1998,22,STEPS,BLUTI,1,10,10,10,26,,,,,NE,,,,,,,,,,,,,,,,,,,,,,,,,,,,,,,,,,,,,,,,,,,,
486,1998,40,STEPS,GRETI,1,,,8,26,,9,,,NE,,,,,,,,,,,,,,,,,,,,,,,,,,,,,,,,,,,,,,,,,,,,
487,1998,11,STEPS,BLUTI,1,,,8,27,62,,,,NE,,,,,,,,,,,,,,,,,,,,,,,,,,,,,,,,,,,,,,,,,,,,
488,1998,14,STEPS,BLUTI,1,12,12,5,27,,,,,NE,,,,,,,,,,,,,,,,,,,,,,,,,,,,,,,,,,,,,,,,,,,,
489,1998,29,STEPS,BLUTI,1,11,,10,27,,,,,NE,,,,,,,,,,,,,,,,,,,,,,,,,,,,,,,,,,,,,,,,,,,,
490,1998,42,STEPS,BLUTI,1,11,11,2,27,50,,,,NE,,,,,,,,,,,,,,,,,,,,,,,,,,,,,,,,,,,,,,,,,,,,
491,1998,20,STEPS,BLUTI,1,,,9,28,,,,,NE,,,,,,,,,,,,,,,,,,,,,,,,,,,,,,,,,,,,,,,,,,,,
492,1998,25,STEPS,BLUTI,1,8,8,8,28,,,,,NE,,,,,,,,,,,,,,,,,,,,,,,,,,,,,,,,,,,,,,,,,,,,
493,1998,38,STEPS,BLUTI,1,,,9,28,,,,,NE,,,,,,,,,,,,,,,,,,,,,,,,,,,,,,,,,,,,,,,,,,,,
494,1998,44,STEPS,BLUTI,1,8,8,5,28,,,,,NE,,,,,,,,,,,,,,,,,,,,,,,,,,,,,,,,,,,,,,,,,,,,
495,1998,32,STEPS,BLUTI,1,8,,5,29,,,,,NE,,,,,,,,,,,,,,,,,,,,,,,,,,,,,,,,,,,,,,,,,,,,
496,1998,15,STEPS,BLUTI,1,,,0,30,,,,,JP,,,,,,,,,,,,,,,,,,,,,,,,,,,,,,,,,,,,,,,,,,,,
497,1998,1,STEPS,GRETI,1,5,5,5,32,,,,,NE,,,,,,,,,,,,,,,,,,,,,,,,,,,,,,,,,,,,,,,,,,,,
498,1998,26,STEPS,BLUTI,1,9,,8,32,,,,,NE,,,,,,,,,,,,,,,,,,,,,,,,,,,,,,,,,,,,,,,,,,,,
499,1998,34,STEPS,PIEFL,1,8,,6,33,,,,,NE,,,,,,J664875,13/05/1998,10/06/1995,I,3,30/05/1998,N513653,N513654,N513655,N513656,N513657,N513658,N513659,,,,,,,,,,,,,,,,,,,,,,,,,,
500,1998,21,STEPS,BLUTI,1,8,8,8,35,55,,,,NE,,,,,,,,,,,,,,,,,,,,,,,,,,,,,,,,,,,,,,,,,,,,
501,1998,12,STEPS,PIEFL,1,8,8,8,36,,,,,NE,N513762,07/06/1998,07/06/1998,I,1,K574238,20/05/1998,09/06/1996,R,1,05/06/1998,N513680,N513681,N513682,N513683,N513684,N513685,N513686,N513687,,,,,,,,,,,,,,,,,,,,,,,,,
502,1998,33,STEPS,PIEFL,1,6,6,6,36,,,,,NE,N513771,08/06/1998,08/06/1998,I,1,N513509,13/05/1998,13/05/1998,I,1,05/06/1998,N513738,N513739,N513740,N513741,N513742,N513743,,,,,,,,,,,,,,,,,,,,,,,,,,,
503,1998,27,STEPS,BLUTI,1,7,7,7,37,,,,,NE,,,,,,,,,,,,,,,,,,,,,,,,,,,,,,,,,,,,,,,,,,,,
504,1998,28,STEPS,PIEFL,1,6,6,6,37,,,,,NE,N513731,05/06/1998,05/06/1998,I,1,N513508,13/05/1998,13/05/1998,I,1,30/05/1998,N513632,N513633,N513634,N513635,N513636,N513637,,,,,,,,,,,,,,,,,,,,,,,,,,,
505,1998,31,STEPS,PIEFL,1,7,7,6,37,,,,,NE,,,,,,K906913,20/05/1998,15/05/1998,S,2,05/06/1998,N513732,N513733,N513734,N513735,N513736,N513737,,,,,,,,,,,,,,,,,,,,,,,,,,,
506,1998,3,STEPS,PIEFL,1,8,6,3,39,,,,2,NE,F400766,07/06/1998,07/06/1995,I,3,N513575,30/05/1998,30/05/1998,I,1,07/06/1998,N513751,N513752,N513753,,,,,,,,,,,,,,,,,,,,,,,,,,,,,,
507,1998,18,STEPS,PIEFL,1,7,7,7,39,,,,,NE,N513677,01/06/1998,01/06/1998,I,1,N513510,20/05/1998,20/05/1998,I,1,05/06/1998,N513708,N513709,N513710,N513711,N513712,N513713,N513714,,,,,,,,,,,,,,,,,,,,,,,,,,
508,1998,6,STEPS,PIEFL,1,8,8,5,40,,,,,NE,N513679,05/06/1998,05/06/1998,I,1,N513597,30/05/1998,30/05/1998,I,1,07/06/1998,N513754,N513755,N513756,N513757,N513758,N513759,N513760,N513761,,,,,,,,,,,,,,,,,,,,,,,,,
509,1998,16,STEPS,PIEFL,1,,,7,40,,,,,NE,N513763,07/06/1998,07/06/1998,I,1,N513507,13/05/1998,13/05/1998,I,1,05/06/1998,N513701,N513702,N513703,N513704,N513705,N513706,N513707,,,,,,,,,,,,,,,,,,,,,,,,,,
510,1998,45,STEPS,PIEFL,1,7,7,1,40,,,,,NE,,,,,,N513506,13/05/1998,13/05/1998,I,1,07/06/1998,N513745,N513746,N513747,N513748,N513749,N513750,,,,,,,,,,,,,,,,,,,,,,,,,,,
511,1998,24,STEPS,PIEFL,1,7,0,0,41,,,,7,ED,,,,,,K574245,13/05/1998,25/05/1998,S,3,,,,,,,,,,,,,,,,,,,,,,,,,,,,,,,,,,
512,1998,37,STEPS,PIEFL,1,7,7,7,42,60,,,,NE,K574269,05/06/1998,13/06/1996,R,2,N513511,20/05/1998,20/05/1998,I,1,08/06/1998,N513772,N513773,N513774,N513775,N513776,N513777,N513778,,,,,,,,,,,,,,,,,,,,,,,,,,
513,1998,43,STEPS,GRETI,1,6,,0,52,,,,1,JD,,,,,,,,,,,,,,,,,,,,,,,,,,,,,,,,,,,,,,,,,,,,
514,1998,5,STEPS,BLUTI,1,,,11,,50,10,,,NE,,,,,,,,,,,,,,,,,,,,,,,,,,,,,,,,,,,,,,,,,,,,
515,1998,10,STEPS,BLUTI,1,,,12,,,,,,NE,,,,,,,,,,,,,,,,,,,,,,,,,,,,,,,,,,,,,,,,,,,,
516,1998,43,STEPS,GRETI,1,5,5,0,,,,,,JP,,,,,,,,,,,,,,,,,,,,,,,,,,,,,,,,,,,,,,,,,,,,
517,1999,45,STEPS,GRETI,1,8,8,8,23,,,,,NE,,,,,,,,,,,,,,,,,,,,,,,,,,,,,,,,,,,,,,,,,,,,
518,1999,11,STEPS,BLUTI,1,,,9,25,,,,,NE,,,,,,,,,,,,,,,,,,,,,,,,,,,,,,,,,,,,,,,,,,,,
519,1999,19,STEPS,BLUTI,1,,,7,29,,,,,NE,,,,,,,,,,,,,,,,,,,,,,,,,,,,,,,,,,,,,,,,,,,,
520,1999,2,STEPS,PIEFL,1,8,7,7,34,,,,1,NE,N908196,08/06/1999,08/06/1999,I,1,N908002,15/05/1999,15/05/1999,I,1,03/06/1999,N908165,N908166,N908167,N908168,N908169,N908170,N908171,,,,,,,,,,,,,,,,,,,,,,,,,,
521,1999,16,STEPS,PIEFL,1,8,8,8,34,,,,,NE,K906950,29/05/1999,06/06/1997,R,2,K906913,09/05/1999,15/05/1997,S,3,03/06/1999,N908157,N908158,N908159,N908160,N908161,N908162,N908163,N908164,,,,,,,,,,,,,,,,,,,,,,,,,
522,1999,31,STEPS,PIEFL,1,9,7,7,34,56,,,2,NE,J276430,29/05/1999,06/06/1996,I,3,N908004,20/05/1999,20/05/1999,I,1,03/06/1999,N908148,N908149,N908150,N908151,N908152,N908153,N908154,,,,,,,,,,,,,,,,,,,,,,,,,,
523,1999,33,STEPS,PIEFL,1,8,8,8,34,56,,,,NE,N908187,08/06/1999,08/06/1999,I,1,K294859,20/05/1999,04/06/1997,I,2,03/06/1999,N908140,N908141,N908142,N908143,N908144,N908145,N908146,N908147,,,,,,,,,,,,,,,,,,,,,,,,,
524,1999,37,STEPS,PIEFL,1,,7,7,36,,,,,NE,N513762,08/06/1999,07/06/1998,S,2,N313833,29/05/1999,03/06/1998,I,1,03/06/1999,N908133,N908134,N908135,N908136,N908137,N908138,N908139,,,,,,,,,,,,,,,,,,,,,,,,,,
525,1999,1,STEPS,PIEFL,1,8,8,8,37,,,,,NE,F400766,08/06/1999,30/06/1995,S,4,N513575,26/05/1999,30/05/1998,S,2,03/06/1999,N908172,N908173,N908174,N908175,N908176,N908177,N908178,N908179,,,,,,,,,,,,,,,,,,,,,,,,,
526,1999,44,STEPS,PIEFL,1,7,,6,38,,,,,NE,N513731,08/06/1999,07/06/1998,S,2,N908001,09/05/1999,09/05/1999,I,1,03/06/1999,N908180,N908181,N908182,N908183,N908184,N908185,,,,,,,,,,,,,,,,,,,,,,,,,,,
527,1999,41,STEPS,PIEFL,1,8,8,6,40,64,,,,NE,N908186,03/06/1999,03/06/1999,I,1,N908007,20/05/1999,20/05/1999,I,1,08/06/1999,N908197,N908198,N908199,N908200,N908201,N908202,N908203,N908204,,,,,,,,,,,,,,,,,,,,,,,,,
528,1999,26,STEPS,BLUTI,1,,,0,41,,6,,1,JD,,,,,,,,,,,,,,,,,,,,,,,,,,,,,,,,,,,,,,,,,,,,
529,1999,21,STEPS,PIEFL,1,8,7,7,43,,,,1,NE,N908156,03/06/1999,03/06/1999,I,1,K574214,20/05/1999,09/06/1996,R,3,08/06/1999,N908189,N908190,N908191,N908192,N908193,N908194,N908195,,,,,,,,,,,,,,,,,,,,,,,,,,
530,1999,9,STEPS,PIEFL,1,7,0,0,45,,,,7,ED,,,,,,N908043,20/05/1999,20/05/1999,I,1,,,,,,,,,,,,,,,,,,,,,,,,,,,,,,,,,,
531,1999,32,STEPS,PIEFL,1,8,,7,47,,,,,NE,N908188,08/06/1999,08/06/1999,I,1,N908092,20/05/1999,20/05/1999,I,1,15/06/1999,N908210,N908211,N908212,N908213,N908214,N908215,N908216,,,,,,,,,,,,,,,,,,,,,,,,,,
532,1999,28,STEPS,PIEFL,1,6,5,2,52,,,,,NE,,,,,,N908217,15/05/1999,15/05/1999,I,1,18/06/1999,N908218,N908219,N908220,N908221,,,,,,,,,,,,,,,,,,,,,,,,,,,,,
533,1999,24,STEPS,PIEFL,2,6,,,75,,,,,OU,,,,,,N908222,18/06/1999,15/06/1999,I,1,,,,,,,,,,,,,,,,,,,,,,,,,,,,,,,,,,
534,1999,3,STEPS,BLUTI,1,,,12,,,,,,NE,,,,,,,,,,,,,,,,,,,,,,,,,,,,,,,,,,,,,,,,,,,,
535,1999,4,STEPS,BLUTI,1,,,10,,,,,,NE,,,,,,,,,,,,,,,,,,,,,,,,,,,,,,,,,,,,,,,,,,,,
536,1999,7,STEPS,BLUTI,1,,,12,,,,,,NE,,,,,,,,,,,,,,,,,,,,,,,,,,,,,,,,,,,,,,,,,,,,
537,1999,10,STEPS,BLUTI,1,11,7,7,,,,,3,NE,,,,,,,,,,,,,,,,,,,,,,,,,,,,,,,,,,,,,,,,,,,,
538,1999,10,STEPS,BLUTI,2,,,2,,,6,,,NE,,,,,,,,,,,,,,,,,,,,,,,,,,,,,,,,,,,,,,,,,,,,
539,1999,15,STEPS,BLUTI,1,9,9,9,,50,,,,NE,,,,,,,,,,,,,,,,,,,,,,,,,,,,,,,,,,,,,,,,,,,,
540,1999,17,STEPS,BLUTI,1,12,,11,,,,,,NE,,,,,,,,,,,,,,,,,,,,,,,,,,,,,,,,,,,,,,,,,,,,
541,1999,20,STEPS,BLUTI,1,,,7,,,,,,NE,,,,,,,,,,,,,,,,,,,,,,,,,,,,,,,,,,,,,,,,,,,,
542,1999,22,STEPS,BLUTI,1,10,10,10,,,,,,NE,,,,,,,,,,,,,,,,,,,,,,,,,,,,,,,,,,,,,,,,,,,,
543,1999,25,STEPS,BLUTI,1,9,,7,,,,,,NE,,,,,,,,,,,,,,,,,,,,,,,,,,,,,,,,,,,,,,,,,,,,
544,1999,27,STEPS,BLUTI,1,8,5,5,,,,,3,NE,,,,,,,,,,,,,,,,,,,,,,,,,,,,,,,,,,,,,,,,,,,,
545,1999,30,STEPS,BLUTI,1,10,10,10,,39,,,,NE,,,,,,,,,,,,,,,,,,,,,,,,,,,,,,,,,,,,,,,,,,,,
546,1999,34,STEPS,BLUTI,1,,,9,,,,,,NE,,,,,,,,,,,,,,,,,,,,,,,,,,,,,,,,,,,,,,,,,,,,
547,1999,40,STEPS,GRETI,1,,,8,,,9,,1,NE,,,,,,,,,,,,,,,,,,,,,,,,,,,,,,,,,,,,,,,,,,,,
548,1999,43,STEPS,GRETI,1,7,6,6,,,,,1,NE,,,,,,,,,,,,,,,,,,,,,,,,,,,,,,,,,,,,,,,,,,,,
549,2000,4,STEPS,BLUTI,1,,,10,28,,,,,NE,,,,,,,,,,,,,,,,,,,,,,,,,,,,,,,,,,,,,,,,,,,,
550,2000,34,STEPS,BLUTI,1,11,,9,28,,,,,NE,,,,,,,,,,,,,,,,,,,,,,,,,,,,,,,,,,,,,,,,,,,,
551,2000,8,STEPS,PIEFL,1,8,8,8,36,,,,,NE,,,,,,K574238,20/05/2000,09/06/1996,S,3,02/06/2000,P192620,P192621,P192622,P192623,P192624,P192625,P192626,P192627,,,,,,,,,,,,,,,,,,,,,,,,,
552,2000,25,STEPS,BLUTI,1,10,6,6,36,,,,4,NE,,,,,,,,,,,,,,,,,,,,,,,,,,,,,,,,,,,,,,,,,,,,
553,2000,2,STEPS,PIEFL,1,8,8,7,37,,,,,NE,,,,,,P192548,20/05/2000,20/05/2000,I,1,,,,,,,,,,,,,,,,,,,,,,,,,,,,,,,,,,
554,2000,12,STEPS,PIEFL,1,9,9,9,37,59,,,,NE,,,,,,P192549,20/05/2000,20/05/2000,I,1,,,,,,,,,,,,,,,,,,,,,,,,,,,,,,,,,,
555,2000,29,STEPS,PIEFL,1,7,7,6,39,57,,,,NE,,,,,,N313833,20/05/2000,03/06/1998,S,2,02/06/2000,P192671,P192672,P192673,P192674,P192675,P192676,,,,,,,,,,,,,,,,,,,,,,,,,,,
556,2000,31,STEPS,PIEFL,1,7,7,7,40,,,,,NE,,,,,,P192551,20/05/2000,20/05/2000,I,1,,,,,,,,,,,,,,,,,,,,,,,,,,,,,,,,,,
557,2000,20,STEPS,PIEFL,1,8,8,8,41,,,,,NE,P192638,02/06/2000,02/06/2000,I,1,P192555,20/05/2000,20/05/2000,I,1,11/06/2000,P192710,P192711,P192712,P192713,P192714,P192715,P192716,P192717,,,,,,,,,,,,,,,,,,,,,,,,,
558,2000,22,STEPS,BLUTI,1,,,6,41,,,,,NE,,,,,,,,,,,,,,,,,,,,,,,,,,,,,,,,,,,,,,,,,,,,
559,2000,44,STEPS,PIEFL,1,6,6,6,41,,,,,NE,,,,,,P192545,12/05/2000,12/05/2000,I,1,,,,,,,,,,,,,,,,,,,,,,,,,,,,,,,,,,
560,2000,26,STEPS,BLUTI,2,,,5,48,,,,,NE,,,,,,,,,,,,,,,,,,,,,,,,,,,,,,,,,,,,,,,,,,,,
561,2000,3,STEPS,GRETI,1,,,0,,,,,,JD,,,,,,,,,,,,,,,,,,,,,,,,,,,,,,,,,,,,,,,,,,,,
562,2000,6,STEPS,BLUTI,1,,,9,,,,,,NE,,,,,,,,,,,,,,,,,,,,,,,,,,,,,,,,,,,,,,,,,,,,
563,2000,10,STEPS,BLUTI,1,,,9,,,,,,NE,,,,,,,,,,,,,,,,,,,,,,,,,,,,,,,,,,,,,,,,,,,,
564,2000,15,STEPS,BLUTI,1,,,10,,,,,,NE,,,,,,,,,,,,,,,,,,,,,,,,,,,,,,,,,,,,,,,,,,,,
565,2000,16,STEPS,PIEFL,1,9,,8,,,,,,NE,N908161,02/06/2000,03/06/1999,R,1,N908004,12/05/2000,20/05/1999,S,2,11/06/2000,P192702,P192703,P192704,P192705,P192706,P192707,P192708,P192709,,,,,,,,,,,,,,,,,,,,,,,,,
566,2000,17,STEPS,GRETI,1,,,7,,,8,,,NE,,,,,,,,,,,,,,,,,,,,,,,,,,,,,,,,,,,,,,,,,,,,
567,2000,18,STEPS,PIEFL,1,8,,7,,,,,,NE,,,,,,K906913,27/05/2000,15/05/1997,S,4,02/06/2000,P192639,P192640,P192641,P192642,P192643,P192644,P192645,,,,,,,,,,,,,,,,,,,,,,,,,,
568,2000,19,STEPS,BLUTI,1,,,8,,,,,,NE,,,,,,,,,,,,,,,,,,,,,,,,,,,,,,,,,,,,,,,,,,,,
569,2000,21,STEPS,BLUTI,1,,,10,,,,,,NE,,,,,,,,,,,,,,,,,,,,,,,,,,,,,,,,,,,,,,,,,,,,
570,2000,23,STEPS,BLUTI,1,,,7,,,10,,,NE,,,,,,,,,,,,,,,,,,,,,,,,,,,,,,,,,,,,,,,,,,,,
571,2000,24,STEPS,BLUTI,1,,,8,,50,,,,NE,,,,,,,,,,,,,,,,,,,,,,,,,,,,,,,,,,,,,,,,,,,,
572,2000,28,STEPS,BLUTI,1,8,8,8,,,,,,NE,,,,,,,,,,,,,,,,,,,,,,,,,,,,,,,,,,,,,,,,,,,,
573,2000,30,STEPS,BLUTI,1,,,9,,,,,,NE,,,,,,,,,,,,,,,,,,,,,,,,,,,,,,,,,,,,,,,,,,,,
574,2000,32,STEPS,PIEFL,1,8,8,8,,,,,,NE,,,,,,K294859,20/05/2000,04/06/1997,S,3,02/06/2000,P192677,P192678,P192679,P192680,P192681,P192682,P192683,P192684,,,,,,,,,,,,,,,,,,,,,,,,,
575,2000,33,STEPS,PIEFL,1,8,8,8,,57,,,,NE,,,,,,P192546,12/05/2000,12/05/2000,I,1,02/06/2000,P192685,P192686,P192687,P192688,P192689,P192690,P192692,P192693,,,,,,,,,,,,,,,,,,,,,,,,,
576,2000,36,STEPS,GRETI,1,8,,6,,,,,,NE,,,,,,,,,,,,,,,,,,,,,,,,,,,,,,,,,,,,,,,,,,,,
577,2000,37,STEPS,PIEFL,1,8,8,8,,,,,,NE,,,,,,P192547,12/05/2000,12/05/2000,I,1,02/06/2000,P192694,P192695,P192696,P192697,P192698,P192699,P192700,,,,,,,,,,,,,,,,,,,,,,,,,,
578,2000,40,STEPS,PIEFL,1,6,6,6,,57,,,,NE,,,,,,N908001,12/05/2000,09/05/1999,S,2,02/06/2000,P192604,P192605,P192606,P192607,P192608,P192609,,,,,,,,,,,,,,,,,,,,,,,,,,,
579,2000,41,STEPS,GRETI,1,,,8,,,,,,NE,,,,,,,,,,,,,,,,,,,,,,,,,,,,,,,,,,,,,,,,,,,,
580,2000,43,STEPS,BLUTI,1,12,12,12,,,,,,NE,,,,,,,,,,,,,,,,,,,,,,,,,,,,,,,,,,,,,,,,,,,,
581,2000,45,STEPS,GRETI,1,,,6,,,7,,,NE,,,,,,,,,,,,,,,,,,,,,,,,,,,,,,,,,,,,,,,,,,,,
582,2001,1,STEPS,BLUTI,1,,,5,,,,,,NE,,,,,,,,,,,,,,,,,,,,,,,,,,,,,,,,,,,,,,,,,,,,
583,2001,3,STEPS,PIEFL,1,,,7,,,,,,NE,N513731,07/06/2001,05/06/1998,S,4,P192890,02/06/2001,02/06/2001,I,1,02/06/2001,P192839,P192840,P192841,P192842,P192843,P192844,P192845,,,,,,,,,,,,,,,,,,,,,,,,,,
584,2001,4,STEPS,BLUTI,1,,,9,,,,,,NE,,,,,,,02/06/2001,,,,,,,,,,,,,,,,,,,,,,,,,,,,,,,,,,,,,
585,2001,5,STEPS,BLUTI,1,,,9,,,,,,NE,,,,,,,07/06/2001,,,,,,,,,,,,,,,,,,,,,,,,,,,,,,,,,,,,,
586,2001,6,STEPS,BLUTI,1,,,8,,,,,,NE,,,,,,,02/06/2001,,,,,,,,,,,,,,,,,,,,,,,,,,,,,,,,,,,,,
587,2001,7,STEPS,BLUTI,1,,,9,,,,,,NE,,,,,,,,,,,,,,,,,,,,,,,,,,,,,,,,,,,,,,,,,,,,
588,2001,8,STEPS,PIEFL,1,,,7,,,,,,NE,N908196,06/06/2001,08/06/1999,S,3,P192864,02/06/2001,02/06/2001,I,1,06/06/2001,P192960,P192961,P192962,P192963,P192964,P192965,P192966,,,,,,,,,,,,,,,,,,,,,,,,,,
589,2001,9,STEPS,BLUTI,1,,,,,,,,,OU,,,,,,,,,,,,,,,,,,,,,,,,,,,,,,,,,,,,,,,,,,,,
590,2001,11,STEPS,BLUTI,1,8,8,8,,,,,,NE,,,,,,,,,,,,,,,,,,,,,,,,,,,,,,,,,,,,,,,,,,,,
591,2001,12,STEPS,PIEFL,1,,,8,,,,,,NE,P192967,06/06/2001,06/06/2001,I,1,P192549,07/06/2001,20/05/2000,S,2,02/06/2001,P192865,P192866,P192867,P192868,P192869,P192870,P192871,P192872,,,,,,,,,,,,,,,,,,,,,,,,,
592,2001,13,STEPS,PIEFL,1,7,7,7,,,,,,NE,P192672,07/06/2001,02/06/2000,R,1,P192555,02/06/2001,27/05/2001,S,2,11/06/2001,P865532,P865533,P865534,P865535,P865536,P865537,P865538,,,,,,,,,,,,,,,,,,,,,,,,,,
593,2001,14,STEPS,PIEFL,1,,,7,,,,,,NE,N908161,06/06/2001,03/06/1999,S,2,P110562,03/06/2001,05/06/2000,I,1,06/06/2001,P865513,P865514,P865515,P865516,P865517,P865518,P865519,,,,,,,,,,,,,,,,,,,,,,,,,,
594,2001,15,STEPS,BLUTI,1,,,8,,,,,,NE,,,,,,,,,,,,,,,,,,,,,,,,,,,,,,,,,,,,,,,,,,,,
595,2001,16,STEPS,BLUTI,1,11,0,0,,,,,11,ED,,,,,,,,,,,,,,,,,,,,,,,,,,,,,,,,,,,,,,,,,,,,
596,2001,17,STEPS,BLUTI,1,6,,0,,,,,,JD,,,,,,,,,,,,,,,,,,,,,,,,,,,,,,,,,,,,,,,,,,,,
597,2001,18,STEPS,BLUTI,1,,,8,,,9,,,NE,,,,,,,,,,,,,,,,,,,,,,,,,,,,,,,,,,,,,,,,,,,,
598,2001,20,STEPS,BLUTI,1,,,5,,,,,,NE,,,,,,,,,,,,,,,,,,,,,,,,,,,,,,,,,,,,,,,,,,,,
599,2001,21,STEPS,BLUTI,1,,,5,,,,,,NE,,,,,,,,,,,,,,,,,,,,,,,,,,,,,,,,,,,,,,,,,,,,
600,2001,22,STEPS,BLUTI,1,7,0,0,,,,,,ED,,,,,,,,,,,,,,,,,,,,,,,,,,,,,,,,,,,,,,,,,,,,
601,2001,23,STEPS,BLUTI,1,7,0,0,,,,,,ED,,,,,,,,,,,,,,,,,,,,,,,,,,,,,,,,,,,,,,,,,,,,
602,2001,24,STEPS,BLUTI,1,7,0,0,,,,,,ED,,,,,,,,,,,,,,,,,,,,,,,,,,,,,,,,,,,,,,,,,,,,
603,2001,26,STEPS,PIEFL,1,,,6,,,,,,NE,P192989,06/06/2001,06/06/2001,I,1,P192990,06/06/2001,06/06/2001,I,1,03/06/2001,P192898,P192899,P192900,P192901,P192902,P192903,,,,,,,,,,,,,,,,,,,,,,,,,,,
604,2001,27,STEPS,BLUTI,1,,,5,,,,,,NE,,,,,,,,,,,,,,,,,,,,,,,,,,,,,,,,,,,,,,,,,,,,
605,2001,28,STEPS,PIEFL,1,,,8,,,,,,NE,P110006,07/06/2001,03/06/1999,I,2,P865509,07/06/2001,03/06/1999,I,2,03/06/2001,P192904,P192905,P192906,P192907,P192908,P192909,P192910,P192911,,,,,,,,,,,,,,,,,,,,,,,,,
606,2001,29,STEPS,BLUTI,1,,,8,,,,,,NE,,,,,,,,,,,,,,,,,,,,,,,,,,,,,,,,,,,,,,,,,,,,
607,2001,31,STEPS,BLUTI,1,,,4,,,10,,,NE,,,,,,,,,,,,,,,,,,,,,,,,,,,,,,,,,,,,,,,,,,,,
608,2001,32,STEPS,BLUTI,1,,,7,,,,,,NE,,,,,,,,,,,,,,,,,,,,,,,,,,,,,,,,,,,,,,,,,,,,
609,2001,33,STEPS,PIEFL,1,7,7,6,,,,,,OU,P192991,06/06/2001,06/06/2001,I,1,P192920,03/06/2001,03/06/2001,I,1,11/06/2001,P865546,P865547,P865548,P865549,P865550,P865551,,,,,,,,,,,,,,,,,,,,,,,,,,,
610,2001,34,STEPS,PIEFL,1,,,3,,,5,,2,OU,P192924,03/06/2001,03/06/2001,I,1,,06/06/2001,20/05/2000,,,03/06/2001,P192921,P192922,P192923,,,,,,,,,,,,,,,,,,,,,,,,,,,,,,
611,2001,37,STEPS,PIEFL,1,,,7,,,,,,NE,P192991,06/06/2001,06/06/2001,I,1,P192992,06/06/2001,06/06/2001,I,1,03/06/2001,P192926,P192927,P192928,P192929,P192930,P192931,P192932,,,,,,,,,,,,,,,,,,,,,,,,,,
612,2001,38,STEPS,GRETI,1,,,5,,64,,,,NE,,,,,,,,,,,,,,,,,,,,,,,,,,,,,,,,,,,,,,,,,,,,
613,2001,40,STEPS,PIEFL,1,,,7,,,,,,NE,,,,,,P192620,02/06/2001,09/05/1999,R,1,06/06/2001,P192933,P192934,P192935,P192936,P192937,P192938,P192939,,,,,,,,,,,,,,,,,,,,,,,,,,
614,2001,41,STEPS,GRETI,1,,,4,,,,,,NE,,,,,,,,,,,,,,,,,,,,,,,,,,,,,,,,,,,,,,,,,,,,
615,2001,42,STEPS,BLUTI,1,,,11,,,,,,NE,,,,,,,,,,,,,,,,,,,,,,,,,,,,,,,,,,,,,,,,,,,,
616,2001,43,STEPS,BLUTI,1,,,12,,,,,,NE,,,,,,,,,,,,,,,,,,,,,,,,,,,,,,,,,,,,,,,,,,,,
617,2001,44,STEPS,PIEFL,1,8,,7,,63,,,,NE,P865511,07/06/2001,07/06/2001,I,1,K185226,06/06/2001,05/06/1997,I,4,07/06/2001,P865501,P865502,P865503,P865504,P865505,P865506,P865507,,,,,,,,,,,,,,,,,,,,,,,,,,
618,2001,45,STEPS,GRETI,1,,,6,,,,,,NE,,,,,,,,,,,,,,,,,,,,,,,,,,,,,,,,,,,,,,,,,,,,
619,2002,10,STEPS,BLUTI,1,11,,6,17,,,,4,NE,,,,,,,,,,,,,,,,,,,,,,,,,,,,,,,,,,,,,,,,,,,,
620,2002,43,STEPS,BLUTI,1,12,,9,17,,,,,NE,,,,,,,,,,,,,,,,,,,,,,,,,,,,,,,,,,,,,,,,,,,,
621,2002,24,STEPS,BLUTI,1,,0,0,19,,4,,,EP,,,,,,,,,,,,,,,,,,,,,,,,,,,,,,,,,,,,,,,,,,,,
622,2002,6,STEPS,BLUTI,1,11,,7,20,47,,,3,NE,,,,,,,,,,,,,,,,,,,,,,,,,,,,,,,,,,,,,,,,,,,,
623,2002,19,STEPS,BLUTI,1,,0,0,20,,,,,XP,,,,,,,,,,,,,,,,,,,,,,,,,,,,,,,,,,,,,,,,,,,,
624,2002,17,STEPS,BLUTI,1,11,,7,21,,,,1,NE,,,,,,,,,,,,,,,,,,,,,,,,,,,,,,,,,,,,,,,,,,,,
625,2002,26,STEPS,BLUTI,1,10,,7,21,,,,,NE,,,,,,,,,,,,,,,,,,,,,,,,,,,,,,,,,,,,,,,,,,,,
626,2002,27,STEPS,BLUTI,1,,,11,21,,11,,,NE,,,,,,,,,,,,,,,,,,,,,,,,,,,,,,,,,,,,,,,,,,,,
627,2002,4,STEPS,GRETI,1,7,7,7,22,,,,,NE,,,,,,,,,,,,,,,,,,,,,,,,,,,,,,,,,,,,,,,,,,,,
628,2002,1,STEPS,BLUTI,1,9,,8,25,47,,,,NE,,,,,,,,,,,,,,,,,,,,,,,,,,,,,,,,,,,,,,,,,,,,
629,2002,22,STEPS,BLUTI,1,7,,4,28,,,,,NE,,,,,,,,,,,,,,,,,,,,,,,,,,,,,,,,,,,,,,,,,,,,
630,2002,15,STEPS,BLUTI,1,8,,0,29,,,,,JD,,,,,,,,,,,,,,,,,,,,,,,,,,,,,,,,,,,,,,,,,,,,
631,2002,42,STEPS,PIEFL,1,6,,5,30,,,,,NE,P865992,29/05/2002,29/05/2002,I,1,P192930,02/05/2002,03/06/2001,R,1,29/05/2002,P865936,P865937,P865938,P865939,P865940,,,,,,,,,,,,,,,,,,,,,,,,,,,,
632,2002,8,STEPS,PIEFL,1,6,6,6,31,,,,,NE,R073024,31/05/2002,31/05/2002,I,1,P865911,11/05/2002,11/05/2002,I,1,29/05/2002,P865948,P865949,P865950,P865951,P865952,P865953,,,,,,,,,,,,,,,,,,,,,,,,,,,
633,2002,29,STEPS,BLUTI,1,,0,0,31,,3,,3,EU,,,,,,,,,,,,,,,,,,,,,,,,,,,,,,,,,,,,,,,,,,,,
634,2002,5,STEPS,BLUTI,1,8,,7,32,,,,,NE,,,,,,,17/05/2002,,,,,,,,,,,,,,,,,,,,,,,,,,,,,,,,,,,,,
635,2002,35,STEPS,PIEFL,1,8,,5,35,,,,,NE,P110006,03/06/2002,03/06/1999,S,3,P865998,31/05/2002,31/05/2002,I,1,31/05/2002,P865993,P865994,P865995,P865996,P865997,,,,,,,,,,,,,,,,,,,,,,,,,,,,
636,2002,13,STEPS,PIEFL,1,8,8,8,36,,,,,NE,P192672,29/05/2002,02/06/2000,S,2,P865916,17/05/2002,17/05/2002,I,1,08/06/2002,R073052,R073053,R073054,R073055,R073056,R073057,R073058,R073059,,,,,,,,,,,,,,,,,,,,,,,,,
637,2002,16,STEPS,PIEFL,1,7,7,7,37,,,,,NE,P865999,31/05/2002,31/05/2002,I,1,P866000,31/05/2002,31/05/2002,I,1,08/06/2002,R073060,R073061,R073062,R073063,R073064,R073065,R073066,,,,,,,,,,,,,,,,,,,,,,,,,,
638,2002,29,STEPS,PIEFL,1,6,,5,37,69,,,,NE,N352383,19/06/2002,02/06/1999,S,3,P192990,29/05/2002,06/06/2001,S,2,19/06/2002,R073096,R073097,R073098,R073099,R073100,,,,,,,,,,,,,,,,,,,,,,,,,,,,
639,2002,41,STEPS,PIEFL,1,7,7,7,40,59,,,,NE,,,,,,P865913,17/05/2002,17/05/2002,I,1,08/06/2002,R073038,R073039,R073040,R073041,R073042,R073043,R073044,,,,,,,,,,,,,,,,,,,,,,,,,,
640,2002,24,STEPS,PIEFL,1,7,7,7,41,59,,,,NE,,,,,,P865917,17/05/2002,17/05/2002,I,1,08/06/2002,R073067,R073068,R073069,R073070,R073071,R073072,R073073,,,,,,,,,,,,,,,,,,,,,,,,,,
641,2002,32,STEPS,BLUTI,1,,,,41,,,,,OU,,,,,,,,,,,,,,,,,,,,,,,,,,,,,,,,,,,,,,,,,,,,
642,2002,44,STEPS,PIEFL,1,6,6,6,45,,,,,NE,R073045,08/06/2002,08/06/2002,I,1,P865914,17/05/2002,17/05/2002,I,1,08/06/2002,R073046,R073047,R073048,R073049,R073050,R073051,,,,,,,,,,,,,,,,,,,,,,,,,,,
643,2002,2,STEPS,BLUTI,1,8,,7,,,,,,NE,,,,,,,,,,,,,,,,,,,,,,,,,,,,,,,,,,,,,,,,,,,,
644,2002,3,STEPS,PIEFL,1,8,,5,,,,,,NE,,,,,,P192992,02/05/2002,06/06/2001,S,2,31/05/2002,R073025,R073026,R073027,R073028,R073029,R073030,R073031,,,,,,,,,,,,,,,,,,,,,,,,,,
645,2002,11,STEPS,BLUTI,1,,,7,,,9,,,NE,,,,,,,,,,,,,,,,,,,,,,,,,,,,,,,,,,,,,,,,,,,,
646,2002,12,STEPS,PIEFL,1,7,,6,,,,,,NE,P192967,31/05/2002,06/06/2001,S,2,P865967,29/05/2002,29/05/2002,I,1,29/05/2002,P865961,P865962,P865963,P865964,P865965,P865966,,,,,,,,,,,,,,,,,,,,,,,,,,,
647,2002,20,STEPS,BLUTI,1,,,7,,,,,,NE,,,,,,,,,,,,,,,,,,,,,,,,,,,,,,,,,,,,,,,,,,,,
648,2002,21,STEPS,PIEFL,1,8,8,8,,,,,,NE,P110730,29/05/2002,12/06/2000,I,2,P110616,29/05/2002,05/06/2000,I,1,31/05/2002,R073009,R073010,R073011,R073012,R073013,R073014,R073015,R073016,,,,,,,,,,,,,,,,,,,,,,,,,
649,2002,25,STEPS,BLUTI,1,,0,0,,,5,,,EP,,,,,,,,,,,,,,,,,,,,,,,,,,,,,,,,,,,,,,,,,,,,
650,2002,28,STEPS,BLUTI,1,,,0,,,9,,,JD,,,,,,,,,,,,,,,,,,,,,,,,,,,,,,,,,,,,,,,,,,,,
651,2002,30,STEPS,PIEFL,1,7,7,7,,,,,,NE,N352383,31/05/2002,02/06/1999,I,3,P865912,11/05/2002,11/05/2002,I,1,29/05/2002,P865984,P865985,P865986,P865987,P865988,P865989,P865990,,,,,,,,,,,,,,,,,,,,,,,,,,
652,2002,31,STEPS,BLUTI,1,,,10,,47,10,,,NE,,,,,,,,,,,,,,,,,,,,,,,,,,,,,,,,,,,,,,,,,,,,
653,2002,33,STEPS,PIEFL,2,4,4,3,,,,,,NE,,,,,,R073126,04/07/2002,04/07/2002,I,1,04/07/2002,R073122,R073123,R073124,R073125,,,,,,,,,,,,,,,,,,,,,,,,,,,,,
654,2002,34,STEPS,PIEFL,1,8,8,8,,,,,,NE,P865991,29/05/2002,29/05/2002,I,1,P192864,17/05/2002,02/06/2001,S,2,31/05/2002,R073001,R073002,R073003,R073004,R073005,R073006,R073007,R073008,,,,,,,,,,,,,,,,,,,,,,,,,
655,2002,40,STEPS,GRETI,1,,,0,,,5,,,JD,,,,,,,,,,,,,,,,,,,,,,,,,,,,,,,,,,,,,,,,,,,,
656,2002,45,STEPS,GRETI,1,,,4,,,6,,,NE,,,,,,,,,,,,,,,,,,,,,,,,,,,,,,,,,,,,,,,,,,,,
657,2003,40,STEPS,GRETI,1,,,6,19,,,,,NE,,,,,,,,,,,,,,,,,,,,,,,,,,,,,,,,,,,,,,,,,,,,
658,2003,10,STEPS,BLUTI,1,10,,7,29,,,,,NE,,,,,,,,,,,,,,,,,,,,,,,,,,,,,,,,,,,,,,,,,,,,
659,2003,25,STEPS,BLUTI,1,9,9,0,29,,,,,JD,,,,,,,,,,,,,,,,,,,,,,,,,,,,,,,,,,,,,,,,,,,,
660,2003,4,STEPS,BLUTI,1,,,8,30,,,,,NE,,,,,,,,,,,,,,,,,,,,,,,,,,,,,,,,,,,,,,,,,,,,
661,2003,20,STEPS,BLUTI,1,9,,8,30,,,,,NE,,,,,,,,,,,,,,,,,,,,,,,,,,,,,,,,,,,,,,,,,,,,
662,2003,30,STEPS,BLUTI,1,,,9,30,,9,,,NE,,,,,,,,,,,,,,,,,,,,,,,,,,,,,,,,,,,,,,,,,,,,
663,2003,8,STEPS,PIEFL,1,7,7,7,31,,,,,NE,,,,,,,,,,,25/05/2003,R073388,R073389,R073390,R073391,R073392,R073393,R073394,,,,,,,,,,,,,,,,,,,,,,,,,,
664,2003,1,STEPS,GRETI,1,,,5,33,,5,,,NE,,,,,,,,,,,,,,,,,,,,,,,,,,,,,,,,,,,,,,,,,,,,
665,2003,2,STEPS,BLUTI,1,8,5,5,33,,,,3,NE,,,,,,,,,,,,,,,,,,,,,,,,,,,,,,,,,,,,,,,,,,,,
666,2003,16,STEPS,PIEFL,1,7,7,7,33,,,,,NE,P192963,04/06/2003,06/04/2001,R,2,P048105,04/06/2003,04/06/2002,R,1,31/05/2003,R073461,R073462,R073463,R073464,R073465,R073466,R073467,,,,,,,,,,,,,,,,,,,,,,,,,,
667,2003,37,STEPS,PIEFL,1,7,7,7,33,,,,,NE,,,,,,P865998,11/05/2003,31/05/2002,S,2,04/06/2003,R721058,R721059,R721060,R721061,R721062,R721063,R721064,,,,,,,,,,,,,,,,,,,,,,,,,,
668,2003,41,STEPS,PIEFL,1,8,8,8,34,,,,,NE,R073433,31/05/2003,31/05/2003,I,1,R073375,25/05/2003,25/05/2003,I,1,04/06/2003,R721014,R721015,R721016,R721017,R721018,R721019,R721020,R721021,,,,,,,,,,,,,,,,,,,,,,,,,
669,2003,34,STEPS,PIEFL,1,,,7,35,,7,,,NE,R721057,04/06/2003,07/06/2002,I,1,P110678,01/05/2003,07/06/2002,I,1,04/06/2003,R721050,R721051,R721052,R721053,R721054,R721055,R721056,,,,,,,,,,,,,,,,,,,,,,,,,,
670,2003,24,STEPS,PIEFL,1,7,7,7,36,,,,,NE,P110006,31/05/2003,03/06/1999,S,4,R073405,25/05/2003,25/05/2003,I,1,04/06/2003,R721043,R721044,R721045,R721046,R721047,R721048,R721049,,,,,,,,,,,,,,,,,,,,,,,,,,
671,2003,44,STEPS,PIEFL,1,7,7,7,36,,,,,NE,R073045,31/05/2003,18/06/2002,S,2,P048107,04/06/2003,04/06/2002,R,1,06/06/2003,R721068,R721069,R721070,R721071,R721072,R721073,R721074,,,,,,,,,,,,,,,,,,,,,,,,,,
672,2003,3,STEPS,PIEFL,1,7,,5,37,,,,,NE,R073024,04/06/2003,31/05/2002,S,2,R073387,25/05/2003,25/05/2003,I,1,04/06/2003,R721023,R721024,R721025,R721026,R721027,,,,,,,,,,,,,,,,,,,,,,,,,,,,
673,2003,13,STEPS,PIEFL,1,7,7,7,38,,,,,NE,R073024,04/06/2003,31/05/2002,S,2,P865967,31/05/2003,29/05/2002,S,2,04/06/2003,R721028,R721029,R721030,R721031,R721032,R721033,R721034,,,,,,,,,,,,,,,,,,,,,,,,,,
674,2003,31,STEPS,PIEFL,1,6,0,0,38,,,,6,ED,,,,,,,,,,,,,,,,,,,,,,,,,,,,,,,,,,,,,,,,,,,,
675,2003,18,STEPS,PIEFL,1,8,8,8,39,,,,,NE,R073484,31/05/2003,31/05/2003,I,1,P192864,11/05/2003,02/06/2001,S,3,31/05/2003,R073476,R073477,R073478,R073479,R073480,R073481,R073482,R073483,,,,,,,,,,,,,,,,,,,,,,,,,
676,2003,23,STEPS,BLUTI,2,7,,,54,,,,,OU,,,,,,,,,,,,,,,,,,,,,,,,,,,,,,,,,,,,,,,,,,,,
677,2003,5,STEPS,BLUTI,1,,,7,,,7,,,NE,,,,,,,,,,,,,,,,,,,,,,,,,,,,,,,,,,,,,,,,,,,,
678,2003,7,STEPS,BLUTI,1,,,6,,,8,,,NE,,,,,,,,,,,,,,,,,,,,,,,,,,,,,,,,,,,,,,,,,,,,
679,2003,11,STEPS,BLUTI,1,,,10,,,10,,,NE,,,,,,,,,,,,,,,,,,,,,,,,,,,,,,,,,,,,,,,,,,,,
680,2003,12,STEPS,GRETI,1,,,5,,,5,,,NE,,,,,,,,,,,,,,,,,,,,,,,,,,,,,,,,,,,,,,,,,,,,
681,2003,15,STEPS,GRETI,1,,,6,,,6,,,NE,,,,,,,,,,,,,,,,,,,,,,,,,,,,,,,,,,,,,,,,,,,,
682,2003,17,STEPS,BLUTI,1,,,7,,,9,,,NE,,,,,,,,,,,,,,,,,,,,,,,,,,,,,,,,,,,,,,,,,,,,
683,2003,22,STEPS,BLUTI,1,,0,0,,,,,,EP,,,,,,,,,,,,,,,,,,,,,,,,,,,,,,,,,,,,,,,,,,,,
684,2003,26,STEPS,PIEFL,1,,,,,,5,,,OU,,,,,,R721116,26/06/2003,26/06/2003,I,1,,,,,,,,,,,,,,,,,,,,,,,,,,,,,,,,,,
685,2003,27,STEPS,BLUTI,1,11,,6,,,,,,NE,,,,,,,,,,,,,,,,,,,,,,,,,,,,,,,,,,,,,,,,,,,,
686,2003,28,STEPS,BLUTI,1,,,0,,,8,,,JD,,,,,,,,,,,,,,,,,,,,,,,,,,,,,,,,,,,,,,,,,,,,
687,2003,42,STEPS,BLUTI,1,,,11,,,,,,NE,,,,,,,,,,,,,,,,,,,,,,,,,,,,,,,,,,,,,,,,,,,,
688,2003,45,STEPS,GRETI,1,8,8,,,61,,,,OU,,,,,,,,,,,,,,,,,,,,,,,,,,,,,,,,,,,,,,,,,,,,
689,2004,10,STEPS,GRETI,1,,,0,18,,6,,2,JD,,,,,,,,,,,,,,,,,,,,,,,,,,,,,,,,,,,,,,,,,,,,
690,2004,45,STEPS,GRETI,1,8,,7,20,,,,,NE,,,,,,,,,,,,,,,,,,,,,,,,,,,,,,,,,,,,,,,,,,,,
691,2004,15,STEPS,BLUTI,1,9,9,9,25,,,,,NE,,,,,,,,,,,,,,,,,,,,,,,,,,,,,,,,,,,,,,,,,,,,
692,2004,25,STEPS,BLUTI,1,9,,8,28,,,,,NE,,,,,,,,,,,,,,,,,,,,,,,,,,,,,,,,,,,,,,,,,,,,
693,2004,40,STEPS,GRETI,1,5,,2,28,,,,,NE,,,,,,,,,,,,,,,,,,,,,,,,,,,,,,,,,,,,,,,,,,,,
694,2004,2,STEPS,BLUTI,1,,,6,29,,7,,1,NE,,,,,,,,,,,,,,,,,,,,,,,,,,,,,,,,,,,,,,,,,,,,
695,2004,21,STEPS,GRETI,1,,,8,29,,,,,NE,,,,,,,,,,,,,,,,,,,,,,,,,,,,,,,,,,,,,,,,,,,,
696,2004,1,STEPS,GRETI,1,8,,6,30,,,,,NE,,,,,,,,,,,,,,,,,,,,,,,,,,,,,,,,,,,,,,,,,,,,
697,2004,3,STEPS,BLUTI,1,,,9,30,,,,,NE,,,,,,,,,,,,,,,,,,,,,,,,,,,,,,,,,,,,,,,,,,,,
698,2004,29,STEPS,BLUTI,1,10,9,9,30,,,,1,NE,,,,,,,,,,,,,,,,,,,,,,,,,,,,,,,,,,,,,,,,,,,,
699,2004,5,STEPS,GRETI,1,7,,5,31,,,,,NE,,,,,,,,,,,,,,,,,,,,,,,,,,,,,,,,,,,,,,,,,,,,
700,2004,8,STEPS,PIEFL,1,7,7,7,31,51,,,,NE,,,,,,,,,,,30/05/2004,R721381,R721382,R721383,R721384,R721385,R721386,R721387,,,,,,,,,,,,,,,,,,,,,,,,,,
701,2004,22,STEPS,BLUTI,1,,,7,33,,,,,NE,,,,,,,,,,,,,,,,,,,,,,,,,,,,,,,,,,,,,,,,,,,,
702,2004,12,STEPS,PIEFL,1,7,,6,35,,,,1,NE,,,,,,P865912,21/05/2004,11/05/2002,S,3,30/05/2004,R721388,R721389,R721390,R721391,R721392,R721393,,,,,,,,,,,,,,,,,,,,,,,,,,,
703,2004,24,STEPS,PIEFL,1,7,7,7,35,,,,,NE,,,,,,R721355,08/05/2004,08/05/2004,I,1,30/05/2004,R721402,R721403,R721404,R721405,R721406,R721407,R721408,,,,,,,,,,,,,,,,,,,,,,,,,,
704,2004,41,STEPS,PIEFL,1,7,5,5,35,,,,2,NE,,,,,,,,,,,30/05/2004,R721360,R721361,R721362,R721363,R721364,,,,,,,,,,,,,,,,,,,,,,,,,,,,
705,2004,16,STEPS,PIEFL,1,7,7,7,36,,,,,NE,,,,,,P048105,21/05/2004,04/06/2002,S,2,05/06/2004,R721426,R721427,R721428,R721429,R721430,R721431,R721432,,,,,,,,,,,,,,,,,,,,,,,,,,
706,2004,17,STEPS,GRETI,1,7,,0,37,,5,,,XD,,,,,,,,,,,,,,,,,,,,,,,,,,,,,,,,,,,,,,,,,,,,
707,2004,28,STEPS,PIEFL,1,7,7,7,37,,,,,NE,,,,,,R721359,21/05/2004,21/05/2004,I,1,,,,,,,,,,,,,,,,,,,,,,,,,,,,,,,,,,
708,2004,34,STEPS,PIEFL,1,7,6,6,37,,,,1,NE,,,,,,,,,,,05/06/2004,R721439,R721440,R721441,R721442,R721443,R721444,,,,,,,,,,,,,,,,,,,,,,,,,,,
709,2004,20,STEPS,BLUTI,1,,,,38,,,,,OU,,,,,,,,,,,,,,,,,,,,,,,,,,,,,,,,,,,,,,,,,,,,
710,2004,37,STEPS,PIEFL,1,7,7,6,38,,,,,NE,,,,,,P865998,21/05/2004,31/05/2002,S,3,05/06/2004,R721445,R721446,R721447,R721448,R721449,R721450,,,,,,,,,,,,,,,,,,,,,,,,,,,
711,2004,6,STEPS,GRETI,1,,,6,,,,,,NE,,,,,,,,,,,,,,,,,,,,,,,,,,,,,,,,,,,,,,,,,,,,
712,2004,18,STEPS,BLUTI,1,,0,0,,,,,,ED,,,,,,,,,,,,,,,,,,,,,,,,,,,,,,,,,,,,,,,,,,,,
713,2004,19,STEPS,PIEFL,1,7,7,0,,,,,,JD,,,,,,R721394,30/05/2004,30/05/2004,I,1,,,,,,,,,,,,,,,,,,,,,,,,,,,,,,,,,,
714,2004,26,STEPS,PIEFL,1,8,,6,,,,,,NE,,,,,,R721016,30/05/2004,04/06/2003,R,1,05/06/2004,R721433,R721434,R721435,R721436,R721437,R721438,,,,,,,,,,,,,,,,,,,,,,,,,,,
715,2004,C5,STEPS,PIEFL,1,,,,,,7,,,OU,,,,,,,,,,,,,,,,,,,,,,,,,,,,,,,,,,,,,,,,,,,,
716,2004,C12,STEPS,GRETI,1,,,,,,8,,,OU,,,,,,,,,,,,,,,,,,,,,,,,,,,,,,,,,,,,,,,,,,,,
717,2004,C15,STEPS,BLUTI,1,,,,,,7,,,OU,,,,,,,,,,,,,,,,,,,,,,,,,,,,,,,,,,,,,,,,,,,,
718,2004,C30,STEPS,PIEFL,1,,,7,,,7,,,RF,,,,,,R721458,05/06/2004,05/06/2004,I,1,05/06/2004,R721451,R721452,R721453,R721454,R721455,R721456,R721457,,,,,,,,,,,,,,,,,,,,,,,,,,
719,2005,2,STEPS,BLUTI,1,,,,27,,7,,,OU,,,,,,,,,,,,,,,,,,,,,,,,,,,,,,,,,,,,,,,,,,,,
720,2005,30,STEPS,BLUTI,1,,,,28,,9,,,OU,,,,,,,,,,,,,,,,,,,,,,,,,,,,,,,,,,,,,,,,,,,,
721,2005,5,STEPS,BLUTI,1,,,0,30,,3,,,JD,,,,,,,,,,,,,,,,,,,,,,,,,,,,,,,,,,,,,,,,,,,,
722,2005,19,STEPS,BLUTI,1,,,,30,,5,,,RF,,,,,,,,,,,,,,,,,,,,,,,,,,,,,,,,,,,,,,,,,,,,
723,2005,41,STEPS,BLUTI,1,,,,30,,8,,,OU,,,,,,,,,,,,,,,,,,,,,,,,,,,,,,,,,,,,,,,,,,,,
724,2005,4,STEPS,GRETI,1,,,,31,,5,,,OU,,,,,,,,,,,,,,,,,,,,,,,,,,,,,,,,,,,,,,,,,,,,
725,2005,12,STEPS,PIEFL,1,,,8,31,,8,,,RF,,,,,,,,,,,,,,,,,,,,,,,,,,,,,,,,,,,,,,,,,,,,
726,2005,3,STEPS,BLUTI,1,,,,32,,9,,,OU,,,,,,,,,,,,,,,,,,,,,,,,,,,,,,,,,,,,,,,,,,,,
727,2005,16,STEPS,PIEFL,1,,,,32,,,,,OU,,,,,,P865911,02/05/2005,11/05/2002,S,4,,,,,,,,,,,, ,,,,,,,,,,,,,,,,,,,,,,
728,2005,1,STEPS,PIEFL,1,,,,,,7,,,OU,,,,,,,,,,,06/06/2005,T170613,T170614,T170616,T170617,T170618,T170619,,,,,,,,,,,,,,,,,,,,,,,,,,,
729,2005,8,STEPS,BLUTI,1,,,,,,9,,,OU,,,,,,,,,,,,,,,,,,,,,,,,,,,,,,,,,,,,,,,,,,,,
730,2005,9,STEPS,BLUTI,1,,,,,,3,,2,OU,,,,,,,,,,,,,,,,,,,,,,,,,,,,,,,,,,,,,,,,,,,,
731,2005,13,STEPS,PIEFL,1,,,,,,6,,,OU,,,,,,,,,,,06/06/2005,T170620,T170621,T170622,T170623,T170624,T170625,,,,,,,,,,,,,,,,,,,,,,,,,,,
732,2005,17,STEPS,BLUTI,1,,,,,,9,,2,OU,,,,,,,,,,,,,,,,,,,,,,,,,,,,,,,,,,,,,,,,,,,,
733,2005,18,STEPS,GRETI,1,,,,,,6,,,OU,,,,,,,,,,,,,,,,,,,,,,,,,,,,,,,,,,,,,,,,,,,,
734,2005,20,STEPS,PIEFL,1,7,,,,,,,,OU,,,,,,P481488,02/06/2005,06/06/2002,I,3,,,,,,,,,,,,,,,,,,,,,,,,,,,,,,,,,,
735,2005,21,STEPS,PIEFL,1,,,,,,6,,,NE,,,,,,,,,,,06/06/2005,T170626,T170627,T170628,T170629,T170630,T170631,,,,,,,,,,,,,,,,,,,,,,,,,,,
736,2005,22,STEPS,PIEFL,1,,,,,,5,,,OU,,,,,,,,,,,06/06/2005,T170632,T170633,T170634,T170635,T170636,,,,,,,,,,,,,,,,,,,,,,,,,,,,
737,2005,24,STEPS,BLUTI,1,,,,,,8,,,OU,,,,,,,,,,,,,,,,,,,,,,,,,,,,,,,,,,,,,,,,,,,,
738,2005,25,STEPS,BLUTI,1,,,,,,7,,,OU,,,,,,,,,,,,,,,,,,,,,,,,,,,,,,,,,,,,,,,,,,,,
739,2005,26,STEPS,PIEFL,1,,,,,,7,,,OU,,,,,,,,,,,06/06/2005,T170637,T170638,T170639,T170640,T170641,T170642,,,,,,,,,,,,,,,,,,,,,,,,,,,
740,2005,27,STEPS,BLUTI,1,,,,,,,,,OU,,,,,,,,,,,,,,,,,,,,,,,,,,,,,,,,,,,,,,,,,,,,
741,2005,28,STEPS,PIEFL,1,,,,,,8,,,OU,,,,,,,,,,,06/06/2005,T170643,T170644,T170645,T170646,T170647,T170648,T170649,T170650,,,,,,,,,,,,,,,,,,,,,,,,,
742,2005,31,STEPS,PIEFL,1,,,,,,6,,,OU,,,,,,R721402,06/06/2005,30/05/2004,R,1,,,,,,,,,,,,,,,,,,,,,,,,,,,,,,,,,,
743,2005,32,STEPS,PIEFL,1,,,,,,7,,,OU,,,,,,,,,,,07/06/2005,T170658,T170659,T170660,T170661,T170662,T170663,T170664,,,,,,,,,,,,,,,,,,,,,,,,,,
744,2005,37,STEPS,PIEFL,1,,,,,,7,,,OU,,,,,,,,,,,07/06/2005,T170665,T170666,T170667,T170668,T170669,T170670,T170671,,,,,,,,,,,,,,,,,,,,,,,,,,
745,2005,39,STEPS,PIEFL,1,,,,,,7,,,OU,,,,,,,,,,,06/06/2005,T170607,T170608,T170609,T170610,T170611,T170612,,,,,,,,,,,,,,,,,,,,,,,,,,,
746,2005,42,STEPS,PIEFL,1,,,,,,7,,,OU,,,,,,,,,,,06/06/2005,T170651,T170652,T170653,T170654,T170655,T170656,T170657,,,,,,,,,,,,,,,,,,,,,,,,,,
747,2005,45,STEPS,GRETI,1,,,,,,8,,,OU,,,,,,,,,,,,,,,,,,,,,,,,,,,,,,,,,,,,,,,,,,,,
748,2005,A1,STEPS,BLUTI,1,,,,,,9,,,OU,,,,,,,,,,,,,,,,,,,,,,,,,,,,,,,,,,,,,,,,,,,,
749,2005,A3,STEPS,PIEFL,1,7,,,,,,,,OU,,,,,,,,,,,,,,,,,,,,,,,,,,,,,,,,,,,,,,,,,,,,
750,2005,C?,STEPS,PIEFL,1,,,,,,6,,,OU,,,,,,,,,,,07/06/2005,T170672,T170673,T170674,T170675,T170676,T170677,,,,,,,,,,,,,,,,,,,,,,,,,,,
751,2005,C?,STEPS,BLUTI,1,,,,,,7,,,OU,,,,,,,,,,,,,,,,,,,,,,,,,,,,,,,,,,,,,,,,,,,,
752,2005,C?,STEPS,BLUTI,1,,,,,,7,,,OU,,,,,,,,,,,,,,,,,,,,,,,,,,,,,,,,,,,,,,,,,,,,
753,2005,C?,STEPS,PIEFL,1,,,,,,5,,,OU,,,,,,T170679,07/06/2005,07/06/2005,I,1,,,,,,,,,,,,,,,,,,,,,,,,,,,,,,,,,,
754,2005,C?,STEPS,BLUTI,1,,0,0,,,10,,10,ED,,,,,,,,,,,,,,,,,,,,,,,,,,,,,,,,,,,,,,,,,,,,
755,2005,C?,STEPS,PIEFL,1,,,,,,5,,,OU,,,,,,,,,,,07/06/2005,T170680,T170681,T170682,T170683,T170684,,,,,,,,,,,,,,,,,,,,,,,,,,,,
756,2005,C10,STEPS,GRETI,1,,,,,,5,,,OU,,,,,,,,,,,,,,,,,,,,,,,,,,,,,,,,,,,,,,,,,,,,
757,2005,C16,STEPS,PIEFL,1,,,,,,8,,,OU,,,,,,,,,,,07/06/2005,T170685,T170686,T170687,T170688,T170689,T170690,T170691,T170692,,,,,,,,,,,,,,,,,,,,,,,,,
758,2005,C18,STEPS,PIEFL,1,,0,0,,,5,,5,ED,,,,,,,,,,,,,,,,,,,,,,,,,,,,,,,,,,,,,,,,,,,,
759,2005,C23,STEPS,BLUTI,1,,0,0,,,5,,5,ED,,,,,,,,,,,,,,,,,,,,,,,,,,,,,,,,,,,,,,,,,,,,
760,2006,4,STEPS,BLUTI,1,,,11,26,,,,,NE,,,,,,,,,,,,,,,,,,,,,,,,,,,,,,,,,,,,,,,,,,,,
761,2006,7,STEPS,BLUTI,1,10,,6,27,,,,,NE,,,,,,,,,,,,,,,,,,,,,,,,,,,,,,,,,,,,,,,,,,,,
762,2006,17,STEPS,BLUTI,1,,0,0,29,,6,,6,ED,,,,,,,,,,,,,,,,,,,,,,,,,,,,,,,,,,,,,,,,,,,,
763,2006,19,STEPS,BLUTI,1,,,5,30,,5,,,NE,,,,,,,,,,,,,,,,,,,,,,,,,,,,,,,,,,,,,,,,,,,,
764,2006,45,STEPS,BLUTI,1,,0,0,31,,5,,5,ED,,,,,,,,,,,,,,,,,,,,,,,,,,,,,,,,,,,,,,,,,,,,
765,2006,22,STEPS,PIEFL,1,7,7,7,35,,,,,NE,,,,,,P481954,23/05/2006,02/06/2004,I,2,02/06/2006,T857601,T857602,T857603,T857604,T857605,T857606,T857607,,,,,,,,,,,,,,,,,,,,,,,,,,
766,2006,3,STEPS,BLUTI,1,10,9,9,36,,,,1,NE,,,,,,,,,,,,,,,,,,,,,,,,,,,,,,,,,,,,,,,,,,,,
767,2006,34,STEPS,PIEFL,1,7,,5,36,,,,1,NE,,,,,,T857556,31/05/2006,31/05/2006,I,1,31/05/2006,T857551,T857552,T857553,T857554,T857555,,,,,,,,,,,,,,,,,,,,,,,,,,,,
768,2006,29,STEPS,PIEFL,1,8,8,8,37,,,,,NE,R721451,07/06/2006,05/06/2004,R,2,R721359,23/05/2006,21/05/2004,S,3,02/06/2006,T857582,T857583,T857584,T857585,T857586,T857587,T857588,T857589,,,,,,,,,,,,,,,,,,,,,,,,,
769,2006,21,STEPS,PIEFL,1,8,8,8,39,,,,,NE,T857651,07/06/2006,07/06/2006,I,1,T170996,23/05/2006,23/05/2006,I,1,07/06/2006,T857643,T857644,T857645,T857646,T857647,T857648,T857649,T857650,,,,,,,,,,,,,,,,,,,,,,,,,
770,2006,42,STEPS,PIEFL,1,7,7,7,40,,,,,NE,R678928,07/06/2006,08/06/2004,I,2,T170994,23/05/2006,23/05/2006,I,1,07/06/2006,T857613,T857614,T857615,T857616,T857617,T857618,T857619,,,,,,,,,,,,,,,,,,,,,,,,,,
771,2006,5,STEPS,BLUTI,1,9,,8,,,,,,NE,,,,,,,,,,,,,,,,,,,,,,,,,,,,,,,,,,,,,,,,,,,,
772,2006,8,STEPS,PIEFL,1,7,5,5,,,,,2,NE,R721442,07/06/2006,05/06/2004,R,2,R723452,31/05/2006,07/06/2005,I,1,07/06/2006,T857629,T857630,T857631,T857632,T857633,,,,,,,,,,,,,,,,,,,,,,,,,,,,
773,2006,10,STEPS,BLUTI,1,,,0,,,10,,2,JD,,,,,,,,,,,,,,,,,,,,,,,,,,,,,,,,,,,,,,,,,,,,
774,2006,13,STEPS,PIEFL,1,8,8,8,,61,,,,NE,T857642,07/06/2006,07/06/2006,I,1,T170995,23/05/2006,23/05/2006,I,1,07/06/2006,T857634,T857635,T857636,T857637,T857638,T857639,T857640,T857641,,,,,,,,,,,,,,,,,,,,,,,,,
775,2006,16,STEPS,PIEFL,1,6,6,6,,,,,,NE,R073484,31/05/2006,31/05/2003,S,4,T310816,23/05/2006,29/05/2005,I,1,31/05/2006,T857538,T857539,T857540,T857541,T857542,T857543,,,,,,,,,,,,,,,,,,,,,,,,,,,
776,2006,26,STEPS,PIEFL,1,6,6,6,,,,,,NE,T857658,07/06/2006,07/06/2006,I,1,R723376,23/05/2006,07/06/2005,I,1,07/06/2006,T857652,T857653,T857654,T857655,T857656,T857657,,,,,,,,,,,,,,,,,,,,,,,,,,,
777,2006,27,STEPS,BLUTI,1,,,7,,,7,,,NE,,,,,,,,,,,,,,,,,,,,,,,,,,,,,,,,,,,,,,,,,,,,
778,2006,30,STEPS,BLUTI,1,,,10,,,10,,,NE,,,,,,,,,,,,,,,,,,,,,,,,,,,,,,,,,,,,,,,,,,,,
779,2006,32,STEPS,BLUTI,1,9,,8,,,,,,NE,,,,,,,,,,,,,,,,,,,,,,,,,,,,,,,,,,,,,,,,,,,,
780,2006,35,STEPS,PIEFL,1,7,,6,,,,,,NE,T857581,02/06/2006,02/06/2006,I,1,T170997,23/05/2006,23/05/2006,I,1,02/06/2006,T857575,T857576,T857577,T857578,T857579,T857580,,,,,,,,,,,,,,,,,,,,,,,,,,,
781,2006,39,STEPS,PIEFL,1,6,6,5,,,,,,NE,,,,,,,,,,,13/06/2006,T857686,T857687,T857688,T857689,T857690,,,,,,,,,,,,,,,,,,,,,,,,,,,,
782,2006,A1,STEPS,BLUTI,1,,,0,,,8,,2,OU,,,,,,,,,,,,,,,,,,,,,,,,,,,,,,,,,,,,,,,,,,,,
783,2006,A6,STEPS,GRETI,1,8,,0,,,,,,JD,,,,,,,,,,,,,,,,,,,,,,,,,,,,,,,,,,,,,,,,,,,,
784,2006,A8,STEPS,GRETI,1,,,5,,,5,,,NE,,,,,,,,,,,,,,,,,,,,,,,,,,,,,,,,,,,,,,,,,,,,
785,2006,C5,STEPS,PIEFL,1,8,8,8,,,,,,NE,,,,,,T170998,23/05/2006,23/05/2006,I,1,07/06/2006,T857659,T857660,T857661,T857662,T857663,T857664,T857665,T857666,,,,,,,,,,,,,,,,,,,,,,,,,
786,2006,C9,STEPS,PIEFL,1,6,6,6,,63,,,,NE,R723458,15/06/2006,07/06/2005,I,1,T857709,15/06/2006,07/06/2005,I,1,07/06/2006,T857667,T857668,T857669,T857670,T857671,T857672,,,,,,,,,,,,,,,,,,,,,,,,,,,
787,2006,C12,STEPS,PIEFL,1,7,7,7,,,,,,NE,,,,,,T170999,23/05/2006,23/05/2006,I,1,07/06/2006,T857673,T857674,T857675,T857676,T857677,T857678,T857679,,,,,,,,,,,,,,,,,,,,,,,,,,
788,2006,C14,STEPS,GRETI,1,,,7,,,,,,NE,,,,,,,,,,,,,,,,,,,,,,,,,,,,,,,,,,,,,,,,,,,,
789,2006,C15,STEPS,BLUTI,1,,,8,,,10,,2,NE,,,,,,,,,,,,,,,,,,,,,,,,,,,,,,,,,,,,,,,,,,,,
790,2006,C17,STEPS,PIEFL,1,7,,0,,,,,1,OU,,,,,,R721458,23/05/2006,05/06/2004,S,3,,,,,,,,,,,,,,,,,,,,,,,,,,,,,,,,,,
791,2006,C22,STEPS,GRETI,1,,,4,,,,,,NE,,,,,,,,,,,,,,,,,,,,,,,,,,,,,,,,,,,,,,,,,,,,
792,2006,C23,STEPS,PIEFL,1,6,4,4,,,,,2,NE,T857684,07/06/2006,07/06/2006,I,1,R678896,23/05/2006,08/06/2004,I,2,02/06/2006,T857566,T857567,T857568,T857569,,,,,,,,,,,,,,,,,,,,,,,,,,,,,
793,2006,C25,STEPS,PIEFL,1,7,4,4,,,,,3,NE,T170628,07/06/2006,06/06/2005,R,1,T171000,23/05/2006,23/05/2006,I,1,07/06/2006,T857680,T857681,T857682,T857683,,,,,,,,,,,,,,,,,,,,,,,,,,,,,
794,2006,C26,STEPS,BLUTI,1,8,8,8,,,,,,NE,,,,,,,,,,,,,,,,,,,,,,,,,,,,,,,,,,,,,,,,,,,,
795,2006,C29,STEPS,GRETI,1,,,6,,,,,,NE,,,,,,,,,,,,,,,,,,,,,,,,,,,,,,,,,,,,,,,,,,,,
796,2006,C30,STEPS,PIEFL,1,6,,5,,,,,,NE,T857685,07/06/2006,07/06/2006,I,1,R970860,23/05/2006,04/06/2005,I,1,02/06/2006,T857570,T857571,T857572,T857573,T857574,,,,,,,,,,,,,,,,,,,,,,,,,,,,
797,2007,2,STEPS,BLUTI,1,,,9,15,,,,,NE,,,,,,,,,,,,,,,,,,,,,,,,,,,,,,,,,,,,,,,,,,,,
798,2007,8,STEPS,BLUTI,1,,,6,15,,8,,2,NE,,,,,,,,,,,,,,,,,,,,,,,,,,,,,,,,,,,,,,,,,,,,
799,2007,4,STEPS,BLUTI,1,,,7,16,,,,,RF,,,,,,,,,,,,,,,,,,,,,,,,,,,,,,,,,,,,,,,,,,,,
800,2007,25,STEPS,BLUTI,1,,,5,17,,5,,,NE,,,,,,,,,,,,,,,,,,,,,,,,,,,,,,,,,,,,,,,,,,,,
801,2007,19,STEPS,BLUTI,1,,,0,23,,8,,,JP,,,,,,,,,,,,,,,,,,,,,,,,,,,,,,,,,,,,,,,,,,,,
802,2007,42,STEPS,BLUTI,1,8,8,0,26,,,,,JD,,,,,,,,,,,,,,,,,,,,,,,,,,,,,,,,,,,,,,,,,,,,
803,2007,C30,STEPS,GRETI,1,,,0,26,,,,,JD,,,,,,,,,,,,,,,,,,,,,,,,,,,,,,,,,,,,,,,,,,,,
804,2007,1,STEPS,GRETI,1,,,0,29,,,,,JD,,,,,,,,,,,,,,,,,,,,,,,,,,,,,,,,,,,,,,,,,,,,
805,2007,33,STEPS,PIEFL,1,7,7,7,31,,,,,NE,V725098,01/06/2007,01/06/2007,I,1,T857960,10/05/2007,10/05/2007,I,1,29/05/2007,V725058,V725059,V725060,V725061,V725062,V725063,V725064,,,,,,,,,,,,,,,,,,,,,,,,,,
806,2007,16,STEPS,PIEFL,1,7,,6,32,,,,,NE,V725102,04/06/2007,04/06/2007,I,1,T857956,03/05/2007,03/05/2007,I,1,29/05/2007,V725037,V725038,V725039,V725040,V725041,V725042,,,,,,,,,,,,,,,,,,,,,,,,,,,
807,2007,C24,STEPS,GRETI,1,,,0,32,,9,,,JD,,,,,,,,,,,,,,,,,,,,,,,,,,,,,,,,,,,,,,,,,,,,
808,2007,C22,STEPS,PIEFL,1,6,,1,33,,,,,NE,,,,,,R678896,20/05/2007,08/06/2004,S,3,01/06/2007,V725095,V725096,V725097,,,,,,,,,,,,,,,,,,,,,,,,,,,,,,
809,2007,13,STEPS,PIEFL,1,8,7,0,34,,,,1,JD,,,,,,P464965,10/05/2007,07/06/2006,R,1,,,,,,,,,,,,,,,,,,,,,,,,,,,,,,,,,,
810,2007,A1,STEPS,PIEFL,1,8,,5,34,,,,,NE,,,,,,T857998,19/05/2007,19/05/2007,I,1,29/05/2007,V725071,V725072,V725073,V725074,V725075,V725076,,,,,,,,,,,,,,,,,,,,,,,,,,,
811,2007,26,STEPS,PIEFL,1,7,7,7,35,,,,,NE,R723383,04/06/2007,07/06/2005,I,2,R723376,10/05/2007,07/06/2005,S,2,29/05/2007,V725044,V725045,V725046,V725047,V725048,V725049,V725050,,,,,,,,,,,,,,,,,,,,,,,,,,
812,2007,28,STEPS,PIEFL,1,7,,2,35,,,,,NE,,,,,,T857999,19/05/2007,19/05/2007,I,1,04/06/2007,V725110,V725111,V725112,,,,,,,,,,,,,,,,,,,,,,,,,,,,,,
813,2007,21,STEPS,PIEFL,1,7,7,7,36,,,,,NE,R073484,04/06/2007,31/05/2003,S,5,T857556,18/05/2007,31/05/2006,S,2,04/06/2007,V725103,V725104,V725105,V725106,V725107,V725108,V725109,,,,,,,,,,,,,,,,,,,,,,,,,,
814,2007,C2,STEPS,PIEFL,1,6,5,5,36,,,,1,NE,,,,,,T858000,20/05/2007,20/05/2007,I,1,01/06/2007,V725077,V725078,V725079,V725080,V725081,,,,,,,,,,,,,,,,,,,,,,,,,,,,
815,2007,C4,STEPS,PIEFL,1,,,4,37,,5,,,NE,,,,,,T857634,29/04/2007,07/06/2006,R,1,08/06/2007,V725125,V725126,V725127,V725128,V725129,,,,,,,,,,,,,,,,,,,,,,,,,,,,
816,2007,34,STEPS,PIEFL,1,6,5,5,40,,,,,NE,V725118,08/06/2007,08/06/2007,I,1,R723979,20/05/2007,01/06/2006,I,1,08/06/2007,V725113,V725114,V725115,V725116,V725117,,,,,,,,,,,,,,,,,,,,,,,,,,,,
817,2007,A5,STEPS,PIEFL,1,7,,5,45,,,,,NE,V725150,15/06/2007,15/06/2007,I,1,V725149,15/06/2007,15/06/2007,I,1,15/05/2007,V725144,V725145,V725146,V725147,V725148,,,,,,,,,,,,,,,,,,,,,,,,,,,,
818,2007,C26,STEPS,PIEFL,1,,,6,45,,7,,1,NE,T857567,08/06/2007,02/06/2006,R,1,V725021,20/05/2007,20/05/2007,I,1,08/06/2007,V725119,V725120,V725121,V725122,V725123,V725124,,,,,,,,,,,,,,,,,,,,,,,,,,,
819,2007,C17,STEPS,PIEFL,1,7,,5,50,,,,,NE,T170628,15/06/2007,06/06/2005,S,2,V725094,01/06/2007,01/06/2007,I,1,15/06/2007,V725138,V725139,V725140,V725141,V725142,V725143,,,,,,,,,,,,,,,,,,,,,,,,,,,
820,2007,40,STEPS,PIEFL,1,5,5,1,56,,,,,RF,V725130,15/06/2007,15/06/2007,I,1,R723977,04/06/2007,01/06/2006,I,1,22/06/2007,V725151,,,,,,,,,,,,,,,,,,,,,,,,,,,,,,,,
821,2007,3,STEPS,PIEFL,1,6,,5,57,,,,,RF,V725157,22/06/2007,22/06/2007,I,1,V725101,04/06/2007,04/06/2007,I,1,22/06/2007,V725152,V725153,V725154,V725155,V725156,,,,,,,,,,,,,,,,,,,,,,,,,,,,
822,2007,18,STEPS,PIEFL,2,5,5,,64,,,,,OU,V725172,26/06/2007,26/06/2007,I,1,V725171,26/06/2007,26/06/2007,I,1,26/06/2007,V725166,V725167,V725168,V725169,V725170,,,,,,,,,,,,,,,,,,,,,,,,,,,,
823,2007,29,STEPS,PIEFL,2,4,4,0,64,,,,,JD,V725173,26/06/2007,26/06/2007,I,1,T857551,26/06/2007,31/05/2006,R,1,,,,,,,,,,,,,,,,,,,,,,,,,,,,,,,,,,
824,2007,7,STEPS,PIEFL,1,7,,5,,,,,,RF,R721442,15/06/2007,05/06/2004,S,2,V725137,15/06/2007,15/06/2007,I,1,15/06/2007,V725131,V725132,V725133,V725134,V725135,V725136,,,,,,,,,,,,,,,,,,,,,,,,,,,
825,2007,10,STEPS,BLUTI,1,,,10,,,,,,NE,,,,,,,,,,,,,,,,,,,,,,,,,,,,,,,,,,,,,,,,,,,,
826,2007,11,STEPS,BLUTI,1,,,8,,,,,,NE,,,,,,,,,,,,,,,,,,,,,,,,,,,,,,,,,,,,,,,,,,,,
827,2007,15,STEPS,BLUTI,1,,,8,,,,,,NE,,,,,,,,,,,,,,,,,,,,,,,,,,,,,,,,,,,,,,,,,,,,
828,2007,24,STEPS,BLUTI,1,,,0,,,7,,,JD,,,,,,,,,,,,,,,,,,,,,,,,,,,,,,,,,,,,,,,,,,,,
829,2007,27,STEPS,BLUTI,1,,,1,,,5,,,NE,,,,,,,,,,,,,,,,,,,,,,,,,,,,,,,,,,,,,,,,,,,,
830,2007,30,STEPS,BLUTI,1,,,10,,,11,,,NE,,,,,,,,,,,,,,,,,,,,,,,,,,,,,,,,,,,,,,,,,,,,
831,2007,30,STEPS,PIEFL,2,4,,,,,,,,OU,,,,,,T310856,15/06/2007,02/06/2005,I,2,,,,,,,,,,,,,,,,,,,,,,,,,,,,,,,,,,
832,2007,31,STEPS,BLUTI,1,,,0,,,,,,XP,,,,,,,,,,,,,,,,,,,,,,,,,,,,,,,,,,,,,,,,,,,,
833,2007,32,STEPS,BLUTI,1,,,7,,,7,,,NE,,,,,,,,,,,,,,,,,,,,,,,,,,,,,,,,,,,,,,,,,,,,
834,2007,34,STEPS,GRETI,1,,0,0,,,3,,,EU,,,,,,,,,,,,,,,,,,,,,,,,,,,,,,,,,,,,,,,,,,,,
835,2007,35,STEPS,PIEFL,2,5,,,,,,,,OU,,,,,,R970860,26/06/2007,04/06/2005,S,2,,,,,,,,,,,,,,,,,,,,,,,,,,,,,,,,,,
836,2007,37,STEPS,PIEFL,1,8,,6,,,,,,NE,T857684,01/06/2007,07/06/2006,S,2,T170997,20/05/2007,23/05/2006,S,2,29/05/2006,V725065,V725066,V725067,V725068,V725069,V725070,,,,,,,,,,,,,,,,,,,,,,,,,,,
837,2007,41,STEPS,PIEFL,1,7,,6,,,,,,NE,V725099,04/06/2007,04/06/2007,I,1,V725100,04/06/2007,04/06/2007,I,1,29/05/2007,V725031,V725032,V725033,V725034,V725035,V725036,,,,,,,,,,,,,,,,,,,,,,,,,,,
838,2007,44,STEPS,GRETI,1,8,,0,,,,,,JD,,,,,,,,,,,,,,,,,,,,,,,,,,,,,,,,,,,,,,,,,,,,
839,2007,A3,STEPS,GRETI,1,,,0,,,8,,,JD,,,,,,,,,,,,,,,,,,,,,,,,,,,,,,,,,,,,,,,,,,,,
840,2007,A8,STEPS,GRETI,1,,,0,,,7,,,JD,,,,,,,,,,,,,,,,,,,,,,,,,,,,,,,,,,,,,,,,,,,,
841,2007,A9,STEPS,PIEFL,2,5,5,,,,,,,OU,V725178,22/06/2007,22/06/2007,I,1,R723892,22/06/2007,31/05/2006,I,2,22/06/2007,V725174,V725175,V725176,V725177,,,,,,,,,,,,,,,,,,,,,,,,,,,,,
842,2007,A11,STEPS,GRETI,1,,,4,,,7,,,NE,,,,,,,,,,,,,,,,,,,,,,,,,,,,,,,,,,,,,,,,,,,,
843,2007,C8,STEPS,PIEFL,1,6,6,6,,,,,,NE,,,,,,V725011,20/05/2007,20/05/2007,I,1,01/06/2007,V725082,V725083,V725084,V725085,V725086,V725087,,,,,,,,,,,,,,,,,,,,,,,,,,,
844,2007,C10,STEPS,GRETI,1,,,1,,,,,1,NE,,,,,,,,,,,,,,,,,,,,,,,,,,,,,,,,,,,,,,,,,,,,
845,2007,C11,STEPS,PIEFL,1,6,6,6,,,,,,NE,,,,,,V725012,20/05/2007,20/05/2007,I,1,01/06/2007,V727088,V727089,V727090,V727091,V727092,V727093,,,,,,,,,,,,,,,,,,,,,,,,,,,
846,2007,C14,STEPS,BLUTI,1,,,0,,,8,,,JD,,,,,,,,,,,,,,,,,,,,,,,,,,,,,,,,,,,,,,,,,,,,
847,2007,C15,STEPS,PIEFL,1,5,5,5,,,,,,NE,,,,,,,,,,,,,,,,,,,,,,,,,,,,,,,,,,,,,,,,,,,,
848,2007,C17,STEPS,BLUTI,1,,,0,,,10,,,OU,,,,,,,,,,,,,,,,,,,,,,,,,,,,,,,,,,,,,,,,,,,,
849,2007,C29,STEPS,BLUTI,1,,,8,,,,,,NE,,,,,,,,,,,,,,,,,,,,,,,,,,,,,,,,,,,,,,,,,,,,
850,2007,C29,STEPS,PIEFL,2,5,0,0,,,,,,ED,,,,,,T857663,15/06/2007,07/06/2006,R,1,,,,,,,,,,,,,,,,,,,,,,,,,,,,,,,,,,
851,2008,8,STEPS,BLUTI,1,10,0,0,27,,,,,ED,,,,,,,,,,,,,,,,,,,,,,,,,,,,,,,,,,,,,,,,,,,,
852,2008,28,STEPS,BLUTI,1,,,9,27,,,,,NE,,,,,,,,,,,,,,,,,,,,,,,,,,,,,,,,,,,,,,,,,,,,
853,2008,27,STEPS,BLUTI,1,,0,0,31,,5,,,ED,,,,,,,,,,,,,,,,,,,,,,,,,,,,,,,,,,,,,,,,,,,,
854,2008,35,STEPS,PIEFL,1,7,,,33,,,,,OU,,,,,,V725493,20/05/2008,20/05/2008,I,1,,,,,,,,,,,,,,,,,,,,,,,,,,,,,,,,,,
855,2008,2,STEPS,BLUTI,1,,,8,,,10,,,NE,,,,,,,,,,,,,,,,,,,,,,,,,,,,,,,,,,,,,,,,,,,,
856,2008,5,STEPS,BLUTI,1,8,,,,,,,,OU,,,,,,,,,,,,,,,,,,,,,,,,,,,,,,,,,,,,,,,,,,,,
857,2008,10,STEPS,BLUTI,1,7,,,,,,,,NE,,,,,,,,,,,,,,,,,,,,,,,,,,,,,,,,,,,,,,,,,,,,
858,2008,11,STEPS,BLUTI,1,10,10,10,,,,,,NE,,,,,,,,,,,,,,,,,,,,,,,,,,,,,,,,,,,,,,,,,,,,
859,2008,13,STEPS,PIEFL,1,7,7,7,,,,,,RF,,,,,,R723823,20/05/2008,31/05/2006,I,2,,,,,,,,,,,,,,,,,,,,,,,,,,,,,,,,,,
860,2008,16,STEPS,PIEFL,1,8,,7,,,,,,RF,V725102,10/06/2008,04/06/2007,S,2,T857676,20/05/2008,07/06/2006,R,2,08/06/2008,V725508,V725509,V725510,V725511,V725512,V725513,V725514,,,,,,,,,,,,,,,,,,,,,,,,,,
861,2008,17,STEPS,BLUTI,1,,,10,,,,,,NE,,,,,,,,,,,,,,,,,,,,,,,,,,,,,,,,,,,,,,,,,,,,
862,2008,19,STEPS,PIEFL,1,7,,,,,,,,OU,,,,,,V725515,08/06/2008,08/06/2008,I,1,,,,,,,,,,,,,,,,,,,,,,,,,,,,,,,,,,
863,2008,20,STEPS,BLUTI,1,9,,,,,,,,NE,,,,,,,,,,,,,,,,,,,,,,,,,,,,,,,,,,,,,,,,,,,,
864,2008,21,STEPS,PIEFL,1,7,7,7,,,,,,RF,V272030,08/06/2008,05/06/2006,I,2,V725523,08/06/2008,08/06/2008,I,1,08/06/2008,V725516,V725517,V725518,V725519,V725520,V725521,V725522,,,,,,,,,,,,,,,,,,,,,,,,,,
865,2008,22,STEPS,BLUTI,1,,,,,,6,,,OU,,,,,,,,,,,,,,,,,,,,,,,,,,,,,,,,,,,,,,,,,,,,
866,2008,26,STEPS,BLUTI,1,7,5,4,,,,,2,NE,,,,,,,,,,,,,,,,,,,,,,,,,,,,,,,,,,,,,,,,,,,,
867,2008,30,STEPS,PIEFL,1,,,5,,,,,,RF,V725570,10/06/2008,10/06/2008,I,1,R723376,10/06/2008,07/06/2005,S,3,10/06/2008,V725524,V725525,V725526,V725527,V725528,,,,,,,,,,,,,,,,,,,,,,,,,,,,
868,2008,33,STEPS,BLUTI,1,8,,7,,,,,,NE,,,,,,,,,,,,,,,,,,,,,,,,,,,,,,,,,,,,,,,,,,,,
869,2008,34,STEPS,PIEFL,1,7,,,,,,,,OU,,,,,,R723979,20/05/2008,01/06/2006,S,2,,,,,,,,,,,,,,,,,,,,,,,,,,,,,,,,,,
870,2008,37,STEPS,PIEFL,1,8,,6,,,,,,RF,,,,,,T170997,09/06/2008,23/05/2006,S,3,09/06/2008,V725558,V725559,V725560,V725561,V725562,V725563,,,,,,,,,,,,,,,,,,,,,,,,,,,
871,2008,41,STEPS,PIEFL,1,7,,6,,,,,,RF,V725530,09/06/2008,09/06/2008,I,1,T857586,08/06/2008,02/06/2006,R,2,08/06/2008,V725495,V725496,V725497,V725498,V725499,V725500,,,,,,,,,,,,,,,,,,,,,,,,,,,
872,2008,42,STEPS,PIEFL,1,7,7,7,,,,,,RF,V725529,08/06/2008,08/06/2008,I,1,,,,,,08/06/2008,V725501,V725502,V725503,V725504,V725505,V725506,V725507,,,,,,,,,,,,,,,,,,,,,,,,,,
873,2008,44,STEPS,BLUTI,1,,,,,,10,,,NE,,,,,,,,,,,,,,,,,,,,,,,,,,,,,,,,,,,,,,,,,,,,
874,2008,A1,STEPS,GRETI,1,,,5,,,5,,,RF,,,,,,,,,,,,,,,,,,,,,,,,,,,,,,,,,,,,,,,,,,,,
875,2008,A2,STEPS,PIEFL,1,6,6,6,,,,,,RF,V725157,10/06/2008,02/06/2007,S,2,V725494,20/05/2008,20/05/2008,I,1,10/06/2008,V725564,V725565,V725566,V725567,V725568,V725569,,,,,,,,,,,,,,,,,,,,,,,,,,,
876,2008,A5,STEPS,PIEFL,1,,,5,,,5,,,RF,V725596,16/06/2008,16/06/2008,I,1,,,,,,16/06/2008,V725597,V725598,V725599,V725600,V725601,,,,,,,,,,,,,,,,,,,,,,,,,,,,
877,2008,A8,STEPS,BLUTI,1,,,,,,6,,,OU,,,,,,,,,,,,,,,,,,,,,,,,,,,,,,,,,,,,,,,,,,,,
878,2008,A9,STEPS,PIEFL,1,,0,0,,,5,,,ED,,,,,,,,,,,,,,,,,,,,,,,,,,,,,,,,,,,,,,,,,,,,
879,2008,A11,STEPS,GRETI,1,,,4,,,,,,RF,,,,,,,,,,,,,,,,,,,,,,,,,,,,,,,,,,,,,,,,,,,,
880,2008,C2,STEPS,PIEFL,1,7,,0,,,,,,JD,,,,,,V725011,20/05/2008,20/05/2007,S,2,,,,,,,,,,,,,,,,,,,,,,,,,,,,,,,,,,
881,2008,C5,STEPS,GRETI,1,,,,,,,,,OU,,,,,,,,,,,,,,,,,,,,,,,,,,,,,,,,,,,,,,,,,,,,
882,2008,C12,STEPS,PIEFL,1,7,7,7,,,,,,RF,,,,,,V725012,20/05/2008,20/05/2007,S,2,09/06/2008,V725538,V725539,V725540,V725541,V725542,V725543,V725544,,,,,,,,,,,,,,,,,,,,,,,,,,
883,2008,C13,STEPS,GRETI,1,,,6,,,,,,RF,,,,,,,,,,,,,,,,,,,,,,,,,,,,,,,,,,,,,,,,,,,,
884,2008,C15,STEPS,PIEFL,1,,,7,,,,,,RF,V725530,09/06/2008,09/06/2008,I,1,,,,,,09/06/2008,V725531,V725532,V725533,V725534,V725535,V725536,V725537,,,,,,,,,,,,,,,,,,,,,,,,,,
885,2008,C17,STEPS,PIEFL,1,,,6,,,,,,RF,T857675,09/06/2008,07/06/2006,R,2,P464800,09/06/2008,07/06/2006,R,2,09/06/2008,V725545,V725546,V725547,V725548,V725549,V725550,,,,,,,,,,,,,,,,,,,,,,,,,,,
886,2008,C20,STEPS,PIEFL,1,,0,0,,,5,,,ED,,,,,,,,,,,,,,,,,,,,,,,,,,,,,,,,,,,,,,,,,,,,
887,2008,C22,STEPS,PIEFL,1,7,7,7,,,,,,RF,V725092,09/06/2008,05/06/2007,R,1,T858000,20/05/2008,20/05/2007,S,2,09/06/2008,V725551,V725552,V725553,V725554,V725555,V725556,V725557,,,,,,,,,,,,,,,,,,,,,,,,,,
888,2008,C23,STEPS,GRETI,1,,,,,,,,,OU,,,,,,,,,,,,,,,,,,,,,,,,,,,,,,,,,,,,,,,,,,,,
889,2008,C24,STEPS,BLUTI,1,,,,,,7,,,OU,,,,,,,,,,,,,,,,,,,,,,,,,,,,,,,,,,,,,,,,,,,,
890,2009,8,STEPS,BLUTI,1,,,11,16,,,,,NE,,,,,,,,,,,,,,,,,,,,,,,,,,,,,,,,,,,,,,,,,,,,
891,2009,15,STEPS,BLUTI,1,,0,0,17,,,,10,ED,,,,,,,,,,,,,,,,,,,,,,,,,,,,,,,,,,,,,,,,,,,,
892,2009,10,STEPS,GRETI,1,7,3,3,20,,,,4,NE,,,,,,,,,,,,,,,,,,,,,,,,,,,,,,,,,,,,,,,,,,,,
893,2009,1,STEPS,BLUTI,1,9,9,9,21,,,,,NE,,,,,,,,,,,,,,,,,,,,,,,,,,,,,,,,,,,,,,,,,,,,
894,2009,3,STEPS,BLUTI,1,14,13,13,21,,,,1,NE,,,,,,,,,,,,,,,,,,,,,,,,,,,,,,,,,,,,,,,,,,,,
895,2009,4,STEPS,BLUTI,1,12,,9,21,,,,1,NE,,,,,,,,,,,,,,,,,,,,,,,,,,,,,,,,,,,,,,,,,,,,
896,2009,C25,STEPS,GRETI,1,,,7,29,,,,1,NE,,,,,,,,,,,,,,,,,,,,,,,,,,,,,,,,,,,,,,,,,,,,
897,2009,25,STEPS,BLUTI,1,10,0,0,32,,,,,ED,,,,,,,,,,,,,,,,,,,,,,,,,,,,,,,,,,,,,,,,,,,,
898,2009,C29,STEPS,PIEFL,1,,,6,32,,,,1,NE,V725905,05/06/2009,05/06/2009,I,1,V725844,22/05/2009,22/05/2009,I,1,05/06/2009,,,,,,,,,,,,,,,,,,,,,,,,,,,,,,,,,
899,2009,C17,STEPS,PIEFL,1,8,,7,33,,,,,NE,T857675,05/06/2009,07/06/2006,S,2,V001104,22/05/2009,07/06/2006,I,3,05/06/2009,V725898,V725899,V725900,V725901,V725902,V725903,V725904,,,,,,,,,,,,,,,,,,,,,,,,,,
900,2009,31,STEPS,PIEFL,1,7,4,4,34,,,,3,NE,T857567,05/06/2009,02/06/2006,S,3,T857676,08/06/2009,07/06/2006,S,3,02/06/2009,V725887,V725888,V725889,V725890,,,,,,,,,,,,,,,,,,,,,,,,,,,,,
901,2009,A8,STEPS,PIEFL,1,7,,5,34,,,,,NE,V725927,08/06/2009,08/06/2009,S,2,V725846,22/05/2009,22/05/2009,I,1,08/06/2009,V725928,V725929,,,,,,,,,,,,,,,,,,,,,,,,,,,,,,,
902,2009,C4,STEPS,PIEFL,1,7,,6,34,,,,,RF,V725530,05/06/2009,09/06/2008,S,2,V725011,13/05/2009,20/05/2007,S,3,05/06/2009,V725914,V725915,V725916,V725917,V725918,V725919,,,,,,,,,,,,,,,,,,,,,,,,,,,
903,2009,27,STEPS,PIEFL,1,7,7,7,39,,,,,NE,R723875,05/06/2009,31/05/2006,I,3,V725913,05/06/2009,05/06/2009,I,1,05/06/2009,V725906,V725907,V725908,V725909,V725910,V725911,V725912,,,,,,,,,,,,,,,,,,,,,,,,,,
904,2009,2,STEPS,PIEFL,1,7,7,7,43,,,,,NE,V725937,08/06/2009,08/06/2009,I,1,V725847,22/05/2009,22/05/2009,I,1,08/06/2009,V725938,V725939,V725940,V725941,V725942,V725943,V725944,,,,,,,,,,,,,,,,,,,,,,,,,,
905,2009,6,STEPS,PIEFL,1,7,7,5,,,,,,NE,V725157,05/06/2009,22/06/2007,S,3,V715997,22/05/2009,03/06/2008,I,1,08/06/2009,V725930,V725931,V725932,V725933,V725934,V725935,V725936,,,,,,,,,,,,,,,,,,,,,,,,,,
906,2009,18,STEPS,PIEFL,1,7,7,7,,,,,,NE,V272030,05/06/2009,05/06/2006,S,2,R723979,05/06/2009,01/06/2006,S,3,02/06/2009,V725880,V725881,V725882,V725883,V725884,V725885,V725886,,,,,,,,,,,,,,,,,,,,,,,,,,
907,2009,21,STEPS,PIEFL,1,,0,0,,,5,,,ED,,,,,,,,,,,,,,,,,,,,,,,,,,,,,,,,,,,,,,,,,,,,
908,2009,24,STEPS,BLUTI,1,,0,0,,,9,,,XP,,,,,,,,,,,,,,,,,,,,,,,,,,,,,,,,,,,,,,,,,,,,
909,2009,28,STEPS,BLUTI,1,9,9,9,,,,,,NE,,,,,,,,,,,,,,,,,,,,,,,,,,,,,,,,,,,,,,,,,,,,
910,2009,29,STEPS,BLUTI,1,9,,7,,,,,,NE,,,,,,,,,,,,,,,,,,,,,,,,,,,,,,,,,,,,,,,,,,,,
911,2009,30,STEPS,BLUTI,1,8,,5,,,,,,NE,,,,,,,,,,,,,,,,,,,,,,,,,,,,,,,,,,,,,,,,,,,,
912,2009,32,STEPS,BLUTI,1,,,11,,,,,,NE,,,,,,,,,,,,,,,,,,,,,,,,,,,,,,,,,,,,,,,,,,,,
913,2009,35,STEPS,PIEFL,1,7,7,0,,,,,,JD,,,,,,V725493,05/05/2009,20/05/2008,S,2,,,,,,,,,,,,,,,,,,,,,,,,,,,,,,,,,,
914,2009,43,STEPS,PIEFL,1,7,6,6,,,,,1,NE,V725945,08/06/2009,08/06/2009,I,1,V725879,02/06/2009,02/06/2009,I,1,12/06/2009,V725957,V725958,V725959,V725960,V725961,V725962,,,,,,,,,,,,,,,,,,,,,,,,,,,
915,2009,44,STEPS,BLUTI,1,,,0,,,,,,JD,,,,,,,,,,,,,,,,,,,,,,,,,,,,,,,,,,,,,,,,,,,,
916,2009,A1,STEPS,PIEFL,1,7,7,7,,,,,,RF,V725927,08/06/2009,08/06/2009,I,2,V725845,22/05/2009,22/05/2009,I,1,08/06/2009,V725920,V725921,V725922,V725923,V725924,V725925,V725926,,,,,,,,,,,,,,,,,,,,,,,,,,
917,2009,A4,STEPS,BLUTI,1,,,9,,,,,,NE,,,,,,,,,,,,,,,,,,,,,,,,,,,,,,,,,,,,,,,,,,,,
918,2009,A10,STEPS,GRETI,1,,,6,,,,,,RF,,,,,,,,,,,,,,,,,,,,,,,,,,,,,,,,,,,,,,,,,,,,
919,2009,C2,STEPS,GRETI,1,,,,,,,,,OU,,,,,,,,,,,,,,,,,,,,,,,,,,,,,,,,,,,,,,,,,,,,
920,2009,C8,STEPS,BLUTI,1,,,7,,,8,,,NE,,,,,,,,,,,,,,,,,,,,,,,,,,,,,,,,,,,,,,,,,,,,
921,2009,C12,STEPS,PIEFL,1,7,7,7,,,,,,RF,,,,,,T858000,02/05/2009,20/05/2007,S,3,05/06/2009,V725891,V725892,V725893,V725894,V725895,V725896,V725897,,,,,,,,,,,,,,,,,,,,,,,,,,
922,2010,51,STEPS,GRETI,1,,0,0,18,,,,4,ED,,,,,,,,,,,,,,,,,,,,,,,,,,,,,,,,,,,,,,,,,,,,
923,2010,49,STEPS,BLUTI,1,,,10,24,,,,,NE,,,,,,,,,,,,,,,,,,,,,,,,,,,,,,,,,,,,,,,,,,,,
924,2010,8,STEPS,BLUTI,1,11,,0,24,,,,,JP,,,,,,,,,,,,,,,,,,,,,,,,,,,,,,,,,,,,,,,,,,,,
925,2010,21,STEPS,BLUTI,1,11,,9,25,,,,,RF,,,,,,,,,,,,,,,,,,,,,,,,,,,,,,,,,,,,,,,,,,,,
926,2010,4,STEPS,BLUTI,1,12,12,12,26,,,,,RF,,,,,,,,,,,,,,,,,,,,,,,,,,,,,,,,,,,,,,,,,,,,
927,2010,7,STEPS,BLUTI,1,,0,0,26,,,,8,ED,,,,,,,,,,,,,,,,,,,,,,,,,,,,,,,,,,,,,,,,,,,,
928,2010,1,STEPS,BLUTI,1,11,,8,27,,,,,RF,,,,,,,,,,,,,,,,,,,,,,,,,,,,,,,,,,,,,,,,,,,,
929,2010,2,STEPS,BLUTI,1,12,0,0,27,,,,12,ED,,,,,,,,,,,,,,,,,,,,,,,,,,,,,,,,,,,,,,,,,,,,
930,2010,62,STEPS,GRETI,1,8,,6,28,,,,,RF,,,,,,,,,,,,,,,,,,,,,,,,,,,,,,,,,,,,,,,,,,,,
931,2010,23,STEPS,BLUTI,1,7,7,6,28,,,,,RF,,,,,,,,,,,,,,,,,,,,,,,,,,,,,,,,,,,,,,,,,,,,
932,2010,34,STEPS,BLUTI,1,10,,8,28,,,,,NE,,,,,,,,,,,,,,,,,,,,,,,,,,,,,,,,,,,,,,,,,,,,
933,2010,54,STEPS,GRETI,1,10,,,28,,,,,OU,,,,,,,,,,,,,,,,,,,,,,,,,,,,,,,,,,,,,,,,,,,,
934,2010,3,STEPS,BLUTI,1,11,10,10,29,,,,1,RF,,,,,,,,,,,,,,,,,,,,,,,,,,,,,,,,,,,,,,,,,,,,
935,2010,63,STEPS,BLUTI,1,11,,9,29,,,,,RF,,,,,,,,,,,,,,,,,,,,,,,,,,,,,,,,,,,,,,,,,,,,
936,2010,27,STEPS,BLUTI,1,10,,8,29,,,,,RF,,,,,,,,,,,,,,,,,,,,,,,,,,,,,,,,,,,,,,,,,,,,
937,2010,70,STEPS,BLUTI,1,12,,11,29,,,,,RF,,,,,,,,,,,,,,,,,,,,,,,,,,,,,,,,,,,,,,,,,,,,
938,2010,58,STEPS,BLUTI,1,9,9,9,31,,,,,RF,,,,,,,,,,,,,,,,,,,,,,,,,,,,,,,,,,,,,,,,,,,,
939,2010,28,STEPS,BLUTI,1,,0,0,31,,9,,,ED,,,,,,,,,,,,,,,,,,,,,,,,,,,,,,,,,,,,,,,,,,,,
940,2010,79,STEPS,BLUTI,1,,,10,31,,10,,,RF,,,,,,,,,,,,,,,,,,,,,,,,,,,,,,,,,,,,,,,,,,,,
941,2010,47,STEPS,PIEFL,1,7,7,7,34,,,,,NE,V725937,03/06/2010,08/06/2009,S,2,L327002,15/05/2010,15/05/2010,I,1,03/06/2010,L327006,L327007,L327008,L327009,L327010,L327011,L327012,,,,,,,,,,,,,,,,,,,,,,,,,,
942,2010,13,STEPS,PIEFL,1,8,8,8,34,,,,,RF,V743678,03/06/2010,08/06/2008,I,2,L327003,15/05/2010,15/05/2010,I,1,05/06/2010,L327072,L327073,L327074,L327075,L327076,L327077,L327078,L327079,,,,,,,,,,,,,,,,,,,,,,,,,
943,2010,37,STEPS,PIEFL,1,7,6,6,34,,,,1,NE,,,,,,,,,,,03/06/2010,L327043,L327044,L327045,L327046,L327047,L327048,,,,,,,,,,,,,,,,,,,,,,,,,,,
944,2010,67,STEPS,PIEFL,1,7,7,7,35,,,,,NE,,,,,,V725011,19/05/2010,20/05/2007,S,4,,,,,,,,,,,,,,,,,,,,,,,,,,,,,,,,,,
945,2010,15,STEPS,PIEFL,1,7,7,7,36,,,,,RF,,,,,,V725497,24/05/2010,08/06/2008,R,2,03/06/2010,L327014,L327015,L327016,L327017,L327018,L327019,L327020,,,,,,,,,,,,,,,,,,,,,,,,,,
946,2010,20,STEPS,PIEFL,1,7,6,6,36,,,,,RF,L327027,03/06/2010,03/06/2010,I,1,V001104,24/05/2010,07/06/2006,S,4,03/06/2010,L327021,L327022,L327023,L327024,L327025,L327026,,,,,,,,,,,,,,,,,,,,,,,,,,,
947,2010,41,STEPS,PIEFL,1,8,8,8,37,,,,,RF,L327098,08/06/2010,08/06/2010,I,1,L327001,15/05/2010,15/05/2010,I,1,05/06/2010,L327057,L327058,L327059,L327060,L327061,L327062,L327063,L327064,,,,,,,,,,,,,,,,,,,,,,,,,
948,2010,26,STEPS,PIEFL,1,7,7,7,37,,,,,RF,L327035,03/06/2010,03/06/2010,I,1,V725913,09/06/2010,05/06/2009,S,2,03/06/2010,L327028,L327029,L327030,L327031,L327032,L327033,L327034,,,,,,,,,,,,,,,,,,,,,,,,,,
949,2010,32,STEPS,PIEFL,1,7,7,7,37,,,,,RF,R723875,09/06/2010,31/05/2006,S,2,,,,,,03/06/2010,L327036,L327037,L327038,L327039,L327040,L327041,L327042,,,,,,,,,,,,,,,,,,,,,,,,,,
950,2010,77,STEPS,PIEFL,1,7,7,7,37,,,,,RF,L327049,04/06/2010,04/06/2010,I,1,,,,,,04/06/2010,L327050,L327051,L327052,L327053,L327054,L327055,L327056,,,,,,,,,,,,,,,,,,,,,,,,,,
951,2010,56,STEPS,PIEFL,1,7,7,7,38,,,,,RF,L327013,03/06/2010,03/06/2010,I,1,T858000,19/05/2010,20/05/2007,S,4,08/06/2010,L327090,L327091,L327092,L327093,L327094,L327095,L327096,,,,,,,,,,,,,,,,,,,,,,,,,,
952,2010,74,STEPS,PIEFL,1,7,7,7,38,,,,,RF,L327099,09/06/2010,09/06/2010,I,1,P464800,19/05/2010,07/06/2006,S,4,06/06/2010,L327080,L327081,L327082,L327083,L327084,L327085,L327086,,,,,,,,,,,,,,,,,,,,,,,,,,
953,2010,82,STEPS,PIEFL,1,,0,0,38,,3,,,ED,,,,,,,,,,,,,,,,,,,,,,,,,,,,,,,,,,,,,,,,,,,,
954,2010,45,STEPS,PIEFL,1,7,7,7,39,,,,,RF,L327097,08/06/2010,08/06/2010,I,1,V725847,03/06/2010,22/05/2009,S,2,05/06/2010,L327065,L327066,L327067,L327068,L327069,L327070,L327071,,,,,,,,,,,,,,,,,,,,,,,,,,
955,2010,57,STEPS,GRETI,1,,,,39,,4,,,OU,,,,,,,,,,,,,,,,,,,,,,,,,,,,,,,,,,,,,,,,,,,,
956,2010,16,STEPS,PIEFL,1,7,7,7,39,,,,,RF,X533266,03/06/2010,06/06/2009,I,1,L327005,24/05/2010,24/05/2010,I,1,,,,,,,,,,,,,,,,,,,,,,,,,,,,,,,,,,
957,2010,29,STEPS,PIEFL,1,6,3,3,44,,,,,RF,L327100,09/06/2010,09/06/2010,I,1,V725901,09/06/2010,05/06/2019,R,1,06/06/2010,L327087,L327088,L327089,,,,,,,,,,,,,,,,,,,,,,,,,,,,,,
958,2010,5,STEPS,BLUTI,2,,,,,,,,,OU,,,,,,,,,,,,,,,,,,,,,,,,,,,,,,,,,,,,,,,,,,,,
959,2010,46,STEPS,GRETI,1,,,,,,2,,,OU,,,,,,,,,,,,,,,,,,,,,,,,,,,,,,,,,,,,,,,,,,,,
960,2010,14,STEPS,BLUTI,2,,,,,,6,,,OU,,,,,,,,,,,,,,,,,,,,,,,,,,,,,,,,,,,,,,,,,,,,
961,2010,17,STEPS,BLUTI,1,,0,0,,,4,,,ED,,,,,,,,,,,,,,,,,,,,,,,,,,,,,,,,,,,,,,,,,,,,
962,2010,24,STEPS,BLUTI,1,,,,,,,,,OU,,,,,,,,,,,,,,,,,,,,,,,,,,,,,,,,,,,,,,,,,,,,
963,2010,30,STEPS,GRETI,1,8,8,8,,,,,,RF,,,,,,,,,,,,,,,,,,,,,,,,,,,,,,,,,,,,,,,,,,,,
964,2010,31,STEPS,BLUTI,1,,,3,,,5,,2,NE,,,,,,,,,,,,,,,,,,,,,,,,,,,,,,,,,,,,,,,,,,,,
965,2010,36,STEPS,BLUTI,1,,,7,,,,,,NE,,,,,,,,,,,,,,,,,,,,,,,,,,,,,,,,,,,,,,,,,,,,
966,2010,55,STEPS,BLUTI,1,,0,0,,,,,3,ED,,,,,,,,,,,,,,,,,,,,,,,,,,,,,,,,,,,,,,,,,,,,
967,2010,65,STEPS,PIEFL,1,7,,3,,,,,,NE,,,,,,L327004,19/05/2010,19/05/2010,I,1,,,,,,,,,,,,,,,,,,,,,,,,,,,,,,,,,,
968,2010,80,STEPS,GRETI,1,,0,0,,,7,,1,EP,,,,,,,,,,,,,,,,,,,,,,,,,,,,,,,,,,,,,,,,,,,,
969,2011,57,STEPS,BLUTI,1,,,9,11,,,,2,NE,,,,,,,,,,,,,,,,,,,,,,,,,,,,,,,,,,,,,,,,,,,,
970,2011,5,BRWD,BLUTI,1,15,,,12,,,,,OU,,,,,,,,,,,,,,,,,,,,,,,,,,,,,,,,,,,,,,,,,,,,
971,2011,2,STEPS,BLUTI,1,11,10,10,16,,,,,NE,,,,,,,,,,,,,,,,,,,,,,,,,,,,,,,,,,,,,,,,,,,,
972,2011,38,BRWD,BLUTI,1,11,,,16,40,,,,OU,,,,,,,,,,,,,,,,,,,,,,,,,,,,,,,,,,,,,,,,,,,,
973,2011,73,STEPS,GRETI,1,,,9,17,,,,,NE,,,,,,,,,,,,,,,,,,,,,,,,,,,,,,,,,,,,,,,,,,,,
974,2011,7,STEPS,BLUTI,1,,,7,18,,,,,NE,,,,,,,,,,,,,,,,,,,,,,,,,,,,,,,,,,,,,,,,,,,,
975,2011,40,STEPS,GRETI,1,,,8,18,,10,,,NE,,,,,,,,,,,,,,,,,,,,,,,,,,,,,,,,,,,,,,,,,,,,
976,2011,48,STEPS,GRETI,1,,,7,18,,7,,,NE,,,,,,,,,,,,,,,,,,,,,,,,,,,,,,,,,,,,,,,,,,,,
977,2011,2,BRWD,BLUTI,1,11,11,,18,40,,,,OU,,,,,,,,,,,,,,,,,,,,,,,,,,,,,,,,,,,,,,,,,,,,
978,2011,50,BRWD,BLUTI,1,10,,,18,40,,,,OU,,,,,,,,,,,,,,,,,,,,,,,,,,,,,,,,,,,,,,,,,,,,
979,2011,9,BRWD,BLUTI,1,10,,,19,,,,,OU,,,,,,,,,,,,,,,,,,,,,,,,,,,,,,,,,,,,,,,,,,,,
980,2011,24,STEPS,BLUTI,1,8,,7,20,,,,,NE,,,,,,,,,,,,,,,,,,,,,,,,,,,,,,,,,,,,,,,,,,,,
981,2011,80,STEPS,BLUTI,1,11,11,11,20,,,,,NE,,,,,,,,,,,,,,,,,,,,,,,,,,,,,,,,,,,,,,,,,,,,
982,2011,14,BRWD,BLUTI,1,9,9,,21,,,,,OU,,,,,,,,,,,,,,,,,,,,,,,,,,,,,,,,,,,,,,,,,,,,
983,2011,26,BRWD,BLUTI,1,9,9,,22,,,,,OU,,,,,,,,,,,,,,,,,,,,,,,,,,,,,,,,,,,,,,,,,,,,
984,2011,52,BRWD,GRETI,1,7,,,22,,,,,OU,,,,,,,,,,,,,,,,,,,,,,,,,,,,,,,,,,,,,,,,,,,,
985,2011,31,BRWD,BLUTI,1,9,9,,23,,,,,OU,,,,,,,,,,,,,,,,,,,,,,,,,,,,,,,,,,,,,,,,,,,,
986,2011,40,BRWD,BLUTI,1,6,,,23,,,,,OU,,,,,,,,,,,,,,,,,,,,,,,,,,,,,,,,,,,,,,,,,,,,
987,2011,49,BRWD,PIEFL,1,,0,0,25,,,,4,EP,,,,,,,,,,,,,,,,,,,,,,,,,,,,,,,,,,,,,,,,,,,,
988,2011,59,BRWD,BLUTI,1,11,,,25,,,,,OU,,,,,,,,,,,,,,,,,,,,,,,,,,,,,,,,,,,,,,,,,,,,
989,2011,11,BRWD,PIEFL,1,8,8,8,26,,,,,NE,,,,,,T857586,15/05/2011,02/06/2006,S,5,24/05/2011,X783887,X783888,X783889,X783890,X783891,X783892,X783893,X783894,,,,,,,,,,,,,,,,,,,,,,,,,
990,2011,44,BRWD,PIEFL,1,8,8,8,26,,,,,NE,,,,,,,,,,,29/05/2011,X783908,X783909,X783910,X783911,X783912,X783913,X783914,X783915,,,,,,,,,,,,,,,,,,,,,,,,,
991,2011,28,BRWD,BLUTI,1,8,,,26,,,,2,OU,,,,,,,,,,,,,,,,,,,,,,,,,,,,,,,,,,,,,,,,,,,,
992,2011,46,BRWD,BLUTI,1,9,,,27,,,,,OU,,,,,,,,,,,,,,,,,,,,,,,,,,,,,,,,,,,,,,,,,,,,
993,2011,83,STEPS,BLUTI,1,11,11,6,28,,,,,NE,,,,,,,,,,,,,,,,,,,,,,,,,,,,,,,,,,,,,,,,,,,,
994,2011,18,BRWD,PIEFL,1,6,5,5,29,,,,1,NE,X783900,29/05/2011,29/05/2011,I,1,T857577,15/05/2011,02/06/2006,R,5,29/05/2011,X783895,X783896,X783897,X783898,X783899,,,,,,,,,,,,,,,,,,,,,,,,,,,,
995,2011,21,STEPS,PIEFL,1,8,7,7,29,,,,1,NE,L327359,28/05/2011,28/05/2011,I,1,L327208,15/05/2011,15/05/2011,I,1,28/05/2011,L327360,L327361,L327362,L327363,L327364,L327365,L327366,,,,,,,,,,,,,,,,,,,,,,,,,,
996,2011,47,STEPS,PIEFL,1,8,0,0,29,,,,,EP,,,,,,L327206,15/05/2011,15/05/2011,I,1,,,,,,,,,,,,,,,,,,,,,,,,,,,,,,,,,,
997,2011,15,STEPS,PIEFL,1,7,7,7,30,,,,,NE,,,,,,L327207,15/05/2011,15/05/2011,I,1,28/05/2011,L327352,L327353,L327354,L327355,L327356,L327357,L327358,,,,,,,,,,,,,,,,,,,,,,,,,,
998,2011,63,STEPS,PIEFL,1,8,7,6,30,,,,1,NE,,,,,,L327212,15/05/2011,15/05/2011,I,1,28/05/2011,L327374,L327375,L327376,L327377,L327378,L327379,L327380,,,,,,,,,,,,,,,,,,,,,,,,,,
999,2011,78,STEPS,PIEFL,1,7,,6,30,,,,,NE,L327323,01/06/2011,01/06/2011,I,1,L327202,15/05/2011,12/05/2011,I,1,27/05/2011,L327317,L327318,L327319,L327320,L327321,L327322,,,,,,,,,,,,,,,,,,,,,,,,,,,
1000,2011,1,STEPS,PIEFL,1,7,7,7,31,,,,,NE,L261944,26/05/2011,06/06/2010,I,1,L327205,15/05/2011,15/05/2011,I,1,28/05/2011,L327331,L327332,L327333,L327334,L327335,L327336,L327337,,,,,,,,,,,,,,,,,,,,,,,,,,
1001,2011,8,STEPS,PIEFL,1,7,7,7,31,,,,,NE,L327288,26/05/2011,26/05/2011,I,1,L327182,05/05/2011,05/05/2011,I,1,28/05/2011,L327338,L327339,L327340,L327341,L327342,L327343,L327344,,,,,,,,,,,,,,,,,,,,,,,,,,
1002,2011,43,STEPS,PIEFL,1,7,7,7,31,,,,,NE,V743678,28/05/2011,08/06/2008,S,2,L327204,15/05/2011,15/05/2011,I,1,28/05/2011,L327324,L327325,L327326,L327327,L327328,L327329,L327330,,,,,,,,,,,,,,,,,,,,,,,,,,
1003,2011,82,STEPS,PIEFL,1,8,8,8,31,,,,,NE,L327049,27/05/2011,04/06/2010,S,2,L327201,12/05/2011,12/05/2011,I,1,01/06/2011,L327394,L327395,L327396,L327397,L327398,L327399,L327400,L327401,,,,,,,,,,,,,,,,,,,,,,,,,
1004,2011,35,BRWD,PIEFL,1,,0,0,33,,,,,EP,,,,,,,,,,,,,,,,,,,,,,,,,,,,,,,,,,,,,,,,,,,,
1005,2011,42,BRWD,PIEFL,1,9,9,7,33,,,,,NE,,,,,,X783827,15/05/2011,15/05/2011,I,1,03/06/2011,X783925,X783926,X783927,X783928,X783929,X783930,X783931,,,,,,,,,,,,,,,,,,,,,,,,,,
1006,2011,22,STEPS,PIEFL,1,7,7,6,33,,,,,NE,L327035,28/05/2011,03/06/2010,S,2,L327209,15/05/2011,15/05/2011,I,1,28/05/2011,L327367,L327368,L327369,L327370,L327371,L327372,L327373,,,,,,,,,,,,,,,,,,,,,,,,,,
1007,2011,71,STEPS,PIEFL,1,7,7,7,34,,,,,NE,L327388,01/06/2011,01/06/2011,I,1,P464800,12/05/2011,07/06/2006,S,5,01/06/2011,L327381,L327382,L327383,L327384,L327385,L327386,L327387,,,,,,,,,,,,,,,,,,,,,,,,,,
1008,2011,75,STEPS,PIEFL,1,7,5,5,34,,,,2,NE,,,,,,L327203,12/05/2011,12/05/2011,I,1,01/06/2011,L327389,L327390,L327391,L327392,L327393,,,,,,,,,,,,,,,,,,,,,,,,,,,,
1009,2011,54,BRWD,PIEFL,1,7,6,,37,,,,1,OU,X783924,03/06/2011,03/06/2011,I,1,X783828,15/05/2011,15/05/2011,I,1,03/06/2011,X783918,X783919,X783920,X783921,X783922,X783923,,,,,,,,,,,,,,,,,,,,,,,,,,,
1010,2011,1,BRWD,PIEFL,1,7,7,,40,,,,,OU,X533360,08/06/2011,10/06/2009,I,2,X783947,08/06/2011,08/06/2011,I,1,08/06/2011,X783940,X783941,X783942,X783943,X783944,X783945,X783946,,,,,,,,,,,,,,,,,,,,,,,,,,
1011,2011,37,BRWD,PIEFL,2,8,0,0,46,,,,,ED,,,,,,,,,,,,,,,,,,,,,,,,,,,,,,,,,,,,,,,,,,,,
1012,2011,5,STEPS,PIEFL,1,6,6,2,56,,,,,NE,L327424,20/06/2011,20/06/2011,I,1,L327423,16/06/2011,16/06/2011,I,1,22/06/2011,L327426,L327427,L327428,L327429,,,,,,,,,,,,,,,,,,,,,,,,,,,,,
1013,2011,47,STEPS,PIEFL,1,6,6,4,60,,,,,NE,L327474,27/06/2011,27/06/2011,I,1,L327422,05/06/2011,05/06/2011,I,1,27/06/2011,L327468,L327469,L327470,L327471,L327472,L327473,,,,,,,,,,,,,,,,,,,,,,,,,,,
1014,2011,64,STEPS,REDST,2,,,5,66,,,,,NE,L327480,28/06/2011,28/06/2011,I,1,L327425,22/06/2011,22/06/2011,I,1,28/06/2011,L327475,L327476,L327477,L327478,L327479,,,,,,,,,,,,,,,,,,,,,,,,,,,,
1015,2011,6,BRWD,PIEFL,1,4,2,2,,,,,,NE,,,,,,,,,,,,,,,,,,,,,,,,,,,,,,,,,,,,,,,,,,,,
1016,2011,20,BRWD,PIEFL,1,6,6,5,,,,,,NE,X783907,29/05/2011,29/05/2011,I,1,X783906,29/05/2011,29/05/2011,I,1,29/05/2011,X783901,X783902,X783903,X783904,X783905,,,,,,,,,,,,,,,,,,,,,,,,,,,,
1017,2011,3,STEPS,BLUTI,1,,0,0,,,,,10,ED,,,,,,,,,,,,,,,,,,,,,,,,,,,,,,,,,,,,,,,,,,,,
1018,2011,13,STEPS,PIEFL,1,8,,7,,,,,,NE,L327289,26/05/2011,26/05/2011,I,1,L327012,05/05/2011,03/06/2010,R,1,28/05/2011,L327345,L327346,L327347,L327348,L327349,L327350,L327351,,,,,,,,,,,,,,,,,,,,,,,,,,
1019,2011,17,STEPS,BLUTI,1,,,9,,,,,,NE,,,,,,,,,,,,,,,,,,,,,,,,,,,,,,,,,,,,,,,,,,,,
1020,2011,18,STEPS,PIEFL,1,7,6,6,,,,,,NE,L327359,28/05/2011,28/05/2011,I,1,V725497,05/05/2011,08/06/2008,S,3,26/05/2011,L327290,L327291,L327292,L327293,L327294,L327295,,,,,,,,,,,,,,,,,,,,,,,,,,,
1021,2011,20,STEPS,GRETI,1,6,,2,,,,,,NE,,,,,,,,,,,,,,,,,,,,,,,,,,,,,,,,,,,,,,,,,,,,
1022,2011,25,STEPS,PIEFL,1,7,7,7,,,,,,NE,L327021,28/05/2011,03/06/2010,R,1,L261794,12/05/2011,04/06/2010,I,1,26/05/2011,L327296,L327297,L327298,L327299,L327300,L327301,L327302,,,,,,,,,,,,,,,,,,,,,,,,,,
1023,2011,27,STEPS,BLUTI,1,,,10,,,,,,NE,,,,,,,,,,,,,,,,,,,,,,,,,,,,,,,,,,,,,,,,,,,,
1024,2011,28,STEPS,PIEFL,1,8,8,8,,,,,,NE,L327259,24/05/2011,24/05/2011,I,1,R723979,15/05/2011,01/06/2006,S,5,24/05/2011,L327260,L327261,L327262,L327263,L327264,L327265,L327266,L327267,,,,,,,,,,,,,,,,,,,,,,,,,
1025,2011,29,STEPS,PIEFL,1,7,,6,,,,,,NE,L327303,26/05/2011,26/05/2011,I,1,L327210,15/05/2011,15/05/2011,I,1,24/05/2011,L327268,L327269,L327270,L327271,L327272,L327273,,,,,,,,,,,,,,,,,,,,,,,,,,,
1026,2011,30,STEPS,BLUTI,1,8,4,4,,,,,4,NE,,,,,,,,,,,,,,,,,,,,,,,,,,,,,,,,,,,,,,,,,,,,
1027,2011,31,STEPS,BLUTI,1,9,0,0,,,,,9,ED,,,,,,,,,,,,,,,,,,,,,,,,,,,,,,,,,,,,,,,,,,,,
1028,2011,34,STEPS,PIEFL,1,8,8,8,,,,,,NE,X321963,24/05/2011,07/06/2009,I,2,L327211,15/05/2011,15/05/2011,I,1,24/05/2011,L327274,L327275,L327276,L327277,L327278,L327279,L327280,L327281,,,,,,,,,,,,,,,,,,,,,,,,,
1029,2011,37,STEPS,PIEFL,1,7,7,7,,,,,,NE,T857567,26/05/2011,02/06/2006,S,5,L261865,12/05/2011,05/06/2010,I,1,26/05/2011,L327304,L327305,L327306,L327307,L327308,,,,,,,,,,,,,,,,,,,,,,,,,,,,
1030,2011,41,STEPS,PIEFL,1,7,,6,,,,,,NE,L327098,26/05/2011,08/06/2010,S,2,L327181,05/05/2011,05/05/2011,I,1,26/05/2011,L327282,L327283,L327284,L327285,L327286,L327287,,,,,,,,,,,,,,,,,,,,,,,,,,,
1031,2011,49,STEPS,BLUTI,1,5,5,5,,,,,,NE,,,,,,,,,,,,,,,,,,,,,,,,,,,,,,,,,,,,,,,,,,,,
1032,2011,50,STEPS,GRETI,1,,,2,,,,,1,NE,,,,,,,,,,,,,,,,,,,,,,,,,,,,,,,,,,,,,,,,,,,,
1033,2011,51,STEPS,BLUTI,1,10,,8,,,,,,NE,,,,,,,,,,,,,,,,,,,,,,,,,,,,,,,,,,,,,,,,,,,,
1034,2011,55,STEPS,GRETI,1,11,,4,,,,,1,NE,,,,,,,,,,,,,,,,,,,,,,,,,,,,,,,,,,,,,,,,,,,,
1035,2011,56,STEPS,PIEFL,1,8,8,6,,,,,,NE,L327258,24/05/2011,24/05/2011,I,1,V725913,15/05/2011,05/06/2009,S,3,24/05/2011,L327250,L327251,L327252,L327253,L327254,L327255,L327256,L327257,,,,,,,,,,,,,,,,,,,,,,,,,
1036,2011,59,STEPS,GRETI,1,11,11,10,,,,,,NE,,,,,,,,,,,,,,,,,,,,,,,,,,,,,,,,,,,,,,,,,,,,
1037,2011,62,STEPS,GRETI,1,,,8,,,,,,NE,,,,,,,,,,,,,,,,,,,,,,,,,,,,,,,,,,,,,,,,,,,,
1038,2011,67,STEPS,PIEFL,1,8,8,8,,,,,,NE,L327100,26/05/2011,09/06/2010,S,2,L327183,05/05/2011,05/05/2011,I,1,26/05/2011,L327309,L327310,L327311,L327312,L327313,L327314,L327315,L327316,,,,,,,,,,,,,,,,,,,,,,,,,
1039,2011,79,STEPS,GRETI,1,,,8,,,,,,NE,,,,,,,,,,,,,,,,,,,,,,,,,,,,,,,,,,,,,,,,,,,,
1040,2011,17,BRWD,BLUTI,1,9,9,,,,,,,OU,,,,,,,,,,,,,,,,,,,,,,,,,,,,,,,,,,,,,,,,,,,,
1041,2011,21,BRWD,GRETI,1,7,0,0,,,,,,ED,,,,,,,,,,,,,,,,,,,,,,,,,,,,,,,,,,,,,,,,,,,,
1042,2011,24,BRWD,BLUTI,1,9,,,,,,,,OU,,,,,,,,,,,,,,,,,,,,,,,,,,,,,,,,,,,,,,,,,,,,
1043,2011,30,BRWD,BLUTI,1,13,13,,,,,,,OU,,,,,,,,,,,,,,,,,,,,,,,,,,,,,,,,,,,,,,,,,,,,
1044,2011,33,BRWD,GRETI,1,7,7,,,,,,,OU,,,,,,,,,,,,,,,,,,,,,,,,,,,,,,,,,,,,,,,,,,,,
1045,2011,34,BRWD,BLUTI,1,11,,,,,,,,OU,,,,,,,,,,,,,,,,,,,,,,,,,,,,,,,,,,,,,,,,,,,,
1046,2011,56,BRWD,BLUTI,1,11,11,,,40,,,,OU,,,,,,,,,,,,,,,,,,,,,,,,,,,,,,,,,,,,,,,,,,,,
1047,2011,60,BRWD,BLUTI,1,,0,0,,,3,,3,ED,,,,,,,,,,,,,,,,,,,,,,,,,,,,,,,,,,,,,,,,,,,,
1048,2012,3,STEPS,GRETI,1,,,5,15,,6,,,NE,,,,,,,,,,,,,,,,,,,,,,,,,,,,,,,,,,,,,,,,,,,,
1049,2012,4,STEPS,BLUTI,1,6,,4,17,,,,,NE,,,,,,,,,,,,,,,,,,,,,,,,,,,,,,,,,,,,,,,,,,,,
1050,2012,2,STEPS,BLUTI,1,4,,3,18,,,,,NE,,,,,,,,,,,,,,,,,,,,,,,,,,,,,,,,,,,,,,,,,,,,
1051,2012,61,STEPS,GRETI,1,6,5,3,20,,,,,NE,,,,,,,,,,,,,,,,,,,,,,,,,,,,,,,,,,,,,,,,,,,,
1052,2012,11,STEPS,BLUTI,1,,,5,21,,1,,,NE,,,,,,,,,,,,,,,,,,,,,,,,,,,,,,,,,,,,,,,,,,,,
1053,2012,48,STEPS,GRETI,1,7,,4,21,,,,,NE,,,,,,,,,,,,,,,,,,,,,,,,,,,,,,,,,,,,,,,,,,,,
1054,2012,57,STEPS,BLUTI,1,,0,0,21,,6,,,ED,,,,,,,,,,,,,,,,,,,,,,,,,,,,,,,,,,,,,,,,,,,,
1055,2012,20,STEPS,GRETI,1,,0,0,22,,6,,,ED,,,,,,,,,,,,,,,,,,,,,,,,,,,,,,,,,,,,,,,,,,,,
1056,2012,39,STEPS,BLUTI,1,8,5,5,24,,,,3,NE,,,,,,,,,,,,,,,,,,,,,,,,,,,,,,,,,,,,,,,,,,,,
1057,2012,51,STEPS,BLUTI,1,,,8,24,,10,,,NE,,,,,,,,,,,,,,,,,,,,,,,,,,,,,,,,,,,,,,,,,,,,
1058,2012,49,STEPS,BLUTI,1,,,0,25,,6,,,JD,,,,,,,,,,,,,,,,,,,,,,,,,,,,,,,,,,,,,,,,,,,,
1059,2012,5,STEPS,BLUTI,1,7,6,6,26,,1,,,NE,,,,,,,,,,,,,,,,,,,,,,,,,,,,,,,,,,,,,,,,,,,,
1060,2012,24,STEPS,BLUTI,1,,0,0,27,,3,,,ED,,,,,,,,,,,,,,,,,,,,,,,,,,,,,,,,,,,,,,,,,,,,
1061,2012,30,STEPS,BLUTI,1,8,8,6,27,,,,,NE,,,,,,,,,,,,,,,,,,,,,,,,,,,,,,,,,,,,,,,,,,,,
1062,2012,19,STEPS,BLUTI,1,11,,9,28,,,,,NE,,,,,,,,,,,,,,,,,,,,,,,,,,,,,,,,,,,,,,,,,,,,
1063,2012,81,STEPS,GRETI,1,4,,2,28,,,,,NE,,,,,,,,,,,,,,,,,,,,,,,,,,,,,,,,,,,,,,,,,,,,
1064,2012,42,STEPS,GRETI,1,6,6,6,32,,,,,NE,,,,,,,,,,,,,,,,,,,,,,,,,,,,,,,,,,,,,,,,,,,,
1065,2012,58,STEPS,BLUTI,1,8,,7,32,,,,,NE,,,,,,,,,,,,,,,,,,,,,,,,,,,,,,,,,,,,,,,,,,,,
1066,2012,15,STEPS,BLUTI,1,,,8,33,,8,,,NE,,,,,,,,,,,,,,,,,,,,,,,,,,,,,,,,,,,,,,,,,,,,
1067,2012,59,STEPS,GRETI,1,7,7,6,33,,,,,NE,,,,,,,,,,,,,,,,,,,,,,,,,,,,,,,,,,,,,,,,,,,,
1068,2012,56,STEPS,PIEFL,1,6,5,5,34,,,,1,NE,Y582643,04/06/2012,04/06/2012,I,1,Y582715,06/06/2012,06/06/2012,I,1,30/05/2018,Y582606,Y582607,Y582608,Y582609,Y582610,,,,,,,,,,,,,,,,,,,,,,,,,,,,
1069,2012,58,BRWD,PIEFL,1,7,,6,35,,,,,NE,L327258,06/06/2012,24/05/2011,S,2,Y220093,04/06/2012,04/06/2012,I,1,04/06/2012,Y220201,Y220202,Y220203,Y220204,Y220205,Y220206,,,,,,,,,,,,,,,,,,,,,,,,,,,
1070,2012,29,STEPS,BLUTI,1,6,6,6,35,,,,,NE,,,,,,,,,,,,,,,,,,,,,,,,,,,,,,,,,,,,,,,,,,,,
1071,2012,1,BRWD,PIEFL,1,8,8,2,36,,,,,NE,Y220072,04/06/2012,04/06/2012,I,1,T857586,27/05/2012,02/06/2006,S,6,06/06/2012,Y220230,Y220231,Y220232,Y220233,Y220234,Y220235,,,,,,,,,,,,,,,,,,,,,,,,,,,
1072,2012,5,BRWD,PIEFL,1,7,,0,36,65,,,,JP,,,,,,Y220073,04/06/2012,04/06/2012,I,1,,,,,,,,,,,,,,,,,,,,,,,,,,,,,,,,,,
1073,2012,11,BRWD,PIEFL,1,7,7,6,36,,,,,NE,Y220228,06/06/2012,06/06/2012,I,1,Y220246,09/06/2012,09/06/2012,I,1,04/06/2012,Y220074,Y220075,Y220076,Y220077,Y220078,Y220079,,,,,,,,,,,,,,,,,,,,,,,,,,,
1074,2012,7,STEPS,BLUTI,1,6,6,6,36,,,,,NE,,,,,,,,,,,,,,,,,,,,,,,,,,,,,,,,,,,,,,,,,,,,
1075,2012,17,STEPS,BLUTI,1,,0,0,36,,8,,,ED,,,,,,,,,,,,,,,,,,,,,,,,,,,,,,,,,,,,,,,,,,,,
1076,2012,33,STEPS,BLUTI,1,,,8,36,,,,,NE,,,,,,,,,,,,,,,,,,,,,,,,,,,,,,,,,,,,,,,,,,,,
1077,2012,73,STEPS,BLUTI,1,,,7,36,,,,,NE,,,,,,,,,,,,,,,,,,,,,,,,,,,,,,,,,,,,,,,,,,,,
1078,2012,16,STEPS,BLUTI,1,,0,0,37,,7,,,ED,,,,,,,,,,,,,,,,,,,,,,,,,,,,,,,,,,,,,,,,,,,,
1079,2012,31,STEPS,PIEFL,1,7,7,7,37,,,,,NE,Y582672,04/06/2012,04/06/2012,I,1,L327208,12/05/2012,15/05/2011,S,2,04/06/2012,Y582665,Y582666,Y582667,Y582668,Y582669,Y582670,Y582671,,,,,,,,,,,,,,,,,,,,,,,,,,
1080,2012,34,STEPS,PIEFL,1,6,6,6,37,,,,,NE,Y582679,04/06/2012,04/06/2012,I,1,Y582590,18/05/2012,18/05/2012,I,1,04/06/2012,Y582673,Y582674,Y582675,Y582676,Y582677,Y582678,,,,,,,,,,,,,,,,,,,,,,,,,,,
1081,2012,37,STEPS,PIEFL,1,7,7,6,37,,,,,NE,Y582680,04/06/2012,04/06/2012,I,1,Y582567,12/05/2012,12/05/2012,I,1,04/06/2012,Y582681,Y582682,Y582683,Y582684,Y582685,Y582686,Y582687,,,,,,,,,,,,,,,,,,,,,,,,,,
1082,2012,45,STEPS,PIEFL,1,7,7,7,37,,,,,NE,L261944,04/06/2012,06/06/2010,S,2,Y582601,24/05/2012,24/05/2012,I,1,04/06/2012,Y582644,Y582645,Y582646,Y582647,Y582648,Y582649,Y582650,,,,,,,,,,,,,,,,,,,,,,,,,,
1083,2012,63,STEPS,PIEFL,1,7,7,7,37,,,,,NE,L327044,04/06/2012,03/06/2010,R,2,V725913,06/05/2012,05/06/2009,S,4,04/06/2012,Y582636,Y582637,Y582638,Y582639,Y582640,Y582641,Y582642,,,,,,,,,,,,,,,,,,,,,,,,,,
1084,2012,41,STEPS,PIEFL,1,7,6,6,38,,,,1,NE,L327098,04/06/2012,04/06/2010,S,3,L327181,30/05/2012,05/05/2011,S,2,04/06/2012,Y582651,Y582652,Y582653,Y582654,Y582655,Y582656,,,,,,,,,,,,,,,,,,,,,,,,,,,
1085,2012,7,BRWD,PIEFL,1,7,7,7,39,,,,,NE,L327474,04/06/2012,27/06/2011,S,2,Y220058,27/05/2012,27/05/2012,I,1,06/06/2012,Y220221,Y220222,Y220223,Y220224,Y220225,Y220226,Y220227,,,,,,,,,,,,,,,,,,,,,,,,,,
1086,2012,22,BRWD,PIEFL,1,7,7,7,39,,,,,NE,X783900,09/06/2012,29/05/2011,S,2,L327045,09/06/2012,03/06/2010,R,1,09/06/2012,Y220255,Y220256,Y220257,Y220258,Y220259,Y220260,Y220261,,,,,,,,,,,,,,,,,,,,,,,,,,
1087,2012,44,BRWD,PIEFL,1,8,8,5,39,,,,,NE,Y220292,09/06/2012,09/06/2012,I,1,L327206,09/06/2012,15/05/2011,S,2,09/06/2012,Y220286,Y220287,Y220288,Y220289,Y220290,Y220291,,,,,,,,,,,,,,,,,,,,,,,,,,,
1088,2012,8,STEPS,PIEFL,1,7,7,7,39,,,,,NE,L327288,04/06/2012,26/05/2011,S,2,Y582565,12/05/2012,12/05/2012,I,1,06/06/2012,Y582707,Y582708,Y582709,Y582710,Y582711,Y582712,Y582713,,,,,,,,,,,,,,,,,,,,,,,,,,
1089,2012,13,STEPS,PIEFL,1,7,6,5,39,60,,,1,NE,Y582658,04/06/2012,04/06/2012,I,1,L327266,04/06/2012,28/05/2011,R,1,06/06/2012,Y582701,Y582702,Y582703,Y582704,Y582705,Y582706,,,,,,,,,,,,,,,,,,,,,,,,,,,
1090,2012,21,STEPS,PIEFL,1,6,6,6,39,,,,,NE,L327359,04/06/2012,28/05/2011,S,2,Y582602,24/05/2012,24/05/2012,I,1,04/06/2012,Y582659,Y582660,Y582661,Y582662,Y582663,Y582664,,,,,,,,,,,,,,,,,,,,,,,,,,,
1091,2012,27,STEPS,BLUTI,1,8,8,8,39,,,,,NE,,,,,,,,,,,,,,,,,,,,,,,,,,,,,,,,,,,,,,,,,,,,
1092,2012,75,STEPS,PIEFL,1,7,7,7,39,,,,,NE,Y582688,04/06/2012,04/06/2012,I,1,L261865,18/05/2012,05/06/2010,S,2,04/06/2012,Y582689,Y582690,Y582691,Y582692,Y582693,Y582694,Y582695,,,,,,,,,,,,,,,,,,,,,,,,,,
1093,2012,80,STEPS,PIEFL,1,7,6,6,40,,,,1,NE,L327323,06/06/2012,27/05/2011,S,2,L327202,16/05/2012,12/05/2011,S,2,06/06/2012,Y582724,Y582725,Y582726,Y582727,Y582728,Y582729,,,,,,,,,,,,,,,,,,,,,,,,,,,
1094,2012,30,BRWD,PIEFL,1,7,7,4,41,,,,,NE,,,,,,Y220277,09/06/2012,09/06/2012,I,1,09/06/2012,Y220270,Y220271,Y220272,Y220273,Y220274,Y220275,Y220276,,,,,,,,,,,,,,,,,,,,,,,,,,
1095,2012,47,BRWD,PIEFL,1,6,6,0,41,,,,,JD,,,,,,,,,,,,,,,,,,,,,,,,,,,,,,,,,,,,,,,,,,,,
1096,2012,1,STEPS,PIEFL,1,6,5,5,41,,,,1,NE,Y582657,04/06/2012,04/06/2012,I,1,L327205,24/05/2012,15/05/2011,S,2,04/06/2012,Y582696,Y582697,Y582698,Y582699,Y582700,,,,,,,,,,,,,,,,,,,,,,,,,,,,
1097,2012,54,STEPS,PIEFL,1,7,7,7,41,,,,,NE,Y582723,06/06/2012,06/06/2012,I,1,Y582591,18/05/2012,18/05/2012,I,1,06/06/2012,Y582716,Y582717,Y582718,Y582719,Y582720,Y582721,Y582722,,,,,,,,,,,,,,,,,,,,,,,,,,
1098,2012,64,STEPS,PIEFL,1,7,,6,41,,,,,NE,L327100,08/06/2012,09/06/2010,S,3,V725890,18/05/2012,02/06/2009,R,3,08/06/2012,Y582771,Y582772,Y582773,Y582774,Y582775,Y582776,,,,,,,,,,,,,,,,,,,,,,,,,,,
1099,2012,76,STEPS,PIEFL,1,7,7,7,41,,,,,NE,L261951,06/06/2012,07/06/2010,I,2,L261970,30/05/2012,07/06/2010,I,2,06/06/2012,Y582730,Y582731,Y582732,Y582733,Y582734,Y582735,Y582736,,,,,,,,,,,,,,,,,,,,,,,,,,
1100,2012,15,BRWD,PIEFL,1,7,7,7,42,,,,,NE,Y220254,09/06/2012,09/06/2012,I,1,Y220059,27/05/2012,27/05/2012,I,1,09/06/2012,Y220247,Y220248,Y220249,Y220250,Y220251,Y220252,Y220253,,,,,,,,,,,,,,,,,,,,,,,,,,
1101,2012,25,BRWD,PIEFL,1,7,7,6,42,,,,,NE,,,,,,Y220269,09/06/2012,09/06/2012,I,1,09/06/2012,Y220262,Y220263,Y220264,Y220265,Y220266,Y220267,Y220268,,,,,,,,,,,,,,,,,,,,,,,,,,
1102,2012,78,STEPS,BLUTI,1,8,,0,42,,,,,JD,,,,,,,,,,,,,,,,,,,,,,,,,,,,,,,,,,,,,,,,,,,,
1103,2012,31,BRWD,PIEFL,1,6,6,6,43,,,,,NE,Y220284,09/06/2012,09/06/2012,I,1,Y220285,09/06/2012,09/06/2012,I,1,09/06/2012,Y220278,Y220279,Y220280,Y220281,Y220282,Y220283,,,,,,,,,,,,,,,,,,,,,,,,,,,
1104,2012,54,BRWD,PIEFL,1,6,6,6,43,,,,,NE,X784000,09/06/2012,09/06/2012,I,1,L327269,09/06/2012,28/05/2011,R,1,09/06/2012,Y220293,Y220294,Y220295,Y220296,Y220297,Y220298,,,,,,,,,,,,,,,,,,,,,,,,,,,
1105,2012,26,STEPS,PIEFL,1,7,7,7,43,,,,,NE,L327068,08/06/2012,05/05/2010,R,2,Y582604,24/05/2012,24/05/2012,I,1,08/06/2012,Y582764,Y582765,Y582766,Y582767,Y582768,Y582769,Y582770,,,,,,,,,,,,,,,,,,,,,,,,,,
1106,2012,46,STEPS,PIEFL,1,7,7,7,44,,,,,NE,Y582737,08/06/2012,08/06/2012,I,1,L327423,24/05/2012,16/06/2011,S,2,08/06/2012,Y582738,Y582739,Y582740,Y582741,Y582742,Y582743,Y582744,,,,,,,,,,,,,,,,,,,,,,,,,,
1107,2012,49,BRWD,PIEFL,1,7,7,5,45,,,,,NE,,,,,,Y220060,27/05/2012,27/05/2012,I,1,13/06/2012,Y220308,Y220309,Y220310,Y220311,Y220312,Y220313,,,,,,,,,,,,,,,,,,,,,,,,,,,
1108,2012,14,STEPS,PIEFL,1,6,6,5,45,,,,,NE,Y582714,06/06/2012,06/06/2012,I,1,L327369,24/05/2012,28/05/2011,S,1,08/06/2012,Y582745,Y582746,Y582747,Y582748,Y582749,,,,,,,,,,,,,,,,,,,,,,,,,,,,
1109,2012,18,STEPS,PIEFL,1,6,6,6,45,,,,,NE,L327359,08/06/2012,28/05/2011,S,2,L857070,04/06/2012,30/05/2011,I,1,08/06/2012,Y582750,Y582751,Y582752,Y582753,Y582754,Y582755,,,,,,,,,,,,,,,,,,,,,,,,,,,
1110,2012,28,STEPS,PIEFL,1,7,7,5,45,,,,,NE,X783902,08/06/2012,29/05/2011,R,1,L327201,24/05/2012,12/05/2011,S,2,13/06/2012,Y582783,Y582784,Y582785,Y582786,Y582787,Y582788,,,,,,,,,,,,,,,,,,,,,,,,,,,
1111,2012,52,STEPS,GRETI,1,5,,0,45,,,,,JD,,,,,,,,,,,,,,,,,,,,,,,,,,,,,,,,,,,,,,,,,,,,
1112,2012,57,STEPS,PIEFL,1,6,6,6,45,,,,,NE,L327424,06/06/2012,20/06/2011,S,2,L327182,30/05/2012,05/05/2011,S,2,08/06/2012,Y582777,Y582778,Y582779,Y582780,Y582781,Y582782,,,,,,,,,,,,,,,,,,,,,,,,,,,
1113,2012,12,STEPS,PIEFL,1,,0,0,46,,6,,6,ED,,,,,,,,,,,,,,,,,,,,,,,,,,,,,,,,,,,,,,,,,,,,
1114,2012,23,STEPS,PIEFL,1,7,7,4,55,,,,,NE,Y582763,08/06/2012,08/06/2012,I,1,Y582603,24/05/2012,24/05/2012,I,1,08/06/2012,Y582756,Y582757,Y582758,Y582759,Y582760,Y582761,Y582762,,,,,,,,,,,,,,,,,,,,,,,,,,
1115,2012,16,BRWD,PIEFL,1,6,6,6,,,,,,NE,,,,,,,,,,,04/06/2012,Y220080,Y220081,Y220082,Y220083,Y220084,Y220085,,,,,,,,,,,,,,,,,,,,,,,,,,,
1116,2012,37,BRWD,PIEFL,1,6,6,6,,,,,,NE,Y220229,06/06/2012,06/06/2012,I,1,Y220092,04/06/2012,04/06/2012,I,1,04/06/2012,Y220086,Y220087,Y220088,Y220089,Y220090,Y220091,,,,,,,,,,,,,,,,,,,,,,,,,,,
1117,2012,47,STEPS,GRETI,1,4,3,3,,,,,1,NE,,,,,,,,,,,,,,,,,,,,,,,,,,,,,,,,,,,,,,,,,,,,
1118,2012,62,STEPS,GRETI,1,,,3,,,7,,,NE,,,,,,,,,,,,,,,,,,,,,,,,,,,,,,,,,,,,,,,,,,,,
1119,2012,66,STEPS,BLUTI,1,,,3,,,,,4,NE,,,,,,,,,,,,,,,,,,,,,,,,,,,,,,,,,,,,,,,,,,,,
1120,2012,78,STEPS,BLUTI,1,,0,0,,,,,,EP,,,,,,,,,,,,,,,,,,,,,,,,,,,,,,,,,,,,,,,,,,,,
1121,2013,59,STEPS,BLUTI,1,,,10,30,,,,,NE,,,,,,,,,,,,,,,,,,,,,,,,,,,,,,,,,,,,,,,,,,,,
1122,2013,50,STEPS,GRETI,1,9,2,1,30,,,,,NE,,,,,,,,,,,,,,,,,,,,,,,,,,,,,,,,,,,,,,,,,,,,
1123,2013,6,STEPS,BLUTI,1,11,0,0,31,,,,,EP,,,,,,,,,,,,,,,,,,,,,,,,,,,,,,,,,,,,,,,,,,,,
1124,2013,56,STEPS,BLUTI,1,8,8,8,32,,,,,NE,,,,,,,,,,,,,,,,,,,,,,,,,,,,,,,,,,,,,,,,,,,,
1125,2012,2,BRWD,BLUTI,2,,0,0,57,,,,,EP,,,,,,,,,,,,,,,,,,,,,,,,,,,,,,,,,,,,,,,,,,,,
1126,2012,3,BRWD,BLUTI,1,10,,8,,,,,,NE,,,,,,,,,,,,,,,,,,,,,,,,,,,,,,,,,,,,,,,,,,,,
1127,2012,4,BRWD,BLUTI,1,,,,17,,11,,,NE,,,,,,,,,,,,,,,,,,,,,,,,,,,,,,,,,,,,,,,,,,,,
1128,2012,6,BRWD,BLUTI,1,12,,10,,,,,1,NE,,,,,,,,,,,,,,,,,,,,,,,,,,,,,,,,,,,,,,,,,,,,
1129,2012,8,BRWD,GRETI,1,,,3,,,8,,,NE,,,,,,,,,,,,,,,,,,,,,,,,,,,,,,,,,,,,,,,,,,,,
1130,2012,12,BRWD,GRETI,1,5,4,4,20,,,,,NE,,,,,,,,,,,,,,,,,,,,,,,,,,,,,,,,,,,,,,,,,,,,
1131,2012,14,BRWD,BLUTI,1,6,6,6,20,,,,,NE,,,,,,,,,,,,,,,,,,,,,,,,,,,,,,,,,,,,,,,,,,,,
1132,2012,17,BRWD,BLUTI,1,11,,8,27,,,,,NE,,,,,,,,,,,,,,,,,,,,,,,,,,,,,,,,,,,,,,,,,,,,
1133,2012,18,BRWD,BLUTI,1,,0,0,,,,,9,ED,,,,,,,,,,,,,,,,,,,,,,,,,,,,,,,,,,,,,,,,,,,,
1134,2012,23,BRWD,BLUTI,1,,,0,34,,9,,,JD,,,,,,,,,,,,,,,,,,,,,,,,,,,,,,,,,,,,,,,,,,,,
1135,2012,26,BRWD,BLUTI,1,10,,0,22,,,,,XP,,,,,,,,,,,,,,,,,,,,,,,,,,,,,,,,,,,,,,,,,,,,
1136,2012,28,BRWD,BLUTI,1,,,1,,,,,1,NE,,,,,,,,,,,,,,,,,,,,,,,,,,,,,,,,,,,,,,,,,,,,
1137,2012,30,BRWD,BLUTI,1,,0,0,33,,,,,EU,,,,,,,,,,,,,,,,,,,,,,,,,,,,,,,,,,,,,,,,,,,,
1138,2012,32,BRWD,BLUTI,1,10,8,8,18,50,,,2,NE,,,,,,,,,,,,,,,,,,,,,,,,,,,,,,,,,,,,,,,,,,,,
1139,2012,33,BRWD,GRETI,1,8,,5,,,,,,NE,,,,,,,,,,,,,,,,,,,,,,,,,,,,,,,,,,,,,,,,,,,,
1140,2012,36,BRWD,BLUTI,1,,,,14,,10,,,OU,,,,,,,,,,,,,,,,,,,,,,,,,,,,,,,,,,,,,,,,,,,,
1141,2012,39,BRWD,BLUTI,1,13,,0,19,41,,,,JP,,,,,,,,,,,,,,,,,,,,,,,,,,,,,,,,,,,,,,,,,,,,
1142,2012,41,BRWD,BLUTI,1,11,0,0,,,,,,EP,,,,,,,,,,,,,,,,,,,,,,,,,,,,,,,,,,,,,,,,,,,,
1143,2012,43,BRWD,BLUTI,1,10,10,10,19,,,,,NE,,,,,,,,,,,,,,,,,,,,,,,,,,,,,,,,,,,,,,,,,,,,
1144,2012,45,BRWD,BLUTI,1,,,7,,,,,,NE,,,,,,,,,,,,,,,,,,,,,,,,,,,,,,,,,,,,,,,,,,,,
1145,2012,46,BRWD,BLUTI,1,8,8,8,32,,,,,NE,,,,,,,,,,,,,,,,,,,,,,,,,,,,,,,,,,,,,,,,,,,,
1146,2012,49,BRWD,GRETI,1,5,0,0,,,,,,EU,,,,,,,,,,,,,,,,,,,,,,,,,,,,,,,,,,,,,,,,,,,,
1147,2012,50,BRWD,BLUTI,1,,,11,19,,,,,NE,,,,,,,,,,,,,,,,,,,,,,,,,,,,,,,,,,,,,,,,,,,,
1148,2012,53,BRWD,BLUTI,1,8,,4,,,,,1,NE,,,,,,,,,,,,,,,,,,,,,,,,,,,,,,,,,,,,,,,,,,,,
1149,2012,55,BRWD,BLUTI,1,5,5,5,,,,,,NE,,,,,,,,,,,,,,,,,,,,,,,,,,,,,,,,,,,,,,,,,,,,
1150,2012,57,BRWD,GRETI,1,7,,2,19,,,,1,NE,,,,,,,,,,,,,,,,,,,,,,,,,,,,,,,,,,,,,,,,,,,,
1151,2012,60,BRWD,BLUTI,1,9,9,9,18,,,,,NE,,,,,,,,,,,,,,,,,,,,,,,,,,,,,,,,,,,,,,,,,,,,
1152,2013,3,BRWD,BLUTI,1,10,8,8,33,,,,1,NE,,,,,,,,,,,,,,,,,,,,,,,,,,,,,,,,,,,,,,,,,,,,
1153,2013,13,BRWD,BLUTI,1,10,10,9,33,,,,,NE,,,,,,,,,,,,,,,,,,,,,,,,,,,,,,,,,,,,,,,,,,,,
1154,2013,47,STEPS,BLUTI,1,10,0,0,33,,,,,ED,,,,,,,,,,,,,,,,,,,,,,,,,,,,,,,,,,,,,,,,,,,,
1155,2013,31,STEPS,BLUTI,1,7,5,3,33,,,,2,NE,,,,,,,,,,,,,,,,,,,,,,,,,,,,,,,,,,,,,,,,,,,,
1156,2013,82,STEPS,BLUTI,1,10,,8,35,60,,,,NE,,,,,,,,,,,,,,,,,,,,,,,,,,,,,,,,,,,,,,,,,,,,
1157,2013,28,BRWD,BLUTI,1,9,9,8,36,,,,,NE,,,,,,,,,,,,,,,,,,,,,,,,,,,,,,,,,,,,,,,,,,,,
1158,2013,33,BRWD,GRETI,1,9,9,0,36,,,,,JP,,,,,,,,,,,,,,,,,,,,,,,,,,,,,,,,,,,,,,,,,,,,
1159,2013,69,STEPS,BLUTI,1,9,7,7,36,,,,,NE,,,,,,,,,,,,,,,,,,,,,,,,,,,,,,,,,,,,,,,,,,,,
1160,2013,57,BRWD,BLUTI,1,9,9,9,37,68,,,,NE,,,,,,,,,,,,,,,,,,,,,,,,,,,,,,,,,,,,,,,,,,,,
1161,2013,25,STEPS,BLUTI,1,8,6,6,37,,,,2,NE,,,,,,,,,,,,,,,,,,,,,,,,,,,,,,,,,,,,,,,,,,,,
1162,2013,30,STEPS,BLUTI,1,8,,7,37,,,,,NE,,,,,,,,,,,,,,,,,,,,,,,,,,,,,,,,,,,,,,,,,,,,
1163,2013,18,BRWD,BLUTI,1,9,8,1,38,,,,,NE,,,,,,,,,,,,,,,,,,,,,,,,,,,,,,,,,,,,,,,,,,,,
1164,2013,36,BRWD,BLUTI,1,11,,9,38,,,,1,NE,,,,,,,,,,,,,,,,,,,,,,,,,,,,,,,,,,,,,,,,,,,,
1165,2013,44,BRWD,PIEFL,1,7,7,7,38,,,,,NE,Y978219,05/06/2013,05/06/2013,I,1,Y978184,26/05/2013,26/05/2013,I,1,08/06/2013,Y978227,Y978228,Y978229,Y978230,Y978231,Y978232,Y978233,,,,,,,,,,,,,,,,,,,,,,,,,,
1166,2013,60,BRWD,PIEFL,1,6,6,6,38,,,,,NE,L327258,08/06/2013,24/05/2011,S,3,L327205,26/05/2013,15/05/2011,S,3,05/06/2013,Y978220,Y978221,Y978222,Y978223,Y978224,Y978225,,,,,,,,,,,,,,,,,,,,,,,,,,,
1167,2013,37,BRWD,PIEFL,1,7,,4,39,,,,2,NE,,,,,,L327206,16/05/2013,15/05/2011,S,3,08/06/2013,Y978298,Y978299,Y978300,Y978301,,,,,,,,,,,,,,,,,,,,,,,,,,,,,
1168,2013,49,BRWD,GRETI,1,5,5,5,39,,,,,NE,,,,,,,,,,,,,,,,,,,,,,,,,,,,,,,,,,,,,,,,,,,,
1169,2013,53,BRWD,PIEFL,1,6,0,0,39,,,,,ED,,,,,,L327181,26/05/2013,05/05/2011,S,3,,,,,,,,,,,,,,,,,,,,,,,,,,,,,,,,,,
1170,2013,8,STEPS,PIEFL,1,6,6,6,39,,,,,NE,Y582692,07/06/2013,04/06/2012,R,1,Y582565,13/05/2013,12/05/2012,S,2,07/06/2013,D061292,D061293,D061294,D061295,D061296,D061297,,,,,,,,,,,,,,,,,,,,,,,,,,,
1171,2013,34,STEPS,PIEFL,1,7,7,7,39,,,,,NE,X783902,10/06/2013,29/05/2011,S,2,L327211,23/05/2013,15/05/2011,S,3,09/06/2013,D061421,D061422,D061423,D061424,D061425,D061426,D061427,,,,,,,,,,,,,,,,,,,,,,,,,,
1172,2013,18,STEPS,PIEFL,1,6,5,5,40,,,,,NE,L327360,10/06/2013,28/05/2011,R,2,L327369,18/05/2013,28/05/2011,S,2,09/06/2013,D061408,D061409,D061410,D061411,D061412,,,,,,,,,,,,,,,,,,,,,,,,,,,,
1173,2013,26,STEPS,PIEFL,1,7,6,6,41,60,,,,NE,D061440,10/06/2013,10/06/2013,I,1,D061285,18/05/2013,18/05/2013,I,1,09/06/2013,D061414,D061415,D061416,D061417,D061418,D061419,,,,,,,,,,,,,,,,,,,,,,,,,,,
1174,2013,41,STEPS,PIEFL,1,,0,0,42,,,,6,ED,,,,,,,,,,,,,,,,,,,,,,,,,,,,,,,,,,,,,,,,,,,,
1175,2013,45,STEPS,PIEFL,1,7,7,7,43,,,,,NE,Y582658,09/06/2013,04/06/2012,S,2,Y582601,23/05/2013,25/05/2012,S,2,09/06/2013,D061401,D061402,D061403,D061404,D061405,D061406,D061407,,,,,,,,,,,,,,,,,,,,,,,,,,
1176,2013,37,STEPS,PIEFL,1,6,5,5,43,,,,,NE,L327100,10/06/2013,09/06/2010,S,4,L261970,23/05/2013,07/06/2010,S,3,09/06/2013,D061428,D061429,D061430,D061431,D061432,,,,,,,,,,,,,,,,,,,,,,,,,,,,
1177,2013,4,BRWD,PIEFL,1,6,6,6,44,,,,,NE,Y978217,05/06/2013,05/06/2013,I,1,Y220060,12/06/2013,12/06/2013,S,2,11/06/2013,Y978287,Y978288,Y978289,Y978290,Y978291,Y978292,,,,,,,,,,,,,,,,,,,,,,,,,,,
1178,2013,83,STEPS,PIEFL,1,7,7,7,45,,,,,NE,D061466,14/06/2013,14/06/2013,I,1,Y134392,23/05/2013,31/05/2011,I,2,10/06/2013,D061433,D061434,D061435,D061436,D061437,D061438,D061439,,,,,,,,,,,,,,,,,,,,,,,,,,
1179,2013,24,BRWD,PIEFL,1,7,7,7,48,,,,,NE,,,,,,Y220205,26/05/2013,04/06/2012,R,1,18/06/2013,Y978327,Y978328,Y978329,Y978330,Y978331,Y978332,Y978333,,,,,,,,,,,,,,,,,,,,,,,,,,
1180,2013,57,STEPS,PIEFL,1,8,8,8,48,,,,,NE,L327044,10/06/2013,03/06/2010,S,3,L240421,30/05/2013,10/06/2010,I,4,14/06/2013,D061441,D061442,D061443,D061444,D061445,D061446,D061447,D061448,,,,,,,,,,,,,,,,,,,,,,,,,
1181,2013,66,STEPS,PIEFL,1,9,,7,48,,,,,NE,Y582688,14/06/2013,04/06/2012,S,2,L261812,30/05/2013,05/06/2010,I,3,14/06/2013,D061455,D061456,D061457,D061458,D061459,D061460,D061461,D061462,,,,,,,,,,,,,,,,,,,,,,,,,
1182,2013,16,STEPS,PIEFL,1,6,6,6,49,,,,,NE,D061413,09/06/2013,09/06/2013,I,1,L909413,30/05/2013,31/05/2011,I,2,14/06/2013,D061467,D061468,D061469,D061470,D061471,D061472,,,,,,,,,,,,,,,,,,,,,,,,,,,
1183,2013,10,STEPS,PIEFL,1,6,6,6,50,,,,,NE,Y582714,14/06/2013,06/06/2012,S,2,Y582604,14/06/2013,24/05/2012,S,2,14/06/2013,D061473,D061474,D061475,D061476,D061477,D061478,,,,,,,,,,,,,,,,,,,,,,,,,,,
1184,2013,62,STEPS,PIEFL,1,6,6,6,50,,,,,NE,L327044,14/06/2013,03/06/2010,S,3,L327182,30/05/2013,05/05/2011,S,3,14/06/2013,D061449,D061450,D061451,D061452,D061453,D061454,,,,,,,,,,,,,,,,,,,,,,,,,,,
1185,2013,20,BRWD,PIEFL,1,7,,5,51,,,,,NE,,,,,,Y978302,12/06/2013,12/06/2013,I,1,18/06/2013,Y978321,Y978322,Y978323,Y978324,Y978325,Y978326,,,,,,,,,,,,,,,,,,,,,,,,,,,
1186,2013,76,STEPS,PIEFL,1,5,,3,52,,,,1,NE,Y582688,14/06/2013,04/06/2012,S,2,Y582694,10/06/2013,04/06/2012,R,1,14/06/2013,D061463,D061464,D061465,,,,,,,,,,,,,,,,,,,,,,,,,,,,,,
1187,2013,32,STEPS,PIEFL,1,6,6,4,60,,,,,NE,D061304,23/06/2013,23/06/2013,I,1,D061420,09/06/2013,09/06/2013,I,1,14/06/2013,D061305,D061306,D061307,D061308,D061309,D061310,,,,,,,,,,,,,,,,,,,,,,,,,,,
1188,2013,6,BRWD,BLUTI,1,11,,10,,55,,,,NE,,,,,,,,,,,,,,,,,,,,,,,,,,,,,,,,,,,,,,,,,,,,
1189,2013,7,BRWD,PIEFL,1,7,,5,,,,,,NE,Y978218,05/06/2013,05/06/2013,I,1,L327045,26/05/2013,03/06/2010,S,2,11/06/2013,Y978293,Y978294,Y978295,Y978296,Y978297,,,,,,,,,,,,,,,,,,,,,,,,,,,,
1190,2013,32,BRWD,BLUTI,1,11,,8,,,,,,NE,,,,,,,,,,,,,,,,,,,,,,,,,,,,,,,,,,,,,,,,,,,,
1191,2013,41,BRWD,BLUTI,1,10,,8,,55,,,1,NE,,,,,,,,,,,,,,,,,,,,,,,,,,,,,,,,,,,,,,,,,,,,
1192,2013,45,BRWD,GRETI,1,,0,0,,,,,4,ED,,,,,,,,,,,,,,,,,,,,,,,,,,,,,,,,,,,,,,,,,,,,
1193,2013,11,BRWD,GRETI,1,8,,5,,,,,,RF,,,,,,,,,,,,,,,,,,,,,,,,,,,,,,,,,,,,,,,,,,,,
1194,2013,21,BRWD,GRETI,1,7,,,,,,,,OU,,,,,,,,,,,,,,,,,,,,,,,,,,,,,,,,,,,,,,,,,,,,
1195,2013,40,STEPS,GRETI,1,,,3,,,5,,,NE,,,,,,,,,,,,,,,,,,,,,,,,,,,,,,,,,,,,,,,,,,,,
1196,2013,1,STEPS,GRETI,1,6,6,5,,,,,,NE,,,,,,,,,,,,,,,,,,,,,,,,,,,,,,,,,,,,,,,,,,,,
1197,2013,5,STEPS,BLUTI,1,9,,6,,,,,,NE,,,,,,,,,,,,,,,,,,,,,,,,,,,,,,,,,,,,,,,,,,,,
1198,2013,46,STEPS,PIEFL,1,6,,5,,,,,,NE,Y582737,09/06/2013,08/06/2012,S,2,Y582602,13/05/2013,24/05/2012,S,2,07/06/2013,D061287,D061288,D061289,D061290,D061291,,,,,,,,,,,,,,,,,,,,,,,,,,,,
1199,2013,49,STEPS,GRETI,1,5,,4,,,,,,NE,,,,,,,,,,,,,,,,,,,,,,,,,,,,,,,,,,,,,,,,,,,,
1200,2013,7,STEPS,GRETI,1,5,0,0,,,,,,ED,,,,,,,,,,,,,,,,,,,,,,,,,,,,,,,,,,,,,,,,,,,,
1201,2013,7,STEPS,BLUTI,2,7,5,5,,,,,,RF,,,,,,,,,,,,,,,,,,,,,,,,,,,,,,,,,,,,,,,,,,,,
1202,2013,11,STEPS,PIEFL,1,6,6,6,,,,,,NE,Y582714,10/06/2013,06/06/2012,S,2,D061286,23/05/2013,22/05/2013,I,1,07/06/2013,D061298,D061299,D061300,D061301,D061302,D061303,,,,,,,,,,,,,,,,,,,,,,,,,,,
1203,2013,12,STEPS,BLUTI,1,,,0,,,,,,XD,,,,,,,,,,,,,,,,,,,,,,,,,,,,,,,,,,,,,,,,,,,,
1204,2013,15,STEPS,BLUTI,1,8,8,8,,,,,,NE,,,,,,,,,,,,,,,,,,,,,,,,,,,,,,,,,,,,,,,,,,,,
1205,2013,19,STEPS,BLUTI,1,9,,8,,,,,,NE,,,,,,,,,,,,,,,,,,,,,,,,,,,,,,,,,,,,,,,,,,,,
1206,2013,23,STEPS,BLUTI,1,8,,7,,,,,,NE,,,,,,,,,,,,,,,,,,,,,,,,,,,,,,,,,,,,,,,,,,,,
1207,2013,75,STEPS,BLUTI,1,7,5,5,,,,,,NE,,,,,,,,,,,,,,,,,,,,,,,,,,,,,,,,,,,,,,,,,,,,
1208,2013,76,STEPS,BLUTI,1,,0,0,,,,,1,ED,,,,,,,,,,,,,,,,,,,,,,,,,,,,,,,,,,,,,,,,,,,,
1209,2013,77,STEPS,BLUTI,1,,0,0,,,,,1,ED,,,,,,,,,,,,,,,,,,,,,,,,,,,,,,,,,,,,,,,,,,,,
1210,2014,5,BRWD,BLUTI,1,11,,10,7,,,,,NE,,,,,,,,,,,,,,,,,,,,,,,,,,,,,,,,,,,,,,,,,,,,
1211,2014,50,BRWD,BLUTI,1,11,11,0,9,,,,,JD,,,,,,,,,,,,,,,,,,,,,,,,,,,,,,,,,,,,,,,,,,,,
1212,2014,12,STEPS,BLUTI,1,13,9,0,9,,,,,JD,,,,,,,,,,,,,,,,,,,,,,,,,,,,,,,,,,,,,,,,,,,,
1213,2014,13,BRWD,BLUTI,1,10,,8,10,,,,,NE,,,,,,,,,,,,,,,,,,,,,,,,,,,,,,,,,,,,,,,,,,,,
1214,2014,17,BRWD,BLUTI,1,10,10,10,10,,,,,NE,,,,,,,,,,,,,,,,,,,,,,,,,,,,,,,,,,,,,,,,,,,,
1215,2014,2,BRWD,BLUTI,1,11,11,8,11,,,,,NE,,,,,,,,,,,,,,,,,,,,,,,,,,,,,,,,,,,,,,,,,,,,
1216,2014,60,BRWD,GRETI,1,6,,5,12,,,,,NE,,,,,,,,,,,,,,,,,,,,,,,,,,,,,,,,,,,,,,,,,,,,
1217,2014,57,STEPS,BLUTI,1,10,,8,14,,,,,NE,,,,,,,,,,,,,,,,,,,,,,,,,,,,,,,,,,,,,,,,,,,,
1218,2014,19,STEPS,BLUTI,1,11,,8,14,,,,,NE,,,,,,,,,,,,,,,,,,,,,,,,,,,,,,,,,,,,,,,,,,,,
1219,2014,24,STEPS,BLUTI,1,10,,0,14,,,,,JD,,,,,,,,,,,,,,,,,,,,,,,,,,,,,,,,,,,,,,,,,,,,
1220,2014,30,STEPS,BLUTI,1,,,8,14,,,,8,NE,,,,,,,,,,,,,,,,,,,,,,,,,,,,,,,,,,,,,,,,,,,,
1221,2014,45,BRWD,BLUTI,1,9,9,9,15,,,,,NE,,,,,,,,,,,,,,,,,,,,,,,,,,,,,,,,,,,,,,,,,,,,
1222,2014,56,STEPS,GRETI,1,8,,6,15,,,,1,NE,,,,,,,,,,,,,,,,,,,,,,,,,,,,,,,,,,,,,,,,,,,,
1223,2014,31,STEPS,BLUTI,1,,,8,15,,,,10,NE,,,,,,,,,,,,,,,,,,,,,,,,,,,,,,,,,,,,,,,,,,,,
1224,2014,27,BRWD,BLUTI,1,9,9,9,16,,,,,NE,,,,,,,,,,,,,,,,,,,,,,,,,,,,,,,,,,,,,,,,,,,,
1225,2014,57,BRWD,BLUTI,1,,0,0,16,,3,,3,ED,,,,,,,,,,,,,,,,,,,,,,,,,,,,,,,,,,,,,,,,,,,,
1226,2014,29,STEPS,BLUTI,1,11,,8,17,41,,,,NE,,,,,,,,,,,,,,,,,,,,,,,,,,,,,,,,,,,,,,,,,,,,
1227,2014,64,STEPS,BLUTI,1,12,,8,18,,,,,NE,,,,,,,,,,,,,,,,,,,,,,,,,,,,,,,,,,,,,,,,,,,,
1228,2014,36,BRWD,GRETI,1,6,6,6,19,,,,,NE,,,,,,,,,,,,,,,,,,,,,,,,,,,,,,,,,,,,,,,,,,,,
1229,2014,76,STEPS,BLUTI,1,,0,0,19,,,,,ED,,,,,,,,,,,,,,,,,,,,,,,,,,,,,,,,,,,,,,,,,,,,
1230,2014,21,BRWD,GRETI,1,8,,6,21,,,,,NE,,,,,,,,,,,,,,,,,,,,,,,,,,,,,,,,,,,,,,,,,,,,
1231,2014,30,BRWD,BLUTI,1,11,,10,21,,,,,NE,,,,,,,,,,,,,,,,,,,,,,,,,,,,,,,,,,,,,,,,,,,,
1232,2014,55,STEPS,GRETI,1,,,7,21,,,,8,NE,,,,,,,,,,,,,,,,,,,,,,,,,,,,,,,,,,,,,,,,,,,,
1233,2014,75,STEPS,BLUTI,1,10,,7,21,,,,,NE,,,,,,,,,,,,,,,,,,,,,,,,,,,,,,,,,,,,,,,,,,,,
1234,2014,80,STEPS,BLUTI,1,10,10,10,21,,,,,NE,,,,,,,,,,,,,,,,,,,,,,,,,,,,,,,,,,,,,,,,,,,,
1235,2014,31,BRWD,BLUTI,1,11,,8,22,,,,,NE,,,,,,,,,,,,,,,,,,,,,,,,,,,,,,,,,,,,,,,,,,,,
1236,2014,50,STEPS,BLUTI,1,,,8,22,,,,9,NE,,,,,,,,,,,,,,,,,,,,,,,,,,,,,,,,,,,,,,,,,,,,
1237,2014,51,STEPS,GRETI,1,8,,5,23,,,,,NE,,,,,,,,,,,,,,,,,,,,,,,,,,,,,,,,,,,,,,,,,,,,
1238,2014,17,STEPS,BLUTI,1,9,8,8,25,,,,1,NE,,,,,,,,,,,,,,,,,,,,,,,,,,,,,,,,,,,,,,,,,,,,
1239,2014,42,BRWD,GRETI,1,9,,8,26,,,,,NE,,,,,,,,,,,,,,,,,,,,,,,,,,,,,,,,,,,,,,,,,,,,
1240,2014,13,STEPS,GRETI,1,4,,0,26,,,,,XD,,,,,,,,,,,,,,,,,,,,,,,,,,,,,,,,,,,,,,,,,,,,
1241,2014,27,STEPS,BLUTI,1,,,7,27,,8,,1,NE,,,,,,,,,,,,,,,,,,,,,,,,,,,,,,,,,,,,,,,,,,,,
1242,2014,10,STEPS,PIEFL,1,7,,6,28,,,,,NE,D061440,29/05/2014,10/06/2013,S,2,L555782,28/04/2014,06/05/2011,I,4,25/05/2014,D923009,D923010,D923011,D923012,D923013,D923014,,,,,,,,,,,,,,,,,,,,,,,,,,,
1243,2014,18,STEPS,PIEFL,1,7,,6,29,,,,,NE,D923039,29/05/2014,29/05/2014,I,1,D923001,07/05/2014,07/05/2014,I,1,25/05/2014,D923015,D923016,D923017,D923018,D923019,D923020,,,,,,,,,,,,,,,,,,,,,,,,,,,
1244,2014,61,STEPS,PIEFL,1,7,7,0,30,,,,,JD,,,,,,Y369169,11/05/2014,04/06/2012,I,3,,,,,,,,,,,,,,,,,,,,,,,,,,,,,,,,,,
1245,2014,57,BRWD,PIEFL,1,7,,6,31,,,,,NE,Y582606,03/06/2014,30/05/2012,R,2,,,,,,02/06/2014,D568709,D568710,D568711,D568712,D568713,D568714,D568715,,,,,,,,,,,,,,,,,,,,,,,,,,
1246,2014,8,STEPS,PIEFL,1,7,7,7,31,,,,,NE,,,,,,D061286,11/05/2014,23/05/2013,S,2,29/05/2014,D923030,D923031,D923032,D923033,D923034,D923035,D923036,,,,,,,,,,,,,,,,,,,,,,,,,,
1247,2014,34,STEPS,PIEFL,1,6,6,6,31,,,,,NE,X783902,03/06/2014,29/05/2011,S,3,Y582694,07/05/2014,04/06/2012,S,2,30/05/2014,D923048,D923049,D923050,D923051,D923052,D923053,,,,,,,,,,,,,,,,,,,,,,,,,,,
1248,2014,24,BRWD,PIEFL,1,8,8,8,32,,,,,NE,D568768,03/06/2014,03/06/2014,I,1,D140514,02/06/2014,07/06/2013,I,2,02/06/2014,D568744,D568745,D568746,D568747,D568748,D568749,D568750,D568751,,,,,,,,,,,,,,,,,,,,,,,,,
1249,2014,53,BRWD,PIEFL,1,7,7,7,32,,,,,NE,D568765,03/06/2014,03/06/2014,I,1,D568668,02/06/2014,02/06/2014,I,1,02/06/2014,D568716,D568717,D568718,D568719,D568720,D568721,D568722,,,,,,,,,,,,,,,,,,,,,,,,,,
1250,2014,59,STEPS,PIEFL,1,7,7,7,32,,,,,NE,D923047,29/05/2014,29/05/2014,I,1,Y582565,11/05/2014,12/05/2012,S,3,29/05/2014,D923040,D923041,D923042,D923043,D923044,D923045,D923046,,,,,,,,,,,,,,,,,,,,,,,,,,
1251,2014,16,STEPS,PIEFL,1,7,7,7,32,,,,,NE,,,,,,Y582601,15/05/2014,24/05/2012,S,3,04/06/2014,D923076,D923077,D923078,D923079,D923080,D923081,D923082,,,,,,,,,,,,,,,,,,,,,,,,,,
1252,2014,25,BRWD,PIEFL,1,8,8,8,33,,,,,NE,D568767,03/06/2014,03/06/2014,I,1,D568708,02/06/2014,02/06/2014,I,1,02/06/2014,D568736,D568737,D568738,D568739,D568740,D568741,D568742,D568743,,,,,,,,,,,,,,,,,,,,,,,,,
1253,2014,34,BRWD,PIEFL,1,8,8,8,33,,,,,NE,D568766,03/06/2014,03/06/2014,I,1,D140892,02/06/2014,09/06/2013,I,1,02/06/2014,D568728,D568729,D568730,D568731,D568732,D568733,D568734,,,,,,,,,,,,,,,,,,,,,,,,,,
1254,2014,73,STEPS,PIEFL,1,7,7,7,34,,,,,NE,D923070,03/06/2014,03/06/2014,I,1,Y582591,11/05/2018,18/05/2012,S,7,30/05/2014,D923054,D923055,D923056,D923057,D923058,D923059,D923060,,,,,,,,,,,,,,,,,,,,,,,,,,
1255,2014,4,BRWD,PIEFL,1,7,7,7,35,,,,,NE,Y978219,03/06/2014,05/06/2013,S,2,D140804,02/06/2014,07/06/2013,I,1,02/06/2014,D568758,D568759,D568760,D568761,D568762,D568763,D568764,,,,,,,,,,,,,,,,,,,,,,,,,,
1256,2014,83,STEPS,PIEFL,1,7,7,7,35,55,,,,NE,D923069,03/06/2014,03/06/2014,I,1,Y134392,11/05/2014,31/05/2011,S,3,03/06/2014,D923062,D923063,D923064,D923065,D923066,D923067,D923068,,,,,,,,,,,,,,,,,,,,,,,,,,
1257,2014,37,STEPS,PIEFL,1,6,5,5,36,,,,,NE,,,,,,D061404,07/05/2014,09/06/2013,R,1,30/05/2014,D923071,D923072,D923073,D923074,D923075,,,,,,,,,,,,,,,,,,,,,,,,,,,,
1258,2014,37,BRWD,PIEFL,1,8,,5,37,50,,,1,NE,Y978218,03/06/2014,05/06/2013,S,2,L327045,02/06/2014,03/06/2010,S,3,02/06/2014,D568723,D568724,D568725,D568726,D568727,,,,,,,,,,,,,,,,,,,,,,,,,,,,
1259,2014,23,STEPS,PIEFL,1,7,,6,38,,,,,NE,D061413,09/06/2014,09/06/2014,S,2,D923007,21/05/2014,21/05/2014,I,1,04/06/2014,D923083,D923084,D923085,D923086,D923087,D923088,,,,,,,,,,,,,,,,,,,,,,,,,,,
1260,2014,33,BRWD,GRETI,1,9,0,0,39,,,,,ED,,,,,,,,,,,,,,,,,,,,,,,,,,,,,,,,,,,,,,,,,,,,
1261,2014,33,STEPS,PIEFL,1,7,7,7,44,,,,,NE,D923096,09/06/2014,09/06/2014,I,1,D923008,21/05/2014,21/05/2014,I,1,09/06/2014,D923089,D923090,D923091,D923092,D923093,D923094,D923095,,,,,,,,,,,,,,,,,,,,,,,,,,
1262,2014,22,STEPS,BLUTI,2,6,3,2,47,,,,,NE,,,,,,,,,,,,,,,,,,,,,,,,,,,,,,,,,,,,,,,,,,,,
1263,2014,20,BRWD,GRETI,1,,0,0,48,,,,,ED,,,,,,,,,,,,,,,,,,,,,,,,,,,,,,,,,,,,,,,,,,,,
1264,2014,67,STEPS,PIEFL,1,8,,6,48,,,,,NE,Y978328,15/06/2014,18/06/2013,R,1,D923021,25/05/2014,25/05/2014,I,1,15/06/2014,D923126,D923127,D923128,D923129,D923130,D923131,,,,,,,,,,,,,,,,,,,,,,,,,,,
1265,2014,76,STEPS,BLUTI,2,,,,48,,,,,OU,,,,,,,,,,,,,,,,,,,,,,,,,,,,,,,,,,,,,,,,,,,,
1266,2014,12,STEPS,PIEFL,1,7,4,4,49,,,,3,NE,Y582725,13/06/2014,06/06/2012,R,2,D923038,29/05/2014,29/05/2014,I,1,13/06/2014,D923104,D923105,D923106,D923107,,,,,,,,,,,,,,,,,,,,,,,,,,,,,
1267,2014,78,STEPS,PIEFL,1,,0,0,54,,2,,,ED,,,,,,,,,,,,,,,,,,,,,,,,,,,,,,,,,,,,,,,,,,,,
1268,2014,77,STEPS,PIEFL,2,7,5,5,58,,,,,NE,D140583,20/06/2014,01/06/2013,I,1,D923061,03/06/2014,03/06/2014,I,1,20/06/2014,D923132,D923133,D923134,D923135,D923136,,,,,,,,,,,,,,,,,,,,,,,,,,,,
1269,2014,62,STEPS,PIEFL,2,5,,4,60,,,,,NE,,,,,,Y369169,20/06/2014,04/06/2012,S,3,24/06/2014,D923152,D923153,D923154,D923155,,,,,,,,,,,,,,,,,,,,,,,,,,,,,
1270,2014,11,BRWD,PIEFL,1,7,7,7,,,,,,NE,D568769,03/06/2014,03/06/2014,I,1,D568667,02/06/2014,02/06/2014,I,1,02/06/2014,D568752,D568753,D568754,D568755,D568756,D568757,,,,,,,,,,,,,,,,,,,,,,,,,,,
1271,2014,19,BRWD,GRETI,1,5,0,0,,,,,,ED,,,,,,,,,,,,,,,,,,,,,,,,,,,,,,,,,,,,,,,,,,,,
1272,2014,28,BRWD,PIEFL,1,8,,6,,62,,,1,NE,D568818,14/06/2014,14/06/2014,I,1,Y978184,02/06/2014,26/05/2013,S,2,14/06/2014,D568812,D568813,D568814,D568815,D568816,D568817,,,,,,,,,,,,,,,,,,,,,,,,,,,
1273,2014,55,BRWD,BLUTI,1,10,10,8,,,,,,NE,,,,,,,,,,,,,,,,,,,,,,,,,,,,,,,,,,,,,,,,,,,,
1274,2014,63,STEPS,BLUTI,1,,,7,,,,,,NE,,,,,,,,,,,,,,,,,,,,,,,,,,,,,,,,,,,,,,,,,,,,
1275,2014,15,STEPS,BLUTI,1,9,,0,,,,,1,XD,,,,,,,,,,,,,,,,,,,,,,,,,,,,,,,,,,,,,,,,,,,,
1276,2014,20,STEPS,GRETI,1,,,0,,,,,,XD,,,,,,,,,,,,,,,,,,,,,,,,,,,,,,,,,,,,,,,,,,,,
1277,2014,21,STEPS,GRETI,1,6,6,6,,,,,,NE,,,,,,,,,,,,,,,,,,,,,,,,,,,,,,,,,,,,,,,,,,,,
1278,2014,26,STEPS,BLUTI,1,,,0,,,8,,,JD,,,,,,,,,,,,,,,,,,,,,,,,,,,,,,,,,,,,,,,,,,,,
1279,2014,47,STEPS,PIEFL,1,7,7,7,,,,,,NE,L327044,04/06/2014,03/06/2010,S,4,L240421,15/05/2014,10/06/2010,S,5,29/05/2014,D923023,D923024,D923025,D923026,D923027,D923028,D923029,,,,,,,,,,,,,,,,,,,,,,,,,,
1280,2014,5,STEPS,PIEFL,1,5,5,2,,,,,,NE,,,,,,D923022,29/05/2014,29/05/2014,I,1,13/06/2014,D923102,D923103,,,,,,,,,,,,,,,,,,,,,,,,,,,,,,,
1281,2014,39,STEPS,PIEFL,1,6,6,5,,,,,,NE,D061440,13/06/2014,10/06/2013,S,2,D061424,21/05/2014,09/06/2013,R,1,13/06/2014,D923097,D923098,D923099,D923100,D923101,,,,,,,,,,,,,,,,,,,,,,,,,,,,
1282,2014,28,STEPS,BLUTI,1,9,,7,,,,,,NE,,,,,,,,,,,,,,,,,,,,,,,,,,,,,,,,,,,,,,,,,,,,
1283,2015,43,STEPS,BLUTI,1,10,9,9,18,,,,1,NE,,,,,,,,,,,,,,,,,,,,,,,,,,,,,,,,,,,,,,,,,,,,
1284,2015,4,STEPS,BLUTI,1,,,8,19,,10,,,NE,,,,,,,,,,,,,,,,,,,,,,,,,,,,,,,,,,,,,,,,,,,,
1285,2015,6,STEPS,BLUTI,1,12,11,0,19,,,,1,JD,,,,,,,,,,,,,,,,,,,,,,,,,,,,,,,,,,,,,,,,,,,,
1286,2015,57,STEPS,BLUTI,1,10,10,10,19,,,,,NE,,,,,,,,,,,,,,,,,,,,,,,,,,,,,,,,,,,,,,,,,,,,
1287,2015,61,STEPS,BLUTI,1,11,0,0,19,,,,11,ED,,,,,,,,,,,,,,,,,,,,,,,,,,,,,,,,,,,,,,,,,,,,
1288,2015,17,STEPS,BLUTI,1,12,,10,19,,,,,NE,,,,,,,,,,,,,,,,,,,,,,,,,,,,,,,,,,,,,,,,,,,,
1289,2015,28,STEPS,BLUTI,1,10,8,8,19,,,,2,NE,,,,,,,,,,,,,,,,,,,,,,,,,,,,,,,,,,,,,,,,,,,,
1290,2015,30,STEPS,BLUTI,1,,,6,19,,,,,NE,,,,,,,,,,,,,,,,,,,,,,,,,,,,,,,,,,,,,,,,,,,,
1291,2015,35,BRWD,BLUTI,1,10,,8,19,,,,,NE,,,,,,,,,,,,,,,,,,,,,,,,,,,,,,,,,,,,,,,,,,,,
1292,2015,50,BRWD,BLUTI,1,10,,9,19,,,,,NE,,,,,,,,,,,,,,,,,,,,,,,,,,,,,,,,,,,,,,,,,,,,
1293,2015,1,STEPS,BLUTI,1,,0,0,20,,,,6,ED,,,,,,,,,,,,,,,,,,,,,,,,,,,,,,,,,,,,,,,,,,,,
1294,2015,1,BRWD,BLUTI,1,8,,6,20,,,,,NE,,,,,,,,,,,,,,,,,,,,,,,,,,,,,,,,,,,,,,,,,,,,
1295,2015,6,BRWD,BLUTI,1,9,,8,20,,,,,NE,,,,,,,,,,,,,,,,,,,,,,,,,,,,,,,,,,,,,,,,,,,,
1296,2015,56,STEPS,GRETI,1,8,8,3,21,,,,,NE,,,,,,,,,,,,,,,,,,,,,,,,,,,,,,,,,,,,,,,,,,,,
1297,2015,90,STEPS,BLUTI,1,11,11,11,21,,,,,NE,,,,,,,,,,,,,,,,,,,,,,,,,,,,,,,,,,,,,,,,,,,,
1298,2015,26,STEPS,BLUTI,1,,,9,21,,,,,NE,,,,,,,,,,,,,,,,,,,,,,,,,,,,,,,,,,,,,,,,,,,,
1299,2015,27,STEPS,BLUTI,1,11,,7,21,51,,,,NE,,,,,,,,,,,,,,,,,,,,,,,,,,,,,,,,,,,,,,,,,,,,
1300,2015,21,BRWD,GRETI,1,9,,8,21,,,,,NE,,,,,,,,,,,,,,,,,,,,,,,,,,,,,,,,,,,,,,,,,,,,
1301,2015,27,BRWD,BLUTI,1,8,,3,21,,,,1,NE,,,,,,,,,,,,,,,,,,,,,,,,,,,,,,,,,,,,,,,,,,,,
1302,2015,46,BRWD,BLUTI,1,9,,8,21,,,,,NE,,,,,,,,,,,,,,,,,,,,,,,,,,,,,,,,,,,,,,,,,,,,
1303,2015,60,BRWD,BLUTI,1,10,,6,21,,,,1,NE,,,,,,,,,,,,,,,,,,,,,,,,,,,,,,,,,,,,,,,,,,,,
1304,2015,12,STEPS,BLUTI,1,9,,8,22,,,,,NE,,,,,,,,,,,,,,,,,,,,,,,,,,,,,,,,,,,,,,,,,,,,
1305,2015,50,STEPS,BLUTI,1,,,0,22,,8,,,JP,,,,,,,,,,,,,,,,,,,,,,,,,,,,,,,,,,,,,,,,,,,,
1306,2015,77,STEPS,BLUTI,1,10,10,10,22,,,,,NE,,,,,,,,,,,,,,,,,,,,,,,,,,,,,,,,,,,,,,,,,,,,
1307,2015,80,STEPS,BLUTI,1,9,8,8,22,,,,1,NE,,,,,,,,,,,,,,,,,,,,,,,,,,,,,,,,,,,,,,,,,,,,
1308,2015,47,STEPS,BLUTI,1,,,6,23,,,,,NE,,,,,,,,,,,,,,,,,,,,,,,,,,,,,,,,,,,,,,,,,,,,
1309,2015,23,STEPS,BLUTI,1,,,9,23,,10,,,NE,,,,,,,,,,,,,,,,,,,,,,,,,,,,,,,,,,,,,,,,,,,,
1310,2015,3,STEPS,GRETI,1,6,6,2,24,,,,,NE,,,,,,,,,,,,,,,,,,,,,,,,,,,,,,,,,,,,,,,,,,,,
1311,2015,15,STEPS,BLUTI,1,,,8,24,,,,,NE,,,,,,,,,,,,,,,,,,,,,,,,,,,,,,,,,,,,,,,,,,,,
1312,2015,23,BRWD,BLUTI,1,8,8,4,24,43,,,,NE,,,,,,,,,,,,,,,,,,,,,,,,,,,,,,,,,,,,,,,,,,,,
1313,2015,32,BRWD,BLUTI,1,8,,6,25,,,,,NE,,,,,,,,,,,,,,,,,,,,,,,,,,,,,,,,,,,,,,,,,,,,
1314,2015,16,STEPS,BLUTI,1,9,,7,26,,,,,NE,,,,,,,,,,,,,,,,,,,,,,,,,,,,,,,,,,,,,,,,,,,,
1315,2015,22,STEPS,BLUTI,1,8,3,3,27,,,,5,NE,,,,,,,,,,,,,,,,,,,,,,,,,,,,,,,,,,,,,,,,,,,,
1316,2015,20,STEPS,PIEFL,1,7,7,6,28,47,,,,NE,D923039,26/05/2015,29/05/2014,S,2,D923001,07/05/2015,07/05/2014,I,1,26/05/2015,D923605,D923606,D923607,D923608,D923609,D923610,,,,,,,,,,,,,,,,,,,,,,,,,,,
1317,2015,29,STEPS,BLUTI,1,8,,7,28,,,,,NE,,,,,,,,,,,,,,,,,,,,,,,,,,,,,,,,,,,,,,,,,,,,
1318,2015,11,STEPS,GRETI,1,,0,0,30,,,,6,ED,,,,,,,,,,,,,,,,,,,,,,,,,,,,,,,,,,,,,,,,,,,,
1319,2015,34,BRWD,PIEFL,1,8,7,6,31,,,,,NE,D568968,01/06/2015,01/06/2015,I,1,,,,,,05/06/2015,D568969,D568970,D568971,D568972,D568973,D568974,D568975,,,,,,,,,,,,,,,,,,,,,,,,,,
1320,2015,10,STEPS,PIEFL,1,8,8,8,32,,,,,NE,D061410,30/05/2015,09/06/2013,R,2,D061286,03/05/2015,23/05/2013,S,3,30/05/2015,D923637,D923638,D923639,D923640,D923641,D923642,D923643,D923644,,,,,,,,,,,,,,,,,,,,,,,,,
1321,2015,35,STEPS,PIEFL,1,7,6,6,32,51,,,1,NE,D061447,30/05/2015,14/06/2013,R,2,D637385,12/05/2015,02/06/2014,I,1,30/05/2015,D923663,D923664,D923665,D923666,D923667,D923668,,,,,,,,,,,,,,,,,,,,,,,,,,,
1322,2015,28,BRWD,PIEFL,1,,2,2,32,,,,,NE,,,,,,,,,,,05/06/2015,D568993,,,,,,,,,,,,,,,,,,,,,,,,,,,,,,,,
1323,2015,45,STEPS,PIEFL,1,7,7,6,33,,,,,NE,D568766,30/05/2015,03/06/2014,S,2,D061424,07/05/2015,09/06/2013,S,2,30/05/2015,D923617,D923618,D923619,D923620,D923621,D923622,D923623,,,,,,,,,,,,,,,,,,,,,,,,,,
1324,2015,33,STEPS,PIEFL,1,7,,3,33,,,,2,NE,D923662,30/05/2015,30/05/2015,I,1,L327074,12/05/2015,05/06/2013,R,2,30/05/2015,D923659,D923660,D923661,,,,,,,,,,,,,,,,,,,,,,,,,,,,,,
1325,2015,37,BRWD,PIEFL,1,8,8,8,33,,,,,NE,Y582606,01/06/2015,30/05/2012,S,3,D140514,01/06/2015,07/06/2013,S,3,05/06/2015,D568994,D568995,D568996,D568997,Z097501,Z097502,Z097503,Z097504,,,,,,,,,,,,,,,,,,,,,,,,,
1326,2015,2,STEPS,PIEFL,1,6,6,6,34,,,,,NE,Y877698,30/05/2015,16/06/2013,I,2,L327205,21/05/2015,15/05/2011,S,5,30/05/2015,D923624,D923625,D923626,D923627,D923628,D923629,,,,,,,,,,,,,,,,,,,,,,,,,,,
1327,2015,49,STEPS,PIEFL,1,7,7,6,34,,,,,NE,D923636,30/05/2015,30/05/2015,I,1,Y582565,12/05/2015,12/05/2012,S,4,30/05/2015,D923630,D923631,D923632,D923633,D923634,D923635,,,,,,,,,,,,,,,,,,,,,,,,,,,
1328,2015,89,STEPS,PIEFL,1,9,9,0,34,,,,,JD,,,,,,D923584,17/05/2015,17/05/2015,I,1,,,,,,,,,,,,,,,,,,,,,,,,,,,,,,,,,,
1329,2015,63,STEPS,PIEFL,1,8,8,8,35,,,,,NE,D061426,30/05/2015,09/06/2013,R,2,Y369169,12/05/2015,04/06/2012,S,4,30/05/2015,D923669,D923670,D923671,D923672,D923673,D923674,D923675,D923676,,,,,,,,,,,,,,,,,,,,,,,,,
1330,2015,84,STEPS,PIEFL,1,6,6,6,35,,,,,NE,D923651,30/05/2015,30/05/2015,I,1,D880773,12/05/2015,01/06/2014,I,1,30/05/2015,D923645,D923646,D923647,D923648,D923649,D923650,,,,,,,,,,,,,,,,,,,,,,,,,,,
1331,2015,21,STEPS,PIEFL,1,7,7,7,35,,,,,NE,,,,,,D923578,12/05/2015,12/05/2015,I,1,30/05/2015,D923652,D923653,D923654,D923655,D923656,D923657,D923658,,,,,,,,,,,,,,,,,,,,,,,,,,
1332,2015,64,STEPS,PIEFL,1,7,5,0,36,,,,2,JD,,,,,,D923021,12/05/2015,25/05/2014,S,2,,,,,,,,,,,,,,,,,,,,,,,,,,,,,,,,,,
1333,2015,58,STEPS,PIEFL,1,8,7,7,37,,,,1,NE,D061429,03/06/2015,09/06/2013,R,2,D923022,21/05/2015,29/05/2014,S,2,03/06/2015,D923704,D923705,D923706,D923707,D923708,D923709,D923710,,,,,,,,,,,,,,,,,,,,,,,,,,
1334,2015,32,STEPS,PIEFL,1,8,,7,37,,,,,NE,D923703,03/06/2015,03/06/2015,I,1,D543176,12/05/2015,14/06/2013,I,2,03/06/2015,D923696,D923697,D923698,D923699,D923700,D923701,D923702,,,,,,,,,,,,,,,,,,,,,,,,,,
1335,2015,67,STEPS,PIEFL,1,6,6,6,37,,,,,NE,D923096,04/06/2015,09/06/2014,S,2,D923007,12/05/2015,21/05/2014,S,2,04/06/2015,D923732,D923733,D923734,D923735,D923736,D923737,,,,,,,,,,,,,,,,,,,,,,,,,,,
1336,2015,71,STEPS,PIEFL,1,7,4,4,37,,,,3,NE,D568723,04/06/2015,02/06/2014,R,1,Y582591,12/05/2015,18/05/2012,S,4,04/06/2015,D923728,D923729,D923730,D923731,,,,,,,,,,,,,,,,,,,,,,,,,,,,,
1337,2015,75,STEPS,PIEFL,1,7,,6,37,,,,,NE,D061414,04/06/2015,09/06/2013,R,2,Y134392,12/05/2015,31/05/2011,S,4,04/06/2015,D923722,D923723,D923724,D923725,D923726,D923727,,,,,,,,,,,,,,,,,,,,,,,,,,,
1338,2015,9,STEPS,PIEFL,1,7,7,7,38,,,,,NE,D923037,03/06/2015,29/05/2014,I,1,Y582601,17/05/2015,24/05/2012,S,4,03/06/2015,D923677,D923678,D923679,D923680,D923681,D923682,D923683,,,,,,,,,,,,,,,,,,,,,,,,,,
1339,2015,14,STEPS,PIEFL,1,6,6,6,38,,,,,NE,D923690,03/06/2015,03/06/2015,I,1,D923585,17/05/2015,17/05/2015,I,1,03/06/2015,D923684,D923685,D923686,D923687,D923688,D923689,,,,,,,,,,,,,,,,,,,,,,,,,,,
1340,2015,19,STEPS,BLUTI,1,,,3,39,,5,,2,NE,,,,,,,,,,,,,,,,,,,,,,,,,,,,,,,,,,,,,,,,,,,,
1341,2015,31,STEPS,PIEFL,1,7,6,5,39,,,,1,NE,D568710,03/06/2015,02/06/2014,R,1,D568712,21/05/2015,02/06/2014,R,1,03/06/2015,D923691,D923692,D923693,D923694,D923695,,,,,,,,,,,,,,,,,,,,,,,,,,,,
1342,2015,20,BRWD,PIEFL,1,7,,1,39,,,,5,NE,,,,,,D923104,01/06/2015,13/06/2014,R,1,05/06/2015,D568992,,,,,,,,,,,,,,,,,,,,,,,,,,,,,,,,
1343,2015,59,STEPS,BLUTI,1,,,7,40,,,,,NE,,,,,,,,,,,,,,,,,,,,,,,,,,,,,,,,,,,,,,,,,,,,
1344,2015,3,BRWD,PIEFL,1,7,,3,40,,,,,NE,D568965,01/06/2015,01/06/2015,I,1,D140892,20/05/2015,09/06/2013,S,2,10/06/2015,Z097512,Z097513,Z097514,Z097515,Z097516,Z097517,,,,,,,,,,,,,,,,,,,,,,,,,,,
1345,2015,45,FINGLE_CB,PIEFL,1,,,6,40,,7,,1,NE,,,,,,,,,,,,,,,,,,,,,,,,,,,,,,,,,,,,,,,,,,,,
1346,2015,49,FINGLE_CB,PIEFL,1,6,6,6,46,,,,,NE,,,,,,,,,,,,,,,,,,,,,,,,,,,,,,,,,,,,,,,,,,,,
1347,2015,39,STEPS,PIEFL,1,4,4,3,49,,,,,NE,D923769,15/06/2015,15/06/2015,I,1,D568709,21/05/2015,02/06/2014,R,1,15/06/2015,D923766,D923767,D923768,,,,,,,,,,,,,,,,,,,,,,,,,,,,,,
1348,2015,34,STEPS,PIEFL,2,5,4,0,71,,,,,JD,,,,,,D923094,15/06/2015,09/06/2014,R,1,,,,,,,,,,,,,,,,,,,,,,,,,,,,,,,,,,
1349,2015,5,STEPS,BLUTI,1,8,8,3,,,,,,NE,,,,,,,,,,,,,,,,,,,,,,,,,,,,,,,,,,,,,,,,,,,,
1350,2015,7,STEPS,BLUTI,1,7,0,0,,,,,7,ED,,,,,,,,,,,,,,,,,,,,,,,,,,,,,,,,,,,,,,,,,,,,
1351,2015,11,STEPS,GRETI,2,,,,,,,,,NE,,,,,,,,,,,,,,,,,,,,,,,,,,,,,,,,,,,,,,,,,,,,
1352,2015,83,STEPS,BLUTI,1,6,3,3,,,,,3,NE,,,,,,,,,,,,,,,,,,,,,,,,,,,,,,,,,,,,,,,,,,,,
1353,2015,7,BRWD,PIEFL,1,7,,4,,,,,,NE,D568960,01/06/2015,01/06/2015,I,1,D923018,01/06/2015,25/05/2014,R,1,05/06/2015,D568984,D568985,D568986,D568987,,,,,,,,,,,,,,,,,,,,,,,,,,,,,
1354,2015,12,BRWD,BLUTI,1,8,7,7,,,,,,NE,,,,,,,,,,,,,,,,,,,,,,,,,,,,,,,,,,,,,,,,,,,,
1355,2015,13,BRWD,BLUTI,1,8,8,7,,,,,,NE,,,,,,,,,,,,,,,,,,,,,,,,,,,,,,,,,,,,,,,,,,,,
1356,2015,15,BRWD,PIEFL,1,7,6,6,,,,,,NE,D568967,01/06/2015,01/06/2015,I,1,D923008,01/06/2015,21/05/2014,S,2,05/06/2015,D568988,D568989,D568990,D568991,D568998,D568999,,,,,,,,,,,,,,,,,,,,,,,,,,,
1357,2015,17,BRWD,BLUTI,1,9,,7,,,,,,NE,,,,,,,,,,,,,,,,,,,,,,,,,,,,,,,,,,,,,,,,,,,,
1358,2015,22,BRWD,GRETI,1,7,,4,,,,,,NE,,,,,,,,,,,,,,,,,,,,,,,,,,,,,,,,,,,,,,,,,,,,
1359,2015,28,BRWD,BLUTI,1,8,5,5,,,,,,NE,,,,,,,,,,,,,,,,,,,,,,,,,,,,,,,,,,,,,,,,,,,,
1360,2015,30,BRWD,PIEFL,1,6,,4,,,,,,NE,,,,,,D923024,27/05/2015,29/05/2014,R,1,,,,,,,,,,,,,,,,,,,,,,,,,,,,,,,,,,
1361,2015,31,BRWD,BLUTI,1,,0,0,,,,,,XP,,,,,,,,,,,,,,,,,,,,,,,,,,,,,,,,,,,,,,,,,,,,
1362,2015,33,BRWD,GRETI,1,,,5,,,,,,NE,,,,,,,,,,,,,,,,,,,,,,,,,,,,,,,,,,,,,,,,,,,,
1363,2015,40,BRWD,GRETI,1,5,5,5,,,,,,NE,,,,,,,,,,,,,,,,,,,,,,,,,,,,,,,,,,,,,,,,,,,,
1364,2015,44,BRWD,PIEFL,1,7,7,7,,,,,,NE,D568976,01/06/2015,01/06/2015,I,1,D568667,01/06/2015,02/06/2014,S,2,05/06/2015,Z097505,Z097506,Z097507,Z097508,Z097509,Z097510,Z097511,,,,,,,,,,,,,,,,,,,,,,,,,,
1365,2015,28,FINGLE_CB,PIEFL,1,7,,6,,,,,,NE,,,,,,,,,,,,,,,,,,,,,,,,,,,,,,,,,,,,,,,,,,,,
1366,2015,34,FINGLE_CB,PIEFL,1,,,3,,,5,,1,NE,,,,,,,,,,,,,,,,,,,,,,,,,,,,,,,,,,,,,,,,,,,,
1367,2015,11,FINGLE_BB,PIEFL,1,7,7,7,,,,,,NE,,,,,,,,,,,,,,,,,,,,,,,,,,,,,,,,,,,,,,,,,,,,
1368,2015,33,FINGLE_BB,PIEFL,1,7,7,7,38,61,,,,NE,,,,,,,,,,,,,,,,,,,,,,,,,,,,,,,,,,,,,,,,,,,,
1369,2016,1,BRWD,BLUTI,1,7,0,0,34,,,,7,ED,,,,,,,,,,,,,,,,,,,,,,,,,,,,,,,,,,,,,,,,,,,,
1370,2016,2,BRWD,GRETI,1,5,5,4,43,,,,,NE,,,,,,,,,,,,,,,,,,,,,,,,,,,,,,,,,,,,,,,,,,,,
1371,2016,3,BRWD,PIEFL,1,7,,0,40,59,,,4,XD,,,,,,,,,,,,,,,,,,,,,,,,,,,,,,,,,,,,,,,,,,,,
1372,2016,4,BRWD,PIEFL,1,7,7,7,41,,,,,NE,,,,,,,,,,,,,,,,,,,,,,,,,,,,,,,,,,,,,,,,,,,,
1373,2016,6,BRWD,BLUTI,1,7,1,1,25,,,,6,NE,,,,,,,,,,,,,,,,,,,,,,,,,,,,,,,,,,,,,,,,,,,,
1374,2016,10,BRWD,BLUTI,1,,0,0,,,,,1,ED,,,,,,,,,,,,,,,,,,,,,,,,,,,,,,,,,,,,,,,,,,,,
1375,2016,14,BRWD,BLUTI,1,9,9,9,30,52,,,,NE,,,,,,,,,,,,,,,,,,,,,,,,,,,,,,,,,,,,,,,,,,,,
1376,2016,15,BRWD,PIEFL,1,7,0,0,42,,,,7,ED,,,,,,,,,,,,,,,,,,,,,,,,,,,,,,,,,,,,,,,,,,,,
1377,2016,16,BRWD,BLUTI,1,11,11,11,23,,,,,NE,,,,,,,,,,,,,,,,,,,,,,,,,,,,,,,,,,,,,,,,,,,,
1378,2016,20,BRWD,PIEFL,1,6,6,5,43,,,,,NE,,,,,,,,,,,,,,,,,,,,,,,,,,,,,,,,,,,,,,,,,,,,
1379,2016,21,BRWD,GRETI,1,5,5,3,37,,,,,NE,,,,,,,,,,,,,,,,,,,,,,,,,,,,,,,,,,,,,,,,,,,,
1380,2016,24,BRWD,GRETI,1,,,3,38,,,,,NE,,,,,,,,,,,,,,,,,,,,,,,,,,,,,,,,,,,,,,,,,,,,
1381,2016,27,BRWD,BLUTI,1,8,,4,37,,,,,NE ,,,,,,,,,,,,,,,,,,,,,,,,,,,,,,,,,,,,,,,,,,,,
1382,2016,29,BRWD,BLUTI,1,8,8,8,32,,,,,NE,,,,,,,,,,,,,,,,,,,,,,,,,,,,,,,,,,,,,,,,,,,,
1383,2016,30,BRWD,PIEFL,1,7,2,2,37,,,,5,NE,,,,,,,,,,,,,,,,,,,,,,,,,,,,,,,,,,,,,,,,,,,,
1384,2016,33,BRWD,BLUTI,1,9,8,4,31,,,,1,NE,,,,,,,,,,,,,,,,,,,,,,,,,,,,,,,,,,,,,,,,,,,,
1385,2016,34,BRWD,PIEFL,1,8,8,4,44,,,,,NE,,,,,,,,,,,,,,,,,,,,,,,,,,,,,,,,,,,,,,,,,,,,
1386,2016,35,BRWD,BLUTI,1,,,2,,,,,,NE,,,,,,,,,,,,,,,,,,,,,,,,,,,,,,,,,,,,,,,,,,,,
1387,2016,37,BRWD,PIEFL,1,7,7,6,35,,,,,NE,,,,,,,,,,,,,,,,,,,,,,,,,,,,,,,,,,,,,,,,,,,,
1388,2016,39,BRWD,BLUTI,1,9,0,0,44,,,,9,ED,,,,,,,,,,,,,,,,,,,,,,,,,,,,,,,,,,,,,,,,,,,,
1389,2016,41,BRWD,PIEFL,1,8,7,5,39,59,,,,NE,,,,,,,,,,,,,,,,,,,,,,,,,,,,,,,,,,,,,,,,,,,,
1390,2016,44,BRWD,GRETI,1,,,6,33,,,,,NE,,,,,,,,,,,,,,,,,,,,,,,,,,,,,,,,,,,,,,,,,,,,
1391,2016,45,BRWD,BLUTI,1,8,7,7,24,,,,1,NE,,,,,,,,,,,,,,,,,,,,,,,,,,,,,,,,,,,,,,,,,,,,
1392,2016,46,BRWD,PIEFL,1,4,4,4,68,,,,,NE,,,,,,,,,,,,,,,,,,,,,,,,,,,,,,,,,,,,,,,,,,,,
1393,2016,48,BRWD,BLUTI,1,,,5,37,,,,,NE,,,,,,,,,,,,,,,,,,,,,,,,,,,,,,,,,,,,,,,,,,,,
1394,2016,51,BRWD,BLUTI,1,7,2,0,38,,,,4,JD,,,,,,,,,,,,,,,,,,,,,,,,,,,,,,,,,,,,,,,,,,,,
1395,2016,55,BRWD,BLUTI,1,8,0,0,32,,,,8,ED,,,,,,,,,,,,,,,,,,,,,,,,,,,,,,,,,,,,,,,,,,,,
1396,2016,60,BRWD,PIEFL,1,8,8,6,39,,,,,NE,,,,,,,,,,,,,,,,,,,,,,,,,,,,,,,,,,,,,,,,,,,,
1397,2016,2,STEPS,PIEFL,1,7,0,0,38,,,,7,ED,,,,,,D061424,17/05/2016,17/05/2016,S,3,,,,,,,,,,,,,,,,,,,,,,,,,,,,,,,,,,
1398,2016,3,STEPS,GRETI,1,6,6,0,36,,,,,JD,,,,,,,,,,,,,,,,,,,,,,,,,,,,,,,,,,,,,,,,,,,,
1399,2016,4,STEPS,BLUTI,1,8,0,0,27,,,,8,ED,,,,,,,,,,,,,,,,,,,,,,,,,,,,,,,,,,,,,,,,,,,,
1400,2016,4,STEPS,PIEFL,2,4,4,0,,,,,,JD ,,,,,,D061424,03/06/2016,17/05/2016,S,3,,,,,,,,,,,,,,,,,,,,,,,,,,,,,,,,,,
1401,2016,5,STEPS,BLUTI,1,,5,0,,,,,2,JD ,,,,,,,,,,,,,,,,,,,,,,,,,,,,,,,,,,,,,,,,,,,,
1402,2016,6,STEPS,BLUTI,1,,6,6,34,,,,,NE,,,,,,,,,,,,,,,,,,,,,,,,,,,,,,,,,,,,,,,,,,,,
1403,2016,7,STEPS,BLUTI,1,10,8,8,25,,,,2,NE,,,,,,,,,,,,,,,,,,,,,,,,,,,,,,,,,,,,,,,,,,,,
1404,2016,9,STEPS,PIEFL,1,9,7,7,39,,,,,NE,D923037,03/06/2016,29/05/2014,S,2,Z779285,18/05/2016,01/05/2016,I,1,03/06/2016,Z779303,Z779304,Z779305,Z779306,Z779307,Z779308,Z779309,,,,,,,,,,,,,,,,,,,,,,,,,,
1405,2016,10,STEPS,PIEFL,1,7,7,6,36,,,,,NE,D061410,06/06/2016,09/06/2013,S,3,D176298,17/05/2016,17/05/2016,I,1,05/06/2016,Z779329,Z779330,Z779331,Z779332,Z779333,Z779334,Z779335,,,,,,,,,,,,,,,,,,,,,,,,,,
1406,2016,11,STEPS,GRETI,1,4,4,4,36,,,,,NE ,,,,,,,,,,,,,,,,,,,,,,,,,,,,,,,,,,,,,,,,,,,,
1407,2016,12,STEPS,BLUTI ,1,8,8,8,26,,,,,NE,,,,,,,,,,,,,,,,,,,,,,,,,,,,,,,,,,,,,,,,,,,,
1408,2016,14,STEPS,BLUTI,1,7,4,4,27,,,,,NE,,,,,,,,,,,,,,,,,,,,,,,,,,,,,,,,,,,,,,,,,,,,
1409,2016,15,STEPS,PIEFL,1,7,5,5,41,,,,1,NE ,D923050,06/06/2016,29/05/2014,R,2,D923585,17/05/2016,17/05/2015,S,2,06/06/2016,Z779393,Z779394,Z779395,Z779396,Z779397,,,,,,,,,,,,,,,,,,,,,,,,,,,,
1410,2016,16,STEPS,PIEFL,1,7,6,6,38,,,,,NE ,D923631,05/06/2016,30/05/2015,R,1,Z779282,17/05/2016,17/05/2016,I,1,05/06/2016,Z779344,Z779345,Z779346,Z779347,Z779348,Z779349,,,,,,,,,,,,,,,,,,,,,,,,,,,
1411,2016,17,STEPS,BLUTI,1,10,8,8,27,,,,,NE ,,,,,,,,,,,,,,,,,,,,,,,,,,,,,,,,,,,,,,,,,,,,
1412,2016,18,STEPS,BLUTI,1,6,6,3,37,,,,,NE,,,,,,,,,,,,,,,,,,,,,,,,,,,,,,,,,,,,,,,,,,,,
1413,2016,19,STEPS,BLUTI,1,,5,5,35,,,,,NE,,,,,,,,,,,,,,,,,,,,,,,,,,,,,,,,,,,,,,,,,,,,
1414,2016,20,STEPS,GRETI,1,4,0,0,44,,,,4,ED,,,,,,,,,,,,,,,,,,,,,,,,,,,,,,,,,,,,,,,,,,,,
1415,2016,21,STEPS,PIEFL,1,7,6,6,42,,,,,NE ,D923690,06/06/2016,03/06/2015,S,2,D543176,22/05/2016,12/05/2015,S,3,06/06/2016,Z779398,Z779399,Z779400,Z779401,Z779402,Z779403,,,,,,,,,,,,,,,,,,,,,,,,,,,
1416,2016,22,STEPS,BLUTI,1,,8,6,37,,,,,NE,,,,,,,,,,,,,,,,,,,,,,,,,,,,,,,,,,,,,,,,,,,,
1417,2016,24,STEPS,PIEFL,1,7,6,6,42,,,,,NE ,Z779410,06/06/2016,06/06/2016,I,1,D923578,28/05/2016,12/05/2015,S,2,06/06/2016,Z779404,Z779405,Z779406,Z779407,Z779408,Z779409,,,,,,,,,,,,,,,,,,,,,,,,,,,
1418,2016,25,STEPS,BLUTI,1,,8,8,38,,,,,NE ,,,,,,,,,,,,,,,,,,,,,,,,,,,,,,,,,,,,,,,,,,,,
1419,2016,26,STEPS,BLUTI,1,8,6,6,31,,,,2,NE ,,,,,,,,,,,,,,,,,,,,,,,,,,,,,,,,,,,,,,,,,,,,
1420,2016,27,STEPS,BLUTI,1,9,0,0,41,,,,9,ED,,,,,,,,,,,,,,,,,,,,,,,,,,,,,,,,,,,,,,,,,,,,
1421,2016,28,STEPS,BLUTI,1,7,4,4,27,,,,2,NE ,,,,,,,,,,,,,,,,,,,,,,,,,,,,,,,,,,,,,,,,,,,,
1422,2016,29,STEPS,BLUTI,1,,0,0,,,,,,"ED,FD",,,,,,,,,,,,,,,,,,,,,,,,,,,,,,,,,,,,,,,,,,,,
1423,2016,30,STEPS,BLUTI,1,,1,0,77,,,,1,JD,,,,,,,,,,,,,,,,,,,,,,,,,,,,,,,,,,,,,,,,,,,,
1424,2016,31,STEPS,PIEFL,1,6,6,6,38,,,,,NE ,D923010,05/06/2016,25/05/2014,R,2,X533379,13/05/2016,10/06/2009,I,7,05/06/2016,Z779350,Z779351,Z779352,Z779353,Z779354,Z779355,,,,,,,,,,,,,,,,,,,,,,,,,,,
1425,2016,32,STEPS,PIEFL,1,7,6,6,36,,,,,NE ,D637368,05/06/2016,01/06/2014,I,2,D568714,13/05/2016,02/06/2014,R,1,05/06/2016,Z779356,Z779357,Z779358,Z779359,Z779360,Z779361,,,,,,,,,,,,,,,,,,,,,,,,,,,
1426,2016,33,STEPS,BLUTI,1,5,5,5,27,,,,,NE ,,,,,,,,,,,,,,,,,,,,,,,,,,,,,,,,,,,,,,,,,,,,
1427,2016,34,STEPS,PIEFL,1,7,7,6,40,,,,,NE ,D923070,09/06/2016,03/06/2014,S,3,Z779273,13/05/2016,13/05/2016,I,1,05/06/2016,Z779362,Z779363,Z779364,Z779365,Z779366,Z779367,Z779368,,,,,,,,,,,,,,,,,,,,,,,,,,
1428,2016,35,STEPS,BLUTI,1,6,5,5,32,,,,1,NE ,,,,,,,,,,,,,,,,,,,,,,,,,,,,,,,,,,,,,,,,,,,,
1429,2016,38,STEPS,PIEFL,1,7,5,5,38,,,,2,NE ,D061414,05/06/2016,09/06/2013,S,2,D923011,17/05/2016,25/05/2014,R,2,05/06/2016,Z779369,Z779370,Z779371,Z779372,Z779373,,,,,,,,,,,,,,,,,,,,,,,,,,,,
1430,2016,39,STEPS,PIEFL,1,7,0,0,41,,,,7,ED,,,,,,,,,,,,,,,,,,,,,,,,,,,,,,,,,,,,,,,,,,,,
1431,2016,41,STEPS,BLUTI,1,,6,5,31,,,,,NE ,,,,,,,,,,,,,,,,,,,,,,,,,,,,,,,,,,,,,,,,,,,,
1432,2016,43,STEPS,PIEFL,1,7,6,0,42,64,,,1,JD ,Z779435,07/06/2016,07/06/2016,I,1,Z779286,18/05/2016,18/05/2016,I,1,10/06/2016,Z779450,Z779451,Z779452,,,,,,,,,,,,,,,,,,,,,,,,,,,,,,
1433,2016,44,STEPS,BLUTI,1,7,7,7,27,,,,,NE ,,,,,,,,,,,,,,,,,,,,,,,,,,,,,,,,,,,,,,,,,,,,
1434,2016,47,STEPS,PIEFL,1,7,6,6,42,,,,,NE ,D923636,06/06/2016,30/05/2015,S,2,Z779284,18/05/2016,18/05/2016,I,1,06/06/2016,Z779387,Z779388,Z779389,Z779390,Z779391,Z779392,,,,,,,,,,,,,,,,,,,,,,,,,,,
1435,2016,48,STEPS,BLUTI,1,9,9,5,36,,,,,NE,,,,,,,,,,,,,,,,,,,,,,,,,,,,,,,,,,,,,,,,,,,,
1436,2016,49,STEPS,BLUTI,1,,9,9,30,,,,,NE ,,,,,,,,,,,,,,,,,,,,,,,,,,,,,,,,,,,,,,,,,,,,
1437,2016,50,STEPS,PIEFL,1,6,6,6,46,,,,,NE ,Z779449,09/06/2016,09/06/2016,I,1,Z779287,22/05/2016,22/05/2016,I,1,09/06/2016,Z779442,Z779443,Z779444,Z779445,Z779446,Z779447,,,,,,,,,,,,,,,,,,,,,,,,,,,
1438,2016,51,STEPS,GRETI,1,5,5,5,34,,,,,NE ,,,,,,,,,,,,,,,,,,,,,,,,,,,,,,,,,,,,,,,,,,,,
1439,2016,52,STEPS,BLUTI,1,,4,1,46,,,,,NE ,,,,,,,,,,,,,,,,,,,,,,,,,,,,,,,,,,,,,,,,,,,,
1440,2016,53,STEPS,BLUTI,1,,6,2,43,,,,,NE ,,,,,,,,,,,,,,,,,,,,,,,,,,,,,,,,,,,,,,,,,,,,
1441,2016,55,STEPS,PIEFL,1,7,6,5,44,,,,,NE ,,,,,,D637358,22/05/2016,01/06/2014,I,2,09/06/2016,Z779436,Z779437,Z779438,Z779439,Z779440,Z779441,,,,,,,,,,,,,,,,,,,,,,,,,,,
1442,2016,56,STEPS,BLUTI,1,10,10,10,27,,,,,NE ,,,,,,,,,,,,,,,,,,,,,,,,,,,,,,,,,,,,,,,,,,,,
1443,2016,57,STEPS,GRETI,1,7,3,3,32,52,,,3,NE ,,,,,,,,,,,,,,,,,,,,,,,,,,,,,,,,,,,,,,,,,,,,
1444,2016,58,STEPS,PIEFL,1,7,7,7,40,,,,,NE ,D923700,06/06/2016,03/06/2015,R,1,D568717,22/05/2016,02/06/2014,R,1,06/06/2016,Z779380,Z779381,Z779382,Z779383,Z779384,Z779385,Z779386,,,,,,,,,,,,,,,,,,,,,,,,,,
1445,2016,60,STEPS,BLUTI,1,10,10,10,26,52,,,,NE,,,,,,,,,,,,,,,,,,,,,,,,,,,,,,,,,,,,,,,,,,,,
1446,2016,61,STEPS,PIEFL,1,,0,0,38,,,,,EP,,,,,,,,,,,,,,,,,,,,,,,,,,,,,,,,,,,,,,,,,,,,
1447,2016,63,STEPS,PIEFL,1,7,5,5,42,,,,,NE,Z779379,06/06/2016,06/06/2016,I,1,Z779294,28/05/2016,28/05/2016,I,1,06/06/2016,Z779374,Z779375,Z779376,Z779377,Z779378,,,,,,,,,,,,,,,,,,,,,,,,,,,,
1448,2016,64,STEPS,PIEFL,1,7,6,0,42,,,,,JD ,,,,,,D637468,22/05/2016,05/06/2014,I,2,,,,,,,,,,,,,,,,,,,,,,,,,,,,,,,,,,
1449,2016,66,STEPS,PIEFL,1,7,5,5,41,,,,1,NE,D923096,06/06/2016,09/06/2014,S,4,D923051,02/05/2016,30/05/2014,R,2,06/06/2016,Z779411,Z779412,Z779413,Z779414,Z779415,,,,,,,,,,,,,,,,,,,,,,,,,,,,
1450,2016,68,STEPS,BLUTI,1,,8,8,37,,,,,NE ,,,,,,,,,,,,,,,,,,,,,,,,,,,,,,,,,,,,,,,,,,,,
1451,2016,70,STEPS,PIEFL,1,8,7,3,40,,,,1,NE,Z286283,06/06/2016,06/06/2016,I,1,D923697,28/05/2016,03/06/2015,R,1,06/06/2016,Z779416,Z779417,Z779418,Z779419,Z779420,Z779421,Z779422,,,,,,,,,,,,,,,,,,,,,,,,,,
1452,2016,72,STEPS,PIEFL,1,6,6,5,44,,,,,NE,D543113,06/06/2016,06/06/2016,I,1,D923007,22/05/2016,21/05/2014,S,3,06/06/2016,Z779423,Z779424,Z779425,Z779426,Z779427,Z779428,,,,,,,,,,,,,,,,,,,,,,,,,,,
1453,2016,74,STEPS,BLUTI,1,9,8,8,35,,,,,NE,,,,,,,,,,,,,,,,,,,,,,,,,,,,,,,,,,,,,,,,,,,,
1454,2016,76,STEPS,BLUTI,1,,7,2,39,,7,7,,NE,,,,,,,,,,,,,,,,,,,,,,,,,,,,,,,,,,,,,,,,,,,,
1455,2016,77,STEPS,PIEFL,1,6,6,2,43,,,,,NE,D923079,10/06/2016,04/06/2014,R,2,Z779288,22/05/2016,22/05/2016,I,1,10/06/2016,Z779453,Z779454,Z779455,Z779456,Z779457,Z779458,,,,,,,,,,,,,,,,,,,,,,,,,,,
1456,2016,79,STEPS,BLUTI,1,8,7,0,41,,,,,JD,,,,,,,,17/05/2016,,,,,,,,,,,,,,,,,,,,,,,,,,,,,,,,,,,,
1457,2016,80,STEPS,BLUTI,1,6,3,0,47,67,,,,JD ,,,,,,,,,,,,,,,,,,,,,,,,,,,,,,,,,,,,,,,,,,,,
1458,2016,81,STEPS,BLUTI,1,9,7,0,35,67,,,,JD ,,,,,,,,,,,,,,,,,,,,,,,,,,,,,,,,,,,,,,,,,,,,
1459,2016,82,STEPS,PIEFL,1,6,6,3,42,,,,,NE,X783902,06/06/2016,29/05/2011,S,5,Z779283,17/05/2016,17/05/2016,I,1,06/06/2016,Z779429,Z779430,Z779431,Z779432,Z779433,Z779434,,,,,,,,,,,,,,,,,,,,,,,,,,,
1460,2016,84,STEPS,PIEFL,1,8,8,8,35,,,,,NE,D923651,03/06/2016,30/05/2015,S,2,D923607,13/05/2016,26/05/2015,R,1,03/06/2016,Z779310,Z779311,Z779312,Z779313,Z779314,Z779315,Z779316,Z779317,,,,,,,,,,,,,,,,,,,,,,,,,
1461,2016,88,STEPS,PIEFL,1,7,7,7,37,,,,,NE,Z779343,05/06/2016,05/06/2016,I,1,D568995,13/05/2016,05/06/2015,R,1,05/06/2016,Z779336,Z779337,Z779338,Z779339,Z779340,Z779341,Z779342,,,,,,,,,,,,,,,,,,,,,,,,,,
1462,2016,90,STEPS,BLUTI,1,,9,8,36,,,,,NE,,,,,,,,,,,,,,,,,,,,,,,,,,,,,,,,,,,,,,,,,,,,
1463,2016,23,FINGLE_CB,PIEFL,1,,0,0,,,,,4,EP,,,,,,,,,,,,,,,,,,,,,,,,,,,,,,,,,,,,,,,,,,,,
1464,2016,28,FINGLE_CB,PIEFL,1,7,3,0,43,,,,1,JD,,,,,,,,,,,,,,,,,,,,,,,,,,,,,,,,,,,,,,,,,,,,
1465,2016,30,FINGLE_CB,BLUTI,1,9,,0,37,,,,,JD,,,,,,,,,,,,,,,,,,,,,,,,,,,,,,,,,,,,,,,,,,,,
1466,2016,32,FINGLE_CB,BLUTI,1,,2,2,,,,,3,NE,,,,,,,,,,,,,,,,,,,,,,,,,,,,,,,,,,,,,,,,,,,,
1467,2016,34,FINGLE_CB,BLUTI,1,8,6,6,36,,,,,NE ,,,,,,,,,,,,,,,,,,,,,,,,,,,,,,,,,,,,,,,,,,,,
1468,2016,37,FINGLE_CB,BLUTI,1,,5,5,34,,,,1,NE ,,,,,,,,,,,,,,,,,,,,,,,,,,,,,,,,,,,,,,,,,,,,
1469,2016,38,FINGLE_CB,BLUTI,1,,7,4,33,,,,,NE ,,,,,,,,,,,,,,,,,,,,,,,,,,,,,,,,,,,,,,,,,,,,
1470,2016,44,FINGLE_CB,BLUTI,1,,7,7,,,,,,NE,,,,,,,,,,,,,,,,,,,,,,,,,,,,,,,,,,,,,,,,,,,,
1471,2016,45,FINGLE_CB,PIEFL,1,,3,3,,,,,,NE,,,,,,,,,,,,,,,,,,,,,,,,,,,,,,,,,,,,,,,,,,,,
1472,2016,47,FINGLE_CB,BLUTI,1,8,6,6,,,,,,NE ,,,,,,,,,,,,,,,,,,,,,,,,,,,,,,,,,,,,,,,,,,,,
1473,2016,49,FINGLE_CB,BLUTI ,1,,,5,34,,,,,NE ,,,,,,,,,,,,,,,,,,,,,,,,,,,,,,,,,,,,,,,,,,,,
1474,2016,2,FINGLE_BB,BLUTI,1,9,,0,34,,,,,JD,,,,,,,,,,,,,,,,,,,,,,,,,,,,,,,,,,,,,,,,,,,,
1475,2016,3,FINGLE_BB,BLUTI,1,,,8,35,,,,,NE,,,,,,,,,,,,,,,,,,,,,,,,,,,,,,,,,,,,,,,,,,,,
1476,2016,7,FINGLE_BB,BLUTI,1,,,6,32,,,,,NE,,,,,,,,,,,,,,,,,,,,,,,,,,,,,,,,,,,,,,,,,,,,
1477,2016,11,FINGLE_BB,PIEFL,1,,,6,,,,,,NE,,,,,,,,,,,,,,,,,,,,,,,,,,,,,,,,,,,,,,,,,,,,
1478,2016,12,FINGLE_BB,PIEFL,1,7,,7,40,,,,,NE,,,,,,,,,,,,,,,,,,,,,,,,,,,,,,,,,,,,,,,,,,,,
1479,2016,14,FINGLE_BB,BLUTI,1,,6,5,36,,,,,NE,,,,,,,,,,,,,,,,,,,,,,,,,,,,,,,,,,,,,,,,,,,,
1480,2016,15,FINGLE_BB,BLUTI,1,5,,5,28,,,,,NE,,,,,,,,,,,,,,,,,,,,,,,,,,,,,,,,,,,,,,,,,,,,
1481,2016,16,FINGLE_BB,BLUTI,1,,,8,35,,,,,NE ,,,,,,,,,,,,,,,,,,,,,,,,,,,,,,,,,,,,,,,,,,,,
1482,2016,18,FINGLE_BB,BLUTI,1,,,1,36,,,,,NE ,,,,,,,,,,,,,,,,,,,,,,,,,,,,,,,,,,,,,,,,,,,,
1483,2016,19,FINGLE_BB,BLUTI,1,7,,2,31,,,,,NE ,,,,,,,,,,,,,,,,,,,,,,,,,,,,,,,,,,,,,,,,,,,,
1484,2016,23,FINGLE_BB,BLUTI,1,7,,4,32,,,,,NE,,,,,,,,,,,,,,,,,,,,,,,,,,,,,,,,,,,,,,,,,,,,
1485,2016,25,FINGLE_BB,GRETI,1,3,0,0,,,,,,ED,,,,,,,,,,,,,,,,,,,,,,,,,,,,,,,,,,,,,,,,,,,,
1486,2016,26,FINGLE_BB,BLUTI,1,8,,5,34,,,,,NE,,,,,,,,,,,,,,,,,,,,,,,,,,,,,,,,,,,,,,,,,,,,
1487,2016,32,FINGLE_BB,BLUTI,1,8,,5,24,,,,,NE,,,,,,,,,,,,,,,,,,,,,,,,,,,,,,,,,,,,,,,,,,,,
1488,2016,33,FINGLE_BB,PIEFL,1,7,,4,40,66,,,,NE,,,,,,,,,,,,,,,,,,,,,,,,,,,,,,,,,,,,,,,,,,,,
1489,2016,35,FINGLE_BB,GRETI,1,6,,6,43,,,,,NE,,,,,,,,,,,,,,,,,,,,,,,,,,,,,,,,,,,,,,,,,,,,
1490,2016,38,FINGLE_BB,BLUTI,1,,,5,,,,,,NE,,,,,,,,,,,,,,,,,,,,,,,,,,,,,,,,,,,,,,,,,,,,
1491,2016,39,FINGLE_BB,BLUTI,1,,,6,,,,,,NE,,,,,,,,,,,,,,,,,,,,,,,,,,,,,,,,,,,,,,,,,,,,
1492,2016,40,FINGLE_BB,PIEFL,1,6,,1,43,,,,5,NE,,,,,,,,,,,,,,,,,,,,,,,,,,,,,,,,,,,,,,,,,,,,
1493,2016,41,FINGLE_BB,BLUTI,1,10,,,30,,,,,OU,,,,,,,,,,,,,,,,,,,,,,,,,,,,,,,,,,,,,,,,,,,,
1494,2016,43,FINGLE_BB,BLUTI,1,9,,5,40,,,,1,NE,,,,,,,,,,,,,,,,,,,,,,,,,,,,,,,,,,,,,,,,,,,,
1495,2016,45,FINGLE_BB,BLUTI,1,,,6,33,,,,,NE,,,,,,,,,,,,,,,,,,,,,,,,,,,,,,,,,,,,,,,,,,,,
1496,2017,28,FINGLE_CB,BLUTI,1,,0,0,25,,,,2,ED,,,,,,,,,,,,,,,,,,,,,,,,,,,,,,,,,,,,,,,,,,,,
1497,2017,29,FINGLE_CB,BLUTI,1,7,4,4,,,,,3,NE,,,,,,,,,,,,,,,,,,,,,,,,,,,,,,,,,,,,,,,,,,,,
1498,2017,30,FINGLE_CB,PIEFL,1,7,7,7,37,,,,,NE,S846127,03/06/2017,03/06/2017,I,1,S846010,18/05/2017,18/05/2017,I,1,03/06/2017,S846120,S846121,S846122,S846123,S846124,S846125,S846126,,,,,,,,,,,,,,,,,,,,,,,,,,
1499,2017,32,FINGLE_CB,BLUTI,1,8,,0,,,,,,OU,,,,,,,18/05/2017,,,,,,,,,,,,,,,,,,,,,,,,,,,,,,,,,,,,,
1500,2017,35,FINGLE_CB,BLUTI,1,10,8,7,11,47,,,,NE,,,,,,,,,,,,,,,,,,,,,,,,,,,,,,,,,,,,,,,,,,,,
1501,2017,38,FINGLE_CB,BLUTI,1,7,,1,15,,,,5,NE,,,,,,,,,,,,,,,,,,,,,,,,,,,,,,,,,,,,,,,,,,,,
1502,2017,39,FINGLE_CB,GRETI,1,6,,0,14,,,,,XP,,,,,,,,,,,,,,,,,,,,,,,,,,,,,,,,,,,,,,,,,,,,
1503,2017,40,FINGLE_CB,BLUTI,1,,0,0,,,,,2,ED,,,,,,,,,,,,,,,,,,,,,,,,,,,,,,,,,,,,,,,,,,,,
1504,2017,45,FINGLE_CB,PIEFL,1,7,7,7,33,56,,,,NE ,S846075,31/05/2017,31/05/2017,I,1,S846011,18/05/2017,18/05/2017,I,1,31/05/2017,S846068,S846069,S846070,S846071,S846072,S846073,S846074,,,,,,,,,,,,,,,,,,,,,,,,,,
1505,2017,49,FINGLE_CB,BLUTI,1,12,12,12,12,40,,,,NE,,,,,,,18/05/2017,,,,,,,,,,,,,,,,,,,,,,,,,,,,,,,,,,,,,
1506,2017,3,BRWD,BLUTI,1,10,9,9,11,35,,,,NE,,,,,,,,,,,,,,,,,,,,,,,,,,,,,,,,,,,,,,,,,,,,
1507,2017,4,BRWD,PIEFL,1,7,7,0,39,,,,,JD,,,,,,Z765942,13/05/2017,13/06/2016,I,1,,,,,,,,,,,,,,,,,,,,,,,,,,,,,,,,,,
1508,2017,5,BRWD,BLUTI,1,9,1,1,10,42,,,8,NE,,,,,,,,,,,,,,,,,,,,,,,,,,,,,,,,,,,,,,,,,,,,
1509,2017,8,BRWD,BLUTI,1,11,11,9,18,,,,,NE,,,,,,,,,,,,,,,,,,,,,,,,,,,,,,,,,,,,,,,,,,,,
1510,2017,10,BRWD,BLUTI,1,10,10,9,13,,,,1,NE,,,,,,,,,,,,,,,,,,,,,,,,,,,,,,,,,,,,,,,,,,,,
1511,2017,14,BRWD,BLUTI,1,10,10,10,10,,,,,NE,,,,,,,,,,,,,,,,,,,,,,,,,,,,,,,,,,,,,,,,,,,,
1512,2017,20,BRWD,PIEFL,1,9,9,9,25,,,,,NE,,,,,,D140892,13/05/2017,09/06/2013,S,3,,,,,,,,,,,,,,,,,,,,,,,,,,,,,,,,,,
1513,2017,21,BRWD,GRETI,1,7,0,0,17,,,,7,ED,,,,,,,,,,,,,,,,,,,,,,,,,,,,,,,,,,,,,,,,,,,,
1514,2017,23,BRWD,BLUTI,1,11,11,11,11,,,,,NE,,,,,,,,,,,,,,,,,,,,,,,,,,,,,,,,,,,,,,,,,,,,
1515,2017,25,BRWD,PIEFL,1,7,6,6,40,63,,,1,NE,,,,,,,,,,,,,,,,,,,,,,,,,,,,,,,,,,,,,,,,,,,,
1516,2017,26,BRWD,BLUTI,1,11,9,9,17,,,,,NE,,,,,,,,,,,,,,,,,,,,,,,,,,,,,,,,,,,,,,,,,,,,
1517,2017,28,BRWD,BLUTI,1,11,11,2,11,,,,,NE,,,,,,,,,,,,,,,,,,,,,,,,,,,,,,,,,,,,,,,,,,,,
1518,2017,33,BRWD,PIEFL,1,7,7,7,32,,,,,NE,,,,,,Z792621,13/05/2017,13/05/2017,I,1,,,,,,,,,,,,,,,,,,,,,,,,,,,,,,,,,,
1519,2017,34,BRWD,PIEFL,1,7,7,7,38,,,,,NE,,,,,,Z792643,13/05/2017,13/05/2017,I,1,,,,,,,,,,,,,,,,,,,,,,,,,,,,,,,,,,
1520,2017,35,BRWD,GRETI,1,7,7,7,13,,,,,NE,,,,,,,,,,,,,,,,,,,,,,,,,,,,,,,,,,,,,,,,,,,,
1521,2017,36,BRWD,BLUTI,1,9,9,9,11,,,,,NE ,,,,,,,,,,,,,,,,,,,,,,,,,,,,,,,,,,,,,,,,,,,,
1522,2017,37,BRWD,BLUTI,1,12,12,12,,,,,,NE,,,,,,,,,,,,,,,,,,,,,,,,,,,,,,,,,,,,,,,,,,,,
1523,2017,41,BRWD,PIEFL,1,7,7,5,33,,,,,NE,,,,,,D568717,13/05/2017,02/06/2014,S,2,,,,,,,,,,,,,,,,,,,,,,,,,,,,,,,,,,
1524,2017,42,BRWD,GRETI,1,9,,,13,,,,,OU,,,,,,,,,,,,,,,,,,,,,,,,,,,,,,,,,,,,,,,,,,,,
1525,2017,44,BRWD,PIEFL,1,7,7,6,37,56,,,,NE,,,,,,Z792645,13/05/2017,13/05/2017,I,1,,,,,,,,,,,,,,,,,,,,,,,,,,,,,,,,,,
1526,2017,46,BRWD,GRETI,1,11,9,,11,,,,,OU ,,,,,,,,,,,,,,,,,,,,,,,,,,,,,,,,,,,,,,,,,,,,
1527,2017,48,BRWD,PIEFL,1,7,4,3,45,67,,,1,NE,,,,,,Z792644,13/05/2017,13/05/2017,I,1,,,,,,,,,,,,,,,,,,,,,,,,,,,,,,,,,,
1528,2017,51,BRWD,BLUTI,1,11,11,8,11,48,,,1,NE,,,,,,,,,,,,,,,,,,,,,,,,,,,,,,,,,,,,,,,,,,,,
1529,2017,53,BRWD,PIEFL,1,7,6,6,35,56,,,1,NE,,,,,,Z792642,13/05/2017,13/05/2017,I,1,,,,,,,,,,,,,,,,,,,,,,,,,,,,,,,,,,
1530,2017,55,BRWD,BLUTI,1,12,12,12,11,,,,,NE,,,,,,,,,,,,,,,,,,,,,,,,,,,,,,,,,,,,,,,,,,,,
1531,2017,60,BRWD,BLUTI,1,6,6,4,24,,,,,NE,,,,,,,,,,,,,,,,,,,,,,,,,,,,,,,,,,,,,,,,,,,,
1532,2017,62,BRWD,BLUTI ,1,10,10,7,9,,,,,NE,,,,,,,,,,,,,,,,,,,,,,,,,,,,,,,,,,,,,,,,,,,,
1533,2017,63,BRWD,PIEFL,1,8,3,0,44,68,,,1,JD,,,,,,,,,,,,,,,,,,,,,,,,,,,,,,,,,,,,,,,,,,,,
1534,2017,39,STEPS,BLUTI,1,12,,10,,,,,1,NE,,,,,,,,,,,,,,,,,,,,,,,,,,,,,,,,,,,,,,,,,,,,
1535,2017,40,STEPS,PIEFL,1,6,5,3,48,,,,1,NE,S846067,13/06/2017,13/06/2017,I,1,S846012,19/05/2017,19/05/2017,I,1,14/06/2017,S846180,S846181,S846182,,,,,,,,,,,,,,,,,,,,,,,,,,,,,,
1536,2017,43,STEPS,BLUTI,1,10,10,10,,33,,,,NE,,,,,,,,,,,,,,,,,,,,,,,,,,,,,,,,,,,,,,,,,,,,
1537,2017,45,STEPS,PIEFL,1,6,6,6,40,58,,,,NE,Z779343,01/06/2017,05/06/2016,S,2,S846013,19/05/2017,19/05/2017,I,1,06/06/2017,S846128,S846129,S846130,S846131,S846132,S846133,,,,,,,,,,,,,,,,,,,,,,,,,,,
1538,2017,1,STEPS,PIEFL,1,6,6,6,40,,,,,NE,D923037,01/06/2017,29/05/2014,S,3,S846001,08/05/2017,08/05/2017,I,1,28/05/2017,S846023,S846024,S846025,S846026,S846027,S846028,,,,,,,,,,,,,,,,,,,,,,,,,,,
1539,2017,4,STEPS,BLUTI,1,,,10,13,,,,,NE,,,,,,,,,,,,,,,,,,,,,,,,,,,,,,,,,,,,,,,,,,,,
1540,2017,5,STEPS,BLUTI,1,5,3,3,18,,,,2,NE,,,,,,,,,,,,,,,,,,,,,,,,,,,,,,,,,,,,,,,,,,,,
1541,2017,46,STEPS,BLUTI,1,13,13,2,10,,,,,NE,,,,,,,,,,,,,,,,,,,,,,,,,,,,,,,,,,,,,,,,,,,,
1542,2017,49,STEPS,PIEFL,1,8,8,7,35,,,,,NE,D923636,01/06/2017,30/05/2015,S,3,Z792532,13/05/2017,13/05/2017,I,1,01/06/2017,S846076,S846077,S846078,S846079,S846080,S846082,S846083,S846084,,,,,,,,,,,,,,,,,,,,,,,,,
1543,2017,6,STEPS,BLUTI,1,,,1,,,10,,,NE,,,,,,,,,,,,,,,,,,,,,,,,,,,,,,,,,,,,,,,,,,,,
1544,2017,8,STEPS,BLUTI,1,,,12,,,12,,,NE,,,,,,,,,,,,,,,,,,,,,,,,,,,,,,,,,,,,,,,,,,,,
1545,2017,9,STEPS,PIEFL,1,7,5,2,40,,,,,NE,S846134,06/06/2017,06/06/2017,I,1,Z097873,19/05/2017,19/05/2017,I,1,06/06/2017,S846135,S846136,S846137,S846138,S846139,,,,,,,,,,,,,,,,,,,,,,,,,,,,
1546,2017,12,STEPS,PIEFL,1,8,,7,25,,,,,NE,D923651,23/05/2017,30/05/2015,S,3,Z097893,03/05/2017,03/05/2017,I,1,23/05/2017,S846016,S846017,S846018,S846019,S846020,S846021,S846022,,,,,,,,,,,,,,,,,,,,,,,,,,
1547,2017,56,STEPS,BLUTI,1,12,12,12,11,,,,,NE,,,,,,,,,,,,,,,,,,,,,,,,,,,,,,,,,,,,,,,,,,,,
1548,2017,58,STEPS,PIEFL,1,8,,4,30,,,,,NE,S846067,28/05/2017,28/05/2017,I,1,D923605,08/05/2017,26/05/2015,R,2,28/05/2017,S846063,S846064,S846065,S846066,,,,,,,,,,,,,,,,,,,,,,,,,,,,,
1549,2017,60,STEPS,BLUTI,1,,,9,14,,,,,NE,,,,,,,,,,,,,,,,,,,,,,,,,,,,,,,,,,,,,,,,,,,,
1550,2017,63,STEPS,PIEFL,1,7,5,5,31,,,,2,NE,S846062,28/05/2017,28/05/2017,I,1,Y369169,08/05/2017,04/06/2012,S,6,28/05/2017,S846057,S846058,S846059,S846060,S846061,,,,,,,,,,,,,,,,,,,,,,,,,,,,
1551,2017,84,STEPS,PIEFL,1,8,8,8,34,,,,,NE,D923083,01/06/2017,06/06/2014,R,3,Z097501,01/06/2017,05/06/2015,R,2,01/06/2017,S846085,S846086,S846087,S846088,S846089,S846090,S846091,S846092,,,,,,,,,,,,,,,,,,,,,,,,,
1552,2017,85,STEPS,BLUTI,1,11,11,11,15,,,,,NE,,,,,,,,,,,,,,,,,,,,,,,,,,,,,,,,,,,,,,,,,,,,
1553,2017,86,STEPS,PIEFL,1,7,4,4,40,,,,3,NE,S846144,06/06/2017,06/06/2017,I,1,Z765944,19/05/2017,13/06/2016,I,1,06/06/2017,S846140,S846141,S846142,S846143,,,,,,,,,,,,,,,,,,,,,,,,,,,,,
1554,2017,87,STEPS,PIEFL,1,7,6,6,33,,,,1,NE,D923680,28/05/2017,03/06/2015,R,2,D923060,13/05/2017,30/05/2014,R,3,28/05/2017,S846029,S846030,S846031,S846032,S846033,S846034,,,,,,,,,,,,,,,,,,,,,,,,,,,
1555,2017,90,STEPS,BLUTI,1,12,12,12,,,,,,NE,,,,,,,,,,,,,,,,,,,,,,,,,,,,,,,,,,,,,,,,,,,,
1556,2017,14,STEPS,PIEFL,1,8,,6,30,,,,,NE,S846041,28/05/2017,28/05/2017,I,1,Z779282,08/05/2017,17/05/2016,S,2,28/05/2017,S846035,S846036,S846037,S846038,S846039,S846040,,,,,,,,,,,,,,,,,,,,,,,,,,,
1557,2017,16,STEPS,PIEFL,1,7,6,6,37,,,,1,NE,,,,,,D923585,13/05/2017,17/05/2015,S,3,01/06/2017,S846093,S846094,S846095,S846096,S846097,S846098,,,,,,,,,,,,,,,,,,,,,,,,,,,
1558,2017,17,STEPS,BLUTI,1,12,,10,12,,,,,NE,,,,,,,,,,,,,,,,,,,,,,,,,,,,,,,,,,,,,,,,,,,,
1559,2017,19,STEPS,BLUTI,1,11,,10,12,,,,,NE,,,,,,,,,,,,,,,,,,,,,,,,,,,,,,,,,,,,,,,,,,,,
1560,2017,20,STEPS,BLUTI,1,,,3,,,10,,1,NE,,,,,,,,,,,,,,,,,,,,,,,,,,,,,,,,,,,,,,,,,,,,
1561,2017,21,STEPS,PIEFL,1,8,7,7,37,,,,1,NE,D923635,01/06/2017,30/05/2015,R,2,D923578,19/05/2017,12/05/2015,S,3,06/06/2017,S846145,S846146,S846147,S846148,S846149,S846150,S846151,,,,,,,,,,,,,,,,,,,,,,,,,,
1562,2017,22,STEPS,PIEFL,1,7,7,4,47,,,,,NE,,,,,,S846042,28/05/2017,28/05/2017,I,1,14/06/2017,S846183,S846184,S846185,S846186,,,,,,,,,,,,,,,,,,,,,,,,,,,,,
1563,2017,23,STEPS,GRETI,1,6,5,5,19,,,,1,NE,,,,,,,,,,,,,,,,,,,,,,,,,,,,,,,,,,,,,,,,,,,,
1564,2017,24,STEPS,BLUTI,1,9,,8,,,,,,NE,,,,,,,,,,,,,,,,,,,,,,,,,,,,,,,,,,,,,,,,,,,,
1565,2017,25,STEPS,PIEFL,1,7,,3,42,,,,,NE,,,,,,S846014,19/05/2017,19/05/2017,I,1,09/06/2017,S846167,S846168,S846169,S846170,S846171,,,,,,,,,,,,,,,,,,,,,,,,,,,,
1566,2017,26,STEPS,BLUTI,1,,,10,13,,,,,NE,,,,,,,,,,,,,,,,,,,,,,,,,,,,,,,,,,,,,,,,,,,,
1567,2017,28,STEPS,BLUTI,1,10,,8,13,,,,,NE,,,,,,,,,,,,,,,,,,,,,,,,,,,,,,,,,,,,,,,,,,,,
1568,2017,29,STEPS,PIEFL,1,6,6,6,41,,,,,NE,S846158,06/06/2017,06/06/2017,I,1,Z779394,19/05/2017,06/06/2016,S,2,06/06/2017,S846152,S846153,S846154,S846155,S846156,S846157,,,,,,,,,,,,,,,,,,,,,,,,,,,
1569,2017,30,STEPS,BLUTI,1,13,13,11,,,,,,NE,,,,,,,,,,,,,,,,,,,,,,,,,,,,,,,,,,,,,,,,,,,,
1570,2017,33,STEPS,PIEFL,1,7,,6,29,,,,,NE,D923010,28/05/2017,25/05/2015,S,3,D637358,08/05/2017,01/06/2014,S,3,28/05/2017,S846043,S846044,S846045,S846046,S846047,S846048,,,,,,,,,,,,,,,,,,,,,,,,,,,
1571,2017,34,STEPS,BLUTI,1,,,0,,,12,,,JD,,,,,,,,,,,,,,,,,,,,,,,,,,,,,,,,,,,,,,,,,,,,
1572,2017,35,STEPS,PIEFL,1,8,8,3,35,,,,,NE,S846119,02/06/2017,02/06/2017,I,1,Z779273,19/05/2017,13/05/2016,S,2,02/06/2017,S846111,S846112,S846113,S846114,S846115,S846116,S846117,S846118,,,,,,,,,,,,,,,,,,,,,,,,,
1573,2017,50,STEPS,GRETI,1,,,5,,,5,,,NE,,,,,,,,,,,,,,,,,,,,,,,,,,,,,,,,,,,,,,,,,,,,
1574,2017,51,STEPS,BLUTI,1,10,7,7,19,,,,,NE,,,,,,,,,,,,,,,,,,,,,,,,,,,,,,,,,,,,,,,,,,,,
1575,2017,53,STEPS,PIEFL,1,7,7,7,39,,,,,NE,S846166,06/06/2017,06/06/2017,I,1,S846015,19/05/2017,19/05/2017,I,1,06/06/2017,S846159,S846160,S846161,S846162,S846163,S846164,S846165,,,,,,,,,,,,,,,,,,,,,,,,,,
1576,2017,54,STEPS,BLUTI,1,9,8,8,17,,,,1,NE,,,,,,,,,,,,,,,,,,,,,,,,,,,,,,,,,,,,,,,,,,,,
1577,2017,64,STEPS,BLUTI,1,10,5,5,16,,,,5,NE,,,,,,,,,,,,,,,,,,,,,,,,,,,,,,,,,,,,,,,,,,,,
1578,2017,67,STEPS,PIEFL,1,,,7,32,,7,,,NE,D061414,28/05/2017,09/06/2013,S,3,D923007,04/05/2017,21/05/2014,S,4,28/05/2017,S846050,S846051,S846052,S846053,S846054,S846055,S846056,,,,,,,,,,,,,,,,,,,,,,,,,,
1579,2017,72,STEPS,PIEFL,1,,,1,36,,5,,,NE,Z286283,02/06/2017,06/06/2016,S,2,D923051,09/05/2017,30/05/2014,S,3,02/06/2017,S846107,S846108,S846109,S846110,,,,,,,,,,,,,,,,,,,,,,,,,,,,,
1580,2017,74,STEPS,PIEFL,1,8,8,8,33,,,,,NE,Z286710,02/06/2017,02/06/2017,I,1,D923709,15/05/2017,03/06/2015,R,2,02/06/2017,S846099,S846100,S846101,S846102,S846103,S846104,S846105,S846106,,,,,,,,,,,,,,,,,,,,,,,,,
1581,2017,75,STEPS,BLUTI,1,8,,7,15,,,,,NE,,,,,,,,,,,,,,,,,,,,,,,,,,,,,,,,,,,,,,,,,,,,
1582,2017,76,STEPS,BLUTI,1,7,,5,20,,,,,NE,,,,,,,,,,,,,,,,,,,,,,,,,,,,,,,,,,,,,,,,,,,,
1583,2017,77,STEPS,BLUTI,1,10,,9,13,,,,,NE,,,,,,,,,,,,,,,,,,,,,,,,,,,,,,,,,,,,,,,,,,,,
1584,2017,80,STEPS,BLUTI,1,12,,4,11,,,,,NE,,,,,,,,,,,,,,,,,,,,,,,,,,,,,,,,,,,,,,,,,,,,
1585,2017,82,STEPS,PIEFL,1,7,7,7,42,,,,,NE,S846179,09/06/2017,09/06/2017,I,1,S846049,28/05/2017,28/05/2017,I,1,09/06/2017,S846172,S846173,S846174,S846175,S846176,S846177,S846178,,,,,,,,,,,,,,,,,,,,,,,,,,
1586,2017,83,STEPS,BLUTI,1,,,5,19,,,,,NE,,,,,,,,,,,,,,,,,,,,,,,,,,,,,,,,,,,,,,,,,,,,
1587,2017,1,FINGLE_BB,BLUTI,1,10,,6,21,,,,,NE,,,,,,,,,,,,,,,,,,,,,,,,,,,,,,,,,,,,,,,,,,,,
1588,2017,2,FINGLE_BB,BLUTI,1,6,6,3,25,,,,,NE,,,,,,,,,,,,,,,,,,,,,,,,,,,,,,,,,,,,,,,,,,,,
1589,2017,3,FINGLE_BB,BLUTI,1,,,8,21,,8,,,NE ,,,,,,,,,,,,,,,,,,,,,,,,,,,,,,,,,,,,,,,,,,,,
1590,2017,4,FINGLE_BB,BLUTI,1,6,6,4,19,,,,,NE ,,,,,,,,,,,,,,,,,,,,,,,,,,,,,,,,,,,,,,,,,,,,
1591,2017,6,FINGLE_BB,BLUTI,1,,,6,21,,,,,NE,,,,,,,,,,,,,,,,,,,,,,,,,,,,,,,,,,,,,,,,,,,,
1592,2017,7,FINGLE_BB,BLUTI,1,9,,9,,,,,,NE,,,,,,,,,,,,,,,,,,,,,,,,,,,,,,,,,,,,,,,,,,,,
1593,2017,8,FINGLE_BB,PIEFL,1,5,5,3,,,,,,NE,,,,,,,,,,,,,,,,,,,,,,,,,,,,,,,,,,,,,,,,,,,,
1594,2017,12,FINGLE_BB,PIEFL,1,,,5,36,,6,,1,NE,,,,,,,,,,,,,,,,,,,,,,,,,,,,,,,,,,,,,,,,,,,,
1595,2017,13,FINGLE_BB,BLUTI,1,,,8,23,,,,,NE,,,,,,,,,,,,,,,,,,,,,,,,,,,,,,,,,,,,,,,,,,,,
1596,2017,15,FINGLE_BB,BLUTI,1,9,,9,17,,,,,NE ,,,,,,,,,,,,,,,,,,,,,,,,,,,,,,,,,,,,,,,,,,,,
1597,2017,16,FINGLE_BB,BLUTI,1,8,,6,10,,,,,NE,,,,,,,,,,,,,,,,,,,,,,,,,,,,,,,,,,,,,,,,,,,,
1598,2017,17,FINGLE_BB,BLUTI,1,10,,6,19,,,,,NE ,,,,,,,,,,,,,,,,,,,,,,,,,,,,,,,,,,,,,,,,,,,,
1599,2017,21,FINGLE_BB,BLUTI,1,11,7,5,9,37,,,4,NE,,,,,,,,,,,,,,,,,,,,,,,,,,,,,,,,,,,,,,,,,,,,
1600,2017,22,FINGLE_BB,PIEFL,1,,,5,,,,,,NE,,,,,,,,,,,,,,,,,,,,,,,,,,,,,,,,,,,,,,,,,,,,
1601,2017,26,FINGLE_BB,PIEFL,1,7,,5,,,,,,NE,,,,,,,,,,,,,,,,,,,,,,,,,,,,,,,,,,,,,,,,,,,,
1602,2017,27,FINGLE_BB,BLUTI,1,,,7,,,,,,NE ,,,,,,,,,,,,,,,,,,,,,,,,,,,,,,,,,,,,,,,,,,,,
1603,2017,32,FINGLE_BB,BLUTI,1,,,9,21,,,,,NE,,,,,,,,,,,,,,,,,,,,,,,,,,,,,,,,,,,,,,,,,,,,
1604,2017,33,FINGLE_BB,PIEFL,1,6,5,4,37,,,,1,NE,,,,,,,,,,,,,,,,,,,,,,,,,,,,,,,,,,,,,,,,,,,,
1605,2017,35,FINGLE_BB,GRETI,1,,6,6,,,,,,NE,,,,,,,,,,,,,,,,,,,,,,,,,,,,,,,,,,,,,,,,,,,,
1606,2017,38,FINGLE_BB,BLUTI,1,9,,7,15,37,,,,NE,,,,,,,,,,,,,,,,,,,,,,,,,,,,,,,,,,,,,,,,,,,,
1607,2017,40,FINGLE_BB,BLUTI,1,,0,0,11,,,,3,ED,,,,,,,,,,,,,,,,,,,,,,,,,,,,,,,,,,,,,,,,,,,,
1608,2017,45,FINGLE_BB,BLUTI,1,10,,8,14,49,,,,NE,,,,,,,,,,,,,,,,,,,,,,,,,,,,,,,,,,,,,,,,,,,,
1609,2018,39,STEPS,PIEFL,1,8,7,7,35,,,,1,NE,D923037,29/05/2018,29/05/2014,S,4,Z792532,14/05/2018,13/05/2017,S,2,02/06/2018,S846708,S846709,S846710,S846711,S846712,S846713,S846714,,,,,,,,,,,,,,,,,,,,,,,,,,
1610,2018,43,STEPS,BLUTI,1,10,10,10,24,,,,0,NE,,,,,,,,,,,,,,,,,,,,,,,,,,,,,,,,,,,,,,,,,,,,
1611,2018,45,STEPS,PIEFL,1,7,,6,39,,,,,NE,D923037,02/06/2018,29/05/2014,S,4,Z765919,19/05/2018,12/06/2016,I,2,05/06/2018,S846763,S846764,S846765,S846766,S846767,S846768,,,,,,,,,,,,,,,,,,,,,,,,,,,
1612,2018,2,STEPS,PIEFL,1,8,8,8,36,,,,0,NE,S846043,30/05/2018,28/05/2017,R,1,Z097873,13/05/2018,19/05/2017,S,2,02/06/2018,S846715,S846716,S846717,S846718,S846719,S846720,S846721,S846722,,,,,,,,,,,,,,,,,,,,,,,,,
1613,2018,4,STEPS,BLUTI,1,9,,7,25,,,,1,NE,,,,,,,,,,,,,,,,,,,,,,,,,,,,,,,,,,,,,,,,,,,,
1614,2018,5,STEPS,BLUTI,1,10,6,6,24,,,,4,NE,,,,,,,,,,,,,,,,,,,,,,,,,,,,,,,,,,,,,,,,,,,,
1615,2018,47,STEPS,BLUTI,1,6,,4,44,,,,,NE,,,,,,,,,,,,,,,,,,,,,,,,,,,,,,,,,,,,,,,,,,,,
1616,2018,49,STEPS,BLUTI,1,9,9,8,26,49,,,,NE,,,,,,,,,,,,,,,,,,,,,,,,,,,,,,,,,,,,,,,,,,,,
1617,2018,6,STEPS,BLUTI,1,12,,11,23,,,,,NE,,,,,,,,,,,,,,,,,,,,,,,,,,,,,,,,,,,,,,,,,,,,
1618,2018,7,STEPS,BLUTI,1,12,12,12,22,,,,,NE,,,,,,,,,,,,,,,,,,,,,,,,,,,,,,,,,,,,,,,,,,,,
1619,2018,8,STEPS,PIEFL,1,7,7,7,36,,,,,NE,D923636,30/05/2018,30/05/2015,S,4,S846640,14/05/2018,14/05/2018,I,1,30/05/2018,S846692,S846693,S846694,S846695,S846696,S846697,S846698,,,,,,,,,,,,,,,,,,,,,,,,,,
1620,2018,9,STEPS,BLUTI,1,11,0,0,29,,,,11,ED,,,,,,,,,,,,,,,,,,,,,,,,,,,,,,,,,,,,,,,,,,,,
1621,2018,10,STEPS,PIEFL,1,7,7,7,32,,,,,NE,S846038,27/05/2018,25/08/2017,R,1,S846636,13/05/2018,13/05/2018,I,1,02/06/2018,S846723,S846724,S846725,S846726,S846727,S846728,S846729,,,,,,,,,,,,,,,,,,,,,,,,,,
1622,2018,11,STEPS,GRETI,1,6,,5,,,,,,NE,,,,,,,,,,,,,,,,,,,,,,,,,,,,,,,,,,,,,,,,,,,,
1623,2018,12,STEPS,BLUTI,1,8,7,6,25,,,,,NE,,,,,,,,,,,,,,,,,,,,,,,,,,,,,,,,,,,,,,,,,,,,
1624,2018,56,STEPS,BLUTI,1,,,7,27,,8,,1,NE,,,,,,,,,,,,,,,,,,,,,,,,,,,,,,,,,,,,,,,,,,,,
1625,2018,58,STEPS,GRETI,1,3,,1,28,,,,,NE,,,,,,,,,,,,,,,,,,,,,,,,,,,,,,,,,,,,,,,,,,,,
1626,2018,59,STEPS,PIEFL,1,6,4,4,32,,,,2,NE,Z779400,27/05/2018,06/06/2016,R,2,S846635,08/05/2018,08/05/2018,I,1,27/05/2018,S846680,S846681,S846682,S846683,,,,,,,,,,,,,,,,,,,,,,,,,,,,,
1627,2018,61,STEPS,BLUTI,1,13,,12,25,,,,1,NE,,,,,,,,,,,,,,,,,,,,,,,,,,,,,,,,,,,,,,,,,,,,
1628,2018,62,STEPS,PIEFL,1,7,6,6,39,,,,1,NE,S846141,02/06/2018,06/06/2017,R,1,S846639,13/05/2018,13/05/2018,I,1,02/06/2018,S846750,S846751,S846752,S846753,S846754,S846755,,,,,,,,,,,,,,,,,,,,,,,,,,,
1629,2018,63,STEPS,BLUTI,1,9,,5,,,,,3,NE,,,,,,,,,,,,,,,,,,,,,,,,,,,,,,,,,,,,,,,,,,,,
1630,2018,84,STEPS,BLUTI,1,11,0,0,,,,,11,ED,,,,,,,,,,,,,,,,,,,,,,,,,,,,,,,,,,,,,,,,,,,,
1631,2018,85,STEPS,PIEFL,1,7,6,6,38,,,,1,NE,S846776,05/06/2018,05/06/2018,I,1,S846637,13/05/2018,13/05/2018,I,1,02/06/2018,S846730,S846731,S846732,S846733,S846734,S846735,,,,,,,,,,,,,,,,,,,,,,,,,,,
1632,2018,87,STEPS,PIEFL,1,7,,6,28,,,,,NE,D923050,27/05/2018,29/05/2014,S,4,Z765439,08/05/2018,06/06/2016,I,3,27/05/2018,S846674,S846675,S846676,S846677,S846678,S846679,,,,,,,,,,,,,,,,,,,,,,,,,,,
1633,2018,90,STEPS,BLUTI,1,9,,4,27,,,,,NE,,,,,,,,,,,,,,,,,,,,,,,,,,,,,,,,,,,,,,,,,,,,
1634,2018,14,STEPS,BLUTI,1,8,8,0,27,,,,,JD,,,,,,,,,,,,,,,,,,,,,,,,,,,,,,,,,,,,,,,,,,,,
1635,2018,15,STEPS,PIEFL,2,,0,0,,,2,,,EP,,,,,,,,,,,,,,,,,,,,,,,,,,,,,,,,,,,,,,,,,,,,
1636,2018,16,STEPS,BLUTI,1,11,9,0,25,,,,,JD,,,,,,,,,,,,,,,,,,,,,,,,,,,,,,,,,,,,,,,,,,,,
1637,2018,16,STEPS,PIEFL,1,5,5,5,70,,,,,NE,AAA8702,29/06/2018,06/06/2017,I,1,S846154,14/06/2018,28/05/2017,R,1,03/07/2018,S846818,S846819,S846820,S846821,S846822,,,,,,,,,,,,,,,,,,,,,,,,,,,,
1638,2018,17,STEPS,BLUTI,1,10,10,9,29,,,,,NE,,,,,,,,,,,,,,,,,,,,,,,,,,,,,,,,,,,,,,,,,,,,
1639,2018,19,STEPS,BLUTI,1,11,,9,28,,,,,NE,,,,,,,,,,,,,,,,,,,,,,,,,,,,,,,,,,,,,,,,,,,,
1640,2018,20,STEPS,GRETI,1,7,7,7,40,,,,,NE,,,,,,,,,,,,,,,,,,,,,,,,,,,,,,,,,,,,,,,,,,,,
1641,2018,21,STEPS,PIEFL,1,8,8,8,31,,,,,NE,D923662,27/05/2018,30/05/2015,S,4,S846638,13/05/2018,13/05/2018,I,1,30/05/2018,S846700,S846701,S846702,S846703,S846704,S846705,S846706,S846707,,,,,,,,,,,,,,,,,,,,,,,,,
1642,2018,21,STEPS,PIEFL,1,3,0,0,75,,,,,ED,,,,,,S846180,24/06/2018,14/06/2017,R,1,,,,,,,,,,,,,,,,,,,,,,,,,,,,,,,,,,
1643,2018,22,STEPS,PIEFL,1,7,7,7,34,,,,,NE,Z765874,30/05/2018,11/06/2016,I,2,D637358,19/05/2018,01/06/2014,S,4,02/06/2018,S846736,S846737,S846738,S846739,S846740,S846741,S846742,,,,,,,,,,,,,,,,,,,,,,,,,,
1644,2018,24,STEPS,BLUTI,1,,,9,31,,10,,,NE,,,,,,,,,,,,,,,,,,,,,,,,,,,,,,,,,,,,,,,,,,,,
1645,2018,26,STEPS,PIEFL,1,7,7,7,39,,,,,NE,D923050,02/06/2018,29/05/2014,S,4,S846699,30/05/2018,30/05/2018,I,1,02/06/2018,S846743,S846744,S846745,S846746,S846747,S846748,S846749,,,,,,,,,,,,,,,,,,,,,,,,,,
1646,2018,27,STEPS,BLUTI,1,,,5,25,,6,,,NE,,,,,,,,,,,,,,,,,,,,,,,,,,,,,,,,,,,,,,,,,,,,
1647,2018,28,STEPS,BLUTI,1,11,11,11,24,,,,,NE,,,,,,,,,,,,,,,,,,,,,,,,,,,,,,,,,,,,,,,,,,,,
1648,2018,30,STEPS,GRETI,1,6,0,0,25,,,,6,ED,,,,,,,,,,,,,,,,,,,,,,,,,,,,,,,,,,,,,,,,,,,,
1649,2018,31,STEPS,BLUTI,1,,,5,28,,6,,1,NE,,,,,,,,,,,,,,,,,,,,,,,,,,,,,,,,,,,,,,,,,,,,
1650,2018,32,STEPS,BLUTI,1,,,8,25,,,,,NE,,,,,,,,,,,,,,,,,,,,,,,,,,,,,,,,,,,,,,,,,,,,
1651,2018,33,STEPS,BLUTI,1,13,,4,26,,,,,NE,,,,,,,,,,,,,,,,,,,,,,,,,,,,,,,,,,,,,,,,,,,,
1652,2018,34,STEPS,BLUTI,1,,,10,26,,11,,,NE,,,,,,,,,,,,,,,,,,,,,,,,,,,,,,,,,,,,,,,,,,,,
1653,2018,37,STEPS,PIEFL,2,4,4,2,,,,,,NE,Z779368,03/07/2018,05/06/2016,R,2,,,,,,03/07/2018,S846816,S846817,,,,,,,,,,,,,,,,,,,,,,,,,,,,,,,
1654,2018,38,STEPS,BLUTI,1,,,5,26,,8,,,NE,,,,,,,,,,,,,,,,,,,,,,,,,,,,,,,,,,,,,,,,,,,,
1655,2018,50,STEPS,GRETI,1,,,5,23,,5,,,NE,,,,,,,,,,,,,,,,,,,,,,,,,,,,,,,,,,,,,,,,,,,,
1656,2018,51,STEPS,BLUTI,1,6,5,5,28,,,,,NE,,,,,,,,,,,,,,,,,,,,,,,,,,,,,,,,,,,,,,,,,,,,
1657,2018,52,STEPS,PIEFL,1,,0,0,,,,,3,ED,,,,,,,,,,,,,,,,,,,,,,,,,,,,,,,,,,,,,,,,,,,,
1658,2018,53,STEPS,GRETI,1,,,4,32,,,,,NE,,,,,,,,,,,,,,,,,,,,,,,,,,,,,,,,,,,,,,,,,,,,
1659,2018,54,STEPS,BLUTI,1,,,6,35,,6,,,NE,,,,,,,,,,,,,,,,,,,,,,,,,,,,,,,,,,,,,,,,,,,,
1660,2018,55,STEPS,PIEFL,1,7,7,7,38,57,,,,NE,S846166,01/06/2018,06/06/2017,S,2,D923709,01/06/2018,03/06/2015,S,3,02/06/2018,S846756,S846757,S846758,S846759,S846760,S846761,S846762,,,,,,,,,,,,,,,,,,,,,,,,,,
1661,2018,64,STEPS,BLUTI,1,,,6,33,,7,,1,NE,,,,,,,,,,,,,,,,,,,,,,,,,,,,,,,,,,,,,,,,,,,,
1662,2018,66,STEPS,BLUTI,1,9,9,9,25,,,,,NE,,,,,,,,,,,,,,,,,,,,,,,,,,,,,,,,,,,,,,,,,,,,
1663,2018,70,STEPS,PIEFL,1,7,7,7,39,,,,,NE,D543113,02/06/2018,06/06/2016,S,2,D923007,08/05/2018,21/05/2014,S,5,05/06/2018,S846769,S846770,S846771,S846772,S846773,S846774,S846775,,,,,,,,,,,,,,,,,,,,,,,,,,
1664,2018,73,STEPS,BLUTI,1,9,,8,26,,,,,NE,,,,,,,,,,,,,,,,,,,,,,,,,,,,,,,,,,,,,,,,,,,,
1665,2018,75,STEPS,BLUTI,1,7,,6,,,,,,NE,,,,,,,,,,,,,,,,,,,,,,,,,,,,,,,,,,,,,,,,,,,,
1666,2018,77,STEPS,BLUTI,1,,0,0,,,5,,5,ED,,,,,,,,,,,,,,,,,,,,,,,,,,,,,,,,,,,,,,,,,,,,
1667,2018,79,STEPS,BLUTI,1,9,,6,29,,,,2,NE,,,,,,,,,,,,,,,,,,,,,,,,,,,,,,,,,,,,,,,,,,,,
1668,2018,80,STEPS,BLUTI,1,,,7,32,,7,,,NE,,,,,,,,,,,,,,,,,,,,,,,,,,,,,,,,,,,,,,,,,,,,
1669,2018,83,STEPS,PIEFL,1,7,7,7,41,,,,,NE,Z286283,05/06/2018,06/06/2016,S,3,S846015,19/05/2018,19/05/2017,S,2,05/06/2018,S846777,S846778,S846779,S846780,S846781,S846782,S846783,,,,,,,,,,,,,,,,,,,,,,,,,,
1670,2018,1,BRWD,PIEFL,1,6,5,5,35,,,,1,NE,S969687,02/06/2018,02/06/2018,I,1,S969720,05/06/2018,05/06/2018,I,1,02/06/2018,S969688,S969689,S969690,S969691,S969692,,,,,,,,,,,,,,,,,,,,,,,,,,,,
1671,2018,2,BRWD,GRETI,1,10,8,,24,,,,,NE,,,,,,,,,,,,,,,,,,,,,,,,,,,,,,,,,,,,,,,,,,,,
1672,2018,3,BRWD,BLUTI,1,10,10,,30,,,,,NE,,,,,,,,,,,,,,,,,,,,,,,,,,,,,,,,,,,,,,,,,,,,
1673,2018,4,BRWD,PIEFL,1,6,6,6,38,,,,,NE,Z779428,15/06/2018,06/06/2016,R,2,S969646,28/05/2018,28/05/2018,I,1,15/06/2018,S969760,S969761,S969762,S969763,S969764,S969765,,,,,,,,,,,,,,,,,,,,,,,,,,,
1674,2018,6,BRWD,BLUTI,1,10,5,4,24,,,,5,NE,,,,,,,,,,,,,,,,,,,,,,,,,,,,,,,,,,,,,,,,,,,,
1675,2018,8,BRWD,PIEFL,1,7,6,6,33,,,,1,NE,S969721,05/06/2018,05/06/2018,I,1,S969630,13/05/2018,13/05/2018,I,1,02/06/2018,S969693,S969694,S969695,S969696,S969697,S969698,,,,,,,,,,,,,,,,,,,,,,,,,,,
1676,2018,9,BRWD,BLUTI,1,10,10,9,24,,,,,NE,,,,,,,,,,,,,,,,,,,,,,,,,,,,,,,,,,,,,,,,,,,,
1677,2018,12,BRWD,PIEFL,1,7,7,7,33,,,,,NE,S846052,05/06/2018,02/06/2018,R,1,S969722,05/06/2018,05/06/2018,I,1,02/06/2018,S969699,S969700,S969701,S969702,S969703,S969704,S969705,,,,,,,,,,,,,,,,,,,,,,,,,,
1678,2018,14,BRWD,BLUTI,1,9,5,5,25,,,,3,NE,,,,,,,,,,,,,,,,,,,,,,,,,,,,,,,,,,,,,,,,,,,,
1679,2018,16,BRWD,BLUTI,1,10,10,10,27,,,,,NE,,,,,,,,,,,,,,,,,,,,,,,,,,,,,,,,,,,,,,,,,,,,
1680,2018,18,BRWD,PIEFL,1,6,5,0,30,58,,,,"JD,FD",S846041,09/06/2018,28/05/2017,S,2,S969713,02/06/2018,02/06/2018,I,1,09/06/2018,S969730,S969731,S969732,S969733,S969734,,,,,,,,,,,,,,,,,,,,,,,,,,,,
1681,2018,19,BRWD,BLUTI,1,9,9,9,26,,,,,NE,,,,,,,,,,,,,,,,,,,,,,,,,,,,,,,,,,,,,,,,,,,,
1682,2018,20,BRWD,PIEFL,1,6,6,6,35,,,,,NE,S969706,06/06/2016,02/06/2018,I,1,D923051,13/05/2018,30/05/2014,S,4,02/06/2018,S969707,S969708,S969709,S969710,S969711,S969712,,,,,,,,,,,,,,,,,,,,,,,,,,,
1683,2018,21,BRWD,GRETI,1,6,6,6,36,,,,,NE,,,,,,,,,,,,,,,,,,,,,,,,,,,,,,,,,,,,,,,,,,,,
1684,2018,22,BRWD,PIEFL,1,8,8,0,38,,,,,JD,,,,,,S846042,28/05/2018,28/05/2017,S,2,09/06/2018,S969723,S969724,S969725,S969726,S969727,S969728,S969729,,,,,,,,,,,,,,,,,,,,,,,,,,
1685,2018,26,BRWD,PIEFL,1,7,7,7,43,,,,,NE,D568967,11/06/2018,01/06/2015,S,4,S969647,28/05/2018,28/05/2018,I,1,09/06/2018,S969735,S969736,S969737,S969738,S969739,S969740,S969741,,,,,,,,,,,,,,,,,,,,,,,,,,
1686,2018,27,BRWD,BLUTI,1,10,9,9,25,,,,1,NE,,,,,,,,,,,,,,,,,,,,,,,,,,,,,,,,,,,,,,,,,,,,
1687,2018,28,BRWD,BLUTI,1,9,9,9,26,,,,,NE,,,,,,,,,,,,,,,,,,,,,,,,,,,,,,,,,,,,,,,,,,,,
1688,2018,29,BRWD,PIEFL,1,6,,5,47,,,,,NE,,,,,,S846017,28/05/2018,23/05/2017,R,1,15/06/2018,S969766,S969767,S969768,S969769,S969770,,,,,,,,,,,,,,,,,,,,,,,,,,,,
1689,2018,31,BRWD,BLUTI,1,6,5,5,37,,,,,NE,,,,,,,,,,,,,,,,,,,,,,,,,,,,,,,,,,,,,,,,,,,,
1690,2018,33,BRWD,BLUTI,1,7,0,0,,,,,7,ED,,,,,,,,,,,,,,,,,,,,,,,,,,,,,,,,,,,,,,,,,,,,
1691,2018,33,BRWD,PIEFL,2,4,,,88,,,,,OU,,,,,,,,,,,,,,,,,,,,,,,,,,,,,,,,,,,,,,,,,,,,
1692,2018,34,BRWD,PIEFL,1,6,6,5,35,,,,,NE,D568967,02/06/2018,01/06/2015,S,4,S845133,02/06/2018,20/05/2017,I,2,02/06/2018,S969714,S969715,S969716,S969717,S969718,,,,,,,,,,,,,,,,,,,,,,,,,,,,
1693,2018,35,BRWD,BLUTI,1,8,8,8,24,,,,,NE,,,,,,,,,,,,,,,,,,,,,,,,,,,,,,,,,,,,,,,,,,,,
1694,2018,36,BRWD,PIEFL,1,7,6,6,39,,,,,NE,S969742,09/06/2018,09/06/2018,I,1,,,,,,,S969743,S969744,S969745,S969746,S969747,S969748,,,,,,,,,,,,,,,,,,,,,,,,,,,
1695,2018,37,BRWD,PIEFL,1,7,7,0,43,,,,,JD,,,,,,S969648,28/05/2018,28/05/2018,I,1,09/06/2018,S969749,S969750,S969751,S969752,,,,,,,,,,,,,,,,,,,,,,,,,,,,,
1696,2018,39,BRWD,BLUTI,1,9,9,9,27,49,,,,NE,,,,,,,,,,,,,,,,,,,,,,,,,,,,,,,,,,,,,,,,,,,,
1697,2018,40,BRWD,BLUTI,1,10,10,10,25,,,,,NE,,,,,,,,,,,,,,,,,,,,,,,,,,,,,,,,,,,,,,,,,,,,
1698,2018,42,BRWD,PIEFL,1,7,7,6,38,,,,,NE,S969759,10/06/2018,10/06/2018,I,1,S969649,28/05/2018,28/05/2018,I,1,09/06/2018,S969753,S969754,S969755,S969756,S969757,S969758,,,,,,,,,,,,,,,,,,,,,,,,,,,
1699,2018,45,BRWD,BLUTI,1,9,9,9,28,,,,,NE,,,,,,,,,,,,,,,,,,,,,,,,,,,,,,,,,,,,,,,,,,,,
1700,2018,46,BRWD,BLUTI,1,8,6,8,29,49,,,,NE,,,,,,,,,,,,,,,,,,,,,,,,,,,,,,,,,,,,,,,,,,,,
1701,2018,51,BRWD,BLUTI,1,9,6,,24,,,,3,OU ,,,,,,,,,,,,,,,,,,,,,,,,,,,,,,,,,,,,,,,,,,,,
1702,2018,53,BRWD,PIEFL,1,7,7,7,29,,,,,NE,Z286699,02/06/2018,06/06/2015,I,3,,,,,,,S969639,S969640,S969641,S969642,S969643,S969644,S969645,,,,,,,,,,,,,,,,,,,,,,,,,,
1703,2018,56,BRWD,BLUTI,1,7,7,7,26,,,,,NE,,,,,,,,,,,,,,,,,,,,,,,,,,,,,,,,,,,,,,,,,,,,
1704,2018,61,BRWD,BLUTI,1,7,0,0,28,,,,7,ED,,,,,,,,,,,,,,,,,,,,,,,,,,,,,,,,,,,,,,,,,,,,
1705,2018,63,BRWD,PIEFL,1,7,7,7,30,,,,,NE,S969719,01/06/2019,01/06/2019,I,1,S969629,13/05/2018,13/05/2018,I,1,28/05/2018,S969632,S969633,S969634,S969635,S969636,S969637,S969638,,,,,,,,,,,,,,,,,,,,,,,,,,
1706,2018,1,FINGLE_BB,BLUTI,1,8,8,8,35,,,,,NE,,,,,,,,,,,,,,,,,,,,,,,,,,,,,,,,,,,,,,,,,,,,
1708,2018,3,FINGLE_BB,BLUTI,1,,,0,,,,,,XU,,,,,,,,,,,,,,,,,,,,,,,,,,,,,,,,,,,,,,,,,,,,
1709,2018,4,FINGLE_BB,BLUTI,1,,,3,33,,4,,,NE,,,,,,,,,,,,,,,,,,,,,,,,,,,,,,,,,,,,,,,,,,,,
1710,2018,6,FINGLE_BB,BLUTI,1,,,5,39,,,,,NE,,,,,,,,,,,,,,,,,,,,,,,,,,,,,,,,,,,,,,,,,,,,
1711,2018,7,FINGLE_BB,BLUTI,1,,,5,39,,,,,NE,,,,,,,,,,,,,,,,,,,,,,,,,,,,,,,,,,,,,,,,,,,,
1712,2018,8,FINGLE_BB,PIEFL,1,7,7,7,38,,,,,NE,,,,,,,,,,,,,,,,,,,,,,,,,,,,,,,,,,,,,,,,,,,,
1713,2018,9,FINGLE_BB,BLUTI,1,,0,0,35,,,,3,ED,,,,,,,,,,,,,,,,,,,,,,,,,,,,,,,,,,,,,,,,,,,,
1714,2018,10,FINGLE_BB,BLUTI,1,,,3,,,,,,NE,,,,,,,,,,,,,,,,,,,,,,,,,,,,,,,,,,,,,,,,,,,,
1715,2018,11,FINGLE_BB,BLUTI,1,,,,,,7,,,OU,,,,,,,,,,,,,,,,,,,,,,,,,,,,,,,,,,,,,,,,,,,,
1716,2018,13,FINGLE_BB,BLUTI,1,,,0,54,,,,,JX,,,,,,,,,,,,,,,,,,,,,,,,,,,,,,,,,,,,,,,,,,,,
1718,2018,14,FINGLE_BB,BLUTI,1,,,7,38,,,,,NE,,,,,,,,,,,,,,,,,,,,,,,,,,,,,,,,,,,,,,,,,,,,
1719,2018,15,FINGLE_BB,BLUTI,1,7,0,0,32,,,,,ED,,,,,,,,,,,,,,,,,,,,,,,,,,,,,,,,,,,,,,,,,,,,
1720,2018,16,FINGLE_BB,BLUTI,1,,,5,28,,,,,NE,,,,,,,,,,,,,,,,,,,,,,,,,,,,,,,,,,,,,,,,,,,,
1721,2018,18,FINGLE_BB,BLUTI,1,6,0,0,37,,,,6,ED,,,,,,,,,,,,,,,,,,,,,,,,,,,,,,,,,,,,,,,,,,,,
1722,2018,19,FINGLE_BB,BLUTI,1,,,4,35,,,,,NE,,,,,,,,,,,,,,,,,,,,,,,,,,,,,,,,,,,,,,,,,,,,
1723,2018,22,FINGLE_BB,BLUTI,1,10,9,7,36,,,,1,OU,,,,,,,,,,,,,,,,,,,,,,,,,,,,,,,,,,,,,,,,,,,,
1724,2018,23,FINGLE_BB,BLUTI,1,,,2,28,,,,1,NE,,,,,,,,,,,,,,,,,,,,,,,,,,,,,,,,,,,,,,,,,,,,
1725,2018,24,FINGLE_BB,BLUTI,1,,,5,32,,,,,NE,,,,,,,,,,,,,,,,,,,,,,,,,,,,,,,,,,,,,,,,,,,,
1726,2018,26,FINGLE_BB,PIEFL,1,7,7,7,38,,,,,NE,,,,,,,,,,,,,,,,,,,,,,,,,,,,,,,,,,,,,,,,,,,,
1727,2018,32,FINGLE_BB,BLUTI,1,8,,7,35,,,,,NE,,,,,,,,,,,,,,,,,,,,,,,,,,,,,,,,,,,,,,,,,,,,
1728,2018,33,FINGLE_BB,PIEFL,1,7,7,6,40,,,,,NE,,,,,,,,,,,,,,,,,,,,,,,,,,,,,,,,,,,,,,,,,,,,
1729,2018,35,FINGLE_BB,NUTHA,1,6,6,6,,,,,,NE,,,,,,,,,,,,,,,,,,,,,,,,,,,,,,,,,,,,,,,,,,,,
1730,2018,36,FINGLE_BB,BLUTI,1,,,2,37,,,,,NE,,,,,,,,,,,,,,,,,,,,,,,,,,,,,,,,,,,,,,,,,,,,
1731,2018,39,FINGLE_BB,BLUTI,1,,,9,28,,,,,NE ,,,,,,,,,,,,,,,,,,,,,,,,,,,,,,,,,,,,,,,,,,,,
1732,2018,40,FINGLE_BB,PIEFL,1,5,5,5,44,,,,,NE ,,,,,,,,,,,,,,,,,,,,,,,,,,,,,,,,,,,,,,,,,,,,
1733,2018,41,FINGLE_BB,NUTHA,1,,,6,30,,,,,NE,,,,,,,,,,,,,,,,,,,,,,,,,,,,,,,,,,,,,,,,,,,,
1734,2018,21,FINGLE_CB,BLUTI,1,,0,0,39,,,,8,ED,,,,,,,,,,,,,,,,,,,,,,,,,,,,,,,,,,,,,,,,,,,,
1735,2018,24,FINGLE_CB,PIEFL,1,6,6,6,47,,,,,NE ,S846075,05/06/2018,31/05/2017,S,2,AFD3122,05/06/2018,05/06/2018,I,1,10/06/2018,AFD3284,AFD3285,AFD3286,AFD3287,AFD3288,AFD3289,,,,,,,,,,,,,,,,,,,,,,,,,,,
1736,2018,26,FINGLE_CB,PIEFL,1,9,9,4,39,61,,,,NE,Z286511,05/06/2018,05/06/2015,I,3,AFD3123,05/06/2018,05/06/2018,I,1,,,,,,,,,,,,,,,,,,,,,,,,,,,,,,,,,,
1737,2018,28,FINGLE_CB,BLUTI,1,8,,0,37,,,,,JD,,,,,,,,,,,,,,,,,,,,,,,,,,,,,,,,,,,,,,,,,,,,
1738,2018,30,FINGLE_CB,PIEFL,1,7,5,5,35,,,,,NE,D923153,05/06/2018,24/06/2014,R,4,,,,,,05/06/2018,AFD3124,AFD3125,AFD3126,AFD3127,AFD3128,,,,,,,,,,,,,,,,,,,,,,,,,,,,
1739,2018,32,FINGLE_CB,BLUTI,1,,,8,28,,,,1,NE,,,,,,,,,,,,,,,,,,,,,,,,,,,,,,,,,,,,,,,,,,,,
1740,2018,33,FINGLE_CB,BLUTI,1,,,7,27,52,,,1,NE,,,,,,,,,,,,,,,,,,,,,,,,,,,,,,,,,,,,,,,,,,,,
1741,2018,36,FINGLE_CB,BLUTI,1,8,8,8,32,,,,,NE,,,,,,,,,,,,,,,,,,,,,,,,,,,,,,,,,,,,,,,,,,,,
1742,2018,38,FINGLE_CB,BLUTI,1,,,2,30,,,,,NE,,,,,,,,,,,,,,,,,,,,,,,,,,,,,,,,,,,,,,,,,,,,
1743,2018,39,FINGLE_CB,BLUTI,1,,,6,,,,,,NE ,,,,,,,,,,,,,,,,,,,,,,,,,,,,,,,,,,,,,,,,,,,,
1744,2018,40,FINGLE_CB,BLUTI,1,8,,5,,,,,,NE,,,,,,,,,,,,,,,,,,,,,,,,,,,,,,,,,,,,,,,,,,,,
1745,2018,45,FINGLE_CB,PIEFL,1,7,6,6,38,,,,1,NE,S846127,05/06/2018,03/06/2017,S,2,Z792644,05/06/2018,18/05/2017,S,2,05/06/2018,AFD3129,AFD3130,AFD3131,AFD3132,AFD3133,,,,,,,,,,,,,,,,,,,,,,,,,,,,
1746,2018,47,FINGLE_CB,BLUTI,1,,,10,29,,,,,NE,,,,,,,,,,,,,,,,,,,,,,,,,,,,,,,,,,,,,,,,,,,,
1747,2019,2,BRWD,GRETI,1,7,7,7,24,,,,,NE,,,,,,,,,,,,,,,,,,,,,,,,,,,,,,,,,,,,,,,,,,,,
1748,2019,4,BRWD,PIEFL,1,6,6,0,42,,,5,1,JD,,,,,,S969634,19/05/2019,28/05/2018,R,1,,,,,,,,,,,,,,,,,,,,,,,,,,,,,,,,,,
1749,2019,6,BRWD,BLUTI,1,9,4,5,18,,,,5,NE,,,,,,,,,,,,,,,,,,,,,,,,,,,,,,,,,,,,,,,,,,,,
1750,2019,8,BRWD,PIEFL,1,7,7,7,32,,,,,NE,S976038,26/05/2019,28/05/2017,I,2,S969722,02/06/2019,05/06/2018,S,2,01/06/2019,S969901,S969902,S969903,S969904,S969905,S969906,S969907,,,,,,,,,,,,,,,,,,,,,,,,,,
1751,2019,9,BRWD,BLUTI,1,9,9,9,,,,,,NE,,,,,,,,,,,,,,,,,,,,,,,,,,,,,,,,,,,,,,,,,,,,
1752,2019,12,BRWD,PIEFL,1,5,5,3,,,,,,NE,,,,,,S846017,17/06/2019,23/05/2017,S,2,17/06/2019,S969973,S969974,S969975,,,,,,,,,,,,,,,,,,,,,,,,,,,,,,
1753,2019,14,BRWD,BLUTI,1,7,0,0,25,,,,7,ED,,,,,,,,,,,,,,,,,,,,,,,,,,,,,,,,,,,,,,,,,,,,
1754,2019,15,BRWD,PIEFL,1,6,6,6,34,52,,,,NE,,,,,,,,,,,,S969944,S969945,S969946,S969947,S969948,S969949,,,,,,,,,,,,,,,,,,,,,,,,,,,
1755,2019,16,BRWD,BLUTI,1,9,8,8,24,,,,1,NE,,,,,,,,,,,,,,,,,,,,,,,,,,,,,,,,,,,,,,,,,,,,
1756,2019,17,BRWD,PIEFL,1,7,7,7,32,,,,,NE,,,,,,,,,,,,S969950,S969951,S969952,S969953,S969954,S969955,S969956,,,,,,,,,,,,,,,,,,,,,,,,,,
1757,2019,19,BRWD,BLUTI,1,11,11,9,20,,,,,NE,,,,,,,,,,,,,,,,,,,,,,,,,,,,,,,,,,,,,,,,,,,,
1758,2019,20,BRWD,PIEFL,1,9,9,9,31,52,,,,NE,,,,,,S846699,19/05/2019,30/05/2018,S,2,02/06/2019,S969957,S969958,S969959,S969960,S969961,S969962,S969963,S969964,S969965,,,,,,,,,,,,,,,,,,,,,,,,
1759,2019,21,BRWD,BLUTI,1,9,9,5,27,,,8,1,NE,,,,,,,,,,,,,,,,,,,,,,,,,,,,,,,,,,,,,,,,,,,,
1760,2019,22,BRWD,PIEFL,1,7,7,7,32,52,,,,NE,,,,,,S969714,22/05/2019,02/06/2018,R,1,01/06/2019,S969924,S969925,S969926,S969927,S969928,S969929,S969930,,,,,,,,,,,,,,,,,,,,,,,,,,
1761,2019,24,BRWD,BLUTI,1,9,,8,23,,,8,,NE,,,,,,,,,,,,,,,,,,,,,,,,,,,,,,,,,,,,,,,,,,,,
1762,2019,26,BRWD,PIEFL,1,9,6,6,27,,,,3,NE,,,,,,,,,,,,S969931,S969932,S969933,S969934,S969935,S969936,,,,,,,,,,,,,,,,,,,,,,,,,,,
1763,2019,27,BRWD,BLUTI,1,11,11,11,20,,,,,NE,,,,,,,,,,,,,,,,,,,,,,,,,,,,,,,,,,,,,,,,,,,,
1764,2019,29,BRWD,PIEFL,1,7,7,7,29,,,,,NE,D568967,26/05/2019,01/06/2015,S,5,,,,,,,S969937,S969938,S969939,S969940,S969941,S969942,S969943,,,,,,,,,,,,,,,,,,,,,,,,,,
1765,2019,30,BRWD,BLUTI,1,10,,9,21,37,,9,,NE,,,,,,,,,,,,,,,,,,,,,,,,,,,,,,,,,,,,,,,,,,,,
1766,2019,31,BRWD,PIEFL,1,6,6,0,44,,,,,JD,,,,,,S969741,22/05/2019,09/06/2018,R,1,,,,,,,,,,,,,,,,,,,,,,,,,,,,,,,,,,
1767,2019,33,BRWD,BLUTI,1,9,,7,19,,,,,NE,,,,,,,,,,,,,,,,,,,,,,,,,,,,,,,,,,,,,,,,,,,,
1768,2019,34,BRWD,PIEFL,1,8,0,0,24,,,,,EP,,,,,,S969887,26/05/2019,26/05/2019,I,1,,,,,,,,,,,,,,,,,,,,,,,,,,,,,,,,,,
1769,2019,34,BRWD,PIEFL,2,7,7,0,44,30,,,,JD,,,,,,S969887,26/05/2019,26/05/2019,S,1,,,,,,,,,,,,,,,,,,,,,,,,,,,,,,,,,,
1770,2019,35,BRWD,BLUTI,1,9,,6,22,,,,,NE,,,,,,,,,,,,,,,,,,,,,,,,,,,,,,,,,,,,,,,,,,,,
1771,2019,37,BRWD,BLUTI,1,9,9,6,19,,,,,NE,,,,,,,,,,,,,,,,,,,,,,,,,,,,,,,,,,,,,,,,,,,,
1772,2019,39,BRWD,PIEFL,1,7,7,7,32,47,,,,NE,,,,,,,,,,,,S969917,S969918,S969919,S969920,S969921,S969922,S969923,,,,,,,,,,,,,,,,,,,,,,,,,,
1773,2019,41,BRWD,BLUTI,1,13,13,10,10,41,,,,NE,,,,,,,,,,,,,,,,,,,,,,,,,,,,,,,,,,,,,,,,,,,,
1774,2019,42,BRWD,PIEFL,1,8,8,8,29,,,,,NE,S969908,01/06/2019,01/06/2019,I,1,S969629,26/05/2019,13/05/2018,S,2,01/06/2019,S969909,S969910,S969911,S969912,S969913,S969914,S969915,S969916,,,,,,,,,,,,,,,,,,,,,,,,,
1775,2019,44,BRWD,BLUTI,1,10,,8,19,41,,,,NE,,,,,,,,,,,,,,,,,,,,,,,,,,,,,,,,,,,,,,,,,,,,
1776,2019,46,BRWD,BLUTI,1,8,8,8,24,,,,,NE,,,,,,,,,,,,,,,,,,,,,,,,,,,,,,,,,,,,,,,,,,,,
1777,2019,49,BRWD,BLUTI,1,10,10,10,23,,,,,NE,,,,,,,,,,,,,,,,,,,,,,,,,,,,,,,,,,,,,,,,,,,,
1778,2019,53,BRWD,PIEFL,1,7,7,7,39,,,,,NE,,,,,,S969716,26/05/2019,29/05/2019,R,1,08/06/2019,S969966,S969967,S969968,S969969,S969970,S969971,S969972,,,,,,,,,,,,,,,,,,,,,,,,,,
1779,2019,56,BRWD,BLUTI,1,,0,0,22,,,,3,ED,,,,,,,,,,,,,,,,,,,,,,,,,,,,,,,,,,,,,,,,,,,,
1780,2019,57,BRWD,BLUTI,1,7,7,7,25,,,,,NE,,,,,,,,,,,,,,,,,,,,,,,,,,,,,,,,,,,,,,,,,,,,
1781,2019,60,BRWD,PIEFL,1,7,7,6,34,,,,,NE,,,,,,S846639,01/06/2019,28/05/2017,S,2,01/06/2019,S969895,S969896,S969897,S969898,S969899,S969900,,,,,,,,,,,,,,,,,,,,,,,,,,,
1782,2019,62,BRWD,GRETI,1,8,8,6,19,,,,,NE,,,,,,,,,,,,,,,,,,,,,,,,,,,,,,,,,,,,,,,,,,,,
1783,2019,63,BRWD,PIEFL,1,7,,6,29,,,6,,NE,S969888,01/06/2019,01/06/2019,I,1,,,,,,,S969889,S969890,S969891,S969892,S969893,S969894,,,,,,,,,,,,,,,,,,,,,,,,,,,
1784,2019,1,STEPS,BLUTI,1,,,4,,,7,7,,NE,,,,,,,,,,,,,,,,,,,,,,,,,,,,,,,,,,,,,,,,,,,,
1785,2019,2,STEPS,PIEFL,1,7,6,5,30,,,,1,NE,,,,,,Z765439,07/05/2019,06/06/2016,S,4,27/05/2019,ABE4559,ABE4560,ABE4561,ABE4562,ABE4563,ABE4564,,,,,,,,,,,,,,,,,,,,,,,,,,,
1786,2019,4,STEPS,BLUTI,1,10,10,10,22,,,,,NE,,,,,,,,,,,,,,,,,,,,,,,,,,,,,,,,,,,,,,,,,,,,
1787,2019,6,STEPS,BLUTI,1,,,10,20,,11,10,1,NE,,,,,,,,,,,,,,,,,,,,,,,,,,,,,,,,,,,,,,,,,,,,
1788,2019,7,STEPS,BLUTI,1,11,11,11,14,,,,,NE,,,,,,,,,,,,,,,,,,,,,,,,,,,,,,,,,,,,,,,,,,,,
1789,2019,8,STEPS,BLUTI,1,,,7,27,,9,8,1,NE,,,,,,,,,,,,,,,,,,,,,,,,,,,,,,,,,,,,,,,,,,,,
1790,2019,9,STEPS,PIEFL,1,6,5,3,42,,,,,NE,ABE4724,05/06/2019,05/06/2019,I,1,ABE4504,21/05/2019,21/05/2019,I,1,05/06/2019,ABE4719,ABE4720,ABE4721,ABE4722,ABE4723,,,,,,,,,,,,,,,,,,,,,,,,,,,,
1791,2019,10,STEPS,PIEFL,1,8,,6,32,,,,,NE,S969759,30/05/2019,10/06/2018,S,2,ABE4486,15/05/2019,15/05/2019,I,1,30/05/2019,ABE4612,ABE4613,ABE4614,ABE4615,ABE4616,ABE4617,ABE4618,,,,,,,,,,,,,,,,,,,,,,,,,,
1792,2019,11,STEPS,BLUTI,1,11,,5,20,,,,2,NE,,,,,,,,,,,,,,,,,,,,,,,,,,,,,,,,,,,,,,,,,,,,
1793,2019,12,STEPS,BLUTI,1,8,8,7,11,,,,,NE,,,,,,,,,,,,,,,,,,,,,,,,,,,,,,,,,,,,,,,,,,,,
1794,2019,13,STEPS,GRETI ,1,6,6,6,30,,,,,NE,,,,,,,,,,,,,,,,,,,,,,,,,,,,,,,,,,,,,,,,,,,,
1795,2019,14,STEPS,PIEFL,1,7,7,7,34,,,,,NE,S846717,30/05/2019,02/06/2018,R,1,ABE4487,15/05/2019,15/05/2019,I,1,30/05/2019,ABE4639,ABE4640,ABE4641,ABE4642,ABE4643,ABE4644,ABE4645,,,,,,,,,,,,,,,,,,,,,,,,,,
1796,2019,15,STEPS,BLUTI,1,,,8,19,,9,,1,NE,,,,,,,,,,,,,,,,,,,,,,,,,,,,,,,,,,,,,,,,,,,,
1797,2019,16,STEPS,PIEFL,1,6,,3,33,,,,,NE,D923050,30/05/2019,29/05/2014,S,5,ABE4485,11/05/2019,11/05/2019,I,1,30/05/2019,ABE4628,ABE4629,ABE4630,ABE4631,,,,,,,,,,,,,,,,,,,,,,,,,,,,,
1798,2019,17,STEPS,BLUTI,1,10,,0,19,,,,,JD,,,,,,,,,,,,,,,,,,,,,,,,,,,,,,,,,,,,,,,,,,,,
1799,2019,18,STEPS,BLUTI,1,,,11,21,,12,12,,NE,,,,,,,,,,,,,,,,,,,,,,,,,,,,,,,,,,,,,,,,,,,,
1800,2019,19,STEPS,BLUTI,1,9,,8,25,,,,,NE,,,,,,,,,,,,,,,,,,,,,,,,,,,,,,,,,,,,,,,,,,,,
1801,2019,20,STEPS,PIEFL,1,8,8,8,30,51,,,,NE,AAA8702,27/05/2019,06/06/2017,S,2,S846054,15/05/2019,28/05/2017,R,2,27/05/2019,ABE4572,ABE4573,ABE4574,ABE4575,ABE4576,ABE4577,ABE4578,ABE4579,,,,,,,,,,,,,,,,,,,,,,,,,
1802,2019,21,STEPS,BLUTI,1,,,12,19,,,,,NE,,,,,,,,,,,,,,,,,,,,,,,,,,,,,,,,,,,,,,,,,,,,
1803,2019,22,STEPS,PIEFL,1,7,7,7,28,,,,,NE,ABE4541,26/05/2019,26/05/2019,I,1,ABE4481,07/05/2019,07/05/2019,I,1,26/05/2019,ABE4534,ABE4535,ABE4536,ABE4537,ABE4538,ABE4539,ABE4540,,,,,,,,,,,,,,,,,,,,,,,,,,
1804,2019,23,STEPS,BLUTI,1,,,10,24,,10,10,,NE,,,,,,,,,,,,,,,,,,,,,,,,,,,,,,,,,,,,,,,,,,,,
1805,2019,24,STEPS,BLUTI,1,,,8,20,,8,8,,NE,,,,,,,,,,,,,,,,,,,,,,,,,,,,,,,,,,,,,,,,,,,,
1806,2019,25,STEPS,BLUTI,1,10,10,10,22,,,,,NE,,,,,,,,,,,,,,,,,,,,,,,,,,,,,,,,,,,,,,,,,,,,
1807,2019,26,STEPS,PIEFL,1,7,0,0,29,,,,,ED,,,,,,S846053,07/05/2019,28/05/2017,R,2,,,,,,,,,,,,,,,,,,,,,,,,,,,,,,,,,,
1808,2019,27,STEPS,PIEFL,2,5,5,5,53,,,,,NE,Z765874,22/06/2019,11/06/2016,S,3,S846638,26/05/2019,13/05/2018,S,2,22/06/2019,ABE4734,ABE4735,ABE4736,ABE4737,ABE4738,,,,,,,,,,,,,,,,,,,,,,,,,,,,
1809,2019,29,STEPS,BLUTI,1,12,,10,18,,,,1,NE,,,,,,,,,,,,,,,,,,,,,,,,,,,,,,,,,,,,,,,,,,,,
1810,2019,30,STEPS,BLUTI,1,8,,7,24,,,,,NE,,,,,,,,,,,,,,,,,,,,,,,,,,,,,,,,,,,,,,,,,,,,
1811,2019,31,STEPS,PIEFL,1,7,6,4,44,,,,1,NE,ABE4714,03/06/2019,03/06/2019,I,1,S846154,21/05/2019,08/06/2017,S,2,12/06/2019,ABE4729,ABE4730,ABE4731,ABE4732,,,,,,,,,,,,,,,,,,,,,,,,,,,,,
1812,2019,32,STEPS,BLUTI,1,,,10,23,,,,,NE,,,,,,,,,,,,,,,,,,,,,,,,,,,,,,,,,,,,,,,,,,,,
1813,2019,33,STEPS,PIEFL,1,8,8,8,30,51,,,,NE,ABE4542,26/05/2019,26/05/2019,I,1,ABE4488,15/05/2019,15/05/2019,I,1,01/06/2019,ABE4671,ABE4672,ABE4673,ABE4674,ABE4675,ABE4676,ABE4677,ABE4678,,,,,,,,,,,,,,,,,,,,,,,,,
1814,2019,34,STEPS,BLUTI,1,10,10,9,21,,,,,NE,,,,,,,,,,,,,,,,,,,,,,,,,,,,,,,,,,,,,,,,,,,,
1815,2019,35,STEPS,COATI,1,8,8,8,25,,,,,NE,,,,,,,,,,,,,,,,,,,,,,,,,,,,,,,,,,,,,,,,,,,,
1816,2019,37,STEPS,BLUTI,1,,,9,23,,9,9,,NE,,,,,,,,,,,,,,,,,,,,,,,,,,,,,,,,,,,,,,,,,,,,
1817,2019,38,STEPS,PIEFL,1,7,7,4,35,,,,,NE ,,,,,,S845405,15/05/2019,30/05/2017,I,2,01/06/2019,ABE4667,ABE4668,ABE4669,ABE4670,,,,,,,,,,,,,,,,,,,,,,,,,,,,,
1818,2019,39,STEPS,GRETI,1,8,7,7,30,41,,,1,NE,,,,,,,,,,,,,,,,,,,,,,,,,,,,,,,,,,,,,,,,,,,,
1819,2019,40,STEPS,PIEFL,1,8,6,6,34,,,,2,NE,Z779428,30/05/2019,06/06/2016,S,3,Z792532,11/05/2019,13/05/2017,S,3,30/05/2019,ABE4599,ABE4600,ABE4601,ABE4602,ABE4603,ABE4604,,,,,,,,,,,,,,,,,,,,,,,,,,,
1820,2019,41,STEPS,PIEFL,1,7,7,0,44,,,,,JD,,,,,,ABE4503,21/05/2019,21/05/2019,I,1,10/06/2019,ABE4725,ABE4726,ABE4727,ABE4728,,,,,,,,,,,,,,,,,,,,,,,,,,,,,
1821,2019,42,STEPS,PIEFL,1,7,7,7,31,,,,,NE,ABE4558,27/05/2019,27/05/2019,I,1,Z765919,07/05/2019,12/06/2016,S,3,27/05/2019,ABE4551,ABE4552,ABE4553,ABE4554,ABE4555,ABE4556,ABE4557,,,,,,,,,,,,,,,,,,,,,,,,,,
1822,2019,43,STEPS,BLUTI,1,,,7,32,,9,7,2,NE,,,,,,,,,,,,,,,,,,,,,,,,,,,,,,,,,,,,,,,,,,,,
1823,2019,44,STEPS,BLUTI,1,11,,9,20,,,,,NE,,,,,,,,,,,,,,,,,,,,,,,,,,,,,,,,,,,,,,,,,,,,
1824,2019,46,STEPS,BLUTI,1,,0,0,,,,,1,ED,,,,,,,,,,,,,,,,,,,,,,,,,,,,,,,,,,,,,,,,,,,,
1825,2019,46,STEPS,GRETI,1,,,0,,,1,1,,JD,,,,,,,,,,,,,,,,,,,,,,,,,,,,,,,,,,,,,,,,,,,,
1826,2019,47,STEPS,BLUTI,1,6,6,0,35,,,,,JD,,,,,,,,,,,,,,,,,,,,,,,,,,,,,,,,,,,,,,,,,,,,
1827,2019,48,STEPS,PIEFL,1,7,7,7,32,,,,,NE,D923636,27/05/2019,30/05/2015,S,5,,,,,,30/05/2019,ABE4605,ABE4606,ABE4607,ABE4608,ABE4609,ABE4610,ABE4611,,,,,,,,,,,,,,,,,,,,,,,,,,
1828,2019,49,STEPS,BLUTI,1,10,8,8,21,,,,2,NE,,,,,,,,,,,,,,,,,,,,,,,,,,,,,,,,,,,,,,,,,,,,
1829,2019,51,STEPS,BLUTI,1,9,9,9,23,,,,,NE,,,,,,,,,,,,,,,,,,,,,,,,,,,,,,,,,,,,,,,,,,,,
1830,2019,54,STEPS,BLUTI,1,,0,0,27,,,,5,ED,,,,,,,,,,,,,,,,,,,,,,,,,,,,,,,,,,,,,,,,,,,,
1831,2019,56,STEPS,BLUTI,1,,,8,24,,,,,NE,,,,,,,,,,,,,,,,,,,,,,,,,,,,,,,,,,,,,,,,,,,,
1832,2019,57,STEPS,PIEFL,1,,0,0,44,,,,2,ED,,,,,,,,,,,,,,,,,,,,,,,,,,,,,,,,,,,,,,,,,,,,
1833,2019,58,STEPS,PIEFL,1,7,7,7,31,,,,,NE,AAA8734,27/05/2019,09/06/2017,I,2,ABE4483,09/05/2019,09/05/2019,I,1,,,,,,,,,,,,,,,,,,,,,,,,,,,,,,,,,,
1834,2019,59,STEPS,PIEFL,1,6,4,0,50,,,,2,JD,,,,,,S969705,05/06/2019,02/06/2018,R,1,,,,,,,,,,,,,,,,,,,,,,,,,,,,,,,,,,
1835,2019,60,STEPS,GRETI,1,,,7,,,8,8,,NE,,,,,,,,,,,,,,,,,,,,,,,,,,,,,,,,,,,,,,,,,,,,
1836,2019,61,STEPS,BLUTI,1,8,8,7,24,,,,,NE,,,,,,,,,,,,,,,,,,,,,,,,,,,,,,,,,,,,,,,,,,,,
1837,2019,62,STEPS,PIEFL,1,7,7,6,31,51,,,,NE,S846141,27/05/2019,06/06/2017,S,2,ABE4484,09/05/2019,09/05/2019,I,1,27/05/2019,ABE4580,ABE4581,ABE4582,ABE4583,ABE4584,ABE4585,ABE4586,,,,,,,,,,,,,,,,,,,,,,,,,,
1838,2019,63,STEPS,BLUTI,1,11,11,11,20,,,,,NE,,,,,,,,,,,,,,,,,,,,,,,,,,,,,,,,,,,,,,,,,,,,
1839,2019,65,STEPS,BLUTI,1,10,9,9,22,,,,1,NE,,,,,,,,,,,,,,,,,,,,,,,,,,,,,,,,,,,,,,,,,,,,
1840,2019,67,STEPS,PIEFL,1,7,7,7,32,,,,,NE,D543113,01/06/2019,06/06/2016,S,3,S846784,07/05/2019,18/06/2018,S,2,01/06/2019,ABE4653,ABE4654,ABE4655,ABE4656,ABE4657,ABE4658,ABE4659,,,,,,,,,,,,,,,,,,,,,,,,,,
1841,2019,70,STEPS,BLUTI,1,10,,9,24,,,,,NE,,,,,,,,,,,,,,,,,,,,,,,,,,,,,,,,,,,,,,,,,,,,
1842,2019,71,STEPS,PIEFL,1,8,,2,37,,,,,NE,S845198,03/06/2019,02/06/2017,I,2,D923007,15/05/2019,21/05/2014,S,6,01/06/2019,ABE4660,ABE4661,ABE4662,ABE4663,ABE4664,ABE4665,ABE4666,,,,,,,,,,,,,,,,,,,,,,,,,,
1843,2019,72,STEPS,PIEFL,1,8,,0,35,,,7,,JD,S845198,03/06/2019,06/06/2017,S,2,S846060,15/05/2019,28/05/2017,R,2,,,,,,,,,,,,,,,,,,,,,,,,,,,,,,,,,,
1844,2019,75,STEPS,BLUTI,1,8,5,5,23,,,,,NE,,,,,,,,,,,,,,,,,,,,,,,,,,,,,,,,,,,,,,,,,,,,
1845,2019,77,STEPS,BLUTI,1,11,,10,20,,,,,NE,,,,,,,,,,,,,,,,,,,,,,,,,,,,,,,,,,,,,,,,,,,,
1846,2019,78,STEPS,PIEFL,1,7,7,7,39,,,,,NE,S846681,01/06/2019,27/05/2018,R,1,ABE4489,15/05/2019,15/05/2019,I,1,01/06/2019,ABE4646,ABE4647,ABE4648,ABE4649,ABE4650,ABE4651,ABE4652,,,,,,,,,,,,,,,,,,,,,,,,,,
1847,2019,80,STEPS,BLUTI,1,11,,7,25,,,,,NE,,,,,,,,,,,,,,,,,,,,,,,,,,,,,,,,,,,,,,,,,,,,
1848,2019,81,STEPS,BLUTI,1,,,6,33,,6,6,,NE,,,,,,,,,,,,,,,,,,,,,,,,,,,,,,,,,,,,,,,,,,,,
1849,2019,82,STEPS,BLUTI,1,9,9,9,27,,,,,NE,,,,,,,,,,,,,,,,,,,,,,,,,,,,,,,,,,,,,,,,,,,,
1850,2019,84,STEPS,PIEFL,1,7,7,7,30,,,,,NE,D923662,30/05/2019,30/05/2015,S,5,,,,,,27/05/2019,ABE4565,ABE4566,ABE4567,ABE4568,ABE4569,ABE4570,ABE4571,,,,,,,,,,,,,,,,,,,,,,,,,,
1851,2019,86,STEPS,PIEFL,1,6,6,0,20,,,,,JD,ABE4733,22/06/2019,22/06/2019,I,1,S749984,27/05/2019,09/06/2018,I,1,,,,,,,,,,,,,,,,,,,,,,,,,,,,,,,,,,
1852,2019,87,STEPS,PIEFL,1,8,8,8,33,,,,,NE,ABE4627,30/05/2019,30/05/2019,I,1,ABE4480,07/05/2019,07/05/2019,I,1,30/05/2019,ABE4619,ABE4620,ABE4621,ABE4622,ABE4623,ABE4624,ABE4625,ABE4626,,,,,,,,,,,,,,,,,,,,,,,,,
1853,2019,89,STEPS,PIEFL,1,7,7,7,35,,,,,NE,S846776,30/05/2019,05/06/2018,S,2,S846637,11/05/2019,13/05/2018,S,2,30/05/2019,ABE4632,ABE4633,ABE4634,ABE4635,ABE4636,ABE4637,ABE4638,,,,,,,,,,,,,,,,,,,,,,,,,,
1854,2019,90,STEPS,BLUTI,1,,,0,21,,12,11,,JD,,,,,,,,,,,,,,,,,,,,,,,,,,,,,,,,,,,,,,,,,,,,
1855,2019,21,FINGLE_CB,BLUTI,1,,,6,30,,,,,NE,,,,,,,,,,,,,,,,,,,,,,,,,,,,,,,,,,,,,,,,,,,,
1856,2019,22,FINGLE_CB,PIEFL,1,8,8,8,35,,,,,NE,S846075,29/05/2019,31/05/2017,S,3,ABE4490,16/05/2019,16/05/2019,I,1,02/06/2019,ABE4685,ABE4686,ABE4687,ABE4688,ABE4689,ABE4690,ABE4691,ABE4692,,,,,,,,,,,,,,,,,,,,,,,,,
1857,2019,26,FINGLE_CB,BLUTI,1,,,6,,,,,,NE,,,,,,,,,,,,,,,,,,,,,,,,,,,,,,,,,,,,,,,,,,,,
1858,2019,29,FINGLE_CB,PIEFL,1,7,,6,37,,,,,NE,ABE4713,02/06/2019,02/06/2019,I,1,ABE4492,16/05/2019,16/05/2019,I,1,02/06/2019,ABE4707,ABE4708,ABE4709,ABE4710,ABE4711,ABE4712,,,,,,,,,,,,,,,,,,,,,,,,,,,
1859,2019,30,FINGLE_CB,PIEFL,1,7,7,4,,,,,,NE,D923153,02/06/2019,24/06/2014,S,5,S846015,16/05/2019,19/05/2017,S,3,02/06/2019,ABE4700,ABE4701,ABE4702,ABE4703,ABE4704,ABE4705,ABE4706,,,,,,,,,,,,,,,,,,,,,,,,,,
1860,2019,32,FINGLE_CB,BLUTI,1,10,9,9,28,,,,1,NE,,,,,,,,,,,,,,,,,,,,,,,,,,,,,,,,,,,,,,,,,,,,
1861,2019,35,FINGLE_CB,PIEFL,1,7,7,6,35,,,,,NE,Z286511,29/05/2019,05/06/2015,S,4,AFD3123,16/05/2019,05/06/2018,S,2,02/06/2019,ABE4679,ABE4680,ABE4681,ABE4682,ABE4683,ABE4684,,,,,,,,,,,,,,,,,,,,,,,,,,,
1862,2019,36,FINGLE_CB,PIEFL,1,10,9,0,35,,,,1,JD,,,,,,ABE4597,29/05/2019,29/05/2019,I,1,,,,,,,,,,,,,,,,,,,,,,,,,,,,,,,,,,
1863,2019,37,FINGLE_CB,BLUTI,1,9,9,9,26,,,,,NE,,,,,,,,,,,,,,,,,,,,,,,,,,,,,,,,,,,,,,,,,,,,
1864,2019,38,FINGLE_CB,PIEFL,1,7,,3,36,,,,1,OU,S846774,02/06/2019,05/06/2018,R,1,S846157,16/05/2019,06/06/2017,R,2,02/06/2019,ABE4715,ABE4716,ABE4717,ABE4718,,,,,,,,,,,,,,,,,,,,,,,,,,,,,
1865,2019,39,FINGLE_CB,BLUTI,1,,,5,,,5,5,,NE,,,,,,,,,,,,,,,,,,,,,,,,,,,,,,,,,,,,,,,,,,,,
1866,2019,40,FINGLE_CB,BLUTI,1,,,3,,,4,,,NE,,,,,,,,,,,,,,,,,,,,,,,,,,,,,,,,,,,,,,,,,,,,
1867,2019,41,FINGLE_CB,PIEFL,1,7,7,7,33,,,,,NE,AFD3514,29/05/2019,10/06/2018,I,1,ABE4491,16/05/2019,16/05/2019,I,1,02/06/2019,ABE4693,ABE4694,ABE4695,ABE4696,ABE4697,ABE4698,ABE4699,,,,,,,,,,,,,,,,,,,,,,,,,,
1868,2019,44,FINGLE_CB,BLUTI,1,9,0,0,30,,,,,ED,,,,,,,,,,,,,,,,,,,,,,,,,,,,,,,,,,,,,,,,,,,,
1869,2019,45,FINGLE_CB,PIEFL,1,,,6,35,,7,7,,NE,,,,,,ABE4598,29/05/2019,29/05/2019,I,1,19/06/2019,AZH2637,AZH2638,AZH2639,AZH2640,AZH2641,AZH2642,,,,,,,,,,,,,,,,,,,,,,,,,,,
1870,2019,47,FINGLE_CB,BLUTI,1,7,,5,17,,,6,,NE,,,,,,,,,,,,,,,,,,,,,,,,,,,,,,,,,,,,,,,,,,,,
1871,2019,49,FINGLE_CB,BLUTI,1,10,10,10,18,,,,,NE,,,,,,,,,,,,,,,,,,,,,,,,,,,,,,,,,,,,,,,,,,,,
1872,2019,1,FINGLE_BB,BLUTI,1,10,,,20,,,7,,NE,,,,,,,,,,,,,,,,,,,,,,,,,,,,,,,,,,,,,,,,,,,,
1873,2019,2,FINGLE_BB,BLUTI,1,8,,,22,,,6,1,NE,,,,,,,,,,,,,,,,,,,,,,,,,,,,,,,,,,,,,,,,,,,,
1874,2019,4,FINGLE_BB,BLUTI,1,8,,6,23,,,7,,NE,,,,,,,,,,,,,,,,,,,,,,,,,,,,,,,,,,,,,,,,,,,,
1875,2019,6,FINGLE_BB,BLUTI,1,7,,6,22,,,7,,NE,,,,,,,,,,,,,,,,,,,,,,,,,,,,,,,,,,,,,,,,,,,,
1876,2019,7,FINGLE_BB,GRETI,1,5,,4,24,,,4,,NE,,,,,,,,,,,,,,,,,,,,,,,,,,,,,,,,,,,,,,,,,,,,
1877,2019,10,FINGLE_BB,BLUTI,1,6,,4,19,,,,2,NE,,,,,,,,,,,,,,,,,,,,,,,,,,,,,,,,,,,,,,,,,,,,
1879,2019,11,FINGLE_BB,BLUTI,1,9,9,9,25,,,,,NE,,,,,,,,,,,,,,,,,,,,,,,,,,,,,,,,,,,,,,,,,,,,
1880,2019,12,FINGLE_BB,PIEFL,1,,,5,,,,5,,NE,,,,,,,,,,,,,,,,,,,,,,,,,,,,,,,,,,,,,,,,,,,,
1881,2019,13,FINGLE_BB,BLUTI,1,8,,,35,,,4,,NE,,,,,,,,,,,,,,,,,,,,,,,,,,,,,,,,,,,,,,,,,,,,
1882,2019,16,FINGLE_BB,GRETI,1,9,9,9,24,,,,,NE,,,,,,,,,,,,,,,,,,,,,,,,,,,,,,,,,,,,,,,,,,,,
1883,2019,17,FINGLE_BB,BLUTI,1,9,,,25,,,,1,NE,,,,,,,,,,,,,,,,,,,,,,,,,,,,,,,,,,,,,,,,,,,,
1884,2019,18,FINGLE_BB,BLUTI,1,8,,,,,,6,,NE,,,,,,,,,,,,,,,,,,,,,,,,,,,,,,,,,,,,,,,,,,,,
1885,2019,19,FINGLE_BB,PIEFL,1,,,5,,,,5,,NE,,,,,,,,,,,,,,,,,,,,,,,,,,,,,,,,,,,,,,,,,,,,
1886,2019,23,FINGLE_BB,BLUTI,1,9,,0,,,,,3,JD,,,,,,,,,,,,,,,,,,,,,,,,,,,,,,,,,,,,,,,,,,,,
1887,2019,26,FINGLE_BB,BLUTI,1,8,,7,,,,,,NE,,,,,,,,,,,,,,,,,,,,,,,,,,,,,,,,,,,,,,,,,,,,
1888,2019,27,FINGLE_BB,PIEFL,1,,0,0,,,3,,3,ED,,,,,,,,,,,,,,,,,,,,,,,,,,,,,,,,,,,,,,,,,,,,
1889,2019,30,FINGLE_BB,BLUTI,1,9,0,0,25,,,,,ED,,,,,,,,,,,,,,,,,,,,,,,,,,,,,,,,,,,,,,,,,,,,
1890,2019,32,FINGLE_BB,BLUTI,1,9,,,23,,,,,OU,,,,,,,,,,,,,,,,,,,,,,,,,,,,,,,,,,,,,,,,,,,,
1891,2019,33,FINGLE_BB,PIEFL,1,4,0,0,42,,,,,EU,,,,,,,,,,,,,,,,,,,,,,,,,,,,,,,,,,,,,,,,,,,,
1892,2019,35,FINGLE_BB,GRETI,1,,,8,22,,9,9,,NE,,,,,,,,,,,,,,,,,,,,,,,,,,,,,,,,,,,,,,,,,,,,
1893,2019,40,FINGLE_BB,PIEFL,1,8,8,7,28,,,,,NE,,,,,,,,,,,,,,,,,,,,,,,,,,,,,,,,,,,,,,,,,,,,
1894,2019,42,FINGLE_BB,BLUTI,1,8,0,0,23,,,,,ED,,,,,,,,,,,,,,,,,,,,,,,,,,,,,,,,,,,,,,,,,,,,
1895,2019,44,FINGLE_BB,BLUTI,1,8,0,0,20,,,,,"ED,FD",,,,,,,,,,,,,,,,,,,,,,,,,,,,,,,,,,,,,,,,,,,,
1896,2019,45,FINGLE_BB,BLUTI,1,,,5,24,,,5,,NE,,,,,,,,,,,,,,,,,,,,,,,,,,,,,,,,,,,,,,,,,,,,
1897,2015,1,FINGLE_BB,BLUTI,1,,,6,29,,6,,,NE,,,,,,,,,,,,,,,,,,,,,,,,,,,,,,,,,,,,,,,,,,,,
1898,2015,3,FINGLE_BB,GRETI,1,5,5,5,,,,,,NE,,,,,,,,,,,,,,,,,,,,,,,,,,,,,,,,,,,,,,,,,,,,
1899,2015,5,FINGLE_BB,BLUTI,1,,,,,,2,2,,OU,,,,,,,,,,,,,,,,,,,,,,,,,,,,,,,,,,,,,,,,,,,,
1900,2015,12,FINGLE_BB,BLUTI,1,7,,1,24,,,,,NE,,,,,,,,,,,,,,,,,,,,,,,,,,,,,,,,,,,,,,,,,,,,
1901,2015,14,FINGLE_BB,BLUTI,1,,,0,,,7,,1,XD,,,,,,,,,,,,,,,,,,,,,,,,,,,,,,,,,,,,,,,,,,,,
1902,2015,15,FINGLE_BB,BLUTI,1,8,0,0,,,,,8,ED,,,,,,,,,,,,,,,,,,,,,,,,,,,,,,,,,,,,,,,,,,,,
1903,2015,16,FINGLE_BB,BLUTI,1,,,0,,,7,,4,XD,,,,,,,,,,,,,,,,,,,,,,,,,,,,,,,,,,,,,,,,,,,,
1904,2015,18,FINGLE_BB,BLUTI,1,,,3,,,7,,,NE,,,,,,,,,,,,,,,,,,,,,,,,,,,,,,,,,,,,,,,,,,,,
1905,2015,19,FINGLE_BB,BLUTI,1,,,6,,,8,8,,NE,,,,,,,,,,,,,,,,,,,,,,,,,,,,,,,,,,,,,,,,,,,,
1906,2015,22,FINGLE_BB,BLUTI,1,,,6,,,7,,,NE,,,,,,,,,,,,,,,,,,,,,,,,,,,,,,,,,,,,,,,,,,,,
1907,2015,27,FINGLE_BB,BLUTI,1,,,6,,,9,,1,NE,,,,,,,,,,,,,,,,,,,,,,,,,,,,,,,,,,,,,,,,,,,,
1908,2015,35,FINGLE_BB,GRETI,1,,,5,,,5,5,,NE,,,,,,,,,,,,,,,,,,,,,,,,,,,,,,,,,,,,,,,,,,,,
1909,2015,36,FINGLE_BB,GRETI,1,8,,5,26,,,,,NE,,,,,,,,,,,,,,,,,,,,,,,,,,,,,,,,,,,,,,,,,,,,
1910,2015,39,FINGLE_BB,BLUTI,1,,,6,,,10,7,1,NE,,,,,,,,,,,,,,,,,,,,,,,,,,,,,,,,,,,,,,,,,,,,
1911,2015,41,FINGLE_BB,BLUTI,1,,,5,,,5,5,,NE,,,,,,,,,,,,,,,,,,,,,,,,,,,,,,,,,,,,,,,,,,,,
1912,2015,23,FINGLE_CB,BLUTI,1,,,5,29,,5,5,,NE,,,,,,,,,,,,,,,,,,,,,,,,,,,,,,,,,,,,,,,,,,,,
1913,2015,26,FINGLE_CB,BLUTI,1,,,4,22,,5,,1,NE,,,,,,,,,,,,,,,,,,,,,,,,,,,,,,,,,,,,,,,,,,,,
1914,2015,29,FINGLE_CB,BLUTI,1,,,7,19,,7,,,NE,,,,,,,,,,,,,,,,,,,,,,,,,,,,,,,,,,,,,,,,,,,,
1915,2015,32,FINGLE_CB,BLUTI,1,,,7,20,,7,,,NE,,,,,,,,,,,,,,,,,,,,,,,,,,,,,,,,,,,,,,,,,,,,
1916,2015,38,FINGLE_CB,BLUTI,1,,,8,19,,8,,,NE,,,,,,,,,,,,,,,,,,,,,,,,,,,,,,,,,,,,,,,,,,,,
1917,2015,39,FINGLE_CB,BLUTI,1,,,6,25,,7,,1,NE,,,,,,,,,,,,,,,,,,,,,,,,,,,,,,,,,,,,,,,,,,,,
1918,2015,40,FINGLE_CB,BLUTI,1,,,5,26,,5,,,NE,,,,,,,,,,,,,,,,,,,,,,,,,,,,,,,,,,,,,,,,,,,,
1919,2014,32,FINGLE_CB,BLUTI,1,,,7,24,,8,,1,NE,,,,,,,,,,,,,,,,,,,,,,,,,,,,,,,,,,,,,,,,,,,,
1920,2014,36,FINGLE_CB,BLUTI,2,,,2,,,7,,,NE,,,,,,,,,,,,,,,,,,,,,,,,,,,,,,,,,,,,,,,,,,,,
1921,2014,39,FINGLE_CB,BLUTI,1,8,,0,25,,,6,,JP,,,,,,,,,,,,,,,,,,,,,,,,,,,,,,,,,,,,,,,,,,,,
1922,2014,22,FINGLE_BB,BLUTI,1,9,,3,36,,,,,NE,,,,,,,,,,,,,,,,,,,,,,,,,,,,,,,,,,,,,,,,,,,,
1923,2014,23,FINGLE_BB,BLUTI,1,6,,4,,,,,,NE,,,,,,,,,,,,,,,,,,,,,,,,,,,,,,,,,,,,,,,,,,,,
1924,2014,24,FINGLE_BB,BLUTI,1,10,0,0,20,,,,10,ED,,,,,,,,,,,,,,,,,,,,,,,,,,,,,,,,,,,,,,,,,,,,
1925,2014,26,FINGLE_BB,BLUTI,2,,,5,47,,,,1,NE,,,,,,,,,,,,,,,,,,,,,,,,,,,,,,,,,,,,,,,,,,,,
1926,2014,31,FINGLE_BB,BLUTI,1,5,,4,,,,,,NE,,,,,,,,,,,,,,,,,,,,,,,,,,,,,,,,,,,,,,,,,,,,
1927,2014,33,FINGLE_BB,GRETI,1,,,0,,,1,,1,XD,,,,,,,,,,,,,,,,,,,,,,,,,,,,,,,,,,,,,,,,,,,,
1928,2014,41,FINGLE_BB,BLUTI,1,,,6,24,,9,,,NE,,,,,,,,,,,,,,,,,,,,,,,,,,,,,,,,,,,,,,,,,,,,
1929,2020,21,STEPS,PIEFL,1,,,4,,,6,6,,NE,S969937,15/06/2020,01/06/2019,R,1,AYJ5402,15/06/2020,15/06/2020,I,1,19/06/2020,AYJ5445,AYJ5446,AYJ5447,AYJ5448,AYJ5449,,,,,,,,,,,,,,,,,,,,,,,,,,,,
1930,2020,29,STEPS,PIEFL,1,7,,1,,,,6,,NE,AYJ5330,05/06/2020,05/06/2020,I,1,AAD9008,22/05/2020,03/06/2018,I,2,05/06/2020,AYJ5324,AYJ5325,AYJ5326,AYJ5327,AYJ5328,AYJ5329,,,,,,,,,,,,,,,,,,,,,,,,,,,
1931,2020,30,STEPS,PIEFL,1,,,7,,,7,7,,NE,ABE4714,29/05/2020,03/06/2019,S,2,,,,,,25/05/2020,AYJ5228,AYJ5229,AYJ5230,AYJ5231,AYJ5232,AYJ5233,AYJ5234,,,,,,,,,,,,,,,,,,,,,,,,,,
1932,2020,35,STEPS,PIEFL,1,,,7,,,7,7,,NE,AYJ5265,29/05/2020,29/05/2020,I,1,AYJ5266,29/05/2020,29/05/2020,I,1,29/05/2020,AYJ5258,AYJ5259,AYJ5260,AYJ5261,AYJ5262,AYJ5263,AYJ5264,,,,,,,,,,,,,,,,,,,,,,,,,,
1933,2020,10,STEPS,PIEFL,1,,,4,,,5,5,,NE,AYJ5444,19/06/2020,19/06/2020,I,1,S969744,19/06/2020,09/06/2018,R,2,21/06/2020,AYJ5456,AYJ5457,AYJ5458,AYJ5459,,,,,,,,,,,,,,,,,,,,,,,,,,,,,
1934,2020,13,STEPS,PIEFL,1,,,7,,,7,7,,NE,S846701,25/05/2020,30/05/2018,R,2,ABE4504,25/05/2020,21/05/2019,S,2,25/05/2020,AYJ5198,AYJ5199,AYJ5200,AYJ5201,AYJ5202,AYJ5203,AYJ5204,,,,,,,,,,,,,,,,,,,,,,,,,,
1935,2020,14,STEPS,PIEFL,1,,,8,,,8,8,,NE,S846776,29/05/2020,02/06/2019,S,3,ABE4492,29/05/2020,16/05/2019,S,2,29/05/2020,AYJ5213,AYJ5214,AYJ5215,AYJ5216,AYJ5217,AYJ5218,AYJ5219,AYJ5220,,,,,,,,,,,,,,,,,,,,,,,,,
1936,2020,23,STEPS,PIEFL,1,,,7,,,7,7,,NE,Z765874,29/05/2020,28/05/2017,S,4,Z097873,29/05/2020,19/05/2017,S,4,25/05/2020,AYJ5221,AYJ5222,AYJ5223,AYJ5224,AYJ5225,AYJ5226,AYJ5227,,,,,,,,,,,,,,,,,,,,,,,,,,
1937,2020,25,STEPS,PIEFL,1,7,,0,,,,6,,JD,,,,,,S969903,22/05/2020,01/06/2019,R,1,05/06/2020,AYJ5317,AYJ5318,AYJ5319,AYJ5320,AYJ5321,AYJ5322,AYJ5323,,,,,,,,,,,,,,,,,,,,,,,,,,
1938,2020,33,STEPS,PIEFL,1,8,8,5,,,,,,NE,S969902,01/06/2020,01/06/2019,R,1,AYJ5171,22/05/2020,22/05/2020,I,1,05/06/2020,AYJ5331,AYJ5332,AYJ5333,AYJ5334,AYJ5335,AYJ5336,AYJ5337,AYJ5338,,,,,,,,,,,,,,,,,,,,,,,,,
1939,2020,36,STEPS,PIEFL,1,,,6,,,6,6,,NE,,,,,,Z765942,22/05/2020,13/06/2016,S,4,29/05/2020,AYJ5267,AYJ5268,AYJ5269,AYJ5270,AYJ5271,AYJ5272,,,,,,,,,,,,,,,,,,,,,,,,,,,
1940,2020,40,STEPS,PIEFL,1,7,,3,,,,4,,NE,,,,,,ABE4503,22/05/2020,21/05/2019,S,2,01/06/2020,AYJ5291,AYJ5292,AYJ5293,AYJ5294,,,,,,,,,,,,,,,,,,,,,,,,,,,,,
1941,2020,42,STEPS,PIEFL,1,,,7,,,7,7,,NE,D923037,27/05/2020,01/06/2019,S,6,AYJ5243,27/05/2020,27/05/2020,I,1,27/05/2020,AYJ5236,AYJ5237,AYJ5238,AYJ5239,AYJ5240,AYJ5241,AYJ5242,,,,,,,,,,,,,,,,,,,,,,,,,,
1942,2020,46,STEPS,PIEFL,1,7,,4,,,,5,,NE,ABE4724,10/06/2020,05/06/2015,S,2,AFD3423,22/05/2020,08/06/2018,I,2,10/06/2020,AYJ5367,AYJ5368,AYJ5369,AYJ5370,AYJ5371,,,,,,,,,,,,,,,,,,,,,,,,,,,,
1943,2020,53,STEPS,PIEFL,1,8,1,1,,,,,7,NE,AYJ5316,02/06/2020,02/06/2020,I,1,ABE4598,22/05/2020,29/05/2019,S,2,02/06/2020,AYJ5315,,,,,,,,,,,,,,,,,,,,,,,,,,,,,,,,
1944,2020,57,STEPS,PIEFL,1,,,6,,,6,6,,NE,ABE4566,01/06/2020,27/05/2019,R,1,AYJ5307,01/06/2020,01/06/2020,I,1,01/06/2020,AYJ5301,AYJ5302,AYJ5303,AYJ5304,AYJ5305,AYJ5306,,,,,,,,,,,,,,,,,,,,,,,,,,,
1945,2020,59,STEPS,PIEFL,1,,,3,,,3,3,,NE,S846043,25/05/2020,29/05/2014,S,4,ABE4485,25/05/2020,11/05/2019,S,2,25/05/2020,AYJ5188,AYJ5189,AYJ5190,,,,,,,,,,,,,,,,,,,,,,,,,,,,,,
1946,2020,61,STEPS,PIEFL,1,,,7,,,7,7,,NE,AAA8734,27/05/2020,01/06/2019,S,3,AYJ5235,27/05/2020,27/05/2020,I,1,25/05/2020,AYJ5191,AYJ5192,AYJ5193,AYJ5194,AYJ5195,AYJ5196,AYJ5197,,,,,,,,,,,,,,,,,,,,,,,,,,
1947,2020,68,STEPS,PIEFL,1,,,6,,,6,6,,NE,S969632,25/05/2020,28/05/2018,R,2,S846784,25/05/2020,27/05/2020,S,3,25/05/2020,AYJ5181,AYJ5182,AYJ5183,AYJ5184,AYJ5185,AYJ5186,,,,,,,,,,,,,,,,,,,,,,,,,,,
1948,2020,73,STEPS,PIEFL,1,7,,,,,,,,OU,,,,,,AYJ5164,22/05/2020,22/05/2020,I,1,,,,,,,,,,,,,,,,,,,,,,,,,,,,,,,,,,
1949,2020,76,STEPS,PIEFL,1,,,5,,,6,6,,NE,AYJ5314,02/06/2020,02/06/2020,I,1,S969946,22/05/2020,02/06/2019,R,1,02/06/2020,AYJ5308,AYJ5309,AYJ5310,AYJ5311,AYJ5312,AYJ5313,,,,,,,,,,,,,,,,,,,,,,,,,,,
1950,2020,85,STEPS,PIEFL,1,,,7,,,7,7,,NE,S969759,27/05/2020,10/06/2018,S,3,ABE4481,27/05/2020,07/05/2019,S,2,25/05/2020,AYJ5205,AYJ5206,AYJ5207,AYJ5208,AYJ5209,AYJ5210,AYJ5211,,,,,,,,,,,,,,,,,,,,,,,,,,
1951,2020,86,STEPS,PIEFL,1,,,6,,,6,6,,NE,ABE4723,01/06/2020,05/06/2019,R,1,S846154,01/06/2020,08/06/2017,S,3,01/06/2020,AYJ5295,AYJ5296,AYJ5297,AYJ5298,AYJ5299,AYJ5300,,,,,,,,,,,,,,,,,,,,,,,,,,,
1952,2020,90,STEPS,PIEFL,1,,,5,,,7,7,,NE,AYJ5212,25/05/2020,25/05/2020,I,1,AYJ5244,27/05/2020,27/05/2020,I,1,22/05/2020,AYJ5166,AYJ5167,AYJ5168,AYJ5169,AYJ5170,,,,,,,,,,,,,,,,,,,,,,,,,,,,
1953,2020,1,BRWD,PIEFL,1,,,6,,,6,,,NE,,,,,,D005357,27/05/2020,15/05/2018,I,3,25/05/2020,AVH0232,AVH0233,AVH0234,AVH0235,AVH0236,AVH0237,AVH0238,,,,,,,,,,,,,,,,,,,,,,,,,,
1954,2020,4,BRWD,PIEFL,1,,,2,,,6,,,NE,,,,,,ABE4486,25/05/2020,15/05/2019,S,2,27/05/2020,AVH0239,AVH0240,AVH0241,AVH0242,AVH0243,AVH0244,AVH0245,AVH0246,,,,,,,,,,,,,,,,,,,,,,,,,
1955,2020,9,BRWD,PIEFL,1,,,6,,,5,,1,NE,S969721,27/05/2020,05/06/2018,S,2,,,,,,27/05/2020,AVH0247,AVH0248,AVH0249,AVH0250,AVH0251,AVH0252,,,,,,,,,,,,,,,,,,,,,,,,,,,
1956,2020,10,BRWD,PIEFL,1,,,7,,,6,,,NE,,,,,,AVH0253,27/05/2020,27/05/2020,I,1,27/05/2020,AVH0254,AVH0255,AVH0256,AVH0257,AVH0258,AVH0259,AVH0260,,,,,,,,,,,,,,,,,,,,,,,,,,
1957,2020,14,BRWD,PIEFL,1,6,,4,,,,,,NE,,,,,,S969649,27/05/2020,15/05/2018,S,3,03/06/2020,AVH0343,AVH0344,AVH0345,AVH0346,AVH0347,,,,,,,,,,,,,,,,,,,,,,,,,,,,
1958,2020,17,BRWD,PIEFL,1,,,7,,,7,,,NE,,,,,,,,,,,27/05/2020,AVH0285,AVH0286,AVH0287,AVH0288,AVH0289,AVH0290,AVH0291,,,,,,,,,,,,,,,,,,,,,,,,,,
1959,2020,20,BRWD,PIEFL,1,7,7,7,,,,,,NE,AVH0261,27/05/2020,27/05/2020,I,1,,,,,,27/05/2020,AVH0262,AVH0263,AVH0264,AVH0265,AVH0266,AVH0267,AVH0268,,,,,,,,,,,,,,,,,,,,,,,,,,
1960,2020,23,BRWD,PIEFL,1,5,,4,,,,4,,OU,,,,,,AVH0348,03/06/2020,03/06/2020,I,1,,,,,,,,,,,,,,,,,,,,,,,,,,,,,,,,,,
1961,2020,26,BRWD,PIEFL,1,,,8,,,8,,,NE,AVH0231,22/05/2020,22/05/2020,I,1,,,,,,27/05/2020,AVH0269,AVH0270,AVH0271,AVH0272,AVH0273,AVH0274,AVH0275,AVH0276,,,,,,,,,,,,,,,,,,,,,,,,,
1962,2020,31,BRWD,PIEFL,1,,,8,,,8,,,NE,,,,,,,,,,,27/05/2020,AVH0277,AVH0278,AVH0279,AVH0280,AVH0281,AVH0282,AVH0283,AVH0284,,,,,,,,,,,,,,,,,,,,,,,,,
1963,2020,36,BRWD,PIEFL,1,,,6,,,6,,1,NE,,,,,,,,,,,29/05/2020,AVH0307,AVH0308,AVH0309,AVH0310,AVH0311,AVH0312,,,,,,,,,,,,,,,,,,,,,,,,,,,
1964,2020,41,BRWD,PIEFL,1,,,1,,,6,,,NE,AVH0320,29/05/2020,29/05/2020,I,1,AVH0321,29/05/2020,29/05/2020,I,1,29/05/2020,AVH0313,AVH0314,AVH0315,AVH0316,AVH0317,AVH0318,AVH0319,,,,,,,,,,,,,,,,,,,,,,,,,,
1965,2020,44,BRWD,PIEFL,1,9,9,9,,,,,,NE,S846679,29/05/2020,27/05/2018,R,2,,,,,,29/05/2020,AVH0322,AVH0323,AVH0324,AVH0325,AVH0326,AVH0327,AVH0328,AVH0329,AVH0330,,,,,,,,,,,,,,,,,,,,,,,,
1966,2020,48,BRWD,PIEFL,1,7,,4,,,,,,RF,S969956,29/05/2020,02/06/2019,R,1,S969887,22/05/2020,26/05/2019,S,2,03/06/2020,AVH0337,AVH0338,AVH0339,AVH0340,AVH0341,AVH0342,,,,,,,,,,,,,,,,,,,,,,,,,,,
1967,2020,54,BRWD,PIEFL,1,7,,6,,,,,,NE,S845778,29/05/2020,01/06/2018,R,2,S845688,29/05/2020,29/05/2018,I,2,29/05/2020,AVH0331,AVH0332,AVH0333,AVH0334,AVH0335,AVH0336,,,,,,,,,,,,,,,,,,,,,,,,,,,
1968,2020,60,BRWD,PIEFL,1,8,8,8,,,,,,NE,S969888,29/05/2020,01/06/2019,S,2,,,,,,29/05/2020,AVH0299,AVH0300,AVH0301,AVH0302,AVH0303,AVH0304,AVH0305,AVH0306,,,,,,,,,,,,,,,,,,,,,,,,,
1969,2020,63,BRWD,PIEFL,1,7,7,7,,,,,,NE,S846728,29/05/2020,02/06/2018,R,1,S846025,22/05/2020,28/05/2017,R,3,29/05/2020,AVH0292,AVH0293,AVH0294,AVH0295,AVH0296,AVH0297,AVH0298,,,,,,,,,,,,,,,,,,,,,,,,,,
1970,2020,8,FINGLE_BB,PIEFL,1,,0,0,,,,,2,ED,,,,,,,,,,,,,,,,,,,,,,,,,,,,,,,,,,,,,,,,,,,,
1971,2020,8,FINGLE_BB,PIEFL,2,4,4,4,,,,,,NE,AHN7597,19/06/2020,19/06/2020,I,1,AHN7560,13/06/2020,13/06/2020,I,1,19/06/2020,AHN7593,AHN7594,AHN7595,AHN7596,,,,,,,,,,,,,,,,,,,,,,,,,,,,,
1972,2020,12,FINGLE_BB,PIEFL,1,11,7,7,,,,,0,NE,AJL5076,31/05/2020,31/05/2020,I,1,AJL5075,31/05/2020,31/05/2020,I,1,31/05/2020,AJL5077,AJL5078,AJL5079,AJL5080,AJL5081,AJL5082,,,,,,,,,,,,,,,,,,,,,,,,,,,
1973,2020,13,FINGLE_BB,PIEFL,1,5,5,3,,,,,,NE,S969633,31/05/2020,28/05/2018,R,2,AJL5083,31/05/2020,31/05/2020,I,1,31/05/2020,AJL5084,AJL5085,AJL5086,AJL5087,AJL5088,,,,,,,,,,,,,,,,,,,,,,,,,,,,
1974,2020,27,FINGLE_BB,PIEFL,1,5,5,5,,,,,0,NE,AJL5099,31/05/2020,31/05/2020,I,1,AJL5089,31/05/2020,31/05/2020,I,1,31/05/2020,AJL5100,AJL5132,AJL5133,AJL5134,AJL5135,,,,,,,,,,,,,,,,,,,,,,,,,,,,
1975,2020,40,FINGLE_BB,PIEFL,1,7,7,7,,,,,0,NE,AJL5091,31/05/2020,31/05/2020,I,1,AJL5090,31/05/2020,31/05/2020,I,1,31/05/2020,AJL5092,AJL5093,AJL5094,AJL5095,AJL5096,AJL5097,AJL5098,,,,,,,,,,,,,,,,,,,,,,,,,,
1976,2020,41,FINGLE_BB,PIEFL,1,6,6,6,,,,,0,NE,,,,,,,,,,,,,,,,,,,,,,,,,,,,,,,,,,,,,,,,,,,,
1977,2020,21,FINGLE_CB,BLUTI,1,,,0,27,,9,,,JD,,,,,,,,,,,,,,,,,,,,,,,,,,,,,,,,,,,,,,,,,,,,
1978,2020,24,FINGLE_CB,PIEFL,1,6,,2,24,,,,2,NE,,,,,,AYJ5273,30/05/2020,30/05/2020,I,1,24/06/2020,AYJ5460,AYJ5461,,,,,,,,,,,,,,,,,,,,,,,,,,,,,,,
1979,2020,26,FINGLE_CB,PIEFL,1,8,8,8,37,,,,,NE,AYJ5347,06/06/2020,06/06/2020,I,1,,,,,,06/06/2020,AYJ5339,AYJ5340,AYJ5341,AYJ5342,AYJ5343,AYJ5344,AYJ5345,AYJ5346,,,,,,,,,,,,,,,,,,,,,,,,,
1980,2020,27,FINGLE_CB,PIEFL,1,8,8,8,29,,,,,NE,AYJ5283,30/05/2020,30/05/2020,I,1,S846180,30/05/2020,14/06/2017,S,3,30/05/2020,AYJ5275,AYJ5276,AYJ5277,AYJ5278,AYJ5279,AYJ5280,AYJ5281,AYJ5282,,,,,,,,,,,,,,,,,,,,,,,,,
1981,2020,30,FINGLE_CB,BLUTI,1,10,10,10,22,,,,,NE,,,,,,,,,,,,,,,,,,,,,,,,,,,,,,,,,,,,,,,,,,,,
1982,2020,32,FINGLE_CB,BLUTI,1,,,0,27,,9,9,,JD,,,,,,,,,,,,,,,,,,,,,,,,,,,,,,,,,,,,,,,,,,,,
1983,2020,33,FINGLE_CB,PIEFL,1,,0,0,,,,,1,ED,,,,,,,,,,,,,,,,,,,,,,,,,,,,,,,,,,,,,,,,,,,,
1984,2020,34A,FINGLE_CB,BLUTI,1,,0,0,,,,,2,ED,,,,,,,,,,,,,,,,,,,,,,,,,,,,,,,,,,,,,,,,,,,,
1985,2020,34B,FINGLE_CB,PIEFL,1,7,,5,21,,,,,NE,AYJ5455,20/06/2020,20/06/2020,I,1,,,,,,20/06/2020,AYJ5450,AYJ5451,AYJ5452,AYJ5453,AYJ5454,,,,,,,,,,,,,,,,,,,,,,,,,,,,
1986,2020,37,FINGLE_CB,BLUTI,1,9,9,8,15,,,,,NE,,,,,,,,,,,,,,,,,,,,,,,,,,,,,,,,,,,,,,,,,,,,
1987,2020,38,FINGLE_CB,BLUTI,1,,,6,,,,,,NE,,,,,,,,,,,,,,,,,,,,,,,,,,,,,,,,,,,,,,,,,,,,
1988,2020,39,FINGLE_CB,GRETI,1,,,4,,,6,,2,NE,,,,,,,,,,,,,,,,,,,,,,,,,,,,,,,,,,,,,,,,,,,,
1989,2020,40,FINGLE_CB,BLUTI,1,5,5,5,20,,,,,NE,,,,,,,,,,,,,,,,,,,,,,,,,,,,,,,,,,,,,,,,,,,,
1990,2020,44,FINGLE_CB,BLUTI,1,6,6,5,,,,,,NE,,,,,,,,,,,,,,,,,,,,,,,,,,,,,,,,,,,,,,,,,,,,
1991,2020,45,FINGLE_CB,PIEFL,1,7,7,7,27,,,,,NE,S846127,30/05/2020,03/06/2017,S,4,ABE4491,30/05/2020,16/05/2019,S,2,30/05/2020,AYJ5284,AYJ5285,AYJ5286,AYJ5287,AYJ5288,AYJ5289,AYJ5290,,,,,,,,,,,,,,,,,,,,,,,,,,
1992,2020,47,FINGLE_CB,BLUTI,1,7,,6,30,,,,,NE,,,,,,,,,,,,,,,,,,,,,,,,,,,,,,,,,,,,,,,,,,,,
1993,2020,48,FINGLE_CB,BLUTI,1,,,2,27,,,,,NE,,,,,,,,,,,,,,,,,,,,,,,,,,,,,,,,,,,,,,,,,,,,
1994,2020,49,FINGLE_CB,BLUTI,1,,,11,14,,11,11,,NE,,,,,,,,,,,,,,,,,,,,,,,,,,,,,,,,,,,,,,,,,,,,
1995,2020,51,FINGLE_CB,GRETI,1,7,,6,18,,,,,NE,,,,,,,,,,,,,,,,,,,,,,,,,,,,,,,,,,,,,,,,,,,,
1996,2020,1,FINGLE_BB,BLUTI,1,,,0,24,,,,,XP,,,,,,,,,,,,,,,,,,,,,,,,,,,,,,,,,,,,,,,,,,,,
1997,2020,2,FINGLE_BB,BLUTI,1,,,5,22,,,,,NE,,,,,,,,,,,,,,,,,,,,,,,,,,,,,,,,,,,,,,,,,,,,
1998,2020,3,FINGLE_BB,BLUTI,1,7,,0,27,,,,,JD,,,,,,,,,,,,,,,,,,,,,,,,,,,,,,,,,,,,,,,,,,,,
1999,2020,5,FINGLE_BB,BLUTI,1,,0,0,,,,,1,ED,,,,,,,,,,,,,,,,,,,,,,,,,,,,,,,,,,,,,,,,,,,,
2000,2020,7,FINGLE_BB,GRETI,1,7,,6,25,,,,,NE,,,,,,,,,,,,,,,,,,,,,,,,,,,,,,,,,,,,,,,,,,,,
2001,2020,10,FINGLE_BB,BLUTI,1,9,,6,23,,,,,NE,,,,,,,,,,,,,,,,,,,,,,,,,,,,,,,,,,,,,,,,,,,,
2002,2020,11,FINGLE_BB,BLUTI,1,,,6,22,,8,,,NE,,,,,,,,,,,,,,,,,,,,,,,,,,,,,,,,,,,,,,,,,,,,
2003,2020,14,FINGLE_BB,BLUTI,1,6,6,5,32,,,,,NE,,,,,,,,,,,,,,,,,,,,,,,,,,,,,,,,,,,,,,,,,,,,
2004,2020,16,FINGLE_BB,BLUTI,1,10,,8,15,,,,1,NE,,,,,,,,,,,,,,,,,,,,,,,,,,,,,,,,,,,,,,,,,,,,
2005,2020,17,FINGLE_BB,BLUTI,1,8,,2,25,,,,,NE,,,,,,,,,,,,,,,,,,,,,,,,,,,,,,,,,,,,,,,,,,,,
2006,2020,18,FINGLE_BB,BLUTI,1,,,6,22,,,,3,NE,,,,,,,,,,,,,,,,,,,,,,,,,,,,,,,,,,,,,,,,,,,,
2007,2020,19,FINGLE_BB,BLUTI,1,,,6,,,,,2,NE,,,,,,,,,,,,,,,,,,,,,,,,,,,,,,,,,,,,,,,,,,,,
2008,2020,21,FINGLE_BB,BLUTI,1,7,,4,21,,,,,NE,,,,,,,,,,,,,,,,,,,,,,,,,,,,,,,,,,,,,,,,,,,,
2009,2020,23,FINGLE_BB,BLUTI,1,8,,5,22,,,,1,NE,,,,,,,,,,,,,,,,,,,,,,,,,,,,,,,,,,,,,,,,,,,,
2010,2020,29,FINGLE_BB,BLUTI,1,7,7,5,21,,,,,NE,,,,,,,,,,,,,,,,,,,,,,,,,,,,,,,,,,,,,,,,,,,,
2011,2020,31,FINGLE_BB,BLUTI,1,,,6,21,,,,,NE,,,,,,,,,,,,,,,,,,,,,,,,,,,,,,,,,,,,,,,,,,,,
2012,2020,35,FINGLE_BB,GRETI,1,,,,,,,,2,XP,,,,,,,,,,,,,,,,,,,,,,,,,,,,,,,,,,,,,,,,,,,,
2013,2020,41,FINGLE_BB,BLUTI,1,,,6,,,,,1,NE,,,,,,,,,,,,,,,,,,,,,,,,,,,,,,,,,,,,,,,,,,,,
2014,2020,44,FINGLE_BB,BLUTI,1,10,0,0,,,,,10,ED,,,,,,,,,,,,,,,,,,,,,,,,,,,,,,,,,,,,,,,,,,,,
2015,2021,21,FINGLE_CB,BLUTI,1,8,,6,38,,,,,NE,,,,,,,,,,,,,,,,,,,,,,,,,,,,,,,,,,,,,,,,,,,,
2016,2021,24,FINGLE_CB,PIEFL,1,,,4,,,7,7,,NE,AYJ5283,23/06/2021,30/05/2020,S,3,AZP4443,23/06/2021,23/06/2021,I,1,15/06/2021,AZP4416,AZP4417,AZP4418,AZP4419,,,,,,,,,,,,,,,,,,,,,,,,,,,,,
2017,2021,28,FINGLE_CB,PIEFL,1,6,6,6,42,,,,,NE,,,,,,AZP4420,15/06/2021,15/06/2021,I,1,15/06/2021,AZP4421,AZP4422,AZP4423,AZP4424,AZP4425,AZP4426,,,,,,,,,,,,,,,,,,,,,,,,,,,
2018,2021,30,FINGLE_CB,PIEFL,1,7,,6,29,,,,,NE,,,,,,,,,,,,,,,,,,,,,,,,,,,,,,,,,,,,,,,,,,,,
2019,2021,31,FINGLE_CB,BLUTI,1,9,,4,34,,,,,NE,,,,,,,,,,,,,,,,,,,,,,,,,,,,,,,,,,,,,,,,,,,,
2020,2021,32,FINGLE_CB,PIEFL,1,,0,0,42,,4,,4,ED,,,,,,,,,,,,,,,,,,,,,,,,,,,,,,,,,,,,,,,,,,,,
2021,2021,33,FINGLE_CB,PIEFL,2,8,,4,55,,,,,NE,AYJ5283,26/06/2021,30/05/2020,S,3,ABE4597,26/06/2021,29/05/2019,S,2,26/06/2021,AZP4444,AZP4445,AZP4446,AZP4447,,,,,,,,,,,,,,,,,,,,,,,,,,,,,
2022,2021,34,FINGLE_CB,PIEFL,1,6,6,6,48,,,,,NE,,,,,,AVH0272,15/06/2021,27/05/2020,R,1,15/06/2021,AZP4410,AZP4411,AZP4412,AZP4413,AZP4414,AZP4415,,,,,,,,,,,,,,,,,,,,,,,,,,,
2023,2021,37,FINGLE_CB,BLUTI,1,,0,0,55,,7,,7,ED,,,,,,,,,,,,,,,,,,,,,,,,,,,,,,,,,,,,,,,,,,,,
2024,2021,38,FINGLE_CB,BLUTI,1,7,7,7,21,,,,,NE,,,,,,,,,,,,,,,,,,,,,,,,,,,,,,,,,,,,,,,,,,,,
2025,2021,39,FINGLE_CB,BLUTI,1,,,0,,,5,5,,JD,,,,,,,,,,,,,,,,,,,,,,,,,,,,,,,,,,,,,,,,,,,,
2026,2021,43,FINGLE_CB,GRETI,1,9,9,9,37,,,,,NE,,,,,,,,,,,,,,,,,,,,,,,,,,,,,,,,,,,,,,,,,,,,
2027,2021,45,FINGLE_CB,PIEFL,1,5,5,5,,,,,,NE,AJL5092,15/06/2021,31/05/2020,R,1,AFD3123,23/06/2021,05/06/2018,S,3,15/06/2021,AZP4427,AZP4428,AZP4429,AZP4430,AZP4431,,,,,,,,,,,,,,,,,,,,,,,,,,,,
2028,2021,49,FINGLE_CB,BLUTI,1,6,,3,26,,,3,,NE,,,,,,,,,,,,,,,,,,,,,,,,,,,,,,,,,,,,,,,,,,,,
2029,2021,53,FINGLE_CB,BLUTI,1,,,4,35,,,4,,NE,,,,,,,,,,,,,,,,,,,,,,,,,,,,,,,,,,,,,,,,,,,,
2030,2021,56,FINGLE_CB,BLUTI,1,,,2,24,,,2,,NE,,,,,,,,,,,,,,,,,,,,,,,,,,,,,,,,,,,,,,,,,,,,
2031,2021,39,STEPS,GRETI,1,5,,4,,,,,,NE,,,,,,,,,,,,,,,,,,,,,,,,,,,,,,,,,,,,,,,,,,,,
2032,2021,40,STEPS,PIEFL,1,8,8,8,35,,,,,NE,ABE4575,12/06/2021,27/05/2019,R,2,AZP4266,17/05/2021,17/05/2021,I,1,,,,,,,,,,,,,,,,,,,,,,,,,,,,,,,,,,
2033,2021,41,STEPS,BLUTI,1,,,1,23,,6,5,,NE,,,,,,,,,,,,,,,,,,,,,,,,,,,,,,,,,,,,,,,,,,,,
2034,2021,43,STEPS,BLUTI,1,9,,0,26,,,1,4,JD,,,,,,,,,,,,,,,,,,,,,,,,,,,,,,,,,,,,,,,,,,,,
2035,2021,44,STEPS,PIEFL,1,7,7,7,39,,,,,NE,AZH2639,05/06/2021,19/06/2019,R,2,ABE4481,05/06/2021,07/05/2019,S,3,,,,,,,,,,,,,,,,,,,,,,,,,,,,,,,,,,
2036,2021,2,STEPS,BLUTI,1,2,2,0,,,,,,JD,,,,,,,,,,,,,,,,,,,,,,,,,,,,,,,,,,,,,,,,,,,,
2037,2021,3,STEPS,PIEFL,1,8,7,7,43,,,,1,NE,S969902,05/06/2021,01/06/2019,S,2,S969887,25/05/2021,26/05/2019,S,3,,,,,,,,,,,,,,,,,,,,,,,,,,,,,,,,,,
2038,2021,4,STEPS,BLUTI,1,11,7,7,28,,,,4,NE,,,,,,,,,,,,,,,,,,,,,,,,,,,,,,,,,,,,,,,,,,,,
2039,2021,47,STEPS,BLUTI,1,11,,3,,,,,,NE,,,,,,,,,,,,,,,,,,,,,,,,,,,,,,,,,,,,,,,,,,,,
2040,2021,48,STEPS,BLUTI,1,9,8,4,25,,,,1,NE,,,,,,,,,,,,,,,,,,,,,,,,,,,,,,,,,,,,,,,,,,,,
2041,2021,49,STEPS,PIEFL,1,6,6,6,46,,,,,NE,ABE4723,05/06/2021,05/06/2019,S,2,AZP4267,17/05/2021,17/05/2021,I,1,,,,,,,,,,,,,,,,,,,,,,,,,,,,,,,,,,
2042,2021,6,STEPS,BLUTI,1,6,6,5,22,,,,,NE,,,,,,,,,,,,,,,,,,,,,,,,,,,,,,,,,,,,,,,,,,,,
2043,2021,7,STEPS,BLUTI,1,12,0,0,,,,,12,ED,,,,,,,,,,,,,,,,,,,,,,,,,,,,,,,,,,,,,,,,,,,,
2044,2021,9,STEPS,PIEFL,1,8,,7,30,,,,,NE,S846701,05/06/2021,30/05/2018,S,3,AYJ5244,12/05/2021,27/05/2020,S,2,,,,,,,,,,,,,,,,,,,,,,,,,,,,,,,,,,
2045,2021,10,STEPS,BLUTI,1,10,,0,19,,,,1,JD,,,,,,,,,,,,,,,,,,,,,,,,,,,,,,,,,,,,,,,,,,,,
2046,2021,11,STEPS,BLUTI,1,6,,1,20,,,,,NE,,,,,,,,,,,,,,,,,,,,,,,,,,,,,,,,,,,,,,,,,,,,
2047,2021,12,STEPS,GRETI,1,,0,0,34,,6,,6,ED,,,,,,,,,,,,,,,,,,,,,,,,,,,,,,,,,,,,,,,,,,,,
2048,2021,13,STEPS,PIEFL,1,7,7,7,37,,,,,NE,ABE4566,05/06/2021,27/05/2019,S,2,AYJ5235,12/05/2021,27/05/2020,S,2,,,,,,,,,,,,,,,,,,,,,,,,,,,,,,,,,,
2049,2021,56,STEPS,PIEFL,1,6,6,6,41,,,,,NE,ABE4535,05/06/2021,26/05/2019,R,1,AVH0344,17/05/2021,03/06/2020,R,1,,,,,,,,,,,,,,,,,,,,,,,,,,,,,,,,,,
2050,2021,57,STEPS,PIEFL,1,7,3,3,44,,,,4,NE,AYJ5167,12/06/2021,22/05/2020,R,1,AFD3423,25/05/2021,08/06/2018,S,3,,,,,,,,,,,,,,,,,,,,,,,,,,,,,,,,,,
2051,2021,58,STEPS,BLUTI,1,9,8,3,23,,,,1,NE,,,,,,,,,,,,,,,,,,,,,,,,,,,,,,,,,,,,,,,,,,,,
2052,2021,59,STEPS,BLUTI,1,4,4,2,,,,,,NE,,,,,,,,,,,,,,,,,,,,,,,,,,,,,,,,,,,,,,,,,,,,
2053,2021,60,STEPS,PIEFL,1,6,6,5,58,,,,,NE,AAA8734,22/06/2021,01/06/2019,S,4,S845688,22/06/2021,29/05/2018,S,3,,,,,,,,,,,,,,,,,,,,,,,,,,,,,,,,,,
2054,2021,61,STEPS,PIEFL,1,6,6,4,34,,,,,NE,S846043,30/05/2021,29/05/2014,S,5,ABE4485,12/05/2021,11/05/2019,S,3,,,,,,,,,,,,,,,,,,,,,,,,,,,,,,,,,,
2055,2021,62,STEPS,BLUTI,1,8,0,0,23,,,,5,ED,,,,,,,,,,,,,,,,,,,,,,,,,,,,,,,,,,,,,,,,,,,,
2056,2021,84,STEPS,PIEFL,1,8,8,8,40,,,,,NE,AZP4269,05/06/2021,05/06/2021,I,1,AZP4268,17/05/2021,17/05/2021,I,1,,,,,,,,,,,,,,,,,,,,,,,,,,,,,,,,,,
2057,2021,85,STEPS,BLUTI,1,10,0,0,26,,,,10,ED,,,,,,,,,,,,,,,,,,,,,,,,,,,,,,,,,,,,,,,,,,,,
2058,2021,85,STEPS,BLUTI,2,4,4,4,,,,,,NE,,,,,,,,,,,,,,,,,,,,,,,,,,,,,,,,,,,,,,,,,,,,
2059,2021,88,STEPS,BLUTI,1,6,,0,19,42,,,,JD,,,,,,,,,,,,,,,,,,,,,,,,,,,,,,,,,,,,,,,,,,,,
2060,2021,89,STEPS,PIEFL,1,7,7,7,33,,,,,NE,S846776,30/05/2021,02/06/2019,S,4,AZP4265,12/05/2021,12/05/2021,I,1,,,,,,,,,,,,,,,,,,,,,,,,,,,,,,,,,,
2061,2021,90,STEPS,BLUTI,1,9,,5,29,,,,3,NE,,,,,,,,,,,,,,,,,,,,,,,,,,,,,,,,,,,,,,,,,,,,
2062,2021,14,STEPS,PIEFL,1,6,6,6,42,,,,,NE,AYJ5212,05/06/2021,25/05/2020,S,2,S846637,06/05/2021,13/05/2018,S,4,,,,,,,,,,,,,,,,,,,,,,,,,,,,,,,,,,
2063,2021,15,STEPS,BLUTI,1,9,,3,24,,,,1,NE,,,,,,,,,,,,,,,,,,,,,,,,,,,,,,,,,,,,,,,,,,,,
2064,2021,16,STEPS,BLUTI,2,,,6,44,,,,,NE,,,,,,,,,,,,,,,,,,,,,,,,,,,,,,,,,,,,,,,,,,,,
2065,2021,17,STEPS,BLUTI,1,9,9,0,21,,,,,JD,,,,,,,,,,,,,,,,,,,,,,,,,,,,,,,,,,,,,,,,,,,,
2066,2021,18,STEPS,BLUTI,1,12,,0,19,,,,,JD,,,,,,,,,,,,,,,,,,,,,,,,,,,,,,,,,,,,,,,,,,,,
2067,2021,19,STEPS,PIEFL,1,8,8,8,37,,,,,NE,AZP4315,05/06/2021,05/06/2021,I,1,AYJ5402,17/05/2021,15/06/2020,S,2,,,,,,,,,,,,,,,,,,,,,,,,,,,,,,,,,,
2068,2021,20,STEPS,GRETI,1,6,6,6,44,,,,,NE,,,,,,,,,,,,,,,,,,,,,,,,,,,,,,,,,,,,,,,,,,,,
2069,2021,21,STEPS,BLUTI,1,,,10,28,,10,,,NE,,,,,,,,,,,,,,,,,,,,,,,,,,,,,,,,,,,,,,,,,,,,
2070,2021,22,STEPS,BLUTI,1,12,12,12,24,,,,,NE,,,,,,,,,,,,,,,,,,,,,,,,,,,,,,,,,,,,,,,,,,,,
2071,2021,23,STEPS,PIEFL,1,6,3,3,34,,,,3,NE,ABE4554,05/06/2021,27/05/2019,R,1,S846638,17/05/2021,13/05/2018,S,4,,,,,,,,,,,,,,,,,,,,,,,,,,,,,,,,,,
2072,2021,24,STEPS,BLUTI,1,5,0,0,33,,,,5,ED,,,,,,,,,,,,,,,,,,,,,,,,,,,,,,,,,,,,,,,,,,,,
2073,2021,25,STEPS,PIEFL,1,6,6,5,44,,,,,NE,AZP4300,05/06/2021,05/06/2021,I,1,S846711,06/05/2021,02/06/2018,R,3,,,,,,,,,,,,,,,,,,,,,,,,,,,,,,,,,,
2074,2021,26,STEPS,BLUTI,1,8,,5,32,,,,,NE,,,,,,,,,,,,,,,,,,,,,,,,,,,,,,,,,,,,,,,,,,,,
2075,2021,27,STEPS,PIEFL,1,,0,0,,,1,,1,ED,,,,,,,,,,,,,,,,,,,,,,,,,,,,,,,,,,,,,,,,,,,,
2076,2021,28,STEPS,BLUTI,1,9,,5,30,,,,2,NE,,,,,,,,,,,,,,,,,,,,,,,,,,,,,,,,,,,,,,,,,,,,
2077,2021,29,STEPS,BLUTI,1,9,9,9,35,66,,,,NE,,,,,,,,,,,,,,,,,,,,,,,,,,,,,,,,,,,,,,,,,,,,
2078,2021,30,STEPS,BLUTI,1,,,6,,,6,,0,NE,,,,,,,,,,,,,,,,,,,,,,,,,,,,,,,,,,,,,,,,,,,,
2079,2021,31,STEPS,BLUTI,1,10,8,0,23,,,,2,JD,,,,,,,,,,,,,,,,,,,,,,,,,,,,,,,,,,,,,,,,,,,,
2080,2021,32,STEPS,BLUTI,1,10,10,9,28,,,,0,NE,,,,,,,,,,,,,,,,,,,,,,,,,,,,,,,,,,,,,,,,,,,,
2081,2021,33,STEPS,BLUTI,1,9,,0,25,,,,3,XD,,,,,,,,,,,,,,,,,,,,,,,,,,,,,,,,,,,,,,,,,,,,
2082,2021,34,STEPS,PIEFL,1,6,6,6,39,,,,,NE,S846718,05/06/2021,02/06/2018,R,3,AYJ5171,05/06/2021,22/05/2020,S,2,,,,,,,,,,,,,,,,,,,,,,,,,,,,,,,,,,
2083,2021,35,STEPS,PIEFL,1,8,,6,33,,,,,NE,,,,,,Z765942,06/05/2021,13/06/2016,S,5,,,,,,,,,,,,,,,,,,,,,,,,,,,,,,,,,,
2084,2021,37,STEPS,PIEFL,1,6,6,6,41,,,,,NE,AZP4345,05/06/2021,05/06/2021,I,1,AJL5513,05/06/2021,11/05/2020,I,1,,,,,,,,,,,,,,,,,,,,,,,,,,,,,,,,,,
2085,2021,38,STEPS,BLUTI,1,4,,2,,,,,1,NE,,,,,,,,,,,,,,,,,,,,,,,,,,,,,,,,,,,,,,,,,,,,
2086,2021,50,STEPS,BLUTI,1,8,,6,26,,,,0,NE,,,,,,,,,,,,,,,,,,,,,,,,,,,,,,,,,,,,,,,,,,,,
2087,2021,51,STEPS,PIEFL,1,6,6,6,43,,,,0,NE,ABE4628,05/06/2021,30/05/2019,R,2,AZP4271,22/05/2021,22/05/2021,I,1,,,,,,,,,,,,,,,,,,,,,,,,,,,,,,,,,,
2088,2021,54,STEPS,PIEFL,1,5,4,4,44,,,,1,NE,AYJ5267,05/06/2021,29/05/2020,R,1,AZP4270,22/05/2021,22/05/2021,I,1,,,,,,,,,,,,,,,,,,,,,,,,,,,,,,,,,,
2089,2021,64,STEPS,BLUTI,2,4,,0,65,,,,1,XD,,,,,,,,,,,,,,,,,,,,,,,,,,,,,,,,,,,,,,,,,,,,
2090,2021,67,STEPS,BLUTI,1,,,5,,,6,,0,NE,,,,,,,,,,,,,,,,,,,,,,,,,,,,,,,,,,,,,,,,,,,,
2091,2021,68,STEPS,PIEFL,1,7,7,7,42,,,,0,NE,AYJ5330,12/06/2021,05/06/2020,S,2,AVH0348,22/05/2021,03/06/2020,S,2,,,,,,,,,,,,,,,,,,,,,,,,,,,,,,,,,,
2092,2021,72,STEPS,PIEFL,1,6,5,5,,,,,1,NE,AZP4378,12/06/2021,12/06/2021,I,1,S969946,05/06/2021,02/06/2019,S,2,,,,,,,,,,,,,,,,,,,,,,,,,,,,,,,,,,
2093,2021,73,STEPS,BLUTI,1,8,0,0,23,,,,6,ED,,,,,,,,,,,,,,,,,,,,,,,,,,,,,,,,,,,,,,,,,,,,
2094,2021,74,STEPS,PIEFL,1,4,4,4,62,,,,,NE,AZP4442,22/06/2021,22/06/2021,I,,AZP4379,12/06/2021,12/06/2021,I,1,,,,,,,,,,,,,,,,,,,,,,,,,,,,,,,,,,
2095,2021,75,STEPS,BLUTI,1,8,8,8,25,,,,0,NE,,,,,,,,,,,,,,,,,,,,,,,,,,,,,,,,,,,,,,,,,,,,
2096,2021,76,STEPS,BLUTI,1,6,6,5,,,,,,NE,,,,,,,,,,,,,,,,,,,,,,,,,,,,,,,,,,,,,,,,,,,,
2097,2021,77,STEPS,PIEFL,1,6,6,5,41,,,,0,NE,S969759,05/06/2021,10/06/2018,S,4,AJL5075,05/06/2021,31/05/2020,S,2,,,,,,,,,,,,,,,,,,,,,,,,,,,,,,,,,,
2098,2021,80,STEPS,BLUTI,1,,,6,29,,,,0,NE,,,,,,,,,,,,,,,,,,,,,,,,,,,,,,,,,,,,,,,,,,,,
2101,2021,5,BRWD,PIEFL,1,7,,,35,,,,,OU,S969904,29/05/2021,01/06/2019,R,2,,,,,,,,,,,,,,,,,,,,,,,,,,,,,,,,,,,,,,,
2102,2021,9,BRWD,PIEFL,1,7,,,40,,,,,OU,,,,,,AKN9582,22/05/2021,22/05/2021,I,1,,,,,,,,,,,,,,,,,,,,,,,,,,,,,,,,,,
2103,2021,10,BRWD,PIEFL,1,6,6,,38,,,,,OU,,,,,,AKN9583,22/05/2021,22/05/2021,I,1,,,,,,,,,,,,,,,,,,,,,,,,,,,,,,,,,,
2104,2021,15,BRWD,PIEFL,1,6,6,,35,,,,,OU,AJF0959,29/05/2021,02/06/2019,I,2,AVH0008,05/06/2021,05/06/2021,I,1,,,,,,,,,,,,,,,,,,,,,,,,,,,,,,,,,,
2105,2021,21,BRWD,PIEFL,1,6,,,43,,,,,OU,,,,,,AVH0321,22/05/2021,29/05/2020,S,2,,,,,,,,,,,,,,,,,,,,,,,,,,,,,,,,,,
2106,2021,24,BRWD,PIEFL,1,6,,,35,,,3,,OU,,,,,,AKN9585,22/05/2021,22/05/2021,I,1,,,,,,,,,,,,,,,,,,,,,,,,,,,,,,,,,,
2107,2021,26,BRWD,PIEFL,1,7,0,0,35,,,,,EP,,,,,,S969722,22/05/2021,05/06/2018,S,4,,,,,,,,,,,,,,,,,,,,,,,,,,,,,,,,,,
2108,2021,35,BRWD,PIEFL,1,6,,,,,,5,,OU,,,,,,D923084,22/05/2021,06/06/2014,R,7,,,,,,,,,,,,,,,,,,,,,,,,,,,,,,,,,,
2109,2021,39,BRWD,PIEFL,1,7,,,40,,,,,OU,,,,,,AVH0032,12/06/2021,12/06/2021,I,1,,,,,,,,,,,,,,,,,,,,,,,,,,,,,,,,,,
2110,2021,44,BRWD,PIEFL,1,8,,,36,,,,,OU,,,,,,AKN9584,22/05/2021,22/05/2021,I,1,,,,,,,,,,,,,,,,,,,,,,,,,,,,,,,,,,
2111,2021,46,BRWD,PIEFL,1,7,,,41,,,,,OU,S969888,12/06/2021,01/06/2019,S,3,AKN9586,22/05/2021,22/05/2021,I,1,,,,,,,,,,,,,,,,,,,,,,,,,,,,,,,,,,
2112,2021,53,BRWD,PIEFL,1,5,,,35,59,,,,OU,,,,,,AKN9587,22/05/2021,22/05/2021,I,1,,,,,,,,,,,,,,,,,,,,,,,,,,,,,,,,,,
2113,2021,60,BRWD,PIEFL,1,3,,,39,,,,,OU,,,,,,S846025,29/05/2021,28/05/2017,S,4,,,,,,,,,,,,,,,,,,,,,,,,,,,,,,,,,,
2114,2021,12,FINGLE_BB,PIEFL,1,6,6,0,,,,,0,JD,,,,,,ALT6124,05/06/2021,05/06/2021,I,1,,,,,,,,,,,,,,,,,,,,,,,,,,,,,,,,,,
2115,2021,13,FINGLE_BB,PIEFL,1,8,8,8,,,,,0,NE,AHN7597,05/06/2021,19/06/2020,S,2,AZP2899,05/06/2021,05/06/2021,I,1,,,,,,,,,,,,,,,,,,,,,,,,,,,,,,,,,,
2116,2021,26,FINGLE_BB,PIEFL,1,6,6,6,,,,,0,NE,S969633,05/06/2021,28/05/2018,S,3,AZP2900,05/06/2021,05/06/2021,I,1,,,,,,,,,,,,,,,,,,,,,,,,,,,,,,,,,,
2117,2021,36,FINGLE_BB,PIEFL,1,7,7,7,,,,,0,NE,AJL5091,09/06/2021,31/05/2020,S,2,AJL5594,05/06/2021,25/05/2020,I,1,,,,,,,,,,,,,,,,,,,,,,,,,,,,,,,,,,
2118,2021,40,FINGLE_BB,PIEFL,1,6,6,6,,,,,0,NE,ALT6125,09/06/2021,09/06/2021,I,1,AJL5089,09/06/2021,31/05/2020,S,2,,,,,,,,,,,,,,,,,,,,,,,,,,,,,,,,,,
2119,2022,30,FINGLE_CB,PIEFL,1,7,7,7,,,,,,NE,,,,,,,,,,,,,,,,,,,,,,,,,,,,,,,,,,,,,,,,,,,,
2120,2022,32,FINGLE_CB,PIEFL,1,7,5,0,,,,,2,JD,,,,,,,,,,,,,,,,,,,,,,,,,,,,,,,,,,,,,,,,,,,,
2121,2022,33,FINGLE_CB,PIEFL,1,5,5,5,,,,,,NE,AYJ5283,17/06/2022,30/05/2020,S,4,AVH0321,02/06/2022,29/05/2020,S,3,17/06/2022,AZP4815,AZP4816,AZP4817,AZP4818,AZP4819,,,,,,,,,,,,,,,,,,,,,,,,,,,,
2122,2022,34,FINGLE_CB,PIEFL,1,,,6,,,7,7,,NE,AJL5094,02/06/2022,31/05/2020,R,2,AZP4801,02/06/2022,02/06/2022,I,1,02/06/2022,AZP4795,AZP4796,AZP4797,AZP4798,AZP4799,AZP4800,,,,,,,,,,,,,,,,,,,,,,,,,,,
2123,2022,35,FINGLE_CB,BLUTI,1,10,,0,36,,,8,1,JD,,,,,,,,,,,,,,,,,,,,,,,,,,,,,,,,,,,,,,,,,,,,
2124,2022,36,FINGLE_CB,BLUTI,1,,,7,35,,7,7,,NE,,,,,,,,,,,,,,,,,,,,,,,,,,,,,,,,,,,,,,,,,,,,
2125,2022,39,FINGLE_CB,BLUTI,1,6,6,4,,,,,,NE,,,,,,,,,,,,,,,,,,,,,,,,,,,,,,,,,,,,,,,,,,,,
2126,2022,42,FINGLE_CB,BLUTI,1,,,6,25,,10,10,,NE,,,,,,,,,,,,,,,,,,,,,,,,,,,,,,,,,,,,,,,,,,,,
2127,2022,45,FINGLE_CB,PIEFL,1,7,7,5,35,,,,,NE,ADN7967,02/06/2022,25/05/2020,I,2,AZP4807,02/06/2022,02/06/2022,I,1,02/06/2022,AZP4802,AZP4803,AZP4804,AZP4805,AZP4806,,,,,,,,,,,,,,,,,,,,,,,,,,,,
2128,2022,49,FINGLE_CB,BLUTI,1,,,7,21,,7,7,,NE,,,,,,,,,,,,,,,,,,,,,,,,,,,,,,,,,,,,,,,,,,,,
2129,2022,51,FINGLE_CB,BLUTI,1,,,,,,,,,NE,,,,,,,,,,,,,,,,,,,,,,,,,,,,,,,,,,,,,,,,,,,,
2130,2022,53,FINGLE_CB,BLUTI,1,,,6,20,,8,6,2,NE,,,,,,,,,,,,,,,,,,,,,,,,,,,,,,,,,,,,,,,,,,,,
2131,2022,54,FINGLE_CB,BLUTI,1,,,6,,,6,6,,NE,,,,,,,,,,,,,,,,,,,,,,,,,,,,,,,,,,,,,,,,,,,,
2132,2022,55,FINGLE_CB,BLUTI,1,,,6,,,9,9,,NE,,,,,,,,,,,,,,,,,,,,,,,,,,,,,,,,,,,,,,,,,,,,
2133,2022,45,BRWD,PIEFL,1,8,7,,36,,,6,1,OU,,,,,,AAA9783,14/05/2022,11/06/2018,I,4,05/06/2022,AKN9850,AKN9851,AKN9852,AKN9853,AKN9854,AKN9855,,,,,,,,,,,,,,,,,,,,,,,,,,,
2134,2022,31,BRWD,PIEFL,1,7,7,,,,,7,,OU,AVH0346,30/05/2022,03/06/2020,R,2,,,,,,30/05/2022,AKN9811,AKN9812,AKN9813,AKN9814,AKN9815,AKN9816,AKN9817,,,,,,,,,,,,,,,,,,,,,,,,,,
2135,2022,19,BRWD,PIEFL,1,8,7,,36,,,6,1,OU,AVH0270,28/05/2022,27/05/2020,R,2,D182883,14/05/2022,07/06/2021,I,1,02/06/2022,AKN9826,AKN9827,AKN9828,AKN9829,AKN9830,AKN9900,,,,,,,,,,,,,,,,,,,,,,,,,,,
2136,2022,25,BRWD,PIEFL,1,6,3,,,,,,3,OU,,,,,,AKN9680,14/05/2022,14/05/2022,I,1,30/05/2022,AKN9808,AKN9809,AKN9810,,,,,,,,,,,,,,,,,,,,,,,,,,,,,,
2137,2022,5,BRWD,PIEFL,1,6,,,31,,,5,,OU,AYJ5190,28/05/2022,21/05/2020,R,2,AKN9683,28/05/2022,28/05/2022,I,1,28/05/2022,AKN9684,AKN9685,AKN9686,AKN9687,AKN9688,,,,,,,,,,,,,,,,,,,,,,,,,,,,
2138,2022,39,BRWD,PIEFL,1,8,,,33,,,,,OU,AKN9831,02/06/2022,02/06/2022,I,1,AKN9682,14/05/2022,14/05/2022,I,1,,,,,,,,,,,,,,,,,,,,,,,,,,,,,,,,,,
2139,2022,60,BRWD,PIEFL,1,8,8,,32,,,8,,OU,S846727,28/05/2022,28/05/2022,I,1,AZP4420,14/05/2022,15/06/2021,S,2,28/05/2022,AKN9818,AKN9819,AKN9820,AKN9821,AKN9822,AKN9823,AKN9824,AKN9825,,,,,,,,,,,,,,,,,,,,,,,,,
2140,2022,17,BRWD,PIEFL,1,7,6,,31,,,6,1,OU,,,,,,AKN9584,14/05/2022,14/05/2022,I,1,28/05/2022,AKN9802,AKN9803,AKN9804,AKN9805,AKN9806,AKN9807,,,,,,,,,,,,,,,,,,,,,,,,,,,
2141,2022,35,BRWD,PIEFL,1,8,8,,,,,8,,OU,,,,,,AKN9681,14/05/2022,14/05/2022,I,1,02/06/2022,AKN9832,AKN9833,AKN9834,AKN9835,AKN9836,AKN9837,AKN9838,AKN9839,,,,,,,,,,,,,,,,,,,,,,,,,
2142,2022,1,BRWD,PIEFL,1,7,,,,58,,6,,OU,,,,,,S845688,14/05/2022,29/05/2018,S,4,05/06/2022,AKN9840,AKN9841,AKN9842,AKN9843,AKN9844,AKN9845,,,,,,,,,,,,,,,,,,,,,,,,,,,
2143,2022,61,BRWD,PIEFL,1,8,4,,39,,,,4,OU,,,,,,,,,,,02/06/2022,AKN9846,AKN9847,AKN9848,AKN9849,,,,,,,,,,,,,,,,,,,,,,,,,,,,,
2144,2022,9,BRWD,PIEFL,1,6,6,,32,,,6,,OU,AKN9689,28/05/2022,28/05/2022,I,1,AKN9583,14/05/2022,14/05/2022,I,1,28/05/2022,AKN9690,AKN9691,AKN9692,AKN9693,AKN9694,AKN9695,,,,,,,,,,,,,,,,,,,,,,,,,,,
2145,2022,15,BRWD,PIEFL,1,6,6,,,,,,,OU,,,,,,,,,,,28/05/2022,AKN9696,AKN9697,AKN9698,AKN9699,AKN9700,AKN9801,,,,,,,,,,,,,,,,,,,,,,,,,,,
2146,2022,12,FINGLE_BB,PIEFL,1,7,7,7,35,,,,,NE,ATX1061,30/05/2022,30/05/2022,I,1,ATX1060,30/05/2022,30/05/2022,I,1,30/05/2022,ATX1053,ATX1054,ATX1055,ATX1056,ATX1057,ATX1058,ATX1059,,,,,,,,,,,,,,,,,,,,,,,,,,
2147,2022,13,FINGLE_BB,PIEFL,1,8,8,7,29,,,,0,NE,ATX1051,30/05/2022,30/05/2022,I,1,ATX1052,30/05/2022,30/05/2022,I,1,30/05/2022,ATX1043,ATX1044,ATX1045,ATX1046,ATX1047,ATX1048,ATX1049,ATX1050,,,,,,,,,,,,,,,,,,,,,,,,,
2148,2022,22,FINGLE_BB,PIEFL,1,8,8,2,42,,,,,NE,,,,,,ATX1028,30/05/2022,30/05/2022,I,1,30/05/2022,ATX1269,ATX1270,ATX1271,ATX1272,,,,,,,,,,,,,,,,,,,,,,,,,,,,,
2149,2022,29,FINGLE_BB,PIEFL,1,7,6,5,34,,,,1,NE,ATX1035,30/05/2022,30/05/2022,I,1,ATX1034,30/05/2022,30/05/2022,I,1,30/05/2022,ATX1029,ATX1030,ATX1031,ATX1032,ATX1033,,,,,,,,,,,,,,,,,,,,,,,,,,,,
2150,2022,33,FINGLE_BB,PIEFL,1,7,7,6,36,,,,,NE,AJL5091,30/05/2022,31/05/2020,S,3,AZP4338,30/05/2022,05/06/2021,R,1,30/05/2022,ATX1036,ATX1037,ATX1038,ATX1039,ATX1040,ATX1041,ATX1042,,,,,,,,,,,,,,,,,,,,,,,,,,
2151,2022,39,STEPS,BLUTI,1,7,7,7,19,,,,,NE,,,,,,,,,,,,,,,,,,,,,,,,,,,,,,,,,,,,,,,,,,,,
2152,2022,40,STEPS,PIEFL,1,8,7,6,30,,,,,NE,AYJ5170,24/05/2022,22/05/2020,R,2,AZP4266,17/05/2022,17/05/2022,I,1,27/05/2022,AZP4669,AZP4670,AZP4671,AZP4672,AZP4673,AZP4674,AZP4675,,,,,,,,,,,,,,,,,,,,,,,,,,
2153,2022,43,STEPS,PIEFL,1,7,6,6,32,,,,,NE,AYJ5202,27/05/2022,25/05/2020,R,2,ABE4481,14/05/2022,07/05/2019,S,4,27/05/2022,AZP4676,AZP4677,AZP4678,AZP4679,AZP4680,AZP4681,,,,,,,,,,,,,,,,,,,,,,,,,,,
2154,2022,44,STEPS,BLUTI,1,9,9,9,17,,,,,NE,,,,,,,,,,,,,,,,,,,,,,,,,,,,,,,,,,,,,,,,,,,,
2155,2022,3,STEPS,BLUTI,1,10,10,10,18,,,,,NE,,,,,,,,,,,,,,,,,,,,,,,,,,,,,,,,,,,,,,,,,,,,
2156,2022,4,STEPS,BLUTI,1,7,7,7,19,,,,,NE,,,,,,,,,,,,,,,,,,,,,,,,,,,,,,,,,,,,,,,,,,,,
2157,2022,5,STEPS,BLUTI,1,12,,0,18,,,9,,JD,,,,,,,,,,,,,,,,,,,,,,,,,,,,,,,,,,,,,,,,,,,,
2158,2022,46,STEPS,PIEFL,1,5,3,3,32,,,,2,NE,ABE4723,27/05/2022,05/06/2019,S,3,AZP4653,17/05/2022,17/05/2022,I,1,30/05/2022,AZP4765,AZP4766,AZP4767,,,,,,,,,,,,,,,,,,,,,,,,,,,,,,
2159,2022,48,STEPS,BLUTI,1,6,6,3,,,,,,NE,,,,,,,,,,,,,,,,,,,,,,,,,,,,,,,,,,,,,,,,,,,,
2160,2022,49,STEPS,BLUTI,1,9,,7,17,,,,,NE,,,,,,,,,,,,,,,,,,,,,,,,,,,,,,,,,,,,,,,,,,,,
2161,2022,6,STEPS,PIEFL,1,7,7,7,31,,,,,NE,AZP4662,24/05/2022,24/05/2022,I,1,AZP4267,17/05/2022,17/05/2021,S,2,27/05/2022,AZP4682,AZP4683,AZP4684,AZP4685,AZP4686,AZP4687,AZP4688,,,,,,,,,,,,,,,,,,,,,,,,,,
2162,2022,11,STEPS,BLUTI,1,6,,3,,,,,,NE,,,,,,,,,,,,AZP4717,AZP4718,,,,,,,,,,,,,,,,,,,,,,,,,,,,,,,
2163,2022,12,STEPS,BLUTI,1,12,,8,18,,,,,NE,,,,,,,,,,,,,,,,,,,,,,,,,,,,,,,,,,,,,,,,,,,,
2164,2022,13,STEPS,PIEFL,1,6,6,6,28,,,,,NE,ABE4535,24/05/2022,26/05/2019,S,2,AVH0017,14/05/2022,05/06/2021,R,1,24/05/2022,AZP4663,AZP4664,AZP4665,AZP4666,AZP4667,AZP4668,,,,,,,,,,,,,,,,,,,,,,,,,,,
2165,2022,56,STEPS,PIEFL,1,7,7,7,33,,,,,NE,AZP4764,30/05/2022,30/05/2022,I,1,AYJ5307,25/05/2022,01/06/2020,S,3,30/05/2022,AZP4757,AZP4758,AZP4759,AZP4760,AZP4761,AZP4762,AZP4763,,,,,,,,,,,,,,,,,,,,,,,,,,
2166,2022,58,STEPS,GRETI,1,6,5,5,,,,,1,NE,,,,,,,,,,,,,,,,,,,,,,,,,,,,,,,,,,,,,,,,,,,,
2167,2022,60,STEPS,PIEFL,1,7,6,6,32,,,,1,NE,AAA8734,30/05/2022,01/06/2019,S,5,AZP4413,17/05/2022,15/06/2021,R,1,30/05/2022,AZP4751,AZP4752,AZP4753,AZP4754,AZP4755,AZP4756,,,,,,,,,,,,,,,,,,,,,,,,,,,
2168,2022,62,STEPS,BLUTI,1,9,8,8,19,,,,1,NE,,,,,,,,,,,,,,,,,,,,,,,,,,,,,,,,,,,,,,,,,,,,
2169,2022,63,STEPS,GRETI,1,,0,0,,,,,,EP,,,,,,,,,,,,,,,,,,,,,,,,,,,,,,,,,,,,,,,,,,,,
2170,2022,84,STEPS,PIEFL,1,8,,5,27,,,7,,NE,AZP4689,27/05/2022,27/05/2022,I,1,AYJ5244,14/05/2022,27/05/2020,S,3,27/05/2022,AZP4690,AZP4691,AZP4692,AZP4693,AZP4694,,,,,,,,,,,,,,,,,,,,,,,,,,,,
2171,2022,85,STEPS,BLUTI,1,11,,8,,,,10,,NE,,,,,,,,,,,,,,,,,,,,,,,,,,,,,,,,,,,,,,,,,,,,
2172,2022,87,STEPS,PIEFL,1,7,6,6,31,,,,1,NE,AVH0307,31/05/2022,29/05/2020,R,2,AZP4654,17/05/2022,17/05/2022,I,1,31/05/2022,AZP4775,AZP4776,AZP4777,AZP4778,AZP4779,AZP4780,,,,,,,,,,,,,,,,,,,,,,,,,,,
2173,2022,88,STEPS,PIEFL,1,8,8,8,31,,,,,NE,AZP4722,27/05/2022,27/05/2022,I,1,AZP4644,14/05/2022,14/05/2022,I,1,27/05/2022,AZP4695,AZP4696,AZP4697,AZP4698,AZP4699,AZP4700,AZP4720,AZP4721,,,,,,,,,,,,,,,,,,,,,,,,,
2174,2022,91,STEPS,BLUTI,1,9,,7,,,,,,NE,,,,,,,,,,,,,,,,,,,,,,,,,,,,,,,,,,,,,,,,,,,,
2175,2022,14,STEPS,PIEFL,1,8,,7,27,47,,,,NE,AYJ5212,27/05/2022,25/05/2020,S,3,AZP4730,27/05/2022,27/05/2022,I,1,31/05/2022,AZP4723,AZP4724,AZP4725,AZP4726,AZP4727,AZP4728,AZP4729,,,,,,,,,,,,,,,,,,,,,,,,,,
2176,2022,15,STEPS,BLUTI,1,8,8,7,24,,,,,NE,,,,,,,,,,,,,,,,,,,,,,,,,,,,,,,,,,,,,,,,,,,,
2177,2022,17,STEPS,BLUTI,1,8,8,8,,,,,,NE,,,,,,,,,,,,,,,,,,,,,,,,,,,,,,,,,,,,,,,,,,,,
2178,2022,19,STEPS,BLUTI,1,6,6,6,19,,,,,NE,,,,,,,,,,,,,,,,,,,,,,,,,,,,,,,,,,,,,,,,,,,,
2179,2022,20,STEPS,GRETI,1,7,7,6,18,,,,,NE,,,,,,,,,,,,,,,,,,,,,,,,,,,,,,,,,,,,,,,,,,,,
2180,2022,21,STEPS,BLUTI,1,6,4,4,27,,,,2,NE,,,,,,,,,,,,,,,,,,,,,,,,,,,,,,,,,,,,,,,,,,,,
2181,2022,23,STEPS,PIEFL,1,7,7,7,35,,,,,NE,Z765874,29/05/2022,28/05/2017,S,6,AZP2900,14/05/2022,14/05/2022,I,1,31/05/2022,AZP4781,AZP4782,AZP4783,AZP4784,AZP4785,AZP4786,AZP4787,,,,,,,,,,,,,,,,,,,,,,,,,,
2182,2022,24,STEPS,BLUTI,1,8,0,0,25,,,,8,ED,,,,,,,,,,,,,,,,,,,,,,,,,,,,,,,,,,,,,,,,,,,,
2183,2022,25,STEPS,BLUTI,1,9,,8,18,,,,,NE,,,,,,,,,,,,,,,,,,,,,,,,,,,,,,,,,,,,,,,,,,,,
2184,2022,27,STEPS,PIEFL,1,8,7,7,34,,,,1,NE,AYJ5191,27/05/2022,25/05/2020,R,2,AYJ5402,17/05/2022,15/06/2020,S,3,29/05/2022,AZP4737,AZP4738,AZP4739,AZP4740,AZP4741,AZP4742,AZP4743,,,,,,,,,,,,,,,,,,,,,,,,,,
2185,2022,28,STEPS,BLUTI,1,11,11,10,,,,,,NE,,,,,,,,,,,,,,,,,,,,,,,,,,,,,,,,,,,,,,,,,,,,
2186,2022,30,STEPS,BLUTI,1,5,4,4,30,,,,1,NE,,,,,,,,,,,,,,,,,,,,,,,,,,,,,,,,,,,,,,,,,,,,
2187,2022,31,STEPS,BLUTI,1,6,6,6,,,,,,NE,,,,,,,,,,,,,,,,,,,,,,,,,,,,,,,,,,,,,,,,,,,,
2188,2022,32,STEPS,PIEFL,1,6,,4,51,,,,,NE,ABE4577,13/06/2022,27/05/2019,R,3,AKR2485,29/05/2022,18/06/2021,I,1,17/06/2022,AZP4820,AZP4821,AZP4822,AZP4823,AZP4824,,,,,,,,,,,,,,,,,,,,,,,,,,,,
2189,2022,33,STEPS,PIEFL,1,7,7,7,29,,,,,NE,,,,,,AJL5615,14/05/2022,26/05/2020,I,2,29/05/2022,AZP4744,AZP4745,AZP4746,AZP4747,AZP4748,AZP4749,AZP4750,,,,,,,,,,,,,,,,,,,,,,,,,,
2190,2022,34,STEPS,BLUTI,1,11,,8,18,,,,,NE,,,,,,,,,,,,,,,,,,,,,,,,,,,,,,,,,,,,,,,,,,,,
2191,2022,35,STEPS,PIEFL,1,4,4,4,67,,,,,NE,AZP4825,26/06/2022,26/06/2022,I,1,AYJ5171,26/06/2022,22/05/2020,S,3,29/06/2022,AZP4827,AZP4828,AZP4829,AZP4830,,,,,,,,,,,,,,,,,,,,,,,,,,,,,
2192,2022,37,STEPS,PIEFL,1,7,7,7,34,,,,,NE,AZP4345,29/05/2022,29/05/2022,I,1,AJL5301,03/06/2022,11/06/2020,I,2,31/05/2022,AZP4788,AZP4789,AZP4790,AZP4791,AZP4792,AZP4793,AZP4794,,,,,,,,,,,,,,,,,,,,,,,,,,
2193,2022,38,STEPS,BLUTI,1,10,10,10,18,,,,,NE,,,,,,,,,,,,,,,,,,,,,,,,,,,,,,,,,,,,,,,,,,,,
2194,2022,50,STEPS,BLUTI,1,10,10,10,19,,,,,NE,,,,,,,,,,,,,,,,,,,,,,,,,,,,,,,,,,,,,,,,,,,,
2195,2022,54,STEPS,PIEFL,1,,0,0,,,,,4,ED,,,,,,,,,,,,,,,,,,,,,,,,,,,,,,,,,,,,,,,,,,,,
2196,2022,67,STEPS,PIEFL,1,6,6,6,29,,,,,NE,AYJ5204,29/05/2022,25/05/2020,R,2,AJL5513,14/05/2022,11/05/2020,S,2,29/05/2022,AZP4731,AZP4732,AZP4733,AZP4734,AZP4735,AZP4736,,,,,,,,,,,,,,,,,,,,,,,,,,,
2197,2022,72,STEPS,PIEFL,1,6,6,6,49,,,,,NE,AZP4814,13/06/2022,13/06/2022,I,1,S846637,29/05/2022,13/05/2018,S,5,13/06/2022,AZP4808,AZP4809,AZP4810,AZP4811,AZP4812,AZP4813,,,,,,,,,,,,,,,,,,,,,,,,,,,
2198,2022,73,STEPS,BLUTI,1,8,7,7,18,,,,,NE,,,,,,,,,,,,,,,,,,,,,,,,,,,,,,,,,,,,,,,,,,,,
2199,2022,75,STEPS,BLUTI,1,9,,8,20,,,,,NE,,,,,,,,,,,,,,,,,,,,,,,,,,,,,,,,,,,,,,,,,,,,
2200,2022,76,STEPS,PIEFL,1,7,7,7,34,,,,,NE,AYJ5267,29/05/2022,29/05/2020,S,2,AJL5075,15/05/2022,31/05/2020,S,3,31/05/2022,AZP4768,AZP4769,AZP4770,AZP4771,AZP4772,AZP4773,AZP4774,,,,,,,,,,,,,,,,,,,,,,,,,,
2201,2022,78,STEPS,MARTI,1,8,8,7,,,,,,NE,,,,,,,,,,,15/05/2022,AZP4645,AZP4646,AZP4647,AZP4648,AZP4649,AZP4650,AZP4651,AZP4652,,,,,,,,,,,,,,,,,,,,,,,,,
2202,2022,79,STEPS,BLUTI,1,,,10,10,,,,,NE,,,,,,,,,,,,,,,,,,,,,,,,,,,,,,,,,,,,,,,,,,,,
2203,2022,80,STEPS,BLUTI,1,9,,8,25,45,,,,NE,,,,,,,,,,,,,,,,,,,,,,,,,,,,,,,,,,,,,,,,,,,,
2204,2023,8,FINGLE_BB,BLUTI,1,,,4,,,6,5,1,NE,,,,,,,,,,,,,,,,,,,,,,,,,,,,,,,,,,,,,,,,,,,,
2205,2023,7,FINGLE_BB,GRETI,1,,,2,47,,4,2,1,NE,,,,,,,,,,,,,,,,,,,,,,,,,,,,,,,,,,,,,,,,,,,,
2206,2023,6,FINGLE_BB,BLUTI,1,,,6,36,,6,6,,NE,,,,,,,,,,,,,,,,,,,,,,,,,,,,,,,,,,,,,,,,,,,,
2207,2023,46,FINGLE_BB,PIEFL,1,7,7,6,45,63,,,,NE,,,,,,ATX4037,02/06/2023,02/06/2023,I,1,09/06/2023,ATX4464,ATX4465,ATX4466,ATX4467,ATX4468,ATX4469,,,,,,,,,,,,,,,,,,,,,,,,,,,
2208,2023,45,FINGLE_BB,BLUTI,1,,,4,38,,4,4,,NE,,,,,,,,,,,,,,,,,,,,,,,,,,,,,,,,,,,,,,,,,,,,
2209,2023,44,FINGLE_BB,BLUTI,1,,,5,,,6,6,,NE,,,,,,,,,,,,,,,,,,,,,,,,,,,,,,,,,,,,,,,,,,,,
2210,2023,41,FINGLE_BB,BLUTI,1,7,,4,,,,4,,NE,,,,,,,,,,,,,,,,,,,,,,,,,,,,,,,,,,,,,,,,,,,,
2211,2023,40,FINGLE_BB,PIEFL,1,6,6,6,38,,,,,NE,ATX4044,02/06/2023,02/06/2023,I,1,ATX1034,22/05/2023,22/05/2023,I,1,02/06/2023,ATX4045,ATX4046,ATX4047,ATX4048,ATX4049,ATX4050,,,,,,,,,,,,,,,,,,,,,,,,,,,
2212,2023,35,FINGLE_BB,BLUTI,1,7,,0,,,,,5,JD,,,,,,,,,,,,,,,,,,,,,,,,,,,,,,,,,,,,,,,,,,,,
2213,2023,33,FINGLE_BB,PIEFL,1,6,,5,,,,,,NE,ATX4038,02/06/2023,02/06/2023,I,1,ATX3292,22/05/2023,22/05/2023,I,1,02/06/2023,ATX4039,ATX4040,ATX4041,ATX4042,ATX4043,,,,,,,,,,,,,,,,,,,,,,,,,,,,
2214,2023,3,FINGLE_BB,BLUTI,1,,,3,,,3,3,,NE,,,,,,,,,,,,,,,,,,,,,,,,,,,,,,,,,,,,,,,,,,,,
2215,2023,26,FINGLE_BB,BLUTI,1,,,4,,,6,6,,NE,,,,,,,,,,,,,,,,,,,,,,,,,,,,,,,,,,,,,,,,,,,,
2216,2023,23,FINGLE_BB,PIEFL,1,7,7,5,36,,,,,NE,ATX4051,02/06/2023,02/06/2023,I,1,ATX3291,22/05/2023,22/05/2023,I,1,02/06/2023,ATX4052,ATX4053,ATX4054,ATX4055,ATX4056,ATX4057,ATX4058,,,,,,,,,,,,,,,,,,,,,,,,,,
2217,2023,21,FINGLE_BB,COATI,1,9,,7,13,,,7,,NE,,,,,,,,,,,,,,,,,,,,,,,,,,,,,,,,,,,,,,,,,,,,
2218,2023,2,FINGLE_BB,BLUTI,1,,,8,,,8,8,,NE,,,,,,,,,,,,,,,,,,,,,,,,,,,,,,,,,,,,,,,,,,,,
2219,2023,19,FINGLE_BB,BLUTI,1,7,,2,32,,,6,,NE,,,,,,,,,,,,,,,,,,,,,,,,,,,,,,,,,,,,,,,,,,,,
2220,2023,18,FINGLE_BB,BLUTI,1,,,0,,,4,4,,JD,,,,,,,,,,,,,,,,,,,,,,,,,,,,,,,,,,,,,,,,,,,,
2221,2023,16,FINGLE_BB,BLUTI,1,,,5,30,,5,5,,NE,,,,,,,,,,,,,,,,,,,,,,,,,,,,,,,,,,,,,,,,,,,,
2222,2023,42,FINGLE_BB,PIEFL,1,8,8,8,36,,,,,NE,ATX1035,02/06/2023,,,,AKR2453,22/05/2023,,,,02/06/2023,ATX4059,ATX4060,ATX4061,ATX4062,ATX4063,ATX4064,ATX4065,ATX4066,,,,,,,,,,,,,,,,,,,,,,,,,
2223,2023,11,FINGLE_BB,BLUTI,1,,,5,30,,8,7,,NE,,,,,,,,,,,,,,,,,,,,,,,,,,,,,,,,,,,,,,,,,,,,
2224,2023,10,FINGLE_BB,BLUTI,1,10,,6,32,,,7,,NE,,,,,,,,,,,,,,,,,,,,,,,,,,,,,,,,,,,,,,,,,,,,
2225,2023,B5,SCANNI,PIEFL,1,7,,3,40,,,4,1,OU,BAA7190,10/06/2023,10/06/2023,,,,,,,,10/06/2023,BAA7191,BAA7192,BAA7193,,,,,,,,,,,,,,,,,,,,,,,,,,,,,,
2226,2023,B12,SCANNI,PIEFL,1,,,6,42,,6,6,,OU,AZP4758,10/06/2023,,,,BAA7184,10/06/2023,10/06/2023,,,10/06/2023,BAA7185,BAA7186,BAA7187,BAA7188,BAA7189,,,,,,,,,,,,,,,,,,,,,,,,,,,,
2227,2023,B18,SCANNI,PIEFL,1,7,7,3,35,,,7,,OU,,,,,,AKR2836,10/06/2023,,,,02/06/2023,BAA7075,BAA7076,BAA7077,BAA7078,BAA7079,,,,,,,,,,,,,,,,,,,,,,,,,,,,
2228,2023,B23a,SCANNI,PIEFL,1,,,5,,,5,5,,OU,BAA7068,02/06/2023,02/06/2023,,,BAA7068,02/06/2023,02/06/2023,,,02/06/2023,BAA7069,BAA7070,BAA7071,BAA7072,BAA7073,,,,,,,,,,,,,,,,,,,,,,,,,,,,
2229,2023,40,STEPS,GRETI,1,5,5,4,,,,,,NE,,,,,,,,,,,,,,,,,,,,,,,,,,,,,,,,,,,,,,,,,,,,
2230,2023,41,STEPS,PIEFL,1,7,,4,40,,,5,,NE,,,,,,,,,,,,BAA7179,BAA7180,BAA7181,BAA7182,BAA7183,,,,,,,,,,,,,,,,,,,,,,,,,,,,
2231,2023,43,STEPS,PIEFL,1,6,5,5,,,,,1,NE,,,,,,,,,,,,BAA7063,BAA7064,BAA7065,BAA7066,BAA7067,,,,,,,,,,,,,,,,,,,,,,,,,,,,
2232,2023,44,STEPS,BLUTI,1,,,4,,,6,5,1,NE,,,,,,,,,,,,,,,,,,,,,,,,,,,,,,,,,,,,,,,,,,,,
2233,2023,2,STEPS,PIEFL,1,6,6,6,43,,,,,NE,,,,,,,,,,,,BAA7173,BAA7174,BAA7175,BAA7176,BAA7177,BAA7178,,,,,,,,,,,,,,,,,,,,,,,,,,,
2234,2023,3,STEPS,BLUTI,1,6,5,5,28,,,,,NE,,,,,,,,,,,,,,,,,,,,,,,,,,,,,,,,,,,,,,,,,,,,
2235,2023,4,STEPS,BLUTI,1,,,1,,,4,4,,NE,,,,,,,,,,,,,,,,,,,,,,,,,,,,,,,,,,,,,,,,,,,,
2236,2023,46,STEPS,PIEFL,1,6,,5,39,,,,,NE,,,,,,,,,,,,BAA7126,BAA7127,BAA7128,BAA7129,BAA7130,,,,,,,,,,,,,,,,,,,,,,,,,,,,
2237,2023,47,STEPS,BLUTI,1,8,,4,,,,5,3,NE,,,,,,,,,,,,,,,,,,,,,,,,,,,,,,,,,,,,,,,,,,,,
2238,2023,48,STEPS,BLUTI,1,9,,4,,,,,,NE,,,,,,,,,,,,,,,,,,,,,,,,,,,,,,,,,,,,,,,,,,,,
2239,2023,49,STEPS,GRETI,1,4,4,2,,,,,,NE,,,,,,,,,,,,,,,,,,,,,,,,,,,,,,,,,,,,,,,,,,,,
2240,2023,6,STEPS,BLUTI,1,8,,6,32,,,,,NE,,,,,,,,,,,,,,,,,,,,,,,,,,,,,,,,,,,,,,,,,,,,
2241,2023,7,STEPS,PIEFL,1,5,,0,52,,,3,,JD,,,,,,,,,,,,,,,,,,,,,,,,,,,,,,,,,,,,,,,,,,,,
2242,2023,8,STEPS,PIEFL,1,6,5,5,39,,,,1,NE,,,,,,,,,,,,BAA7121,BAA7122,BAA7123,BAA7124,BAA7125,,,,,,,,,,,,,,,,,,,,,,,,,,,,
2243,2023,9,STEPS,BLUTI,1,7,7,6,31,,,,,NE,,,,,,,,,,,,,,,,,,,,,,,,,,,,,,,,,,,,,,,,,,,,
2244,2023,11,STEPS,BLUTI,1,9,,3,29,,,7,,NE,,,,,,,,,,,,,,,,,,,,,,,,,,,,,,,,,,,,,,,,,,,,
2245,2023,12,STEPS,PIEFL,1,6,,5,33,,,,,NE,,,,,,,,,,,,BAA7001,BAA7002,BAA7003,BAA7004,BAA7005,,,,,,,,,,,,,,,,,,,,,,,,,,,,
2246,2023,13,STEPS,PIEFL,1,5,3,0,54,,,3,2,JD,,,,,,,,,,,,,,,,,,,,,,,,,,,,,,,,,,,,,,,,,,,,
2247,2023,58,STEPS,BLUTI,1,8,,3,30,,,,,NE,,,,,,,,,,,,,,,,,,,,,,,,,,,,,,,,,,,,,,,,,,,,
2248,2023,59,STEPS,PIEFL,1,6,6,6,39,,,,,NE,,,,,,,,,,,,BAA7033,BAA7034,BAA7035,BAA7036,BAA7037,BAA7038,,,,,,,,,,,,,,,,,,,,,,,,,,,
2249,2023,60,STEPS,PIEFL,1,6,6,6,,,,,,NE,,,,,,,,,,,,BAA7027,BAA7028,BAA7029,BAA7030,BAA7031,BAA7032,,,,,,,,,,,,,,,,,,,,,,,,,,,
2250,2023,62,STEPS,BLUTI,1,,,7,29,,7,7,,NE,,,,,,,,,,,,,,,,,,,,,,,,,,,,,,,,,,,,,,,,,,,,
2251,2023,84,STEPS,PIEFL,1,7,7,7,39,,,,,NE,,,,,,,,,,,,BAA7108,BAA7109,BAA7110,BAA7111,BAA7112,BAA7113,BAA7114,,,,,,,,,,,,,,,,,,,,,,,,,,
2252,2023,85,STEPS,PIEFL,1,6,6,6,40,,,,,NE,,,,,,,,,,,,BAA7115,BAA7116,BAA7117,BAA7118,BAA7119,BAA7120,,,,,,,,,,,,,,,,,,,,,,,,,,,
2253,2023,86,STEPS,BLUTI,1,,0,0,32,,,,3,ED,,,,,,,,,,,,,,,,,,,,,,,,,,,,,,,,,,,,,,,,,,,,
2254,2023,88,STEPS,PIEFL,1,7,7,7,31,,,,,NE,,,,,,,,,,,,BAA7006,BAA7007,BAA7008,BAA7009,BAA7010,BAA7011,BAA7012,,,,,,,,,,,,,,,,,,,,,,,,,,
2255,2023,90,STEPS,BLUTI,1,,,7,,,9,9,,NE,,,,,,,,,,,,,,,,,,,,,,,,,,,,,,,,,,,,,,,,,,,,
2256,2023,15,STEPS,PIEFL,1,8,8,8,33,,,,,NE,,,,,,,,,,,,BAA7013,BAA7014,BAA7015,BAA7016,BAA7017,BAA7018,BAA7019,BAA7020,,,,,,,,,,,,,,,,,,,,,,,,,
2257,2023,16,STEPS,PIEFL,1,7,7,7,40,,,,,NE,,,,,,,,,,,,BAA7166,BAA7167,BAA7168,BAA7169,BAA7170,BAA7171,BAA7172,,,,,,,,,,,,,,,,,,,,,,,,,,
2258,2023,17,STEPS,BLUTI,1,,,6,41,,6,,,NE,,,,,,,,,,,,,,,,,,,,,,,,,,,,,,,,,,,,,,,,,,,,
2259,2023,18,STEPS,BLUTI,1,9,,7,27,,,,,NE,,,,,,,,,,,,,,,,,,,,,,,,,,,,,,,,,,,,,,,,,,,,
2260,2023,19,STEPS,PIEFL,1,8,8,8,38,,,,,NE,,,,,,,,,,,,BAA7158,BAA7159,BAA7160,BAA7161,BAA7162,BAA7163,BAA7164,BAA7165,,,,,,,,,,,,,,,,,,,,,,,,,
2261,2023,20,STEPS,BLUTI,1,,0,0,,,7,,1,ED,,,,,,,,,,,,,,,,,,,,,,,,,,,,,,,,,,,,,,,,,,,,
2262,2023,21,STEPS,BLUTI,1,,,8,30,,8,,,NE,,,,,,,,,,,,,,,,,,,,,,,,,,,,,,,,,,,,,,,,,,,,
2263,2023,22,STEPS,BLUTI,1,7,0,0,,,,,7,ED,,,,,,,,,,,,,,,,,,,,,,,,,,,,,,,,,,,,,,,,,,,,
2264,2023,23,STEPS,PIEFL,1,7,,6,40,,,,,NE,,,,,,,,,,,,BAA7152,BAA7153,BAA7154,BAA7155,BAA7156,BAA7157,,,,,,,,,,,,,,,,,,,,,,,,,,,
2265,2023,25,STEPS,BLUTI,1,,,7,,,,,,NE,,,,,,,,,,,,,,,,,,,,,,,,,,,,,,,,,,,,,,,,,,,,
2266,2023,26,STEPS,BLUTI,1,,,7,28,,7,,,NE,,,,,,,,,,,,,,,,,,,,,,,,,,,,,,,,,,,,,,,,,,,,
2267,2023,29,STEPS,BLUTI,1,7,,5,,,,,,NE,,,,,,,,,,,,,,,,,,,,,,,,,,,,,,,,,,,,,,,,,,,,
2268,2023,30,STEPS,BLUTI,1,,,5,,,5,,,NE,,,,,,,,,,,,,,,,,,,,,,,,,,,,,,,,,,,,,,,,,,,,
2269,2023,31,STEPS,BLUTI,1,9,,7,32,,,8,,NE,,,,,,,,,,,,,,,,,,,,,,,,,,,,,,,,,,,,,,,,,,,,
2270,2023,32,STEPS,PIEFL,1,6,6,6,33,,,,,NE,,,,,,,,,,,,BAA7021,BAA7022,BAA7023,BAA7024,BAA7025,BAA7026,,,,,,,,,,,,,,,,,,,,,,,,,,,
2271,2023,33,STEPS,BLUTI,1,6,6,6,,,,,,NE,,,,,,,,,,,,,,,,,,,,,,,,,,,,,,,,,,,,,,,,,,,,
2272,2023,34,STEPS,PIEFL,1,7,7,7,,,,,,NE,,,,,,,,,,,,BAA7056,BAA7057,BAA7058,BAA7059,BAA7060,BAA7061,BAA7062,,,,,,,,,,,,,,,,,,,,,,,,,,
2273,2023,35,STEPS,PIEFL,1,7,7,7,48,,,,,NE,,,,,,,,,,,,BAA7211,BAA7212,BAA7213,BAA7214,BAA7215,BAA7216,BAA7217,,,,,,,,,,,,,,,,,,,,,,,,,,
2274,2023,36,STEPS,PIEFL,1,7,,6,44,,,,,NE,,,,,,,,,,,,BAA7205,BAA7206,BAA7207,BAA7208,BAA7209,BAA7210,,,,,,,,,,,,,,,,,,,,,,,,,,,
2275,2023,37,STEPS,PIEFL,1,8,,7,34,,,,,NE,,,,,,,,,,,,BAA7145,BAA7146,BAA7147,BAA7148,BAA7149,BAA7150,BAA7151,,,,,,,,,,,,,,,,,,,,,,,,,,
2276,2023,38,STEPS,BLUTI,1,10,10,10,28,,,,,NE,,,,,,,,,,,,,,,,,,,,,,,,,,,,,,,,,,,,,,,,,,,,
2277,2023,51,STEPS,BLUTI,1,,,3,38,,,,,NE,,,,,,,,,,,,,,,,,,,,,,,,,,,,,,,,,,,,,,,,,,,,
2278,2023,53,STEPS,BLUTI,1,9,,3,,,,,1,NE,,,,,,,,,,,,,,,,,,,,,,,,,,,,,,,,,,,,,,,,,,,,
2279,2023,54,STEPS,BLUTI,1,,,5,,,,,,NE,,,,,,,,,,,,,,,,,,,,,,,,,,,,,,,,,,,,,,,,,,,,
2280,2023,55,STEPS,PIEFL,1,6,0,0,43,,,,,EP,,,,,,,,,,,,,,,,,,,,,,,,,,,,,,,,,,,,,,,,,,,,
2281,2023,64,STEPS,BLUTI,1,,,7,32,,,,,NE,,,,,,,,,,,,,,,,,,,,,,,,,,,,,,,,,,,,,,,,,,,,
2282,2023,65,STEPS,BLUTI,1,,,7,31,,,,,NE,,,,,,,,,,,,,,,,,,,,,,,,,,,,,,,,,,,,,,,,,,,,
2283,2023,67,STEPS,PIEFL,1,7,7,7,,,,,,NE,,,,,,,,,,,,BAA7039,BAA7040,BAA7041,BAA7042,BAA7043,BAA7044,BAA7045,,,,,,,,,,,,,,,,,,,,,,,,,,
2284,2023,70,STEPS,BLUTI,1,,0,0,29,,,,7,ED,,,,,,,,,,,,,,,,,,,,,,,,,,,,,,,,,,,,,,,,,,,,
2285,2023,73,STEPS,PIEFL,1,7,7,7,39,,,,,NE,,,,,,,,,,,,BAA7131,BAA7132,BAA7133,BAA7134,BAA7135,BAA7136,BAA7137,BAA7138,,,,,,,,,,,,,,,,,,,,,,,,,
2286,2023,75,STEPS,PIEFL,1,7,7,7,38,,,,,NE,,,,,,,,,,,,BAA7138,BAA7139,BAA7140,BAA7141,BAA7142,BAA7143,BAA7144,,,,,,,,,,,,,,,,,,,,,,,,,,
2287,2023,77,STEPS,PIEFL,1,6,6,6,,,,,,NE,,,,,,,,,,,,BAA7050,BAA7051,BAA7052,BAA7053,BAA7054,BAA7055,,,,,,,,,,,,,,,,,,,,,,,,,,,
2288,2023,79,STEPS,BLUTI,1,,,3,,,6,,1,NE,,,,,,,,,,,,,,,,,,,,,,,,,,,,,,,,,,,,,,,,,,,,
2289,2023,81,STEPS,PIEFL,1,6,4,4,,,,,2,NE,,,,,,,,,,,,BAA7046,BAA7047,BAA7048,BAA7049,,,,,,,,,,,,,,,,,,,,,,,,,,,,,
2290,2023,1,BRWD,PIEFL,1,7,5,5,30,49,,,2,NE,,,,,,S846022,,,,,,AKN9890,AKN9891,AKN9892,AKN9893,AKN9894,,,,,,,,,,,,,,,,,,,,,,,,,,,,
2291,2023,6,BRWD,PIEFL,1,6,6,6,,,,,,NE,AZP4693,,,,,AKR9583,,,,,,AKN9701,AKN9895,AKN9896,AKN9897,AKN9898,AKN9899,,,,,,,,,,,,,,,,,,,,,,,,,,,
2292,2023,8,BRWD,PIEFL,1,5,5,5,41,,,,,NE,AKN9738,,,,,AKN9889,,,,,,AKN9739,AKN9740,AKN9741,AKN9742,AKN9743,,,,,,,,,,,,,,,,,,,,,,,,,,,,
2293,2023,10,BRWD,PIEFL,1,7,7,0,33,,,,,NE,,,,,,AKN9887,,,,,,AKN9702,AKN9703,AKN9704,AKN9705,AKN9706,AKN9707,AKN9708,,,,,,,,,,,,,,,,,,,,,,,,,,
2294,2023,15,BRWD,PIEFL,1,6,6,6,,,,,,NE,,,,,,,,,,,01/06/2023,AKN9709,AKN9710,AKN9711,AKN9712,AKN9713,AKN9714,,,,,,,,,,,,,,,,,,,,,,,,,,,
2295,2023,21,BRWD,PIEFL,1,6,,,,,,,,OU,,,,,,,,,,,,,,,,,,,,,,,,,,,,,,,,,,,,,,,,,,,,
2296,2023,35,BRWD,PIEFL,1,8,8,8,37,,,,,NE,,,,,,AVH0270,,,,,01/06/2023,AKN9726,AKN9727,AKN9728,AKN9729,AKN9730,AKN9731,AKN9732,AKN9733,,,,,,,,,,,,,,,,,,,,,,,,,
2297,2023,39,BRWD,PIEFL,1,7,7,0,,,,,,JD,,,,,,,,,,,,,,,,,,,,,,,,,,,,,,,,,,,,,,,,,,,,
2298,2023,44,BRWD,PIEFL,1,7,6,6,,,,,,NE,AKN9725,,,,,S845795,,,,,05/06/2023,AKN9744,AKN9745,AKN9746,AKN9747,AKN9748,,,,,,,,,,,,,,,,,,,,,,,,,,,,
2299,2023,53,BRWD,PIEFL,1,7,5,5,,,,,,NE,AKR2136,,,,,AKN9888,,,,,01/06/2023,AKN9720,AKN9721,AKN9722,AKN9723,AKN9724,,,,,,,,,,,,,,,,,,,,,,,,,,,,
2300,2023,60,BRWD,PIEFL,1,7,5,5,,,,,,NE,AYJ5202,05/06/2023,,,,AKN9749,05/06/2023,,,,05/06/2023,AKN9750,AKN9751,AKN9752,AKN9753,AKN9754,,,,,,,,,,,,,,,,,,,,,,,,,,,,
2301,2023,63,BRWD,PIEFL,1,6,6,6,,,,,,NE,AKN9715,01/06/2023,,,,AKN9802,01/06/2023,,,,01/06/2023,AKN9716,AKN9717,AKN9718,AKN9719,AKN9798,AKN9799,,,,,,,,,,,,,,,,,,,,,,,,,,,
2302,2023,24,BRWD,PIEFL,1,6,4,4,,,,,,NE,AJL2254,03/06/2023,,,,,,,,,03/06/2023,AKN9734,AKN9735,AKN9736,AKN9737,,,,,,,,,,,,,,,,,,,,,,,,,,,,,
2303,2023,26,FINGLE_CB,PIEFL,1,7,7,4,45,,,,,NE,,,,,,,,,,,,,,,,,,,,,,,,,,,,,,,,,,,,,,,,,,,,
2304,2023,27,FINGLE_CB,BLUTI,1,,,0,33,,7,7,,JD,,,,,,,,,,,,,,,,,,,,,,,,,,,,,,,,,,,,,,,,,,,,
2305,2023,28,FINGLE_CB,PIEFL,1,,,3,,,5,3,,NE,,,,,,,,,,,,,,,,,,,,,,,,,,,,,,,,,,,,,,,,,,,,
2306,2023,30,FINGLE_CB,PIEFL,1,7,,6,37,,,,,NE,,,,,,,,,,,,,,,,,,,,,,,,,,,,,,,,,,,,,,,,,,,,
2307,2023,32,FINGLE_CB,PIEFL,1,7,,0,39,,,,,JD,,,,,,,,,,,,,,,,,,,,,,,,,,,,,,,,,,,,,,,,,,,,
2308,2023,34,FINGLE_CB,PIEFL,1,7,7,7,38,,,,,NE,,,,,,,,,,,,,,,,,,,,,,,,,,,,,,,,,,,,,,,,,,,,
2309,2023,39,FINGLE_CB,BLUTI,1,,,0,29,,8,7,,JD,,,,,,,,,,,,,,,,,,,,,,,,,,,,,,,,,,,,,,,,,,,,
2310,2023,40,FINGLE_CB,BLUTI,1,,,4,,,6,6,,NE,,,,,,,,,,,,,,,,,,,,,,,,,,,,,,,,,,,,,,,,,,,,
2311,2023,44,FINGLE_CB,PIEFL,1,6,6,0,,,,6,,JD,,,,,,,,,,,,,,,,,,,,,,,,,,,,,,,,,,,,,,,,,,,,
2312,2023,49,FINGLE_CB,BLUTI,1,10,,5,21,,,,,NE,,,,,,,,,,,,,,,,,,,,,,,,,,,,,,,,,,,,,,,,,,,,
2313,2023,53,FINGLE_CB,BLUTI,1,,,6,,,6,6,,NE,,,,,,,,,,,,,,,,,,,,,,,,,,,,,,,,,,,,,,,,,,,,
