BroodID,Year,Box,Popn,Species,CltCd,CltSize,Hatch,Fledged,JulianDFE,DFE,DH,MinEgg,Outcome,FemaleID,FemaleAge,MaleID,MaleAge,First ring,others,CWA,Nest set,Grid,Brood link,Comments
1409,2002,81,,COATI,1,8,8,8,88,-2,,,NE,,,,,R123508,-515,,M,L07,,
,2022,J02,,COATI,1,10,0,0,88,-2,,,ED,,,,,,,,,,,
1419,2002,C02,,COATI,1,12,12,12,92,2,,,NE,N459884,4,,,R123546,-557,,D,D04,,
1472,2003,81,,COATI,1,8,7,6,92,2,,,NE,N645232,6,,,R558011,-16,,M,L07,,
1486,2003,A04,,COATI,1,9,0,0,92,2,,9,ED,,,,,,,,D,R-1,,
1382,2002,9,,COATI,1,10,10,10,93,3,,,NE,N645301,6,,,R123516,-525,,M,Q01,,
1685,2005,94,,COATI,1,10,8,8,93,3,,,NE,R558185,6,,,R558501,-508,,d,I03,,
2419,2012,A68,,GRETI,1,8,7,6,93,2,,,NE,,,,,TR47845,-850,,M,N04,,
1007,1997,D09a,,COATI,1,10,9,9,94,4,,,NE,,,,,K720228,236,,D,E08,,
1209,1999,C10,,COATI,1,8,8,8,94,4,,,NE,,,,,N645349,357,,D,F07,,
1437,2002,D34B,,COATI,1,10,10,9,94,4,,,NE,,,,,R123537,-545,,D,F05,,
567,1990,49,,BLUTI,1,13,13,11,95,5,,,NE,E893064,6,,,F783046,3057,,M,M03,,
1392,2002,35,,GRETI,1,11,11,6,95,5,,,NE,,,,,VS50718,-723,2,M,O03,,very scrawny
1460,2003,49,,COATI,1,9,9,9,95,5,,,NE,P400519,6,,,R558002,-10,,M,L03,,
2184,2009,C35,,COATI,1,11,11,11,95,5,,,NE,,,,, V666821,-831,,D,D07,,
2387,2012,28,,BLUTI,1,12,0,0,95,4,,12,EP,X650000,6,,,,,,M,I03,,
413,1988,10,,COATI,1,8,0,0,96,5,,8,EP,,,,,,,,M,Q00,,
697,1993,59,,COATI,1,12,11,11,96,6,,,NE,H229135,6,,,J118001,8011,,M,N06,,
1185,1999,65,,BLUTI,1,11,7,7,96,6,,,NE,N305618,6,,,N645101,107,,M,O01,,
1251,2000,23,,COATI,1,10,10,10,96,5,,,NE,N645301,6,,,N459712,721,,M,Q00,,
1428,2002,C39,,BLUTI,1,11,0,0,96,6,,11,ED,P400368,6,,,,,,D,C04,,handling?
1679,2005,83,,BLUTI,1,5,0,0,96,6,,5,EP,,,,,,,,M,L05,,bumble bee
2035,2008,46,,COATI,1,11,7,7,96,5,,,NE,R558880,6,,,V666579,-585,,M,L-1,,
2120,2009,28,,BLUTI,1,9,8,8,96,6,,,NE, V475544,6,,, V666756,-763,,M,I03,,
2378,2012,6,,BLUTI,1,9,0,0,96,5,,9,ED,L327532,6,,,,,,M,J02,,
2407,2012,A29,,BLUTI,1,5,5,5,96,5,,,NE,X649801,6,,,L327560,-564,,M,M01,,
2559,2014,A54,,BLUTI,1,12,10,0,96,6,,,JD,,,,,,,,M,K08,,
2604,2014,DAH,,COATI,1,10,7,6,96,6,,,NE, D309050,5,,, D808013,-818,,D,O-1,,
,2021,E01,,BLUTI,1,10,9,0,96,6,,,JD,,,,,,,,,,,
,2021,I03,,BLUTI,1,10,7,7,96,6,,,NE,,,,,,,,,,,
1199,1999,96,,BLUTI,1,12,12,11,97,7,,,NE,N645003,5,,,N645177,187,,M,O03,,
1346,2001,81,,COATI,1,9,9,8,97,7,,,NE,,,,,N459880,-886889,,M,L07,,
1405,2002,63,,BLUTI,1,11,11,10,97,7,,,NE,P400311,6,,,R123619,-628,,M,H04,,
1414,2002,98,,COATI,1,9,9,9,97,7,,,NE,P400971,5,,,R123528,-536,,M,O03,,
1422,2002,C20,,BLUTI,1,11,10,0,97,7,,,JP,P400648,6,,,,,,D,C09,,grey squirrel
1471,2003,80,,BLUTI,1,4,0,0,97,7,,4,EP,,,,,,,,M,P04,,
1805,2006,81,,COATI,1,8,8,0,97,7,,,JP,R502827,6,,,,,,M,L07,59/2,
1915,2007,11,,GRETI,1,9,9,0,97,7,,,JD,,,,,,,,M,P-2,,
2038,2008,53,,COATI,1,4,0,0,97,6,,4,EP,,,,,,,,M,N-1,,wood mouse?
2594,2014,C07,,MARTI,1,10,5,5,97,7,,,NE,,,,, D808201,-205,,D,F07,,
,2021,I03,,COATI,1,10,10,0,97,7,,,JD,,,,,,,,,,,
778,1995,49,,BLUTI,1,11,10,9,98,8,,,NE,,,,,K181520,528,,M,L03,,
810,1995,D12,,BLUTI,1,11,11,11,98,8,,,NE,,,,,K181572,582,,D,E09,,
831,1995,D81,,BLUTI,1,8,8,7,98,8,,,NE,J522492,5,,,K181837,843,,D,E05,,
1400,2002,50,,GRETI,1,9,9,9,98,8,,,NE,,,,,VV92958,-966,,M,L06,,
1406,2002,65,,BLUTI,1,10,10,0,98,8,,,JD,P400677,5,,,,,,M,O01,,wet weather
1425,2002,C30,,BLUTI,1,11,9,5,98,8,,,NE,P400610,,,,R123569,-576,,D,C06,,some GRSWO damage
1782,2006,20,,BLUTI,1,9,0,0,98,8,,9,EP,,,,,,,,M,L05,,
1962,2007,A65,,COATI,1,11,9,9,98,8,,,NE,,,,,V663603,-611,,M,N06,,
2327,2011,A70,,GRETI,1,8,8,8,98,8,,,NE,,,,,TR47910,-917,,M,N04,,
2532,2014,18,,COATI,1,10,1,1,98,8,,,NE, L731693,6,,, L327889,,,M,L00,,
,2023,A21,,COATI,1,11,9,9,98,8,,,NE,,,,,,,,,,,
824,1995,D54a,,BLUTI,1,12,11,11,99,9,,,NE,,,,,K181619,629,,D,C09,,
951,1997,15,,BLUTI,1,10,10,9,99,9,,,NE,K463631,5,,,K720303,311,3,M,I02,,
1055,1998,11,,BLUTI,1,9,9,6,99,9,,,NE,N305618,6,,,N645001,5006,,M,P01,,
1104,1998,0N,,MARTI,1,9,9,9,99,9,,,NE,J522325,6,,,N645012,5020,,M,K03,,
1164,1999,15,,BLUTI,1,10,10,9,99,9,,,NE,N305596,6,,,N645154,162,,M,I02,,
1166,1999,23,,BLUTI,1,10,10,6,99,9,,,NE,,,,,N645123,128,,M,Q00,,
1196,1999,92,,BLUTI,1,10,1,1,99,9,,,NE,N305601,6,,,N645169,,,M,M07,,Nest to NNRC
1233,1999,H03,,BLUTI,1,8,7,7,99,9,,,NE,K463963,6,,,N645374,380,,D,E04,,
1264,2000,56,,COATI,1,9,9,8,99,8,,,NE,N645232,5,,,N459722,729,,M,L07,,
1391,2002,33,,COATI,1,10,10,10,99,9,,,NE,P400520,5,,,R123588,-596,,M,L03,,
1397,2002,47,,MARTI,1,10,10,10,99,9,,,NE,P400470,4,,,R123641,-650,,M,J03,,
1420,2002,C09,,BLUTI,1,11,11,11,99,9,,,NE,R123504,5,,,R123671,-681,,D,C06,,
1427,2002,C34,,BLUTI,1,10,10,10,99,9,,,NE,R123501,6,,,R123577,-586,,D,C05,,
1431,2002,C55,,BLUTI,1,9,0,0,99,9,,,EM,N459910,5,,,,,,D,F04,,human damage?
1433,2002,D22,,BLUTI,1,11,11,11,99,9,,,NE,P400634,6,,,R123558,-568,,D,F08,,
1436,2002,D32,,MARTI,1,9,0,0,99,9,,9,ED,P400450,4,,,,,,D,F05,,handling?
1715,2005,A58,,COATI,1,9,0,0,99,9,,9,EP,,,,,,,,D,O04,,
2124,2009,42,,BLUTI,1,11,11,6,99,9,,,NE, V475966,5,,, V666779,80-81 83-85,,M,H01,,
2130,2009,56,,BLUTI,1,13,12,3,99,9,,,NE, T663158,6,,, V666764,&66 & 70,,M,J01,,
2139,2009,A16,,MARTI,1,8,0,0,99,9,,,JP,,,,,,,,M,Q00,,
2153,2009,A56,,GRETI,1,8,0,0,99,9,,8,EP,,,,,,,,M,L08,,
2360,2011,C07,,MARTI,1,9,8,7,99,9,,,NE,,,,,L327708,-715,,D,F07,,
2383,2012,22,,GRETI,1,9,7,6,99,8,,,NE,,,,,TR47783,-788,,M,O-2,,
2402,2012,A02,,GRETI,1,8,1,1,99,8,,,NE,,,,,TR47864,,,M,O01,,
2415,2012,A58,,GRETI,1,9,9,9,99,8,,,NE,,,,,TR47851,-859,,M,L07,,
,2021,M07,,MARTI,1,8,6,5,99,9,,,NE,,,,,,,,,,,
760,1995,11,,BLUTI,1,11,11,7,100,10,,,NE,J033771,6,,,K181550,554 555 557-60,,M,P01,,
785,1995,60,,COATI,1,11,11,11,100,10,,,NE,,,,,K181561,571,,M,G01,,
798,1995,90,,MARTI,1,10,10,9,100,10,,,NE,,,,,K181532,540,,M,N05,,
822,1995,D52b,,BLUTI,1,11,11,11,100,10,,,NE,J522638,5,,,K181685,695,,D,C08,,
946,1997,5,,GRETI,1,8,8,6,100,10,,,NE,K463940,5,K463573,5,VV34063,4068,,M,N01,,
1113,1998,D07b,,COATI,1,6,3,3,100,10,,,NE,,,,,N645301,303,,D,E07,7.1,
1190,1999,77,,MARTI,1,9,7,7,100,10,,,NE,J522325,6,,,N645108,114,,M,H03,,
1193,1999,85,,GRETI,1,10,10,9,100,10,,,NE,,,,,VS51015,1023,,M,O05,,
1222,1999,D42,,BLUTI,1,10,10,10,100,10,,,NE,,,,,N645204,213,,D,C05,,
1225,1999,D51,,BLUTI,1,10,8,8,100,10,,,NE,,,,,N645214,221,,D,C08,,
1394,2002,37,,BLUTI,1,11,10,10,100,10,,,NE,N459890,6,,,R123609,-618,,M,L00,,
1416,2002,0K,,MARTI,1,8,8,7,100,10,,,NE,N459769,4,,,R123597,-603,,M,O02,,
1418,2002,0R,,GRETI,1,9,0,0,100,10,,9,EP,,,,,,,,M,K00,,wood mouse?
1438,2002,D52,,BLUTI,1,11,11,11,100,10,,,NE,P400746,5,,,R123652,-662,,D,E09,,
1446,2002,WC3,,BLUTI,1,12,12,0,100,10,,,JP,,,,,,,,D,I03,,only 4 rings recovered
1573,2004,66,,COATI,1,11,9,9,100,9,,,NE,R558185,5,,,R558207,-215,,M,J00,,
1580,2004,84,,BLUTI,1,11,10,5,100,9,,,NE,R353281,5,,,R558319,320 & 25 - 27,,M,H04,,
1608,2004,A61,,COATI,1,8,8,6,100,9,,,NE,,,,,R558301,& 304 - 308,,A,M05,,
2145,2009,A40,,BLUTI,1,7,0,0,100,10,,7,ED,,,,,,,,M,L03,,
2171,2009,B56,,COATI,1,10,0,0,100,10,,10,EO,,,,,,,,D,C01,,
2243,2010,A70,,GRETI,1,7,6,6,100,10,,,NE,,,,,TJ49901,-906,,M,N04,,
2265,2010,C10,,GRETI,1,8,8,8,100,10,,,NE,,,,,TJ49989,-996,,D,F07,,
2283,2011,8,,GRETI,1,9,9,9,100,10,,,NE,,,,,TR47943,-951,,M,L02,,
2288,2011,28,,BLUTI,1,9,8,8,100,10,,,NE,X649416,6,,,L327668,-675,,M,I03,,
2320,2011,A56,,BLUTI,1,10,9,8,100,10,,,NE,,,,,L327693,-700,,M,L08,,
2362,2011,C12,,GRETI,1,8,6,6,100,10,,,NE,,,,,TR47801,-806,,D,F07,,
2372,2011,C43,,MARTI,1,6,6,5,100,10,,,NE,X649090,6,,,L327703,-707,,D,E04,,
,2021,Q03,,MARTI,1,7,2,2,100,10,,,NE,,,,,,,,,,,
,2022,L05,,GRETI,1,9,9,9,100,10,,,NE,,,,,,,,,,,
,2023,4,,BLUTI,1,11,6,6,100,10,,,NE,,,,,,,,,,,
,2023,A12,,BLUTI,1,11,5,0,100,10,,,JD,,,,,,,,,,,
,2023,A52,,BLUTI,1,12,0,0,100,10,,,EO,,,,,,,,,,,
,2023,A15,,GRETI,1,5,4,2,100,10,,,NE,,,,,,,,,,,
788,1995,64,,BLUTI,1,9,5,4,101,11,,,NE,F485604,6,,,K181777,780,,M,F03,,1runt egg with yolk did not hatch
792,1995,79,,MARTI,1,10,10,10,101,11,,,NE,J522325,5,,,K181510,519,,M,L03,,
795,1995,83,,BLUTI,1,,0,0,101,11,,,EP,,,,,,,,M,L06,,
950,1997,14,,BLUTI,1,7,7,1,101,11,,,NE,K463948,6,,,K720510,,9,M,N-1,,
953,1997,22,,GRETI,1,8,8,7,101,11,,,NE,H623765,6,,,VV34069,&71-76,,M,O-2,,
999,1997,0P,,BLUTI,1,11,10,10,101,11,,,NE,K181544,6,,,K720424,433,,M,L00,,
1099,1998,0A,,BLUTI,1,9,0,0,101,11,,9,EP,,,,,,,,M,J00,,Possibly taken by Dormouse
1180,1999,53,,GRETI,1,9,9,7,101,11,,,NE,,,,,VS51001,1007,,M,O-1,,
1184,1999,63,,BLUTI,1,8,8,8,101,11,,,NE,N305899,5,,,N645146,153,,M,H04,,Nest to NNRC
1203,1999,0L,,MARTI,1,8,7,7,101,11,,,NE,N305874,4,,,N645170,176,,M,O05,,
1228,1999,D69,,COATI,1,10,10,10,101,11,,,NE,,,,,N645230,239,,D,D05,,
1388,2002,24,,BLUTI,1,12,12,0,101,11,,,JD,,,,,,,,M,K00,,wet weather
2241,2010,A62,,GRETI,1,10,10,7,101,11,,,NE,,,,,TJ49907,-12,,M,M07,,
2282,2011,5,,GRETI,1,10,2,2,101,11,,,NE,,,,,TR47918,-919,,M,S-2,,
2296,2011,50,,BLUTI,1,11,9,0,101,11,,,JD,V475938,6,,,,,,M,K02,,
2317,2011,A52,,GRETI,1,9,9,7,101,11,,,NE,,,,,TR47901,-6,,M,L07,,
2322,2011,A62,,GRETI,1,8,3,3,101,11,,,NE,,,,,TR47960,-962,,M,M07,,
2325,2011,A68,,GRETI,1,11,7,5,101,11,,,NE,,,,,TR47963,-967,,M,N04,,
2374,2011,U08,,GRETI,1,8,6,0,101,11,,,JD,,,,,TR47931,& 934,,E,F03,,these 2 probably taken by GRSWO
2375,2011,U09,,GRETI,1,8,8,8,101,11,,,NE,,,,,TR47935,-942,,E,D04,,
2392,2012,43,,GRETI,1,9,9,0,101,10,,,JD,,,,,,,,M,P-2,,
2537,2014,28,,BLUTI,1,8,7,7,101,11,,,NE, D309292,5,,,L327899,,,M,I03,,
2542,2014,45,,BLUTI,1,10,9,9,101,11,,,NE, L731894,6,,, D808019,-27,,M,H02,,
2544,2014,55,,GRETI,1,9,7,0,101,11,,,JD,,,,,,,,M,M-1,,
,2022,F-4,,BLUTI,1,12,11,11,101,11,,,NE,,,,,,,,,,,
,2022,K02,,BLUTI,1,10,10,10,101,11,,,NE,,,,,,,,,,,
,2023,70,,BLUTI,1,10,9,0,101,11,,,JD,,,,,,,,,,,
,2023,C22,,BLUTI,1,11,10,10,101,11,,,NE,,,,,,,,,,,
556,1990,32,,GRETI,1,11,11,0,102,12,,,JP,HX19883,6,,,,,,M,P00,,
712,1993,90,,MARTI,1,10,10,7,102,12,,,NE,H229133,6,,,J118031,8037,,M,N05,,
767,1995,24,,BLUTI,1,10,0,0,102,12,,10,EP,,,,,,,,M,K00,,
770,1995,34,,GRETI,1,10,10,9,102,12,,,NE,,,J033046,6,NC90311,319,,M,M07,,
793,1995,81,,BLUTI,1,11,11,11,102,12,,,NE,,,,,K181639,649,,M,L07,,
799,1995,92,,BLUTI,1,10,10,10,102,12,,,NE,J033697,6,,,K181650,659,,M,M07,,
812,1995,D29,,COATI,1,11,11,11,102,12,,,NE,J522450,4,,,K181583,593,,D,E06,,
821,1995,D49,,BLUTI,1,13,13,13,102,12,,,NE,J522636,6,,,K181696,708,,D,C08,,
959,1997,34,,GRETI,1,10,0,0,102,12,,10,EP,,6,,,,,,M,M07,,female unknown but depredated body found
967,1997,46,,BLUTI,1,9,9,0,102,12,,,JD,J522564,6,,,,,,M,H03,,
987,1997,89,,MARTI,1,8,7,6,102,12,,,NE,,,,,K720237,242,,M,N05,,
997,1997,0L,,COATI,1,9,2,2,102,12,,,NE,K463537,6,,,K720312,313,,M,O05,,
1417,2002,0P,,BLUTI,1,9,7,5,102,12,,,NE,N645294,6,N275450,6,R123604,-608,,M,L00,,
1429,2002,C42,,BLUTI,1,10,10,8,102,12,,,NE,P400704,5,,,R123682,-689,,D,C03,,
1430,2002,C49,,BLUTI,1,9,9,9,102,12,,,NE,N459954,5,,,R123690,-698,,D,E04,,
1547,2003,C83,,COATI,1,10,9,0,102,12,,,OU,,,,,,,,D,C04,,
1552,2004,14,,COATI,1,10,10,10,102,11,,,NE,R502945,5,,,R558309,-318,,M,N-1,,
1921,2007,36,,BLUTI,1,8,8,6,102,12,,,NE,R558986,5,,,V666507,-512,,M,M-1,,
2043,2008,64,,COATI,1,9,9,6,102,11,,,NE,V475417,5,,,V666586,88-91 93-94,,M,K01,,some predation
2126,2009,50,,BLUTI,1,11,11,11,102,12,,,NE, V475938,6,,, V666787,-797,,M,K02,,
2135,2009,A10,,GRETI,1,3,0,0,102,12,,3,EP,,,,,,,,M,Q01,,
2152,2009,A55,,BLUTI,1,10,10,10,102,12,,,NE,,,,, V666832,-841,,M,K08,,
2154,2009,A62,,GRETI,1,10,10,6,102,12,,,NE,,,,, TJ49803,-808,,M,M07,,
2155,2009,A63,,BLUTI,1,10,8,8,102,12,,,NE, T100513,6,,, V666881,-888,,M,N06,,
2198,2010,12,,MARTI,1,9,8,8,102,12,,,NE,X649130,5,,,V666947,-954,,M,O-1,,
2276,2010,ECB,,MARTI,1,9,9,9,102,12,,,NE,,,,,V666929,-937,,E,F07,,
2304,2011,A02,,GRETI,1,8,3,3,102,12,,,NE,,,,,TR47746,-748,,M,O01,,
2330,2011,A77,,GRETI,1,9,7,7,102,12,,,NE,,,,,TR47969,-975,,M,P03,,
2364,2011,C15,,GRETI,1,8,8,0,102,12,,,JO,X497509,6,,,,,,D,E09,,
2365,2011,C17,,GRETI,1,6,0,0,102,12,,6,EO,,,,,,,,D,E09,,
2405,2012,A17,,GRETI,1,10,6,4,102,11,,,NE,TJ49526,6,,,TR47860,-863,,M,P00,,
2467,2012,C43,,MARTI,1,9,4,4,102,11,,,NE,,,,,L327548,&550-552,,D,E04,,
2545,2014,56,,BLUTI,1,9,9,9,102,12,,,NE, L327824,6,,, L327890,-898,,M,J01,,
2548,2014,A05,,MARTI,1,8,4,4,102,12,,,NE, L731211,6,,, D808101,-104,,M,P01,,
2607,2014,DDU,,BLUTI,1,12,11,11,102,12,,,NE, L731566,6,,, D808112,-122,,D,L04,,
2687,2015,C29,,MARTI,1,10,10,10,102,12,,,NE,L731200,6,,,D808160,-169,,D,E05,,
,2021,N-1,,GRETI,1,7,7,5,102,12,,,NE,,,,,,,,,,,
,2021,P-2,,GRETI,1,8,8,7,102,12,,,NE,,,,,,,,,,,
,2022,L06,,BLUTI,1,10,9,9,102,12,,,NE,,,,,,,,,,,
,2022,L07,,GRETI,1,6,6,5,102,12,,,NE,,,,,,,,,,,
,2022,P00,,GRETI,1,6,6,6,102,12,,,NE,,,,,,,,,,,
,2023,A06,,BLUTI,1,10,9,7,102,12,,,NE,,,,,,,,,,,
,2023,A78,,BLUTI,1,9,9,0,102,12,,,JD,,,,,,,,,,,
726,1994,29,,MARTI,1,9,9,9,103,13,,,NE,H229133,6,,,J639006,9014,,M,L05,,
766,1995,23,,BLUTI,1,9,9,9,103,13,,,NE,,,,,K181755,762,,M,Q00,,
787,1995,63,,GRETI,1,9,9,7,103,13,,,NE,,,,,NC90320,326,,M,F03,,
797,1995,89,,BLUTI,1,9,9,9,103,13,,,NE,J033029,6,,,K181541,549,,M,N05,,
820,1995,D46,,BLUTI,1,10,10,8,103,13,,,NE,,,,,K181709,716,,D,C07,,
826,1995,D58,,BLUTI,1,11,11,10,103,13,,,NE,J522261,4,,,K181602,611,,D,D08,,
830,1995,D77,,BLUTI,1,10,10,9,103,13,,,NE,J522617,6,,,K181630,638,,D,C03,,
849,1995,U05,,BLUTI,1,9,9,8,103,13,,,NE,,,,,K181676,682 & 684,,E,B07,,
947,1997,10,,GRETI,1,5,1,1,103,13,,,NE,J522386,6,J033269,6,VV34127,,12,M,Q00,,
957,1997,32,,GRETI,1,9,8,7,103,13,,,NE,K463217,6,,,VV34109,115,,M,P00,,
963,1997,40,,BLUTI,1,8,2,2,103,13,,,NE,K463577,5,,,K720422,43,2,M,P-1,,
988,1997,91,,GRETI,1,7,7,7,103,13,,,NE,,,,,VV34082,4088,,M,N05,,
1012,1997,D26a,,MARTI,1,8,6,5,103,13,,,NE,K463569,,,,K720261,265,,D,D05,,
1169,1999,33,,GRETI,1,7,7,7,103,13,,,NE,,,,,VS51008,1014,,M,L03,,
1175,1999,46,,BLUTI,1,12,12,7,103,13,,,NE,K720594,5,,,N645272,278,1,M,G03,,
1410,2002,83,,BLUTI,1,9,9,9,103,13,,,NE,P400679,5,,,R123706,-714,,M,L06,,
1426,2002,C33,,GRETI,1,8,6,3,103,13,,,NE,,,,,VS50708,-710,,D,C05,,some GRSWO damage
1432,2002,D20,,BLUTI,1,12,12,11,103,13,,,NE,P847707,6,,,R123730,-740,,D,F09,,
1442,2002,D97,,BLUTI,1,11,11,11,103,13,,,NE,N275465,6,,,R123741,-751,,D,D05,,
1501,2003,A61,,BLUTI,1,10,10,0,103,13,,,JD,,,,,,,,D,M05,,
1563,2004,47,,BLUTI,1,11,10,10,103,12,,,NE,R353092,6,,,R558332,-341,,M,J03,,
1941,2007,A18,,GRETI,1,10,8,0,103,13,,,JD,,,,,,,,M,A18,,
1957,2007,A54,,GRETI,1,7,7,6,103,13,,,NE,,,,,TC61449,-454,,M,L07,,CP
1960,2007,A62,,BLUTI,1,10,8,4,103,13,,,NE,R558965,5,,,V666619,-622,,M,M07,,
1965,2007,A70,,GRETI,1,6,6,6,103,13,,,NE,,,,,TC61464,-469,,M,N04,,
2028,2008,28,,BLUTI,1,8,6,0,103,12,,,JP,V475544,5,,,,,,M,J03,,
2083,2008,B20,,COATI,1,11,8,8,103,12,,,NE,,,,,V666651,-658,,D,C01,,
2158,2009,A70,,GRETI,1,4,0,0,103,13,,4,EP,,,,,,,,M,N04,,
2200,2010,28,,BLUTI,1,9,9,9,103,13,,,NE,X649416,5,,,V666938,-946,,M,I03,,
2209,2010,50,,BLUTI,1,12,12,12,103,13,,,NE,V475938,6,,,V666963,-974,,M,K02,,
2239,2010,A54,,GRETI,1,8,8,6,103,13,,,NE,,,,,TJ49652,-657,,M,K08,,
2284,2011,10,,BLUTI,1,8,8,0,103,13,,,JD,V666925,6,,,,,,M,L02,,
2291,2011,33,,GRETI,1,8,8,0,103,13,,,JD,,,,,,,,M,P-2,,
2293,2011,43,,GRETI,1,6,5,5,103,13,,,NE,,,,,TR47920,-924,,M,P-2,,
2299,2011,55,,GRETI,1,8,8,6,103,13,,,NE,X649378,6,,,TR47727,28 & 30-33,,M,M-1,,
2332,2011,A80,,BLUTI,1,8,4,0,103,13,,,JD,X649252,6,,,L327801,-804,,M,Q03,,all probably taken by GRSWO
2339,2011,B15,,GRETI,1,11,8,6,103,13,,,NE,,,,,TR47637,-642,,D,C03,,
2379,2012,8,,GRETI,1,,0,0,103,12,,1,EP,,,,,,,,M,L02,,
2390,2012,38,,GRETI,1,,0,0,103,12,,,EO,,,,,,,,M,H02,,
2533,2014,19,,BLUTI,1,9,7,7,103,13,,,NE, D309244,5,,, D808006,-8012,,M,K02,,
2535,2014,23,,GRETI,1,5,3,3,103,13,,,NE,,,,, TV35501,-503,,M,K00,,
2539,2014,38,,GRETI,1,7,4,4,103,13,,,NE, L731948,6,,, TV35510,-513,,M,H02,,
2541,2014,43,,GRETI,1,10,6,2,103,13,,,NE,,,,, TV35516,& 519,,M,P-2,,
2543,2014,48,,GRETI,1,10,6,6,103,13,,,NE,,,,, TV35504,-509,,M,H01,,
2546,2014,66,,BLUTI,1,11,9,9,103,13,,,NE, X649924,6,,, D808054,-62,,M,J01,,
2551,2014,A14,,GRETI,1,9,8,0,103,13,,,JD,,,,,,,,M,Q00,,
2580,2014,B23,,MARTI,1,9,8,8,103,13,,,NE,,,,, L327936,-942,,D,D02,,
2584,2014,B34,,GRETI,1,8,7,3,103,13,,,NE,,,,, TT49140,-142,,D,F04,,
2611,2014,DHH,,COATI,1,9,9,9,103,13,,,NE,,,,, D808028,-36,,D,E02,,
,2021,E-4,,GRETI,1,8,8,0,103,13,,,JD,,,,,,,,,,,
,2021,E01,,GRETI,1,5,5,2,103,13,,,NE,,,,,,,,,,,
,2022,F02,,GRETI,1,5,5,5,103,13,,,NE,,,,,,,,,,,
,2023,60,,GRETI,1,7,5,5,103,13,,,NE,,,,,,,,,,,
,2023,18,,BLUTI,1,10,10,0,103,13,,,JD,,,,,,,,,,,
,2023,C25,,BLUTI,1,10,10,9,103,13,,,NE,,,,,,,,,,,
65,1981,15,,BLUTI,1,10,8,8,104,14,,,NE,KJ20723,6,,,A761033,1040,,M,R00,,
545,1990,11,,BLUTI,1,9,9,9,104,14,,,NE,E893220,5,,,F783009,3017,,M,P01,,
583,1990,80,,BLUTI,1,4,0,0,104,14,,4,ED,F485568,5,,,,,,M,O03,,
730,1994,37,,BLUTI,1,11,11,0,104,14,,,JD,,,,,,,,M,L00,,
813,1995,D33A,,BLUTI,1,9,9,9,104,14,,,NE,J522828,5,,,K181828,836,,D,E07,,
828,1995,D69,,MARTI,1,7,7,7,104,14,,,NE,J522204,6,,,K181612,618,,D,D05,,
844,1995,N01,,BLUTI,1,10,10,9,104,14,,,NE,J639094,5,J639084,5,K181737,745,,D,F05,,
845,1995,N16,,BLUTI,1,10,10,10,104,14,,,NE,F253395,6,,,K181794,803,,D,F09,,
968,1997,47,,BLUTI,1,10,10,5,104,14,,,NE,K463188,6,,,K720391,&3 5 7 8,,M,J03,,
970,1997,49,,BLUTI,1,11,10,10,104,14,,,NE,J639165,6,,,K720407,416,2,M,L03,,
990,1997,97,,BLUTI,1,9,9,8,104,14,,,NE,J033002,6,,,K720314,321,,M,L00,,
1002,1997,C08,,BLUTI,1,9,9,8,104,14,,,NE,K463914,6,,,K720243,250,,D,F07,,
1003,1997,C14,,BLUTI,1,10,0,0,104,14,,10,ED,K463957,5,,,,,,D,F09,,
1033,1997,H00,,COATI,1,11,11,10,104,14,,,NE,J522450,6,,,K720293,302,,D,F04,,
1034,1997,H05,,BLUTI,1,10,10,7,104,14,,,NE,K287554,6,,,K720477,483,,D,D03,,
1042,1997,U03,,GRETI,1,6,6,5,104,14,,,NE,K463045,6,J522574,6,VV34077,4081,,E,F04,,
1103,1998,0L,,MARTI,1,6,2,2,104,14,,,NE,K720263,5,,,N645021,5022,,M,O05,,Nest sent to NNRC
1161,1999,11,,BLUTI,1,8,8,8,104,14,,,NE,K463181,6,,,N645115,122,,M,P01,,
1167,1999,24,,BLUTI,1,10,10,6,104,14,,,NE,,,,,N645129,130 3 4 5 7,2,M,K00,,
1192,1999,82,,BLUTI,1,6,6,6,104,14,,,NE,K720571,6,,,N645163,168,6,M,L06,,Nest to NNRC
1220,1999,D35,,BLUTI,1,10,10,10,104,14,,,NE,,,,,N645249,258,,D,E08,,
1305,2000,D19,,BLUTI,1,9,8,0,104,13,,,JP,,,,,,,,D,F09,,
1323,2001,21,,COATI,1,10,10,0,104,14,,,JD,,,,,,,,M,Q01,,no dead nestlings found but sexton beetles in empty nest
1386,2002,18,,GRETI,1,8,8,7,104,14,,,NE,,,,,VV92973,-979,,M,O01,,
1565,2004,50,,GRETI,1,9,8,8,104,13,,,NE,,,,,TC61017,-24,,M,L06,,
1689,2005,0G,,BLUTI,1,9,7,5,104,14,,,NE,R123966,6,,,R558713,-718 excl 715,,M,J01,,
1725,2005,A85,,BLUTI,1,10,8,0,104,14,,,JP,R502938,6,,,,,,D,L04,,
1916,2007,12,,MARTI,1,9,9,6,104,14,,,NE,R353617,6,,,V666501,-506,,M,O-1,,SB
1930,2007,60,,GRETI,1,8,8,8,104,14,,,NE,,,,,TC61363,-370,,M,P-2,,
1963,2007,A66,,GRETI,1,10,9,6,104,14,,,NE,,,,,TC61455,58-59 61-63,,M,N05,,Hanging
1971,2007,B11,,GRETI,1,10,7,0,104,14,,,JD,R558968,5,,,,,,D,F-1,,
1972,2007,B13,,BLUTI,1,9,9,0,104,14,,,JD,V475071,6,,,,,,D,C01,,
2068,2008,A63,,COATI,1,11,11,0,104,13,,,JP,T663178,6,,,,,,M,N06,,
2114,2009,7,,BLUTI,1,12,7,0,104,14,,,JP, V053959,6,,, V666919,-918,,M,R-2,,
2136,2009,A12,,BLUTI,1,13,0,0,104,14,,,JP, T663500,6,,,,,,M,Q01,,
2175,2009,C01,,BLUTI,1,11,10,10,104,14,,,NE,,,,, V666860,-869,,D,F05,,
2194,2009,U10,,GRETI,1,12,8,1,104,14,,,NE,,,,, TJ49839,,,E,H04,,
2205,2010,42,,GRETI,1,,0,0,104,14,,2,ED,,,,,,,,M,H01,,
2222,2010,A03,,BLUTI,1,10,10,10,104,14,,,NE,X649390,5,,,V666975,-984,,M,O01,,
2223,2010,A08,,GRETI,1,6,5,5,104,14,,,NE,,,,,TJ49658,-662,,M,P01,,
2297,2011,53,,GRETI,1,6,6,4,104,14,,,NE,,,,,TR47925,-930,,M,N-1,,
2307,2011,A12,,BLUTI,1,11,9,0,104,14,,,JD,X649773,5,,,,,,M,Q01,,
2319,2011,A55,,BLUTI,1,9,8,5,104,14,,,NE,,,,,L327686,87 89 91 92,,M,K08,,
2321,2011,A58,,GRETI,1,8,8,8,104,14,,,NE,,,,,TR47952,-959,,M,L07,,
2331,2011,A78,,NUTHA,1,8,8,5,104,14,,,NE,,,,,TR47774,-778,,M,P03,,
2369,2011,C35,,BLUTI,1,10,10,0,104,14,,,JP,,,,,L327676,-685,,D,D07,,all probably taken by GRSWO
2428,2012,A81,,BLUTI,1,10,8,0,104,13,,,JD,,,,,,,,M,Q03,,
2455,2012,C08,,MARTI,1,8,7,7,104,13,,,NE,,,,,L327553,-559,6,D,F07,,
2555,2014,A33,,BLUTI,1,8,7,7,104,14,,,NE, D309061,5,,, D808105,-111,,M,M02,,
2578,2014,B17,,BLUTI,1,10,0,0,104,14,,10,ED,,,,,,,,D,E00,,
2598,2014,C25,,GRETI,1,11,11,8,104,14,,,NE,,,,, TV35520,-22 24-27 29,,D,D08,,
,2021,E01,,BLUTI,1,6,6,5,104,14,,,NE,,,,,,,,,,,
,2021,E10,,BLUTI,1,7,5,5,104,14,,,NE,,,,,,,,,,,
,2021,F08,,BLUTI,1,8,7,0,104,14,,,JP,,,,,,,,,,,
,2021,F10,,BLUTI,1,7,7,5,104,14,,,NE,,,,,,,,,,,
,2021,H02,,BLUTI,1,11,9,8,104,14,,,NE,,,,,,,,,,,
,2021,K02,,BLUTI,1,13,11,1,104,14,,,NE,,,,,,,,,,,
,2022,E10,,BLUTI,1,8,8,8,104,14,,,NE,,,,,,,,,,,
,2022,N-1,,BLUTI,1,9,0,0,104,14,,,ED,,,,,,,,,,,
,2023,62,,BLUTI,1,11,10,0,104,14,,,JD,,,,,,,,,,,
,2023,B61,,GRETI,1,6,6,5,104,14,,,NE,,,,,,,,,,,
,2023,C08,,BLUTI,1,10,10,9,104,14,,,NE,,,,,,,,,,,
,2023,C16,,BLUTI,1,9,9,9,104,14,,,NE,,,,,,,,,,,
582,1990,79,,BLUTI,1,10,10,10,105,15,,,NE,,,,,F783036,3045,,M,L03,,
763,1995,14,,BLUTI,1,7,4,4,105,15,,,NE,J522618,5,,,K181763,766,,M,N-1,,
765,1995,21,,BLUTI,1,9,9,8,105,15,,,NE,,,J522462,6,K181746,747 749-754,,M,Q01,,
781,1995,53,,GRETI,1,8,6,5,105,15,,,NE,J033740,6,J522384,5,NC90336,340,,M,O-1,,
811,1995,D19,,BLUTI,1,8,8,8,105,15,,,NE,J522263,4,,,K181594,601,,D,D08,,
818,1995,D41,,BLUTI,1,12,11,11,105,15,,,NE,J522625,5,,,K181725,736,,D,C05,,
823,1995,D53,,BLUTI,1,10,10,10,105,15,,,NE,J522637,5,,,K181666,675,,D,C09,,
832,1995,D83,,BLUTI,1,7,7,6,105,15,,,NE,J522640,5,,,K181660,665,,D,D04,,
948,1997,11,,BLUTI,1,9,9,0,105,15,,,JP,K463181,6,,,,,,M,P01,,
972,1997,52,,GRETI,1,8,7,7,105,15,,,NE,,,,,VV34089,4095,,M,P04,,
1038,1997,N05,,BLUTI,1,9,0,0,105,15,,9,ED,J639094,6,,,,,,D,F06,,
1045,1997,U06,,GRETI,1,8,8,7,105,15,,,NE,K463936,5,,,VV34120,126,,E,D05,,
1162,1999,12,,GRETI,1,,0,0,105,15,,3,ED,,,,,,,,M,P00,,Nest to NNRC
1198,1999,94,,BLUTI,1,13,11,6,105,15,,,NE,K720640,5,,,N645188,193,,M,I03,,
1201,1999,0A,,BLUTI,1,8,8,4,105,15,,,NE,K720593,5,,,N645139,41 42 44,4,M,J00,,
1218,1999,D23,,MARTI,1,9,9,9,105,15,,,NE,,,,,N645240,248,,D,D06,,
1230,1999,D87,,BLUTI,1,8,8,8,105,15,,,NE,,,,,N645222,229,,D,C05,,
1246,2000,14,,BLUTI,1,9,9,6,105,14,,,NE,N645294,5,,,N459742,3 5 6 7 8 9,,M,N-1,,one dead ring lost and unknown
1269,2000,74,,BLUTI,1,9,8,5,105,14,,,NE,,,,,N459737,741,,M,P-1,,
1295,2000,C24,,BLUTI,1,11,7,7,105,14,,,NE,N645093,6,,,,,,D,C08,,UNRINGED
1407,2002,66,,GRETI,1,10,9,9,105,15,,,NE,,,,,VV92987,-995,,M,J00,,
1443,2002,U01,,GRETI,1,6,6,6,105,15,,,NE,,,,,VS50724,-729,,E,E07,,
1459,2003,47,,BLUTI,1,10,8,3,105,15,,,NE,R353092,5,,,R558041,-43,,M,J03,,
1574,2004,71,,GRETI,1,7,7,0,105,14,,,JD,,,,,,,,M,J03,,
1615,2004,B01,,GRETI,1,11,10,10,105,14,,,NE,,,,,TC61108,-117,,B,F-3,,
1664,2005,43,,BLUTI,1,8,6,6,105,15,,,NE,R502910,6,,,R558725,-730,,M,G03,,
1667,2005,48,,GRETI,1,9,9,8,105,15,,,NE,R353697,5,,,TC61301,-308,,M,I01,,
1909,2006,U08,,GRETI,1,7,7,0,105,15,,,JP,,,,,,,,E,F02,,
1940,2007,A14,,BLUTI,1,12,8,0,105,15,,,JD,,,,,,,,M,Q01,,Hanging
1949,2007,A31,,BLUTI,1,9,8,0,105,15,,,JD,R558987,5,,,,,,M,L01,,
1969,2007,A81,,GRETI,1,7,7,7,105,15,,,NE,,,,,TC61476,-482,,M,P03,,Hanging
2037,2008,50,,BLUTI,1,12,12,0,105,14,,,JP,T663158,6,,,,,,M,K02,,
2117,2009,12,,BLUTI,1,,0,0,105,15,,2,EP,,,,,,,,M,O-1,,
2119,2009,22,,GRETI,1,5,0,0,105,15,,5,ED, TC61418,6,,,,,,M,O-2,,
2128,2009,53,,GRETI,1,,0,0,105,15,,2,EP,,,,,,,,M,N-1,,
2147,2009,A47,,GRETI,1,,0,0,105,15,,2,EP,,,,,,,,M,L05,,
2150,2009,A52,,GRETI,1,,0,0,105,15,,2,EP,,,,,,,,M,L07,,
2195,2010,5,,GRETI,1,9,9,9,105,15,,,NE,X649183,5,,,TJ49663,-671,,M,S-2,,
2213,2010,55,,BLUTI,1,13,13,13,105,15,,,NE,V666806,6,,,L327501,-5070,,M,M-1,,
2238,2010,A53,,BLUTI,1,11,11,11,105,15,,,NE,,,,,L327519,-529,,M,K07,,
2295,2011,48,,GRETI,1,8,8,0,105,15,,,JD,,,,,,,,M,H01,,
2301,2011,62,,GRETI,1,8,7,5,105,15,,,NE,,,,,TR47741,-745,,M,J02,,
2313,2011,A29,,BLUTI,1,8,7,6,105,15,,,NE,X649801,5,,,L327805,-810,,M,M01,,
2371,2011,C41,,GRETI,1,11,9,9,105,15,,,NE,,,,,TR47807,-15,,D,E05,,
2456,2012,C12,,GRETI,1,7,5,1,105,14,,,NE,,,,,TR47558,,,D,F07,,
2547,2014,A02,,BLUTI,1,9,5,4,105,15,,,NE, D309172,5,,, D808123,-126,,M,O01,,
2550,2014,A12,,BLUTI,1,10,9,0,105,15,,,JD, L731795,6,,,,,,M,Q01,,
2589,2014,B64,,GRETI,1,8,8,0,105,15,,,JD,,,,,,,,D,D02,,
,2021,P01,,BLUTI,1,8,6,5,105,15,,,NE,,,,,,,,,,,
,2022,E-1,,BLUTI,1,10,10,10,105,15,,,NE,,,,,,,,,,,
,2022,F08,,BLUTI,1,10,0,0,105,15,,,EO,,,,,,,,,,,
,2022,F10,,BLUTI,1,8,8,8,105,15,,,NE,,,,,,,,,,,
,2022,I03,,BLUTI,1,9,0,0,105,15,,,XO,,,,,,,,,,,
,2022,K02,,BLUTI,1,8,0,0,105,15,,,EO,,,,,,,,,,,
,2022,P01,,BLUTI,1,8,5,5,105,15,,,NE,,,,,,,,,,,
,2022,F05,,GRETI,1,8,6,5,105,15,,,NE,,,,,,,,,,,
,2023,36,,BLUTI,1,10,8,8,105,15,,,NE,,,,,,,,,,,
,2023,45,,BLUTI,1,11,10,8,105,15,,,NE,,,,,,,,,,,
,2023,6,,GRETI,1,9,9,9,105,15,,,NE,,,,,,,,,,,
,2023,28,,BLUTI,1,10,10,9,105,15,,,NE,,,,,,,,,,,
,2023,A31,,BLUTI,1,8,7,7,105,15,,,NE,,,,,,,,,,,
,2023,A71,,BLUTI,1,9,9,8,105,15,,,NE,,,,,,,,,,,
28,1980,13,,BLUTI,1,11,11,11,106,15,,,NE,KJ20723,6,,,A213851,861,,M,Q-1,13.1,Female seen but not captured believed to be KJ20723
68,1981,25,,BLUTI,1,11,11,6,106,16,,,NE,A213827,6,,,A761132,137,,M,P00,,
481,1989,23,,BLUTI,1,7,0,0,106,16,,7,ED,,,,,,,,M,Q00,23.1,
762,1995,13,,BLUTI,1,9,8,0,106,16,,,JP,,,,,,,,M,P01,,
768,1995,28,,BLUTI,1,7,7,7,106,16,,,NE,J522457,5,,,K181919,925,,M,O-1,,
773,1995,40,,BLUTI,1,10,10,10,106,16,,,NE,F783474,6,,,K181767,776,,M,I01,,
954,1997,23,,BLUTI,1,11,,0,106,16,,,JP,K463630,5,,,,,,M,Q00,,
960,1997,35,,GRETI,1,8,8,5,106,16,,,NE,,,,,VV34102,&104-107,,M,O03,,
974,1997,57,,BLUTI,1,7,3,2,106,16,,,NE,K463989,5,,,K720441,442,,M,F01,,1 Runt egg  - eggs measured
975,1997,59,,BLUTI,1,8,0,0,106,16,,8,ED,,,,,,,17,M,N06,,
991,1997,98,,BLUTI,1,11,10,7,106,16,,,NE,K463574,5,,,K720486,492,3,M,O03,,
1006,1997,D07b,,BLUTI,1,10,10,9,106,16,,,NE,K287558,6,,,K720251,-58,,D,E07,,
1013,1997,D39a,,BLUTI,1,10,10,10,106,16,,,NE,K181799,6,,,K720362,371,,D,C04,,
1021,1997,D51,,BLUTI,1,10,10,10,106,16,,,NE,K463912,6,,,K720274,283,,D,C08,,
1048,1997,U09,,BLUTI,1,11,11,9,106,16,,,NE,J522275,6,,,K720494,502,,E,M02,,
1202,1999,0D,,COATI,1,9,0,0,106,16,,9,ED,N305865,4,,,,,1,M,I02,,Nest to NNRC
1204,1999,0P,,BLUTI,1,11,11,3,106,16,,,NE,J639165,6,,,N645194,196,,M,L00,,
1229,1999,D78,,BLUTI,1,8,4,0,106,16,,,JD,J522640,6,,,,,,D,C03,,
1342,2001,68,,COATI,1,11,11,7,106,16,,,NE,N459728,5,,,N645439,40 41 43 44 46 49,,M,H03,,
1381,2002,5,,GRETI,1,6,6,6,106,16,,,NE,,,,,VV92967,-972,,M,N01,,
1383,2002,10,,GRETI,1,8,0,0,106,16,,8,ED,,,,,,,,M,Q00,,
1395,2002,38,,GRETI,1,7,7,3,106,16,,,NE,,,,,VS50701,-707,,M,G01,,some fledged?
1402,2002,53,,GRETI,1,8,7,7,106,16,,,NE,,,,,VV92980,-986,,M,O-1,,
1413,2002,96,,BLUTI,1,10,9,0,106,16,,,JP,P400563,5,,,,,,M,O03,,weasel?
1440,2002,D88,,GRETI,1,9,7,7,106,16,,,NE,,,,,VS50730,-736,,D,D08,,
1477,2003,92,,MARTI,1,7,7,7,106,16,,,NE,R123964,5,,,R558034,-40,,M,M07,,
1548,2004,1,,COATI,1,8,8,8,106,15,,,NE,R123528,6,,,R558224,-231,,M,N01,,
1553,2004,15,,BLUTI,1,8,6,3,106,15,,,NE,R502913,5,,,R558329,-331,,M,I02,,
1585,2004,95,,GRETI,1,10,10,9,106,15,,,NE,,,,,TC61042,-50,,M,K03,,
1750,2005,C21,,GRETI,1,7,0,0,106,16,,7,ED,,,,,,,,D,D09,,
1806,2006,84,,BLUTI,1,10,9,9,106,16,,,NE,T663158,5,,,R558801,-809,,M,H04,,
1911,2007,3,,BLUTI,1,11,10,0,106,16,,,JP,V053959,5,,,,,,M,R00,,SB GRSWO predation
1912,2007,5,,GRETI,1,7,7,6,106,16,,,NE,,,,,TC61357,-362,,M,R-2,,Spiky front
1913,2007,7,,BLUTI,1,9,7,7,106,16,,,NE,R559000,5,,,V666538,-544,,M,R-2,,PS
1920,2007,34,,BLUTI,1,11,11,9,106,16,,,NE,T663158,6,,,V666513,-521,,M,I02,,
1924,2007,41,,GRETI,1,13,12,0,106,16,,,JD,,,,,,,,M,J03,,PS WET WEATHER
1934,2007,67,,BLUTI,1,9,0,0,106,16,,9,ED,,,,,,,,M,R-2,,
1936,2007,A02,,GRETI,1,9,6,2,106,16,,,NE,,,,,TC61483,& 485,,M,N01,,
1938,2007,A08,,GRETI,1,6,5,0,106,16,,,JE,R558500,5,,,,,,M,P01,,
1946,2007,A25,,BLUTI,1,12,6,4,106,16,,,NE,V475122,,,,V666624,-627,,M,N00,,
1953,2007,A46,,BLUTI,1,9,3,0,106,16,,,JD,,,,,,,,M,L04,,CP
1956,2007,A52,,GRETI,1,8,8,5,106,16,,,NE,,,,,BE34106,-109,,M,L06,,CP
2138,2009,A14,,GRETI,1,7,0,0,106,16,,7,EP,,,,,,,,M,Q00,,
2143,2009,A29,,BLUTI,1,13,11,10,106,16,,,NE, V666806,5,,, V666870,-878880,,M,M01,,
2151,2009,A53,,BLUTI,1,7,0,0,106,16,,7,EP,,,,,,,,M,K07,,
2168,2009,B37,,GRETI,1,8,8,8,106,16,,,NE,,,,, TJ49717,-724,,D,F01,,
2169,2009,B43,,GRETI,1,9,6,6,106,16,,,NE,,,,, TJ49725,-730,,D,E01,,
2177,2009,C17,,GRETI,1,7,7,7,106,16,,,NE, R353194,6,,, TJ49825,-831,,D,E09,,
2181,2009,C29,,GRETI,1,8,8,5,106,16,,,NE,,,,, TJ49811,12 15-17,,D,D08,,
2188,2009,U02,,GRETI,1,9,0,0,106,16,,9,EM,,,,,,,,E,K00,,
2245,2010,A78,,BLUTI,1,12,10,10,106,16,,,NE,,,,,V666985,-994,,M,P03,,
2333,2011,A81,,GRETI,1,8,5,4,106,16,,,NE,,,,,L327976,-979,,M,Q03,,
2373,2011,U04,,GRETI,1,7,7,6,106,16,,,NE,,,,,TR47986,87 &89-92,,E,H01,,
2397,2012,60,,GRETI,1,9,9,2,106,15,,,NE,,,,,TR47789,-790,,M,R-2,,
2536,2014,26,,BLUTI,1,7,3,0,106,16,,,JD,,,,,,,,M,J02,,
2564,2014,A66,,GRETI,1,5,4,4,106,16,,,NE,,,,, TV35705,-708,,M,N05,,
2570,2014,A77,,GRETI,1,8,0,0,106,16,,,XD,,,,,,,,M,P03,,
2575,2014,B12,,GRETI,1,7,7,0,106,16,,,JD,,,,,,,,D,F-1,,
2591,2014,B72,,GRETI,1,8,8,0,106,16,,,JD,,,,,,,,D,C02,,
2605,2014,DC6,,BLUTI,1,9,8,6,106,16,,,NE, L327575,6,,, D808079,-84,,D,P04,,
,2022,F00,,BLUTI,1,9,9,9,106,16,,,NE,,,,,,,,,,,
,2022,F06,,BLUTI,1,9,8,7,106,16,,,NE,,,,,,,,,,,
,2022,F09,,BLUTI,1,7,7,0,106,16,,,JO,,,,,,,,,,,
,2022,N01,,BLUTI,1,6,6,6,106,16,,,NE,,,,,,,,,,,
,2022,R-2,,GRETI,1,7,7,7,106,16,,,NE,,,,,,,,,,,
,2023,46,,GRETI,1,9,8,7,106,16,,,NE,,,,,,,,,,,
,2023,15,,GRETI,1,9,3,3,106,16,,,NE,,,,,,,,,,,
,2023,B34,,BLUTI,1,11,11,11,106,16,,,NE,,,,,,,,,,,
,2023,B05,,BLUTI,1,7,0,0,106,16,,,XP,,,,,,,,,,,
,2023,C13,,BLUTI,1,8,0,0,106,16,,,ED,,,,,,,,,,,
,2023,C18,,BLUTI,1,9,6,4,106,16,,,NE,,,,,,,,,,,
,2023,C29,,GRETI,1,7,7,7,106,16,,,NE,,,,,,,,,,,
,2023,A54,,BLUTI,1,8,0,0,106,16,,,EO,,,,,,,,,,,
39,1980,43,,BLUTI,1,12,12,12,107,16,,,NE,KR03231,6,,,A213951,962,,M,P02,,
53,1980,89,,BLUTI,1,15,14,14,107,16,,,NE,KR03440,6,,,A213963,976,,M,J01,,
62,1981,11,,BLUTI,1,11,7,7,107,17,,,NE,KR03581,6,,,A761088,1094,,M,K07,,
75,1981,41,,BLUTI,1,9,9,9,107,17,,,NE,KS25496,5,,,A761024,1032,,M,N02,,
76,1981,42,,BLUTI,1,10,10,10,107,17,,,NE,KS25497,5,,,A761014,1023,,M,K05,,
81,1981,46,,BLUTI,1,11,9,9,107,17,,,NE,A213895,5,,,A761176,184,,M,N07,,
543,1990,9,,BLUTI,1,12,12,12,107,17,,,NE,F783001,5,,,F783062,3073,,M,Q01,,
553,1990,28,,BLUTI,1,11,10,7,107,17,,,NE,F783002,5,,,F783018,3024,,M,O-1,,
562,1990,41,,BLUTI,1,9,5,5,107,17,,,NE,,,,,F783025,3029,,M,I04,,
588,1990,88,,BLUTI,1,9,7,4,107,17,,,NE,F485639,5,,,F783058,3061,,M,N03,,
675,1993,9,,MARTI,1,9,9,9,107,17,,,NE,H623795,5,,,J118012,8020,,M,Q01,,
706,1993,80,,BLUTI,1,8,8,7,107,17,,,NE,,,,,J118093,8099,,M,P04,,
710,1993,88,,COATI,1,9,9,9,107,17,,,NE,J033036,5,,,J118038,8046,,M,P05,,
783,1995,57,,BLUTI,1,12,3,3,107,17,,,NE,J522619,5,J639236,5,K287561,563,8,M,F01,,6small eggs 3 runt eggs sent to BM(NH) first eggs may be by another female
794,1995,82,,BLUTI,1,10,10,10,107,17,,,NE,J522817,5,,,K181781,790,,M,L06,,
819,1995,D45,,BLUTI,1,8,8,8,107,17,,,NE,,,,,K181717,724,,D,C06,,
842,1995,H-2,,BLUTI,1,12,12,7,107,17,,,NE,J522643,5,,,K181909,912 914-918,,D,F04,,
1020,1997,D49,,BLUTI,1,9,9,9,107,17,,,NE,K463558,5,,,K720284,292,,D,C08,,
1035,1997,H09,,BLUTI,1,9,9,0,107,17,,,JP,K463938,5,,,,,,D,C03,,All dead but '77?
1179,1999,52,,GRETI,1,6,0,0,107,17,,6,EP,,,,,,,3,M,P04,,Nest to NNRC
1210,1999,C13,,BLUTI,1,6,6,0,107,17,,,JD,,,,,,,,D,F09,,
1224,1999,D50,,BLUTI,1,8,8,8,107,17,,,NE,,,,,,,,D,C08,,Too large to ring
1226,1999,D58,,BLUTI,1,9,9,9,107,17,,,NE,K463991,6,,,N645358,366,,D,D08,,
1247,2000,15,,BLUTI,1,9,9,8,107,16,,,NE,N275449,5,,,N459752,759,,M,I02,,
1385,2002,14,,BLUTI,1,10,7,7,107,17,,,NE,,,,,R123699,-704,,M,N-1,,
1389,2002,27,,GRETI,1,9,8,0,107,17,,,JD,,,,,,,,M,L04,,weather?
1403,2002,60,,BLUTI,1,10,10,7,107,17,,,NE,N459951,5,,,R123758,-764,,M,G03,,
1423,2002,C23,,BLUTI,1,8,8,8,107,17,,,NE,R123502,5,,,R123663,-670,,D,C08,,
1424,2002,C26,,BLUTI,1,10,10,6,107,17,,,NE,R123503,5,,,R123752,-757,,D,C08,,
1434,2002,D26,,BLUTI,1,11,11,0,107,17,,,JD,K720595,,,,,,,D,F07,,weather
1481,2003,0F,,COATI,1,9,7,0,107,17,,,JP,,,,,R558017,to 019,,M,Q01,,
1555,2004,23,,BLUTI,1,8,3,3,107,16,,,NE,R123881,6,,,R558232,-234,,M,Q00,,
1564,2004,48,,GRETI,1,7,7,7,107,16,,,NE,,,,,TC61010,-16,,M,H01,,
1577,2004,79,,BLUTI,1,7,7,6,107,16,,,NE,R353259,5,,,R558342,-347,,M,L03,,
1592,2004,A04,,GRETI,1,9,0,0,107,16,,9,EP,,,,,,,,A,R-1,,
1610,2004,A71,,GRETI,1,10,10,3,107,16,,,NE,,,,,TC61035,& 038 041,,A,K06,,
1650,2004,C76,,GRETI,1,10,9,9,107,16,,,NE,,,,,TC61001,-9,,C,B05,,
1692,2005,A03,,COATI,1,9,8,0,107,17,,,JP,R353625,5,,,,,,D,R-1,,
1721,2005,A73,,BLUTI,1,9,8,6,107,17,,,NE,R502752,6,,,R558741,-746,,D,K08,,
1928,2007,55,,BLUTI,1,9,7,7,107,17,,,NE,V475088,5,,,V666545,-551,,M,M-1,,CP
1929,2007,59,,COATI,1,9,9,9,107,17,,,NE,R558448,5,,,V666522,-530,,M,J03,,
1931,2007,62,,BLUTI,1,7,7,7,107,17,,,NE,R558545,5,,,V666531,-537,,M,K01,,
2022,2008,12,,MARTI,1,7,5,0,107,16,,,JD,R353617,6,,,,,,M,O-1,,weather
2027,2008,24,,BLUTI,1,8,0,0,107,16,,,JP,V475466,,,,,,,M,J01,,
2056,2008,A26,,BLUTI,1,13,11,0,107,16,,,JD,,,,,,,,M,N00,,
2078,2008,A82,,GRETI,1,7,0,0,107,16,,7,EP,,,,,,,,D,Q03,,
2112,2009,5,,GRETI,1,6,0,0,107,17,,6,EP,,,,,,,,M,S-2,,
2122,2009,33,,GRETI,1,8,0,0,107,17,,8,EP,,,,,,,,M,P-2,,
2161,2009,A82,,BLUTI,1,10,9,9,107,17,,,NE, V475917,5,,, V666889,-897,,M,Q03,,
2207,2010,47,,BLUTI,1,10,0,0,107,17,,10,ED,,,,,,,,M,I01,,
2218,2010,66,,BLUTI,1,8,8,8,107,17,,,NE,V666925,5,,,V666955,-962,,M,J01,,
2221,2010,A02,,GRETI,1,4,2,2,107,17,,,NE,,,,,TJ49589,-590,,M,O01,,
2285,2011,12,,BLUTI,1,9,9,0,107,17,,,JP,L327520,5,,,L327539,-544,,M,O-1,,all probably taken by GRSWO
2289,2011,30,,GRETI,1,7,7,7,107,17,,,NE,,,,,TR47734,-740,,M,J02,,
2300,2011,57,,BLUTI,1,9,9,0,107,17,,,JD,X649832,5,,,,,,M,I01,,
2370,2011,C40,,BLUTI,1,9,6,4,107,17,,,OU,L327514,5,,,L327716,-18,,D,D05,,
2389,2012,32,,BLUTI,1,8,0,0,107,16,,8,EP,,,,,,,,M,J01,,
2403,2012,A08,,GRETI,1,5,0,0,107,16,,,EP,,,,,,,,M,P01,,
2426,2012,A77,,GRETI,1,8,6,5,107,16,,,NE,,,,,TR47871,-875,,M,P03,,
2571,2014,A82,,BLUTI,1,10,7,0,107,17,,,JD, D309161,5,,,,,,M,Q03,,
2629,2015,42,,MARTI,1,8,8,8,107,17,,,NE,,,,,D808085,-92,,M,H01,,
2645,2015,A31,,BLUTI,1,8,8,8,107,17,,,NE,D309061,6,,,D808228,-235,,M,M01,,
2660,2015,A78,,BLUTI,1,10,0,0,107,17,,10,ED,,,,,,,,M,P03,,
,2021,D03,,BLUTI,1,6,3,0,107,17,,,JD,,,,,,,,,,,
,2021,L00,,GRETI,1,6,5,0,107,17,,,JD,,,,,,,,,,,
,2022,J01,,BLUTI,1,8,8,8,107,17,,,NE,,,,,,,,,,,
,2022,K08,,BLUTI,1,8,8,8,107,17,,,NE,,,,,,,,,,,
,2022,M04,,BLUTI,1,9,8,8,107,17,,,NE,,,,,,,,,,,
,2022,E01,,GRETI,1,8,8,7,107,17,,,NE,,,,,,,,,,,
,2022,J03,,GRETI,1,10,10,10,107,17,,,NE,,,,,,,,,,,
,2022,O01,,GRETI,1,6,6,6,107,17,,,NE,,,,,,,,,,,
,2023,48,,BLUTI,1,11,11,11,107,17,,,NE,,,,,,,,,,,
,2023,A19,,GRETI,1,6,6,0,107,17,,,JD,,,,,,,,,,,
,2023,A46,,BLUTI,1,9,8,8,107,17,,,NE,,,,,,,,,,,
,2023,EAE,,BLUTI,1,10,10,10,107,17,,,NE,,,,,,,,,,,
36,1980,40,,BLUTI,1,12,11,11,108,17,,,NE,KR03519,4,,,A213862,872,,M,Q01,,
41,1980,45,,BLUTI,1,12,10,10,108,17,,,NE,KP25624,6,,,A213930,939,,M,L03,,
63,1981,13,,BLUTI,1,12,7,6,108,18,,,NE,A213046,6,,,A761051,1056,,M,Q-1,13.1,
74,1981,39,,BLUTI,1,12,12,12,108,18,,,NE,A213987,5,,,A761001,1012,,M,Q02,,
544,1990,10,,BLUTI,1,11,0,0,108,18,,11,ED,A018446,5,,,,,,M,Q00,,
587,1990,86,,BLUTI,1,7,6,6,108,18,,,NE,E893063,6,,,F783030,3035,,M,J03,,
689,1993,40,,BLUTI,1,9,9,9,108,18,,,NE,F783474,6,,,J118021,22 & 24-30,,M,I01,,
764,1995,15,,BLUTI,1,9,9,0,108,18,,,JP,J639048,5,,,,,,M,P-1,,GRSWO predation
775,1995,43,,BLUTI,1,9,8,5,108,18,,,NE,,,J522254,5,K181926,930,,M,F02,,
776,1995,47,,BLUTI,1,9,9,8,108,18,,,NE,J639165,5,,,K287506,513,,M,J03,,
800,1995,93,,GRETI,1,9,9,4,108,18,,,NE,J522287,5,J522278,5,NN18148,150 & VJ35050,,M,N05,,5
827,1995,D61,,BLUTI,1,11,11,11,108,18,,,NE,J033717,6,,,K181844,854,,D,D07,,
841,1995,H10,,BLUTI,1,10,10,4,108,18,,,NE,J522642,5,J033714,6,K181900,902 905 906,,D,C03,,
964,1997,42,,BLUTI,1,8,8,7,108,18,,,NE,K720039,5,,,K720434,440,,M,H01,,
966,1997,44,,BLUTI,1,10,10,8,108,18,,,NE,K463172,6,,,K720519,526,,M,F03,,
976,1997,61,,GRETI,1,,0,0,108,18,,3,ED,,,,,,,14,M,F01,,
979,1997,66,,BLUTI,1,10,0,0,108,18,,,EU,J522618,6,,,,,,M,J00,,Dormouse took over - the first!
981,1997,76,,GRETI,1,6,6,5,108,18,,,NE,K463031,6,NN18142,6,VV34096,4098 &4100,,M,J03,,
995,1997,0D,,GRETI,1,9,8,3,108,18,,,NE,,,K463244,6,VV34140,142,12,M,I02,,1 small egg
1014,1997,D40,,BLUTI,1,8,8,7,108,18,,,NE,K463580,5,,,K720355,361,,D,C04,,
1015,1997,D41,,BLUTI,1,8,7,0,108,18,,,JP,K463738,5,,,,,,D,C05,,
1197,1999,93,,GRETI,1,7,7,6,108,18,,,NE,,,,,VS51036,1041,6,M,N05,,
1217,1999,D18,,BLUTI,1,5,5,5,108,18,,,NE,,,,,N645259,263,,D,D08,,
1310,2000,D88,,BLUTI,1,7,2,0,108,17,,,JD,,,,,,,,D,D08,,
1326,2001,29,,BLUTI,1,9,9,9,108,18,,,NE,N275378,6,,,N645430,-438,,M,L05,,Adult P400037 dead in box after young had fledged
1396,2002,40,,BLUTI,1,8,8,0,108,18,,,JP,R123526,5,,,,,,M,P-1,,
1412,2002,89,,BLUTI,1,10,0,0,108,18,,10,ED,ABY305,5,,,,,,M,N05,,
1559,2004,31,,BLUTI,1,10,7,3,108,17,,,NE,P400668,6,,,R558297,-299,,M,L00,,
1562,2004,43,,BLUTI,1,8,3,3,108,17,,,NE,R502910,5,,,R558254,-256,,M,G02,,
1576,2004,75,,COATI,1,8,8,8,108,17,,,NE,R502742,5,,,R558258,-265,,M,K03,,
1583,2004,90,,GRETI,1,10,9,9,108,17,,,NE,R558190,5,,,TC61051,-59,,M,N05,,
1589,2004,0G,,BLUTI,1,10,10,10,108,17,,,NE,R558192,6,,,R558235,-244,,M,I01,,
1621,2004,B36,,GRETI,1,7,0,0,108,17,,,EO,,,,,,,,B,E04,,
1626,2004,B54,,GRETI,1,7,7,7,108,17,,,NE,,,,,TC61101,-107,,B,D00,,
1663,2005,40,,COATI,1,9,0,0,108,18,,9,EP,R558712,5,,,,,,M,P-1,,
1666,2005,47,,BLUTI,1,7,7,4,108,18,,,NE,R353672,5,,,R558731,32 35 & 38,,M,J03,,
1690,2005,0H,,MARTI,1,7,6,0,108,18,,,JD,P400877,6,,,,,,M,O-1,,
1706,2005,A30,,GRETI,1,8,0,0,108,18,,8,EP,,,,,,,,D,O01,,
1739,2005,B54,,GRETI,1,7,5,0,108,18,,,JP,,,,,,,,D,D00,,
1883,2006,C24,,COATI,1,10,10,10,108,18,,,NE,,,,,R558810,-819,,D,D09,,
1897,2006,C78,,COATI,1,12,10,10,108,18,,,NE,,,,,R558836,-845,,D,C05,,
1933,2007,66,,BLUTI,1,9,6,3,108,18,,,NE,R558329,6,,,V666559,-561,,M,H01,,PS
1944,2007,A22,,GRETI,1,8,8,8,108,18,,,NE,,,,,TC61493,-500,,M,O00,,
1958,2007,A55,,BLUTI,1,8,8,6,108,18,,,NE,,,,,V666614,-618,,M,L08,,hanging
1986,2007,B55,,BLUTI,1,11,11,0,108,18,,11,JD,R558975,5,,,,,,D,D02,,
1989,2007,B64,,BLUTI,1,9,9,5,108,18,,,NE,,,,,V666711,-715,,D,E02,,
2118,2009,15,,GRETI,1,10,10,8,108,18,,,NE, V053991,6,,, TJ49521,-527,,M,J03,,
2123,2009,38,,GRETI,1,7,7,5,108,18,,,NE,,,,, TJ49515,-519,,M,H02,,
2125,2009,48,,GRETI,1,10,9,6,108,18,,,NE,,,,, TJ49528,- 31 33-34,,M,H01,,
2180,2009,C25,,BLUTI,1,10,10,10,108,18,,,NE, V475896,5,,, V666842,-851,,D,D08,,
2182,2009,C31,,BLUTI,1,7,7,0,108,18,,,JD, V475942,5,,,,,,D,D07,,
2257,2010,B46,,GRETI,1,7,6,5,108,18,,,NE,,,,,TJ49772,-776,,D,E01,,
2267,2010,C15,,GRETI,1,10,10,10,108,18,,,NE,,,,,TJ49564,-573,,D,E09,,
2290,2011,31,,BLUTI,1,10,9,1,108,18,,,NE,,,,,L327735,,,M,M-1,,
2306,2011,A08,,GRETI,1,6,5,0,108,18,,,JO,X649982,5,,,,,,M,P01,,
2308,2011,A14,,GRETI,1,9,8,0,108,18,,,JD,,,,,,,,M,Q00,,
2310,2011,A18,,GRETI,1,8,7,6,108,18,,,NE,,,,,TR47980,-985,,M,P00,,
2318,2011,A53,,GRETI,1,9,8,0,108,18,,,JD,,,,,,,,M,K07,,
2351,2011,B55,,GRETI,1,9,8,4,108,18,,,NE,,,,,TR47624,&25 27 29,,D,D02,,
2353,2011,B68,,GRETI,1,9,8,7,108,18,,,NE,,,,,TR47630,-636,,D,C02,,
2366,2011,C19,,BLUTI,1,9,7,0,108,18,,,JD,,,,,,,,D,D09,,
2385,2012,26,,GRETI,1,7,7,4,108,17,,,NE,,,,,TR47723,&798-800,,M,J02,,
2413,2012,A54,,GRETI,1,8,6,0,108,17,,,JO,,,,,,,,M,K08,,
2418,2012,A66,,GRETI,1,6,6,6,108,17,,,NE,,,,,TR47865,-870,,M,N05,,
2450,2012,B68,,GRETI,1,9,8,4,108,17,,,NE,,,,,TR47661,-664,,D,C02,,
2554,2014,A22,,GRETI,1,7,1,0,108,18,,,JD,,,,,,,,M,N01,,
2558,2014,A53,,GRETI,1,9,9,7,108,18,,,NE,,,,, TV35718,20-21 23-26,,M,K07,,
2568,2014,A71,,GRETI,1,7,6,0,108,18,,,JD,,,,,,,,M,N03,,
2588,2014,B61,,GRETI,1,4,2,2,108,18,,,NE,,,,, TT49143,-144,,D,D02,,
2609,2014,DFE,,BLUTI,1,,0,0,108,18,,2,ED,,,,,,,,D,H02,,
2614,2014,H04,,GRETI,1,7,7,0,108,18,,,JD,,,,,,,,H,F10,,
,2021,K08,,BLUTI,1,11,8,8,108,18,,,NE,,,,,,,,,,,
,2021,J01,,GRETI,1,6,5,0,108,18,,,JD,,,,,,,,,,,
,2022,C00,,BLUTI,1,9,8,8,108,18,,,NE,,,,,,,,,,,
,2022,C03,,BLUTI,1,10,9,9,108,18,,,NE,,,,,,,,,,,
,2022,D02,,BLUTI,1,9,9,9,108,18,,,NE,,,,,,,,,,,
,2022,D10,,BLUTI,1,7,4,0,108,18,,,JD,,,,,,,,,,,
,2022,E05,,BLUTI,1,7,6,6,108,18,,,NE,,,,,,,,,,,
,2022,E06,,BLUTI,1,10,9,9,108,18,,,NE,,,,,,,,,,,
,2022,H01,,BLUTI,1,7,7,6,108,18,,,NE,,,,,,,,,,,
,2022,H02,,BLUTI,1,9,8,8,108,18,,,NE,,,,,,,,,,,
,2022,I01,,BLUTI,1,10,10,9,108,18,,,NE,,,,,,,,,,,
,2022,K02,,BLUTI,1,9,8,8,108,18,,,NE,,,,,,,,,,,
,2022,L01,,BLUTI,1,10,6,0,108,18,,,JD,,,,,,,,,,,
,2022,M01,,BLUTI,1,8,7,7,108,18,,,NE,,,,,,,,,,,
,2022,O03,,BLUTI,1,8,6,6,108,18,,,NE,,,,,,,,,,,
,2022,C01,,GRETI,1,9,9,9,108,18,,,NE,,,,,,,,,,,
,2022,H03,,GRETI,1,9,6,4,108,18,,,NE,,,,,,,,,,,
,2022,P03,,GRETI,1,8,7,7,108,18,,,NE,,,,,,,,,,,
,2022,R-2,,GRETI,1,7,7,4,108,18,,,NE,,,,,,,,,,,
,2023,32,,GRETI,1,8,0,0,108,18,,,XP,,,,,,,,,,,
,2023,A56,,BLUTI,1,8,0,0,108,18,,,EO,,,,,,,,,,,
38,1980,42,,BLUTI,1,13,2,2,109,18,,,NE,KP25825,6,,,A213898,899,,M,K05,,
49,1980,60,,BLUTI,1,13,10,6,109,18,,,NE,KR03457,6,,,A213901,906,,M,K07,,
56,1980,94,,BLUTI,1,14,14,14,109,18,,,NE,A213666,5,,,A213977,990,,M,G01,,
69,1981,29,,BLUTI,1,11,11,9,109,19,,,NE,A436086,4,,,A761057,1065,,M,N-1,,
77,1981,43,,BLUTI,1,,0,0,109,19,,,ED,KR03231,4,,,,,,M,P02,43.1,Hen died in egg laying
104,1981,88,,BLUTI,1,10,6,6,109,19,,,NE,KS25459,4,,,A761095,100,,M,Q00,,
359,1987,13,,MARTI,1,9,8,8,109,19,,,NE,C570264,6,,,E343001,3008,,M,P01,,
688,1993,37,,BLUTI,1,11,11,0,109,19,,,JP,J033002,5,,,,,,M,L00,,
715,1993,98,,BLUTI,1,8,6,4,109,19,,,NE,E893728,6,,,H324936,942-944,,M,Q03,,
733,1994,42,,COATI,1,11,9,9,109,19,,,NE,J522030,5,,,J639025,9033,,M,H01,,
750,1994,86,,BLUTI,1,11,11,4,109,19,,,NE,J118093,5,,,J639042,43 46-50,,M,J03,,
754,1994,94,,COATI,1,11,7,0,109,19,,,JD,J522003,5,,,,,,M,O05,,
784,1995,59,,BLUTI,1,3,3,3,109,19,,,NE,J522418,5,,,K181529,531,,M,N06,,
791,1995,76,,GRETI,1,8,8,7,109,19,,,NE,J033678,6,J033800,6,NC90327,333,,M,J03,,
815,1995,D38,,BLUTI,1,9,9,9,109,19,,,NE,J639066,5,,,K181819,827,,D,E10,,Very large eggs
816,1995,D39a,,MARTI,1,9,8,8,109,19,,,NE,J522347,5,,,K181880,887,,D,D05,,
837,1995,D90,,BLUTI,1,11,11,0,109,19,,,JD,J522251,5,,,,,,D,C06,,
956,1997,29,,BLUTI,1,4,0,0,109,19,,4,ED,K463586,5,,,,,,M,L05,,
965,1997,43,,BLUTI,1,8,5,0,109,19,,,JP,K463960,5,,,,,,M,F02,,
985,1997,83,,BLUTI,1,,0,0,109,19,,6,ED,,,,,,,,M,L06,,
1017,1997,D45,,BLUTI,1,7,7,7,109,19,,,NE,J639079,6,,,K720348,354,,D,C06,,
1024,1997,D58,,BLUTI,1,8,8,8,109,19,,,NE,K463937,5,,,K720266,273,,D,D08,,
1030,1997,D83,,BLUTI,1,7,6,0,109,19,,,JP,J522640,6,,,,,,D,D04,,
1053,1998,5,,GRETI,1,6,0,0,109,19,,6,EP,,,,,,,,M,N01,,
1071,1998,37,,BLUTI,1,8,6,5,109,19,,,NE,,,,,N645044,5048,6,M,K00,,1pointed egg - point broke egg failed to hatch
1092,1998,85,,GRETI,1,,0,0,109,19,,1,ED,,,,,,,19,M,O05,,
1153,1998,U04,,GRETI,1,7,7,0,109,19,,,JD,,,,,,,,E,E03,,
1213,1999,D07,,GRETI,1,6,6,6,109,19,,,NE,,,,,VS51054,59,,D,E07,,
1241,1999,U05,,GRETI,1,5,3,3,109,19,,,NE,,,,,VS51051,53,,E,D06,,
1384,2002,12,,GRETI,1,9,8,0,109,19,,,JD,,,,,,,,M,P00,,wet weather
1390,2002,32,,BLUTI,1,10,10,9,109,19,,,NE,P400700,5,,,R123765,-773,,M,P00,,
1401,2002,52,,GRETI,1,7,7,7,109,19,,,NE,,,,,VS50711,-717,,M,P04,,
1404,2002,61,,GRETI,1,8,8,8,109,19,,,NE,,,,,VS50737,-744,,M,G02,,
1408,2002,71,,GRETI,1,6,0,0,109,19,,6,EP,,,,,,,,M,J03,,wood mouse?
1435,2002,D28,,BLUTI,1,9,7,7,109,19,,,NE,P400565,5,,,R123723,-729,,D,F06,,
1467,2003,60,,BLUTI,1,10,9,6,109,19,,,NE,N459951,6,,,R558054,56 57 58 60 61,,M,H02,,
1502,2003,A65,,BLUTI,1,7,2,0,109,19,,,JP,,,,,,,,D,M05,,
1504,2003,A74,,BLUTI,1,10,0,0,109,19,,,EP,R558001,5,,,,,,D,K08,,
1514,2003,B37,,BLUTI,1,9,0,0,109,19,,9,EP,,,,,,,,D,D00,,
1569,2004,60,,BLUTI,1,9,9,9,109,18,,,NE,N459951,6,,,R558245,-253,,M,H02,,
1611,2004,A74,,BLUTI,1,10,10,9,109,18,,,NE,R502752,5,,,R558349,-357,,A,K08,,
1620,2004,B16,,GRETI,1,4,4,4,109,18,,,NE,,,,,TC61118,-121,,B,F00,,
1645,2004,C56,,COATI,1,8,8,5,109,18,,,NE,R502696,5,,,R558289,-295,,C,D07,,
1673,2005,57,,BLUTI,1,7,6,3,109,19,,,NE,R353725,5,R558268,5,R558719,721 & 722,,M,H03,,
1772,2005,U04,,GRETI,1,6,6,0,109,19,,,JP,,,,,,,,E,H02,,
1773,2005,U05,,GRETI,1,7,7,7,109,19,,,NE,,,,,TC61317,-323,,E,I03,,
1774,2005,U06,,GRETI,1,9,8,8,109,19,,,NE,,,,,TC61309,-316,,E,K02,,
1792,2006,40,,GRETI,1,4,0,0,109,19,,4,EP,,,,,,,,M,P-1,,
1844,2006,A58,,COATI,1,8,0,0,109,19,,8,EP,,,,,,,,D,O04,,
1966,2007,A72,,GRETI,1,6,6,6,109,19,,,NE,,,,,TC61470,-475,,M,N03,,check gps
1976,2007,B19,,BLUTI,1,11,10,0,109,19,,,JD,V666701,5,,,,,,D,F-3,,
1979,2007,B27,,BLUTI,1,9,5,0,109,19,,,JD,V475056,5,,,V666718,,,D,D02,,
2163,2009,B06,,GRETI,1,9,9,9,109,19,,,NE,,,,,,,,D,E-4,,
2165,2009,B12,,GRETI,1,11,0,0,109,19,,11,EP,,,,,,,,D,F-1,,
2176,2009,C03,,GRETI,1,8,7,7,109,19,,,NE,,,,, TJ49818,-824,,D,F05,,
2183,2009,C33,,BLUTI,1,10,0,0,109,19,,10,ED,,,,,,,,D,D07,,Bumble bee
2185,2009,C37,,BLUTI,1,12,11,0,109,19,,,JD, V475499,6,,,,,,D,E05,,
2211,2010,53,,GRETI,1,9,8,8,109,19,,,NE,,,,,TJ49556,-563,,M,N-1,,
2232,2010,A33,,GRETI,1,7,7,7,109,19,,,NE,,,,,TJ49582,-588,,M,M02,,
2244,2010,A77,,GRETI,1,7,7,7,109,19,,,NE,,,,,TJ49591,-597,,M,P03,,
2252,2010,B18,,BLUTI,1,11,11,0,109,19,,,JE,,,,,,,,D,E01,,
2256,2010,B39,,GRETI,1,5,5,5,109,19,,,NE,R558567,6,,,TJ49756,-759,,D,E02,,
2263,2010,B68,,GRETI,1,8,8,8,109,19,,,NE,,,,,TJ49764,-771,,D,C02,,fledged earlier than expected
2280,2010,U11,,GRETI,1,9,8,8,109,19,,,NE,,,,,TJ49574,-581,,E,F06,,
2286,2011,18,,BLUTI,1,9,7,0,109,19,,,JD,X497820,5,,,,,,M,L00,,another female nested after this one died
2309,2011,A16,,BLUTI,1,9,8,0,109,19,,,JP,V666759,6,,,L327980,-985,,M,Q00,,all probably taken by GRSWO
2311,2011,A22,,GRETI,1,8,7,7,109,19,,,NE,,,,,TR47752,-758,,M,N01,,
2312,2011,A28,,GRETI,1,8,8,8,109,19,,,NE,,,,,TR47759,-766,,M,M01,,
2314,2011,A33,,GRETI,1,6,6,4,109,19,,,NE,,,,,TR47769,-772,,M,M02,,
2315,2011,A43,,GRETI,1,7,6,6,109,19,,,NE,,,,,TR47993,-998,,M,M04,,
2328,2011,A71,,GRETI,1,7,6,1,109,19,,,NE,X649646,5,,,TR47773,,,M,N03,,
2346,2011,B33,,GRETI,1,8,7,6,109,19,,,NE,,,,,TR47611,-616,,D,F03,,
2367,2011,C23,,GRETI,1,8,7,3,109,19,,,NE,,,,,TR47817,&819-822,,D,D09,,
2376,2011,U11,,GRETI,1,11,1,0,109,19,,,JO,,,,,,,,E,F06,,
2395,2012,48,,GRETI,1,7,7,6,109,18,,,NE,,,,,TR47791,-796,,M,H01,,
2396,2012,57,,BLUTI,1,,0,0,109,18,,2,EP,,,,,,,,M,I01,,
2444,2012,B43,,GRETI,1,7,3,3,109,18,,,NE,,,,,TR47665,-667,,D,F01,,
2448,2012,B64,,GRETI,1,9,8,8,109,18,,,NE,,,,,TR47647,-654,,D,D02,,
2454,2012,C05,,GRETI,1,4,0,0,109,18,,4,EP,,,,,,,,D,F05,,
2531,2014,15,,GRETI,1,6,6,6,109,19,,,NE,,,,, TV35540,-545,,M,J03,,
2540,2014,42,,BLUTI,1,9,9,0,109,19,,,JP, D309336,5,,,,,,M,H01,,
2581,2014,B27,,BLUTI,1,7,6,0,109,19,,,JD,,,,,,,,D,D02,,
2597,2014,C23,,GRETI,1,11,10,8,109,19,,,NE,,,,, TV35909,-916,,D,D09,,
2624,2015,28,,BLUTI,1,9,7,7,109,19,,,NE,D309598,5,,,D808422,-428,,M,I03,,
2646,2015,A33,,BLUTI,1,10,9,9,109,19,,,NE,D309580,5,,,D808236,-245 not 38,,M,M02,,
,2021,E08,,BLUTI,1,7,5,0,109,19,,,JD,,,,,,,,,,,
,2021,F09,,BLUTI,1,7,7,6,109,19,,,NE,,,,,,,,,,,
,2021,M01,,BLUTI,1,7,6,4,109,19,,,NE,,,,,,,,,,,
,2021,D02,,GRETI,1,5,5,4,109,19,,,NE,,,,,,,,,,,
,2021,F08,,GRETI,1,5,4,0,109,19,,,JP,,,,,,,,,,,
,2022,F03,,BLUTI,1,8,7,7,109,19,,,NE,,,,,,,,,,,
,2022,L05,,BLUTI,1,8,8,8,109,19,,,NE,,,,,,,,,,,
,2022,N05,,BLUTI,1,10,8,3,109,19,,,NE,,,,,,,,,,,
,2022,D02,,GRETI,1,8,8,8,109,19,,,NE,,,,,,,,,,,
,2022,D02,,GRETI,1,4,4,4,109,19,,,NE,,,,,,,,,,,
,2022,E09,,GRETI,1,6,6,6,109,19,,,NE,,,,,,,,,,,
,2022,F-2,,GRETI,1,3,0,0,109,19,,,ED,,,,,,,,,,,
,2022,J01,,GRETI,1,8,8,8,109,19,,,NE,,,,,,,,,,,
,2022,N-1,,GRETI,1,9,9,5,109,19,,,NE,,,,,,,,,,,
,2022,N01,,GRETI,1,1,0,0,109,19,,,EU,,,,,,,,,,,
,2023,B56,,GRETI,1,8,8,8,109,19,,,NE,,,,,,,,,,,
58,1980,F1,,BLUTI,1,12,10,9,110,19,,,NE,A213119,5,,,A213524,533,,F,FARM,,
79,1981,44,,BLUTI,1,13,13,11,110,20,,,NE,KR03457,4,,,A761112,122,,M,K03,,
94,1981,61,,BLUTI,1,13,11,10,110,20,,,NE,A213983,5,,,A761077,1087 (not 86),,M,L07,,
107,1982,10,,BLUTI,1,13,13,11,110,20,,,NE,A213987,6,,,A761639,650,,M,O02,,2 foster birds added 507&8 but  (507 died)
110,1982,13,,BLUTI,1,11,11,11,110,20,,,NE,A761751,6,,,A761517,527,,M,Q-1,,
134,1982,83,,BLUTI,1,12,12,12,110,20,,,NE,A761753,5,,,A761528,539,,M,O02,,
248,1985,13,,BLUTI,1,9,1,0,110,20,,,JD,,,,,,,,M,P01,,badly built nest & weak young at hatching
357,1987,10,,BLUTI,1,12,12,11,110,20,,,NE,HX19731,5,,,E343061,3071,,M,Q00,,
358,1987,11,,BLUTI,1,11,11,11,110,20,,,NE,B774853,6,,,E343040,3050,,M,P01,,
373,1987,41,,BLUTI,1,11,11,11,110,20,,,NE,C556739,6,,,E343009,3019,,M,J03,,
382,1987,56,,BLUTI,1,11,9,9,110,20,,,NE,B600420,6,,,E343031,3039,,M,L07,,
512,1989,59,,BLUTI,1,10,9,9,110,20,,,NE,HX19911,6,,,F485621,629,,M,N06,,
541,1990,5,,BLUTI,1,9,0,0,110,20,,9,ED,C824575,6,,,,,,M,N01,5.1,Nest abandoned & taken over by another BLUTI Some eggs hatched in 5.2
589,1990,89,,BLUTI,1,11,11,11,110,20,,,NE,F783008,5,,,F783154,164,,M,N04,,
591,1990,92,,BLUTI,1,10,9,7,110,20,,,NE,F783003,5,,,F783131,137,,M,M07,,
627,1991,80,,BLUTI,1,7,5,5,110,20,,,NE,F485604,6,,,F783231,235,6,M,O03,,
683,1993,28,,BLUTI,1,9,4,0,110,20,,,JD,F783471,6,,,,,,M,O-1,,
705,1993,79,,BLUTI,1,10,10,10,110,20,,,NE,J033118,5,,,J118074,8083,,M,L03,,
734,1994,49,,BLUTI,1,11,9,1,110,20,,,NE,J118296,6,,,J639056,,,M,L03,,
751,1994,89,,BLUTI,1,10,10,10,110,20,,,NE,,,,,J639070,9079,,M,N05,,
782,1995,55,,GRETI,1,,0,0,110,20,,2,EP,,,H229329,6,,,,M,M-1,,
789,1995,68,,BLUTI,1,11,11,11,110,20,,,NE,J522620,5,,,K181931,941,,M,F04,,
796,1995,88,,BLUTI,1,5,3,3,110,20,,,NE,J522458,5,,,K181791,793,,M,P05,,
814,1995,D33B,,BLUTI,1,11,11,11,110,20,,,NE,J898840,5,,,K181962,972,,D,E07,,
834,1995,D87,,BLUTI,1,8,8,7,110,20,,,NE,J522639,5,,,K181855,861,,D,C05,,
836,1995,D89,,BLUTI,1,13,13,10,110,20,,,NE,J522624,5,,,K287514,516 7 519-523 25 26,,D,C06,,
847,1995,U02,,GRETI,1,7,7,7,110,20,,,NE,J522282,5,J522410,5,NN18141,147,,E,L06,,
986,1997,86,,BLUTI,1,8,8,5,110,20,,,NE,K463194,6,,,K720400,&1 3 5 6,2,M,J03,,
1023,1997,D54a,,BLUTI,1,9,9,5,110,20,,,NE,K463946,5,,,K720332,33 35 36 39,,D,C09,,
1026,1997,D66,,BLUTI,1,10,10,0,110,20,,,JD,K720098,5,,,,,,D,D06,,
1165,1999,18,,GRETI,1,6,5,5,110,20,,,NE,,,,,VS51049,50 & 60-62,,M,O01,,
1255,2000,33,,GRETI,1,7,0,0,110,19,,7,EP,,,,,,,,M,L03,,
1279,2000,98,,BLUTI,1,13,12,4,110,19,,,NE,N645003,6,,,N459810,11 15 17,,M,O03,,
1284,2000,0N,,BLUTI,1,11,0,0,110,19,,11,EP,N275460,5,,,,,,M,K03,,
1398,2002,48,,GRETI,1,9,9,0,110,20,,,JP,,,,,,,,M,H01,,wood mouse?
1513,2003,B31,,BLUTI,1,9,9,9,110,20,,,NE,R502545,6,,,R558098,-106,,D,E04,,
1516,2003,B49,,BLUTI,1,7,7,0,110,20,,,JP,,,,,,,,D,D00,,
1539,2003,C62,,BLUTI,1,8,8,0,110,20,,,JP,P400648,6,,,,,,D,B08,,
1558,2004,29,,BLUTI,1,8,7,5,110,19,,,NE,R353227,5,,,R558628,-632,,M,L05,,
1566,2004,52,,GRETI,1,8,3,0,110,19,,,JP,,,,,,,,M,P04,,
1584,2004,92,,BLUTI,1,8,7,7,110,19,,,NE,,,,,R558266,-272,,M,M07,,
1588,2004,0C,,BLUTI,1,9,9,8,110,19,,,NE,,,,,R558613,-621 not 615,,M,H01,,
1616,2004,B04,,GRETI,1,10,8,8,110,19,,,NE,,,,,TC61128,-135,,B,F-3,,
1657,2005,23,,BLUTI,1,9,0,0,110,20,,9,EP,,,,,,,,M,P00,,
1703,2005,A23,,GRETI,1,5,0,0,110,20,,5,EP,,,,,,,,D,O04,,
1786,2006,26,,COATI,1,7,0,0,110,20,,7,EP,,,,,,,,M,I03,,
1847,2006,A72,,GRETI,1,8,8,3,110,20,,,NE,,,,,TC61402,404-405,,D,K07,,
1852,2006,A84,,GRETI,1,11,0,0,110,20,,11,EP,R353697,6,,,,,,D,M02,,adult killed
1900,2006,EAD,,MARTI,1,8,8,8,110,20,,,NE,R353618,6,,,R558821,-828,,E,Q03,,
1907,2006,U05,,GRETI,1,6,0,0,110,20,,6,EP,,,,,,,,E,I03,,
1922,2007,37,,BLUTI,1,9,7,6,110,20,,,NE,V053956,5,,,V666553,-558,,M,K00,,
1923,2007,38,,BLUTI,1,9,8,3,110,20,,,NE,V666602,5,,,V666562,564 566,,M,H02,, PSWET WEATHER
1927,2007,54,,GRETI,1,5,0,0,110,20,,5,EP,,,,,,,,M,K00,,PS
1964,2007,A68,,GRETI,1,9,7,5,110,20,,,NE,,,,,BE34136,-38 40-41,,M,N04,,
1967,2007,A76,,BLUTI,1,8,7,7,110,20,,,NE,,,,,V666633,-639,,M,O04,,CP
1978,2007,B24,,BLUTI,1,9,9,2,110,20,,,NE,,,,,V666721,& 724,,D,D01,,
1991,2007,B68,,GRETI,1,9,5,5,110,20,,,NE,T663175,6,,,TC61262,-266,,D,C02,,
2004,2007,C23,,GRETI,1,6,2,1,110,20,,,NE,,,,,BE34073,,,D,D09,,
2008,2007,C31,,BLUTI,1,12,0,0,110,20,,12,EP,T663280,6,,,,,,D,D07,,
2074,2008,A71,,GRETI,1,5,0,0,110,19,,5,EP,,,,,,,,M,N03,,
2133,2009,A05,,GRETI,1,3,0,0,110,20,,3,EP,,,,,,,,M,P01,,
2156,2009,A68,,GRETI,1,7,7,5,110,20,,,NE, V367590,5,,, TJ49840,-844,,M,N04,,
2192,2009,U08,,GRETI,1,7,7,7,110,20,,,NE,,,,, TJ49832,-838,,E,F03,,
2193,2009,U09,,GRETI,1,10,8,5,110,20,,,NE,,,,, TJ49850,-854,,E,D04,,
2206,2010,43,,GRETI,1,5,4,4,110,20,,,NE,,,,,TR47719,-722,24,M,P-2,,
2234,2010,A45,,GRETI,1,9,7,7,110,20,,,NE,,,,,TJ49694,-700,,M,L05,,
2237,2010,A52,,GRETI,1,9,9,9,110,20,,,NE,,,,,TJ49924,-932,,M,L07,,
2324,2011,A65,,BLUTI,1,9,8,5,110,20,,,NE,V475391,6,,,L327811,-81516,,M,N06,,
2326,2011,A69,,BLUTI,1,9,8,6,110,20,,,NE,X649460,6,,,L327817,-821823,,M,N04,,
2329,2011,A74,,GRETI,1,7,0,0,110,20,,7,EO,,,,,,,,M,O03,,
2349,2011,B43,,GRETI,1,6,4,0,110,20,,,JD,,,,,,,,D,F01,,
2350,2011,B46,,GRETI,1,7,6,0,110,20,,,JD,X649930,5,,,,,,D,E01,,
2359,2011,C05,,GRETI,1,8,8,6,110,20,,,NE,,,,,TR47830,-837,,D,F05,,
2363,2011,C13,,BLUTI,1,10,9,3,110,20,,,NE,L327702,5,,,L327726,29 & 34,,D,E09,,
2530,2014,9,,GRETI,1,7,5,4,110,20,,,NE,,,,, TV35536,-539,,M,Q-2,,
2553,2014,A20,,GRETI,1,5,4,4,110,20,,,NE,,,,, TV35701,-704,,M,N01,,
2560,2014,A58,,GRETI,1,4,0,0,110,20,,,XD,,,,,,,,M,L07,,
2565,2014,A68,,BLUTI,1,9,8,8,110,20,,,NE, V666683,6,,, D808134,-141,,M,N04,,
2569,2014,A72,,BLUTI,1,9,8,6,110,20,,,NE, D309116,5,,, D808142,-145 148-49,,M,O03,,
2608,2014,DEB,,BLUTI,1,9,9,6,110,20,,,NE, D309326,5,,, D808071,73-74 76-78,,D,M00,,
2610,2014,DFN,,BLUTI,1,9,8,5,110,20,,,NE,,,,, D808211,14-16 18,,D,J03,,
2625,2015,31,,BLUTI,1,8,7,0,110,20,,,JP,L327969,5,,,,,,M,M-1,,
2635,2015,57,,BLUTI,1,9,7,7,110,20,,,NE,L327824,6,,,D808415,-421,,M,I01,,
2639,2015,A03,,GRETI,1,8,8,0,110,20,,,JP,,,,,,,,M,O01,,
2640,2015,A14,,GRETI,1,9,9,0,110,20,,,JE,,,,,,,,M,Q00,,
2648,2015,A47,,GRETI,1,6,6,2,110,20,,,NE,,,,,TV35761,& 765,,M,L05,,
2675,2015,B55,,GRETI,1,5,2,2,110,20,,,NE,,,,,TV35601,-602,,D,D02,,
,2021,C02,,BLUTI,1,8,7,0,110,20,,,JD,,,,,,,,,,,
,2021,L05,,BLUTI,1,8,8,8,110,20,,,NE,,,,,,,,,,,
,2022,C01,,BLUTI,1,9,9,8,110,20,,,NE,,,,,,,,,,,
,2022,C02,,BLUTI,1,10,9,5,110,20,,,NE,,,,,,,,,,,
,2022,E01,,BLUTI,1,6,5,5,110,20,,,NE,,,,,,,,,,,
,2022,F08,,BLUTI,1,7,7,3,110,20,,,NE,,,,,,,,,,,
,2022,F10,,BLUTI,1,11,8,7,110,20,,,NE,,,,,,,,,,,
,2022,N04,,BLUTI,1,7,7,6,110,20,,,NE,,,,,,,,,,,
,2022,Q01,,BLUTI,1,6,6,0,110,20,,,JD,,,,,,,,,,,
,2022,C02,,GRETI,1,7,5,0,110,20,,,JD,,,,,,,,,,,
,2022,E08,,GRETI,1,6,6,6,110,20,,,NE,,,,,,,,,,,
,2022,L00,,GRETI,1,5,4,4,110,20,,,NE,,,,,,,,,,,
,2023,B68,,GRETI,1,7,7,7,110,20,,,NE,,,,,,,,,,,
,2023,B19,,BLUTI,1,9,6,6,110,20,,,NE,,,,,,,,,,,
26,1980,0,,BLUTI,1,13,12,12,111,20,,,NE,KR03581,5,,,A213907,918,,M,K07,,
40,1980,44,,BLUTI,1,12,11,11,111,20,,,NE,A213760,5,,,A213919,929,,M,K03,,
42,1980,46,,BLUTI,1,11,11,11,111,20,,,NE,KR03471,6,,,A213840,850,,M,N07,,
84,1981,50,,BLUTI,1,,0,0,111,21,,1,EP,,,,,,,,M,M03,50.1,Grey squirrel
93,1981,60,,BLUTI,1,13,12,11,111,21,,,NE,A319547,4,,,A761101,111,,M,K07,,
376,1987,47,,BLUTI,1,11,11,11,111,21,,,NE,C683088,6,,,E343020,3030,,M,J03,,
402,1987,90,,BLUTI,1,11,11,11,111,21,,,NE,B774852,5,,,E343151,161,,M,N04,,
419,1988,22,,GRETI,1,12,12,0,111,20,,,JP,HX19883,6,,,,,,M,O-2,,
437,1988,46,,BLUTI,1,12,0,0,111,20,,12,EP,B774970,5,,,,,,M,H03,,
483,1989,24,,BLUTI,1,9,3,3,111,21,,,NE,E343384,5,,,F485512,514,7,M,K00,,Including 2 runt eggs
509,1989,56,,BLUTI,1,11,11,11,111,21,,,NE,A018052,6,,,F485648,658,5,M,L07,,
520,1989,71,,BLUTI,1,10,9,9,111,21,,,NE,E893062,6,,,F485525,533,,M,J03,,
524,1989,79,,BLUTI,1,10,10,10,111,21,,,NE,E893075,5,,,F485540,549,,M,L03,,
530,1989,89,,BLUTI,1,10,9,9,111,21,,,NE,E893833,6,,,F485561,569,,M,N04,,
554,1990,29,,BLUTI,1,11,11,0,111,21,,,JP,A018464,5,,,,,,M,M05,,GRSWO predation
559,1990,36,,BLUTI,1,9,9,2,111,21,,,NE,A018068,6,,,F783088,3089,,M,M-1,,Some young taken by GRSWO
565,1990,46,,BLUTI,1,11,11,9,111,21,,,NE,A018077,6,,,F783114,122,5,M,H03,,
579,1990,74,,BLUTI,1,10,6,4,111,21,,,NE,E343336,6,,,F783084,3087,,M,P-1,,
637,1992,11,,BLUTI,1,9,9,9,111,20,,,NE,F253332,6,,,H324511,519,,M,P01,,
643,1992,27,,MARTI,1,8,8,8,111,20,,,NE,H229133,5,,,H324551,558,,M,L04,,
650,1992,40,,BLUTI,1,10,10,9,111,20,,,NE,E343094,6,,,H324536,544,,M,I01,,
655,1992,49,,BLUTI,1,9,6,6,111,20,,,NE,F253437,6,,,H324545,550,,M,L03,,Some small eggs
676,1993,11,,BLUTI,1,9,9,9,111,21,,,NE,J033043,5,,,J118047,8055,,M,P01,,
690,1993,43,,BLUTI,1,11,0,0,111,21,,11,EP,,,,,,,,M,F02,,
699,1993,62,,BLUTI,1,11,0,0,111,21,,11,EP,H324933,6,,,,,,M,F02,,
702,1993,74,,BLUTI,1,12,12,9,111,21,,,NE,J033100,5,,,J118056,8064,,M,P-1,,
707,1993,81,,BLUTI,1,12,12,0,111,21,,,JP,H229140,6,,,,,,M,L07,,
714,1993,97,,BLUTI,1,9,0,0,111,21,,9,ED,F253007,6,,,,,,M,K00,,
719,1994,9,,BLUTI,1,12,11,10,111,21,,,NE,J033771,5,,,J639090,9099,,M,Q01,,
732,1994,41,,BLUTI,1,8,7,7,111,21,,,NE,J033735,6,,,J639034,9040,,M,I04,,
774,1995,41,,BLUTI,1,10,10,6,111,21,,,NE,J522840,5,,,K181998,999 K287501 503-505,,M,I04,,
786,1995,61,,GRETI,1,10,8,8,111,21,,,NE,,,J522608,5,NC90341,348,,M,F01,,
804,1995,99,,GRETI,1,5,5,0,111,21,,,JP,,,J033102,6,,,,M,P04,,
807,1995,D05,,BLUTI,1,10,10,10,111,21,,,NE,J522634,5,,,K181952,961,,D,E07,,
817,1995,D40,,BLUTI,1,9,9,0,111,21,,,JD,J522622,6,,,,,,D,C04,,Weather?
838,1995,D96,,BLUTI,1,10,10,10,111,21,,,NE,J522837,5,,,K181981,990,,D,C08,,
1063,1998,23,,BLUTI,1,9,0,0,111,21,,9,EP,K720577,5,,,,,,M,Q00,,
1122,1998,D26b,,BLUTI,1,9,9,0,111,21,,,JP,,,,,,,,D,D05,,
1182,1999,57,,BLUTI,1,8,8,8,111,21,,,NE,K720643,5,,,N645264,271,,M,G02,,
1206,1999,C01,,BLUTI,1,8,8,0,111,21,,,JD,,,,,,,,D,F05,,
1266,2000,63,,BLUTI,1,13,10,1,111,20,,,NE,N275372,5,,,N459859,,14,M,H04,,Likely to be from two females
1283,2000,0L,,MARTI,1,9,5,3,111,20,,,NE,N305874,6,,,N459769,771,,M,O05,,
1411,2002,88,,BLUTI,1,8,8,0,111,21,,,JP,R123527,5,,,,,,M,P05,,4 rings recovered only
1441,2002,D91,,GRETI,1,4,4,4,111,21,,,NE,N459896,6,,,VV92996,-999,7,D,D07,,
1448,2003,11,,BLUTI,1,8,7,5,111,21,,,NE,R123881,5,,,R558117,-121,,M,P01,,
1450,2003,18,,GRETI,1,3,0,0,111,21,,3,EP,,,,,,,,M,O01,,
1454,2003,32,,BLUTI,1,10,9,0,111,21,,,JD,P400700,6,,,,,,M,P00,,
1473,2003,83,,BLUTI,1,,0,0,111,21,,2,ED,,,,,,,,M,L06,,
1474,2003,84,,BLUTI,1,9,0,0,111,21,,9,ED,R502541,5,,,,,,M,H04,,
1484,2003,0R,,GRETI,1,9,3,0,111,21,,,JP,,,,,,,,M,K00,,
1529,2003,C24,,GRETI,1,9,8,6,111,21,,,NE,,,,,VS50790,-796,,D,D09,,
1575,2004,74,,BLUTI,1,8,2,0,111,20,,,JP,R353068,6,,,,,,M,P-1,,
1578,2004,80,,BLUTI,1,7,7,0,111,20,,,JD,R502982,5,,,,,,M,P04,,
1590,2004,0H,,BLUTI,1,8,8,0,111,20,,,JD,R353213,5,,,,,,M,O-1,,
1593,2004,A16,,GRETI,1,9,0,0,111,20,,9,EP,,,,,,,,A,Q01,,
1613,2004,A83,,GRETI,1,9,8,7,111,20,,,NE,,,,,TC61025,-31,,A,M02,,
1634,2004,C17,,COATI,1,9,9,9,111,20,,,NE,,,,,R558280,-288,,C,F09,,
1678,2005,79,,COATI,1,9,7,0,111,21,,,JD,R558209,5,,,,,,M,L03,,
1719,2005,A69,,BLUTI,1,9,6,0,111,21,,,JD,R558395,5,,,,,,D,L06,,
1766,2005,C74,,GRETI,1,7,0,0,111,21,,7,ED,,,,,,,,D,C05,,
1937,2007,A05,,GRETI,1,11,7,7,111,21,,,NE,,,,,TC61486,-492,,M,P01,,
1947,2007,A26,,BLUTI,1,7,6,5,111,21,,,NE,R558298,,,,V666628,-632,,M,N00,,
1952,2007,A43,,GRETI,1,6,5,0,111,21,,,JD,,,,,,,,M,L04,,
1968,2007,A77,,GRETI,1,9,8,5,111,21,,,NE,,,,,BE34143,45 46 48 50,,M,O04,,Hanging
1985,2007,B47,,GRETI,1,9,8,0,111,21,,,JD,TC61194,5,,,,,,D,E-3,,
1996,2007,C01,,BLUTI,1,8,7,0,111,21,,,JD,R558942,5,,,,,,D,F05,,
2149,2009,A49,,GRETI,1,,0,0,111,21,,1,EP,,,,,,,,M,L06,,
2174,2009,B78,,GRETI,1,8,8,4,111,21,,,NE,,,,, TJ49747,-750,,D,C00,,
2189,2009,U05,,GRETI,1,8,6,5,111,21,,,NE,,,,,TJ49845,-849,,E,J03,,
2191,2009,U07,,GRETI,1,8,6,5,111,21,,,NE,,,,,,,,E,F00,,
2260,2010,B56,,GRETI,1,7,7,4,111,21,,,NE,,,,,TJ49760,-763,,D,C01,,
2298,2011,54,,GRETI,1,9,6,2,111,21,,,NE,,,,,TR47725,-726,,M,K00,,
2316,2011,A47,,GRETI,1,6,6,0,111,21,,,JD,,,,,,,,M,L05,,
2344,2011,B22,,BLUTI,1,9,9,0,111,21,,,JD,L731068,5,,,,,,D,C02,,young unringed
2356,2011,B76,,BLUTI,1,8,8,5,111,21,,,NE,,,,,,,,D,E-1,,young unringed
2412,2012,A52,,GRETI,1,8,8,0,111,20,,,JD,,,,,,,11,M,L07,,
2549,2014,A06,,BLUTI,1,11,0,0,111,21,,,EO, D309255,5,,,,,,M,P01,,
2567,2014,A70,,GRETI,1,5,5,5,111,21,,,NE,,,,, TV35734,-738,,M,N04,,
2573,2014,B09,,GRETI,1,8,8,4,111,21,,,NE,,,,, TT49145,-148,,D,F-2,,
2587,2014,B56,,BLUTI,1,7,0,0,111,21,,7,EM,,,,,,,,D,C01,,
2593,2014,C01,,BLUTI,1,11,9,2,111,21,,,NE, D309225,5,,, D808225, &227,,D,F05,,
2630,2015,43,,GRETI,1,7,7,7,111,21,,,NE,X649376,6,,,TV35546,-552,,M,P-2,,
2637,2015,65,,BLUTI,1,9,9,0,111,21,,,JP,D309336,6,,,,,,M,H01,,
2651,2015,A53,,BLUTI,1,10,10,7,111,21,,,NE,D309679,5,,,D808254,-260,,M,K07,,
2659,2015,A77,,GRETI,1,6,5,5,111,21,,,NE,,,,,TV35753,-757,,M,P03,,
2682,2015,C03,,BLUTI,1,9,9,9,111,21,,,NE,L327981,5,,,D808171,-179,,D,F06,,
,2021,D02,,BLUTI,1,6,6,5,111,21,,,NE,,,,,,,,,,,
,2021,L06,,GRETI,1,9,6,0,111,21,,,JD,,,,,,,,,,,
,2021,O03,,GRETI,1,5,5,3,111,21,,,NE,,,,,,,,,,,
,2022,E02,,BLUTI,1,8,8,0,111,21,,,JD,,,,,,,,,,,
,2022,F-2,,BLUTI,1,9,9,8,111,21,,,NE,,,,,,,,,,,
,2022,P03,,BLUTI,1,6,5,0,111,21,,,JD,,,,,,,,,,,
,2023,B11,,BLUTI,1,9,7,7,111,21,,,NE,,,,,,,,,,,
,2023,A33,,BLUTI,1,9,7,7,111,21,,,NE,,,,,,,,,,,
,2023,C23,,BLUTI,1,11,0,0,111,21,,,EO,,,,,,,,,,,
,2023,C26,,BLUTI,1,9,9,9,111,21,,,NE,,,,,,,,,,,
,2023,EAB,,BLUTI,1,9,9,9,111,21,,,NE,,,,,,,,,,,
3,1979,13,,BLUTI,1,15,15,15,112,22,,,NE,KJ20723,6,,,KR03551,565,,M,Q-1,,
30,1980,21,,BLUTI,1,13,13,13,112,21,,,NE,,,,,A213873,885,,M,O00,,
48,1980,59,,BLUTI,1,14,0,0,112,21,,,EW,A213838,5,,,,,,M,N05,,Box fell from tree 1 runt egg
95,1981,66,,GRETI,1,9,9,9,112,22,,,NE,A213824,6,,,NJ02651,659,,M,R00,,
120,1982,38,,COATI,1,10,10,10,112,22,,,NE,A319922,4,,,A761651,660,,M,K04,,
254,1985,26,,COATI,1,10,10,10,112,22,,,NE,B774645,5,,,C683001,3010,,M,I03,,
267,1985,47,,BLUTI,1,12,12,9,112,22,,,NE,B600039,6,,,C683030,31 & 33-38 & 40,,M,J03,,
289,1985,83,,BLUTI,1,12,11,1,112,22,,,NE,B774589,6,,,C683043,,,M,K06,,
362,1987,21,,BLUTI,1,11,11,10,112,22,,,NE,B774854,5,,,E343051,3060,,M,Q01,,
374,1987,45,,BLUTI,1,12,11,11,112,22,,,NE,B774851,5,,,E343101,111,,M,G04,,
375,1987,46,,BLUTI,1,10,10,10,112,22,,,NE,B774863,5,,,E343091,100,,M,H03,,
390,1987,66,,GRETI,1,11,11,11,112,22,,,NE,HX19883,5,,,VA30320,330,,M,J00,,
401,1987,89,,BLUTI,1,11,11,10,112,22,,,NE,B894618,6,,,E343162,171,,M,N04,,
438,1988,47,,BLUTI,1,3,0,0,112,21,,3,EP,,,,,,,,M,J03,,
477,1989,15,,GRETI,1,7,2,2,112,22,,,NE,C824106,6,,,VE62088,2089,18,M,P-1,15.1,Hatched & reared by BLUTI
491,1989,36,,BLUTI,1,12,11,9,112,22,,,NE,KK67999,5,,,F485592,600,3,M,M-1,,
529,1989,88,,BLUTI,1,10,0,0,112,22,,10,ED,E893079,5,,,,,,M,N03,,
563,1990,42,,BLUTI,1,9,0,0,112,22,,9,ED,F783006,5,,,,,,M,H01,42.1,
592,1990,93,,GRETI,1,11,0,0,112,22,,11,ED,C824198,6,,,,,,M,N05,,
642,1992,24,,BLUTI,1,10,9,7,112,21,,,NE,E343384,6,,,H324529,535,,M,K00,,
664,1992,80,,BLUTI,1,8,8,5,112,21,,,NE,F485604,6,,,H324559,563,,M,O03,,
709,1993,86,,BLUTI,1,9,9,0,112,22,,,JP,,,,,,,,M,J03,,
711,1993,89,,BLUTI,1,9,9,9,112,22,,,NE,J033029,5,,,J118084,8092,,M,N05,,
731,1994,40,,BLUTI,1,10,10,9,112,22,,,NE,F783474,6,,,J639015,9018 & 20-24,,M,I01,,
753,1994,92,,BLUTI,1,11,10,10,112,22,,,NE,J033697,5,,,J639060,9069,,M,M07,,
759,1995,9,,BLUTI,1,9,9,8,112,22,,,NE,J522275,5,,,K287535,542,,M,Q01,,
769,1995,32,,GRETI,1,8,8,5,112,22,,,NE,J522277,6,J522271,5,VJ35025,27 28 29 331,,M,P00,,
777,1995,48,,GRETI,1,7,7,1,112,22,,,NE,H609622,6,J033777,6,VJ35024,,,M,H01,,
805,1995,C08,,BLUTI,1,10,10,10,112,22,,,NE,J639154,5,,,K181942,951,,D,F07,,
809,1995,D10,,BLUTI,1,7,7,6,112,22,,,NE,,,,,K181813,818,,D,E09,,
840,1995,H02,,BLUTI,1,9,9,7,112,22,,,NE,J522623,6,,,K181991,997,,D,E04,,
911,1996,D26B,,MARTI,1,10,10,9,112,21,,,NE,,,,,K720101,109,,D,D05,,
977,1997,62,,BLUTI,1,11,10,0,112,22,,,JD,K720065,5,,,,,,M,F02,,
1001,1997,C01,,BLUTI,1,9,9,3,112,22,,,NE,K937457,5,,,K720444,49-50,,D,F05,,
1060,1998,18,,GRETI,1,9,9,8,112,22,,,NE,,,,,VR78719,726,,M,O01,,
1072,1998,40,,BLUTI,1,8,7,7,112,22,,,NE,N305577,5,,,N645023,5029,,M,P-1,,
1076,1998,48,,GRETI,1,9,0,0,112,22,,9,EP,,,,,,,,M,H01,,
1183,1999,58,,BLUTI,1,9,8,8,112,22,,,NE,N305803,5,,,N645288,295,,M,N06,,
1186,1999,66,,GRETI,1,9,9,5,112,22,,,NE,K720636,5,,,VS51063,1067,,M,J00,,
1238,1999,N03,,BLUTI,1,12,9,0,112,22,,,JD,K720088,6,,,,,,D,F06,,
1365,2001,C39,,BLUTI,1,11,11,7,112,22,,,NE,,,,,N459929,&934-939,,D,C04,,
1439,2002,D57,,BLUTI,1,10,7,0,112,22,,,JD,N459895,6,,,,,,D,E07,,weather
1462,2003,51,,GRETI,1,8,6,6,112,22,,,NE,R353025,5,,,VS50920,-925,,M,L04,,
1463,2003,53,,GRETI,1,7,0,0,112,22,,7,ED,,,,,,,,M,O-1,,
1480,2003,98,,BLUTI,1,10,9,0,112,22,,,JP,P400563,6,,,,,,M,O03,,
1525,2003,B78,,GRETI,1,6,6,5,112,22,,,NE,,,,,VS50907,-912,,D,C01,,
1535,2003,C50,,GRETI,1,10,10,0,112,22,,,JP,,,,,,,,D,D05,,
1557,2004,28,,BLUTI,1,11,7,0,112,21,,,JD,R558527,5,,,,,,M,I03,,
1581,2004,85,,GRETI,1,8,1,0,112,21,,,JD,,,,,,,,M,O05,,
1601,2004,A33,,GRETI,1,,0,0,112,21,,2,EP,,,,,,,,A,M01,,
1619,2004,B13,,BLUTI,1,5,5,5,112,21,,,NE,R558126,5,,,R558401,-405,,B,F00,,
1632,2004,C02,,GRETI,1,10,10,10,112,21,,,NE,,,,,VS50802,-811,,C,F05,,
1639,2004,C38,,GRETI,1,7,7,7,112,21,,,NE,,,,,TC61060,-66,,C,E05,,
1726,2005,B04,,GRETI,1,8,7,7,112,22,,,NE,R353815,5,,,TC61173,-179,,D,F-3,,
1729,2005,B18,,BLUTI,1,,0,0,112,22,,2,EP,,,,,,,,D,F00,,
1730,2005,B23,,GRETI,1,8,6,0,112,22,,,JP,,,,,,,,D,G02,,
1749,2005,C16,,GRETI,1,6,6,5,112,22,,,NE,,,,,TC61207,-211,15,D,E09,,
1758,2005,C48,,GRETI,1,7,7,0,112,22,,,JD,,,,,,,,D,D04,,
1795,2006,47,,BLUTI,1,10,9,9,112,22,,,NE,,,,,R558680,-688,,M,J03,,
1807,2006,85,,GRETI,1,5,5,0,112,22,,,JD,,,,,,,,M,O05,,
1825,2006,A19,,GRETI,1,7,0,0,112,22,,7,EP,,,,,,,,D,Q02,,
1848,2006,A73,,BLUTI,1,12,9,0,112,22,,,JP,,,,,,,,D,K08,,
1939,2007,A13,,BLUTI,1,10,0,0,112,22,,10,EO,,,,,,,,M,Q01,,
1959,2007,A58,,GRETI,1,6,5,5,112,22,,,NE,V475113,5,,,BE34131,-135,,M,M07,,CP
1974,2007,B16,,BLUTI,1,8,6,0,112,22,,,JD,,,,,,,,D,D03,,
1984,2007,B46,,GRETI,1,8,6,4,112,22,,,NE,T663105,6,,,TC61267,-270,,D,E01,,
2016,2007,U04,,GRETI,1,8,2,0,112,22,,,JD,,,,,,,,E,H01,,
2034,2008,42,,BLUTI,1,9,8,8,112,21,,,NE,,,,,V666801,-808,,M,H01,,
2127,2009,52,,GRETI,1,,0,0,112,22,,2,ED,,,,,,,,M,N-1,,
2159,2009,A72,,BLUTI,1,,0,0,112,22,,1,EP,,,,,,,,M,O03,,
2179,2009,C24,,BLUTI,1,9,9,9,112,22,,,NE, V476000,5,,, V666901,-609,,D,D09,,
2199,2010,15,,GRETI,1,9,9,7,112,22,,,NE,,,,,TJ49915,-20,,M,J03,,
2233,2010,A43,,GRETI,1,9,9,9,112,22,,,NE,,,,,TJ49685,-693,,M,M04,,
2236,2010,A47,,GRETI,1,10,10,10,112,22,,,NE,,,,,TJ49941,-950,,M,L05,,
2253,2010,B22,,BLUTI,1,9,9,8,112,22,,,NE,,,,,V666659,-666,,D,C02,,
2264,2010,B78,,GRETI,1,8,6,0,112,22,,,JD,,,,,,,,D,C00,,
2303,2011,70,,BLUTI,1,7,7,0,112,22,,,JD,X649720,5,,,,,,M,K02,,
2361,2011,C10,,GRETI,1,8,7,5,112,22,,,NE,,,,,TR47823,25-26 & 28-29,,D,F07,,
2404,2012,A12,,BLUTI,1,10,8,5,112,21,,,NE,,,,,L327565,-569,,M,Q01,,
2445,2012,B47,,GRETI,1,7,7,3,112,21,,,NE,,,,,TR47668,&670; 673,,D,E-4,,
2446,2012,B55,,GRETI,1,8,6,6,112,21,,,NE,,,,,TR47655,-660,,D,D02,,
2529,2014,7,,GRETI,1,9,5,5,112,22,,,NE, L327888,5,,, TV35531,-535,,M,R-2,,
2557,2014,A52,,GRETI,1,7,6,6,112,22,,,NE,,,,, TV35712,-717,,M,L07,,
2620,2015,22,,GRETI,1,7,6,0,112,22,,7,JP,D309308,6,,,,,,M,O-2,,
2623,2015,27,,GRETI,1,7,6,0,112,22,,,JP,,,,,,,,M,K02,,
2631,2015,46,,GRETI,1,6,6,0,112,22,,,JD,L731948,6,,,,,,M,L-1,,
2671,2015,B38,,BLUTI,1,8,8,0,112,22,,,JD,D309647,5,,,,,,D,E02,,
,2021,E-1,,BLUTI,1,11,6,5,112,22,,,NE,,,,,,,,,,,
,2021,E-4,,BLUTI,1,8,8,8,112,22,,,NE,,,,,,,,,,,
,2021,E02,,BLUTI,1,8,7,0,112,22,,,JP,,,,,,,,,,,
,2021,H02,,BLUTI,1,9,6,0,112,22,,,JD,,,,,,,,,,,
,2021,Q00,,BLUTI,1,9,4,3,112,22,,,NE,,,,,,,,,,,
,2021,J02,,COATI,1,8,0,0,112,22,,,ED,,,,,,,,,,,
,2021,C00,,GRETI,1,5,5,4,112,22,,,NE,,,,,,,,,,,
,2021,N03,,GRETI,1,5,5,5,112,22,,,NE,,,,,,,,,,,
,2021,R-2,,GRETI,1,7,6,5,112,22,,,NE,,,,,,,,,,,
,2022,D03,,BLUTI,1,9,8,0,112,22,,,JD,,,,,,,,,,,
,2022,E07,,BLUTI,1,10,9,9,112,22,,,NE,,,,,,,,,,,
,2022,H01,,BLUTI,1,10,8,0,112,22,,,JD,,,,,,,,,,,
,2022,H02,,GRETI,1,6,6,6,112,22,,,NE,,,,,,,,,,,
,2023,17,,BLUTI,1,9,3,3,112,22,,,NE,,,,,,,,,,,
,2023,54,,BLUTI,1,10,10,10,112,22,,,NE,,,,,,,,,,,
,2023,27,,BLUTI,1,9,9,9,112,22,,,NE,,,,,,,,,,,
,2023,B37,,GRETI,1,8,8,6,112,22,,,NE,,,,,,,,,,,
,2023,B64,,BLUTI,1,10,10,5,112,22,,,NE,,,,,,,,,,,
,2023,B27,,BLUTI,1,8,5,5,112,22,,,NE,,,,,,,,,,,
,2023,B15,,BLUTI,1,6,6,5,112,22,,,NE,,,,,,,,,,,
,2023,A18,,BLUTI,1,9,9,0,112,22,,,JD,,,,,,,,,,,
,2023,C11,,BLUTI,1,12,12,2,112,22,,,NE,,,,,,,,,,,
,2023,C30,,BLUTI,1,7,5,4,112,22,,,NE,,,,,,,,,,,
112,1982,22,,GRETI,1,9,0,0,113,23,,9,EP,,,,,,,,M,R00,,
132,1982,72,,BLUTI,1,11,11,11,113,23,,,NE,B250102,5,,,A761540,550,,M,M03,,
276,1985,57,,BLUTI,1,10,0,0,113,23,,10,EP,A761946,6,,,,,,M,F01,,
292,1985,88,,BLUTI,1,11,11,9,113,23,,,NE,B600440,5,,,C683119,127,,M,P05,,
361,1987,18,,GRETI,1,12,12,12,113,23,,,NE,C570354,6,,,VA30351,362,,M,O01,,
368,1987,32,,GRETI,1,12,12,11,113,23,,,NE,C833295,6,,,VA30309,319,,M,P00,,
386,1987,60,,BLUTI,1,11,11,11,113,23,,,NE,C683266,5,,,E343080,3090,,M,G01,,
397,1987,80,,BLUTI,1,11,11,11,113,23,,,NE,B774802,6,,,E343172,182,,M,O03,,
400,1987,88,,BLUTI,1,11,0,0,113,23,,11,ED,HX19920,5,,,,,,M,N03,,
405,1987,93,,GRETI,1,10,0,0,113,23,,10,ED,HX19809,5,,,,,,M,N05,,
444,1988,58,,BLUTI,1,11,11,11,113,22,,,NE,C824551,6,,,E343382,392,,M,N06,,
445,1988,59,,BLUTI,1,7,0,0,113,22,,7,EP,,,,,,,,M,N06,,
467,1988,95,,BLUTI,1,8,8,4,113,22,,,NE,C543839,6,,,E343378,381,,M,M07,,female died on nest Male continued alone
494,1989,40,,BLUTI,1,10,10,10,113,23,,,NE,E893061,5,,,F485515,524,,M,I01,,
495,1989,41,,BLUTI,1,7,6,6,113,23,,,NE,B774969,6,,,F485605,610,,M,I04,,
525,1989,80,,BLUTI,1,11,8,7,113,23,,,NE,B774965,6,,,F485576,582,,M,O03,,
528,1989,85,,BLUTI,1,10,10,10,113,23,,,NE,E343090,6,,,F485611,620,,M,L07,,
670,1992,95,,COATI,1,10,10,10,113,22,,,NE,,,,,H324501,510,,M,M07,,
682,1993,23,,BLUTI,1,10,8,7,113,23,,,NE,H229191,6,,,J118100,106,,M,Q00,,
691,1993,46,,BLUTI,1,9,9,9,113,23,,,NE,J033042,5,,,J118065,8073,,M,H03,,
693,1993,49,,BLUTI,1,10,10,0,113,23,,,JP,F253437,6,,,,,,M,L03,,
704,1993,76,,GRETI,1,,0,0,113,23,,1,ED,,,,,,,,M,J03,,
721,1994,11,,BLUTI,1,10,10,10,113,23,,,NE,J033043,6,,,J639080,9089,,M,P01,,
723,1994,23,,BLUTI,1,10,10,10,113,23,,,NE,J033767,5,,,J639100,109,,M,Q00,,
748,1994,81,,BLUTI,1,10,9,7,113,23,,,NE,J118307,5,,,J639117,123,,M,L07,,
780,1995,51,,GRETI,1,4,0,0,113,23,,4,EP,,,,6,,,,M,L04,,
835,1995,D88,,BLUTI,1,8,8,8,113,23,,,NE,J639110,5,,,K181862,869,,D,C05,,
864,1996,29,,MARTI,1,9,9,0,113,22,,,JD,H229133,6,,,,,,M,L05,29.1,Female and young died in nest
1041,1997,U01,,GRETI,1,6,4,4,113,23,,,NE,VN47628,6,VV34012,5,VV34116,119,,E,F07,,
1080,1998,52,,GRETI,1,6,6,0,113,23,,,JP,,,,,,,,M,P04,,
1126,1998,D41,,BLUTI,1,10,10,0,113,23,,,JD,,,,,,,,D,C05,,
1147,1998,H05,,COATI,1,8,8,8,113,23,,,NE,,,,,N645320,327,,D,D03,,
1240,1999,U04,,GRETI,1,8,7,7,113,23,,,NE,K720645,5,,,VS51101,107,,E,E03,,
1244,2000,11,,BLUTI,1,7,7,6,113,22,,,NE,K463181,6,,,N459730,732-736,,M,P01,,31 died
1252,2000,24,,BLUTI,1,9,9,2,113,22,,,NE,K720639,6,,,N459787,788,,M,K00,,Y2
1267,2000,65,,BLUTI,1,7,7,,113,22,,,NE,N275204,5,,,N459772,778,,M,O01,,
1274,2000,86,,BLUTI,1,9,9,3,113,22,,,NE,N645276,5,,,N459761,64 & 68,,M,J03,,
1281,2000,0G,,BLUTI,1,9,8,3,113,22,,,NE,N305596,6,,,N459789,791,,M,I01,,
1330,2001,37,,BLUTI,1,10,10,10,113,23,,,NE,N459890,5,,,N645463,-471,,M,K00,,one young unringed - very small
1444,2002,U04,,GRETI,1,6,6,6,113,23,,,NE,,,,,VS50745,-750,,E,E03,,
1445,2002,U05,,GRETI,1,10,10,0,113,23,,,JD,,,,,,all recovered,,E,D06,,weather  - 20 sexton beetles
1451,2003,23,,BLUTI,1,7,6,6,113,23,,,NE,P400588,5,,,R558123,-128,,M,Q00,,
1452,2003,27,,GRETI,1,7,7,0,113,23,,,JP,,,,,,,,M,L04,,
1461,2003,50,,GRETI,1,,0,0,113,23,,1,ED,,,,,,,,M,L06,,
1465,2003,56,,BLUTI,1,10,8,3,113,23,,,NE,P400943,6,,,R558114,-116,,M,L07,,
1466,2003,58,,BLUTI,1,7,6,0,113,23,,,OU,R123954,5,,,,,,M,N06,,
1475,2003,89,,BLUTI,1,6,4,4,113,23,,,NE,R123758,5,,,R558084,-87,,M,N05,,
1483,2003,0P,,BLUTI,1,8,8,8,113,23,,,NE,P400668,6,,,R558129,-136,,M,L00,,
1495,2003,A33,,BLUTI,1,8,8,0,113,23,,,JP,,,,,,,,D,M01,,
1503,2003,A70,,GRETI,1,10,4,0,113,23,,,JP,,,,,,,,D,K06,,
1507,2003,B01,,GRETI,1,7,0,0,113,23,,7,EP,,,,,,,,D,F-3,B01/1,GRSWO
1544,2003,C78,,BLUTI,1,10,10,0,113,23,,,OU,,,,,,,,D,B05,,
1545,2003,C79,,GRETI,1,10,0,0,113,23,,10,ED,,,,,,,,D,C04,,
1560,2004,33,,BLUTI,1,7,7,0,113,22,,,JD,R502753,5,,,,,,M,L03,,
1594,2004,A19,,GRETI,1,4,0,0,113,22,,4,EP,,,,,,,,A,Q03,,
1600,2004,A31,,GRETI,1,,0,0,113,22,,2,EP,,,,,,,,A,M01,,
1605,2004,A47,,GRETI,1,10,9,9,113,22,,,NE,,,,,TC61067,-75,,A,K02,,
1637,2004,C30,,GRETI,1,8,8,8,113,22,,,NE,R353095,6,,,VS50844,-851,,C,D08,,
1717,2005,A65,,BLUTI,1,,0,0,113,23,,,EP,,,,,,,,D,N03,,
1747,2005,C12,,MARTI,1,6,2,0,113,23,,,JP,R558610,5,,,,,,D,F07,,
1780,2006,16,,MARTI,1,4,0,0,113,23,,4,EP,,,,,,,,M,O02,,
1785,2006,24,,BLUTI,1,4,0,0,113,23,,4,EP,,,,,,,,M,K00,,
1803,2006,67,,BLUTI,1,4,0,0,113,23,,4,EP,,,,,,,,M,H01,,
1850,2006,A78,,GRETI,1,8,0,0,113,23,,8,EP,,,,,,,,D,M07,,
1861,2006,B21,,GRETI,1,7,7,0,113,23,,,JD,R353247,6,,,,,,D,G02,,
1867,2006,B55,,GRETI,1,6,0,0,113,23,,6,EP,,,,,,,,D,D02,,
1873,2006,B74,,BLUTI,1,,0,0,113,23,,6,ED,,,,,,,,D,C01,,abandoned eggs later predated
1908,2006,U07,,GRETI,1,8,7,1,113,23,,,NE,,,,,TC61416,,,E,F00,,
1926,2007,53,,GRETI,1,9,8,8,113,23,,,NE,T663182,6,,,TC61371,-378,,M,O-1,,
1942,2007,A19,,BLUTI,1,8,6,0,113,23,,,JD,V475010,5,,,,,,M,P00,,CP
1945,2007,A23,,BLUTI,1,10,4,0,113,23,,,JD,P400668,,,,,,,M,N00,,CP
1948,2007,A28,,GRETI,1,6,6,0,113,23,,,JD,V368802,5,,,,,,M,M00,,
1950,2007,A33,,BLUTI,1,9,6,3,113,23,,,NE,V666601,,,,V666641,-643,,M,L01,,PS
1975,2007,B17,,BLUTI,1,8,0,0,113,23,,8,ED,R502512,6,,,,,,D,E00,,
1983,2007,B38,,GRETI,1,10,6,4,113,23,,,NE,,,,,TC61255,-258,,D,F01,,
2014,2007,U01,,GRETI,1,5,5,0,113,23,,,JP,,,,,,,,E,L02,,
2164,2009,B09,,GRETI,1,,0,0,113,23,,,EE,,,,,,,,D,F-3,,
2172,2009,B66,,GRETI,1,11,8,8,113,23,,,NE,,,,, TJ49731,-738,,D,D02,,
2217,2010,65,,MARTI,1,7,7,6,113,23,,,NE,X649189,5,,,L327602,-607,,M,H01,,
2228,2010,A28,,GRETI,1,7,7,7,113,23,,,NE,,,,,TJ49674,-680,,M,M01,,
2247,2010,A82,,BLUTI,1,5,0,0,113,23,,5,EP,,,,,,,,M,Q03,,
2335,2011,B05,,GRETI,1,,0,0,113,23,,1,ED,,,,,,,,D,E-3,,
2368,2011,C27,,GRETI,1,8,8,0,113,23,,,JP,,,,,TR47838,-844,,D,D08,,all probably taken by GRSWO
2380,2012,10,,BLUTI,1,,0,0,113,22,,2,ED,,,,,,,,M,L02,,
2421,2012,A70,,GRETI,1,7,7,6,113,22,,,NE,,,,,TR47876,-881,,M,N04,,
2497,2013,A63,,GRETI,1,6,6,0,113,23,,,JD,,,,,,,,M,N06,,
2534,2014,22,,GRETI,1,8,0,0,113,23,,,EO,,,,,,,,M,O-2,,
2538,2014,29,,BLUTI,1,8,7,0,113,23,,,JD, D309320,5,,,,,,M,J02,,
2561,2014,A61,,BLUTI,1,8,7,6,113,23,,,NE, X649914,6,,, D808127,-131133,,M,M06,,
2572,2014,B08,,GRETI,1,9,8,0,113,23,,,JD,,,,,,,,D,E-1,,
2586,2014,B46,,GRETI,1,6,6,0,113,23,,,JD,,,,,,,,D,E01,,
2602,2014,DA6,,BLUTI,1,8,3,3,113,23,,,NE, D309328,6,,, D808045,-47,,D,Q-2,,
2613,2014,DJD,,BLUTI,1,8,5,5,113,23,,,NE, D455271,5,,, D808206,-210,,D,D08,,
2633,2015,52,,GRETI,1,8,8,0,113,23,,8,JP,D309148,6,,,,,,M,N-1,,
2634,2015,56,,BLUTI,1,8,8,8,113,23,,,NE,D309556,5,,,D808407,-414,,M,J01,,
2674,2015,B46,,GRETI,1,7,7,0,113,23,,,JP,,,,,,,,D,E01,,
,2021,F00,,BLUTI,1,7,7,5,113,23,,,NE,,,,,,,,,,,
,2021,F04,,BLUTI,1,11,11,9,113,23,,,NE,,,,,,,,,,,
,2021,F06,,BLUTI,1,11,0,0,113,23,,,EP,,,,,,,,,,,
,2021,M-1,,BLUTI,1,9,8,5,113,23,,,NE,,,,,,,,,,,
,2021,N01,,BLUTI,1,7,7,3,113,23,,,NE,,,,,,,,,,,
,2021,P00,,BLUTI,1,6,0,0,113,23,,,EP,,,,,,,,,,,
,2021,F05,,GRETI,1,4,3,0,113,23,,,JD,,,,,,,,,,,
,2021,L05,,GRETI,1,7,4,3,113,23,,,NE,,,,,,,,,,,
,2022,L07,,BLUTI,1,6,6,0,113,23,,,JD,,,,,,,,,,,
,2022,M-1,,BLUTI,1,9,8,5,113,23,,,NE,,,,,,,,,,,
,2022,N03,,GRETI,1,6,5,4,113,23,,,NE,,,,,,,,,,,
,2023,52,,GRETI,1,4,0,0,113,23,,,XP,,,,,,,,,,,
,2023,B16,,BLUTI,1,6,5,0,113,23,,,JD,,,,,,,,,,,
,2023,B09,,GRETI,1,10,9,9,113,23,,,NE,,,,,,,,,,,
,2023,B03,,BLUTI,1,8,8,8,113,23,,,NE,,,,,,,,,,,
37,1980,41,,BLUTI,1,11,11,11,114,23,,,NE,,,,,A213887,897,,M,N03,,
47,1980,58,,BLUTI,1,14,11,11,114,23,,,NE,A213839,5,,,A213501,511,,M,O05,,
88,1981,53,,GRETI,1,,0,0,114,24,,3,ED,,,,,,,,M,N02,53.1,
103,1981,83,,BLUTI,1,10,9,9,114,24,,,NE,A319625,5,,,A761123,131,,M,O02,,
108,1982,11,,BLUTI,1,10,10,9,114,24,,,NE,A319659,6,,,A761620,628,,M,K07,,
119,1982,36,,BLUTI,1,11,11,10,114,24,,,NE,A319767,6,A761037,5,A761629,638,,M,K06,,
125,1982,46,,BLUTI,1,10,10,10,114,24,,,NE,A761803,5,,,A761601,610,,M,N07,,
126,1982,49,,BLUTI,1,10,9,0,114,24,,,JP,KS25152,5,,,,,,M,O05,,
128,1982,56,,BLUTI,1,13,13,13,114,24,,,NE,A761073,5,,,A761661,673,,M,L03,,
130,1982,60,,BLUTI,1,10,9,9,114,24,,,NE,A319547,6,,,A761611,619,,M,K07,,
131,1982,66,,GRETI,1,11,11,11,114,24,,,NE,A213823,6,,,NJ02927,937,,M,R00,,
135,1982,85,,BLUTI,1,13,0,0,114,24,,13,EP,A213827,6,,,,,,M,Q00,,
138,1982,90,,BLUTI,1,14,0,0,114,24,,14,ED,A319706,6,,,,,,M,N02,,
251,1985,21,,BLUTI,1,13,12,12,114,24,,,NE,A761559,6,,,C683011,3022,,M,Q01,,
266,1985,46,,BLUTI,1,10,0,0,114,24,,10,ED,B250404,6,,,,,,M,H03,,
268,1985,48,,BLUTI,1,9,8,6,114,24,,,NE,B774585,6,,,C683023,3028,,M,H01,,
294,1985,90,,BLUTI,1,13,13,11,114,24,,,NE,B894240,6,,,C683128,138,,M,Q03,,
299,1985,96,,BLUTI,1,9,8,6,114,24,,,NE,B841889,5,,,C683051,3056,,M,P02,,
365,1987,28,,BLUTI,1,9,0,0,114,24,,9,ED,B774855,5,,,,,,M,O-1,28.1,Nest abandoned by B774855 Some eggs incubated by A761620 who took over
367,1987,29,,BLUTI,1,11,11,10,114,24,,,NE,HX19907,5,,,E343121,130,,M,N05,,
378,1987,49,,BLUTI,1,11,11,11,114,24,,,NE,E089115,5,,,E343223,233,,M,M03,,
384,1987,58,,BLUTI,1,10,0,0,114,24,,10,ED,B250404,6,,,,,,M,N06,,
388,1987,63,,BLUTI,1,13,13,12,114,24,,,NE,B774795,6,,,E343201,212,,M,F03,,
398,1987,83,,BLUTI,1,11,8,8,114,24,,,NE,B894793,6,,,E343241,248,,M,K06,,
410,1988,6,,GRETI,1,9,0,0,114,23,,9,EP,,,,,,,,M,N01,,
414,1988,11,,BLUTI,1,19,2,0,114,23,,,JP,HX19732,6,,,,,,M,P01,,Yes;  19 eggs. Possibly two females?
422,1988,28,,BLUTI,1,10,10,10,114,23,,,NE,B774968,5,,,E343308,317,,M,O-1,,
429,1988,36,,BLUTI,1,9,9,9,114,23,,,NE,B774855,6,,,E343318,326,,M,M-1,,
440,1988,50,,BLUTI,1,10,0,0,114,23,,10,EP,E343143,5,,,,,,M,K07,,
446,1988,60,,BLUTI,1,11,0,0,114,23,,11,EP,C683266,6,,,,,,M,G01,,
459,1988,85,,BLUTI,1,11,11,10,114,23,,,NE,E343163,5,,,E343327,333,,M,L03,,
479,1989,18,,GRETI,1,11,10,9,114,24,,,NE,C570354,6,,,VE62014,2022,,M,O01,,
490,1989,35,,GRETI,1,10,10,8,114,24,,,NE,HX19817,6,,,VE62028,2035,,M,O03,,
496,1989,42,,BLUTI,1,9,4,4,114,24,,,NE,C683266,6,,,F485601,604,,M,H01,,
557,1990,33,,GRETI,1,9,0,0,114,24,,9,EP,F485537,5,,,,,,M,L03,,
644,1992,28,,BLUTI,1,10,10,9,114,23,,,NE,F783471,6,,,H324520,528,,M,O-1,,Some eggs very large
666,1992,82,,BLUTI,1,12,12,12,114,23,,,NE,F253475,6,,,H324625,636,,M,L07,,
678,1993,14,,BLUTI,1,11,11,11,114,24,,,NE,J033068,5,,,J118107,117,,M,N-1,,
692,1993,48,,GRETI,1,6,0,0,114,24,,6,EP,,,,,,,,M,H01,,
694,1993,51,,GRETI,1,6,5,0,114,24,,,JD,J033202,5,,,,,,M,L04,,
696,1993,53,,GRETI,1,7,7,6,114,24,,,NE,,,,,VJ65845,850,,M,O-1,,
703,1993,75,,GRETI,1,10,6,0,114,24,,,JD,,,,,,,,M,K03,,10Sexton beetles & no dead young!
739,1994,57,,BLUTI,1,11,11,10,114,24,,,NE,J522031,5,,,J639140,149,,M,F01,,
756,1994,98,,BLUTI,1,9,9,9,114,24,,,NE,J033665,5,,,J639124,132,,M,Q03,,
772,1995,37,,BLUTI,1,10,10,10,114,24,,,NE,J522602,5,,,K287543,552,,M,L00,,Box attacked by GRSWO - think fledged OK
866,1996,34,,GRETI,1,9,8,0,114,23,,,JD,J033202,6,J033046,6,,,,M,M07,,
996,1997,0H,,BLUTI,1,9,9,7,114,24,,,NE,K463222,6,,,K720503,509,,M,O-1,,
1040,1997,N16,,BLUTI,1,9,5,5,114,24,,,NE,J639066,6,,,K720451,455,,D,F09,,
1052,1997,WC4,,BLUTI,1,4,2,2,114,24,,,NE,K463958,5,,,K720484,485,,D,I03,,
1097,1998,95,,BLUTI,1,8,0,0,114,24,,8,EP,,,,,,,,M,K03,,
1106,1998,0P,,BLUTI,1,9,8,0,114,24,,,JD,K181544,6,,,,,,M,L00,,
1132,1998,D54b,,BLUTI,1,6,6,0,114,24,,,JP,,,N305578,5,,,,D,C09,,
1158,1999,5,,GRETI,1,9,8,6,114,24,,,NE,K720655,5,,,VS51042,1045 &47-48,,M,N01,,
1188,1999,74,,BLUTI,1,9,9,0,114,24,,,JD,K720639,5,,,,,,M,P-1,,
1208,1999,C07,,BLUTI,1,9,7,7,114,24,,,NE,,,,,N645367,373,,D,F07,,
1223,1999,D49,,GRETI,1,7,7,5,114,24,,,NE,NC90331,6,,,VS52116,120,,D,C08,,
1242,2000,5,,GRETI,1,11,10,0,114,23,,,JP,K720655,6,,,,,,M,N01,,
1248,2000,18,,GRETI,1,7,7,6,114,23,,,NE,,,,,VJ35458,463,,M,O01,,W2
1250,2000,22,,GRETI,1,6,6,6,114,23,,,NE,,,,,VJ35465,470,,M,O-2,,
1254,2000,28,,BLUTI,1,10,10,0,114,23,,,JD,N275424,5,,,,,,M,I03,,
1271,2000,81,,BLUTI,1,9,9,9,114,23,,,NE,N275448,6,,,N459800,808,,M,L07,,attacked by GSW
1272,2000,82,,BLUTI,1,8,8,8,114,23,,,NE,N645120,5,,,N459792,799,,M,L06,,
1294,2000,C23,,BLUTI,1,9,8,8,114,23,,,NE,,,,,,,,D,C08,,UNRINGED
1320,2001,14,,BLUTI,1,10,10,0,114,24,,,JD,N459710,6,,,,,,M,N-1,,all young dead
1329,2001,35,,GRETI,1,10,10,9,114,24,,,NE,P400105,5,,,VS51144,-152,,M,O03,,
1341,2001,65,,BLUTI,1,9,9,8,114,24,,,NE,N275204,6,,,N459950,-957,,M,O01,,
1378,2001,D91,,BLUTI,1,9,9,9,114,24,,,NE,,,,,N459901,-909,,D,D07,,
1387,2002,20,,GRETI,1,8,8,8,114,24,,,NE,,,,,VS50761,-768,,M,L05,,
1393,2002,36,,BLUTI,1,9,5,0,114,24,,,JD,N645470,5,,,,,,M,M-1,,wet weather
1415,2002,99,,GRETI,1,9,9,0,114,24,,,JP,P400457,,VS51192,5,,,,M,P04,,77 found only; suspect all dead weasel?
1449,2003,15,,BLUTI,1,10,8,8,114,24,,,NE,,,,,R558069,-76,,M,I02,,
1457,2003,37,,BLUTI,1,8,6,0,114,24,,,JP,R123791,5,,,,,,M,L00,,
1499,2003,A52,,GRETI,1,6,6,6,114,24,,,NE,,,,,VS50784,-789,,D,N03,,
1505,2003,A78,,GRETI,1,7,5,5,114,24,,,NE,,,,,VS50926,-930,,D,K08,,
1515,2003,B40,,GRETI,1,7,0,0,114,24,,7,EP,,,,,,,,D,D00,,
1543,2003,C73,,BLUTI,1,8,8,0,114,24,,,JD,,,,,,,,D,B05,,
1617,2004,B07,,BLUTI,1,10,10,10,114,23,,,NE,,,,,R558428,-437,,B,F-1,,
1618,2004,B12,,BLUTI,1,8,8,6,114,23,,,NE,R353253,5,,,R558420,& 423 - 427,,B,F-1,,
1635,2004,C19,,GRETI,1,8,8,6,114,23,,,NE,,,,,VS50872,-876,,C,D09,,
1636,2004,C27,,BLUTI,1,10,9,9,114,23,,,NE,R558199,5,,,R558601,-609,,C,D08,,
1647,2004,C61,,GRETI,1,10,10,8,114,23,,,NE,,,,,VS50835,-41,,C,B08,,
1676,2005,67,,BLUTI,1,9,7,2,114,24,,,NE,R353733,5,,,R558778,& 780,,M,H01,,
1687,2005,99,,GRETI,1,7,0,0,114,24,,7,EP,,,,,,,10,M,P04,,
1702,2005,A20,,GRETI,1,,0,0,114,24,,,EP,,,,,,,,D,Q02,,
1733,2005,B30,,BLUTI,1,8,8,0,114,24,,,JP,,,,,,,,D,G03,,
1746,2005,C10,,GRETI,1,10,0,0,114,24,,10,EP,,,,,,,,D,F07,,
1753,2005,C33,,GRETI,1,3,3,3,114,24,,,NE,,,,,TC61240,-242,13,D,D07,,
1755,2005,C38,,GRETI,1,5,5,0,114,24,,,JP,,,,,,,12,D,E05,,
1764,2005,C64,,GRETI,1,10,7,0,114,24,,,JP,,,,,,,,D,B08,,
1793,2006,42,,BLUTI,1,9,9,0,114,24,,,JD,R558352,6,,,,,,M,H01,,weather related death
1851,2006,A80,,GRETI,1,9,0,0,114,24,,9,EP,,,,,,,,D,L02,,
1862,2006,B29,,GRETI,1,7,0,0,114,24,,7,EP,R353779,6,,,,,,D,G03,,
1865,2006,B46,,GRETI,1,6,6,6,114,24,,,NE,T663105,5,,,TC61331,-335,,D,E00,,5 ringed only
1875,2006,C02,,GRETI,1,7,7,7,114,24,,,NE,,,,,TC61409,-415,,D,F05,,
1876,2006,C04,,BLUTI,1,,0,0,114,24,,2,ED,,,,,,,,D,F05,,
1917,2007,28,,BLUTI,1,8,0,0,114,24,,8,ED,V475109,5,,,,,,M,I03,,CP
1919,2007,33,,GRETI,1,7,7,7,114,24,,,NE,TC61418,5,,,BE34066,-72,,M,P-2,,MB
1951,2007,A35,,GRETI,1,8,6,6,114,24,,,NE,,,,,BE34112,-117,,M,L02,,CP
1954,2007,A47,,GRETI,1,8,8,7,114,24,,,NE,,,,,BE34124,-130,,M,L05,,
1977,2007,B20,,BLUTI,1,8,7,0,114,24,,,JP,V475079,5,,,,,,D,C01,,
1982,2007,B34,,GRETI,1,9,0,0,114,24,,9,ED,T663199,6,,,,,,D,F03,,
1988,2007,B61,,GRETI,1,9,7,3,114,24,,,NE,,,,,TC61259,-261,,D,D03,,
1994,2007,B75,,GRETI,1,9,9,0,114,24,,,JP,T663219,6,,,,,,D,C00,,
2001,2007,C15,,GRETI,1,,0,0,114,24,,2,EP,,,,,,,,D,E09,,
2006,2007,C27,,GRETI,1,8,7,1,114,24,,,NE,,,,,TC61383,,,D,D08,,
2009,2007,C33,,GRETI,1,8,0,0,114,24,,8,ED,,,,,,,,D,D07,,
2040,2008,55,,BLUTI,1,8,7,0,114,23,,,JD,R558986,6,,,,,,M,M-1,,weather
2041,2008,61,,COATI,1,10,0,0,114,23,,,JP,V053995,6,,,,,,M,Q-2,,
2077,2008,A81,,GRETI,1,4,4,0,114,23,,,JD,,,,,,,,D,P03,,weather
2146,2009,A45,,GRETI,1,8,0,0,114,24,,8,EP,,,,,,,,M,L05,,
2157,2009,A69,,GRETI,1,,0,0,114,24,,1,ED,,,,,,,,M,N04,,
2203,2010,33,,GRETI,1,11,0,0,114,24,,11,ED,,,,,,,,M,P-2,,
2225,2010,A17,,GRETI,1,9,9,0,114,24,,,JO,X649388,5,,,,,,M,P00,,
2226,2010,A18,,GRETI,1,6,5,5,114,24,,,NE,,,,,TJ49598,-601,,M,P00,,
2255,2010,B33,,GRETI,1,10,9,5,114,24,,,NE,,,,,TJ49777,-781,,D,F03,,
2278,2010,U08,,GRETI,1,9,9,6,114,24,,,NE,,,,,TJ49966,-971,,E,F03,,
2355,2011,B74,,GRETI,1,10,0,0,114,24,,,XD,,,,,,,,D,C00,,Bumble bee
2393,2012,46,,GRETI,1,6,6,0,114,23,,,JD,X649458,6,,,,,,M,L-1,,
2398,2012,65,,GRETI,1,,0,0,114,23,,3,ED,,,,,,,,M,H01,,
2400,2012,67,,GRETI,1,,0,0,114,23,,1,ED,,,,,,,,M,H01,,
2417,2012,A63,,GRETI,1,7,7,4,114,23,,,NE,,,,,TR47899,&900;884-885,,M,N06,,
2612,2014,DJA,,BLUTI,1,8,7,0,114,24,,,JD,,,,,,,,D,D07,,
2627,2015,37,,COATI,1,8,7,1,114,24,,,NE,,,,,D808401,403; 405,,M,K00,,
2649,2015,A49,,GRETI,1,5,5,4,114,24,,,NE,D309652,5,,,TV35771,-774,,M,L06,,
2666,2015,B19,,BLUTI,1,6,6,6,114,24,,,NE,L327972,5,,,D808439,-444,,D,F-3,,
2681,2015,C01,,BLUTI,1,10,9,7,114,24,,,NE,,,,,D808183,-189,,D,F05,,
,2021,D10,,BLUTI,1,12,4,0,114,24,,,JD,,,,,,,,,,,
,2021,J01,,BLUTI,1,8,8,6,114,24,,,NE,,,,,,,,,,,
,2021,N04,,BLUTI,1,9,0,0,114,24,,,EO,,,,,,,,,,,
,2021,E05,,GRETI,1,6,2,0,114,24,,,JD,,,,,,,,,,,
,2021,O01,,GRETI,1,6,5,0,114,24,,,JE,,,,,,,,,,,
,2022,G06,,BLUTI,1,8,7,6,114,24,,,NE,,,,,,,,,,,
,2022,P01,,BLUTI,1,10,6,0,114,24,,,JD,,,,,,,,,,,
,2022,P-2,,GRETI,1,7,7,7,114,24,,,NE,,,,,,,,,,,
,2023,43,,GRETI,1,8,6,6,114,24,,,NE,,,,,,,,,,,
,2023,8,,GRETI,1,7,7,7,114,24,,,NE,,,,,,,,,,,
,2023,B39,,BLUTI,1,11,0,0,114,24,,,JP,,,,,,,,,,,
,2023,C01,,GRETI,1,10,10,9,114,24,,,NE,,,,,,,,,,,
46,1980,53,,GRETI,1,11,11,11,115,24,,,NE,KR03835,4,,,NH52039,2049,,M,N02,,
50,1980,61,,BLUTI,1,13,12,12,115,24,,,NE,A213787,5,,,A213512,523,,M,L07,,
54,1980,92,,GRETI,1,11,6,6,115,24,,,NE,A213156,6,,,NH52005,2010,,M,H01,92.1,
102,1981,81,,GRETI,1,10,0,0,115,25,,10,EP,A319484,4,,,,,,M,O02,,
111,1982,21,,BLUTI,1,12,9,8,115,25,,,NE,A213046,6,,,A761569,576,,M,O00,,
121,1982,40,,BLUTI,1,9,9,8,115,25,,,NE,A761787,6,,,A761551,558,,M,Q01,,2 foster birds added 506&10
160,1983,40,,BLUTI,1,10,10,8,115,25,,,NE,B250102,6,,,B841501,508,,M,Q01,,
287,1985,79,,BLUTI,1,12,10,0,115,25,,,JP,B841865,5,,,,,,M,L03,,
356,1987,9,,GRETI,1,8,8,8,115,25,,,NE,B250711,6,,,VA30301,308,,M,Q01,,
363,1987,24,,BLUTI,1,9,8,8,115,25,,,NE,HX19877,5,,,E343072,3079,,M,K00,,
371,1987,37,,BLUTI,1,9,6,5,115,25,,,NE,B841890,6,,,E343183,187,,M,L00,,
381,1987,55,,GRETI,1,11,11,11,115,25,,,NE,VA30032,6,,,VA30363,373,,M,M-1,,
385,1987,59,,BLUTI,1,11,11,11,115,25,,,NE,B894584,6,,,E343140,150,,M,N06,,
389,1987,64,,BLUTI,1,10,10,10,115,25,,,NE,B774862,5,,,E343213,222,,M,F03,,
396,1987,79,,BLUTI,1,10,9,9,115,25,,,NE,B774848,6,,,E343112,120,,M,L03,,
399,1987,85,,BLUTI,1,9,9,9,115,25,,,NE,,,,,E343131,139,,M,L07,,
439,1988,49,,BLUTI,1,10,10,0,115,24,,,JP,E089115,6,,,,,,M,M03,,
456,1988,79,,BLUTI,1,9,0,0,115,24,,9,EP,B774848,6,C824065,5,,,,M,L03,,Suspect C824065 was male - killed at nest
457,1988,80,,BLUTI,1,9,9,9,115,24,,,NE,C824170,5,,,E343351,359,,M,O03,,
586,1990,83,,BLUTI,1,11,9,6,115,25,,,NE,,,,,F783123,128,,M,K06,,
593,1990,94,,GRETI,1,11,10,9,115,25,,,NE,A018040,6,,,VE62227,235,,M,N03,,
646,1992,33,,GRETI,1,10,4,0,115,24,,,JP,,,,,,,,M,L03,,
649,1992,37,,BLUTI,1,9,8,8,115,24,,,NE,F253007,6,,,H324589,596,,M,L00,,
669,1992,94,,GRETI,1,9,8,7,115,24,,,NE,,,,,VJ65658,664,,M,N03,,
681,1993,22,,GRETI,1,10,8,0,115,25,,,JP,,,,,,,,M,O-2,,
685,1993,33,,GRETI,1,5,0,0,115,25,,5,EP,,,,,,,,M,L03,,First egg in unlined nest
695,1993,52,,GRETI,1,7,7,7,115,25,,,NE,J033075,5,,,VJ65818,824,,M,Q03,,
698,1993,61,,GRETI,1,,0,0,115,25,,1,EP,,,,,,,,M,F01,,
700,1993,63,,GRETI,1,10,5,0,115,25,,,JP,,,,,,,,M,F03,,
713,1993,94,,GRETI,1,9,8,0,115,25,,,JP,J033205,5,,,,,,M,O05,,
736,1994,52,,GRETI,1,10,8,0,115,25,,,JD,J033075,6,,,,,,M,P04,,
755,1994,97,,BLUTI,1,11,11,0,115,25,,,JP,J033786,5,,,,,,M,K00,,
808,1995,D08,,BLUTI,1,8,8,8,115,25,,,NE,,5,,,K181973,980,,D,E08,,
846,1995,U00,,GRETI,1,5,5,5,115,25,,,NE,,,,,NN18136,140,,E,E01,,
949,1997,13,,BLUTI,1,8,8,0,115,25,,,JP,J522481,6,,,,,,M,P01,,
961,1997,37,,BLUTI,1,8,4,4,115,25,,,NE,K463575,5,K720057,5,K720515,58,,M,K00,,
998,1997,0O,,BLUTI,1,9,1,0,115,25,,9,JD,K463993,5,,,,,,M,P04,,
1011,1997,D21,,BLUTI,1,8,8,5,115,25,,,NE,K463762,5,,,K720456,58 60 62 63,,D,D07,,
1081,1998,57,,BLUTI,1,9,0,0,115,25,,9,EP,K463172,6,,,,,,M,F01,,
1088,1998,79,,BLUTI,1,8,8,6,115,25,,,NE,N305507,5,,,N645030,-34,,M,L03,,
1091,1998,84,,BLUTI,1,8,6,5,115,25,,,NE,N305596,5,,,N645049,5053,,M,H04,,1 runt egg
1107,1998,0Q,,GRETI,1,8,0,0,115,25,,8,EP,,,,,,,,M,L00,,
1145,1998,H02,,BLUTI,1,,0,0,115,25,,1,EP,,,,,,,,D,E04,,
1168,1999,32,,GRETI,1,7,7,6,115,25,,,NE,,,,,VS51069,1074,,M,P00,,
1171,1999,37,,BLUTI,1,8,8,0,115,25,,,JD,K463948,6,,,,,,M,K00,,
1187,1999,71,,GRETI,1,7,7,7,115,25,,,NE,,,,,VS51024,1030,,M,J03,,
1216,1999,D14a,,BLUTI,1,9,9,0,115,25,,,JD,,,,,,,,D,D09,,
1234,1999,H07,,BLUTI,1,6,4,0,115,25,,,JD,N275013,6,,,,,,D,D03,,
1259,2000,43,,BLUTI,1,10,10,2,115,24,,,NE,K720594,6,,,N459842,& 847,,M,G02,,
1263,2000,52,,GRETI,1,5,0,0,115,24,,5,EP,,,,,,,,M,P04,,
1265,2000,61,,GRETI,1,9,0,0,115,24,,9,EP,,,,,,,,M,G02,,
1282,2000,0H,,BLUTI,1,8,8,0,115,24,,,JD,N459710,5,,,,,,M,O-1,,
1335,2001,50,,GRETI,1,8,8,8,115,25,,,NE,,,,,VS51136,-143,,M,L06,,
1352,2001,0G,,BLUTI,1,9,7,5,115,25,,,NE,,,,,N645472,-476,,M,I01,,
1355,2001,0P,,BLUTI,1,9,9,4,115,25,,,NE,N645294,6,,,N645459,-462,,M,L00,,
1359,2001,C21,,BLUTI,1,10,10,10,115,25,,,NE,,,,,N459910,-919,,D,C09,,
1363,2001,C35,,BLUTI,1,9,9,9,115,25,,,NE,,,,,N459920,-928,,D,C04,,
1468,2003,61,,GRETI,1,3,0,0,115,25,,3,EP,,,,,,,,M,H02,,
1491,2003,A18,,GRETI,1,6,6,5,115,25,,,NE,,,,,VS50779,-783,,D,Q01,,
1498,2003,A43,,GRETI,1,4,4,1,115,25,,,NE,,,,,VS50798,,,D,K02,,
1526,2003,C08,,GRETI,1,10,6,2,115,25,,,NE,,,,,VS50937,-940,,D,F07,,
1532,2003,C37,,GRETI,1,9,8,0,115,25,,,JD,,,,,,,,D,E05,,
1537,2003,C56,,BLUTI,1,5,4,0,115,25,,,JP,,,,,,,,D,D07,,
1538,2003,C57,,GRETI,1,6,6,6,115,25,,,NE,,,,,VS50901,-906,,D,D07,,
1541,2003,C65,,BLUTI,1,6,6,0,115,25,,,JD,,,,,,,,D,B08,,
1542,2003,C72,,GRETI,1,9,8,0,115,25,,,JP,,,,,,,,D,B07,,
1549,2004,8,,MARTI,1,4,3,3,115,24,,,NE,N459769,6,,,R558610,-612,,M,P-1,,
1551,2004,13,,BLUTI,1,10,7,6,115,24,,,NE,R558085,5,,,R558622,-627,,M,P01,,
1567,2004,55,,GRETI,1,5,5,5,115,24,,,NE,,,,,VS50862,-866,,M,M-1,,
1568,2004,58,,BLUTI,1,9,6,0,115,24,,,JD,,,,,,,,M,N06,,
1570,2004,63,,GRETI,1,5,3,1,115,24,,,NE,,,,,VS50886,,,M,H04,,
1582,2004,88,,BLUTI,1,8,7,7,115,24,,,NE,R558190,5,,,R558633,-639,,M,P05,,
1595,2004,A21,,BLUTI,1,5,0,0,115,24,,5,EP,,,,,,,,A,Q03,,
1612,2004,A78,,GRETI,1,7,7,6,115,24,,,NE,,,,,TC61076,-81,,A,K08,,
1631,2004,B73,,GRETI,1,6,6,6,115,24,,,NE,,,,,TC61122,-127,,B,C01,,
1638,2004,C32,,GRETI,1,7,7,7,115,24,,,NE,,,,,VS50852,-858,,C,E06,,
1672,2005,56,,BLUTI,1,,0,0,115,25,,6,ED,,,,,,,,M,L06,,
1674,2005,58,,BLUTI,1,8,6,3,115,25,,,NE,R353892,5,,,R558791,-793,,M,N06,,
1705,2005,A28,,GRETI,1,,0,0,115,25,,,EP,,,,,,,,D,O01,,
1708,2005,A35,,GRETI,1,5,3,0,115,25,,,JD,,,,,,,,D,M01,,
1710,2005,A41,,BLUTI,1,7,0,0,115,25,,7,EP,R353639,5,,,,,,D,L01,,
1712,2005,A45,,GRETI,1,7,6,0,115,25,,,JP,,,,,,, ,D,K02,,
1727,2005,B11,,GRETI,1,6,6,4,115,25,,,NE,,,,,TC61154,-157,,D,E-1,,
1736,2005,B46,,GRETI,1,7,7,3,115,25,,,NE,R353779,5,,,TC61165,-167,,D,E00,,
1767,2005,C81,,GRETI,1,5,4,0,115,25,,,JD,R502985,6,,,,,,D,C04,,
1798,2006,51,,GRETI,1,8,0,0,115,25,,8,EP,,,,,,,,M,L04,,
1813,2006,0A,,BLUTI,1,9,0,0,115,25,,9,EP,,,,,,,,M,J00,,
1846,2006,A64,,GRETI,1,4,0,0,115,25,,4,EP,,,,,,,,D,N03,,
1854,2006,A86,,GRETI,1,9,0,0,115,25,,9,EP,,,,,,,,D,K05,,
1855,2006,A90,,GRETI,1,8,0,0,115,25,,8,EP,,,,,,,,D,K05,,
1894,2006,C68,,GRETI,1,9,9,6,115,25,,,NE,,,,,TC61423,-428,,D,C07,,
1901,2006,EBL,,BLUTI,1,9,7,0,115,25,,,JP,T663282,6,,,,,,E,C03,,
1910,2006,U10,,GRETI,1,7,7,3,115,25,,,NE,,,,,TC61194,-196,,E,D05,,
1918,2007,32,,GRETI,1,6,4,0,115,25,,,JD,R558998,5,,,,,,M,J00,,
1973,2007,B15,,BLUTI,1,8,6,0,115,25,,,JD,R353814,6,,,,,,D,D03,,
1993,2007,B74,,GRETI,1,8,8,0,115,25,,,JD,,,,,,,,D,C00,,
2005,2007,C24,,GRETI,1,8,6,3,115,25,,,NE,,,,,BE34083,-8486,,D,D09,,
2015,2007,U02,,GRETI,1,6,6,0,115,25,,,JD,,,,,,,,E,K00,,
2031,2008,34,,BLUTI,1,10,10,0,115,24,,,JP,,,,,,,,M,I02,,
2115,2009,9,,GRETI,1,5,0,0,115,25,,5,EP,,,,,,,,M,Q-2,,
2208,2010,48,,GRETI,1,9,8,7,115,25,,,NE,,,,,TJ49891,-897,,M,H01,,
2231,2010,A31,,GRETI,1,5,5,4,115,25,,,NE,,,,,TJ49681,-684,,M,L01,,
2235,2010,A46,,BLUTI,1,10,9,9,115,25,,,NE,X649460,6,,,L327530,-538,,M,L05,,
2254,2010,B31,,GRETI,1,9,5,5,115,25,,,NE,,,,,TJ49751,-755,,D,F04,,
2272,2010,C31,,BLUTI,1,10,10,10,115,25,,,NE,X497695,5,,,L327509,-518,,D,D07,,
2292,2011,42,,BLUTI,1,6,6,0,115,25,,,JD,L731018,5,,,,,,M,P-2,,
2323,2011,A63,,GRETI,1,8,8,4,115,25,,,NE,TJ49797,5,,,TR47779,-782,,M,N06,,
2357,2011,B78,,GRETI,1,7,6,6,115,25,,,NE,,,,,,,,D,C00,,young unringed
2447,2012,B61,,BLUTI,1,4,3,3,115,24,,,NE,,,,,V666580,-582,,D,D02,,
2452,2012,B78,,GRETI,1,8,7,6,115,24,,,NE,,,,,TR47674,-679,,D,C00,,
2464,2012,C31,,BLUTI,1,10,9,1,115,24,,,NE,X649374,6,,,L327575,,5,D,D07,,
2577,2014,B16,,GRETI,1,8,0,0,115,25,,8,ED,,,,,,,,D,D03,,
2600,2014,C35,,BLUTI,1,11,8,0,115,25,,,JD,,,,,,,,D,D07,,
2621,2015,23,,GRETI,1,7,6,4,115,25,,,NE,,,,,TV35555,56-58,,M,K00,,
2622,2015,26,,BLUTI,1,9,9,7,115,25,,,NE,D904479,5,,,D808430,-32; 34-37,,M,J02,,
2636,2015,60,,GRETI,1,6,6,0,115,25,,,JD,,,,,,,,M,R-2,,
2655,2015,A66,,GRETI,1,6,5,4,115,25,,,NE,,,,,TV35767,-770,,M,N05,,
,2021,E05,,BLUTI,1,4,4,4,115,25,,,NE,,,,,,,,,,,
,2021,F04,,BLUTI,1,7,6,0,115,25,,,JP,,,,,,,,,,,
,2021,H01,,BLUTI,1,5,5,5,115,25,,,NE,,,,,,,,,,,
,2021,J02,,BLUTI,1,7,7,6,115,25,,,NE,,,,,,,,,,,
,2021,L00,,BLUTI,1,8,6,2,115,25,,,NE,,,,,,,,,,,
,2021,L07,,BLUTI,1,9,7,7,115,25,,,NE,,,,,,,,,,,
,2021,N-1,,BLUTI,1,10,4,4,115,25,,,NE,,,,,,,,,,,
,2021,Q01,,BLUTI,1,9,5,4,115,25,,,NE,,,,,,,,,,,
,2021,S-1,,BLUTI,1,10,10,3,115,25,,,NE,,,,,,,,,,,
,2021,K00,,GRETI,1,7,7,2,115,25,,,NE,,,,,,,,,,,
,2021,M07,,GRETI,1,8,5,3,115,25,,,NE,,,,,,,,,,,
,2022,C00,,BLUTI,1,1,0,0,115,25,,,ED,,,,,,,,,,,
,2022,E09,,BLUTI,1,8,8,6,115,25,,,NE,,,,,,,,,,,
,2023,A66,,BLUTI,1,12,8,7,115,25,,,NE,,,,,,,,,,,
9,1979,39,,BLUTI,1,11,9,9,116,26,,,NE,KR03519,6,,,KR03510,518,,M,P01,,
83,1981,49,,BLUTI,1,11,11,11,116,26,,,NE,A213762,6,,,A761066,1076,,M,O05,,
114,1982,29,,BLUTI,1,12,0,0,116,26,,12,ED,,,,,,,,M,N-1,29.1,
123,1982,42,,BLUTI,1,9,9,8,116,26,,,NE,A436293,6,KS25154,6,A761587,594,,M,K05,,
129,1982,59,,BLUTI,1,12,12,10,116,26,,,NE,A761202,5,,,A761577,586,,M,N05,,
136,1982,88,,BLUTI,1,10,10,10,116,26,,,NE,KS25459,6,,,A761559,568,,M,Q00,,2 foster birds added 505&09
139,1982,91,,GRETI,1,10,10,9,116,26,,,NE,B250116,5,,,NJ02969,979 but two missing,,M,K04,,
256,1985,28,,BLUTI,1,11,10,10,116,26,,,NE,A761620,6,,,C683075,3084,,M,O-1,,
355,1987,6,,GRETI,1,10,10,10,116,26,,,NE,HX19817,5,,,VA30340,349,,M,N01,,
364,1987,27,,BLUTI,1,8,0,0,116,26,,8,EP,,,,,,,,M,K03,,
369,1987,33,,GRETI,1,11,11,11,116,26,,,NE,HX19876,5,,,VA30412,422,,M,L03,,
370,1987,34,,GRETI,1,12,12,12,116,26,,,NE,B774861,5,,,VA30423,434,,M,M07,,
372,1987,38,,GRETI,1,9,9,3,116,26,,,NE,HX19886,5,,,VA30376,379 &382,,M,F01,,
377,1987,48,,GRETI,1,12,0,0,116,26,,12,ED,HX19800,5,,,,,,M,H01,,
387,1987,62,,GRETI,1,11,11,11,116,26,,,NE,C570326,6,,,VA30383,393,,M,F02,,
395,1987,75,,GRETI,1,9,9,2,116,26,,,NE,A319957,6,,,VA30331,& 338,,M,K03,,Wet weather
417,1988,18,,GRETI,1,10,10,0,116,25,,,JP,C570354,6,,,,,,M,O01,,
420,1988,24,,BLUTI,1,9,9,8,116,25,,,NE,B774967,5,,,E343360,366 & 368,,M,K00,,
423,1988,29,,BLUTI,1,10,0,0,116,25,,10,EP,,,,,,,,M,N05,,
432,1988,40,,BLUTI,1,8,7,7,116,25,,,NE,B774969,5,,,E343301,307,,M,I01,,
436,1988,45,,BLUTI,1,10,10,0,116,25,,,JP,E343242,5,,,,,,M,G04,,
442,1988,56,,BLUTI,1,8,8,8,116,25,,,NE,E343166,5,,,E343337,344,,M,L07,,
460,1988,88,,BLUTI,1,10,0,0,116,25,,10,ED,C824505,5,,,,,,M,N03,88.1,
500,1989,46,,BLUTI,1,12,10,9,116,26,,,NE,A018077,5,,,F485639,647,,M,H03,,
521,1989,74,,BLUTI,1,12,11,10,116,26,,,NE,HX19732,6,,,F485501,& 502 - 511,3,M,P-1,,
537,1989,96,,BLUTI,1,5,1,0,116,26,,,JD,E893134,5,,,,,,M,P02,,
546,1990,12,,GRETI,1,9,9,0,116,26,,,JP,C824106,6,,,,,,M,P00,,
548,1990,20,,GRETI,1,11,0,0,116,26,,11,ED,B774996,6,,,,,,M,L05,,
568,1990,50,,BLUTI,1,12,12,2,116,26,,,NE,KK67896,6,,,F783129,130,,M,K07,,
572,1990,59,,BLUTI,1,9,9,8,116,26,,,NE,E893085,6,,,F783146,153,,M,N06,,
599,1991,13,,BLUTI,1,8,8,8,116,26,,,NE,E893220,6,,,F783212,219,,M,P01,,
600,1991,14,,BLUTI,1,8,7,6,116,26,,,NE,F253007,6,,,F783220,225,,M,N-1,,
604,1991,24,,BLUTI,1,10,10,5,116,26,,,NE,E343094,6,,,F783249,253,,M,K00,,Attacked by GRSWO
609,1991,37,,BLUTI,1,9,6,5,116,26,,,NE,E343384,6,,,F783244,248,,M,L00,,
647,1992,34,,GRETI,1,9,8,8,116,25,,,NE,,,,,VJ65650,657,,M,M07,,
654,1992,47,,BLUTI,1,9,9,9,116,25,,,NE,F783474,5,,,H324571,579,,M,J03,,
660,1992,74,,BLUTI,1,12,12,9,116,25,,,NE,H229308,5,,,H324580,588,,M,P-1,,
662,1992,76,,GRETI,1,8,8,8,116,25,,,NE,,,H229313,6,VJ65643,649,,M,J03,,
663,1992,79,,BLUTI,1,9,9,8,116,25,,,NE,F783267,5,,,H324617,624,,M,L03,,
684,1993,32,,GRETI,1,9,9,0,116,26,,,JP,H623765,5,,,,,,M,P00,,
737,1994,53,,GRETI,1,10,9,0,116,26,,,JP,,,,,,,,M,O-1,,
738,1994,55,,GRETI,1,5,4,0,116,26,,,JP,,,,,,,,M,M-1,,
743,1994,71,,GRETI,1,5,0,0,116,26,,5,EP,,,,,,,,M,J03,,
744,1994,74,,BLUTI,1,8,8,7,116,26,,,NE,J033756,5,,,J639110,116,,M,P-1,74.2,Tit & Wren building concurrently. BLUTI won.
833,1995,D84,,BLUTI,1,12,12,12,116,26,,,NE,J522635,5,,,K181888,899,,D,D04,,
839,1995,D97,,GRETI,1,6,2,2,116,26,,,NE,J522413,5,J522613,5,NC90334,335,,D,C08,,
843,1995,H5A,,GRETI,1,6,5,5,116,26,,,NE,,,J522290,5,NC90349,50 NN18133 135,,D,E04,,
850,1995,U06,,GRETI,1,10,10,9,116,26,,,NE,J522296,6,J033128,6,VJ35040,5048,,E,D05,,
958,1997,33,,GRETI,1,6,6,1,116,26,,,NE,K729381,5,K463950,5,VV34148,,5,M,L03,,
993,1997,0B,,BLUTI,1,9,9,6,116,26,,,NE,K463990,5,,,K720540,545,,M,I01,,
1000,1997,0Q,,GRETI,1,5,4,4,116,26,,,NE,K463657,5,,,VV34128,131,,M,L00,,
1025,1997,D62,,BLUTI,1,7,4,3,116,26,,,NE,J522617,6,,,K720464,466,,D,D07,,One bird (the unringed runt) failed to fledge
1028,1997,D79,,BLUTI,1,10,10,0,116,26,,,JP,K181548,6,,,,,1,D,E04,,All died with female - weasel?
1036,1997,H11,,BLUTI,1,7,6,6,116,26,,,NE,K463391,6,,,K720471,476,,D,C03,,
1068,1998,33,,GRETI,1,,0,0,116,26,,1,EP,,,,,,,,M,L03,,
1069,1998,34,,GRETI,1,9,9,0,116,26,,,JP,VV34110,5,,,,,,M,M07,,
1082,1998,60,,BLUTI,1,8,0,0,116,26,,8,EP,,,,,,,,M,G01,,
1083,1998,61,,GRETI,1,,0,0,116,26,,1,EP,,,,,,,,M,F01,,
1095,1998,91,,GRETI,1,,0,0,116,26,,4,ED,,,,,,,18,M,N05,,
1096,1998,94,,GRETI,1,8,8,5,116,26,,,NE,K463031,6,,,VR78727,&29-32,,M,I03,,Young probably escaped predator
1129,1998,D44,,BLUTI,1,7,7,0,116,26,,,JD,K720091,6,,,,,,D,C06,,
1163,1999,14,,BLUTI,1,10,6,0,116,26,,,JD,N305523,6,,,,,,M,N-1,,Nest to NNRC
1170,1999,35,,GRETI,1,9,8,6,116,26,,,NE,,,,,VS51089,90 &92-95,,M,O03,,
1177,1999,50,,GRETI,1,9,9,5,116,26,,,NE,,,,,VS51083,1087,,M,L06,,
1191,1999,81,,GRETI,1,6,6,2,116,26,,,NE,,,,,VS51031,& 1033,,M,L07,,
1194,1999,86,,BLUTI,1,10,10,4,116,26,,,NE,K720595,5,,,N645296,299,,M,J03,,
1195,1999,89,,BLUTI,1,8,5,0,116,26,,,JD,,,,,,,,M,N05,,
1227,1999,D61,,GRETI,1,8,8,8,116,26,,,NE,,,,,VS51108,115,,D,D07,,
1236,1999,H10,,GRETI,1,7,7,7,116,26,,,NE,,,,,VS51129,135,,D,C03,,
1257,2000,35,,GRETI,1,7,0,0,116,25,,7,ED,,,,,,,,M,O03,,W3
1260,2000,48,,GRETI,1,8,0,0,116,25,,8,ED,,,,,,,,M,H01,,
1268,2000,67,,BLUTI,1,8,8,1,116,25,,,NE,N645178,5,,,N459836,,,M,G01,,
1277,2000,95,,GRETI,1,4,0,0,116,25,,4,EP,,,,,,,,M,K03,,
1309,2000,D66,,BLUTI,1,10,8,6,116,25,,,NE,,,,,N645408,413,,D,E04,,
1362,2001,C34,,GRETI,1,8,8,8,116,26,,,NE,,,,,VS51153,-160,,D,C05,,
1366,2001,C41,,BLUTI,1,10,10,6,116,26,,,NE,,,,,N459940,-945,,D,C03,,
1494,2003,A25,,GRETI,1,6,0,0,116,26,,,EP,,,,,,,,D,O00,,
1554,2004,20,,GRETI,1,5,5,5,116,25,,,NE,,,,,VS50867,-871,,M,L05,,
1571,2004,64,,GRETI,1,,0,0,116,25,,5,ED,,,,,,,,M,O03,,
1604,2004,A43,,BLUTI,1,8,7,4,116,25,,,NE,,,,,R558369, & 71 - 73,,A,K02,,
1614,2004,A90,,BLUTI,1,10,9,7,116,25,,,NE,R502938,5,,,R558375,- 383 not 77 81,,A,L04,,
1640,2004,C39,,GRETI,1,8,0,0,116,25,,8,ED,,,,,,,,C,E05,,
1642,2004,C45,,GRETI,1,10,10,4,116,25,,,NE,,,,,VS50814,& 17 18 20,,C,D04,,
1651,2004,C79,,GRETI,1,7,5,5,116,25,,,NE,,,,,VS50822,-826,,C,C04,,
1653,2005,5,,GRETI,1,7,0,0,116,26,,7,EP,,,,,,,,M,N01,,
1654,2005,9,,BLUTI,1,10,8,0,116,26,,,JD,R558085,6,,,,,,M,P01,,
1669,2005,50,,GRETI,1,6,6,0,116,26,,,JD,,,,,,,,M,L06,,
1680,2005,84,,BLUTI,1,9,9,0,116,26,,,JD,R353873,5,,,,,,M,H04,,
1701,2005,A19,,GRETI,1,7,0,0,116,26,,7,EP,,,,,,,,D,Q02,,
1728,2005,B17,,GRETI,1,7,7,7,116,26,,,NE,,,,,TC61158,-164,,D,F00,,
1732,2005,B25,,GRETI,1,8,0,0,116,26,,8,EP,,,,,,,,D,G03,,
1748,2005,C14,,BLUTI,1,10,0,0,116,26,,10,ED,R353711,5,,,,,,D,E09,,
1808,2006,88,,BLUTI,1,5,0,0,116,26,,5,EP,,,,,,,,M,O05,,
1812,2006,97,,BLUTI,1,9,0,0,116,26,,9,EP,R558632,6,,,,,,M,L00,,confirmed weasel
1816,2006,A02,,GRETI,1,,0,0,116,26,,1,EP,,,,,,,,D,Q00,,
1866,2006,B54,,GRETI,1,10,7,7,116,26,,,NE,T663262,5,,,TC61324,-330,,D,D00,,
1932,2007,64,,GRETI,1,8,6,2,116,26,,,NE,,,,,BE34075,-79,,M,K01,,
1987,2007,B56,,GRETI,1,7,6,0,116,26,,,JD,,,,,,,,D,C01,,
2066,2008,A55,,BLUTI,1,9,5,4,116,25,,,NE,V475391,6,,,V666739,-742,,M,L08,,
2170,2009,B55,,GRETI,1,8,8,8,116,26,,,NE,,,,, TJ49739,-746,,D,D02,,
2190,2009,U06,,GRETI,1,7,6,1,116,26,,,NE,,,,,TJ49855,,,E,K02,,
2210,2010,52,,GRETI,1,6,6,6,116,26,,,NE,TJ49843,5,,,TJ49879,-884,,M,N-1,,
2212,2010,54,,GRETI,1,9,9,6,116,26,,,NE,,,,,TJ49885,-890,,M,K00,,
2224,2010,A12,,GRETI,1,5,5,0,116,26,,,JD,,,,,,,,M,Q01,,
2240,2010,A58,,GRETI,1,7,7,7,116,26,,,NE,,,,,TJ49951,-957,,M,L07,,
2268,2010,C24,,GRETI,1,11,11,11,116,26,,,NE,,,,,TJ49997,0-20,,D,D09,,
2270,2010,C27,,GRETI,1,9,9,9,116,26,,,NE,,,,,TJ49972,-980,,D,D08,,
2273,2010,C33,,GRETI,1,9,9,4,116,26,,,NE,,,,,TR47529,-532,,D,D07,,
2294,2011,47,,GRETI,1,7,6,0,116,26,,,JD,,,,,,,,M,I01,,
2302,2011,66,,BLUTI,1,8,3,2,116,26,,,NE,L731006,5,,,L327545,&547,,M,J01,,
2336,2011,B07,,GRETI,1,,0,0,116,26,,,EO,,,,,,,,D,F-1,,
2337,2011,B09,,GRETI,1,7,6,4,116,26,,,NE,,,,,TR47643,-646,,D,F-2,,
2338,2011,B11,,GRETI,1,7,4,0,116,26,,,JD,,,,,,,,D,F-1,,
2354,2011,B72,,GRETI,1,7,5,0,116,26,,,JD,,,,,,,,D,C02,,
2358,2011,C01,,BLUTI,1,9,8,0,116,26,,,JD,L327701,5,,,,,,D,F05,,
2425,2012,A76,,BLUTI,1,9,0,0,116,25,,9,EP,X649773,6,,,,,,M,O03,,
2429,2012,A82,,BLUTI,1,9,8,0,116,25,,,JD,L731521,5,,,,,,M,Q03,,
2441,2012,B37,,GRETI,1,5,5,0,116,25,,,JP,,,,,,,,D,E01,,
2563,2014,A65,,BLUTI,1,9,5,3,116,26,,,NE, L731888,6,,,D808156,-158,,M,N06,,
2574,2014,B10,,GRETI,1,9,7,0,116,26,,,JD,,,,,,,,D,F-2,,
2585,2014,B37,,GRETI,1,8,8,0,116,26,,,JD,,,,,,,,D,E01,,
2590,2014,B69,,GRETI,1,9,9,0,116,26,,,JD,,,,,,,,D,C02,,
2601,2014,DA5,,BLUTI,1,7,6,0,116,26,,,JD,,,,,,,,D,Q-2,,
2603,2014,DA9,,BLUTI,1,7,6,0,116,26,,,JD, L731210,6,,,,,,D,O-2,,
2628,2015,38,,GRETI,1,7,0,0,116,26,,,EO,,,,,,,,M,H02,,
2647,2015,A40,,GRETI,1,4,3,3,116,26,,,NE,TJ49843,6,,,TV35758,-760,,M,M03,,
2656,2015,A69,,BLUTI,1,10,10,0,116,26,,,JD,D309767,5,,,,,,M,N04,,
,2021,E06,,BLUTI,1,9,5,5,116,26,,,NE,,,,,,,,,,,
,2021,E07,,BLUTI,1,10,10,3,116,26,,,NE,,,,,,,,,,,
,2021,E09,,BLUTI,1,8,0,0,116,26,,,EP,,,,,,,,,,,
,2021,F06,,BLUTI,1,5,0,0,116,26,,,EP,,,,,,,,,,,
,2021,O03,,BLUTI,1,7,7,2,116,26,,,NE,,,,,,,,,,,
,2021,P-2,,BLUTI,1,6,4,4,116,26,,,NE,,,,,,,,,,,
,2021,E-3,,GRETI,1,6,5,2,116,26,,,NE,,,,,,,,,,,
,2021,E09,,GRETI,1,5,2,2,116,26,,,NE,,,,,,,,,,,
,2021,O-2,,GRETI,1,6,4,0,116,26,,,JD,,,,,,,,,,,
,2021,R-2,,GRETI,1,6,6,0,116,26,,,JD,,,,,,,,,,,
,2022,E-4,,BLUTI,1,8,8,0,116,26,,,JD,,,,,,,,,,,
,2022,M01,,BLUTI,1,8,5,4,116,26,,,NE,,,,,,,,,,,
,2022,P01,,GRETI,1,3,3,0,116,26,,,JD,,,,,,,,,,,
,2023,A40,,GRETI,1,6,5,4,116,26,,,NE,,,,,,,,,,,
,2023,C07,,BLUTI,1,10,1,0,116,26,,,XD,,,,,,,,,,,
,2023,C28,,BLUTI,1,10,10,10,116,26,,,NE,,,,,,,,,,,
,2023,A58,,BLUTI,1,8,0,0,116,26,,,JD,,,,,,,,,,,
15,1979,58,,BLUTI,1,10,9,9,117,27,,,NE,KR03231,5,,,KR03520,528,,M,O05,,
32,1980,25,,BLUTI,1,14,14,14,117,26,,,NE,A213798,5,,,A213562,575,,M,P00,,
51,1980,77,,BLUTI,1,9,8,8,117,26,,,NE,A213837,5,,,A213940,947,,M,O04,,
86,1981,51,,GRETI,1,,0,0,117,27,,2,EU,,,,,,,,M,N06,,Taken over by TRESP
99,1981,73,,COATI,1,10,0,0,117,27,,10,EP,A319023,5,,,,,,M,L03,73.1,Usurped by TRESP
117,1982,33,,GRETI,1,12,12,11,117,27,,,NE,B131746,4,,,NJ02938,949,,M,N00,,
257,1985,33,,GRETI,1,10,8,8,117,27,,,NE,B774588,6,,,VA30019,30026,,M,K03,,
354,1987,-1,,GRETI,1,10,8,8,117,27,,,NE,B774857,5,,,VA30394,400,,M,Q02,,Runt unringed
379,1987,50,,GRETI,1,10,0,0,117,27,,10,ED,B774858,5,,,,,,M,K07,,
392,1987,71,,GRETI,1,11,11,3,117,27,,,NE,C570005,6,,,VA30402,to 405 & 410,,M,I03,,
403,1987,91,,GRETI,1,11,11,11,117,27,,,NE,B774649,6,,,VA30435,445,,M,N05,,
407,1987,99,,GRETI,1,14,7,1,117,27,,,NE,HX19915,5,,,VA30463,,,M,N04,,Several eggs lost in lining
430,1988,37,,BLUTI,1,8,0,0,117,26,,8,EP,,,,,,,,M,L00,37.1,Not sure if same female as 37.2
503,1989,49,,BLUTI,1,11,11,11,117,27,,,NE,E893064,5,,,F485550,560,,M,L03,,
549,1990,22,,GRETI,1,9,9,8,117,27,,,NE,A018471,5,,,VE62205,212,,M,O-2,,
551,1990,24,,BLUTI,1,11,8,8,117,27,,,NE,,,,,F783090,3097,,M,K00,,
558,1990,34,,GRETI,1,9,9,7,117,27,,,NE,E893077,6,,,VE62220,226,,M,M07,,
569,1990,52,,GRETI,1,9,0,0,117,27,,9,EP,VE62022,5,,,,,,M,Q02,,
571,1990,58,,BLUTI,1,10,8,8,117,27,,,NE,,,,,F783138,145,,M,N06,,
574,1990,61,,BLUTI,1,9,8,7,117,27,,,NE,E343335,6,,,F783098,3099 & 101-105,,M,F01,,
575,1990,62,,BLUTI,1,9,8,8,117,27,,,NE,F783004,5,,,F783106,113,,M,F02,,
578,1990,71,,GRETI,1,8,0,0,117,27,,8,ED,,,,,,,,M,J03,,
605,1991,28,,BLUTI,1,9,8,2,117,27,,,NE,F783002,6,,,F783239,& 241,,M,O-1,,
639,1992,18,,GRETI,1,7,7,7,117,26,,,NE,A018471,6,,,VJ65610,616,,M,O01,,
652,1992,45,,BLUTI,1,11,11,11,117,26,,,NE,A018077,6,,,H324606,616,,M,G04,,
665,1992,81,,BLUTI,1,12,12,0,117,26,,,JD,,,,,,,,M,K06,,Wet weather
724,1994,27,,GRETI,1,9,9,3,117,27,,,NE,H609622,5,,,VN47623,625,,M,L04,,
742,1994,68,,GRETI,1,9,8,4,117,27,,,NE,J033104,6,,,VN47611,612 14 15,,M,F04,,
910,1996,D17B,,MARTI,1,9,7,7,117,26,,,NE,J522347,6,,,K720006,20012,,D,D08,,
980,1997,75,,GRETI,1,,0,0,117,27,,3,ED,,,,,,,8,M,K03,,
989,1997,95,,GRETI,1,7,6,4,117,27,,,NE,K463555,5,VV34029,5,VV34143,146,,M,K03,,
1212,1999,D04a,,BLUTI,1,8,6,3,117,27,,,NE,N645090,5,,,N645383,84 86,,D,E06,,
1235,1999,H09,,GRETI,1,7,7,0,117,27,,,JD,K720667,5,,,,,,D,C03,,
1258,2000,40,,COATI,1,9,9,8,117,26,,,NE,N275268,5,,,N459827,834,,M,P-1,,
1321,2001,18,,GRETI,1,5,5,0,117,27,,5,JP,,,,,,,,M,O01,,
1332,2001,46,,BLUTI,1,9,9,8,117,27,,,NE,N459894,5,,,N645485,-492,,M,G03,,box attacked by GSW believed most fledged
1356,2001,0R,,GRETI,1,10,10,0,117,27,,,JP,,,,,,,,M,K00,,
1371,2001,D19,,BLUTI,1,11,10,10,117,27,,,NE,,,,,N459984,-992,,D,F09,,
1487,2003,A05,,BLUTI,1,7,6,0,117,27,,,JP,R502531,5,,,,,,D,R-1,,
1510,2003,B18,,GRETI,1,,0,0,117,27,,1,EP,,,,,,,,D,F00,,
1561,2004,37,,BLUTI,1,7,7,6,117,26,,,NE,R353218,5,,,R558641,- 647 not 44,,M,L00,,
1586,2004,96,,BLUTI,1,7,5,0,117,26,,,JD,R502883,5,,,,,,M,O03,,
1597,2004,A25,,GRETI,1,4,0,0,117,26,,4,EP,,,,,,,,A,O00,,
1602,2004,A40,,GRETI,1,8,0,0,117,26,,8,ED,,,,,,,,A,L01,,
1603,2004,A41,,BLUTI,1,9,9,8,117,26,,,NE,,,,,R558359,- 367 not 61,,A,L01,,
1609,2004,A64,,GRETI,1,9,7,7,117,26,,,NE,,,,,TC61083,-89,,A,M05,,
1630,2004,B72,,BLUTI,1,7,7,5,117,26,,,NE,R502990,5,,,R558413,-417,,B,C02,,
1662,2005,37,,BLUTI,1,8,8,6,117,27,,,NE,R353640,5,,,R558768,69 71 73 74,,M,K00,,
1675,2005,63,,GRETI,1,,0,0,117,27,,,EP,,,,,,,,M,H04,,
1683,2005,89,,BLUTI,1,8,6,6,117,27,,,NE,R123758,6,,,R558794,-799,,M,N05,,
1686,2005,96,,BLUTI,1,6,6,6,117,27,,,NE,R353723,5,,,R558747,-752,,M,O03,,
1696,2005,A09,,GRETI,1,7,0,0,117,27,,7,EP,,,,,,,,D,Q-2,,
1698,2005,A13,,GRETI,1,7,0,0,117,27,,7,EP,,,,,,,,D,Q02,,
1718,2005,A67,,GRETI,1,9,8,6,117,27,,,NE,,,,,TC61230,-234,,D,M06,,
1720,2005,A71,,GRETI,1,6,6,6,117,27,,,NE,,,,,TC61201,-206,,D,K07,,
1722,2005,A76,,GRETI,1,7,0,0,117,27,,7,EP,,,,,,,,D,L08,,
1752,2005,C28,,GRETI,1,8,5,0,117,27,,,JP,,,,,,,,D,D08,,
1765,2005,C70,,GRETI,1,5,5,5,117,27,,,NE,,,,,TC61212,-216,,D,C07,,
1784,2006,23,,BLUTI,1,7,0,0,117,27,,7,EP,,,,,,,,M,P00,,
1788,2006,28,,BLUTI,1,7,0,0,117,27,,7,EP,,,,,,,,M,I03,,
1820,2006,A07,,GRETI,1,7,7,0,117,27,,,JD,,,,,,,,D,Q-2,,
1857,2006,B06,,GRETI,1,,0,0,117,27,,6,ED,,,,,,,,D,F-3,,
1903,2006,ECC,,MARTI,1,7,7,7,117,27,,,NE,R558610,6,,,R558829,-835,,E,F09,,
1925,2007,42,,BLUTI,1,9,9,0,117,27,,,JP,V475046,5,,,,,,M,H01,,SB GRSWO
1981,2007,B33,,GRETI,1,6,0,0,117,27,,6,EP,R558567,5,,,,,,D,F02,,
1995,2007,B76,,GRETI,1,7,7,0,117,27,,,JD,,,,,,,,D,E-1,,
2003,2007,C19,,BLUTI,1,8,0,0,117,27,,8,ED,V475036,5,,,,,,D,D09,,
2013,2007,C41,,GRETI,1,6,6,4,117,27,,,NE,,,,,BE34087,-90,,D,E05,,
2019,2008,5,,GRETI,1,8,8,1,117,26,,,NE,,,,,TJ49501,,,M,S-2,,
2024,2008,18,,MARTI,1,6,5,0,117,26,,,JD,V053923,6,T663076,6,,,,M,L00,,weather
2063,2008,A45,,GRETI,1,8,0,0,117,26,,8,EP,,,,,,,,M,L04,,
2065,2008,A52,,GRETI,1,4,0,0,117,26,,,JP,,,,,,,,M,L06,,
2251,2010,B14,,BLUTI,1,9,9,9,117,27,,,NE,,,,,V666668,-676 not 73,,D,C01,,
2262,2010,B64,,GRETI,1,10,10,5,117,27,,,NE,,,,,TJ49782,-786,,D,D02,,
2277,2010,U02,,GRETI,1,9,8,8,117,27,,,NE,,,,,TR47536,-543,,E,K00,,
2342,2011,B19,,BLUTI,1,10,10,4,117,27,,,NE,,,,,V666673,&677 679,,D,F-3,,
2347,2011,B34,,GRETI,1,3,3,3,117,27,,,NE,,,,,TR47608,-610,,D,F04,,
2433,2012,B08,,GRETI,1,8,0,0,117,26,,8,EP,,,,,,,,D,E-1,,
2509,2013,B23,,COATI,1,9,9,9,117,27,,,NE,,,,, L327901,-909,,D,D02,,
2515,2013,B68,,BLUTI,1,9,8,8,117,27,,,NE,,,,, L327910,-917,,D,C02,,
2519,2013,C07,,MARTI,1,8,8,8,117,27,,,NE,,,,, L327595,-600 and 797-798,,D,F07,,
2606,2014,DDF,,BLUTI,1,8,8,0,117,27,,,JD, X649460,6,,,,,,D,M07,,
2615,2014,U06,,GRETI,1,7,7,6,117,27,,,NE, TT49099,5,,, TV35739,-744,,U,P04,,
2638,2015,70,,GRETI,1,8,0,0,117,27,,,JP,,,,,,,,M,K02,,
2652,2015,A55,,BLUTI,1,9,7,5,117,27,,,NE,X649914,6,,,D808281,-84; 86;88,,M,K08,,
2683,2015,C07,,BLUTI,1,8,7,3,117,27,,,NE,D309687,5,,,D808190,-192,,D,F08,,
2691,2015,H04,,GRETI,1,8,8,7,117,27,,,NE,,,,,TV35924,-930,,H,F10,,
,2021,M01,,BLUTI,1,10,7,7,117,27,,,NE,,,,,,,,,,,
,2021,P00,,GRETI,1,7,0,0,117,27,,,EO,,,,,,,,,,,
,2022,N01,,BLUTI,1,8,6,0,117,27,,,JD,,,,,,,,,,,
,2023,51,,BLUTI,1,12,12,0,117,27,,,JD,,,,,,,,,,,
,2023,B66,,BLUTI,1,6,4,4,117,27,,,NE,,,,,,,,,,,
80,1981,45,,BLUTI,1,10,9,9,118,28,,,NE,KP25624,6,,,A761201,209,,M,L03,,
97,1981,68,,GRETI,1,9,8,7,118,28,,,NE,A213823,6,,,NJ02660,666,,M,O00,,
141,1983,9,,COATI,1,10,10,10,118,28,,,NE,B250714,4,,,B841519,528,,M,Q02,,
145,1983,13,,BLUTI,1,11,11,9,118,28,,,NE,A761946,5,,,B841551,559,,M,Q-1,,
181,1983,63,,GRETI,1,8,0,0,118,28,,,EI,B250334,5,,,,,,M,K08,63.1,See 51.2 for next attempt
198,1983,90,,GRETI,1,7,0,0,118,28,,,EI,A761765,6,,,,,,M,N02,,
265,1985,45,,BLUTI,1,7,2,2,118,28,,,NE,B250668,6,,,C683044,3045,,M,G04,,
290,1985,85,,BLUTI,1,10,9,9,118,28,,,NE,B250545,6,,,C683110,118,,M,L07,,
291,1985,86,,BLUTI,1,10,10,5,118,28,,,NE,B894633,5,,,C683046,3050,,M,I03,,Excavated own nest cavity
416,1988,13,,BLUTI,1,10,0,0,118,27,,10,EP,B774965,5,,,,,,M,P01,,
427,1988,34,,GRETI,1,6,0,0,118,27,,6,EP,,,,,,,,M,M07,,
470,1988,98,,BLUTI,1,9,0,0,118,27,,9,EP,,,,,,,5,M,Q03,,
476,1989,12,,BLUTI,1,9,8,0,118,28,,,JP,C824443,6,,,,,,M,P00,,
504,1989,50,,BLUTI,1,11,11,9,118,28,,,NE,C824075,6,,,F485723,731,,M,K07,,
516,1989,64,,BLUTI,1,11,10,0,118,28,,,JP,A018060,5,,,,,,M,F03,,
547,1990,18,,GRETI,1,9,9,5,118,28,,,NE,A018041,6,,,VE62198,200-202 &204,,M,O01,,
585,1990,82,,BLUTI,1,8,7,0,118,28,,,JD,C824075,6,,,,,,M,M07,,
618,1991,49,,BLUTI,1,12,12,11,118,28,,,NE,,,,,F783201,211,,M,L03,,
619,1991,51,,GRETI,1,9,9,8,118,28,,,NE,,,,,VJ65509,516,,M,L04,,1 runt - died
620,1991,56,,BLUTI,1,9,8,8,118,28,,,NE,F783003,6,F253421,5,F783280,287,,M,L07,,Male - not sexed for certain
623,1991,68,,GRETI,1,8,,0,118,28,,,JD,F253023,6,,,,,,M,F04,,
631,1991,88,,BLUTI,1,7,6,5,118,28,,,NE,F253437,5,,,F783226,230,,M,N03,,
640,1992,21,,BLUTI,1,12,11,0,118,27,,,JD,H229191,5,,,,,,M,Q01,,Wet weather
641,1992,22,,GRETI,1,7,1,0,118,27,,,JD,C824198,6,,,,,,M,O-2,,
656,1992,55,,GRETI,1,9,9,0,118,27,,,JP,,,,,,,,M,M-1,,
657,1992,57,,BLUTI,1,10,9,9,118,27,,,NE,H229136,5,,,H324597,605,,M,F01,,
680,1993,20,,GRETI,1,8,0,0,118,28,,8,EP,J033071,6,,,,,,M,L05,,
745,1994,75,,GRETI,1,,0,0,118,28,,4,ED,,,,,,,,M,K03,,
779,1995,50,,GRETI,1,9,8,8,118,28,,,NE,,,J033352,6,VJ35032,5039,,M,L06,,
801,1995,94,,GRETI,1,10,10,7,118,28,,,NE,,,,,VJ35012,13 15 16 18-20,,M,O05,,
803,1995,98,,BLUTI,1,8,8,8,118,28,,,NE,J522456,5,,,K287527,534,,M,O03,,
806,1995,C09,,COATI,1,9,9,9,118,28,,,NE,,,,,K181804,812,,D,F07,,
854,1996,9,,BLUTI,1,9,0,0,118,27,,9,ED,J522481,6,,,,,14,M,Q01,,
860,1996,22,,GRETI,1,9,9,0,118,27,,,JP,J522285,6,,,,,,M,O-2,,
1018,1997,D46,,BLUTI,1,8,8,8,118,28,,,NE,K463200,6,,,K720340,347,,D,C07,,
1054,1998,9,,BLUTI,1,6,0,0,118,28,,6,EP,,,,,,,,M,Q01,,
1064,1998,24,,BLUTI,1,6,0,0,118,28,,6,EP,K720581,5,,,,,,M,K00,,
1070,1998,35,,GRETI,1,7,2,0,118,28,,,JD,K463701,6,,,,,,M,O03,,lined with loft insulation
1139,1998,D86,,BLUTI,1,10,10,0,118,28,,,JD,,,,,,,,D,D05,,
1172,1999,38,,GRETI,1,7,7,5,118,28,,,NE,,,,,VS51078,1082,,M,G01,,
1174,1999,45,,GRETI,1,7,7,4,118,28,,,NE,,,,,VS51096,98 99 100,,M,G04,,
1176,1999,49,,BLUTI,1,6,6,6,118,28,,,NE,N305860,4,,,N645282,287,,M,L03,,
1245,2000,12,,GRETI,1,5,4,4,118,27,,,NE,,,,,VJ35471,474,,M,P00,,
1340,2001,63,,BLUTI,1,11,11,10,118,28,,,NE,P400311,5,,,N459959,-968,,M,H04,,
1345,2001,79,,BLUTI,1,11,10,10,118,28,,,NE,N459879,6,,,P400956,-965,,M,L03,,
1351,2001,0C,,BLUTI,1,8,8,8,118,28,,,NE,N459892,6,,,N645477,-484,,M,G01,,
1360,2001,C31,,BLUTI,1,11,11,11,118,28,,,NE,,,,,P400918,-928,,D,C06,,
1376,2001,D62,,BLUTI,1,12,12,12,118,28,,,NE,,,,,P400901,-912,,D,D05,,
1421,2002,C15,,BLUTI,1,6,6,2,118,28,,,NE,,,,,R123794,-795,,D,C08,,
1485,2003,A02,,GRETI,1,6,6,6,118,28,,,NE,,,,,VS50931,-936,,D,R-1,,
1517,2003,B52,,GRETI,1,8,6,0,118,28,,,JP,,,,,,,,D,D00,,
1579,2004,83,,BLUTI,1,8,7,5,118,27,,,NE,R353309,5,,,R558396,-400,,M,L06,,
1598,2004,A28,,BLUTI,1,,0,0,118,27,,3,ED,,,,,,,,A,O00,,
1606,2004,A50,,GRETI,1,3,0,0,118,27,,3,EP,,,,,,,,A,N03,,
1629,2004,B70,,GRETI,1,7,7,7,118,27,,,NE,,,,,TC61142,-148,,B,C02,,
1646,2004,C60,,GRETI,1,6,6,4,118,27,,,NE,,,,,VS50880,-8285,,C,D07,,
1648,2004,C65,,BLUTI,1,9,8,8,118,27,,,NE,,,,,R558384,,,C,B08,,
1649,2004,C70,,GRETI,1,7,7,7,118,27,,,NE,,,,,VS50827,-833,,C,B07,,
1655,2005,10,,GRETI,1,,0,0,118,28,,,EP,,,,,,,,M,P00,,
1661,2005,36,,BLUTI,1,9,8,8,118,28,,,NE,P400668,6,,,R558753,-759,,M,M-1,,
1668,2005,49,,BLUTI,1,8,7,6,118,28,,,NE,R353738,5,,,R558785,-790,,M,L03,,
1677,2005,68,,GRETI,1,7,6,0,118,28,,,JD,R353862,5,,,,,,M,H03,,
1693,2005,A04,,GRETI,1,,0,0,118,28,,,EP,,,,,,,,D,R-1,,
1695,2005,A08,,BLUTI,1,8,0,0,118,28,,8,ED,,,,,,,,D,Q-2,,
1711,2005,A43,,BLUTI,1,8,8,0,118,28,,,JP,,,,,,,,D,K01,,
1737,2005,B49,,GRETI,1,7,6,0,118,28,,,JD,R502862,6,,,,,,D,D00,,
1742,2005,B71,,GRETI,1,6,6,0,118,28,,,JD,,,,,,,,D,C03,,
1762,2005,C61,,GRETI,1,,0,0,118,28,,6,ED,,,,,,,,D,B08,,
1763,2005,C63,,GRETI,1,8,6,0,118,28,,,JP,,,,,,,,D,B08,,
1778,2006,14,,BLUTI,1,8,7,7,118,28,,,NE,T663142,5,,,R558689,-695,,M,N-1,,
1800,2006,55,,BLUTI,1,10,10,10,118,28,,,NE,,,,,R558527,-536,,M,M-1,,
1840,2006,A46,,GRETI,1,,0,0,118,28,,2,EP,,,,,,,,D,K02,,
1859,2006,B14,,GRETI,1,5,0,0,118,28,,5,EP,,,,,,,,D,F00,,
1872,2006,B72,,GRETI,1,5,0,0,118,28,,5,EP,,,,,,,,D,C03,,
1880,2006,C19,,GRETI,1,6,6,0,118,28,,,JP,,,,,,,,D,D09,,
1889,2006,C49,,BLUTI,1,9,7,7,118,28,,,NE,,,,,R558544,-550,,D,D05,,
1892,2006,C61,,BLUTI,1,9,8,0,118,28,,,JP,R502856,6,,,,,,D,B08,,
1904,2006,ECJ,,BLUTI,1,7,0,0,118,28,,7,EP,,,,,,,,E,D07,,
2050,2008,A15,,GRETI,1,3,0,0,118,27,,3,EP,,,,,,,,M,Q00,,
2067,2008,A62,,BLUTI,1,9,5,0,118,27,,,JP,V666726,5,,,,,,M,M07,,GRSWO
2186,2009,D04,,BLUTI,1,10,10,8,118,28,,,NE,,,,, V666852,-859,,D,F02,,
2204,2010,38,,GRETI,1,8,8,8,118,28,,,NE,,,,,TJ49898,-905,,M,H02,,
2246,2010,A81,,GRETI,1,8,8,8,118,28,,,NE,,,,,TJ49958,-965,,M,Q03,,
2258,2010,B47,,GRETI,1,13,8,0,118,28,,,JD,,,,,,,,D,E-4,,
2259,2010,B55,,GRETI,1,9,6,3,118,28,,,NE,,,,,TJ49790,-791,,D,D02,,one runt unringed
2261,2010,B61,,GRETI,1,8,7,3,118,28,,,NE,,,,,TJ49787,-789,,D,D02,,
2275,2010,C41,,GRETI,1,10,8,8,118,28,,,NE,,,,,TR47506,-513,,D,E05,,
2281,2010,U12,,GRETI,1,10,5,2,118,28,,,NE,V475591,6,,,TR47717,-718,,E,D05,,
2334,2011,B02,,GRETI,1,6,6,0,118,28,,,JD,,,,,,,,D,E-3,,
2345,2011,B29,,GRETI,1,6,5,5,118,28,,,NE,,,,,,,,D,F-1,,young unringed
2348,2011,B39,,GRETI,1,7,7,7,118,28,,,NE,,,,,TR47617,-623,,D,E02,,
2352,2011,B64,,GRETI,1,10,10,8,118,28,,,NE,TJ49984,5,,,,,,D,D02,,young unringed
2386,2012,27,,GRETI,1,7,5,5,118,27,,,NE,,,,,TT49001,-5,,M,K02,,
2472,2013,18,,COATI,1,11,11,11,118,28,,,NE, L731693,5,,, L327762,-772,,M,L00,,
2476,2013,43,,GRETI,1,7,3,3,118,28,,,NE,,,,, TT49401,-403,,M,P-2,,
2493,2013,A52,,GRETI,1,7,7,6,118,28,,,NE,,,,, TT49045,-50,,M,L07,,
2566,2014,A69,,GRETI,1,2,0,0,118,28,,,EO,,,,,,,,M,N04,,
2576,2014,B15,,BLUTI,1,8,8,0,118,28,,,JD, D309318,5,,,,,,D,C03,,
2644,2015,A29,,BLUTI,1,10,9,4,118,28,,,NE,D309770,6,,,D808273,74 ; 77; 80,,M,M01,,
2650,2015,A52,,GRETI,1,7,6,3,118,28,,,NE,,,,,TV35775,-777,,M,L07,,
,2021,C01,,BLUTI,1,10,8,0,118,28,,,JP,,,,,,,,,,,
,2021,C02,,BLUTI,1,9,7,7,118,28,,,NE,,,,,,,,,,,
,2021,E10,,BLUTI,1,11,5,5,118,28,,,NE,,,,,,,,,,,
,2021,N03,,BLUTI,1,8,7,6,118,28,,,NE,,,,,,,,,,,
,2021,N05,,BLUTI,1,8,6,0,118,28,,,JD,,,,,,,,,,,
,2021,P03,,BLUTI,1,10,2,0,118,28,,,JO,,,,,,,,,,,
,2021,P03,,BLUTI,1,5,3,2,118,28,,,NE,,,,,,,,,,,
,2023,C02,,BLUTI,1,10,9,0,118,28,,,JD,,,,,,,,,,,
2,1979,8,,BLUTI,1,11,4,2,119,29,,,NE,,,,,KR03507,508,,M,R01,,
4,1979,22,,BLUTI,1,11,10,0,119,29,,,JP,,,,,,,,M,P-1,,Weasel?
20,1979,72,,BLUTI,1,10,6,6,119,29,,,NE,KR03501,5,,,KR03578,583,,M,L04,,
118,1982,35,,GRETI,1,10,10,10,119,29,,,NE,KS25151,5,,,NJ02959,968,,M,L08,,
159,1983,39,,BLUTI,1,8,8,8,119,29,,,NE,A213987,6,,,B841588,595,,M,Q02,,
165,1983,45,,BLUTI,1,10,10,8,119,29,,,NE,B250842,6,,,B841509,-515518,,M,L03,,
166,1983,46,,BLUTI,1,8,0,0,119,29,,,EI,B250690,5,,,,,,M,N07,,This is the bird that continued sitting for 3 weeks after vandals had removed her eggs
178,1983,61,,BLUTI,1,9,0,0,119,29,,,EI,A319659,6,,,,,,M,L08,61.1,
191,1983,74,,BLUTI,1,10,0,0,119,29,,10,EP,A761073,6,,,,,,M,M03,,
214,1984,46,,BLUTI,1,12,12,9,119,28,,,NE,B600039,6,,,B894560,568,,M,K02,,
261,1985,40,,BLUTI,1,10,9,8,119,29,,,NE,C614513,5,,,C683085,3092,,M,I01,,
264,1985,44,,BLUTI,1,11,11,9,119,29,,,NE,B894622,5,,,C683101,109,,M,F03,,
434,1988,43,,BLUTI,1,10,10,9,119,28,,,NE,C824397,5,,,E343369,377,,M,F02,,
463,1988,90,,BLUTI,1,5,0,0,119,28,,5,EP,,,,,,,,M,N04,,
466,1988,94,,GRETI,1,7,7,7,119,28,,,NE,VA30319,5,,,NH52230,236,,M,N03,,
487,1989,32,,GRETI,1,8,5,5,119,29,,,NE,,,,,VE62023,2027,,M,P00,,
501,1989,47,,BLUTI,1,9,6,6,119,29,,,NE,E893063,5,,,F485534,539,,M,J03,,
581,1990,76,,GRETI,1,8,8,6,119,29,,,NE,A018478,5,,,VE62213,-217,,M,J03,,
594,1990,97,,GRETI,1,8,8,0,119,29,,,JD,VA30442,6,,,,,,M,K00,,
601,1991,18,,GRETI,1,9,9,0,119,29,,,JD,VE62022,6,,,,,,M,O01,,Female ringed as nestling in this box in 1989 Nested elsewhere in 1990
614,1991,45,,BLUTI,1,6,0,0,119,29,,6,ED,E893456,6,,,,,,M,G04,,next attempt in box 46
632,1991,89,,BLUTI,1,7,7,7,119,29,,,NE,E893466,6,,,F783288,294,,M,N04,,
708,1993,83,,BLUTI,1,8,8,0,119,29,,,JD,,,,,,,,M,L06,,
747,1994,80,,BLUTI,1,10,10,10,119,29,,,NE,J033650,5,,,J639156,165,,M,P04,,
899,1996,99,,GRETI,1,9,0,0,119,28,,9,EP,,,,,,,,M,P04,,
971,1997,51,,GRETI,1,6,0,0,119,29,,6,EP,,,,,,,,M,L04,,
1058,1998,14,,BLUTI,1,10,10,0,119,29,,10,JD,N305523,5,,,,,,M,N-1,,Died in wet weather
1062,1998,22,,GRETI,1,8,0,0,119,29,,8,EP,J033075,6,,,,,,M,O-2,,
1075,1998,43,,BLUTI,1,6,0,0,119,29,,6,EP,,,,,,,,M,F02,,
1102,1998,0G,,BLUTI,1,9,0,0,119,29,,9,EP,K720455,5,,,,,,M,I01,,
1127,1998,D42,,BLUTI,1,6,6,0,119,29,,,JD,K463722,6,,,,,,D,C05,,
1159,1999,9,,BLUTI,1,8,8,0,119,29,,,JD,N271977,6,,,,,,M,Q01,,Nest to NNRC
1178,1999,51,,GRETI,1,3,0,0,119,29,,3,EP,,,,,,,,M,L04,,suspect wood mouse
1221,1999,D40,,BLUTI,1,7,4,0,119,29,,,JD,N645091,5,,,,,,D,C04,,
1275,2000,89,,BLUTI,1,8,8,7,119,28,,,NE,N645269,5,,,N459820,826,,M,N05,,
1280,2000,99,,GRETI,1,7,1,1,119,28,,,NE,,,,,VJ35482,,,M,P04,,
1333,2001,47,,BLUTI,1,10,10,10,119,29,,,NE,P400374,5,,,N459969,-978,,M,J03,,
1469,2003,65,,BLUTI,1,8,8,0,119,29,,,JP,R353078,5,,,,,,M,O01,,
1490,2003,A16,,GRETI,1,,0,0,119,29,,4,ED,,,,,,,,D,Q01,,
1550,2004,12,,GRETI,1,5,0,0,119,28,,5,EP,,,,,,,,M,P00,,
1622,2004,B41,,GRETI,1,,0,0,119,28,,6,ED,,,,,,,,B,E02,,
1627,2004,B56,,GRETI,1,8,8,6,119,28,,,NE,,,,,TC61136,-141,,B,D02,,
1652,2004,C80,,BLUTI,1,10,0,0,119,28,,10,ED,,,,,,,,C,C04,,
1660,2005,31,,BLUTI,1,8,8,7,119,29,,,NE,,,,,R558760,-765,,M,M-1,,
1697,2005,A12,,GRETI,1,8,0,0,119,29,,8,EP,,,,,,,,D,P-2,,
1700,2005,A16,,GRETI,1,6,0,0,119,29,,6,EP,,,,,,,,D,Q01,,
1709,2005,A39,,BLUTI,1,6,0,0,119,29,,6,EP,,,,,,,,D,L01,,
1714,2005,A56,,GRETI,1,,0,0,119,29,,,EP,,,,,,,,D,O05,,
1776,2006,9,,BLUTI,1,5,0,0,119,29,,5,EU,,,,,,,,M,P01,,usurped by bumble bee
1779,2006,15,,GRETI,1,5,0,0,119,29,,5,EP,,,,,,,,M,I02,,
1839,2006,A44,,GRETI,1,4,0,0,119,29,,4,EP,,,,,,,,D,K01,,
1961,2007,A63,,BLUTI,1,6,6,0,119,29,,,JD,V666612,5,,,,,,M,N06,,CP
2007,2007,C29,,GRETI,1,9,0,0,119,29,,9,EP,T663176,6,,,,,,D,D08,,WEASEL
2057,2008,A28,,GRETI,1,8,0,0,119,28,,8,EP,,,,,,,,M,M00,,
2090,2008,B64,,GRETI,1,8,0,0,119,28,,,JE,,,,,,,,D,E02,,
2134,2009,A08,,GRETI,1,8,0,0,119,29,,8,EP,,,,,,,,M,P01,,
2162,2009,B05,,GRETI,1,6,0,0,119,29,,6,EE,,,,,,,,D,F-3,,
2178,2009,C23,,GRETI,1,9,9,0,119,29,,,JD,,,,,,,,D,D09,,
2187,2009,ECB,,MARTI,1,7,7,7,119,29,,,NE,,,,, V666910,-916,,E,F07,,
2230,2010,A30,,GRETI,1,8,8,8,119,29,,,NE,,,,,TJ49981,-988,,M,L01,,
2274,2010,C39,,BLUTI,1,10,10,10,119,29,,,NE,V666927,5,,,L327627,-636,,D,E05,,
2287,2011,22,,GRETI,1,5,4,0,119,29,,,JD,TJ49690,5,,,,,,M,O-2,,
2341,2011,B17,,BLUTI,1,9,9,0,119,29,,,JD,,,,,,,,D,E00,,
2343,2011,B21,,BLUTI,1,10,6,0,119,29,,,JD,,,,,,,,D,E-2,,
2422,2012,A71,,BLUTI,1,8,8,0,119,28,,,JD,L731528,6,,,,,,M,N03,,
2458,2012,C15,,GRETI,1,6,0,0,119,28,,6,EP,,,,,,,,D,E09,,
2460,2012,C24,,GRETI,1,6,6,6,119,28,,,NE,,,,,TR47886,-891,,D,D09,,
2552,2014,A19,,GRETI,1,4,3,3,119,29,,,NE,,,,, TV35709,-711,,M,P01,,
2556,2014,A47,,BLUTI,1,,0,0,119,29,,,EO,,,,,,,,M,L05,,
2596,2014,C15,,GRETI,1,8,8,8,119,29,,,NE,,,,, TV35901,-908,,D,E09,,
2684,2015,C09,,BLUTI,1,8,6,5,119,29,,,NE,D309247,6,,,D808193,-197,,D,F09,,
,2021,D02,,BLUTI,1,7,6,0,119,29,,,JP,,,,,,,,,,,
,2021,F-4,,BLUTI,1,4,4,3,119,29,,,NE,,,,,,,,,,,
,2021,C01,,GRETI,1,7,1,1,119,29,,,NE,,,,,,,,,,,
,2021,C02,,GRETI,1,5,4,4,119,29,,,NE,,,,,,,,,,,
,2022,E02,,BLUTI,1,6,6,1,119,29,,,NE,,,,,,,,,,,
,2022,N04,,GRETI,1,8,3,2,119,29,,,NE,,,,,,,,,,,
,2023,40,,BLUTI,1,9,0,0,119,29,,,XP,,,,,,,,,,,
,2023,B43,,BLUTI,1,8,5,0,119,29,,,JD,,,,,,,,,,,
,2023,A08,,BLUTI,1,9,8,0,119,29,,,JP,,,,,,,,,,,
,2023,A22,,GRETI,1,6,0,0,119,29,,,ED,,,,,,,,,,,
17,1979,61,,BLUTI,1,12,12,12,120,30,,,NE,KR03457,4,KP25955,5,KR03566,577,,M,L07,,
35,1980,39,,BLUTI,1,12,11,11,120,29,,,NE,KR03588,5,,,A213539,549,,M,Q02,,
67,1981,23,,BLUTI,1,12,12,12,120,30,,,NE,A213838,6,,,A761138,149,,M,N00,,
146,1983,15,,BLUTI,1,12,11,10,120,30,,,NE,A761559,5,,,B841529,538,,M,R00,15.1,
184,1983,66,,GRETI,1,10,10,7,120,30,,,NE,A213824,6,,,NN18001,8007,,M,R00,,
201,1984,10,,COATI,1,11,11,10,120,29,,,NE,B894054,5,,,B894510,519,,M,Q00,,
204,1984,21,,BLUTI,1,12,12,9,120,29,,,NE,B894240,4,,,B894501,509,,M,Q01,,
239,1984,96,,BLUTI,1,10,9,9,120,29,,,NE,A213987,6,A761190,6,B894569,577,,M,P02,,
252,1985,22,,BLUTI,1,10,9,9,120,30,,,NE,B894545,5,,,C683066,3074,,M,O-2,,Probably fledged but possibly taken by GRSWO
274,1985,55,,GRETI,1,12,12,8,120,30,,,NE,B250770,6,,,VA30009,30011 to 17,,M,M-1,,Sexton beetles & heaving young
275,1985,56,,BLUTI,1,12,12,0,120,30,,,JP,A761523,6,,,,,,M,L07,,
383,1987,57,,BLUTI,1,11,8,8,120,30,,,NE,HX19859,5,,,E343188,195,,M,F01,,
412,1988,9,,BLUTI,1,9,8,0,120,29,,,JP,B774966,5,,,,,,M,Q01,,
451,1988,66,,GRETI,1,9,0,0,120,29,,9,EP,,,,,,,,M,J00,,
469,1988,97,,BLUTI,1,4,0,0,120,29,,4,EP,C824008,5,,,,,,M,K00,,
473,1989,9,,BLUTI,1,11,10,10,120,30,,,NE,E893072,5,,,F485659,668,,M,Q01,,
482,1989,23,,BLUTI,2,12,8,8,120,30,,,NE,E893080,5,,,F485669,676,,M,Q00,23.2,
486,1989,29,,BLUTI,1,11,11,11,120,30,,,NE,E893076,5,,,F485712,722,,M,L05,,
577,1990,66,,GRETI,1,7,0,0,120,30,,7,ED,A018282,5,,,,,,M,J00,,
597,1991,10,,GRETI,1,9,0,0,120,30,,9,ED,A018471,6,,,,,,M,Q00,,
661,1992,75,,GRETI,1,9,9,7,120,29,,,NE,F783477,5,,,VJ65673,679,,M,K03,,
686,1993,35,,GRETI,1,9,0,0,120,30,,9,ED,J033203,5,,,,,,M,Q03,,Abandoned nest used by bee
720,1994,10,,GRETI,1,9,9,0,120,30,,,JP,VJ65819,5,,,,,,M,Q00,,
728,1994,34,,GRETI,1,9,0,0,120,30,,9,ED,J033740,5,,,,,,M,M07,,
749,1994,83,,BLUTI,1,7,6,6,120,30,,,NE,J522036,5,,,J639150,155,,M,L06,,
752,1994,91,,GRETI,1,9,9,0,120,30,,,JD,,,,,,,,M,N05,,
802,1995,97,,BLUTI,1,9,9,8,120,30,,,NE,J033002,6,J118089,6,K287553,560,,M,K00,,
878,1996,51,,GRETI,1,9,9,7,120,29,,,NE,,,J033352,6,VV34006,4012,,M,L04,,
894,1996,92,,BLUTI,1,8,0,0,120,29,,8,ED,J522418,6,,,,,,M,M07,,
902,1996,0E,,BLUTI,1,9,6,0,120,29,,,JD,,,,,,,12,M,H01,,
1029,1997,D80,,GRETI,1,7,6,0,120,30,,,JD,K463477,5,K463197,6,,,,D,E04,,
1031,1997,D87,,BLUTI,1,9,7,5,120,30,,,NE,K463961,6,,,K720527,531,,D,C05,,
1043,1997,U04,,GRETI,1,8,0,0,120,30,,8,EP,K463760,6,NC90316,6,,,,E,E03,,
1046,1997,U07,,GRETI,1,7,,0,120,30,,,JP,,,,,,,,E,E05,,
1089,1998,80,,BLUTI,1,10,0,0,120,30,,10,EP,K463591,6,,,,,,M,P04,,
1101,1998,0E,,BLUTI,1,4,0,0,120,30,,4,EP,,,,,,,,M,H01,,
1105,1998,0O,,GRETI,1,6,0,0,120,30,,6,EP,,,,,,,,M,P04,,
1112,1998,D06,,BLUTI,1,8,8,0,120,30,,,JD,,,,,,,,D,E07,,
1125,1998,D39a,,BLUTI,1,10,9,0,120,30,,,JD,,,,,,,,D,C04,,
1131,1998,D52b,,BLUTI,1,9,9,0,120,30,,,JD,K463946,6,,,,,,D,C08,,
1146,1998,H04,,BLUTI,1,10,10,0,120,30,,,JD,K463938,6,,,,,,D,E04,,
1304,2000,D15A,,BLUTI,1,8,5,1,120,29,,,NE,,,,,N459869,,,D,F09,,
1306,2000,D25,,BLUTI,1,10,7,0,120,29,,,JD,,,,,,,,D,F07,,
1328,2001,34,,GRETI,1,8,0,0,120,30,,8,ED,K720657,6,,,,,,M,M07,,
1339,2001,61,,GRETI,1,7,7,6,120,30,,,NE,VJ35467,5,,,VS51161,-166,,M,G02,,
1343,2001,71,,GRETI,1,7,0,0,120,30,,7,ED,,,,,,,,M,J03,,
1348,2001,89,,COATI,1,9,0,0,120,30,,9,ED,P400272,5,,,,,,M,N05,,
1361,2001,C34,,BLUTI,1,9,9,7,120,30,,,NE,,,,,P400929,-934,,D,C05,,
1368,2001,C46,,GRETI,1,8,8,8,120,30,,,NE,,,,,VS51180,-187,,D,D03,,
1372,2001,D24,,BLUTI,1,10,10,6,120,30,,,NE,N459895,6,,,N459995,-460000,,D,F07,,
1455,2003,34,,BLUTI,1,8,8,6,120,30,,,NE,R502599,5,,,R558201,-206,,M,M07,,
1476,2003,91,,GRETI,1,,0,0,120,30,,1,EP,,,,,,,,M,N05,,
1479,2003,95,,GRETI,1,6,0,0,120,30,,,EP,,,,,,,,M,K03,,
1488,2003,A07,,COATI,1,9,9,9,120,30,,,NE,,,,,R558137,-145,,D,P-1,,
1527,2003,C10,,BLUTI,1,10,1,0,120,30,,,JP,R558024,5,,,,,,D,F07,,
1658,2005,27,,GRETI,1,,0,0,120,30,,4,ED,,,,,,,,M,L04,,
1691,2005,A02,,GRETI,1,7,7,0,120,30,,,JP,,,,,,,,D,Q00,,
1704,2005,A25,,GRETI,1,5,0,0,120,30,,5,EP,,,,,,,,D,O00,,
1751,2005,C25,,GRETI,1,7,0,0,120,30,,7,EP,,,,,,,,D,D08,,
1777,2006,12,,GRETI,1,,0,0,120,30,,1,EP,,,,,,,,M,Q01,,
1787,2006,27,,GRETI,1,3,0,0,120,30,,3,EP,,,,,,,,M,L04,,
1794,2006,43,,BLUTI,1,4,0,0,120,30,,4,EP,,,,,,,,M,G03,,
1796,2006,48,,GRETI,1,7,7,7,120,30,,,NE,,,,,TC61180,-186,,M,I01,,
1799,2006,52,,GRETI,1,3,0,0,120,30,,3,EP,,,,,,,,M,P04,,
1810,2006,92,,BLUTI,1,9,8,7,120,30,,,NE,R353981,6,,,R558537,-543,,M,M06,,
1811,2006,93,,GRETI,1,7,0,0,120,30,,7,EP,,,,,,,,M,N05,,
1823,2006,A13,,BLUTI,1,3,0,0,120,30,,3,EP,,,,,,,,D,Q02,,
1827,2006,A21,,GRETI,1,7,0,0,120,30,,,JP,,,,,,,,D,P03,,
1830,2006,A24,,GRETI,1,3,0,0,120,30,,3,EP,,,,,,,,D,O03,,
1832,2006,A26,,GRETI,1,3,0,0,120,30,,3,EP,,,,,,,,D,O-1,,
1869,2006,B68,,GRETI,1,10,7,6,120,30,,,NE,T663283,5,,,TC61336,-341,,D,C03,,
1878,2006,C11,,GRETI,1,6,5,3,120,30,,,NE,,,,,TC61090,-92,,D,F07,,
1879,2006,C17,,GRETI,1,10,9,7,120,30,,,NE,,,,,TC61187,-193,,D,E09,,
1888,2006,C45,,GRETI,1,7,7,0,120,30,,,JP,,,,,,,,D,D04,,
1891,2006,C58,,GRETI,1,8,6,6,120,30,,,NE,,,,,TC61417,-422,,D,D07,,
1893,2006,C62,,GRETI,1,9,9,0,120,30,,,JP,,,,,,,,D,B08,,
1895,2006,C71,,GRETI,1,8,8,8,120,30,,,NE,,,,,TC61093,-100,,D,C07,,
1896,2006,C75,,BLUTI,1,10,6,4,120,30,,,NE,R353807,6,,,R558696,-699,,D,C05,,
1898,2006,C81,,GRETI,1,7,7,5,120,30,,,NE,,,,,TC61429,-433,,D,C04,,
1902,2006,ECB,,BLUTI,1,,0,0,120,30,,1,ED,,,,,,,,E,F07,,
2002,2007,C17,,GRETI,1,7,0,0,120,30,,7,EP,,,,,,,,D,E09,,
2026,2008,23,,BLUTI,1,11,5,0,120,29,,,JP,R558085,6,,,,,,M,R01,,GRSWO
2030,2008,33,,GRETI,1,,0,0,120,29,,2,EP,,,,,,,,M,P-2,,
2042,2008,63,,BLUTI,1,10,9,0,120,29,,,JP,R559000,6,,,,,,M,R-1,,GRSWO
2044,2008,68,,BLUTI,1,10,3,0,120,29,,,JP,V053959,6,,,,,,M,Q-2,,weasel
2047,2008,A05,,GRETI,1,,0,0,120,29,,1,EP,,,,,,,,M,P01,,
2049,2008,A14,,BLUTI,1,1,0,0,120,29,,,XD,,,,,,,,M,Q01,,
2062,2008,A43,,GRETI,1,5,0,0,120,29,,5,EP,,,,,,,,M,L04,,
2076,2008,A77,,GRETI,1,6,6,6,120,29,,,NE,,,,,TJ49601,-606,,M,O04,,
2080,2008,B11,,GRETI,1,8,8,5,120,29,,,NE,,,,,TJ49707,-711,,D,F-1,,
2095,2008,C01,,BLUTI,1,9,7,1,120,29,,,NE,V475100,6,,,V666750,,,D,F05,,
2098,2008,C15,,GRETI,1,7,7,6,120,29,,,NE,,,,,TJ49503,-508,,D,E09,,
2108,2008,UO6,,GRETI,1,8,8,5,120,29,,,NE,,,,,TJ49607,-614 not 8 12 13,,E,K02,,
2109,2008,UO7,,GRETI,1,5,5,4,120,29,,,NE,,,,,TJ49615,-618,,E,F00,,
2131,2009,68,,GRETI,1,10,10,0,120,30,,,JD, V475607,6,,,,,,M,Q-2,,
2173,2009,B75,,GRETI,1,,0,0,120,30,,2,ED,,,,,,,,D,C00,,
2219,2010,67,,BLUTI,1,9,8,6,120,30,,,NE,L327508,5,,,L327616,-621,,M,H01,,
2227,2010,A20,,GRETI,1,10,8,8,120,30,,,NE,,,,,TJ49933,-940,,M,N01,,
2229,2010,A29,,BLUTI,1,6,5,5,120,30,,,NE,X649426,5,,,L327622,-626,,M,M01,,
2250,2010,B12,,GRETI,1,10,8,7,120,30,,,NE,,,,,TJ49792,-798,,D,F-1,,
2266,2010,C13,,BLUTI,1,10,10,5,120,30,,,NE,X649463,5,,,L327646,& 48 52 53 55,,D,E09,,
2269,2010,C25,,BLUTI,1,10,9,8,120,30,,,NE,V666926,5,,,L327637,-639 641-645,,D,D08,,
2430,2012,B04,,GRETI,1,6,6,6,120,29,,,NE,,,,,TR47681,-686,,D,F-3,,
2475,2013,28,,BLUTI,1,12,10,10,120,30,,,NE, X650000,6,,, L327780,-789,,M,I03,,
2488,2013,A29,,BLUTI,1,,0,0,120,30,,6,ED,,,,,,,,M,M01,,
2495,2013,A55,,BLUTI,1,12,12,12,120,30,,,NE,,,,, L327825,-836,,M,K08,,
2562,2014,A62,,GRETI,1,7,7,7,120,30,,,NE,,,,, TV35727,-733,,M,M07,,
,2021,E-2,,BLUTI,1,6,4,3,120,30,,,NE,,,,,,,,,,,
,2021,E07,,BLUTI,1,9,9,0,120,30,,,JD,,,,,,,,,,,
,2021,I03,,BLUTI,1,9,6,2,120,30,,,NE,,,,,,,,,,,
,2021,H02,,GRETI,1,5,0,0,120,30,,,EP,,,,,,,,,,,
,2021,P01,,GRETI,1,4,4,3,120,30,,,NE,,,,,,,,,,,
,2023,29,,BLUTI,1,12,12,12,120,30,,,NE,,,,,,,,,,,
,2023,C12,,BLUTI,1,6,6,2,120,30,,,NE,,,,,,,,,,,
8,1979,36,,GRETI,1,,0,0,121,31,,3,ED,,,,,,,,M,L05,,
31,1980,23,,BLUTI,1,,0,0,121,30,,1,EP,,,,,,,,M,N00,23.1,Later used by TRESP
33,1980,30,,GRETI,1,9,9,9,121,30,,,NE,,,,,NJ02513,521,,M,K08,,
45,1980,52,,GRETI,1,12,12,12,121,30,,,NE,,,,,NJ02501,512,,M,O05,,
60,1980,F2B,,BLUTI,1,13,8,8,121,30,,,NE,KR03547,6,,,A213586,593,,F,FARM,,SeeF2A 2 nests in 1 box Who was the real female?
92,1981,59,,BLUTI,1,5,3,3,121,31,,,NE,A436030,6,,,A761157,159,,M,N05,,
101,1981,76,,GRETI,1,,0,0,121,31,,4,EU,,,,,,,,M,K06,,taken over by TRESP
127,1982,54,,GRETI,1,8,8,8,121,31,,,NE,A761765,5,,,NJ02951,958,,M,N05,,
142,1983,10,,BLUTI,1,8,0,0,121,31,,8,ED,A761787,6,,,,,,M,P02,10.1,some eggs incubated and hatched in brood 10.2
153,1983,29,,BLUTI,1,10,10,10,121,31,,,NE,B250712,5,,,B841569,578,,M,N-1,,
154,1983,30,,BLUTI,1,8,0,0,121,31,,,EI,A761634,5,,,,,,M,N02,,
158,1983,37,,BLUTI,1,7,7,0,121,31,,,JP,A761587,5,,,,,,M,P02,,
170,1983,50,,GRETI,1,9,0,0,121,31,,9,ED,B250753,5,,,,,,M,M03,,
176,1983,59,,BLUTI,1,10,0,0,121,31,,10,EI,,,,,,,,M,N05,,
180,1983,62,,GRETI,1,,0,0,121,31,,,EI,,,,,,,,M,L08,,
183,1983,64,,GRETI,1,8,0,0,121,31,,,EI,B250380,5,,,,,,M,K07,,
187,1983,71,,GRETI,1,9,0,0,121,31,,9,EI,,,,,,,,M,O04,71.1,
193,1983,81,,GRETI,1,,0,0,121,31,,,EI,,,,,,,,M,O02,,
278,1985,59,,BLUTI,1,9,9,0,121,31,,,JP,B841547,6,,,,,,M,N06,,
285,1985,74,,BLUTI,1,9,9,9,121,31,,,NE,B841585,6,,,C683057,3065,,M,P-1,,
300,1985,97,,BLUTI,1,7,6,5,121,31,,,NE,B250712,6,,,C683139,143,,M,O02,,
393,1987,72,,BLUTI,1,7,7,7,121,31,,,NE,,,,,E343234,240,,M,L05,,Slit entrance box
406,1987,97,,BLUTI,1,9,9,9,121,31,,,NE,C683415,5,,,E343262,270,,M,K00,,
441,1988,52,,BLUTI,1,9,0,0,121,30,,9,EP,C824525,5,,,,,,M,F04,,
505,1989,51,,GRETI,1,9,9,9,121,31,,,NE,A018041,5,,,VE62100,108,,M,L04,,
533,1989,92,,BLUTI,1,10,10,10,121,31,,,NE,E893078,5,,,F485732,741,,M,M07,,
538,1989,98,,BLUTI,1,11,11,6,121,31,,,NE,E893725,5,,,F485742,747,,M,Q03,,
576,1990,64,,GRETI,1,9,0,0,121,31,,9,ED,F783007,6,,,,,,M,F03,,
580,1990,75,,GRETI,1,10,10,2,121,31,,,NE,,,,,VE62238,& 243,,M,K03,,
610,1991,40,,BLUTI,1,7,4,4,121,31,,,NE,E893455,5,,,F783254,257,,M,I01,,
625,1991,76,,GRETI,1,9,,0,121,31,,,JD,,,,,,,,M,J03,,
638,1992,14,,BLUTI,1,4,0,0,121,30,,4,ED,H229195,5,,,,,,M,N-1,,
645,1992,32,,GRETI,1,10,10,10,121,30,,,NE,,,,,VJ65623,632,,M,P00,,
658,1992,59,,BLUTI,1,4,0,0,121,30,,4,ED,F783472,5,,,,,,M,N06,,
674,1993,5,,GRETI,1,9,0,0,121,31,,9,EP,,,,,,,,M,N01,,
718,1994,5,,GRETI,1,6,0,0,121,31,,6,EP,F783477,6,,,,,,M,N01,,
729,1994,35,,GRETI,1,10,0,0,121,31,,10,EP,J033649,5,,,,,,M,Q04,,
865,1996,32,,GRETI,1,7,0,0,121,30,,7,EP,J522368,6,H229584,6,,,,M,P00,,
869,1996,37,,BLUTI,1,9,9,9,121,30,,,NE,J033002,6,J118089,6,K720058,20066,,M,K00,,
870,1996,40,,BLUTI,1,7,0,0,121,30,,7,ED,,,,,,,,M,P-1,,
876,1996,47,,BLUTI,1,11,11,11,121,30,,,NE,J639165,6,,,,,2,M,J03,,
880,1996,53,,GRETI,1,8,0,0,121,30,,8,ED,J033740,6,VJ65612,6,,,5,M,O-1,,
889,1996,83,,MARTI,1,9,0,0,121,30,,9,ED,,,,,,,,M,L06,,
901,1996,0C,,BLUTI,1,7,0,0,121,30,,7,EP,J522620,6,,,,,,M,H03,,See box 46 for next attempt
905,1996,C11,,COATI,1,7,5,5,121,30,,,NE,K181569,5,K463143,5,K720001,20005,,D,F08,,
1008,1997,D14,,GRETI,1,9,9,5,121,31,,,NE,J522541,6,,,VV34132,&34 37 38 39,,D,D09,,
1032,1997,D88,,BLUTI,1,9,9,0,121,31,,,JP,K463959,5,,,,,1,D,C05,,
1173,1999,41,,BLUTI,1,5,0,0,121,31,,5,ED,K720689,5,,,,,,M,M07,,Nest to NNRC
1181,1999,55,,GRETI,1,7,0,0,121,31,,7,ED,,,,,,,,M,M-1,,Nest to NNRC
1243,2000,9,,BLUTI,1,9,4,3,121,30,,,NE,N645376,5,,,N459860,862,,M,Q01,,
1302,2000,C55,,BLUTI,1,8,0,0,121,30,,8,ED,,,,,,,,D,F04,,
1349,2001,95,,GRETI,1,7,7,7,121,31,,,NE,N275324,6,,,VS51167,-173,,M,K03,,
1370,2001,D03,,BLUTI,1,10,8,8,121,31,,,NE,N459900,5,,,N645493,-500,,D,F05,,
1373,2001,D27,,BLUTI,1,11,11,11,121,31,,,NE,K720595,6,,,P400938,-948,,D,F06,,
1375,2001,D51,,GRETI,1,7,7,6,121,31,,,NE,N459896,6,,,VS51174,-179,,D,E10,,
1399,2002,49,,BLUTI,1,8,7,6,121,31,,,NE,R123651,5,,,R123787,-793,,M,L03,,
1453,2003,29,,BLUTI,1,6,6,6,121,31,,,NE,R353088,5,,,R558146,-151,,M,L05,,
1493,2003,A23,,GRETI,1,6,5,0,121,31,,,JP,,,,,,,,D,Q03,,
1644,2004,C52,,GRETI,1,9,8,0,121,30,,,JD,R017102,5,,,,,,C,D05,,
1684,2005,91,,GRETI,1,4,2,0,121,31,,,JP,,,,,,,,M,N05,,
1694,2005,A07,,GRETI,1,9,9,9,121,31,,,NE,,,,,TC61217,-224,,D,Q-2,,
1707,2005,A33,,BLUTI,1,,0,0,121,31,,,EP,,,,,,,,D,M01,,
1716,2005,A62,,BLUTI,1,,0,0,121,31,,1,ED,,,,,,,,D,N03,,
1724,2005,A78,,GRETI,1,8,7,0,121,31,,,JD,,,,,,,,D,M07,,
1738,2005,B52,,GRETI,1,6,0,0,121,31,,6,EP,R353822,5,,,,,,D,D00,,
1743,2005,B74,,GRETI,1,7,7,5,121,31,,,NE,R353777,5,,,TC61168,-172,,D,C01,,
1814,2006,0B,,GRETI,1,,0,0,121,31,,3,ED,,,,,,,,M,I01,,eggs in part built nest usurped by bee
1824,2006,A16,,GRETI,1,,0,0,121,31,,1,ED,,,,,,,,D,Q01,,
1884,2006,C30,,GRETI,1,7,7,0,121,31,,,JP,,,,,,,,D,D08,,
1905,2006,U01,,GRETI,1,,0,0,121,31,,2,EP,,,,,,,,E,N02,,
1943,2007,A20,,BLUTI,1,8,8,5,121,31,,,NE,,,,,V666646,-650,,M,O00,,
2069,2008,A66,,GRETI,1,7,7,6,121,30,,,NE,,,,,TJ49629,-634,,M,N05,,
2103,2008,C33,,GRETI,1,,0,0,121,30,,,EP,,,,,,,,D,D07,,egg number unknown
2279,2010,U09,,GRETI,1,6,5,3,121,31,,,NE,,,,,TR47533,-535,,E,D04,,
2431,2012,B06,,GRETI,1,6,2,0,121,30,,,JD,T549557,4,,,,,,D,F-4,,
2461,2012,C25,,BLUTI,1,9,8,0,121,30,,,JP,,,,,,,,D,D08,,
2473,2013,26,,BLUTI,1,11,7,7,121,31,,,NE, L731892,5,,, L327790,-796,,M,J02,,
2502,2013,A77,,GRETI,1,7,7,4,121,31,,,NE,,,,, TT49095,-98,,M,P03,,
2517,2013,B74,,GRETI,1,9,9,7,121,31,,,NE,,,,, TT49101,-107,,D,C00,,
2663,2015,A82,,BLUTI,1,6,5,0,121,31,,,JD,D309710,5,,,,,,M,Q03,,
,2021,C03,,BLUTI,1,6,4,0,121,31,,,JD,,,,,,,,,,,
,2021,F08,,BLUTI,1,7,4,4,121,31,,,NE,,,,,,,,,,,
,2021,L08,,BLUTI,1,6,6,2,121,31,,,JP,,,,,,,,,,,
,2021,N-1,,GRETI,1,5,5,0,121,31,,,JD,,,,,,,,,,,
,2022,J02,,BLUTI,1,9,0,0,121,31,,,ED,,,,,,,,,,,
,2022,E05,,GRETI,1,4,4,4,121,31,,,NE,,,,,,,,,,,
,2023,38,,GRETI,1,3,3,3,121,31,,,NE,,,,,,,,,,,
,2023,C17,,GRETI,1,7,7,0,121,31,,,JP,,,,,,,,,,,
,2023,A74,,GRETI,1,5,5,0,121,31,,,JD,,,,,,,,,,,
7,1979,33,,GRETI,1,11,11,11,122,32,,,NE,KR03509,6,,,NC87211,221,,M,N00,,
10,1979,46,,BLUTI,1,8,8,8,122,32,,,NE,KR03471,5,,,KR03529,536,,M,N07,,
73,1981,38,,BLUTI,1,9,9,9,122,32,,,NE,KS25053,5,,,A761185,193,,M,K04,,
106,1981,F1,,BLUTI,1,11,9,9,122,32,,,NE,A961381,5,,,A319793,801,,F,FARM,,
147,1983,24,,BLUTI,1,12,0,0,122,32,,12,ED,B250871,5,,,,,,M,N01,24.1,
157,1983,34,,GRETI,1,12,8,7,122,32,,,NE,B250770,5,,,NN18017,8023,,M,N-1,,
167,1983,47,,BLUTI,1,9,9,9,122,32,,,NE,A761572,5,,,B841579,587,,M,O05,,
168,1983,48,,BLUTI,1,6,0,0,122,32,,,EI,KS25303,5,,,,,,M,O04,,
177,1983,60,,BLUTI,1,11,0,0,122,32,,11,EI,,,,,,,,M,K07,,
221,1984,54,,BLUTI,1,10,10,9,122,31,,,NE,A319659,6,,,B894607,615,,M,M04,,
226,1984,62,,GRETI,1,9,0,0,122,31,,9,ED,,,,,,,,M,I03,,
237,1984,92,,GRETI,1,10,10,10,122,31,,,NE,B250334,6,,,NH52326,35,,M,N06,,
380,1987,52,,BLUTI,1,9,9,9,122,32,,,NE,,,,,E343271,279,,M,F04,,
404,1987,92,,GRETI,1,10,10,8,122,32,,,NE,B774859,6,,,VA30451,458,,M,M07,,
425,1988,32,,GRETI,1,10,10,10,122,31,,,NE,C833295,6,,,NH52237,246,,M,P00,,
443,1988,57,,BLUTI,1,10,10,0,122,31,,,JP,HX19859,6,,,,,,M,F01,,female killed at nest
542,1990,5,,BLUTI,2,5,10,10,122,32,,,NE,E893080,6,,,F783074,3083,,M,N01,5.2,Some eggs from 5.1
570,1990,57,,BLUTI,1,9,9,6,122,32,,,NE,E343094,6,,,F783178,183,,M,F01,,
628,1991,83,,BLUTI,1,10,10,10,122,32,,,NE,,,,,F783270,279,,M,K06,,
636,1991,96,,BLUTI,1,7,3,0,122,32,,,JD,E893728,6,,,,,,M,P02,,
677,1993,12,,GRETI,1,9,8,6,122,32,,,NE,,,,,VJ65831,-835,,M,P00,,
727,1994,32,,GRETI,1,10,0,0,122,32,,10,ED,,,,,,,,M,P00,,
757,1994,99,,GRETI,1,8,8,0,122,32,,,JP,J033745,5,,,,,,M,P04,,
790,1995,75,,GRETI,1,5,4,0,122,32,,,JP,,5,VN47610,5,,,,M,K03,,J522287 may have been the female
857,1996,13,,BLUTI,1,,0,0,122,31,,,ED,,,,,,,5,M,P01,,
862,1996,24,,BLUTI,1,9,9,9,122,31,,,NE,K181638,5,,,K720067,20075,,M,K00,,
907,1996,D06,,BLUTI,1,10,5,4,122,31,,,NE,K463063,5,,,K720021,20024,,D,E07,,
935,1996,N17,,BLUTI,1,10,4,4,122,31,,,NE,,,,,K720025,20028,,D,F09,,
941,1996,U06,,GRETI,1,7,4,4,122,31,,,NE,,,J522290,6,VV34059,4062,2,E,D05,,
978,1997,63,,GRETI,1,6,5,0,122,32,,,JP,K463387,6,,,,,,M,F03,,
992,1997,0A,,GRETI,1,8,8,6,122,32,,,NE,,,,,VV34152,-155 & 57 59,,M,J00,,
1016,1997,D42,,GRETI,1,8,7,0,122,32,,,JD,K463962,5,,,,,,D,C05,,
1019,1997,D47a,,BLUTI,1,8,8,5,122,32,,,NE,K463174,6,,,K720532,536,,D,C07,,
1077,1998,49,,BLUTI,1,9,8,2,122,32,,,NE,K720586,5,,,N645066,&069,,M,L03,,canary lining?
1085,1998,65,,BLUTI,1,9,8,0,122,32,,,JD,J639165,6,,,,,,M,O01,,Died in wet weather
1121,1998,D23,,BLUTI,1,8,0,0,122,32,,8,ED,K720088,6,,,,,,D,D06,,
1205,1999,0R,,GRETI,1,7,7,0,122,32,,,JD,,,,,,,,M,K00,,Nest to NNRC
1249,2000,20,,GRETI,1,9,8,7,122,31,,,NE,N275169,4,,,VJ35475,481,,M,L05,,G4
1261,2000,49,,BLUTI,1,6,6,6,122,31,,,NE,K720662,6,,,N459872,877,,M,L03,,
1307,2000,D30,,BLUTI,1,9,5,0,122,31,,,JD,,,,,,,,D,F05,,
1315,2001,5,,GRETI,1,8,8,0,122,32,,,JP,N459889,5,,,,,,M,N01,,
1338,2001,53,,GRETI,1,6,0,0,122,32,,,EU,K463701,6,,,,,,M,O-1,,Usurped by wasp
1369,2001,C55,,BLUTI,1,7,7,7,122,32,,,NE,,,,,P400949,-955,,D,F04,,
1489,2003,A15,,GRETI,1,6,6,0,122,32,,,JP,,,,,,,,D,Q01,,
1497,2003,A41,,GRETI,1,7,5,5,122,32,,,NE,,,,,VS50954,-958,,D,L01,,
1524,2003,B74,,BLUTI,1,9,0,0,122,32,,9,ED,,,,,,,,D,C01,,
1530,2003,C30,,GRETI,1,7,4,0,122,32,,,JP,VV92989,5,,,,,,D,D08,,
1534,2003,C48,,GRETI,1,4,0,0,122,32,,4,EP,,,,,,,,D,D04,,
1540,2003,C63,,GRETI,1,8,8,0,122,32,,,OU,,,,,,,,D,B08,,
1633,2004,C14,,BLUTI,1,7,4,4,122,31,,,NE,R558640,5,,,R558392,-395,,C,F09,,
1656,2005,18,,GRETI,1,,0,0,122,32,,,EP,,,,,,,,M,O01,,
1681,2005,85,,GRETI,1,,0,0,122,32,,,EP,,,,,,,,M,O05,,
1688,2005,0C,,BLUTI,1,7,7,7,122,32,,,NE,,,,,R558509,-515,,M,H01,,
1789,2006,29,,BLUTI,1,3,0,0,122,32,,,ED,R558795,5,,,,,,M,L04,,female predated
1837,2006,A30,,GRETI,1,,0,0,122,32,,1,EP,,,,,,,,D,O01,,
1970,2007,B07,,BLUTI,1,8,1,1,122,32,,,NE,V666702,5,,,V666725,,,D,E-1,,
1990,2007,B66,,GRETI,1,,0,0,122,32,,1,EP,,,,,,,,D,D02,,
2000,2007,C12,,GRETI,1,8,6,6,122,32,,,NE,R353774,6,,,TC61385,-390,,D,F07,,
2032,2008,35,,GRETI,1,6,0,0,122,31,,6,EP,,,,,,,,M,K02,,
2052,2008,A20,,BLUTI,1,,0,0,122,31,,1,EP,,,,,,,,M,O00,,
2071,2008,A68,,GRETI,1,7,0,0,122,31,,7,EP,,,,,,,,M,N04,,
2075,2008,A76,,BLUTI,1,9,0,0,122,31,,9,EP,,,,,,,,M,O04,,
2088,2008,B55,,GRETI,1,7,7,0,122,31,,,JP,,,,,,,,D,D02,,
2102,2008,C31,,BLUTI,1,8,5,0,122,31,,,JP,V475044,6,,,,,,D,D07,,
2214,2010,57,,BLUTI,1,8,8,8,122,32,,,NE,V666928,5,,,L327608,-615,,M,I01,,
2220,2010,68,,GRETI,1,7,7,7,122,32,,,NE,,,,,TR47701,-707,,M,Q-2,,
2242,2010,A66,,GRETI,1,9,9,7,122,32,,,NE,V475994,6,,,TR47708,-714,,M,N05,,
2340,2011,B16,,BLUTI,1,5,5,0,122,32,,,JP,,,,,,,,D,D03,,
2424,2012,A74,,GRETI,1,6,4,4,122,31,,,NE,,,,,TR47898,&TT49015-017,,M,O03,,
2435,2012,B16,,GRETI,1,6,0,0,122,31,,6,EP,L731168,5,,,,,,D,D03,,
2477,2013,45,,BLUTI,1,8,7,7,122,32,,,NE, L731894,5,,, L327773,-779,,M,H02,,
2513,2013,B46,,GRETI,1,10,9,4,122,32,,,NE, L731517,4,,, TT49114,-117,,D,E01,,
2524,2013,C29,,BLUTI,1,10,9,9,122,32,,,NE, L803162,6,,, L327856,-864,,D,D08,,
2657,2015,A71,,GRETI,1,8,7,5,122,32,,,NE,,,,,TV35778,-782,,M,N03,,
,2021,M04,,BLUTI,1,7,4,0,122,32,,,JD,,,,,,,,,,,
,2022,O06,,BLUTI,1,6,6,6,122,32,,,NE,,,,,,,,,,,
,2023,2,,BLUTI,1,5,5,5,122,32,,,NE,,,,,,,,,,,
43,1980,50,,BLUTI,1,10,10,10,123,32,,,NE,A213764,4,,,A213576,585,,M,O02,,
52,1980,88,,BLUTI,1,12,11,11,123,32,,,NE,A213795,5,,,A213551,561,,M,J00,,I broke 1 egg. Sorry!
64,1981,14,,GRETI,1,,0,0,123,33,,2,ED,,,,,,,,M,N-1,,
78,1981,43,,BLUTI,2,10,8,8,123,33,,,NE,KS25054,5,,,A761043,1050,,M,P02,43.2,
162,1983,42,,BLUTI,1,9,0,0,123,33,,,EI,A436293,6,,,,,,M,K05,,
206,1984,24,,BLUTI,1,12,12,9,123,32,,,NE,A761991,4,,,B894578,586,,M,P00,,
207,1984,28,,BLUTI,1,10,10,10,123,32,,,NE,KS25331,6,,,B894520,529,,M,O-1,,
222,1984,56,,BLUTI,1,10,0,0,123,32,,10,ED,B250404,6,,,,,,M,N05,,Next attempt in 59
223,1984,57,,BLUTI,1,10,10,10,123,32,,,NE,A319902,6,,,B894530,539,,M,I02,,
234,1984,81,,GRETI,1,10,10,9,123,32,,,NE,B250836,6,,,NH52317,325,,M,N05,,
236,1984,89,,BLUTI,1,9,9,0,123,32,,,JD,A761645,6,,,,,,M,P04,,wet weather?
263,1985,43,,BLUTI,1,9,9,9,123,33,,,NE,B250702,6,,,C683151,159,,M,F02,,
271,1985,51,,GRETI,1,9,8,8,123,33,,,NE,B774509,6,,,VA30001,30008,,M,P00,,
277,1985,58,,BLUTI,1,9,6,3,123,33,,,NE,B894617,5,,,C683175,177,,M,N06,,
415,1988,12,,BLUTI,1,8,0,0,123,32,,8,EP,E625072,5,,,,,,M,P00,,
433,1988,41,,BLUTI,1,,0,0,123,32,,,EP,B774971,5,,,,,,M,J03,,
435,1988,44,,BLUTI,1,,0,0,123,32,,2,EP,,,,,,,,M,F03,,unringed female killed at nest
448,1988,62,,GRETI,1,,0,0,123,32,,1,EP,,,,,,,,M,F02,,
471,1989,-1,,GRETI,1,9,0,0,123,33,,9,ED,E893135,5,,,,,,M,Q02,,
489,1989,34,,GRETI,1,10,10,10,123,33,,,NE,VA30306,6,,,VE62062,2071,,M,M07,,
497,1989,43,,BLUTI,1,8,8,8,123,33,,,NE,E893067,5,,,F485691,698,,M,F02,,
573,1990,60,,BLUTI,1,6,6,5,123,33,,,NE,E893226,6,,,F783172,173 & 175-177,,M,G01,,
584,1990,81,,GRETI,1,7,6,1,123,33,,,NE,VA30441,6,,,VE62245,,,M,K06,,
611,1991,41,,BLUTI,1,8,4,3,123,33,,,NE,F253452,6,,,F783258,260,,M,I04,,
626,1991,79,,BLUTI,1,9,9,9,123,33,,,NE,F026434,5,,,F783261,269,,M,L03,,
635,1991,93,,GRETI,1,9,7,7,123,33,,,NE,,,,,VJ65518,524,,M,N05,,
651,1992,41,,BLUTI,1,8,0,0,123,32,,8,ED,H229198,5,,,,,,M,I04,,See box 46 for next attempt
722,1994,18,,GRETI,1,9,9,0,123,33,,,JP,J033072,6,,,,,,M,O01,,
725,1994,28,,BLUTI,1,7,7,0,123,33,,,JD,J118306,5,,,,,,M,O-1,,
735,1994,51,,GRETI,1,8,8,0,123,33,,,JP,J033282,5,,,,,,M,L04,,
740,1994,63,,GRETI,1,8,7,7,123,33,,,NE,J033775,5,,,VN47633,639,,M,F03,,
741,1994,66,,GRETI,1,8,8,7,123,33,,,NE,,,,,VN747626,632,,M,J00,,
746,1994,76,,GRETI,1,10,0,0,123,33,,10,EP,,,,,,,,M,J03,,
871,1996,41,,BLUTI,1,9,9,8,123,32,,,NE,K181792,5,,,K720093,100,3,M,M07,,
872,1996,42,,BLUTI,1,9,0,0,123,32,,9,ED,J522848,6,,,,,3,M,H01,,Later attempt in 60
873,1996,43,,BLUTI,1,10,10,9,123,32,,,NE,K463172,5,,,K720076,20084,,M,F02,,
882,1996,57,,BLUTI,1,9,0,0,123,32,,9,EP,K463274,5,,,,,,M,F01,,
885,1996,74,,BLUTI,1,,0,0,123,32,,6,ED,,,,,,,18,M,P-1,,
888,1996,81,,BLUTI,1,9,9,6,123,32,,,NE,J522465,6,,,K720043,20048,,M,L07,,
896,1996,96,,BLUTI,1,,0,0,123,32,,4,ED,,,,,,,,M,O03,,
903,1996,0H,,BLUTI,1,8,0,0,123,32,,8,ED,K463163,5,,,,,,M,O-1,,
906,1996,D04C,,BLUTI,1,8,8,8,123,32,,,NE,J639094,6,,,K720013,20020,,D,E06,,
940,1996,U05,,GRETI,1,6,5,4,123,32,,,NE,,,,,VV34001,4004,,E,C08,,
1037,1997,H-2,,BLUTI,1,6,3,3,123,33,,,NE,J522252,6,,,K720537,539,,D,F04,,
1066,1998,29,,BLUTI,1,7,6,0,123,33,,,JP,N305602,5,,,,,,M,L05,,
1073,1998,41,,BLUTI,1,7,7,0,123,33,,,JP,K720075,6,K720058,6,,,,M,M07,,
1074,1998,42,,BLUTI,1,5,0,0,123,33,,5,EP,,,,,,,,M,H01,,
1079,1998,51,,GRETI,1,4,0,0,123,33,,4,EP,,,,,,,3,M,L04,,
1086,1998,66,,GRETI,1,3,0,0,123,33,,3,EP,,,,,,,4,M,J00,,
1090,1998,81,,BLUTI,1,,0,0,123,33,,1,EP,,,,,,,6,M,L07,,
1094,1998,90,,BLUTI,1,,0,0,123,33,,1,ED,,,,,,,,M,N05,,
1098,1998,96,,BLUTI,1,6,6,0,123,33,,,JP,N305600,5,,,,,,M,O03,,
1130,1998,D47a,,BLUTI,1,9,9,0,123,33,,,JD,,,,,,,,D,C07,,
1152,1998,U03,,GRETI,1,5,4,0,123,33,,,JD,K463045,6,,,,,,E,F04,,
1189,1999,75,,GRETI,1,8,6,2,123,33,,,NE,,,,,VV92911,& 913,,M,K03,,
1350,2001,96,,BLUTI,1,6,5,5,123,33,,,NE,K720662,6,,,N459979,-983,,M,O03,,
1358,2001,C14,,BLUTI,1,7,7,6,123,33,,,NE,N459897,5,,,P400913,-916,,D,C08,,
1519,2003,B59,,GRETI,1,8,6,5,123,33,,,NE,,,,,VS50941,-945,,D,D02,,
1531,2003,C31,,GRETI,1,9,3,0,123,33,,,JP,,,,,,,,D,E06,,
1536,2003,C53,,BLUTI,1,8,0,0,123,33,,8,EP,P400718,6,,,,,,D,D05,,
1572,2004,65,,BLUTI,1,7,7,0,123,32,,,JD,,,,,,,,M,O01,,
1624,2004,B47,,BLUTI,1,7,7,5,123,32,,,NE,R502941,5,,,R558407,-410,,B,E00,,
1659,2005,28,,BLUTI,1,6,5,4,123,33,,,NE,R353864,5,,,R558516,-519,,M,I03,,
1670,2005,52,,GRETI,1,5,0,0,123,33,,5,EP,,,,,,,,M,P04,,
1682,2005,88,,BLUTI,1,9,0,0,123,33,,9,EP,R353309,6,,,,,,M,O05,,
1771,2005,U03,,GRETI,1,5,5,5,123,33,,,NE,,,,,TC61225,-229,,E,J01,,
2023,2008,14,,BLUTI,1,9,0,0,123,32,,9,EP,V475042,6,,,,,,M,N-1,,
2036,2008,48,,GRETI,1,7,0,0,123,32,,7,EP,,,,,,,,M,H01,,
2060,2008,A38,,BLUTI,1,8,0,0,123,32,,8,EP,,,,,,,,M,L03,,
2064,2008,A49,,GRETI,1,8,0,0,123,32,,8,EP,,,,,,,,M,L06,,
2099,2008,C19,,BLUTI,1,10,7,7,123,32,,,NE,,,,,V666743,-749,,D,D09,,
2107,2008,UO2,,GRETI,1,7,2,0,123,32,,,JP,,,,,,,,E,K00,,
2201,2010,32,,GRETI,1,7,2,0,123,33,,,JD,,,,,,,,M,J01,,
2271,2010,C29,,GRETI,1,8,8,8,123,33,,,NE,,,,,TR47521,-528,,D,D08,,
2434,2012,B15,,BLUTI,1,9,9,0,123,32,,,JD,,,,,,,,D,C03,,
2466,2012,C41,,GRETI,1,9,9,0,123,32,,,JD,,,,,,,,D,E05,,
2474,2013,27,,GRETI,1,9,8,6,123,33,,,NE, V053991,6,,, TT49052,-57,,M,K02,,
2479,2013,53,,GRETI,1,5,0,0,123,33,,,EO,,,,,,,,M,N-1,,
2483,2013,A15,,BLUTI,1,9,8,8,123,33,,,NE, X649807,6,,, L327837,-844,,M,Q00,,
2484,2013,A18,,GRETI,1,6,0,0,123,33,,6,EO,,,,,,,,M,P00,,
2512,2013,B43,,BLUTI,1,8,8,3,123,33,,,NE, L731818,6,,, L327930,931 & 933,,D,E01,,
2582,2014,B29,,GRETI,1,9,5,4,123,33,,,NE,,,,, TT49149,-152,,D,F-1,,
2599,2014,C33,,GRETI,1,8,7,7,123,33,,,NE,,,,,TV35917,-923,,D,D07,,
2641,2015,A17,,GRETI,1,5,0,0,123,33,,5,EP,,,,,,,,M,P00,,
2653,2015,A58,,BLUTI,1,,0,0,123,33,,6,ED,,,,,,,,M,L07,,
2662,2015,A81,,GRETI,1,6,4,4,123,33,,,NE,,,,,TV35783,-786,,M,Q03,,
2673,2015,B43,,BLUTI,1,,0,0,123,33,,,EO,,,,,,,,D,E01,,
2688,2015,C30,,BLUTI,1,8,8,7,123,33,,,NE,,,,,D808264,to66 &68-71,,D,E05,,
,2022,F-3,,GRETI,1,5,5,3,123,33,,,NE,,,,,,,,,,,
,2022,I03,,GRETI,1,7,5,2,123,33,,,NE,,,,,,,,,,,
,2023,12,,GRETI,1,8,0,0,123,33,,,EO,,,,,,,,,,,
,2023,53,,BLUTI,1,5,0,0,123,33,,,EP,,,,,,,,,,,
,2023,B07,,GRETI,1,8,7,7,123,33,,,NE,,,,,,,,,,,
19,1979,64,,GRETI,1,,0,0,124,34,,1,EU,,,,,,,,M,K07,,Ousted by TRESP
70,1981,30,,BLUTI,1,13,11,11,124,34,,,NE,A319706,5,,,A761165,175,,M,N02,,
90,1981,56,,BLUTI,1,9,8,8,124,34,,,NE,A436293,5,,,A761210,217,,M,L03,,
91,1981,58,,BLUTI,1,8,6,6,124,34,,,NE,KS25500,5,,,A761151,156,,M,O04,,
96,1981,67,,GRETI,1,11,10,10,124,34,,,NE,KS25498,5,,,NJ02720,729,,M,Q00,,
122,1982,41,,BLUTI,1,10,10,9,124,34,,,NE,A761096,5,,,A761674,682,,M,N02,,
213,1984,45,,BLUTI,1,9,9,9,124,33,,,NE,B774585,6,,,B894551,59,,M,J02,,
220,1984,53,,GRETI,1,11,0,0,124,33,,11,EP,B250770,6,,,,,,M,O-1,,Next attempt in 52
224,1984,58,,BLUTI,1,9,9,9,124,33,,,NE,B774589,5,,,B894616,64,,M,N06,,
259,1985,37,,GRETI,1,7,7,7,124,34,,,NE,NN18038,6,,,VA30051,30057,,M,L00,,
260,1985,38,,GRETI,1,8,6,6,124,34,,,NE,B131771,6,,,VA30027,30032,,M,F01,,
308,1986,21,,BLUTI,1,11,11,11,124,34,,,NE,B894240,6,,,C683251,261,,M,Q01,,
366,1987,28,,BLUTI,2,7,8,8,124,34,,,NE,A761620,6,,,E343280,287,,M,O-1,28.2,Some eggs from clutch 28.1 of B774855
452,1988,71,,GRETI,1,9,9,9,124,33,,,NE,C570005,6,,,NH52401,409,,M,I03,,
462,1988,89,,BLUTI,1,5,0,0,124,33,,5,EP,HX19920,6,,,,,,M,N04,,female killed at nest
475,1989,11,,BLUTI,1,7,0,0,124,34,,7,ED,,,,,,,,M,P01,,
484,1989,27,,BLUTI,1,9,0,0,124,34,,9,EP,E343050,6,,,,,,M,K03,,
485,1989,28,,BLUTI,1,9,8,8,124,34,,,NE,E893073,5,,,F485677,684,,M,O-1,,One runt egg
493,1989,38,,GRETI,1,6,4,4,124,34,,,NE,E893068,5,,,VE62049,2052,,M,F01,,
499,1989,45,,MARTI,1,6,0,0,124,34,,6,ED,E893642,5,,,,,,M,G04,,
515,1989,63,,GRETI,1,9,9,9,124,34,,,NE,VA30442,6,,,VE62053,2061,,M,F03,,
517,1989,66,,GRETI,1,9,8,5,124,34,,,NE,C824446,6,,,VE62036,2040,,M,J00,,
532,1989,91,,GRETI,1,11,11,10,124,34,,,NE,F485630,5,,,VE62122,131,,M,N05,,
602,1991,21,,BLUTI,1,7,0,0,124,34,,7,ED,F253439,4,,,,,8,M,Q01,,
771,1995,35,,GRETI,1,9,9,4,124,34,,,NE,,,,,VJ35054,3057,,M,O03,,
867,1996,35,,GRETI,1,7,0,0,124,33,,7,EP,,,,,,,12,M,O03,,
897,1996,97,,BLUTI,1,9,9,9,124,33,,,NE,K181544,5,,,K720049,20057,,M,L00,,
913,1996,D31,,COATI,1,8,5,5,124,33,,,NE,,,,,K720110,114,,D,E07,,
921,1996,D51,,BLUTI,1,9,8,5,124,33,,,NE,K463912,5,,,K720031,20035,,D,C08,,
969,1997,48,,GRETI,1,10,10,0,124,34,,,JD,,,,,,,1,M,H01,,
973,1997,53,,GRETI,1,2,1,1,124,34,,,NE,,,,,VV34166,,5,M,O-1,,
983,1997,80,,BLUTI,1,9,9,0,124,34,,,JP,K463591,5,,,,,,M,P04,,
1005,1997,D07a,,BLUTI,1,7,6,0,124,34,,,JD,K463992,5,,,,,,D,E07,,
1010,1997,D17b,,BLUTI,1,9,9,7,124,34,,,NE,K463768,5,,,K720322,-24 26 27 28 30,,D,D08,,
1039,1997,N12,,BLUTI,1,8,8,3,124,34,,,NE,K720063,5,,,K720551,553,,D,F08,,
1050,1997,WB3,,BLUTI,1,1,0,0,124,34,,1,ED,K463723,5,,,,,,D,I02,,See box WC3 for more-or-less concurrent nest
1059,1998,15,,BLUTI,1,9,0,0,124,34,,9,EP,,,,,,,,M,I02,,
1136,1998,D78,,BLUTI,1,5,5,0,124,34,,,JD,J522640,6,,,,,,D,C03,,
1231,1999,D89,,BLUTI,1,6,3,3,124,34,,,NE,,,,,N459701,702 & N645300,,D,C06,,
1239,1999,U03,,GRETI,1,4,2,1,124,34,,,NE,,,,,VV92011,,,E,F04,,
1273,2000,84,,BLUTI,1,8,8,8,124,33,,,NE,N305866,6,,,N459849,856,,M,H04,,
1278,2000,97,,BLUTI,1,10,10,6,124,33,,,NE,K720595,6,,,N459863,868,,M,L00,,Y3
1286,2000,0P,,BLUTI,1,7,0,0,124,33,,7,ED,N459751,6,,,,,,M,L00,,
1337,2001,52,,GRETI,1,5,0,0,124,34,,5,EP,,,,,,,,M,P04,,wood mouse predation
1464,2003,55,,GRETI,1,3,0,0,124,34,,3,EP,,,,,,,,M,M-1,,
1665,2005,46,,GRETI,1,7,5,2,124,34,,,NE,,,,,TC61252,-253,,M,L-1,,
1756,2005,C40,,BLUTI,1,9,9,0,124,34,,,JD,,,,,,,,D,E05,,
1760,2005,C57,,GRETI,1,9,5,0,124,34,,,JD,,,,,,,,D,D07,,
1761,2005,C60,,BLUTI,1,7,6,6,124,34,,,OU,,,,,unringed young,,10,D,D07,,
1843,2006,A52,,GRETI,1,5,0,0,124,34,,5,EP,,,,,,,,D,N02,,
1858,2006,B10,,GRETI,1,10,9,8,124,34,,,NE,R353575,6,,,TC61342,-349,,D,E-1,,
1955,2007,A49,,GRETI,1,7,7,0,124,34,,,JD,,,,,,,,M,L06,,
2011,2007,C37,,BLUTI,1,8,6,0,124,34,,8,JD,V475069,5,,,,,,D,E05,,
2085,2008,B38,,GRETI,1,3,0,0,124,33,,3,EP,,,,,,,,D,F01,,
2110,2008,UO8,,GRETI,1,7,0,0,124,33,,7,EP,,,,,,,,E,F03,,
2111,2008,UO9,,GRETI,1,7,5,5,124,33,,,NE,,,,,TJ49619,-623,,E,D04,,
2167,2009,B26,,BLUTI,1,7,7,0,124,34,,7,JP,,,,,,,,D,F01,,
2382,2012,18,,BLUTI,1,,0,0,124,33,,2,EP,,,,,,,,M,L00,,
2416,2012,A62,,GRETI,1,9,7,7,124,33,,,NE,,,,,TT49023,-29,,M,M07,,
2427,2012,A78,,BLUTI,1,9,8,5,124,33,,,NE,X497963,5,,,L327748,749; 51-53,,M,P03,,
2437,2012,B23,,BLUTI,1,7,7,3,124,33,,,NE,,,,,V666683,-685,,D,D00,,
2457,2012,C13,,BLUTI,1,9,6,4,124,33,,,NE,L327738,5,,,L327739,-742,,D,E09,,
2459,2012,C23,,BLUTI,1,8,7,0,124,33,,,JD,X649899,6,,,,,,D,D09,,
2465,2012,C37,,BLUTI,1,8,0,0,124,33,,,EO,L327736,5,,,,,,D,E05,,
2478,2013,47,,GRETI,1,10,9,0,124,34,,,JD,,,,,,,,M,I01,,
2506,2013,B11,,GRETI,1,7,7,4,124,34,,,NE,,,,, TT49119,-122,,D,F-1,,
2518,2013,C05,,BLUTI,1,11,11,10,124,34,,,NE, L731869,5,,, L327845,-855 not 850,,D,F05,,
2528,2013,H12,,GRETI,1,9,8,7,124,34,,,NE,,,,, TT49413,-420 not 418,,H,B03,,
2643,2015,A21,,BLUTI,1,8,8,0,124,34,,,JD,D309172,6,D309138,6,,,,M,N01,,
2679,2015,B72,,GRETI,1,,0,0,124,34,,,EO,,,,,,,,D,C02,,
,2021,K00,,BLUTI,1,9,4,4,124,34,,,NE,,,,,,,,,,,
18,1979,62,,GRETI,1,8,7,7,125,35,,,NE,,,,,NH49506,512,,M,L08,,
87,1981,52,,GRETI,1,5,0,0,125,35,,5,EP,,,,,,,,M,L03,,
149,1983,25,,BLUTI,1,13,13,13,125,35,,,NE,A761991,5,,,B841601,613,,M,P00,,
171,1983,51,,GRETI,1,11,0,0,125,35,,11,ED,B250829,5,,,,,,M,N06,51.1,
227,1984,64,,GRETI,1,7,6,3,125,34,,,NE,B131771,6,,,NH52310,312,,M,K02,,
229,1984,73,,BLUTI,1,10,0,0,125,34,,10,ED,A319547,6,,,,,,M,L05,,
232,1984,77,,BLUTI,1,10,10,9,125,34,,,NE,B841547,5,,,B894625,633,,M,O05,,
243,1985,7,,GRETI,1,12,0,0,125,35,,12,ED,B841875,5,,,,,,M,O01,,
249,1985,15,,BLUTI,1,7,0,0,125,35,,7,EP,B894783,5,,,,,,M,P-1,,
250,1985,18,,GRETI,1,10,10,0,125,35,,,JD,B894483,6,,,,,,M,O01,,
273,1985,53,,GRETI,1,8,8,6,125,35,,,NE,C351481,5,,,VA30058,30063,,M,O-1,,
281,1985,64,,GRETI,1,9,7,4,125,35,,,NE,C570029,5,,,VA30041,30044,,M,F03,,
293,1985,89,,BLUTI,1,11,11,9,125,35,,,NE,C543900,5,,,C683178,186,,M,P04,,
295,1985,91,,GRETI,1,9,9,9,125,35,,,NE,B894247,6,,,VA30064,30072,,M,P05,,
297,1985,93,,BLUTI,1,10,10,9,125,35,,,NE,B894584,5,,,C683160,168,,M,O05,,
330,1986,58,,BLUTI,1,9,8,8,125,35,,,NE,C543839,6,,,C683321,328,,M,N06,,
424,1988,31,,GRETI,1,11,0,0,125,34,,11,EP,,,,,,,,M,F04,,
464,1988,92,,GRETI,1,9,0,0,125,34,,9,ED,C824554,5,,,,,,M,M07,,
472,1989,6,,GRETI,1,10,9,5,125,35,,,NE,A018039,5,,,VE62073,2077,,M,N01,,
492,1989,37,,BLUTI,1,9,9,8,125,35,,,NE,E893074,5,,,F485631,638,,M,L00,,
514,1989,62,,BLUTI,1,6,0,0,125,35,,6,ED,E893066,5,,,,,,M,F02,,See box 60
518,1989,67,,GRETI,1,9,9,8,125,35,,,NE,E893070,6,,,VE62041,2048,,M,G01,,
550,1990,23,,BLUTI,1,7,7,7,125,35,,,NE,A018446,5,,,F783165,171,,M,Q00,,
552,1990,27,,GRETI,1,,0,0,125,35,,1,EP,,,,,,,,M,K03,,
613,1991,43,,BLUTI,1,10,9,0,125,35,,,JD,E893475,6,,,,,,M,F02,,
634,1991,92,,BLUTI,1,8,8,0,125,35,,,JD,F253436,5,,,,,2,M,M07,,
848,1995,U03,,GRETI,1,7,6,6,125,35,,,NE,,,,,VJ35003,5005 5051-5053,,E,E04,,1runt egg 11.4x9.5
851,1995,U07,,GRETI,1,5,4,3,125,35,,,NE,,,,,VJ35021,5023,,E,E05,,F &  M were probably J522010 & J522030
863,1996,28,,BLUTI,1,6,2,2,125,34,,,NE,K463188,5,,,K720170,171,10,M,I03,,
868,1996,36,,BLUTI,1,10,10,6,125,34,,,NE,K463194,6,,,K720201,206,5,M,M-1,,
877,1996,49,,BLUTI,1,8,7,7,125,34,,,NE,J522284,6,,,K720125,131,7,M,L03,,
887,1996,79,,BLUTI,1,9,9,8,125,34,,,NE,J118093,6,,,K720085,20092,,M,L03,,
895,1996,93,,GRETI,1,,0,0,125,34,,2,ED,,,,,,,14,M,N05,,
962,1997,38,,BLUTI,1,,0,0,125,35,,1,ED,,,,,,,,M,F01,,
1022,1997,D52b,,COATI,1,8,6,6,125,35,,,NE,K463527,,,,K720563,567,,D,C08,,
1211,1999,C15,,GRETI,1,7,7,5,125,35,,,NE,N645092,4,,,VV92902,905,,D,E10,,
1253,2000,27,,GRETI,1,6,0,0,125,34,,6,EP,,,,,,,,M,L04,,
1287,2000,0R,,GRETI,1,3,0,0,125,34,,3,EP,,,,,,,,M,K00,,Y4
1288,2000,C01,,COATI,1,10,10,,125,34,,,OU,,,,,,,,D,D04,,
1299,2000,C38,,BLUTI,1,5,5,5,125,34,,,NE,,,,,,,,D,C04,,UNRINGED
1331,2001,45,,GRETI,1,4,4,4,125,35,,,NE,N305704,6,,,VS51188,-191,,M,G04,,
1374,2001,D31,,COATI,1,10,10,9,125,35,,,NE,N459714,4,,,P400966,-974,,D,F05,,
1496,2003,A37,,BLUTI,1,3,0,0,125,35,,,EP,,,,,,,,D,L01,,
1518,2003,B55,,BLUTI,1,3,0,0,125,35,,,EP,R353093,5,,,,,,D,D02,,
1523,2003,B72,,GRETI,1,9,9,9,125,35,,,NE,,,,,VS50968,-976,,D,C02,,
1528,2003,C16,,GRETI,1,3,3,0,125,35,,,JP,,,,,,,,D,F09,,
1623,2004,B45,,GRETI,1,6,6,6,125,34,,,NE,,,,,VS50888,-893,,B,E00,,
1643,2004,C49,,BLUTI,1,8,8,5,125,34,,,NE,,,,,R558664,-668,,C,D05,,
1741,2005,B68,,GRETI,1,7,5,0,125,35,,,JD,R353821,5,,,,,,D,C03,,
1754,2005,C36,,GRETI,1,5,5,5,125,35,,,NE,,,,,TC61235,-216,,D,D07,,
1757,2005,C44,,GRETI,1,6,0,0,125,35,,6,EP,,,,,,,,D,D04,,
1818,2006,A04,,GRETI,1,,0,0,125,35,,2,EP,,,,,,,,D,R-1,,
1821,2006,A09,,GRETI,1,,0,0,125,35,,2,ED,,,,,,,,D,Q-2,,
1833,2006,A28,,GRETI,1,,0,0,125,35,,2,EP,,,,,,,,D,O01,,
1860,2006,B16,,GRETI,1,,0,0,125,35,,1,EP,,,,,,,,D,F00,,
1887,2006,C43,,BLUTI,1,10,6,0,125,35,,,JP,,,,,,,,D,D04,,
2025,2008,22,,BLUTI,1,,0,0,125,34,,2,EP,,,,,,,,M,O-2,,
2055,2008,A25,,BLUTI,1,6,0,0,125,34,,6,EP,,,,,,,,M,N00,,
2058,2008,A30,,BLUTI,1,,0,0,125,34,,1,EP,,,,,,,,M,M01,,
2072,2008,A69,,GRETI,1,,0,0,125,34,,1,EP,,,,,,,,M,N04,,
2073,2008,A70,,GRETI,1,,0,0,125,34,,1,EP,,,,,,,,M,N04,,
2094,2008,B74,,GRETI,1,6,4,0,125,34,,,JD,T663174,6,,,,,,D,C00,,
2097,2008,C10,,GRETI,1,8,8,0,125,34,,,JD,,,,,,,,D,F07,,weather
2105,2008,C39,,GRETI,1,7,7,5,125,34,,,NE,,,,,TJ55624,-628,,D,E05,,
2132,2009,A03,,BLUTI,1,3,0,0,125,35,,3,EP,,,,,,,,M,O01,,
2249,2010,B11,,GRETI,1,,0,0,125,35,,,EO,,,,,,,,D,F-1,,
2305,2011,A05,,GRETI,1,,0,0,125,35,,,EO,,,,,,,,M,P01,,
2394,2012,47,,GRETI,1,7,7,6,125,34,,,NE,,,,,TT49030,-35,,M,I01,,
2409,2012,A47,,GRETI,1,6,6,5,125,34,,,NE,,,,,TR47892,-895; 897,,M,L05,,
2505,2013,B09,,GRETI,1,7,7,2,125,35,,,NE,,,,, TT49135,-136,,D,F-2,,
2514,2013,B56,,COATI,1,12,12,12,125,35,,,NE,,,,, L327918,-929,,D,C01,,
2521,2013,C15,,GRETI,1,6,5,5,125,35,,,NE,,,,, TT49064,-68,,D,E09,,
2669,2015,B33,,BLUTI,1,6,6,6,125,35,,,NE,D309185,6,,,D808445,-450,,D,F03,,
2670,2015,B37,,GRETI,1,6,5,5,125,35,,,NE,,,,,TV35610,-614,,D,E01,,
2680,2015,B78,,GRETI,1,3,0,0,125,35,,3,ED,D904251,5,,,,,,D,C00,,
2686,2015,C26,,BLUTI,1,8,7,0,125,35,,,JD,D309640,5,,,,,,D,E06,,
,2021,K02,,BLUTI,1,9,0,0,125,35,,,ED,,,,,,,,,,,
,2021,H03,,GRETI,1,7,0,0,125,35,,,EP,,,,,,,,,,,
,2022,M-1,,BLUTI,1,8,5,0,125,35,,,JD,,,,,,,,,,,
,2023,23,,GRETI,1,5,5,5,125,35,,,NE,,,,,,,,,,,
205,1984,22,,BLUTI,1,10,10,0,126,35,,,JD,A761628,6,,,,,,M,O-1,,Heavy rain
212,1984,44,,BLUTI,1,11,0,0,126,35,,11,ED,B774587,5,,,,,,M,I03,,
233,1984,79,,BLUTI,1,10,6,6,126,35,,,NE,B894385,5,,,B894601,606,,M,L03,,
241,1984,99,,GRETI,1,9,6,6,126,35,,,NE,B250829,6,,,NH52336,341,,M,Q03,,
245,1985,10,,BLUTI,1,4,0,0,126,36,,4,EP,KS25331,6,,,,,,M,Q00,10.1,Later use by GRETI check sex of ad
247,1985,11,,BLUTI,1,6,4,4,126,36,,,NE,B774646,5,,,C683093,3096,,M,O01,,
409,1988,-2,,GRETI,1,8,8,8,126,35,,,NE,B250711,6,,,NH52428,435,,M,Q02,,
447,1988,61,,BLUTI,1,,0,0,126,35,,,EP,E883152,5,,,,,,M,F01,,Bee took over
450,1988,64,,GRETI,1,7,0,0,126,35,,7,EP,,,,,,,,M,F03,,
454,1988,76,,BLUTI,1,5,5,5,126,35,,,NE,B774796,6,,,E343345,349,,M,J03,,
458,1988,83,,BLUTI,1,7,6,0,126,35,,,JP,B774972,5,,,,,,M,K06,,
465,1988,93,,GRETI,1,10,10,10,126,35,,,NE,VA30384,5,,,NH52418,427,,M,N05,,
480,1989,22,,GRETI,1,10,10,10,126,36,,,NE,C824029,6,,,VE62090,2099,,M,O-2,,
510,1989,57,,BLUTI,1,6,6,6,126,36,,,NE,E893069,6,,,F485685,690,,M,F01,,
519,1989,68,,GRETI,1,5,0,0,126,36,,5,ED,A018058,5,,,,,,M,F04,,
522,1989,75,,GRETI,1,10,10,5,126,36,,,NE,KK67962,5,,,VE62133,134 136 137 140,,M,K03,,Assume some fledged
523,1989,76,,BLUTI,1,8,8,7,126,36,,,NE,C824173,6,,,F485774,780,,M,J03,,
534,1989,93,,GRETI,1,10,4,0,126,36,,,JD,C824198,6,,,,,,M,N05,,
540,1989,,,BLUTI,1,7,7,5,126,36,,,NE,E893086,5,,,F485748,754,,F,FARM,,
564,1990,45,,BLUTI,1,1,0,0,126,36,,1,EP,F783005,5,,,,,,M,G04,,Usurped by bee - another nest in 40
659,1992,68,,GRETI,1,8,8,8,126,35,,,NE,,,,,VJ65681,688,,M,F04,,
671,1992,96,,BLUTI,1,10,10,0,126,35,,,JD,H229316,5,,,,,,M,P02,,wet weather
825,1995,D55,,BLUTI,1,7,5,3,126,36,,,NE,J522621,5,,,K181572,574,,D,C09,,nest then used by bumble bee
829,1995,D71,,BLUTI,1,,0,0,126,36,,2,ED,,,,,,,,D,D04,,
859,1996,18,,GRETI,1,7,7,0,126,35,,,JD,,,K463219,5,,,3,M,O01,,
881,1996,55,,GRETI,1,5,0,0,126,35,,5,EP,H609622,6,H229329,6,,,11,M,M-1,,
891,1996,88,,BLUTI,1,4,2,0,126,35,,,JP,J522458,6,,,,,9,M,P05,,Nest attacked by GRSWO
922,1996,D53,,BLUTI,1,7,5,2,126,35,,,NE,F253405,6,,,K720029,20030,,D,C09,,
929,1996,D85,,BLUTI,1,9,9,7,126,35,,,NE,K181799,5,,,K720036,20042,,D,D04,,
934,1996,N00,,BLUTI,1,9,0,0,126,35,,9,ED,K463250,5,,,,,,D,F04,,
982,1997,79,,BLUTI,1,,0,0,126,36,,2,ED,,,,,,,,M,L03,,
984,1997,81,,GRETI,1,2,1,0,126,36,,,JD,J033177,6,K463599,5,VV34165,,,M,L07,,
1044,1997,U05,,GRETI,1,,0,0,126,36,,3,ED,,,,,,,,E,D06,,
1108,1998,C02,,BLUTI,1,4,0,0,126,36,,4,ED,K720570,5,,,,,,D,F05,,
1214,1999,D09a,,BLUTI,1,4,0,0,126,36,,4,EU,,,,,,,,D,E08,,
1312,2000,U03,,GRETI,1,,0,0,126,35,,,ED,,,,,,,,E,F04,,
1334,2001,48,,GRETI,1,8,6,0,126,36,,,JD,N459891,5,,,,,,M,H01,,Cause unknown
1509,2003,B08,,GRETI,1,8,8,8,126,36,,,NE,,,,,VS50946,-953,,D,F-1,,
1512,2003,B25,,GRETI,1,8,7,7,126,36,,,NE,,,,,VS50981,-987,,D,G03,,
1546,2003,C81,,GRETI,1,7,7,4,126,36,,,NE,,,,,VS50977,-980,,D,C04,,
1641,2004,C42,,BLUTI,1,7,7,5,126,35,,,NE,,,,,R558657,-60,,C,E05,,
1735,2005,B37,,GRETI,1,8,0,0,126,36,,8,ED,R502680,6,,,,,,D,E02,,
1740,2005,B58,,GRETI,1,6,4,0,126,36,,,JD,,,,,,,,D,D02,,
1759,2005,C50,,GRETI,1,,0,0,126,36,,,EP,,,,,,,,D,D05,,
1770,2005,U02,,GRETI,1,4,4,3,126,36,,,NE,,,,,TC61243,-246,,E,J00,,
1838,2006,A41,,BLUTI,1, ,0,0,126,36,,,EP,R353218,6,,,,,,D,L01,,
1864,2006,B41,,GRETI,1,,0,0,126,36,,1,ED,,,,,,,,D,E02,,
1999,2007,C10,,GRETI,1,,0,0,126,36,,4,ED,,,,,,,,D,F07,,
2061,2008,A40,,BLUTI,1,8,7,0,126,35,,,JP,V666601,6,,,,,,M,L03,,
2093,2008,B72,,BLUTI,1,5,2,0,126,35,,,JD,,,,,,,,D,B02,,
2121,2009,32,,GRETI,1,8,7,7,126,36,,,NE,,,,, TJ49535,-541,,M,J01,,
2148,2009,A48,,GRETI,1,8,6,6,126,36,,,NE,,,,, TJ49856,-861,,M,L06,,
2248,2010,B10,,GRETI,1,9,9,9,126,36,,,NE,,,,,TJ49799,-807,,D,F-2,,
2381,2012,15,,GRETI,1,7,4,0,126,35,,,JO,V475541,6,,,,,,M,J03,,
2410,2012,A48,,GRETI,1,7,5,1,126,35,,,NE,,,,,TT49018,,,M,L06,,
2414,2012,A56,,GRETI,1,8,3,3,126,35,,,NE,L731491,5,,,TT49020,-22,,M,L08,,
2436,2012,B18,,BLUTI,1,7,7,5,126,35,,,NE,,,,,V666686,-690,,D,E01,,
2453,2012,C01,,BLUTI,1,9,8,5,126,35,,,NE,L327737,5,,,L327743,-747,,D,F05,,
2469,2013,6,,BLUTI,1,8,7,7,126,36,,,NE, L327824,5,,, L327588,-594,,M,J02,,
2486,2013,A21,,BLUTI,1,8,8,8,126,36,,,NE, X649442,6,,, L327799,800 &865-870,,M,N01,,
2501,2013,A70,,GRETI,1,6,6,6,126,36,,,NE,,,,, TT49058,-63,,M,N04,,
2516,2013,B72,,GRETI,1,8,8,6,126,36,,,NE,,,,, TT49125,127 & 29-32,,D,C02,,
2523,2013,C25,,GRETI,1,8,8,8,126,36,,,NE,,,,, TT49405,-412,,D,D08,,
2526,2013,C41,,GRETI,1,6,6,6,126,36,,,NE,,,,, TT49069,-74,,D,E05,,
2677,2015,B64,,GRETI,1,,0,0,126,36,,2,ED,,,,,,,,D,D02,,
2678,2015,B69,,GRETI,1,7,7,7,126,36,,,NE,,,,,TV35615,-621,,D,C02,,
,2023,B23,,GRETI,1,5,5,3,126,36,,,NE,,,,,,,,,,,
,2023,B28,,GRETI,1,7,5,5,126,36,,,NE,,,,,,,,,,,
6,1979,26,,BLUTI,1,,0,0,127,37,,3,EP,KR03435,5,,,,,,M,P00,,WEASEL? >=3 eggs laid
44,1980,51,,GRETI,1,9,9,9,127,36,,,NE,NH49543,5,,,NJ02523,531,,M,N06,,
100,1981,75,,GRETI,1,9,3,0,127,37,,,JP,A761042,5,,,,,,M,K08,,Weasel?
140,1983,6,,GRETI,1,10,0,0,127,37,,10,ED,,,,,,,,M,R00,,
144,1983,12,,BLUTI,1,9,9,9,127,37,,,NE,KS25304,5,,,B841560,568,,M,O00,,
199,1983,91,,GRETI,1,9,0,0,127,37,,,EI,KS25305,6,,,,,,M,K04,,
230,1984,75,,GRETI,1,9,8,3,127,36,,,NE,B250753,6,,,NH52356,359 & 361,,M,K03,,
231,1984,76,,GRETI,1,10,10,9,127,36,,,NE,B250353,6,,,NH52379,387,,M,M05,,
269,1985,49,,BLUTI,1,10,0,0,127,37,,10,ED,B774606,4,,,,,,M,L04,,
279,1985,62,,GRETI,1,10,0,0,127,37,,10,ED,B894435,6,,,,,,M,F02,,See 63 for next attempt
282,1985,66,,GRETI,1,8,8,8,127,37,,,NE,C543847,5,,,VA30033,30040,,M,J00,,
306,1986,11,,BLUTI,1,10,9,8,127,37,,,NE,A761620,6,,,C683363,364-369 & 371,,M,P01,,
323,1986,46,,BLUTI,1,11,11,11,127,37,,,NE,B774585,6,,,C683286,296,,M,H03,,
346,1986,90,,BLUTI,1,10,10,10,127,37,,,NE,B774801,5,,,C683341,350,,M,N04,,
348,1986,93,,GRETI,1,10,10,10,127,37,,,NE,B894247,6,,,VA30161,170,,M,N05,,
418,1988,20,,GRETI,1,7,6,3,127,36,,,NE,,,,,NH52441,443,,M,L02,,
426,1988,33,,GRETI,1,9,9,7,127,36,,,NE,HX19915,6,,,NH52444,450,,M,L03,,
449,1988,63,,GRETI,1,10,0,0,127,36,,10,EP,C824569,4,,,,,,M,F03,,dead at nest
474,1989,10,,GRETI,1,10,10,10,127,37,,,NE,C833295,6,,,VE62078,2087,,M,Q00,,
478,1989,15,,BLUTI,1,6,6,5,127,37,,,NE,E343336,5,,,F485762,766,2,M,P-1,15.2,On GRETI nest - 2 young reared
488,1989,33,,GRETI,1,8,8,0,127,37,,,JP,B774996,6,,,,,,M,L03,,
506,1989,52,,BLUTI,1,4,2,0,127,37,,,JD,E893065,5,,,,,,M,F04,52.1,Nest taken later by GRETI who hatched 2 eggs
511,1989,58,,BLUTI,1,8,8,7,127,37,,,NE,,,,,F485767,773,,M,N06,,
527,1989,83,,GRETI,1,8,8,6,127,37,,,NE,E893077,5,,,VE62109,114,,M,K06,,
535,1989,94,,GRETI,1,9,0,0,127,37,,9,ED,A018040,5,,,,,,M,N03,,
561,1990,40,,BLUTI,1,7,7,1,127,37,,,NE,F783005,5,,,F783184,184,,M,I01,,Nest started in 45 concurrently Some young taken by GRSWO
595,1991,5,,GRETI,1,8,8,6,127,37,,,NE,,,,,VJ65534,539,,M,N01,,
603,1991,22,,GRETI,1,8,6,0,127,37,,,JD,F253326,5,,,,,,M,O-2,,
607,1991,34,,GRETI,1,8,8,8,127,37,,,NE,,,,,VJ65525,532,,M,M07,,
667,1992,88,,BLUTI,1,7,7,4,127,36,,,NE,H229195,5,,,H324665,668-670,,M,N03,,
861,1996,23,,BLUTI,1,6,0,0,127,36,,6,ED,K463150,5,,,,,,M,Q00,,
930,1996,D88,,BLUTI,1,13,13,3,127,36,,,NE,K181546,5,,,K720115,117,,D,C05,,
1004,1997,D01,,BLUTI,1,5,5,5,127,37,,,NE,K463991,5,,,K720546,550,,D,F05,,
1051,1997,WC3,,BLUTI,1,6,6,0,127,37,,,JD,K463723,5,,,,,,D,I03,,See box WB3 for almost concurrent nest
1500,2003,A58,,GRETI,1,,0,0,127,37,,1,ED,,,,,,,,D,O04,,
1781,2006,18,,GRETI,1,,0,0,127,37,,1,ED,,,,,,,,M,O01,,
1790,2006,32,,GRETI,1,9,7,0,127,37,,,JP,R558679,4,,,,,,M,P00,,grey squirrel
1817,2006,A03,,GRETI,1,7,7,0,127,37,,,JD,,,,,,,,D,R-1,,
1841,2006,A48,,GRETI,1,4,0,0,127,37,,4,EP,,,,,,,,D,K02,,
2215,2010,61,,BLUTI,1,7,0,0,127,37,,7,ED,L327601,5,,,,,,M,Q-2,61-1,
2411,2012,A51,,BLUTI,1,6,5,0,127,36,,,JD,,,,,,,,M,L07,,
2451,2012,B76,,BLUTI,1,,0,0,127,36,,1,EP,,,,,,,,D,E-1,,
2470,2013,9,,GRETI,1,6,5,3,127,37,,,NE, L731471,6,,, TT49099,100 & 404,,M,Q-2,,
2482,2013,A12,,BLUTI,1,9,9,0,127,37,,,JD, L731857,5,,,,,,M,Q01,,
2487,2013,A28,,GRETI,1,6,6,6,127,37,,,NE,,,,, TT49078,-83,,M,M01,,
2507,2013,B15,,BLUTI,1,10,9,2,127,37,,,NE, L731920,5,,, L327934,-935,,D,C03,,
2520,2013,C13,,BLUTI,1,9,9,8,127,37,,,NE, L327761,6,,, L327879,-886,,D,E09,,
2522,2013,C24,,GRETI,1,10,10,9,127,37,,,NE,,,,, TT49436,-445 not 441,,D,D09,,
2595,2014,C12,,GRETI,1,8,8,8,127,37,,,NE,,,,, TV35745,-752,,D,F07,,
2658,2015,A74,,BLUTI,1,8,0,0,127,37,,,EO,L327701,6,,,,,,M,O03,,
2667,2015,B20,,BLUTI,1,8,3,2,127,37,,,NE,D309702,5,,,D808454,-455,,D,C01,,
2690,2015,DH27,,BLUTI,1,7,0,0,127,37,,7,ED,D309740,5,,,,,,D,E03,,
,2023,26,,COATI,1,10,9,9,127,37,,,NE,,,,,,,,,,,
,2023,C14,,BLUTI,1,8,0,0,127,37,,,EO,,,,,,,,,,,
34,1980,37,,GRETI,1,8,7,4,128,37,,,NE,NC27506,4,,,NH49997,50000,,M,K08,,
57,1980,95,,BLUTI,1,7,5,5,128,37,,,NE,KR03592,5,,,A213534,538,,M,F01,,Usurped WREN nest
71,1981,31,,GRETI,1,12,9,9,128,38,,,NE,,,,,NJ02739,747,,M,M08,,
89,1981,53,,GRETI,2,6,0,0,128,38,,6,EP,,,,,,,,M,N02,53.2,
151,1983,27,,GRETI,1,10,10,9,128,38,,,NE,B250715,5,,,NN18008,8016,,M,Q-1,,
189,1983,72,,BLUTI,1,7,0,0,128,38,,,EI,A761663,5,,,,,,M,M03,,
200,1984,6,,BLUTI,1,,0,0,128,37,,1,ED,,,,,,,,M,N01,,No NRC
202,1984,11,,BLUTI,1,9,9,9,128,37,,,NE,B250712,6,,,B894634,642,,M,O01,,
210,1984,36,,BLUTI,1,9,9,9,128,37,,,NE,B841598,5,,,B894587,595,,M,M-1,,
215,1984,47,,BLUTI,1,10,0,0,128,37,,10,ED,B250840,6,,,,,,M,K03,,
218,1984,51,,GRETI,1,5,4,4,128,37,,,NE,B774509,5,,,NH52351,354,,M,P00,,
255,1985,27,,GRETI,1,8,8,8,128,38,,,NE,C570005,4,,,VA30101,108,,M,M02,,
262,1985,42,,BLUTI,1,11,10,8,128,38,,,NE,B774662,6,,,C683201,208,,M,H01,,
270,1985,50,,BLUTI,1,8,6,6,128,38,,,NE,B774648,5,,,C683169,174,,M,K07,,
283,1985,71,,GRETI,1,9,0,0,128,38,,9,ED,NN33327,5,,,,,,M,I03,,
288,1985,81,,GRETI,1,8,0,0,128,38,,8,ED,B774647,6,,,,,,M,K06,,
296,1985,92,,GRETI,1,10,10,8,128,38,,,NE,C570003,6,,,VA30081,30088,,M,N07,,
313,1986,32,,GRETI,1,10,10,10,128,38,,,NE,B894483,6,,,VA30151,160,,M,P00,,
318,1986,41,,BLUTI,1,12,12,12,128,38,,,NE,B774795,5,,,C683401,412,,M,J03,,
320,1986,43,,BLUTI,1,10,7,7,128,38,,,NE,B774798,5,,,C683279,285,,M,F02,,
324,1986,47,,BLUTI,1,11,11,11,128,38,,,NE,C683088,5,,,C683413,423,,M,J03,,
341,1986,79,,BLUTI,1,11,11,10,128,38,,,NE,C570266,5,,,C683301,310,,M,L03,,
344,1986,85,,BLUTI,1,11,0,0,128,38,,11,ED,B774797,5,,,,,,M,L07,,
345,1986,89,,BLUTI,1,10,9,9,128,38,,,NE,B894618,6,,,C683329,337,,M,N04,,Fleas on box 04/05 - last year's?
421,1988,27,,GRETI,1,8,8,8,128,37,,,NE,VA30441,5,,,NH52410,417,,M,K03,,
428,1988,35,,GRETI,1,9,,0,128,37,,,JD,C824198,5,,,,,,M,O03,,female died at nest
590,1990,91,,GRETI,1,8,8,0,128,38,,,JD,,,,,,,,M,N05,,
874,1996,44,,BLUTI,1,7,5,5,128,37,,,NE,K181897,5,,,K720207,211,,M,F03,,
908,1996,D08,,BLUTI,1,7,0,0,128,37,,7,ED,K463241,5,,,,,,D,E08,,
916,1996,D40,,BLUTI,1,7,7,7,128,37,,,NE,J522640,6,,,K720118,124,,D,C04,,
923,1996,D56,,BLUTI,1,7,0,0,128,37,,7,ED,K463911,5,,,,,,D,C09,,
1160,1999,10,,GRETI,1,7,4,4,128,38,,,NE,,,,,VV92907,910,,M,Q00,,
1364,2001,C38,,GRETI,1,8,8,8,128,38,,,NE,N459994,5,,,VS51192,-199,,D,C04,,
1511,2003,B21,,GRETI,1,,0,0,128,38,,3,ED,,,,,,,,D,G02,,
1713,2005,A55,,GRETI,1,,0,0,128,38,,,EP,,,,,,,,D,N04,,
1802,2006,66,,GRETI,1,,0,0,128,38,,2,EP,,,,,,,,M,J00,,
1831,2006,A25,,GRETI,1,8,7,7,128,38,,,NE,,,,,TC61435,-441,,D,O00,,
1882,2006,C23,,GRETI,1,8,8,0,128,38,,,JD,,,,,,,,D,D09,,
2017,2008,2,,BLUTI,1,9,4,0,128,37,,,JP,T663500,6,,,,,,M,R00,,GRSWO
2391,2012,42,,BLUTI,1,8,7,0,128,37,,,JD,,,,,,,,M,H01,,
2432,2012,B07,,GRETI,1,7,7,5,128,37,,,NE,,,,,TR47687,-691,,D,F-1,,
2500,2013,A68,,BLUTI,1,8,8,8,128,38,,,NE, V666683,5,,, L327871,-878,,M,N04,,
2525,2013,C33,,GRETI,1,10,10,10,128,38,,,NE,,,,, TT49446,-455,,D,D07,,
2654,2015,A62,,GRETI,1,5,5,5,128,38,,,NE,,,,,TV35789,-793,,M,M07,,
,2022,K02,,GRETI,1,6,6,0,128,38,,,JD,,,,,,,,,,,
,2023,A82,,BLUTI,1,5,5,0,128,38,,,JD,,,,,,,,,,,
98,1981,71,,GRETI,1,6,0,0,129,39,,6,EP,A213790,6,,,,,,M,O04,,
156,1983,33,,GRETI,1,8,8,8,129,39,,,NE,A761765,6,,,NN18034,8041,,M,N00,,
192,1983,76,,GRETI,1,7,0,0,129,39,,7,EI,,,,,,,,M,K06,,
244,1985,9,,GRETI,1,7,0,0,129,39,,7,ED,B250711,6,,,,,,M,Q01,,
305,1986,10,,BLUTI,1,9,9,9,129,39,,,NE,B894545,6,,,C683262,270,,M,Q00,,
310,1986,27,,GRETI,1,8,8,8,129,39,,,NE,C570011,6,,,VA30171,178,,M,N02,,
315,1986,34,,GRETI,1,10,10,9,129,39,,,NE,B894435,6,,,VA30179,187,,M,F04,,
326,1986,50,,BLUTI,1,10,10,10,129,39,,,NE,B774648,6,,,C683311,320,,M,K07,,
328,1986,55,,GRETI,1,12,10,10,129,39,,,NE,B250770,6,,,VA30209,218,,M,M-1,,
331,1986,59,,BLUTI,1,11,11,9,129,39,,,NE,B894584,6,,,C683392,400,,M,N06,,
350,1986,96,,BLUTI,1,9,9,3,129,39,,,NE,B841585,6,,,C683338,340,,M,P02,,
394,1987,74,,BLUTI,1,3,0,0,129,39,,3,ED,B774855,5,,,,,,M,P-1,,See 28.1 and 15 for other clutches
536,1989,95,,GRETI,1,7,7,7,129,39,,,NE,VA30441,6,,,VE62115,121,,M,M07,,
629,1991,85,,BLUTI,1,9,9,9,129,39,,,NE,F253475,5,,,F783295,303,,M,L07,,
630,1991,86,,BLUTI,1,10,,0,129,39,,,JD,F485717,6,,,,,,M,J03,,
668,1992,91,,GRETI,1,6,4,3,129,38,,,NE,,,,,VJ65689,691,,M,N05,,
892,1996,89,,BLUTI,1,7,7,0,129,38,,,JP,J033029,6,,,,,,M,N05,,
955,1997,24,,BLUTI,1,7,7,2,129,39,,,NE,K463915,6,,,K720554,& 558,,M,K00,,
1009,1997,D14a,,BLUTI,1,5,5,2,129,39,,,NE,K463785,5,,,K720559,560,,D,D09,,
1047,1997,U08,,GRETI,1,7,7,0,129,39,,,JP,J522413,6,,,,,,E,F05,,
1056,1998,12,,GRETI,1,7,6,3,129,39,,,NE,J522386,6,,,VR78733,735,5,M,P00,,
1061,1998,20,,GRETI,1,7,0,0,129,39,,7,EP,,,,,,,,M,L05,,
1128,1998,D43b,,GRETI,1,6,5,5,129,39,,,NE,,,,,VV34188,192,,D,C06,,
1237,1999,H-2,,BLUTI,1,8,6,0,129,39,,,JD,N408400,5,,,,,,D,F04,,
1470,2003,79,,BLUTI,1,7,0,0,129,39,,7,EP,R353096,5,,,,,,M,L03,,
1556,2004,27,,GRETI,1,7,5,0,129,38,,,JP,R502861,5,,,,,,M,L04,,
1769,2005,U01,,GRETI,1,6,5,5,129,39,,,NE,,,,,TC61247,-251,,E,N02,,
1822,2006,A11,,GRETI,1,7,7,0,129,39,,,JD,,,,,,,,D,Q-2,,
1890,2006,C51,,GRETI,1,8,8,7,129,39,,,NE,,,,,TC61442,-448,,D,D05,,
2018,2008,3,,BLUTI,1,,0,0,129,38,,1,EP,,,,,,,,M,R00,,
2086,2008,B39,,GRETI,1,6,6,5,129,38,,,NE,,,,,TJ49712,-716,,D,E02,,
2101,2008,C27,,GRETI,1,,0,0,129,38,,1,ED,,,,,,,,D,D08,,
2104,2008,C37,,BLUTI,1,,0,0,129,38,,1,ED,,,,,,,,D,E05,,
2384,2012,23,,BLUTI,1,7,0,0,129,38,,7,ED,L155334,6,,,,,,M,K00,,
2399,2012,66,,BLUTI,1,9,1,0,129,38,,,JD,L731494,5,,,,,,M,J01,,
2408,2012,A31,,COATI,1,9,8,0,129,38,,,JP,V475417,6,,,,,,M,L01,,
2420,2012,A69,,BLUTI,1,9,7,0,129,38,,,JD,L731381,5,,,,,,M,N04,,
2423,2012,A72,,BLUTI,1,6,4,3,129,38,,,NE,L731554,6,,,L327758,-760,,M,O03,,
2443,2012,B39,,GRETI,1,7,0,0,129,38,,7,EP,,,,,,,,D,E02,,
2504,2013,A82,,BLUTI,1,9,4,0,129,39,,,JD, X649460,6,,,,,,M,Q03,,
2511,2013,B34,,GRETI,1,6,6,6,129,39,,,NE,,,,, TT49108,-113,,D,F04,,
2665,2015,B12,,GRETI,1,,0,0,129,39,,5,ED,,,,,,,,D,F-1,,
2668,2015,B29,,GRETI,1,8,6,5,129,39,,,NE,,,,,TV35622,-626,,D,F-1,,
1,1979,6,,GRETI,1,13,11,9,130,40,,,NE,KR03103,5,,,NH49562,570,,M,Q01,,
133,1982,73,,BLUTI,1,8,8,6,130,40,,,NE,KS25153,6,,,A761595,600,,M,M03,,
258,1985,34,,GRETI,1,9,9,0,130,40,,,JP,,,,,,,,M,F06,,
312,1986,29,,BLUTI,1,6,4,3,130,40,,,NE,B774796,5,,,C683360,362,,M,M05,,
322,1986,45,,BLUTI,1,11,11,11,130,40,,,NE,C570343,5,,,C683381,391,,M,G04,,
343,1986,83,,BLUTI,1,9,9,9,130,40,,,NE,B774800,5,,,C683351,359,,M,K06,,
349,1986,94,,BLUTI,1,10,9,9,130,40,,,NE,A761073,6,,,C683424,432,,M,P02,,
608,1991,36,,GRETI,1,7,7,5,130,40,,,NE,,,,,VJ65540,544,,M,M-1,,
622,1991,62,,BLUTI,1,10,9,8,130,40,,,NE,A018077,6,,,F783311,318,,M,F02,,
716,1993,99,,BLUTI,1,7,0,0,130,40,,7,EP,H324935,6,,,,,,M,P04,,
898,1996,98,,BLUTI,1,7,4,4,130,39,,,NE,K463181,5,,,K720132,135,4,M,O03,,
909,1996,D09,,BLUTI,1,8,8,7,130,39,,,NE,K463914,5,,,K720156,162,,D,E08,,
924,1996,D58,,BLUTI,1,7,7,6,130,39,,,NE,J033298,6,,,K720142,147,,D,D08,,
932,1996,H11,,BLUTI,1,,0,0,130,39,,5,ED,,,,,,,,D,C03,,
943,1996,U08,,GRETI,1,6,6,6,130,39,,,NE,J522850,6,,,VV34027,4032,,E,E03,,
994,1997,0C,,BLUTI,1,8,0,0,130,40,,8,ED,,,,,,,,M,H03,,
1049,1997,U10,,GRETI,1,1,0,0,130,40,,1,ED,K463701,5,K463668,5,,,,E,M02,,
1200,1999,99,,GRETI,1,7,6,4,130,40,,,NE,,,,,VV92916,919,,M,P04,,
1587,2004,97,,BLUTI,1,6,4,0,130,39,,,JD,R558300,6,,,,,,M,L00,,
1596,2004,A23,,GRETI,1,3,0,0,130,39,,3,EP,,,,,,,,A,Q03,,
1804,2006,78,,BLUTI,1,,0,0,130,40,,2,EP,,,,,,,,M,P04,,egg laid before nest lined
1835,2006,A29,,GRETI,1,,0,0,130,40,,1,EP,,,,,,,,D,O01,,
1935,2007,68,,GRETI,1,6,3,3,130,40,,,NE,,,,,TC61391,-393,,M,H02,,
1980,2007,B31,,GRETI,1,8,7,7,130,40,,,NE,,,,,TC61279,-285,,D,F04,,
2020,2008,9,,GRETI,1,5,0,0,130,39,,5,EP,,,,,,,,M,Q-2,,
2092,2008,B68,,GRETI,1,6,6,6,130,39,,,NE,,,,,TJ49701,-706,,D,C02,,
2100,2008,C23,,GRETI,1,7,6,1,130,39,,,NE,,,,,TJ49637,,,D,D09,,
2401,2012,67,,BLUTI,1,7,7,2,130,39,,,NE,L731340,5,,,L327755,-756,,M,H01,,
2496,2013,A58,,GRETI,1,7,6,6,130,40,,,NE, X649412,6,,, TT49426,-431,,M,L07,,
2508,2013,B16,,GRETI,1,9,8,2,130,40,,,NE,,,,, TT49133,-134,,D,D03,,
,2022,H01,,GRETI,1,7,5,4,130,40,,,NE,,,,,,,,,,,
,2023,A59,,GRETI,1,6,6,0,130,40,,,JD,,,,,,,,,,,
21,1979,73,,GRETI,1,12,9,9,131,41,,,NE,KP25624,6,,,NH49571,579,,M,L03,,
66,1981,21,,BLUTI,1,9,6,3,131,41,,,NE,KS25063,5,,,A761194,196 197,,M,O00,21.1,
85,1981,50,,BLUTI,2,8,8,8,131,41,,,NE,A319659,5,KS25090,5,A761222,229,,M,M03,50.2,
137,1982,89,,BLUTI,1,6,0,0,131,41,,6,ED,KJ20723,6,,,,,,M,Q00,,
228,1984,71,,GRETI,1,8,7,0,131,40,,,JD,B774588,5,,,,,,M,K02,,
238,1984,93,,GRETI,1,8,8,8,131,40,,,NE,B894247,5,,,NH52363,370,,M,O05,,
286,1985,75,,GRETI,1,6,6,0,131,41,,,JP,NH52340,5,,,,,,M,K03,,
298,1985,94,,GRETI,1,6,6,6,131,41,,,NE,C570023,5,,,VA30089,30094,,M,Q03,,
311,1986,28,,BLUTI,1,9,9,8,131,41,,,NE,A319902,6,,,C683271,278,,M,O-1,,
317,1986,40,,BLUTI,1,9,9,9,131,41,,,NE,B774793,5,,,C683451,459,,M,I01,,
319,1986,42,,BLUTI,1,10,10,10,131,41,,,NE,C570346,5,,,C683441,450,,M,H01,,
332,1986,60,,BLUTI,1,10,9,9,131,41,,,NE,B250702,6,,,C683372,380,,M,G01,,
336,1986,67,,GRETI,1,9,7,7,131,41,,,NE,,,,,VA30219,25,,M,G01,,
455,1988,78,,GRETI,1,7,7,5,131,40,,,NE,B774996,5,,,NH52436,440,,M,K02,,
498,1989,44,,BLUTI,1,4,4,4,131,41,,,NE,,,,,F485699,702,,M,F03,,
507,1989,52,,GRETI,1,10,10,0,131,41,,,JD,,,,,,,,M,F04,52.2,On old BLUTI nest - natched 2 BLUTI eggs.
526,1989,82,,GRETI,1,5,5,0,131,41,,,JD,E893656,5,,,,,,M,M07,,
624,1991,74,,BLUTI,1,7,7,0,131,41,,,JP,E893465,6,,,,,2,M,P-1,,
648,1992,35,,GRETI,1,8,8,8,131,40,,,NE,,,,,VJ65665,672,,M,O03,,
904,1996,C03,,BLUTI,1,4,0,0,131,40,,4,ED,J522564,5,,,,,,D,F05,,
914,1996,D33A,,BLUTI,1,9,7,4,131,40,,,NE,K287558,5,,,K720212,215,,D,E07,,1 runt egg
917,1996,D41,,BLUTI,1,9,9,2,131,40,,,NE,K463169,5,,,K720163,& 169,,D,C05,,
920,1996,D50,,BLUTI,1,,0,0,131,40,,4,ED,,,,,,,,D,C08,,
938,1996,U03,,GRETI,1,6,6,6,131,40,,,NE,K463045,5,J522574,5,VV34015,4020,,E,F04,,
1027,1997,D73,,BLUTI,1,7,7,0,131,41,,,JD,K463963,5,,,,,,D,C03,,
1117,1998,D13,,BLUTI,1,7,7,0,131,41,,,JP,,,,,,,,D,E10,,
1336,2001,51,,GRETI,1,,0,0,131,41,,4,ED,,,,,,,,M,L04,,Both eggs white
1478,2003,93,,GRETI,1,3,0,0,131,41,,3,EP,,,,,,,,M,N05,,
1521,2003,B67,,GRETI,1,9,7,0,131,41,,,JD,,,,,,,,D,C02,,
1522,2003,B70,,GRETI,1,,0,0,131,41,,4,ED,,,,,,,,D,C02,,
1886,2006,C37,,GRETI,1,5,5,0,131,41,,5,JP,,,,,,,,D,E05,,
2406,2012,A19,,GRETI,1,6,5,0,131,40,,,JD,L731477,5,,,,,,M,P01,,
2481,2013,A03,,GRETI,1,5,5,5,131,41,,,NE,,,,, TT49421,-425,,M,O01,,
2527,2013,C43,,BLUTI,1,3,1,0,131,41,,,JD, L731811,5,,,,,,D,E04,,
2664,2015,B04,,GRETI,1,9,9,5,131,41,,,NE,,,,,TV35635,-639,,D,F-3,,
,2021,Q00,,GRETI,1,8,0,0,131,41,,,EP,,,,,,,,,,,
13,1979,51,,GRETI,1,11,11,11,132,42,,,NE,,,,,NH49536,546,,M,N06,,
16,1979,59,,BLUTI,1,10,8,8,132,42,,,NE,,,,,A213101,108,,M,N05,,
82,1981,48,,BLUTI,1,5,4,4,132,42,,,NE,KS25499,5,,,A761218,221,,M,O04,,
196,1983,88,,GRETI,1,6,6,6,132,42,,,NE,B250711,5,,,NN18027,8032,,M,Q00,,
272,1985,52,,GRETI,1,8,8,8,132,42,,,NE,B774649,5,,,VA30073,30080,,M,M07,,
284,1985,73,,BLUTI,1,8,8,7,132,42,,,NE,A761073,4,,,C683144,150,,M,L04,,
307,1986,18,,GRETI,1,10,10,10,132,42,,,NE,C570354,5,,,VA30237,246,,M,O01,,
321,1986,44,,BLUTI,1,10,10,10,132,42,,,NE,C570008,6,,,C683469,478,,M,F03,,
325,1986,48,,GRETI,1,9,0,0,132,42,,9,EP,,,,,,,,M,H01,,
347,1986,92,,GRETI,1,9,9,9,132,42,,,NE,C212328,6,,,VA30131,139,,M,N07,,
352,1986,99,,GRETI,1,11,11,11,132,42,,,NE,C570005,6,,,VA30226,236,,M,N04,,
468,1988,96,,BLUTI,1,8,0,0,132,41,,8,EP,,,,,,,,M,P02,,
531,1989,90,,BLUTI,1,4,2,2,132,42,,,NE,E893085,6,,,F485781,782,,M,N04,,
539,1989,,,BLUTI,1,8,8,7,132,42,,,NE,,,,,F485783,-788,,F,FARM,,
617,1991,48,,GRETI,1,7,7,6,132,42,,,NE,,,,,VJ65545,550,,M,H01,,
879,1996,52,,GRETI,1,7,6,0,132,41,,,JP,,,,,,,,M,P04,,
928,1996,D83,,BLUTI,1,3,0,0,132,41,,3,ED,J522635,6,,,,,,D,D04,,Female died in egg laying
1318,2001,11,,BLUTI,1,8,8,0,132,42,,,JP,N459878,5,,,,,,M,P01,,
1458,2003,40,,BLUTI,1,,0,0,132,42,,2,ED,,,,,,,,M,P-1,,
1533,2003,C44,,GRETI,1,7,0,0,132,42,,,EP,,,,,,,,D,D04,,
1591,2004,A03,,GRETI,1,,0,0,132,41,,1,ED,,,,,,,,A,R-1,,
1671,2005,53,,GRETI,1,,0,0,132,42,,,EP,,,,,,,,M,O-1,,
1885,2006,C31,,GRETI,1,1,1,0,132,42,,,JP,,,,,,,,D,D07,,
1899,2006,C83,,BLUTI,1,8,6,0,132,42,,,JP,,,,,,,,D,C04,,
2106,2008,U10,,GRETI,1,7,7,7,132,41,,,NE,,,,,TJ49643,-649,,E,H04,,
2471,2013,10,,BLUTI,1,7,0,0,132,42,,7,ED, L327587,6,,,,,,M,L02,,
2480,2013,54,,GRETI,1,7,7,4,132,42,,,NE,,,,, TT49432,-435,,M,K00,,
2498,2013,A65,,BLUTI,1,8,0,0,132,42,,,EO, L731888,5,,,,,,M,N06,,
2672,2015,B39,,BLUTI,1,7,5,3,132,42,,,NE,,,,,D808451,453,,D,E02,,
2689,2015,DA24,,BLUTI,1,7,4,4,132,42,,,NE,L731795,6,,,D808288,-291,,D,R-1,,
14,1979,53,,GRETI,1,12,11,11,133,43,,,NE,,,,,NH49551,561,,M,L04,,
23,1979,80,,GRETI,1,12,7,0,133,43,,,JP,KR03493,5,,,,,,M,N01,,Ousted by TRESP
27,1980,6,,GRETI,1,9,6,0,133,42,,,JP,A213824,5,,,,,,M,R00,6.1,Weasel predation? 2nd use by TRESP
197,1983,89,,BLUTI,1,10,10,9,133,43,,,NE,A761602,5,,,B841614,622,,M,Q00,,
253,1985,23,,BLUTI,1,7,0,0,133,43,,7,EP,C570022,5,,,,,,M,Q00,,
304,1986,9,,GRETI,1,7,7,7,133,43,,,NE,B250711,6,,,VA30140,146,,M,Q01,,
391,1987,67,,GRETI,1,11,0,0,133,43,,11,ED,HX19800,5,,,,,,M,G01,,
431,1988,37,,BLUTI,2,8,2,0,133,42,,,JP,C824540,5,,,,,,M,L00,37.2,
461,1988,88,,BLUTI,2,7,7,7,133,42,,,NE,C824130,4,,,E343393,399,,M,N03,88.2,
502,1989,48,,GRETI,1,8,8,8,133,43,,,NE,C824554,6,,,VE62141,148,,M,H01,,
633,1991,90,,BLUTI,1,7,6,6,133,43,,,NE,F485601,6,,,F783324,329,,M,N04,,
915,1996,D33B,,BLUTI,1,9,9,2,133,42,,,NE,K463913,6,,,K720177,178,,D,E08,,
927,1996,D76,,BLUTI,1,8,7,6,133,42,,,NE,K181548,5,,,K720136,141,,D,F05,,1 runt egg
952,1997,20,,GRETI,1,9,9,0,133,43,,,JP,K463776,6,,,,,,M,L05,,
1144,1998,H01,,BLUTI,1,4,0,0,133,43,,4,EP,,,,,,,,D,F04,,
1801,2006,59,,COATI,1,10,10,8,133,43,,,NE,R502827,6,,,R558551,-561,,M,N06,81/1,
1874,2006,B78,,GRETI,1,8,0,0,133,43,,8,ED,T663219,5,,,,,,D,C01,,
1998,2007,C05,,GRETI,1,7,5,5,133,43,,,NE,,,,,BE34094,-98,,D,F05,,
2010,2007,C35,,GRETI,1,7,6,6,133,43,,,NE,,,,,BE34118,-122,,D,D07,,
2021,2008,11,,GRETI,1,,0,0,133,42,,2,EP,,,,,,,,M,P-2,,
2029,2008,31,,GRETI,1,5,5,5,133,42,,,NE,,,,,TJ49638,-642,,M,M-1,,
2079,2008,B08,,GRETI,1,7,7,6,133,42,,,NE,,,,,,,,D,E-1,,fledged before ringing
2096,2008,C03,,GRETI,1,8,5,0,133,42,,,JP,,,,,,,,D,F05,,weasel
2485,2013,A19,,GRETI,1,4,3,3,133,43,,,NE, TR47867,5,,, TT49075,-77,,M,P01,,
2489,2013,A33,,GRETI,1,5,5,5,133,43,,,NE,,,,, TT49084,-88,,M,M02,,
2491,2013,A45,,GRETI,1,7,5,5,133,43,,,NE,,,,, TT49462,-466,,M,L05,,
2492,2013,A47,,GRETI,1,6,6,6,133,43,,,NE, TR47528,6,,, TT49089,-94,,M,L05,,
2617,2015,8,,GRETI,1,5,3,0,133,43,,,JP,,,,,,,,M,L02,,
2642,2015,A19,,GRETI,1,6,2,2,133,43,,,NE,,,,,TV35787,788,,M,P01,,
,2021,F02,,BLUTI,1,5,4,0,133,43,,,JP,,,,,,,,,,,
,2021,K02,,COATI,1,8,6,0,133,43,,,JD,,,,,,,,,,,
,2021,J03,,GRETI,1,7,5,4,133,43,,,NE,,,,,,,,,,,
105,1981,99,,GRETI,1,11,11,11,134,44,,,NE,,,,,NJ02854,864,,M,B04,,
113,1982,23,,BLUTI,1,9,0,0,134,44,,9,EP,A319706,6,,,,,,M,N00,,
124,1982,44,,BLUTI,1,7,7,7,134,44,,,NE,KS25155,5,,,A761694,700,,M,K03,,
169,1983,49,,GRETI,1,12,0,0,134,44,,,EI,B250724,5,,,,,,M,O05,,
175,1983,58,,BLUTI,1,,0,0,134,44,,,EI,,,,,,,,M,O04,,
186,1983,68,,GRETI,1,8,0,0,134,44,,8,ED,B250764,5,,,,,,M,O00,,
190,1983,73,,BLUTI,1,8,0,0,134,44,,8,ED,KS25308,6,,,,,,M,M03,,
217,1984,50,,BLUTI,1,11,11,10,134,43,,,NE,B894391,5,,,B894658,667,,M,M06,,
309,1986,22,,GRETI,1,9,9,8,134,44,,,NE,C833295,5,,,VA30201,208,,M,O-2,,
334,1986,62,,GRETI,1,4,0,0,134,44,,4,EP,,,,,,,,M,F02,,
351,1986,98,,BLUTI,1,8,8,3,134,44,,,NE,C570155,5,,,C683298,300,,M,Q03,,
1256,2000,34,,GRETI,1,8,7,7,134,43,,,NE,,,,,VJ35483,489,,M,M07,,
1447,2003,10,,GRETI,1,,0,0,134,44,,1,ED,,,,,,,,M,Q00,,
1599,2004,A29,,BLUTI,1,5,0,0,134,43,,5,EP,,,,,,,,A,O00,,
2053,2008,A21,,BLUTI,1,7,0,0,134,43,,7,EP,,,,,,,,M,O00,,
2140,2009,A18,,GRETI,1,6,0,0,134,44,,6,EP,,,,,,,,M,P00,,
2388,2012,30,,BLUTI,1,8,4,0,134,43,,,JD,X650000,6,,,,,,M,J02,,
2468,2013,5,,GRETI,1,,0,0,134,44,,3,ED,,,,,,,,M,S-2,,
59,1980,F2A,,BLUTI,1,3,0,0,135,44,,3,ED,A370660,5,,,,,,F,FARM,,see F2B - which bird really won?
61,1981,7,,BLUTI,1,6,5,0,135,45,,,JP,KS25062,6,,,,,,M,Q01,7.2,
116,1982,30,,BLUTI,1,8,8,6,135,45,,,NE,B131761,6,,,A761686,691,,M,N02,,
174,1983,55,,GRETI,1,7,6,4,135,45,,,NE,,,,,NN18042,8045,,M,L08,,
195,1983,86,,BLUTI,1,6,0,0,135,45,,6,EP,A761634,5,,,,,,M,O02,,
327,1986,51,,GRETI,1,10,10,10,135,45,,,NE,B774649,6,,,VA30251,260,,M,M04,,
339,1986,74,,BLUTI,1,8,8,8,135,45,,,NE,B774802,5,,,C683433,440,,M,P-1,,
855,1996,11,,BLUTI,1,8,8,8,135,44,,,NE,K181935,5,,,K720148,155,,M,P01,,
900,1996,0B,,BLUTI,1,6,0,0,135,44,,6,ED,K463915,,,,,,,M,I01,,
944,1996,WA3,,BLUTI,1,5,0,0,135,44,,5,EP,J033763,6,,,,,,D,I01,,
1093,1998,89,,BLUTI,1,7,6,5,135,45,,,NE,J033029,6,,,N645077,5081,,M,N05,,
1276,2000,91,,GRETI,1,8,7,6,135,44,,,NE,,,,,VJ35490,495,,M,N05,,
1285,2000,0O,,GRETI,1,6,6,6,135,44,,,NE,,,,,VJ35496,500 VV92943,,M,P04,,
1324,2001,22,,GRETI,1,6,6,0,135,45,,,JP,VS51132,6,,,,,,M,O-2,,Uninjured - desertion?
1745,2005,C07,,BLUTI,1,,0,0,135,45,,,EP,,,,,,,,D,F07,,
1768,2005,C84,,GRETI,1,,0,0,135,45,,1,ED,,,,,,,,D,C04,,
1783,2006,21,,GRETI,1,6,0,0,135,45,,6,ED,T663232,6,,,,,,M,P00,,
1815,2006,0G,,BLUTI,1,7,2,2,135,45,,,NE,R123966,6,,,R558561,-562,,M,J01,,
1819,2006,A06,,GRETI,1,3,3,0,135,45,,,JD,,,,,,,,D,R-1,,
1856,2006,B02,,GRETI,1,,0,0,135,45,,6,ED,,,,,,,,D,F-3,,
1868,2006,B62,,BLUTI,1,,0,0,135,45,,2,EP,,,,,,,,D,D03,,
2070,2008,A67,,BLUTI,1,,0,0,135,44,,2,EP,,,,,,,,M,N05,,
2462,2012,C27,,GRETI,1,6,6,0,135,44,,,JD,,,,,,,,D,D08,,
2463,2012,C29,,GRETI,1,5,5,0,135,44,,,JD,,,,,,,,D,D08,,
,2021,J01,,BLUTI,1,6,0,0,135,45,,,ED,,,,,,,,,,,
22,1979,77,,BLUTI,1,7,7,7,136,46,,,NE,KR03281,5,,,KR03594,600,,M,N01,,
72,1981,32,,GRETI,1,9,9,9,136,46,,,NE,NC27506,6,,,NJ02878,886,-1,M,N02,32.2,
209,1984,33,,GRETI,1,8,8,8,136,45,,,NE,B774590,5,,,NH52371,378,,M,J01,,
333,1986,61,,BLUTI,1,10,9,9,136,46,,,NE,B894623,6,,,C683460,468,,M,F01,,
335,1986,64,,GRETI,1,11,0,0,136,46,,11,EP,C570249,5,,,,,,M,F03,,
453,1988,74,,BLUTI,1,8,7,7,136,45,,,NE,A761620,6,,,E343400,406,,M,P-1,,
606,1991,33,,GRETI,1,9,0,0,136,46,,9,ED,,,,,,,,M,L03,,
621,1991,58,,BLUTI,1,8,8,0,136,46,,,JD,E893467,5,,,,,,M,N06,,
945,1996,WC3,,GRETI,1,6,5,5,136,45,,,NE,K463177,5,K463244,5,VV34033,4037,,M,I03,,
1118,1998,D13b,,BLUTI,1,8,8,0,136,46,,,JD,,,,,,,,D,E10,,
1149,1998,N13,,BLUTI,1,,0,0,136,46,,2,EP,,,,,,,,D,F08,,
1482,2003,0H,,BLUTI,1,8,7,4,136,46,,,NE,R353041,5,,,R558152,to 155 not 152,,M,O-1,,
1829,2006,A23,,GRETI,1,,0,0,136,46,,2,ED,,,,,,,,D,O04,,
1914,2007,9,,GRETI,1,7,4,3,136,46,,,NE,,,,,TC61394,-396,,M,Q-2,,Spiky front
1992,2007,B72,,GRETI,1,7,7,6,136,46,,,NE,,,,,TC61286,-291,,D,B02,,
11,1979,47,,BLUTI,1,9,9,9,137,47,,,NE,,,,,A213115,123,,M,N06,,
115,1982,29,,BLUTI,2,3,3,3,137,47,,,NE,A436378,5,,,A761683,685,,M,N-1,29.2,Replacement clutch some eggs from first clutch in nest too.
203,1984,13,,BLUTI,1,7,7,7,137,46,,,NE,,,,,B894651,657,,M,P01,,
211,1984,42,,BLUTI,1,5,5,4,137,46,,,NE,B774586,5,,,B894541,543,,M,I02,,
596,1991,9,,BLUTI,1,8,6,4,137,47,,,NE,E343336,6,,,F783331,334,,M,Q01,,
598,1991,12,,GRETI,1,8,8,4,137,47,,,NE,,,,,VJ65551,553 554 556,,M,P00,,
612,1991,42,,BLUTI,1,5,1,1,137,47,,,NE,,,,,F783330,,,M,H01,,
687,1993,36,,BLUTI,1,8,8,1,137,47,,,NE,,,,,J118118,,,M,M-1,,
853,1996,5,,GRETI,1,6,6,6,137,46,,,NE,K463006,5,,,VV34021,4026,,M,N01,,
886,1996,75,,GRETI,1,5,5,0,137,46,,,JP,K463031,5,VN47610,6,,,,M,K03,,
939,1996,U04,,GRETI,1,7,7,5,137,46,,,NE,,,NC90316,5,VV34043,4047,,E,E03,,
1065,1998,27,,GRETI,1,7,7,0,137,47,,,JP,J522525,6,,,,,,M,L04,,
1354,2001,0O,,GRETI,1,6,6,4,137,47,,,NE,N275031,6,,,VV92944,-949,,M,P04,,Unclear how many fledged
1367,2001,C42,,GRETI,1,,0,0,137,47,,3,ED,,,,,,,,D,C03,,
1625,2004,B51,,GRETI,1,6,5,0,137,46,,,JP,,,,,,,,B,D00,,
1775,2006,5,,GRETI,1,3,0,0,137,47,,3,EP,,,,,,,,M,N01,,
1791,2006,33,,GRETI,1,,0,0,137,47,,2,ED,,,,,,,,M,L03,,
2196,2010,7,,BLUTI,1,9,9,5,137,47,,,NE,V666759,5,,,L327656,-660,,M,R-2,,
2202,2010,33,,BLUTI,2,6,6,5,137,47,,,NE,L327601,5,,,L327662,-666,,M,P-2,61-2,
2494,2013,A54,,GRETI,1,6,6,0,137,47,,,JD, L731948,5,,,,,,M,K08,,
2618,2015,9,,GRETI,1,,0,0,137,47,,4,ED,,,,,,,,M,Q-2,,
2661,2015,A80,,BLUTI,1,4,0,0,137,47,,4,EP,,,,,,,,M,Q03,,
5,1979,25,,BLUTI,1,7,6,6,138,48,,,NE,,,,,A213109,114,,M,P00,,
164,1983,44,,BLUTI,1,9,0,0,138,48,,,EI,B600039,5,,,,,,M,K03,,
235,1984,87,,GRETI,1,7,0,0,138,47,,7,ED,B894388,5,,,,,,M,N05,,
342,1986,81,,GRETI,1,10,10,10,138,48,,,NE,C570377,5,,,VA30261,270,,M,K06,,
411,1988,8,,GRETI,1,7,7,7,138,47,,,NE,HX19817,6,,,NH52451,457,,M,N02,,
513,1989,60,,BLUTI,1,7,7,0,138,48,,,JP,E893066,5,,,,,,M,G01,,See box 62
653,1992,46,,BLUTI,1,7,0,0,138,47,,7,ED,H229198,5,,,,,,M,H03,,See box 41 for earlier attempt
1114,1998,D07b,,COATI,2,1,0,0,138,48,,1,EP,K181569,6,,,,,,D,E07,7.2,
1826,2006,A20,,GRETI,1,,0,0,138,48,,1,ED,,,,,,,,D,Q02,,
1842,2006,A50,,GRETI,1,,0,0,138,48,,1,EP,,,,,,,,D,M03,,
1845,2006,A62,,GRETI,1,,0,0,138,48,,1,ED,,,,,,,,D,N03,,
1849,2006,A77,,GRETI,1,,0,0,138,48,,,EP,VS50833,6,,,,,,D,M08,,weasel in box - killed female
1853,2006,A85,,GRETI,1,,0,0,138,48,,1,EP,,,,,,,,D,L04,,
2033,2008,40,,BLUTI,1,,0,0,138,47,,1,EP,,,,,,,,M,P-2,,
2116,2009,11,,GRETI,1,5,3,3,138,48,,,NE,,,,, TJ49542,-544,,M,P-2,,
2216,2010,62,,GRETI,1,,0,0,138,48,,2,ED,,,,,,,,M,J02,,
2503,2013,A78,,GRETI,1,6,3,0,138,48,,,JD,,,,,,,,M,P03,,
208,1984,32,,GRETI,1,7,0,0,139,48,,7,ED,B250711,6,,,,,,M,Q01,,
338,1986,71,,GRETI,1,8,0,0,139,49,,8,ED,B774799,5,,,,,,M,I03,,
761,1995,12,,GRETI,1,2,1,1,139,49,,,NE,J522386,5,J033069,6,VN47902,,,M,P00,,Unhatched egg 20x11 - long & thin
919,1996,D46,,BLUTI,1,6,6,5,139,48,,,NE,K463200,5,,,K720183,185 87 88,,D,C07,,
925,1996,D61,,GRETI,1,4,3,3,139,48,,,NE,VN47628,6,,,VV34005,&013 & 014,,D,D07,,
926,1996,D72,,GRETI,1,9,9,4,139,48,,,NE,,,J522479,6,VV34048,4051,,D,D04,,
933,1996,H-2,,BLUTI,1,5,4,4,139,48,,,NE,J522252,6,,,K720172,175,,D,F04,,
1057,1998,13,,BLUTI,1,9,8,4,139,49,,,NE,K463181,6,,,N645082,&85-87,,M,P01,,
1997,2007,C03,,GRETI,1,,0,0,139,49,,3,ED,,,,,,,,D,F05,,
2039,2008,53,,GRETI,1,3,0,0,139,48,,3,EP,,,,,,,,M,N-1,,
2137,2009,A13,,BLUTI,1,,0,0,139,49,,2,EP,,,,,,,,M,Q01,,
,2021,N04,,GRETI,1,6,0,0,139,49,,,ED,,,,,,,,,,,
,2023,A10,,GRETI,1,5,0,0,139,49,,,EE,,,,,,,,,,,
182,1983,63,,GRETI,2,7,7,7,140,50,,,NE,KS25309,5,,,NN18059,8065,,M,K08,63.2,
360,1987,15,,BLUTI,1,7,0,0,140,50,,7,ED,B774855,5,,,,,,M,P-1,,See box 74 and brood 28.1 for 2 earlier attempts
942,1996,U07,,GRETI,1,,0,0,140,49,,3,ED,,,,,,,,E,E05,,
1084,1998,63,,BLUTI,1,6,2,1,140,50,,,NE,K720606,6,,,N645088,,,M,G04,,
1809,2006,90,,BLUTI,1,,0,0,140,50,,2,EP,,,,,,,,M,N05,,
1828,2006,A22,,GRETI,1,6,0,0,140,50,,6,EP,,,,,,,,D,P03,,
1863,2006,B37,,BLUTI,1,,0,0,140,50,,1,ED,,,,,,,,D,E02,,
1870,2006,B69,,GRETI,1,8,7,6,140,50,,,NE,R502680,6,,,TC61350,352 - 356,,D,C03,,
2490,2013,A44,,GRETI,1,6,6,6,140,50,,,NE, TJ49843,6,,, TT49456,-461,,M,M04,,
109,1982,12,,BLUTI,1,8,7,0,141,51,,,JD,KS25157,6,,,,,,M,O00,,Wet weather?
161,1983,41,,BLUTI,1,8,6,0,141,51,,,JP,,,,,,,,M,N02,,
185,1983,67,,GRETI,1,4,0,0,141,51,,4,ED,KS25307,6,,,,,,M,Q00,,
225,1984,59,,BLUTI,2,7,0,0,141,50,,7,ED,B250404,6,,,,,,M,N06,,Previous attempt in 56
615,1991,46,,BLUTI,1,5,0,0,141,51,,5,ED,E893456,6,,,,,,M,H03,,previous attempt in box 45 Taken over by bee
884,1996,69,,GRETI,1,9,0,0,141,50,,9,EP,J522464,6,J522571,6,,,,M,N02,,
931,1996,H02,,BLUTI,1,6,3,2,141,50,,,NE,K287554,5,J639087,6,K720194,195,,D,E04,,
1148,1998,H-1,,BLUTI,1,4,4,0,141,51,,,JP,K287554,6,,,,,,D,F04,,
1456,2003,35,,GRETI,1,,0,0,141,51,,1,ED,,,,,,,,M,O03,,
1520,2003,B61,,GRETI,1,8,0,0,141,51,,8,EP,,,,,,,,D,D03,,
1797,2006,50,,GRETI,1,7,0,0,141,51,,,EP,TC61003,6,,,,,,M,L06,,
2141,2009,A19,,GRETI,1,,0,0,141,51,,1,EP,,,,,,,,M,P01,,
2676,2015,B61,,GRETI,1,9,8,7,141,51,,,NE,,,,,TV35628,-634,,D,D02,,
155,1983,32,,GRETI,1,9,8,0,142,52,,,JP,B250753,5,,,,,,M,N02,,
163,1983,43,,BLUTI,1,9,,0,142,52,,,JP,B600042,5,,,,,,M,P02,,
1262,2000,51,,GRETI,1,5,0,0,142,51,,5,EP,,,,,,,,M,L04,,
1327,2001,32,,GRETI,1,5,0,0,142,52,,5,EP,,,,,,,,M,P00,,
1347,2001,85,,COATI,1,8,4,3,142,52,,,NE,P400272,5,,,P400975,-977,,M,O05,,
1607,2004,A57,,GRETI,1,,0,0,142,51,,,EO,,,,,,,,A,O04,,
1628,2004,B66,,GRETI,1,5,5,5,142,51,,,NE,,,,,TC61149,-153,,B,D03,,
303,1986,6,,GRETI,1,9,9,6,143,53,,,NE,NH49734,5,,,VA30272,276,,M,N01,,possible predation of some young
701,1993,68,,GRETI,1,,0,0,143,53,,1,ED,,,,,,,,M,F04,,
937,1996,U02,,GRETI,1,6,6,6,143,52,,,NE,,,NN18142,6,VV34053,4058,,E,K05,,
1115,1998,D09a,,COATI,1,,0,0,143,53,,1,EP,,,K463143,6,,,,D,E08,,
2048,2008,A06,,GRETI,1,3,0,0,143,52,,3,EP,,,,,,,,M,P01,,
2059,2008,A33,,GRETI,1,4,0,0,143,52,,4,EP,,,,,,,,M,L01,,
316,1986,38,,GRETI,1,9,0,0,144,54,,9,ED,C570398,5,,,,,,M,F01,,bees took over box
566,1990,48,,GRETI,1,4,4,0,144,54,,,JD,A018282,5,,,,,,M,H01,,
672,1992,98,,BLUTI,1,8,8,5,144,53,,,NE,E893728,6,,,H324564,566-568 570,,M,Q03,,
918,1996,D42,,BLUTI,1,5,5,4,144,53,,,NE,K181682,5,,,K720189,191 & 193,2,D,C05,,
936,1996,U00,,GRETI,1,,0,0,144,53,,2,ED,,,,,,,,E,E02,,
1078,1998,50,,GRETI,1,7,7,4,144,54,,,NE,,,,,VR78736,-3840,,M,L06,,
1270,2000,76,,GRETI,1,5,0,0,144,53,,5,EP,,,,,,,,M,J03,,
1325,2001,27,,GRETI,1,7,5,4,144,54,,,NE,,,,,VV92950,-953,,M,L04,,
1506,2003,A90,,GRETI,1,7,6,6,144,54,,,NE,,,,,VS50988,-993,,D,K04,,
280,1985,63,,GRETI,1,7,7,5,145,55,,,NE,B894435,6,,,VA30095,30099,,M,F03,,See 62 for previous attempt
301,1985,98,,GRETI,1,4,2,0,145,55,,,JP,B250436,6,,,,,12,M,P02,,
314,1986,33,,GRETI,1,,0,0,145,55,,1,ED,,,,,,,,M,K03,,
858,1996,15,,BLUTI,1,,0,0,145,54,,3,ED,,,,,,,,M,I02,,
875,1996,46,,BLUTI,1,7,6,6,145,54,,,NE,J522620,6,,,K720196,-200217,,M,H03,,Previous attempt in box 0C
1317,2001,10,,GRETI,1,,0,0,145,55,,2,EP,,,,,,,,M,Q00,,
1836,2006,A29,,BLUTI,1,,0,0,145,55,,5,ED,,,,,,,,D,O01,,
1877,2006,C06,,BLUTI,1,10,0,0,145,55,,10,ED,,,,,,,,D,F05,,
1906,2006,U01,,GRETI,1,8,0,0,145,55,,8,EP,,,,,,,,E,N02,,
172,1983,51,,GRETI,2,9,0,0,146,56,,9,ED,B250334,5,,,,,,M,N06,51.2,See 63.1 for first attempt
240,1984,98,,BLUTI,1,6,6,3,146,55,,,NE,B774601,5,,,B894544,546,,M,P02,,
616,1991,47,,BLUTI,1,8,8,4,146,56,,,NE,,,,,F783336,339,,M,J03,,
2142,2009,A28,,GRETI,1,6,6,6,146,56,,,NE, V475936,5,,, TJ49862,-867,,M,M01,,
2632,2015,48,,GRETI,1,4,3,0,146,56,,,JD,TT54638,6,,,,,,M,H01,,
152,1983,28,,BLUTI,1,5,5,5,147,57,,,NE,,,,,B841596,600,,M,K06,,
173,1983,54,,BLUTI,1,7,7,7,147,57,,,NE,A761628,5,,,B841543,549,,M,N05,,
883,1996,60,,BLUTI,1,8,6,0,147,56,,,JP,J522848,6,,,,,,M,G01,,Previous attempt in 42
912,1996,D29,,BLUTI,1,6,6,2,147,56,,,NE,J639079,6,,,K720218,219,,D,E06,,
1353,2001,0H,,BLUTI,1,6,0,0,147,57,,6,ED,N459899,5,,,,,,M,O-1,,
150,1983,26,,GRETI,1,7,0,0,148,58,,7,ED,B250764,5,,,,,,M,P00,,
188,1983,71,,GRETI,2,9,0,0,148,58,,9,EI,,,,,,,,M,O04,71.2,
1881,2006,C20,,GRETI,1,10,9,9,148,58,,,NE,,,,,,,,D,D09,C20,Apparently fledged unringed
12,1979,48,,BLUTI,1,,0,0,149,59,,1,ED,,,,,,,,M,N06,,
179,1983,61,,BLUTI,2,2,0,0,149,59,,,EI,A319659,6,,,,,,M,L08,61.2,
508,1989,53,,GRETI,1,7,3,2,149,59,,,NE,B774509,6,,,VE65151,152,,M,O-1,,
1508,2003,B02,,GRETI,2,6,5,5,149,59,,,NE,,,,,VS50994,-998,,D,F-3,B01/2,replacement for B01
194,1983,85,,BLUTI,1,8,8,4,150,60,,,NE,KS25331,5,,,B841539,542,,M,Q00,,
216,1984,49,,BLUTI,1,8,8,7,150,59,,,NE,B774606,6,,,B894668,674,,M,L05,,Nest infested with earwigs
329,1986,56,,BLUTI,1,6,4,0,150,60,,,JD,A761523,6,,,,,,M,L07,,Weather?
340,1986,75,,GRETI,1,7,6,0,150,60,,,JD,A319957,6,,,,,,M,K03,,Wet weather?
1834,2006,A28,,GRETI,1,,0,0,150,60,,2,EP,,,,,,,,D,O01,,2 eggs almost no nest
2113,2009,5,,GRETI,1,6,6,6,150,60,,,NE,,,,, TJ49546,-549,,M,S-2,,
2592,2014,B74,,GRETI,1,3,3,3,150,60,,,NE,,,,, TT49153,-155,,D,C00,,
246,1985,10,,GRETI,2,5,5,5,151,61,,,NE,B250711,6,,,VA30114,118,,M,Q00,10.2,earlier use by BLUTI
893,1996,90,,BLUTI,1,6,6,6,151,60,,,NE,J118030,6,,,K720219,224,,M,N05,,
2616,2015,5,,GRETI,1,7,5,5,151,61,,,NE,L327888,6,,,TV35563,-567,,M,S-2,,
,2021,F-3,,GRETI,1,6,0,0,151,61,,,NE,,,,,,,,,,,
856,1996,12,,GRETI,1,8,8,0,152,61,,,JP,,,,,,,,M,P00,,
2129,2009,53,,GRETI,1,5,5,5,152,62,,,NE, V666798,4,,, TJ49551,-555,,M,N-1,,
2377,2012,5,,GRETI,2,7,7,5,152,61,,,NE,X649183,6,,,TT49039,-43,,M,S-2,5.2,
1871,2006,B70,,GRETI,1,,0,0,153,63,,2,ED,,,,,,,,D,C03,,
143,1983,10,,BLUTI,2,11,8,8,154,64,,,NE,A761579,5,,,B841624,631,,M,P02,10.2,Some eggs from 10.1
148,1983,24,,BLUTI,2,3,3,0,154,64,,,JD,B250871,5,,,,,,M,N01,24.2,
2626,2015,33,,GRETI,1,7,7,7,154,64,,,NE,,,,,TV35568,-574,,M,P-2,,
55,1980,92,,GRETI,2,4,0,0,157,66,,4,ED,A213156,6,,,,,,M,H01,92.2,
679,1993,15,,GRETI,1,7,7,3,157,67,,,NE,A018471,6,,,VJ65857,859,,M,P-1,,
1322,2001,20,,GRETI,1,5,5,4,157,67,,,NE,N275226,6,,,VV92954,-957,,M,L05,,
2499,2013,A66,,GRETI,1,4,4,4,157,67,,,NE,,,,,TT49467,-470,,M,N05,,
1155,1998,U08,,GRETI,1,5,0,0,158,68,,5,ED,VN47628,6,,,,,,E,F05,,
29,1980,13,,BLUTI,2,6,4,2,159,68,,,NE,KJ20723,6,,,A319151,152,,M,Q-1,13.2,
2510,2013,B29,,GRETI,1,3,3,3,159,69,,,NE,,,,, TT49137,-139,,D,F-1,,
560,1990,37,,BLUTI,1,,0,0,160,70,,,ED,,,,,,,,M,L00,,
2144,2009,A33,,GRETI,1,6,6,6,160,70,,,NE, V475552,4,,, TJ49868,-873,,M,M02,,
890,1996,85,,GRETI,1,6,0,0,161,70,,6,EP,,,,,,,,M,O05,,
2619,2015,15,,GRETI,1,5,4,4,163,73,,,NE,D309678,5,,,TV35559,-562,,M,J03,,
24,1979,81,,GRETI,1,7,7,7,164,74,,,NE,KR03493,5,,,NH49758,764,,M,Q02,,
219,1984,52,,GRETI,2,2,0,0,167,76,,2,ED,B250770,6,,,,,,M,O00,,previous attempt in 53
2685,2015,C24,,BLUTI,1,8,6,3,173,83,,,NE,D309630,5,,,D808200,261 & 263,,D,E07,,
25,1979,,,BLUTI,1,,,10,,,,,NE,KR03547,6,,,KR03584,593,,F,FARM,,
242,1984,,,BLUTI,1,,10,9,,,,,NE,,,,,B894643,650,,F,FARM,,
302,1985,,,BLUTI,1,11,11,9,,,,,NE,B894604,5,,,C683187,195,,F,FARM,,
337,1986,69,,GRETI,1,7,0,0,,,,7,EP,,,,,,,,M,N02,,
353,1986,,,BLUTI,1,8,8,7,,,,,NE,,,,,C683479,485,,F,FARM,,
408,1987,,,BLUTI,1,11,11,11,,,,,NE,B774860,6,,,E343251,261,,F,FARM,,
555,1990,31,,GRETI,1,1,1,0,,,,,JD,,,,,,,,M,F04,,
673,1992,,,BLUTI,1,11,9,9,,,,,NE,,,,,H324655,663,,F,FARM,,
717,1993,,,GRETI,1,9,7,7,,,,,NE,,,,,VJ65838,844,,F,FARM,,
758,1994,J1,,GRETI,1,10,10,10,,,,,NE,,,,,VN47601,610,,E,E04,,
852,1995,U08,,GRETI,1,,0,0,,,,1,EP,,,,,,,,E,F03,,
1067,1998,32,,GRETI,1,5,0,0,,,,5,EP,,,,,,,,M,P00,,
1087,1998,68,,GRETI,1,3,0,0,,,,3,EP,,,,,,,,M,H03,,
1100,1998,0D,,BLUTI,1,6,0,0,,,,6,EP,,,,,,,,M,I02,,
1109,1998,C08,,BLUTI,1,8,0,0,,,,8,EP,K463914,6,,,,,,D,F07,,
1110,1998,D01,,BLUTI,1,7,0,0,,,,7,EP,,,,,,,,D,F05,,
1111,1998,D04b,,BLUTI,1,8,0,0,,,,8,EP,N305673,5,,,,,,D,E06,,
1116,1998,D09b,,BLUTI,1,10,0,0,,,,10,EP,K287558,6,,,,,,D,E08,,
1119,1998,D14a,,BLUTI,1,10,0,0,,,,10,ED,,,,,,,,D,D09,,
1120,1998,D17b,,BLUTI,1,,0,0,,,,2,EP,,,,,,,,D,D08,,
1123,1998,D32,,BLUTI,1,10,0,0,,,,10,EP,K720036,6,,,,,,D,E07,,
1124,1998,D33,,BLUTI,1,,0,0,,,,,EP,N305671,5,N305670,5,,,,D,E08,,
1133,1998,D58,,BLUTI,1,,0,0,,,,,EP,N305585,5,,,,,,D,D08,,
1134,1998,D61,,GRETI,1,7,7,0,,,,,JD,,,,,,,,D,D07,,
1135,1998,D71,,BLUTI,1,7,0,0,,,,7,EP,,,,,,,,D,E04,,
1137,1998,D79,,BLUTI,1,10,0,0,,,,10,EP,,,,,,,,D,E04,,
1138,1998,D85,,BLUTI,1,8,0,0,,,,8,ED,K720651,5,,,,,,D,D04,,
1140,1998,D94,,BLUTI,1,6,0,0,,,,6,EP,,,K720172,6,,,,D,C07,,
1141,1998,D96,,BLUTI,1,8,8,0,,,,,JD,,,,,,,,D,C08,,
1142,1998,D97,,BLUTI,1,7,0,0,,,,7,EP,,,,,,,,D,C08,,
1143,1998,D98,,BLUTI,1,7,0,0,,,,7,EP,,,,,,,,D,C08,,
1150,1998,N16,,BLUTI,1,10,10,0,,,,,JD,K720063,6,,,,,,D,F09,,
1151,1998,U01,,GRETI,1,,,0,,,,,JP,VV34068,5,,,,,,E,E07,,Contents depredated before being counted
1154,1998,U06,,GRETI,1,,0,0,,,,4,ED,,,,,,,,E,D05,,
1156,1998,WB3,,BLUTI,1,10,0,0,,,,10,EP,,,,,,,,D,I02,,
1157,1998,WC3,,BLUTI,1,9,0,0,,,,9,EP,N305633,5,,,,,,D,I03,,
1207,1999,C05,,BLUTI,1,6,0,0,,,,6,ED,N645089,5,,,,,,D,F06,,
1215,1999,D14,,GRETI,1,5,3,0,,,,,JD,,,,,,,,D,D09,,
1219,1999,D33a,,BLUTI,1,,0,0,,,,,EP,K720660,5,,,,,,D,E07,,
1232,1999,H02,,BLUTI,1,5,0,0,,,,5,EP,K720570,6,,,,,,D,E04,,
1289,2000,C03,,BLUTI,1,9,8,8,,,,,NE,,,,,,,,D,D04,,UNRINGED
1290,2000,C05,,BLUTI,1,8,6,6,,,,,NE,N645050,6,,,,,,D,C05,,UNRINGED
1291,2000,C09,,BLUTI,1,9,8,8,,,,,NE,,,,,N645414,421,,D,C06,,
1292,2000,C12,,BLUTI,1,10,0,0,,,,10,ED,,,,,,,,D,C07,,
1293,2000,C20,,BLUTI,1,8,2,0,,,,,JD,N645095,6,,,,,,D,C09,,
1296,2000,C29,,BLUTI,1,7,4,1,,,,,NE,N645096,5,,,N459871,,,D,C07,,
1297,2000,C30A,,BLUTI,1,9,6,6,,,,,NE,,,,,,,,D,C06,,UNRINGED
1298,2000,C37,,BLUTI,1,10,8,8,,,,,NE,,,,,N645422,429,,D,C04,,
1300,2000,C42,,GRETI,1,8,8,8,,,,,NE,,,,,,,,D,C03,,UNRINGED
1301,2000,C49,,BLUTI,1,8,0,0,,,,8,ED,,,,,,,,D,E04,,
1303,2000,D14,,BLUTI,1,8,0,0,,,,8,ED,,,,,,,,D,F08,,
1308,2000,D42,,GRETI,1,,0,0,,,,6,ED,,,,,,,,D,E07,,
1311,2000,D91,,BLUTI,1,10,8,8,,,,,NE,,,,,,,,D,D07,,UNRINGED
1313,2000,U05,,GRETI,1,6,6,6,,,,,NE,,,,,,,,E,D06,,UNRINGED
1314,2000,U06,,GRETI,1,6,6,0,,,,,JP,,,,,,,,E,D05,,
1316,2001,9,,BLUTI,1,4,0,0,,,,4,EP,,,,,,,,M,Q01,,some remains of adult. Wood mouse predation?
1319,2001,12,,GRETI,1,,0,0,,,,2,EP,,,,,,,,M,P00,12.1,
1344,2001,74,,BLUTI,1,6,0,0,,,,6,EP,,,,,,,,M,P-1,,
1357,2001,C13,,GRETI,1,11,0,0,,,,11,ED,,,,,,,,M,C07,,
1377,2001,D79,,BLUTI,1,7,0,0,,,,7,ED,,,,,,,,D,D08,,
1379,2001,U03,,GRETI,1,7,0,0,,,,7,ED,N459898,6,,,,,,E,F04,,
1380,2001,U05,,GRETI,1,9,0,0,,,,9,ED,,,,,,,,E,D06,,
1492,2003,A20,,GRETI,1,,0,0,,,,1,EP,,,,,,,,D,Q03,,
1699,2005,A15,,GRETI,1,,0,0,,,,,EE,,,,,,,,D,Q01,,
1723,2005,A77,,BLUTI,1,8,7,6,,,,,NE,R558676,5,,,R558520,-526,,D,M08,,
1731,2005,B24,,GRETI,1,,,,,,,,XD,R502560,6,,,,,,D,G02,,female dead
1734,2005,B31,,GRETI,1,3,0,0,,,,3,EP,,,,,,,,D,E04,,
1744,2005,C06,,GRETI,1,,0,0,,,,,EP,,,,,,,,D,F05,,
2012,2007,C39,,GRETI,1,,0,0,,,,2,EP,,,,,,,,D,E05,,
2045,2008,A02,,GRETI,1,,0,0,,,,,EP,,,,,,,,M,N01,,
2046,2008,A03,,GRETI,1,,0,0,,,,,EP,,,,,,,,M,O01,,
2051,2008,A17,,BLUTI,1,,0,0,,,,,EP,V475088,6,,,,,,M,P00,,
2054,2008,A22,,BLUTI,1,,0,0,,,,,EP,V475557,6,,,,,,M,O00,,
2081,2008,B14,,BLUTI,1,,,0,,,,,JP,,,,,,,,D,C01,,
2082,2008,B17,,BLUTI,1,,,0,,,,,JP,,,,,,,,D,E00,,
2084,2008,B24,,BLUTI,1,,0,0,,,,,EO,,,,,,,,D,D01,,
2087,2008,B46,,GRETI,1,,0,0,,,,1,EB,,,,,,,,D,E01,,
2089,2008,B60,,GRETI,1,,0,0,,,,1,EB,,,,,,,,D,D02,,
2091,2008,B66,,BLUTI,1,,0,0,,,,1,EP,,,,,,,,D,D02,,
2160,2009,A76,,BLUTI,1,,0,0,,,,,EP, V475558,4,,,,,,M,O03,,
2166,2009,B23,,BLUTI,1,,0,0,,,,,EP,X497502,4,,,,,,D,D02,,
2197,2010,9,,GRETI,1,,0,0,,,,1,ED,,,,,,,,M,Q-2,,
2438,2012,B33,,GRETI,1,,0,0,,,,,EP,,,,,,,,D,F03,,
2439,2012,B33,,GRETI,1,,0,0,,,,,EP,,,,,,,,D,F03,,
2440,2012,B34,,GRETI,1,,0,0,,,,,EP,,,,,,,,D,F04,,
2442,2012,B38,,GRETI,1,,0,0,,,,,EP,,,,,,,,D,E02,,
2449,2012,B66,,GRETI,1,,0,0,,,,,EP,,,,,,,,D,D02,,
2579,2014,B22,,GRETI,1,1,0,0,,,,,XD,,,,,,,,D,E02,,
2583,2014,B31,,GRETI,1,,,,,,,,NE,,,,,,,,D,F04,,Nest unobserved
,2016,28,,BLUTI,1,8,7,7,,16,41,,NE,,,,,,,,,,,
,2016,29,,BLUTI,1,7,6,4,,23,,,JO,,,,,,,,,,,
,2016,30,,BLUTI,1,10,10,10,,16,41,,NE,,,,,,,,,,,
,2016,31,,BLUTI,1,9,9,4,,34,,,JO,,,,,,,,,,,
,2016,42,,BLUTI,1,6,5,5,,28,,,NE,,,,,,,,,,,
,2016,50,,BLUTI,1,9,6,0,,35,56,,JO,,,,,,,,,,,
,2016,54,,BLUTI,1,7,7,7,,29,,,NE,,,,,,,,,,,
,2016,55,,BLUTI,1,7,0,0,,26,,,EO,,,,,,,,,,,
,2016,56,,BLUTI,1,8,6,0,,34,,,JO,,,,,,,,,,,
,2016,66,,BLUTI,1,9,9,0,,17,,,JO,,,,,,,,,,,
,2016,7,,BLUTI,1,7,,0,,73,,,JO,,,,,,,,,,,
,2016,A02,,BLUTI,1,10,10,10,,12,,,NE,,,,,,,,,,,
,2016,A05,,BLUTI,1,10,8,8,,22,,,NE,,,,,,,,,,,
,2016,A12,,BLUTI,1,7,7,0,,22,,,JO,,,,,,,,,,,
,2016,A18,,BLUTI,1,11,,0,,19,,,JO,,,,,,,,,,,
,2016,A20,,BLUTI,1,9,9,0,,22,,,JO,,,,,,,,,,,
,2016,A30,,BLUTI,1,11,11,10,,15,,,NE,,,,,,,,,,,
,2016,A31,,BLUTI,1,7,1,0,,36,,,JO,,,,,,,,,,,
,2016,A44,,BLUTI,1,12,11,5,,20,,,NE,,,,,,,,,,,
,2016,A46,,BLUTI,1,9,8,0,,22,,,JO,,,,,,,,,,,
,2016,A54,,BLUTI,1,10,10,10,,19,45,,NE,,,,,,,,,,,
,2016,A61,,BLUTI,1,9,9,3,,33,,,JO,,,,,,,,,,,
,2016,A69,,BLUTI,1,9,9,7,,33,,,NE,,,,,,,,,,,
,2016,A70,,BLUTI,1,7,0,0,,24,,,EO,,,,,,,,,,,
,2016,A72,,BLUTI,1,,0,0,,23,,,ED,,,,,,,,,,,
,2016,A78,,BLUTI,1,8,8,7,,21,,,NE,,,,,,,,,,,
,2016,B14,,BLUTI,1,7,7,7,,36,,,JO,,,,,,,,,,,
,2016,B17,,BLUTI,1,10,10,4,,27,,,NE,,,,,,,,,,,
,2016,B23X,,BLUTI,1,8,8,8,,33,,,NE,,,,,,,,,,,
,2016,B28,,BLUTI,1,11,11,0,,16,,,JO,,,,,,,,,,,
,2016,B33,,BLUTI,1,8,8,8,,23,,,NE,,,,,,,,,,,
,2016,B43X,,BLUTI,1,11,10,9,,26,,,NE,,,,,,,,,,,
,2016,B78,,BLUTI,1,10,2,0,,20,,,JO,,,,,,,,,,,
,2016,C01,,BLUTI,1,10,0,0,,16,,,EO,,,,,,,,,,,
,2016,C03,,BLUTI,1,12,11,11,,15,,,NE,,,,,,,,,,,
,2016,C05X,,BLUTI,1,5,4,4,,23,,,NE,,,,,,,,,,,
,2016,C06,,BLUTI,1,9,8,8,,22,45,,NE,,,,,,,,,,,
,2016,C09,,BLUTI,1,6,4,0,,39,,,JO,,,,,,,,,,,
,2016,C13X,,BLUTI,1,12,11,11,,23,,,NE,,,,,,,,,,,
,2016,C22,,BLUTI,1,11,10,9,,24,,,NE,,,,,,,,,,,
,2017,19,,BLUTI,1,9,9,4,,12,,,JO,,,,,,,,,,,
,2017,28,,BLUTI,1,7,7,7,,6,,,NE,,,,,,,,,,,
,2017,30,,BLUTI,1,11,9,8,,5,,,NE,,,,,,,,,,,
,2017,42,,BLUTI,1,8,6,0,,22,,,JO,,,,,,,,,,,
,2017,45,,BLUTI,1,12,10,9,,7,,,JO,,,,,,,,,,,
,2017,54,,BLUTI,1,8,7,7,,11,,,NE,,,,,,,,,,,
,2017,55,,BLUTI,1,8,8,5,,10,32,,NE,,,,,,,,,,,
,2017,56,,BLUTI,1,7,6,4,,19,,,JO,,,,,,,,,,,
,2017,65,,BLUTI,1,9,8,0,,5,,,JO,,,,,,,,,,,
,2017,3,,BLUTI,1,8,7,7,,15,,,NE,,,,,,,,,,,
,2017,7,,BLUTI,1,11,8,0,,16,,,JO,,,,,,,,,,,
,2017,A02,,BLUTI,1,11,5,4,,4,,,JO,,,,,,,,,,,
,2017,A10,,BLUTI,1,6,5,0,,22,,,JO,,,,,,,,,,,
,2017,A18,,BLUTI,1,9,8,8,,15,,,NE,,,,,,,,,,,
,2017,A26,,BLUTI,1,6,4,2,,27,,,NE,,,,,,,,,,,
,2017,A28,,BLUTI,1,11,8,0,,9,31,,JO,,,,,,,,,,,
,2017,A31,,BLUTI,1,12,10,10,,30,,,NE,,,,,,,,,,,
,2017,A33,,BLUTI,1,9,8,6,,20,,,NE,,,,,,,,,,,
,2017,A44,,BLUTI,1,11,9,8,,6,,,JO,,,,,,,,,,,
,2017,A45,,BLUTI,1,5,5,5,,18,,,NE,,,,,,,,,,,
,2017,A68,,BLUTI,1,10,7,0,,11,,,JO,,,,,,,,,,,
,2017,A72,,BLUTI,1,10,9,6,,13,,,NE,,,,,,,,,,,
,2017,A76,,BLUTI,1,9,8,4,,14,,,NE,,,,,,,,,,,
,2017,A78,,BLUTI,1,10,6,6,,10,31,,NE,,,,,,,,,,,
,2017,B15,,BLUTI,1,13,12,11,,12,,,NE,,,,,,,,,,,
,2017,B21,,BLUTI,1,8,7,7,,12,,,NE,,,,,,,,,,,
,2017,B23X,,BLUTI,1,7,6,5,,25,,,NE,,,,,,,,,,,
,2017,B32,,BLUTI,1,8,7,2,,12,,,NE,,,,,,,,,,,
,2017,B38,,BLUTI,1,11,11,0,,9,,,JO,,,,,,,,,,,
,2017,B43X,,BLUTI,1,10,8,6,,5,,,NE,,,,,,,,,,,
,2017,B72,,BLUTI,1,8,8,5,,10,,,NE,,,,,,,,,,,
,2017,C02,,BLUTI,1,12,12,12,,5,,,NE,,,,,,,,,,,
,2017,C09,,BLUTI,1,10,7,3,,10,,,NE,,,,,,,,,,,
,2017,C11,,BLUTI,1,9,8,8,,6,,,NE,,,,,,,,,,,
,2017,C12X,,BLUTI,1,8,4,4,,30,,,NE,,,,,,,,,,,
,2017,C13X,,BLUTI,1,10,8,8,,10,,,NE,,,,,,,,,,,
,2017,C17,,BLUTI,1,11,9,9,,9,,,NE,,,,,,,,,,,
,2017,C21,,BLUTI,1,8,8,8,,11,,,NE,,,,,,,,,,,
,2017,C22,,BLUTI,1,6,6,3,,30,,,NE,,,,,,,,,,,
,2017,C24,,BLUTI,1,8,8,7,,7,,,NE,,,,,,,,,,,
,2017,C26,,BLUTI,1,10,10,10,,10,,,NE,,,,,,,,,,,
,2017,C29,,BLUTI,1,10,,0,,7,,,JO,,,,,,,,,,,
,2017,C30,,BLUTI,1,9,3,2,,28,,,NE,,,,,,,,,,,
,2017,DD24,,BLUTI,1,10,10,10,,10,,,NE,,,,,,,,,,,
,2018,5,,BLUTI,1,8,7,7,,28,,,NE,,,,,,,,,,,
,2018,17,,BLUTI,1,10,10,5,,24,,,JO,,,,,,,,,,,
,2018,19,,BLUTI,1,8,8,0,,34,,,JO,,,,,,,,,,,
,2018,27,,BLUTI,1,8,8,8,,23,,,NE,,,,,,,,,,,
,2018,28,,BLUTI,1,8,8,8,,22,,,NE,,,,,,,,,,,
,2018,29,,BLUTI,1,,0,0,,31,,,ED,,,,,,,,,,,
,2018,30,,BLUTI,1,9,4,4,,22,,,NE,,,,,,,,,,,
,2018,31,,BLUTI,1,9,9,2,,25,,,NE,,,,,,,,,,,
,2018,35,,BLUTI,1,12,11,11,,24,,,NE,,,,,,,,,,,
,2018,42,,BLUTI,1,9,9,8,,25,,,JO,,,,,,,,,,,
,2018,44,,BLUTI,1,11,9,2,,25,49,,JO,,,,,,,,,,,
,2018,51,,BLUTI,1,7,7,7,,22,,,NE,,,,,,,,,,,
,2018,54,,BLUTI,1,8,7,6,,25,,,NE,,,,,,,,,,,
,2018,55,,BLUTI,1,8,7,0,,26,47,,JO,,,,,,,,,,,
,2018,56,,BLUTI,1,11,10,2,,23,,,JO,,,,,,,,,,,
,2018,61,,BLUTI,1,11,11,10,,23,,,JO,,,,,,,,,,,
,2018,65,,BLUTI,1,9,8,8,,21,,,NE,,,,,,,,,,,
,2018,8X,,BLUTI,1,7,0,0,,31,,,EO,,,,,,,,,,,
,2018,A02,,BLUTI,1,9,8,8,,25,,,NE,,,,,,,,,,,
,2018,A05,,BLUTI,1,10,8,8,,30,,,NE,,,,,,,,,,,
,2018,A08,,BLUTI,1,7,7,6,,24,,,NE,,,,,,,,,,,
,2018,A13,,BLUTI,1,9,,0,,24,,,JO,,,,,,,,,,,
,2018,A15,,BLUTI,1,8,0,0,,49,,,EO,,,,,,,,,,,
,2018,A16,,BLUTI,1,6,6,0,,37,,,JO,,,,,,,,,,,
,2018,A18,,BLUTI,1,5,5,5,,33,,,NE,,,,,,,,,,,
,2018,A21,,BLUTI,1,9,8,0,,26,,,JO,,,,,,,,,,,
,2018,A26,,BLUTI,1,8,7,7,,24,47,,NE,,,,,,,,,,,
,2018,A28,,BLUTI,1,9,9,7,,26,,,NE,,,,,,,,,,,
,2018,A31,,BLUTI,1,10,10,10,,22,44,,NE,,,,,,,,,,,
,2018,A44,,BLUTI,1,,0,0,,24,,,ED,,,,,,,,,,,
,2018,A46,,BLUTI,1,8,7,7,,30,,,NE,,,,,,,,,,,
,2018,A53,,BLUTI,1,11,10,10,,24,47,,NE,,,,,,,,,,,
,2018,A55,,BLUTI,1,11,11,10,,25,,,NE,,,,,,,,,,,
,2018,A56,,BLUTI,1,12,12,12,,24,,,NE,,,,,,,,,,,
,2018,A66,,BLUTI,1,7,7,7,,26,,,NE,,,,,,,,,,,
,2018,A68,,BLUTI,1,8,6,4,,26,,,NE,,,,,,,,,,,
,2018,A72,,BLUTI,1,11,9,8,,25,,,NE,,,,,,,,,,,
,2018,A76,,BLUTI,1,8,7,7,,23,44,,NE,,,,,,,,,,,
,2018,A78,,BLUTI,1,8,,0,,25,47,,JO,,,,,,,,,,,
,2018,A81,,BLUTI,1,8,8,8,,35,,,NE,,,,,,,,,,,
,2018,B03,,BLUTI,1,6,6,4,,45,,,NE,,,,,,,,,,,
,2018,B14,,BLUTI,1,10,10,10,,24,,,NE,,,,,,,,,,,
,2018,B15,,BLUTI,1,12,12,0,,22,,,JO,,,,,,,,,,,
,2018,B17,,BLUTI,1,10,10,10,,24,,,NE,,,,,,,,,,,
,2018,B21,,BLUTI,1,8,7,3,,27,,,NE,,,,,,,,,,,
,2018,B23X,,BLUTI,1,6,6,6,,31,,,NE,,,,,,,,,,,
,2018,B34,,BLUTI,1,7,6,5,,25,,,NE,,,,,,,,,,,
,2018,B38,,BLUTI,1,11,8,0,,26,,,JO,,,,,,,,,,,
,2018,B39,,BLUTI,1,,0,0,,50,,,ED,,,,,,,,,,,
,2018,B43X,,BLUTI,1,7,7,1,,24,,,NE,,,,,,,,,,,
,2018,B69,,BLUTI,1,7,7,0,,38,,,JO,,,,,,,,,,,
,2018,B72,,BLUTI,1,8,8,8,,24,,,NE,,,,,,,,,,,
,2018,B74,,BLUTI,1,10,7,7,,25,,,NE,,,,,,,,,,,
,2018,C02,,BLUTI,1,11,10,10,,27,,,NE,,,,,,,,,,,
,2018,C03,,BLUTI,1,11,10,10,,21,47,,NE,,,,,,,,,,,
,2018,C08,,BLUTI,1,11,11,10,,26,,,NE,,,,,,,,,,,
,2018,C09,,BLUTI,1,9,8,8,,24,,,NE,,,,,,,,,,,
,2018,C11,,BLUTI,1,12,11,9,,25,,,JO,,,,,,,,,,,
,2018,C13X,,BLUTI,1,8,8,8,,23,,,NE,,,,,,,,,,,
,2018,C14,,BLUTI,1,8,7,7,,24,,,NE,,,,,,,,,,,
,2018,C22,,BLUTI,1,9,0,0,,24,,,EO,,,,,,,,,,,
,2018,C24,,BLUTI,1,8,8,0,,32,,,JO,,,,,,,,,,,
,2018,C26,,BLUTI,1,8,7,7,,23,,,NE,,,,,,,,,,,
,2018,C29,,BLUTI,1,8,7,5,,21,,,NE,,,,,,,,,,,
,2019,28,,BLUTI,1,11,11,7,,1,,,NE,,,,,,,,,,,
,2019,55,,BLUTI,1,10,1,0,,12,36,,JO,,,,,,,,,,,
,2019,4,,BLUTI,1,9,2,2,,29,51,,NE,,,,,,,,,,,
,2019,7,,BLUTI,1,8,0,0,,23,,,EO,,,,,,,,,,,
,2019,9,,BLUTI,1,8,5,0,,25,,,JO,,,,,,,,,,,
,2019,11,,BLUTI,1,,0,0,,21,,,ED,,,,,,,,,,,
,2019,14,,BLUTI,1,9,9,9,,18,,,NE,,,,,,,,,,,
,2019,17,,BLUTI,1,9,7,7,,15,,,NE,,,,,,,,,,,
,2019,18,,BLUTI,1,8,7,4,,22,,,JO,,,,,,,,,,,
,2019,23,,BLUTI,1,9,8,7,,16,,,NE,,,,,,,,,,,
,2019,27,,BLUTI,1,10,10,9,,12,,,NE,,,,,,,,,,,
,2019,29,,BLUTI,1,12,10,9,,-3,,,NE,,,,,,,,,,,
,2019,30,,BLUTI,1,10,9,6,,4,,,JO,,,,,,,,,,,
,2019,31,,BLUTI,1,10,10,7,,17,,,JO,,,,,,,,,,,
,2019,44,,BLUTI,1,12,11,8,,7,,,JO,,,,,,,,,,,
,2019,45,,BLUTI,1,9,0,0,,23,,,EO,,,,,,,,,,,
,2019,47,,BLUTI,1,7,0,0,,28,,,EO,,,,,,,,,,,
,2019,56,,BLUTI,1,13,9,0,,11,,,JO,,,,,,,,,,,
,2019,65,,BLUTI,1,10,9,7,,12,,,JO,,,,,,,,,,,
,2019,66,,BLUTI,1,9,9,5,,19,,,NE,,,,,,,,,,,
,2019,A08,,BLUTI,1,9,7,3,,20,,,NE,,,,,,,,,,,
,2019,A13,,BLUTI,1,9,7,6,,19,,,NE,,,,,,,,,,,
,2019,A15,,BLUTI,1,10,3,3,,1,37,,NE,,,,,,,,,,,
,2019,A18,,BLUTI,1,6,5,0,,21,,,JO,,,,,,,,,,,
,2019,A20,,BLUTI,1,11,10,0,,11,,,JO,,,,,,,,,,,
,2019,A28,,BLUTI,1,8,7,7,,22,,,NE,,,,,,,,,,,
,2019,A31,,BLUTI,1,11,7,5,,16,37,,NE,,,,,,,,,,,
,2019,A44,,BLUTI,1,7,6,5,,15,,,JO,,,,,,,,,,,
,2019,A46,,BLUTI,1,8,8,8,,23,,,NE,,,,,,,,,,,
,2019,A49,,BLUTI,1,8,4,0,,23,,,JO,,,,,,,,,,,
,2019,A54,,BLUTI,1,11,10,10,,9,,,NE,,,,,,,,,,,
,2019,A55,,BLUTI,1,12,10,10,,14,,,NE,,,,,,,,,,,
,2019,A61,,BLUTI,1,10,8,7,,21,,,NE,,,,,,,,,,,
,2019,A65,,BLUTI,1,10,8,7,,14,,,NE,,,,,,,,,,,
,2019,A66,,BLUTI,1,8,0,0,,21,,,EO,,,,,,,,,,,
,2019,A68,,BLUTI,1,8,7,7,,25,,,NE,,,,,,,,,,,
,2019,A69,,BLUTI,1,8,7,7,,14,,,NE,,,,,,,,,,,
,2019,A71,,BLUTI,1,10,4,4,,20,,,NE,,,,,,,,,,,
,2019,A76,,BLUTI,1,8,7,0,,18,,,JO,,,,,,,,,,,
,2019,A78,,BLUTI,1,11,4,4,,19,,,NE,,,,,,,,,,,
,2019,A80,,BLUTI,1,8,5,4,,21,,,NE,,,,,,,,,,,
,2019,B03,,BLUTI,1,6,6,1,,32,,,NE,,,,,,,,,,,
,2019,B05,,BLUTI,1,9,9,0,,22,,,JO,,,,,,,,,,,
,2019,B14,,BLUTI,1,7,7,7,,29,,,NE,,,,,,,,,,,
,2019,B15,,BLUTI,1,7,2,0,,27,,,JO,,,,,,,,,,,
,2019,B20,,BLUTI,1,5,3,2,,27,,,NE,,,,,,,,,,,
,2019,B27,,BLUTI,1,7,7,3,,20,,,NE,,,,,,,,,,,
,2019,B33,,BLUTI,1,6,6,0,,32,,,JO,,,,,,,,,,,
,2019,B43X,,BLUTI,1,8,7,4,,20,,,NE,,,,,,,,,,,
,2019,B69,,BLUTI,1,8,8,5,,19,,,NE,,,,,,,,,,,
,2019,B74,,BLUTI,1,6,6,2,,20,,,NE,,,,,,,,,,,
,2019,C02,,BLUTI,1,8,5,5,,14,41,,NE,,,,,,,,,,,
,2019,C03,,BLUTI,1,12,7,0,,12,,,JO,,,,,,,,,,,
,2019,C06,,BLUTI,1,11,6,0,,21,,,JO,,,,,,,,,,,
,2019,C09,,BLUTI,1,9,5,0,,11,37,,JO,,,,,,,,,,,
,2019,C12X,,BLUTI,1,10,10,0,,2,,,JO,,,,,,,,,,,
,2019,C13X,,BLUTI,1,10,0,0,,22,,,EO,,,,,,,,,,,
,2019,C16,,BLUTI,1,8,5,5,,16,,,NE,,,,,,,,,,,
,2019,C18,,BLUTI,1,12,6,3,,15,,,NE,,,,,,,,,,,
,2019,C22,,BLUTI,1,7,7,5,,9,,,NE,,,,,,,,,,,
,2019,C23X,,BLUTI,1,10,9,5,,26,51,,NE,,,,,,,,,,,
,2019,C26,,BLUTI,1,8,0,0,,20,,,EO,,,,,,,,,,,
,2019,C29,,BLUTI,1,10,6,0,,19,,,JO,,,,,,,,,,,
,2016,15,,GRETI,1,7,7,0,,40,,,JO,,,,,,,,,,,
,2016,22,,GRETI,1,,0,0,,24,,,ED,,,,,,,,,,,
,2016,43,,GRETI,1,7,7,7,,23,,,NE,,,,,,,,,,,
,2016,48,,GRETI,1,,0,0,,16,,,ED,,,,,,,,,,,
,2016,12,,GRETI,1,9,7,6,,42,62,,NE,,,,,,,,,,,
,2016,26,,GRETI,1,6,6,6,,32,,,NE,,,,,,,,,,,
,2016,5,,GRETI,1,9,9,0,,21,,,JO,,,,,,,,,,,
,2016,9,,GRETI,1,6,6,0,,32,,,JO,,,,,,,,,,,
,2016,A13,,GRETI,1,5,5,0,,27,,,JO,,,,,,,,,,,
,2016,A19,,GRETI,1,5,4,0,,34,,,JO,,,,,,,,,,,
,2016,A40,,GRETI,1,5,4,4,,57,,,NE,,,,,,,,,,,
,2016,A43,,GRETI,1,,0,0,,28,,,ED,,,,,,,,,,,
,2016,A48,,GRETI,1,7,7,7,,21,,,NE,,,,,,,,,,,
,2016,A58,,GRETI,1,,0,0,,23,,,ED,,,,,,,,,,,
,2016,A62,,GRETI,1,7,7,6,,41,,,NE,,,,,,,,,,,
,2016,A66,,GRETI,1,7,0,0,,23,,,EO,,,,,,,,,,,
,2016,A76,,GRETI,1,,0,0,,18,,,ED,,,,,,,,,,,
,2016,A77,,GRETI,1,8,7,7,,22,,,NE,,,,,,,,,,,
,2016,B07,,GRETI,1,7,5,5,,14,,,NE,,,,,,,,,,,
,2016,B31,,GRETI,1,9,9,3,,38,,,NE,,,,,,,,,,,
,2016,B36,,GRETI,1,8,0,0,,52,,,EO,,,,,,,,,,,
,2016,B37,,GRETI,1,7,0,0,,29,,,EO,,,,,,,,,,,
,2016,B46,,GRETI,1,7,7,7,,31,,,NE,,,,,,,,,,,
,2016,B47,,GRETI,1,6,6,0,,36,,,JO,,,,,,,,,,,
,2016,B61,,GRETI,1,6,2,0,,22,,,JO,,,,,,,,,,,
,2016,C07,,GRETI,1,10,10,9,,16,,,NE,,,,,,,,,,,
,2016,C25X,,GRETI,1,8,8,0,,38,,,JO,,,,,,,,,,,
,2017,22,,GRETI,1,,0,0,,,,,ED,,,,,,,,,,,
,2017,33,,GRETI,1,7,7,7,,12,,,NE,,,,,,,,,,,
,2017,38,,GRETI,1,7,7,4,,19,,,JO,,,,,,,,,,,
,2017,47,,GRETI,1,7,6,4,,16,,,NE,,,,,,,,,,,
,2017,52,,GRETI,1,9,9,4,,15,,,JO,,,,,,,,,,,
,2017,53,,GRETI,1,8,7,0,,8,,,JO,,,,,,,,,,,
,2017,62,,GRETI,1,8,8,8,,15,,,NE,,,,,,,,,,,
,2017,68,,GRETI,1,3,2,0,,10,,,JO,,,,,,,,,,,
,2017,10,,GRETI,1,8,8,7,,13,,,JO,,,,,,,,,,,
,2017,23,,GRETI,1,6,5,0,,50,,,JO,,,,,,,,,,,
,2017,A13,,GRETI,1,2,2,0,,23,,,JO,,,,,,,,,,,
,2017,A15,,GRETI,1,6,6,5,,8,,,NE,,,,,,,,,,,
,2017,A17,,GRETI,1,5,5,0,,20,,,JO,,,,,,,,,,,
,2017,A40,,GRETI,1,3,2,2,,24,,,NE,,,,,,,,,,,
,2017,A47,,GRETI,1,8,8,8,,8,,,NE,,,,,,,,,,,
,2017,A52,,GRETI,1,10,9,7,,14,,,NE,,,,,,,,,,,
,2017,A58,,GRETI,1,6,6,6,,19,,,NE,,,,,,,,,,,
,2017,A66,,GRETI,1,,0,0,,,,,ED,,,,,,,,,,,
,2017,A70,,GRETI,1,5,5,5,,19,,,NE,,,,,,,,,,,
,2017,A77,,GRETI,1,6,6,5,,15,,,NE,,,,,,,,,,,
,2017,A81,,GRETI,1,,0,0,,23,,,ED,,,,,,,,,,,
,2017,B02,,GRETI,1,,0,0,,40,,,ED,,,,,,,,,,,
,2017,B06,,GRETI,1,7,0,0,,28,,,EO,,,,,,,,,,,
,2017,B08,,GRETI,1,8,8,4,,5,,,NE,,,,,,,,,,,
,2017,B09,,GRETI,1,8,7,0,,23,,,JO,,,,,,,,,,,
,2017,B31,,GRETI,1,6,6,4,,14,,,NE,,,,,,,,,,,
,2017,B46,,GRETI,1,,0,0,,10,,,ED,,,,,,,,,,,
,2017,B55,,GRETI,1,8,7,7,,23,,,NE,,,,,,,,,,,
,2017,B64,,GRETI,1,11,8,7,,17,,,NE,,,,,,,,,,,
,2017,B78,,GRETI,1,5,3,2,,25,,,NE,,,,,,,,,,,
,2017,C23X,,GRETI,1,7,7,3,,14,,,NE,,,,,,,,,,,
,2017,C25X,,GRETI,1,9,7,3,,13,,,NE,,,,,,,,,,,
,2018,7,,GRETI,1,6,6,0,,24,,,JO,,,,,,,,,,,
,2018,15,,GRETI,1,8,8,7,,26,,,NE,,,,,,,,,,,
,2018,23,,GRETI,1,7,7,7,,22,,,NE,,,,,,,,,,,
,2018,38,,GRETI,1,7,7,7,,32,,,NE,,,,,,,,,,,
,2018,43,,GRETI,1,7,7,6,,24,,,JO,,,,,,,,,,,
,2018,46,,GRETI,1,,0,0,,25,,,ED,,,,,,,,,,,
,2018,52,,GRETI,1,7,6,6,,31,,,NE,,,,,,,,,,,
,2018,60,,GRETI,1,7,7,7,,34,,,NE,,,,,,,,,,,
,2018,70,,GRETI,1,6,5,5,,37,54,,NE,,,,,,,,,,,
,2018,10X,,GRETI,1,8,8,7,,25,,,NE,,,,,,,,,,,
,2018,A03,,GRETI,1,8,8,8,,23,,,NE,,,,,,,,,,,
,2018,A06,,GRETI,1,8,8,0,,26,,,JO,,,,,,,,,,,
,2018,A17,,GRETI,1,8,8,8,,26,,,NE,,,,,,,,,,,
,2018,A27,,GRETI,1,7,7,6,,26,,,NE,,,,,,,,,,,
,2018,A48,,GRETI,1,8,8,8,,25,,,NE,,,,,,,,,,,
,2018,A52,,GRETI,1,10,9,7,,28,,,NE,,,,,,,,,,,
,2018,A58,,GRETI,1,,0,0,,26,,,ED,,,,,,,,,,,
,2018,A63,,GRETI,1,7,7,7,,23,,,NE,,,,,,,,,,,
,2018,A70,,GRETI,1,7,7,5,,22,,,NE,,,,,,,,,,,
,2018,A74,,GRETI,1,7,7,7,,22,,,NE,,,,,,,,,,,
,2018,B06,,GRETI,1,6,6,6,,36,,,NE,,,,,,,,,,,
,2018,B11,,GRETI,1,9,0,0,,25,,,EO,,,,,,,,,,,
,2018,B12,,GRETI,1,8,8,8,,17,,,NE,,,,,,,,,,,
,2018,B16,,GRETI,1,7,4,4,,26,,,NE,,,,,,,,,,,
,2018,B25,,GRETI,1,,0,0,,36,,,ED,,,,,,,,,,,
,2018,B26,,GRETI,1,7,7,7,,30,,,NE,,,,,,,,,,,
,2018,B27,,GRETI,1,7,0,0,,36,,,EO,,,,,,,,,,,
,2018,B28,,GRETI,1,8,0,0,,23,,,EO,,,,,,,,,,,
,2018,B29,,GRETI,1,,0,0,,45,,,ED,,,,,,,,,,,
,2018,B31,,GRETI,1,8,8,8,,24,,,NE,,,,,,,,,,,
,2018,B46,,GRETI,1,6,6,6,,24,,,NE,,,,,,,,,,,
,2018,B55,,GRETI,1,11,10,0,,26,,,JO,,,,,,,,,,,
,2018,B68,,GRETI,1,8,0,0,,39,,,EO,,,,,,,,,,,
,2018,B75,,GRETI,1,,0,0,,23,,,ED,,,,,,,,,,,
,2018,B78,,GRETI,1,8,0,0,,38,,,EO,,,,,,,,,,,
,2018,C01,,GRETI,1,9,9,9,,25,,,NE,,,,,,,,,,,
,2018,C07,,GRETI,1,9,9,9,,24,,,NE,,,,,,,,,,,
,2018,C17,,GRETI,1,8,8,8,,21,,,NE,,,,,,,,,,,
,2018,C20,,GRETI,1,8,8,8,,23,,,NE,,,,,,,,,,,
,2018,EAA,,GRETI,1,8,8,0,,24,,,JO,,,,,,,,,,,
,2019,15,,GRETI,1,7,5,5,,12,,,NE,,,,,,,,,,,
,2019,33,,GRETI,1,9,6,5,,22,,,JO,,,,,,,,,,,
,2019,38,,GRETI,1,7,7,6,,11,,,NE,,,,,,,,,,,
,2019,46,,GRETI,1,,0,0,,15,,,ED,,,,,,,,,,,
,2019,52,,GRETI,1,8,8,5,,23,,,JO,,,,,,,,,,,
,2019,8,,GRETI,1,8,8,0,,13,,,JO,,,,,,,,,,,
,2019,12,,GRETI,1,8,8,0,,29,,,JO,,,,,,,,,,,
,2019,32,,GRETI,1,8,2,0,,4,,,JO,,,,,,,,,,,
,2019,43,,GRETI,1,7,7,0,,31,,,JO,,,,,,,,,,,
,2019,50,,GRETI,1,7,6,0,,18,37,,JO,,,,,,,,,,,
,2019,54,,GRETI,1,7,6,0,,24,,,JO,,,,,,,,,,,
,2019,57,,GRETI,1,7,7,6,,27,,,NE,,,,,,,,,,,
,2019,A03,,GRETI,1,9,9,0,,8,,,JO,,,,,,,,,,,
,2019,A17,,GRETI,1,6,5,2,,25,,,NE,,,,,,,,,,,
,2019,A19,,GRETI,1,6,4,0,,17,37,,JO,,,,,,,,,,,
,2019,A22,,GRETI,1,8,7,5,,13,,,NE,,,,,,,,,,,
,2019,A27,,GRETI,1,7,4,4,,19,,,NE,,,,,,,,,,,
,2019,A40X,,GRETI,1,8,7,5,,8,,,JO,,,,,,,,,,,
,2019,A43X,,GRETI,1,4,4,2,,36,,,NE,,,,,,,,,,,
,2019,A47,,GRETI,1,7,3,3,,24,,,NE,,,,,,,,,,,
,2019,A52,,GRETI,1,9,9,8,,17,,,NE,,,,,,,,,,,
,2019,A56,,GRETI,1,8,6,2,,21,,,NE,,,,,,,,,,,
,2019,A62,,GRETI,1,8,6,6,,18,,,NE,,,,,,,,,,,
,2019,A63,,GRETI,1,8,4,4,,17,,,NE,,,,,,,,,,,
,2019,A77,,GRETI,1,7,7,6,,8,,,JO,,,,,,,,,,,
,2019,B06,,GRETI,1,,0,0,,68,,,ED,,,,,,,,,,,
,2019,B07,,GRETI,1,1,1,1,,28,,,NE,,,,,,,,,,,
,2019,B08,,GRETI,1,5,5,0,,42,,,JO,,,,,,,,,,,
,2019,B13,,GRETI,1,3,2,0,,42,,,JO,,,,,,,,,,,
,2019,B16,,GRETI,1,,0,0,,16,,,ED,,,,,,,,,,,
,2019,B28,,GRETI,1,6,6,6,,27,,,NE,,,,,,,,,,,
,2019,B31,,GRETI,1,10,5,5,,20,,,NE,,,,,,,,,,,
,2019,B37,,GRETI,1,8,4,0,,18,,,JO,,,,,,,,,,,
,2019,B46,,GRETI,1,7,6,4,,26,,,NE,,,,,,,,,,,
,2019,B47,,GRETI,1,9,6,3,,14,,,NE,,,,,,,,,,,
,2019,B55,,GRETI,1,7,5,5,,12,,,NE,,,,,,,,,,,
,2019,B78,,GRETI,1,6,6,6,,20,,,NE,,,,,,,,,,,
,2019,C01,,GRETI,1,9,0,0,,9,,,EO,,,,,,,,,,,
,2019,C17,,GRETI,1,7,7,6,,26,,,NE,,,,,,,,,,,
,2019,C20,,GRETI,1,8,1,0,,32,61,,JO,,,,,,,,,,,
,2020,C00,,BLUTI,1,6,6,0,,,,,JP,,,,,,,,,,,
,2020,C01,,BLUTI,1,4,4,0,,,,,JD,,,,,,,,,,,
,2020,C02,,BLUTI,1,6,6,6,,,,,NE,,,,,,,,,,,
,2020,C03,,BLUTI,1,8,8,0,,,,,JD,,,,,,,,,,,
,2020,D01,,BLUTI,1,7,6,0,,,,,JD,,,,,,,,,,,
,2020,D02,,BLUTI,1,7,7,7,,,,,NE,,,,,,,,,,,
,2020,D07,,BLUTI,1,9,7,0,,,,,JD,,,,,,,,,,,
,2020,D10,,BLUTI,1,5,5,4,,,,,NE,,,,,,,,,,,
,2020,E-2,,BLUTI,1,7,7,4,,,,,NE,,,,,,,,,,,
,2020,E-3,,BLUTI,1,7,7,0,,,,,JD,,,,,,,,,,,
,2020,E02,,BLUTI,1,5,5,0,,,,,JD,,,,,,,,,,,
,2020,E06,,BLUTI,1,1,0,0,,,,,EP,,,,,,,,,,,
,2020,E06,,BLUTI,1,8,8,7,,,,,NE,,,,,,,,,,,
,2020,E07,,BLUTI,1,7,0,0,,,,,ED,,,,,,,,,,,
,2020,E07,,BLUTI,1,6,6,0,,,,,JP,,,,,,,,,,,
,2020,E08,,BLUTI,1,3,2,1,,,,,NE,,,,,,,,,,,
,2020,E09,,BLUTI,1,7,7,0,,,,,JP,,,,,,,,,,,
,2020,E10,,BLUTI,1,5,5,0,,,,,JP,,,,,,,,,,,
,2020,E10,,BLUTI,1,7,6,0,,,,,JP,,,,,,,,,,,
,2020,F03,,BLUTI,1,7,7,0,,,,,JD,,,,,,,,,,,
,2020,F05,,BLUTI,1,8,8,0,,,,,JD,,,,,,,,,,,
,2020,F06,,BLUTI,1,9,8,6,,,,,NE,,,,,,,,,,,
,2020,F08,,BLUTI,1,6,6,0,,,,,JP,,,,,,,,,,,
,2020,F09,,BLUTI,1,4,4,0,,,,,JD,,,,,,,,,,,
,2020,F10,,BLUTI,1,8,0,0,,,,,EP,,,,,,,,,,,
,2020,F10,,BLUTI,1,7,7,6,,,,,NE,,,,,,,,,,,
,2020,H01,,BLUTI,1,2,0,0,,,,,ED,,,,,,,,,,,
,2020,H02,,BLUTI,1,9,0,0,,,,,ED,,,,,,,,,,,
,2020,I01,,BLUTI,1,7,0,0,,,,,ED,,,,,,,,,,,
,2020,I03,,BLUTI,1,10,10,0,,,,,JD,,,,,,,,,,,
,2020,I03,,BLUTI,1,8,8,8,,,,,NE,,,,,,,,,,,
,2020,J01,,BLUTI,1,1,0,0,,,,,ED,,,,,,,,,,,
,2020,J01,,BLUTI,1,5,5,3,,,,,NE,,,,,,,,,,,
,2020,J02,,BLUTI,1,7,0,0,,,,,ED,,,,,,,,,,,
,2020,J02,,BLUTI,1,8,8,6,,,,,NE,,,,,,,,,,,
,2020,K00,,BLUTI,1,7,7,7,,,,,NE,,,,,,,,,,,
,2020,K02,,BLUTI,1,9,9,8,,,,,NE,,,,,,,,,,,
,2020,K03,,BLUTI,1,8,5,0,,,,,JD,,,,,,,,,,,
,2020,K08,,BLUTI,1,8,8,8,,,,,NE,,,,,,,,,,,
,2020,L00,,BLUTI,1,11,0,0,,,,,ED,,,,,,,,,,,
,2020,L01,,BLUTI,1,9,9,6,,,,,NE,,,,,,,,,,,
,2020,L05,,BLUTI,1,6,6,0,,,,,JD,,,,,,,,,,,
,2020,L07,,BLUTI,1,7,1,0,,,,,JD,,,,,,,,,,,
,2020,M-1,,BLUTI,1,9,9,0,,,,,JD,,,,,,,,,,,
,2020,M-1,,BLUTI,1,6,6,6,,,,,NE,,,,,,,,,,,
,2020,M01,,BLUTI,1,4,4,3,,,,,NE,,,,,,,,,,,
,2020,M02,,BLUTI,1,6,6,6,,,,,NE,,,,,,,,,,,
,2020,M04,,BLUTI,1,7,5,4,,,,,NE,,,,,,,,,,,
,2020,M06,,BLUTI,1,9,9,4,,,,,NE,,,,,,,,,,,
,2020,M07,,BLUTI,1,6,5,3,,,,,NE,,,,,,,,,,,
,2020,N00,,BLUTI,1,6,6,4,,,,,NE,,,,,,,,,,,
,2020,N03,,BLUTI,1,6,5,4,,,,,NE,,,,,,,,,,,
,2020,N06,,BLUTI,1,3,3,3,,,,,NE,,,,,,,,,,,
,2020,O01,,BLUTI,1,1,0,0,,,,,ED,,,,,,,,,,,
,2020,O01,,BLUTI,1,1,0,0,,,,,EP,,,,,,,,,,,
,2020,O02,,BLUTI,1,6,6,5,,,,,NE,,,,,,,,,,,
,2020,O03,,BLUTI,1,8,8,0,,,,,JD,,,,,,,,,,,
,2020,P-2,,BLUTI,1,9,8,5,,,,,NE,,,,,,,,,,,
,2020,P01,,BLUTI,1,8,8,4,,,,,NE,,,,,,,,,,,
,2020,P03,,BLUTI,1,7,7,6,,,,,NE,,,,,,,,,,,
,2020,Q-2,,BLUTI,1,3,0,0,,,,,ED,,,,,,,,,,,
,2020,Q01,,BLUTI,1,8,7,7,,,,,NE,,,,,,,,,,,
,2020,R-1,,BLUTI,1,7,0,0,,,,,ED,,,,,,,,,,,
,2020,R-1,,BLUTI,1,8,4,0,,,,,JD,,,,,,,,,,,
,2020,R01,,BLUTI,1,8,7,5,,,,,NE,,,,,,,,,,,
,2020,I03,,COATI,1,10,10,10,,,,,NE,,,,,,,,,,,
,2020,C01,,GRETI,1,6,5,0,,,,,JD,,,,,,,,,,,
,2020,C02,,GRETI,1,6,6,0,,,,,JD,,,,,,,,,,,
,2020,D02,,GRETI,1,7,7,6,,,,,NE,,,,,,,,,,,
,2020,E01,,GRETI,1,5,4,1,,,,,NE,,,,,,,,,,,
,2020,E08,,GRETI,1,4,4,4,,,,,NE,,,,,,,,,,,
,2020,E09,,GRETI,1,3,3,3,,,,,NE,,,,,,,,,,,
,2020,F-1,,GRETI,1,8,0,0,,,,,JD,,,,,,,,,,,
,2020,F-2,,GRETI,1,6,0,0,,,,,EP,,,,,,,,,,,
,2020,F-2,,GRETI,1,8,8,4,,,,,NE,,,,,,,,,,,
,2020,F-3,,GRETI,1,8,8,5,,,,,NE,,,,,,,,,,,
,2020,F-4,,GRETI,1,5,0,0,,,,,ED,,,,,,,,,,,
,2020,F02,,GRETI,1,5,5,3,,,,,NE,,,,,,,,,,,
,2020,F03,,GRETI,1,6,0,0,,,,,ED,,,,,,,,,,,
,2020,F08,,GRETI,1,4,3,3,,,,,NE,,,,,,,,,,,
,2020,G06,,GRETI,1,7,7,6,,,,,NE,,,,,,,,,,,
,2020,I01,,GRETI,1,6,5,0,,,,,JD,,,,,,,,,,,
,2020,K00,,GRETI,1,5,3,2,,,,,NE,,,,,,,,,,,
,2020,K02,,GRETI,1,5,5,4,,,,,NE,,,,,,,,,,,
,2020,L07,,GRETI,1,9,7,1,,,,,NE,,,,,,,,,,,
,2020,M03,,GRETI,1,7,7,7,,,,,NE,,,,,,,,,,,
,2020,M07,,GRETI,1,7,3,0,,,,,JD,,,,,,,,,,,
,2020,N-1,,GRETI,1,8,0,0,,,,,ED,,,,,,,,,,,
,2020,N01,,GRETI,1,7,0,0,,,,,XD,,,,,,,,,,,
,2020,N03,,GRETI,1,5,5,5,,,,,NE,,,,,,,,,,,
,2020,N04,,GRETI,1,2,0,0,,,,,EO,,,,,,,,,,,
,2020,O-1,,GRETI,1,7,7,7,,,,,NE,,,,,,,,,,,
,2020,O-2,,GRETI,1,6,5,0,,,,,JD,,,,,,,,,,,
,2020,P-2,,GRETI,1,4,2,0,,,,,JD,,,,,,,,,,,
,2020,P01,,GRETI,1,7,7,7,,,,,NE,,,,,,,,,,,
,2020,Q00,,GRETI,1,7,6,6,,,,,NE,,,,,,,,,,,
,2020,Q03,,GRETI,1,2,0,0,,,,,EO,,,,,,,,,,,
,2020,R-2,,GRETI,1,5,5,4,,,,,NE,,,,,,,,,,,
,2020,D07,,MARTI,1,8,8,8,,,,,NE,,,,,,,,,,,
,2020,I01,,MARTI,1,8,8,8,,,,,NE,,,,,,,,,,,
,2020,M07,,MARTI,1,5,5,5,,,,,NE,,,,,,,,,,,
,2020,P-1,,MARTI,1,6,5,5,,,,,NE,,,,,,,,,,,
,2020,Q-1,,MARTI,1,7,7,7,,,,,NE,,,,,,,,,,,
,2021,O01,,BLUTI,1,4,4,4,,,,,NE,,,,,,,,,,,
