BroodID,Year,Box,Popn,Species,CltCd,CltSize,Hatch,Fledged,DAR,N1,DFE,DH,MinEggs,UnHatch,AverageMass,Outcome,MaleID,MaleDate,MaleRingDate,MaleStatus,MaleMinAge,FemaleID,FemaleDate,FemaleRingDate,FemaleStatus,FemaleMinAge,YoungDate,Young1,Young2,Young3,Young4,Young5,Young6,Young7,Young8,Young9,Young10,Young11,Weight.Y1,Tarsus.Y1,Weight.Y2,Tarsus.Y2,Weight.Y3,Tarsus.Y3,Weight.Y4,Tarsus.Y4,Weight.Y5,Tarsus.Y5,Weight.Y6,Tarsus.Y6,Weight.Y7,Tarsus.Y7,Weight.Y8,Tarsus.Y8,Weight.Y9,Tarsus.Y9,Weight.Y10,Tarsus.Y10,Weight.Y11,Tarsus.Y11
1,1955,2,YAR,BLUTI,1,,,,,,,,,,,NE,,,,,,,,,,,,,,,,,,,,,,,,,,,,,,,,,,,,,,,,,,,,
2,1955,24,YAR,BLUTI,1,,,0,,,,,,,,XD,,,,,,,,,,,,,,,,,,,,,,,,,,,,,,,,,,,,,,,,,,,,
3,1955,33,YAR,PIEFL,1,6,6,6,,,,,,,,NE,A51820,01/06/1955,01/06/1955,I,1,B80960,25/05/1955,25/05/1955,I,1,,,,,,,,,,,,,,,,,,,,,,,,,,,,,,,,,,
4,1955,37,YAR,BLUTI,1,,,,,,,,,,,NE,,,,,,,,,,,,,,,,,,,,,,,,,,,,,,,,,,,,,,,,,,,,
5,1956,1,YAR,BLUTI,1,8,6,6,,,,,,,,NE,,,,,,,,,,,,,,,,,,,,,,,,,,,,,,,,,,,,,,,,,,,,
6,1956,11,YAR,BLUTI,1,12,10,8,,,33,,,,,NE,,,,,,,,,,,,,,,,,,,,,,,,,,,,,,,,,,,,,,,,,,,,
7,1956,12,YAR,PIEFL,1,7,7,7,,,45,,,,,NE,,,,,,A51799,28/05/1956,28/05/1956,I,1,11/06/1956,A51813,A51814,A51815,A51816,A51817,A51818,A51819,,,,,,,,,,,,,,,,,,,,,,,,,,
8,1956,14,YAR,BLUTI,1,,0,0,,,,,,,,ED,,,,,,,,,,,,,,,,,,,,,,,,,,,,,,,,,,,,,,,,,,,,
9,1956,17,YAR,BLUTI,1,11,11,11,,,,,,,,NE,,,,,,,,,,,,,,,,,,,,,,,,,,,,,,,,,,,,,,,,,,,,
10,1956,20,YAR,BLUTI,1,11,10,10,,,,,,,,NE,,,,,,,,,,,,,,,,,,,,,,,,,,,,,,,,,,,,,,,,,,,,
11,1956,23,YAR,PIEFL,1,7,6,6,,,49,,,,,NE,A51821,12/06/1956,12/06/1955,S,2,B80960,01/06/1956,25/05/1955,S,2,17/06/1956,C25401,C25402,C25403,C25404,C25405,C25406,,,,,,,,,,,,,,,,,,,,,,,,,,,
12,1956,25,YAR,BLUTI,1,14,14,14,,,,53,,,,NE,,,,,,,,,,,,,,,,,,,,,,,,,,,,,,,,,,,,,,,,,,,,
13,1956,27,YAR,PIEFL,1,,0,0,,,,,1,,,ED,,,,,,,,,,,,,,,,,,,,,,,,,,,,,,,,,,,,,,,,,,,,
14,1956,31,YAR,BLUTI,1,11,0,0,,,,,,,,ED,,,,,,,,,,,,,,,,,,,,,,,,,,,,,,,,,,,,,,,,,,,,
15,1956,33,YAR,PIEFL,1,,0,0,,,,,,,,ED,,,,,,,,,,,,,,,,,,,,,,,,,,,,,,,,,,,,,,,,,,,,
16,1956,36,YAR,BLUTI,1,13,13,13,,,32,,,,,NE,,,,,,,,,,,,,,,,,,,,,,,,,,,,,,,,,,,,,,,,,,,,
17,1956,37,YAR,PIEFL,2,7,7,7,,,,,,,,NE,A51820,12/06/1956,01/06/1955,S,2,A51798,28/05/1956,28/05/1956,I,1,20/06/1956,C25407,C25408,C25409,C25410,C25411,C25412,C25413,,,,,,,,,,,,,,,,,,,,,,,,,,
18,1956,48,YAR,BLUTI,1,13,13,13,,,,,,,,NE,,,,,,,,,,,,,,,,,,,,,,,,,,,,,,,,,,,,,,,,,,,,
19,1957,2,YAR,BLUTI,1,9,9,9,,,21,,,,,NE,,,,,,C37149,06/05/1957,06/05/1957,I,1,,,,,,,,,,,,,,,,,,,,,,,,,,,,,,,,,,
20,1957,5,YAR,GRETI,1,10,10,,,,,,,,,NE,,,,,,,,,,,,,,,,,,,,,,,,,,,,,,,,,,,,,,,,,,,,
21,1957,6,YAR,BLUTI,1,10,5,,,,21,,,,,NE,,,,,,,,,,,,,,,,,,,,,,,,,,,,,,,,,,,,,,,,,,,,
22,1957,10,YAR,BLUTI,1,11,,,,,19,,,,,NE,,,,,,,,,,,,,,,,,,,,,,,,,,,,,,,,,,,,,,,,,,,,
23,1957,16,YAR,BLUTI,1,10,,,,,22,,,,,NE,,,,,,C37148,06/05/1957,06/05/1957,I,1,,,,,,,,,,,,,,,,,,,,,,,,,,,,,,,,,,
24,1957,18,YAR,BLUTI,1,8,8,8,,,29,,,,,NE,,,,,,C37147,06/05/1957,06/05/1957,I,1,,,,,,,,,,,,,,,,,,,,,,,,,,,,,,,,,,
25,1957,20,YAR,REDST,1,6,,0,,,36,,,,,XU,,,,,,C56909,22/05/1957,22/05/1957,I,1,,,,,,,,,,,,,,,,,,,,,,,,,,,,,,,,,,
26,1957,27,YAR,BLUTI,1,12,12,12,,,22,,,,,NE,,,,,,,,,,,,,,,,,,,,,,,,,,,,,,,,,,,,,,,,,,,,
27,1957,29,YAR,REDST,1,7,,0,,,47,,,,,XU,,,,,,,,,,,,,,,,,,,,,,,,,,,,,,,,,,,,,,,,,,,,
28,1957,30,YAR,MARTI,1,7,7,,,,,,,,,NE,,,,,,,,,,,,,,,,,,,,,,,,,,,,,,,,,,,,,,,,,,,,
29,1957,31,YAR,GRETI,1,6,6,,,,31,,6,,,NE,,,,,,C56908,22/05/1957,22/05/1957,I,1,05/06/1957,C25419,,,,,,,,,,,,,,,,,,,,,,,,,,,,,,,,
30,1957,37,YAR,PIEFL,1,7,6,6,,,,,,,,NE,C25411,01/06/1957,20/06/1956,R,1,C56907,22/05/1957,22/05/1957,I,1,05/06/1957,C25414,C25415,C25416,C25417,C25418,C25428,,,,,,,,,,,,,,,,,,,,,,,,,,,
31,1957,40,YAR,GRETI,1,,0,0,,,,,5,,,ED,,,,,,,,,,,,,,,,,,,,,,,,,,,,,,,,,,,,,,,,,,,,
32,1957,42,YAR,PIEFL,1,7,,2,,,,,,,,NE,C25411,,20/06/1956,R,1,A51799,01/06/1957,28/05/1956,S,2,19/06/1957,C25423,C25424,,,,,,,,,,,,,,,,,,,,,,,,,,,,,,,
33,1957,44,YAR,PIEFL,1,7,,3,,,55,,,,,NE,C25411,,20/06/1956,R,1,B80960,01/06/1957,25/05/1955,S,3,19/06/1957,C25420,C25421,C25422,,,,,,,,,,,,,,,,,,,,,,,,,,,,,,
34,1957,46,YAR,REDST,1,7,,0,,,47,,,,,XU,,,,,,,,,,,,,,,,,,,,,,,,,,,,,,,,,,,,,,,,,,,,
35,1958,1,YAR,REDST,1,,0,0,,,36,,5,,,ED,,,,,,,,,,,,,,,,,,,,,,,,,,,,,,,,,,,,,,,,,,,,
36,1958,3,YAR,PIEFL,1,7,7,7,,,,,,,,NE,C25411,,20/06/1956,S,2,C25427,16/05/1958,16/05/1958,I,1,09/06/1958,F22902,F22903,F22904,F22905,F22906,F22907,F22908,,,,,,,,,,,,,,,,,,,,,,,,,,
37,1958,5,YAR,BLUTI,1,12,9,9,,,28,,,,,NE,,,,,,,,,,,,,,,,,,,,,,,,,,,,,,,,,,,,,,,,,,,,
38,1958,13,YAR,MARTI,1,10,10,6,,,28,,,,,NE,,,,,,,,,,,,,,,,,,,,,,,,,,,,,,,,,,,,,,,,,,,,
39,1958,15,YAR,REDST,1,6,6,6,,,38,,,,,NE,,,,,,,,,,,04/06/1958,C25431,C25432,C25433,C25434,C25435,C25436,,,,,,,,,,,,,,,,,,,,,,,,,,,
40,1958,19,YAR,BLUTI,1,12,10,10,,,31,,,,,NE,,,,,,,,,,,,,,,,,,,,,,,,,,,,,,,,,,,,,,,,,,,,
41,1958,21,YAR,REDST,1,,0,0,,,48,,7,,,ED,,,,,,,,,,,,,,,,,,,,,,,,,,,,,,,,,,,,,,,,,,,,
42,1958,22,YAR,REDST,2,,,5,,,,,,,,NE,,,,,,,,,,,01/07/1958,F22928,F22929,F22930,F22931,F22932,,,,,,,,,,,,,,,,,,,,,,,,,,,,
43,1958,23,YAR,BLUTI,1,12,,3,,,31,,,,,NE,,,,,,,,,,,,,,,,,,,,,,,,,,,,,,,,,,,,,,,,,,,,
44,1958,25,YAR,REDST,2,6,4,4,,,43,,,,,NE,,,,,,,,,,,09/06/1958,F22909,F22910,F22911,F22912,,,,,,,,,,,,,,,,,,,,,,,,,,,,,
45,1958,26,YAR,GRETI,1,8,,,,,,,,,,OU,,,,,,,,,,,,,,,,,,,,,,,,,,,,,,,,,,,,,,,,,,,,
46,1958,29,YAR,PIEFL,1,7,7,7,,,44,,,,,NE,C25437,04/06/1958,04/06/1958,I,1,B80960,04/06/1958,25/05/1955,S,4,12/06/1958,F22920,F22921,F22922,F22923,F22924,F22925,F22927,,,,,,,,,,,,,,,,,,,,,,,,,,
47,1958,34,YAR,PIEFL,1,7,7,7,,,41,,,,,NE,C25411,20/05/1958,20/06/1956,S,2,C56907,20/05/1958,22/05/1957,S,2,09/06/1958,C25438,C25439,C25440,C25441,C25442,C25443,C25444,,,,,,,,,,,,,,,,,,,,,,,,,,
48,1958,41,YAR,BLUTI,1,10,10,10,,,31,,,,,NE,,,,,,,,,,,,,,,,,,,,,,,,,,,,,,,,,,,,,,,,,,,,
49,1958,48,YAR,PIEFL,1,7,7,7,,,41,,,,,NE,A51819,24/05/1958,01/06/1955,S,4,C25429,16/05/1958,16/05/1958,I,1,09/06/1958,C25445,C25446,C25447,C25448,C25449,C25450,F22901,,,,,,,,,,,,,,,,,,,,,,,,,,
50,1959,2,YAR,BLUTI,1,,0,0,,,,,2,,,EU,,,,,,,,,,,,,,,,,,,,,,,,,,,,,,,,,,,,,,,,,,,,
51,1959,2,YAR,PIEFL,1,6,6,6,,,49,,,,,NE,K54906,,08/06/1959,I,1,C25445,01/06/1959,09/06/1958,R,1,,,,,,,,,,,,,,,,,,,,,,,,,,,,,,,,,,
52,1959,5,YAR,PIEFL,1,7,7,6,,,,,,,,NE,C25411,,20/06/1956,S,3,C25429,01/06/1959,16/05/1958,S,2,,,,,,,,,,,,,,,,,,,,,,,,,,,,,,,,,,
53,1959,6,YAR,BLUTI,1,11,,9,,,25,,,,,NE,,,,,,,,,,,,,,,,,,,,,,,,,,,,,,,,,,,,,,,,,,,,
54,1959,8,YAR,NUTHA,1,6,4,3,,,36,,,,,NE,,,,,,,,,,,,,,,,,,,,,,,,,,,,,,,,,,,,,,,,,,,,
55,1959,11,YAR,PIEFL,1,7,0,0,,,,,,,,ED,,,,,,F22920,,12/06/1958,R,1,,,,,,,,,,,,,,,,,,,,,,,,,,,,,,,,,,
56,1959,12,YAR,GRETI,1,8,5,5,,,,,,,,NE,,,,,,,,,,,,,,,,,,,,,,,,,,,,,,,,,,,,,,,,,,,,
57,1959,15,YAR,PIEFL,1,7,7,7,,,41,,,,,NE,K54904,,06/06/1959,I,1,K99701,19/05/1959,19/05/1959,I,1,,,,,,,,,,,,,,,,,,,,,,,,,,,,,,,,,,
58,1959,19,YAR,BLUTI,1,12,0,0,,,15,,,,,EP,,,,,,,,,,,,,,,,,,,,,,,,,,,,,,,,,,,,,,,,,,,,
59,1959,20,YAR,GRETI,1,9,,5,,,16,,,,,NE,,,,,,,,,,,,,,,,,,,,,,,,,,,,,,,,,,,,,,,,,,,,
60,1959,23,YAR,BLUTI,1,12,0,0,,,16,,,,,XD,,,,,,,,,,,,,,,,,,,,,,,,,,,,,,,,,,,,,,,,,,,,
61,1959,42,YAR,PIEFL,1,7,7,7,,,43,,,,,NE,K54903,,02/06/1959,I,1,F22907,,09/06/1958,R,1,,,,,,,,,,,,,,,,,,,,,,,,,,,,,,,,,,
62,1959,45,YAR,PIEFL,2,6,6,5,,,72,,,,,NE,C25446,01/06/1959,09/06/1958,R,1,F22920,01/06/1959,12/06/1958,S,1,08/07/1959,K54932,K54933,K54934,K54935,K54936,,,,,,,,,,,,,,,,,,,,,,,,,,,,
63,1959,46,YAR,PIEFL,1,6,5,5,,,44,,,,,NE,C25437,01/06/1959,04/06/1958,S,2,K54902,19/05/1959,19/05/1959,I,1,10/06/1959,K54907,K54908,K54909,K54910,K54911,,,,,,,,,,,,,,,,,,,,,,,,,,,,
64,1960,1,YAR,PIEFL,1,6,,2,,,48,,,,,NE,K54906,01/06/1960,08/06/1959,S,2,C25429,01/06/1960,16/05/1958,S,3,16/06/1960,K99727,K99728,,,,,,,,,,,,,,,,,,,,,,,,,,,,,,,
65,1960,2,YAR,PIEFL,1,7,7,7,,,39,,,,,NE,C25411,01/06/1960,20/06/1956,S,4,K99701,08/06/1960,19/05/1959,S,2,08/06/1960,K99702,K99703,K99704,K99705,K99706,K99707,,,,,,,,,,,,,,,,,,,,,,,,,,,
66,1960,7,YAR,PIEFL,1,6,,2,,,52,,,,,NE,K54906,,08/06/1959,S,2,K54938,,,S,1,16/06/1960,K99729,K99730,,,,,,,,,,,,,,,,,,,,,,,,,,,,,,,
67,1960,8,YAR,NUTHA,1,6,6,6,,,25,,,,,NE,,,,,,,,,,,,,,,,,,,,,,,,,,,,,,,,,,,,,,,,,,,,
68,1960,10,YAR,GRETI,1,6,,5,,,,,,,,NE,,,,,,,,,,,,,,,,,,,,,,,,,,,,,,,,,,,,,,,,,,,,
69,1960,15,YAR,BLUTI,1,12,,10,,,23,,,,,NE,,,,,,,,,,,,,,,,,,,,,,,,,,,,,,,,,,,,,,,,,,,,
70,1960,20,YAR,PIEFL,1,6,,2,,,40,,,,,NE,K54906,01/06/1960,08/06/1959,S,2,F22947,16/05/1960,16/05/1960,I,1,08/06/1960,K99716,K99717,K99718,,,,,,,,,,,,,,,,,,,,,,,,,,,,,,
71,1960,25,YAR,BLUTI,1,,0,0,,,22,,9,,,ED,,,,,,,,,,,,,,,,,,,,,,,,,,,,,,,,,,,,,,,,,,,,
72,1960,35,YAR,PIEFL,1,8,8,2,,,41,,,,,NE,C25411,,20/06/1956,S,4,F22948,01/06/1960,01/06/1960,I,1,08/06/1960,K99719,K99720,K99721,K99722,K99723,K99724,K99725,K99726,,,,,,,,,,,,,,,,,,,,,,,,,
73,1960,46,YAR,PIEFL,1,8,7,7,,,37,,,,,NE,K54937,,09/07/1959,R,1,F22920,01/06/1960,12/06/1958,S,2,08/06/1960,K99708,K99709,K99711,K99712,K99713,K99714,K99715,,,,,,,,,,,,,,,,,,,,,,,,,,
74,1961,12,YAR,PIEFL,1,8,8,3,,,39,,,,,NE,C25444,01/06/1961,09/06/1958,R,3,K99772,17/05/1961,17/05/1961,I,1,08/06/1961,K99780,K99781,K99782,,,,,,,,,,,,,,,,,,,,,,,,,,,,,,
75,1961,26,YAR,PIEFL,1,7,7,6,,,34,,,,,NE,K54906,01/06/1961,08/06/1959,S,3,K99701,01/06/1961,19/05/1959,S,3,03/06/1961,K99774,K99775,K99776,K99777,K99778,K99779,,,,,,,,,,,,,,,,,,,,,,,,,,,
76,1961,30,YAR,PIEFL,1,6,,0,,,47,,,,,JD,K54906,01/06/1961,08/06/1959,S,3,K99715,08/06/1961,08/06/1960,R,1,,,,,,,,,,,,,,,,,,,,,,,,,,,,,,,,,,
77,1961,33,YAR,PIEFL,1,6,6,0,,,44,,,,,JD,K54906,,08/06/1959,S,3,K99730,01/06/1961,16/06/1960,R,1,,,,,,,,,,,,,,,,,,,,,,,,,,,,,,,,,,
78,1961,44,YAR,PIEFL,1,7,7,0,,,43,,,,,JD,K99773,01/06/1961,01/06/1961,I,1,F22948,29/05/1961,01/06/1960,S,2,,,,,,,,,,,,,,,,,,,,,,,,,,,,,,,,,,
79,1962,20,YAR,NUTHA,1,8,8,2,,,34,,,,,NE,,,,,,,,,,,,,,,,,,,,,,,,,,,,,,,,,,,,,,,,,,,,
80,1962,23,YAR,PIEFL,1,7,7,7,,,45,,,,,NE,AC36327,12/06/1962,12/06/1962,I,1,F22948,24/05/1962,01/06/1960,S,3,16/06/1962,AC36333,AC36334,AC36335,AC36336,AC36337,AC36338,AC36339,,,,,,,,,,,,,,,,,,,,,,,,,,
81,1962,25,YAR,REDST,1,6,,5,,,46,,,,,NE,,,,,,,,,,,16/06/1962,AC36340,AC36341,AC36342,AC36343,AC36344,,,,,,,,,,,,,,,,,,,,,,,,,,,,
82,1962,33,YAR,PIEFL,1,7,,5,,,42,,,,,NE,K99714,08/06/1962,08/06/1960,R,2,K99772,29/05/1962,17/05/1961,S,2,12/06/1962,AC36328,AC36329,AC36330,AC36331,AC36332,,,,,,,,,,,,,,,,,,,,,,,,,,,,
83,1963,4,YAR,PIEFL,1,6,4,4,,,49,,,,,NE,K99781,15/06/1963,08/06/1960,R,3,AC36393,04/06/1963,04/06/1963,I,1,17/06/1963,AC36346,AC36347,AC36348,AC36349,,,,,,,,,,,,,,,,,,,,,,,,,,,,,
84,1963,6,YAR,PIEFL,1,7,7,7,,,50,,,,,NE,K99781,,08/06/1960,S,3,K99779,04/06/1963,03/06/1961,R,2,17/06/1963,AH03613,AH03614,AH03615,AH03616,AH03617,AH03618,AH03619,,,,,,,,,,,,,,,,,,,,,,,,,,
85,1963,18,YAR,PIEFL,1,7,7,7,,,46,,,,,NE,AC36327,17/06/1963,12/06/1962,S,2,AC36392,23/05/1963,23/05/1963,I,1,17/06/1963,AH03601,AH03602,AH03603,AH03604,AH03605,AH03606,AH03607,,,,,,,,,,,,,,,,,,,,,,,,,,
86,1963,33,YAR,PIEFL,1,7,6,5,,,50,,,,,NE,K54906,22/06/1963,08/06/1959,S,5,AC36395,04/06/1963,04/06/1963,I,1,17/06/1963,AH03608,AH03609,AH03610,AH03611,AH03612,,,,,,,,,,,,,,,,,,,,,,,,,,,,
87,1963,44,YAR,PIEFL,1,7,7,6,,,,,,,,NE,,,,,,AC36345,04/06/1963,04/06/1963,I,1,25/06/1963,AC36350,AC36396,AC36397,AC36398,AC36399,AC36400,,,,,,,,,,,,,,,,,,,,,,,,,,,
88,1963,47,YAR,PIEFL,1,7,,3,,,,,,,,NE,K99781,,08/06/1960,S,3,AC36394,04/06/1963,04/06/1963,I,1,25/06/1963,AH03620,AH03621,AH03622,,,,,,,,,,,,,,,,,,,,,,,,,,,,,,
89,1964,2,YAR,PIEFL,1,8,4,4,,,41,,,4,,NE,K99781,03/06/1964,08/06/1960,S,4,AC36394,26/05/1964,04/06/1963,S,2,11/06/1964,AH03631,AH03632,AH03633,AH03634,,,,,,,,,,,,,,,,,,,,,,,,,,,,,
90,1964,25,YAR,PIEFL,1,7,7,7,,,44,,,,,NE,K99781,,08/06/1960,S,4,AH03623,20/05/1964,20/05/1964,I,1,11/06/1964,AH03635,AH03636,AH03637,AH03638,AH03639,AH03640,AH03641,,,,,,,,,,,,,,,,,,,,,,,,,,
91,1964,34,YAR,PIEFL,1,7,7,7,,,40,,,,,NE,K99781,,08/06/1960,S,4,AC36393,11/06/1964,04/06/1963,S,2,11/06/1964,AH03624,AH03625,AH03626,AH03627,AH03628,AH03629,AH03630,,,,,,,,,,,,,,,,,,,,,,,,,,
92,1965,7,YAR,REDST,1,6,6,6,,,46,,,,,NE,,,,,,AH03649,08/06/1965,08/06/1965,I,1,12/06/1965,AH03659,AH03660,AH03661,AH03662,AH03663,AH03664,,,,,,,,,,,,,,,,,,,,,,,,,,,
93,1965,20,YAR,REDST,1,7,7,7,,,46,,,,,NE,,,,,,AH03647,29/05/1965,29/05/1965,I,1,12/06/1965,AH03672,AH03673,AH03674,AH03675,AH03676,AH03677,AH03678,,,,,,,,,,,,,,,,,,,,,,,,,,
94,1965,33,YAR,PIEFL,1,8,8,8,,,41,,,,,NE,K99781,12/06/1965,08/06/1960,S,5,AC36392,20/05/1965,23/05/1963,S,3,12/06/1964,AH03651,AH03652,AH03653,AH03654,AH03655,AH03656,AH03657,AH03658,,,,,,,,,,,,,,,,,,,,,,,,,
95,1965,35,YAR,REDST,1,7,7,7,,,43,,,,,NE,,,,,,,,,,,12/06/1965,AH03665,AH03666,AH03667,AH03668,AH03669,AH03670,AH03671,,,,,,,,,,,,,,,,,,,,,,,,,,
96,1965,42,YAR,PIEFL,1,7,,4,,,59,,,,,NE,AH03614,30/06/1965,17/06/1963,R,2,AH03648,08/06/1965,08/06/1965,I,1,30/06/1965,AR72137,AR72138,AR72139,AR72140,,,,,,,,,,,,,,,,,,,,,,,,,,,,,
97,1965,48,YAR,PIEFL,1,7,7,5,,,52,,,,,NE,AH03650,12/06/1965,12/06/1965,I,1,AH03628,29/05/1965,11/06/1964,R,1,20/06/1965,AH03679,AH03680,AH03681,AH03682,AH03683,AH03684,AH03685,,,,,,,,,,,,,,,,,,,,,,,,,,
98,1966,1,YAR,GRETI,1,9,9,9,,,29,,,,,NE,,,,,,,,,,,,,,,,,,,,,,,,,,,,,,,,,,,,,,,,,,,,
99,1966,11,YAR,REDST,1,6,6,6,,,33,,,,,NE,,,,,,,,,,,16/06/1966,HC10479,HC10480,HC10481,HC10482,HC10483,HC10484,,,,,,,,,,,,,,,,,,,,,,,,,,,
100,1966,12,YAR,PIEFL,1,8,8,7,,,48,,,,,NE,K99781,03/06/1966,08/06/1960,S,6,AC36392,26/05/1966,23/05/1963,S,4,16/06/1966,HC10485,HC10486,HC10487,HC10488,HC10489,HC10490,HC10491,,,,,,,,,,,,,,,,,,,,,,,,,,
101,1966,18,YAR,GRETI,1,7,7,7,,,,,,,,NE,,,,,,,,,,,03/06/1966,HC10350,HC10351,HC10352,HC10353,HC10354,HC10355,HC10356,,,,,,,,,,,,,,,,,,,,,,,,,,
102,1966,22,YAR,REDST,1,6,3,3,,,34,,,,,NE,,,,,,,,,,,15/06/1966,HC10468,HC10469,HC10470,,,,,,,,,,,,,,,,,,,,,,,,,,,,,,
103,1966,23,YAR,GRETI,1,9,9,9,,,32,,,,,NE,,,,,,,,,,,,,,,,,,,,,,,,,,,,,,,,,,,,,,,,,,,,
104,1966,26,YAR,PIEFL,1,7,7,7,,,41,,,,,NE,K99781,,08/06/1960,S,6,AH03648,18/05/1966,08/06/1965,S,2,09/06/1966,HC10434,HC10435,HC10436,HC10437,HC10438,HC10439,HC10440,,,,,,,,,,,,,,,,,,,,,,,,,,
105,1966,26,YAR,GRETI,1,9,,8,,,,,,,,NE,,,,,,,,,,,03/06/1966,HC10369,HC10370,HC10371,HC10372,HC10373,HC10374,HC10375,HC10376,,,,,,,,,,,,,,,,,,,,,,,,,
106,1966,28,YAR,REDST,1,6,6,6,,,37,,,,,NE,,,,,,,,,,,03/06/1966,HC10377,HC10378,HC10379,HC10380,HC10381,HC10382,,,,,,,,,,,,,,,,,,,,,,,,,,,
107,1966,33,YAR,PIEFL,1,6,6,6,,,48,,,,,NE,HC10429,06/06/1966,06/06/1966,I,1,HC10324,26/05/1966,26/05/1966,I,1,15/06/1966,HC10442,HC10443,HC10444,HC10445,HC10446,HC10447,,,,,,,,,,,,,,,,,,,,,,,,,,,
108,1966,41,YAR,PIEFL,1,6,,4,,,50,,,,,NE,AH03650,15/06/1966,12/06/1965,S,2,AH03658,26/05/1966,11/06/1964,R,1,15/06/1966,HC10448,HC10449,HC10450,HC10451,,,,,,,,,,,,,,,,,,,,,,,,,,,,,
109,1966,42,YAR,MARTI,1,9,0,0,,,,,,,,ED,,,,,,,,,,,,,,,,,,,,,,,,,,,,,,,,,,,,,,,,,,,,
110,1966,48,YAR,PIEFL,1,6,2,2,,,39,,,4,,NE,HC10327,31/05/1966,31/05/1966,I,1,HC10320,18/05/1966,18/05/1966,I,1,01/06/1966,HC10432,HC10433,,,,,,,,,,,,,,,,,,,,,,,,,,,,,,,
111,1966,FOUR-01,YAR,BLUTI,1,12,,10,,,29,,,,,NE,,,,,,,,,,,,,,,,,,,,,,,,,,,,,,,,,,,,,,,,,,,,
112,1966,FOUR-06,YAR,BLUTI,1,12,12,12,,,30,,,,,NE,,,,,,,,,,,,,,,,,,,,,,,,,,,,,,,,,,,,,,,,,,,,
113,1966,FOUR-07,YAR,BLUTI,1,10,10,10,,,27,,,,,NE,,,,,,,,,,,,,,,,,,,,,,,,,,,,,,,,,,,,,,,,,,,,
114,1966,FOUR-08,YAR,BLUTI,1,10,,9,,,,,,,,NE,,,,,,,,,,,,,,,,,,,,,,,,,,,,,,,,,,,,,,,,,,,,
115,1966,FOUR-10,YAR,BLUTI,1,10,10,10,,,29,,,,,NE,,,,,,,,,,,,,,,,,,,,,,,,,,,,,,,,,,,,,,,,,,,,
116,1966,FOUR-11,YAR,BLUTI,1,10,10,10,,,29,,,,,NE,,,,,,,,,,,,,,,,,,,,,,,,,,,,,,,,,,,,,,,,,,,,
117,1966,FOUR-12,YAR,MARTI,1,,0,0,,,,,1,,,ED,,,,,,,,,,,,,,,,,,,,,,,,,,,,,,,,,,,,,,,,,,,,
118,1966,FOUR-13,YAR,BLUTI,1,10,10,10,,,31,,,,,NE,,,,,,,,,,,,,,,,,,,,,,,,,,,,,,,,,,,,,,,,,,,,
119,1966,FOUR-17,YAR,BLUTI,1,10,,9,,,,,,,,NE,,,,,,,,,,,,,,,,,,,,,,,,,,,,,,,,,,,,,,,,,,,,
120,1966,FOUR-18,YAR,PIEFL,1,7,7,7,,,,,,,,NE,AH03654,15/06/1966,12/06/1965,R,1,HC10328,02/06/1966,02/06/1966,I,1,16/06/1966,HC10492,HC10493,HC10494,HC10495,HC10496,HC10497,HC10498,,,,,,,,,,,,,,,,,,,,,,,,,,
121,1966,FOUR-20,YAR,PIEFL,1,7,,5,,,47,,,,,NE,HC10431,08/06/1966,08/06/1966,I,1,HC10326,26/05/1966,26/05/1966,I,1,15/06/1966,HC10463,HC10464,HC10465,HC10466,HC10467,,,,,,,,,,,,,,,,,,,,,,,,,,,,
122,1966,FOUR-23,YAR,BLUTI,1,9,9,9,,,30,,,,,NE,,,,,,,,,,,,,,,,,,,,,,,,,,,,,,,,,,,,,,,,,,,,
123,1966,FOUR-24,YAR,BLUTI,1,12,,9,,,27,,,,,NE,,,,,,,,,,,,,,,,,,,,,,,,,,,,,,,,,,,,,,,,,,,,
124,1966,FOUR-25,YAR,BLUTI,1,10,10,10,,,31,,,,,NE,,,,,,,,,,,,,,,,,,,,,,,,,,,,,,,,,,,,,,,,,,,,
125,1966,FOUR-26,YAR,PIEFL,1,7,,4,,,51,69,,,,NE,HC10441,10/06/1966,10/06/1966,I,1,HC10325,26/05/1966,26/05/1966,I,1,15/06/1966,HC10458,HC10459,HC10460,HC10461,,,,,,,,,,,,,,,,,,,,,,,,,,,,,
126,1966,FOUR-27,YAR,NUTHA,1,4,4,4,,,,,,,,NE,,,,,,,,,,,,,,,,,,,,,,,,,,,,,,,,,,,,,,,,,,,,
127,1966,FOUR-30s,YAR,NUTHA,1,8,8,,,,,,,,,OU,,,,,,,,,,,,,,,,,,,,,,,,,,,,,,,,,,,,,,,,,,,,
128,1966,natural,YAR,REDST,1,7,5,4,,,,,,,,NE,,,,,,,,,,,03/06/1966,HC10338,HC10339,HC10340,HC10341,,,,,,,,,,,,,,,,,,,,,,,,,,,,,
129,1966,natural,YAR,REDST,1,7,5,5,,,49,,,,,NE,,,,,,,,,,,,,,,,,,,,,,,,,,,,,,,,,,,,,,,,,,,,
130,1966,THREE-1,YAR,PIEFL,1,6,6,6,,,48,,,,,NE,HC10430,06/06/1966,06/06/1966,I,1,HC10321,23/05/1966,23/05/1966,I,1,15/06/1966,HC10452,HC10453,HC10454,HC10455,HC10456,HC10457,,,,,,,,,,,,,,,,,,,,,,,,,,,
131,1966,THREE-3,YAR,MARTI,1,10,10,7,,,30,,,,,NE,,,,,,,,,,,,HC10412,HC10413,HC10414,HC10415,HC10416,HC10417,HC10418,,,,,,,,,,,,,,,,,,,,,,,,,,
132,1966,THREE-5,YAR,GRETI,1,8,0,0,,,27,,,,,ED,,,,,,,,,,,,,,,,,,,,,,,,,,,,,,,,,,,,,,,,,,,,
133,1966,TWO-10,YAR,REDST,1,7,7,7,,,,,,,,NE,,,,,,,,,,,,,,,,,,,,,,,,,,,,,,,,,,,,,,,,,,,,
134,1967,2,YAR,PIEFL,1,6,6,6,,,56,,,,,NE,HE14608,13/06/1967,13/06/1967,I,1,HE14524,31/05/1967,31/05/1967,I,1,22/06/1967,HE14634,HE14635,HE14636,HE14637,HE14638,HE14639,,,,,,,,,,,,,,,,,,,,,,,,,,,
135,1967,6,YAR,PIEFL,1,6,,4,,,55,,,,,NE,HC10496,13/06/1967,16/06/1966,R,1,HE14523,31/05/1967,31/05/1967,I,1,22/06/1967,HE14630,HE14631,HE14632,HE14633,,,,,,,,,,,,,,,,,,,,,,,,,,,,,
136,1967,11,YAR,PIEFL,1,7,,6,,,43,,,,,NE,HC10448,10/06/1967,15/06/1966,R,1,HC10320,10/06/1967,18/05/1966,S,2,10/06/1967,HE14548,HE14549,HE14550,HE14551,HE14552,HE14553,,,,,,,,,,,,,,,,,,,,,,,,,,,
137,1967,18,YAR,PIEFL,1,6,6,6,,,45,,,,,NE,HE14527,04/06/1967,04/06/1967,I,1,HE14520,20/05/1967,20/05/1967,I,1,10/06/1967,HE14568,HE14569,HE14570,HE14571,HE14572,HE14573,,,,,,,,,,,,,,,,,,,,,,,,,,,
138,1967,25,YAR,PIEFL,1,6,6,6,,,45,,,,,NE,AH03607,13/06/1967,17/06/1963,R,4,AH03648,13/06/1967,08/06/1965,S,3,10/06/1967,HE14602,HE14603,HE14604,HE14605,HE14606,HE14607,,,,,,,,,,,,,,,,,,,,,,,,,,,
139,1967,33,YAR,PIEFL,1,7,7,7,,,43,,,,,NE,HC10327,08/06/1967,31/05/1966,S,2,AH03658,08/06/1967,11/06/1964,S,2,10/06/1967,HE14561,HE14562,HE14563,HE14564,HE14565,HE14566,HE14567,,,,,,,,,,,,,,,,,,,,,,,,,,
140,1967,FOUR-03,YAR,PIEFL,1,6,6,6,,,47,,,,,NE,HE14529,06/06/1967,06/06/1967,I,1,HC10467,01/06/1967,15/06/1966,R,1,13/06/1967,HE14609,HE14610,HE14611,HE14612,HE14613,HE14614,,,,,,,,,,,,,,,,,,,,,,,,,,,
141,1967,FOUR-04,YAR,PIEFL,1,7,7,6,,,42,,,,,NE,,,,,,HC10321,31/05/1967,23/05/1966,S,2,10/06/1967,HE14561,HE14562,HE14563,HE14564,HE14565,HE14566,HE14567,,,,,,,,,,,,,,,,,,,,,,,,,,
142,1967,FOUR-08,YAR,PIEFL,1,7,7,7,,,42,,,,,NE,AR72140,09/06/1967,30/06/1965,R,2,HE14519,20/05/1967,20/05/1967,I,1,10/06/1967,HE14554,HE14555,HE14556,HE14557,HE14558,HE14559,HE14560,,,,,,,,,,,,,,,,,,,,,,,,,,
143,1967,FOUR-10,YAR,BLUTI,1,,12,9,,,28,,,,,NE,,,,,,,,,,,,,,,,,,,,,,,,,,,,,,,,,,,,,,,,,,,,
144,1967,FOUR-14,YAR,BLUTI,1,,,0,,,27,,11,,,JD,,,,,,,,,,,,,,,,,,,,,,,,,,,,,,,,,,,,,,,,,,,,
145,1967,FOUR-15,YAR,PIEFL,1,6,4,4,,,48,,,,,NE,HC10431,09/06/1967,08/06/1966,S,2,HC10442,09/06/1967,15/06/1966,R,1,13/06/1967,HE14615,HE14616,HE14617,HE14618,,,,,,,,,,,,,,,,,,,,,,,,,,,,,
146,1967,FOUR-18,YAR,PIEFL,1,7,,0,,,39,,,,,JD,HC10430,31/05/1967,06/06/1966,S,2,HE14518,20/05/1967,20/05/1967,I,1,10/06/1967,HC14561,HC14562,HC14563,HC14564,HC14565,HC14566,HC14567,,,,,,,,,,,,,,,,,,,,,,,,,,
147,1967,FOUR-19,YAR,BLUTI,1,,,11,,,22,,,,,NE,,,,,,,,,,,,,,,,,,,,,,,,,,,,,,,,,,,,,,,,,,,,
148,1967,FOUR-21,YAR,BLUTI,1,,,9,,,27,,,,,NE,,,,,,,,,,,,,,,,,,,,,,,,,,,,,,,,,,,,,,,,,,,,
149,1967,FOUR-23,YAR,PIEFL,1,8,8,8,,,43,,,,,NE,HC10438,09/06/1967,09/06/1966,R,1,AC36392,31/05/1967,23/05/1963,S,5,12/06/1967,HE14594,HE14595,HE14596,HE14597,HE14598,HE14599,HE14600,HE14601,,,,,,,,,,,,,,,,,,,,,,,,,
150,1967,FOUR-24,YAR,BLUTI,1,10,,6,,,23,,,,,NE,,,,,,,,,,,,,,,,,,,,,,,,,,,,,,,,,,,,,,,,,,,,
151,1967,FOUR-27,YAR,PIEFL,1,6,6,0,,,39,,,,,OU,HE14522,31/05/1967,31/05/1967,I,1,HC10446,,15/06/1966,R,1,10/06/1967,HE14582,HE14583,HE14584,HE14585,HE14586,HE14587,,,,,,,,,,,,,,,,,,,,,,,,,,,
152,1967,FOUR-28,YAR,BLUTI,1,6,6,6,,,23,,,,,NE,,,,,,,,,,,,,,,,,,,,,,,,,,,,,,,,,,,,,,,,,,,,
153,1967,FOUR-29,YAR,PIEFL,1,6,6,6,,,47,,,,,NE,HC10439,09/06/1967,09/06/1966,R,1,HC10444,09/06/1967,15/06/1966,R,1,12/06/1967,HE14588,HE14589,HE14590,HE14591,HE14592,HE14593,,,,,,,,,,,,,,,,,,,,,,,,,,,
154,1967,FOUR-30s,YAR,REDST,1,7,7,0,,,36,,,,,JD,,,,,,,,,,,,,,,,,,,,,,,,,,,,,,,,,,,,,,,,,,,,
155,1967,FOUR-31,YAR,BLUTI,1,,,0,,,21,,9,,,JP,,,,,,,,,,,,,,,,,,,,,,,,,,,,,,,,,,,,,,,,,,,,
156,1967,FOUR-32,YAR,PIEFL,1,6,6,6,,,47,,,,,NE,,,,,,HC10466,31/05/1967,15/06/1966,R,1,,,,,,,,,,,,,,,,,,,,,,,,,,,,,,,,,,
157,1967,FOUR-33,YAR,BLUTI,1,,0,0,,,27,,7,,,ED,,,,,,,,,,,,,,,,,,,,,,,,,,,,,,,,,,,,,,,,,,,,
158,1967,FOUR-38,YAR,BLUTI,1,8,8,8,,,43,,,,,NE,,,,,,,,,,,,,,,,,,,,,,,,,,,,,,,,,,,,,,,,,,,,
159,1967,FOUR-40,YAR,BLUTI,1,,0,0,,,,,5,,,ED,,,,,,,,,,,,,,,,,,,,,,,,,,,,,,,,,,,,,,,,,,,,
160,1967,FOUR-42,YAR,BLUTI,1,11,,8,,,42,,,,,NE,,,,,,,,,,,,,,,,,,,,,,,,,,,,,,,,,,,,,,,,,,,,
161,1967,FOUR-45,YAR,PIEFL,1,8,8,8,,,43,,,,,NE,HE14528,04/06/1967,04/06/1967,I,1,HC10449,31/05/1967,15/06/1966,R,1,10/06/1967,HE14574,HE14575,HE14576,HE14577,HE14578,HE14579,HE14580,HE14581,,,,,,,,,,,,,,,,,,,,,,,,,
162,1967,FOUR-50,YAR,MARTI,1,7,7,7,,,22,,,,,NE,,,,,,,,,,,,,,,,,,,,,,,,,,,,,,,,,,,,,,,,,,,,
163,1967,FOUR-51,YAR,COATI,1,9,,8,,,23,,,,,NE,,,,,,,,,,,,,,,,,,,,,,,,,,,,,,,,,,,,,,,,,,,,
164,1967,FOUR-53,YAR,PIEFL,1,6,,5,,,43,,,,,NE,K99781,09/06/1967,08/06/1960,S,7,HC10324,09/06/1967,26/05/1966,S,2,10/06/1967,HE14543,HE14544,HE14545,HE14546,HE14547,,,,,,,,,,,,,,,,,,,,,,,,,,,,
165,1967,natural,YAR,GRETI,1,4,4,4,,,,,,,,NE,,,,,,,,,,,,,,,,,,,,,,,,,,,,,,,,,,,,,,,,,,,,
166,1967,THREE-10,YAR,GRETI,1,,,8,,,,,,,,NE,,,,,,,,,,,,,,,,,,,,,,,,,,,,,,,,,,,,,,,,,,,,
167,1967,THREE-11,YAR,REDST,1,6,6,6,,,,,,0,,NE,,,,,,,,,,,,,,,,,,,,,,,,,,,,,,,,,,,,,,,,,,,,
168,1967,THREE-5,YAR,PIEFL,1,6,6,6,,,48,,,,,NE,HE14530,06/06/1967,06/06/1967,I,1,HE14521,23/05/1967,23/05/1967,I,1,14/06/1967,HE14619,HE14620,HE14621,HE14622,HE14623,HE14624,,,,,,,,,,,,,,,,,,,,,,,,,,,
169,1967,,YAR,MARTI,1,10,9,9,,,15,,,,,NE,,,,,,,,,,,,,,,,,,,,,,,,,,,,,,,,,,,,,,,,,,,,
170,1967,,YAR,BLUTI,1,11,,9,,,23,,,,,NE,,,,,,,,,,,,,,,,,,,,,,,,,,,,,,,,,,,,,,,,,,,,
171,1967,,YAR,BLUTI,1,7,7,0,,,27,,,,,JD,,,,,,,,,,,,,,,,,,,,,,,,,,,,,,,,,,,,,,,,,,,,
172,1968,1,HKN,BLUTI,1,,0,0,,,,,3,,,ED,,,,,,,,,,,,,,,,,,,,,,,,,,,,,,,,,,,,,,,,,,,,
173,1968,2,HKN,BLUTI,1,11,8,8,,,39,,,,,NE,,,,,,,,,,,,,,,,,,,,,,,,,,,,,,,,,,,,,,,,,,,,
174,1968,3,HKN,BLUTI,1,9,9,8,,,,,,,,NE,,,,,,,,,,,,,,,,,,,,,,,,,,,,,,,,,,,,,,,,,,,,
175,1968,6,HKN,BLUTI,1,12,,9,,,39,,,,,NE,,,,,,,,,,,,,,,,,,,,,,,,,,,,,,,,,,,,,,,,,,,,
176,1968,7,HKN,BLUTI,1,8,8,8,,,30,,,,,NE,,,,,,,,,,,,,,,,,,,,,,,,,,,,,,,,,,,,,,,,,,,,
177,1968,10,HKN,BLUTI,1,,,9,,,47,,,,,NE,,,,,,,,,,,,,,,,,,,,,,,,,,,,,,,,,,,,,,,,,,,,
178,1968,12,HKN,BLUTI,1,10,9,9,,,39,,,,,NE,,,,,,,,,,,,,,,,,,,,,,,,,,,,,,,,,,,,,,,,,,,,
179,1968,13,HKN,PIEFL,1,7,7,7,,,42,,,,,NE,HE14659,04/06/1968,04/06/1968,I,1,HE14648,21/05/1968,21/05/1968,I,1,12/06/1968,HE14692,HE14693,HE14694,HE14695,HE14696,HE14697,HE14698,,,,,,,,,,,,,,,,,,,,,,,,,,
180,1968,14,HKN,BLUTI,1,7,7,7,,,41,,,,,NE,,,,,,,,,,,,,,,,,,,,,,,,,,,,,,,,,,,,,,,,,,,,
181,1968,15,HKN,BLUTI,1,7,,0,,,31,,,,,XU,,,,,,,,,,,,,,,,,,,,,,,,,,,,,,,,,,,,,,,,,,,,
182,1968,17,HKN,BLUTI,1,,,9,,,41,,,,,NE,,,,,,,,,,,,,,,,,,,,,,,,,,,,,,,,,,,,,,,,,,,,
183,1968,9,YAR,PIEFL,1,,,,,,,,,,,NE,K99781,,08/06/1960,S,8,HC10320,01/06/1967,18/05/1966,S,3,09/06/1968,HE14669,HE14670,HE14671,HE14672,HE14673,,,,,,,,,,,,,,,,,,,,,,,,,,,,
184,1968,21,YAR,PIEFL,1,,,,,,,,,,,OU,HE14527,01/06/1968,04/06/1967,S,2,HE14644,01/06/1968,01/06/1968,I,1,,,,,,,,,,,,,,,,,,,,,,,,,,,,,,,,,,
185,1968,22,YAR,COATI,1,,,0,,,,,,,,XP,,,,,,,,,,,,,,,,,,,,,,,,,,,,,,,,,,,,,,,,,,,,
186,1968,32,YAR,WREN,1,,,7,,,,,,,,ne,,,,,,,,,,,,,,,,,,,,,,,,,,,,,,,,,,,,,,,,,,,,
187,1968,42,YAR,PIEFL,1,,,,,,,,,,,OU,K99781,01/06/1968,08/06/1960,S,8,HC10449,01/06/1968,02/07/1966,I,2,,,,,,,,,,,,,,,,,,,,,,,,,,,,,,,,,,
188,1968,43,YAR,PIEFL,2,,,,,,,,,,,OU,HC10448,01/06/1968,15/06/1966,S,2,HE14640,18/05/1968,18/05/1968,I,1,,,,,,,,,,,,,,,,,,,,,,,,,,,,,,,,,,
189,1968,FOUR-01,YAR,BLUTI,1,7,0,0,,,32,,,,,ED,,,,,,,,,,,,,,,,,,,,,,,,,,,,,,,,,,,,,,,,,,,,
190,1968,FOUR-03,YAR,PIEFL,1,6,6,6,,,41,,,,,NE,HE14654,28/05/1968,28/05/1968,I,1,HC10467,01/06/1968,15/06/1966,S,2,,,,,,,,,,,,,,,,,,,,,,,,,,,,,,,,,,
191,1968,FOUR-06,YAR,REDST,1,6,0,0,,,39,,,,,ED,,,,,,HE14642,18/05/1968,18/05/1968,I,1,,,,,,,,,,,,,,,,,,,,,,,,,,,,,,,,,,
192,1968,FOUR-07,YAR,BLUTI,1,8,8,8,,,,,,,,NE,,,,,,,,,,,,,,,,,,,,,,,,,,,,,,,,,,,,,,,,,,,,
193,1968,FOUR-08,YAR,PIEFL,1,7,7,7,,,44,,,,,NE,AH03607,08/06/1968,17/06/1963,S,5,HE14519,15/05/1968,20/05/1967,S,2,,,,,,,,,,,,,,,,,,,,,,,,,,,,,,,,,,
194,1968,FOUR-10,YAR,BLUTI,1,13,,11,,,26,,,,,NE,,,,,,,,,,,,,,,,,,,,,,,,,,,,,,,,,,,,,,,,,,,,
195,1968,FOUR-11,YAR,PIEFL,1,5,2,2,,,61,,,3,,NE,HC10439,21/06/1968,09/06/1966,S,2,HE14588,21/06/1968,12/06/1967,R,1,,,,,,,,,,,,,,,,,,,,,,,,,,,,,,,,,,
196,1968,FOUR-12,YAR,BLUTI,1,10,10,10,,,27,,,,,NE,,,,,,,,,,,,,,,,,,,,,,,,,,,,,,,,,,,,,,,,,,,,
197,1968,FOUR-16,YAR,PIEFL,1,7,7,7,,,48,,,,,NE,HE14660,08/06/1968,08/06/1968,I,1,HE14520,08/06/1968,20/05/1967,S,2,,,,,,,,,,,,,,,,,,,,,,,,,,,,,,,,,,
198,1968,FOUR-17,YAR,BLUTI,1,12,,11,,,27,,,,,NE,,,,,,,,,,,,,,,,,,,,,,,,,,,,,,,,,,,,,,,,,,,,
199,1968,FOUR-18,YAR,PIEFL,1,6,5,,,,48,,,,,OU,,,,,,HE14651,24/05/1968,24/05/1968,I,1,,,,,,,,,,,,,,,,,,,,,,,,,,,,,,,,,,
200,1968,FOUR-19,YAR,PIEFL,1,6,6,5,,,41,,,,,NE,HC10439,21/06/1968,09/06/1966,S,2,HE14641,18/05/1968,18/05/1968,I,1,,,,,,,,,,,,,,,,,,,,,,,,,,,,,,,,,,
201,1968,FOUR-21,YAR,PIEFL,1,6,6,6,,,49,,,,,NE,HC10431,08/06/1968,08/06/1966,S,3,HE14650,24/05/1968,24/05/1968,I,1,,,,,,,,,,,,,,,,,,,,,,,,,,,,,,,,,,
202,1968,FOUR-23,YAR,PIEFL,1,6,5,4,,,48,,,,,NE,HE14661,08/06/1968,08/06/1968,I,1,HC10442,08/06/1968,15/06/1966,S,2,16/06/1968,HJ88150,HJ88151,HJ88152,HJ88153,,,,,,,,,,,,,,,,,,,,,,,,,,,,,
203,1968,FOUR-26,YAR,PIEFL,1,7,,1,,,37,,,,,NE,AH03654,08/06/1968,12/06/1965,S,3,HE14554,08/06/1968,31/05/1967,S,2,18/06/1968,HJ88154,HJ88155,HJ88156,HJ88157,HJ88158,HJ88159,HJ88160,,,,,,,,,,,,,,,,,,,,,,,,,,
204,1968,FOUR-28,YAR,PIEFL,1,,,,,,,,,,,OU,HC10431,08/06/1968,08/06/1966,S,3,HC10446,01/06/1968,15/06/1966,S,2,,,,,,,,,,,,,,,,,,,,,,,,,,,,,,,,,,
205,1968,FOUR-30,YAR,BLUTI,1,10,9,2,,,24,,,,,NE,,,,,,,,,,,,,,,,,,,,,,,,,,,,,,,,,,,,,,,,,,,,
206,1968,FOUR-31,YAR,PIEFL,1,7,,4,,,45,,,,,NE,HE14564,08/06/1968,12/06/1967,R,1,HE14647,19/05/1968,19/05/1968,I,1,15/06/1968,HJ88121,HJ88122,HJ88123,HJ88124,,,,,,,,,,,,,,,,,,,,,,,,,,,,,
207,1968,FOUR-32,YAR,PIEFL,1,6,6,6,,,47,,,,,NE,HE14528,08/06/1968,04/06/1967,S,2,HC10456,08/06/1968,15/06/1966,R,2,,,,,,,,,,,,,,,,,,,,,,,,,,,,,,,,,,
208,1968,FOUR-33,YAR,BLUTI,1,,,6,,,,,,,,NE,,,,,,,,,,,,,,,,,,,,,,,,,,,,,,,,,,,,,,,,,,,,
209,1968,FOUR-34,YAR,BLUTI,1,8,,5,,,27,,,,,NE,,,,,,,,,,,,,,,,,,,,,,,,,,,,,,,,,,,,,,,,,,,,
210,1968,FOUR-36,YAR,BLUTI,1,9,,0,,,22,,,,,JD,,,,,,,,,,,,,,,,,,,,,,,,,,,,,,,,,,,,,,,,,,,,
211,1968,FOUR-38,YAR,PIEFL,1,6,0,0,,,47,,,,,EP,,,,,,,,,,,,,,,,,,,,,,,,,,,,,,,,,,,,,,,,,,,,
212,1968,FOUR-40,YAR,BLUTI,1,11,,3,,,26,,,,,NE,,,,,,,,,,,,,,,,,,,,,,,,,,,,,,,,,,,,,,,,,,,,
213,1968,FOUR-41,YAR,PIEFL,1,5,5,5,,,60,,,,,NE,HE14699,15/06/1968,15/06/1968,I,1,,,,,,,,,,,,,,,,,,,,,,,,,,,,,,,,,,,,,,,
214,1968,FOUR-42,YAR,REDST,1,6,6,6,,,40,,,0,,NE,,,,,,HE14646,19/05/1968,19/05/1968,I,1,,,,,,,,,,,,,,,,,,,,,,,,,,,,,,,,,,
215,1968,FOUR-43,YAR,PIEFL,2,4,4,4,,,,,,,,NE,,,,,,HE14645,18/05/1968,18/05/1968,I,1,,,,,,,,,,,,,,,,,,,,,,,,,,,,,,,,,,
216,1968,FOUR-44,YAR,BLUTI,1,10,,0,,,31,,,,,JP,,,,,,,,,,,,,,,,,,,,,,,,,,,,,,,,,,,,,,,,,,,,
217,1968,FOUR-45,YAR,PIEFL,1,7,0,0,,,44,,,,,EP,HE14700,23/06/1968,23/06/1968,I,1,HE14645,18/05/1968,18/05/1968,I,1,,,,,,,,,,,,,,,,,,,,,,,,,,,,,,,,,,
218,1968,FOUR-49,YAR,BLUTI,1,8,8,2,,,25,,,,,NE,,,,,,,,,,,,,,,,,,,,,,,,,,,,,,,,,,,,,,,,,,,,
219,1968,FOUR-50,YAR,PIEFL,1,5,0,0,,,48,,,,,EP,,,,,,HE14649,21/05/1968,21/05/1968,I,1,,,,,,,,,,,,,,,,,,,,,,,,,,,,,,,,,,
220,1968,FOUR-51,YAR,BLUTI,1,10,0,0,,,29,,,,,EU,,,,,,,,,,,,,,,,,,,,,,,,,,,,,,,,,,,,,,,,,,,,
221,1968,FOUR-51,YAR,PIEFL,2,5,5,5,,,62,,,,,NE,HE14601,21/06/1968,12/06/1967,R,1,HE14649,,21/05/1968,S,1,,,,,,,,,,,,,,,,,,,,,,,,,,,,,,,,,,
222,1968,THREE-05,YAR,PIEFL,1,,,,,,,,,,,NE,HE14684,12/06/1968,12/06/1968,I,1,HE14656,28/05/1968,28/05/1968,I,1,23/06/1968,HJ88187,HJ88188,HJ88189,HJ88190,HJ88191,HJ88192,,,,,,,,,,,,,,,,,,,,,,,,,,,
223,1968,THREE-11,YAR,PIEFL,1,,,,,,,,,,,OU,HE14608,01/06/1968,13/06/1967,S,2,,,,,,,,,,,,,,,,,,,,,,,,,,,,,,,,,,,,,,,
224,1968,TWO-02,YAR,BLUTI,1,12,12,0,,,26,,,,,JD,,,,,,,,,,,,,,,,,,,,,,,,,,,,,,,,,,,,,,,,,,,,
225,1968,TWO-03,YAR,BLUTI,1,11,11,11,,,28,,,,,NE,,,,,,,,,,,,,,,,,,,,,,,,,,,,,,,,,,,,,,,,,,,,
226,1968,TWO-05,YAR,BLUTI,1,10,,8,,,29,,,,,NE,,,,,,,,,,,,,,,,,,,,,,,,,,,,,,,,,,,,,,,,,,,,
227,1968,TWO-06,YAR,BLUTI,1,10,9,8,,,,,,,,NE,,,,,,,,,,,,,,,,,,,,,,,,,,,,,,,,,,,,,,,,,,,,
228,1968,TWO-07,YAR,BLUTI,1,,,6,,,42,,7,,,NE,,,,,,,,,,,,,,,,,,,,,,,,,,,,,,,,,,,,,,,,,,,,
229,1968,TWO-08,YAR,BLUTI,1,9,,8,,,26,,,,,NE,,,,,,,,,,,,,,,,,,,,,,,,,,,,,,,,,,,,,,,,,,,,
230,1968,TWO-09,YAR,PIEFL,1,,0,0,,,52,,4,,,ED,,,,,,,,,,,,,,,,,,,,,,,,,,,,,,,,,,,,,,,,,,,,
231,1968,TWO-11,YAR,BLUTI,1,11,,4,,,33,,,,,NE,,,,,,,,,,,,,,,,,,,,,,,,,,,,,,,,,,,,,,,,,,,,
232,1968,TWO-13,YAR,BLUTI,1,12,,3,,,28,,,,,NE,,,,,,,,,,,,,,,,,,,,,,,,,,,,,,,,,,,,,,,,,,,,
233,1968,TWO-15,YAR,BLUTI,1,8,8,8,,,26,,,,,NE,,,,,,,,,,,,,,,,,,,,,,,,,,,,,,,,,,,,,,,,,,,,
234,1968,TWO-16,YAR,BLUTI,1,9,0,0,,,28,,,,,ED,,,,,,,,,,,,,,,,,,,,,,,,,,,,,,,,,,,,,,,,,,,,
235,1968,TWO-18,YAR,PIEFL,1,6,6,6,,,48,64,,,,NE,HE14662,08/06/1968,08/06/1968,I,1,HE14652,24/05/1968,24/05/1968,I,1,,,,,,,,,,,,,,,,,,,,,,,,,,,,,,,,,,
236,1968,TWO-20,YAR,BLUTI,1,9,9,7,,,29,,,,,NE,,,,,,,,,,,,,,,,,,,,,,,,,,,,,,,,,,,,,,,,,,,,
237,1968,TWO-21,YAR,PIEFL,1,6,6,6,,,51,,,,,NE,HE14674,10/06/1968,10/06/1968,I,1,HE14561,21/06/1968,12/06/1967,R,1,,,,,,,,,,,,,,,,,,,,,,,,,,,,,,,,,,
238,1968,TWO-25,YAR,BLUTI,1,11,,7,,,28,,,,,NE,,,,,,,,,,,,,,,,,,,,,,,,,,,,,,,,,,,,,,,,,,,,
239,1968,TWO-26,YAR,PIEFL,1,7,7,7,,,51,,,,,NE,HE14675,10/06/1968,10/06/1968,I,1,HE14611,13/06/1968,13/06/1967,R,1,,,,,,,,,,,,,,,,,,,,,,,,,,,,,,,,,,
240,1968,TWO-28,YAR,BLUTI,1,11,,7,,,28,,,,,NE,,,,,,,,,,,,,,,,,,,,,,,,,,,,,,,,,,,,,,,,,,,,
241,1968,TWO-30,YAR,PIEFL,1,,0,0,,,,,4,,,ED,,,,,,,,,,,,,,,,,,,,,,,,,,,,,,,,,,,,,,,,,,,,
242,1968,TWO-31,YAR,BLUTI,1,11,11,7,,,,,,,,NE,,,,,,,,,,,,,,,,,,,,,,,,,,,,,,,,,,,,,,,,,,,,
243,1968,TWO-34,YAR,BLUTI,1,10,10,10,,,27,,,,,NE,,,,,,,,,,,,,,,,,,,,,,,,,,,,,,,,,,,,,,,,,,,,
244,1968,TWO-36,YAR,BLUTI,1,7,7,0,,,,,,,,JD,,,,,,,,,,,,,,,,,,,,,,,,,,,,,,,,,,,,,,,,,,,,
245,1968,TWO-37,YAR,PIEFL,1,5,5,5,,,,,,,,NE,HE14560,01/06/1968,10/06/1967,R,1,HE14616,21/06/1968,13/06/1967,R,1,,,,,,,,,,,,,,,,,,,,,,,,,,,,,,,,,,
246,1968,TWO-39,YAR,PIEFL,1,6,,5,,,50,,,,,NE,HE14593,21/06/1968,12/06/1967,R,1,HE14653,28/05/1968,28/05/1968,I,1,18/06/1968,HJ88173,HJ88174,HJ88175,HJ88176,HJ88177,,,,,,,,,,,,,,,,,,,,,,,,,,,,
247,1968,TWO-41,YAR,BLUTI,1,10,7,7,,,28,,,,,NE,,,,,,,,,,,,,,,,,,,,,,,,,,,,,,,,,,,,,,,,,,,,
248,1968,,YAR,MARTI,1,9,8,0,,,16,,,,,JD,,,,,,,,,,,,,,,,,,,,,,,,,,,,,,,,,,,,,,,,,,,,
249,1969,16,HKN,PIEFL,1,,,,,,,,,,,OU,,,,,,HE14597,01/06/1969,12/06/1967,R,2,,,,,,,,,,,,,,,,,,,,,,,,,,,,,,,,,,
250,1969,9,YAR,PIEFL,1,,,,,,,,,,,OU,HJ88271,,11/06/1969,I,1,HC10320,01/06/1969,18/05/1966,S,4,,,,,,,,,,,,,,,,,,,,,,,,,,,,,,,,,,
251,1969,19,YAR,PIEFL,1,,,,,,,,,,,OU,HE14528,18/06/1969,04/06/1967,S,3,HE14669,01/06/1969,09/06/1968,R,1,,,,,,,,,,,,,,,,,,,,,,,,,,,,,,,,,,
252,1969,24,YAR,PIEFL,1,,,,,,,,,,,OU,HE14528,,04/06/1967,S,3,HE14650,01/06/1969,24/05/1968,S,2,,,,,,,,,,,,,,,,,,,,,,,,,,,,,,,,,,
253,1969,35,YAR,PIEFL,1,,,,,,,,,,,OU,HE14608,01/06/1969,13/06/1967,S,3,HE14693,01/06/1969,12/06/1968,I,1,,,,,,,,,,,,,,,,,,,,,,,,,,,,,,,,,,
254,1969,48,YAR,PIEFL,1,,,,,,,,,,,OU,HJ88271,11/06/1969,11/06/1969,I,1,HJ88222,30/05/1969,30/05/1969,I,1,,,,,,,,,,,,,,,,,,,,,,,,,,,,,,,,,,
255,1969,FOUR-01,YAR,PIEFL,1,,0,0,,,43,,4,,,ED,,,,,,,,,,,,,,,,,,,,,,,,,,,,,,,,,,,,,,,,,,,,
256,1969,FOUR-03,YAR,PIEFL,1,7,7,7,,,42,,,,,NE,HE14654,,28/05/1968,S,2,HE14519,14/05/1969,20/05/1967,S,3,,,,,,,,,,,,,,,,,,,,,,,,,,,,,,,,,,
257,1969,FOUR-05,YAR,COATI,2,9,9,9,,,60,,,,,NE,,,,,,,,,,,,,,,,,,,,,,,,,,,,,,,,,,,,,,,,,,,,
258,1969,FOUR-07,YAR,BLUTI,1,,0,0,,,33,,8,,,ED,,,,,,,,,,,,,,,,,,,,,,,,,,,,,,,,,,,,,,,,,,,,
259,1969,FOUR-10,YAR,BLUTI,1,13,13,13,,,27,,,,,ne,,,,,,,,,,,,,,,,,,,,,,,,,,,,,,,,,,,,,,,,,,,,
260,1969,FOUR-18,YAR,PIEFL,1,7,7,7,,,42,,,,,NE,HE14564,10/06/1969,12/06/1967,S,2,HE14653,21/05/1969,28/05/1968,S,2,,,,,,,,,,,,,,,,,,,,,,,,,,,,,,,,,,
261,1969,FOUR-22,YAR,BLUTI,1,14,0,0,,,27,,,,,ED,,,,,,,,,,,,,,,,,,,,,,,,,,,,,,,,,,,,,,,,,,,,
262,1969,FOUR-23,YAR,PIEFL,1,7,7,7,,,42,,,,,NE,HJ88223,02/06/1969,02/06/1969,I,1,HE14644,18/05/1969,01/06/1968,S,2,,,,,,,,,,,,,,,,,,,,,,,,,,,,,,,,,,
263,1969,FOUR-26,YAR,PIEFL,1,6,6,6,,,46,,,,,NE,HJ88223,,02/06/1969,I,1,HC10444,11/06/1969,15/06/1966,S,3,,,,,,,,,,,,,,,,,,,,,,,,,,,,,,,,,,
264,1969,FOUR-28,YAR,BLUTI,1,9,1,1,,,33,,,,,NE,,,,,,,,,,,,,,,,,,,,,,,,,,,,,,,,,,,,,,,,,,,,
265,1969,FOUR-31,YAR,PIEFL,1,6,5,5,,,,58,,1,,NE,HE14699,01/06/1969,15/06/1968,S,2,HC10446,21/05/1969,15/06/1966,S,3,,,,,,,,,,,,,,,,,,,,,,,,,,,,,,,,,,
266,1969,FOUR-33,YAR,BLUTI,1,12,,11,,,27,,,,,NE,,,,,,,,,,,,,,,,,,,,,,,,,,,,,,,,,,,,,,,,,,,,
267,1969,FOUR-38,YAR,PIEFL,1,6,6,6,,,44,63,,,,NE,HE14699,,15/06/1968,S,2,HJ88221,30/05/1969,30/05/1969,I,1,,,,,,,,,,,,,,,,,,,,,,,,,,,,,,,,,,
268,1969,FOUR-41,YAR,BLUTI,1,9,9,4,,,27,,,,,NE,,,,,,,,,,,,,,,,,,,,,,,,,,,,,,,,,,,,,,,,,,,,
269,1969,FOUR-42,YAR,BLUTI,1,10,9,9,,,35,,,,,NE,,,,,,,,,,,,,,,,,,,,,,,,,,,,,,,,,,,,,,,,,,,,
270,1969,FOUR-43,YAR,PIEFL,1,7,0,0,,,45,,,,,EU,,,,,,HJ88219,21/05/1969,21/05/1969,I,1,,,,,,,,,,,,,,,,,,,,,,,,,,,,,,,,,,
271,1969,FOUR-46,YAR,PIEFL,1,7,7,7,,,44,,,,,NE,HE14528,10/06/1969,04/06/1967,S,3,HE14649,21/05/1969,21/05/1968,S,2,,,,,,,,,,,,,,,,,,,,,,,,,,,,,,,,,,
272,1969,FOUR-49,YAR,BLUTI,1,9,9,3,,,36,,,,,NE,,,,,,,,,,,,,,,,,,,,,,,,,,,,,,,,,,,,,,,,,,,,
273,1969,FOUR-50,YAR,COATI,2,9,9,8,,,63,,,,,NE,,,,,,,,,,,,,,,,,,,,,,,,,,,,,,,,,,,,,,,,,,,,
274,1969,FOUR-51,YAR,PIEFL,1,6,6,6,,,57,,,,,NE,HE14528,,04/06/1967,S,3,HJ88187,05/06/1969,23/06/1968,R,1,,,,,,,,,,,,,,,,,,,,,,,,,,,,,,,,,,
275,1969,TWO-02,YAR,BLUTI,1,10,7,7,,,32,,,,,NE,,,,,,,,,,,,,,,,,,,,,,,,,,,,,,,,,,,,,,,,,,,,
276,1969,TWO-03,YAR,BLUTI,1,13,13,13,,,30,,,,,NE,,,,,,,,,,,,,,,,,,,,,,,,,,,,,,,,,,,,,,,,,,,,
277,1969,TWO-08,YAR,BLUTI,1,10,10,10,,,38,,,,,NE,,,,,,,,,,,,,,,,,,,,,,,,,,,,,,,,,,,,,,,,,,,,
278,1969,TWO-09,YAR,MARTI,1,9,9,8,,,,,,,,NE,,,,,,,,,,,,,,,,,,,,,,,,,,,,,,,,,,,,,,,,,,,,
279,1969,TWO-11,YAR,PIEFL,1,6,6,6,,,57,,,,,NE,HJ88272,14/06/1969,14/06/1969,I,1,HJ88123,19/06/1969,15/06/1968,R,1,,,,,,,,,,,,,,,,,,,,,,,,,,,,,,,,,,
280,1969,TWO-14,YAR,PIEFL,1,7,,6,,,53,,,,,NE,HC10439,19/06/1969,09/06/1966,S,3,HJ88220,30/05/1969,30/05/1969,I,1,,,,,,,,,,,,,,,,,,,,,,,,,,,,,,,,,,
281,1969,TWO-17,YAR,PIEFL,1,6,6,6,,,55,,,,,NE,HC10439,,09/06/1966,S,3,HJ88151,21/06/1969,16/06/1968,R,1,,,,,,,,,,,,,,,,,,,,,,,,,,,,,,,,,,
282,1969,TWO-18,YAR,BLUTI,1,8,8,8,,,29,,,,,NE,,,,,,,,,,,,,,,,,,,,,,,,,,,,,,,,,,,,,,,,,,,,
283,1969,TWO-20,YAR,PIEFL,1,7,7,7,,,41,,,,,NE,HE14674,11/06/1969,10/06/1968,S,2,HE14656,11/06/1969,28/05/1968,S,2,,,,,,,,,,,,,,,,,,,,,,,,,,,,,,,,,,
284,1969,TWO-23,YAR,PIEFL,1,5,5,5,,,,,,,,NE,HE14674,,10/06/1968,S,2,,,,,,,,,,,,,,,,,,,,,,,,,,,,,,,,,,,,,,,
285,1969,TWO-24,YAR,BLUTI,1,11,11,11,,,27,,,,,NE,,,,,,,,,,,,,,,,,,,,,,,,,,,,,,,,,,,,,,,,,,,,
286,1969,TWO-25,YAR,BLUTI,1,9,6,6,,,27,,,,,NE,,,,,,,,,,,,,,,,,,,,,,,,,,,,,,,,,,,,,,,,,,,,
287,1969,TWO-26,YAR,PIEFL,1,7,6,6,,,45,,,1,,NE,HE14674,,10/06/1968,S,2,HJ88160,10/06/1969,18/06/1968,R,1,,,,,,,,,,,,,,,,,,,,,,,,,,,,,,,,,,
288,1969,TWO-27,YAR,BLUTI,1,12,11,11,,,27,,,,,NE,,,,,,,,,,,,,,,,,,,,,,,,,,,,,,,,,,,,,,,,,,,,
289,1969,TWO-29,YAR,BLUTI,1,9,9,9,,,37,,,,,NE,,,,,,,,,,,,,,,,,,,,,,,,,,,,,,,,,,,,,,,,,,,,
290,1969,TWO-31,YAR,BLUTI,1,12,12,12,,,28,,,,,NE,,,,,,,,,,,,,,,,,,,,,,,,,,,,,,,,,,,,,,,,,,,,
291,1969,TWO-34,YAR,BLUTI,1,9,8,5,,,28,,,,,NE,,,,,,,,,,,,,,,,,,,,,,,,,,,,,,,,,,,,,,,,,,,,
292,1969,TWO-36,YAR,BLUTI,1,11,,10,,,30,,,,,NE,,,,,,,,,,,,,,,,,,,,,,,,,,,,,,,,,,,,,,,,,,,,
293,1969,TWO-38,YAR,PIEFL,1,7,7,7,,,53,72,,,,NE,HE14557,21/06/1969,10/06/1967,R,2,HC10449,21/06/1969,02/07/1966,S,3,,,,,,,,,,,,,,,,,,,,,,,,,,,,,,,,,,
294,1969,TWO-41,YAR,BLUTI,1,12,,8,,,26,,,,,NE,,,,,,,,,,,,,,,,,,,,,,,,,,,,,,,,,,,,,,,,,,,,
295,1970,FOUR-03,YAR,REDST,1,7,0,0,,,38,,,,,ED,,,,,,,,,,,,,,,,,,,,,,,,,,,,,,,,,,,,,,,,,,,,
296,1970,FOUR-10,YAR,PIEFL,1,6,6,,,,43,,,,,OU,,,,,,,,,,,,,,,,,,,,,,,,,,,,,,,,,,,,,,,,,,,,
297,1970,FOUR-11,YAR,COATI,2,8,,7,,,65,,,,,NE,,,,,,,,,,,,,,,,,,,,,,,,,,,,,,,,,,,,,,,,,,,,
298,1970,FOUR-12,YAR,COATI,1,9,9,9,,,17,,,,,NE,,,,,,,,,,,,,,,,,,,,,,,,,,,,,,,,,,,,,,,,,,,,
299,1970,FOUR-13,YAR,BLUTI,1,11,11,10,,,38,,,,,NE,,,,,,,,,,,,,,,,,,,,,,,,,,,,,,,,,,,,,,,,,,,,
300,1970,FOUR-15,YAR,REDST,1,7,7,7,,,41,,,0,,NE,,,,,,,,,,,15/06/1970,HV28611,,,,,,,,,,,,,,,,,,,,,,,,,,,,,,,,
301,1970,FOUR-18,YAR,PIEFL,1,7,7,6,,,45,64,,,,NE,,,,,,,,,,,,,,,,,,,,,,,,,,,,,,,,,,,,,,,,,,,,
302,1970,FOUR-23,YAR,PIEFL,1,6,6,6,,,47,,,,,NE,,,,,,,,,,,,,,,,,,,,,,,,,,,,,,,,,,,,,,,,,,,,
303,1970,FOUR-24,YAR,BLUTI,1,11,11,11,,,36,,,,,NE,,,,,,,,,,,,,,,,,,,,,,,,,,,,,,,,,,,,,,,,,,,,
304,1970,FOUR-27,YAR,REDST,1,,0,0,,,58,,5,,,ED,,,,,,,,,,,,,,,,,,,,,,,,,,,,,,,,,,,,,,,,,,,,
305,1970,FOUR-35,YAR,BLUTI,1,12,0,0,,,29,,,,,ED,,,,,,,,,,,,,,,,,,,,,,,,,,,,,,,,,,,,,,,,,,,,
306,1970,FOUR-39,YAR,BLUTI,1,9,9,9,,,56,,,,,NE,,,,,,,,,,,,,,,,,,,,,,,,,,,,,,,,,,,,,,,,,,,,
307,1970,FOUR-45,YAR,BLUTI,1,10,10,9,,,31,,,,,NE,,,,,,,,,,,,,,,,,,,,,,,,,,,,,,,,,,,,,,,,,,,,
308,1970,FOUR-46,YAR,PIEFL,1,6,6,6,,,43,,,,,NE,,,,,,,,,,,,,,,,,,,,,,,,,,,,,,,,,,,,,,,,,,,,
309,1970,FOUR-49,YAR,NUTHA,1,7,6,2,,,38,,,,,NE,,,,,,,,,,,,,,,,,,,,,,,,,,,,,,,,,,,,,,,,,,,,
310,1970,FOUR-52,YAR,MARTI,2,6,4,4,,,45,,,,,NE,,,,,,HE14515,,13/05/1967,I,1,,,,,,,,,,,,,,,,,,,,,,,,,,,,,,,,,,
311,1970,FOUR-53,YAR,MARTI,1,,0,0,,,32,,7,,,EU,,,,,,,,,,,,,,,,,,,,,,,,,,,,,,,,,,,,,,,,,,,,
312,1970,natural,YAR,REDST,1,6,0,0,,,41,,,,,EP,,,,,,,,,,,,,,,,,,,,,,,,,,,,,,,,,,,,,,,,,,,,
313,1970,natural,YAR,REDST,1,6,6,4,,,41,,,,,NE,,,,,,,,,,,,,,,,,,,,,,,,,,,,,,,,,,,,,,,,,,,,
314,1970,natural,YAR,REDST,1,7,7,7,,,68,,,,,NE,,,,,,,,,,,,,,,,,,,,,,,,,,,,,,,,,,,,,,,,,,,,
315,1970,TWO-06,YAR,BLUTI,1,10,5,5,,,34,,,,,NE,,,,,,,,,,,,,,,,,,,,,,,,,,,,,,,,,,,,,,,,,,,,
316,1970,TWO-09,YAR,BLUTI,1,11,11,11,,,36,,,,,NE,,,,,,,,,,,,,,,,,,,,,,,,,,,,,,,,,,,,,,,,,,,,
317,1970,TWO-12,YAR,BLUTI,1,8,8,6,,,30,,,,,NE,,,,,,,,,,,,,,,,,,,,,,,,,,,,,,,,,,,,,,,,,,,,
318,1970,TWO-13,YAR,PIEFL,1,8,7,0,,,44,64,,1,,JD,,,,,,,,,,,,,,,,,,,,,,,,,,,,,,,,,,,,,,,,,,,,
319,1970,TWO-20,YAR,BLUTI,1,10,10,10,,,38,,,,,NE,,,,,,,,,,,,,,,,,,,,,,,,,,,,,,,,,,,,,,,,,,,,
320,1970,TWO-21,YAR,PIEFL,1,6,6,6,,,51,,,,,NE,,,,,,,,,,,,,,,,,,,,,,,,,,,,,,,,,,,,,,,,,,,,
321,1970,TWO-22,YAR,BLUTI,1,10,,9,,,30,,,,,NE,,,,,,,,,,,,,,,,,,,,,,,,,,,,,,,,,,,,,,,,,,,,
322,1970,TWO-23,YAR,BLUTI,1,7,7,7,,,35,,,,,NE,,,,,,,,,,,,,,,,,,,,,,,,,,,,,,,,,,,,,,,,,,,,
323,1970,TWO-26,YAR,PIEFL,1,7,7,6,,,42,,,,,NE,,,,,,,,,,,,,,,,,,,,,,,,,,,,,,,,,,,,,,,,,,,,
324,1970,TWO-27,YAR,BLUTI,1,10,9,9,,,32,,,,,NE,,,,,,,,,,,,,,,,,,,,,,,,,,,,,,,,,,,,,,,,,,,,
325,1970,TWO-28,YAR,PIEFL,1,7,,1,,,54,63,,,,NE,,,,,,,,,,,,,,,,,,,,,,,,,,,,,,,,,,,,,,,,,,,,
326,1970,TWO-31,YAR,BLUTI,1,12,,8,,,36,,,,,NE,,,,,,,,,,,,,,,,,,,,,,,,,,,,,,,,,,,,,,,,,,,,
327,1970,TWO-34,YAR,BLUTI,1,6,,5,,,36,,,,,NE,,,,,,,,,,,,,,,,,,,,,,,,,,,,,,,,,,,,,,,,,,,,
328,1970,TWO-37,YAR,BLUTI,1,9,9,8,,,32,,,,,NE,,,,,,,,,,,,,,,,,,,,,,,,,,,,,,,,,,,,,,,,,,,,
329,1970,TWO-38,YAR,BLUTI,1,10,9,9,,,33,,,,,NE,,,,,,,,,,,,,,,,,,,,,,,,,,,,,,,,,,,,,,,,,,,,
330,1972,103,YAR,BLUTI,2,,,0,,,40,,,,,XD,,,,,,,,,,,,,,,,,,,,,,,,,,,,,,,,,,,,,,,,,,,,
331,1972,104,YAR,PIEFL,1,6,,,,,61,,,,,OU,,,,,,,,,,,,,,,,,,,,,,,,,,,,,,,,,,,,,,,,,,,,
332,1972,109,YAR,NUTHA,2,9,0,0,,,48,,,,,ED,,,,,,,,,,,,,,,,,,,,,,,,,,,,,,,,,,,,,,,,,,,,
333,1972,110,YAR,BLUTI,1,10,9,,,,,,,,,OU,,,,,,,,,,,,,,,,,,,,,,,,,,,,,,,,,,,,,,,,,,,,
334,1972,112,YAR,GRETI,1,8,,3,,,,,,,,NE,,,,,,,,,,,,,,,,,,,,,,,,,,,,,,,,,,,,,,,,,,,,
335,1972,118,YAR,PIEFL,1,6,,,,,,,,,,OU,,,,,,,,,,,,,,,,,,,,,,,,,,,,,,,,,,,,,,,,,,,,
336,1972,124,YAR,PIEFL,1,7,7,0,,,46,,,,,JD,,,,,,,,,,,,,,,,,,,,,,,,,,,,,,,,,,,,,,,,,,,,
337,1972,126,YAR,GRETI,1,8,0,0,,,42,,,,,ED,,,,,,,,,,,,,,,,,,,,,,,,,,,,,,,,,,,,,,,,,,,,
338,1972,130,YAR,BLUTI,1,11,11,0,,,23,,,,,JD,,,,,,,,,,,,,,,,,,,,,,,,,,,,,,,,,,,,,,,,,,,,
339,1972,209,YAR,BLUTI,1,13,,,,,,,,,,OU,,,,,,,,,,,,,,,,,,,,,,,,,,,,,,,,,,,,,,,,,,,,
340,1972,210,YAR,PIEFL,1,6,5,,,,,,,,,OU,,,,,,,,,,,,,,,,,,,,,,,,,,,,,,,,,,,,,,,,,,,,
341,1972,212,YAR,NUTHA,1,6,0,0,,,,,,,,ED,,,,,,,,,,,,,,,,,,,,,,,,,,,,,,,,,,,,,,,,,,,,
342,1972,213,YAR,NUTHA,2,,0,0,,,,,1,,,ED,,,,,,,,,,,,,,,,,,,,,,,,,,,,,,,,,,,,,,,,,,,,
343,1972,214,YAR,GRETI,1,8,8,8,,,,,,,,NE,,,,,,,,,,,,,,,,,,,,,,,,,,,,,,,,,,,,,,,,,,,,
344,1972,216,YAR,BLUTI,1,7,,,,,,,,,,OU,,,,,,,,,,,,,,,,,,,,,,,,,,,,,,,,,,,,,,,,,,,,
345,1972,222,YAR,REDST,1,6,6,,,,,,,0,,OU,,,,,,,,,,,,,,,,,,,,,,,,,,,,,,,,,,,,,,,,,,,,
346,1972,223,YAR,PIEFL,1,,0,0,,,,,,,,ED,,,,,,,,,,,,,,,,,,,,,,,,,,,,,,,,,,,,,,,,,,,,
347,1972,225,YAR,BLUTI,1,8,,,,,,,,,,OU,,,,,,,,,,,,,,,,,,,,,,,,,,,,,,,,,,,,,,,,,,,,
348,1972,226,YAR,COATI,1,10,10,,,,,,,,,OU,,,,,,,,,,,,,,,,,,,,,,,,,,,,,,,,,,,,,,,,,,,,
349,1972,229,YAR,PIEFL,1,7,,,,,,,,,,OU,,,,,,,,,,,,,,,,,,,,,,,,,,,,,,,,,,,,,,,,,,,,
350,1972,231,YAR,MARTI,1,8,6,6,,,,,,,,NE,,,,,,,,,,,,,,,,,,,,,,,,,,,,,,,,,,,,,,,,,,,,
351,1972,232,YAR,BLUTI,1,8,,0,,,,,,,,JD,,,,,,,,,,,,,,,,,,,,,,,,,,,,,,,,,,,,,,,,,,,,
352,1972,233,YAR,GRETI,1,8,,,,,,,,,,OU,,,,,,,,,,,,,,,,,,,,,,,,,,,,,,,,,,,,,,,,,,,,
353,1972,234,YAR,BLUTI,1,9,6,6,,,,,,,,NE,,,,,,,,,,,,,,,,,,,,,,,,,,,,,,,,,,,,,,,,,,,,
354,1972,235,YAR,GRETI,1,7,,,,,,,,,,OU,,,,,,,,,,,,,,,,,,,,,,,,,,,,,,,,,,,,,,,,,,,,
355,1972,236,YAR,GRETI,1,8,,,,,,,,,,OU,,,,,,,,,,,,,,,,,,,,,,,,,,,,,,,,,,,,,,,,,,,,
356,1972,237,YAR,COATI,1,10,,7,,,,,,,,NE,,,,,,,,,,,,,,,,,,,,,,,,,,,,,,,,,,,,,,,,,,,,
357,1972,238,YAR,PIEFL,1,6,,,,,62,,,,,OU,,,,,,,,,,,,,,,,,,,,,,,,,,,,,,,,,,,,,,,,,,,,
358,1972,239,YAR,BLUTI,1,10,0,0,,,,,,,,ED,,,,,,,,,,,,,,,,,,,,,,,,,,,,,,,,,,,,,,,,,,,,
359,1972,241,YAR,MARTI,1,9,,,,,,,,,,OU,,,,,,,,,,,,,,,,,,,,,,,,,,,,,,,,,,,,,,,,,,,,
360,1972,242,YAR,BLUTI,1,,,,,,,,?,,,OU,,,,,,,,,,,,,,,,,,,,,,,,,,,,,,,,,,,,,,,,,,,,
361,1972,244,YAR,BLUTI,1,,,,,,,,5,,,OU,,,,,,,,,,,,,,,,,,,,,,,,,,,,,,,,,,,,,,,,,,,,
362,1972,246,YAR,PIEFL,1,7,,,,,49,,,,,OU,,,,,,,,,,,,,,,,,,,,,,,,,,,,,,,,,,,,,,,,,,,,
363,1972,307,YAR,BLUTI,1,9,9,0,,,,,,,,JD,,,,,,,,,,,,,,,,,,,,,,,,,,,,,,,,,,,,,,,,,,,,
364,1972,310,YAR,BLUTI,1,12,0,0,,,,,,,,ED,,,,,,,,,,,,,,,,,,,,,,,,,,,,,,,,,,,,,,,,,,,,
365,1972,312,YAR,COATI,1,10,,0,,,,,,,,XD,,,,,,,,,,,,,,,,,,,,,,,,,,,,,,,,,,,,,,,,,,,,
366,1972,316,YAR,BLUTI,2,,,,,,,,2,,,OU,,,,,,,,,,,,,,,,,,,,,,,,,,,,,,,,,,,,,,,,,,,,
367,1972,319,YAR,PIEFL,1,7,,,,,44,,,,,OU,,,,,,,,,,,,,,,,,,,,,,,,,,,,,,,,,,,,,,,,,,,,
368,1972,327,YAR,REDST,1,6,,,,,51,,,,,OU,,,,,,,,,,,,,,,,,,,,,,,,,,,,,,,,,,,,,,,,,,,,
369,1972,328,YAR,BLUTI,2,,,,,,,,3,,,OU,,,,,,,,,,,,,,,,,,,,,,,,,,,,,,,,,,,,,,,,,,,,
370,1972,332,YAR,BLUTI,1,9,8,0,,,,,,,,JD,,,,,,,,,,,,,,,,,,,,,,,,,,,,,,,,,,,,,,,,,,,,
371,1972,333,YAR,BLUTI,2,,,,,,,,4,,,OU,,,,,,,,,,,,,,,,,,,,,,,,,,,,,,,,,,,,,,,,,,,,
372,1972,336,YAR,BLUTI,1,,0,0,,,,,2,,,ED,,,,,,,,,,,,,,,,,,,,,,,,,,,,,,,,,,,,,,,,,,,,
373,1972,337,YAR,BLUTI,1,10,,,,,,,,,,OU,,,,,,,,,,,,,,,,,,,,,,,,,,,,,,,,,,,,,,,,,,,,
374,1972,342,YAR,PIEFL,1,,,,,,,,2,,,OU,,,,,,,,,,,,,,,,,,,,,,,,,,,,,,,,,,,,,,,,,,,,
375,1972,344,YAR,PIEFL,1,5,,,,,57,,,,,OU,,,,,,,,,,,,,,,,,,,,,,,,,,,,,,,,,,,,,,,,,,,,
376,1972,348,YAR,PIEFL,1,6,,,,,53,,,,,OU,,,,,,,,,,,,,,,,,,,,,,,,,,,,,,,,,,,,,,,,,,,,
377,1972,350,YAR,PIEFL,1,6,,,,,49,,,,,OU,,,,,,,,,,,,,,,,,,,,,,,,,,,,,,,,,,,,,,,,,,,,
378,1972,351,YAR,BLUTI,1,10,,,,,,,,,,OU,,,,,,,,,,,,,,,,,,,,,,,,,,,,,,,,,,,,,,,,,,,,
379,1973,1,BVW,BLUTI,1,11,,8,,,21,,,,,NE,,,,,,,,,,,,,,,,,,,,,,,,,,,,,,,,,,,,,,,,,,,,
380,1973,8,BVW,MARTI,1,9,,8,,,22,,,,,NE,,,,,,,,,,,,,,,,,,,,,,,,,,,,,,,,,,,,,,,,,,,,
381,1973,15,BVW,BLUTI,1,9,,7,,,30,,,1,,NE,,,,,,,,,,,,,,,,,,,,,,,,,,,,,,,,,,,,,,,,,,,,
382,1973,19,BVW,BLUTI,1,9,,8,,,37,,,,,NE,,,,,,,,,,,,,,,,,,,,,,,,,,,,,,,,,,,,,,,,,,,,
383,1973,20,BVW,BLUTI,1,,,9,,,36,,,,,NE,,,,,,,,,,,,,,,,,,,,,,,,,,,,,,,,,,,,,,,,,,,,
384,1973,26,BVW,BLUTI,1,9,,8,,,24,,,,,NE,,,,,,,,,,,,,,,,,,,,,,,,,,,,,,,,,,,,,,,,,,,,
385,1973,27,BVW,MARTI,1,,,,,,,,,,,OU,,,,,,,,,,,,,,,,,,,,,,,,,,,,,,,,,,,,,,,,,,,,
386,1973,29,BVW,BLUTI,1,9,,7,,,31,,,,,NE,,,,,,,,,,,,,,,,,,,,,,,,,,,,,,,,,,,,,,,,,,,,
387,1973,35,BVW,BLUTI,1,11,,8,,,22,,,,,NE,,,,,,,,,,,,,,,,,,,,,,,,,,,,,,,,,,,,,,,,,,,,
388,1973,37,BVW,BLUTI,1,,,8,,,35,,,,,NE,,,,,,,,,,,,,,,,,,,,,,,,,,,,,,,,,,,,,,,,,,,,
389,1973,38,BVW,PIEFL,1,6,,3,,,,,,2,,NE,,,,,,,,,,,,,,,,,,,,,,,,,,,,,,,,,,,,,,,,,,,,
390,1973,39,BVW,BLUTI,1,13,,9,,,23,,,,,NE,,,,,,,,,,,,,,,,,,,,,,,,,,,,,,,,,,,,,,,,,,,,
391,1973,40,BVW,PIEFL,1,8,8,8,,,44,,,,,NE,,,,,,,,,,,,,,,,,,,,,,,,,,,,,,,,,,,,,,,,,,,,
392,1973,41,BVW,GRETI,1,10,,7,,,28,,,,,NE,,,,,,,,,,,,,,,,,,,,,,,,,,,,,,,,,,,,,,,,,,,,
393,1973,43,BVW,GRETI,1,7,,6,,,36,,,,,NE,,,,,,,,,,,,,,,,,,,,,,,,,,,,,,,,,,,,,,,,,,,,
394,1973,45,BVW,BLUTI,1,,,13,,,22,,,,,NE,,,,,,,,,,,,,,,,,,,,,,,,,,,,,,,,,,,,,,,,,,,,
395,1973,50,BVW,GRETI,1,9,9,9,,,31,,,,,NE,,,,,,,,,,,,,,,,,,,,,,,,,,,,,,,,,,,,,,,,,,,,
396,1973,55,BVW,BLUTI,1,,,6,,,22,,,,,NE,,,,,,,,,,,,,,,,,,,,,,,,,,,,,,,,,,,,,,,,,,,,
397,1973,56,BVW,BLUTI,1,10,,4,,,25,,,,,NE,,,,,,,,,,,,,,,,,,,,,,,,,,,,,,,,,,,,,,,,,,,,
398,1973,57,BVW,MARTI,1,8,,5,,,21,,,,,NE,,,,,,,,,,,,,,,,,,,,,,,,,,,,,,,,,,,,,,,,,,,,
399,1973,59,BVW,BLUTI,1,,0,0,,,,,,5,,ED,,,,,,,,,,,,,,,,,,,,,,,,,,,,,,,,,,,,,,,,,,,,
400,1973,60,BVW,BLUTI,2,,0,0,,,52,,8,,,EP,,,,,,,,,,,,,,,,,,,,,,,,,,,,,,,,,,,,,,,,,,,,
401,1973,63,BVW,PIEFL,1,7,7,7,,,38,,,,,NE,,,,,,,,,,,,,,,,,,,,,,,,,,,,,,,,,,,,,,,,,,,,
402,1973,64,BVW,GRETI,1,7,7,3,,,26,,,,,NE,,,,,,,,,,,,,,,,,,,,,,,,,,,,,,,,,,,,,,,,,,,,
403,1973,65,BVW,BLUTI,1,11,,4,,,23,,,,,NE,,,,,,,,,,,,,,,,,,,,,,,,,,,,,,,,,,,,,,,,,,,,
404,1973,66,BVW,BLUTI,1,6,0,0,,,21,,,,,ED,,,,,,,,,,,,,,,,,,,,,,,,,,,,,,,,,,,,,,,,,,,,
405,1973,67,BVW,BLUTI,1,9,,6,,,24,,,,,NE,,,,,,,,,,,,,,,,,,,,,,,,,,,,,,,,,,,,,,,,,,,,
406,1973,109,YAR,BLUTI,1,10,,6,,,,,,,,NE,,,,,,,,,,,,,,,,,,,,,,,,,,,,,,,,,,,,,,,,,,,,
407,1973,117,YAR,BLUTI,1,10,10,9,,,,,,,,NE,,,,,,,,,,,,,,,,,,,,,,,,,,,,,,,,,,,,,,,,,,,,
408,1973,123,YAR,PIEFL,1,7,6,6,,,42,,,,,NE,,,,,,,,,,,,,,,,,,,,,,,,,,,,,,,,,,,,,,,,,,,,
409,1973,132,YAR,PIEFL,2,4,4,4,,,,,,,,NE,,,,,,,,,,,,,,,,,,,,,,,,,,,,,,,,,,,,,,,,,,,,
410,1973,203,YAR,BLUTI,1,12,11,11,,,19,,,,,NE,,,,,,,,,,,,,,,,,,,,,,,,,,,,,,,,,,,,,,,,,,,,
411,1973,218,YAR,BLUTI,1,12,,,,,27,,,,,NE,,,,,,,,,,,,,,,,,,,,,,,,,,,,,,,,,,,,,,,,,,,,
412,1973,222,YAR,REDST,1,,0,0,,,,,1,,,ED,,,,,,,,,,,,,,,,,,,,,,,,,,,,,,,,,,,,,,,,,,,,
413,1973,223,YAR,GRETI,1,,0,0,,,31,,2,,,ED,,,,,,,,,,,,,,,,,,,,,,,,,,,,,,,,,,,,,,,,,,,,
414,1973,224,YAR,BLUTI,1,9,0,0,,,28,,9,,,ED,,,,,,,,,,,,,,,,,,,,,,,,,,,,,,,,,,,,,,,,,,,,
415,1973,228,YAR,PIEFL,1,6,0,0,,,43,,6,,,ED,,,,,,,,,,,,,,,,,,,,,,,,,,,,,,,,,,,,,,,,,,,,
416,1973,229,YAR,BLUTI,1,9,9,8,,,19,,,,,NE,,,,,,,,,,,,,,,,,,,,,,,,,,,,,,,,,,,,,,,,,,,,
417,1973,232,YAR,BLUTI,1,10,5,4,,,29,,,,,NE,,,,,,,,,,,,,,,,,,,,,,,,,,,,,,,,,,,,,,,,,,,,
418,1973,234,YAR,BLUTI,1,9,9,6,,,28,,,,,NE,,,,,,,,,,,,,,,,,,,,,,,,,,,,,,,,,,,,,,,,,,,,
419,1973,236,YAR,NUTHA,1,7,7,7,,,27,,,,,NE,,,,,,,,,,,,,,,,,,,,,,,,,,,,,,,,,,,,,,,,,,,,
420,1973,238,YAR,BLUTI,1,8,,,,,31,,8,,,NE,,,,,,,,,,,,,,,,,,,,,,,,,,,,,,,,,,,,,,,,,,,,
421,1973,239,YAR,BLUTI,1,9,6,5,,,29,,,,,NE,,,,,,,,,,,,,,,,,,,,,,,,,,,,,,,,,,,,,,,,,,,,
422,1973,244,YAR,BLUTI,1,11,11,6,,,28,,,,,NE,,,,,,,,,,,,,,,,,,,,,,,,,,,,,,,,,,,,,,,,,,,,
423,1973,245,YAR,PIEFL,1,7,7,7,,,47,,,,,NE,,,,,,,,,,,,,,,,,,,,,,,,,,,,,,,,,,,,,,,,,,,,
424,1973,249,YAR,GRETI,1,11,11,11,,,19,,,,,NE,,,,,,,,,,,,,,,,,,,,,,,,,,,,,,,,,,,,,,,,,,,,
425,1973,301,YAR,BLUTI,1,10,8,5,,,21,,,,,NE,,,,,,,,,,,,,,,,,,,,,,,,,,,,,,,,,,,,,,,,,,,,
426,1973,305,YAR,PIEFL,1,6,6,6,,,47,,,,,NE,,,,,,,,,,,,,,,,,,,,,,,,,,,,,,,,,,,,,,,,,,,,
427,1973,307,YAR,MARTI,1,8,,4,,,46,,,,,NE,,,,,,,,,,,,,,,,,,,,,,,,,,,,,,,,,,,,,,,,,,,,
428,1973,312,YAR,BLUTI,1,7,7,7,,,7,,,,,NE,,,,,,,,,,,,,,,,,,,,,,,,,,,,,,,,,,,,,,,,,,,,
429,1973,318,YAR,BLUTI,1,11,10,6,,,19,47,,,,NE,,,,,,,,,,,,,,,,,,,,,,,,,,,,,,,,,,,,,,,,,,,,
430,1973,320,YAR,PIEFL,1,4,0,0,,,50,,,,,ED,,,,,,,,,,,,,,,,,,,,,,,,,,,,,,,,,,,,,,,,,,,,
431,1973,325,YAR,BLUTI,1,11,9,9,,,28,,,,,NE,,,,,,,,,,,,,,,,,,,,,,,,,,,,,,,,,,,,,,,,,,,,
432,1973,331,YAR,BLUTI,1,12,11,11,,,18,,,,,NE,,,,,,,,,,,,,,,,,,,,,,,,,,,,,,,,,,,,,,,,,,,,
433,1973,332,YAR,PIEFL,1,7,6,0,,,51,,,,,JD,,,,,,,,,,,,,,,,,,,,,,,,,,,,,,,,,,,,,,,,,,,,
434,1973,333,YAR,GRETI,1,10,,7,,,20,,,,,NE,,,,,,,,,,,,,,,,,,,,,,,,,,,,,,,,,,,,,,,,,,,,
435,1973,334,YAR,BLUTI,1,9,8,5,,,25,,,,,NE,,,,,,,,,,,,,,,,,,,,,,,,,,,,,,,,,,,,,,,,,,,,
436,1973,341,YAR,MARTI,1,9,,8,,,18,,,,,NE,,,,,,,,,,,,,,,,,,,,,,,,,,,,,,,,,,,,,,,,,,,,
437,1973,347,YAR,PIEFL,1,7,7,7,,,,60,,,,NE,,,,,,,,,,,,,,,,,,,,,,,,,,,,,,,,,,,,,,,,,,,,
438,1973,350,YAR,PIEFL,2,6,0,0,,,,,,,,ED,,,,,,,,,,,,,,,,,,,,,,,,,,,,,,,,,,,,,,,,,,,,
439,1974,1,BVW,MARTI,1,9,,6,,,29,,,,,NE,,,,,,,,,,,,,,,,,,,,,,,,,,,,,,,,,,,,,,,,,,,,
440,1974,4,BVW,GRETI,1,7,7,7,,,44,,,,,NE,,,,,,,,,,,,,,,,,,,,,,,,,,,,,,,,,,,,,,,,,,,,
441,1974,6,BVW,BLUTI,1,13,,0,,,23,,,,,JD,,,,,,,,,,,,,,,,,,,,,,,,,,,,,,,,,,,,,,,,,,,,
442,1974,13,BVW,BLUTI,1,11,11,11,,,15,,,,,NE,,,,,,,,,,,,,,,,,,,,,,,,,,,,,,,,,,,,,,,,,,,,
443,1974,26,BVW,BLUTI,1,,0,0,,,,,,,,EO,,,,,,,,,,,,,,,,,,,,,,,,,,,,,,,,,,,,,,,,,,,,
444,1974,28,BVW,BLUTI,1,9,9,9,,,33,,,,,NE,,,,,,,,,,,,,,,,,,,,,,,,,,,,,,,,,,,,,,,,,,,,
445,1974,29,BVW,BLUTI,1,11,0,0,,,23,,,,,ED,,,,,,,,,,,,,,,,,,,,,,,,,,,,,,,,,,,,,,,,,,,,
446,1974,37,BVW,GRETI,1,8,0,0,,,21,,,,,ED,,,,,,,,,,,,,,,,,,,,,,,,,,,,,,,,,,,,,,,,,,,,
447,1974,38,BVW,BLUTI,1,8,8,0,,,29,,,,,JD,,,,,,,,,,,,,,,,,,,,,,,,,,,,,,,,,,,,,,,,,,,,
448,1974,40,BVW,PIEFL,1,6,,0,,,51,,,,,JD,,,,,,,,,,,,,,,,,,,,,,,,,,,,,,,,,,,,,,,,,,,,
449,1974,41,BVW,BLUTI,1,7,,5,,,24,,,,,NE,,,,,,,,,,,,,,,,,,,,,,,,,,,,,,,,,,,,,,,,,,,,
450,1974,42,BVW,BLUTI,1,11,,7,,,36,,,,,NE,,,,,,,,,,,,,,,,,,,,,,,,,,,,,,,,,,,,,,,,,,,,
451,1974,45,BVW,BLUTI,1,11,,8,,,18,,,1,,NE,,,,,,,,,,,,,,,,,,,,,,,,,,,,,,,,,,,,,,,,,,,,
452,1974,52,BVW,BLUTI,1,,,7,,,38,,,,,NE,,,,,,,,,,,,,,,,,,,,,,,,,,,,,,,,,,,,,,,,,,,,
453,1974,54,BVW,GRETI,1,9,,0,,,46,,,,,JD,,,,,,,,,,,,,,,,,,,,,,,,,,,,,,,,,,,,,,,,,,,,
454,1974,56,BVW,BLUTI,1,,,6,,,22,,7,1,,NE,,,,,,,,,,,,,,,,,,,,,,,,,,,,,,,,,,,,,,,,,,,,
455,1974,57,BVW,MARTI,1,8,8,8,,,24,,,,,NE,,,,,,,,,,,,,,,,,,,,,,,,,,,,,,,,,,,,,,,,,,,,
456,1974,59,BVW,BLUTI,1,,,5,,,,,,,,NE,,,,,,,,,,,,,,,,,,,,,,,,,,,,,,,,,,,,,,,,,,,,
457,1974,60,BVW,BLUTI,1,,,7,,,34,,,,,NE,,,,,,,,,,,,,,,,,,,,,,,,,,,,,,,,,,,,,,,,,,,,
458,1974,61,BVW,BLUTI,1,,,7,,,21,,,,,NE,,,,,,,,,,,,,,,,,,,,,,,,,,,,,,,,,,,,,,,,,,,,
459,1974,62,BVW,BLUTI,1,9,,8,,,36,,,,,NE,,,,,,,,,,,,,,,,,,,,,,,,,,,,,,,,,,,,,,,,,,,,
460,1974,63,BVW,GRETI,1,6,,4,,,18,,,1,,NE,,,,,,,,,,,,,,,,,,,,,,,,,,,,,,,,,,,,,,,,,,,,
461,1974,67,BVW,BLUTI,1,8,,0,,,27,,,,,JD,,,,,,,,,,,,,,,,,,,,,,,,,,,,,,,,,,,,,,,,,,,,
462,1974,68,BVW,BLUTI,1,7,,0,,,45,,,,,JD,,,,,,,,,,,,,,,,,,,,,,,,,,,,,,,,,,,,,,,,,,,,
463,1974,101,YAR,BLUTI,1,9,0,0,,,17,,,,,EP,,,,,,,,,,,,,,,,,,,,,,,,,,,,,,,,,,,,,,,,,,,,
464,1974,104,YAR,PIEFL,1,3,3,3,,,,,,,,NE,,,,,,,,,,,,,,,,,,,,,,,,,,,,,,,,,,,,,,,,,,,,
465,1974,108,YAR,PIEFL,1,7,7,6,,,,,,,,NE,,,,,,,,,,,,,,,,,,,,,,,,,,,,,,,,,,,,,,,,,,,,
466,1974,109,YAR,GRETI,1,10,9,9,,,18,,,1,,NE,,,,,,,,,,,,,,,,,,,,,,,,,,,,,,,,,,,,,,,,,,,,
467,1974,112,YAR,BLUTI,1,11,9,9,,,22,,,,,NE,,,,,,,,,,,,,,,,,,,,,,,,,,,,,,,,,,,,,,,,,,,,
468,1974,117,YAR,PIEFL,1,6,6,6,,,49,,,,,NE,,,,,,,,,,,,,,,,,,,,,,,,,,,,,,,,,,,,,,,,,,,,
469,1974,123,YAR,PIEFL,1,6,6,6,,,51,,,,,NE,,,,,,,,,,,,,,,,,,,,,,,,,,,,,,,,,,,,,,,,,,,,
470,1974,132,YAR,BLUTI,1,11,11,1,,,13,,,,,NE,,,,,,,,,,,,,,,,,,,,,,,,,,,,,,,,,,,,,,,,,,,,
471,1974,205,YAR,TREEC,1,6,0,0,,,17,,,,,ED,,,,,,,,,,,,,,,,,,,,,,,,,,,,,,,,,,,,,,,,,,,,
472,1974,206,YAR,PIEFL,1,5,0,0,,,,,,,,ED,,,,,,,,,,,,,,,,,,,,,,,,,,,,,,,,,,,,,,,,,,,,
473,1974,213,YAR,BLUTI,1,8,7,7,,,21,,,,,NE,,,,,,,,,,,,,,,,,,,,,,,,,,,,,,,,,,,,,,,,,,,,
474,1974,214,YAR,GRETI,2,6,6,0,,,,,,,,JD,,,,,,,,,,,,,,,,,,,,,,,,,,,,,,,,,,,,,,,,,,,,
475,1974,216,YAR,BLUTI,1,9,9,9,,,37,,,,,NE,,,,,,,,,,,,,,,,,,,,,,,,,,,,,,,,,,,,,,,,,,,,
476,1974,222,YAR,MARTI,1,9,8,8,,,41,,,,,NE,,,,,,,,,,,,,,,,,,,,,,,,,,,,,,,,,,,,,,,,,,,,
477,1974,223,YAR,NUTHA,1,6,5,5,,,25,,,,,NE,,,,,,,,,,,,,,,,,,,,,,,,,,,,,,,,,,,,,,,,,,,,
478,1974,225,YAR,BLUTI,1,9,8,7,,,39,,,,,NE,,,,,,,,,,,,,,,,,,,,,,,,,,,,,,,,,,,,,,,,,,,,
479,1974,229,YAR,BLUTI,1,10,9,7,,,27,,,,,NE,,,,,,,,,,,,,,,,,,,,,,,,,,,,,,,,,,,,,,,,,,,,
480,1974,230,YAR,GRETI,1,8,7,7,,,26,,,,,NE,,,,,,,,,,,,,,,,,,,,,,,,,,,,,,,,,,,,,,,,,,,,
481,1974,231,YAR,BLUTI,1,9,9,9,,,26,,,,,NE,,,,,,,,,,,,,,,,,,,,,,,,,,,,,,,,,,,,,,,,,,,,
482,1974,232,YAR,BLUTI,1,9,9,9,,,23,,,,,NE,,,,,,,,,,,,,,,,,,,,,,,,,,,,,,,,,,,,,,,,,,,,
483,1974,233,YAR,GRETI,1,8,7,7,,,44,,,,,NE,,,,,,,,,,,,,,,,,,,,,,,,,,,,,,,,,,,,,,,,,,,,
484,1974,235,YAR,BLUTI,1,7,5,4,,,22,,,,,NE,,,,,,,,,,,,,,,,,,,,,,,,,,,,,,,,,,,,,,,,,,,,
485,1974,236,YAR,BLUTI,1,,,3,,,,,3,,,NE,,,,,,,,,,,,,,,,,,,,,,,,,,,,,,,,,,,,,,,,,,,,
486,1974,238,YAR,PIEFL,2,4,4,0,,,,,,,,JD,,,,,,,,,,,,,,,,,,,,,,,,,,,,,,,,,,,,,,,,,,,,
487,1974,240,YAR,BLUTI,1,8,,4,,,24,,,,,NE,,,,,,,,,,,,,,,,,,,,,,,,,,,,,,,,,,,,,,,,,,,,
488,1974,241,YAR,BLUTI,1,10,,0,,,21,,,,,JD,,,,,,,,,,,,,,,,,,,,,,,,,,,,,,,,,,,,,,,,,,,,
489,1974,243,YAR,BLUTI,1,12,12,11,,,40,,,,,NE,,,,,,,,,,,,,,,,,,,,,,,,,,,,,,,,,,,,,,,,,,,,
490,1974,246,YAR,PIEFL,1,7,7,7,,,50,,,,,NE,,,,,,,,,,,,,,,,,,,,,,,,,,,,,,,,,,,,,,,,,,,,
491,1974,249,YAR,GRETI,1,8,7,5,,,15,,,,,NE,,,,,,,,,,,,,,,,,,,,,,,,,,,,,,,,,,,,,,,,,,,,
492,1974,302,YAR,MARTI,1,9,9,9,,,16,,,,,NE,,,,,,,,,,,,,,,,,,,,,,,,,,,,,,,,,,,,,,,,,,,,
493,1974,305,YAR,PIEFL,1,5,5,4,,,51,,,,,NE,,,,,,,,,,,,,,,,,,,,,,,,,,,,,,,,,,,,,,,,,,,,
494,1974,310,YAR,PIEFL,1,5,5,5,,,31,,,,,NE,,,,,,,,,,,,,,,,,,,,,,,,,,,,,,,,,,,,,,,,,,,,
495,1974,317,YAR,BLUTI,1,,,7,,,38,,,,,NE,,,,,,,,,,,,,,,,,,,,,,,,,,,,,,,,,,,,,,,,,,,,
496,1974,319,YAR,PIEFL,1,,0,0,,,50,,3,,3,ED,,,,,,,,,,,,,,,,,,,,,,,,,,,,,,,,,,,,,,,,,,,,
497,1974,321,YAR,MARTI,1,9,8,7,,,15,,,,,NE,,,,,,,,,,,,,,,,,,,,,,,,,,,,,,,,,,,,,,,,,,,,
498,1974,325,YAR,BLUTI,1,8,0,0,,,43,,,,,ED,,,,,,,,,,,,,,,,,,,,,,,,,,,,,,,,,,,,,,,,,,,,
499,1974,328,YAR,BLUTI,1,9,,8,,,19,,,,,NE,,,,,,,,,,,,,,,,,,,,,,,,,,,,,,,,,,,,,,,,,,,,
500,1974,330,YAR,GRETI,1,10,0,0,,,12,,,,,ED,,,,,,,,,,,,,,,,,,,,,,,,,,,,,,,,,,,,,,,,,,,,
501,1974,331,YAR,BLUTI,1,11,11,10,,,14,,,,,NE,,,,,,,,,,,,,,,,,,,,,,,,,,,,,,,,,,,,,,,,,,,,
502,1974,332,YAR,PIEFL,1,7,7,7,,,48,,,,,NE,,,,,,,,,,,,,,,,,,,,,,,,,,,,,,,,,,,,,,,,,,,,
503,1974,337,YAR,BLUTI,2,6,5,5,,,48,,,,,NE,,,,,,,,,,,,,,,,,,,,,,,,,,,,,,,,,,,,,,,,,,,,
504,1974,339,YAR,PIEFL,1,7,7,7,,,46,,,,,NE,,,,,,,,,,,,,,,,,,,,,,,,,,,,,,,,,,,,,,,,,,,,
505,1974,341,YAR,PIEFL,1,7,7,4,,,45,,,,,NE,,,,,,,,,,,,,,,,,,,,,,,,,,,,,,,,,,,,,,,,,,,,
506,1974,347,YAR,PIEFL,1,4,4,0,,,31,,,,,JD,,,,,,,,,,,,,,,,,,,,,,,,,,,,,,,,,,,,,,,,,,,,
507,1974,347,YAR,BLUTI,1,11,0,0,,,20,,,,,XP,,,,,,,,,,,,,,,,,,,,,,,,,,,,,,,,,,,,,,,,,,,,
508,1974,349,YAR,BLUTI,2,,,6,,,57,,,,,NE,,,,,,,,,,,,,,,,,,,,,,,,,,,,,,,,,,,,,,,,,,,,
509,1974,351,YAR,REDST,1,5,3,2,,,39,,,,,NE,,,,,,,,,,,,,,,,,,,,,,,,,,,,,,,,,,,,,,,,,,,,
510,1974,355,YAR,MARTI,1,8,0,0,,,17,,,,,EP,,,,,,,,,,,,,,,,,,,,,,,,,,,,,,,,,,,,,,,,,,,,
511,1975,2,BVW,BLUTI,1,,,11,,,40,,,,,NE,,,,,,,,,,,,,,,,,,,,,,,,,,,,,,,,,,,,,,,,,,,,
512,1975,8,BVW,BLUTI,1,9,,8,,,27,,,,,NE,,,,,,,,,,,,,,,,,,,,,,,,,,,,,,,,,,,,,,,,,,,,
513,1975,21,BVW,BLUTI,1,5,5,5,,,,,,,,NE,,,,,,,,,,,,,,,,,,,,,,,,,,,,,,,,,,,,,,,,,,,,
514,1975,26,BVW,BLUTI,1,,0,0,,,37,,,8,,ED,,,,,,,,,,,,,,,,,,,,,,,,,,,,,,,,,,,,,,,,,,,,
515,1975,28,BVW,BLUTI,1,7,6,6,,,28,,,1,,NE,,,,,,,,,,,,,,,,,,,,,,,,,,,,,,,,,,,,,,,,,,,,
516,1975,37,BVW,BLUTI,1,,,9,,,30,,,,,NE,,,,,,,,,,,,,,,,,,,,,,,,,,,,,,,,,,,,,,,,,,,,
517,1975,39,BVW,COATI,1,,,8,,,24,,,,,NE,,,,,,,,,,,,,,,,,,,,,,,,,,,,,,,,,,,,,,,,,,,,
518,1975,40,BVW,PIEFL,1,7,7,7,,,49,,,,,NE,,,,,,,,,,,,,,,,,,,,,,,,,,,,,,,,,,,,,,,,,,,,
519,1975,41,BVW,GRETI,1,7,6,6,,,32,,,1,,NE,,,,,,,,,,,,,,,,,,,,,,,,,,,,,,,,,,,,,,,,,,,,
520,1975,42,BVW,BLUTI,1,,,11,,,31,,,,,NE,,,,,,,,,,,,,,,,,,,,,,,,,,,,,,,,,,,,,,,,,,,,
521,1975,43,BVW,MARTI,1,8,,6,,,,,,,,NE,,,,,,,,,,,,,,,,,,,,,,,,,,,,,,,,,,,,,,,,,,,,
522,1975,45,BVW,BLUTI,1,8,8,8,,,27,,,,,NE,,,,,,,,,,,,,,,,,,,,,,,,,,,,,,,,,,,,,,,,,,,,
523,1975,51,BVW,BLUTI,1,,,7,,,26,,,,,NE,,,,,,,,,,,,,,,,,,,,,,,,,,,,,,,,,,,,,,,,,,,,
524,1975,58,BVW,BLUTI,1,7,,5,,,23,,,,,NE,,,,,,,,,,,,,,,,,,,,,,,,,,,,,,,,,,,,,,,,,,,,
525,1975,59,BVW,BLUTI,1,6,0,0,,,35,,,,,EP,,,,,,,,,,,,,,,,,,,,,,,,,,,,,,,,,,,,,,,,,,,,
526,1975,61,BVW,BLUTI,1,10,,9,,,28,,,,,NE,,,,,,,,,,,,,,,,,,,,,,,,,,,,,,,,,,,,,,,,,,,,
527,1975,64,BVW,BLUTI,1,,,8,,,30,,,2,,NE,,,,,,,,,,,,,,,,,,,,,,,,,,,,,,,,,,,,,,,,,,,,
528,1975,101,YAR,BLUTI,1,9,,8,,,26,,,,,NE,,,,,,,,,,,,,,,,,,,,,,,,,,,,,,,,,,,,,,,,,,,,
529,1975,109,YAR,GRETI,1,9,9,9,,,28,,,,,NE,,,,,,,,,,,,,,,,,,,,,,,,,,,,,,,,,,,,,,,,,,,,
530,1975,111,YAR,BLUTI,1,10,8,0,,,24,,,,,JD,,,,,,,,,,,,,,,,,,,,,,,,,,,,,,,,,,,,,,,,,,,,
531,1975,117,YAR,BLUTI,1,10,,0,,,25,,,,,JD,,,,,,,,,,,,,,,,,,,,,,,,,,,,,,,,,,,,,,,,,,,,
532,1975,119,YAR,MARTI,1,,,0,,,,,6,,,JP,,,,,,,,,,,,,,,,,,,,,,,,,,,,,,,,,,,,,,,,,,,,
533,1975,121,YAR,GRETI,1,,,0,,,,,2,,,JP,,,,,,,,,,,,,,,,,,,,,,,,,,,,,,,,,,,,,,,,,,,,
534,1975,123,YAR,PIEFL,1,6,0,0,,,,,,,,JP,,,,,,,,,,,,,,,,,,,,,,,,,,,,,,,,,,,,,,,,,,,,
535,1975,124,YAR,BLUTI,1,9,,0,,,,,,,,JP,,,,,,,,,,,,,,,,,,,,,,,,,,,,,,,,,,,,,,,,,,,,
536,1975,127,YAR,PIEFL,2,5,,4,,,56,,,,,NE,,,,,,,,,,,,,,,,,,,,,,,,,,,,,,,,,,,,,,,,,,,,
537,1975,129,YAR,BLUTI,1,,,0,,,,,,,,JP,,,,,,,,,,,,,,,,,,,,,,,,,,,,,,,,,,,,,,,,,,,,
538,1975,203,YAR,BLUTI,1,11,11,0,,,27,,,,,JP,,,,,,,,,,,,,,,,,,,,,,,,,,,,,,,,,,,,,,,,,,,,
539,1975,212,YAR,BLUTI,1,9,0,0,,,29,,,,,ED,,,,,,,,,,,,,,,,,,,,,,,,,,,,,,,,,,,,,,,,,,,,
540,1975,213,YAR,BLUTI,1,7,7,7,,,26,,,,,NE,,,,,,,,,,,,,,,,,,,,,,,,,,,,,,,,,,,,,,,,,,,,
541,1975,216,YAR,BLUTI,1,9,9,9,,,33,,,,,NE,,,,,,,,,,,,,,,,,,,,,,,,,,,,,,,,,,,,,,,,,,,,
542,1975,217,YAR,BLUTI,1,10,10,0,,,30,,,,,JD,,,,,,,,,,,,,,,,,,,,,,,,,,,,,,,,,,,,,,,,,,,,
543,1975,225,YAR,BLUTI,1,9,9,9,,,27,,,,,NE,,,,,,,,,,,,,,,,,,,,,,,,,,,,,,,,,,,,,,,,,,,,
544,1975,226,YAR,BLUTI,1,11,,9,,,31,,,,,NE,,,,,,,,,,,,,,,,,,,,,,,,,,,,,,,,,,,,,,,,,,,,
545,1975,228,YAR,MARTI,1,9,,6,,,27,,,,,NE,,,,,,,,,,,,,,,,,,,,,,,,,,,,,,,,,,,,,,,,,,,,
546,1975,229,YAR,BLUTI,1,9,,8,,,29,,,,,NE,,,,,,,,,,,,,,,,,,,,,,,,,,,,,,,,,,,,,,,,,,,,
547,1975,232,YAR,BLUTI,1,,,8,,,30,,9,,,NE,,,,,,,,,,,,,,,,,,,,,,,,,,,,,,,,,,,,,,,,,,,,
548,1975,234,YAR,BLUTI,1,11,,9,,,28,,,,,NE,,,,,,,,,,,,,,,,,,,,,,,,,,,,,,,,,,,,,,,,,,,,
549,1975,235,YAR,BLUTI,1,,,8,,,25,,9,,,NE,,,,,,,,,,,,,,,,,,,,,,,,,,,,,,,,,,,,,,,,,,,,
550,1975,238,YAR,BLUTI,1,,,6,,,31,,7,,,NE,,,,,,,,,,,,,,,,,,,,,,,,,,,,,,,,,,,,,,,,,,,,
551,1975,239,YAR,BLUTI,1,,,8,,,31,,,,,NE,,,,,,,,,,,,,,,,,,,,,,,,,,,,,,,,,,,,,,,,,,,,
552,1975,243,YAR,BLUTI,1,9,0,0,,,49,,,,,ED,,,,,,,,,,,,,,,,,,,,,,,,,,,,,,,,,,,,,,,,,,,,
553,1975,246,YAR,BLUTI,1,10,10,10,,,30,,,,,NE,,,,,,,,,,,,,,,,,,,,,,,,,,,,,,,,,,,,,,,,,,,,
554,1975,249,YAR,GRETI,1,7,,6,,,29,57,,,,NE,,,,,,,,,,,,,,,,,,,,,,,,,,,,,,,,,,,,,,,,,,,,
555,1975,312,YAR,MARTI,1,,,8,,,27,,,,,NE,,,,,,,,,,,,,,,,,,,,,,,,,,,,,,,,,,,,,,,,,,,,
556,1975,317,YAR,BLUTI,1,,,6,,,34,,,,,NE,,,,,,,,,,,,,,,,,,,,,,,,,,,,,,,,,,,,,,,,,,,,
557,1975,321,YAR,MARTI,1,,,8,,,24,,,,,NE,,,,,,,,,,,,,,,,,,,,,,,,,,,,,,,,,,,,,,,,,,,,
558,1975,322,YAR,BLUTI,2,,,4,,,,,,,,NE,,,,,,,,,,,,,,,,,,,,,,,,,,,,,,,,,,,,,,,,,,,,
559,1975,324,YAR,GRETI,1,,,8,,,25,,,,,NE,,,,,,,,,,,,,,,,,,,,,,,,,,,,,,,,,,,,,,,,,,,,
560,1975,326,YAR,BLUTI,1,,,8,,,30,,,,,NE,,,,,,,,,,,,,,,,,,,,,,,,,,,,,,,,,,,,,,,,,,,,
561,1975,330,YAR,BLUTI,1,8,0,0,,,4,,,,,ED,,,,,,,,,,,,,,,,,,,,,,,,,,,,,,,,,,,,,,,,,,,,
562,1975,331,YAR,BLUTI,1,10,9,8,,,25,,,,,NE,,,,,,,,,,,,,,,,,,,,,,,,,,,,,,,,,,,,,,,,,,,,
563,1975,332,YAR,PIEFL,1,8,8,8,,,37,,,,,NE,,,,,,,,,,,,,,,,,,,,,,,,,,,,,,,,,,,,,,,,,,,,
564,1975,335,YAR,BLUTI,1,11,,8,,,22,,,,,NE,,,,,,,,,,,,,,,,,,,,,,,,,,,,,,,,,,,,,,,,,,,,
565,1975,336,YAR,PIEFL,1,6,0,0,,,,,,,,ED,,,,,,,,,,,,,,,,,,,,,,,,,,,,,,,,,,,,,,,,,,,,
566,1975,341,YAR,MARTI,1,10,,6,,,27,,,,,NE,,,,,,,,,,,,,,,,,,,,,,,,,,,,,,,,,,,,,,,,,,,,
567,1975,342,YAR,PIEFL,1,7,7,7,,,45,,,,,NE,,,,,,,,,,,,,,,,,,,,,,,,,,,,,,,,,,,,,,,,,,,,
568,1975,345,YAR,PIEFL,1,5,0,0,,,57,,,,,ED,,,,,,,,,,,,,,,,,,,,,,,,,,,,,,,,,,,,,,,,,,,,
569,1975,346,YAR,MARTI,1,,,7,,,28,,,,,NE,,,,,,,,,,,,,,,,,,,,,,,,,,,,,,,,,,,,,,,,,,,,
570,1975,347,YAR,PIEFL,1,7,4,4,,,39,,,,,NE,,,,,,,,,,,,,,,,,,,,,,,,,,,,,,,,,,,,,,,,,,,,
571,1975,348,YAR,BLUTI,1,,,9,,,30,,,,,NE,,,,,,,,,,,,,,,,,,,,,,,,,,,,,,,,,,,,,,,,,,,,
572,1975,351,YAR,BLUTI,1,10,,9,,,26,,,,,NE,,,,,,,,,,,,,,,,,,,,,,,,,,,,,,,,,,,,,,,,,,,,
573,1975,355,YAR,PIEFL,1,8,4,4,,,42,,,,,NE,,,,,,,,,,,,,,,,,,,,,,,,,,,,,,,,,,,,,,,,,,,,
574,1976,2,BVW,MARTI,1,8,,7,,,20,,,,,NE,,,,,,,,,,,,,,,,,,,,,,,,,,,,,,,,,,,,,,,,,,,,
575,1976,3,BVW,GRETI,1,8,,5,,,63,,,,,NE,,,,,,,,,,,,,,,,,,,,,,,,,,,,,,,,,,,,,,,,,,,,
576,1976,5,BVW,BLUTI,1,,,9,,,20,,10,,,NE,,,,,,,,,,,,,,,,,,,,,,,,,,,,,,,,,,,,,,,,,,,,
577,1976,7,BVW,BLUTI,1,,,6,,,,,,,,NE,,,,,,,,,,,,,,,,,,,,,,,,,,,,,,,,,,,,,,,,,,,,
578,1976,8,BVW,GRETI,1,9,,6,,,17,40,,,,NE,,,,,,,,,,,,,,,,,,,,,,,,,,,,,,,,,,,,,,,,,,,,
579,1976,21,BVW,MARTI,1,11,11,10,,,15,,,,,NE,,,,,,,,,,,,,,,,,,,,,,,,,,,,,,,,,,,,,,,,,,,,
580,1976,38,BVW,BLUTI,1,12,12,12,,,23,,,,,NE,,,,,,,,,,,,,,,,,,,,,,,,,,,,,,,,,,,,,,,,,,,,
581,1976,43,BVW,BLUTI,1,9,,6,,,16,,,,,NE,,,,,,,,,,,,,,,,,,,,,,,,,,,,,,,,,,,,,,,,,,,,
582,1976,45,BVW,BLUTI,1,,,11,,,20,,,,,NE,,,,,,,,,,,,,,,,,,,,,,,,,,,,,,,,,,,,,,,,,,,,
583,1976,61,BVW,GRETI,1,8,8,8,,,,,,,,NE,,,,,,,,,,,,,,,,,,,,,,,,,,,,,,,,,,,,,,,,,,,,
584,1976,62,BVW,BLUTI,1,12,,8,,,15,,,2,,NE,,,,,,,,,,,,,,,,,,,,,,,,,,,,,,,,,,,,,,,,,,,,
585,1976,67,BVW,PIEFL,1,6,6,6,,,46,63,,,,NE,,,,,,,,,,,,,,,,,,,,,,,,,,,,,,,,,,,,,,,,,,,,
586,1976,68,BVW,BLUTI,1,,,6,,,32,,,,,NE,,,,,,,,,,,,,,,,,,,,,,,,,,,,,,,,,,,,,,,,,,,,
587,1976,101,YAR,BLUTI,1,,,10,,,17,,,,,NE,,,,,,,,,,,,,,,,,,,,,,,,,,,,,,,,,,,,,,,,,,,,
588,1976,106,YAR,BLUTI,1,,,0,,,35,,,,,EP,,,,,,,,,,,,,,,,,,,,,,,,,,,,,,,,,,,,,,,,,,,,
589,1976,109,YAR,GRETI,1,10,10,10,,,25,,,,,NE,,,,,,,,,,,,,,,,,,,,,,,,,,,,,,,,,,,,,,,,,,,,
590,1976,123,YAR,PIEFL,1,7,6,6,,,42,,,,,NE,,,,,,,,,,,,,,,,,,,,,,,,,,,,,,,,,,,,,,,,,,,,
591,1976,128,YAR,REDST,1,7,7,7,,,43,,,,,NE,,,,,,,,,,,,,,,,,,,,,,,,,,,,,,,,,,,,,,,,,,,,
592,1976,202,YAR,GRETI,1,9,9,9,,,20,,,,,NE,,,,,,,,,,,,,,,,,,,,,,,,,,,,,,,,,,,,,,,,,,,,
593,1976,203,YAR,GRETI,2,8,8,8,,,68,,,,,NE,,,,,,,,,,,,,,,,,,,,,,,,,,,,,,,,,,,,,,,,,,,,
594,1976,205,YAR,BLUTI,1,10,9,9,,,23,,,,,NE,,,,,,,,,,,,,,,,,,,,,,,,,,,,,,,,,,,,,,,,,,,,
595,1976,211,YAR,PIEFL,1,7,7,7,,,47,,,,,NE,,,,,,,,,,,,,,,,,,,,,,,,,,,,,,,,,,,,,,,,,,,,
596,1976,213,YAR,BLUTI,1,9,,7,,,26,,,,,NE,,,,,,,,,,,,,,,,,,,,,,,,,,,,,,,,,,,,,,,,,,,,
597,1976,217,YAR,BLUTI,1,10,9,9,,,25,,,,,NE,,,,,,,,,,,,,,,,,,,,,,,,,,,,,,,,,,,,,,,,,,,,
598,1976,219,YAR,BLUTI,1,12,,9,,,29,,,,,NE,,,,,,,,,,,,,,,,,,,,,,,,,,,,,,,,,,,,,,,,,,,,
599,1976,222,YAR,BLUTI,1,9,,8,,,20,,,,,NE,,,,,,,,,,,,,,,,,,,,,,,,,,,,,,,,,,,,,,,,,,,,
600,1976,225,YAR,BLUTI,1,10,,9,,,16,,,,,NE,,,,,,,,,,,,,,,,,,,,,,,,,,,,,,,,,,,,,,,,,,,,
601,1976,227,YAR,BLUTI,1,8,7,7,,,17,,,,,NE,,,,,,,,,,,,,,,,,,,,,,,,,,,,,,,,,,,,,,,,,,,,
602,1976,232,YAR,BLUTI,1,9,7,7,,,19,,,,,NE,,,,,,,,,,,,,,,,,,,,,,,,,,,,,,,,,,,,,,,,,,,,
603,1976,233,YAR,GRETI,1,7,7,7,,,24,,,,,NE,,,,,,,,,,,,,,,,,,,,,,,,,,,,,,,,,,,,,,,,,,,,
604,1976,238,YAR,PIEFL,1,8,8,8,,,42,,,,,NE,,,,,,,,,,,,,,,,,,,,,,,,,,,,,,,,,,,,,,,,,,,,
605,1976,242,YAR,BLUTI,1,12,12,12,,,21,,,,,NE,,,,,,,,,,,,,,,,,,,,,,,,,,,,,,,,,,,,,,,,,,,,
606,1976,243,YAR,BLUTI,1,11,10,10,,,17,,,,,NE,,,,,,,,,,,,,,,,,,,,,,,,,,,,,,,,,,,,,,,,,,,,
607,1976,249,YAR,GRETI,1,8,7,7,,,22,,,,,NE,,,,,,,,,,,,,,,,,,,,,,,,,,,,,,,,,,,,,,,,,,,,
608,1976,250,YAR,GRETI,2,8,,7,,,66,,,,,NE,,,,,,,,,,,,,,,,,,,,,,,,,,,,,,,,,,,,,,,,,,,,
609,1976,301,YAR,MARTI,2,8,8,5,,,63,,,,,NE,,,,,,,,,,,,,,,,,,,,,,,,,,,,,,,,,,,,,,,,,,,,
610,1976,322,YAR,BLUTI,1,10,,7,,,25,,,,,NE,,,,,,,,,,,,,,,,,,,,,,,,,,,,,,,,,,,,,,,,,,,,
611,1976,323,YAR,BLUTI,1,10,10,10,,,24,,,,,NE,,,,,,,,,,,,,,,,,,,,,,,,,,,,,,,,,,,,,,,,,,,,
612,1976,328,YAR,PIEFL,1,7,,6,,,43,,,,,NE,,,,,,,,,,,,,,,,,,,,,,,,,,,,,,,,,,,,,,,,,,,,
613,1976,330,YAR,GRETI,1,8,8,8,,,23,,,,,NE,,,,,,,,,,,,,,,,,,,,,,,,,,,,,,,,,,,,,,,,,,,,
614,1976,331,YAR,BLUTI,1,,,7,,,18,,,,,NE,,,,,,,,,,,,,,,,,,,,,,,,,,,,,,,,,,,,,,,,,,,,
615,1976,332,YAR,PIEFL,1,6,,5,,,44,,,,,NE,,,,,,,,,,,,,,,,,,,,,,,,,,,,,,,,,,,,,,,,,,,,
616,1976,337,YAR,BLUTI,1,13,,10,,,16,,,,,NE,,,,,,,,,,,,,,,,,,,,,,,,,,,,,,,,,,,,,,,,,,,,
617,1976,339,YAR,BLUTI,1,9,,8,,,23,,,,,NE,,,,,,,,,,,,,,,,,,,,,,,,,,,,,,,,,,,,,,,,,,,,
618,1976,343,YAR,BLUTI,1,,,10,,,25,,,,,NE,,,,,,,,,,,,,,,,,,,,,,,,,,,,,,,,,,,,,,,,,,,,
619,1976,345,YAR,PIEFL,1,6,0,0,,,63,,,,,ED,,,,,,,,,,,,,,,,,,,,,,,,,,,,,,,,,,,,,,,,,,,,
620,1976,346,YAR,BLUTI,1,10,,9,,,31,,,,,NE,,,,,,,,,,,,,,,,,,,,,,,,,,,,,,,,,,,,,,,,,,,,
621,1976,347,YAR,PIEFL,1,8,8,8,,,40,,,,,NE,,,,,,,,,,,,,,,,,,,,,,,,,,,,,,,,,,,,,,,,,,,,
622,1976,352,YAR,PIEFL,1,7,7,7,,,50,,,,,NE,,,,,,,,,,,,,,,,,,,,,,,,,,,,,,,,,,,,,,,,,,,,
623,1976,355,YAR,PIEFL,1,8,8,7,,,38,,,,,NE,,,,,,,,,,,,,,,,,,,,,,,,,,,,,,,,,,,,,,,,,,,,
624,1977,1,BVW,GRETI,1,8,8,0,,,30,,,,,NE,,,,,,,,,,,,,,,,,,,,,,,,,,,,,,,,,,,,,,,,,,,,
625,1977,2,BVW,BLUTI,1,,0,0,,,32,,,,,EP,,,,,,,,,,,,,,,,,,,,,,,,,,,,,,,,,,,,,,,,,,,,
626,1977,3,BVW,BLUTI,1,6,6,5,,,40,,,,,NE,,,,,,,,,,,,,,,,,,,,,,,,,,,,,,,,,,,,,,,,,,,,
627,1977,5,BVW,BLUTI,1,,0,0,,,35,,,5,,ED,,,,,,,,,,,,,,,,,,,,,,,,,,,,,,,,,,,,,,,,,,,,
628,1977,7,BVW,BLUTI,1,,,8,,,35,,8,,,NE,,,,,,,,,,,,,,,,,,,,,,,,,,,,,,,,,,,,,,,,,,,,
629,1977,8,BVW,BLUTI,1,,,5,,,48,,,,,NE,,,,,,,,,,,,,,,,,,,,,,,,,,,,,,,,,,,,,,,,,,,,
630,1977,9,BVW,GRETI,1,5,5,5,,,41,,,,,NE,,,,,,,,,,,,,,,,,,,,,,,,,,,,,,,,,,,,,,,,,,,,
631,1977,13,BVW,BLUTI,1,11,,9,,,39,,,,,NE,,,,,,,,,,,,,,,,,,,,,,,,,,,,,,,,,,,,,,,,,,,,
632,1977,15,BVW,GRETI,1,,,5,,,50,,6,1,,NE,,,,,,,,,,,,,,,,,,,,,,,,,,,,,,,,,,,,,,,,,,,,
633,1977,21,BVW,PIEFL,1,,,3,,,,,5,,,NE,,,,,,,,,,,,,,,,,,,,,,,,,,,,,,,,,,,,,,,,,,,,
634,1977,27,BVW,GRETI,1,,,2,,,,,2,,,NE,,,,,,,,,,,,,,,,,,,,,,,,,,,,,,,,,,,,,,,,,,,,
635,1977,28,BVW,GRETI,1,10,,8,,,32,,,,,NE,,,,,,,,,,,,,,,,,,,,,,,,,,,,,,,,,,,,,,,,,,,,
636,1977,29,BVW,PIEFL,1,6,6,6,,,53,,,,,NE,,,,,,,,,,,,,,,,,,,,,,,,,,,,,,,,,,,,,,,,,,,,
637,1977,35,BVW,BLUTI,1,,,8,,,38,,,2,,NE,,,,,,,,,,,,,,,,,,,,,,,,,,,,,,,,,,,,,,,,,,,,
638,1977,37,BVW,BLUTI,1,,,9,,,40,,,,,NE,,,,,,,,,,,,,,,,,,,,,,,,,,,,,,,,,,,,,,,,,,,,
639,1977,38,BVW,PIEFL,1,7,7,7,,,39,,,,,NE,,,,,,,,,,,,,,,,,,,,,,,,,,,,,,,,,,,,,,,,,,,,
640,1977,39,BVW,BLUTI,1,8,8,8,,,35,,,,,NE,,,,,,,,,,,,,,,,,,,,,,,,,,,,,,,,,,,,,,,,,,,,
641,1977,40,BVW,BLUTI,1,11,,8,,,33,,,1,,NE,,,,,,,,,,,,,,,,,,,,,,,,,,,,,,,,,,,,,,,,,,,,
642,1977,41,BVW,BLUTI,1,,,6,,,,,,,,NE,,,,,,,,,,,,,,,,,,,,,,,,,,,,,,,,,,,,,,,,,,,,
643,1977,42,BVW,GRETI,1,,,8,,,35,,8,,,NE,,,,,,,,,,,,,,,,,,,,,,,,,,,,,,,,,,,,,,,,,,,,
644,1977,43,BVW,BLUTI,1,,,9,,,34,,10,,,NE,,,,,,,,,,,,,,,,,,,,,,,,,,,,,,,,,,,,,,,,,,,,
645,1977,44,BVW,GRETI,1,8,8,8,,,33,,,,,NE,,,,,,,,,,,,,,,,,,,,,,,,,,,,,,,,,,,,,,,,,,,,
646,1977,45,BVW,BLUTI,1,,,4,,,33,,8,4,,NE,,,,,,,,,,,,,,,,,,,,,,,,,,,,,,,,,,,,,,,,,,,,
647,1977,49,BVW,BLUTI,1,,,7,,,42,,,,,NE,,,,,,,,,,,,,,,,,,,,,,,,,,,,,,,,,,,,,,,,,,,,
648,1977,50,BVW,BLUTI,1,7,,0,,,,,,,,XP,,,,,,,,,,,,,,,,,,,,,,,,,,,,,,,,,,,,,,,,,,,,
649,1977,51,BVW,BLUTI,1,8,8,8,,,32,,,,,NE,,,,,,,,,,,,,,,,,,,,,,,,,,,,,,,,,,,,,,,,,,,,
650,1977,52,BVW,BLUTI,1,,,5,,,,,,,,NE,,,,,,,,,,,,,,,,,,,,,,,,,,,,,,,,,,,,,,,,,,,,
651,1977,53,BVW,BLUTI,1,7,0,0,,,31,,,,,ED,,,,,,,,,,,,,,,,,,,,,,,,,,,,,,,,,,,,,,,,,,,,
652,1977,55,BVW,BLUTI,1,,,4,,,,,,1,,NE,,,,,,,,,,,,,,,,,,,,,,,,,,,,,,,,,,,,,,,,,,,,
653,1977,57,BVW,GRETI,1,10,10,10,,,34,,,,,NE,,,,,,,,,,,,,,,,,,,,,,,,,,,,,,,,,,,,,,,,,,,,
654,1977,59,BVW,GRETI,1,7,,5,,,36,,,,,NE,,,,,,,,,,,,,,,,,,,,,,,,,,,,,,,,,,,,,,,,,,,,
655,1977,62,BVW,GRETI,1,,,0,,,,,7,,,JD,,,,,,,,,,,,,,,,,,,,,,,,,,,,,,,,,,,,,,,,,,,,
656,1977,64,BVW,BLUTI,1,9,,0,,,35,,,,,XP,,,,,,,,,,,,,,,,,,,,,,,,,,,,,,,,,,,,,,,,,,,,
657,1977,65,BVW,BLUTI,1,12,,6,,,33,,,,,NE,,,,,,,,,,,,,,,,,,,,,,,,,,,,,,,,,,,,,,,,,,,,
658,1977,66,BVW,BLUTI,1,,,7,,,,,,,,NE,,,,,,,,,,,,,,,,,,,,,,,,,,,,,,,,,,,,,,,,,,,,
659,1977,67,BVW,MARTI,1,,,7,,,36,,7,,,NE,,,,,,,,,,,,,,,,,,,,,,,,,,,,,,,,,,,,,,,,,,,,
660,1977,68,BVW,BLUTI,1,,0,0,,,,,,1,,ED,,,,,,,,,,,,,,,,,,,,,,,,,,,,,,,,,,,,,,,,,,,,
661,1977,101,YAR,BLUTI,1,11,10,10,,,33,,,,,NE,,,,,,,,,,,,,,,,,,,,,,,,,,,,,,,,,,,,,,,,,,,,
662,1977,102,YAR,GRETI,1,,,7,,,35,,7,,,NE,,,,,,,,,,,,,,,,,,,,,,,,,,,,,,,,,,,,,,,,,,,,
663,1977,104,YAR,BLUTI,1,9,9,9,,,38,,,,,NE,,,,,,,,,,,,,,,,,,,,,,,,,,,,,,,,,,,,,,,,,,,,
664,1977,106,YAR,BLUTI,1,14,,12,,,,,,,,NE,,,,,,,,,,,,,,,,,,,,,,,,,,,,,,,,,,,,,,,,,,,,
665,1977,108,YAR,REDST,1,7,,6,,,47,,,,,NE,,,,,,,,,,,,,,,,,,,,,,,,,,,,,,,,,,,,,,,,,,,,
666,1977,111,YAR,BLUTI,1,9,,7,,,41,,,,,NE,,,,,,,,,,,,,,,,,,,,,,,,,,,,,,,,,,,,,,,,,,,,
667,1977,112,YAR,PIEFL,1,7,6,6,,,43,,,,,NE,,,,,,,,,,,,,,,,,,,,,,,,,,,,,,,,,,,,,,,,,,,,
668,1977,114,YAR,BLUTI,1,5,0,0,,,,,,,,ED,,,,,,,,,,,,,,,,,,,,,,,,,,,,,,,,,,,,,,,,,,,,
669,1977,117,YAR,PIEFL,2,,0,0,,,,,4,,,ED,,,,,,,,,,,,,,,,,,,,,,,,,,,,,,,,,,,,,,,,,,,,
670,1977,123,YAR,PIEFL,1,6,4,4,,,55,,,,,NE,,,,,,,,,,,,,,,,,,,,,,,,,,,,,,,,,,,,,,,,,,,,
671,1977,124,YAR,BLUTI,1,13,,11,,,27,,,,,NE,,,,,,,,,,,,,,,,,,,,,,,,,,,,,,,,,,,,,,,,,,,,
672,1977,128,YAR,PIEFL,1,,0,0,,,,,3,,,ED,,,,,,,,,,,,,,,,,,,,,,,,,,,,,,,,,,,,,,,,,,,,
673,1977,130,YAR,PIEFL,1,,,5,,,,,6,,,NE,,,,,,,,,,,,,,,,,,,,,,,,,,,,,,,,,,,,,,,,,,,,
674,1977,131,YAR,GRETI,1,7,0,0,,,31,,,,,ED,,,,,,,,,,,,,,,,,,,,,,,,,,,,,,,,,,,,,,,,,,,,
675,1977,201,YAR,GRETI,1,9,,2,,,29,,,,,NE,,,,,,,,,,,,,,,,,,,,,,,,,,,,,,,,,,,,,,,,,,,,
676,1977,203,YAR,PIEFL,1,7,,6,,,43,,,,,NE,,,,,,,,,,,,,,,,,,,,,,,,,,,,,,,,,,,,,,,,,,,,
677,1977,204,YAR,BLUTI,1,,,8,,,28,,10,2,,NE,,,,,,,,,,,,,,,,,,,,,,,,,,,,,,,,,,,,,,,,,,,,
678,1977,207,YAR,GRETI,1,9,,0,,,31,,,,,JD,,,,,,,,,,,,,,,,,,,,,,,,,,,,,,,,,,,,,,,,,,,,
679,1977,209,YAR,PIEFL,1,6,,5,,,49,,,,,NE,,,,,,,,,,,,,,,,,,,,,,,,,,,,,,,,,,,,,,,,,,,,
680,1977,211,YAR,BLUTI,1,5,5,5,,,35,,,,,NE,,,,,,,,,,,,,,,,,,,,,,,,,,,,,,,,,,,,,,,,,,,,
681,1977,213,YAR,BLUTI,1,8,0,0,,,32,,,,,ED,,,,,,,,,,,,,,,,,,,,,,,,,,,,,,,,,,,,,,,,,,,,
682,1977,214,YAR,MARTI,1,6,6,5,,,,,,,,NE,,,,,,,,,,,,,,,,,,,,,,,,,,,,,,,,,,,,,,,,,,,,
683,1977,215,YAR,BLUTI,1,,,7,,,46,,,,,NE,,,,,,,,,,,,,,,,,,,,,,,,,,,,,,,,,,,,,,,,,,,,
684,1977,216,YAR,GRETI,1,11,,10,,,30,,,,,NE,,,,,,,,,,,,,,,,,,,,,,,,,,,,,,,,,,,,,,,,,,,,
685,1977,217,YAR,BLUTI,1,10,9,8,,,29,,,,,NE,,,,,,,,,,,,,,,,,,,,,,,,,,,,,,,,,,,,,,,,,,,,
686,1977,218,YAR,NUTHA,1,4,,3,,,,,,,,NE,,,,,,,,,,,,,,,,,,,,,,,,,,,,,,,,,,,,,,,,,,,,
687,1977,219,YAR,BLUTI,1,10,,2,,,32,,,,,NE,,,,,,,,,,,,,,,,,,,,,,,,,,,,,,,,,,,,,,,,,,,,
688,1977,220,YAR,REDST,2,4,,3,,,76,,,,,NE,,,,,,,,,,,,,,,,,,,,,,,,,,,,,,,,,,,,,,,,,,,,
689,1977,222,YAR,REDST,1,6,4,4,,,41,,,,,NE,,,,,,,,,,,,,,,,,,,,,,,,,,,,,,,,,,,,,,,,,,,,
690,1977,223,YAR,BLUTI,1,11,,5,,,24,,,,,NE,,,,,,,,,,,,,,,,,,,,,,,,,,,,,,,,,,,,,,,,,,,,
691,1977,225,YAR,BLUTI,1,9,,6,,,26,,,,,NE,,,,,,,,,,,,,,,,,,,,,,,,,,,,,,,,,,,,,,,,,,,,
692,1977,227,YAR,BLUTI,1,5,5,5,,,29,,,,,NE,,,,,,,,,,,,,,,,,,,,,,,,,,,,,,,,,,,,,,,,,,,,
693,1977,228,YAR,BLUTI,1,12,12,12,,,37,,,,,NE,,,,,,,,,,,,,,,,,,,,,,,,,,,,,,,,,,,,,,,,,,,,
694,1977,230,YAR,GRETI,1,,,7,,,43,,8,,,NE,,,,,,,,,,,,,,,,,,,,,,,,,,,,,,,,,,,,,,,,,,,,
695,1977,231,YAR,BLUTI,1,9,,6,,,45,,,,,NE,,,,,,,,,,,,,,,,,,,,,,,,,,,,,,,,,,,,,,,,,,,,
696,1977,232,YAR,GRETI,1,,,6,,,35,,7,,,NE,,,,,,,,,,,,,,,,,,,,,,,,,,,,,,,,,,,,,,,,,,,,
697,1977,233,YAR,COATI,1,8,,6,,,36,,,,,NE,,,,,,,,,,,,,,,,,,,,,,,,,,,,,,,,,,,,,,,,,,,,
698,1977,234,YAR,BLUTI,1,10,,8,,,35,,,,,NE,,,,,,,,,,,,,,,,,,,,,,,,,,,,,,,,,,,,,,,,,,,,
699,1977,235,YAR,BLUTI,1,11,,9,,,29,,,,,NE,,,,,,,,,,,,,,,,,,,,,,,,,,,,,,,,,,,,,,,,,,,,
700,1977,236,YAR,NUTHA,1,5,,3,,,29,,,,,NE,,,,,,,,,,,,,,,,,,,,,,,,,,,,,,,,,,,,,,,,,,,,
701,1977,238,YAR,BLUTI,1,11,,10,,,28,,,,,NE,,,,,,,,,,,,,,,,,,,,,,,,,,,,,,,,,,,,,,,,,,,,
702,1977,239,YAR,BLUTI,1,9,9,9,,,41,,,,,NE,,,,,,,,,,,,,,,,,,,,,,,,,,,,,,,,,,,,,,,,,,,,
703,1977,240,YAR,BLUTI,1,,,8,,,,,,,,NE,,,,,,,,,,,,,,,,,,,,,,,,,,,,,,,,,,,,,,,,,,,,
704,1977,243,YAR,GRETI,1,,,6,,,42,,,,,NE,,,,,,,,,,,,,,,,,,,,,,,,,,,,,,,,,,,,,,,,,,,,
705,1977,244,YAR,BLUTI,1,12,,9,,,37,,,,,NE,,,,,,,,,,,,,,,,,,,,,,,,,,,,,,,,,,,,,,,,,,,,
706,1977,245,YAR,BLUTI,1,12,,7,,,21,,,,,NE,,,,,,,,,,,,,,,,,,,,,,,,,,,,,,,,,,,,,,,,,,,,
707,1977,247,YAR,BLUTI,1,9,4,0,,,32,,,,,JD,,,,,,,,,,,,,,,,,,,,,,,,,,,,,,,,,,,,,,,,,,,,
708,1977,249,YAR,GRETI,1,7,,6,,,35,,,,,NE,,,,,,,,,,,,,,,,,,,,,,,,,,,,,,,,,,,,,,,,,,,,
709,1977,305,YAR,GRETI,1,,0,0,,,42,,7,,,ED,,,,,,,,,,,,,,,,,,,,,,,,,,,,,,,,,,,,,,,,,,,,
710,1977,306,YAR,GRETI,1,,,3,,,56,,,,,NE,,,,,,,,,,,,,,,,,,,,,,,,,,,,,,,,,,,,,,,,,,,,
711,1977,307,YAR,BLUTI,1,,0,0,,,22,,10,,,ED,,,,,,,,,,,,,,,,,,,,,,,,,,,,,,,,,,,,,,,,,,,,
712,1977,310,YAR,BLUTI,1,,,11,,,29,,,,,NE,,,,,,,,,,,,,,,,,,,,,,,,,,,,,,,,,,,,,,,,,,,,
713,1977,311,YAR,GRETI,1,10,,8,,,29,,,,,NE,,,,,,,,,,,,,,,,,,,,,,,,,,,,,,,,,,,,,,,,,,,,
714,1977,316,YAR,BLUTI,1,12,10,10,,,26,,,,,NE,,,,,,,,,,,,,,,,,,,,,,,,,,,,,,,,,,,,,,,,,,,,
715,1977,317,YAR,BLUTI,1,11,,10,,,32,,,,,NE,,,,,,,,,,,,,,,,,,,,,,,,,,,,,,,,,,,,,,,,,,,,
716,1977,318,YAR,GRETI,1,,,3,,,25,,,,,NE,,,,,,,,,,,,,,,,,,,,,,,,,,,,,,,,,,,,,,,,,,,,
717,1977,318,YAR,BLUTI,1,,,2,,,,,,,,NE,,,,,,,,,,,,,,,,,,,,,,,,,,,,,,,,,,,,,,,,,,,,
718,1977,319,YAR,BLUTI,1,,,10,,,29,,,,,NE,,,,,,,,,,,,,,,,,,,,,,,,,,,,,,,,,,,,,,,,,,,,
719,1977,321,YAR,BLUTI,1,,,8,,,33,,,,,NE,,,,,,,,,,,,,,,,,,,,,,,,,,,,,,,,,,,,,,,,,,,,
720,1977,322,YAR,BLUTI,1,,0,0,,,,,3,,,ED,,,,,,,,,,,,,,,,,,,,,,,,,,,,,,,,,,,,,,,,,,,,
721,1977,324,YAR,BLUTI,1,,,9,,,28,,,,,NE,,,,,,,,,,,,,,,,,,,,,,,,,,,,,,,,,,,,,,,,,,,,
722,1977,325,YAR,BLUTI,1,9,,8,,,34,,,,,NE,,,,,,,,,,,,,,,,,,,,,,,,,,,,,,,,,,,,,,,,,,,,
723,1977,326,YAR,BLUTI,1,,,4,,,32,,,,,NE,,,,,,,,,,,,,,,,,,,,,,,,,,,,,,,,,,,,,,,,,,,,
724,1977,327,YAR,GRETI,1,6,,,,,33,,,,,NE,,,,,,,,,,,,,,,,,,,,,,,,,,,,,,,,,,,,,,,,,,,,
725,1977,328,YAR,BLUTI,1,7,6,5,,,43,,,,,NE,,,,,,,,,,,,,,,,,,,,,,,,,,,,,,,,,,,,,,,,,,,,
726,1977,330,YAR,PIEFL,1,7,,1,,,45,,,,,NE,,,,,,,,,,,,,,,,,,,,,,,,,,,,,,,,,,,,,,,,,,,,
727,1977,331,YAR,BLUTI,1,10,,6,,,26,,,,,NE,,,,,,,,,,,,,,,,,,,,,,,,,,,,,,,,,,,,,,,,,,,,
728,1977,332,YAR,PIEFL,1,7,6,6,,,41,,,,,NE,,,,,,,,,,,,,,,,,,,,,,,,,,,,,,,,,,,,,,,,,,,,
729,1977,333,YAR,BLUTI,1,8,6,6,,,29,,,,,NE,,,,,,,,,,,,,,,,,,,,,,,,,,,,,,,,,,,,,,,,,,,,
730,1977,334,YAR,BLUTI,1,12,,0,,,29,,,,,JD,,,,,,,,,,,,,,,,,,,,,,,,,,,,,,,,,,,,,,,,,,,,
731,1977,335,YAR,BLUTI,1,10,,0,,,28,,,,,JD,,,,,,,,,,,,,,,,,,,,,,,,,,,,,,,,,,,,,,,,,,,,
732,1977,336,YAR,BLUTI,1,7,7,0,,,27,,,,,JD,,,,,,,,,,,,,,,,,,,,,,,,,,,,,,,,,,,,,,,,,,,,
733,1977,337,YAR,PIEFL,1,6,,3,,,48,,,,,NE,,,,,,,,,,,,,,,,,,,,,,,,,,,,,,,,,,,,,,,,,,,,
734,1977,339,YAR,PIEFL,1,6,5,5,,,45,,,,,NE,,,,,,,,,,,,,,,,,,,,,,,,,,,,,,,,,,,,,,,,,,,,
735,1977,340,YAR,GRETI,1,7,4,3,,,38,,,,,NE,,,,,,,,,,,,,,,,,,,,,,,,,,,,,,,,,,,,,,,,,,,,
736,1977,342,YAR,BLUTI,1,14,,8,,,24,,,,,NE,,,,,,,,,,,,,,,,,,,,,,,,,,,,,,,,,,,,,,,,,,,,
737,1977,343,YAR,BLUTI,1,,,8,,,31,,9,,,NE,,,,,,,,,,,,,,,,,,,,,,,,,,,,,,,,,,,,,,,,,,,,
738,1977,345,YAR,BLUTI,1,,0,0,,,,,3,,,ED,,,,,,,,,,,,,,,,,,,,,,,,,,,,,,,,,,,,,,,,,,,,
739,1977,346,YAR,BLUTI,1,12,11,11,,,29,,,,,NE,,,,,,,,,,,,,,,,,,,,,,,,,,,,,,,,,,,,,,,,,,,,
740,1977,348,YAR,BLUTI,1,,0,0,,,35,,4,,,ED,,,,,,,,,,,,,,,,,,,,,,,,,,,,,,,,,,,,,,,,,,,,
741,1977,349,YAR,PIEFL,1,8,,7,,,42,,,,,NE,,,,,,,,,,,,,,,,,,,,,,,,,,,,,,,,,,,,,,,,,,,,
742,1977,353,YAR,BLUTI,1,11,,10,,,28,,,,,NE,,,,,,,,,,,,,,,,,,,,,,,,,,,,,,,,,,,,,,,,,,,,
743,1977,354,YAR,BLUTI,1,11,,8,,,31,,,,,NE,,,,,,,,,,,,,,,,,,,,,,,,,,,,,,,,,,,,,,,,,,,,
744,1977,355,YAR,PIEFL,1,8,8,8,,,41,,,,,NE,,,,,,,,,,,,,,,,,,,,,,,,,,,,,,,,,,,,,,,,,,,,
745,1978,4,BVW,MARTI,1,10,,6,,,32,,,,,NE,,,,,,,,,,,,,,,,,,,,,,,,,,,,,,,,,,,,,,,,,,,,
746,1978,5,BVW,GRETI,1,10,10,10,,,28,,,,,NE,,,,,,,,,,,,,,,,,,,,,,,,,,,,,,,,,,,,,,,,,,,,
747,1978,6,BVW,PIEFL,1,7,7,7,,,48,,,,,NE,,,,,,,,,,,,,,,,,,,,,,,,,,,,,,,,,,,,,,,,,,,,
748,1978,10,BVW,BLUTI,1,10,10,10,,,32,,,,,NE,,,,,,,,,,,,,,,,,,,,,,,,,,,,,,,,,,,,,,,,,,,,
749,1978,14,BVW,BLUTI,1,10,10,10,,,26,,,,,NE,,,,,,,,,,,,,,,,,,,,,,,,,,,,,,,,,,,,,,,,,,,,
750,1978,15,BVW,GRETI,1,,,7,,,,,,,,NE,,,,,,,,,,,,,,,,,,,,,,,,,,,,,,,,,,,,,,,,,,,,
751,1978,16,BVW,GRETI,2,,,7,,,36,,,,,NE,,,,,,,,,,,,,,,,,,,,,,,,,,,,,,,,,,,,,,,,,,,,
752,1978,17,BVW,PIEFL,1,7,7,7,,,46,,,,,NE,,,,,,,,,,,,,,,,,,,,,,,,,,,,,,,,,,,,,,,,,,,,
753,1978,18,BVW,BLUTI,1,,,10,,,25,,,,,NE,,,,,,,,,,,,,,,,,,,,,,,,,,,,,,,,,,,,,,,,,,,,
754,1978,19,BVW,BLUTI,1,,,9,,,37,,,,,NE,,,,,,,,,,,,,,,,,,,,,,,,,,,,,,,,,,,,,,,,,,,,
755,1978,20,BVW,NUTHA,1,7,,6,,,43,,,,,NE,,,,,,,,,,,,,,,,,,,,,,,,,,,,,,,,,,,,,,,,,,,,
756,1978,22,BVW,BLUTI,1,,0,0,,,,,,4,,ED,,,,,,,,,,,,,,,,,,,,,,,,,,,,,,,,,,,,,,,,,,,,
757,1978,23,BVW,BLUTI,1,12,,,,,26,,,,,OU,,,,,,,,,,,,,,,,,,,,,,,,,,,,,,,,,,,,,,,,,,,,
758,1978,24,BVW,BLUTI,1,13,,10,,,24,,,,,NE,,,,,,,,,,,,,,,,,,,,,,,,,,,,,,,,,,,,,,,,,,,,
759,1978,,HKN,MARTI,1,6,6,6,,,,,,,,NE,,,,,,,,,,,,,,,,,,,,,,,,,,,,,,,,,,,,,,,,,,,,
760,1978,,HKN,PIEFL,1,7,7,7,,,,,,,,NE,,,,,,,,,,,,,,,,,,,,,,,,,,,,,,,,,,,,,,,,,,,,
761,1978,104,YAR,REDST,1,7,3,3,,,,,,,,NE,,,,,,,,,,,,,,,,,,,,,,,,,,,,,,,,,,,,,,,,,,,,
762,1978,105,YAR,BLUTI,1,15,,11,,,27,,,,,NE,,,,,,,,,,,,,,,,,,,,,,,,,,,,,,,,,,,,,,,,,,,,
763,1978,109,YAR,GRETI,1,8,8,8,,,28,49,,,,NE,,,,,,,,,,,,,,,,,,,,,,,,,,,,,,,,,,,,,,,,,,,,
764,1978,110,YAR,MARTI,1,9,9,9,,,25,,,,,NE,,,,,,,,,,,,,,,,,,,,,,,,,,,,,,,,,,,,,,,,,,,,
765,1978,114,YAR,PIEFL,1,7,7,7,,,41,,,,,NE,,,,,,,,,,,,,,,,,,,,,,,,,,,,,,,,,,,,,,,,,,,,
766,1978,115,YAR,GRETI,2,8,,6,,,66,,,,,NE,,,,,,,,,,,,,,,,,,,,,,,,,,,,,,,,,,,,,,,,,,,,
767,1978,123,YAR,PIEFL,1,7,5,5,,,42,,,2,,NE,,,,,,,,,,,,,,,,,,,,,,,,,,,,,,,,,,,,,,,,,,,,
768,1978,128,YAR,BLUTI,1,11,,10,,,31,,,,,NE,,,,,,,,,,,,,,,,,,,,,,,,,,,,,,,,,,,,,,,,,,,,
769,1978,130,YAR,BLUTI,1,,,0,,,26,,,,,JP,,,,,,,,,,,,,,,,,,,,,,,,,,,,,,,,,,,,,,,,,,,,
770,1978,132,YAR,GRETI,1,8,8,8,,,23,,,,,NE,,,,,,,,,,,,,,,,,,,,,,,,,,,,,,,,,,,,,,,,,,,,
771,1978,203,YAR,PIEFL,1,7,7,7,,,44,63,,,,NE,,,,,,,,,,,,,,,,,,,,,,,,,,,,,,,,,,,,,,,,,,,,
772,1978,206,YAR,BLUTI,1,10,10,10,,,26,,,,,NE,,,,,,,,,,,,,,,,,,,,,,,,,,,,,,,,,,,,,,,,,,,,
773,1978,214,YAR,REDST,1,4,4,4,,,,,,,,NE,,,,,,,,,,,,,,,,,,,,,,,,,,,,,,,,,,,,,,,,,,,,
774,1978,214,YAR,BLUTI,1,,0,0,,,34,,8,,,EU,,,,,,,,,,,,,,,,,,,,,,,,,,,,,,,,,,,,,,,,,,,,
775,1978,216,YAR,BLUTI,1,,,11,,,34,,,,,NE,,,,,,,,,,,,,,,,,,,,,,,,,,,,,,,,,,,,,,,,,,,,
776,1978,219,YAR,BLUTI,1,,,10,,,45,,,,,NE,,,,,,,,,,,,,,,,,,,,,,,,,,,,,,,,,,,,,,,,,,,,
777,1978,222,YAR,BLUTI,1,12,,10,,,27,,,,,NE,,,,,,,,,,,,,,,,,,,,,,,,,,,,,,,,,,,,,,,,,,,,
778,1978,223,YAR,BLUTI,1,8,,7,,,28,,,,,NE,,,,,,,,,,,,,,,,,,,,,,,,,,,,,,,,,,,,,,,,,,,,
779,1978,224,YAR,GRETI,2,,,0,,,66,,7,,,JD,,,,,,,,,,,,,,,,,,,,,,,,,,,,,,,,,,,,,,,,,,,,
780,1978,225,YAR,BLUTI,1,11,11,11,,,27,,,,,NE,,,,,,,,,,,,,,,,,,,,,,,,,,,,,,,,,,,,,,,,,,,,
781,1978,227,YAR,BLUTI,1,11,11,11,,,29,,,,,NE,,,,,,,,,,,,,,,,,,,,,,,,,,,,,,,,,,,,,,,,,,,,
782,1978,228,YAR,BLUTI,1,7,7,7,,,35,,,,,NE,,,,,,,,,,,,,,,,,,,,,,,,,,,,,,,,,,,,,,,,,,,,
783,1978,229,YAR,GRETI,1,,0,0,,,,,1,,,EP,,,,,,,,,,,,,,,,,,,,,,,,,,,,,,,,,,,,,,,,,,,,
784,1978,230,YAR,PIEFL,1,7,7,7,,,42,63,,,,NE,,,,,,,,,,,,,,,,,,,,,,,,,,,,,,,,,,,,,,,,,,,,
785,1978,231,YAR,GRETI,1,,0,0,,,35,,,,,EP,,,,,,,,,,,,,,,,,,,,,,,,,,,,,,,,,,,,,,,,,,,,
786,1978,232,YAR,GRETI,1,9,9,9,,,26,,,,,NE,,,,,,,,,,,,,,,,,,,,,,,,,,,,,,,,,,,,,,,,,,,,
787,1978,233,YAR,BLUTI,1,,,9,,,32,,10,,,NE,,,,,,,,,,,,,,,,,,,,,,,,,,,,,,,,,,,,,,,,,,,,
788,1978,235,YAR,BLUTI,1,10,,9,,,34,,,,,NE,,,,,,,,,,,,,,,,,,,,,,,,,,,,,,,,,,,,,,,,,,,,
789,1978,236,YAR,BLUTI,1,,,12,,,32,,,,,NE,,,,,,,,,,,,,,,,,,,,,,,,,,,,,,,,,,,,,,,,,,,,
790,1978,239,YAR,BLUTI,1,,,12,,,27,,13,,,NE,,,,,,,,,,,,,,,,,,,,,,,,,,,,,,,,,,,,,,,,,,,,
791,1978,241,YAR,BLUTI,1,10,9,9,,,32,,,,,NE,,,,,,,,,,,,,,,,,,,,,,,,,,,,,,,,,,,,,,,,,,,,
792,1978,242,YAR,MARTI,1,9,2,0,,,52,,,,,JD,,,,,,,,,,,,,,,,,,,,,,,,,,,,,,,,,,,,,,,,,,,,
793,1978,245,YAR,BLUTI,1,,,13,,,34,,,,,NE,,,,,,,,,,,,,,,,,,,,,,,,,,,,,,,,,,,,,,,,,,,,
794,1978,249,YAR,BLUTI,1,,0,0,,,,,1,,,EP,,,,,,,,,,,,,,,,,,,,,,,,,,,,,,,,,,,,,,,,,,,,
795,1978,250,YAR,BLUTI,1,,,11,,,40,,,,,NE,,,,,,,,,,,,,,,,,,,,,,,,,,,,,,,,,,,,,,,,,,,,
796,1978,306,YAR,BLUTI,1,,,9,,,27,,,,,NE,,,,,,,,,,,,,,,,,,,,,,,,,,,,,,,,,,,,,,,,,,,,
797,1978,310,YAR,PIEFL,1,7,7,7,,,43,,,,,NE,,,,,,,,,,,,,,,,,,,,,,,,,,,,,,,,,,,,,,,,,,,,
798,1978,311,YAR,MARTI,2,9,9,9,,,63,,,,,NE,,,,,,,,,,,,,,,,,,,,,,,,,,,,,,,,,,,,,,,,,,,,
799,1978,312,YAR,BLUTI,1,13,,,,,27,,,,,OU,,,,,,,,,,,,,,,,,,,,,,,,,,,,,,,,,,,,,,,,,,,,
800,1978,315,YAR,BLUTI,1,13,,12,,,34,,,,,NE,,,,,,,,,,,,,,,,,,,,,,,,,,,,,,,,,,,,,,,,,,,,
801,1978,322,YAR,BLUTI,1,,,11,,,32,,,,,NE,,,,,,,,,,,,,,,,,,,,,,,,,,,,,,,,,,,,,,,,,,,,
802,1978,324,YAR,BLUTI,1,,,15,,,25,,,,,NE,,,,,,,,,,,,,,,,,,,,,,,,,,,,,,,,,,,,,,,,,,,,
803,1978,325,YAR,GRETI,1,,,9,,,30,,10,,,NE,,,,,,,,,,,,,,,,,,,,,,,,,,,,,,,,,,,,,,,,,,,,
804,1978,327,YAR,GRETI,2,,,0,,,,,6,,,JD,,,,,,,,,,,,,,,,,,,,,,,,,,,,,,,,,,,,,,,,,,,,
805,1978,328,YAR,REDST,1,7,7,7,,,39,,,,,NE,,,,,,,,,,,,,,,,,,,,,,,,,,,,,,,,,,,,,,,,,,,,
806,1978,329,YAR,BLUTI,1,13,0,0,,,30,,,,,ED,,,,,,,,,,,,,,,,,,,,,,,,,,,,,,,,,,,,,,,,,,,,
807,1978,330,YAR,GRETI,1,10,10,10,,,23,,,,,NE,,,,,,,,,,,,,,,,,,,,,,,,,,,,,,,,,,,,,,,,,,,,
808,1978,332,YAR,GRETI,2,,,0,,,,,,,,JD,,,,,,,,,,,,,,,,,,,,,,,,,,,,,,,,,,,,,,,,,,,,
809,1978,335,YAR,BLUTI,1,,,13,,,24,,14,,,NE,,,,,,,,,,,,,,,,,,,,,,,,,,,,,,,,,,,,,,,,,,,,
810,1978,336,YAR,PIEFL,1,9,8,8,,,43,63,,,,NE,,,,,,,,,,,,,,,,,,,,,,,,,,,,,,,,,,,,,,,,,,,,
811,1978,337,YAR,BLUTI,1,,,13,,,21,,,,,NE,,,,,,,,,,,,,,,,,,,,,,,,,,,,,,,,,,,,,,,,,,,,
812,1978,340,YAR,PIEFL,1,7,7,7,,,43,63,,,,NE,,,,,,,,,,,,,,,,,,,,,,,,,,,,,,,,,,,,,,,,,,,,
813,1978,343,YAR,PIEFL,1,7,6,6,,,45,63,,,,NE,,,,,,,,,,,,,,,,,,,,,,,,,,,,,,,,,,,,,,,,,,,,
814,1978,346,YAR,BLUTI,1,,,10,,,25,,,,,NE,,,,,,,,,,,,,,,,,,,,,,,,,,,,,,,,,,,,,,,,,,,,
815,1978,347,YAR,PIEFL,1,8,8,8,,,40,,,,,NE,,,,,,,,,,,,,,,,,,,,,,,,,,,,,,,,,,,,,,,,,,,,
816,1978,352,YAR,BLUTI,1,,,11,,,27,,,,,NE,,,,,,,,,,,,,,,,,,,,,,,,,,,,,,,,,,,,,,,,,,,,
817,1978,355,YAR,BLUTI,1,12,11,11,,,27,,,,,NE,,,,,,,,,,,,,,,,,,,,,,,,,,,,,,,,,,,,,,,,,,,,
818,1979,1,BVW,PIEFL,1,8,8,6,,,47,,,,,NE,,,,,,,,,,,,,,,,,,,,,,,,,,,,,,,,,,,,,,,,,,,,
819,1979,3,BVW,GRETI,1,11,9,9,,,,76,,,,NE,,,,,,,,,,,,,,,,,,,,,,,,,,,,,,,,,,,,,,,,,,,,
820,1979,4,BVW,PIEFL,1,,,7,,,45,,,,,NE,,,,,,,,,,,,,,,,,,,,,,,,,,,,,,,,,,,,,,,,,,,,
821,1979,6,BVW,GRETI,1,8,,6,,,32,,,,,NE,,,,,,,,,,,,,,,,,,,,,,,,,,,,,,,,,,,,,,,,,,,,
822,1979,12,BVW,BLUTI,1,9,,6,,,24,,,,,NE,,,,,,,,,,,,,,,,,,,,,,,,,,,,,,,,,,,,,,,,,,,,
823,1979,14,BVW,BLUTI,1,8,8,8,,,27,,,,,NE,,,,,,,,,,,,,,,,,,,,,,,,,,,,,,,,,,,,,,,,,,,,
824,1979,15,BVW,PIEFL,1,,0,0,,,52,,3,,,ED,,,,,,,,,,,,,,,,,,,,,,,,,,,,,,,,,,,,,,,,,,,,
825,1979,16,BVW,PIEFL,2,6,6,6,,,58,76,,,,NE,,,,,,,,,,,,,,,,,,,,,,,,,,,,,,,,,,,,,,,,,,,,
826,1979,17,BVW,BLUTI,1,,,9,,,38,,,,,NE,,,,,,,,,,,,,,,,,,,,,,,,,,,,,,,,,,,,,,,,,,,,
827,1979,19,BVW,BLUTI,1,10,10,10,,,29,,,,,NE,,,,,,,,,,,,,,,,,,,,,,,,,,,,,,,,,,,,,,,,,,,,
828,1979,20,BVW,NUTHA,1,,,5,,,33,,,,,NE,,,,,,,,,,,,,,,,,,,,,,,,,,,,,,,,,,,,,,,,,,,,
829,1979,23,BVW,BLUTI,1,8,,5,,,35,,,,,NE,,,,,,,,,,,,,,,,,,,,,,,,,,,,,,,,,,,,,,,,,,,,
830,1979,24,BVW,BLUTI,1,,,9,,,30,,,,,NE,,,,,,,,,,,,,,,,,,,,,,,,,,,,,,,,,,,,,,,,,,,,
831,1979,101,YAR,BLUTI,1,11,,4,,,31,,,,,NE,,,,,,,,,,,,,,,,,,,,,,,,,,,,,,,,,,,,,,,,,,,,
832,1979,104,YAR,REDST,1,6,6,6,,,57,,,,,NE,,,,,,,,,,,,,,,,,,,,,,,,,,,,,,,,,,,,,,,,,,,,
833,1979,105,YAR,BLUTI,1,,,0,,,31,,,,,JD,,,,,,,,,,,,,,,,,,,,,,,,,,,,,,,,,,,,,,,,,,,,
834,1979,115,YAR,PIEFL,1,6,6,6,,,53,,,,,NE,,,,,,,,,,,,,,,,,,,,,,,,,,,,,,,,,,,,,,,,,,,,
835,1979,117,YAR,GRETI,2,6,6,4,,,,,,,,NE,,,,,,,,,,,,,,,,,,,,,,,,,,,,,,,,,,,,,,,,,,,,
836,1979,119,YAR,BLUTI,1,,,11,,,36,,,,,NE,,,,,,,,,,,,,,,,,,,,,,,,,,,,,,,,,,,,,,,,,,,,
837,1979,123,YAR,BLUTI,1,13,,10,,,27,,,,,NE,,,,,,,,,,,,,,,,,,,,,,,,,,,,,,,,,,,,,,,,,,,,
838,1979,124,YAR,GRETI,1,8,8,7,,,34,,,,,NE,,,,,,,,,,,,,,,,,,,,,,,,,,,,,,,,,,,,,,,,,,,,
839,1979,127,YAR,REDST,1,6,6,6,,,36,,,,,NE,,,,,,,,,,,,,,,,,,,,,,,,,,,,,,,,,,,,,,,,,,,,
840,1979,128,YAR,PIEFL,1,7,7,7,,,48,,,,,NE,,,,,,,,,,,,,,,,,,,,,,,,,,,,,,,,,,,,,,,,,,,,
841,1979,206,YAR,PIEFL,1,8,8,8,,,58,,,,,NE,,,,,,,,,,,,,,,,,,,,,,,,,,,,,,,,,,,,,,,,,,,,
842,1979,207,YAR,PIEFL,1,8,0,0,,,46,,,,,ED,,,,,,,,,,,,,,,,,,,,,,,,,,,,,,,,,,,,,,,,,,,,
843,1979,213,YAR,REDST,1,5,5,5,,,46,67,,,,NE,,,,,,,,,,,,,,,,,,,,,,,,,,,,,,,,,,,,,,,,,,,,
844,1979,214,YAR,REDST,1,7,7,7,,,,,,,,NE,,,,,,,,,,,,,,,,,,,,,,,,,,,,,,,,,,,,,,,,,,,,
845,1979,217,YAR,BLUTI,1,13,,10,,,29,,,,,NE,,,,,,,,,,,,,,,,,,,,,,,,,,,,,,,,,,,,,,,,,,,,
846,1979,221,YAR,PIEFL,1,7,7,6,,,53,,,,,NE,,,,,,,,,,,,,,,,,,,,,,,,,,,,,,,,,,,,,,,,,,,,
847,1979,223,YAR,BLUTI,1,,,9,,,30,,,,,NE,,,,,,,,,,,,,,,,,,,,,,,,,,,,,,,,,,,,,,,,,,,,
848,1979,224,YAR,BLUTI,1,9,,6,,,30,,,,,NE,,,,,,,,,,,,,,,,,,,,,,,,,,,,,,,,,,,,,,,,,,,,
849,1979,225,YAR,BLUTI,1,9,7,7,,,31,,,,,NE,,,,,,,,,,,,,,,,,,,,,,,,,,,,,,,,,,,,,,,,,,,,
850,1979,229,YAR,BLUTI,1,,,7,,,31,,10,,,NE,,,,,,,,,,,,,,,,,,,,,,,,,,,,,,,,,,,,,,,,,,,,
851,1979,231,YAR,GRETI,1,,,0,,,30,,7,,,JD,,,,,,,,,,,,,,,,,,,,,,,,,,,,,,,,,,,,,,,,,,,,
852,1979,233,YAR,PIEFL,1,8,8,8,,,46,,,,,NE,,,,,,,,,,,,,,,,,,,,,,,,,,,,,,,,,,,,,,,,,,,,
853,1979,235,YAR,BLUTI,1,9,,5,,,27,,,,,NE,,,,,,,,,,,,,,,,,,,,,,,,,,,,,,,,,,,,,,,,,,,,
854,1979,236,YAR,GRETI,1,,,3,,,,,,,,NE,,,,,,,,,,,,,,,,,,,,,,,,,,,,,,,,,,,,,,,,,,,,
855,1979,238,YAR,PIEFL,1,7,,4,,,47,,,,,NE,,,,,,,,,,,,,,,,,,,,,,,,,,,,,,,,,,,,,,,,,,,,
856,1979,240,YAR,REDST,1,6,6,6,,,58,,,,,NE,,,,,,,,,,,,,,,,,,,,,,,,,,,,,,,,,,,,,,,,,,,,
857,1979,241,YAR,BLUTI,1,,,8,,,32,,10,,,NE,,,,,,,,,,,,,,,,,,,,,,,,,,,,,,,,,,,,,,,,,,,,
858,1979,243,YAR,REDST,1,7,6,6,,,47,,,,,NE,,,,,,,,,,,,,,,,,,,,,,,,,,,,,,,,,,,,,,,,,,,,
859,1979,246,YAR,BLUTI,1,12,,9,,,26,,,,,NE,,,,,,,,,,,,,,,,,,,,,,,,,,,,,,,,,,,,,,,,,,,,
860,1979,249,YAR,BLUTI,1,11,,8,,,29,,,,,NE,,,,,,,,,,,,,,,,,,,,,,,,,,,,,,,,,,,,,,,,,,,,
861,1979,303,YAR,GRETI,1,8,8,8,,,36,,,,,NE,,,,,,,,,,,,,,,,,,,,,,,,,,,,,,,,,,,,,,,,,,,,
862,1979,310,YAR,PIEFL,1,5,5,5,,,52,,,,,NE,,,,,,,,,,,,,,,,,,,,,,,,,,,,,,,,,,,,,,,,,,,,
863,1979,311,YAR,GRETI,1,,,8,,,38,,11,,,NE,,,,,,,,,,,,,,,,,,,,,,,,,,,,,,,,,,,,,,,,,,,,
864,1979,315,YAR,REDST,1,7,7,7,,,45,,,,,NE,,,,,,,,,,,,,,,,,,,,,,,,,,,,,,,,,,,,,,,,,,,,
865,1979,319,YAR,BLUTI,1,13,,11,,,32,,,,,NE,,,,,,,,,,,,,,,,,,,,,,,,,,,,,,,,,,,,,,,,,,,,
866,1979,323,YAR,REDST,1,7,6,6,,,48,,,,,NE,,,,,,,,,,,,,,,,,,,,,,,,,,,,,,,,,,,,,,,,,,,,
867,1979,324,YAR,PIEFL,1,6,6,6,,,48,69,,,,NE,,,,,,,,,,,,,,,,,,,,,,,,,,,,,,,,,,,,,,,,,,,,
868,1979,325,YAR,BLUTI,1,14,,10,,,28,,,,,NE,,,,,,,,,,,,,,,,,,,,,,,,,,,,,,,,,,,,,,,,,,,,
869,1979,326,YAR,REDST,1,6,4,4,,,47,,,,,NE,,,,,,,,,,,,,,,,,,,,,,,,,,,,,,,,,,,,,,,,,,,,
870,1979,327,YAR,PIEFL,1,6,6,6,,,47,,,,,NE,,,,,,,,,,,,,,,,,,,,,,,,,,,,,,,,,,,,,,,,,,,,
871,1979,328,YAR,REDST,1,,0,0,,,,,4,,,ED,,,,,,,,,,,,,,,,,,,,,,,,,,,,,,,,,,,,,,,,,,,,
872,1979,329,YAR,REDST,2,6,6,6,,,45,,,,,NE,,,,,,,,,,,,,,,,,,,,,,,,,,,,,,,,,,,,,,,,,,,,
873,1979,330,YAR,GRETI,1,8,,4,,,25,,,,,NE,,,,,,,,,,,,,,,,,,,,,,,,,,,,,,,,,,,,,,,,,,,,
874,1979,331,YAR,NUTHA,1,6,0,0,,,26,,,,,XD,,,,,,,,,,,,,,,,,,,,,,,,,,,,,,,,,,,,,,,,,,,,
875,1979,332,YAR,BLUTI,1,12,9,9,,,35,,,,,NE,,,,,,,,,,,,,,,,,,,,,,,,,,,,,,,,,,,,,,,,,,,,
876,1979,333,YAR,PIEFL,1,6,6,6,,,55,,,,,NE,,,,,,,,,,,,,,,,,,,,,,,,,,,,,,,,,,,,,,,,,,,,
877,1979,334,YAR,BLUTI,1,,,7,,,33,,8,,,NE,,,,,,,,,,,,,,,,,,,,,,,,,,,,,,,,,,,,,,,,,,,,
878,1979,335,YAR,PIEFL,1,6,6,6,,,46,,,,,NE,,,,,,,,,,,,,,,,,,,,,,,,,,,,,,,,,,,,,,,,,,,,
879,1979,336,YAR,BLUTI,1,13,,11,,,30,,,,,NE,,,,,,,,,,,,,,,,,,,,,,,,,,,,,,,,,,,,,,,,,,,,
880,1979,337,YAR,PIEFL,1,7,6,6,,,47,67,,,,NE,,,,,,,,,,,,,,,,,,,,,,,,,,,,,,,,,,,,,,,,,,,,
881,1979,339,YAR,BLUTI,1,7,6,6,,,,,,,,NE,,,,,,,,,,,,,,,,,,,,,,,,,,,,,,,,,,,,,,,,,,,,
882,1979,340,YAR,PIEFL,1,7,7,7,,,46,,,,,NE,,,,,,,,,,,,,,,,,,,,,,,,,,,,,,,,,,,,,,,,,,,,
883,1979,343,YAR,GRETI,1,,0,0,,,29,,,,,ED,,,,,,,,,,,,,,,,,,,,,,,,,,,,,,,,,,,,,,,,,,,,
884,1979,345,YAR,MARTI,1,8,,3,,,27,,,,,NE,,,,,,,,,,,,,,,,,,,,,,,,,,,,,,,,,,,,,,,,,,,,
885,1979,346,YAR,BLUTI,1,,0,0,,,32,,5,,,ED,,,,,,,,,,,,,,,,,,,,,,,,,,,,,,,,,,,,,,,,,,,,
886,1979,347,YAR,PIEFL,1,7,5,5,,,45,,,,,NE,,,,,,,,,,,,,,,,,,,,,,,,,,,,,,,,,,,,,,,,,,,,
887,1979,348,YAR,BLUTI,2,,,5,,,,,6,,,NE,,,,,,,,,,,,,,,,,,,,,,,,,,,,,,,,,,,,,,,,,,,,
888,1979,349,YAR,BLUTI,1,,,0,,,39,,,,,EM,,,,,,,,,,,,,,,,,,,,,,,,,,,,,,,,,,,,,,,,,,,,
889,1979,354,YAR,BLUTI,1,11,,7,,,44,,,,,NE,,,,,,,,,,,,,,,,,,,,,,,,,,,,,,,,,,,,,,,,,,,,
890,1979,355,YAR,BLUTI,1,11,,0,,,24,,,,,JP,,,,,,,,,,,,,,,,,,,,,,,,,,,,,,,,,,,,,,,,,,,,
891,1980,1,BVW,PIEFL,1,8,8,8,,,37,,,,,NE,,,,,,,,,,,,,,,,,,,,,,,,,,,,,,,,,,,,,,,,,,,,
892,1980,2,BVW,PIEFL,1,8,7,6,,,43,,,,,NE,,,,,,,,,,,,,,,,,,,,,,,,,,,,,,,,,,,,,,,,,,,,
893,1980,4,BVW,PIEFL,1,7,7,7,,,47,,,,,NE,,,,,,,,,,,,,,,,,,,,,,,,,,,,,,,,,,,,,,,,,,,,
894,1980,6,BVW,GRETI,1,10,,7,,,32,,,,,NE,,,,,,,,,,,,,,,,,,,,,,,,,,,,,,,,,,,,,,,,,,,,
895,1980,7,BVW,PIEFL,1,7,7,7,,,41,,,,,NE,,,,,,,,,,,,,,,,,,,,,,,,,,,,,,,,,,,,,,,,,,,,
896,1980,8,BVW,COATI,1,10,,7,,,26,,,,,NE,,,,,,,,,,,,,,,,,,,,,,,,,,,,,,,,,,,,,,,,,,,,
897,1980,9,BVW,NUTHA,1,,,5,,,,,7,,,NE,,,,,,,,,,,,,,,,,,,,,,,,,,,,,,,,,,,,,,,,,,,,
898,1980,11,BVW,BLUTI,1,,,9,,,,,11,,,NE,,,,,,,,,,,,,,,,,,,,,,,,,,,,,,,,,,,,,,,,,,,,
899,1980,12,BVW,BLUTI,1,11,11,11,,,25,,,,,NE,,,,,,,,,,,,,,,,,,,,,,,,,,,,,,,,,,,,,,,,,,,,
900,1980,14,BVW,BLUTI,1,11,11,11,,,31,57,,,,NE,,,,,,,,,,,,,,,,,,,,,,,,,,,,,,,,,,,,,,,,,,,,
901,1980,17,BVW,GRETI,2,7,7,7,,,43,,,,,NE,,,,,,,,,,,,,,,,,,,,,,,,,,,,,,,,,,,,,,,,,,,,
902,1980,20,BVW,GRETI,2,,0,0,,,70,,,,,ED,,,,,,,,,,,,,,,,,,,,,,,,,,,,,,,,,,,,,,,,,,,,
903,1980,21,BVW,GRETI,1,8,,0,,,,,,,,XD,,,,,,,,,,,,,,,,,,,,,,,,,,,,,,,,,,,,,,,,,,,,
904,1980,22,BVW,BLUTI,1,10,,9,,,27,,,,,NE,,,,,,,,,,,,,,,,,,,,,,,,,,,,,,,,,,,,,,,,,,,,
905,1980,24,BVW,BLUTI,1,,0,0,,,28,,,9,,ED,,,,,,,,,,,,,,,,,,,,,,,,,,,,,,,,,,,,,,,,,,,,
906,1980,101,YAR,BLUTI,1,10,,8,,,28,,,,,NE,,,,,,,,,,,,,,,,,,,,,,,,,,,,,,,,,,,,,,,,,,,,
907,1980,104,YAR,REDST,1,7,,5,,,39,,,,,NE,,,,,,,,,,,,,,,,,,,,,,,,,,,,,,,,,,,,,,,,,,,,
908,1980,106,YAR,PIEFL,1,6,5,5,,,45,63,,1,,NE,,,,,,,,,,,,,,,,,,,,,,,,,,,,,,,,,,,,,,,,,,,,
909,1980,109,YAR,BLUTI,1,13,,10,,,25,,,,,NE,,,,,,,,,,,,,,,,,,,,,,,,,,,,,,,,,,,,,,,,,,,,
910,1980,112,YAR,PIEFL,1,7,7,7,,,46,,,,,NE,,,,,,,,,,,,,,,,,,,,,,,,,,,,,,,,,,,,,,,,,,,,
911,1980,114,YAR,GRETI,1,8,8,8,,,27,,,,,NE,,,,,,,,,,,,,,,,,,,,,,,,,,,,,,,,,,,,,,,,,,,,
912,1980,115,YAR,PIEFL,1,8,,7,,,40,,,,,NE,,,,,,,,,,,,,,,,,,,,,,,,,,,,,,,,,,,,,,,,,,,,
913,1980,117,YAR,REDST,1,6,5,5,,,47,,,,,NE,,,,,,,,,,,,,,,,,,,,,,,,,,,,,,,,,,,,,,,,,,,,
914,1980,120,YAR,BLUTI,1,12,,9,,,30,,,,,NE,,,,,,,,,,,,,,,,,,,,,,,,,,,,,,,,,,,,,,,,,,,,
915,1980,122,YAR,PIEFL,1,8,8,8,,,43,63,,,,NE,,,,,,,,,,,,,,,,,,,,,,,,,,,,,,,,,,,,,,,,,,,,
916,1980,123,YAR,PIEFL,1,8,8,8,,,47,,,,,NE,,,,,,,,,,,,,,,,,,,,,,,,,,,,,,,,,,,,,,,,,,,,
917,1980,124,YAR,GRETI,1,11,11,11,,,28,,,,,NE,,,,,,,,,,,,,,,,,,,,,,,,,,,,,,,,,,,,,,,,,,,,
918,1980,126,YAR,BLUTI,1,13,13,12,,,21,,,,,NE,,,,,,,,,,,,,,,,,,,,,,,,,,,,,,,,,,,,,,,,,,,,
919,1980,129,YAR,REDST,2,4,,0,,,,,,,,JD,,,,,,,,,,,,,,,,,,,,,,,,,,,,,,,,,,,,,,,,,,,,
920,1980,130,YAR,REDST,1,6,6,6,,,,,,,,NE,,,,,,,,,,,,,,,,,,,,,,,,,,,,,,,,,,,,,,,,,,,,
921,1980,132,YAR,REDST,2,4,,1,,,,,,,,NE,,,,,,,,,,,,,,,,,,,,,,,,,,,,,,,,,,,,,,,,,,,,
922,1980,201,YAR,GRETI,2,6,,0,,,,84,,,,JD,,,,,,,,,,,,,,,,,,,,,,,,,,,,,,,,,,,,,,,,,,,,
923,1980,202,YAR,GRETI,1,11,,5,,,25,,,,,NE,,,,,,,,,,,,,,,,,,,,,,,,,,,,,,,,,,,,,,,,,,,,
924,1980,203,YAR,PIEFL,1,8,8,8,,,44,63,,,,NE,,,,,,,,,,,,,,,,,,,,,,,,,,,,,,,,,,,,,,,,,,,,
925,1980,204,YAR,BLUTI,1,12,12,12,,,27,,,,,NE,,,,,,,,,,,,,,,,,,,,,,,,,,,,,,,,,,,,,,,,,,,,
926,1980,205,YAR,REDST,1,8,8,8,,,45,,,,,NE,,,,,,,,,,,,,,,,,,,,,,,,,,,,,,,,,,,,,,,,,,,,
927,1980,206,YAR,PIEFL,1,7,7,7,,,53,,,,,NE,,,,,,,,,,,,,,,,,,,,,,,,,,,,,,,,,,,,,,,,,,,,
928,1980,210,YAR,NUTHA,1,5,5,5,,,29,,,,,NE,,,,,,,,,,,,,,,,,,,,,,,,,,,,,,,,,,,,,,,,,,,,
929,1980,213,YAR,REDST,1,5,,4,,,47,,,,,NE,,,,,,,,,,,,,,,,,,,,,,,,,,,,,,,,,,,,,,,,,,,,
930,1980,214,YAR,GRETI,1,,,0,,,30,,,,,JD,,,,,,,,,,,,,,,,,,,,,,,,,,,,,,,,,,,,,,,,,,,,
931,1980,215,YAR,BLUTI,1,13,,12,,,31,,,,,NE,,,,,,,,,,,,,,,,,,,,,,,,,,,,,,,,,,,,,,,,,,,,
932,1980,216,YAR,BLUTI,1,12,0,0,,,29,,,,,ED,,,,,,,,,,,,,,,,,,,,,,,,,,,,,,,,,,,,,,,,,,,,
933,1980,218,YAR,BLUTI,1,,,9,,,21,,,,,NE,,,,,,,,,,,,,,,,,,,,,,,,,,,,,,,,,,,,,,,,,,,,
934,1980,219,YAR,BLUTI,1,13,13,11,,,22,,,,,NE,,,,,,,,,,,,,,,,,,,,,,,,,,,,,,,,,,,,,,,,,,,,
935,1980,221,YAR,PIEFL,1,6,,2,,,43,,,,,NE,,,,,,,,,,,,,,,,,,,,,,,,,,,,,,,,,,,,,,,,,,,,
936,1980,222,YAR,BLUTI,1,12,,9,,,28,,,,,NE,,,,,,,,,,,,,,,,,,,,,,,,,,,,,,,,,,,,,,,,,,,,
937,1980,223,YAR,REDST,1,7,7,7,,,42,,,,,NE,,,,,,,,,,,,,,,,,,,,,,,,,,,,,,,,,,,,,,,,,,,,
938,1980,224,YAR,GRETI,1,9,9,9,,,38,,,,,NE,,,,,,,,,,,,,,,,,,,,,,,,,,,,,,,,,,,,,,,,,,,,
939,1980,225,YAR,BLUTI,1,13,,10,,,20,,,,,NE,,,,,,,,,,,,,,,,,,,,,,,,,,,,,,,,,,,,,,,,,,,,
940,1980,227,YAR,BLUTI,1,,0,0,,,27,,9,,,ED,,,,,,,,,,,,,,,,,,,,,,,,,,,,,,,,,,,,,,,,,,,,
941,1980,228,YAR,BLUTI,1,12,,7,,,26,,,,,NE,,,,,,,,,,,,,,,,,,,,,,,,,,,,,,,,,,,,,,,,,,,,
942,1980,229,YAR,BLUTI,1,12,,0,,,23,,,,,JD,,,,,,,,,,,,,,,,,,,,,,,,,,,,,,,,,,,,,,,,,,,,
943,1980,230,YAR,COATI,1,12,,10,,,37,,,,,NE,,,,,,,,,,,,,,,,,,,,,,,,,,,,,,,,,,,,,,,,,,,,
944,1980,231,YAR,PIEFL,1,6,6,6,,,43,63,,,,NE,,,,,,,,,,,,,,,,,,,,,,,,,,,,,,,,,,,,,,,,,,,,
945,1980,233,YAR,BLUTI,1,11,,9,,,20,49,,,,NE,,,,,,,,,,,,,,,,,,,,,,,,,,,,,,,,,,,,,,,,,,,,
946,1980,234,YAR,GRETI,1,,,4,,,34,,,,,NE,,,,,,,,,,,,,,,,,,,,,,,,,,,,,,,,,,,,,,,,,,,,
947,1980,235,YAR,BLUTI,1,10,,9,,,24,,,,,NE,,,,,,,,,,,,,,,,,,,,,,,,,,,,,,,,,,,,,,,,,,,,
948,1980,236,YAR,GRETI,1,,,7,,,29,,,,,NE,,,,,,,,,,,,,,,,,,,,,,,,,,,,,,,,,,,,,,,,,,,,
949,1980,238,YAR,PIEFL,1,8,7,7,,,43,,,,,NE,,,,,,,,,,,,,,,,,,,,,,,,,,,,,,,,,,,,,,,,,,,,
950,1980,239,YAR,BLUTI,1,10,10,10,,,26,,,,,NE,,,,,,,,,,,,,,,,,,,,,,,,,,,,,,,,,,,,,,,,,,,,
951,1980,241,YAR,BLUTI,1,9,,8,,,36,,,,,NE,,,,,,,,,,,,,,,,,,,,,,,,,,,,,,,,,,,,,,,,,,,,
952,1980,242,YAR,BLUTI,1,,,13,,,27,,,,,NE,,,,,,,,,,,,,,,,,,,,,,,,,,,,,,,,,,,,,,,,,,,,
953,1980,243,YAR,BLUTI,1,10,,10,,,26,,,,,NE,,,,,,,,,,,,,,,,,,,,,,,,,,,,,,,,,,,,,,,,,,,,
954,1980,244,YAR,PIEFL,1,6,6,5,,,48,,,,,NE,,,,,,,,,,,,,,,,,,,,,,,,,,,,,,,,,,,,,,,,,,,,
955,1980,245,YAR,REDST,1,7,,6,,,46,,,,,NE,,,,,,,,,,,,,,,,,,,,,,,,,,,,,,,,,,,,,,,,,,,,
956,1980,248,YAR,BLUTI,1,11,11,11,,,27,,,,,NE,,,,,,,,,,,,,,,,,,,,,,,,,,,,,,,,,,,,,,,,,,,,
957,1980,250,YAR,PIEFL,1,7,7,7,,,43,63,,,,NE,,,,,,,,,,,,,,,,,,,,,,,,,,,,,,,,,,,,,,,,,,,,
958,1980,303,YAR,PIEFL,1,9,9,9,,,47,,,,,NE,,,,,,,,,,,09/06/1980,A481683,A481684,A481685,A481686,A481687,A481688,A481689,A481690,A481691,,,,,,,,,,,,,,,,,,,,,,,,
959,1980,305,YAR,GRETI,1,11,,0,,,,,,,,JD,,,,,,,,,,,,,,,,,,,,,,,,,,,,,,,,,,,,,,,,,,,,
960,1980,306,YAR,PIEFL,1,7,7,7,,,44,63,,,,NE,,,,,,,,,,,,,,,,,,,,,,,,,,,,,,,,,,,,,,,,,,,,
961,1980,309,YAR,REDST,1,6,6,6,,,40,,,,,NE,,,,,,,,,,,,,,,,,,,,,,,,,,,,,,,,,,,,,,,,,,,,
962,1980,310,YAR,PIEFL,1,8,8,8,,,44,,,,,NE,,,,,,,,,,,,,,,,,,,,,,,,,,,,,,,,,,,,,,,,,,,,
963,1980,311,YAR,BLUTI,1,,,12,,,32,,,,,NE,,,,,,,,,,,,,,,,,,,,,,,,,,,,,,,,,,,,,,,,,,,,
964,1980,312,YAR,PIEFL,1,8,8,8,,,49,,,,,NE,,,,,,,,,,,,,,,,,,,,,,,,,,,,,,,,,,,,,,,,,,,,
965,1980,315,YAR,GRETI,2,,0,0,,,,,,,,ED,,,,,,,,,,,,,,,,,,,,,,,,,,,,,,,,,,,,,,,,,,,,
966,1980,316,YAR,PIEFL,1,8,6,5,,,48,,,,,NE,,,,,,,,,,,,,,,,,,,,,,,,,,,,,,,,,,,,,,,,,,,,
967,1980,319,YAR,REDST,2,6,,2,,,64,,,,,NE,,,,,,,,,,,,,,,,,,,,,,,,,,,,,,,,,,,,,,,,,,,,
968,1980,320,YAR,REDST,1,7,,3,,,35,,,,,NE,,,,,,,,,,,,,,,,,,,,,,,,,,,,,,,,,,,,,,,,,,,,
969,1980,321,YAR,PIEFL,1,7,7,7,,,34,,,,,NE,,,,,,,,,,,,,,,,,,,,,,,,,,,,,,,,,,,,,,,,,,,,
970,1980,322,YAR,BLUTI,1,12,,9,,,26,,,,,NE,,,,,,,,,,,,,,,,,,,,,,,,,,,,,,,,,,,,,,,,,,,,
971,1980,323,YAR,REDST,2,7,,4,,,73,,,,,NE,,,,,,,,,,,,,,,,,,,,,,,,,,,,,,,,,,,,,,,,,,,,
972,1980,324,YAR,BLUTI,1,,,12,,,25,,,,,NE,,,,,,,,,,,,,,,,,,,,,,,,,,,,,,,,,,,,,,,,,,,,
973,1980,325,YAR,PIEFL,1,7,0,0,,,,,,,,ED,,,,,,,,,,,,,,,,,,,,,,,,,,,,,,,,,,,,,,,,,,,,
974,1980,326,YAR,BLUTI,1,13,,12,,,25,,,,,NE,,,,,,,,,,,,,,,,,,,,,,,,,,,,,,,,,,,,,,,,,,,,
975,1980,328,YAR,GRETI,1,10,10,10,,,,,,,,NE,,,,,,,,,,,,,,,,,,,,,,,,,,,,,,,,,,,,,,,,,,,,
976,1980,330,YAR,GRETI,1,9,,8,,,30,,,,,NE,,,,,,,,,,,,,,,,,,,,,,,,,,,,,,,,,,,,,,,,,,,,
977,1980,331,YAR,BLUTI,1,,,8,,,29,,,,,NE,,,,,,,,,,,,,,,,,,,,,,,,,,,,,,,,,,,,,,,,,,,,
978,1980,332,YAR,PIEFL,1,9,,6,,,43,,,,,NE,,,,,,,,,,,,,,,,,,,,,,,,,,,,,,,,,,,,,,,,,,,,
979,1980,335,YAR,BLUTI,1,12,12,12,,,25,,,,,NE,,,,,,,,,,,,,,,,,,,,,,,,,,,,,,,,,,,,,,,,,,,,
980,1980,336,YAR,PIEFL,1,7,,4,,,43,,,,,NE,,,,,,,,,,,,,,,,,,,,,,,,,,,,,,,,,,,,,,,,,,,,
981,1980,337,YAR,BLUTI,1,,,7,,,19,,,,,NE,,,,,,,,,,,,,,,,,,,,,,,,,,,,,,,,,,,,,,,,,,,,
982,1980,338,YAR,BLUTI,1,11,,10,,,29,,,,,NE,,,,,,,,,,,,,,,,,,,,,,,,,,,,,,,,,,,,,,,,,,,,
983,1980,339,YAR,GRETI,1,10,,0,,,33,,,,,XD,,,,,,,,,,,,,,,,,,,,,,,,,,,,,,,,,,,,,,,,,,,,
984,1980,340,YAR,PIEFL,1,7,,6,,,41,,,,,NE,,,,,,,,,,,,,,,,,,,,,,,,,,,,,,,,,,,,,,,,,,,,
985,1980,344,YAR,BLUTI,1,,,7,,,43,,,,,NE,,,,,,,,,,,,,,,,,,,,,,,,,,,,,,,,,,,,,,,,,,,,
986,1980,346,YAR,REDST,1,,,7,,,44,,,,,NE,,,,,,,,,,,,,,,,,,,,,,,,,,,,,,,,,,,,,,,,,,,,
987,1980,347,YAR,PIEFL,1,8,8,8,,,40,,,,,NE,,,,,,,,,,,,,,,,,,,,,,,,,,,,,,,,,,,,,,,,,,,,
988,1980,348,YAR,BLUTI,1,,0,0,,,26,,,,,ED,,,,,,,,,,,,,,,,,,,,,,,,,,,,,,,,,,,,,,,,,,,,
989,1980,350,YAR,GRETI,1,7,7,7,,,,,,,,NE,,,,,,,,,,,,,,,,,,,,,,,,,,,,,,,,,,,,,,,,,,,,
990,1980,352,YAR,PIEFL,1,7,7,7,,,46,,,,,NE,,,,,,,,,,,,,,,,,,,,,,,,,,,,,,,,,,,,,,,,,,,,
991,1980,353,YAR,BLUTI,1,13,,8,,,28,,,,,NE,,,,,,,,,,,,,,,,,,,,,,,,,,,,,,,,,,,,,,,,,,,,
992,1980,355,YAR,GRETI,1,,,8,,,35,,,,,NE,,,,,,,,,,,,,,,,,,,,,,,,,,,,,,,,,,,,,,,,,,,,
993,1981,1,BVW,PIEFL,1,,,7,,,,,,,,NE,,,,,,,,,,,,,,,,,,,,,,,,,,,,,,,,,,,,,,,,,,,,
994,1981,2,BVW,BLUTI,1,,,5,,,28,,9,2,,NE,,,,,,,,,,,,,,,,,,,,,,,,,,,,,,,,,,,,,,,,,,,,
995,1981,3,BVW,BLUTI,1,,0,0,,,,,,4,,ED,,,,,,,,,,,,,,,,,,,,,,,,,,,,,,,,,,,,,,,,,,,,
996,1981,4,BVW,PIEFL,1,7,7,7,,,44,,,,,NE,,,,,,,,,,,,,,,,,,,,,,,,,,,,,,,,,,,,,,,,,,,,
997,1981,5,BVW,PIEFL,1,7,6,6,,,30,,,1,,NE,,,,,,,,,,,,,,,,,,,,,,,,,,,,,,,,,,,,,,,,,,,,
998,1981,6,BVW,GRETI,1,7,7,7,,,35,,,,,NE,,,,,,,,,,,,,,,,,,,,,,,,,,,,,,,,,,,,,,,,,,,,
999,1981,7,BVW,PIEFL,1,,,8,,,47,,,,,NE,,,,,,,,,,,,,,,,,,,,,,,,,,,,,,,,,,,,,,,,,,,,
1000,1981,8,BVW,BLUTI,1,,,7,,,37,,8,,,NE,,,,,,,,,,,,,,,,,,,,,,,,,,,,,,,,,,,,,,,,,,,,
1001,1981,9,BVW,PIEFL,1,7,7,7,,,44,,,,,NE,,,,,,,,,,,,,,,,,,,,,,,,,,,,,,,,,,,,,,,,,,,,
1002,1981,10,BVW,BLUTI,1,11,,8,,,20,,,,,NE,,,,,,,,,,,,,,,,,,,,,,,,,,,,,,,,,,,,,,,,,,,,
1003,1981,11,BVW,PIEFL,2,5,5,5,,,70,,,,,NE,,,,,,,,,,,,,,,,,,,,,,,,,,,,,,,,,,,,,,,,,,,,
1004,1981,13,BVW,BLUTI,1,,0,0,,,,,,1,,ED,,,,,,,,,,,,,,,,,,,,,,,,,,,,,,,,,,,,,,,,,,,,
1005,1981,14,BVW,GRETI,1,,0,0,,,27,,8,,,ED,,,,,,,,,,,,,,,,,,,,,,,,,,,,,,,,,,,,,,,,,,,,
1006,1981,15,BVW,BLUTI,1,10,,6,,,22,,,,,NE,,,,,,,,,,,,,,,,,,,,,,,,,,,,,,,,,,,,,,,,,,,,
1007,1981,17,BVW,BLUTI,1,,,7,,,31,,,,,NE,,,,,,,,,,,,,,,,,,,,,,,,,,,,,,,,,,,,,,,,,,,,
1008,1981,18,BVW,BLUTI,1,11,11,10,,,36,,,,,NE,,,,,,,,,,,,,,,,,,,,,,,,,,,,,,,,,,,,,,,,,,,,
1009,1981,19,BVW,COATI,1,8,8,8,,,40,,,,,NE,,,,,,,,,,,,,,,,,,,,,,,,,,,,,,,,,,,,,,,,,,,,
1010,1981,21,BVW,BLUTI,1,,0,0,,,23,,,5,,ED,,,,,,,,,,,,,,,,,,,,,,,,,,,,,,,,,,,,,,,,,,,,
1011,1981,22,BVW,BLUTI,1,8,0,0,,,19,,,,,ED,,,,,,,,,,,,,,,,,,,,,,,,,,,,,,,,,,,,,,,,,,,,
1012,1981,23,BVW,BLUTI,1,,,10,,,21,,10,,,NE,,,,,,,,,,,,,,,,,,,,,,,,,,,,,,,,,,,,,,,,,,,,
1013,1981,24,BVW,COATI,1,9,,0,,,20,,,,,JD,,,,,,,,,,,,,,,,,,,,,,,,,,,,,,,,,,,,,,,,,,,,
1014,1981,103,YAR,PIEFL,1,,,7,,,40,,,,,NE,,,,,,,,,,,,,,,,,,,,,,,,,,,,,,,,,,,,,,,,,,,,
1015,1981,104,YAR,BLUTI,1,11,11,11,,,27,,,,,NE,,,,,,,,,,,,,,,,,,,,,,,,,,,,,,,,,,,,,,,,,,,,
1016,1981,105,YAR,BLUTI,1,,,7,,,18,,11,,,NE,,,,,,,,,,,,,,,,,,,,,,,,,,,,,,,,,,,,,,,,,,,,
1017,1981,106,YAR,BLUTI,1,9,,7,,,35,,,,,NE,,,,,,,,,,,,,,,,,,,,,,,,,,,,,,,,,,,,,,,,,,,,
1018,1981,107,YAR,REDST,1,7,6,6,,,40,,,1,,NE,,,,,,,,,,,,,,,,,,,,,,,,,,,,,,,,,,,,,,,,,,,,
1019,1981,109,YAR,PIEFL,1,7,7,6,,,43,,,,,NE,,,,,,,,,,,,,,,,,,,,,,,,,,,,,,,,,,,,,,,,,,,,
1020,1981,111,YAR,BLUTI,1,,,10,,,35,,,,,NE,,,,,,,,,,,,,,,,,,,,,,,,,,,,,,,,,,,,,,,,,,,,
1021,1981,112,YAR,PIEFL,1,6,6,6,,,,,,,,NE,,,,,,,,,,,,,,,,,,,,,,,,,,,,,,,,,,,,,,,,,,,,
1022,1981,113,YAR,REDST,2,7,,3,,,72,,,,,NE,,,,,,,,,,,,,,,,,,,,,,,,,,,,,,,,,,,,,,,,,,,,
1023,1981,114,YAR,PIEFL,1,7,7,7,,,52,,,,,NE,,,,,,,,,,,,,,,,,,,,,,,,,,,,,,,,,,,,,,,,,,,,
1024,1981,115,YAR,PIEFL,1,,,7,,,42,,,,,NE,,,,,,,,,,,,,,,,,,,,,,,,,,,,,,,,,,,,,,,,,,,,
1025,1981,116,YAR,BLUTI,1,,,7,,,44,,,,,NE,,,,,,,,,,,,,,,,,,,,,,,,,,,,,,,,,,,,,,,,,,,,
1026,1981,118,YAR,REDST,1,8,8,8,,,39,,,,,NE,,,,,,,,,,,,,,,,,,,,,,,,,,,,,,,,,,,,,,,,,,,,
1027,1981,120,YAR,PIEFL,1,9,9,7,,,41,63,,,,NE,,,,,,,,,,,,,,,,,,,,,,,,,,,,,,,,,,,,,,,,,,,,
1028,1981,121,YAR,BLUTI,1,11,,9,,,19,44,,1,,NE,,,,,,,,,,,,,,,,,,,,,,,,,,,,,,,,,,,,,,,,,,,,
1029,1981,122,YAR,PIEFL,1,9,,8,,,46,,,,,NE,,,,,,,,,,,,,,,,,,,,,,,,,,,,,,,,,,,,,,,,,,,,
1030,1981,122,YAR,BLUTI,1,11,0,0,,,17,,,,,EP,,,,,,,,,,,,,,,,,,,,,,,,,,,,,,,,,,,,,,,,,,,,
1031,1981,123,YAR,BLUTI,1,,,9,,,37,,10,1,,NE,,,,,,,,,,,,,,,,,,,,,,,,,,,,,,,,,,,,,,,,,,,,
1032,1981,124,YAR,BLUTI,1,,0,0,,,16,,,,,EP,,,,,,,,,,,,,,,,,,,,,,,,,,,,,,,,,,,,,,,,,,,,
1033,1981,126,YAR,BLUTI,1,,,7,,,18,,9,1,,NE,,,,,,,,,,,,,,,,,,,,,,,,,,,,,,,,,,,,,,,,,,,,
1034,1981,128,YAR,GRETI,1,8,4,4,,,42,,,4,,NE,,,,,,,,,,,,,,,,,,,,,,,,,,,,,,,,,,,,,,,,,,,,
1035,1981,130,YAR,REDST,1,7,,6,,,40,,,,,NE,,,,,,,,,,,,,,,,,,,,,,,,,,,,,,,,,,,,,,,,,,,,
1036,1981,131,YAR,BLUTI,1,9,,8,,,19,,,,,NE,,,,,,,,,,,,,,,,,,,,,,,,,,,,,,,,,,,,,,,,,,,,
1037,1981,132,YAR,PIEFL,1,,,5,,,,,,,,NE,,,,,,,,,,,,,,,,,,,,,,,,,,,,,,,,,,,,,,,,,,,,
1038,1981,202,YAR,PIEFL,1,7,,6,,,46,,,,,NE,,,,,,,,,,,,,,,,,,,,,,,,,,,,,,,,,,,,,,,,,,,,
1039,1981,203,YAR,BLUTI,1,13,13,10,,,19,,,,,NE,,,,,,,,,,,,,,,,,,,,,,,,,,,,,,,,,,,,,,,,,,,,
1040,1981,205,YAR,REDST,2,7,,,,,69,,,,,OU,,,,,,,,,,,,,,,,,,,,,,,,,,,,,,,,,,,,,,,,,,,,
1041,1981,206,YAR,PIEFL,1,7,7,7,,,41,,,,,NE,,,,,,,,,,,,,,,,,,,,,,,,,,,,,,,,,,,,,,,,,,,,
1042,1981,207,YAR,BLUTI,1,,0,0,,,,,,,,ED,,,,,,,,,,,,,,,,,,,,,,,,,,,,,,,,,,,,,,,,,,,,
1043,1981,208,YAR,GRETI,2,5,0,0,,,,,,,,ED,,,,,,,,,,,,,,,,,,,,,,,,,,,,,,,,,,,,,,,,,,,,
1044,1981,211,YAR,PIEFL,1,8,,6,,,47,,,,,NE,,,,,,,,,,,,,,,,,,,,,,,,,,,,,,,,,,,,,,,,,,,,
1045,1981,212,YAR,GRETI,1,9,,5,,,24,,,2,,NE,,,,,,,,,,,,,,,,,,,,,,,,,,,,,,,,,,,,,,,,,,,,
1046,1981,214,YAR,GRETI,1,8,,5,,,24,,,,,NE,,,,,,,,,,,,,,,,,,,,,,,,,,,,,,,,,,,,,,,,,,,,
1047,1981,215,YAR,BLUTI,1,,,10,,,24,,13,,,NE,,,,,,,,,,,,,,,,,,,,,,,,,,,,,,,,,,,,,,,,,,,,
1048,1981,216,YAR,PIEFL,1,6,5,5,,,45,63,,1,,NE,,,,,,,,,,,,,,,,,,,,,,,,,,,,,,,,,,,,,,,,,,,,
1049,1981,218,YAR,BLUTI,1,,,8,,,21,,,,,NE,,,,,,,,,,,,,,,,,,,,,,,,,,,,,,,,,,,,,,,,,,,,
1050,1981,219,YAR,BLUTI,1,,,7,,,20,,,,,NE,,,,,,,,,,,,,,,,,,,,,,,,,,,,,,,,,,,,,,,,,,,,
1051,1981,222,YAR,BLUTI,1,11,,8,,,24,,,,,NE,,,,,,,,,,,,,,,,,,,,,,,,,,,,,,,,,,,,,,,,,,,,
1052,1981,223,YAR,PIEFL,1,6,,0,,,48,,,,,JD,,,,,,,,,,,,,,,,,,,,,,,,,,,,,,,,,,,,,,,,,,,,
1053,1981,225,YAR,BLUTI,1,12,,7,,,20,,,,,NE,,,,,,,,,,,,,,,,,,,,,,,,,,,,,,,,,,,,,,,,,,,,
1054,1981,227,YAR,BLUTI,1,9,,8,,,22,,,,,NE,,,,,,,,,,,,,,,,,,,,,,,,,,,,,,,,,,,,,,,,,,,,
1055,1981,228,YAR,GRETI,2,,,0,,,55,,7,,,JD,,,,,,,,,,,,,,,,,,,,,,,,,,,,,,,,,,,,,,,,,,,,
1056,1981,231,YAR,PIEFL,1,,,4,,,,,,,,NE,,,,,,,,,,,,,,,,,,,,,,,,,,,,,,,,,,,,,,,,,,,,
1057,1981,233,YAR,BLUTI,1,12,,10,,,27,,,,,NE,,,,,,,,,,,,,,,,,,,,,,,,,,,,,,,,,,,,,,,,,,,,
1058,1981,234,YAR,PIEFL,1,,,6,,,43,,,,,NE,,,,,,,,,,,,,,,,,,,,,,,,,,,,,,,,,,,,,,,,,,,,
1059,1981,235,YAR,GRETI,1,9,,6,,,32,,,,,NE,,,,,,,,,,,,,,,,,,,,,,,,,,,,,,,,,,,,,,,,,,,,
1060,1981,236,YAR,GRETI,1,8,,7,,,25,,,,,NE,,,,,,,,,,,,,,,,,,,,,,,,,,,,,,,,,,,,,,,,,,,,
1061,1981,238,YAR,BLUTI,1,11,,10,,,18,,,,,NE,,,,,,,,,,,,,,,,,,,,,,,,,,,,,,,,,,,,,,,,,,,,
1062,1981,239,YAR,BLUTI,1,10,,3,,,20,,,,,NE,,,,,,,,,,,,,,,,,,,,,,,,,,,,,,,,,,,,,,,,,,,,
1063,1981,240,YAR,BLUTI,1,,,8,,,41,,,,,NE,,,,,,,,,,,,,,,,,,,,,,,,,,,,,,,,,,,,,,,,,,,,
1064,1981,241,YAR,GRETI,1,,,9,,,36,57,,,,NE,,,,,,,,,,,,,,,,,,,,,,,,,,,,,,,,,,,,,,,,,,,,
1065,1981,242,YAR,BLUTI,1,12,,11,,,21,,,,,NE,,,,,,,,,,,,,,,,,,,,,,,,,,,,,,,,,,,,,,,,,,,,
1066,1981,243,YAR,GRETI,1,,,8,,,22,,,,,NE,,,,,,,,,,,,,,,,,,,,,,,,,,,,,,,,,,,,,,,,,,,,
1067,1981,244,YAR,REDST,1,6,,5,,,42,,,,,NE,,,,,,,,,,,,,,,,,,,,,,,,,,,,,,,,,,,,,,,,,,,,
1068,1981,246,YAR,BLUTI,1,14,14,14,,,20,,,,,NE,,,,,,,,,,,,,,,,,,,,,,,,,,,,,,,,,,,,,,,,,,,,
1069,1981,247,YAR,GRETI,1,9,,6,,,22,,,,,NE,,,,,,,,,,,,,,,,,,,,,,,,,,,,,,,,,,,,,,,,,,,,
1070,1981,249,YAR,PIEFL,1,6,6,6,,,45,63,,,,NE,,,,,,,,,,,,,,,,,,,,,,,,,,,,,,,,,,,,,,,,,,,,
1071,1981,250,YAR,BLUTI,1,8,8,0,,,22,,,,,JD,,,,,,,,,,,,,,,,,,,,,,,,,,,,,,,,,,,,,,,,,,,,
1072,1981,301,YAR,GRETI,1,13,,9,,,20,,,,,NE,,,,,,,,,,,,,,,,,,,,,,,,,,,,,,,,,,,,,,,,,,,,
1073,1981,302,YAR,BLUTI,1,9,,7,,,18,,,,,NE,,,,,,,,,,,,,,,,,,,,,,,,,,,,,,,,,,,,,,,,,,,,
1074,1981,303,YAR,GRETI,1,6,,5,,,33,,,,,NE,,,,,,,,,,,,,,,,,,,,,,,,,,,,,,,,,,,,,,,,,,,,
1075,1981,306,YAR,BLUTI,1,11,,9,,,19,,,,,NE,,,,,,,,,,,,,,,,,,,,,,,,,,,,,,,,,,,,,,,,,,,,
1076,1981,308,YAR,PIEFL,1,7,,6,,,42,,,,,NE,,,,,,,,,,,,,,,,,,,,,,,,,,,,,,,,,,,,,,,,,,,,
1077,1981,310,YAR,PIEFL,1,8,8,8,,,40,,,,,NE,,,,,,,,,,,,,,,,,,,,,,,,,,,,,,,,,,,,,,,,,,,,
1078,1981,311,YAR,BLUTI,1,,,11,,,18,,,,,NE,,,,,,,,,,,,,,,,,,,,,,,,,,,,,,,,,,,,,,,,,,,,
1079,1981,313,YAR,REDST,2,,,0,,,,,,,,XD,,,,,,,,,,,,,,,,,,,,,,,,,,,,,,,,,,,,,,,,,,,,
1080,1981,314,YAR,PIEFL,1,7,,4,,,49,,,,,NE,,,,,,,,,,,,,,,,,,,,,,,,,,,,,,,,,,,,,,,,,,,,
1081,1981,317,YAR,BLUTI,1,,,7,,,,,,,,NE,,,,,,,,,,,,,,,,,,,,,,,,,,,,,,,,,,,,,,,,,,,,
1082,1981,319,YAR,PIEFL,1,8,8,8,,,44,,,,,NE,,,,,,,,,,,,,,,,,,,,,,,,,,,,,,,,,,,,,,,,,,,,
1083,1981,321,YAR,BLUTI,1,,,4,,,20,,,,,NE,,,,,,,,,,,,,,,,,,,,,,,,,,,,,,,,,,,,,,,,,,,,
1084,1981,322,YAR,BLUTI,1,10,,8,,,19,,,,,NE,,,,,,,,,,,,,,,,,,,,,,,,,,,,,,,,,,,,,,,,,,,,
1085,1981,323,YAR,BLUTI,1,,,11,,,21,,,,,NE,,,,,,,,,,,,,,,,,,,,,,,,,,,,,,,,,,,,,,,,,,,,
1086,1981,324,YAR,GRETI,1,7,0,0,,,27,,,,,ED,,,,,,,,,,,,,,,,,,,,,,,,,,,,,,,,,,,,,,,,,,,,
1087,1981,325,YAR,PIEFL,1,7,7,7,,,44,64,,,,NE,,,,,,,,,,,,,,,,,,,,,,,,,,,,,,,,,,,,,,,,,,,,
1088,1981,326,YAR,BLUTI,1,13,13,12,,,21,,,,,NE,,,,,,,,,,,,,,,,,,,,,,,,,,,,,,,,,,,,,,,,,,,,
1089,1981,327,YAR,BLUTI,1,12,12,12,,,19,,,,,NE,,,,,,,,,,,,,,,,,,,,,,,,,,,,,,,,,,,,,,,,,,,,
1090,1981,328,YAR,GRETI,1,,,9,,,21,,,,,NE,,,,,,,,,,,,,,,,,,,,,,,,,,,,,,,,,,,,,,,,,,,,
1091,1981,329,YAR,PIEFL,1,5,0,0,,,,,,,,ED,,,,,,,,,,,,,,,,,,,,,,,,,,,,,,,,,,,,,,,,,,,,
1092,1981,330,YAR,BLUTI,1,13,,0,,,15,,,,,JD,,,,,,,,,,,,,,,,,,,,,,,,,,,,,,,,,,,,,,,,,,,,
1093,1981,331,YAR,BLUTI,1,,,0,,,20,,,,,JD,,,,,,,,,,,,,,,,,,,,,,,,,,,,,,,,,,,,,,,,,,,,
1094,1981,332,YAR,BLUTI,1,,,8,,,38,,,,,NE,,,,,,,,,,,,,,,,,,,,,,,,,,,,,,,,,,,,,,,,,,,,
1095,1981,333,YAR,PIEFL,1,7,6,5,,,,,,,,NE,,,,,,,,,,,,,,,,,,,,,,,,,,,,,,,,,,,,,,,,,,,,
1096,1981,334,YAR,GRETI,1,10,,9,,,18,,,,,NE,,,,,,,,,,,,,,,,,,,,,,,,,,,,,,,,,,,,,,,,,,,,
1097,1981,335,YAR,BLUTI,1,12,,11,,,16,44,,,,NE,,,,,,,,,,,,,,,,,,,,,,,,,,,,,,,,,,,,,,,,,,,,
1098,1981,336,YAR,BLUTI,1,,,10,,,19,,,,,NE,,,,,,,,,,,,,,,,,,,,,,,,,,,,,,,,,,,,,,,,,,,,
1099,1981,337,YAR,BLUTI,1,10,,0,,,13,,,,,JD,,,,,,,,,,,,,,,,,,,,,,,,,,,,,,,,,,,,,,,,,,,,
1100,1981,338,YAR,REDST,1,,,6,,,34,,,,,NE,,,,,,,,,,,,,,,,,,,,,,,,,,,,,,,,,,,,,,,,,,,,
1101,1981,338,YAR,REDST,2,5,5,0,,,,,,,,JD,,,,,,,,,,,,,,,,,,,,,,,,,,,,,,,,,,,,,,,,,,,,
1102,1981,339,YAR,PIEFL,1,,,6,,,42,,,,,NE,,,,,,,,,,,,,,,,,,,,,,,,,,,,,,,,,,,,,,,,,,,,
1103,1981,342,YAR,PIEFL,1,7,7,7,,,42,,,,,NE,,,,,,,,,,,,,,,,,,,,,,,,,,,,,,,,,,,,,,,,,,,,
1104,1981,345,YAR,PIEFL,1,7,7,7,,,38,57,,,,NE,,,,,,,,,,,,,,,,,,,,,,,,,,,,,,,,,,,,,,,,,,,,
1105,1981,346,YAR,BLUTI,1,11,,9,,,22,,,,,NE,,,,,,,,,,,,,,,,,,,,,,,,,,,,,,,,,,,,,,,,,,,,
1106,1981,347,YAR,PIEFL,2,6,,3,,,,,,,,NE,,,,,,,,,,,,,,,,,,,,,,,,,,,,,,,,,,,,,,,,,,,,
1107,1981,348,YAR,BLUTI,1,,,10,,,,,,,,NE,,,,,,,,,,,,,,,,,,,,,,,,,,,,,,,,,,,,,,,,,,,,
1108,1981,349,YAR,PIEFL,1,7,6,6,,,43,,,,,NE,,,,,,,,,,,,,,,,,,,,,,,,,,,,,,,,,,,,,,,,,,,,
1109,1981,350,YAR,BLUTI,1,,,9,,,,,,,,NE,,,,,,,,,,,,,,,,,,,,,,,,,,,,,,,,,,,,,,,,,,,,
1110,1981,351,YAR,PIEFL,1,,,6,,,,,,,,NE,,,,,,,,,,,,,,,,,,,,,,,,,,,,,,,,,,,,,,,,,,,,
1111,1981,354,YAR,PIEFL,1,7,7,7,,,44,,,,,NE,,,,,,,,,,,,,,,,,,,,,,,,,,,,,,,,,,,,,,,,,,,,
1112,1981,311B,YAR,BLUTI,1,,,9,,,23,,,,,NE,,,,,,,,,,,,,,,,,,,,,,,,,,,,,,,,,,,,,,,,,,,,
1113,1982,1,BVW,PIEFL,1,,0,0,,,37,,7,,,ED,,,,,,,,,,,,,,,,,,,,,,,,,,,,,,,,,,,,,,,,,,,,
1114,1982,2,BVW,PIEFL,1,,0,0,,,48,,1,,,ED,,,,,,,,,,,,,,,,,,,,,,,,,,,,,,,,,,,,,,,,,,,,
1115,1982,3,BVW,BLUTI,1,12,12,12,,,,,,,,NE,,,,,,,,,,,,,,,,,,,,,,,,,,,,,,,,,,,,,,,,,,,,
1116,1982,4,BVW,BLUTI,1,10,0,0,,,40,,,,,ED,,,,,,,,,,,,,,,,,,,,,,,,,,,,,,,,,,,,,,,,,,,,
1117,1982,5,BVW,PIEFL,1,7,6,6,,,,,,,,NE,,,,,,,,,,,,,,,,,,,,,,,,,,,,,,,,,,,,,,,,,,,,
1118,1982,6,BVW,PIEFL,1,3,3,3,,,48,,,,,NE,,,,,,,,,,,,,,,,,,,,,,,,,,,,,,,,,,,,,,,,,,,,
1119,1982,8,BVW,PIEFL,1,7,7,7,,,41,,,,,NE,,,,,,B088727,02/06/1982,09/06/1981,I,1,,,,,,,,,,,,,,,,,,,,,,,,,,,,,,,,,,
1120,1982,9,BVW,PIEFL,1,9,9,9,,,45,,,,,NE,,,,,,A434025,02/06/1982,26/06/1979,I,3,,,,,,,,,,,,,,,,,,,,,,,,,,,,,,,,,,
1121,1982,11,BVW,PIEFL,1,7,7,7,,,45,,,,,NE,,,,,,,,,,,,,,,,,,,,,,,,,,,,,,,,,,,,,,,,,,,,
1122,1982,12,BVW,BLUTI,1,12,,10,,,23,,,,,NE,,,,,,,,,,,,,,,,,,,,,,,,,,,,,,,,,,,,,,,,,,,,
1123,1982,15,BVW,PIEFL,1,6,6,6,,,39,,,,,NE,,,,,,,,,,,,,,,,,,,,,,,,,,,,,,,,,,,,,,,,,,,,
1124,1982,16,BVW,COATI,1,10,10,10,,,20,,,,,NE,,,,,,,,,,,,,,,,,,,,,,,,,,,,,,,,,,,,,,,,,,,,
1125,1982,18,BVW,BLUTI,1,12,,10,,,30,,,,,NE,,,,,,,,,,,,,,,,,,,,,,,,,,,,,,,,,,,,,,,,,,,,
1126,1982,20,BVW,BLUTI,1,,,5,,,21,,6,,,NE,,,,,,,,,,,,,,,,,,,,,,,,,,,,,,,,,,,,,,,,,,,,
1127,1982,22,BVW,BLUTI,1,8,7,7,,,24,,,,,NE,,,,,,,,,,,,,,,,,,,,,,,,,,,,,,,,,,,,,,,,,,,,
1128,1982,24,BVW,BLUTI,1,9,9,8,,,46,,,,,NE,,,,,,,,,,,,,,,,,,,,,,,,,,,,,,,,,,,,,,,,,,,,
1129,1982,3,HKN,PIEFL,1,,,3,,,,,,,,NE,,,,,,,,,,,,,,,,,,,,,,,,,,,,,,,,,,,,,,,,,,,,
1130,1982,9,HKN,PIEFL,1,,,1,,,,,,,,NE,,,,,,,,,,,,,,,,,,,,,,,,,,,,,,,,,,,,,,,,,,,,
1131,1982,14,HKN,PIEFL,1,7,0,0,,,,,,,,"ED,FD",,,,,,,,,,,,,,,,,,,,,,,,,,,,,,,,,,,,,,,,,,,,
1132,1982,15,HKN,PIEFL,2,,,,,,,,,,,O,,,,,,,,,,,,,,,,,,,,,,,,,,,,,,,,,,,,,,,,,,,,
1133,1982,101,YAR,PIEFL,2,4,4,4,,,,,,,,NE,,,,,,,,,,,,,,,,,,,,,,,,,,,,,,,,,,,,,,,,,,,,
1134,1982,104,YAR,PIEFL,1,7,7,7,,,,,,,,NE,,,,,,,,,,,,,,,,,,,,,,,,,,,,,,,,,,,,,,,,,,,,
1135,1982,105,YAR,BLUTI,1,12,,6,,,23,,,3,,NE,,,,,,,,,,,,,,,,,,,,,,,,,,,,,,,,,,,,,,,,,,,,
1136,1982,107,YAR,PIEFL,1,6,6,6,,,,,,,,NE,,,,,,,,,,,,,,,,,,,,,,,,,,,,,,,,,,,,,,,,,,,,
1137,1982,109,YAR,GRETI,1,,0,0,,,18,,,,,ED,,,,,,,,,,,,,,,,,,,,,,,,,,,,,,,,,,,,,,,,,,,,
1138,1982,112,YAR,PIEFL,1,9,,7,,,42,,,,,NE,,,,,,,,,,,,,,,,,,,,,,,,,,,,,,,,,,,,,,,,,,,,
1139,1982,118,YAR,REDST,1,,,6,,,44,,,,,NE,,,,,,,,,,,,,,,,,,,,,,,,,,,,,,,,,,,,,,,,,,,,
1140,1982,119,YAR,BLUTI,1,14,,11,,,23,,,,,NE,,,,,,,,,,,,,,,,,,,,,,,,,,,,,,,,,,,,,,,,,,,,
1141,1982,120,YAR,PIEFL,1,7,,4,,,47,,,,,NE,,,,,,,,,,,,,,,,,,,,,,,,,,,,,,,,,,,,,,,,,,,,
1142,1982,123,YAR,PIEFL,1,,,6,,,,,,,,NE,,,,,,,,,,,,,,,,,,,,,,,,,,,,,,,,,,,,,,,,,,,,
1143,1982,126,YAR,BLUTI,1,12,8,8,,,23,47,,,,NE,,,,,,,,,,,,,,,,,,,,,,,,,,,,,,,,,,,,,,,,,,,,
1144,1982,127,YAR,BLUTI,1,10,9,9,,,27,,,,,NE,,,,,,,,,,,,,,,,,,,,,,,,,,,,,,,,,,,,,,,,,,,,
1145,1982,128,YAR,PIEFL,1,8,8,8,,,33,,,,,NE,,,,,,,,,,,,,,,,,,,,,,,,,,,,,,,,,,,,,,,,,,,,
1146,1982,131,YAR,PIEFL,1,7,,5,,,44,,,,,NE,,,,,,,,,,,,,,,,,,,,,,,,,,,,,,,,,,,,,,,,,,,,
1147,1982,132,YAR,BLUTI,1,13,,10,,,23,,,,,NE,,,,,,,,,,,,,,,,,,,,,,,,,,,,,,,,,,,,,,,,,,,,
1148,1982,202,YAR,PIEFL,1,7,6,3,,,47,,,,,NE,,,,,,,,,,,,,,,,,,,,,,,,,,,,,,,,,,,,,,,,,,,,
1149,1982,203,YAR,BLUTI,1,13,,9,,,23,,,,,NE,,,,,,,,,,,,,,,,,,,,,,,,,,,,,,,,,,,,,,,,,,,,
1150,1982,205,YAR,PIEFL,1,7,,6,,,40,,,,,NE,,,,,,,,,,,,,,,,,,,,,,,,,,,,,,,,,,,,,,,,,,,,
1151,1982,209,YAR,REDST,1,7,7,7,,,,,,,,NE,,,,,,,,,,,,,,,,,,,,,,,,,,,,,,,,,,,,,,,,,,,,
1152,1982,211,YAR,BLUTI,1,9,9,9,,,30,,,,,NE,,,,,,,,,,,,,,,,,,,,,,,,,,,,,,,,,,,,,,,,,,,,
1153,1982,215,YAR,BLUTI,1,,,7,,,42,,,,,NE,,,,,,,,,,,,,,,,,,,,,,,,,,,,,,,,,,,,,,,,,,,,
1154,1982,216,YAR,PIEFL,1,7,7,7,,,43,,,,,NE,,,,,,,,,,,,,,,,,,,,,,,,,,,,,,,,,,,,,,,,,,,,
1155,1982,217,YAR,BLUTI,1,,,9,,,22,,,,,NE,,,,,,,,,,,,,,,,,,,,,,,,,,,,,,,,,,,,,,,,,,,,
1156,1982,219,YAR,PIEFL,1,7,7,7,,,47,,,,,NE,,,,,,,,,,,,,,,,,,,,,,,,,,,,,,,,,,,,,,,,,,,,
1157,1982,222,YAR,PIEFL,1,7,,6,,,45,,,,,NE,,,,,,,,,,,,,,,,,,,,,,,,,,,,,,,,,,,,,,,,,,,,
1158,1982,223,YAR,BLUTI,1,12,,9,,,22,,,,,NE,,,,,,,,,,,,,,,,,,,,,,,,,,,,,,,,,,,,,,,,,,,,
1159,1982,224,YAR,BLUTI,1,10,,8,,,26,,,,,NE,,,,,,,,,,,,,,,,,,,,,,,,,,,,,,,,,,,,,,,,,,,,
1160,1982,228,YAR,PIEFL,1,8,8,8,,,40,,,,,NE,,,,,,,,,,,,,,,,,,,,,,,,,,,,,,,,,,,,,,,,,,,,
1161,1982,230,YAR,REDST,1,,0,0,,,,,2,,,ED,,,,,,,,,,,,,,,,,,,,,,,,,,,,,,,,,,,,,,,,,,,,
1162,1982,231,YAR,PIEFL,1,6,0,0,,,,,,,,EP,,,,,,,,,,,,,,,,,,,,,,,,,,,,,,,,,,,,,,,,,,,,
1163,1982,232,YAR,GRETI,1,8,8,8,,,28,,,,,NE,,,,,,,,,,,,,,,,,,,,,,,,,,,,,,,,,,,,,,,,,,,,
1164,1982,233,YAR,BLUTI,1,10,10,10,,,26,,,,,NE,,,,,,,,,,,,,,,,,,,,,,,,,,,,,,,,,,,,,,,,,,,,
1165,1982,234,YAR,BLUTI,1,12,12,12,,,24,,,,,NE,,,,,,,,,,,,,,,,,,,,,,,,,,,,,,,,,,,,,,,,,,,,
1166,1982,238,YAR,PIEFL,1,8,8,8,,,42,62,,,,NE,,,,,,,,,,,,,,,,,,,,,,,,,,,,,,,,,,,,,,,,,,,,
1167,1982,240,YAR,BLUTI,1,10,10,10,,,27,,,,,NE,,,,,,,,,,,,,,,,,,,,,,,,,,,,,,,,,,,,,,,,,,,,
1168,1982,242,YAR,BLUTI,1,,,5,,,24,,,,,NE,,,,,,,,,,,,,,,,,,,,,,,,,,,,,,,,,,,,,,,,,,,,
1169,1982,243,YAR,GRETI,1,10,10,10,,,24,,,,,NE,,,,,,,,,,,,,,,,,,,,,,,,,,,,,,,,,,,,,,,,,,,,
1170,1982,245,YAR,BLUTI,1,,,10,,,25,,,,,NE,,,,,,,,,,,,,,,,,,,,,,,,,,,,,,,,,,,,,,,,,,,,
1171,1982,246,YAR,PIEFL,1,8,,0,,,48,68,,,,JD,,,,,,,,,,,,,,,,,,,,,,,,,,,,,,,,,,,,,,,,,,,,
1172,1982,249,YAR,PIEFL,1,9,,2,,,46,,,,,NE,,,,,,,,,,,,,,,,,,,,,,,,,,,,,,,,,,,,,,,,,,,,
1173,1982,302,YAR,PIEFL,1,6,4,0,,,59,,,2,,JD,,,,,,,,,,,,,,,,,,,,,,,,,,,,,,,,,,,,,,,,,,,,
1174,1982,305,YAR,PIEFL,1,7,7,7,,,47,,,,,NE,,,,,,,,,,,,,,,,,,,,,,,,,,,,,,,,,,,,,,,,,,,,
1175,1982,306,YAR,REDST,1,,0,0,,,,,1,,,ED,,,,,,,,,,,,,,,,,,,,,,,,,,,,,,,,,,,,,,,,,,,,
1176,1982,310,YAR,PIEFL,1,,,6,,,44,,,,,NE,,,,,,,,,,,,,,,,,,,,,,,,,,,,,,,,,,,,,,,,,,,,
1177,1982,314,YAR,BLUTI,1,7,7,7,,,45,62,,,,NE,,,,,,,,,,,,,,,,,,,,,,,,,,,,,,,,,,,,,,,,,,,,
1178,1982,315,YAR,PIEFL,1,9,,7,,,42,62,,,,NE,,,,,,,,,,,,,,,,,,,,,,,,,,,,,,,,,,,,,,,,,,,,
1179,1982,318,YAR,BLUTI,1,10,,0,,,35,,,,,JD,,,,,,,,,,,,,,,,,,,,,,,,,,,,,,,,,,,,,,,,,,,,
1180,1982,319,YAR,PIEFL,1,8,8,8,,,41,,,,,NE,,,,,,,,,,,,,,,,,,,,,,,,,,,,,,,,,,,,,,,,,,,,
1181,1982,320,YAR,REDST,1,7,7,7,,,35,,,,,NE,,,,,,,,,,,,,,,,,,,,,,,,,,,,,,,,,,,,,,,,,,,,
1182,1982,322,YAR,BLUTI,1,,,0,,,,,8,,,JD,,,,,,,,,,,,,,,,,,,,,,,,,,,,,,,,,,,,,,,,,,,,
1183,1982,323,YAR,PIEFL,1,7,7,7,,,42,,,,,NE,,,,,,,,,,,,,,,,,,,,,,,,,,,,,,,,,,,,,,,,,,,,
1184,1982,324,YAR,REDST,1,7,7,7,,,43,,,,,NE,,,,,,,,,,,,,,,,,,,,,,,,,,,,,,,,,,,,,,,,,,,,
1185,1982,325,YAR,BLUTI,1,12,10,10,,,24,,,,,NE,,,,,,,,,,,,,,,,,,,,,,,,,,,,,,,,,,,,,,,,,,,,
1186,1982,327,YAR,GRETI,1,10,,9,,,25,,,,,NE,,,,,,,,,,,,,,,,,,,,,,,,,,,,,,,,,,,,,,,,,,,,
1187,1982,329,YAR,REDST,2,6,,0,,,63,,,,,JP,,,,,,,,,,,,,,,,,,,,,,,,,,,,,,,,,,,,,,,,,,,,
1188,1982,330,YAR,PIEFL,1,8,8,8,,,43,62,,,,NE,,,,,,,,,,,,,,,,,,,,,,,,,,,,,,,,,,,,,,,,,,,,
1189,1982,332,YAR,BLUTI,1,13,,5,,,21,,,,,NE,,,,,,,,,,,,,,,,,,,,,,,,,,,,,,,,,,,,,,,,,,,,
1190,1982,333,YAR,PIEFL,1,,0,0,,,47,,,,,ED,,,,,,,,,,,,,,,,,,,,,,,,,,,,,,,,,,,,,,,,,,,,
1191,1982,334,YAR,GRETI,1,,,,,,,,7,,,NE,,,,,,,,,,,,,,,,,,,,,,,,,,,,,,,,,,,,,,,,,,,,
1192,1982,335,YAR,BLUTI,1,13,,10,,,21,,,,,NE,,,,,,,,,,,,,,,,,,,,,,,,,,,,,,,,,,,,,,,,,,,,
1193,1982,338,YAR,PIEFL,1,7,7,7,,,,,,,,NE,,,,,,,,,,,,,,,,,,,,,,,,,,,,,,,,,,,,,,,,,,,,
1194,1982,339,YAR,BLUTI,1,,,0,,,25,,,,,JD,,,,,,,,,,,,,,,,,,,,,,,,,,,,,,,,,,,,,,,,,,,,
1195,1982,340,YAR,PIEFL,1,,0,0,,,46,,2,,,ED,,,,,,,,,,,,,,,,,,,,,,,,,,,,,,,,,,,,,,,,,,,,
1196,1982,341,YAR,PIEFL,1,4,2,0,,,54,,,,,JD,,,,,,,,,,,,,,,,,,,,,,,,,,,,,,,,,,,,,,,,,,,,
1197,1982,342,YAR,BLUTI,1,8,,2,,,49,68,,1,,NE,,,,,,,,,,,,,,,,,,,,,,,,,,,,,,,,,,,,,,,,,,,,
1198,1982,343,YAR,MARTI,1,8,7,7,,,21,,,1,,NE,,,,,,,,,,,,,,,,,,,,,,,,,,,,,,,,,,,,,,,,,,,,
1199,1982,345,YAR,PIEFL,1,,0,0,,,,,1,,,EP,,,,,,,,,,,,,,,,,,,,,,,,,,,,,,,,,,,,,,,,,,,,
1200,1982,346,YAR,BLUTI,1,10,9,9,,,24,54,,,,NE,,,,,,,,,,,,,,,,,,,,,,,,,,,,,,,,,,,,,,,,,,,,
1201,1982,347,YAR,PIEFL,1,,0,0,,,,,3,,,EP,,,,,,,,,,,,,,,,,,,,,,,,,,,,,,,,,,,,,,,,,,,,
1202,1982,348,YAR,PIEFL,1,7,7,6,,,52,,,,,NE,,,,,,,,,,,,,,,,,,,,,,,,,,,,,,,,,,,,,,,,,,,,
1203,1982,351,YAR,PIEFL,1,,0,0,,,,,5,,,EP,,,,,,,,,,,,,,,,,,,,,,,,,,,,,,,,,,,,,,,,,,,,
1204,1982,352,YAR,PIEFL,2,7,7,0,,,,,,,,JD,,,,,,,,,,,,,,,,,,,,,,,,,,,,,,,,,,,,,,,,,,,,
1205,1982,353,YAR,BLUTI,1,11,,10,,,28,,,,,NE,,,,,,,,,,,,,,,,,,,,,,,,,,,,,,,,,,,,,,,,,,,,
1206,1982,354,YAR,PIEFL,1,,0,0,,,,,2,,,ED,,,,,,,,,,,,,,,,,,,,,,,,,,,,,,,,,,,,,,,,,,,,
1207,1982,355,YAR,BLUTI,1,10,,7,,,28,,,,,NE,,,,,,,,,,,,,,,,,,,,,,,,,,,,,,,,,,,,,,,,,,,,
1208,1983,1,BVW,PIEFL,1,7,,6,,,44,,,,,NE,,,,,,A481521,31/05/1983,20/06/1979,R,4,,,,,,,,,,,,,,,,,,,,,,,,,,,,,,,,,,
1209,1983,2,BVW,BLUTI,1,12,12,11,,,30,,,,,NE,,,,,,,,,,,,,,,,,,,,,,,,,,,,,,,,,,,,,,,,,,,,
1210,1983,4,BVW,PIEFL,1,6,6,6,,,46,,,,,NE,,,,,,A974472,31/05/1983,07/06/1982,R,1,,,,,,,,,,,,,,,,,,,,,,,,,,,,,,,,,,
1211,1983,5,BVW,PIEFL,1,,0,0,,,26,,,,,EU,,,,,,,,,,,,,,,,,,,,,,,,,,,,,,,,,,,,,,,,,,,,
1212,1983,6,BVW,PIEFL,1,,0,0,,,46,,,,,EU,,,,,,,,,,,,,,,,,,,,,,,,,,,,,,,,,,,,,,,,,,,,
1213,1983,7,BVW,PIEFL,2,6,6,6,,,53,,,,,NE,,,,,,,,,,,,,,,,,,,,,,,,,,,,,,,,,,,,,,,,,,,,
1214,1983,8,BVW,PIEFL,1,4,0,0,,,47,,,,,EU,,,,,,,,,,,,,,,,,,,,,,,,,,,,,,,,,,,,,,,,,,,,
1215,1983,9,BVW,PIEFL,2,6,5,5,,,49,,,,,NE,,,,,,B617096,31/05/1983,16/06/1982,R,1,,,,,,,,,,,,,,,,,,,,,,,,,,,,,,,,,,
1216,1983,11,BVW,PIEFL,1,7,7,7,,,52,,,,,NE,,,,,,,,,,,,,,,,,,,,,,,,,,,,,,,,,,,,,,,,,,,,
1217,1983,13,BVW,PIEFL,1,7,,6,,,44,,,,,NE,,,,,,B088727,08/06/1983,09/06/1981,S,2,,,,,,,,,,,,,,,,,,,,,,,,,,,,,,,,,,
1218,1983,15,BVW,BLUTI,1,,0,0,,,35,,9,9,,ED,,,,,,,,,,,,,,,,,,,,,,,,,,,,,,,,,,,,,,,,,,,,
1219,1983,16,BVW,PIEFL,1,6,6,6,,,46,,,,,NE,,,,,,,,,,,,,,,,,,,,,,,,,,,,,,,,,,,,,,,,,,,,
1220,1983,17,BVW,PIEFL,1,7,0,0,,,40,,,7,,ED,,,,,,,,,,,,,,,,,,,,,,,,,,,,,,,,,,,,,,,,,,,,
1221,1983,18,BVW,BLUTI,1,,,9,,,27,,,,,NE,,,,,,,,,,,,,,,,,,,,,,,,,,,,,,,,,,,,,,,,,,,,
1222,1983,19,BVW,BLUTI,1,11,,6,,,23,,,,,NE,,,,,,,,,,,,,,,,,,,,,,,,,,,,,,,,,,,,,,,,,,,,
1223,1983,21,BVW,GRETI,1,6,6,0,,,35,,,,,JP,,,,,,,,,,,,,,,,,,,,,,,,,,,,,,,,,,,,,,,,,,,,
1224,1983,22,BVW,BLUTI,1,9,9,0,,,30,,,,,JP,,,,,,,,,,,,,,,,,,,,,,,,,,,,,,,,,,,,,,,,,,,,
1225,1983,24,BVW,COATI,1,6,6,6,,,53,,,,,NE,,,,,,,,,,,,,,,,,,,,,,,,,,,,,,,,,,,,,,,,,,,,
1226,1983,14,HKN,PIEFL,1,,,0,,,,,,,,XD,,,,,,,,,,,,,,,,,,,,,,,,,,,,,,,,,,,,,,,,,,,,
1227,1983,15,HKN,PIEFL,2,,,5,,,,,,,,NE,,,,,,,,,,,,,,,,,,,,,,,,,,,,,,,,,,,,,,,,,,,,
1228,1983,20,HKN,PIEFL,1,,,6,,,,,,,,NE,,,,,,,,,,,,,,,,,,,,,,,,,,,,,,,,,,,,,,,,,,,,
1229,1983,25,HKN,PIEFL,1,,,7,,,,,,,,NE,,,,,,,,,,,,,,,,,,,,,,,,,,,,,,,,,,,,,,,,,,,,
1230,1983,101,YAR,BLUTI,1,11,,9,,,25,,,,,NE,,,,,,,,,,,,,,,,,,,,,,,,,,,,,,,,,,,,,,,,,,,,
1231,1983,102,YAR,PIEFL,1,5,5,5,,,,,,,,NE,,,,,,A481541,31/05/1983,25/05/1980,S,4,,,,,,,,,,,,,,,,,,,,,,,,,,,,,,,,,,
1232,1983,104,YAR,BLUTI,1,,,10,,,32,,,,,NE,,,,,,,,,,,,,,,,,,,,,,,,,,,,,,,,,,,,,,,,,,,,
1233,1983,105,YAR,REDST,1,,0,0,,,36,,6,,,ED,,,,,,,,,,,,,,,,,,,,,,,,,,,,,,,,,,,,,,,,,,,,
1234,1983,106,YAR,REDST,2,7,7,7,,,54,,,,,NE,,,,,,,,,,,15/06/1983,B61751,B61752,B61753,B61754,B61755,,,,,,,,,,,,,,,,,,,,,,,,,,,,
1235,1983,107,YAR,PIEFL,1,7,7,7,,,47,67,,,,NE,,,,,,A481549,31/05/1983,25/05/1980,S,4,,,,,,,,,,,,,,,,,,,,,,,,,,,,,,,,,,
1236,1983,108,YAR,REDST,1,6,,4,,,43,,,,,NE,,,,,,,,,,,,,,,,,,,,,,,,,,,,,,,,,,,,,,,,,,,,
1237,1983,109,YAR,GRETI,1,,,6,,,32,54,,,,NE,,,,,,,,,,,,,,,,,,,,,,,,,,,,,,,,,,,,,,,,,,,,
1238,1983,111,YAR,PIEFL,1,6,6,6,,,61,,,,,NE,,,,,,A847825,31/05/1983,13/06/1980,R,3,,,,,,,,,,,,,,,,,,,,,,,,,,,,,,,,,,
1239,1983,112,YAR,PIEFL,1,6,6,6,,,46,,,,,NE,,,,,,,,,,,,,,,,,,,,,,,,,,,,,,,,,,,,,,,,,,,,
1240,1983,115,YAR,GRETI,1,7,7,7,,,39,,,,,NE,,,,,,,,,,,,,,,,,,,,,,,,,,,,,,,,,,,,,,,,,,,,
1241,1983,117,YAR,BLUTI,1,9,,8,,,22,,,,,NE,,,,,,,,,,,,,,,,,,,,,,,,,,,,,,,,,,,,,,,,,,,,
1242,1983,119,YAR,BLUTI,1,,,9,,,,,,,,NE,,,,,,,,,,,,,,,,,,,,,,,,,,,,,,,,,,,,,,,,,,,,
1243,1983,124,YAR,BLUTI,1,9,9,9,,,31,54,,,,NE,,,,,,,,,,,,,,,,,,,,,,,,,,,,,,,,,,,,,,,,,,,,
1244,1983,128,YAR,BLUTI,1,13,,5,,,32,,,,,NE,,,,,,,,,,,,,,,,,,,,,,,,,,,,,,,,,,,,,,,,,,,,
1245,1983,131,YAR,PIEFL,1,7,,5,,,,,,,,NE,,,,,,,,,,,,,,,,,,,,,,,,,,,,,,,,,,,,,,,,,,,,
1246,1983,132,YAR,PIEFL,1,6,,0,,,46,,,,,JD,,,,,,B617145,29/05/1983,29/05/1983,I,1,,,,,,,,,,,,,,,,,,,,,,,,,,,,,,,,,,
1247,1983,202,YAR,PIEFL,1,5,5,5,,,60,,,,,NE,,,,,,,,,,,,,,,,,,,,,,,,,,,,,,,,,,,,,,,,,,,,
1248,1983,203,YAR,BLUTI,1,9,,7,,,36,,,,,NE,,,,,,,,,,,,,,,,,,,,,,,,,,,,,,,,,,,,,,,,,,,,
1249,1983,205,YAR,PIEFL,1,6,,5,,,50,,,,,NE,,,,,,,,,,,,,,,,,,,,,,,,,,,,,,,,,,,,,,,,,,,,
1250,1983,209,YAR,PIEFL,1,6,5,5,,,,,,,,NE,,,,,,,,,,,,,,,,,,,,,,,,,,,,,,,,,,,,,,,,,,,,
1251,1983,210,YAR,GRETI,1,,,5,,,33,,,,,NE,,,,,,,,,,,,,,,,,,,,,,,,,,,,,,,,,,,,,,,,,,,,
1252,1983,212,YAR,BLUTI,1,13,11,0,,,24,,,,,JD,,,,,,,,,,,,,,,,,,,,,,,,,,,,,,,,,,,,,,,,,,,,
1253,1983,215,YAR,BLUTI,1,10,,0,,,32,,,,,XU,,,,,,,,,,,,,,,,,,,,,,,,,,,,,,,,,,,,,,,,,,,,
1254,1983,216,YAR,BLUTI,1,7,,0,,,36,,,,,JD,,,,,,,,,,,,,,,,,,,,,,,,,,,,,,,,,,,,,,,,,,,,
1255,1983,220,YAR,PIEFL,1,6,6,6,,,,,,,,NE,,,,,,,,,,,,,,,,,,,,,,,,,,,,,,,,,,,,,,,,,,,,
1256,1983,222,YAR,REDST,1,6,2,2,,,46,,,,,NE,,,,,,,,,,,,,,,,,,,,,,,,,,,,,,,,,,,,,,,,,,,,
1257,1983,223,YAR,GRETI,2,6,,3,,,,,,,,NE,,,,,,,,,,,,,,,,,,,,,,,,,,,,,,,,,,,,,,,,,,,,
1258,1983,224,YAR,REDST,1,6,0,0,,,,,,,,EP,,,,,,,,,,,,,,,,,,,,,,,,,,,,,,,,,,,,,,,,,,,,
1259,1983,225,YAR,BLUTI,1,9,0,0,,,35,,,,,EP,,,,,,,,,,,,,,,,,,,,,,,,,,,,,,,,,,,,,,,,,,,,
1260,1983,228,YAR,PIEFL,1,6,5,5,,,,,,,,NE,,,,,,A847906,26/05/1981,26/05/1981,I,1,,,,,,,,,,,,,,,,,,,,,,,,,,,,,,,,,,
1261,1983,229,YAR,BLUTI,1,8,0,0,,,33,,,,,EP,,,,,,,,,,,,,,,,,,,,,,,,,,,,,,,,,,,,,,,,,,,,
1262,1983,231,YAR,PIEFL,1,6,,4,,,54,,,,,NE,,,,,,,,,,,,,,,,,,,,,,,,,,,,,,,,,,,,,,,,,,,,
1263,1983,232,YAR,GRETI,1,7,,0,,,59,,,,,JD,,,,,,,,,,,,,,,,,,,,,,,,,,,,,,,,,,,,,,,,,,,,
1264,1983,233,YAR,BLUTI,1,10,,8,,,45,,,,,NE,,,,,,,,,,,,,,,,,,,,,,,,,,,,,,,,,,,,,,,,,,,,
1265,1983,234,YAR,GRETI,1,5,5,5,,,,,,,,NE,,,,,,,,,,,,,,,,,,,,,,,,,,,,,,,,,,,,,,,,,,,,
1266,1983,236,YAR,GRETI,1,4,4,4,,,39,,,,,NE,,,,,,,,,,,,,,,,,,,,,,,,,,,,,,,,,,,,,,,,,,,,
1267,1983,237,YAR,PIEFL,1,6,,4,,,51,,,,,NE,,,,,,A847874,31/05/1983,,S,2,,,,,,,,,,,,,,,,,,,,,,,,,,,,,,,,,,
1268,1983,238,YAR,BLUTI,1,,,0,,,,,6,,,JP,,,,,,,,,,,,,,,,,,,,,,,,,,,,,,,,,,,,,,,,,,,,
1269,1983,239,YAR,PIEFL,1,5,4,4,,,,,,,,NE,,,,,,A974412,31/05/1983,28/05/1982,R,1,,,,,,,,,,,,,,,,,,,,,,,,,,,,,,,,,,
1270,1983,240,YAR,BLUTI,1,8,,0,,,39,,,,,EP,,,,,,,,,,,,,,,,,,,,,,,,,,,,,,,,,,,,,,,,,,,,
1271,1983,241,YAR,REDST,1,6,6,6,,,,,,,,NE,,,,,,,,,,,,,,,,,,,,,,,,,,,,,,,,,,,,,,,,,,,,
1272,1983,244,YAR,PIEFL,1,7,0,0,,,49,,,,,EP,,,,,,,,,,,,,,,,,,,,,,,,,,,,,,,,,,,,,,,,,,,,
1273,1983,245,YAR,GRETI,2,,,3,,,,,,,,NE,,,,,,,,,,,,,,,,,,,,,,,,,,,,,,,,,,,,,,,,,,,,
1274,1983,245,YAR,BLUTI,1,9,0,0,,,32,,,,,ED,,,,,,,,,,,,,,,,,,,,,,,,,,,,,,,,,,,,,,,,,,,,
1275,1983,246,YAR,REDST,1,,0,0,,,50,,,,,ED,,,,,,,,,,,,,,,,,,,,,,,,,,,,,,,,,,,,,,,,,,,,
1276,1983,246,YAR,BLUTI,2,8,,2,,,66,,,,,NE,,,,,,,,,,,,,,,,,,,,,,,,,,,,,,,,,,,,,,,,,,,,
1277,1983,248,YAR,BLUTI,1,,0,0,,,32,,,,,ED,,,,,,,,,,,,,,,,,,,,,,,,,,,,,,,,,,,,,,,,,,,,
1278,1983,249,YAR,GRETI,1,9,,0,,,35,,,,,JP,,,,,,,,,,,,,,,,,,,,,,,,,,,,,,,,,,,,,,,,,,,,
1279,1983,250,YAR,BLUTI,1,7,7,7,,,38,,,,,NE,,,,,,,,,,,,,,,,,,,,,,,,,,,,,,,,,,,,,,,,,,,,
1280,1983,301,YAR,PIEFL,1,7,,5,,,52,,,,,NE,,,,,,,,,,,,,,,,,,,,,,,,,,,,,,,,,,,,,,,,,,,,
1281,1983,302,YAR,BLUTI,1,,,9,,,36,,,,,NE,,,,,,,,,,,,,,,,,,,,,,,,,,,,,,,,,,,,,,,,,,,,
1282,1983,303,YAR,PIEFL,1,6,,5,,,52,,,,,NE,,,,,,,,,,,,,,,,,,,,,,,,,,,,,,,,,,,,,,,,,,,,
1283,1983,306,YAR,PIEFL,1,6,6,6,,,39,,,,,NE,,,,,,,,,,,,,,,,,,,,,,,,,,,,,,,,,,,,,,,,,,,,
1284,1983,310,YAR,PIEFL,1,6,6,6,,,47,67,,,,NE,,,,,,A481552,31/05/1983,02/06/1980,S,4,,,,,,,,,,,,,,,,,,,,,,,,,,,,,,,,,,
1285,1983,312,YAR,BLUTI,1,,,5,,,39,,,,,NE,,,,,,,,,,,,,,,,,,,,,,,,,,,,,,,,,,,,,,,,,,,,
1286,1983,313,YAR,PIEFL,1,5,4,4,,,,,,,,NE,,,,,,A974470,31/05/1983,07/06/1982,R,1,,,,,,,,,,,,,,,,,,,,,,,,,,,,,,,,,,
1287,1983,315,YAR,BLUTI,1,7,7,7,,,38,,,,,NE,,,,,,,,,,,,,,,,,,,,,,,,,,,,,,,,,,,,,,,,,,,,
1288,1983,317,YAR,BLUTI,1,8,6,6,,,32,,,,,NE,,,,,,,,,,,,,,,,,,,,,,,,,,,,,,,,,,,,,,,,,,,,
1289,1983,318,YAR,PIEFL,2,,0,0,,,74,,,,,ED,,,,,,B617144,29/05/1983,29/05/1983,I,1,,,,,,,,,,,,,,,,,,,,,,,,,,,,,,,,,,
1290,1983,319,YAR,PIEFL,1,7,0,0,,,50,,,,,ED,,,,,,,,,,,,,,,,,,,,,,,,,,,,,,,,,,,,,,,,,,,,
1291,1983,320,YAR,BLUTI,1,,,8,,,43,,,,,NE,,,,,,,,,,,,,,,,,,,,,,,,,,,,,,,,,,,,,,,,,,,,
1292,1983,321,YAR,BLUTI,1,7,6,5,,,46,,,,,NE,,,,,,,,,,,,,,,,,,,,,,,,,,,,,,,,,,,,,,,,,,,,
1293,1983,322,YAR,BLUTI,1,12,,7,,,42,,,,,NE,,,,,,,,,,,,,,,,,,,,,,,,,,,,,,,,,,,,,,,,,,,,
1294,1983,324,YAR,BLUTI,1,,,6,,,,,,,,NE,,,,,,,,,,,,,,,,,,,,,,,,,,,,,,,,,,,,,,,,,,,,
1295,1983,325,YAR,BLUTI,1,,,0,,,33,,6,,,XP,,,,,,,,,,,,,,,,,,,,,,,,,,,,,,,,,,,,,,,,,,,,
1296,1983,327,YAR,PIEFL,1,6,6,5,,,46,,,,,NE,,,,,,A847977,31/05/1983,13/06/1981,R,2,,,,,,,,,,,,,,,,,,,,,,,,,,,,,,,,,,
1297,1983,328,YAR,GRETI,1,5,0,0,,,51,,,,,ED,,,,,,,,,,,,,,,,,,,,,,,,,,,,,,,,,,,,,,,,,,,,
1298,1983,330,YAR,BLUTI,1,,,0,,,38,,,,,XP,,,,,,,,,,,,,,,,,,,,,,,,,,,,,,,,,,,,,,,,,,,,
1299,1983,331,YAR,BLUTI,1,,,0,,,32,,,,,XP,,,,,,,,,,,,,,,,,,,,,,,,,,,,,,,,,,,,,,,,,,,,
1300,1983,333,YAR,BLUTI,1,13,0,0,,,30,,,,,EU,,,,,,,,,,,,,,,,,,,,,,,,,,,,,,,,,,,,,,,,,,,,
1301,1983,334,YAR,PIEFL,1,8,8,8,,,49,,,,,NE,,,,,,A974436,31/05/1983,02/06/1982,R,1,,,,,,,,,,,,,,,,,,,,,,,,,,,,,,,,,,
1302,1983,335,YAR,BLUTI,1,9,9,0,,,31,54,,,,JD,,,,,,,,,,,,,,,,,,,,,,,,,,,,,,,,,,,,,,,,,,,,
1303,1983,337,YAR,BLUTI,1,,,4,,,30,,,,,NE,,,,,,,,,,,,,,,,,,,,,,,,,,,,,,,,,,,,,,,,,,,,
1304,1983,338,YAR,PIEFL,2,5,0,0,,,,,,,,ED,,,,,,,,,,,,,,,,,,,,,,,,,,,,,,,,,,,,,,,,,,,,
1305,1983,339,YAR,GRETI,1,8,8,0,,,32,,,,,JD,,,,,,,,,,,,,,,,,,,,,,,,,,,,,,,,,,,,,,,,,,,,
1306,1983,340,YAR,BLUTI,1,11,0,0,,,31,,,,,EP,,,,,,,,,,,,,,,,,,,,,,,,,,,,,,,,,,,,,,,,,,,,
1307,1983,341,YAR,PIEFL,1,,0,0,,,,,6,,,ED,,,,,,,,,,,,,,,,,,,,,,,,,,,,,,,,,,,,,,,,,,,,
1308,1983,342,YAR,GRETI,1,6,,5,,,33,,,,,NE,,,,,,,,,,,,,,,,,,,,,,,,,,,,,,,,,,,,,,,,,,,,
1309,1983,344,YAR,PIEFL,1,6,6,6,,,39,,,,,NE,,,,,,,,,,,,,,,,,,,,,,,,,,,,,,,,,,,,,,,,,,,,
1310,1983,345,YAR,GRETI,1,7,,4,,,34,,,,,NE,,,,,,,,,,,,,,,,,,,,,,,,,,,,,,,,,,,,,,,,,,,,
1311,1983,346,YAR,BLUTI,1,13,,6,,,32,,,,,NE,,,,,,,,,,,,,,,,,,,,,,,,,,,,,,,,,,,,,,,,,,,,
1312,1983,347,YAR,PIEFL,1,8,,7,,,51,,,,,NE,,,,,,A481653,31/05/1983,09/06/1980,R,3,,,,,,,,,,,,,,,,,,,,,,,,,,,,,,,,,,
1313,1983,348,YAR,BLUTI,1,8,3,0,,,36,,,,,JD,,,,,,,,,,,,,,,,,,,,,,,,,,,,,,,,,,,,,,,,,,,,
1314,1983,349,YAR,PIEFL,1,7,0,0,,,45,,,,,ED,,,,,,B617144,29/05/1983,29/05/1983,I,1,,,,,,,,,,,,,,,,,,,,,,,,,,,,,,,,,,
1315,1983,351,YAR,PIEFL,1,6,6,6,,,,,,,,NE,,,,,,A481678,31/05/1983,09/06/1980,R,3,,,,,,,,,,,,,,,,,,,,,,,,,,,,,,,,,,
1316,1983,353,YAR,BLUTI,1,,,10,,,31,,,,,NE,,,,,,,,,,,,,,,,,,,,,,,,,,,,,,,,,,,,,,,,,,,,
1317,1983,354,YAR,PIEFL,1,8,8,8,,,48,,,,,NE,,,,,,B233446,31/05/1983,05/06/1982,R,1,,,,,,,,,,,,,,,,,,,,,,,,,,,,,,,,,,
1318,1984,1,BVW,PIEFL,1,6,6,6,,,43,,,,,NE,,,,,,A481522,31/05/1984,20/06/1979,R,5,,,,,,,,,,,,,,,,,,,,,,,,,,,,,,,,,,
1319,1984,2,BVW,BLUTI,1,12,,10,,,27,,,,,NE,,,,,,,,,,,,,,,,,,,,,,,,,,,,,,,,,,,,,,,,,,,,
1320,1984,3,BVW,BLUTI,1,11,10,10,,,,,,,,NE,,,,,,,,,,,,,,,,,,,,,,,,,,,,,,,,,,,,,,,,,,,,
1321,1984,4,BVW,BLUTI,1,8,,6,,,33,,,,,NE,,,,,,,,,,,,,,,,,,,,,,,,,,,,,,,,,,,,,,,,,,,,
1322,1984,5,BVW,PIEFL,1,,0,0,,,,,6,,,EP,,,,,,,,,,,,,,,,,,,,,,,,,,,,,,,,,,,,,,,,,,,,
1323,1984,6,BVW,GRETI,1,9,,7,,,35,,,,,NE,,,,,,,,,,,,,,,,,,,,,,,,,,,,,,,,,,,,,,,,,,,,
1324,1984,7,BVW,PIEFL,1,,0,0,,,,,2,,,ED,,,,,,,,,,,,,,,,,,,,,,,,,,,,,,,,,,,,,,,,,,,,
1325,1984,8,BVW,PIEFL,1,8,7,3,,,46,,,,,NE,,,,,,B617169,07/06/1984,01/06/1983,I,1,,,,,,,,,,,,,,,,,,,,,,,,,,,,,,,,,,
1326,1984,9,BVW,PIEFL,1,7,7,6,,,35,,,,,NE,,,,,,unringed,,,,,,,,,,,,,,,,,,,,,,,,,,,,,,,,,,,,,,
1327,1984,10,BVW,BLUTI,1,,,11,,,30,,,,,NE,,,,,,,,,,,,,,,,,,,,,,,,,,,,,,,,,,,,,,,,,,,,
1328,1984,11,BVW,PIEFL,1,7,7,7,,,33,,,,,NE,,,,,,,,,,,,,,,,,,,,,,,,,,,,,,,,,,,,,,,,,,,,
1329,1984,12,BVW,PIEFL,1,8,,7,,,41,,,,,NE,,,,,,,,,,,,,,,,,,,,,,,,,,,,,,,,,,,,,,,,,,,,
1330,1984,13,BVW,BLUTI,1,10,,0,,,27,,,,,JD,,,,,,,,,,,,,,,,,,,,,,,,,,,,,,,,,,,,,,,,,,,,
1331,1984,14,BVW,GRETI,1,,,0,,,33,68,,,,JD,,,,,,,,,,,,,,,,,,,,,,,,,,,,,,,,,,,,,,,,,,,,
1332,1984,15,BVW,PIEFL,1,7,7,7,,,37,,,,,NE,,,,,,,,,,,,,,,,,,,,,,,,,,,,,,,,,,,,,,,,,,,,
1333,1984,16,BVW,PIEFL,1,7,5,5,,,38,,,1,,NE,,,,,,,,,,,,,,,,,,,,,,,,,,,,,,,,,,,,,,,,,,,,
1334,1984,17,BVW,BLUTI,1,,,8,,,33,,,1,,NE,,,,,,,,,,,,,,,,,,,,,,,,,,,,,,,,,,,,,,,,,,,,
1335,1984,18,BVW,BLUTI,1,9,,6,,,29,,,1,,NE,,,,,,,,,,,,,,,,,,,,,,,,,,,,,,,,,,,,,,,,,,,,
1336,1984,19,BVW,PIEFL,1,7,7,7,,,45,,,,,NE,,,,,,,,,,,,,,,,,,,,,,,,,,,,,,,,,,,,,,,,,,,,
1337,1984,20,BVW,GRETI,1,,0,0,,,29,,9,,,EP,,,,,,,,,,,,,,,,,,,,,,,,,,,,,,,,,,,,,,,,,,,,
1338,1984,21,BVW,PIEFL,1,7,7,7,,,39,,,,,NE,,,,,,,,,,,07/06/1984,B925081,B925082,B925083,B925084,B925085,B925086,B925087,,,,,,,,,,,,,,,,,,,,,,,,,,
1339,1984,22,BVW,PIEFL,1,7,7,7,,,53,,,,,NE,,,,,,,,,,,,,,,,,,,,,,,,,,,,,,,,,,,,,,,,,,,,
1340,1984,23,BVW,BLUTI,1,,,0,,,28,,5,,,JD,,,,,,,,,,,,,,,,,,,,,,,,,,,,,,,,,,,,,,,,,,,,
1341,1984,24,BVW,BLUTI,1,,,3,,,28,,4,,,NE,,,,,,,,,,,,,,,,,,,,,,,,,,,,,,,,,,,,,,,,,,,,
1342,1984,3,HKN,PIEFL,1,,,6,,,,,,,,NE,,,,,,,,,,,,,,,,,,,,,,,,,,,,,,,,,,,,,,,,,,,,
1343,1984,10,HKN,PIEFL,1,,,7,,,,,,,,NE,,,,,,,,,,,,,,,,,,,,,,,,,,,,,,,,,,,,,,,,,,,,
1344,1984,13,HKN,PIEFL,1,,,7,,,,,,,,NE,,,,,,,,,,,,,,,,,,,,,,,,,,,,,,,,,,,,,,,,,,,,
1345,1984,15,HKN,PIEFL,1,,,7,,,,,,,,NE,,,,,,,,,,,,,,,,,,,,,,,,,,,,,,,,,,,,,,,,,,,,
1346,1984,101,YAR,PIEFL,1,5,,4,,,48,,,,,NE,,,,,,,,,,,,,,,,,,,,,,,,,,,,,,,,,,,,,,,,,,,,
1347,1984,103,YAR,REDST,1,6,6,6,,,57,,,,,NE,,,,,,,,,,,,,,,,,,,,,,,,,,,,,,,,,,,,,,,,,,,,
1348,1984,104,YAR,BLUTI,1,11,,10,,,32,,,,,NE,,,,,,,,,,,,,,,,,,,,,,,,,,,,,,,,,,,,,,,,,,,,
1349,1984,105,YAR,PIEFL,1,6,,5,,,46,,,,,NE,,,,,,B746296,31/05/1984,15/06/1983,I,1,,,,,,,,,,,,,,,,,,,,,,,,,,,,,,,,,,
1350,1984,107,YAR,PIEFL,1,6,6,5,,,51,,,,,NE,,,,,,B925062,27/05/1984,27/05/1984,I,1,,,,,,,,,,,,,,,,,,,,,,,,,,,,,,,,,,
1351,1984,109,YAR,GRETI,1,9,9,8,,,30,,,,,NE,,,,,,,,,,,,,,,,,,,,,,,,,,,,,,,,,,,,,,,,,,,,
1352,1984,110,YAR,REDST,1,7,7,0,,,29,,,,,JD,,,,,,,,,,,,,,,,,,,,,,,,,,,,,,,,,,,,,,,,,,,,
1353,1984,114,YAR,PIEFL,1,7,1,1,,,42,,,6,,NE,,,,,,B617039,31/05/1984,14/06/1982,R,2,,,,,,,,,,,,,,,,,,,,,,,,,,,,,,,,,,
1354,1984,119,YAR,PIEFL,1,6,0,0,,,44,,,,,ED,,,,,,A974470,31/05/1984,07/06/1982,S,2,,,,,,,,,,,,,,,,,,,,,,,,,,,,,,,,,,
1355,1984,122,YAR,PIEFL,1,6,6,6,,,54,,,,,NE,,,,,,,,,,,,,,,,,,,,,,,,,,,,,,,,,,,,,,,,,,,,
1356,1984,123,YAR,MARTI,1,8,8,8,,,,,,,,NE,,,,,,,,,,,,,,,,,,,,,,,,,,,,,,,,,,,,,,,,,,,,
1357,1984,124,YAR,BLUTI,1,9,9,9,,,28,,,,,NE,,,,,,,,,,,,,,,,,,,,,,,,,,,,,,,,,,,,,,,,,,,,
1358,1984,125,YAR,PIEFL,1,8,8,8,,,46,,,,,NE,,,,,,A481549,31/05/1984,25/05/1980,S,5,,,,,,,,,,,,,,,,,,,,,,,,,,,,,,,,,,
1359,1984,128,YAR,PIEFL,1,,0,0,,,38,,,,,ED,,,,,,,,,,,,,,,,,,,,,,,,,,,,,,,,,,,,,,,,,,,,
1360,1984,131,YAR,PIEFL,1,,0,0,,,48,,4,,,ED,,,,,,B617040,31/05/1984,14/06/1982,R,2,,,,,,,,,,,,,,,,,,,,,,,,,,,,,,,,,,
1361,1984,132,YAR,PIEFL,2,5,,3,,,,,,,,NE,,,,,,B617040,,14/06/1982,S,2,,,,,,,,,,,,,,,,,,,,,,,,,,,,,,,,,,
1362,1984,201,YAR,PIEFL,1,,0,0,,,,,3,,,ED,,,,,,,,,,,,,,,,,,,,,,,,,,,,,,,,,,,,,,,,,,,,
1363,1984,206,YAR,PIEFL,2,6,,3,,,65,82,,2,,NE,,,,,,,,,,,,,,,,,,,,,,,,,,,,,,,,,,,,,,,,,,,,
1364,1984,211,YAR,PIEFL,1,7,7,7,,,47,,,,,NE,,,,,,B925063,27/05/1984,27/05/1984,I,1,,,,,,,,,,,,,,,,,,,,,,,,,,,,,,,,,,
1365,1984,212,YAR,BLUTI,1,,0,0,,,40,,2,,,EP,,,,,,,,,,,,,,,,,,,,,,,,,,,,,,,,,,,,,,,,,,,,
1366,1984,215,YAR,PIEFL,2,6,4,4,,,58,,,,,NE,,,,,,,,,,,,,,,,,,,,,,,,,,,,,,,,,,,,,,,,,,,,
1367,1984,216,YAR,PIEFL,1,,0,0,,,,,6,,,EP,,,,,,,,,,,,,,,,,,,,,,,,,,,,,,,,,,,,,,,,,,,,
1368,1984,218,YAR,BLUTI,1,,,0,,,36,,8,,,JD,,,,,,,,,,,,,,,,,,,,,,,,,,,,,,,,,,,,,,,,,,,,
1369,1984,219,YAR,BLUTI,1,9,,8,,,44,,,,,NE,,,,,,,,,,,,,,,,,,,,,,,,,,,,,,,,,,,,,,,,,,,,
1370,1984,222,YAR,PIEFL,1,5,5,5,,,,,,,,NE,,,,,,B617226,31/05/1984,16/06/1982,R,2,,,,,,,,,,,,,,,,,,,,,,,,,,,,,,,,,,
1371,1984,223,YAR,GRETI,2,6,,3,,,,,,,,NE,,,,,,,,,,,,,,,,,,,,,,,,,,,,,,,,,,,,,,,,,,,,
1372,1984,224,YAR,PIEFL,1,6,6,6,,,58,,,,,NE,,,,,,,,,,,,,,,,,,,,,,,,,,,,,,,,,,,,,,,,,,,,
1373,1984,227,YAR,GRETI,1,7,,,,,30,,,,,NE,,,,,,,,,,,,,,,,,,,,,,,,,,,,,,,,,,,,,,,,,,,,
1374,1984,228,YAR,PIEFL,1,,0,0,,,,,6,,,EP,,,,,,,,,,,,,,,,,,,,,,,,,,,,,,,,,,,,,,,,,,,,
1375,1984,229,YAR,PIEFL,2,7,,6,,,49,,,,,NE,B925064,27/05/1984,27/05/1984,I,1,,,,,,,,,,,,,,,,,,,,,,,,,,,,,,,,,,,,,,,
1376,1984,231,YAR,BLUTI,1,4,4,4,,,,,,,,NE,,,,,,,,,,,,,,,,,,,,,,,,,,,,,,,,,,,,,,,,,,,,
1377,1984,233,YAR,PIEFL,1,5,5,5,,,45,,,,,NE,,,,,,B617144,31/05/1984,29/05/1983,S,2,,,,,,,,,,,,,,,,,,,,,,,,,,,,,,,,,,
1378,1984,234,YAR,PIEFL,1,6,,4,,,48,,,,,NE,,,,,,B617046,31/05/1984,14/06/1982,R,2,,,,,,,,,,,,,,,,,,,,,,,,,,,,,,,,,,
1379,1984,236,YAR,PIEFL,1,7,6,6,,,48,,,,,NE,,,,,,A481643,31/05/1984,09/06/1980,R,4,,,,,,,,,,,,,,,,,,,,,,,,,,,,,,,,,,
1380,1984,242,YAR,BLUTI,1,,,0,,,25,,,,,JP,,,,,,,,,,,,,,,,,,,,,,,,,,,,,,,,,,,,,,,,,,,,
1381,1984,245,YAR,PIEFL,1,,0,0,,,,,,,,EP,,,,,,,,,,,,,,,,,,,,,,,,,,,,,,,,,,,,,,,,,,,,
1382,1984,246,YAR,PIEFL,2,7,7,7,,,58,76,,,,NE,,,,,,,,,,,,,,,,,,,,,,,,,,,,,,,,,,,,,,,,,,,,
1383,1984,250,YAR,BLUTI,1,7,7,0,,,46,,,,,JP,,,,,,,,,,,,,,,,,,,,,,,,,,,,,,,,,,,,,,,,,,,,
1384,1984,302,YAR,REDST,1,6,6,5,,,68,,,,,NE,,,,,,,,,,,,,,,,,,,,,,,,,,,,,,,,,,,,,,,,,,,,
1385,1984,303,YAR,REDST,1,6,6,0,,,,,,,,JD,,,,,,,,,,,,,,,,,,,,,,,,,,,,,,,,,,,,,,,,,,,,
1386,1984,306,YAR,PIEFL,1,7,6,6,,,47,,,,,NE,,,,,,A481562,31/05/1984,09/06/1980,R,4,,,,,,,,,,,,,,,,,,,,,,,,,,,,,,,,,,
1387,1984,311,YAR,BLUTI,1,10,10,10,,,24,,,,,NE,,,,,,,,,,,,,,,,,,,,,,,,,,,,,,,,,,,,,,,,,,,,
1388,1984,312,YAR,REDST,1,,0,0,,,61,,,,,ED,,,,,,,,,,,,,,,,,,,,,,,,,,,,,,,,,,,,,,,,,,,,
1389,1984,315,YAR,GRETI,1,8,7,7,,,,,,,,NE,,,,,,,,,,,,,,,,,,,,,,,,,,,,,,,,,,,,,,,,,,,,
1390,1984,316,YAR,PIEFL,1,6,6,0,,,50,68,,,,JP,,,,,,,,,,,,,,,,,,,,,,,,,,,,,,,,,,,,,,,,,,,,
1391,1984,320,YAR,REDST,1,6,6,6,,,,,,,,NE,,,,,,,,,,,,,,,,,,,,,,,,,,,,,,,,,,,,,,,,,,,,
1392,1984,322,YAR,PIEFL,1,7,,6,,,47,,,,,NE,,,,,,A847972,31/05/1984,13/06/1981,R,3,,,,,,,,,,,,,,,,,,,,,,,,,,,,,,,,,,
1393,1984,324,YAR,PIEFL,1,7,,6,,,47,,,,,NE,,,,,,A974436,31/05/1984,02/06/1982,S,2,,,,,,,,,,,,,,,,,,,,,,,,,,,,,,,,,,
1394,1984,325,YAR,GRETI,1,8,,0,,,28,,,,,JD,,,,,,,,,,,,,,,,,,,,,,,,,,,,,,,,,,,,,,,,,,,,
1395,1984,327,YAR,PIEFL,1,6,,4,,,40,,,,,NE,,,,,,,,,,,,,,,,,,,,,,,,,,,,,,,,,,,,,,,,,,,,
1396,1984,330,YAR,PIEFL,1,6,6,6,,,46,,,,,NE,,,,,,B925020,24/05/1984,20/06/1983,R,1,,,,,,,,,,,,,,,,,,,,,,,,,,,,,,,,,,
1397,1984,331,YAR,GRETI,1,10,9,9,,,28,54,,,,NE,,,,,,,,,,,,,,,,,,,,,,,,,,,,,,,,,,,,,,,,,,,,
1398,1984,332,YAR,BLUTI,1,,,9,,,30,,,,,NE,,,,,,,,,,,,,,,,,,,,,,,,,,,,,,,,,,,,,,,,,,,,
1399,1984,334,YAR,BLUTI,1,,,8,,,,,9,,,NE,,,,,,,,,,,,,,,,,,,,,,,,,,,,,,,,,,,,,,,,,,,,
1400,1984,336,YAR,BLUTI,1,11,11,11,,,24,,,,,NE,,,,,,,,,,,,,,,,,,,,,,,,,,,,,,,,,,,,,,,,,,,,
1401,1984,337,YAR,PIEFL,1,6,6,6,,,,,,,,NE,,,,,,,,,,,,,,,,,,,,,,,,,,,,,,,,,,,,,,,,,,,,
1402,1984,339,YAR,BLUTI,1,,,0,,,29,,,,,JD,,,,,,,,,,,,,,,,,,,,,,,,,,,,,,,,,,,,,,,,,,,,
1403,1984,340,YAR,BLUTI,1,,,3,,,27,,,,,NE,,,,,,,,,,,,,,,,,,,,,,,,,,,,,,,,,,,,,,,,,,,,
1404,1984,341,YAR,PIEFL,1,,0,0,,,,,5,,,EP,,,,,,,,,,,,,,,,,,,,,,,,,,,,,,,,,,,,,,,,,,,,
1405,1984,342,YAR,PIEFL,2,5,4,4,,,,,,,,NE,,,,,,A974472,31/05/1984,07/06/1982,S,2,,,,,,,,,,,,,,,,,,,,,,,,,,,,,,,,,,
1406,1984,345,YAR,PIEFL,1,7,6,6,,,44,,,,,NE,,,,,,,,,,,,,,,,,,,,,,,,,,,,,,,,,,,,,,,,,,,,
1407,1984,346,YAR,BLUTI,1,8,0,0,,,,,,,,ED,,,,,,,,,,,,,,,,,,,,,,,,,,,,,,,,,,,,,,,,,,,,
1408,1984,348,YAR,BLUTI,1,11,,4,,,,,,,,NE,,,,,,,,,,,,,,,,,,,,,,,,,,,,,,,,,,,,,,,,,,,,
1409,1984,349,YAR,PIEFL,1,8,8,8,,,46,,,,,NE,,,,,,A481653,31/05/1984,09/06/1980,S,4,,,,,,,,,,,,,,,,,,,,,,,,,,,,,,,,,,
1410,1984,350,YAR,BLUTI,1,6,,2,,,50,,,,,NE,,,,,,,,,,,,,,,,,,,,,,,,,,,,,,,,,,,,,,,,,,,,
1411,1984,351,YAR,BLUTI,1,8,,4,,,28,,,,,NE,,,,,,,,,,,,,,,,,,,,,,,,,,,,,,,,,,,,,,,,,,,,
1412,1984,352,YAR,PIEFL,1,5,5,5,,,48,,,,,NE,,,,,,B925068,27/05/1984,27/05/1984,I,1,,,,,,,,,,,,,,,,,,,,,,,,,,,,,,,,,,
1413,1984,353,YAR,BLUTI,1,,,4,,,52,,,,,NE,,,,,,,,,,,,,,,,,,,,,,,,,,,,,,,,,,,,,,,,,,,,
1414,1984,355,YAR,PIEFL,1,7,7,7,,,49,68,,,,NE,,,,,,,,,,,,,,,,,,,,,,,,,,,,,,,,,,,,,,,,,,,,
1415,1985,1,BVW,PIEFL,1,6,4,4,,,43,,,2,,NE,,,,,,B925247,20/05/1985,15/06/1984,R,1,,,,,,,,,,,,,,,,,,,,,,,,,,,,,,,,,,
1416,1985,2,BVW,BLUTI,1,,0,0,,,,,,7,,ED,,,,,,,,,,,,,,,,,,,,,,,,,,,,,,,,,,,,,,,,,,,,
1417,1985,3,BVW,BLUTI,1,8,7,7,,,,,,1,,NE,,,,,,,,,,,,,,,,,,,,,,,,,,,,,,,,,,,,,,,,,,,,
1418,1985,4,BVW,PIEFL,1,,0,0,,,,,1,,,ED,,,,,,,,,,,,,,,,,,,,,,,,,,,,,,,,,,,,,,,,,,,,
1419,1985,5,BVW,BLUTI,1,,,9,,,24,,,,,NE,,,,,,,,,,,,,,,,,,,,,,,,,,,,,,,,,,,,,,,,,,,,
1420,1985,6,BVW,GRETI,1,8,,7,,,34,,,,,NE,,,,,,,,,,,,,,,,,,,,,,,,,,,,,,,,,,,,,,,,,,,,
1421,1985,7,BVW,PIEFL,1,6,5,5,,,57,,,1,,NE,,,,,,unringed,,,,,,,,,,,,,,,,,,,,,,,,,,,,,,,,,,,,,,
1422,1985,8,BVW,PIEFL,1,8,8,6,,,46,,,,,NE,,,,,,B617169,20/05/1985,01/06/1983,S,2,,,,,,,,,,,,,,,,,,,,,,,,,,,,,,,,,,
1423,1985,9,BVW,BLUTI,1,,,10,,,28,,,,,NE,,,,,,,,,,,,,,,,,,,,,,,,,,,,,,,,,,,,,,,,,,,,
1424,1985,10,BVW,PIEFL,1,7,7,7,,,41,59,,,,NE,,,,,,,,,,,,,,,,,,,,,,,,,,,,,,,,,,,,,,,,,,,,
1425,1985,11,BVW,PIEFL,1,6,6,6,,,43,,,,,NE,,,,,,,,,,,,,,,,,,,,,,,,,,,,,,,,,,,,,,,,,,,,
1426,1985,12,BVW,BLUTI,1,9,,7,,,39,,,,,NE,,,,,,,,,,,,,,,,,,,,,,,,,,,,,,,,,,,,,,,,,,,,
1427,1985,13,BVW,PIEFL,1,8,,6,,,34,,,1,,NE,,,,,,,,,,,,,,,,,,,,,,,,,,,,,,,,,,,,,,,,,,,,
1428,1985,14,BVW,PIEFL,1,7,,3,,,41,,,2,,NE,,,,,,,,,,,,,,,,,,,,,,,,,,,,,,,,,,,,,,,,,,,,
1429,1985,15,BVW,BLUTI,1,9,9,9,,,33,,,,,NE,,,,,,,,,,,,,,,,,,,,,,,,,,,,,,,,,,,,,,,,,,,,
1430,1985,16,BVW,GRETI,1,8,8,8,,,26,,,,,NE,,,,,,,,,,,,,,,,,,,,,,,,,,,,,,,,,,,,,,,,,,,,
1431,1985,16,BVW,PIEFL,2,4,3,,,,,,,,,OU,,,,,,,,,,,,,,,,,,,,,,,,,,,,,,,,,,,,,,,,,,,,
1432,1985,17,BVW,GRETI,1,4,3,3,,,34,,,1,,NE,,,,,,,,,,,,,,,,,,,,,,,,,,,,,,,,,,,,,,,,,,,,
1433,1985,18,BVW,BLUTI,1,,0,0,,,32,,,,,EP,,,,,,,,,,,,,,,,,,,,,,,,,,,,,,,,,,,,,,,,,,,,
1434,1985,19,BVW,BLUTI,1,9,0,0,,,29,,,,,ED,,,,,,,,,,,,,,,,,,,,,,,,,,,,,,,,,,,,,,,,,,,,
1435,1985,20,BVW,PIEFL,1,7,5,5,,,50,,,1,,NE,,,,,,,,,,,,,,,,,,,,,,,,,,,,,,,,,,,,,,,,,,,,
1436,1985,21,BVW,PIEFL,1,7,,6,,,41,,,,,NE,,,,,,,,,,,,,,,,,,,,,,,,,,,,,,,,,,,,,,,,,,,,
1437,1985,24,BVW,BLUTI,1,9,7,6,,,28,,,2,,NE,,,,,,,,,,,,,,,,,,,,,,,,,,,,,,,,,,,,,,,,,,,,
1438,1985,101,YAR,BLUTI,1,,,10,,,31,,,,,NE,,,,,,,,,,,,,,,,,,,,,,,,,,,,,,,,,,,,,,,,,,,,
1439,1985,103,YAR,PIEFL,1,6,5,5,,,,,,,,NE,,,,,,,,,,,,,,,,,,,,,,,,,,,,,,,,,,,,,,,,,,,,
1440,1985,104,YAR,BLUTI,1,,,8,,,30,,,,,NE,,,,,,,,,,,,,,,,,,,,,,,,,,,,,,,,,,,,,,,,,,,,
1441,1985,105,YAR,PIEFL,1,6,,4,,,42,,,,,NE,,,,,,B925062,20/05/1985,27/05/1984,S,2,,,,,,,,,,,,,,,,,,,,,,,,,,,,,,,,,,
1442,1985,107,YAR,REDST,1,6,4,4,,,56,,,,,NE,,,,,,,,,,,,,,,,,,,,,,,,,,,,,,,,,,,,,,,,,,,,
1443,1985,108,YAR,PIEFL,1,6,0,0,,,,,,,,EP,,,,,,,,,,,,,,,,,,,,,,,,,,,,,,,,,,,,,,,,,,,,
1444,1985,109,YAR,GRETI,1,,,2,,,,,,,,NE,,,,,,,,,,,,,,,,,,,,,,,,,,,,,,,,,,,,,,,,,,,,
1445,1985,110,YAR,BLUTI,1,11,,10,,,29,,,,,NE,,,,,,,,,,,,,,,,,,,,,,,,,,,,,,,,,,,,,,,,,,,,
1446,1985,111,YAR,PIEFL,1,6,6,6,,,48,,,,,NE,,,,,,,,,,,,,,,,,,,,,,,,,,,,,,,,,,,,,,,,,,,,
1447,1985,114,YAR,PIEFL,1,,0,0,,,,,1,,,EP,,,,,,,,,,,,,,,,,,,,,,,,,,,,,,,,,,,,,,,,,,,,
1448,1985,115,YAR,GRETI,1,,0,0,,,15,,7,,,ED,,,,,,,,,,,,,,,,,,,,,,,,,,,,,,,,,,,,,,,,,,,,
1449,1985,116,YAR,PIEFL,1,6,6,0,,,59,,,,,JD,,,,,,,,,,,,,,,,,,,,,,,,,,,,,,,,,,,,,,,,,,,,
1450,1985,117,YAR,PIEFL,1,5,5,5,,,69,,,,,NE,,,,,,,,,,,,,,,,,,,,,,,,,,,,,,,,,,,,,,,,,,,,
1451,1985,118,YAR,REDST,1,7,7,5,,,57,,,,,NE,,,,,,,,,,,,,,,,,,,,,,,,,,,,,,,,,,,,,,,,,,,,
1452,1985,120,YAR,BLUTI,1,12,,5,,,25,,,,,NE,,,,,,,,,,,,,,,,,,,,,,,,,,,,,,,,,,,,,,,,,,,,
1453,1985,121,YAR,PIEFL,1,7,6,6,,,48,,,,,NE,,,,,,,,,,,,,,,,,,,,,,,,,,,,,,,,,,,,,,,,,,,,
1454,1985,125,YAR,REDST,1,,0,0,,,50,,1,,,EP,,,,,,,,,,,,,,,,,,,,,,,,,,,,,,,,,,,,,,,,,,,,
1455,1985,127,YAR,BLUTI,1,,,3,,,25,,,,,NE,,,,,,,,,,,,,,,,,,,,,,,,,,,,,,,,,,,,,,,,,,,,
1456,1985,130,YAR,PIEFL,1,6,5,5,,,,,,,,NE,,,,,,,,,,,,,,,,,,,,,,,,,,,,,,,,,,,,,,,,,,,,
1457,1985,202,YAR,PIEFL,1,7,,6,,,54,,,,,NE,,,,,,,,,,,,,,,,,,,,,,,,,,,,,,,,,,,,,,,,,,,,
1458,1985,203,YAR,BLUTI,1,,,11,,,23,,,,,NE,,,,,,,,,,,,,,,,,,,,,,,,,,,,,,,,,,,,,,,,,,,,
1459,1985,204,YAR,PIEFL,1,,0,0,,,,,1,,,EP,,,,,,,,,,,,,,,,,,,,,,,,,,,,,,,,,,,,,,,,,,,,
1460,1985,205,YAR,PIEFL,2,6,6,6,,,49,,,,,NE,,,,,,,,,,,,,,,,,,,,,,,,,,,,,,,,,,,,,,,,,,,,
1461,1985,206,YAR,BLUTI,1,11,11,10,,,26,,,,,NE,,,,,,,,,,,,,,,,,,,,,,,,,,,,,,,,,,,,,,,,,,,,
1462,1985,207,YAR,BLUTI,1,,,7,,,36,,,,,NE,,,,,,,,,,,,,,,,,,,,,,,,,,,,,,,,,,,,,,,,,,,,
1463,1985,208,YAR,BLUTI,1,10,10,10,,,23,,,,,NE,,,,,,,,,,,,,,,,,,,,,,,,,,,,,,,,,,,,,,,,,,,,
1464,1985,209,YAR,PIEFL,1,6,6,6,,,48,,,,,NE,,,,,,,,,,,,,,,,,,,,,,,,,,,,,,,,,,,,,,,,,,,,
1465,1985,210,YAR,GRETI,1,5,5,5,,,28,,,,,NE,,,,,,,,,,,,,,,,,,,,,,,,,,,,,,,,,,,,,,,,,,,,
1466,1985,211,YAR,PIEFL,1,7,7,6,,,42,,,,,NE,,,,,,,,,,,,,,,,,,,,,,,,,,,,,,,,,,,,,,,,,,,,
1467,1985,213,YAR,BLUTI,1,,,9,,,28,,,,,NE,,,,,,,,,,,,,,,,,,,,,,,,,,,,,,,,,,,,,,,,,,,,
1468,1985,215,YAR,BLUTI,1,9,,6,,,32,,,,,NE,,,,,,,,,,,,,,,,,,,,,,,,,,,,,,,,,,,,,,,,,,,,
1469,1985,216,YAR,COATI,1,10,,5,,,26,,,,,NE,,,,,,,,,,,,,,,,,,,,,,,,,,,,,,,,,,,,,,,,,,,,
1470,1985,217,YAR,GRETI,1,,,0,,,27,,,,,JP,,,,,,,,,,,,,,,,,,,,,,,,,,,,,,,,,,,,,,,,,,,,
1471,1985,218,YAR,COATI,1,8,,0,,,23,,,,,JP,,,,,,,,,,,,,,,,,,,,,,,,,,,,,,,,,,,,,,,,,,,,
1472,1985,219,YAR,PIEFL,2,6,0,0,,,56,,,,,EP,,,,,,,,,,,,,,,,,,,,,,,,,,,,,,,,,,,,,,,,,,,,
1473,1985,220,YAR,PIEFL,1,,,0,,,,,,,,EP,,,,,,,,,,,,,,,,,,,,,,,,,,,,,,,,,,,,,,,,,,,,
1474,1985,222,YAR,BLUTI,1,13,,1,,,28,,,,,NE,,,,,,,,,,,,,,,,,,,,,,,,,,,,,,,,,,,,,,,,,,,,
1475,1985,223,YAR,PIEFL,1,6,,4,,,62,,,,,NE,,,,,,,,,,,,,,,,,,,,,,,,,,,,,,,,,,,,,,,,,,,,
1476,1985,224,YAR,BLUTI,1,9,,3,,,35,72,,,,NE,,,,,,,,,,,,,,,,,,,,,,,,,,,,,,,,,,,,,,,,,,,,
1477,1985,225,YAR,PIEFL,1,6,0,0,,,,,,,,EP,,,,,,,,,,,,,,,,,,,,,,,,,,,,,,,,,,,,,,,,,,,,
1478,1985,229,YAR,BLUTI,1,10,,0,,,24,,,,,JD,,,,,,,,,,,,,,,,,,,,,,,,,,,,,,,,,,,,,,,,,,,,
1479,1985,230,YAR,PIEFL,1,6,5,5,,,46,,,,,NE,,,,,,A974412,03/06/1985,28/05/1982,S,3,,,,,,,,,,,,,,,,,,,,,,,,,,,,,,,,,,
1480,1985,231,YAR,GRETI,1,,0,0,,,,,,,,ED,,,,,,,,,,,,,,,,,,,,,,,,,,,,,,,,,,,,,,,,,,,,
1481,1985,232,YAR,BLUTI,1,9,,3,,,26,,,,,NE,,,,,,,,,,,,,,,,,,,,,,,,,,,,,,,,,,,,,,,,,,,,
1482,1985,233,YAR,PIEFL,1,7,5,5,,,42,,,,,NE,,,,,,B925121,03/06/1985,12/06/1984,R,1,,,,,,,,,,,,,,,,,,,,,,,,,,,,,,,,,,
1483,1985,236,YAR,BLUTI,1,8,,7,,,28,,,,,NE,,,,,,,,,,,,,,,,,,,,,,,,,,,,,,,,,,,,,,,,,,,,
1484,1985,238,YAR,BLUTI,1,8,8,8,,,41,,,,,NE,,,,,,,,,,,,,,,,,,,,,,,,,,,,,,,,,,,,,,,,,,,,
1485,1985,239,YAR,PIEFL,1,7,,5,,,46,,,,,NE,,,,,,B617144,03/06/1985,29/05/1983,S,3,,,,,,,,,,,,,,,,,,,,,,,,,,,,,,,,,,
1486,1985,242,YAR,PIEFL,1,6,4,4,,,,,,,,NE,,,,,,B925230,03/06/1985,12/06/1984,R,1,,,,,,,,,,,,,,,,,,,,,,,,,,,,,,,,,,
1487,1985,242,YAR,BLUTI,1,,0,0,,,,,6,,,EU,,,,,,,,,,,,,,,,,,,,,,,,,,,,,,,,,,,,,,,,,,,,
1488,1985,243,YAR,BLUTI,1,12,12,12,,,30,59,,,,NE,,,,,,,,,,,,,,,,,,,,,,,,,,,,,,,,,,,,,,,,,,,,
1489,1985,244,YAR,GRETI,1,7,,5,,,23,43,,,,NE,,,,,,,,,,,,,,,,,,,,,,,,,,,,,,,,,,,,,,,,,,,,
1490,1985,245,YAR,PIEFL,1,6,,5,,,49,,,,,NE,,,,,,,,,,,,,,,,,,,,,,,,,,,,,,,,,,,,,,,,,,,,
1491,1985,246,YAR,BLUTI,1,,,9,,,24,,,,,NE,,,,,,,,,,,,,,,,,,,,,,,,,,,,,,,,,,,,,,,,,,,,
1492,1985,247,YAR,REDST,1,6,4,4,,,46,64,,,,NE,,,,,,,,,,,,,,,,,,,,,,,,,,,,,,,,,,,,,,,,,,,,
1493,1985,248,YAR,PIEFL,1,8,,5,,,48,,,,,NE,,,,,,,,,,,,,,,,,,,,,,,,,,,,,,,,,,,,,,,,,,,,
1494,1985,249,YAR,BLUTI,2,5,,3,,,,,,,,NE,,,,,,,,,,,,,,,,,,,,,,,,,,,,,,,,,,,,,,,,,,,,
1495,1985,250,YAR,BLUTI,1,11,,0,,,26,,,,,JP,,,,,,,,,,,,,,,,,,,,,,,,,,,,,,,,,,,,,,,,,,,,
1496,1985,301,YAR,PIEFL,1,6,5,0,,,60,,,1,,JD,,,,,,,,,,,,,,,,,,,,,,,,,,,,,,,,,,,,,,,,,,,,
1497,1985,303,YAR,BLUTI,1,8,7,5,,,29,,,1,,NE,,,,,,,,,,,,,,,,,,,,,,,,,,,,,,,,,,,,,,,,,,,,
1498,1985,304,YAR,PIEFL,2,6,6,0,,,60,78,,,,JD,,,,,,,,,,,,,,,,,,,,,,,,,,,,,,,,,,,,,,,,,,,,
1499,1985,305,YAR,PIEFL,1,,0,0,,,47,,4,,,EP,,,,,,,,,,,,,,,,,,,,,,,,,,,,,,,,,,,,,,,,,,,,
1500,1985,306,YAR,PIEFL,1,7,7,7,,,46,64,,,,NE,,,,,,,,,,,,,,,,,,,,,,,,,,,,,,,,,,,,,,,,,,,,
1501,1985,311,YAR,PIEFL,1,7,7,7,,,49,,,,,NE,,,,,,,,,,,,,,,,,,,,,,,,,,,,,,,,,,,,,,,,,,,,
1502,1985,312,YAR,PIEFL,1,6,5,5,,,48,,,1,,NE,,,,,,,,,,,,,,,,,,,,,,,,,,,,,,,,,,,,,,,,,,,,
1503,1985,315,YAR,GRETI,1,8,,7,,,29,,,,,NE,,,,,,,,,,,,,,,,,,,,,,,,,,,,,,,,,,,,,,,,,,,,
1504,1985,317,YAR,PIEFL,1,,,7,,,55,,,,,NE,,,,,,B925161,29/05/1985,11/06/1984,R,1,,,,,,,,,,,,,,,,,,,,,,,,,,,,,,,,,,
1505,1985,318,YAR,PIEFL,1,,0,0,,,,,1,,,EP,,,,,,,,,,,,,,,,,,,,,,,,,,,,,,,,,,,,,,,,,,,,
1506,1985,320,YAR,REDST,1,7,7,7,,,35,,,,,NE,,,,,,,,,,,,,,,,,,,,,,,,,,,,,,,,,,,,,,,,,,,,
1507,1985,321,YAR,BLUTI,1,10,,9,,,23,,,,,NE,,,,,,,,,,,,,,,,,,,,,,,,,,,,,,,,,,,,,,,,,,,,
1508,1985,322,YAR,PIEFL,1,8,8,8,,,46,,,,,NE,,,,,,A974436,29/05/1985,02/06/1982,S,3,,,,,,,,,,,,,,,,,,,,,,,,,,,,,,,,,,
1509,1985,324,YAR,PIEFL,1,,0,0,,,,,1,,,EP,,,,,,,,,,,,,,,,,,,,,,,,,,,,,,,,,,,,,,,,,,,,
1510,1985,325,YAR,PIEFL,2,7,7,6,,,59,,,,,NE,,,,,,,,,,,,,,,,,,,,,,,,,,,,,,,,,,,,,,,,,,,,
1511,1985,327,YAR,BLUTI,1,9,9,9,,,32,,,,,NE,,,,,,,,,,,,,,,,,,,,,,,,,,,,,,,,,,,,,,,,,,,,
1512,1985,328,YAR,BLUTI,1,11,,8,,,21,,,,,NE,,,,,,,,,,,,,,,,,,,,,,,,,,,,,,,,,,,,,,,,,,,,
1513,1985,329,YAR,REDST,1,7,,0,,,35,,,,,XP,,,,,,,,,,,,,,,,,,,,,,,,,,,,,,,,,,,,,,,,,,,,
1514,1985,330,YAR,PIEFL,1,6,6,6,,,46,,,,,NE,,,,,,B925066,29/05/1985,27/05/1984,I,1,,,,,,,,,,,,,,,,,,,,,,,,,,,,,,,,,,
1515,1985,331,YAR,BLUTI,1,,,10,,,,,,,,NE,,,,,,,,,,,,,,,,,,,,,,,,,,,,,,,,,,,,,,,,,,,,
1516,1985,332,YAR,GRETI,1,9,,6,,,26,,,,,NE,,,,,,,,,,,,,,,,,,,,,,,,,,,,,,,,,,,,,,,,,,,,
1517,1985,333,YAR,BLUTI,1,7,0,0,,,,,,,,EU,,,,,,,,,,,,,,,,,,,,,,,,,,,,,,,,,,,,,,,,,,,,
1518,1985,334,YAR,BLUTI,1,7,,6,,,27,,,,,NE,,,,,,,,,,,,,,,,,,,,,,,,,,,,,,,,,,,,,,,,,,,,
1519,1985,335,YAR,REDST,1,4,4,4,,,50,,,,,NE,,,,,,,,,,,,,,,,,,,,,,,,,,,,,,,,,,,,,,,,,,,,
1520,1985,336,YAR,BLUTI,1,,,0,,,22,,9,,,JP,,,,,,,,,,,,,,,,,,,,,,,,,,,,,,,,,,,,,,,,,,,,
1521,1985,337,YAR,NUTHA,1,5,5,5,,,26,,,,,NE,,,,,,,,,,,,,,,,,,,,,,,,,,,,,,,,,,,,,,,,,,,,
1522,1985,338,YAR,PIEFL,1,6,6,5,,,43,,,,,NE,,,,,,,,,,,,,,,,,,,,,,,,,,,,,,,,,,,,,,,,,,,,
1523,1985,340,YAR,PIEFL,1,8,,6,,,49,,,,,NE,,,,,,,,,,,,,,,,,,,,,,,,,,,,,,,,,,,,,,,,,,,,
1524,1985,341,YAR,PIEFL,1,8,6,5,,,42,,,,,NE,,,,,,,,,,,,,,,,,,,,,,,,,,,,,,,,,,,,,,,,,,,,
1525,1985,342,YAR,BLUTI,1,7,0,0,,,24,,,,,EP,,,,,,,,,,,,,,,,,,,,,,,,,,,,,,,,,,,,,,,,,,,,
1526,1985,343,YAR,BLUTI,1,8,,5,,,27,,,,,NE,,,,,,,,,,,,,,,,,,,,,,,,,,,,,,,,,,,,,,,,,,,,
1527,1985,344,YAR,PIEFL,1,7,6,6,,,43,,,,,NE,,,,,,B925224,20/05/1985,12/06/1984,R,1,,,,,,,,,,,,,,,,,,,,,,,,,,,,,,,,,,
1528,1985,345,YAR,GRETI,1,,,4,,,,,,,,NE,,,,,,,,,,,,,,,,,,,,,,,,,,,,,,,,,,,,,,,,,,,,
1529,1985,346,YAR,BLUTI,1,8,,7,,,33,,,,,NE,,,,,,,,,,,,,,,,,,,,,,,,,,,,,,,,,,,,,,,,,,,,
1530,1985,347,YAR,PIEFL,1,7,7,7,,,47,,,,,NE,,,,,,B925099,03/06/1985,07/06/1984,R,1,,,,,,,,,,,,,,,,,,,,,,,,,,,,,,,,,,
1531,1985,348,YAR,BLUTI,1,11,,0,,,28,,,,,JD,,,,,,,,,,,,,,,,,,,,,,,,,,,,,,,,,,,,,,,,,,,,
1532,1985,349,YAR,BLUTI,1,,,3,,,28,,4,,,NE,,,,,,,,,,,,,,,,,,,,,,,,,,,,,,,,,,,,,,,,,,,,
1533,1985,351,YAR,BLUTI,1,11,,0,,,20,,,,,JD,,,,,,,,,,,,,,,,,,,,,,,,,,,,,,,,,,,,,,,,,,,,
1534,1985,352,YAR,PIEFL,1,6,5,4,,,56,,,,,NE,,,,,,A847972,03/06/1985,13/06/1981,S,4,,,,,,,,,,,,,,,,,,,,,,,,,,,,,,,,,,
1535,1985,353,YAR,BLUTI,1,10,,7,,,25,,,,,NE,,,,,,,,,,,,,,,,,,,,,,,,,,,,,,,,,,,,,,,,,,,,
1536,1986,1,BVW,PIEFL,1,7,7,7,,,50,,,,,NE,,,,,,,,,,,,,,,,,,,,,,,,,,,,,,,,,,,,,,,,,,,,
1537,1986,2,BVW,COATI,1,,,11,,,33,,,,,NE,,,,,,,,,,,,,,,,,,,,,,,,,,,,,,,,,,,,,,,,,,,,
1538,1986,3,BVW,BLUTI,1,9,0,0,,,,,,,,ED,,,,,,,,,,,,,,,,,,,,,,,,,,,,,,,,,,,,,,,,,,,,
1539,1986,4,BVW,PIEFL,1,6,6,6,,,49,,,,,NE,,,,,,,,,,,,,,,,,,,,,,,,,,,,,,,,,,,,,,,,,,,,
1540,1986,5,BVW,BLUTI,1,11,0,0,,,36,,,,,EP,,,,,,,,,,,,,,,,,,,,,,,,,,,,,,,,,,,,,,,,,,,,
1541,1986,6,BVW,GRETI,1,7,7,7,,,48,,,,,NE,,,,,,,,,,,,,,,,,,,,,,,,,,,,,,,,,,,,,,,,,,,,
1542,1986,8,BVW,PIEFL,1,7,7,4,,,,64,,,,NE,,,,,,,,,,,,,,,,,,,,,,,,,,,,,,,,,,,,,,,,,,,,
1543,1986,9,BVW,BLUTI,1,7,,6,,,,,,,,NE,,,,,,,,,,,,,,,,,,,,,,,,,,,,,,,,,,,,,,,,,,,,
1544,1986,10,BVW,PIEFL,1,7,7,7,,,50,,,,,NE,,,,,,,,,,,,,,,,,,,,,,,,,,,,,,,,,,,,,,,,,,,,
1545,1986,11,BVW,PIEFL,1,,0,0,,,,,2,2,,ED,,,,,,,,,,,,,,,,,,,,,,,,,,,,,,,,,,,,,,,,,,,,
1546,1986,12,BVW,GRETI,1,8,8,5,,,42,,,,,NE,,,,,,,,,,,,,,,,,,,,,,,,,,,,,,,,,,,,,,,,,,,,
1547,1986,13,BVW,PIEFL,1,8,7,7,,,49,,,,,NE,,,,,,,,,,,,,,,,,,,,,,,,,,,,,,,,,,,,,,,,,,,,
1548,1986,14,BVW,BLUTI,2,,,2,,,59,,,,,NE,,,,,,,,,,,,,,,,,,,,,,,,,,,,,,,,,,,,,,,,,,,,
1549,1986,15,BVW,PIEFL,1,7,7,7,,,,,,,,NE,,,,,,,,,,,,,,,,,,,,,,,,,,,,,,,,,,,,,,,,,,,,
1550,1986,16,BVW,PIEFL,1,6,6,6,,,51,,,,,NE,,,,,,,,,,,,,,,,,,,,,,,,,,,,,,,,,,,,,,,,,,,,
1551,1986,17,BVW,GRETI,1,,,7,,,,,,,,NE,,,,,,,,,,,,,,,,,,,,,,,,,,,,,,,,,,,,,,,,,,,,
1552,1986,18,BVW,PIEFL,1,7,7,7,,,51,,,,,NE,,,,,,C377392,29/05/1986,24/06/1985,R,1,,,,,,,,,,,,,,,,,,,,,,,,,,,,,,,,,,
1553,1986,19,BVW,COATI,1,8,,0,,,32,,,,,JD,,,,,,,,,,,,,,,,,,,,,,,,,,,,,,,,,,,,,,,,,,,,
1554,1986,20,BVW,PIEFL,1,7,7,0,,,42,,,,,JD,,,,,,,,,,,,,,,,,,,,,,,,,,,,,,,,,,,,,,,,,,,,
1555,1986,22,BVW,BLUTI,1,10,0,0,,,,,,,,ED,,,,,,,,,,,,,,,,,,,,,,,,,,,,,,,,,,,,,,,,,,,,
1556,1986,24,BVW,BLUTI,1,9,9,0,,,,,,,,JD,,,,,,,,,,,,,,,,,,,,,,,,,,,,,,,,,,,,,,,,,,,,
1557,1986,101,YAR,PIEFL,1,,,6,,,61,,,,,NE,,,,,,,,,,,,,,,,,,,,,,,,,,,,,,,,,,,,,,,,,,,,
1558,1986,102,YAR,BLUTI,1,9,,8,,,,,,,,NE,,,,,,,,,,,,,,,,,,,,,,,,,,,,,,,,,,,,,,,,,,,,
1559,1986,103,YAR,PIEFL,2,4,4,4,,,,95,,,,NE,,,,,,,,,,,,,,,,,,,,,,,,,,,,,,,,,,,,,,,,,,,,
1560,1986,107,YAR,PIEFL,1,5,3,3,,,51,,,2,,NE,,,,,,,,,,,,,,,,,,,,,,,,,,,,,,,,,,,,,,,,,,,,
1561,1986,109,YAR,GRETI,2,,,4,,,,,,,,NE,,,,,,,,,,,,,,,,,,,,,,,,,,,,,,,,,,,,,,,,,,,,
1562,1986,112,YAR,PIEFL,1,7,,6,,,49,,,,,NE,,,,,,,,,,,,,,,,,,,,,,,,,,,,,,,,,,,,,,,,,,,,
1563,1986,115,YAR,PIEFL,1,7,7,6,,,,,,,,NE,,,,,,C779896,03/06/1986,03/06/1986,I,1,,,,,,,,,,,,,,,,,,,,,,,,,,,,,,,,,,
1564,1986,121,YAR,PIEFL,1,6,,5,,,,,,,,NE,,,,,,,,,,,,,,,,,,,,,,,,,,,,,,,,,,,,,,,,,,,,
1565,1986,123,YAR,PIEFL,1,6,5,5,,,,,,1,,NE,,,,,,C377171,03/06/1986,20/06/1984,R,2,,,,,,,,,,,,,,,,,,,,,,,,,,,,,,,,,,
1566,1986,124,YAR,REDST,1,6,6,6,,,,,,,,NE,,,,,,,,,,,,,,,,,,,,,,,,,,,,,,,,,,,,,,,,,,,,
1567,1986,126,YAR,BLUTI,1,10,,8,,,40,,,,,NE,,,,,,,,,,,,,,,,,,,,,,,,,,,,,,,,,,,,,,,,,,,,
1568,1986,201,YAR,PIEFL,1,7,7,6,,,,,,,,NE,,,,,,C377201,03/06/1986,29/05/1985,S,2,,,,,,,,,,,,,,,,,,,,,,,,,,,,,,,,,,
1569,1986,202,YAR,BLUTI,1,12,11,5,,,51,,,1,,NE,,,,,,,,,,,,,,,,,,,,,,,,,,,,,,,,,,,,,,,,,,,,
1570,1986,205,YAR,PIEFL,1,6,5,5,,,,,,1,,NE,,,,,,,,,,,,,,,,,,,,,,,,,,,,,,,,,,,,,,,,,,,,
1571,1986,210,YAR,GRETI,1,7,,4,,,39,,,,,NE,,,,,,,,,,,,,,,,,,,,,,,,,,,,,,,,,,,,,,,,,,,,
1572,1986,211,YAR,PIEFL,1,5,5,5,,,51,,,,,NE,,,,,,C158042,03/06/1986,,S,1,,,,,,,,,,,,,,,,,,,,,,,,,,,,,,,,,,
1573,1986,215,YAR,PIEFL,1,6,6,6,,,,,,,,NE,,,,,,,,,,,,,,,,,,,,,,,,,,,,,,,,,,,,,,,,,,,,
1574,1986,217,YAR,PIEFL,1,7,,0,,,54,,,,,JP,,,,,,,,,,,,,,,,,,,,,,,,,,,,,,,,,,,,,,,,,,,,
1575,1986,219,YAR,REDST,1,6,6,4,,,41,,,,,NE,,,,,,,,,,,,,,,,,,,,,,,,,,,,,,,,,,,,,,,,,,,,
1576,1986,220,YAR,BLUTI,1,9,,6,,,38,,,,,NE,,,,,,,,,,,,,,,,,,,,,,,,,,,,,,,,,,,,,,,,,,,,
1577,1986,221,YAR,PIEFL,1,,0,0,,,55,,7,,,ED,,,,,,,,,,,,,,,,,,,,,,,,,,,,,,,,,,,,,,,,,,,,
1578,1986,222,YAR,PIEFL,1,6,6,0,,,,,,,,JD,,,,,,,,,,,,,,,,,,,,,,,,,,,,,,,,,,,,,,,,,,,,
1579,1986,224,YAR,REDST,1,7,7,3,,,46,,,,,NE,,,,,,,,,,,,,,,,,,,,,,,,,,,,,,,,,,,,,,,,,,,,
1580,1986,225,YAR,PIEFL,1,,0,0,,,,,1,,,ED,,,,,,,,,,,,,,,,,,,,,,,,,,,,,,,,,,,,,,,,,,,,
1581,1986,226,YAR,BLUTI,1,9,0,0,,,38,,,,,ED,,,,,,,,,,,,,,,,,,,,,,,,,,,,,,,,,,,,,,,,,,,,
1582,1986,228,YAR,PIEFL,1,6,0,0,,,50,,,,,ED,,,,,,,,,,,,,,,,,,,,,,,,,,,,,,,,,,,,,,,,,,,,
1583,1986,229,YAR,BLUTI,1,9,0,0,,,38,,,,,EP,,,,,,,,,,,,,,,,,,,,,,,,,,,,,,,,,,,,,,,,,,,,
1584,1986,230,YAR,BLUTI,1,10,,1,,,34,,,,,NE,,,,,,,,,,,,,,,,,,,,,,,,,,,,,,,,,,,,,,,,,,,,
1585,1986,231,YAR,PIEFL,1,6,6,6,,,51,,,,,NE,,,,,,,,,,,,,,,,,,,,,,,,,,,,,,,,,,,,,,,,,,,,
1586,1986,234,YAR,PIEFL,1,,0,0,,,,,1,,,ED,,,,,,,,,,,,,,,,,,,,,,,,,,,,,,,,,,,,,,,,,,,,
1587,1986,235,YAR,PIEFL,2,6,5,5,,,61,,,,,NE,,,,,,,,,,,,,,,,,,,,,,,,,,,,,,,,,,,,,,,,,,,,
1588,1986,236,YAR,PIEFL,1,6,6,4,,,,,,,,NE,,,,,,C377221,03/06/1986,14/06/1985,R,1,,,,,,,,,,,,,,,,,,,,,,,,,,,,,,,,,,
1589,1986,238,YAR,PIEFL,2,5,,0,,,,,,,,JP,,,,,,,,,,,,,,,,,,,,,,,,,,,,,,,,,,,,,,,,,,,,
1590,1986,240,YAR,REDST,1,6,6,6,,,39,,,,,NE,,,,,,,,,,,,,,,,,,,,,,,,,,,,,,,,,,,,,,,,,,,,
1591,1986,241,YAR,BLUTI,1,,,5,,,50,,,,,NE,,,,,,,,,,,,,,,,,,,,,,,,,,,,,,,,,,,,,,,,,,,,
1592,1986,242,YAR,PIEFL,1,6,5,5,,,59,,,,,NE,,,,,,,,,,,,,,,,,,,,,,,,,,,,,,,,,,,,,,,,,,,,
1593,1986,244,YAR,PIEFL,1,7,6,0,,,51,,,1,,JP,,,,,,B617243,03/06/1986,16/06/1982,R,4,,,,,,,,,,,,,,,,,,,,,,,,,,,,,,,,,,
1594,1986,245,YAR,BLUTI,1,,,2,,,,,,1,,NE,,,,,,,,,,,,,,,,,,,,,,,,,,,,,,,,,,,,,,,,,,,,
1595,1986,249,YAR,BLUTI,1,9,3,3,,,42,80,,,,NE,,,,,,,,,,,,,,,,,,,,,,,,,,,,,,,,,,,,,,,,,,,,
1596,1986,250,YAR,PIEFL,1,7,7,6,,,,,,,,NE,,,,,,,,,,,,,,,,,,,,,,,,,,,,,,,,,,,,,,,,,,,,
1597,1986,303,YAR,PIEFL,1,6,6,5,,,,,,,,NE,,,,,,,,,,,,,,,,,,,,,,,,,,,,,,,,,,,,,,,,,,,,
1598,1986,305,YAR,PIEFL,1,6,6,6,,,58,,,,,NE,,,,,,C377190,03/06/1986,24/05/1985,S,2,,,,,,,,,,,,,,,,,,,,,,,,,,,,,,,,,,
1599,1986,307,YAR,PIEFL,1,7,7,7,,,51,,,,,NE,,,,,,B925095,03/06/1986,07/06/1984,R,2,,,,,,,,,,,,,,,,,,,,,,,,,,,,,,,,,,
1600,1986,311,YAR,PIEFL,1,5,4,4,,,57,,,1,,NE,,,,,,,,,,,,,,,,,,,,,,,,,,,,,,,,,,,,,,,,,,,,
1601,1986,312,YAR,PIEFL,1,7,7,5,,,,,,,,NE,,,,,,,,,,,,,,,,,,,,,,,,,,,,,,,,,,,,,,,,,,,,
1602,1986,315,YAR,PIEFL,1,6,6,4,,,49,,,,,NE,,,,,,B925099,03/06/1986,07/06/1984,S,2,,,,,,,,,,,,,,,,,,,,,,,,,,,,,,,,,,
1603,1986,320,YAR,REDST,1,,0,0,,,41,,7,,,ED,,,,,,,,,,,,,,,,,,,,,,,,,,,,,,,,,,,,,,,,,,,,
1604,1986,322,YAR,PIEFL,1,7,7,0,,,42,,,,,JP,,,,,,B925230,03/06/1986,12/06/1984,S,2,,,,,,,,,,,,,,,,,,,,,,,,,,,,,,,,,,
1605,1986,323,YAR,REDST,1,,0,0,,,,,6,,,ED,,,,,,,,,,,,,,,,,,,,,,,,,,,,,,,,,,,,,,,,,,,,
1606,1986,324,YAR,PIEFL,1,5,0,0,,,58,,,,,EP,,,,,,,,,,,,,,,,,,,,,,,,,,,,,,,,,,,,,,,,,,,,
1607,1986,325,YAR,PIEFL,1,,0,0,,,,,1,,,EU,,,,,,,,,,,,,,,,,,,,,,,,,,,,,,,,,,,,,,,,,,,,
1608,1986,326,YAR,BLUTI,1,10,0,0,,,43,,,,,ED,,,,,,,,,,,,,,,,,,,,,,,,,,,,,,,,,,,,,,,,,,,,
1609,1986,327,YAR,PIEFL,1,8,8,0,,,50,,,,,JP,,,,,,,,,,,,,,,,,,,,,,,,,,,,,,,,,,,,,,,,,,,,
1610,1986,328,YAR,PIEFL,1,7,,0,,,46,,,,,XP,,,,,,,,,,,,,,,,,,,,,,,,,,,,,,,,,,,,,,,,,,,,
1611,1986,329,YAR,PIEFL,2,5,0,0,,,,,,,,EP,,,,,,,,,,,,,,,,,,,,,,,,,,,,,,,,,,,,,,,,,,,,
1612,1986,330,YAR,PIEFL,1,7,0,0,,,50,,,,,EP,,,,,,,,,,,,,,,,,,,,,,,,,,,,,,,,,,,,,,,,,,,,
1613,1986,332,YAR,BLUTI,1,11,,3,,,38,,,,,NE,,,,,,,,,,,,,,,,,,,,,,,,,,,,,,,,,,,,,,,,,,,,
1614,1986,333,YAR,BLUTI,1,8,,0,,,,,,,,JD,,,,,,,,,,,,,,,,,,,,,,,,,,,,,,,,,,,,,,,,,,,,
1615,1986,336,YAR,PIEFL,1,6,0,0,,,50,,,,,EP,,,,,,,,,,,,,,,,,,,,,,,,,,,,,,,,,,,,,,,,,,,,
1616,1986,337,YAR,BLUTI,1,11,,0,,,31,,,,,NE,,,,,,,,,,,,,,,,,,,,,,,,,,,,,,,,,,,,,,,,,,,,
1617,1986,339,YAR,GRETI,2,8,,0,,,61,,,,,JD,,,,,,,,,,,,,,,,,,,,,,,,,,,,,,,,,,,,,,,,,,,,
1618,1986,340,YAR,PIEFL,1,7,6,0,,,50,,,1,,JD,,,,,,,,,,,,,,,,,,,,,,,,,,,,,,,,,,,,,,,,,,,,
1619,1986,341,YAR,PIEFL,1,6,5,0,,,50,,,,,JD,,,,,,,,,,,,,,,,,,,,,,,,,,,,,,,,,,,,,,,,,,,,
1620,1986,342,YAR,BLUTI,1,,,2,,,,,,,,NE,,,,,,,,,,,,,,,,,,,,,,,,,,,,,,,,,,,,,,,,,,,,
1621,1986,343,YAR,PIEFL,1,7,,5,,,48,,,,,NE,,,,,,B925121,03/06/1986,12/06/1984,S,2,,,,,,,,,,,,,,,,,,,,,,,,,,,,,,,,,,
1622,1986,345,YAR,BLUTI,1,10,,7,,,40,,,,,NE,,,,,,,,,,,,,,,,,,,,,,,,,,,,,,,,,,,,,,,,,,,,
1623,1986,347,YAR,PIEFL,1,6,5,5,,,51,,,1,,NE,,,,,,,,,,,,,,,,,,,,,,,,,,,,,,,,,,,,,,,,,,,,
1624,1986,350,YAR,REDST,1,6,,0,,,,,,,,JD,,,,,,,,,,,,,,,,,,,,,,,,,,,,,,,,,,,,,,,,,,,,
1625,1986,351,YAR,PIEFL,2,5,5,3,,,,86,,,,NE,,,,,,,,,,,,,,,,,,,,,,,,,,,,,,,,,,,,,,,,,,,,
1626,1986,353,YAR,PIEFL,1,6,6,6,,,49,,,,,NE,,,,,,,,,,,,,,,,,,,,,,,,,,,,,,,,,,,,,,,,,,,,
1627,1986,YARROW,YAR,BLUTI,1,,,9,,,43,,10,1,,NE,,,,,,,,,,,,,,,,,,,,,,,,,,,,,,,,,,,,,,,,,,,,
1628,1987,1,BVW,PIEFL,1,7,7,6,,,44,,,,,NE,,,,,,,,,,,,,,,,,,,,,,,,,,,,,,,,,,,,,,,,,,,,
1629,1987,2,BVW,COATI,1,,0,0,,,19,,4,,,ED,,,,,,,,,,,,,,,,,,,,,,,,,,,,,,,,,,,,,,,,,,,,
1630,1987,2,BVW,BLUTI,1,8,8,8,,,40,,,,,NE,,,,,,,,,,,,,,,,,,,,,,,,,,,,,,,,,,,,,,,,,,,,
1631,1987,5,BVW,GRETI,1,8,8,8,,,26,52,,,,NE,,,,,,,,,,,,,,,,,,,,,,,,,,,,,,,,,,,,,,,,,,,,
1632,1987,6,BVW,PIEFL,1,7,6,6,,,40,,,1,,NE,,,,,,,,,,,,,,,,,,,,,,,,,,,,,,,,,,,,,,,,,,,,
1633,1987,8,BVW,GRETI,1,,0,0,,,26,,7,,,ED,,,,,,,,,,,,,,,,,,,,,,,,,,,,,,,,,,,,,,,,,,,,
1634,1987,9,BVW,PIEFL,1,7,7,4,,,36,,,,,NE,,,,,,,,,,,,,,,,,,,,,,,,,,,,,,,,,,,,,,,,,,,,
1635,1987,10,BVW,BLUTI,1,9,,8,,,29,,,,,NE,,,,,,,,,,,,,,,,,,,,,,,,,,,,,,,,,,,,,,,,,,,,
1636,1987,11,BVW,PIEFL,1,8,8,8,,,32,,,,,NE,,,,,,,,,,,,,,,,,,,,,,,,,,,,,,,,,,,,,,,,,,,,
1637,1987,12,BVW,BLUTI,1,,,9,,,27,,,,,NE,,,,,,,,,,,,,,,,,,,,,,,,,,,,,,,,,,,,,,,,,,,,
1638,1987,15,BVW,BLUTI,1,,,12,,,,,,,,NE,,,,,,,,,,,,,,,,,,,,,,,,,,,,,,,,,,,,,,,,,,,,
1639,1987,18,BVW,PIEFL,1,8,7,7,,,,,,,,NE,,,,,,,,,,,,,,,,,,,,,,,,,,,,,,,,,,,,,,,,,,,,
1640,1987,20,BVW,PIEFL,1,7,0,0,,,51,,,,,ED,,,,,,,,,,,,,,,,,,,,,,,,,,,,,,,,,,,,,,,,,,,,
1641,1987,21,BVW,PIEFL,1,7,7,7,,,35,,,,,NE,,,,,,,,,,,,,,,,,,,,,,,,,,,,,,,,,,,,,,,,,,,,
1642,1987,22,BVW,BLUTI,1,,,5,,,,,7,2,,NE,,,,,,,,,,,,,,,,,,,,,,,,,,,,,,,,,,,,,,,,,,,,
1643,1987,24,BVW,BLUTI,1,9,9,0,,,21,,,,,JD,,,,,,,,,,,,,,,,,,,,,,,,,,,,,,,,,,,,,,,,,,,,
1644,1987,18A,BVW,GRETI,1,,,9,,,32,,,,,NE,,,,,,,,,,,,,,,,,,,,,,,,,,,,,,,,,,,,,,,,,,,,
1645,1987,2,NEA,BLUTI,1,,,11,,,28,,11,,,NE,,,,,,,,,,,,,,,,,,,,,,,,,,,,,,,,,,,,,,,,,,,,
1646,1987,4,NEA,REDST,1,5,5,5,,,44,,,,,NE,,,,,,,,,,,,,,,,,,,,,,,,,,,,,,,,,,,,,,,,,,,,
1647,1987,7,NEA,GRETI,1,11,,0,,,27,,,,,XD,,,,,,,,,,,,,,,,,,,,,,,,,,,,,,,,,,,,,,,,,,,,
1648,1987,9,NEA,PIEFL,1,7,6,6,,,,,,1,,NE,,,,,,,,,,,,,,,,,,,,,,,,,,,,,,,,,,,,,,,,,,,,
1649,1987,10,NEA,PIEFL,1,7,7,7,,,37,,,,,NE,,,,,,,,,,,,,,,,,,,,,,,,,,,,,,,,,,,,,,,,,,,,
1650,1987,12,NEA,PIEFL,1,,,7,,,,,,,,NE,,,,,,,,,,,,,,,,,,,,,,,,,,,,,,,,,,,,,,,,,,,,
1651,1987,13,NEA,BLUTI,1,12,11,11,,,28,,,,,NE,,,,,,,,,,,,,,,,,,,,,,,,,,,,,,,,,,,,,,,,,,,,
1652,1987,17,NEA,PIEFL,1,7,7,7,,,37,,,,,NE,,,,,,unringed,,,,,,,,,,,,,,,,,,,,,,,,,,,,,,,,,,,,,,
1653,1987,19,NEA,BLUTI,1,7,,6,,,44,,,,,NE,,,,,,,,,,,,,,,,,,,,,,,,,,,,,,,,,,,,,,,,,,,,
1654,1987,101,YAR,PIEFL,1,8,,7,,,,,,,,NE,,,,,,,,,,,,,,,,,,,,,,,,,,,,,,,,,,,,,,,,,,,,
1655,1987,104,YAR,REDST,1,7,,5,,,31,,,1,,NE,,,,,,,,,,,,,,,,,,,,,,,,,,,,,,,,,,,,,,,,,,,,
1656,1987,107,YAR,PIEFL,1,7,6,5,,,38,57,,,,NE,,,,,,,,,,,,,,,,,,,,,,,,,,,,,,,,,,,,,,,,,,,,
1657,1987,108,YAR,PIEFL,1,7,7,7,,,,,,,,NE,,,,,,,,,,,,,,,,,,,,,,,,,,,,,,,,,,,,,,,,,,,,
1658,1987,109,YAR,BLUTI,1,11,11,11,,,26,,,,,NE,,,,,,,,,,,,,,,,,,,,,,,,,,,,,,,,,,,,,,,,,,,,
1659,1987,114,YAR,PIEFL,1,7,7,7,,,,,,,,NE,,,,,,,,,,,,,,,,,,,,,,,,,,,,,,,,,,,,,,,,,,,,
1660,1987,122,YAR,PIEFL,2,,,5,,,,,,,,NE,,,,,,,,,,,,,,,,,,,,,,,,,,,,,,,,,,,,,,,,,,,,
1661,1987,126,YAR,PIEFL,1,7,7,7,,,37,57,,,,NE,,,,,,,,,,,,,,,,,,,,,,,,,,,,,,,,,,,,,,,,,,,,
1662,1987,132,YAR,PIEFL,1,7,7,7,,,37,,,,,NE,,,,,,,,,,,,,,,,,,,,,,,,,,,,,,,,,,,,,,,,,,,,
1663,1987,201,YAR,PIEFL,1,8,7,7,,,38,,,1,,NE,,,,,,,,,,,,,,,,,,,,,,,,,,,,,,,,,,,,,,,,,,,,
1664,1987,203,YAR,BLUTI,1,11,11,0,,,23,,,,,JD,,,,,,,,,,,,,,,,,,,,,,,,,,,,,,,,,,,,,,,,,,,,
1665,1987,210,YAR,PIEFL,1,9,7,6,,,33,,,2,,NE,,,,,,,,,,,,,,,,,,,,,,,,,,,,,,,,,,,,,,,,,,,,
1666,1987,215,YAR,PIEFL,1,7,7,5,,,35,,,,,NE,,,,,,,,,,,,,,,,,,,,,,,,,,,,,,,,,,,,,,,,,,,,
1667,1987,217,YAR,PIEFL,1,7,7,7,,,42,,,,,NE,,,,,,,,,,,,,,,,,,,,,,,,,,,,,,,,,,,,,,,,,,,,
1668,1987,219,YAR,PIEFL,1,8,6,6,,,37,,,2,,NE,,,,,,,,,,,,,,,,,,,,,,,,,,,,,,,,,,,,,,,,,,,,
1669,1987,221,YAR,BLUTI,1,,,9,,,28,,,,,NE,,,,,,,,,,,,,,,,,,,,,,,,,,,,,,,,,,,,,,,,,,,,
1670,1987,222,YAR,PIEFL,1,7,7,7,,,,,,,,NE,,,,,,,,,,,,,,,,,,,,,,,,,,,,,,,,,,,,,,,,,,,,
1671,1987,229,YAR,PIEFL,1,8,8,8,,,34,,,,,NE,,,,,,,,,,,,,,,,,,,,,,,,,,,,,,,,,,,,,,,,,,,,
1672,1987,232,YAR,MARTI,1,,,5,,,,,,,,NE,,,,,,,,,,,,,,,,,,,,,,,,,,,,,,,,,,,,,,,,,,,,
1673,1987,233,YAR,BLUTI,1,7,7,7,,,30,,,,,NE,,,,,,,,,,,,,,,,,,,,,,,,,,,,,,,,,,,,,,,,,,,,
1674,1987,235,YAR,PIEFL,1,7,7,7,,,40,,,,,NE,,,,,,,,,,,,,,,,,,,,,,,,,,,,,,,,,,,,,,,,,,,,
1675,1987,236,YAR,PIEFL,1,6,4,4,,,34,,,2,,NE,,,,,,,,,,,,,,,,,,,,,,,,,,,,,,,,,,,,,,,,,,,,
1676,1987,238,YAR,PIEFL,1,8,8,8,,,34,57,,,,NE,,,,,,,,,,,,,,,,,,,,,,,,,,,,,,,,,,,,,,,,,,,,
1677,1987,240,YAR,PIEFL,1,7,7,0,,,43,,,,,JD,,,,,,,,,,,,,,,,,,,,,,,,,,,,,,,,,,,,,,,,,,,,
1678,1987,241,YAR,PIEFL,1,8,8,8,,,34,,,,,NE,,,,,,,,,,,,,,,,,,,,,,,,,,,,,,,,,,,,,,,,,,,,
1679,1987,242,YAR,PIEFL,1,7,7,4,,,50,,,,,NE,,,,,,,,,,,,,,,,,,,,,,,,,,,,,,,,,,,,,,,,,,,,
1680,1987,243,YAR,BLUTI,1,10,,9,,,28,,,,,NE,,,,,,,,,,,,,,,,,,,,,,,,,,,,,,,,,,,,,,,,,,,,
1681,1987,244,YAR,PIEFL,1,8,8,4,,,36,,,,,NE,,,,,,,,,,,,,,,,,,,,,,,,,,,,,,,,,,,,,,,,,,,,
1682,1987,245,YAR,PIEFL,1,,0,0,,,,,1,,,ED,,,,,,,,,,,,,,,,,,,,,,,,,,,,,,,,,,,,,,,,,,,,
1683,1987,246,YAR,PIEFL,1,7,7,7,,,45,,,,,NE,,,,,,,,,,,,,,,,,,,,,,,,,,,,,,,,,,,,,,,,,,,,
1684,1987,250,YAR,PIEFL,1,8,8,8,,,37,,,,,NE,,,,,,,,,,,,,,,,,,,,,,,,,,,,,,,,,,,,,,,,,,,,
1685,1987,303,YAR,PIEFL,1,7,7,6,,,38,,,,,NE,,,,,,,,,,,,,,,,,,,,,,,,,,,,,,,,,,,,,,,,,,,,
1686,1987,306,YAR,PIEFL,1,7,7,6,,,,,,,,NE,,,,,,,,,,,,,,,,,,,,,,,,,,,,,,,,,,,,,,,,,,,,
1687,1987,309,YAR,BLUTI,1,,,13,,,24,,,,,NE,,,,,,,,,,,,,,,,,,,,,,,,,,,,,,,,,,,,,,,,,,,,
1688,1987,311,YAR,PIEFL,1,,0,0,,,,,6,,,ED,,,,,,,,,,,,,,,,,,,,,,,,,,,,,,,,,,,,,,,,,,,,
1689,1987,315,YAR,PIEFL,1,,0,0,,,,,4,,,ED,,,,,,,,,,,,,,,,,,,,,,,,,,,,,,,,,,,,,,,,,,,,
1690,1987,316,YAR,REDST,1,7,,6,,,42,,,,,NE,,,,,,,,,,,,,,,,,,,,,,,,,,,,,,,,,,,,,,,,,,,,
1691,1987,317,YAR,PIEFL,1,7,0,0,,,38,,,,,ED,,,,,,,,,,,,,,,,,,,,,,,,,,,,,,,,,,,,,,,,,,,,
1692,1987,322,YAR,BLUTI,1,,0,0,,,29,,,,,ED,,,,,,,,,,,,,,,,,,,,,,,,,,,,,,,,,,,,,,,,,,,,
1693,1987,323,YAR,REDST,1,,0,0,,,,,5,,,ED,,,,,,,,,,,,,,,,,,,,,,,,,,,,,,,,,,,,,,,,,,,,
1694,1987,324,YAR,REDST,2,,,5,,,,,6,,,NE,,,,,,,,,,,,,,,,,,,,,,,,,,,,,,,,,,,,,,,,,,,,
1695,1987,325,YAR,PIEFL,1,,0,0,,,,,4,,,ED,,,,,,,,,,,,,,,,,,,,,,,,,,,,,,,,,,,,,,,,,,,,
1696,1987,330,YAR,PIEFL,1,,0,0,,,,,4,,,ED,,,,,,,,,,,,,,,,,,,,,,,,,,,,,,,,,,,,,,,,,,,,
1697,1987,331,YAR,PIEFL,1,7,0,0,,,50,,,,,ED,,,,,,,,,,,,,,,,,,,,,,,,,,,,,,,,,,,,,,,,,,,,
1698,1987,333,YAR,BLUTI,1,8,,0,,,29,,,,,XD,,,,,,,,,,,,,,,,,,,,,,,,,,,,,,,,,,,,,,,,,,,,
1699,1987,335,YAR,PIEFL,1,7,,5,,,45,,,1,,NE,,,,,,,,,,,,,,,,,,,,,,,,,,,,,,,,,,,,,,,,,,,,
1700,1987,337,YAR,PIEFL,1,7,6,6,,,51,,,1,,NE,,,,,,,,,,,,,,,,,,,,,,,,,,,,,,,,,,,,,,,,,,,,
1701,1987,340,YAR,PIEFL,1,7,,6,,,40,,,,,NE,,,,,,,,,,,,,,,,,,,,,,,,,,,,,,,,,,,,,,,,,,,,
1702,1987,341,YAR,PIEFL,1,7,7,7,,,35,,,,,NE,,,,,,,,,,,,,,,,,,,,,,,,,,,,,,,,,,,,,,,,,,,,
1703,1987,345,YAR,PIEFL,1,,,7,,,,,,,,NE,,,,,,,,,,,,,,,,,,,,,,,,,,,,,,,,,,,,,,,,,,,,
1704,1987,346,YAR,BLUTI,1,10,10,10,,,,,,,,NE,,,,,,,,,,,,,,,,,,,,,,,,,,,,,,,,,,,,,,,,,,,,
1705,1987,347,YAR,PIEFL,1,6,6,5,,,41,,,,,NE,,,,,,,,,,,,,,,,,,,,,,,,,,,,,,,,,,,,,,,,,,,,
1706,1987,349,YAR,BLUTI,1,,,0,,,28,,9,,,JD,,,,,,,,,,,,,,,,,,,,,,,,,,,,,,,,,,,,,,,,,,,,
1707,1987,350,YAR,REDST,1,6,6,6,,,31,,,,,NE,,,,,,,,,,,,,,,,,,,,,,,,,,,,,,,,,,,,,,,,,,,,
1708,1987,351,YAR,PIEFL,1,7,7,7,,,,,,,,NE,,,,,,,,,,,,,,,,,,,,,,,,,,,,,,,,,,,,,,,,,,,,
1709,1987,353,YAR,PIEFL,2,,,5,,,,,,,,NE,,,,,,,,,,,,,,,,,,,,,,,,,,,,,,,,,,,,,,,,,,,,
1710,1987,355,YAR,BLUTI,1,11,,9,,,26,,,,,NE,,,,,,,,,,,,,,,,,,,,,,,,,,,,,,,,,,,,,,,,,,,,
1711,1987,HIDE3,YAR,PIEFL,1,,,8,,,,,,,,NE,,,,,,,,,,,,,,,,,,,,,,,,,,,,,,,,,,,,,,,,,,,,
1712,1987,HIDE6,YAR,REDST,1,,,6,,,,,,,,NE,,,,,,,,,,,,,,,,,,,,,,,,,,,,,,,,,,,,,,,,,,,,
1713,1988,1,BVW,PIEFL,1,7,7,7,,,43,,,,,NE,,,,,,,,,,,,,,,,,,,,,,,,,,,,,,,,,,,,,,,,,,,,
1714,1988,2,BVW,BLUTI,1,13,,12,,,25,,,,,NE,,,,,,,,,,,,,,,,,,,,,,,,,,,,,,,,,,,,,,,,,,,,
1715,1988,3,BVW,PIEFL,1,,,4,,,,,5,1,,NE,,,,,,,,,,,,,,,,,,,,,,,,,,,,,,,,,,,,,,,,,,,,
1716,1988,4,BVW,PIEFL,1,7,7,6,,,33,,,,,NE,,,,,,,,,,,,,,,,,,,,,,,,,,,,,,,,,,,,,,,,,,,,
1717,1988,5,BVW,BLUTI,1,9,9,9,,,36,,,,,NE,,,,,,,,,,,,,,,,,,,,,,,,,,,,,,,,,,,,,,,,,,,,
1718,1988,6,BVW,PIEFL,1,,,7,,,38,,,,,NE,,,,,,,,,,,,,,,,,,,,,,,,,,,,,,,,,,,,,,,,,,,,
1719,1988,7,BVW,PIEFL,1,,,7,,,39,,,,,NE,,,,,,,,,,,,,,,,,,,,,,,,,,,,,,,,,,,,,,,,,,,,
1720,1988,9,BVW,BLUTI,1,9,6,6,,,32,,,2,,NE,,,,,,,,,,,,,,,,,,,,,,,,,,,,,,,,,,,,,,,,,,,,
1721,1988,10,BVW,BLUTI,1,11,,9,,,24,,,,,NE,,,,,,,,,,,,,,,,,,,,,,,,,,,,,,,,,,,,,,,,,,,,
1722,1988,11,BVW,PIEFL,1,,,8,,,38,,,,,NE,,,,,,,,,,,,,,,,,,,,,,,,,,,,,,,,,,,,,,,,,,,,
1723,1988,13,BVW,BLUTI,1,7,7,7,,,27,,,,,NE,,,,,,,,,,,,,,,,,,,,,,,,,,,,,,,,,,,,,,,,,,,,
1724,1988,14,BVW,PIEFL,1,7,7,7,,,35,,,,,NE,,,,,,,,,,,,,,,,,,,,,,,,,,,,,,,,,,,,,,,,,,,,
1725,1988,15,BVW,BLUTI,1,10,10,8,,,25,,,,,NE,,,,,,,,,,,,,,,,,,,,,,,,,,,,,,,,,,,,,,,,,,,,
1726,1988,18,BVW,PIEFL,1,8,,6,,,39,,,,,NE,,,,,,,,,,,,,,,,,,,,,,,,,,,,,,,,,,,,,,,,,,,,
1727,1988,19,BVW,PIEFL,1,,,4,,,39,,,,,NE,,,,,,,,,,,,,,,,,,,,,,,,,,,,,,,,,,,,,,,,,,,,
1728,1988,21,BVW,BLUTI,1,,,0,,,26,,10,,,JD,,,,,,,,,,,,,,,,,,,,,,,,,,,,,,,,,,,,,,,,,,,,
1729,1988,22,BVW,BLUTI,1,,,0,,,25,,8,,,JD,,,,,,,,,,,,,,,,,,,,,,,,,,,,,,,,,,,,,,,,,,,,
1730,1988,23,BVW,BLUTI,1,8,6,6,,,26,,,,,NE,,,,,,,,,,,,,,,,,,,,,,,,,,,,,,,,,,,,,,,,,,,,
1731,1988,24,BVW,BLUTI,1,8,,0,,,25,,,,,JP,,,,,,,,,,,,,,,,,,,,,,,,,,,,,,,,,,,,,,,,,,,,
1732,1988,18A,BVW,GRETI,1,,,7,,,37,,,,,NE,,,,,,,,,,,,,,,,,,,,,,,,,,,,,,,,,,,,,,,,,,,,
1733,1988,1,NEA,PIEFL,1,7,7,7,,,36,,,,,NE,,,,,,,,,,,,,,,,,,,,,,,,,,,,,,,,,,,,,,,,,,,,
1734,1988,2,NEA,NUTHA,1,5,,4,,,,,,,,NE,,,,,,,,,,,,,,,,,,,,,,,,,,,,,,,,,,,,,,,,,,,,
1735,1988,3,NEA,GRETI,1,7,0,0,,,,,,,,ED,,,,,,,,,,,,,,,,,,,,,,,,,,,,,,,,,,,,,,,,,,,,
1736,1988,4,NEA,PIEFL,1,,,6,,,41,,,,,NE,,,,,,,,,,,,,,,,,,,,,,,,,,,,,,,,,,,,,,,,,,,,
1737,1988,5,NEA,PIEFL,1,7,,6,,,38,,,,,NE,,,,,,,,,,,,,,,,,,,,,,,,,,,,,,,,,,,,,,,,,,,,
1738,1988,6,NEA,BLUTI,1,,,7,,,,,,,,NE,,,,,,,,,,,,,,,,,,,,,,,,,,,,,,,,,,,,,,,,,,,,
1739,1988,7,NEA,PIEFL,1,8,8,8,,,40,,,,,NE,,,,,,,,,,,,,,,,,,,,,,,,,,,,,,,,,,,,,,,,,,,,
1740,1988,8,NEA,BLUTI,1,,0,0,,,23,,10,,,ED,,,,,,,,,,,,,,,,,,,,,,,,,,,,,,,,,,,,,,,,,,,,
1741,1988,9,NEA,BLUTI,1,8,8,8,,,34,,,,,NE,,,,,,,,,,,,,,,,,,,,,,,,,,,,,,,,,,,,,,,,,,,,
1742,1988,10,NEA,BLUTI,1,,,7,,,39,,,,,NE,,,,,,,,,,,,,,,,,,,,,,,,,,,,,,,,,,,,,,,,,,,,
1743,1988,12,NEA,PIEFL,1,8,8,8,,,41,,,,,NE,,,,,,,,,,,,,,,,,,,,,,,,,,,,,,,,,,,,,,,,,,,,
1744,1988,14,NEA,GRETI,1,,0,0,,,24,,8,,,ED,,,,,,,,,,,,,,,,,,,,,,,,,,,,,,,,,,,,,,,,,,,,
1745,1988,15,NEA,PIEFL,1,,,7,,,40,,8,,,NE,,,,,,,,,,,,,,,,,,,,,,,,,,,,,,,,,,,,,,,,,,,,
1746,1988,17,NEA,BLUTI,1,,0,0,,,,,1,,,ED,,,,,,,,,,,,,,,,,,,,,,,,,,,,,,,,,,,,,,,,,,,,
1747,1988,18,NEA,GRETI,1,,,7,,,25,,,,,NE,,,,,,,,,,,,,,,,,,,,,,,,,,,,,,,,,,,,,,,,,,,,
1748,1988,19,NEA,PIEFL,1,8,8,8,,,41,,,,,NE,,,,,,,,,,,,,,,,,,,,,,,,,,,,,,,,,,,,,,,,,,,,
1749,1988,20,NEA,PIEFL,1,7,7,7,,,43,,,,,NE,,,,,,,,,,,,,,,,,,,,,,,,,,,,,,,,,,,,,,,,,,,,
1750,1988,101,YAR,PIEFL,1,7,,6,,,40,,,,,NE,,,,,,,,,,,,,,,,,,,,,,,,,,,,,,,,,,,,,,,,,,,,
1751,1988,102,YAR,BLUTI,1,6,5,5,,,27,,,1,,NE,,,,,,,,,,,,,,,,,,,,,,,,,,,,,,,,,,,,,,,,,,,,
1752,1988,103,YAR,PIEFL,1,7,6,6,,,45,64,,,,NE,,,,,,,,,,,,,,,,,,,,,,,,,,,,,,,,,,,,,,,,,,,,
1753,1988,104,YAR,REDST,1,6,6,6,,,,,,,,NE,,,,,,,,,,,,,,,,,,,,,,,,,,,,,,,,,,,,,,,,,,,,
1754,1988,106,YAR,PIEFL,2,,,3,,,,,,,,NE,,,,,,,,,,,,,,,,,,,,,,,,,,,,,,,,,,,,,,,,,,,,
1755,1988,107,YAR,PIEFL,1,7,6,6,,,,,,,,NE,,,,,,,,,,,,,,,,,,,,,,,,,,,,,,,,,,,,,,,,,,,,
1756,1988,109,YAR,GRETI,1,10,,9,,,25,,,,,NE,,,,,,,,,,,,,,,,,,,,,,,,,,,,,,,,,,,,,,,,,,,,
1757,1988,110,YAR,PIEFL,1,6,6,6,,,40,,,,,NE,,,,,,,,,,,,,,,,,,,,,,,,,,,,,,,,,,,,,,,,,,,,
1758,1988,114,YAR,PIEFL,1,,,5,,,39,,,,,NE,,,,,,,,,,,,,,,,,,,,,,,,,,,,,,,,,,,,,,,,,,,,
1759,1988,122,YAR,PIEFL,1,6,6,6,,,39,,,,,NE,,,,,,,,,,,,,,,,,,,,,,,,,,,,,,,,,,,,,,,,,,,,
1760,1988,123,YAR,BLUTI,1,,,8,,,27,,,,,NE,,,,,,,,,,,,,,,,,,,,,,,,,,,,,,,,,,,,,,,,,,,,
1761,1988,124,YAR,REDST,1,7,6,6,,,31,49,,,,NE,,,,,,,,,,,,,,,,,,,,,,,,,,,,,,,,,,,,,,,,,,,,
1762,1988,126,YAR,PIEFL,1,7,7,7,,,,,,,,NE,,,,,,,,,,,,,,,,,,,,,,,,,,,,,,,,,,,,,,,,,,,,
1763,1988,131,YAR,PIEFL,1,7,7,3,,,,,,,,NE,,,,,,,,,,,,,,,,,,,,,,,,,,,,,,,,,,,,,,,,,,,,
1764,1988,132,YAR,PIEFL,1,,7,7,,,42,,,,,NE,,,,,,,,,,,,,,,,,,,,,,,,,,,,,,,,,,,,,,,,,,,,
1765,1988,203,YAR,PIEFL,1,,0,0,,,,,5,,,EP,,,,,,,,,,,,,,,,,,,,,,,,,,,,,,,,,,,,,,,,,,,,
1766,1988,205,YAR,PIEFL,1,7,7,4,,,52,71,,,,NE,,,,,,,,,,,,,,,,,,,,,,,,,,,,,,,,,,,,,,,,,,,,
1767,1988,206,YAR,BLUTI,1,,,10,,,21,,,,,NE,,,,,,,,,,,,,,,,,,,,,,,,,,,,,,,,,,,,,,,,,,,,
1768,1988,208,YAR,PIEFL,1,7,,0,,,52,71,,,,JD,,,,,,,,,,,,,,,,,,,,,,,,,,,,,,,,,,,,,,,,,,,,
1769,1988,210,YAR,GRETI,1,10,10,9,,,,,,,,NE,,,,,,,,,,,,,,,,,,,,,,,,,,,,,,,,,,,,,,,,,,,,
1770,1988,211,YAR,PIEFL,1,,,0,,,,,6,,,JP,,,,,,,,,,,,,,,,,,,,,,,,,,,,,,,,,,,,,,,,,,,,
1771,1988,213,YAR,BLUTI,1,7,6,6,,,29,,,1,,NE,,,,,,,,,,,,,,,,,,,,,,,,,,,,,,,,,,,,,,,,,,,,
1772,1988,215,YAR,BLUTI,1,10,0,0,,,27,,,,,EP,,,,,,,,,,,,,,,,,,,,,,,,,,,,,,,,,,,,,,,,,,,,
1773,1988,216,YAR,GRETI,1,9,,6,,,27,,,1,,NE,,,,,,,,,,,,,,,,,,,,,,,,,,,,,,,,,,,,,,,,,,,,
1774,1988,217,YAR,PIEFL,1,6,,4,,,47,,,1,,NE,,,,,,,,,,,,,,,,,,,,,,,,,,,,,,,,,,,,,,,,,,,,
1775,1988,217,YAR,BLUTI,1,8,0,0,,,25,,,,,EU,,,,,,,,,,,,,,,,,,,,,,,,,,,,,,,,,,,,,,,,,,,,
1776,1988,218,YAR,PIEFL,1,7,6,6,,,46,,,1,,NE,,,,,,,,,,,,,,,,,,,,,,,,,,,,,,,,,,,,,,,,,,,,
1777,1988,220,YAR,PIEFL,1,7,7,7,,,45,64,,,,NE,,,,,,,,,,,,,,,,,,,,,,,,,,,,,,,,,,,,,,,,,,,,
1778,1988,222,YAR,PIEFL,1,7,,5,,,38,,,,,NE,,,,,,,,,,,,,,,,,,,,,,,,,,,,,,,,,,,,,,,,,,,,
1779,1988,223,YAR,PIEFL,1,7,,6,,,47,,,,,NE,,,,,,,,,,,,,,,,,,,,,,,,,,,,,,,,,,,,,,,,,,,,
1780,1988,224,YAR,REDST,1,6,6,6,,,39,57,,,,NE,,,,,,,,,,,,,,,,,,,,,,,,,,,,,,,,,,,,,,,,,,,,
1781,1988,225,YAR,PIEFL,1,7,7,7,,,,,,,,NE,,,,,,,,,,,,,,,,,,,,,,,,,,,,,,,,,,,,,,,,,,,,
1782,1988,228,YAR,PIEFL,1,7,7,7,,,39,,,,,NE,,,,,,,,,,,,,,,,,,,,,,,,,,,,,,,,,,,,,,,,,,,,
1783,1988,229,YAR,BLUTI,1,4,0,0,,,27,,,,,ED,,,,,,,,,,,,,,,,,,,,,,,,,,,,,,,,,,,,,,,,,,,,
1784,1988,230,YAR,PIEFL,1,6,,5,,,,,,,,NE,,,,,,,,,,,,,,,,,,,,,,,,,,,,,,,,,,,,,,,,,,,,
1785,1988,231,YAR,BLUTI,1,10,10,10,,,26,,,,,NE,,,,,,,,,,,,,,,,,,,,,,,,,,,,,,,,,,,,,,,,,,,,
1786,1988,232,YAR,PIEFL,1,,,7,,,42,,,,,NE,,,,,,,,,,,,,,,,,,,,,,,,,,,,,,,,,,,,,,,,,,,,
1787,1988,233,YAR,BLUTI,1,9,,0,,,26,,,,,JP,,,,,,,,,,,,,,,,,,,,,,,,,,,,,,,,,,,,,,,,,,,,
1788,1988,234,YAR,PIEFL,1,,,6,,,39,,,,,NE,,,,,,,,,,,,,,,,,,,,,,,,,,,,,,,,,,,,,,,,,,,,
1789,1988,236,YAR,PIEFL,1,7,7,7,,,38,57,,,,NE,,,,,,,,,,,,,,,,,,,,,,,,,,,,,,,,,,,,,,,,,,,,
1790,1988,238,YAR,BLUTI,1,8,8,8,,,33,,,,,NE,,,,,,,,,,,,,,,,,,,,,,,,,,,,,,,,,,,,,,,,,,,,
1791,1988,239,YAR,BLUTI,1,10,0,0,,,26,,,,,ED,,,,,,,,,,,,,,,,,,,,,,,,,,,,,,,,,,,,,,,,,,,,
1792,1988,240,YAR,PIEFL,1,7,7,5,,,42,,,,,NE,,,,,,,,,,,,,,,,,,,,,,,,,,,,,,,,,,,,,,,,,,,,
1793,1988,241,YAR,PIEFL,1,7,,5,,,,,,,,NE,,,,,,,,,,,,,,,,,,,,,,,,,,,,,,,,,,,,,,,,,,,,
1794,1988,242,YAR,PIEFL,1,,,7,,,37,,,,,NE,,,,,,,,,,,,,,,,,,,,,,,,,,,,,,,,,,,,,,,,,,,,
1795,1988,244,YAR,PIEFL,1,6,6,4,,,46,64,,,,NE,,,,,,,,,,,,,,,,,,,,,,,,,,,,,,,,,,,,,,,,,,,,
1796,1988,245,YAR,PIEFL,1,7,7,7,,,40,,,,,NE,,,,,,,,,,,,,,,,,,,,,,,,,,,,,,,,,,,,,,,,,,,,
1797,1988,246,YAR,BLUTI,1,11,11,11,,,25,,,,,NE,,,,,,,,,,,,,,,,,,,,,,,,,,,,,,,,,,,,,,,,,,,,
1798,1988,247,YAR,REDST,1,,,6,,,40,,,,,NE,,,,,,,,,,,,,,,,,,,,,,,,,,,,,,,,,,,,,,,,,,,,
1799,1988,249,YAR,NUTHA,1,7,,4,,,,,,,,NE,,,,,,,,,,,,,,,,,,,,,,,,,,,,,,,,,,,,,,,,,,,,
1800,1988,250,YAR,PIEFL,1,7,7,7,,,42,,,,,NE,,,,,,,,,,,,,,,,,,,,,,,,,,,,,,,,,,,,,,,,,,,,
1801,1988,306,YAR,PIEFL,1,6,,3,,,,,,1,,NE,,,,,,,,,,,,,,,,,,,,,,,,,,,,,,,,,,,,,,,,,,,,
1802,1988,311,YAR,PIEFL,1,7,7,7,,,40,,,,,NE,,,,,,,,,,,,,,,,,,,,,,,,,,,,,,,,,,,,,,,,,,,,
1803,1988,312,YAR,COATI,1,,,8,,,,,9,1,,NE,,,,,,,,,,,,,,,,,,,,,,,,,,,,,,,,,,,,,,,,,,,,
1804,1988,314,YAR,PIEFL,1,,,6,,,54,,,,,NE,,,,,,,,,,,,,,,,,,,,,,,,,,,,,,,,,,,,,,,,,,,,
1805,1988,315,YAR,PIEFL,1,,,0,,,,,3,,,EP,,,,,,,,,,,,,,,,,,,,,,,,,,,,,,,,,,,,,,,,,,,,
1806,1988,317,YAR,PIEFL,2,,,0,,,,,5,,,EP,,,,,,,,,,,,,,,,,,,,,,,,,,,,,,,,,,,,,,,,,,,,
1807,1988,319,YAR,REDST,1,7,7,0,,,33,,,,,JP,,,,,,,,,,,,,,,,,,,,,,,,,,,,,,,,,,,,,,,,,,,,
1808,1988,320,YAR,PIEFL,1,6,6,6,,,45,,,,,NE,,,,,,,,,,,,,,,,,,,,,,,,,,,,,,,,,,,,,,,,,,,,
1809,1988,321,YAR,PIEFL,1,8,,0,,,58,77,,,,JP,,,,,,,,,,,,,,,,,,,,,,,,,,,,,,,,,,,,,,,,,,,,
1810,1988,323,YAR,PIEFL,1,,,0,,,46,,,,,XP,,,,,,,,,,,,,,,,,,,,,,,,,,,,,,,,,,,,,,,,,,,,
1811,1988,324,YAR,PIEFL,1,7,7,7,,,39,,,,,NE,,,,,,,,,,,,,,,,,,,,,,,,,,,,,,,,,,,,,,,,,,,,
1812,1988,326,YAR,PIEFL,1,6,6,6,,,,,,,,NE,,,,,,,,,,,,,,,,,,,,,,,,,,,,,,,,,,,,,,,,,,,,
1813,1988,327,YAR,REDST,1,,,7,,,47,,,,,NE,,,,,,,,,,,,,,,,,,,,,,,,,,,,,,,,,,,,,,,,,,,,
1814,1988,328,YAR,PIEFL,1,8,7,7,,,39,,,1,,NE,,,,,,,,,,,,,,,,,,,,,,,,,,,,,,,,,,,,,,,,,,,,
1815,1988,329,YAR,PIEFL,1,,,4,,,,,5,1,,NE,,,,,,,,,,,,,,,,,,,,,,,,,,,,,,,,,,,,,,,,,,,,
1816,1988,329,YAR,BLUTI,1,,0,0,,,,,2,,,ED,,,,,,,,,,,,,,,,,,,,,,,,,,,,,,,,,,,,,,,,,,,,
1817,1988,330,YAR,PIEFL,1,,,8,,,38,,,,,NE,,,,,,,,,,,,,,,,,,,,,,,,,,,,,,,,,,,,,,,,,,,,
1818,1988,331,YAR,PIEFL,1,,,5,,,,,,,,NE,,,,,,,,,,,,,,,,,,,,,,,,,,,,,,,,,,,,,,,,,,,,
1819,1988,332,YAR,PIEFL,1,,,6,,,,,,,,NE,,,,,,,,,,,,,,,,,,,,,,,,,,,,,,,,,,,,,,,,,,,,
1820,1988,333,YAR,PIEFL,1,7,0,0,,,47,,,,,EP,,,,,,,,,,,,,,,,,,,,,,,,,,,,,,,,,,,,,,,,,,,,
1821,1988,334,YAR,PIEFL,1,,0,0,,,,,,,,ED,,,,,,,,,,,,,,,,,,,,,,,,,,,,,,,,,,,,,,,,,,,,
1822,1988,337,YAR,REDST,1,5,5,5,,,,,,,,NE,,,,,,,,,,,,,,,,,,,,,,,,,,,,,,,,,,,,,,,,,,,,
1823,1988,338,YAR,BLUTI,1,11,,10,,,25,,,,,NE,,,,,,,,,,,,,,,,,,,,,,,,,,,,,,,,,,,,,,,,,,,,
1824,1988,339,YAR,BLUTI,1,,,9,,,22,,,,,NE,,,,,,,,,,,,,,,,,,,,,,,,,,,,,,,,,,,,,,,,,,,,
1825,1988,340,YAR,PIEFL,1,,0,0,,,,,4,,,ED,,,,,,,,,,,,,,,,,,,,,,,,,,,,,,,,,,,,,,,,,,,,
1826,1988,341,YAR,PIEFL,2,,0,0,,,,,2,,,EP,,,,,,,,,,,,,,,,,,,,,,,,,,,,,,,,,,,,,,,,,,,,
1827,1988,341,YAR,BLUTI,1,9,,0,,,26,,,,,JP,,,,,,,,,,,,,,,,,,,,,,,,,,,,,,,,,,,,,,,,,,,,
1828,1988,345,YAR,PIEFL,1,8,8,8,,,33,,,,,NE,,,,,,,,,,,,,,,,,,,,,,,,,,,,,,,,,,,,,,,,,,,,
1829,1988,346,YAR,BLUTI,1,,,8,,,24,,,,,NE,,,,,,,,,,,,,,,,,,,,,,,,,,,,,,,,,,,,,,,,,,,,
1830,1988,347,YAR,PIEFL,1,7,7,7,,,,,,,,NE,,,,,,,,,,,,,,,,,,,,,,,,,,,,,,,,,,,,,,,,,,,,
1831,1988,348,YAR,BLUTI,1,7,,5,,,30,,,,,NE,,,,,,,,,,,,,,,,,,,,,,,,,,,,,,,,,,,,,,,,,,,,
1832,1988,349,YAR,NUTHA,1,4,4,4,,,,,,,,NE,,,,,,,,,,,,,,,,,,,,,,,,,,,,,,,,,,,,,,,,,,,,
1833,1988,350,YAR,PIEFL,1,8,0,0,,,37,,,,,ED,,,,,,,,,,,,,,,,,,,,,,,,,,,,,,,,,,,,,,,,,,,,
1834,1988,351,YAR,PIEFL,1,7,,5,,,36,,,1,,NE,,,,,,,,,,,,,,,,,,,,,,,,,,,,,,,,,,,,,,,,,,,,
1835,1988,353,YAR,BLUTI,1,,,5,,,,,,,,NE,,,,,,,,,,,,,,,,,,,,,,,,,,,,,,,,,,,,,,,,,,,,
1836,1988,HIDE3,YAR,BLUTI,1,,,8,,,26,,,,,NE,,,,,,,,,,,,,,,,,,,,,,,,,,,,,,,,,,,,,,,,,,,,
1837,1988,HIDE6,YAR,PIEFL,1,,,7,,,,,,,,NE,,,,,,,,,,,,,,,,,,,,,,,,,,,,,,,,,,,,,,,,,,,,
1838,1988,YARROW,YAR,BLUTI,1,,,,,,,,1,,,OU,,,,,,,,,,,,,,,,,,,,,,,,,,,,,,,,,,,,,,,,,,,,
1839,1989,1,BVW,PIEFL,1,6,6,6,,,46,,,,,NE,,,,,,,,,,,,,,,,,,,,,,,,,,,,,,,,,,,,,,,,,,,,
1840,1989,2,BVW,PIEFL,1,8,7,7,,,38,,,1,,NE,,,,,,,,,,,,,,,,,,,,,,,,,,,,,,,,,,,,,,,,,,,,
1841,1989,3,BVW,BLUTI,1,10,10,9,,,,,,,,NE,,,,,,,,,,,,,,,,,,,,,,,,,,,,,,,,,,,,,,,,,,,,
1842,1989,5,BVW,BLUTI,1,10,9,8,,,20,,,,,NE,,,,,,,,,,,,,,,,,,,,,,,,,,,,,,,,,,,,,,,,,,,,
1843,1989,6,BVW,PIEFL,1,7,7,7,,,39,,,,,NE,,,,,,,,,,,,,,,,,,,,,,,,,,,,,,,,,,,,,,,,,,,,
1844,1989,7,BVW,PIEFL,1,7,7,7,,,46,,,,,NE,,,,,,,,,,,,,,,,,,,,,,,,,,,,,,,,,,,,,,,,,,,,
1845,1989,8,BVW,GRETI,1,8,8,8,,,29,,,,,NE,,,,,,,,,,,,,,,,,,,,,,,,,,,,,,,,,,,,,,,,,,,,
1846,1989,9,BVW,BLUTI,1,9,9,9,,,26,49,,,,NE,,,,,,,,,,,,,,,,,,,,,,,,,,,,,,,,,,,,,,,,,,,,
1847,1989,10,BVW,PIEFL,1,,0,0,,,49,,6,,,ED,,,,,,,,,,,,,,,,,,,,,,,,,,,,,,,,,,,,,,,,,,,,
1848,1989,11,BVW,PIEFL,1,7,7,6,,,,,,,,NE,,,,,,,,,,,,,,,,,,,,,,,,,,,,,,,,,,,,,,,,,,,,
1849,1989,12,BVW,PIEFL,1,,,7,,,40,,,,,NE,,,,,,,,,,,,,,,,,,,,,,,,,,,,,,,,,,,,,,,,,,,,
1850,1989,13,BVW,GRETI,1,,,8,,,37,,,,,NE,,,,,,,,,,,,,,,,,,,,,,,,,,,,,,,,,,,,,,,,,,,,
1851,1989,14,BVW,BLUTI,1,9,9,9,,,27,,,,,NE,,,,,,,,,,,,,,,,,,,,,,,,,,,,,,,,,,,,,,,,,,,,
1852,1989,15,BVW,GRETI,1,8,,0,,,,,,,,JD,,,,,,,,,,,,,,,,,,,,,,,,,,,,,,,,,,,,,,,,,,,,
1853,1989,16,BVW,BLUTI,1,13,13,13,,,21,,,,,NE,,,,,,,,,,,,,,,,,,,,,,,,,,,,,,,,,,,,,,,,,,,,
1854,1989,17,BVW,PIEFL,1,8,,2,,,34,,,,,NE,,,,,,,,,,,,,,,,,,,,,,,,,,,,,,,,,,,,,,,,,,,,
1855,1989,18,BVW,BLUTI,1,,,5,,,36,,9,,,NE,,,,,,,,,,,,,,,,,,,,,,,,,,,,,,,,,,,,,,,,,,,,
1856,1989,19,BVW,PIEFL,1,6,,3,,,39,,,,,NE,,,,,,,,,,,,,,,,,,,,,,,,,,,,,,,,,,,,,,,,,,,,
1857,1989,20,BVW,BLUTI,1,9,0,0,,,27,,,,,ED,,,,,,,,,,,,,,,,,,,,,,,,,,,,,,,,,,,,,,,,,,,,
1858,1989,21,BVW,BLUTI,2,,,8,,,41,,,,,NE,,,,,,,,,,,,,,,,,,,,,,,,,,,,,,,,,,,,,,,,,,,,
1859,1989,22,BVW,BLUTI,1,,,8,,,26,,9,1,,NE,,,,,,,,,,,,,,,,,,,,,,,,,,,,,,,,,,,,,,,,,,,,
1860,1989,23,BVW,BLUTI,1,10,9,,,,27,,,1,,OU,,,,,,,,,,,,,,,,,,,,,,,,,,,,,,,,,,,,,,,,,,,,
1861,1989,18A,BVW,GRETI,1,9,9,9,,,34,,,,,NE,,,,,,,,,,,,,,,,,,,,,,,,,,,,,,,,,,,,,,,,,,,,
1862,1989,1,NEA,PIEFL,1,8,8,8,,,38,,,,,NE,,,,,,,,,,,,,,,,,,,,,,,,,,,,,,,,,,,,,,,,,,,,
1863,1989,3,NEA,PIEFL,1,,,6,,,,,8,1,,NE,,,,,,,,,,,,,,,,,,,,,,,,,,,,,,,,,,,,,,,,,,,,
1864,1989,5,NEA,GRETI,1,,,9,,,29,,,,,NE,,,,,,,,,,,,,,,,,,,,,,,,,,,,,,,,,,,,,,,,,,,,
1865,1989,6,NEA,BLUTI,1,,,10,,,32,,11,,,NE,,,,,,,,,,,,,,,,,,,,,,,,,,,,,,,,,,,,,,,,,,,,
1866,1989,7,NEA,NUTHA,1,,0,0,,,31,,7,,,ED,,,,,,,,,,,,,,,,,,,,,,,,,,,,,,,,,,,,,,,,,,,,
1867,1989,8,NEA,PIEFL,1,,,6,,,40,,7,1,,NE,,,,,,,,,,,,,,,,,,,,,,,,,,,,,,,,,,,,,,,,,,,,
1868,1989,9,NEA,BLUTI,1,10,,0,,,32,,,,,JD,,,,,,,,,,,,,,,,,,,,,,,,,,,,,,,,,,,,,,,,,,,,
1869,1989,10,NEA,BLUTI,1,10,,9,,,31,,,,,NE,,,,,,,,,,,,,,,,,,,,,,,,,,,,,,,,,,,,,,,,,,,,
1870,1989,11,NEA,GRETI,1,7,0,0,,,32,,,,,ED,,,,,,,,,,,,,,,,,,,,,,,,,,,,,,,,,,,,,,,,,,,,
1871,1989,12,NEA,BLUTI,1,11,,7,,,27,,,2,,NE,,,,,,,,,,,,,,,,,,,,,,,,,,,,,,,,,,,,,,,,,,,,
1872,1989,13,NEA,PIEFL,1,7,7,7,,,40,,,,,NE,,,,,,,,,,,,,,,,,,,,,,,,,,,,,,,,,,,,,,,,,,,,
1873,1989,14,NEA,GRETI,1,8,,0,,,30,,,,,JD,,,,,,,,,,,,,,,,,,,,,,,,,,,,,,,,,,,,,,,,,,,,
1874,1989,15,NEA,BLUTI,1,,,7,,,25,,,,,NE,,,,,,,,,,,,,,,,,,,,,,,,,,,,,,,,,,,,,,,,,,,,
1875,1989,16,NEA,PIEFL,1,8,,7,,,40,,,,,NE,,,,,,,,,,,,,,,,,,,,,,,,,,,,,,,,,,,,,,,,,,,,
1876,1989,17,NEA,PIEFL,1,8,8,8,,,39,,,,,NE,,,,,,,,,,,,,,,,,,,,,,,,,,,,,,,,,,,,,,,,,,,,
1877,1989,18,NEA,GRETI,1,,,6,,,25,,,,,NE,,,,,,,,,,,,,,,,,,,,,,,,,,,,,,,,,,,,,,,,,,,,
1878,1989,18,NEA,GRETI,2,5,2,0,,,,,,,,JD,,,,,,,,,,,,,,,,,,,,,,,,,,,,,,,,,,,,,,,,,,,,
1879,1989,101,YAR,BLUTI,1,9,,8,,,26,,,,,NE,,,,,,,,,,,,,,,,,,,,,,,,,,,,,,,,,,,,,,,,,,,,
1880,1989,102,YAR,PIEFL,1,,,4,,,,,7,2,,NE,,,,,,,,,,,,,,,,,,,,,,,,,,,,,,,,,,,,,,,,,,,,
1881,1989,103,YAR,REDST,1,6,6,6,,,48,,,,,NE,,,,,,,,,,,,,,,,,,,,,,,,,,,,,,,,,,,,,,,,,,,,
1882,1989,104,YAR,BLUTI,1,8,,5,,,32,,,,,NE,,,,,,,,,,,,,,,,,,,,,,,,,,,,,,,,,,,,,,,,,,,,
1883,1989,106,YAR,PIEFL,1,,,6,,,41,,,,,NE,,,,,,,,,,,,,,,,,,,,,,,,,,,,,,,,,,,,,,,,,,,,
1884,1989,107,YAR,PIEFL,1,7,,4,,,,,,,,NE,,,,,,,,,,,,,,,,,,,,,,,,,,,,,,,,,,,,,,,,,,,,
1885,1989,108,YAR,GRETI,1,8,8,7,,,24,,,,,NE,,,,,,,,,,,,,,,,,,,,,,,,,,,,,,,,,,,,,,,,,,,,
1886,1989,110,YAR,PIEFL,1,6,6,6,,,38,,,,,NE,,,,,,,,,,,,,,,,,,,,,,,,,,,,,,,,,,,,,,,,,,,,
1887,1989,112,YAR,PIEFL,1,,,6,,,,,,,,NE,,,,,,,,,,,,,,,,,,,,,,,,,,,,,,,,,,,,,,,,,,,,
1888,1989,113,YAR,REDST,1,,,6,,,47,,,,,NE,,,,,,,,,,,,,,,,,,,,,,,,,,,,,,,,,,,,,,,,,,,,
1889,1989,116,YAR,PIEFL,1,6,6,6,,,48,,,,,NE,,,,,,,,,,,,,,,,,,,,,,,,,,,,,,,,,,,,,,,,,,,,
1890,1989,117,YAR,BLUTI,1,12,,8,,,,,,3,,NE,,,,,,,,,,,,,,,,,,,,,,,,,,,,,,,,,,,,,,,,,,,,
1891,1989,122,YAR,PIEFL,1,8,8,8,,,36,,,,,NE,,,,,,,,,,,,,,,,,,,,,,,,,,,,,,,,,,,,,,,,,,,,
1892,1989,123,YAR,PIEFL,1,,,4,,,,,,,,NE,,,,,,,,,,,,,,,,,,,,,,,,,,,,,,,,,,,,,,,,,,,,
1893,1989,124,YAR,PIEFL,1,5,5,5,,,38,,,,,NE,,,,,,,,,,,,,,,,,,,,,,,,,,,,,,,,,,,,,,,,,,,,
1894,1989,127,YAR,BLUTI,1,11,,9,,,26,,,,,NE,,,,,,,,,,,,,,,,,,,,,,,,,,,,,,,,,,,,,,,,,,,,
1895,1989,129,YAR,BLUTI,1,8,,0,,,,,,,,JP,,,,,,,,,,,,,,,,,,,,,,,,,,,,,,,,,,,,,,,,,,,,
1896,1989,131,YAR,PIEFL,1,,,7,,,39,,,,,NE,,,,,,,,,,,,,,,,,,,,,,,,,,,,,,,,,,,,,,,,,,,,
1897,1989,132,YAR,PIEFL,1,,,7,,,38,,,,,NE,,,,,,,,,,,,,,,,,,,,,,,,,,,,,,,,,,,,,,,,,,,,
1898,1989,203,YAR,PIEFL,1,,,6,,,,62,,,,NE,,,,,,,,,,,,,,,,,,,,,,,,,,,,,,,,,,,,,,,,,,,,
1899,1989,205,YAR,PIEFL,1,,,5,,,38,,6,1,,NE,,,,,,,,,,,,,,,,,,,,,,,,,,,,,,,,,,,,,,,,,,,,
1900,1989,206,YAR,BLUTI,1,10,,9,,,18,,,,,NE,,,,,,,,,,,,,,,,,,,,,,,,,,,,,,,,,,,,,,,,,,,,
1901,1989,209,YAR,BLUTI,1,14,,9,,,24,,,,,NE,,,,,,,,,,,,,,,,,,,,,,,,,,,,,,,,,,,,,,,,,,,,
1902,1989,211,YAR,PIEFL,1,7,6,6,,,,,,,,NE,,,,,,,,,,,,,,,,,,,,,,,,,,,,,,,,,,,,,,,,,,,,
1903,1989,212,YAR,MARTI,1,8,,5,,,23,,,,,NE,,,,,,,,,,,,,,,,,,,,,,,,,,,,,,,,,,,,,,,,,,,,
1904,1989,213,YAR,BLUTI,1,12,,9,,,25,,,,,NE,,,,,,,,,,,,,,,,,,,,,,,,,,,,,,,,,,,,,,,,,,,,
1905,1989,214,YAR,PIEFL,1,7,7,7,,,44,,,,,NE,,,,,,,,,,,,,,,,,,,,,,,,,,,,,,,,,,,,,,,,,,,,
1906,1989,215,YAR,PIEFL,1,6,5,5,,,39,,,1,,NE,,,,,,,,,,,,,,,,,,,,,,,,,,,,,,,,,,,,,,,,,,,,
1907,1989,216,YAR,PIEFL,1,,,4,,,,,6,,,NE,,,,,,,,,,,,,,,,,,,,,,,,,,,,,,,,,,,,,,,,,,,,
1908,1989,217,YAR,GRETI,1,9,9,7,,,28,,,,,NE,,,,,,,,,,,,,,,,,,,,,,,,,,,,,,,,,,,,,,,,,,,,
1909,1989,219,YAR,PIEFL,1,,,7,,,37,,,,,NE,,,,,,,,,,,,,,,,,,,,,,,,,,,,,,,,,,,,,,,,,,,,
1910,1989,221,YAR,BLUTI,1,10,,0,,,20,,,,,EP,,,,,,,,,,,,,,,,,,,,,,,,,,,,,,,,,,,,,,,,,,,,
1911,1989,222,YAR,GRETI,1,8,,6,,,25,,,,,NE,,,,,,,,,,,,,,,,,,,,,,,,,,,,,,,,,,,,,,,,,,,,
1912,1989,224,YAR,PIEFL,1,7,6,5,,,44,,,1,,NE,,,,,,,,,,,,,,,,,,,,,,,,,,,,,,,,,,,,,,,,,,,,
1913,1989,226,YAR,PIEFL,1,6,5,5,,,48,,,1,,NE,,,,,,,,,,,,,,,,,,,,,,,,,,,,,,,,,,,,,,,,,,,,
1914,1989,227,YAR,PIEFL,1,7,7,7,,,40,,,,,NE,,,,,,,,,,,,,,,,,,,,,,,,,,,,,,,,,,,,,,,,,,,,
1915,1989,229,YAR,PIEFL,1,,,6,,,,,,,,NE,,,,,,,,,,,,,,,,,,,,,,,,,,,,,,,,,,,,,,,,,,,,
1916,1989,231,YAR,PIEFL,1,7,7,7,,,39,,,,,NE,,,,,,,,,,,,,,,,,,,,,,,,,,,,,,,,,,,,,,,,,,,,
1917,1989,232,YAR,GRETI,1,8,8,8,,,28,,,,,NE,,,,,,,,,,,,,,,,,,,,,,,,,,,,,,,,,,,,,,,,,,,,
1918,1989,233,YAR,PIEFL,1,7,,6,,,36,,,,,NE,,,,,,,,,,,,,,,,,,,,,,,,,,,,,,,,,,,,,,,,,,,,
1919,1989,234,YAR,BLUTI,1,8,,7,,,34,,,,,NE,,,,,,,,,,,,,,,,,,,,,,,,,,,,,,,,,,,,,,,,,,,,
1920,1989,235,YAR,BLUTI,1,,,5,,,34,,6,,,NE,,,,,,,,,,,,,,,,,,,,,,,,,,,,,,,,,,,,,,,,,,,,
1921,1989,236,YAR,PIEFL,1,7,6,6,,,37,,,,,NE,,,,,,,,,,,,,,,,,,,,,,,,,,,,,,,,,,,,,,,,,,,,
1922,1989,239,YAR,PIEFL,1,7,,4,,,48,,,1,,NE,,,,,,,,,,,,,,,,,,,,,,,,,,,,,,,,,,,,,,,,,,,,
1923,1989,240,YAR,BLUTI,1,,,7,,,24,,,,,NE,,,,,,,,,,,,,,,,,,,,,,,,,,,,,,,,,,,,,,,,,,,,
1924,1989,241,YAR,PIEFL,1,7,7,7,,,41,,,,,NE,,,,,,,,,,,,,,,,,,,,,,,,,,,,,,,,,,,,,,,,,,,,
1925,1989,242,YAR,BLUTI,1,8,5,5,,,24,56,,,,NE,,,,,,,,,,,,,,,,,,,,,,,,,,,,,,,,,,,,,,,,,,,,
1926,1989,244,YAR,PIEFL,1,7,7,7,,,38,,,,,NE,,,,,,,,,,,,,,,,,,,,,,,,,,,,,,,,,,,,,,,,,,,,
1927,1989,245,YAR,REDST,1,6,6,6,,,,,,,,NE,,,,,,,,,,,,,,,,,,,,,,,,,,,,,,,,,,,,,,,,,,,,
1928,1989,246,YAR,BLUTI,1,10,10,10,,,25,,,,,NE,,,,,,,,,,,,,,,,,,,,,,,,,,,,,,,,,,,,,,,,,,,,
1929,1989,248,YAR,PIEFL,1,7,7,6,,,47,,,,,NE,,,,,,,,,,,,,,,,,,,,,,,,,,,,,,,,,,,,,,,,,,,,
1930,1989,249,YAR,BLUTI,1,,,7,,,22,,8,,,NE,,,,,,,,,,,,,,,,,,,,,,,,,,,,,,,,,,,,,,,,,,,,
1931,1989,302,YAR,PIEFL,1,8,,7,,,38,,,,,NE,,,,,,,,,,,,,,,,,,,,,,,,,,,,,,,,,,,,,,,,,,,,
1932,1989,306,YAR,PIEFL,1,8,8,8,,,40,,,,,NE,,,,,,,,,,,,,,,,,,,,,,,,,,,,,,,,,,,,,,,,,,,,
1933,1989,307,YAR,PIEFL,1,8,8,8,,,,,,,,NE,,,,,,,,,,,,,,,,,,,,,,,,,,,,,,,,,,,,,,,,,,,,
1934,1989,308,YAR,PIEFL,1,,,4,,,,,,,,NE,,,,,,,,,,,,,,,,,,,,,,,,,,,,,,,,,,,,,,,,,,,,
1935,1989,310,YAR,PIEFL,1,,,8,,,38,,,,,NE,,,,,,,,,,,,,,,,,,,,,,,,,,,,,,,,,,,,,,,,,,,,
1936,1989,311,YAR,BLUTI,1,,,0,,,,,6,,,JD,,,,,,,,,,,,,,,,,,,,,,,,,,,,,,,,,,,,,,,,,,,,
1937,1989,314,YAR,BLUTI,1,,0,0,,,29,,9,,,ED,,,,,,,,,,,,,,,,,,,,,,,,,,,,,,,,,,,,,,,,,,,,
1938,1989,315,YAR,PIEFL,1,7,7,6,,,39,,,,,NE,,,,,,,,,,,,,,,,,,,,,,,,,,,,,,,,,,,,,,,,,,,,
1939,1989,317,YAR,PIEFL,1,8,8,8,,,37,,,,,NE,,,,,,,,,,,,,,,,,,,,,,,,,,,,,,,,,,,,,,,,,,,,
1940,1989,318,YAR,PIEFL,1,,0,0,,,55,,5,,,ED,,,,,,,,,,,,,,,,,,,,,,,,,,,,,,,,,,,,,,,,,,,,
1941,1989,319,YAR,PIEFL,1,7,,0,,,,,,,,JD,,,,,,,,,,,,,,,,,,,,,,,,,,,,,,,,,,,,,,,,,,,,
1942,1989,320,YAR,PIEFL,1,7,7,7,,,40,,,,,NE,,,,,,,,,,,,,,,,,,,,,,,,,,,,,,,,,,,,,,,,,,,,
1943,1989,321,YAR,PIEFL,1,,,3,,,48,,,3,,NE,,,,,,,,,,,,,,,,,,,,,,,,,,,,,,,,,,,,,,,,,,,,
1944,1989,322,YAR,BLUTI,1,,,11,,,23,,,,,NE,,,,,,,,,,,,,,,,,,,,,,,,,,,,,,,,,,,,,,,,,,,,
1945,1989,323,YAR,PIEFL,1,7,7,7,,,,,,,,NE,,,,,,,,,,,,,,,,,,,,,,,,,,,,,,,,,,,,,,,,,,,,
1946,1989,324,YAR,BLUTI,1,,,8,,,33,,,,,NE,,,,,,,,,,,,,,,,,,,,,,,,,,,,,,,,,,,,,,,,,,,,
1947,1989,325,YAR,BLUTI,1,,,11,,,25,,,,,NE,,,,,,,,,,,,,,,,,,,,,,,,,,,,,,,,,,,,,,,,,,,,
1948,1989,326,YAR,PIEFL,1,7,,5,,,,,,,,NE,,,,,,,,,,,,,,,,,,,,,,,,,,,,,,,,,,,,,,,,,,,,
1949,1989,327,YAR,PIEFL,1,8,,7,,,37,,,,,NE,,,,,,,,,,,,,,,,,,,,,,,,,,,,,,,,,,,,,,,,,,,,
1950,1989,330,YAR,PIEFL,1,7,7,7,,,39,,,,,NE,,,,,,,,,,,,,,,,,,,,,,,,,,,,,,,,,,,,,,,,,,,,
1951,1989,331,YAR,PIEFL,1,8,8,8,,,37,,,,,NE,,,,,,,,,,,,,,,,,,,,,,,,,,,,,,,,,,,,,,,,,,,,
1952,1989,332,YAR,BLUTI,1,14,,11,,,24,,,,,NE,,,,,,,,,,,,,,,,,,,,,,,,,,,,,,,,,,,,,,,,,,,,
1953,1989,333,YAR,PIEFL,1,4,4,2,,,39,,,,,NE,,,,,,,,,,,,,,,,,,,,,,,,,,,,,,,,,,,,,,,,,,,,
1954,1989,334,YAR,BLUTI,1,10,10,10,,,30,,,,,NE,,,,,,,,,,,,,,,,,,,,,,,,,,,,,,,,,,,,,,,,,,,,
1955,1989,335,YAR,PIEFL,1,6,,3,,,,62,,,,NE,,,,,,,,,,,,,,,,,,,,,,,,,,,,,,,,,,,,,,,,,,,,
1956,1989,336,YAR,BLUTI,1,,,5,,,,,,,,NE,,,,,,,,,,,,,,,,,,,,,,,,,,,,,,,,,,,,,,,,,,,,
1957,1989,337,YAR,PIEFL,1,7,,6,,,46,,,,,NE,,,,,,,,,,,,,,,,,,,,,,,,,,,,,,,,,,,,,,,,,,,,
1958,1989,338,YAR,BLUTI,1,9,8,8,,,24,,,1,,NE,,,,,,,,,,,,,,,,,,,,,,,,,,,,,,,,,,,,,,,,,,,,
1959,1989,339,YAR,PIEFL,1,,0,0,,,,,5,,,ED,,,,,,,,,,,,,,,,,,,,,,,,,,,,,,,,,,,,,,,,,,,,
1960,1989,339,YAR,GRETI,1,,0,0,,,,,7,,,EU,,,,,,,,,,,,,,,,,,,,,,,,,,,,,,,,,,,,,,,,,,,,
1961,1989,340,YAR,PIEFL,1,6,6,4,,,,,,,,NE,,,,,,,,,,,,,,,,,,,,,,,,,,,,,,,,,,,,,,,,,,,,
1962,1989,342,YAR,PIEFL,1,6,6,6,,,37,,,,,NE,,,,,,,,,,,,,,,,,,,,,,,,,,,,,,,,,,,,,,,,,,,,
1963,1989,343,YAR,PIEFL,1,8,8,7,,,37,,,,,NE,,,,,,,,,,,,,,,,,,,,,,,,,,,,,,,,,,,,,,,,,,,,
1964,1989,345,YAR,BLUTI,1,12,,11,,,26,49,,,,NE,,,,,,,,,,,,,,,,,,,,,,,,,,,,,,,,,,,,,,,,,,,,
1965,1989,346,YAR,NUTHA,1,6,6,6,,,28,49,,,,NE,,,,,,,,,,,,,,,,,,,,,,,,,,,,,,,,,,,,,,,,,,,,
1966,1989,347,YAR,PIEFL,1,,,7,,,36,,,,,NE,,,,,,,,,,,,,,,,,,,,,,,,,,,,,,,,,,,,,,,,,,,,
1967,1989,348,YAR,BLUTI,1,,,3,,,,,8,,,NE,,,,,,,,,,,,,,,,,,,,,,,,,,,,,,,,,,,,,,,,,,,,
1968,1989,350,YAR,PIEFL,1,,,7,,,41,,,,,NE,,,,,,,,,,,,,,,,,,,,,,,,,,,,,,,,,,,,,,,,,,,,
1969,1989,351,YAR,BLUTI,1,9,,8,,,30,,,,,NE,,,,,,,,,,,,,,,,,,,,,,,,,,,,,,,,,,,,,,,,,,,,
1970,1989,353,YAR,PIEFL,1,,,7,,,36,,,,,NE,,,,,,,,,,,,,,,,,,,,,,,,,,,,,,,,,,,,,,,,,,,,
1971,1989,354,YAR,PIEFL,1,7,,5,,,45,,,1,,NE,,,,,,,,,,,,,,,,,,,,,,,,,,,,,,,,,,,,,,,,,,,,
1972,1989,HIDE1,YAR,PIEFL,1,,,0,,,37,,7,,,XU,,,,,,,,,,,,,,,,,,,,,,,,,,,,,,,,,,,,,,,,,,,,
1973,1989,HIDE4,YAR,BLUTI,1,,,7,,,23,,10,3,,NE,,,,,,,,,,,,,,,,,,,,,,,,,,,,,,,,,,,,,,,,,,,,
1974,1989,HIDE5,YAR,PIEFL,1,7,7,5,,,,,,,,NE,,,,,,,,,,,,,,,,,,,,,,,,,,,,,,,,,,,,,,,,,,,,
1975,1989,HIDE7,YAR,NUTHA,1,8,,5,,,25,,,,,NE,,,,,,,,,,,,,,,,,,,,,,,,,,,,,,,,,,,,,,,,,,,,
1976,1989,HIDE9,YAR,GRETI,1,,,6,,,,,,,,NE,,,,,,,,,,,,,,,,,,,,,,,,,,,,,,,,,,,,,,,,,,,,
1977,1990,1,BVW,PIEFL,1,8,7,7,,,37,,,1,,NE,,,,,,,,,,,,,,,,,,,,,,,,,,,,,,,,,,,,,,,,,,,,
1978,1990,2,BVW,BLUTI,1,9,9,9,,,28,,,,,NE,,,,,,,,,,,,,,,,,,,,,,,,,,,,,,,,,,,,,,,,,,,,
1979,1990,3,BVW,PIEFL,1,8,8,8,,,,,,,,NE,,,,,,,,,,,,,,,,,,,,,,,,,,,,,,,,,,,,,,,,,,,,
1980,1990,4,BVW,BLUTI,1,,,10,,,26,,,,,NE,,,,,,,,,,,,,,,,,,,,,,,,,,,,,,,,,,,,,,,,,,,,
1981,1990,5,BVW,PIEFL,1,7,7,7,,,24,,,,,NE,,,,,,,,,,,,,,,,,,,,,,,,,,,,,,,,,,,,,,,,,,,,
1982,1990,6,BVW,PIEFL,1,7,7,7,,,32,,,,,NE,,,,,,,,,,,,,,,,,,,,,,,,,,,,,,,,,,,,,,,,,,,,
1983,1990,7,BVW,NUTHA,1,7,5,0,,,29,,,2,,JD,,,,,,,,,,,,,,,,,,,,,,,,,,,,,,,,,,,,,,,,,,,,
1984,1990,8,BVW,BLUTI,1,,,10,,,19,,11,1,,NE,,,,,,,,,,,,,,,,,,,,,,,,,,,,,,,,,,,,,,,,,,,,
1985,1990,9,BVW,BLUTI,1,,,11,,,20,,,,,NE,,,,,,,,,,,,,,,,,,,,,,,,,,,,,,,,,,,,,,,,,,,,
1986,1990,10,BVW,PIEFL,1,,0,0,,,36,,4,,,EP,,,,,,,,,,,,,,,,,,,,,,,,,,,,,,,,,,,,,,,,,,,,
1987,1990,11,BVW,GRETI,1,,,8,,,20,,9,1,,NE,,,,,,,,,,,,,,,,,,,,,,,,,,,,,,,,,,,,,,,,,,,,
1988,1990,12,BVW,BLUTI,1,,,8,,,25,,,,,NE,,,,,,,,,,,,,,,,,,,,,,,,,,,,,,,,,,,,,,,,,,,,
1989,1990,13,BVW,BLUTI,1,11,,6,,,24,,,1,,NE,,,,,,,,,,,,,,,,,,,,,,,,,,,,,,,,,,,,,,,,,,,,
1990,1990,14,BVW,PIEFL,1,8,8,8,,,38,,,,,NE,,,,,,,,,,,,,,,,,,,,,,,,,,,,,,,,,,,,,,,,,,,,
1991,1990,15,BVW,GRETI,1,7,6,6,,,23,,,1,,NE,,,,,,,,,,,,,,,,,,,,,,,,,,,,,,,,,,,,,,,,,,,,
1992,1990,16,BVW,BLUTI,1,11,10,10,,,,,,1,,NE,,,,,,,,,,,,,,,,,,,,,,,,,,,,,,,,,,,,,,,,,,,,
1993,1990,17,BVW,BLUTI,1,8,7,7,,,24,,,1,,NE,,,,,,,,,,,,,,,,,,,,,,,,,,,,,,,,,,,,,,,,,,,,
1994,1990,18,BVW,PIEFL,1,8,8,8,,,36,,,,,NE,,,,,,,,,,,,,,,,,,,,,,,,,,,,,,,,,,,,,,,,,,,,
1995,1990,20,BVW,BLUTI,1,10,,8,,,26,,,,,NE,,,,,,,,,,,,,,,,,,,,,,,,,,,,,,,,,,,,,,,,,,,,
1996,1990,21,BVW,GRETI,1,,,5,,,44,,,,,NE,,,,,,,,,,,,,,,,,,,,,,,,,,,,,,,,,,,,,,,,,,,,
1997,1990,22,BVW,PIEFL,1,,,6,,,37,,,,,NE,,,,,,,,,,,,,,,,,,,,,,,,,,,,,,,,,,,,,,,,,,,,
1998,1990,24,BVW,PIEFL,1,,,6,,,40,,7,,,NE,,,,,,,,,,,,,,,,,,,,,,,,,,,,,,,,,,,,,,,,,,,,
1999,1990,18A,BVW,PIEFL,1,,,3,,,35,,7,,,NE,,,,,,,,,,,,,,,,,,,,,,,,,,,,,,,,,,,,,,,,,,,,
2000,1990,1,NEA,BLUTI,1,8,5,5,,,29,,,3,,NE,,,,,,,,,,,,,,,,,,,,,,,,,,,,,,,,,,,,,,,,,,,,
2001,1990,2,NEA,BLUTI,1,8,7,7,,,24,,,1,,NE,,,,,,,,,,,,,,,,,,,,,,,,,,,,,,,,,,,,,,,,,,,,
2002,1990,3,NEA,BLUTI,1,11,,10,,,,,,,,NE,,,,,,,,,,,,,,,,,,,,,,,,,,,,,,,,,,,,,,,,,,,,
2003,1990,4,NEA,PIEFL,1,8,8,7,,,39,,,,,NE,,,,,,,,,,,,,,,,,,,,,,,,,,,,,,,,,,,,,,,,,,,,
2004,1990,5,NEA,PIEFL,1,7,7,7,,,21,,,,,NE,,,,,,,,,,,,,,,,,,,,,,,,,,,,,,,,,,,,,,,,,,,,
2005,1990,6,NEA,BLUTI,1,,,8,,,26,,,,,NE,,,,,,,,,,,,,,,,,,,,,,,,,,,,,,,,,,,,,,,,,,,,
2006,1990,7,NEA,PIEFL,1,8,,6,,,37,,,1,,NE,,,,,,,,,,,,,,,,,,,,,,,,,,,,,,,,,,,,,,,,,,,,
2007,1990,8,NEA,GRETI,1,,,6,,,24,,8,2,,NE,,,,,,,,,,,,,,,,,,,,,,,,,,,,,,,,,,,,,,,,,,,,
2008,1990,9,NEA,PIEFL,1,8,,6,,,39,,,1,,NE,,,,,,,,,,,,,,,,,,,,,,,,,,,,,,,,,,,,,,,,,,,,
2009,1990,10,NEA,BLUTI,1,12,11,0,,,21,,,,,JP,,,,,,,,,,,,,,,,,,,,,,,,,,,,,,,,,,,,,,,,,,,,
2010,1990,11,NEA,GRETI,1,,,8,,,,,,,,NE,,,,,,,,,,,,,,,,,,,,,,,,,,,,,,,,,,,,,,,,,,,,
2011,1990,11,NEA,PIEFL,2,,0,0,,,,,4,,,ED,,,,,,,,,,,,,,,,,,,,,,,,,,,,,,,,,,,,,,,,,,,,
2012,1990,12,NEA,BLUTI,1,10,,7,,,,,,1,,NE,,,,,,,,,,,,,,,,,,,,,,,,,,,,,,,,,,,,,,,,,,,,
2013,1990,13,NEA,BLUTI,1,,,7,,,23,,9,,,NE,,,,,,,,,,,,,,,,,,,,,,,,,,,,,,,,,,,,,,,,,,,,
2014,1990,14,NEA,NUTHA,1,5,5,5,,,30,,,,,NE,,,,,,,,,,,,,,,,,,,,,,,,,,,,,,,,,,,,,,,,,,,,
2015,1990,15,NEA,PIEFL,1,,,7,,,37,,,,,NE,,,,,,,,,,,,,,,,,,,,,,,,,,,,,,,,,,,,,,,,,,,,
2016,1990,16,NEA,BLUTI,1,10,,8,,,29,,,,,NE,,,,,,,,,,,,,,,,,,,,,,,,,,,,,,,,,,,,,,,,,,,,
2017,1990,17,NEA,BLUTI,1,,,7,,,23,,9,2,,NE,,,,,,,,,,,,,,,,,,,,,,,,,,,,,,,,,,,,,,,,,,,,
2018,1990,18,NEA,GRETI,1,,,9,,,,,,,,NE,,,,,,,,,,,,,,,,,,,,,,,,,,,,,,,,,,,,,,,,,,,,
2019,1990,19,NEA,PIEFL,1,8,7,7,,,36,,,1,,NE,,,,,,,,,,,,,,,,,,,,,,,,,,,,,,,,,,,,,,,,,,,,
2020,1990,20,NEA,PIEFL,1,,,7,,,39,,8,1,,NE,,,,,,,,,,,,,,,,,,,,,,,,,,,,,,,,,,,,,,,,,,,,
2021,1990,101,YAR,BLUTI,1,10,0,0,,,21,,,,,EP,,,,,,,,,,,,,,,,,,,,,,,,,,,,,,,,,,,,,,,,,,,,
2022,1990,102,YAR,BLUTI,1,10,,9,,,23,,,,,NE,,,,,,,,,,,,,,,,,,,,,,,,,,,,,,,,,,,,,,,,,,,,
2023,1990,103,YAR,PIEFL,1,7,6,5,,,38,,,1,,NE,,,,,,,,,,,,,,,,,,,,,,,,,,,,,,,,,,,,,,,,,,,,
2024,1990,105,YAR,BLUTI,1,,,3,,,26,,,,,NE,,,,,,,,,,,,,,,,,,,,,,,,,,,,,,,,,,,,,,,,,,,,
2025,1990,106,YAR,PIEFL,1,6,6,6,,,37,,,,,NE,,,,,,,,,,,,,,,,,,,,,,,,,,,,,,,,,,,,,,,,,,,,
2026,1990,108,YAR,PIEFL,1,7,7,3,,,46,,,,,NE,,,,,,,,,,,,,,,,,,,,,,,,,,,,,,,,,,,,,,,,,,,,
2027,1990,109,YAR,GRETI,1,7,7,6,,,28,,,,,NE,,,,,,,,,,,,,,,,,,,,,,,,,,,,,,,,,,,,,,,,,,,,
2028,1990,110,YAR,PIEFL,1,7,7,7,,,,,,,,NE,,,,,,,,,,,,,,,,,,,,,,,,,,,,,,,,,,,,,,,,,,,,
2029,1990,112,YAR,PIEFL,1,9,,0,,,41,60,,,,JD,,,,,,,,,,,,,,,,,,,,,,,,,,,,,,,,,,,,,,,,,,,,
2030,1990,114,YAR,PIEFL,1,7,6,6,,,38,,,1,,NE,,,,,,,,,,,,,,,,,,,,,,,,,,,,,,,,,,,,,,,,,,,,
2031,1990,117,YAR,PIEFL,1,,,6,,,,,,,,NE,,,,,,,,,,,,,,,,,,,,,,,,,,,,,,,,,,,,,,,,,,,,
2032,1990,118,YAR,NUTHA,1,6,6,6,,,26,60,,,,NE,,,,,,,,,,,,,,,,,,,,,,,,,,,,,,,,,,,,,,,,,,,,
2033,1990,119,YAR,PIEFL,1,7,,5,,,,,,,,NE,,,,,,,,,,,,,,,,,,,,,,,,,,,,,,,,,,,,,,,,,,,,
2034,1990,120,YAR,REDST,1,,,7,,,35,,,,,NE,,,,,,,,,,,,,,,,,,,,,,,,,,,,,,,,,,,,,,,,,,,,
2035,1990,121,YAR,PIEFL,1,,,4,,,38,,,,,NE,,,,,,,,,,,,,,,,,,,,,,,,,,,,,,,,,,,,,,,,,,,,
2036,1990,122,YAR,BLUTI,1,10,10,10,,,21,,,,,NE,,,,,,,,,,,,,,,,,,,,,,,,,,,,,,,,,,,,,,,,,,,,
2037,1990,124,YAR,BLUTI,1,8,7,7,,,25,,,,,NE,,,,,,,,,,,,,,,,,,,,,,,,,,,,,,,,,,,,,,,,,,,,
2038,1990,126,YAR,PIEFL,1,7,7,7,,,37,,,,,NE,,,,,,,,,,,,,,,,,,,,,,,,,,,,,,,,,,,,,,,,,,,,
2039,1990,128,YAR,GRETI,1,8,7,6,,,30,,,,,NE,,,,,,,,,,,,,,,,,,,,,,,,,,,,,,,,,,,,,,,,,,,,
2040,1990,130,YAR,PIEFL,1,,,8,,,,,,,,NE,,,,,,,,,,,,,,,,,,,,,,,,,,,,,,,,,,,,,,,,,,,,
2041,1990,132,YAR,PIEFL,1,8,8,0,,,36,,,,,JD,,,,,,,,,,,,,,,,,,,,,,,,,,,,,,,,,,,,,,,,,,,,
2042,1990,201,YAR,PIEFL,1,7,7,7,,,38,,,,,NE,,,,,,,,,,,,,,,,,,,,,,,,,,,,,,,,,,,,,,,,,,,,
2043,1990,205,YAR,PIEFL,1,7,6,2,,,37,,,,,NE,,,,,,,,,,,,,,,,,,,,,,,,,,,,,,,,,,,,,,,,,,,,
2044,1990,206,YAR,BLUTI,1,,,6,,,35,,,,,NE,,,,,,,,,,,,,,,,,,,,,,,,,,,,,,,,,,,,,,,,,,,,
2045,1990,207,YAR,PIEFL,1,7,7,7,,,,60,,,,NE,,,,,,,,,,,,,,,,,,,,,,,,,,,,,,,,,,,,,,,,,,,,
2046,1990,209,YAR,BLUTI,1,12,12,12,,,21,,,,,NE,,,,,,,,,,,,,,,,,,,,,,,,,,,,,,,,,,,,,,,,,,,,
2047,1990,211,YAR,PIEFL,1,7,7,7,,,36,54,,,,NE,,,,,,,,,,,,,,,,,,,,,,,,,,,,,,,,,,,,,,,,,,,,
2048,1990,212,YAR,PIEFL,1,7,7,0,,,47,,,,,JP,,,,,,,,,,,,,,,,,,,,,,,,,,,,,,,,,,,,,,,,,,,,
2049,1990,213,YAR,BLUTI,1,,,6,,,,,7,1,,NE,,,,,,,,,,,,,,,,,,,,,,,,,,,,,,,,,,,,,,,,,,,,
2050,1990,214,YAR,PIEFL,1,6,6,6,,,37,,,,,NE,,,,,,,,,,,,,,,,,,,,,,,,,,,,,,,,,,,,,,,,,,,,
2051,1990,215,YAR,BLUTI,1,,,7,,,29,,,,,NE,,,,,,,,,,,,,,,,,,,,,,,,,,,,,,,,,,,,,,,,,,,,
2052,1990,216,YAR,GRETI,1,,,9,,,27,,,,,NE,,,,,,,,,,,,,,,,,,,,,,,,,,,,,,,,,,,,,,,,,,,,
2053,1990,217,YAR,PIEFL,1,7,7,6,,,39,,,,,NE,,,,,,,,,,,,,,,,,,,,,,,,,,,,,,,,,,,,,,,,,,,,
2054,1990,218,YAR,PIEFL,1,7,6,5,,,,,,,,NE,,,,,,,,,,,,,,,,,,,,,,,,,,,,,,,,,,,,,,,,,,,,
2055,1990,219,YAR,BLUTI,1,11,5,5,,,20,,,,,NE,,,,,,,,,,,,,,,,,,,,,,,,,,,,,,,,,,,,,,,,,,,,
2056,1990,220,YAR,PIEFL,1,,,5,,,42,,8,1,,NE,,,,,,,,,,,,,,,,,,,,,,,,,,,,,,,,,,,,,,,,,,,,
2057,1990,222,YAR,BLUTI,1,9,,6,,,23,54,,3,,NE,,,,,,,,,,,,,,,,,,,,,,,,,,,,,,,,,,,,,,,,,,,,
2058,1990,223,YAR,PIEFL,1,7,7,7,,,37,,,,,NE,,,,,,,,,,,,,,,,,,,,,,,,,,,,,,,,,,,,,,,,,,,,
2059,1990,224,YAR,PIEFL,1,,,7,,,38,,,,,NE,,,,,,,,,,,,,,,,,,,,,,,,,,,,,,,,,,,,,,,,,,,,
2060,1990,225,YAR,PIEFL,2,5,,4,,,67,,,,,NE,,,,,,,,,,,,,,,,,,,,,,,,,,,,,,,,,,,,,,,,,,,,
2061,1990,226,YAR,PIEFL,1,7,7,7,,,,,,,,NE,,,,,,,,,,,,,,,,,,,,,,,,,,,,,,,,,,,,,,,,,,,,
2062,1990,227,YAR,PIEFL,1,7,7,7,,,38,,,,,NE,,,,,,,,,,,,,,,,,,,,,,,,,,,,,,,,,,,,,,,,,,,,
2063,1990,228,YAR,PIEFL,1,7,7,7,,,37,,,,,NE,,,,,,,,,,,,,,,,,,,,,,,,,,,,,,,,,,,,,,,,,,,,
2064,1990,231,YAR,BLUTI,1,,,11,,,23,,,,,NE,,,,,,,,,,,,,,,,,,,,,,,,,,,,,,,,,,,,,,,,,,,,
2065,1990,232,YAR,GRETI,1,9,7,7,,,28,,,2,,NE,,,,,,,,,,,,,,,,,,,,,,,,,,,,,,,,,,,,,,,,,,,,
2066,1990,233,YAR,BLUTI,1,,,5,,,32,,7,2,,NE,,,,,,,,,,,,,,,,,,,,,,,,,,,,,,,,,,,,,,,,,,,,
2067,1990,234,YAR,BLUTI,1,,,9,,,25,,,,,NE,,,,,,,,,,,,,,,,,,,,,,,,,,,,,,,,,,,,,,,,,,,,
2068,1990,235,YAR,PIEFL,1,7,7,7,,,37,,,,,NE,,,,,,,,,,,,,,,,,,,,,,,,,,,,,,,,,,,,,,,,,,,,
2069,1990,236,YAR,GRETI,1,6,6,6,,,28,54,,,,NE,,,,,,,,,,,,,,,,,,,,,,,,,,,,,,,,,,,,,,,,,,,,
2070,1990,237,YAR,PIEFL,1,7,6,6,,,,,,1,,NE,,,,,,,,,,,,,,,,,,,,,,,,,,,,,,,,,,,,,,,,,,,,
2071,1990,238,YAR,BLUTI,1,,0,0,,,,,,,,EP,,,,,,,,,,,,,,,,,,,,,,,,,,,,,,,,,,,,,,,,,,,,
2072,1990,239,YAR,GRETI,1,,0,0,,,31,,4,,,ED,,,,,,,,,,,,,,,,,,,,,,,,,,,,,,,,,,,,,,,,,,,,
2073,1990,240,YAR,PIEFL,1,8,8,8,,,38,,,,,NE,,,,,,,,,,,,,,,,,,,,,,,,,,,,,,,,,,,,,,,,,,,,
2074,1990,241,YAR,PIEFL,1,7,6,6,,,38,,,1,,NE,,,,,,,,,,,,,,,,,,,,,,,,,,,,,,,,,,,,,,,,,,,,
2075,1990,242,YAR,BLUTI,1,,,9,,,27,,,,,NE,,,,,,,,,,,,,,,,,,,,,,,,,,,,,,,,,,,,,,,,,,,,
2076,1990,243,YAR,PIEFL,1,,,4,,,47,,5,,,NE,,,,,,,,,,,,,,,,,,,,,,,,,,,,,,,,,,,,,,,,,,,,
2077,1990,244,YAR,PIEFL,1,8,3,3,,,40,,,,,NE,,,,,,,,,,,,,,,,,,,,,,,,,,,,,,,,,,,,,,,,,,,,
2078,1990,245,YAR,MARTI,1,7,7,7,,,,,,,,NE,,,,,,,,,,,,,,,,,,,,,,,,,,,,,,,,,,,,,,,,,,,,
2079,1990,246,YAR,PIEFL,1,6,6,6,,,,,,,,NE,,,,,,,,,,,,,,,,,,,,,,,,,,,,,,,,,,,,,,,,,,,,
2080,1990,246,YAR,NUTHA,1,,0,0,,,,,2,,,EU,,,,,,,,,,,,,,,,,,,,,,,,,,,,,,,,,,,,,,,,,,,,
2081,1990,247,YAR,PIEFL,1,8,7,7,,,42,,,1,,NE,,,,,,,,,,,,,,,,,,,,,,,,,,,,,,,,,,,,,,,,,,,,
2082,1990,248,YAR,PIEFL,1,8,8,8,,,39,,,,,NE,,,,,,,,,,,,,,,,,,,,,,,,,,,,,,,,,,,,,,,,,,,,
2083,1990,250,YAR,PIEFL,1,6,4,4,,,45,,,2,,NE,,,,,,,,,,,,,,,,,,,,,,,,,,,,,,,,,,,,,,,,,,,,
2084,1990,301,YAR,BLUTI,1,,,4,,,,,,,,NE,,,,,,,,,,,,,,,,,,,,,,,,,,,,,,,,,,,,,,,,,,,,
2085,1990,302,YAR,PIEFL,1,7,7,7,,,,,,,,NE,,,,,,,,,,,,,,,,,,,,,,,,,,,,,,,,,,,,,,,,,,,,
2086,1990,303,YAR,PIEFL,1,8,8,8,,,39,,,,,NE,,,,,,,,,,,,,,,,,,,,,,,,,,,,,,,,,,,,,,,,,,,,
2087,1990,306,YAR,PIEFL,1,7,7,7,,,38,,,,,NE,,,,,,,,,,,,,,,,,,,,,,,,,,,,,,,,,,,,,,,,,,,,
2088,1990,308,YAR,PIEFL,1,8,8,7,,,37,,,,,NE,,,,,,,,,,,,,,,,,,,,,,,,,,,,,,,,,,,,,,,,,,,,
2089,1990,309,YAR,PIEFL,1,8,,7,,,37,,,,,NE,,,,,,,,,,,,,,,,,,,,,,,,,,,,,,,,,,,,,,,,,,,,
2090,1990,310,YAR,PIEFL,1,8,7,7,,,39,,,,,NE,,,,,,,,,,,,,,,,,,,,,,,,,,,,,,,,,,,,,,,,,,,,
2091,1990,312,YAR,PIEFL,1,,,5,,,39,,6,,,NE,,,,,,,,,,,,,,,,,,,,,,,,,,,,,,,,,,,,,,,,,,,,
2092,1990,313,YAR,PIEFL,1,7,6,6,,,,,,1,,NE,,,,,,,,,,,,,,,,,,,,,,,,,,,,,,,,,,,,,,,,,,,,
2093,1990,314,YAR,PIEFL,1,6,6,6,,,,,,,,NE,,,,,,,,,,,,,,,,,,,,,,,,,,,,,,,,,,,,,,,,,,,,
2094,1990,315,YAR,PIEFL,1,,,3,,,39,,7,,,NE,,,,,,,,,,,,,,,,,,,,,,,,,,,,,,,,,,,,,,,,,,,,
2095,1990,317,YAR,PIEFL,1,8,6,3,,,38,,,2,,NE,,,,,,,,,,,,,,,,,,,,,,,,,,,,,,,,,,,,,,,,,,,,
2096,1990,318,YAR,PIEFL,1,6,6,6,,,,,,,,NE,,,,,,,,,,,,,,,,,,,,,,,,,,,,,,,,,,,,,,,,,,,,
2097,1990,318,YAR,BLUTI,1,,0,0,,,,,6,,,EU,,,,,,,,,,,,,,,,,,,,,,,,,,,,,,,,,,,,,,,,,,,,
2098,1990,319,YAR,PIEFL,1,8,8,6,,,,,,,,NE,,,,,,,,,,,,,,,,,,,,,,,,,,,,,,,,,,,,,,,,,,,,
2099,1990,320,YAR,NUTHA,1,7,7,7,,,21,,,,,NE,,,,,,,,,,,,,,,,,,,,,,,,,,,,,,,,,,,,,,,,,,,,
2100,1990,321,YAR,BLUTI,1,,,5,,,,,,,,NE,,,,,,,,,,,,,,,,,,,,,,,,,,,,,,,,,,,,,,,,,,,,
2101,1990,322,YAR,BLUTI,1,,,9,,,26,,10,1,,NE,,,,,,,,,,,,,,,,,,,,,,,,,,,,,,,,,,,,,,,,,,,,
2102,1990,323,YAR,COATI,1,10,,9,,,18,,,,,NE,,,,,,,,,,,,,,,,,,,,,,,,,,,,,,,,,,,,,,,,,,,,
2103,1990,324,YAR,PIEFL,1,8,8,8,,,39,,,,,NE,,,,,,,,,,,,,,,,,,,,,,,,,,,,,,,,,,,,,,,,,,,,
2104,1990,325,YAR,BLUTI,1,,,2,,,22,,9,,,NE,,,,,,,,,,,,,,,,,,,,,,,,,,,,,,,,,,,,,,,,,,,,
2105,1990,326,YAR,PIEFL,1,8,6,6,,,38,,,2,,NE,,,,,,,,,,,,,,,,,,,,,,,,,,,,,,,,,,,,,,,,,,,,
2106,1990,327,YAR,BLUTI,1,,,7,,,22,,,,,NE,,,,,,,,,,,,,,,,,,,,,,,,,,,,,,,,,,,,,,,,,,,,
2107,1990,328,YAR,BLUTI,1,9,,5,,,32,,,,,NE,,,,,,,,,,,,,,,,,,,,,,,,,,,,,,,,,,,,,,,,,,,,
2108,1990,329,YAR,PIEFL,1,7,,3,,,,,,,,NE,,,,,,,,,,,,,,,,,,,,,,,,,,,,,,,,,,,,,,,,,,,,
2109,1990,330,YAR,BLUTI,1,,,6,,,,,9,3,,NE,,,,,,,,,,,,,,,,,,,,,,,,,,,,,,,,,,,,,,,,,,,,
2110,1990,331,YAR,PIEFL,1,7,7,7,,,,,,,,NE,,,,,,,,,,,,,,,,,,,,,,,,,,,,,,,,,,,,,,,,,,,,
2111,1990,332,YAR,BLUTI,1,,,11,,,,,13,,,NE,,,,,,,,,,,,,,,,,,,,,,,,,,,,,,,,,,,,,,,,,,,,
2112,1990,333,YAR,PIEFL,1,7,4,4,,,,,,3,,NE,,,,,,,,,,,,,,,,,,,,,,,,,,,,,,,,,,,,,,,,,,,,
2113,1990,334,YAR,BLUTI,1,,,9,,,20,,,,,NE,,,,,,,,,,,,,,,,,,,,,,,,,,,,,,,,,,,,,,,,,,,,
2114,1990,335,YAR,BLUTI,1,,,6,,,26,,,,,NE,,,,,,,,,,,,,,,,,,,,,,,,,,,,,,,,,,,,,,,,,,,,
2115,1990,336,YAR,PIEFL,1,,,2,,,39,,7,,,NE,,,,,,,,,,,,,,,,,,,,,,,,,,,,,,,,,,,,,,,,,,,,
2116,1990,337,YAR,REDST,1,,,6,,,39,,,,,NE,,,,,,,,,,,,,,,,,,,,,,,,,,,,,,,,,,,,,,,,,,,,
2117,1990,338,YAR,BLUTI,1,8,8,8,,,25,,,,,NE,,,,,,,,,,,,,,,,,,,,,,,,,,,,,,,,,,,,,,,,,,,,
2118,1990,339,YAR,BLUTI,1,,,11,,,16,,,,,NE,,,,,,,,,,,,,,,,,,,,,,,,,,,,,,,,,,,,,,,,,,,,
2119,1990,340,YAR,PIEFL,1,7,7,7,,,36,54,,,,NE,,,,,,,,,,,,,,,,,,,,,,,,,,,,,,,,,,,,,,,,,,,,
2120,1990,341,YAR,PIEFL,1,7,6,6,,,,,,1,,NE,,,,,,,,,,,,,,,,,,,,,,,,,,,,,,,,,,,,,,,,,,,,
2121,1990,342,YAR,PIEFL,1,7,7,0,,,,,,,,JD,,,,,,,,,,,,,,,,,,,,,,,,,,,,,,,,,,,,,,,,,,,,
2122,1990,343,YAR,BLUTI,1,,,10,,,27,,,,,NE,,,,,,,,,,,,,,,,,,,,,,,,,,,,,,,,,,,,,,,,,,,,
2123,1990,344,YAR,PIEFL,1,7,7,6,,,38,,,,,NE,,,,,,,,,,,,,,,,,,,,,,,,,,,,,,,,,,,,,,,,,,,,
2124,1990,345,YAR,PIEFL,1,8,,5,,,37,,,,,NE,,,,,,,,,,,,,,,,,,,,,,,,,,,,,,,,,,,,,,,,,,,,
2125,1990,346,YAR,NUTHA,1,6,,5,,,,,,,,NE,,,,,,,,,,,,,,,,,,,,,,,,,,,,,,,,,,,,,,,,,,,,
2126,1990,347,YAR,BLUTI,1,,,5,,,30,,,,,NE,,,,,,,,,,,,,,,,,,,,,,,,,,,,,,,,,,,,,,,,,,,,
2127,1990,348,YAR,PIEFL,1,,,4,,,39,,,,,NE,,,,,,,,,,,,,,,,,,,,,,,,,,,,,,,,,,,,,,,,,,,,
2128,1990,350,YAR,PIEFL,1,,,7,,,,,,,,NE,,,,,,,,,,,,,,,,,,,,,,,,,,,,,,,,,,,,,,,,,,,,
2129,1990,351,YAR,BLUTI,1,,,7,,,29,,,,,NE,,,,,,,,,,,,,,,,,,,,,,,,,,,,,,,,,,,,,,,,,,,,
2130,1990,352,YAR,PIEFL,1,,,7,,,39,,8,,,NE,,,,,,,,,,,,,,,,,,,,,,,,,,,,,,,,,,,,,,,,,,,,
2131,1990,353,YAR,BLUTI,1,,,0,,,27,,,,,EP,,,,,,,,,,,,,,,,,,,,,,,,,,,,,,,,,,,,,,,,,,,,
2132,1990,354,YAR,PIEFL,1,6,6,5,,,,,,,,NE,,,,,,,,,,,,,,,,,,,,,,,,,,,,,,,,,,,,,,,,,,,,
2133,1990,355,YAR,NUTHA,1,6,0,0,,,,,,,,ED,,,,,,,,,,,,,,,,,,,,,,,,,,,,,,,,,,,,,,,,,,,,
2134,1990,355,YAR,PIEFL,1,6,6,0,,,55,,,,,JD,,,,,,,,,,,,,,,,,,,,,,,,,,,,,,,,,,,,,,,,,,,,
2135,1990,HIDE1,YAR,PIEFL,1,,,6,,,38,,,,,NE,,,,,,,,,,,,,,,,,,,,,,,,,,,,,,,,,,,,,,,,,,,,
2136,1990,HIDE10,YAR,BLUTI,1,,,,,,,,,,,NE,,,,,,,,,,,,,,,,,,,,,,,,,,,,,,,,,,,,,,,,,,,,
2137,1990,HIDE11,YAR,PIEFL,1,7,7,7,,,,,,,,NE,,,,,,,,,,,,,,,,,,,,,,,,,,,,,,,,,,,,,,,,,,,,
2138,1990,HIDE2,YAR,NUTHA,1,,,7,,,,,,,,NE,,,,,,,,,,,,,,,,,,,,,,,,,,,,,,,,,,,,,,,,,,,,
2139,1990,HIDE4,YAR,BLUTI,1,7,3,3,,,,,,4,,NE,,,,,,,,,,,,,,,,,,,,,,,,,,,,,,,,,,,,,,,,,,,,
2140,1990,HIDE5,YAR,PIEFL,1,7,,5,,,39,54,,,,NE,,,,,,,,,,,,,,,,,,,,,,,,,,,,,,,,,,,,,,,,,,,,
2141,1990,HIDE7,YAR,PIEFL,1,8,8,8,,,36,,,,,NE,,,,,,,,,,,,,,,,,,,,,,,,,,,,,,,,,,,,,,,,,,,,
2142,1990,HIDE8,YAR,GRETI,1,10,,7,,,29,,,,,NE,,,,,,,,,,,,,,,,,,,,,,,,,,,,,,,,,,,,,,,,,,,,
2143,1991,1,BVW,PIEFL,1,7,6,6,,,44,,,,,NE,,,,,,,,,,,17/06/1991,H462062,H462063,H462064,H462065,H462066,H462067,,,,,,,,,,,,,,,,,,,,,,,,,,,
2144,1991,2,BVW,PIEFL,1,7,7,7,,,42,,,,,NE,,,,,,,,,,,,,,,,,,,,,,,,,,,,,,,,,,,,,,,,,,,,
2145,1991,3,BVW,BLUTI,1,12,,11,,,,,,,,NE,,,,,,,,,,,,,,,,,,,,,,,,,,,,,,,,,,,,,,,,,,,,
2146,1991,4,BVW,PIEFL,1,,,7,,,42,,,,,NE,,,,,,,,,,,,,,,,,,,,,,,,,,,,,,,,,,,,,,,,,,,,
2147,1991,5,BVW,PIEFL,1,6,6,6,,,,,,,,NE,,,,,,,,,,,,,,,,,,,,,,,,,,,,,,,,,,,,,,,,,,,,
2148,1991,6,BVW,BLUTI,1,,,10,,,32,,,,,NE,,,,,,,,,,,,,,,,,,,,,,,,,,,,,,,,,,,,,,,,,,,,
2149,1991,7,BVW,PIEFL,1,7,7,7,,,41,60,,,,NE,,,,,,,,,,,17/06/1991,H462058,H462059,H462060,H462061,,,,,,,,,,,,,,,,,,,,,,,,,,,,,
2150,1991,8,BVW,BLUTI,2,,0,0,,,,,,,,XD,,,,,,,,,,,,,,,,,,,,,,,,,,,,,,,,,,,,,,,,,,,,
2151,1991,9,BVW,PIEFL,1,7,6,6,,,41,60,,,,NE,,,,,,,,,,,,,,,,,,,,,,,,,,,,,,,,,,,,,,,,,,,,
2152,1991,10,BVW,BLUTI,1,,,9,,,42,,,,,NE,,,,,,,,,,,,,,,,,,,,,,,,,,,,,,,,,,,,,,,,,,,,
2153,1991,11,BVW,GRETI,1,,,10,,,28,,,,,NE,,,,,,,,,,,,,,,,,,,,,,,,,,,,,,,,,,,,,,,,,,,,
2154,1991,12,BVW,GRETI,1,,,7,,,39,,,,,NE,,,,,,,,,,,,,,,,,,,,,,,,,,,,,,,,,,,,,,,,,,,,
2155,1991,13,BVW,BLUTI,1,,,10,,,37,,,,,NE,,,,,,,,,,,,,,,,,,,,,,,,,,,,,,,,,,,,,,,,,,,,
2156,1991,14,BVW,NUTHA,1,3,1,0,,,21,,,,,JD,,,,,,,,,,,,,,,,,,,,,,,,,,,,,,,,,,,,,,,,,,,,
2157,1991,14,BVW,PIEFL,2,,,,,,,,,,,OU,,,,,,H462068,17/06/1991,17/06/1991,I,1,26/06/1991,H462136,H462137,H462138,H462139,H462140,,,,,,,,,,,,,,,,,,,,,,,,,,,,
2158,1991,15,BVW,BLUTI,1,9,8,8,,,28,,,1,,NE,,,,,,,,,,,,,,,,,,,,,,,,,,,,,,,,,,,,,,,,,,,,
2159,1991,16,BVW,BLUTI,1,,,9,,,24,,11,2,,NE,,,,,,,,,,,,,,,,,,,,,,,,,,,,,,,,,,,,,,,,,,,,
2160,1991,17,BVW,BLUTI,1,7,7,7,,,31,,,,,NE,,,,,,,,,,,,,,,,,,,,,,,,,,,,,,,,,,,,,,,,,,,,
2161,1991,18,BVW,PIEFL,1,6,5,5,,,39,,,1,,NE,,,,,,,,,,,,,,,,,,,,,,,,,,,,,,,,,,,,,,,,,,,,
2162,1991,20,BVW,BLUTI,1,10,0,0,,,32,,,,,ED,,,,,,,,,,,,,,,,,,,,,,,,,,,,,,,,,,,,,,,,,,,,
2163,1991,21,BVW,NUTHA,1,8,,5,,,20,,,1,,NE,,,,,,,,,,,,,,,,,,,,,,,,,,,,,,,,,,,,,,,,,,,,
2164,1991,22,BVW,BLUTI,1,10,7,7,,,27,,,3,,NE,,,,,,,,,,,,,,,,,,,,,,,,,,,,,,,,,,,,,,,,,,,,
2165,1991,23,BVW,PIEFL,1,7,,5,,,37,,,,,NE,,,,,,,,,,,,,,,,,,,,,,,,,,,,,,,,,,,,,,,,,,,,
2166,1991,24,BVW,PIEFL,1,,,7,,,39,,,,,NE,,,,,,,,,,,,,,,,,,,,,,,,,,,,,,,,,,,,,,,,,,,,
2167,1991,18A,BVW,BLUTI,1,9,8,8,,,33,,,,,NE,,,,,,,,,,,,,,,,,,,,,,,,,,,,,,,,,,,,,,,,,,,,
2168,1991,1,NEA,BLUTI,1,9,,7,,,41,,,,,NE,,,,,,,,,,,,,,,,,,,,,,,,,,,,,,,,,,,,,,,,,,,,
2169,1991,2,NEA,BLUTI,1,,0,0,,,32,,2,,,ED,,,,,,,,,,,,,,,,,,,,,,,,,,,,,,,,,,,,,,,,,,,,
2170,1991,3,NEA,BLUTI,1,,,4,,,,,8,4,,NE,,,,,,,,,,,,,,,,,,,,,,,,,,,,,,,,,,,,,,,,,,,,
2171,1991,4,NEA,NUTHA,1,5,,3,,,33,,,,,NE,,,,,,,,,,,,,,,,,,,,,,,,,,,,,,,,,,,,,,,,,,,,
2172,1991,5,NEA,BLUTI,1,,,9,,,34,,10,,,NE,,,,,,,,,,,,,,,,,,,,,,,,,,,,,,,,,,,,,,,,,,,,
2173,1991,6,NEA,NUTHA,1,6,5,5,,,38,,,,,NE,,,,,,,,,,,,,,,,,,,,,,,,,,,,,,,,,,,,,,,,,,,,
2174,1991,7,NEA,PIEFL,1,7,4,4,,,48,,,,,NE,,,,,,,,,,,,,,,,,,,,,,,,,,,,,,,,,,,,,,,,,,,,
2175,1991,8,NEA,GRETI,1,9,,0,,,33,,,,,JD,,,,,,,,,,,,,,,,,,,,,,,,,,,,,,,,,,,,,,,,,,,,
2176,1991,9,NEA,BLUTI,1,10,,0,,,34,,,,,JD,,,,,,,,,,,,,,,,,,,,,,,,,,,,,,,,,,,,,,,,,,,,
2177,1991,10,NEA,BLUTI,1,,,8,,,32,,,,,NE,,,,,,,,,,,,,,,,,,,,,,,,,,,,,,,,,,,,,,,,,,,,
2178,1991,11,NEA,PIEFL,1,8,8,8,,,41,61,,,,NE,,,,,,,,,,,,,,,,,,,,,,,,,,,,,,,,,,,,,,,,,,,,
2179,1991,12,NEA,GRETI,1,,,10,,,31,53,,,,NE,,,,,,,,,,,,,,,,,,,,,,,,,,,,,,,,,,,,,,,,,,,,
2180,1991,13,NEA,BLUTI,1,8,8,0,,,32,,,,,JD,,,,,,,,,,,,,,,,,,,,,,,,,,,,,,,,,,,,,,,,,,,,
2181,1991,14,NEA,BLUTI,1,8,8,8,,,37,61,,,,NE,,,,,,,,,,,,,,,,,,,,,,,,,,,,,,,,,,,,,,,,,,,,
2182,1991,15,NEA,PIEFL,1,,,6,,,40,,8,1,,NE,,,,,,,,,,,,,,,,,,,,,,,,,,,,,,,,,,,,,,,,,,,,
2183,1991,17,NEA,GRETI,1,8,8,8,,,33,,,,,NE,,,,,,,,,,,,,,,,,,,,,,,,,,,,,,,,,,,,,,,,,,,,
2184,1991,18,NEA,NUTHA,1,6,5,0,,,22,,,1,,JD,,,,,,,,,,,,,,,,,,,,,,,,,,,,,,,,,,,,,,,,,,,,
2185,1991,20,NEA,PIEFL,1,8,0,0,,,41,,,,,ED,,,,,,,,,,,,,,,,,,,,,,,,,,,,,,,,,,,,,,,,,,,,
2186,1991,101,YAR,BLUTI,1,11,,7,,,31,,,2,,NE,,,,,,,,,,,,,,,,,,,,,,,,,,,,,,,,,,,,,,,,,,,,
2187,1991,102,YAR,BLUTI,1,12,12,12,,,21,,,,,NE,,,,,,,,,,,,,,,,,,,,,,,,,,,,,,,,,,,,,,,,,,,,
2188,1991,104,YAR,BLUTI,1,10,10,10,,,,,,,,NE,,,,,,,,,,,,,,,,,,,,,,,,,,,,,,,,,,,,,,,,,,,,
2189,1991,106,YAR,PIEFL,1,7,,4,,,55,,,,,NE,,,,,,,,,,,21/06/1991,H462075,H462076,H462077,H462078,H462079,H462080,,,,,,,,,,,,,,,,,,,,,,,,,,,
2190,1991,107,YAR,PIEFL,1,7,,6,,,48,67,,,,NE,,,,,,,,,,,14/06/1991,F777311,F777312,F777313,F777314,F777315,F777316,,,,,,,,,,,,,,,,,,,,,,,,,,,
2191,1991,109,YAR,PIEFL,1,8,7,7,,,42,,,,,NE,,,,,,,,,,,,,,,,,,,,,,,,,,,,,,,,,,,,,,,,,,,,
2192,1991,111,YAR,BLUTI,1,,,7,,,28,,11,4,,NE,,,,,,,,,,,,,,,,,,,,,,,,,,,,,,,,,,,,,,,,,,,,
2193,1991,112,YAR,PIEFL,1,8,,7,,,38,,,,,NE,,,,,,,,,,,14/06/1991,F777317,F777318,F777319,F777320,F777321,F777322,F777323,,,,,,,,,,,,,,,,,,,,,,,,,,
2194,1991,114,YAR,BLUTI,1,9,9,9,,,31,,,,,NE,,,,,,,,,,,,,,,,,,,,,,,,,,,,,,,,,,,,,,,,,,,,
2195,1991,115,YAR,PIEFL,2,6,6,3,,,,,,,,NE,,,,,,,,,,,26/06/1991,H462126,H462127,H462128,H462129,H462130,H462131,,,,,,,,,,,,,,,,,,,,,,,,,,,
2196,1991,116,YAR,NUTHA,1,,,3,,,,,4,,,NE,,,,,,,,,,,,,,,,,,,,,,,,,,,,,,,,,,,,,,,,,,,,
2197,1991,117,YAR,PIEFL,1,6,,3,,,58,,,,,NE,,,,,,,,,,,21/06/1991,H462081,H462082,H462083,H462084,H462085,,,,,,,,,,,,,,,,,,,,,,,,,,,,
2198,1991,118,YAR,PIEFL,1,8,8,8,,,41,,,,,NE,,,,,,,,,,,14/06/1991,F777324,,,,,,,,,,,,,,,,,,,,,,,,,,,,,,,,
2199,1991,119,YAR,PIEFL,1,8,8,7,,,51,,,,,NE,,,,,,,,,,,21/06/1991,H462086,H462087,H462088,H462089,H462090,H462091,H462092,H462093,,,,,,,,,,,,,,,,,,,,,,,,,
2200,1991,121,YAR,REDST,1,7,6,6,,,45,,,,,NE,,,,,,,,,,,14/06/1991,F777325,F777326,F777327,F777328,F777329,F777330,,,,,,,,,,,,,,,,,,,,,,,,,,,
2201,1991,122,YAR,BLUTI,1,,,9,,,21,,,,,NE,,,,,,,,,,,,,,,,,,,,,,,,,,,,,,,,,,,,,,,,,,,,
2202,1991,123,YAR,PIEFL,1,6,5,4,,,56,74,,,,NE,,,,,,,,,,,21/06/1991,H462094,H462095,H462096,H462097,,,,,,,,,,,,,,,,,,,,,,,,,,,,,
2203,1991,124,YAR,GRETI,1,,,2,,,21,,,,,NE,,,,,,,,,,,,,,,,,,,,,,,,,,,,,,,,,,,,,,,,,,,,
2204,1991,126,YAR,PIEFL,1,8,,6,,,40,,,,,NE,,,,,,,,,,,14/06/1991,F777330,F777331,F777332,F777333,F777334,,,,,,,,,,,,,,,,,,,,,,,,,,,,
2205,1991,127,YAR,BLUTI,1,12,12,11,,,20,,,,,NE,,,,,,,,,,,,,,,,,,,,,,,,,,,,,,,,,,,,,,,,,,,,
2206,1991,128,YAR,GRETI,1,7,,4,,,44,,,,,NE,,,,,,,,,,,,,,,,,,,,,,,,,,,,,,,,,,,,,,,,,,,,
2207,1991,130,YAR,PIEFL,1,8,8,8,,,,,,,,NE,,,,,,,,,,,14/06/1991,F777335,F777336,F777337,F777338,F777339,F777340,F777341,F777342,,,,,,,,,,,,,,,,,,,,,,,,,
2208,1991,132,YAR,PIEFL,1,8,8,8,,,40,,,,,NE,,,,,,,,,,,14/06/1991,F777343,F777344,F777345,F777346,F777347,F777348,F777349,F777350,,,,,,,,,,,,,,,,,,,,,,,,,
2209,1991,201,YAR,PIEFL,1,5,4,3,,,,,,,,NE,,,,,,,,,,,26/06/1991,H462132,H462133,H462134,,,,,,,,,,,,,,,,,,,,,,,,,,,,,,
2210,1991,203,YAR,PIEFL,1,7,7,4,,,,,,,,NE,,,,,,,,,,,,,,,,,,,,,,,,,,,,,,,,,,,,,,,,,,,,
2211,1991,204,YAR,PIEFL,1,8,8,8,,,44,,,,,NE,,,,,,,,,,,14/06/1991,F777351,F777352,F777353,F777354,F777355,F777356,F777357,F777358,,,,,,,,,,,,,,,,,,,,,,,,,
2212,1991,206,YAR,BLUTI,1,10,10,9,,,27,,,,,NE,,,,,,,,,,,,,,,,,,,,,,,,,,,,,,,,,,,,,,,,,,,,
2213,1991,207,YAR,PIEFL,1,6,5,5,,,,,,1,,NE,,,,,,,,,,,,,,,,,,,,,,,,,,,,,,,,,,,,,,,,,,,,
2214,1991,209,YAR,BLUTI,1,14,13,13,,,34,,,1,,NE,,,,,,,,,,,,,,,,,,,,,,,,,,,,,,,,,,,,,,,,,,,,
2215,1991,211,YAR,PIEFL,1,7,,7,,,43,,,,,NE,,,,,,,,,,,14/06/1991,F777359,F777360,F777361,F777362,F777363,F777364,F777365,,,,,,,,,,,,,,,,,,,,,,,,,,
2216,1991,213,YAR,BLUTI,1,7,,6,,,,,,,,NE,,,,,,,,,,,,,,,,,,,,,,,,,,,,,,,,,,,,,,,,,,,,
2217,1991,214,YAR,BLUTI,1,10,8,8,,,,52,,,,NE,,,,,,,,,,,,,,,,,,,,,,,,,,,,,,,,,,,,,,,,,,,,
2218,1991,215,YAR,PIEFL,1,6,6,6,,,49,67,,,,NE,,,,,,,,,,,14/06/1991,F777366,F777367,F777368,F777369,F777370,F777371,,,,,,,,,,,,,,,,,,,,,,,,,,,
2219,1991,216,YAR,BLUTI,1,10,,9,,,26,,,,,NE,,,,,,,,,,,,,,,,,,,,,,,,,,,,,,,,,,,,,,,,,,,,
2220,1991,217,YAR,NUTHA,1,,,0,,,,,6,,,EP,,,,,,,,,,,,,,,,,,,,,,,,,,,,,,,,,,,,,,,,,,,,
2221,1991,217,YAR,PIEFL,1,5,5,4,,,57,74,,,,NE,,,,,,,,,,,21/06/1991,H462098,H462099,H462100,H462101,,,,,,,,,,,,,,,,,,,,,,,,,,,,,
2222,1991,218,YAR,PIEFL,1,,,8,,,41,,,,,NE,,,,,,,,,,,14/06/1991,F777372,F777373,F777374,F777375,F777376,F777377,F777378,F777379,,,,,,,,,,,,,,,,,,,,,,,,,
2223,1991,219,YAR,BLUTI,1,10,5,5,,,38,,,5,,NE,,,,,,,,,,,,,,,,,,,,,,,,,,,,,,,,,,,,,,,,,,,,
2224,1991,220,YAR,BLUTI,1,10,10,8,,,29,,,,,NE,,,,,,,,,,,,,,,,,,,,,,,,,,,,,,,,,,,,,,,,,,,,
2225,1991,222,YAR,BLUTI,1,11,0,0,,,22,,,,,EP,,,,,,,,,,,,,,,,,,,,,,,,,,,,,,,,,,,,,,,,,,,,
2226,1991,223,YAR,PIEFL,1,7,7,7,,,41,,,,,NE,,,,,,,,,,,14/06/1991,F777380,F777381,F777382,F777383,F777384,F777385,F777386,,,,,,,,,,,,,,,,,,,,,,,,,,
2227,1991,224,YAR,PIEFL,1,8,8,8,,,46,,,,,NE,,,,,,,,,,,14/06/1991,F777387,F777388,F777389,F777390,F777391,F777392,F777393,F777394,,,,,,,,,,,,,,,,,,,,,,,,,
2228,1991,227,YAR,NUTHA,1,5,0,0,,,29,,,,,EP,,,,,,,,,,,,,,,,,,,,,,,,,,,,,,,,,,,,,,,,,,,,
2229,1991,228,YAR,BLUTI,1,11,11,11,,,32,,,,,NE,,,,,,,,,,,,,,,,,,,,,,,,,,,,,,,,,,,,,,,,,,,,
2230,1991,229,YAR,BLUTI,1,7,0,0,,,38,,,,,EP,,,,,,,,,,,,,,,,,,,,,,,,,,,,,,,,,,,,,,,,,,,,
2231,1991,231,YAR,BLUTI,1,8,8,8,,,30,52,,,,NE,,,,,,,,,,,,,,,,,,,,,,,,,,,,,,,,,,,,,,,,,,,,
2232,1991,232,YAR,PIEFL,1,7,7,7,,,,59,,,,NE,,,,,,,,,,,,,,,,,,,,,,,,,,,,,,,,,,,,,,,,,,,,
2233,1991,233,YAR,BLUTI,1,10,8,8,,,32,,,2,,NE,,,,,,,,,,,,,,,,,,,,,,,,,,,,,,,,,,,,,,,,,,,,
2234,1991,234,YAR,BLUTI,1,7,7,7,,,36,,,,,NE,,,,,,,,,,,,,,,,,,,,,,,,,,,,,,,,,,,,,,,,,,,,
2235,1991,235,YAR,BLUTI,1,7,,6,,,35,,,,,NE,,,,,,,,,,,,,,,,,,,,,,,,,,,,,,,,,,,,,,,,,,,,
2236,1991,236,YAR,PIEFL,1,8,8,8,,,40,,,,,NE,,,,,,,,,,,,,,,,,,,,,,,,,,,,,,,,,,,,,,,,,,,,
2237,1991,238,YAR,PIEFL,1,,,6,,,47,,,,,NE,,,,,,,,,,,14/06/1991,F777403,F777404,F777405,F777406,F777407,F777408,F777409,,,,,,,,,,,,,,,,,,,,,,,,,,
2238,1991,239,YAR,PIEFL,1,,,7,,,46,74,,,,NE,,,,,,,,,,,21/06/1991,H462102,H462103,H462104,H462105,H462106,H462107,H462108,,,,,,,,,,,,,,,,,,,,,,,,,,
2239,1991,240,YAR,BLUTI,1,11,10,8,,,31,,,,,NE,,,,,,,,,,,,,,,,,,,,,,,,,,,,,,,,,,,,,,,,,,,,
2240,1991,241,YAR,PIEFL,1,,0,0,,,,,,,,ED,,,,,,,,,,,,,,,,,,,,,,,,,,,,,,,,,,,,,,,,,,,,
2241,1991,242,YAR,BLUTI,1,9,,8,,,27,,,,,NE,,,,,,,,,,,,,,,,,,,,,,,,,,,,,,,,,,,,,,,,,,,,
2242,1991,243,YAR,BLUTI,1,12,12,11,,,31,,,,,NE,,,,,,,,,,,,,,,,,,,,,,,,,,,,,,,,,,,,,,,,,,,,
2243,1991,244,YAR,PIEFL,1,5,0,0,,,49,,,,,ED,,,,,,,,,,,,,,,,,,,,,,,,,,,,,,,,,,,,,,,,,,,,
2244,1991,246,YAR,PIEFL,1,,,6,,,45,,,,,NE,,,,,,,,,,,,,,,,,,,,,,,,,,,,,,,,,,,,,,,,,,,,
2245,1991,247,YAR,BLUTI,1,13,13,11,,,29,,,,,NE,,,,,,,,,,,,,,,,,,,,,,,,,,,,,,,,,,,,,,,,,,,,
2246,1991,249,YAR,BLUTI,1,10,,7,,,32,,,,,NE,,,,,,,,,,,,,,,,,,,,,,,,,,,,,,,,,,,,,,,,,,,,
2247,1991,250,YAR,PIEFL,2,5,5,0,,,72,,,,,JD,,,,,,,,,,,,,,,,,,,,,,,,,,,,,,,,,,,,,,,,,,,,
2248,1991,301,YAR,PIEFL,1,6,6,5,,,52,,6,,,NE,,,,,,,,,,,21/06/1991,H462109,H462110,H462111,H462112,H462113,H462114,,,,,,,,,,,,,,,,,,,,,,,,,,,
2249,1991,302,YAR,BLUTI,1,11,10,10,,,18,,,1,,NE,,,,,,,,,,,,,,,,,,,,,,,,,,,,,,,,,,,,,,,,,,,,
2250,1991,305,YAR,PIEFL,1,,,7,,,45,,,,,NE,,,,,,,,,,,14/06/1991,F777418,F777419,F777420,F777421,F777422,F777423,F777424,,,,,,,,,,,,,,,,,,,,,,,,,,
2251,1991,306,YAR,BLUTI,1,10,9,9,,,30,,,1,,NE,,,,,,,,,,,,,,,,,,,,,,,,,,,,,,,,,,,,,,,,,,,,
2252,1991,308,YAR,PIEFL,1,7,,3,,,42,,,3,,NE,,,,,,,,,,,14/06/1991,F777425,F777426,F777427,,,,,,,,,,,,,,,,,,,,,,,,,,,,,,
2253,1991,310,YAR,PIEFL,1,6,6,0,,,60,,,,,JD,,,,,,,,,,,,,,,,,,,,,,,,,,,,,,,,,,,,,,,,,,,,
2254,1991,311,YAR,PIEFL,1,7,6,6,,,48,,,1,,NE,,,,,,,,,,,14/06/1991,F777428,F777429,F777430,F777431,F777432,F777433,,,,,,,,,,,,,,,,,,,,,,,,,,,
2255,1991,312,YAR,BLUTI,1,7,7,7,,,29,,,,,NE,,,,,,,,,,,,,,,,,,,,,,,,,,,,,,,,,,,,,,,,,,,,
2256,1991,313,YAR,PIEFL,1,,,6,,,,,,,,NE,,,,,,,,,,,14/06/1991,F777434,F777435,F777436,F777437,F777438,F777439,,,,,,,,,,,,,,,,,,,,,,,,,,,
2257,1991,314,YAR,PIEFL,1,7,7,7,,,,,,,,NE,,,,,,,,,,,21/06/1991,H462115,H462116,H462117,H462118,H462119,H462120,H462121,,,,,,,,,,,,,,,,,,,,,,,,,,
2258,1991,315,YAR,PIEFL,1,8,8,4,,,48,67,,,,NE,,,,,,,,,,,14/06/1991,F777440,F777441,F777442,F777443,,,,,,,,,,,,,,,,,,,,,,,,,,,,,
2259,1991,316,YAR,BLUTI,1,,,8,,,30,,,,,NE,,,,,,,,,,,,,,,,,,,,,,,,,,,,,,,,,,,,,,,,,,,,
2260,1991,317,YAR,PIEFL,1,,,7,,,43,,,,,NE,,,,,,,,,,,14/06/1991,F777444,F777445,F777446,F777447,F777448,F777449,F777450,,,,,,,,,,,,,,,,,,,,,,,,,,
2261,1991,319,YAR,PIEFL,1,,,8,,,48,,,,,NE,,,,,,,,,,,14/06/1991,F777451,F777452,F777453,F777454,F777455,F777456,F777457,F777458,,,,,,,,,,,,,,,,,,,,,,,,,
2262,1991,320,YAR,GRETI,1,9,9,9,,,30,,,,,NE,,,,,,,,,,,,,,,,,,,,,,,,,,,,,,,,,,,,,,,,,,,,
2263,1991,321,YAR,BLUTI,1,,,8,,,32,,,,,NE,,,,,,,,,,,,,,,,,,,,,,,,,,,,,,,,,,,,,,,,,,,,
2264,1991,322,YAR,BLUTI,1,11,11,10,,,34,,,,,NE,,,,,,,,,,,,,,,,,,,,,,,,,,,,,,,,,,,,,,,,,,,,
2265,1991,323,YAR,PIEFL,2,5,5,3,,,,87,,,,NE,,,,,,,,,,,,,,,,,,,,,,,,,,,,,,,,,,,,,,,,,,,,
2266,1991,323,YAR,BLUTI,1,10,10,0,,,30,,,,,JD,,,,,,,,,,,,,,,,,,,,,,,,,,,,,,,,,,,,,,,,,,,,
2267,1991,324,YAR,NUTHA,1,7,,4,,,,,,,,NE,,,,,,,,,,,,,,,,,,,,,,,,,,,,,,,,,,,,,,,,,,,,
2268,1991,325,YAR,BLUTI,1,9,9,9,,,23,,,,,NE,,,,,,,,,,,,,,,,,,,,,,,,,,,,,,,,,,,,,,,,,,,,
2269,1991,326,YAR,PIEFL,1,7,7,7,,,50,,,,,NE,,,,,,,,,,,14/06/1991,F777459,F777460,F777461,F777462,F777463,F777464,F777465,,,,,,,,,,,,,,,,,,,,,,,,,,
2270,1991,327,YAR,PIEFL,1,8,7,7,,,40,,,,,NE,,,,,,,,,,,14/06/1991,F777465,F777466,F777467,F777468,F777469,F777470,F777471,F777472,,,,,,,,,,,,,,,,,,,,,,,,,
2271,1991,328,YAR,BLUTI,1,9,9,9,,,20,,,,,NE,,,,,,,,,,,,,,,,,,,,,,,,,,,,,,,,,,,,,,,,,,,,
2272,1991,329,YAR,BLUTI,1,,,9,,,20,,10,,,NE,,,,,,,,,,,,,,,,,,,,,,,,,,,,,,,,,,,,,,,,,,,,
2273,1991,330,YAR,PIEFL,1,,0,0,,,,,2,,,ED,,,,,,,,,,,,,,,,,,,,,,,,,,,,,,,,,,,,,,,,,,,,
2274,1991,331,YAR,PIEFL,1,7,6,5,,,39,59,,,,NE,,,,,,,,,,,,,,,,,,,,,,,,,,,,,,,,,,,,,,,,,,,,
2275,1991,332,YAR,PIEFL,1,7,7,7,,,42,,,,,NE,,,,,,,,,,,14/06/1991,F777473,F777474,F777475,F777476,F777477,F777478,F777479,,,,,,,,,,,,,,,,,,,,,,,,,,
2276,1991,334,YAR,PIEFL,1,8,8,7,,,,,,,,NE,,,,,,,,,,,14/06/1991,F777480,F777481,F777482,F777483,F777484,,,,,,,,,,,,,,,,,,,,,,,,,,,,
2277,1991,335,YAR,PIEFL,1,,,6,,,49,,,,,NE,,,,,,,,,,,14/06/1991,F777485,F777486,F777487,F777488,F777489,F777490,F777491,,,,,,,,,,,,,,,,,,,,,,,,,,
2278,1991,336,YAR,BLUTI,1,7,6,6,,,31,,,,,NE,,,,,,,,,,,,,,,,,,,,,,,,,,,,,,,,,,,,,,,,,,,,
2279,1991,337,YAR,BLUTI,1,10,10,10,,,20,,,,,NE,,,,,,,,,,,,,,,,,,,,,,,,,,,,,,,,,,,,,,,,,,,,
2280,1991,338,YAR,PIEFL,1,7,7,7,,,47,,,,,NE,,,,,,,,,,,14/06/1991,F777492,F777493,F777494,F777495,F777496,F777497,F777498,,,,,,,,,,,,,,,,,,,,,,,,,,
2281,1991,338,YAR,BLUTI,1,,0,0,,,28,,6,,,EU,,,,,,,,,,,,,,,,,,,,,,,,,,,,,,,,,,,,,,,,,,,,
2282,1991,339,YAR,BLUTI,1,11,,9,,,22,,,1,,NE,,,,,,,,,,,,,,,,,,,,,,,,,,,,,,,,,,,,,,,,,,,,
2283,1991,340,YAR,GRETI,1,9,,6,,,34,,,1,,NE,,,,,,,,,,,,,,,,,,,,,,,,,,,,,,,,,,,,,,,,,,,,
2284,1991,341,YAR,PIEFL,1,,,7,,,44,,,,,NE,,,,,,,,,,,14/06/1991,F777499,F777500,H462001,H462002,H462003,H462004,H462005,,,,,,,,,,,,,,,,,,,,,,,,,,
2285,1991,342,YAR,BLUTI,1,11,,7,,,19,,,3,,NE,,,,,,,,,,,,,,,,,,,,,,,,,,,,,,,,,,,,,,,,,,,,
2286,1991,344,YAR,PIEFL,1,7,,6,,,44,,,,,NE,,,,,,H462135,26/06/1991,26/06/1991,I,1,14/06/1991,H462006,H462007,H462008,H462009,H462010,H462011,,,,,,,,,,,,,,,,,,,,,,,,,,,
2287,1991,345,YAR,PIEFL,1,7,6,6,,,40,,,1,,NE,,,,,,,,,,,14/06/1991,H462012,H462013,H462014,H462015,H462016,H462017,,,,,,,,,,,,,,,,,,,,,,,,,,,
2288,1991,346,YAR,PIEFL,1,,,0,,,56,,,,,JD,,,,,,,,,,,14/06/1991,H462122,H462123,H462124,H462125,,,,,,,,,,,,,,,,,,,,,,,,,,,,,
2289,1991,347,YAR,PIEFL,1,6,,5,,,45,,,,,NE,,,,,,,,,,,14/06/1991,H462018,H462019,H462020,H462021,H462022,,,,,,,,,,,,,,,,,,,,,,,,,,,,
2290,1991,348,YAR,BLUTI,1,10,10,9,,,29,,,,,NE,,,,,,,,,,,,,,,,,,,,,,,,,,,,,,,,,,,,,,,,,,,,
2291,1991,350,YAR,BLUTI,1,6,6,6,,,,,,,,NE,,,,,,,,,,,,,,,,,,,,,,,,,,,,,,,,,,,,,,,,,,,,
2292,1991,351,YAR,PIEFL,1,9,7,7,,,38,,,2,,NE,,,,,,,,,,,,,,,,,,,,,,,,,,,,,,,,,,,,,,,,,,,,
2293,1991,353,YAR,BLUTI,1,9,8,8,,,25,,,1,,NE,,,,,,,,,,,,,,,,,,,,,,,,,,,,,,,,,,,,,,,,,,,,
2294,1991,354,YAR,PIEFL,1,,,6,,,50,,,,,NE,,,,,,,,,,,14/06/1991,H462023,H462024,H462025,H462026,H462027,H462028,,,,,,,,,,,,,,,,,,,,,,,,,,,
2295,1991,355,YAR,PIEFL,1,7,,6,,,41,,,,,NE,,,,,,,,,,,14/06/1991,H462029,H462030,H462031,H462032,H462033,H462034,,,,,,,,,,,,,,,,,,,,,,,,,,,
2296,1991,HIDE1,YAR,BLUTI,1,16,,15,,,17,,,,,NE,,,,,,,,,,,,,,,,,,,,,,,,,,,,,,,,,,,,,,,,,,,,
2297,1991,HIDE10,YAR,PIEFL,1,7,7,7,,,,,,,,NE,,,,,,,,,,,14/06/1991,H462035,H462036,H462037,H462038,H462039,H462040,H462041,,,,,,,,,,,,,,,,,,,,,,,,,,
2298,1991,HIDE11,YAR,PIEFL,1,6,6,6,,,45,,,,,NE,,,,,,,,,,,,,,,,,,,,,,,,,,,,,,,,,,,,,,,,,,,,
2299,1991,HIDE5,YAR,BLUTI,1,9,7,7,,,36,,,2,,NE,,,,,,,,,,,,,,,,,,,,,,,,,,,,,,,,,,,,,,,,,,,,
2300,1991,HIDE7,YAR,NUTHA,1,,,3,,,,,,,,NE,,,,,,,,,,,,,,,,,,,,,,,,,,,,,,,,,,,,,,,,,,,,
2301,1991,HIDE8,YAR,GRETI,1,5,5,5,,,38,,,,,NE,,,,,,,,,,,,,,,,,,,,,,,,,,,,,,,,,,,,,,,,,,,,
2302,1991,HIDE9,YAR,BLUTI,1,8,8,5,,,44,,,,,NE,,,,,,,,,,,,,,,,,,,,,,,,,,,,,,,,,,,,,,,,,,,,
2303,1992,1,BVW,PIEFL,1,6,6,6,,,51,,,,,NE,,,,,,,,,,,,,,,,,,,,,,,,,,,,,,,,,,,,,,,,,,,,
2304,1992,2,BVW,BLUTI,1,6,6,6,,,39,,,,,NE,,,,,,,,,,,,,,,,,,,,,,,,,,,,,,,,,,,,,,,,,,,,
2305,1992,3,BVW,BLUTI,1,10,,8,,,,,,,,NE,,,,,,,,,,,,,,,,,,,,,,,,,,,,,,,,,,,,,,,,,,,,
2306,1992,4,BVW,PIEFL,1,7,7,6,,,38,57,,,,NE,,,,,,,,,,,05/06/1992,H462956,H462957,H462958,H462959,H462960,H462961,H462962,,,,,,,,,,,,,,,,,,,,,,,,,,
2307,1992,5,BVW,PIEFL,1,,,7,,,,,,,,NE,,,,,,,,,,,05/06/1992,H462963,H462964,H462965,H462966,H462967,H462968,H462969,,,,,,,,,,,,,,,,,,,,,,,,,,
2308,1992,6,BVW,BLUTI,1,14,14,14,,,22,,,,,NE,,,,,,,,,,,,,,,,,,,,,,,,,,,,,,,,,,,,,,,,,,,,
2309,1992,8,BVW,BLUTI,1,12,11,11,,,24,,,,,NE,,,,,,,,,,,,,,,,,,,,,,,,,,,,,,,,,,,,,,,,,,,,
2310,1992,9,BVW,BLUTI,1,9,9,8,,,22,,,,,NE,,,,,,,,,,,,,,,,,,,,,,,,,,,,,,,,,,,,,,,,,,,,
2311,1992,10,BVW,GRETI,1,8,8,6,,,23,,,,,NE,,,,,,,,,,,,,,,,,,,,,,,,,,,,,,,,,,,,,,,,,,,,
2312,1992,11,BVW,PIEFL,1,7,6,6,,,36,,,,,NE,,,,,,,,,,,05/06/1992,H462970,H462971,H462972,H462973,H462974,H462975,,,,,,,,,,,,,,,,,,,,,,,,,,,
2313,1992,13,BVW,BLUTI,1,12,,11,,,26,,,,,NE,,,,,,,,,,,,,,,,,,,,,,,,,,,,,,,,,,,,,,,,,,,,
2314,1992,14,BVW,BLUTI,1,11,,4,,,25,,,5,,NE,,,,,,,,,,,,,,,,,,,,,,,,,,,,,,,,,,,,,,,,,,,,
2315,1992,15,BVW,PIEFL,1,9,9,9,,,37,,,,,NE,,,,,,,,,,,05/06/1992,H462976,H462977,H462978,H462979,H462980,H462981,H462982,H462983,H462984,,,,,,,,,,,,,,,,,,,,,,,,
2316,1992,16,BVW,BLUTI,1,10,0,0,,,21,,,,,ED,,,,,,,,,,,,,,,,,,,,,,,,,,,,,,,,,,,,,,,,,,,,
2317,1992,17,BVW,BLUTI,1,11,11,10,,,21,,,,,NE,,,,,,,,,,,,,,,,,,,,,,,,,,,,,,,,,,,,,,,,,,,,
2318,1992,18,BVW,BLUTI,1,11,11,11,,,23,,,,,NE,,,,,,,,,,,,,,,,,,,,,,,,,,,,,,,,,,,,,,,,,,,,
2319,1992,19,BVW,PIEFL,1,7,7,7,,,36,,,,,NE,,,,,,,,,,,05/06/1992,H462943,H462944,H462945,H462946,H462947,H462948,H462949,,,,,,,,,,,,,,,,,,,,,,,,,,
2320,1992,21,BVW,NUTHA,1,8,,6,,,20,,,,,NE,,,,,,,,,,,,,,,,,,,,,,,,,,,,,,,,,,,,,,,,,,,,
2321,1992,22,BVW,PIEFL,1,,,6,,,36,,,,,NE,,,,,,,,,,,,,,,,,,,,,,,,,,,,,,,,,,,,,,,,,,,,
2322,1992,23,BVW,BLUTI,1,,,11,,,22,,,,,NE,,,,,,,,,,,,,,,,,,,,,,,,,,,,,,,,,,,,,,,,,,,,
2323,1992,24,BVW,PIEFL,1,,,6,,,34,,7,,,NE,,,,,,,,,,,05/06/1992,H462950,H462951,H462952,H462953,H462954,H462955,,,,,,,,,,,,,,,,,,,,,,,,,,,
2324,1992,18A,BVW,GRETI,1,,,7,,,30,,,,,NE,,,,,,,,,,,,,,,,,,,,,,,,,,,,,,,,,,,,,,,,,,,,
2325,1992,1,NEA,BLUTI,1,12,12,11,,,26,,,,,NE,,,,,,,,,,,,,,,,,,,,,,,,,,,,,,,,,,,,,,,,,,,,
2326,1992,2,NEA,NUTHA,1,7,7,7,,,26,,,,,NE,,,,,,,,,,,,,,,,,,,,,,,,,,,,,,,,,,,,,,,,,,,,
2327,1992,3,NEA,BLUTI,1,11,7,7,,,,,,4,,NE,,,,,,,,,,,,,,,,,,,,,,,,,,,,,,,,,,,,,,,,,,,,
2328,1992,4,NEA,BLUTI,1,9,8,8,,,35,,,1,,NE,,,,,,,,,,,,,,,,,,,,,,,,,,,,,,,,,,,,,,,,,,,,
2329,1992,5,NEA,PIEFL,1,8,8,7,,,,,,,,NE,,,,,,,,,,,05/06/1992,H462985,H462986,H462987,H462988,H462989,H462990,H462991,,,,,,,,,,,,,,,,,,,,,,,,,,
2330,1992,6,NEA,PIEFL,1,10,10,9,,,37,,,,,NE,,,,,,,,,,,,,,,,,,,,,,,,,,,,,,,,,,,,,,,,,,,,
2331,1992,7,NEA,MARTI,1,9,9,9,,,24,,,,,NE,,,,,,,,,,,,,,,,,,,,,,,,,,,,,,,,,,,,,,,,,,,,
2332,1992,8,NEA,NUTHA,1,6,5,5,,,28,,,1,,NE,,,,,,,,,,,,,,,,,,,,,,,,,,,,,,,,,,,,,,,,,,,,
2333,1992,9,NEA,GRETI,1,7,,6,,,,,,,,NE,,,,,,,,,,,,,,,,,,,,,,,,,,,,,,,,,,,,,,,,,,,,
2334,1992,10,NEA,BLUTI,1,13,13,12,,,,,,,,NE,,,,,,,,,,,,,,,,,,,,,,,,,,,,,,,,,,,,,,,,,,,,
2335,1992,12,NEA,GRETI,1,9,9,8,,,24,,,,,NE,,,,,,,,,,,,,,,,,,,,,,,,,,,,,,,,,,,,,,,,,,,,
2336,1992,13,NEA,PIEFL,1,7,7,7,,,38,57,,,,NE,,,,,,,,,,,05/06/1992,H462992,H462993,H462994,H462995,H462996,H462997,H462998,,,,,,,,,,,,,,,,,,,,,,,,,,
2337,1992,14,NEA,BLUTI,1,8,,7,,,25,,,,,NE,,,,,,,,,,,,,,,,,,,,,,,,,,,,,,,,,,,,,,,,,,,,
2338,1992,15,NEA,GRETI,1,8,8,8,,,28,,,,,NE,,,,,,,,,,,,,,,,,,,,,,,,,,,,,,,,,,,,,,,,,,,,
2339,1992,16,NEA,PIEFL,1,8,8,8,,,34,,,,,NE,,,,,,,,,,,05/06/1992,H462999,H463000,H821001,H821002,H821003,H821004,H821005,H821006,,,,,,,,,,,,,,,,,,,,,,,,,
2340,1992,17,NEA,GRETI,1,10,,8,,,28,,,,,NE,,,,,,,,,,,,,,,,,,,,,,,,,,,,,,,,,,,,,,,,,,,,
2341,1992,18,NEA,BLUTI,1,12,12,11,,,30,,,,,NE,,,,,,,,,,,,,,,,,,,,,,,,,,,,,,,,,,,,,,,,,,,,
2342,1992,19,NEA,PIEFL,1,5,,2,,,59,,,,,"NE, 3 x FD",,,,,,F996163,14/05/1992,25/06/1991,I,1,,,,,,,,,,,,,,,,,,,,,,,,,,,,,,,,,,
2343,1992,20,NEA,BLUTI,1,11,,10,,,26,,,,,NE,,,,,,,,,,,,,,,,,,,,,,,,,,,,,,,,,,,,,,,,,,,,
2344,1992,101,YAR,PIEFL,1,,,8,,,38,,8,,,NE,,,,,,,,,,,05/06/1992,H462782,H462783,H462784,H462785,H462786,H462787,H462788,H462789,,,,,,,,,,,,,,,,,,,,,,,,,
2345,1992,104,YAR,BLUTI,1,9,8,8,,,27,52,,,,NE,,,,,,,,,,,,,,,,,,,,,,,,,,,,,,,,,,,,,,,,,,,,
2346,1992,105,YAR,BLUTI,1,11,11,11,,,22,,,,,NE,,,,,,,,,,,,,,,,,,,,,,,,,,,,,,,,,,,,,,,,,,,,
2347,1992,107,YAR,BLUTI,1,12,12,11,,,26,,,,,NE,,,,,,,,,,,,,,,,,,,,,,,,,,,,,,,,,,,,,,,,,,,,
2348,1992,108,YAR,PIEFL,1,8,8,8,,,38,58,,,,NE,,,,,,,,,,,05/06/1992,H462790,H462792,H462793,H462794,H462795,H462796,H462797,H462798,,,,,,,,,,,,,,,,,,,,,,,,,
2349,1992,109,YAR,BLUTI,1,14,,12,,,24,,,,,NE,,,,,,,,,,,,,,,,,,,,,,,,,,,,,,,,,,,,,,,,,,,,
2350,1992,110,YAR,GRETI,1,,,,,,,,,,,OU,,,,,,,,,,,,,,,,,,,,,,,,,,,,,,,,,,,,,,,,,,,,
2351,1992,111,YAR,PIEFL,1,6,6,6,,,43,,,,,NE,,,,,,,,,,,10/06/1992,H821045,H821046,H821047,H821048,H821049,H821050,,,,,,,,,,,,,,,,,,,,,,,,,,,
2352,1992,112,YAR,PIEFL,1,8,7,7,,,36,,,,,NE,,,,,,,,,,,05/06/1992,H462799,H462800,H462801,H462802,H462803,H462804,H462805,,,,,,,,,,,,,,,,,,,,,,,,,,
2353,1992,114,YAR,PIEFL,1,,,7,,,41,,,,,NE,,,,,,,,,,,05/06/1992,H462806,H462807,H462808,H462809,H462810,H462811,H462812,,,,,,,,,,,,,,,,,,,,,,,,,,
2354,1992,115,YAR,PIEFL,1,8,6,6,,,38,,,2,,NE,,,,,,,,,,,05/06/1992,H462813,H462814,H462815,H462816,H462817,H462818,,,,,,,,,,,,,,,,,,,,,,,,,,,
2355,1992,116,YAR,BLUTI,1,,,10,,,27,,,,,NE,,,,,,,,,,,,,,,,,,,,,,,,,,,,,,,,,,,,,,,,,,,,
2356,1992,117,YAR,PIEFL,1,5,,0,,,,,,,,JD,,,,,,,,,,,,,,,,,,,,,,,,,,,,,,,,,,,,,,,,,,,,
2357,1992,118,YAR,GRETI,1,8,8,8,,,25,,,,,NE,,,,,,,,,,,,,,,,,,,,,,,,,,,,,,,,,,,,,,,,,,,,
2358,1992,119,YAR,PIEFL,2,,0,0,,,,,4,,,ED,,,,,,,,,,,,,,,,,,,,,,,,,,,,,,,,,,,,,,,,,,,,
2359,1992,120,YAR,BLUTI,1,,,10,,,19,,12,,,NE,,,,,,,,,,,,,,,,,,,,,,,,,,,,,,,,,,,,,,,,,,,,
2360,1992,122,YAR,BLUTI,1,,,12,,,21,,,,,NE,,,,,,,,,,,,,,,,,,,,,,,,,,,,,,,,,,,,,,,,,,,,
2361,1992,124,YAR,BLUTI,1,12,,11,,,24,,,,,NE,,,,,,,,,,,,,,,,,,,,,,,,,,,,,,,,,,,,,,,,,,,,
2362,1992,126,YAR,PIEFL,1,6,3,2,,,49,,,2,,NE,,,,,,,,,,,,,,,,,,,,,,,,,,,,,,,,,,,,,,,,,,,,
2363,1992,127,YAR,PIEFL,1,6,,5,,,42,,,,,NE,,,,,,,,,,,10/06/1992,H821058,H821059,H821060,H821061,H821062,,,,,,,,,,,,,,,,,,,,,,,,,,,,
2364,1992,128,YAR,PIEFL,1,7,7,7,,,42,,,,,NE,,,,,,,,,,,10/06/1992,H821051,H821052,H821053,H821054,H821055,H821056,H821057,,,,,,,,,,,,,,,,,,,,,,,,,,
2365,1992,129,YAR,PIEFL,1,,,6,,,47,,,,,NE,,,,,,,,,,,,,,,,,,,,,,,,,,,,,,,,,,,,,,,,,,,,
2366,1992,131,YAR,PIEFL,1,7,7,6,,,39,58,,,,NE,,,,,,,,,,,05/06/1992,H462819,H462820,H462821,H462822,H462823,H462824,H462825,,,,,,,,,,,,,,,,,,,,,,,,,,
2367,1992,201,YAR,BLUTI,1,10,10,10,,,19,,,,,NE,,,,,,,,,,,,,,,,,,,,,,,,,,,,,,,,,,,,,,,,,,,,
2368,1992,202,YAR,PIEFL,1,7,7,7,,,39,,,,,NE,,,,,,,,,,,,,,,,,,,,,,,,,,,,,,,,,,,,,,,,,,,,
2369,1992,203,YAR,BLUTI,1,,,10,,,21,,,,,NE,,,,,,,,,,,,,,,,,,,,,,,,,,,,,,,,,,,,,,,,,,,,
2370,1992,205,YAR,PIEFL,1,7,7,7,,,39,,,,,NE,,,,,,,,,,,10/06/1992,H821063,H821064,H821065,H821066,H821067,H821068,H821069,,,,,,,,,,,,,,,,,,,,,,,,,,
2371,1992,211,YAR,PIEFL,1,7,7,7,,,38,,,,,NE,,,,,,,,,,,,,,,,,,,,,,,,,,,,,,,,,,,,,,,,,,,,
2372,1992,212,YAR,GRETI,1,10,10,10,,,25,,,,,NE,,,,,,,,,,,,,,,,,,,,,,,,,,,,,,,,,,,,,,,,,,,,
2373,1992,213,YAR,BLUTI,1,,,15,,,25,,,,,NE,,,,,,,,,,,,,,,,,,,,,,,,,,,,,,,,,,,,,,,,,,,,
2374,1992,214,YAR,PIEFL,1,8,,6,,,42,,,,,NE,,,,,,,,,,,10/06/1992,H821070,H821071,H821072,H821073,H821074,H821075,,,,,,,,,,,,,,,,,,,,,,,,,,,
2375,1992,215,YAR,BLUTI,1,9,0,0,,,27,,,,,ED,,,,,,,,,,,,,,,,,,,,,,,,,,,,,,,,,,,,,,,,,,,,
2376,1992,216,YAR,PIEFL,1,6,6,6,,,35,,,,,NE,,,,,,,,,,,05/06/1992,H462826,H462827,H462828,H462829,H462830,H462831,,,,,,,,,,,,,,,,,,,,,,,,,,,
2377,1992,217,YAR,BLUTI,1,14,14,13,,,23,,,,,NE,,,,,,,,,,,,,,,,,,,,,,,,,,,,,,,,,,,,,,,,,,,,
2378,1992,218,YAR,BLUTI,1,11,11,11,,,25,,,,,NE,,,,,,,,,,,,,,,,,,,,,,,,,,,,,,,,,,,,,,,,,,,,
2379,1992,219,YAR,GRETI,1,10,,8,,,24,,,,,NE,,,,,,,,,,,,,,,,,,,,,,,,,,,,,,,,,,,,,,,,,,,,
2380,1992,220,YAR,PIEFL,1,,,8,,,35,,,,,NE,,,,,,,,,,,05/06/1992,H462832,H462833,H462834,H462835,H462836,H462837,H462838,H462839,,,,,,,,,,,,,,,,,,,,,,,,,
2381,1992,223,YAR,PIEFL,1,7,,5,,,,,,,,NE,,,,,,,,,,,05/06/1992,H462840,H462841,H462842,H462843,H462844,,,,,,,,,,,,,,,,,,,,,,,,,,,,
2382,1992,224,YAR,NUTHA,1,,,5,,,,,,,,NE,,,,,,,,,,,,,,,,,,,,,,,,,,,,,,,,,,,,,,,,,,,,
2383,1992,226,YAR,GRETI,1,,,8,,,25,,,,,NE,,,,,,,,,,,,,,,,,,,,,,,,,,,,,,,,,,,,,,,,,,,,
2384,1992,227,YAR,BLUTI,1,,,9,,,23,,,,,NE,,,,,,,,,,,,,,,,,,,,,,,,,,,,,,,,,,,,,,,,,,,,
2385,1992,228,YAR,BLUTI,1,12,12,9,,,22,,,,,NE,,,,,,,,,,,,,,,,,,,,,,,,,,,,,,,,,,,,,,,,,,,,
2386,1992,229,YAR,PIEFL,1,,,8,,,,,,,,NE,,,,,,,,,,,05/06/1992,H462851,H462852,H462853,H462854,H462855,H462856,H462857,H462858,,,,,,,,,,,,,,,,,,,,,,,,,
2387,1992,230,YAR,PIEFL,1,7,,6,,,,,,,,NE,,,,,,,,,,,05/06/1992,H462845,H462846,H462847,H462848,H462849,H462850,,,,,,,,,,,,,,,,,,,,,,,,,,,
2388,1992,231,YAR,BLUTI,1,11,,10,,,21,,,,,NE,,,,,,,,,,,,,,,,,,,,,,,,,,,,,,,,,,,,,,,,,,,,
2389,1992,232,YAR,BLUTI,1,,0,0,,,25,,,,,EP,,,,,,,,,,,,,,,,,,,,,,,,,,,,,,,,,,,,,,,,,,,,
2390,1992,233,YAR,BLUTI,1,,,9,,,28,,,,,NE,,,,,,,,,,,,,,,,,,,,,,,,,,,,,,,,,,,,,,,,,,,,
2391,1992,234,YAR,BLUTI,1,,,10,,,25,,11,,,NE,,,,,,,,,,,,,,,,,,,,,,,,,,,,,,,,,,,,,,,,,,,,
2392,1992,235,YAR,BLUTI,1,12,11,10,,,22,,,1,,NE,,,,,,,,,,,,,,,,,,,,,,,,,,,,,,,,,,,,,,,,,,,,
2393,1992,236,YAR,GRETI,1,12,12,12,,,24,,,,,NE,,,,,,,,,,,,,,,,,,,,,,,,,,,,,,,,,,,,,,,,,,,,
2394,1992,237,YAR,BLUTI,1,9,,7,,,25,,,,,NE,,,,,,,,,,,,,,,,,,,,,,,,,,,,,,,,,,,,,,,,,,,,
2395,1992,239,YAR,PIEFL,1,9,9,9,,,39,,,,,NE,,,,,,,,,,,10/06/1992,H821081,H821082,H821083,H821084,H821085,H821086,H821087,H821088,H821089,,,,,,,,,,,,,,,,,,,,,,,,
2396,1992,240,YAR,BLUTI,1,9,,8,,,21,,,,,NE,,,,,,,,,,,,,,,,,,,,,,,,,,,,,,,,,,,,,,,,,,,,
2397,1992,241,YAR,BLUTI,1,10,10,9,,,26,,,,,NE,,,,,,,,,,,,,,,,,,,,,,,,,,,,,,,,,,,,,,,,,,,,
2398,1992,242,YAR,BLUTI,1,12,12,8,,,29,,,,,NE,,,,,,,,,,,,,,,,,,,,,,,,,,,,,,,,,,,,,,,,,,,,
2399,1992,243,YAR,BLUTI,1,,,11,,,25,,,,,NE,,,,,,,,,,,,,,,,,,,,,,,,,,,,,,,,,,,,,,,,,,,,
2400,1992,244,YAR,BLUTI,1,,,9,,,24,,,,,NE,,,,,,,,,,,,,,,,,,,,,,,,,,,,,,,,,,,,,,,,,,,,
2401,1992,245,YAR,PIEFL,1,6,6,6,,,,58,,,,NE,,,,,,,,,,,05/06/1992,H462859,H462860,H462861,H462862,H462863,H462864,,,,,,,,,,,,,,,,,,,,,,,,,,,
2402,1992,246,YAR,PIEFL,1,7,,5,,,41,,,,,NE,,,,,,,,,,,10/06/1992,H821076,H821077,H821078,H821079,H821080,,,,,,,,,,,,,,,,,,,,,,,,,,,,
2403,1992,246,YAR,BLUTI,1,,0,0,,,27,,2,,,EU,,,,,,,,,,,,,,,,,,,,,,,,,,,,,,,,,,,,,,,,,,,,
2404,1992,247,YAR,GRETI,1,,0,0,,,,,6,,,ED,,,,,,,,,,,,,,,,,,,,,,,,,,,,,,,,,,,,,,,,,,,,
2405,1992,248,YAR,BLUTI,1,,,8,,,24,,10,,,NE,,,,,,,,,,,,,,,,,,,,,,,,,,,,,,,,,,,,,,,,,,,,
2406,1992,250,YAR,GRETI,1,10,10,9,,,24,,,,,NE,,,,,,,,,,,,,,,,,,,,,,,,,,,,,,,,,,,,,,,,,,,,
2407,1992,301,YAR,PIEFL,1,7,,6,,,,,,,,NE,,,,,,,,,,,05/06/1992,H462865,H462866,H462867,H462868,H462869,H462870,H462871,,,,,,,,,,,,,,,,,,,,,,,,,,
2408,1992,305,YAR,PIEFL,1,,,7,,,39,,,,,NE,,,,,,,,,,,05/06/1992,H462872,H462873,H462874,H462875,H462876,H462877,H462878,,,,,,,,,,,,,,,,,,,,,,,,,,
2409,1992,306,YAR,PIEFL,1,8,8,8,,,,,,,,NE,,,,,,,,,,,10/06/1992,H821090,H821091,H821092,H821093,H821094,H821095,H821096,H821097,,,,,,,,,,,,,,,,,,,,,,,,,
2410,1992,308,YAR,PIEFL,1,8,7,5,,,38,58,,1,,NE,,,,,,,,,,,,,,,,,,,,,,,,,,,,,,,,,,,,,,,,,,,,
2411,1992,310,YAR,PIEFL,1,8,,7,,,41,,,,,NE,,,,,,,,,,,10/06/1992,H821098,H821099,H821100,H821101,H821102,H821103,H821104,,,,,,,,,,,,,,,,,,,,,,,,,,
2412,1992,311,YAR,BLUTI,1,9,,5,,,20,,,,,NE,,,,,,,,,,,,,,,,,,,,,,,,,,,,,,,,,,,,,,,,,,,,
2413,1992,313,YAR,BLUTI,1,,,10,,,24,,,,,NE,,,,,,,,,,,,,,,,,,,,,,,,,,,,,,,,,,,,,,,,,,,,
2414,1992,315,YAR,PIEFL,1,7,0,0,,,39,,,,,ED,,,,,,,,,,,,,,,,,,,,,,,,,,,,,,,,,,,,,,,,,,,,
2415,1992,317,YAR,PIEFL,1,7,,0,,,52,,,,,XD,,,,,,,,,,,,,,,,,,,,,,,,,,,,,,,,,,,,,,,,,,,,
2416,1992,317,YAR,BLUTI,1,8,6,0,,,22,,,,,JD,,,,,,,,,,,,,,,,,,,,,,,,,,,,,,,,,,,,,,,,,,,,
2417,1992,318,YAR,BLUTI,1,,,11,,,17,,,,,NE,,,,,,,,,,,,,,,,,,,,,,,,,,,,,,,,,,,,,,,,,,,,
2418,1992,319,YAR,PIEFL,1,9,9,6,,,36,,,,,NE,,,,,,,,,,,05/06/1992,H462879,H462880,H462881,H462882,H462883,H462884,H462885,H462886,H462887,,,,,,,,,,,,,,,,,,,,,,,,
2419,1992,320,YAR,BLUTI,1,,,7,,,23,,,,,NE,,,,,,,,,,,,,,,,,,,,,,,,,,,,,,,,,,,,,,,,,,,,
2420,1992,321,YAR,BLUTI,1,11,11,10,,,22,,,,,NE,,,,,,,,,,,,,,,,,,,,,,,,,,,,,,,,,,,,,,,,,,,,
2421,1992,322,YAR,GRETI,1,11,,10,,,23,,,,,NE,,,,,,,,,,,,,,,,,,,,,,,,,,,,,,,,,,,,,,,,,,,,
2422,1992,323,YAR,NUTHA,1,,,6,,,27,,7,,,NE,,,,,,,,,,,,,,,,,,,,,,,,,,,,,,,,,,,,,,,,,,,,
2423,1992,324,YAR,BLUTI,1,9,8,8,,,24,,,,,NE,,,,,,,,,,,,,,,,,,,,,,,,,,,,,,,,,,,,,,,,,,,,
2424,1992,325,YAR,PIEFL,1,7,7,7,,,38,,,,,NE,,,,,,,,,,,05/06/1992,H462888,H462889,H462890,H462891,H462892,H462893,H462894,,,,,,,,,,,,,,,,,,,,,,,,,,
2425,1992,326,YAR,BLUTI,1,,,10,,,21,,,,,NE,,,,,,,,,,,,,,,,,,,,,,,,,,,,,,,,,,,,,,,,,,,,
2426,1992,327,YAR,PIEFL,1,7,6,6,,,39,,,1,,NE,,,,,,,,,,,,,,,,,,,,,,,,,,,,,,,,,,,,,,,,,,,,
2427,1992,328,YAR,BLUTI,1,9,9,9,,,22,,,,,NE,,,,,,,,,,,,,,,,,,,,,,,,,,,,,,,,,,,,,,,,,,,,
2428,1992,330,YAR,BLUTI,1,,,10,,,19,,,,,NE,,,,,,,,,,,,,,,,,,,,,,,,,,,,,,,,,,,,,,,,,,,,
2429,1992,331,YAR,PIEFL,1,8,8,8,,,,,,,,NE,,,,,,,,,,,05/06/1992,H462895,H462896,H462897,H462898,H462899,H462900,H462901,H462902,,,,,,,,,,,,,,,,,,,,,,,,,
2430,1992,332,YAR,BLUTI,1,,,9,,,17,,,,,NE,,,,,,,,,,,,,,,,,,,,,,,,,,,,,,,,,,,,,,,,,,,,
2431,1992,333,YAR,PIEFL,1,,,7,,,40,,,,,NE,,,,,,,,,,,10/06/1992,H821105,H821106,H821107,H821108,H821109,H821110,H821111,,,,,,,,,,,,,,,,,,,,,,,,,,
2432,1992,334,YAR,REDST,1,,,6,,,,,,,,NE,,,,,,,,,,,,,,,,,,,,,,,,,,,,,,,,,,,,,,,,,,,,
2433,1992,335,YAR,PIEFL,1,,,3,,,,,5,2,,NE,,,,,,,,,,,,,,,,,,,,,,,,,,,,,,,,,,,,,,,,,,,,
2434,1992,336,YAR,BLUTI,1,,,8,,,25,,,,,NE,,,,,,,,,,,,,,,,,,,,,,,,,,,,,,,,,,,,,,,,,,,,
2435,1992,337,YAR,BLUTI,1,10,0,0,,,19,,,,,ED,,,,,,,,,,,,,,,,,,,,,,,,,,,,,,,,,,,,,,,,,,,,
2436,1992,338,YAR,PIEFL,1,6,6,6,,,39,,,,,NE,,,,,,,,,,,05/06/1992,H462903,H462904,H462905,H462906,H462907,H462908,,,,,,,,,,,,,,,,,,,,,,,,,,,
2437,1992,339,YAR,BLUTI,1,11,11,10,,,22,,,,,NE,,,,,,,,,,,,,,,,,,,,,,,,,,,,,,,,,,,,,,,,,,,,
2438,1992,341,YAR,PIEFL,1,,,7,,,,,,,,NE,,,,,,,,,,,05/06/1992,H462909,H462910,H462911,H462912,H462913,H462914,H462915,,,,,,,,,,,,,,,,,,,,,,,,,,
2439,1992,343,YAR,BLUTI,1,8,8,7,,,20,43,,,,NE,,,,,,,,,,,,,,,,,,,,,,,,,,,,,,,,,,,,,,,,,,,,
2440,1992,344,YAR,PIEFL,1,8,7,7,,,,,,1,,NE,,,,,,,,,,,05/06/1992,H462916,H462917,H462918,H462919,H462920,H462921,H462922,,,,,,,,,,,,,,,,,,,,,,,,,,
2441,1992,345,YAR,BLUTI,1,9,9,8,,,27,,,,,NE,,,,,,,,,,,,,,,,,,,,,,,,,,,,,,,,,,,,,,,,,,,,
2442,1992,346,YAR,PIEFL,1,8,8,8,,,39,58,,,,NE,,,,,,,,,,,10/06/1992,H821112,H821113,H821114,H821115,H821116,H821117,H821118,H821119,,,,,,,,,,,,,,,,,,,,,,,,,
2443,1992,347,YAR,PIEFL,1,7,,6,,,,,,,,NE,,,,,,,,,,,05/06/1992,H462923,H462924,H462925,H462926,H462927,H462928,,,,,,,,,,,,,,,,,,,,,,,,,,,
2444,1992,348,YAR,BLUTI,1,,,9,,,22,,,,,NE,,,,,,,,,,,,,,,,,,,,,,,,,,,,,,,,,,,,,,,,,,,,
2445,1992,349,YAR,PIEFL,1,8,6,5,,,39,,,2,,NE,,,,,,,,,,,,,,,,,,,,,,,,,,,,,,,,,,,,,,,,,,,,
2446,1992,350,YAR,BLUTI,1,,,9,,,22,,,,,NE,,,,,,,,,,,,,,,,,,,,,,,,,,,,,,,,,,,,,,,,,,,,
2447,1992,351,YAR,PIEFL,1,,,7,,,,,,,,NE,,,,,,,,,,,05/06/1992,H462929,H462930,H462931,H462932,H462933,H462934,H462935,,,,,,,,,,,,,,,,,,,,,,,,,,
2448,1992,352,YAR,REDST,1,7,7,0,,,35,,,,,JP,,,,,,,,,,,,,,,,,,,,,,,,,,,,,,,,,,,,,,,,,,,,
2449,1992,353,YAR,BLUTI,1,,,9,,,24,,,,,NE,,,,,,,,,,,,,,,,,,,,,,,,,,,,,,,,,,,,,,,,,,,,
2450,1992,355,YAR,PIEFL,1,,,7,,,,,,,,NE,,,,,,,,,,,05/06/1992,H462936,H462937,H462938,H462939,H462940,H462941,H462942,,,,,,,,,,,,,,,,,,,,,,,,,,
2451,1992,GARDEN,YAR,PIEFL,1,,,,,,,,,,,OU,,,,,,,,,,,10/06/1992,H821038,H821039,H821040,H821041,H821042,H821043,H821044,,,,,,,,,,,,,,,,,,,,,,,,,,
2452,1992,HIDE1,YAR,PIEFL,1,,,7,,,41,,,,,NE,,,,,,,,,,,,,,,,,,,,,,,,,,,,,,,,,,,,,,,,,,,,
2453,1992,HIDE2,YAR,BLUTI,1,10,10,10,,,18,,,,,NE,,,,,,,,,,,,,,,,,,,,,,,,,,,,,,,,,,,,,,,,,,,,
2454,1992,HIDE7,YAR,PIEFL,1,6,6,6,,,,,,,,NE,,,,,,,,,,,,,,,,,,,,,,,,,,,,,,,,,,,,,,,,,,,,
2455,1992,HIDE8,YAR,GRETI,1,10,,8,,,28,,,,,NE,,,,,,,,,,,,,,,,,,,,,,,,,,,,,,,,,,,,,,,,,,,,
2456,1992,HIDE9,YAR,REDST,1,6,,0,,,,,,,,XP,,,,,,,,,,,,,,,,,,,,,,,,,,,,,,,,,,,,,,,,,,,,
2457,1993,1,BVW,PIEFL,1,8,,6,,,,,,,,NE,,,,,,,,,,,08/06/1993,H862451,H862452,H862453,H862454,H862455,H862456,H862457,,,,,,,,,,,,,,,,,,,,,,,,,,
2458,1993,2,BVW,PIEFL,1,,,7,,,,,,,,NE,,,,,,,,,,,03/06/1993,H862255,H862256,H862257,H862258,H862259,H862260,H862261,,,,,,,,,,,,,,,,,,,,,,,,,,
2459,1993,3,BVW,BLUTI,1,,,8,,,,,,,,NE,,,,,,,,,,,,,,,,,,,,,,,,,,,,,,,,,,,,,,,,,,,,
2460,1993,4,BVW,PIEFL,1,7,7,7,,,34,,,,,NE,,,,,,,,,,,03/06/1993,H862262,H862263,H862264,H862265,H862266,H862267,H862268,,,,,,,,,,,,,,,,,,,,,,,,,,
2461,1993,5,BVW,BLUTI,1,,,8,,,,,,,,NE,,,,,,,,,,,,,,,,,,,,,,,,,,,,,,,,,,,,,,,,,,,,
2462,1993,6,BVW,BLUTI,1,12,12,12,,,21,,,,,NE,,,,,,,,,,,,,,,,,,,,,,,,,,,,,,,,,,,,,,,,,,,,
2463,1993,7,BVW,BLUTI,1,11,,8,,,23,,,,,NE,,,,,,,,,,,,,,,,,,,,,,,,,,,,,,,,,,,,,,,,,,,,
2464,1993,8,BVW,BLUTI,1,,,0,,,17,,12,,,JD,,,,,,,,,,,,,,,,,,,,,,,,,,,,,,,,,,,,,,,,,,,,
2465,1993,9,BVW,BLUTI,1,11,,4,,,18,,,,,NE,,,,,,,,,,,,,,,,,,,,,,,,,,,,,,,,,,,,,,,,,,,,
2466,1993,10,BVW,GRETI,1,8,0,0,,,,,,,,EU,,,,,,,,,,,,,,,,,,,,,,,,,,,,,,,,,,,,,,,,,,,,
2467,1993,10,BVW,PIEFL,2,4,4,4,,,,,,,,NE,,,,,,,,,,,,,,,,,,,,,,,,,,,,,,,,,,,,,,,,,,,,
2468,1993,11,BVW,PIEFL,1,,0,0,,,,,1,,,EP,,,,,,,,,,,,,,,,,,,,,,,,,,,,,,,,,,,,,,,,,,,,
2469,1993,14,BVW,GRETI,1,,,7,,,22,,,,,NE,,,,,,,,,,,,,,,,,,,,,,,,,,,,,,,,,,,,,,,,,,,,
2470,1993,16,BVW,BLUTI,1,9,9,8,,,20,,,,,NE,,,,,,,,,,,,,,,,,,,,,,,,,,,,,,,,,,,,,,,,,,,,
2471,1993,16,BVW,PIEFL,1,,,,,,,,,,,OU,,,,,,,,,,,03/06/1993,H862269,H862270,H862271,H862272,H862273,H862274,,,,,,,,,,,,,,,,,,,,,,,,,,,
2472,1993,17,BVW,BLUTI,1,11,,10,,,15,,,,,NE,,,,,,,,,,,,,,,,,,,,,,,,,,,,,,,,,,,,,,,,,,,,
2473,1993,18,BVW,GRETI,1,,0,0,,,,,7,,,ED,,,,,,,,,,,,,,,,,,,,,,,,,,,,,,,,,,,,,,,,,,,,
2474,1993,19,BVW,PIEFL,1,,,6,,,33,,,,,NE,,,,,,,,,,,04/06/1993,H862302,H862303,H862304,H862305,H862306,H862307,,,,,,,,,,,,,,,,,,,,,,,,,,,
2475,1993,20,BVW,BLUTI,1,,,13,,,17,,,,,NE,,,,,,,,,,,,,,,,,,,,,,,,,,,,,,,,,,,,,,,,,,,,
2476,1993,21,BVW,PIEFL,1,,,8,,,31,,,,,NE,,,,,,,,,,,04/06/1993,H862308,H862309,H862310,H862311,H862312,H862313,H862314,H862315,,,,,,,,,,,,,,,,,,,,,,,,,
2477,1993,22,BVW,PIEFL,1,7,7,0,,,45,,,,,JP,,,,,,,,,,,,,,,,,,,,,,,,,,,,,,,,,,,,,,,,,,,,
2478,1993,24,BVW,PIEFL,1,8,8,8,,,33,,,,,NE,,,,,,,,,,,04/06/1993,H862316,H862317,H862318,H862319,H862320,H862321,H862322,H862323,,,,,,,,,,,,,,,,,,,,,,,,,
2479,1993,18A,BVW,BLUTI,1,,,0,,,21,,10,,,JD,,,,,,,,,,,,,,,,,,,,,,,,,,,,,,,,,,,,,,,,,,,,
2480,1993,1,NEA,BLUTI,1,11,0,0,,,20,,,,,ED,,,,,,,,,,,,,,,,,,,,,,,,,,,,,,,,,,,,,,,,,,,,
2481,1993,1,NEA,PIEFL,1,6,6,6,,,62,,,,,NE,,,,,,H862275,04/06/1993,04/06/1993,I,1,,,,,,,,,,,,,,,,,,,,,,,,,,,,,,,,,,
2482,1993,2,NEA,NUTHA,1,,,4,,,,,,,,NE,,,,,,,,,,,,,,,,,,,,,,,,,,,,,,,,,,,,,,,,,,,,
2483,1993,3,NEA,BLUTI,1,12,,4,,,,57,,,,NE,,,,,,,,,,,,,,,,,,,,,,,,,,,,,,,,,,,,,,,,,,,,
2484,1993,4,NEA,BLUTI,1,,,5,,,21,,,,,NE,,,,,,,,,,,,,,,,,,,,,,,,,,,,,,,,,,,,,,,,,,,,
2485,1993,5,NEA,PIEFL,1,7,7,7,,,42,,,,,NE,,,,,,,,,,,08/06/1993,H862458,H862459,H862460,H862461,H862462,H862463,H862464,,,,,,,,,,,,,,,,,,,,,,,,,,
2486,1993,6,NEA,BLUTI,1,11,10,0,,,25,,,1,,JD,,,,,,,,,,,,,,,,,,,,,,,,,,,,,,,,,,,,,,,,,,,,
2487,1993,7,NEA,BLUTI,1,,,10,,,23,,,,,NE,,,,,,,,,,,,,,,,,,,,,,,,,,,,,,,,,,,,,,,,,,,,
2488,1993,8,NEA,NUTHA,1,,,6,,,25,,,,,NE,,,,,,,,,,,,,,,,,,,,,,,,,,,,,,,,,,,,,,,,,,,,
2489,1993,9,NEA,PIEFL,1,9,9,0,,,34,,,,,JD,,,,,,,,,,,,,,,,,,,,,,,,,,,,,,,,,,,,,,,,,,,,
2490,1993,10,NEA,BLUTI,1,9,9,9,,,20,49,,,,NE,,,,,,,,,,,,,,,,,,,,,,,,,,,,,,,,,,,,,,,,,,,,
2491,1993,11,NEA,GRETI,1,,,7,,,23,,,,,NE,,,,,,,,,,,,,,,,,,,,,,,,,,,,,,,,,,,,,,,,,,,,
2492,1993,12,NEA,NUTHA,1,7,,1,,,18,,,1,,NE,,,,,,,,,,,,,,,,,,,,,,,,,,,,,,,,,,,,,,,,,,,,
2493,1993,13,NEA,PIEFL,1,6,,3,,,42,,,2,,NE,,,,,,,,,,,08/06/1993,H862465,H862466,H862467,,,,,,,,,,,,,,,,,,,,,,,,,,,,,,
2494,1993,13,NEA,BLUTI,1,,0,0,,,,,,,,ED,,,,,,,,,,,,,,,,,,,,,,,,,,,,,,,,,,,,,,,,,,,,
2495,1993,14,NEA,GRETI,1,,,7,,,27,,,,,NE,,,,,,,,,,,,,,,,,,,,,,,,,,,,,,,,,,,,,,,,,,,,
2496,1993,15,NEA,PIEFL,1,6,4,4,,,37,57,,,,NE,,,,,,,,,,,04/06/1993,H862276,H862277,H862278,H862279,,,,,,,,,,,,,,,,,,,,,,,,,,,,,
2497,1993,16,NEA,BLUTI,1,,,3,,,21,,,,,NE,,,,,,,,,,,,,,,,,,,,,,,,,,,,,,,,,,,,,,,,,,,,
2498,1993,17,NEA,GRETI,1,,,5,,,25,,,,,NE,,,,,,,,,,,,,,,,,,,,,,,,,,,,,,,,,,,,,,,,,,,,
2499,1993,19,NEA,PIEFL,1,8,8,8,,,33,,,,,NE,,,,,,,,,,,04/06/1993,H862280,H862281,H862282,H862283,H862284,H862285,H862286,H862287,,,,,,,,,,,,,,,,,,,,,,,,,
2500,1993,20,NEA,BLUTI,1,,,8,,,25,,,,,NE,,,,,,,,,,,,,,,,,,,,,,,,,,,,,,,,,,,,,,,,,,,,
2501,1993,101,YAR,BLUTI,1,12,12,12,,,22,,,,,NE,,,,,,,,,,,,,,,,,,,,,,,,,,,,,,,,,,,,,,,,,,,,
2502,1993,102,YAR,PIEFL,1,6,,5,,,,,,,,NE,,,,,,,,,,,,,,,,,,,,,,,,,,,,,,,,,,,,,,,,,,,,
2503,1993,104,YAR,BLUTI,1,11,,8,,,12,,,,,NE,,,,,,,,,,,,,,,,,,,,,,,,,,,,,,,,,,,,,,,,,,,,
2504,1993,105,YAR,BLUTI,1,,,9,,,16,,,,,NE,,,,,,,,,,,,,,,,,,,,,,,,,,,,,,,,,,,,,,,,,,,,
2505,1993,106,YAR,PIEFL,1,8,8,8,,,34,,,,,NE,,,,,,,,,,,02/06/1993,H821500,H862001,H862002,H862003,H862004,H862005,H862006,H862007,,,,,,,,,,,,,,,,,,,,,,,,,
2506,1993,107,YAR,BLUTI,1,10,,2,,,23,,,,,NE,,,,,,,,,,,,,,,,,,,,,,,,,,,,,,,,,,,,,,,,,,,,
2507,1993,108,YAR,BLUTI,1,10,,8,,,,,,,,NE,,,,,,,,,,,,,,,,,,,,,,,,,,,,,,,,,,,,,,,,,,,,
2508,1993,109,YAR,GRETI,1,8,,7,,,,,,,,NE,,,,,,,,,,,,,,,,,,,,,,,,,,,,,,,,,,,,,,,,,,,,
2509,1993,110,YAR,PIEFL,1,7,7,7,,,31,,,,,NE,,,,,,,,,,,02/06/1993,H862008,H862009,H862010,H862011,H862012,H862013,H862014,,,,,,,,,,,,,,,,,,,,,,,,,,
2510,1993,111,YAR,BLUTI,1,12,12,12,,,17,,,,,NE,,,,,,,,,,,,,,,,,,,,,,,,,,,,,,,,,,,,,,,,,,,,
2511,1993,112,YAR,PIEFL,1,8,,7,,,33,,,,,NE,,,,,,,,,,,02/06/1993,H862015,H862016,H862017,H862018,H862019,H862020,H862021,,,,,,,,,,,,,,,,,,,,,,,,,,
2512,1993,114,YAR,BLUTI,1,12,,11,,,15,,,,,NE,,,,,,,,,,,,,,,,,,,,,,,,,,,,,,,,,,,,,,,,,,,,
2513,1993,115,YAR,PIEFL,1,,,8,,,37,,,,,NE,,,,,,,,,,,02/06/1993,H862022,H862023,H862024,H862025,H862026,H862027,H862028,H862029,,,,,,,,,,,,,,,,,,,,,,,,,
2514,1993,118,YAR,GRETI,1,,,10,,,17,,,,,NE,,,,,,,,,,,,,,,,,,,,,,,,,,,,,,,,,,,,,,,,,,,,
2515,1993,119,YAR,NUTHA,1,8,8,8,,,,,,,,NE,,,,,,,,,,,,,,,,,,,,,,,,,,,,,,,,,,,,,,,,,,,,
2516,1993,122,YAR,BLUTI,1,,,0,,,18,,6,,,JD,,,,,,,,,,,,,,,,,,,,,,,,,,,,,,,,,,,,,,,,,,,,
2517,1993,124,YAR,BLUTI,1,10,,7,,,,,,,,NE,,,,,,,,,,,,,,,,,,,,,,,,,,,,,,,,,,,,,,,,,,,,
2518,1993,126,YAR,PIEFL,1,7,7,7,,,37,,,,,NE,,,,,,,,,,,08/06/1993,H862415,H862416,H862417,H862418,H862419,H862420,H862421,,,,,,,,,,,,,,,,,,,,,,,,,,
2519,1993,127,YAR,PIEFL,1,7,7,4,,,,,,,,NE,,,,,,H862030,02/06/1993,02/06/1993,I,1,,,,,,,,,,,,,,,,,,,,,,,,,,,,,,,,,,
2520,1993,128,YAR,PIEFL,1,,,8,,,30,,,,,NE,,,,,,,,,,,02/06/1993,H862031,H862032,H862033,H862034,H862035,H862036,H862037,H862038,,,,,,,,,,,,,,,,,,,,,,,,,
2521,1993,129,YAR,BLUTI,1,11,,9,,,15,,,,,NE,,,,,,,,,,,,,,,,,,,,,,,,,,,,,,,,,,,,,,,,,,,,
2522,1993,130,YAR,PIEFL,1,,0,0,,,,,,,,"ED,FD",,,,,,,,,,,,,,,,,,,,,,,,,,,,,,,,,,,,,,,,,,,,
2523,1993,130,YAR,PIEFL,1,8,8,8,,,47,,,,,NE,,,,,,H862039,02/06/1993,02/06/1993,I,1,,,,,,,,,,,,,,,,,,,,,,,,,,,,,,,,,,
2524,1993,132,YAR,PIEFL,1,8,6,6,,,36,,,2,,NE,,,,,,,,,,,02/06/1993,H862040,H862041,H862042,H862043,H862044,H862045,,,,,,,,,,,,,,,,,,,,,,,,,,,
2525,1993,201,YAR,PIEFL,1,6,6,6,,,42,,,,,NE,,,,,,,,,,,08/06/1993,H862422,H862423,H862424,H862425,H862426,H862427,,,,,,,,,,,,,,,,,,,,,,,,,,,
2526,1993,202,YAR,PIEFL,1,6,6,5,,,,49,,,,NE,,,,,,,,,,,02/06/1993,H862046,H862047,H862048,H862049,H862050,,,,,,,,,,,,,,,,,,,,,,,,,,,,
2527,1993,203,YAR,GRETI,1,,,0,,,,,,,,XP,,,,,,,,,,,,,,,,,,,,,,,,,,,,,,,,,,,,,,,,,,,,
2528,1993,205,YAR,PIEFL,1,8,,7,,,34,,,,,NE,,,,,,,,,,,02/06/1993,H862051,H862052,H862053,H862054,H862055,H862056,H862057,,,,,,,,,,,,,,,,,,,,,,,,,,
2529,1993,206,YAR,BLUTI,2,9,,0,,,54,,,,,JD,,,,,,,,,,,,,,,,,,,,,,,,,,,,,,,,,,,,,,,,,,,,
2530,1993,208,YAR,BLUTI,1,,,0,,,,,6,,,JD,,,,,,,,,,,,,,,,,,,,,,,,,,,,,,,,,,,,,,,,,,,,
2531,1993,210,YAR,PIEFL,1,5,,4,,,56,,,,,NE,,,,,,,,,,,,,,,,,,,,,,,,,,,,,,,,,,,,,,,,,,,,
2532,1993,211,YAR,PIEFL,1,,,7,,,,,,,,NE,,,,,,,,,,,02/06/1993,H862058,H862059,H862060,H862061,H862062,H862063,H862064,,,,,,,,,,,,,,,,,,,,,,,,,,
2533,1993,212,YAR,NUTHA,1,7,,6,,,20,,,,,NE,,,,,,,,,,,,,,,,,,,,,,,,,,,,,,,,,,,,,,,,,,,,
2534,1993,213,YAR,BLUTI,1,,,0,,,21,,11,,,JD,,,,,,,,,,,,,,,,,,,,,,,,,,,,,,,,,,,,,,,,,,,,
2535,1993,214,YAR,BLUTI,1,9,9,0,,,18,,,,,JD,,,,,,,,,,,,,,,,,,,,,,,,,,,,,,,,,,,,,,,,,,,,
2536,1993,215,YAR,PIEFL,1,8,7,7,,,43,63,,1,,NE,,,,,,,,,,,08/06/1993,H862428,H862429,H862430,H862431,H862432,H862433,,,,,,,,,,,,,,,,,,,,,,,,,,,
2537,1993,216,YAR,BLUTI,1,,,12,,,16,,,,,NE,,,,,,,,,,,,,,,,,,,,,,,,,,,,,,,,,,,,,,,,,,,,
2538,1993,217,YAR,GRETI,1,9,,3,,,,,,,,NE,,,,,,,,,,,,,,,,,,,,,,,,,,,,,,,,,,,,,,,,,,,,
2539,1993,218,YAR,PIEFL,1,8,8,8,,,36,,,,,NE,,,,,,,,,,,08/06/1993,H862434,H862435,H862436,H862437,H862438,H862439,H862440,H862441,,,,,,,,,,,,,,,,,,,,,,,,,
2540,1993,219,YAR,NUTHA,1,7,6,5,,,24,,,1,,NE,,,,,,,,,,,,,,,,,,,,,,,,,,,,,,,,,,,,,,,,,,,,
2541,1993,220,YAR,BLUTI,1,,,8,,,22,,,,,NE,,,,,,,,,,,,,,,,,,,,,,,,,,,,,,,,,,,,,,,,,,,,
2542,1993,221,YAR,BLUTI,1,,,11,,,18,,,,,NE,,,,,,,,,,,,,,,,,,,,,,,,,,,,,,,,,,,,,,,,,,,,
2543,1993,222,YAR,PIEFL,1,,,9,,,38,,,,,NE,,,,,,,,,,,08/06/1993,H862442,H862443,H862444,H862445,H862446,H862447,H862448,H862449,H862450,,,,,,,,,,,,,,,,,,,,,,,,
2544,1993,223,YAR,BLUTI,1,8,8,8,,,,,,,,NE,,,,,,,,,,,,,,,,,,,,,,,,,,,,,,,,,,,,,,,,,,,,
2545,1993,224,YAR,PIEFL,1,,,5,,,31,,,,,NE,,,,,,,,,,,02/06/1993,H862065,H862066,H862067,H862068,H862069,,,,,,,,,,,,,,,,,,,,,,,,,,,,
2546,1993,225,YAR,BLUTI,1,,,7,,,28,,,,,NE,,,,,,,,,,,,,,,,,,,,,,,,,,,,,,,,,,,,,,,,,,,,
2547,1993,226,YAR,PIEFL,1,8,7,7,,,31,,,1,,NE,,,,,,,,,,,02/06/1993,H862070,H862071,H862072,H862073,H862074,H862075,H862076,,,,,,,,,,,,,,,,,,,,,,,,,,
2548,1993,227,YAR,BLUTI,1,,7,0,,,,,9,,,JD,,,,,,,,,,,,,,,,,,,,,,,,,,,,,,,,,,,,,,,,,,,,
2549,1993,228,YAR,BLUTI,1,,,6,,,18,,,,,NE,,,,,,,,,,,,,,,,,,,,,,,,,,,,,,,,,,,,,,,,,,,,
2550,1993,229,YAR,PIEFL,1,,0,0,,,,,2,,,ED,,,,,,,,,,,,,,,,,,,,,,,,,,,,,,,,,,,,,,,,,,,,
2551,1993,229,YAR,BLUTI,1,,,0,,,,,9,,,JD,,,,,,,,,,,,,,,,,,,,,,,,,,,,,,,,,,,,,,,,,,,,
2552,1993,230,YAR,BLUTI,1,12,,0,,,17,,,,,XD,,,,,,,,,,,,,,,,,,,,,,,,,,,,,,,,,,,,,,,,,,,,
2553,1993,231,YAR,BLUTI,1,,,7,,,16,,9,,,NE,,,,,,,,,,,,,,,,,,,,,,,,,,,,,,,,,,,,,,,,,,,,
2554,1993,232,YAR,BLUTI,1,11,,0,,,,,,,,XO,,,,,,,,,,,,,,,,,,,,,,,,,,,,,,,,,,,,,,,,,,,,
2555,1993,233,YAR,PIEFL,1,9,9,9,,,33,,,,,NE,,,,,,,,,,,02/06/1993,H862077,H862078,H862079,H862080,H862081,H862082,H862083,H862084,H862085,,,,,,,,,,,,,,,,,,,,,,,,
2556,1993,234,YAR,PIEFL,1,7,7,7,,,,56,,,,NE,,,,,,,,,,,02/06/1993,H862086,H862087,H862088,H862089,H862090,H862091,H862092,,,,,,,,,,,,,,,,,,,,,,,,,,
2557,1993,235,YAR,PIEFL,2,5,0,0,,,,,,,,ED,,,,,,,,,,,,,,,,,,,,,,,,,,,,,,,,,,,,,,,,,,,,
2558,1993,235,YAR,BLUTI,1,,,4,,,,,,,,NE,,,,,,,,,,,,,,,,,,,,,,,,,,,,,,,,,,,,,,,,,,,,
2559,1993,236,YAR,GRETI,1,10,,8,,,19,,,,,NE,,,,,,,,,,,,,,,,,,,,,,,,,,,,,,,,,,,,,,,,,,,,
2560,1993,237,YAR,BLUTI,1,9,8,0,,,19,,,,,JD,,,,,,,,,,,,,,,,,,,,,,,,,,,,,,,,,,,,,,,,,,,,
2561,1993,238,YAR,PIEFL,1,5,4,4,,,34,,,,,NE,,,,,,,,,,,02/06/1993,H862093,H862094,H862095,H862096,,,,,,,,,,,,,,,,,,,,,,,,,,,,,
2562,1993,239,YAR,PIEFL,1,7,7,7,,,34,,,,,NE,,,,,,,,,,,02/06/1993,H862097,H862098,H862099,H862100,H862101,H862102,H862103,,,,,,,,,,,,,,,,,,,,,,,,,,
2563,1993,240,YAR,BLUTI,1,,,3,,,,,,,,NE,,,,,,,,,,,,,,,,,,,,,,,,,,,,,,,,,,,,,,,,,,,,
2564,1993,241,YAR,PIEFL,1,8,,7,,,33,,,,,NE,,,,,,,,,,,02/06/1993,H862104,H862105,H862106,H862107,H862108,H862109,H862110,H862111,,,,,,,,,,,,,,,,,,,,,,,,,
2565,1993,242,YAR,BLUTI,1,11,,0,,,17,,,,,JD,,,,,,,,,,,,,,,,,,,,,,,,,,,,,,,,,,,,,,,,,,,,
2566,1993,243,YAR,BLUTI,1,8,8,6,,,21,42,,,,NE,,,,,,,,,,,,,,,,,,,,,,,,,,,,,,,,,,,,,,,,,,,,
2567,1993,244,YAR,BLUTI,1,,,9,,,,,,,,NE,,,,,,,,,,,,,,,,,,,,,,,,,,,,,,,,,,,,,,,,,,,,
2568,1993,246,YAR,PIEFL,1,8,8,8,,,33,,,,,NE,,,,,,,,,,,02/06/1993,H862112,H862113,H862114,H862115,H862116,H862117,H862118,H862119,,,,,,,,,,,,,,,,,,,,,,,,,
2569,1993,247,YAR,BLUTI,1,10,10,10,,,21,,,,,NE,,,,,,,,,,,,,,,,,,,,,,,,,,,,,,,,,,,,,,,,,,,,
2570,1993,248,YAR,BLUTI,1,12,,0,,,13,,,,,JD,,,,,,,,,,,,,,,,,,,,,,,,,,,,,,,,,,,,,,,,,,,,
2571,1993,248,YAR,BLUTI,2,,,0,,,55,,,,,JD,,,,,,,,,,,,,,,,,,,,,,,,,,,,,,,,,,,,,,,,,,,,
2572,1993,250,YAR,PIEFL,1,6,6,6,,,,,,,,NE,,,,,,,,,,,02/06/1993,H862120,H862121,H862122,H862123,H862124,H862125,,,,,,,,,,,,,,,,,,,,,,,,,,,
2573,1993,301,YAR,PIEFL,1,7,,5,,,,,,,,NE,,,,,,H862153,03/06/1993,03/06/1993,I,1,,,,,,,,,,,,,,,,,,,,,,,,,,,,,,,,,,
2574,1993,302,YAR,BLUTI,1,12,,9,,,18,,,,,NE,,,,,,,,,,,,,,,,,,,,,,,,,,,,,,,,,,,,,,,,,,,,
2575,1993,303,YAR,PIEFL,1,7,7,7,,,41,,,,,NE,,,,,,,,,,,,,,,,,,,,,,,,,,,,,,,,,,,,,,,,,,,,
2576,1993,305,YAR,PIEFL,1,8,7,7,,,,56,,,,NE,,,,,,,,,,,03/06/1993,H862154,H862155,H862156,H862157,H862158,H862159,H862160,,,,,,,,,,,,,,,,,,,,,,,,,,
2577,1993,306,YAR,BLUTI,1,,,11,,,12,,,,,NE,,,,,,,,,,,,,,,,,,,,,,,,,,,,,,,,,,,,,,,,,,,,
2578,1993,307,YAR,PIEFL,1,6,6,6,,,,,,,,NE,,,,,,,,,,,03/06/1993,H862161,H862162,H862163,H862164,H862165,H862166,,,,,,,,,,,,,,,,,,,,,,,,,,,
2579,1993,308,YAR,PIEFL,1,8,,6,,,33,,,,,NE,,,,,,,,,,,03/06/1993,H862167,H862168,H862169,H862170,H862171,H862172,,,,,,,,,,,,,,,,,,,,,,,,,,,
2580,1993,310,YAR,PIEFL,1,8,6,6,,,,56,,2,,NE,,,,,,,,,,,03/06/1993,H862173,H862174,H862175,H862176,H862177,H862178,,,,,,,,,,,,,,,,,,,,,,,,,,,
2581,1993,315,YAR,PIEFL,1,7,6,6,,,38,56,,1,,NE,,,,,,,,,,,03/06/1993,H862180,H862181,H862182,H862183,H862184,H862185,,,,,,,,,,,,,,,,,,,,,,,,,,,
2582,1993,316,YAR,BLUTI,1,10,10,10,,,16,,,,,NE,,,,,,,,,,,,,,,,,,,,,,,,,,,,,,,,,,,,,,,,,,,,
2583,1993,317,YAR,PIEFL,1,8,8,8,,,31,,,,,NE,,,,,,,,,,,03/06/1993,H862186,H862187,H862188,H862189,H862190,H862191,H862192,H862193,,,,,,,,,,,,,,,,,,,,,,,,,
2584,1993,318,YAR,BLUTI,1,8,7,6,,,34,,,,,NE,,,,,,,,,,,,,,,,,,,,,,,,,,,,,,,,,,,,,,,,,,,,
2585,1993,319,YAR,PIEFL,1,,,6,,,,,7,1,,NE,,,,,,,,,,,03/06/1993,H862194,H862195,H862196,H862197,H862198,H862199,,,,,,,,,,,,,,,,,,,,,,,,,,,
2586,1993,320,YAR,BLUTI,1,10,9,0,,,,34,,,,JD,,,,,,,,,,,,,,,,,,,,,,,,,,,,,,,,,,,,,,,,,,,,
2587,1993,321,YAR,BLUTI,1,9,,8,,,22,,,,,NE,,,,,,,,,,,,,,,,,,,,,,,,,,,,,,,,,,,,,,,,,,,,
2588,1993,322,YAR,BLUTI,1,,,11,,,16,,,,,NE,,,,,,,,,,,,,,,,,,,,,,,,,,,,,,,,,,,,,,,,,,,,
2589,1993,323,YAR,NUTHA,1,7,7,7,,,18,,,,,NE,,,,,,,,,,,,,,,,,,,,,,,,,,,,,,,,,,,,,,,,,,,,
2590,1993,324,YAR,BLUTI,1,11,0,0,,,19,,,,,"ED,FD",,,,,,,,,,,,,,,,,,,,,,,,,,,,,,,,,,,,,,,,,,,,
2591,1993,325,YAR,BLUTI,1,,,8,,,,,,,,NE,,,,,,,,,,,,,,,,,,,,,,,,,,,,,,,,,,,,,,,,,,,,
2592,1993,326,YAR,PIEFL,1,8,7,7,,,,56,,1,,NE,,,,,,,,,,,03/06/1993,H862200,H862201,H862202,H862203,H862204,H862205,H862206,,,,,,,,,,,,,,,,,,,,,,,,,,
2593,1993,327,YAR,PIEFL,1,8,8,8,,,33,,,,,NE,,,,,,,,,,,03/06/1993,H862207,H862208,H862209,H862210,H862211,H862212,H862213,H862214,,,,,,,,,,,,,,,,,,,,,,,,,
2594,1993,328,YAR,BLUTI,1,8,,7,,,21,43,,,,NE,,,,,,,,,,,,,,,,,,,,,,,,,,,,,,,,,,,,,,,,,,,,
2595,1993,329,YAR,GRETI,1,11,,8,,,18,,,,,NE,,,,,,,,,,,,,,,,,,,,,,,,,,,,,,,,,,,,,,,,,,,,
2596,1993,330,YAR,BLUTI,1,12,,9,,,13,,,,,NE,,,,,,,,,,,,,,,,,,,,,,,,,,,,,,,,,,,,,,,,,,,,
2597,1993,330,YAR,PIEFL,2,,,3,,,64,,,,,NE,,,,,,H821126,08/06/1993,11/06/1992,I,1,,,,,,,,,,,,,,,,,,,,,,,,,,,,,,,,,,
2598,1993,331,YAR,PIEFL,1,8,0,0,,,32,,,,,ED,,,,,,,,,,,,,,,,,,,,,,,,,,,,,,,,,,,,,,,,,,,,
2599,1993,332,YAR,BLUTI,1,,,10,,,17,,,,,NE,,,,,,,,,,,,,,,,,,,,,,,,,,,,,,,,,,,,,,,,,,,,
2600,1993,333,YAR,GRETI,1,7,0,0,,,21,,,,,ED,,,,,,,,,,,,,,,,,,,,,,,,,,,,,,,,,,,,,,,,,,,,
2601,1993,334,YAR,REDST,1,7,7,7,,,28,49,,,,NE,,,,,,,,,,,,,,,,,,,,,,,,,,,,,,,,,,,,,,,,,,,,
2602,1993,335,YAR,PIEFL,1,6,4,4,,,48,,,,,NE,,,,,,,,,,,,,,,,,,,,,,,,,,,,,,,,,,,,,,,,,,,,
2603,1993,335,YAR,BLUTI,1,,,0,,,,,14,,,JD,,,,,,,,,,,,,,,,,,,,,,,,,,,,,,,,,,,,,,,,,,,,
2604,1993,336,YAR,BLUTI,1,,,12,,,15,,,,,NE,,,,,,,,,,,,,,,,,,,,,,,,,,,,,,,,,,,,,,,,,,,,
2605,1993,337,YAR,NUTHA,1,7,,1,,,,,,,,NE,,,,,,,,,,,,,,,,,,,,,,,,,,,,,,,,,,,,,,,,,,,,
2606,1993,338,YAR,PIEFL,1,7,,3,,,,,,,,NE,,,,,,,,,,,03/06/1993,H862215,H862216,H862217,H862218,H862219,H862220,,,,,,,,,,,,,,,,,,,,,,,,,,,
2607,1993,339,YAR,BLUTI,1,12,12,12,,,16,,,,,NE,,,,,,,,,,,,,,,,,,,,,,,,,,,,,,,,,,,,,,,,,,,,
2608,1993,340,YAR,PIEFL,1,,,8,,,,,,,,NE,,,,,,,,,,,03/06/1993,H862221,H862222,H862223,H862224,H862225,H862226,H862227,H862228,,,,,,,,,,,,,,,,,,,,,,,,,
2609,1993,341,YAR,PIEFL,1,,,5,,,31,,,,,NE,,,,,,,,,,,03/06/1993,H862229,H862230,H862231,H862232,H862233,,,,,,,,,,,,,,,,,,,,,,,,,,,,
2610,1993,342,YAR,PIEFL,1,7,7,2,,,48,,,,,NE,,,,,,,,,,,,,,,,,,,,,,,,,,,,,,,,,,,,,,,,,,,,
2611,1993,343,YAR,BLUTI,1,9,9,9,,,18,,,,,NE,,,,,,,,,,,,,,,,,,,,,,,,,,,,,,,,,,,,,,,,,,,,
2612,1993,344,YAR,PIEFL,1,,,7,,,38,,,,,NE,,,,,,,,,,,03/06/1993,H862234,H862235,H862236,H862237,H862238,H862239,H862240,,,,,,,,,,,,,,,,,,,,,,,,,,
2613,1993,345,YAR,GRETI,1,8,8,8,,,21,,,,,NE,,,,,,,,,,,,,,,,,,,,,,,,,,,,,,,,,,,,,,,,,,,,
2614,1993,346,YAR,BLUTI,1,10,,9,,,14,,,,,NE,,,,,,,,,,,,,,,,,,,,,,,,,,,,,,,,,,,,,,,,,,,,
2615,1993,347,YAR,PIEFL,1,,,8,,,32,,,,,NE,,,,,,,,,,,,,,,,,,,,,,,,,,,,,,,,,,,,,,,,,,,,
2616,1993,348,YAR,NUTHA,1,6,,5,,,25,,,,,NE,,,,,,,,,,,,,,,,,,,,,,,,,,,,,,,,,,,,,,,,,,,,
2617,1993,349,YAR,BLUTI,1,,,11,,,,,,,,NE,,,,,,,,,,,,,,,,,,,,,,,,,,,,,,,,,,,,,,,,,,,,
2618,1993,350,YAR,GRETI,1,8,8,0,,,,34,,,,JD,,,,,,,,,,,,,,,,,,,,,,,,,,,,,,,,,,,,,,,,,,,,
2619,1993,351,YAR,PIEFL,1,7,7,6,,,31,,,,,NE,,,,,,,,,,,,,,,,,,,,,,,,,,,,,,,,,,,,,,,,,,,,
2620,1993,353,YAR,BLUTI,1,12,,9,,,13,,,,,NE,,,,,,,,,,,,,,,,,,,,,,,,,,,,,,,,,,,,,,,,,,,,
2621,1993,355,YAR,PIEFL,1,7,6,6,,,,,7,1,,NE,,,,,,,,,,,03/06/1993,H862241,H862242,H862243,H862244,H862245,H862246,,,,,,,,,,,,,,,,,,,,,,,,,,,
2622,1993,311B,YAR,BLUTI,1,,,0,,,,,8,,,OU,,,,,,,,,,,,,,,,,,,,,,,,,,,,,,,,,,,,,,,,,,,,
2623,1993,311B,YAR,PIEFL,1,6,6,5,,,,,,,,NE,,,,,,H862179,03/06/1993,03/06/1993,I,1,,,,,,,,,,,,,,,,,,,,,,,,,,,,,,,,,,
2624,1993,HIDE1,YAR,NUTHA,1,6,6,6,,,,,,,,NE,,,,,,,,,,,,,,,,,,,,,,,,,,,,,,,,,,,,,,,,,,,,
2625,1993,HIDE11,YAR,BLUTI,1,10,10,10,,,15,,,,,NE,,,,,,,,,,,,,,,,,,,,,,,,,,,,,,,,,,,,,,,,,,,,
2626,1993,HIDE2,YAR,BLUTI,1,,,7,,,,,,,,NE,,,,,,,,,,,,,,,,,,,,,,,,,,,,,,,,,,,,,,,,,,,,
2627,1993,HIDE5,YAR,BLUTI,1,,,,,,,,,,,OU,,,,,,,,,,,,,,,,,,,,,,,,,,,,,,,,,,,,,,,,,,,,
2628,1993,HIDE7,YAR,PIEFL,1,,,8,,,,,,,,NE,,,,,,,,,,,03/06/1993,H862247,H862248,H862249,H862250,H862251,H862252,H862253,H862254,,,,,,,,,,,,,,,,,,,,,,,,,
2629,1993,HIDE8,YAR,GRETI,1,,,8,,,24,,,,,NE,,,,,,,,,,,,,,,,,,,,,,,,,,,,,,,,,,,,,,,,,,,,
2630,1994,1,BVW,PIEFL,1,7,7,5,,,,,,,,NE,,,,,,,,,,,10/06/1994,J314421,J314422,J314423,J314424,J314425,J314426,J314427,,,,,,,,,,,,,,,,,,,,,,,,,,
2631,1994,2,BVW,PIEFL,1,6,6,6,,,,,,,,NE,,,,,,,,,,,10/06/1994,J314428,J314429,J314430,J314431,J314432,J314433,,,,,,,,,,,,,,,,,,,,,,,,,,,
2632,1994,3,BVW,PIEFL,1,7,6,6,,,,,,1,,NE,,,,,,,,,,,10/06/1994,J314434,J314435,J314436,J314437,J314438,J314439,,,,,,,,,,,,,,,,,,,,,,,,,,,
2633,1994,4,BVW,PIEFL,1,,,6,,,44,,7,,,NE,,,,,,,,,,,10/06/1994,J314440,J314441,J314442,J314443,J314444,J314445,J314446,,,,,,,,,,,,,,,,,,,,,,,,,,
2634,1994,5,BVW,BLUTI,1,9,,6,,,33,57,,,,NE,,,,,,,,,,,,,,,,,,,,,,,,,,,,,,,,,,,,,,,,,,,,
2635,1994,6,BVW,BLUTI,1,,0,0,,,34,,6?,,,ED,,,,,,,,,,,,,,,,,,,,,,,,,,,,,,,,,,,,,,,,,,,,
2636,1994,7,BVW,BLUTI,1,8,8,8,,,34,,,,,NE,,,,,,,,,,,,,,,,,,,,,,,,,,,,,,,,,,,,,,,,,,,,
2637,1994,8,BVW,BLUTI,1,6,5,5,,,35,,,1,,NE,,,,,,,,,,,,,,,,,,,,,,,,,,,,,,,,,,,,,,,,,,,,
2638,1994,9,BVW,BLUTI,1,,,5,,,,,,,,NE,,,,,,,,,,,,,,,,,,,,,,,,,,,,,,,,,,,,,,,,,,,,
2639,1994,10,BVW,BLUTI,1,6,6,5,,,34,,,,,NE,,,,,,,,,,,,,,,,,,,,,,,,,,,,,,,,,,,,,,,,,,,,
2640,1994,11,BVW,PIEFL,1,7,7,5,,,,,,,,NE,,,,,,,,,,,10/06/1994,J314447,J314448,J314449,J314450,J314451,,,,,,,,,,,,,,,,,,,,,,,,,,,,
2641,1994,12,BVW,BLUTI,1,,,8,,,42,,,,,NE,,,,,,,,,,,,,,,,,,,,,,,,,,,,,,,,,,,,,,,,,,,,
2642,1994,13,BVW,BLUTI,1,7,0,0,,,33,,,,,EP,,,,,,,,,,,,,,,,,,,,,,,,,,,,,,,,,,,,,,,,,,,,
2643,1994,15,BVW,BLUTI,1,,,8,,,32,,9,,,NE,,,,,,,,,,,,,,,,,,,,,,,,,,,,,,,,,,,,,,,,,,,,
2644,1994,16,BVW,BLUTI,1,,0,0,,,,,2,,,ED,,,,,,,,,,,,,,,,,,,,,,,,,,,,,,,,,,,,,,,,,,,,
2645,1994,17,BVW,NUTHA,1,,0,0,,,,,,,,ED,,,,,,,,,,,,,,,,,,,,,,,,,,,,,,,,,,,,,,,,,,,,
2646,1994,18,BVW,PIEFL,1,,,6,,,,,8,,,NE,,,,,,,,,,,10/06/1994,J314452,J314453,J314454,J314455,J314456,J314457,,,,,,,,,,,,,,,,,,,,,,,,,,,
2647,1994,19,BVW,BLUTI,1,,,6,,,36,,7,1,,NE,,,,,,,,,,,,,,,,,,,,,,,,,,,,,,,,,,,,,,,,,,,,
2648,1994,21,BVW,PIEFL,1,7,,4,,,,,,,,NE,,,,,,,,,,,10/06/1994,J314458,J314459,J314460,J314461,,,,,,,,,,,,,,,,,,,,,,,,,,,,,
2649,1994,22,BVW,BLUTI,1,,,9,,,25,,,,,NE,,,,,,,,,,,,,,,,,,,,,,,,,,,,,,,,,,,,,,,,,,,,
2650,1994,23,BVW,PIEFL,1,7,,0,,,,,,,,JD,,,,,,,,,,,,,,,,,,,,,,,,,,,,,,,,,,,,,,,,,,,,
2651,1994,24,BVW,NUTHA,1,6,0,0,,,,,,,,XD,,,,,,,,,,,,,,,,,,,,,,,,,,,,,,,,,,,,,,,,,,,,
2652,1994,24,BVW,PIEFL,2,,,,,,,,3,,,OU,,,,,,,,,,,,,,,,,,,,,,,,,,,,,,,,,,,,,,,,,,,,
2653,1994,18A,BVW,BLUTI,1,,,7,,,,57,,,,NE,,,,,,,,,,,,,,,,,,,,,,,,,,,,,,,,,,,,,,,,,,,,
2654,1994,1,NEA,PIEFL,1,7,7,7,,,,,,,,NE,,,,,,,,,,,10/06/1994,J314462,J314463,J314464,J314465,J314466,J314467,J314468,,,,,,,,,,,,,,,,,,,,,,,,,,
2655,1994,2,NEA,NUTHA,1,7,,5,,,35,,,,,NE,,,,,,,,,,,,,,,,,,,,,,,,,,,,,,,,,,,,,,,,,,,,
2656,1994,3,NEA,BLUTI,1,,,6,,,,,,,,NE,,,,,,,,,,,,,,,,,,,,,,,,,,,,,,,,,,,,,,,,,,,,
2657,1994,5,NEA,BLUTI,1,,,6,,,,,,,,NE,,,,,,,,,,,,,,,,,,,,,,,,,,,,,,,,,,,,,,,,,,,,
2658,1994,6,NEA,BLUTI,1,9,8,8,,,33,,,,,NE,,,,,,,,,,,,,,,,,,,,,,,,,,,,,,,,,,,,,,,,,,,,
2659,1994,7,NEA,PIEFL,1,,,6,,,,,7,,,NE,,,,,,,,,,,10/06/1994,J314469,J314470,J314471,J314472,J314473,J314474,,,,,,,,,,,,,,,,,,,,,,,,,,,
2660,1994,8,NEA,NUTHA,1,7,6,6,,,31,,,,,NE,,,,,,,,,,,,,,,,,,,,,,,,,,,,,,,,,,,,,,,,,,,,
2661,1994,9,NEA,BLUTI,2,8,,2,,,43,,,,,NE,,,,,,,,,,,,,,,,,,,,,,,,,,,,,,,,,,,,,,,,,,,,
2662,1994,10,NEA,PIEFL,1,6,0,0,,,,,,,,ED,,,,,,,,,,,,,,,,,,,,,,,,,,,,,,,,,,,,,,,,,,,,
2663,1994,11,NEA,BLUTI,1,7,,4,,,36,,,,,NE,,,,,,,,,,,,,,,,,,,,,,,,,,,,,,,,,,,,,,,,,,,,
2664,1994,12,NEA,GRETI,1,,,5,,,,,,,,NE,,,,,,,,,,,,,,,,,,,,,,,,,,,,,,,,,,,,,,,,,,,,
2665,1994,13,NEA,PIEFL,1,6,6,6,,,,,,,,NE,,,,,,,,,,,10/06/1994,J314475,J314476,J314477,J314478,J314479,J314480,,,,,,,,,,,,,,,,,,,,,,,,,,,
2666,1994,14,NEA,BLUTI,1,8,,4,,,36,,,,,NE,,,,,,,,,,,,,,,,,,,,,,,,,,,,,,,,,,,,,,,,,,,,
2667,1994,15,NEA,GRETI,1,,,6,,,,56,,,,NE,,,,,,,,,,,,,,,,,,,,,,,,,,,,,,,,,,,,,,,,,,,,
2668,1994,16,NEA,PIEFL,1,5,5,1,,,54,,,,,NE,,,,,,,,,,,,,,,,,,,,,,,,,,,,,,,,,,,,,,,,,,,,
2669,1994,18,NEA,GRETI,1,,,6,,,46,,,,,NE,,,,,,,,,,,,,,,,,,,,,,,,,,,,,,,,,,,,,,,,,,,,
2670,1994,19,NEA,PIEFL,1,7,5,0,,,,,,,,JD,,,,,,,,,,,,,,,,,,,,,,,,,,,,,,,,,,,,,,,,,,,,
2671,1994,20,NEA,BLUTI,1,8,8,8,,,35,,,,,NE,,,,,,,,,,,,,,,,,,,,,,,,,,,,,,,,,,,,,,,,,,,,
2672,1994,101,YAR,BLUTI,1,8,8,6,,,26,,,,,NE,,,,,,,,,,,,,,,,,,,,,,,,,,,,,,,,,,,,,,,,,,,,
2673,1994,103,YAR,PIEFL,1,,,5,,,37,,7,,,NE,,,,,,,,,,,08/06/1994,J314231,J314232,J314233,J314234,J314235,,,,,,,,,,,,,,,,,,,,,,,,,,,,
2674,1994,104,YAR,BLUTI,1,,,13,,,19,,,,,NE,,,,,,,,,,,,,,,,,,,,,,,,,,,,,,,,,,,,,,,,,,,,
2675,1994,106,YAR,PIEFL,1,8,8,0,,,38,,8,,,JD,,,,,,,,,,,08/06/1994,J314236,J314237,J314238,J314239,J314240,J314241,J314242,J314243,,,,,,,,,,,,,,,,,,,,,,,,,
2676,1994,107,YAR,BLUTI,1,,,8,,,20,,,,,NE,,,,,,,,,,,,,,,,,,,,,,,,,,,,,,,,,,,,,,,,,,,,
2677,1994,108,YAR,PIEFL,1,6,6,6,,,35,55,,,,NE,,,,,,,,,,,01/06/1994,J314038,J314039,J314040,J314041,J314042,J314043,,,,,,,,,,,,,,,,,,,,,,,,,,,
2678,1994,109,YAR,NUTHA,1,7,,1,,,,,,,,NE,,,,,,,,,,,,,,,,,,,,,,,,,,,,,,,,,,,,,,,,,,,,
2679,1994,110,YAR,BLUTI,1,11,,10,,,23,,,,,NE,,,,,,,,,,,,,,,,,,,,,,,,,,,,,,,,,,,,,,,,,,,,
2680,1994,111,YAR,BLUTI,1,13,,11,,,22,,,,,NE,,,,,,,,,,,,,,,,,,,,,,,,,,,,,,,,,,,,,,,,,,,,
2681,1994,113,YAR,PIEFL,1,7,4,4,,,44,,,,,NE,,,,,,J314044,01/06/1994,01/06/1994,I,1,15/06/1994,J314491,J314492,J314493,J314494,,,,,,,,,,,,,,,,,,,,,,,,,,,,,
2682,1994,114,YAR,BLUTI,1,9,,7,,,23,,,,,NE,,,,,,,,,,,,,,,,,,,,,,,,,,,,,,,,,,,,,,,,,,,,
2683,1994,115,YAR,PIEFL,1,7,7,0,,,41,62,,,,JD,,,,,,,,,,,08/06/1994,J314244,J314245,J314246,J314247,J314248,J314249,J314250,,,,,,,,,,,,,,,,,,,,,,,,,,
2684,1994,116,YAR,PIEFL,1,6,,3,,,48,,,,,NE,,,,,,,,,,,15/06/1994,J314495,J314496,J314497,,,,,,,,,,,,,,,,,,,,,,,,,,,,,,
2685,1994,117,YAR,BLUTI,1,10,,7,,,27,55,,,,NE,,,,,,,,,,,,,,,,,,,,,,,,,,,,,,,,,,,,,,,,,,,,
2686,1994,118,YAR,GRETI,1,10,0,0,,,27,,,,,ED,,,,,,,,,,,,,,,,,,,,,,,,,,,,,,,,,,,,,,,,,,,,
2687,1994,119,YAR,NUTHA,1,8,0,0,,,27,,,,,ED,,,,,,,,,,,,,,,,,,,,,,,,,,,,,,,,,,,,,,,,,,,,
2688,1994,122,YAR,BLUTI,1,11,,5,,,,,,,,NE,,,,,,,,,,,,,,,,,,,,,,,,,,,,,,,,,,,,,,,,,,,,
2689,1994,124,YAR,PIEFL,1,6,6,6,,,39,,,,,NE,,,,,,,,,,,08/06/1994,J314251,J314252,J314253,J314254,J314255,J314256,,,,,,,,,,,,,,,,,,,,,,,,,,,
2690,1994,125,YAR,PIEFL,1,5,0,0,,,,,,,,ED,,,,,,,,,,,,,,,,,,,,,,,,,,,,,,,,,,,,,,,,,,,,
2691,1994,127,YAR,BLUTI,1,,,6,,,,,,,,NE,,,,,,,,,,,,,,,,,,,,,,,,,,,,,,,,,,,,,,,,,,,,
2692,1994,128,YAR,PIEFL,1,8,7,7,,,,,,,,NE,,,,,,,,,,,01/06/1994,J314045,J314046,J314047,J314048,J314049,J314050,J314051,,,,,,,,,,,,,,,,,,,,,,,,,,
2693,1994,129,YAR,PIEFL,1,7,7,7,,,35,,,,,NE,,,,,,,,,,,07/06/1994,J314217,J314218,J314219,J314220,J314221,J314222,J314223,,,,,,,,,,,,,,,,,,,,,,,,,,
2694,1994,130,YAR,BLUTI,1,,,10,,,19,,11,,,NE,,,,,,,,,,,,,,,,,,,,,,,,,,,,,,,,,,,,,,,,,,,,
2695,1994,131,YAR,PIEFL,1,,,1,,,40,,7,,,NE,H862048,07/06/1994,02/06/1993,R,1,J314052,01/06/1994,01/06/1994,I,1,08/06/1994,J314257,J314258,J314259,J314260,J314261,,,,,,,,,,,,,,,,,,,,,,,,,,,,
2696,1994,132,YAR,BLUTI,1,,,10,,,,,,,,NE,,,,,,,,,,,,,,,,,,,,,,,,,,,,,,,,,,,,,,,,,,,,
2697,1994,201,YAR,PIEFL,1,6,6,6,,,40,,,,,NE,,,,,,,,,,,08/06/1994,J314262,J314263,J314264,J314265,J314266,J314267,,,,,,,,,,,,,,,,,,,,,,,,,,,
2698,1994,202,YAR,BLUTI,1,,,5,,,,,7,,,NE,,,,,,,,,,,,,,,,,,,,,,,,,,,,,,,,,,,,,,,,,,,,
2699,1994,203,YAR,PIEFL,1,5,4,3,,,,,,1,,NE,,,,,,,,,,,15/06/1994,J314498,J314499,J314500,,,,,,,,,,,,,,,,,,,,,,,,,,,,,,
2700,1994,205,YAR,PIEFL,1,6,6,5,,,41,62,,,,NE,,,,,,,,,,,08/06/1994,J314268,J314269,J314270,J314271,J314272,J314273,,,,,,,,,,,,,,,,,,,,,,,,,,,
2701,1994,206,YAR,NUTHA,1,9,0,0,,,28,,,,,ED,,,,,,,,,,,,,,,,,,,,,,,,,,,,,,,,,,,,,,,,,,,,
2702,1994,208,YAR,PIEFL,1,7,7,0,,,41,62,,,,JD,,,,,,J314053,01/06/1994,01/06/1994,I,1,08/06/1994,J314274,J314275,J314276,J314277,J314278,J314279,J314280,,,,,,,,,,,,,,,,,,,,,,,,,,
2703,1994,211,YAR,PIEFL,1,6,6,6,,,,,,,,NE,,,,,,,,,,,15/06/1994,J314501,J314502,J314503,J314504,J314505,J314506,,,,,,,,,,,,,,,,,,,,,,,,,,,
2704,1994,213,YAR,BLUTI,1,13,0,0,,,25,,,,,ED,,,,,,,,,,,,,,,,,,,,,,,,,,,,,,,,,,,,,,,,,,,,
2705,1994,214,YAR,PIEFL,1,5,5,5,,,35,,,,,NE,,,,,,,,,,,01/06/1994,J314054,J314055,J314056,J314057,J314058,,,,,,,,,,,,,,,,,,,,,,,,,,,,
2706,1994,215,YAR,BLUTI,1,,,7,,,25,,,,,NE,,,,,,,,,,,,,,,,,,,,,,,,,,,,,,,,,,,,,,,,,,,,
2707,1994,216,YAR,BLUTI,1,,,0,,,25,,8,,,JD,,,,,,,,,,,,,,,,,,,,,,,,,,,,,,,,,,,,,,,,,,,,
2708,1994,217,YAR,GRETI,1,9,8,0,,,23,,,1,,JD,,,,,,,,,,,,,,,,,,,,,,,,,,,,,,,,,,,,,,,,,,,,
2709,1994,218,YAR,PIEFL,1,8,8,8,,,40,,,,,NE,,,,,,,,,,,15/06/1994,J314507,J314508,J314509,J314510,J314511,J314512,J314513,J314514,,,,,,,,,,,,,,,,,,,,,,,,,
2710,1994,219,YAR,BLUTI,1,11,,10,,,26,,,,,NE,,,,,,,,,,,,,,,,,,,,,,,,,,,,,,,,,,,,,,,,,,,,
2711,1994,220,YAR,PIEFL,1,,6,0,,,40,,,,,JD,,,,,,,,,,,,,,,,,,,,,,,,,,,,,,,,,,,,,,,,,,,,
2712,1994,221,YAR,NUTHA,1,8,,2,,,27,,,,,NE,,,,,,,,,,,,,,,,,,,,,,,,,,,,,,,,,,,,,,,,,,,,
2713,1994,222,YAR,BLUTI,1,,0,0,,,27,,11,,,ED,,,,,,,,,,,,,,,,,,,,,,,,,,,,,,,,,,,,,,,,,,,,
2714,1994,223,YAR,BLUTI,1,9,9,6,,,25,,,,,NE,,,,,,,,,,,,,,,,,,,,,,,,,,,,,,,,,,,,,,,,,,,,
2715,1994,224,YAR,PIEFL,1,,,6,,,38,,,,,NE,,,,,,J314059,01/06/1994,01/06/1994,I,1,08/06/1994,J314281,J314282,J314283,J314284,J314285,J314286,,,,,,,,,,,,,,,,,,,,,,,,,,,
2716,1994,225,YAR,BLUTI,1,5,,0,,,35,,,,,JP,,,,,,,,,,,,,,,,,,,,,,,,,,,,,,,,,,,,,,,,,,,,
2717,1994,226,YAR,GRETI,1,,,0,,,31,55,6,,,JD,,,,,,,,,,,,,,,,,,,,,,,,,,,,,,,,,,,,,,,,,,,,
2718,1994,227,YAR,BLUTI,1,,,8,,,29,,,,,NE,,,,,,,,,,,,,,,,,,,,,,,,,,,,,,,,,,,,,,,,,,,,
2719,1994,229,YAR,BLUTI,1,10,,0,,,28,,,,,JD,,,,,,,,,,,,,,,,,,,,,,,,,,,,,,,,,,,,,,,,,,,,
2720,1994,230,YAR,BLUTI,1,9,,8,,,27,,,,,NE,,,,,,,,,,,,,,,,,,,,,,,,,,,,,,,,,,,,,,,,,,,,
2721,1994,231,YAR,BLUTI,1,11,,5,,,25,55,,,,NE,,,,,,,,,,,,,,,,,,,,,,,,,,,,,,,,,,,,,,,,,,,,
2722,1994,232,YAR,BLUTI,1,,,5,,,,,6,,,NE,,,,,,,,,,,,,,,,,,,,,,,,,,,,,,,,,,,,,,,,,,,,
2723,1994,233,YAR,BLUTI,1,,,5,,,24,,,,,NE,,,,,,,,,,,,,,,,,,,,,,,,,,,,,,,,,,,,,,,,,,,,
2724,1994,234,YAR,PIEFL,1,,,6,,,39,,,,,NE,,,,,,J314060,01/06/1994,01/06/1994,I,1,08/06/1994,J314287,J314288,J314289,J314290,J314291,J314292,,,,,,,,,,,,,,,,,,,,,,,,,,,
2725,1994,235,YAR,BLUTI,1,10,,4,,,20,,,,,NE,,,,,,,,,,,,,,,,,,,,,,,,,,,,,,,,,,,,,,,,,,,,
2726,1994,236,YAR,NUTHA,1,4,1,0,,,,,,,,JD,,,,,,,,,,,,,,,,,,,,,,,,,,,,,,,,,,,,,,,,,,,,
2727,1994,236,YAR,PIEFL,1,5,,1,,,60,,,3,,NE,,,,,,,,,,,,,,,,,,,,,,,,,,,,,,,,,,,,,,,,,,,,
2728,1994,237,YAR,BLUTI,1,6,,0,,,33,,,,,JD,,,,,,,,,,,,,,,,,,,,,,,,,,,,,,,,,,,,,,,,,,,,
2729,1994,237,YAR,PIEFL,2,4,0,0,,,74,,,,,ED,,,,,,H862275,15/06/1994,04/06/1993,S,2,,,,,,,,,,,,,,,,,,,,,,,,,,,,,,,,,,
2730,1994,238,YAR,BLUTI,1,9,,7,,,28,,,,,NE,,,,,,,,,,,,,,,,,,,,,,,,,,,,,,,,,,,,,,,,,,,,
2731,1994,239,YAR,PIEFL,1,7,7,0,,,38,,,,,JD,,,,,,,,,,,08/06/1994,J314293,J314294,J314295,J314296,J314297,J314298,J314299,,,,,,,,,,,,,,,,,,,,,,,,,,
2732,1994,240,YAR,BLUTI,1,,,6,,,27,,,,,NE,,,,,,,,,,,,,,,,,,,,,,,,,,,,,,,,,,,,,,,,,,,,
2733,1994,241,YAR,BLUTI,1,8,,6,,,25,,,,,NE,,,,,,,,,,,,,,,,,,,,,,,,,,,,,,,,,,,,,,,,,,,,
2734,1994,242,YAR,GRETI,1,,,6,,,,,,,,NE,,,,,,,,,,,,,,,,,,,,,,,,,,,,,,,,,,,,,,,,,,,,
2735,1994,243,YAR,BLUTI,1,8,,6,,,30,,,,,NE,,,,,,,,,,,,,,,,,,,,,,,,,,,,,,,,,,,,,,,,,,,,
2736,1994,244,YAR,PIEFL,1,5,,,,,,,,,,OU,,,,,,,,,,,,,,,,,,,,,,,,,,,,,,,,,,,,,,,,,,,,
2737,1994,244,YAR,BLUTI,1,8,0,0,,,,,,,,JD,,,,,,,,,,,,,,,,,,,,,,,,,,,,,,,,,,,,,,,,,,,,
2738,1994,246,YAR,PIEFL,1,8,2,2,,,40,,,6,,NE,,,,,,J314061,01/06/1994,01/06/1994,I,1,15/06/1994,J314300,J314515,,,,,,,,,,,,,,,,,,,,,,,,,,,,,,,
2739,1994,247,YAR,PIEFL,1,,0,0,,,41,,4,,,ED,,,,,,,,,,,,,,,,,,,,,,,,,,,,,,,,,,,,,,,,,,,,
2740,1994,248,YAR,BLUTI,1,,,4,,,24,,5,,,NE,,,,,,,,,,,,,,,,,,,,,,,,,,,,,,,,,,,,,,,,,,,,
2741,1994,249,YAR,BLUTI,1,,,0,,,,,,,,XD,,,,,,,,,,,,,,,,,,,,,,,,,,,,,,,,,,,,,,,,,,,,
2742,1994,250,YAR,GRETI,1,,,7,,,30,,8,,,NE,,,,,,,,,,,,,,,,,,,,,,,,,,,,,,,,,,,,,,,,,,,,
2743,1994,301,YAR,PIEFL,1,7,,2,,,40,,,,,NE,,,,,,H821088,01/06/1994,10/06/1992,R,2,,,,,,,,,,,,,,,,,,,,,,,,,,,,,,,,,,
2744,1994,302,YAR,BLUTI,1,,,8,,,,,,,,NE,,,,,,,,,,,,,,,,,,,,,,,,,,,,,,,,,,,,,,,,,,,,
2745,1994,303,YAR,BLUTI,1,13,,0,,,17,,,,,JD,,,,,,,,,,,,,,,,,,,,,,,,,,,,,,,,,,,,,,,,,,,,
2746,1994,305,YAR,PIEFL,1,7,6,4,,,39,,,1,,NE,,,,,,,,,,,09/06/1994,J314301,J314302,J314303,J314304,J314305,J314306,,,,,,,,,,,,,,,,,,,,,,,,,,,
2747,1994,306,YAR,BLUTI,1,,,8,,,23,,,,,NE,,,,,,,,,,,,,,,,,,,,,,,,,,,,,,,,,,,,,,,,,,,,
2748,1994,307,YAR,PIEFL,1,,,7,,,41,62,,,,NE,,,,,,H862153,01/06/1994,03/06/1993,S,2,09/06/1994,J314307,J314308,J314309,J314310,J314311,J314312,J314313,,,,,,,,,,,,,,,,,,,,,,,,,,
2749,1994,308,YAR,PIEFL,1,8,8,8,,,39,,,,,NE,,,,,,,,,,,09/06/1994,J314314,J314315,J314316,J314317,J314318,J314319,J314320,J314321,,,,,,,,,,,,,,,,,,,,,,,,,
2750,1994,309,YAR,MARTI,1,9,,8,,,24,,,,,NE,,,,,,,,,,,,,,,,,,,,,,,,,,,,,,,,,,,,,,,,,,,,
2751,1994,310,YAR,PIEFL,1,7,6,6,,,34,,,1,,NE,,,,,,,,,,,01/06/1994,J314062,J314063,J314064,J314065,J314066,J314067,,,,,,,,,,,,,,,,,,,,,,,,,,,
2752,1994,311,YAR,PIEFL,1,7,7,5,,,43,,,,,NE,,,,,,,,,,,09/06/1994,J314322,J314323,J314324,J314325,J314326,J314327,,,,,,,,,,,,,,,,,,,,,,,,,,,
2753,1994,312,YAR,BLUTI,1,,,10,,,25,,,,,NE,,,,,,,,,,,,,,,,,,,,,,,,,,,,,,,,,,,,,,,,,,,,
2754,1994,313,YAR,PIEFL,1,7,7,7,,,41,,,,,NE,,,,,,,,,,,09/06/1994,J314334,J314335,J314336,J314337,J314338,J314339,J314340,,,,,,,,,,,,,,,,,,,,,,,,,,
2755,1994,314,YAR,BLUTI,1,,,8,,,22,,,,,NE,,,,,,,,,,,,,,,,,,,,,,,,,,,,,,,,,,,,,,,,,,,,
2756,1994,315,YAR,PIEFL,1,,0,0,,,40,,4,,,ED,,,,,,,,,,,,,,,,,,,,,,,,,,,,,,,,,,,,,,,,,,,,
2757,1994,316,YAR,BLUTI,1,10,,9,,,25,,,,,NE,,,,,,,,,,,,,,,,,,,,,,,,,,,,,,,,,,,,,,,,,,,,
2758,1994,317,YAR,BLUTI,1,7,,6,,,31,,,,,NE,,,,,,,,,,,,,,,,,,,,,,,,,,,,,,,,,,,,,,,,,,,,
2759,1994,318,YAR,BLUTI,1,,,0,,,25,,3,,,XD,,,,,,,,,,,,,,,,,,,,,,,,,,,,,,,,,,,,,,,,,,,,
2760,1994,319,YAR,PIEFL,1,8,,7,,,40,,,,,NE,,,,,,,,,,,09/06/1994,J314341,J314342,J314343,J314344,J314345,J314346,J314347,,,,,,,,,,,,,,,,,,,,,,,,,,
2761,1994,320,YAR,GRETI,1,8,,3,,,,48,,,,NE,,,,,,,,,,,,,,,,,,,,,,,,,,,,,,,,,,,,,,,,,,,,
2762,1994,321,YAR,BLUTI,1,10,,8,,,31,,,,,NE,,,,,,,,,,,,,,,,,,,,,,,,,,,,,,,,,,,,,,,,,,,,
2763,1994,322,YAR,BLUTI,1,10,,8,,,26,,,,,NE,,,,,,,,,,,,,,,,,,,,,,,,,,,,,,,,,,,,,,,,,,,,
2764,1994,323,YAR,NUTHA,1,,,2,,,,,2,,,NE,,,,,,,,,,,,,,,,,,,,,,,,,,,,,,,,,,,,,,,,,,,,
2765,1994,324,YAR,BLUTI,1,,,9,,,,,,,,NE,,,,,,,,,,,,,,,,,,,,,,,,,,,,,,,,,,,,,,,,,,,,
2766,1994,325,YAR,BLUTI,1,10,,10,,,26,,,,,NE,,,,,,,,,,,,,,,,,,,,,,,,,,,,,,,,,,,,,,,,,,,,
2767,1994,326,YAR,BLUTI,1,11,11,11,,,25,,,,,NE,,,,,,,,,,,,,,,,,,,,,,,,,,,,,,,,,,,,,,,,,,,,
2768,1994,327,YAR,BLUTI,1,,,7,,,22,,,,,NE,,,,,,,,,,,,,,,,,,,,,,,,,,,,,,,,,,,,,,,,,,,,
2769,1994,328,YAR,PIEFL,1,,,7,,,,,,,,NE,,,,,,,,,,,09/06/1994,J314348,J314349,J314350,J314351,J314352,J314353,J314354,,,,,,,,,,,,,,,,,,,,,,,,,,
2770,1994,329,YAR,PIEFL,1,7,0,0,,,51,,,,,EP,,,,,,,,,,,,,,,,,,,,,,,,,,,,,,,,,,,,,,,,,,,,
2771,1994,330,YAR,BLUTI,1,8,0,0,,,24,,,,,ED,,,,,,,,,,,,,,,,,,,,,,,,,,,,,,,,,,,,,,,,,,,,
2772,1994,331,YAR,PIEFL,1,8,,0,,,38,,,,,JP,,,,,,,,,,,,,,,,,,,,,,,,,,,,,,,,,,,,,,,,,,,,
2773,1994,332,YAR,BLUTI,1,,,8,,,37,,9,,,NE,,,,,,,,,,,,,,,,,,,,,,,,,,,,,,,,,,,,,,,,,,,,
2774,1994,333,YAR,PIEFL,1,8,0,0,,,40,,,,,XP,,,,,,,,,,,,,,,,,,,,,,,,,,,,,,,,,,,,,,,,,,,,
2775,1994,334,YAR,BLUTI,1,,,12,,,27,,,,,NE,,,,,,,,,,,,,,,,,,,,,,,,,,,,,,,,,,,,,,,,,,,,
2776,1994,335,YAR,GRETI,1,,,6,,,,48,6,,,NE,,,,,,,,,,,,,,,,,,,,,,,,,,,,,,,,,,,,,,,,,,,,
2777,1994,336,YAR,BLUTI,1,10,,9,,,25,,,,,NE,,,,,,,,,,,,,,,,,,,,,,,,,,,,,,,,,,,,,,,,,,,,
2778,1994,337,YAR,GRETI,1,,,8,,,25,,,,,NE,,,,,,,,,,,,,,,,,,,,,,,,,,,,,,,,,,,,,,,,,,,,
2779,1994,338,YAR,PIEFL,1,6,5,0,,,,,6,,,JD,,,,,,,,,,,,,,,,,,,,,,,,,,,,,,,,,,,,,,,,,,,,
2780,1994,339,YAR,PIEFL,1,7,7,7,,,39,,,,,NE,,,,,,,,,,,09/06/1994,J314355,J314356,J314357,J314358,J314359,J314360,J314361,,,,,,,,,,,,,,,,,,,,,,,,,,
2781,1994,340,YAR,PIEFL,1,7,7,7,,,39,,,,,NE,,,,,,,,,,,09/06/1994,J314362,J314363,J314364,J314365,J314366,J314367,J314368,,,,,,,,,,,,,,,,,,,,,,,,,,
2782,1994,341,YAR,PIEFL,1,8,8,8,,,35,,,,,NE,,,,,,,,,,,09/06/1994,J314369,J314370,J314371,J314372,J314373,J314374,J314375,J314376,,,,,,,,,,,,,,,,,,,,,,,,,
2783,1994,342,YAR,BLUTI,1,8,8,8,,,27,,,,,NE,,,,,,,,,,,,,,,,,,,,,,,,,,,,,,,,,,,,,,,,,,,,
2784,1994,343,YAR,GRETI,1,,,2,,,31,,,,,NE,,,,,,,,,,,,,,,,,,,,,,,,,,,,,,,,,,,,,,,,,,,,
2785,1994,344,YAR,BLUTI,1,9,,4,,,20,,,,,NE,,,,,,,,,,,,,,,,,,,,,,,,,,,,,,,,,,,,,,,,,,,,
2786,1994,344,YAR,BLUTI,2,5,0,0,,,,,,,,ED,,,,,,,,,,,,,,,,,,,,,,,,,,,,,,,,,,,,,,,,,,,,
2787,1994,345,YAR,BLUTI,1,8,7,0,,,25,,,1,,JD,,,,,,,,,,,,,,,,,,,,,,,,,,,,,,,,,,,,,,,,,,,,
2788,1994,346,YAR,NUTHA,1,8,,0,,,,,,,,JD,,,,,,,,,,,,,,,,,,,,,,,,,,,,,,,,,,,,,,,,,,,,
2789,1994,346,YAR,PIEFL,2,5,5,0,,,,,,,,JD,,,,,,J314516,15/06/1994,15/06/1994,I,1,,,,,,,,,,,,,,,,,,,,,,,,,,,,,,,,,,
2790,1994,347,YAR,BLUTI,1,,,0,,,27,,9,,,XP,,,,,,,,,,,,,,,,,,,,,,,,,,,,,,,,,,,,,,,,,,,,
2791,1994,348,YAR,PIEFL,1,6,6,0,,,41,,,,,JD,,,,,,,,,,,,,,,,,,,,,,,,,,,,,,,,,,,,,,,,,,,,
2792,1994,349,YAR,BLUTI,1,,,9,,,18,,,,,NE,,,,,,,,,,,,,,,,,,,,,,,,,,,,,,,,,,,,,,,,,,,,
2793,1994,350,YAR,GRETI,1,7,7,7,,,25,,,,,NE,,,,,,,,,,,,,,,,,,,,,,,,,,,,,,,,,,,,,,,,,,,,
2794,1994,351,YAR,PIEFL,1,7,,5,,,35,,,,,NE,,,,,,,,,,,,,,,,,,,,,,,,,,,,,,,,,,,,,,,,,,,,
2795,1994,352,YAR,BLUTI,1,14,,0,,,19,,,,,JD,,,,,,,,,,,,,,,,,,,,,,,,,,,,,,,,,,,,,,,,,,,,
2796,1994,353,YAR,BLUTI,1,,,0,,,25,,9,,,JD,,,,,,,,,,,,,,,,,,,,,,,,,,,,,,,,,,,,,,,,,,,,
2797,1994,354,YAR,BLUTI,1,,,9,,,20,,,,,NE,,,,,,,,,,,,,,,,,,,,,,,,,,,,,,,,,,,,,,,,,,,,
2798,1994,355,YAR,PIEFL,1,7,6,6,,,37,,,,,NE,,,,,,,,,,,,,,,,,,,,,,,,,,,,,,,,,,,,,,,,,,,,
2799,1994,311B,YAR,PIEFL,1,,,6,,,39,,7,,,NE,,,,,,,,,,,09/06/1994,J314328,J314329,J314330,J314331,J314332,J314333,,,,,,,,,,,,,,,,,,,,,,,,,,,
2800,1994,HIDE1,YAR,BLUTI,1,11,,8,,,,,,,,NE,,,,,,,,,,,,,,,,,,,,,,,,,,,,,,,,,,,,,,,,,,,,
2801,1994,HIDE10,YAR,BLUTI,1,,10,0,,,,,,,,JD,,,,,,,,,,,,,,,,,,,,,,,,,,,,,,,,,,,,,,,,,,,,
2802,1994,HIDE11,YAR,PIEFL,1,,,4,,,,,,,,NE,,,,,,,,,,,15/06/1994,J314517,J314518,J314519,J314520,,,,,,,,,,,,,,,,,,,,,,,,,,,,,
2803,1994,HIDE3,YAR,GRETI,1,,,7,,,,62,,,,NE,,,,,,,,,,,,,,,,,,,,,,,,,,,,,,,,,,,,,,,,,,,,
2804,1994,HIDE5,YAR,BLUTI,1,10,,4,,,,,,,,NE,,,,,,,,,,,,,,,,,,,,,,,,,,,,,,,,,,,,,,,,,,,,
2805,1994,HIDE7,YAR,REDST,1,,,6,,,,,,,,NE,,,,,,,,,,,,,,,,,,,,,,,,,,,,,,,,,,,,,,,,,,,,
2806,1994,HIDE8,YAR,PIEFL,1,,,6,,,35,,,,,NE,,,,,,,,,,,01/06/1994,J314032,J314033,J314034,J314035,J314036,J314037,,,,,,,,,,,,,,,,,,,,,,,,,,,
2807,1994,HIDE9,YAR,BLUTI,1,,,10,,,,,,,,NE,,,,,,,,,,,,,,,,,,,,,,,,,,,,,,,,,,,,,,,,,,,,
2808,1995,1,BVW,PIEFL,1,,,6,,,36,,7,,,NE,,,,,,,,,,,,,,,,,,,,,,,,,,,,,,,,,,,,,,,,,,,,
2809,1995,2,BVW,PIEFL,1,8,8,8,,,36,,,,,NE,,,,,,,,,,,,,,,,,,,,,,,,,,,,,,,,,,,,,,,,,,,,
2810,1995,3,BVW,MARTI,1,8,8,8,,,26,,,,,NE,,,,,,,,,,,,,,,,,,,,,,,,,,,,,,,,,,,,,,,,,,,,
2811,1995,4,BVW,PIEFL,1,6,5,5,,,38,,,,,NE,,,,,,,,,,,,,,,,,,,,,,,,,,,,,,,,,,,,,,,,,,,,
2812,1995,5,BVW,PIEFL,1,7,7,6,,,34,,,,,NE,,,,,,,,,,,,,,,,,,,,,,,,,,,,,,,,,,,,,,,,,,,,
2813,1995,6,BVW,BLUTI,1,,,9,,,33,,,,,NE,,,,,,,,,,,,,,,,,,,,,,,,,,,,,,,,,,,,,,,,,,,,
2814,1995,7,BVW,BLUTI,1,,,6,,,30,,8,,,NE,,,,,,,,,,,,,,,,,,,,,,,,,,,,,,,,,,,,,,,,,,,,
2815,1995,8,BVW,PIEFL,1,7,7,7,,,36,,,,,NE,,,,,,,,,,,,,,,,,,,,,,,,,,,,,,,,,,,,,,,,,,,,
2816,1995,9,BVW,PIEFL,1,,0,0,,,,,3,,,ED,,,,,,,,,,,,,,,,,,,,,,,,,,,,,,,,,,,,,,,,,,,,
2817,1995,10,BVW,PIEFL,1,7,7,7,,,39,,,,,NE,,,,,,,,,,,,,,,,,,,,,,,,,,,,,,,,,,,,,,,,,,,,
2818,1995,11,BVW,BLUTI,1,,,8,,,31,,,,,NE,,,,,,,,,,,,,,,,,,,,,,,,,,,,,,,,,,,,,,,,,,,,
2819,1995,12,BVW,PIEFL,1,,,8,,,36,,,,,NE,,,,,,,,,,,,,,,,,,,,,,,,,,,,,,,,,,,,,,,,,,,,
2820,1995,13,BVW,BLUTI,1,8,8,8,,,30,,,,,NE,,,,,,,,,,,,,,,,,,,,,,,,,,,,,,,,,,,,,,,,,,,,
2821,1995,14,BVW,BLUTI,1,,,8,,,32,,,,,NE,,,,,,,,,,,,,,,,,,,,,,,,,,,,,,,,,,,,,,,,,,,,
2822,1995,15,BVW,PIEFL,1,7,0,0,,,,,,,,ED,,,,,,,,,,,,,,,,,,,,,,,,,,,,,,,,,,,,,,,,,,,,
2823,1995,16,BVW,PIEFL,1,,,7,,,37,,,,,NE,,,,,,,,,,,,,,,,,,,,,,,,,,,,,,,,,,,,,,,,,,,,
2824,1995,17,BVW,NUTHA,1,,,4,,,18,,,,,NE,,,,,,,,,,,,,,,,,,,,,,,,,,,,,,,,,,,,,,,,,,,,
2825,1995,18,BVW,BLUTI,1,8,,6,,,32,,,,,NE,,,,,,,,,,,,,,,,,,,,,,,,,,,,,,,,,,,,,,,,,,,,
2826,1995,19,BVW,PIEFL,1,7,7,7,,,36,,,,,NE,,,,,,,,,,,,,,,,,,,,,,,,,,,,,,,,,,,,,,,,,,,,
2827,1995,20,BVW,GRETI,1,5,5,5,,,35,,,,,NE,,,,,,,,,,,,,,,,,,,,,,,,,,,,,,,,,,,,,,,,,,,,
2828,1995,21,BVW,PIEFL,1,,,7,,,38,,8,,,NE,,,,,,,,,,,,,,,,,,,,,,,,,,,,,,,,,,,,,,,,,,,,
2829,1995,22,BVW,BLUTI,1,,,5,,,,,,,,NE,,,,,,,,,,,,,,,,,,,,,,,,,,,,,,,,,,,,,,,,,,,,
2830,1995,23,BVW,PIEFL,1,7,,4,,,34,,,,,NE,,,,,,,,,,,,,,,,,,,,,,,,,,,,,,,,,,,,,,,,,,,,
2831,1995,24,BVW,PIEFL,1,7,7,7,,,,,,,,NE,,,,,,,,,,,,,,,,,,,,,,,,,,,,,,,,,,,,,,,,,,,,
2832,1995,1,NEA,GRETI,1,,,6,,,,,,,,NE,,,,,,,,,,,,,,,,,,,,,,,,,,,,,,,,,,,,,,,,,,,,
2833,1995,2,NEA,NUTHA,1,,,5,,,,,,,,NE,,,,,,,,,,,,,,,,,,,,,,,,,,,,,,,,,,,,,,,,,,,,
2834,1995,3,NEA,GRETI,1,4,0,0,,,,,,,,ED,,,,,,,,,,,,,,,,,,,,,,,,,,,,,,,,,,,,,,,,,,,,
2835,1995,4,NEA,BLUTI,1,,,9,,,26,,,,,NE,,,,,,,,,,,,,,,,,,,,,,,,,,,,,,,,,,,,,,,,,,,,
2836,1995,5,NEA,BLUTI,1,,0,0,,,,,,1,,ED,,,,,,,,,,,,,,,,,,,,,,,,,,,,,,,,,,,,,,,,,,,,
2837,1995,6,NEA,PIEFL,1,5,0,0,,,60,,,,,EP,,,,,,,,,,,,,,,,,,,,,,,,,,,,,,,,,,,,,,,,,,,,
2838,1995,6,NEA,BLUTI,1,,0,0,,,18,,5,,,ED,,,,,,,,,,,,,,,,,,,,,,,,,,,,,,,,,,,,,,,,,,,,
2839,1995,8,NEA,BLUTI,1,,,6,,,,,,,,NE,,,,,,,,,,,,,,,,,,,,,,,,,,,,,,,,,,,,,,,,,,,,
2840,1995,9,NEA,PIEFL,1,,,7,,,37,,,,,NE,,,,,,,,,,,,,,,,,,,,,,,,,,,,,,,,,,,,,,,,,,,,
2841,1995,10,NEA,BLUTI,1,9,,1,,,33,,,,,NE,,,,,,,,,,,,,,,,,,,,,,,,,,,,,,,,,,,,,,,,,,,,
2842,1995,11,NEA,BLUTI,1,6,6,6,,,,,,,,NE,,,,,,,,,,,,,,,,,,,,,,,,,,,,,,,,,,,,,,,,,,,,
2843,1995,12,NEA,GRETI,1,6,6,6,,,20,,,,,NE,,,,,,,,,,,,,,,,,,,,,,,,,,,,,,,,,,,,,,,,,,,,
2844,1995,13,NEA,PIEFL,1,,,6,,,38,,7,,,NE,,,,,,,,,,,,,,,,,,,,,,,,,,,,,,,,,,,,,,,,,,,,
2845,1995,14,NEA,BLUTI,1,,,6,,,,,7,,,NE,,,,,,,,,,,,,,,,,,,,,,,,,,,,,,,,,,,,,,,,,,,,
2846,1995,15,NEA,PIEFL,1,5,5,5,,,,,,,,NE,,,,,,,,,,,,,,,,,,,,,,,,,,,,,,,,,,,,,,,,,,,,
2847,1995,16,NEA,GRETI,1,,0,0,,,,,5,,,EP,,,,,,,,,,,,,,,,,,,,,,,,,,,,,,,,,,,,,,,,,,,,
2848,1995,17,NEA,PIEFL,1,,,6,,,36,,,,,NE,,,,,,,,,,,,,,,,,,,,,,,,,,,,,,,,,,,,,,,,,,,,
2849,1995,18,NEA,GRETI,1,8,,0,,,33,,,,,JD,,,,,,,,,,,,,,,,,,,,,,,,,,,,,,,,,,,,,,,,,,,,
2850,1995,19,NEA,PIEFL,1,,,7,,,37,,,,,NE,,,,,,,,,,,,,,,,,,,,,,,,,,,,,,,,,,,,,,,,,,,,
2851,1995,20,NEA,BLUTI,1,,,9,,,34,,,,,NE,,,,,,,,,,,,,,,,,,,,,,,,,,,,,,,,,,,,,,,,,,,,
2852,1995,101,YAR,BLUTI,1,,,6,,,29,,,,,NE,,,,,,,,,,,,,,,,,,,,,,,,,,,,,,,,,,,,,,,,,,,,
2853,1995,102,YAR,GRETI,1,,0,0,,,,,,,,ED,,,,,,,,,,,,,,,,,,,,,,,,,,,,,,,,,,,,,,,,,,,,
2854,1995,104,YAR,PIEFL,1,5,5,5,,,39,,,,,NE,,,,,,,,,,,,,,,,,,,,,,,,,,,,,,,,,,,,,,,,,,,,
2855,1995,106,YAR,PIEFL,1,,,3,,,,,,,,NE,,,,,,,,,,,,,,,,,,,,,,,,,,,,,,,,,,,,,,,,,,,,
2856,1995,108,YAR,PIEFL,1,7,7,2,,,36,,,,,NE,,,,,,,,,,,,,,,,,,,,,,,,,,,,,,,,,,,,,,,,,,,,
2857,1995,110,YAR,BLUTI,1,,,7,,,18,,,,,NE,,,,,,,,,,,,,,,,,,,,,,,,,,,,,,,,,,,,,,,,,,,,
2858,1995,111,YAR,BLUTI,1,,,4,,,35,,,,,NE,,,,,,,,,,,,,,,,,,,,,,,,,,,,,,,,,,,,,,,,,,,,
2859,1995,116,YAR,BLUTI,1,,,9,,,16,,,,,NE,,,,,,,,,,,,,,,,,,,,,,,,,,,,,,,,,,,,,,,,,,,,
2860,1995,117,YAR,PIEFL,1,7,7,0,,,38,,,,,EO,,,,,,,,,,,,,,,,,,,,,,,,,,,,,,,,,,,,,,,,,,,,
2861,1995,119,YAR,PIEFL,1,,,6,,,34,,,,,NE,,,,,,,,,,,,,,,,,,,,,,,,,,,,,,,,,,,,,,,,,,,,
2862,1995,121,YAR,PIEFL,1,,,0,,,43,,,,,JD,,,,,,,,,,,,,,,,,,,,,,,,,,,,,,,,,,,,,,,,,,,,
2863,1995,122,YAR,BLUTI,1,9,9,9,,,19,47,,,,NE,,,,,,,,,,,,,,,,,,,,,,,,,,,,,,,,,,,,,,,,,,,,
2864,1995,123,YAR,BLUTI,1,10,10,9,,,26,,,,,NE,,,,,,,,,,,,,,,,,,,,,,,,,,,,,,,,,,,,,,,,,,,,
2865,1995,124,YAR,PIEFL,1,7,7,6,,,38,,,,,NE,,,,,,,,,,,,,,,,,,,,,,,,,,,,,,,,,,,,,,,,,,,,
2866,1995,126,YAR,PIEFL,1,,,4,,,38,,,,,NE,,,,,,,,,,,,,,,,,,,,,,,,,,,,,,,,,,,,,,,,,,,,
2867,1995,128,YAR,PIEFL,1,,,6,,,36,,7,,,NE,,,,,,,,,,,,,,,,,,,,,,,,,,,,,,,,,,,,,,,,,,,,
2868,1995,132,YAR,BLUTI,1,,,8,,,18,,,,,NE,,,,,,,,,,,,,,,,,,,,,,,,,,,,,,,,,,,,,,,,,,,,
2869,1995,202,YAR,BLUTI,1,9,,5,,,28,,,,,NE,,,,,,,,,,,,,,,,,,,,,,,,,,,,,,,,,,,,,,,,,,,,
2870,1995,203,YAR,PIEFL,1,7,7,4,,,35,,,,,NE,,,,,,,,,,,,,,,,,,,,,,,,,,,,,,,,,,,,,,,,,,,,
2871,1995,205,YAR,PIEFL,1,7,6,6,,,36,,,,,NE,,,,,,,,,,,,,,,,,,,,,,,,,,,,,,,,,,,,,,,,,,,,
2872,1995,206,YAR,BLUTI,1,,,8,,,,,,,,NE,,,,,,,,,,,,,,,,,,,,,,,,,,,,,,,,,,,,,,,,,,,,
2873,1995,207,YAR,PIEFL,1,,,2,,,46,,,,,NE,,,,,,,,,,,,,,,,,,,,,,,,,,,,,,,,,,,,,,,,,,,,
2874,1995,208,YAR,GRETI,1,,,6,,,36,,7,,,NE,,,,,,,,,,,,,,,,,,,,,,,,,,,,,,,,,,,,,,,,,,,,
2875,1995,209,YAR,PIEFL,1,6,6,6,,,38,,,,,NE,,,,,,,,,,,,,,,,,,,,,,,,,,,,,,,,,,,,,,,,,,,,
2876,1995,212,YAR,BLUTI,1,7,,6,,,36,,,,,NE,,,,,,,,,,,,,,,,,,,,,,,,,,,,,,,,,,,,,,,,,,,,
2877,1995,213,YAR,PIEFL,1,7,7,7,,,37,,,,,NE,,,,,,,,,,,,,,,,,,,,,,,,,,,,,,,,,,,,,,,,,,,,
2878,1995,214,YAR,PIEFL,1,8,,6,,,45,,,,,NE,,,,,,,,,,,,,,,,,,,,,,,,,,,,,,,,,,,,,,,,,,,,
2879,1995,215,YAR,BLUTI,1,,,6,,,32,,,,,NE,,,,,,,,,,,,,,,,,,,,,,,,,,,,,,,,,,,,,,,,,,,,
2880,1995,216,YAR,BLUTI,1,4,4,4,,,18,,,,,NE,,,,,,,,,,,,,,,,,,,,,,,,,,,,,,,,,,,,,,,,,,,,
2881,1995,217,YAR,PIEFL,1,6,6,6,,,39,,,,,NE,,,,,,,,,,,,,,,,,,,,,,,,,,,,,,,,,,,,,,,,,,,,
2882,1995,218,YAR,BLUTI,1,,,2,,,37,,4,,,NE,,,,,,,,,,,,,,,,,,,,,,,,,,,,,,,,,,,,,,,,,,,,
2883,1995,219,YAR,PIEFL,1,,,6,,,,,,,,NE,,,,,,,,,,,,,,,,,,,,,,,,,,,,,,,,,,,,,,,,,,,,
2884,1995,220,YAR,BLUTI,1,9,,8,,,19,,,,,NE,,,,,,,,,,,,,,,,,,,,,,,,,,,,,,,,,,,,,,,,,,,,
2885,1995,222,YAR,PIEFL,1,7,,3,,,35,,,,,NE,,,,,,,,,,,,,,,,,,,,,,,,,,,,,,,,,,,,,,,,,,,,
2886,1995,224,YAR,PIEFL,1,6,6,6,,,36,,,,,NE,,,,,,,,,,,,,,,,,,,,,,,,,,,,,,,,,,,,,,,,,,,,
2887,1995,226,YAR,BLUTI,1,8,8,8,,,,,,,,NE,,,,,,,,,,,,,,,,,,,,,,,,,,,,,,,,,,,,,,,,,,,,
2888,1995,227,YAR,PIEFL,1,7,7,7,,,37,,,,,NE,,,,,,,,,,,,,,,,,,,,,,,,,,,,,,,,,,,,,,,,,,,,
2889,1995,229,YAR,PIEFL,1,7,7,7,,,38,,,,,NE,,,,,,,,,,,,,,,,,,,,,,,,,,,,,,,,,,,,,,,,,,,,
2890,1995,231,YAR,BLUTI,1,,,8,,,19,,,,,NE,,,,,,,,,,,,,,,,,,,,,,,,,,,,,,,,,,,,,,,,,,,,
2891,1995,232,YAR,BLUTI,1,,,5,,,,,,,,NE,,,,,,,,,,,,,,,,,,,,,,,,,,,,,,,,,,,,,,,,,,,,
2892,1995,233,YAR,BLUTI,1,7,,6,,,32,,,,,NE,,,,,,,,,,,,,,,,,,,,,,,,,,,,,,,,,,,,,,,,,,,,
2893,1995,234,YAR,PIEFL,1,6,5,5,,,,,,,,ne,,,,,,,,,,,,,,,,,,,,,,,,,,,,,,,,,,,,,,,,,,,,
2894,1995,236,YAR,BLUTI,1,,,6,,,,,,,,NE,,,,,,,,,,,,,,,,,,,,,,,,,,,,,,,,,,,,,,,,,,,,
2895,1995,237,YAR,BLUTI,1,,,7,,,,,8,,,NE,,,,,,,,,,,,,,,,,,,,,,,,,,,,,,,,,,,,,,,,,,,,
2896,1995,238,YAR,BLUTI,1,,,7,,,32,,,,,NE,,,,,,,,,,,,,,,,,,,,,,,,,,,,,,,,,,,,,,,,,,,,
2897,1995,239,YAR,PIEFL,1,6,5,3,,,,,,,,NE,,,,,,,,,,,,,,,,,,,,,,,,,,,,,,,,,,,,,,,,,,,,
2898,1995,240,YAR,GRETI,1,7,7,7,,,,,,,,NE,,,,,,,,,,,,,,,,,,,,,,,,,,,,,,,,,,,,,,,,,,,,
2899,1995,241,YAR,PIEFL,1,,,0,,,36,,,,,EP,,,,,,,,,,,,,,,,,,,,,,,,,,,,,,,,,,,,,,,,,,,,
2900,1995,241,YAR,PIEFL,1,5,5,,,,65,,,,,OU,,,,,,K184054,07/06/1995,07/06/1995,I,1,,,,,,,,,,,,,,,,,,,,,,,,,,,,,,,,,,
2901,1995,242,YAR,BLUTI,1,8,8,6,,,,,,,,NE,,,,,,,,,,,,,,,,,,,,,,,,,,,,,,,,,,,,,,,,,,,,
2902,1995,243,YAR,BLUTI,1,,,8,,,25,,,,,NE,,,,,,,,,,,,,,,,,,,,,,,,,,,,,,,,,,,,,,,,,,,,
2903,1995,244,YAR,PIEFL,1,6,6,6,,,38,61,,,,NE,,,,,,,,,,,,,,,,,,,,,,,,,,,,,,,,,,,,,,,,,,,,
2904,1995,245,YAR,BLUTI,1,,,9,,,30,,,,,NE,,,,,,,,,,,,,,,,,,,,,,,,,,,,,,,,,,,,,,,,,,,,
2905,1995,246,YAR,PIEFL,1,7,6,6,,,37,,,,,NE,,,,,,,,,,,,,,,,,,,,,,,,,,,,,,,,,,,,,,,,,,,,
2906,1995,248,YAR,BLUTI,1,,,9,,,26,,,,,NE,,,,,,,,,,,,,,,,,,,,,,,,,,,,,,,,,,,,,,,,,,,,
2907,1995,250,YAR,GRETI,1,9,,8,,,23,,,,,NE,,,,,,,,,,,,,,,,,,,,,,,,,,,,,,,,,,,,,,,,,,,,
2908,1995,301,YAR,BLUTI,1,,,9,,,25,,,,,NE,,,,,,,,,,,,,,,,,,,,,,,,,,,,,,,,,,,,,,,,,,,,
2909,1995,302,YAR,PIEFL,1,,,5,,,38,,,,,NE,,,,,,,,,,,,,,,,,,,,,,,,,,,,,,,,,,,,,,,,,,,,
2910,1995,303,YAR,PIEFL,1,9,8,6,,,42,,,,,NE,,,,,,,,,,,,,,,,,,,,,,,,,,,,,,,,,,,,,,,,,,,,
2911,1995,304,YAR,PIEFL,1,7,7,7,,,37,,,,,NE,,,,,,,,,,,,,,,,,,,,,,,,,,,,,,,,,,,,,,,,,,,,
2912,1995,306,YAR,BLUTI,1,,,9,,,28,,,,,NE,,,,,,,,,,,,,,,,,,,,,,,,,,,,,,,,,,,,,,,,,,,,
2913,1995,307,YAR,PIEFL,1,7,0,0,,,35,,,,,ED,,,,,,,,,,,,,,,,,,,,,,,,,,,,,,,,,,,,,,,,,,,,
2914,1995,308,YAR,BLUTI,1,13,13,13,,,17,47,,,,NE,,,,,,,,,,,,,,,,,,,,,,,,,,,,,,,,,,,,,,,,,,,,
2915,1995,310,YAR,PIEFL,1,7,0,0,,,38,,,,,ED,,,,,,,,,,,,,,,,,,,,,,,,,,,,,,,,,,,,,,,,,,,,
2916,1995,312,YAR,PIEFL,1,7,7,6,,,38,,,,,NE,,,,,,,,,,,,,,,,,,,,,,,,,,,,,,,,,,,,,,,,,,,,
2917,1995,313,YAR,BLUTI,1,10,10,8,,,30,,,,,NE,,,,,,,,,,,,,,,,,,,,,,,,,,,,,,,,,,,,,,,,,,,,
2918,1995,314,YAR,PIEFL,1,6,6,6,,,,61,,,,NE,,,,,,,,,,,,,,,,,,,,,,,,,,,,,,,,,,,,,,,,,,,,
2919,1995,316,YAR,BLUTI,1,,,8,,,29,,,,,NE,,,,,,,,,,,,,,,,,,,,,,,,,,,,,,,,,,,,,,,,,,,,
2920,1995,318,YAR,BLUTI,1,10,,7,,,17,,,,,NE,,,,,,,,,,,,,,,,,,,,,,,,,,,,,,,,,,,,,,,,,,,,
2921,1995,319,YAR,PIEFL,1,,,6,,,36,,,,,NE,,,,,,,,,,,,,,,,,,,,,,,,,,,,,,,,,,,,,,,,,,,,
2922,1995,320,YAR,GRETI,1,8,8,8,,,36,,,,,NE,,,,,,,,,,,,,,,,,,,,,,,,,,,,,,,,,,,,,,,,,,,,
2923,1995,321,YAR,BLUTI,1,,,8,,,31,,,,,NE,,,,,,,,,,,,,,,,,,,,,,,,,,,,,,,,,,,,,,,,,,,,
2924,1995,322,YAR,BLUTI,1,,,10,,,18,,,,,NE,,,,,,,,,,,,,,,,,,,,,,,,,,,,,,,,,,,,,,,,,,,,
2925,1995,323,YAR,PIEFL,1,,,7,,,36,,,,,NE,,,,,,,,,,,,,,,,,,,,,,,,,,,,,,,,,,,,,,,,,,,,
2926,1995,324,YAR,BLUTI,1,,,6,,,29,,,,,NE,,,,,,,,,,,,,,,,,,,,,,,,,,,,,,,,,,,,,,,,,,,,
2927,1995,325,YAR,PIEFL,1,8,,2,,,36,,,,,NE,,,,,,,,,,,,,,,,,,,,,,,,,,,,,,,,,,,,,,,,,,,,
2928,1995,326,YAR,PIEFL,1,,,6,,,38,,,,,NE,,,,,,,,,,,,,,,,,,,,,,,,,,,,,,,,,,,,,,,,,,,,
2929,1995,327,YAR,BLUTI,1,7,,4,,,32,,,,,NE,,,,,,,,,,,,,,,,,,,,,,,,,,,,,,,,,,,,,,,,,,,,
2930,1995,328,YAR,PIEFL,2,4,4,4,,,,,,,,NE,,,,,,,,,,,,,,,,,,,,,,,,,,,,,,,,,,,,,,,,,,,,
2931,1995,329,YAR,PIEFL,1,8,0,0,,,35,,,,,ED,,,,,,,,,,,,,,,,,,,,,,,,,,,,,,,,,,,,,,,,,,,,
2932,1995,330,YAR,BLUTI,1,,,7,,,26,,,,,NE,,,,,,,,,,,,,,,,,,,,,,,,,,,,,,,,,,,,,,,,,,,,
2933,1995,331,YAR,PIEFL,1,7,7,7,,,34,54,,,,NE,,,,,,,,,,,,,,,,,,,,,,,,,,,,,,,,,,,,,,,,,,,,
2934,1995,332,YAR,BLUTI,1,,0,0,,,,,5,,,ED,,,,,,,,,,,,,,,,,,,,,,,,,,,,,,,,,,,,,,,,,,,,
2935,1995,333,YAR,PIEFL,1,,,5,,,36,,7,,,NE,,,,,,,,,,,,,,,,,,,,,,,,,,,,,,,,,,,,,,,,,,,,
2936,1995,334,YAR,BLUTI,1,,,11,,,18,,,,,NE,,,,,,,,,,,,,,,,,,,,,,,,,,,,,,,,,,,,,,,,,,,,
2937,1995,335,YAR,PIEFL,1,,,6,,,36,,7,,,NE,,,,,,,,,,,,,,,,,,,,,,,,,,,,,,,,,,,,,,,,,,,,
2938,1995,336,YAR,BLUTI,1,9,9,9,,,29,,,,,NE,,,,,,,,,,,,,,,,,,,,,,,,,,,,,,,,,,,,,,,,,,,,
2939,1995,337,YAR,PIEFL,1,5,5,5,,,,54,,,,NE,,,,,,,,,,,,,,,,,,,,,,,,,,,,,,,,,,,,,,,,,,,,
2940,1995,340,YAR,PIEFL,1,8,,5,,,38,,,,,NE,,,,,,,,,,,,,,,,,,,,,,,,,,,,,,,,,,,,,,,,,,,,
2941,1995,341,YAR,PIEFL,1,7,6,6,,,37,,,,,NE,,,,,,,,,,,,,,,,,,,,,,,,,,,,,,,,,,,,,,,,,,,,
2942,1995,342,YAR,BLUTI,1,,,6,,,28,,,,,NE,,,,,,,,,,,,,,,,,,,,,,,,,,,,,,,,,,,,,,,,,,,,
2943,1995,343,YAR,PIEFL,1,,,4,,,38,,,,,NE,,,,,,,,,,,,,,,,,,,,,,,,,,,,,,,,,,,,,,,,,,,,
2944,1995,344,YAR,BLUTI,1,,,7,,,29,,,,,NE,,,,,,,,,,,,,,,,,,,,,,,,,,,,,,,,,,,,,,,,,,,,
2945,1995,346,YAR,NUTHA,1,7,7,7,,,,,,,,NE,,,,,,,,,,,,,,,,,,,,,,,,,,,,,,,,,,,,,,,,,,,,
2946,1995,346,YAR,PIEFL,2,4,0,0,,,,,,,,ED,,,,,,,,,,,,,,,,,,,,,,,,,,,,,,,,,,,,,,,,,,,,
2947,1995,347,YAR,BLUTI,1,9,9,9,,,27,,,,,NE,,,,,,,,,,,,,,,,,,,,,,,,,,,,,,,,,,,,,,,,,,,,
2948,1995,348,YAR,PIEFL,1,,,8,,,35,,,,,NE,,,,,,,,,,,,,,,,,,,,,,,,,,,,,,,,,,,,,,,,,,,,
2949,1995,349,YAR,BLUTI,1,10,,9,,,15,,,,,NE,,,,,,,,,,,,,,,,,,,,,,,,,,,,,,,,,,,,,,,,,,,,
2950,1995,350,YAR,GRETI,1,8,,7,,,13,,,,,NE,,,,,,,,,,,,,,,,,,,,,,,,,,,,,,,,,,,,,,,,,,,,
2951,1995,352,YAR,PIEFL,1,5,5,5,,,,,,,,NE,,,,,,,,,,,,,,,,,,,,,,,,,,,,,,,,,,,,,,,,,,,,
2952,1995,353,YAR,PIEFL,1,8,7,4,,,,,,,,NE,,,,,,,,,,,,,,,,,,,,,,,,,,,,,,,,,,,,,,,,,,,,
2953,1995,354,YAR,BLUTI,1,,,11,,,17,,,,,NE,,,,,,,,,,,,,,,,,,,,,,,,,,,,,,,,,,,,,,,,,,,,
2954,1995,355,YAR,PIEFL,1,,,7,,,35,,,,,NE,,,,,,,,,,,,,,,,,,,,,,,,,,,,,,,,,,,,,,,,,,,,
2955,1995,HIDE1,YAR,BLUTI,1,10,,5,,,16,,,,,NE,,,,,,,,,,,,,,,,,,,,,,,,,,,,,,,,,,,,,,,,,,,,
2956,1995,HIDE10,YAR,BLUTI,1,10,,7,,,28,47,,,,NE,,,,,,,,,,,,,,,,,,,,,,,,,,,,,,,,,,,,,,,,,,,,
2957,1995,HIDE7,YAR,PIEFL,1,,7,,,,46,,,,,OU,,,,,,,,,,,,,,,,,,,,,,,,,,,,,,,,,,,,,,,,,,,,
2958,1995,HIDE9,YAR,BLUTI,1,,,,,,31,,5,,,OU,,,,,,,,,,,,,,,,,,,,,,,,,,,,,,,,,,,,,,,,,,,,
2959,1996,1,BVW,BLUTI,1,7,,5,,,42,,,,,NE,,,,,,,,,,,,,,,,,,,,,,,,,,,,,,,,,,,,,,,,,,,,
2960,1996,2,BVW,PIEFL,2,5,5,3,,,,,,,,NE,,,,,,,,,,,,,,,,,,,,,,,,,,,,,,,,,,,,,,,,,,,,
2961,1996,2,BVW,PIEFL,1,,0,0,,,38,,6,,,ED,,,,,,J664909,20/06/1996,09/06/1995,I,1,,,,,,,,,,,,,,,,,,,,,,,,,,,,,,,,,,
2962,1996,3,BVW,PIEFL,1,7,5,5,,,32,,,2,,NE,,,,,,,,,,,,,,,,,,,,,,,,,,,,,,,,,,,,,,,,,,,,
2963,1996,4,BVW,BLUTI,1,,,6,,,42,,8,2,,NE,,,,,,,,,,,,,,,,,,,,,,,,,,,,,,,,,,,,,,,,,,,,
2964,1996,5,BVW,PIEFL,1,5,5,5,,,44,,,,,NE,,,,,,,,,,,13/06/1996,K184752,K184753,K184754,K184755,K184756,,,,,,,,,,,,,,,,,,,,,,,,,,,,
2965,1996,6,BVW,BLUTI,1,,,9,,,32,,,,,NE,,,,,,,,,,,,,,,,,,,,,,,,,,,,,,,,,,,,,,,,,,,,
2966,1996,7,BVW,GRETI,1,,,2,,,37,,5,,,NE,,,,,,,,,,,,,,,,,,,,,,,,,,,,,,,,,,,,,,,,,,,,
2967,1996,8,BVW,BLUTI,1,9,9,9,,,37,,,,,NE,,,,,,,,,,,,,,,,,,,,,,,,,,,,,,,,,,,,,,,,,,,,
2968,1996,9,BVW,BLUTI,1,11,,9,,,29,,,,,NE,,,,,,,,,,,,,,,,,,,,,,,,,,,,,,,,,,,,,,,,,,,,
2969,1996,10,BVW,PIEFL,1,6,,0,,,44,,,,,JP,,,,,,,,,,,,,,,,,,,,,,,,,,,,,,,,,,,,,,,,,,,,
2970,1996,11,BVW,BLUTI,1,7,,5,,,31,,,,,NE,,,,,,,,,,,,,,,,,,,,,,,,,,,,,,,,,,,,,,,,,,,,
2971,1996,12,BVW,BLUTI,1,,0,0,,,36,,9,,,ED,,,,,,,,,,,,,,,,,,,,,,,,,,,,,,,,,,,,,,,,,,,,
2972,1996,12,BVW,PIEFL,1,7,,0,,,58,,,,,JD,,,,,,K184757,13/06/1996,13/06/1996,I,1,,,,,,,,,,,,,,,,,,,,,,,,,,,,,,,,,,
2973,1996,13,BVW,PIEFL,1,7,7,7,,,37,,,,,NE,,,,,,,,,,,13/06/1996,K184758,K184759,K184760,K184761,K184762,K184763,K184764,,,,,,,,,,,,,,,,,,,,,,,,,,
2974,1996,15,BVW,BLUTI,1,,0,0,,,33,,7,,,ED,,,,,,,,,,,,,,,,,,,,,,,,,,,,,,,,,,,,,,,,,,,,
2975,1996,16,BVW,PIEFL,1,,,5,,,44,,,,,NE,,,,,,,,,,,13/06/1996,K184765,K184766,K184767,K184768,K184769,,,,,,,,,,,,,,,,,,,,,,,,,,,,
2976,1996,17,BVW,NUTHA,1,,,6,,,,,,,,NE,,,,,,,,,,,,,,,,,,,,,,,,,,,,,,,,,,,,,,,,,,,,
2977,1996,19,BVW,BLUTI,1,9,,0,,,36,,,,,JD,,,,,,,,,,,,,,,,,,,,,,,,,,,,,,,,,,,,,,,,,,,,
2978,1996,20,BVW,GRETI,1,5,,1,,,40,,,,,NE,,,,,,,,,,,,,,,,,,,,,,,,,,,,,,,,,,,,,,,,,,,,
2979,1996,21,BVW,PIEFL,2,5,5,0,,,,,,,,JD,,,,,,K184859,19/06/1996,19/06/1996,I,1,,,,,,,,,,,,,,,,,,,,,,,,,,,,,,,,,,
2980,1996,22,BVW,PIEFL,1,,,7,,,46,,,,,NE,,,,,,K184770,13/06/1996,13/06/1996,I,1,19/06/1996,K184860,K184861,K184862,K184863,K184864,K184865,K184866,,,,,,,,,,,,,,,,,,,,,,,,,,
2981,1996,23,BVW,BLUTI,1,10,,8,,,27,,,,,NE,,,,,,,,,,,,,,,,,,,,,,,,,,,,,,,,,,,,,,,,,,,,
2982,1996,24,BVW,PIEFL,1,6,,4,,,38,,,,,NE,,,,,,,,,,,13/06/1996,K184771,K184772,K184773,K184774,K184775,,,,,,,,,,,,,,,,,,,,,,,,,,,,
2983,1996,18A,BVW,BLUTI,1,,,9,,,39,,,,,NE,,,,,,,,,,,,,,,,,,,,,,,,,,,,,,,,,,,,,,,,,,,,
2984,1996,1,NEA,GRETI,1,,,4,,,,,5,,,NE,,,,,,,,,,,,,,,,,,,,,,,,,,,,,,,,,,,,,,,,,,,,
2985,1996,2,NEA,PIEFL,1,7,7,7,,,41,,,,,NE,,,,,,,,,,,13/06/1996,K184776,K184777,K184778,K184779,K184780,K184781,K184782,,,,,,,,,,,,,,,,,,,,,,,,,,
2986,1996,3,NEA,BLUTI,1,,,4,,,29,,5,,,NE,,,,,,,,,,,,,,,,,,,,,,,,,,,,,,,,,,,,,,,,,,,,
2987,1996,4,NEA,NUTHA,1,,,5,,,23,,,,,NE,,,,,,,,,,,,,,,,,,,,,,,,,,,,,,,,,,,,,,,,,,,,
2988,1996,5,NEA,BLUTI,1,,,6,,,31,,,,,NE,,,,,,,,,,,,,,,,,,,,,,,,,,,,,,,,,,,,,,,,,,,,
2989,1996,6,NEA,BLUTI,1,9,,7,,,33,,,,,NE,,,,,,,,,,,,,,,,,,,,,,,,,,,,,,,,,,,,,,,,,,,,
2990,1996,7,NEA,MARTI,1,,,0,,,24,,4,,,JD,,,,,,,,,,,,,,,,,,,,,,,,,,,,,,,,,,,,,,,,,,,,
2991,1996,8,NEA,NUTHA,1,6,,3,,,,,,,,NE,,,,,,,,,,,,,,,,,,,,,,,,,,,,,,,,,,,,,,,,,,,,
2992,1996,9,NEA,PIEFL,2,,0,0,,,,,5,,,ED,,,,,,,,,,,,,,,,,,,,,,,,,,,,,,,,,,,,,,,,,,,,
2993,1996,10,NEA,PIEFL,1,,0,0,,,44,,,,,EP,,,,,,,,,,,,,,,,,,,,,,,,,,,,,,,,,,,,,,,,,,,,
2994,1996,10,NEA,PIEFL,2,4,4,4,,,61,,,,,NE,,,,,,,,,,,,,,,,,,,,,,,,,,,,,,,,,,,,,,,,,,,,
2995,1996,11,NEA,BLUTI,1,10,10,10,,,40,,,,,NE,,,,,,,,,,,,,,,,,,,,,,,,,,,,,,,,,,,,,,,,,,,,
2996,1996,12,NEA,NUTHA,1,,,5,,,,,,,,NE,,,,,,,,,,,,,,,,,,,,,,,,,,,,,,,,,,,,,,,,,,,,
2997,1996,13,NEA,PIEFL,1,6,6,3,,,43,,,,,NE,,,,,,,,,,,13/06/1996,K184783,K184784,K184785,,,,,,,,,,,,,,,,,,,,,,,,,,,,,,
2998,1996,14,NEA,BLUTI,1,,,0,,,31,,,,,JD,,,,,,,,,,,,,,,,,,,,,,,,,,,,,,,,,,,,,,,,,,,,
2999,1996,15,NEA,PIEFL,1,,,4,,,45,,,,,NE,,,,,,,,,,,13/06/1996,K184786,K184787,K184788,K184789,,,,,,,,,,,,,,,,,,,,,,,,,,,,,
3000,1996,16,NEA,GRETI,1,,0,0,,,,,6,,,EP,,,,,,,,,,,,,,,,,,,,,,,,,,,,,,,,,,,,,,,,,,,,
3001,1996,17,NEA,PIEFL,1,4,4,4,,,46,,,,,NE,,,,,,,,,,,13/06/1996,K184790,K184791,K184792,K184793,,,,,,,,,,,,,,,,,,,,,,,,,,,,,
3002,1996,18,NEA,GRETI,2,,,7,,,61,,,,,NE,,,,,,,,,,,,,,,,,,,,,,,,,,,,,,,,,,,,,,,,,,,,
3003,1996,19,NEA,PIEFL,1,,0,0,,,,,2,,,"ED,FD",,,,,,,,,,,,,,,,,,,,,,,,,,,,,,,,,,,,,,,,,,,,
3004,1996,19,NEA,PIEFL,2,5,,,,,74,,,,,OU,,,,,,K184794,13/06/1996,13/06/1996,I,1,,,,,,,,,,,,,,,,,,,,,,,,,,,,,,,,,,
3005,1996,20,NEA,BLUTI,1,,,7,,,44,,,,,NE,,,,,,,,,,,,,,,,,,,,,,,,,,,,,,,,,,,,,,,,,,,,
3006,1996,104,YAR,BLUTI,1,,,9,,,31,,,,,NE,,,,,,,,,,,,,,,,,,,,,,,,,,,,,,,,,,,,,,,,,,,,
3007,1996,105,YAR,BLUTI,1,8,,5,,,32,,,,,NE,,,,,,,,,,,,,,,,,,,,,,,,,,,,,,,,,,,,,,,,,,,,
3008,1996,107,YAR,BLUTI,1,,0,0,,,23,,,,,ED,,,,,,,,,,,,,,,,,,,,,,,,,,,,,,,,,,,,,,,,,,,,
3009,1996,108,YAR,PIEFL,1,6,6,6,,,43,,,,,NE,,,,,,,,,,,12/06/1996,K184628,K184629,K184630,K184631,K184632,K184633,,,,,,,,,,,,,,,,,,,,,,,,,,,
3010,1996,109,YAR,PIEFL,1,6,6,5,,,,,,,,NE,,,,,,,,,,,19/06/1996,K184797,K184798,K184799,K184800,K184801,K184802,,,,,,,,,,,,,,,,,,,,,,,,,,,
3011,1996,110,YAR,BLUTI,1,7,,3,,,39,36,,,,NE,,,,,,,,,,,,,,,,,,,,,,,,,,,,,,,,,,,,,,,,,,,,
3012,1996,111,YAR,BLUTI,1,10,,2,,,27,,,,,NE,,,,,,,,,,,,,,,,,,,,,,,,,,,,,,,,,,,,,,,,,,,,
3013,1996,112,YAR,PIEFL,2,,0,0,,,,,4,,,ED,,,,,,,,,,,,,,,,,,,,,,,,,,,,,,,,,,,,,,,,,,,,
3014,1996,113,YAR,BLUTI,1,8,,5,,,30,,,,,NE,,,,,,,,,,,,,,,,,,,,,,,,,,,,,,,,,,,,,,,,,,,,
3015,1996,114,YAR,BLUTI,1,9,0,0,,,30,,,,,EO,,,,,,,,,,,,,,,,,,,,,,,,,,,,,,,,,,,,,,,,,,,,
3016,1996,116,YAR,PIEFL,1,4,3,3,,,,,,1,,NE,,,,,,,,,,,19/06/1996,K184803,K184804,K184805,,,,,,,,,,,,,,,,,,,,,,,,,,,,,,
3017,1996,117,YAR,BLUTI,1,7,,4,,,30,,,2,,NE,,,,,,,,,,,,,,,,,,,,,,,,,,,,,,,,,,,,,,,,,,,,
3018,1996,118,YAR,PIEFL,1,6,,5,,,40,,,,,NE,,,,,,,,,,,12/06/1996,K184634,K184635,K184636,K184637,K184638,,,,,,,,,,,,,,,,,,,,,,,,,,,,
3019,1996,119,YAR,BLUTI,1,13,,9,,,24,,,1,,NE,,,,,,,,,,,,,,,,,,,,,,,,,,,,,,,,,,,,,,,,,,,,
3020,1996,126,YAR,PIEFL,1,,0,0,,,,,1,,,ED,,,,,,,,,,,,,,,,,,,,,,,,,,,,,,,,,,,,,,,,,,,,
3021,1996,127,YAR,PIEFL,1,,0,0,,,,,3,,,ED,,,,,,,,,,,,,,,,,,,,,,,,,,,,,,,,,,,,,,,,,,,,
3022,1996,128,YAR,PIEFL,1,6,6,6,,,53,,,,,NE,,,,,,,,,,,19/06/1996,K184806,K184807,K184808,K184809,K184810,K184811,,,,,,,,,,,,,,,,,,,,,,,,,,,
3023,1996,129,YAR,BLUTI,1,9,,5,,,30,,,,,NE,,,,,,,,,,,,,,,,,,,,,,,,,,,,,,,,,,,,,,,,,,,,
3024,1996,130,YAR,PIEFL,1,,,5,,,43,,,,,NE,,,,,,,,,,,12/06/1996,K184639,K184640,K184641,K184642,K184643,,,,,,,,,,,,,,,,,,,,,,,,,,,,
3025,1996,132,YAR,BLUTI,1,,0,0,,,21,,,,,EP,,,,,,,,,,,,,,,,,,,,,,,,,,,,,,,,,,,,,,,,,,,,
3026,1996,132,YAR,BLUTI,1,,,7,,,45,,,,,NE,,,,,,,,,,,,,,,,,,,,,,,,,,,,,,,,,,,,,,,,,,,,
3027,1996,201,YAR,PIEFL,2,,0,0,,,,,1,,,ED,,,,,,,,,,,,,,,,,,,,,,,,,,,,,,,,,,,,,,,,,,,,
3028,1996,202,YAR,PIEFL,1,,0,0,,,38,,3,,,EP,,,,,,,,,,,,,,,,,,,,,,,,,,,,,,,,,,,,,,,,,,,,
3029,1996,203,YAR,GRETI,1,,,0,,,23,,,,,JD,,,,,,,,,,,,,,,,,,,,,,,,,,,,,,,,,,,,,,,,,,,,
3030,1996,205,YAR,PIEFL,1,5,5,5,,,,,,,,NE,,,,,,,,,,,19/06/1996,K184812,K184813,K184814,K184815,K184816,,,,,,,,,,,,,,,,,,,,,,,,,,,,
3031,1996,205,YAR,BLUTI,1,,0,0,,,30,,,,,EU,,,,,,,,,,,,,,,,,,,,,,,,,,,,,,,,,,,,,,,,,,,,
3032,1996,206,YAR,BLUTI,1,7,7,7,,,32,,,,,NE,,,,,,,,,,,,,,,,,,,,,,,,,,,,,,,,,,,,,,,,,,,,
3033,1996,208,YAR,BLUTI,1,9,0,0,,,21,,,,,ED,,,,,,,,,,,,,,,,,,,,,,,,,,,,,,,,,,,,,,,,,,,,
3034,1996,209,YAR,PIEFL,1,5,5,5,,,44,,,,,NE,,,,,,,,,,,12/06/1996,K184644,K184646,K184647,K184648,K184649,,,,,,,,,,,,,,,,,,,,,,,,,,,,
3035,1996,211,YAR,PIEFL,2,5,,1,,,,,,,,NE,,,,,,,,,,,,,,,,,,,,,,,,,,,,,,,,,,,,,,,,,,,,
3036,1996,211,YAR,PIEFL,1,6,0,0,,,41,,,,,ED,,,,,,,,,,,,,,,,,,,,,,,,,,,,,,,,,,,,,,,,,,,,
3037,1996,212,YAR,GRETI,1,6,6,4,,,29,,,,,NE,,,,,,,,,,,,,,,,,,,,,,,,,,,,,,,,,,,,,,,,,,,,
3038,1996,213,YAR,BLUTI,1,9,,5,,,26,,,,,NE,,,,,,,,,,,,,,,,,,,,,,,,,,,,,,,,,,,,,,,,,,,,
3039,1996,214,YAR,BLUTI,1,,,6,,,,,13,,,NE,,,,,,,,,,,,,,,,,,,,,,,,,,,,,,,,,,,,,,,,,,,,
3040,1996,215,YAR,BLUTI,1,8,4,0,,,29,,,,,JD,,,,,,,,,,,,,,,,,,,,,,,,,,,,,,,,,,,,,,,,,,,,
3041,1996,216,YAR,BLUTI,1,,0,0,,,,,,,,ED,,,,,,,,,,,,,,,,,,,,,,,,,,,,,,,,,,,,,,,,,,,,
3042,1996,216,YAR,BLUTI,2,,,4,,,,,,,,NE,,,,,,,,,,,,,,,,,,,,,,,,,,,,,,,,,,,,,,,,,,,,
3043,1996,217,YAR,PIEFL,1,,0,0,,,44,,,,,ED,,,,,,,,,,,,,,,,,,,,,,,,,,,,,,,,,,,,,,,,,,,,
3044,1996,218,YAR,PIEFL,1,5,4,4,,,58,,,,,NE,,,,,,K184650,12/06/1996,12/06/1996,I,1,19/06/1996,K184817,K184818,K184819,K184820,,,,,,,,,,,,,,,,,,,,,,,,,,,,,
3045,1996,219,YAR,PIEFL,1,6,6,6,,,45,,,,,NE,,,,,,,,,,,12/06/1996,K184651,K184652,K184653,K184654,K184655,K184656,,,,,,,,,,,,,,,,,,,,,,,,,,,
3046,1996,220,YAR,BLUTI,1,9,,8,,,28,,,,,NE,,,,,,,,,,,,,,,,,,,,,,,,,,,,,,,,,,,,,,,,,,,,
3047,1996,221,YAR,BLUTI,1,7,6,5,,,42,,,,,NE,,,,,,,,,,,,,,,,,,,,,,,,,,,,,,,,,,,,,,,,,,,,
3048,1996,222,YAR,PIEFL,1,9,7,7,,,44,73,,,,NE,,,,,,J314077,12/06/1996,02/06/1994,I,2,19/06/1996,K184821,K184822,K184823,K184824,K184825,K184826,K184827,,,,,,,,,,,,,,,,,,,,,,,,,,
3049,1996,224,YAR,PIEFL,1,,,4,,,45,,,,,NE,,,,,,,,,,,12/06/1996,K184657,K184658,K184659,K184660,,,,,,,,,,,,,,,,,,,,,,,,,,,,,
3050,1996,225,YAR,BLUTI,1,10,,3,,,31,,,,,NE,,,,,,,,,,,,,,,,,,,,,,,,,,,,,,,,,,,,,,,,,,,,
3051,1996,226,YAR,GRETI,1,3,3,1,,,32,,,,,NE,,,,,,,,,,,,,,,,,,,,,,,,,,,,,,,,,,,,,,,,,,,,
3052,1996,227,YAR,PIEFL,1,5,,4,,,38,,,,,NE,,,,,,,,,,,12/06/1996,K184661,K184662,K184663,K184664,,,,,,,,,,,,,,,,,,,,,,,,,,,,,
3053,1996,228,YAR,BLUTI,1,10,8,8,,,30,,,,,NE,,,,,,,,,,,,,,,,,,,,,,,,,,,,,,,,,,,,,,,,,,,,
3054,1996,229,YAR,PIEFL,1,5,4,4,,,44,,,,,NE,,,,,,,,,,,,,,,,,,,,,,,,,,,,,,,,,,,,,,,,,,,,
3055,1996,230,YAR,BLUTI,1,7,,6,,,32,,,,,NE,,,,,,,,,,,,,,,,,,,,,,,,,,,,,,,,,,,,,,,,,,,,
3056,1996,231,YAR,BLUTI,1,7,0,0,,,31,,,,,ED,,,,,,,,,,,,,,,,,,,,,,,,,,,,,,,,,,,,,,,,,,,,
3057,1996,232,YAR,BLUTI,1,5,0,0,,,,,,,,ED,,,,,,,,,,,,,,,,,,,,,,,,,,,,,,,,,,,,,,,,,,,,
3058,1996,233,YAR,PIEFL,1,6,6,5,,,59,,,,,NE,,,,,,,,,,,26/06/1996,K184867,K184868,K184869,K184870,K184871,,,,,,,,,,,,,,,,,,,,,,,,,,,,
3059,1996,234,YAR,PIEFL,1,6,6,6,,,43,67,,,,NE,,,,,,,,,,,12/06/1996,K184665,K184666,K184667,K184668,K184669,K184670,,,,,,,,,,,,,,,,,,,,,,,,,,,
3060,1996,236,YAR,BLUTI,1,7,7,6,,,38,,,,,NE,,,,,,,,,,,,,,,,,,,,,,,,,,,,,,,,,,,,,,,,,,,,
3061,1996,237,YAR,BLUTI,1,9,6,6,,,,,,,,NE,,,,,,,,,,,,,,,,,,,,,,,,,,,,,,,,,,,,,,,,,,,,
3062,1996,238,YAR,BLUTI,1,8,,6,,,30,,,,,NE,,,,,,,,,,,,,,,,,,,,,,,,,,,,,,,,,,,,,,,,,,,,
3063,1996,239,YAR,PIEFL,1,7,,5,,,37,,,,,NE,,,,,,,,,,,12/06/1996,K184671,K184672,K184673,K184674,K184675,,,,,,,,,,,,,,,,,,,,,,,,,,,,
3064,1996,240,YAR,GRETI,2,,,0,,,,,8,,,JD,,,,,,,,,,,,,,,,,,,,,,,,,,,,,,,,,,,,,,,,,,,,
3065,1996,241,YAR,PIEFL,1,6,6,5,,,60,,,,,NE,,,,,,K184676,12/06/1996,12/06/1996,I,1,26/06/1996,K184872,K184873,K184874,K184875,K184876,,,,,,,,,,,,,,,,,,,,,,,,,,,,
3066,1996,243,YAR,GRETI,1,,,0,,,,,4,,,JD,,,,,,,,,,,,,,,,,,,,,,,,,,,,,,,,,,,,,,,,,,,,
3067,1996,244,YAR,PIEFL,1,6,6,5,,,37,,,,,NE,,,,,,,,,,,12/06/1996,K184677,K184678,K184679,K184680,K184681,,,,,,,,,,,,,,,,,,,,,,,,,,,,
3068,1996,245,YAR,BLUTI,1,12,,8,,,24,,,,,NE,,,,,,,,,,,,,,,,,,,,,,,,,,,,,,,,,,,,,,,,,,,,
3069,1996,246,YAR,PIEFL,1,6,5,4,,,57,,,,,NE,,,,,,K184682,12/06/1996,12/06/1996,I,1,26/06/1996,K184877,K184878,K184879,K184880,K184881,,,,,,,,,,,,,,,,,,,,,,,,,,,,
3070,1996,247,YAR,PIEFL,1,7,6,0,,,53,,,,,JD,,,,,,,,,,,,,,,,,,,,,,,,,,,,,,,,,,,,,,,,,,,,
3071,1996,248,YAR,GRETI,1,,,0,,,,,9,,,EP,,,,,,,,,,,,,,,,,,,,,,,,,,,,,,,,,,,,,,,,,,,,
3072,1996,249,YAR,BLUTI,1,11,4,0,,,24,,,,,JD,,,,,,,,,,,,,,,,,,,,,,,,,,,,,,,,,,,,,,,,,,,,
3073,1996,250,YAR,PIEFL,1,6,6,6,,,39,,,,,NE,,,,,,,,,,,12/06/1996,K184683,K184684,K184685,K184686,K184687,K184688,,,,,,,,,,,,,,,,,,,,,,,,,,,
3074,1996,301,YAR,BLUTI,1,10,10,10,,,30,,,,,NE,,,,,,,,,,,,,,,,,,,,,,,,,,,,,,,,,,,,,,,,,,,,
3075,1996,303,YAR,PIEFL,1,6,6,0,,,53,,,,,JD,,,,,,K184695,13/06/1996,13/06/1996,I,1,19/06/1996,K184828,K184829,K184830,K184831,K184832,K184833,,,,,,,,,,,,,,,,,,,,,,,,,,,
3076,1996,304,YAR,PIEFL,1,5,5,5,,,43,,,,,NE,,,,,,,,,,,13/06/1996,K184696,K184697,K184698,K184699,K184700,,,,,,,,,,,,,,,,,,,,,,,,,,,,
3077,1996,306,YAR,BLUTI,1,12,,11,,,31,,,,,NE,,,,,,,,,,,,,,,,,,,,,,,,,,,,,,,,,,,,,,,,,,,,
3078,1996,307,YAR,PIEFL,1,6,6,6,,,39,,,,,NE,,,,,,,,,,,13/06/1996,K184701,K184702,K184703,K184704,K184705,K184706,,,,,,,,,,,,,,,,,,,,,,,,,,,
3079,1996,308,YAR,BLUTI,1,7,7,7,,,30,,,,,NE,,,,,,,,,,,,,,,,,,,,,,,,,,,,,,,,,,,,,,,,,,,,
3080,1996,311,YAR,BLUTI,1,13,,12,,,28,,,,,NE,,,,,,,,,,,,,,,,,,,,,,,,,,,,,,,,,,,,,,,,,,,,
3081,1996,312,YAR,PIEFL,1,,,0,,,39,,,,,JD,,,,,,,,,,,,,,,,,,,,,,,,,,,,,,,,,,,,,,,,,,,,
3082,1996,313,YAR,PIEFL,1,,,5,,,40,,6,,,NE,,,,,,,,,,,13/06/1996,K184707,K184708,K184709,K184710,K184711,K184712,,,,,,,,,,,,,,,,,,,,,,,,,,,
3083,1996,314,YAR,PIEFL,2,6,6,6,,,58,,,,,NE,,,,,,K184713,13/06/1996,13/06/1996,I,1,26/06/1996,K184886,K184887,K184888,K184889,K184890,K184891,,,,,,,,,,,,,,,,,,,,,,,,,,,
3084,1996,315,YAR,PIEFL,1,,0,0,,,45,,3,,,ED,,,,,,,,,,,,,,,,,,,,,,,,,,,,,,,,,,,,,,,,,,,,
3085,1996,316,YAR,BLUTI,1,10,,0,,,30,,,,,OU,,,,,,,,,,,,,,,,,,,,,,,,,,,,,,,,,,,,,,,,,,,,
3086,1996,317,YAR,BLUTI,1,12,,11,,,28,,,,,NE,,,,,,,,,,,,,,,,,,,,,,,,,,,,,,,,,,,,,,,,,,,,
3087,1996,318,YAR,PIEFL,1,6,6,6,,,,,,,,NE,,,,,,,,,,,,,,,,,,,,,,,,,,,,,,,,,,,,,,,,,,,,
3088,1996,319,YAR,PIEFL,1,7,0,0,,,36,,,,,ED,,,,,,,,,,,,,,,,,,,,,,,,,,,,,,,,,,,,,,,,,,,,
3089,1996,320,YAR,GRETI,1,,,2,,,30,,,,,NE,,,,,,,,,,,,,,,,,,,,,,,,,,,,,,,,,,,,,,,,,,,,
3090,1996,321,YAR,PIEFL,1,6,6,6,,,38,,,,,NE,,,,,,,,,,,13/06/1996,K184714,K184715,K184716,K184717,K184718,K184719,,,,,,,,,,,,,,,,,,,,,,,,,,,
3091,1996,322,YAR,BLUTI,1,12,,4,,,23,,,,,NE,,,,,,,,,,,,,,,,,,,,,,,,,,,,,,,,,,,,,,,,,,,,
3092,1996,323,YAR,GRETI,1,,,5,,,,,,,,NE,,,,,,,,,,,,,,,,,,,,,,,,,,,,,,,,,,,,,,,,,,,,
3093,1996,324,YAR,BLUTI,1,,,8,,,40,,,,,NE,,,,,,,,,,,,,,,,,,,,,,,,,,,,,,,,,,,,,,,,,,,,
3094,1996,325,YAR,PIEFL,1,,,2,,,,,,,,NE,,,,,,,,,,,13/06/1996,K184720,K184721,,,,,,,,,,,,,,,,,,,,,,,,,,,,,,,
3095,1996,326,YAR,PIEFL,1,6,,3,,,,,,,,NE,,,,,,,,,,,13/06/1996,K184722,K184723,K184724,,,,,,,,,,,,,,,,,,,,,,,,,,,,,,
3096,1996,327,YAR,PIEFL,1,,,7,,,44,,,,,NE,,,,,,,,,,,13/06/1996,K184725,K184726,K184727,K184728,K184729,K184730,K184731,,,,,,,,,,,,,,,,,,,,,,,,,,
3097,1996,328,YAR,BLUTI,1,12,,11,,,31,,,,,NE,,,,,,,,,,,,,,,,,,,,,,,,,,,,,,,,,,,,,,,,,,,,
3098,1996,329,YAR,BLUTI,1,8,,0,,,39,,,,,JD,,,,,,,,,,,,,,,,,,,,,,,,,,,,,,,,,,,,,,,,,,,,
3099,1996,330,YAR,BLUTI,1,10,,8,,,33,,,,,NE,,,,,,,,,,,,,,,,,,,,,,,,,,,,,,,,,,,,,,,,,,,,
3100,1996,331,YAR,NUTHA,1,6,,3,,,,,,,,NE,,,,,,,,,,,,,,,,,,,,,,,,,,,,,,,,,,,,,,,,,,,,
3101,1996,332,YAR,PIEFL,1,,,7,,,38,,,,,NE,,,,,,,,,,,13/06/1996,K184732,K184733,K184734,K184735,K184736,K184737,K184738,,,,,,,,,,,,,,,,,,,,,,,,,,
3102,1996,333,YAR,GRETI,1,4,,3,,,,,,,,NE,,,,,,,,,,,,,,,,,,,,,,,,,,,,,,,,,,,,,,,,,,,,
3103,1996,334,YAR,PIEFL,1,,,3,,,52,,,,,NE,,,,,,,,,,,19/06/1996,K184834,K184835,K184836,K184837,K184838,K184839,,,,,,,,,,,,,,,,,,,,,,,,,,,
3104,1996,335,YAR,BLUTI,1,13,,4,,,30,,,,,NE,,,,,,,,,,,,,,,,,,,,,,,,,,,,,,,,,,,,,,,,,,,,
3105,1996,336,YAR,BLUTI,1,11,,8,,,31,,,,,NE,,,,,,,,,,,,,,,,,,,,,,,,,,,,,,,,,,,,,,,,,,,,
3106,1996,337,YAR,PIEFL,1,4,,0,,,45,,,,,JD,,,,,,,,,,,,,,,,,,,,,,,,,,,,,,,,,,,,,,,,,,,,
3107,1996,339,YAR,BLUTI,1,,,1,,,28,,,,,NE,,,,,,,,,,,,,,,,,,,,,,,,,,,,,,,,,,,,,,,,,,,,
3108,1996,340,YAR,PIEFL,1,,0,0,,,,,2,,,ED,,,,,,,,,,,,,,,,,,,,,,,,,,,,,,,,,,,,,,,,,,,,
3109,1996,340,YAR,BLUTI,2,,,3,,,,,,,,NE,,,,,,,,,,,,,,,,,,,,,,,,,,,,,,,,,,,,,,,,,,,,
3110,1996,341,YAR,PIEFL,1,,,3,,,45,,,,,NE,,,,,,,,,,,13/06/1996,K184739,K184740,K184741,,,,,,,,,,,,,,,,,,,,,,,,,,,,,,
3111,1996,342,YAR,BLUTI,1,9,9,6,,,27,,,,,NE,,,,,,,,,,,,,,,,,,,,,,,,,,,,,,,,,,,,,,,,,,,,
3112,1996,343,YAR,PIEFL,1,7,,6,,,31,,,,,NE,,,,,,,,,,,,,,,,,,,,,,,,,,,,,,,,,,,,,,,,,,,,
3113,1996,344,YAR,PIEFL,1,6,6,0,,,,,,,,JD,,,,,,,,,,,19/06/1996,K184840,K184841,K184842,K184843,K184844,K184845,,,,,,,,,,,,,,,,,,,,,,,,,,,
3114,1996,345,YAR,BLUTI,1,9,9,9,,,29,,,,,NE,,,,,,,,,,,,,,,,,,,,,,,,,,,,,,,,,,,,,,,,,,,,
3115,1996,346,YAR,NUTHA,1,,0,0,,,,,,3,,ED,,,,,,,,,,,,,,,,,,,,,,,,,,,,,,,,,,,,,,,,,,,,
3116,1996,347,YAR,BLUTI,1,11,,4,,,25,,,,,NE,,,,,,,,,,,,,,,,,,,,,,,,,,,,,,,,,,,,,,,,,,,,
3117,1996,348,YAR,GRETI,1,9,0,0,,,24,,,,,ED,,,,,,,,,,,,,,,,,,,,,,,,,,,,,,,,,,,,,,,,,,,,
3118,1996,349,YAR,BLUTI,1,9,8,8,,,31,,,,,NE,,,,,,,,,,,,,,,,,,,,,,,,,,,,,,,,,,,,,,,,,,,,
3119,1996,350,YAR,PIEFL,1,,,5,,,,,,,,NE,,,,,,,,,,,13/06/1996,K184742,K184743,K184744,K184745,K184746,,,,,,,,,,,,,,,,,,,,,,,,,,,,
3120,1996,351,YAR,PIEFL,1,8,8,6,,,53,,,,,NE,,,,,,,,,,,19/06/1996,K184846,K184847,K184848,K184849,K184850,K184851,K184852,K184853,,,,,,,,,,,,,,,,,,,,,,,,,
3121,1996,352,YAR,BLUTI,1,8,0,0,,,29,,,,,ED,,,,,,,,,,,,,,,,,,,,,,,,,,,,,,,,,,,,,,,,,,,,
3122,1996,353,YAR,PIEFL,1,5,5,5,,,59,,,,,NE,,,,,,,,,,,26/06/1996,K184892,K184893,K184894,K184895,K184896,,,,,,,,,,,,,,,,,,,,,,,,,,,,
3123,1996,353,YAR,BLUTI,1,,0,0,,,38,,7,,,ED,,,,,,,,,,,,,,,,,,,,,,,,,,,,,,,,,,,,,,,,,,,,
3124,1996,354,YAR,NUTHA,1,,,1,,,40,,,,,NE,,,,,,,,,,,,VK80101,,,,,,,,,,,,,,,,,,,,,,,,,,,,,,,,
3125,1996,355,YAR,BLUTI,1,11,,3,,,26,,,,,NE,,,,,,,,,,,,,,,,,,,,,,,,,,,,,,,,,,,,,,,,,,,,
3126,1996,311B,YAR,PIEFL,1,5,4,4,,,61,,,,,NE,,,,,,,,,,,26/06/1996,K184882,K184883,K184884,K184885,,,,,,,,,,,,,,,,,,,,,,,,,,,,,
3127,1996,311B,YAR,BLUTI,1,,0,0,,,30,,,,,ED,,,,,,,,,,,,,,,,,,,,,,,,,,,,,,,,,,,,,,,,,,,,
3128,1996,HIDE1,YAR,BLUTI,1,7,0,0,,,35,,,,,ED,,,,,,,,,,,,,,,,,,,,,,,,,,,,,,,,,,,,,,,,,,,,
3129,1996,HIDE10,YAR,BLUTI,1,12,0,0,,,29,,,,,ED,,,,,,,,,,,,,,,,,,,,,,,,,,,,,,,,,,,,,,,,,,,,
3130,1996,HIDE3,YAR,GRETI,1,,,6,,,44,36,,,,NE,,,,,,,,,,,,,,,,,,,,,,,,,,,,,,,,,,,,,,,,,,,,
3131,1996,HIDE7,YAR,BLUTI,1,,0,0,,,,,5,,,ED,,,,,,,,,,,,,,,,,,,,,,,,,,,,,,,,,,,,,,,,,,,,
3132,1996,HIDE8,YAR,PIEFL,1,,,5,,,,,,,,NE,,,,,,,,,,,19/06/1996,K184854,K184855,K184856,K184857,K184858,,,,,,,,,,,,,,,,,,,,,,,,,,,,
3133,1996,HIDE9,YAR,PIEFL,1,5,5,5,,,44,,,,,NE,,,,,,,,,,,13/06/1996,K184747,K184748,K184749,K184750,K184751,,,,,,,,,,,,,,,,,,,,,,,,,,,,
3134,1997,1,BVW,PIEFL,1,,,5,,,,,7,2,,NE,,,,,,,,,,,,,,,,,,,,,,,,,,,,,,,,,,,,,,,,,,,,
3135,1997,3,BVW,PIEFL,1,,,7,,,40,,,,,NE,,,,,,,,,,,12/06/1997,K185406,K185407,K185408,K185409,K185410,K185411,K185412,,,,,,,,,,,,,,,,,,,,,,,,,,
3136,1997,4,BVW,BLUTI,1,,,7,,,,,,,,NE,,,,,,,,,,,,,,,,,,,,,,,,,,,,,,,,,,,,,,,,,,,,
3137,1997,5,BVW,PIEFL,1,,,9,,,,,,,,NE,,,,,,,,,,,,,,,,,,,,,,,,,,,,,,,,,,,,,,,,,,,,
3138,1997,5,BVW,BLUTI,1,,0,0,,,30,,,,,OU,,,,,,,,,,,,,,,,,,,,,,,,,,,,,,,,,,,,,,,,,,,,
3139,1997,6,BVW,PIEFL,1,,,7,,,,,,,,NE,,,,,,,,,,,,,,,,,,,,,,,,,,,,,,,,,,,,,,,,,,,,
3140,1997,7,BVW,GRETI,1,,,2,,,30,,,,,NE,,,,,,,,,,,,,,,,,,,,,,,,,,,,,,,,,,,,,,,,,,,,
3141,1997,8,BVW,BLUTI,1,,,11,,,,,,,,NE,,,,,,,,,,,,,,,,,,,,,,,,,,,,,,,,,,,,,,,,,,,,
3142,1997,9,BVW,BLUTI,1,,,11,,,,44,,,,NE,,,,,,,,,,,,,,,,,,,,,,,,,,,,,,,,,,,,,,,,,,,,
3143,1997,10,BVW,PIEFL,1,,,6,,,,,,,,NE,,,,,,,,,,,,,,,,,,,,,,,,,,,,,,,,,,,,,,,,,,,,
3144,1997,11,BVW,BLUTI,1,,,7,,,,,,,,NE,,,,,,,,,,,,,,,,,,,,,,,,,,,,,,,,,,,,,,,,,,,,
3145,1997,13,BVW,PIEFL,1,,,5,,,,,8,,,NE,,,,,,,,,,,,,,,,,,,,,,,,,,,,,,,,,,,,,,,,,,,,
3146,1997,14,BVW,BLUTI,1,,,10,,,,,,,,NE,,,,,,,,,,,,,,,,,,,,,,,,,,,,,,,,,,,,,,,,,,,,
3147,1997,15,BVW,BLUTI,1,,,12,,,,,,,,NE,,,,,,,,,,,,,,,,,,,,,,,,,,,,,,,,,,,,,,,,,,,,
3148,1997,16,BVW,GRETI,1,,,6,,,,,,,,NE,,,,,,,,,,,,,,,,,,,,,,,,,,,,,,,,,,,,,,,,,,,,
3149,1997,17,BVW,NUTHA,1,8,,5,,,,,,,,NE,,,,,,,,,,,,,,,,,,,,,,,,,,,,,,,,,,,,,,,,,,,,
3150,1997,18,BVW,BLUTI,1,,,8,,,,,,,,NE,,,,,,,,,,,,,,,,,,,,,,,,,,,,,,,,,,,,,,,,,,,,
3151,1997,19,BVW,PIEFL,1,,,6,,,,,,,,NE,,,,,,,,,,,06/06/1997,K185232,K185233,K185234,K185235,K185236,K185237,,,,,,,,,,,,,,,,,,,,,,,,,,,
3152,1997,20,BVW,BLUTI,1,,0,0,,,23,,11,,,ED,,,,,,,,,,,,,,,,,,,,,,,,,,,,,,,,,,,,,,,,,,,,
3153,1997,21,BVW,PIEFL,1,,,7,,,40,,,,,NE,,,,,,,,,,,06/06/1997,K185238,K185239,K185240,K185241,K185242,K185243,K185244,,,,,,,,,,,,,,,,,,,,,,,,,,
3154,1997,22,BVW,BLUTI,1,,,11,,,,,,,,NE,,,,,,,,,,,,,,,,,,,,,,,,,,,,,,,,,,,,,,,,,,,,
3155,1997,23,BVW,PIEFL,1,,,4,,,41,,5,,,NE,,,,,,,,,,,12/06/1997,K185413,K185414,K185415,K185416,K185417,,,,,,,,,,,,,,,,,,,,,,,,,,,,
3156,1997,24,BVW,BLUTI,1,,,8,,,,,9,,,NE,,,,,,,,,,,,,,,,,,,,,,,,,,,,,,,,,,,,,,,,,,,,
3157,1997,18A,BVW,BLUTI,1,,,7,,,,,8,,,NE,,,,,,,,,,,,,,,,,,,,,,,,,,,,,,,,,,,,,,,,,,,,
3158,1997,1,NEA,GRETI,1,,,6,,,,,7,1,,NE,,,,,,,,,,,,,,,,,,,,,,,,,,,,,,,,,,,,,,,,,,,,
3159,1997,2,NEA,PIEFL,1,7,2,1,,,,,,,,NE,,,,,,,,,,,06/06/1997,K185186,,,,,,,,,,,,,,,,,,,,,,,,,,,,,,,,
3160,1997,4,NEA,PIEFL,1,,,5,,,,,6,,,NE,,,,,,,,,,,06/06/1997,K185187,K185188,K185189,K185190,K185191,,,,,,,,,,,,,,,,,,,,,,,,,,,,
3161,1997,5,NEA,BLUTI,1,,,7,,,,,,,,NE,,,,,,,,,,,,,,,,,,,,,,,,,,,,,,,,,,,,,,,,,,,,
3162,1997,6,NEA,PIEFL,1,,,7,,,,,,,,NE,,,,,,,,,,,06/06/1997,K185192,K185193,K185194,K185195,K185196,K185197,K185198,,,,,,,,,,,,,,,,,,,,,,,,,,
3163,1997,7,NEA,NUTHA,1,,,7,,,,,,,,NE,,,,,,,,,,,,,,,,,,,,,,,,,,,,,,,,,,,,,,,,,,,,
3164,1997,8,NEA,PIEFL,1,7,7,7,,,,,,,,NE,,,,,,,,,,,06/06/1997,K185199,K185200,K185201,K185202,K185203,K185204,K185205,,,,,,,,,,,,,,,,,,,,,,,,,,
3165,1997,9,NEA,BLUTI,1,,,7,,,,,8,1,,NE,,,,,,,,,,,,,,,,,,,,,,,,,,,,,,,,,,,,,,,,,,,,
3166,1997,10,NEA,BLUTI,1,,,7,,,,,9,2,,NE,,,,,,,,,,,,,,,,,,,,,,,,,,,,,,,,,,,,,,,,,,,,
3167,1997,11,NEA,BLUTI,1,9,,,,,,,,,,OU,,,,,,,,,,,,,,,,,,,,,,,,,,,,,,,,,,,,,,,,,,,,
3168,1997,12,NEA,BLUTI,1,,,0,,,28,,10,,,JD,,,,,,,,,,,,,,,,,,,,,,,,,,,,,,,,,,,,,,,,,,,,
3169,1997,13,NEA,PIEFL,1,6,6,6,,,,,,,,NE,,,,,,,,,,,06/06/1997,K185206,K185207,K185208,K185209,K185210,K185211,,,,,,,,,,,,,,,,,,,,,,,,,,,
3170,1997,14,NEA,BLUTI,1,8,8,8,,,,,,,,NE,,,,,,,,,,,,,,,,,,,,,,,,,,,,,,,,,,,,,,,,,,,,
3171,1997,17,NEA,PIEFL,1,,,7,,,,,,,,NE,,,,,,,,,,,06/06/1997,K185212,K185213,K185214,K185215,K185216,K185217,K185218,,,,,,,,,,,,,,,,,,,,,,,,,,
3172,1997,18,NEA,GRETI,1,,,7,,,,,,,,NE,,,,,,,,,,,,,,,,,,,,,,,,,,,,,,,,,,,,,,,,,,,,
3173,1997,19,NEA,PIEFL,1,,,7,,,,,,,,NE,,,,,,,,,,,06/06/1997,K185219,K185220,K185221,K185222,K185223,K185224,K185225,,,,,,,,,,,,,,,,,,,,,,,,,,
3174,1997,20,NEA,PIEFL,1,,,6,,,,,7,,,NE,,,,,,,,,,,06/06/1997,K185226,K185227,K185228,K185229,K185230,K185231,,,,,,,,,,,,,,,,,,,,,,,,,,,
3175,1997,101,YAR,GRETI,1,,,2,,,,,,,,NE,,,,,,,,,,,,,,,,,,,,,,,,,,,,,,,,,,,,,,,,,,,,
3176,1997,103,YAR,PIEFL,1,,,4,,,,,,,,NE,,,,,,K185106,04/06/1997,04/06/1997,I,1,10/06/1997,K185273,K185274,K185275,K185276,,,,,,,,,,,,,,,,,,,,,,,,,,,,,
3177,1997,104,YAR,BLUTI,1,10,10,10,,,,,,,,NE,,,,,,,,,,,,,,,,,,,,,,,,,,,,,,,,,,,,,,,,,,,,
3178,1997,105,YAR,NUTHA,1,,,0,,,23,,6,,,JD,,,,,,,,,,,,,,,,,,,,,,,,,,,,,,,,,,,,,,,,,,,,
3179,1997,107,YAR,BLUTI,1,9,,0,,,,,,,,JD,,,,,,,,,,,,,,,,,,,,,,,,,,,,,,,,,,,,,,,,,,,,
3180,1997,108,YAR,GRETI,1,5,,0,,,35,,,,,JD,,,,,,,,,,,,,,,,,,,,,,,,,,,,,,,,,,,,,,,,,,,,
3181,1997,109,YAR,PIEFL,1,,,6,,,,,,,,NE,,,,,,,,,,,10/06/1997,K185277,K185278,K185279,K185280,K185281,K185282,,,,,,,,,,,,,,,,,,,,,,,,,,,
3182,1997,110,YAR,BLUTI,1,12,,,,,19,,,,,OU,,,,,,,,,,,,,,,,,,,,,,,,,,,,,,,,,,,,,,,,,,,,
3183,1997,112,YAR,PIEFL,1,,,7,,,38,,,,,NE,,,,,,,,,,,05/06/1997,K185107,K185108,K185109,K185110,K185111,K185112,K185113,,,,,,,,,,,,,,,,,,,,,,,,,,
3184,1997,113,YAR,BLUTI,1,,,7,,,33,,,,,NE,,,,,,,,,,,,,,,,,,,,,,,,,,,,,,,,,,,,,,,,,,,,
3185,1997,114,YAR,BLUTI,1,,0,0,,,,,2,,,ED,,,,,,,,,,,,,,,,,,,,,,,,,,,,,,,,,,,,,,,,,,,,
3186,1997,116,YAR,PIEFL,1,7,7,5,,,,,,,,NE,,,,,,,,,,,05/06/1997,K185114,K185115,K185116,K185117,K185118,K185119,,,,,,,,,,,,,,,,,,,,,,,,,,,
3187,1997,117,YAR,PIEFL,1,,,7,,,,,,,,NE,,,,,,,,,,,10/06/1997,K185283,K185284,K185285,K185286,K185287,K185288,,,,,,,,,,,,,,,,,,,,,,,,,,,
3188,1997,123,YAR,PIEFL,1,7,,2,,,36,,,,,NE,,,,,,,,,,,05/06/1997,K185120,K185121,,,,,,,,,,,,,,,,,,,,,,,,,,,,,,,
3189,1997,132,YAR,PIEFL,1,5,,0,,,,,,2,,JD,,,,,,,,,,,,,,,,,,,,,,,,,,,,,,,,,,,,,,,,,,,,
3190,1997,202,YAR,BLUTI,1,,,7,,,,,,,,NE,,,,,,,,,,,,,,,,,,,,,,,,,,,,,,,,,,,,,,,,,,,,
3191,1997,205,YAR,GRETI,1,,,1,,,,,,,,NE,,,,,,,,,,,,,,,,,,,,,,,,,,,,,,,,,,,,,,,,,,,,
3192,1997,206,YAR,BLUTI,1,,,7,,,,,,,,NE,,,,,,,,,,,,,,,,,,,,,,,,,,,,,,,,,,,,,,,,,,,,
3193,1997,211,YAR,PIEFL,1,7,7,7,,,,,,,,NE,,,,,,,,,,,10/06/1997,K185289,K185290,K185291,K185292,K185293,K185294,K185295,,,,,,,,,,,,,,,,,,,,,,,,,,
3194,1997,213,YAR,BLUTI,1,,,,,,20,,,,,OU,,,,,,,,,,,,,,,,,,,,,,,,,,,,,,,,,,,,,,,,,,,,
3195,1997,215,YAR,PIEFL,1,,,7,,,,,,,,NE,,,,,,,,,,,10/06/1997,K185296,K185297,K185298,K185299,K185300,K185301,K185302,,,,,,,,,,,,,,,,,,,,,,,,,,
3196,1997,216,YAR,BLUTI,1,7,0,0,,,,,,,,ED,,,,,,,,,,,,,,,,,,,,,,,,,,,,,,,,,,,,,,,,,,,,
3197,1997,218,YAR,BLUTI,1,,,,,,23,,,,,OU,,,,,,,,,,,,,,,,,,,,,,,,,,,,,,,,,,,,,,,,,,,,
3198,1997,220,YAR,BLUTI,1,10,0,0,,,21,,,,,ED,,,,,,,,,,,,,,,,,,,,,,,,,,,,,,,,,,,,,,,,,,,,
3199,1997,222,YAR,PIEFL,1,8,6,6,,,35,,,2,,NE,,,,,,,,,,,05/06/1997,K185114,K185115,K185116,K185117,K185118,K185119,,,,,,,,,,,,,,,,,,,,,,,,,,,
3200,1997,224,YAR,PIEFL,1,7,7,7,,,,,,,,NE,,,,,,,,,,,10/06/1997,K185303,K185304,K185305,K185306,K185307,K185308,K185309,,,,,,,,,,,,,,,,,,,,,,,,,,
3201,1997,225,YAR,BLUTI,1,13,13,,,,20,,,,,OU,,,,,,,,,,,,,,,,,,,,,,,,,,,,,,,,,,,,,,,,,,,,
3202,1997,226,YAR,GRETI,1,,,7,,,,,,,,NE,,,,,,,,,,,,,,,,,,,,,,,,,,,,,,,,,,,,,,,,,,,,
3203,1997,227,YAR,BLUTI,1,,,,,,23,,,,,OU,,,,,,,,,,,,,,,,,,,,,,,,,,,,,,,,,,,,,,,,,,,,
3204,1997,229,YAR,GRETI,1,,,,,,,,4,,,OU,,,,,,,,,,,,,,,,,,,,,,,,,,,,,,,,,,,,,,,,,,,,
3205,1997,230,YAR,PIEFL,1,6,,3,,,,,,,,NE,,,,,,,,,,,10/06/1997,K185310,K185311,K185312,,,,,,,,,,,,,,,,,,,,,,,,,,,,,,
3206,1997,231,YAR,BLUTI,1,7,7,7,,,,,,,,NE,,,,,,,,,,,,,,,,,,,,,,,,,,,,,,,,,,,,,,,,,,,,
3207,1997,232,YAR,PIEFL,1,,,4,,,,,5,,,NE,,,,,,,,,,,,,,,,,,,,,,,,,,,,,,,,,,,,,,,,,,,,
3208,1997,234,YAR,BLUTI,1,,,6,,,,,7,,,NE,,,,,,,,,,,,,,,,,,,,,,,,,,,,,,,,,,,,,,,,,,,,
3209,1997,235,YAR,PIEFL,1,8,8,8,,,,,,,,NE,,,,,,,,,,,10/06/1997,K185313,K185314,K185315,K185316,K185317,K185318,K185319,K185320,,,,,,,,,,,,,,,,,,,,,,,,,
3210,1997,236,YAR,NUTHA,1,6,,,,,,,,,,OU,,,,,,,,,,,,,,,,,,,,,,,,,,,,,,,,,,,,,,,,,,,,
3211,1997,237,YAR,BLUTI,1,,,,,,19,,,,,OU,,,,,,,,,,,,,,,,,,,,,,,,,,,,,,,,,,,,,,,,,,,,
3212,1997,238,YAR,PIEFL,1,,0,0,,,37,,,,,ED,,,,,,,,,,,,,,,,,,,,,,,,,,,,,,,,,,,,,,,,,,,,
3213,1997,240,YAR,REDST,1,7,7,7,,,39,,,,,NE,,,,,,,,,,,04/06/1997,K185128,K185129,K185130,K185131,K185132,K185133,K185134,,,,,,,,,,,,,,,,,,,,,,,,,,
3214,1997,241,YAR,PIEFL,1,7,7,7,,,,,,,,NE,,,,,,,,,,,10/06/1997,K185321,K185322,K185323,K185324,K185325,K185326,K185327,,,,,,,,,,,,,,,,,,,,,,,,,,
3215,1997,243,YAR,BLUTI,1,,,,,,15,,10,,,OU,,,,,,,,,,,,,,,,,,,,,,,,,,,,,,,,,,,,,,,,,,,,
3216,1997,246,YAR,PIEFL,1,7,7,7,,,,,,,,NE,,,,,,,,,,,05/06/1997,K185135,K185136,K185137,K185138,K185139,K185140,K185141,,,,,,,,,,,,,,,,,,,,,,,,,,
3217,1997,247,YAR,PIEFL,1,,,6,,,,,,,,NE,,,,,,,,,,,10/06/1997,K185328,K185329,K185330,K185331,K185332,K185333,,,,,,,,,,,,,,,,,,,,,,,,,,,
3218,1997,248,YAR,GRETI,2,,,7,,,48,,,,,NE,,,,,,,,,,,,,,,,,,,,,,,,,,,,,,,,,,,,,,,,,,,,
3219,1997,249,YAR,BLUTI,1,,,7,,,24,,,,,NE,,,,,,,,,,,,,,,,,,,,,,,,,,,,,,,,,,,,,,,,,,,,
3220,1997,250,YAR,GRETI,1,,0,0,,,,,,,,ED,,,,,,,,,,,,,,,,,,,,,,,,,,,,,,,,,,,,,,,,,,,,
3221,1997,303,YAR,BLUTI,1,,0,0,,,,,9,,,ED,,,,,,,,,,,,,,,,,,,,,,,,,,,,,,,,,,,,,,,,,,,,
3222,1997,304,YAR,PIEFL,1,,,6,,,38,,7,1,,NE,,,,,,,,,,,10/06/1997,K185345,K185346,K185347,K185348,K185349,K185350,,,,,,,,,,,,,,,,,,,,,,,,,,,
3223,1997,306,YAR,PIEFL,1,,,6,,,,,,,,NE,,,,,,,,,,,10/06/1997,K185351,K185352,K185353,K185354,K185355,K185356,,,,,,,,,,,,,,,,,,,,,,,,,,,
3224,1997,307,YAR,PIEFL,1,6,6,6,,,38,,,,,NE,,,,,,,,,,,05/06/1997,K185142,K185143,K185144,K185145,K185146,K185147,,,,,,,,,,,,,,,,,,,,,,,,,,,
3225,1997,308,YAR,BLUTI,1,,,,,,19,,,,,OU,,,,,,,,,,,,,,,,,,,,,,,,,,,,,,,,,,,,,,,,,,,,
3226,1997,309,YAR,PIEFL,1,,,6,,,,,,,,NE,,,,,,,,,,,10/06/1997,K185357,K185358,K185359,K185360,K185361,K185362,,,,,,,,,,,,,,,,,,,,,,,,,,,
3227,1997,311,YAR,PIEFL,1,,,5,,,37,,6,1,,NE,,,,,,,,,,,05/06/1997,K185148,K185149,K185150,K185151,K185152,,,,,,,,,,,,,,,,,,,,,,,,,,,,
3228,1997,312,YAR,BLUTI,1,8,7,5,,,,,,,,NE,,,,,,,,,,,,,,,,,,,,,,,,,,,,,,,,,,,,,,,,,,,,
3229,1997,313,YAR,PIEFL,1,7,6,6,,,,,,1,,NE,,,,,,,,,,,10/06/1997,K185363,K185364,K185365,K185366,K185367,K185368,,,,,,,,,,,,,,,,,,,,,,,,,,,
3230,1997,316,YAR,PIEFL,1,7,7,7,,,,,,,,NE,,,,,,,,,,,12/06/1997,K185417,K185418,K185419,K185420,K185421,K185422,K185423,,,,,,,,,,,,,,,,,,,,,,,,,,
3231,1997,316,YAR,BLUTI,1,,0,0,,,,,5,,,EU,,,,,,,,,,,,,,,,,,,,,,,,,,,,,,,,,,,,,,,,,,,,
3232,1997,319,YAR,PIEFL,1,7,7,7,,,,,,,,NE,,,,,,,,,,,10/06/1997,K185369,K185370,K185371,K185372,K185373,K185374,K185375,,,,,,,,,,,,,,,,,,,,,,,,,,
3233,1997,320,YAR,GRETI,1,,0,0,,,,,2,,,ED,,,,,,,,,,,,,,,,,,,,,,,,,,,,,,,,,,,,,,,,,,,,
3234,1997,321,YAR,PIEFL,1,,,6,,,,,,,,NE,,,,,,K184857,,19/06/1996,R,1,10/06/1997,K185376,K185377,K185378,K185379,K185380,K185381,,,,,,,,,,,,,,,,,,,,,,,,,,,
3235,1997,323,YAR,PIEFL,1,7,7,7,,,34,,,,,NE,,,,,,,,,,,04/06/1997,K185153,K185154,K185155,K185156,K185157,K185158,K185159,,,,,,,,,,,,,,,,,,,,,,,,,,
3236,1997,324,YAR,BLUTI,1,,,7,,,,,9,,,NE,,,,,,,,,,,,,,,,,,,,,,,,,,,,,,,,,,,,,,,,,,,,
3237,1997,325,YAR,BLUTI,1,,,10,,,17,,,,,NE,,,,,,,,,,,,,,,,,,,,,,,,,,,,,,,,,,,,,,,,,,,,
3238,1997,326,YAR,PIEFL,1,6,6,6,,,,,,,,NE,,,,,,,,,,,10/06/1997,K185382,K185383,K185384,K185385,K185386,K185387,,,,,,,,,,,,,,,,,,,,,,,,,,,
3239,1997,327,YAR,BLUTI,1,,0,0,,,17,,10,,,ED,,,,,,,,,,,,,,,,,,,,,,,,,,,,,,,,,,,,,,,,,,,,
3240,1997,329,YAR,PIEFL,1,,,6,,,,,,,,NE,,,,,,,,,,,10/06/1997,K185388,K185389,K185390,K185391,K185392,K185393,,,,,,,,,,,,,,,,,,,,,,,,,,,
3241,1997,330,YAR,BLUTI,1,,,9,,,16,,,,,NE,,,,,,,,,,,,,,,,,,,,,,,,,,,,,,,,,,,,,,,,,,,,
3242,1997,331,YAR,BLUTI,1,,,6,,,17,,8,,,NE,,,,,,,,,,,,,,,,,,,,,,,,,,,,,,,,,,,,,,,,,,,,
3243,1997,332,YAR,BLUTI,1,,,4,,,,,7,,,NE,,,,,,,,,,,,,,,,,,,,,,,,,,,,,,,,,,,,,,,,,,,,
3244,1997,334,YAR,BLUTI,1,,,9,,,,,10,,,NE,,,,,,,,,,,,,,,,,,,,,,,,,,,,,,,,,,,,,,,,,,,,
3245,1997,335,YAR,PIEFL,1,7,7,0,,,,,,,,JD,,,,,,K185160,04/06/1997,04/06/1997,I,1,12/06/1997,K185424,K185425,K185426,K185427,K185428,,,,,,,,,,,,,,,,,,,,,,,,,,,,
3246,1997,336,YAR,PIEFL,1,7,7,7,,,38,,,,,NE,,,,,,,,,,,05/06/1997,K185161,K185162,K185163,K185164,K185165,K185166,K185167,,,,,,,,,,,,,,,,,,,,,,,,,,
3247,1997,337,YAR,BLUTI,1,,,9,,,,,,,,NE,,,,,,,,,,,,,,,,,,,,,,,,,,,,,,,,,,,,,,,,,,,,
3248,1997,339,YAR,BLUTI,1,,,6,,,,,,,,NE,,,,,,,,,,,,,,,,,,,,,,,,,,,,,,,,,,,,,,,,,,,,
3249,1997,341,YAR,BLUTI,1,,,10,,,20,,,,,NE,,,,,,,,,,,,,,,,,,,,,,,,,,,,,,,,,,,,,,,,,,,,
3250,1997,342,YAR,PIEFL,1,7,7,7,,,,,,,,NE,,,,,,,,,,,05/06/1997,K185168,K185169,K185170,K185171,K185172,K185173,K185174,,,,,,,,,,,,,,,,,,,,,,,,,,
3251,1997,343,YAR,PIEFL,1,,0,0,,,,,1,,,ED,,,,,,,,,,,,,,,,,,,,,,,,,,,,,,,,,,,,,,,,,,,,
3252,1997,345,YAR,PIEFL,1,6,6,6,,,38,,,,,NE,,,,,,,,,,,05/06/1997,K185175,K185176,K185177,K185178,K185179,K185180,,,,,,,,,,,,,,,,,,,,,,,,,,,
3253,1997,346,YAR,BLUTI,1,,,4,,,,,,,,NE,,,,,,,,,,,,,,,,,,,,,,,,,,,,,,,,,,,,,,,,,,,,
3254,1997,347,YAR,PIEFL,1,,,6,,,,,,,,NE,,,,,,,,,,,10/06/1997,K185328,K185329,K185330,K185331,K185332,K185333,,,,,,,,,,,,,,,,,,,,,,,,,,,
3255,1997,347,YAR,BLUTI,1,,0,0,,,,,5,,,EU,,,,,,,,,,,,,,,,,,,,,,,,,,,,,,,,,,,,,,,,,,,,
3256,1997,349,YAR,BLUTI,1,,,9,,,19,,,,,NE,,,,,,,,,,,,,,,,,,,,,,,,,,,,,,,,,,,,,,,,,,,,
3257,1997,350,YAR,PIEFL,1,5,5,5,,,37,,,,,NE,,,,,,,,,,,05/06/1997,K185181,K185182,K185183,K185184,K185185,,,,,,,,,,,,,,,,,,,,,,,,,,,,
3258,1997,352,YAR,BLUTI,1,,,10,,,16,,,,,NE,,,,,,,,,,,,,,,,,,,,,,,,,,,,,,,,,,,,,,,,,,,,
3259,1997,353,YAR,PIEFL,1,,,6,,,39,,,,,NE,,,,,,,,,,,10/06/1997,K185400,K185401,K185402,K185403,K185404,K185405,,,,,,,,,,,,,,,,,,,,,,,,,,,
3260,1997,354,YAR,BLUTI,1,,0,0,,,,,5,,,ED,,,,,,,,,,,,,,,,,,,,,,,,,,,,,,,,,,,,,,,,,,,,
3261,1997,355,YAR,PIEFL,1,,0,0,,,,,2,,,ED,,,,,,,,,,,,,,,,,,,,,,,,,,,,,,,,,,,,,,,,,,,,
3262,1997,HIDE1,YAR,PIEFL,1,,7,6,,,,,,,,NE,,,,,,,,,,,10/06/1997,K185334,K185335,K185336,K185337,K185338,K185339,,,,,,,,,,,,,,,,,,,,,,,,,,,
3263,1997,HIDE10,YAR,BLUTI,1,,,,,,20,,8,1,,OU,,,,,,,,,,,,,,,,,,,,,,,,,,,,,,,,,,,,,,,,,,,,
3264,1997,HIDE4,YAR,BLUTI,1,,,,,,19,,10,,,OU,,,,,,,,,,,,,,,,,,,,,,,,,,,,,,,,,,,,,,,,,,,,
3265,1997,HIDE9,YAR,PIEFL,1,,,5,,,,,7,,,NE,,,,,,,,,,,10/06/1997,K185340,K185341,K185342,K185343,K185344,,,,,,,,,,,,,,,,,,,,,,,,,,,,
3266,1998,21,BVW,PIEFL,1,,,7,,,,,,,,NE,,,,,,,,,,,04/06/1998,N313832,N313833,N313834,N313835,N313836,N313837,N313838,,,,,,,,,,,,,,,,,,,,,,,,,,
3267,1998,23,BVW,PIEFL,1,,,7,,,,,,,,NE,,,,,,,,,,,04/06/1998,N313839,N313840,N313841,N313842,N313843,N313844,N313845,,,,,,,,,,,,,,,,,,,,,,,,,,
3268,1998,24,BVW,PIEFL,1,7,,3,,,,,,,,NE,,,,,,,,,,,04/06/1998,N313846,N313847,N313848,,,,,,,,,,,,,,,,,,,,,,,,,,,,,,
3269,1998,p159,BVW,BLUTI,1,,,6,,,,,9,,,NE,,,,,,,,,,,,,,,,,,,,,,,,,,,,,,,,,,,,,,,,,,,,
3270,1998,p2397,BVW,GRETI,1,,,5,,,,,,,,NE,,,,,,,,,,,,,,,,,,,,,,,,,,,,,,,,,,,,,,,,,,,,
3271,1998,p2399,BVW,GRETI,1,,,7,,,,,,,,NE,,,,,,,,,,,,,,,,,,,,,,,,,,,,,,,,,,,,,,,,,,,,
3272,1998,p4731,BVW,BLUTI,1,,,6,,,,,7,,,NE,,,,,,,,,,,,,,,,,,,,,,,,,,,,,,,,,,,,,,,,,,,,
3273,1998,p4733,BVW,BLUTI,1,,,7,,,,,,,,NE,,,,,,,,,,,,,,,,,,,,,,,,,,,,,,,,,,,,,,,,,,,,
3274,1998,p4735,BVW,BLUTI,1,,,8,,,,,,,,NE,,,,,,,,,,,,,,,,,,,,,,,,,,,,,,,,,,,,,,,,,,,,
3275,1998,p4737,BVW,BLUTI,1,,,8,,,,,10,,,NE,,,,,,,,,,,,,,,,,,,,,,,,,,,,,,,,,,,,,,,,,,,,
3276,1998,p4741,BVW,BLUTI,1,,,9,,,,,,,,NE,,,,,,,,,,,,,,,,,,,,,,,,,,,,,,,,,,,,,,,,,,,,
3277,1998,p4745,BVW,BLUTI,1,7,7,7,,,,,,,,NE,,,,,,,,,,,,,,,,,,,,,,,,,,,,,,,,,,,,,,,,,,,,
3278,1998,p4747,BVW,BLUTI,1,,,10,,,,,,,,NE,,,,,,,,,,,,,,,,,,,,,,,,,,,,,,,,,,,,,,,,,,,,
3279,1998,,BVW,PIEFL,1,7,7,,,,,,,,,OU,,,,,,,,,,,,,,,,,,,,,,,,,,,,,,,,,,,,,,,,,,,,
3280,1998,,BVW,PIEFL,1,7,7,7,,,,,,,,NE,,,,,,,,,,,,,,,,,,,,,,,,,,,,,,,,,,,,,,,,,,,,
3281,1998,,BVW,PIEFL,1,7,0,0,,,,,,,,EP,,,,,,,,,,,,,,,,,,,,,,,,,,,,,,,,,,,,,,,,,,,,
3282,1998,,BVW,PIEFL,1,,,3,,,,,5,,,NE,,,,,,,,,,,,,,,,,,,,,,,,,,,,,,,,,,,,,,,,,,,,
3283,1998,,BVW,PIEFL,1,,0,0,,,,,2,,,ED,,,,,,,,,,,,,,,,,,,,,,,,,,,,,,,,,,,,,,,,,,,,
3284,1998,,BVW,PIEFL,1,,,0,,,,,7,,,XD,,,,,,,,,,,,,,,,,,,,,,,,,,,,,,,,,,,,,,,,,,,,
3285,1998,,BVW,PIEFL,1,,,0,,,,,7,,,JD,,,,,,,,,,,,,,,,,,,,,,,,,,,,,,,,,,,,,,,,,,,,
3286,1998,,BVW,PIEFL,1,,0,0,,,,,2,,,ED,,,,,,,,,,,,,,,,,,,,,,,,,,,,,,,,,,,,,,,,,,,,
3287,1998,,BVW,NUTHA,1,7,7,1,,,,,,,,NE,,,,,,,,,,,,,,,,,,,,,,,,,,,,,,,,,,,,,,,,,,,,
3288,1998,,BVW,PIEFL,1,,,,,,,,,,,JD,,,,,,,,,,,,,,,,,,,,,,,,,,,,,,,,,,,,,,,,,,,,
3289,1998,,BVW,PIEFL,1,,,,,,,,,,,JD,,,,,,,,,,,,,,,,,,,,,,,,,,,,,,,,,,,,,,,,,,,,
3290,1998,p2401,NEA,GRETI,1,,,6,,,,,,,,NE,,,,,,,,,,,,,,,,,,,,,,,,,,,,,,,,,,,,,,,,,,,,
3291,1998,p2425,NEA,GRETI,1,,,7,,,,,,,,NE,,,,,,,,,,,,,,,,,,,,,,,,,,,,,,,,,,,,,,,,,,,,
3292,1998,p2427,NEA,GRETI,1,7,7,7,,,,,,,,NE,,,,,,,,,,,,,,,,,,,,,,,,,,,,,,,,,,,,,,,,,,,,
3293,1998,p2429,NEA,GRETI,1,,,6,,,,,,,,NE,,,,,,,,,,,,,,,,,,,,,,,,,,,,,,,,,,,,,,,,,,,,
3294,1998,p4749,NEA,BLUTI,1,11,,10,,,,,,,,NE,,,,,,,,,,,,,,,,,,,,,,,,,,,,,,,,,,,,,,,,,,,,
3295,1998,p4751,NEA,BLUTI,1,8,7,7,,,,,,,,NE,,,,,,,,,,,,,,,,,,,,,,,,,,,,,,,,,,,,,,,,,,,,
3296,1998,p4753,NEA,BLUTI,1,8,7,7,,,,,,,,NE,,,,,,,,,,,,,,,,,,,,,,,,,,,,,,,,,,,,,,,,,,,,
3297,1998,p4755,NEA,BLUTI,1,,,8,,,,,,,,NE,,,,,,,,,,,,,,,,,,,,,,,,,,,,,,,,,,,,,,,,,,,,
3298,1998,p4757,NEA,BLUTI,1,8,8,8,,,,,,,,NE,,,,,,,,,,,,,,,,,,,,,,,,,,,,,,,,,,,,,,,,,,,,
3299,1998,p4759,NEA,BLUTI,1,,,7,,,,,,,,NE,,,,,,,,,,,,,,,,,,,,,,,,,,,,,,,,,,,,,,,,,,,,
3300,1998,p4761,NEA,BLUTI,1,,,7,,,,,,,,NE,,,,,,,,,,,,,,,,,,,,,,,,,,,,,,,,,,,,,,,,,,,,
3301,1998,p4763,NEA,BLUTI,1,,,9,,,,,,,,NE,,,,,,,,,,,,,,,,,,,,,,,,,,,,,,,,,,,,,,,,,,,,
3302,1998,p4765,NEA,BLUTI,1,,,11,,,,,,,,NE,,,,,,,,,,,,,,,,,,,,,,,,,,,,,,,,,,,,,,,,,,,,
3303,1998,,NEA,PIEFL,1,10,7,7,,,,,,,,NE,,,,,,,,,,,,,,,,,,,,,,,,,,,,,,,,,,,,,,,,,,,,
3304,1998,,NEA,PIEFL,1,,,5,,,,,7,,,NE,,,,,,,,,,,,,,,,,,,,,,,,,,,,,,,,,,,,,,,,,,,,
3305,1998,,NEA,PIEFL,1,,,7,,,,,,,,NE,,,,,,,,,,,,,,,,,,,,,,,,,,,,,,,,,,,,,,,,,,,,
3306,1998,,NEA,PIEFL,1,7,7,7,,,,,,,,NE,,,,,,,,,,,,,,,,,,,,,,,,,,,,,,,,,,,,,,,,,,,,
3307,1998,,NEA,NUTHA,1,,,5,,,,,,,,NE,,,,,,,,,,,,,,,,,,,,,,,,,,,,,,,,,,,,,,,,,,,,
3308,1998,,NEA,PIEFL,1,,0,0,,,,,8,,,ED,unringed,,,,,,,,,,,,,,,,,,,,,,,,,,,,,,,,,,,,,,,,,,,
3309,1998,p2391,YAR,GRETI,1,,,4,,,,,,,,NE,,,,,,,,,,,,,,,,,,,,,,,,,,,,,,,,,,,,,,,,,,,,
3310,1998,p2393,YAR,GRETI,1,8,,6,,,35,,,,,NE,,,,,,,,,,,,,,,,,,,,,,,,,,,,,,,,,,,,,,,,,,,,
3311,1998,p2395,YAR,GRETI,1,7,7,7,,,,,,,,NE,,,,,,,,,,,,,,,,,,,,,,,,,,,,,,,,,,,,,,,,,,,,
3312,1998,p287,YAR,GRETI,1,,,7,,,28,,,,,NE,,,,,,,,,,,,,,,,,,,,,,,,,,,,,,,,,,,,,,,,,,,,
3313,1998,p4373,YAR,BLUTI,1,10,,0,,,,,,,,JD,,,,,,,,,,,,,,,,,,,,,,,,,,,,,,,,,,,,,,,,,,,,
3314,1998,p4375,YAR,BLUTI,1,,,6,,,28,,7,,,NE,,,,,,,,,,,,,,,,,,,,,,,,,,,,,,,,,,,,,,,,,,,,
3315,1998,p4377,YAR,BLUTI,1,9,9,5,,,,,,,,NE,,,,,,,,,,,,,,,,,,,,,,,,,,,,,,,,,,,,,,,,,,,,
3316,1998,p4379,YAR,BLUTI,1,,,8,,,24,,,,,NE,,,,,,,,,,,,,,,,,,,,,,,,,,,,,,,,,,,,,,,,,,,,
3317,1998,p4381,YAR,BLUTI,1,,,7,,,,,,,,NE,,,,,,,,,,,,,,,,,,,,,,,,,,,,,,,,,,,,,,,,,,,,
3318,1998,p4383,YAR,BLUTI,1,,0,0,,,26,,7,,,ED,,,,,,,,,,,,,,,,,,,,,,,,,,,,,,,,,,,,,,,,,,,,
3319,1998,p4385,YAR,BLUTI,1,,,6,,,29,,8,,,NE,,,,,,,,,,,,,,,,,,,,,,,,,,,,,,,,,,,,,,,,,,,,
3320,1998,p4387,YAR,BLUTI,1,,,0,,,38,,6,,,JD,,,,,,,,,,,,,,,,,,,,,,,,,,,,,,,,,,,,,,,,,,,,
3321,1998,p4389,YAR,BLUTI,1,10,8,0,,,35,,,,,JD,,,,,,,,,,,,,,,,,,,,,,,,,,,,,,,,,,,,,,,,,,,,
3322,1998,p4391,YAR,BLUTI,1,7,,5,,,36,,,,,NE,,,,,,,,,,,,,,,,,,,,,,,,,,,,,,,,,,,,,,,,,,,,
3323,1998,p4393,YAR,BLUTI,1,,,4,,,26,,,,,NE,,,,,,,,,,,,,,,,,,,,,,,,,,,,,,,,,,,,,,,,,,,,
3324,1998,p4395,YAR,BLUTI,1,,,8,,,36,,,,,NE,,,,,,,,,,,,,,,,,,,,,,,,,,,,,,,,,,,,,,,,,,,,
3325,1998,p4397,YAR,BLUTI,1,,,0,,,,,,,,JD,,,,,,,,,,,,,,,,,,,,,,,,,,,,,,,,,,,,,,,,,,,,
3326,1998,p45,YAR,BLUTI,1,,,8,,,28,,,,,NE,,,,,,,,,,,,,,,,,,,,,,,,,,,,,,,,,,,,,,,,,,,,
3327,1998,p4679,YAR,BLUTI,1,9,,0,,,34,,,,,JD,,,,,,,,,,,,,,,,,,,,,,,,,,,,,,,,,,,,,,,,,,,,
3328,1998,p4681,YAR,BLUTI,1,11,,3,,,25,,,,,NE,,,,,,,,,,,,,,,,,,,,,,,,,,,,,,,,,,,,,,,,,,,,
3329,1998,p4683,YAR,BLUTI,1,,,0,,,,,,,,JD,,,,,,,,,,,,,,,,,,,,,,,,,,,,,,,,,,,,,,,,,,,,
3330,1998,p4685,YAR,BLUTI,1,,,7,,,,,,,,NE,,,,,,,,,,,,,,,,,,,,,,,,,,,,,,,,,,,,,,,,,,,,
3331,1998,p4687,YAR,BLUTI,1,,,7,,,,,,,,NE,,,,,,,,,,,,,,,,,,,,,,,,,,,,,,,,,,,,,,,,,,,,
3332,1998,p4689,YAR,BLUTI,1,,,8,,,,,,,,NE,,,,,,,,,,,,,,,,,,,,,,,,,,,,,,,,,,,,,,,,,,,,
3333,1998,p4691,YAR,BLUTI,1,,,5,,,,,6,,,NE,,,,,,,,,,,,,,,,,,,,,,,,,,,,,,,,,,,,,,,,,,,,
3334,1998,p4693,YAR,BLUTI,1,9,8,8,,,,,,,,NE,,,,,,,,,,,,,,,,,,,,,,,,,,,,,,,,,,,,,,,,,,,,
3335,1998,p4699,YAR,BLUTI,1,,,8,,,,,,,,NE,,,,,,,,,,,,,,,,,,,,,,,,,,,,,,,,,,,,,,,,,,,,
3336,1998,p4701,YAR,BLUTI,1,,,0,,,35,,,,,JD,,,,,,,,,,,,,,,,,,,,,,,,,,,,,,,,,,,,,,,,,,,,
3337,1998,p4703,YAR,BLUTI,1,,,9,,,,,,,,NE,,,,,,,,,,,,,,,,,,,,,,,,,,,,,,,,,,,,,,,,,,,,
3338,1998,p4705,YAR,BLUTI,1,,,,,,34,,5,,,OU,,,,,,,,,,,,,,,,,,,,,,,,,,,,,,,,,,,,,,,,,,,,
3339,1998,p4707,YAR,BLUTI,1,,,6,,,,,8,,,NE,,,,,,,,,,,,,,,,,,,,,,,,,,,,,,,,,,,,,,,,,,,,
3340,1998,p4709,YAR,BLUTI,1,,,0,,,36,,,,,JD,,,,,,,,,,,,,,,,,,,,,,,,,,,,,,,,,,,,,,,,,,,,
3341,1998,p4711,YAR,BLUTI,1,,,2,,,,,,,,NE,,,,,,,,,,,,,,,,,,,,,,,,,,,,,,,,,,,,,,,,,,,,
3342,1998,p4713,YAR,BLUTI,1,,,0,,,,,7,,,JD,,,,,,,,,,,,,,,,,,,,,,,,,,,,,,,,,,,,,,,,,,,,
3343,1998,p4715,YAR,BLUTI,1,,,2,,,,,7,,,NE,,,,,,,,,,,,,,,,,,,,,,,,,,,,,,,,,,,,,,,,,,,,
3344,1998,p4717,YAR,BLUTI,1,,,2,,,,,,,,NE,,,,,,,,,,,,,,,,,,,,,,,,,,,,,,,,,,,,,,,,,,,,
3345,1998,p4719,YAR,BLUTI,1,,,7,,,,,8,,,NE,,,,,,,,,,,,,,,,,,,,,,,,,,,,,,,,,,,,,,,,,,,,
3346,1998,p4721,YAR,BLUTI,1,8,7,3,,,36,,,,,NE,,,,,,,,,,,,,,,,,,,,,,,,,,,,,,,,,,,,,,,,,,,,
3347,1998,p4723,YAR,BLUTI,1,,,0,,,36,,4,,,JD,,,,,,,,,,,,,,,,,,,,,,,,,,,,,,,,,,,,,,,,,,,,
3348,1998,p4725,YAR,BLUTI,1,7,6,5,,,36,,,,,NE,,,,,,,,,,,,,,,,,,,,,,,,,,,,,,,,,,,,,,,,,,,,
3349,1998,p4727,YAR,BLUTI,1,10,,2,,,20,,,,,NE,,,,,,,,,,,,,,,,,,,,,,,,,,,,,,,,,,,,,,,,,,,,
3350,1998,p61,YAR,GRETI,1,,,7,,,,,,,,NE,,,,,,,,,,,,,,,,,,,,,,,,,,,,,,,,,,,,,,,,,,,,
3351,1998,p711,YAR,GRETI,1,,,9,,,23,,,,,NE,,,,,,,,,,,,,,,,,,,,,,,,,,,,,,,,,,,,,,,,,,,,
3352,1998,p713,YAR,GRETI,1,,,6,,,,,7,,,NE,,,,,,,,,,,,,,,,,,,,,,,,,,,,,,,,,,,,,,,,,,,,
3353,1998,p715,YAR,GRETI,1,,,6,,,,,,,,NE,,,,,,,,,,,,,,,,,,,,,,,,,,,,,,,,,,,,,,,,,,,,
3354,1998,Prod,YAR,BLUTI,1,,6,3,,,30,,,,,NE,,,,,,,,,,,,,,,,,,,,,,,,,,,,,,,,,,,,,,,,,,,,
3355,1998,,YAR,PIEFL,1,,,5,,,36,,7,,,NE,,,,,,,,,,,,,,,,,,,,,,,,,,,,,,,,,,,,,,,,,,,,
3356,1998,,YAR,PIEFL,1,7,7,0,,,37,,,,,JD,,,,,,,,,,,,,,,,,,,,,,,,,,,,,,,,,,,,,,,,,,,,
3357,1998,,YAR,PIEFL,1,7,7,7,,,37,,,,,NE,,,,,,,,,,,,,,,,,,,,,,,,,,,,,,,,,,,,,,,,,,,,
3358,1998,,YAR,PIEFL,1,7,7,0,,,38,,,,,JD,,,,,,,,,,,,,,,,,,,,,,,,,,,,,,,,,,,,,,,,,,,,
3359,1998,,YAR,PIEFL,1,8,8,7,,,38,,,,,NE,,,,,,,,,,,,,,,,,,,,,,,,,,,,,,,,,,,,,,,,,,,,
3360,1998,,YAR,PIEFL,1,7,,0,,,39,,,,,JD,,,,,,,,,,,,,,,,,,,,,,,,,,,,,,,,,,,,,,,,,,,,
3361,1998,,YAR,PIEFL,1,7,,0,,,39,,,,,JD,,,,,,,,,,,,,,,,,,,,,,,,,,,,,,,,,,,,,,,,,,,,
3362,1998,,YAR,PIEFL,1,7,5,4,,,39,,,,,NE,,,,,,,,,,,,,,,,,,,,,,,,,,,,,,,,,,,,,,,,,,,,
3363,1998,,YAR,PIEFL,1,7,,5,,,39,,,,,NE,,,,,,,,,,,,,,,,,,,,,,,,,,,,,,,,,,,,,,,,,,,,
3364,1998,,YAR,PIEFL,1,8,7,3,,,39,,,,,NE,,,,,,,,,,,,,,,,,,,,,,,,,,,,,,,,,,,,,,,,,,,,
3365,1998,,YAR,PIEFL,1,,,0,,,39,,7,,,JD,,,,,,,,,,,,,,,,,,,,,,,,,,,,,,,,,,,,,,,,,,,,
3366,1998,,YAR,PIEFL,1,,,5,,,39,,6,,,NE,,,,,,,,,,,,,,,,,,,,,,,,,,,,,,,,,,,,,,,,,,,,
3367,1998,,YAR,PIEFL,1,,,7,,,39,,,,,NE,,,,,,,,,,,,,,,,,,,,,,,,,,,,,,,,,,,,,,,,,,,,
3368,1998,,YAR,PIEFL,1,6,,0,,,40,,,,,JD,,,,,,,,,,,,,,,,,,,,,,,,,,,,,,,,,,,,,,,,,,,,
3369,1998,,YAR,PIEFL,1,6,,6,,,40,,,,,NE,,,,,,,,,,,,,,,,,,,,,,,,,,,,,,,,,,,,,,,,,,,,
3370,1998,,YAR,PIEFL,1,7,,4,,,40,,,,,NE,,,,,,,,,,,,,,,,,,,,,,,,,,,,,,,,,,,,,,,,,,,,
3371,1998,,YAR,PIEFL,1,7,6,4,,,40,,,,,NE,,,,,,,,,,,,,,,,,,,,,,,,,,,,,,,,,,,,,,,,,,,,
3372,1998,,YAR,PIEFL,1,8,,7,,,40,,,,,NE,,,,,,,,,,,,,,,,,,,,,,,,,,,,,,,,,,,,,,,,,,,,
3373,1998,,YAR,PIEFL,1,,,1,,,40,,7,,,NE,,,,,,,,,,,,,,,,,,,,,,,,,,,,,,,,,,,,,,,,,,,,
3374,1998,,YAR,PIEFL,1,6,6,2,,,41,,,,,NE,,,,,,,,,,,,,,,,,,,,,,,,,,,,,,,,,,,,,,,,,,,,
3375,1998,,YAR,PIEFL,1,7,7,0,,,41,,,,,JD,,,,,,,,,,,,,,,,,,,,,,,,,,,,,,,,,,,,,,,,,,,,
3376,1998,,YAR,PIEFL,1,7,,0,,,41,,,,,JD,,,,,,,,,,,,,,,,,,,,,,,,,,,,,,,,,,,,,,,,,,,,
3377,1998,,YAR,PIEFL,1,7,7,7,,,41,,,,,NE,,,,,,,,,,,,,,,,,,,,,,,,,,,,,,,,,,,,,,,,,,,,
3378,1998,,YAR,PIEFL,1,,,0,,,41,,6,,,JD,,,,,,,,,,,,,,,,,,,,,,,,,,,,,,,,,,,,,,,,,,,,
3379,1998,,YAR,PIEFL,1,,,5,,,41,,6,,,NE,,,,,,,,,,,,,,,,,,,,,,,,,,,,,,,,,,,,,,,,,,,,
3380,1998,,YAR,PIEFL,1,,,5,,,41,,7,,,NE,,,,,,,,,,,,,,,,,,,,,,,,,,,,,,,,,,,,,,,,,,,,
3381,1998,,YAR,PIEFL,1,,,6,,,41,,7,,,NE,,,,,,,,,,,,,,,,,,,,,,,,,,,,,,,,,,,,,,,,,,,,
3382,1998,,YAR,PIEFL,1,6,5,5,,,42,,,,,NE,,,,,,,,,,,,,,,,,,,,,,,,,,,,,,,,,,,,,,,,,,,,
3383,1998,,YAR,PIEFL,1,,,0,,,42,,7,,,JD,,,,,,,,,,,,,,,,,,,,,,,,,,,,,,,,,,,,,,,,,,,,
3384,1998,,YAR,PIEFL,1,,,6,,,42,,,,,NE,,,,,,,,,,,,,,,,,,,,,,,,,,,,,,,,,,,,,,,,,,,,
3385,1998,,YAR,PIEFL,1,6,6,5,,,43,,,,,NE,,,,,,,,,,,,,,,,,,,,,,,,,,,,,,,,,,,,,,,,,,,,
3386,1998,,YAR,PIEFL,1,7,,4,,,43,,,,,NE,,,,,,,,,,,,,,,,,,,,,,,,,,,,,,,,,,,,,,,,,,,,
3387,1998,,YAR,PIEFL,1,,,6,,,43,,,,,NE,,,,,,,,,,,,,,,,,,,,,,,,,,,,,,,,,,,,,,,,,,,,
3388,1998,,YAR,PIEFL,1,6,,0,,,,,,,,JD,,,,,,,,,,,,,,,,,,,,,,,,,,,,,,,,,,,,,,,,,,,,
3389,1998,,YAR,PIEFL,1,7,,0,,,,,,,,JD,,,,,,,,,,,,,,,,,,,,,,,,,,,,,,,,,,,,,,,,,,,,
3390,1998,,YAR,PIEFL,1,7,0,0,,,,,,,,EU,,,,,,,,,,,,,,,,,,,,,,,,,,,,,,,,,,,,,,,,,,,,
3391,1998,,YAR,PIEFL,1,7,,6,,,,,,,,NE,,,,,,,,,,,,,,,,,,,,,,,,,,,,,,,,,,,,,,,,,,,,
3392,1998,,YAR,PIEFL,1,,0,0,,,,,3,,,ED,,,,,,,,,,,,,,,,,,,,,,,,,,,,,,,,,,,,,,,,,,,,
3393,1998,,YAR,PIEFL,1,,0,0,,,,,4,,,ED,,,,,,,,,,,,,,,,,,,,,,,,,,,,,,,,,,,,,,,,,,,,
3394,1998,,YAR,PIEFL,1,,,0,,,,,6,,,JD,,,,,,,,,,,,,,,,,,,,,,,,,,,,,,,,,,,,,,,,,,,,
3395,1998,,YAR,PIEFL,1,,,2,,,,,7,,,NE,,,,,,,,,,,,,,,,,,,,,,,,,,,,,,,,,,,,,,,,,,,,
3396,1998,,YAR,PIEFL,1,,,2,,,,,7,,,NE,,,,,,,,,,,,,,,,,,,,,,,,,,,,,,,,,,,,,,,,,,,,
3397,1998,,YAR,PIEFL,1,,,3,,,,,7,,,NE,,,,,,,,,,,,,,,,,,,,,,,,,,,,,,,,,,,,,,,,,,,,
3398,1998,,YAR,PIEFL,1,,,3,,,,,,,,NE,,,,,,,,,,,,,,,,,,,,,,,,,,,,,,,,,,,,,,,,,,,,
3399,1998,,YAR,PIEFL,1,,,6,,,,,,,,NE,,,,,,,,,,,,,,,,,,,,,,,,,,,,,,,,,,,,,,,,,,,,
3400,1998,,YAR,NUTHA,1,5,5,1,,,,,,,,NE,,,,,,,,,,,,,,,,,,,,,,,,,,,,,,,,,,,,,,,,,,,,
3401,1998,,YAR,NUTHA,1,6,,1,,,,,,,,NE,,,,,,,,,,,,,,,,,,,,,,,,,,,,,,,,,,,,,,,,,,,,
3402,1998,,YAR,NUTHA,1,6,,3,,,,,,,,NE,,,,,,,,,,,,,,,,,,,,,,,,,,,,,,,,,,,,,,,,,,,,
3403,1998,,YAR,NUTHA,1,7,7,7,,,,,,,,NE,,,,,,,,,,,,,,,,,,,,,,,,,,,,,,,,,,,,,,,,,,,,
3404,1999,1,BVW,BLUTI,1,9,,8,,,,,,,,NE,,,,,,,,,,,,,,,,,,,,,,,,,,,,,,,,,,,,,,,,,,,,
3405,1999,2,BVW,PIEFL,1,8,8,0,,,,,,,,JD,,,,,,,,,,,03/06/1999,N352479,N352480,N352481,N352482,N352483,N352484,N352485,N352486,,,,,,,,,,,,,,,,,,,,,,,,,
3406,1999,3,BVW,BLUTI,1,,,,,,,,8,1,,OU,,,,,,,,,,,,,,,,,,,,,,,,,,,,,,,,,,,,,,,,,,,,
3407,1999,4,BVW,PIEFL,1,,,7,,,36,,,1,,NE,,,,,,,,,,,03/06/1999,N352487,N352488,N352489,N352490,N352491,N352492,N352493,,,,,,,,,,,,,,,,,,,,,,,,,,
3408,1999,5,BVW,PIEFL,1,7,7,7,,,,,,,,NE,,,,,,,,,,,03/06/1999,N352494,N352495,N352496,N352497,N352498,N352499,N352500,,,,,,,,,,,,,,,,,,,,,,,,,,
3409,1999,6,BVW,PIEFL,1,,,7,,,35,,,,,NE,,,,,,,,,,,03/06/1999,P110001,P110002,P110003,P110004,P110005,P110006,P110007,,,,,,,,,,,,,,,,,,,,,,,,,,
3410,1999,7,BVW,GRETI,1,,,7,,,23,,,,,NE,,,,,,,,,,,,,,,,,,,,,,,,,,,,,,,,,,,,,,,,,,,,
3411,1999,8,BVW,BLUTI,1,10,,9,,,23,,,,,NE,,,,,,,,,,,,,,,,,,,,,,,,,,,,,,,,,,,,,,,,,,,,
3412,1999,10,BVW,GRETI,1,,,4,,,,,,,,NE,,,,,,,,,,,,,,,,,,,,,,,,,,,,,,,,,,,,,,,,,,,,
3413,1999,11,BVW,PIEFL,1,,,6,,,,,,,,NE,,,,,,P110008,03/06/1999,03/06/1999,I,1,03/06/1999,P110009,P110010,P110011,P110012,P110013,P110014,,,,,,,,,,,,,,,,,,,,,,,,,,,
3414,1999,13,BVW,BLUTI,1,,,11,,,,,12,,,NE,,,,,,,,,,,,,,,,,,,,,,,,,,,,,,,,,,,,,,,,,,,,
3415,1999,14,BVW,BLUTI,1,13,,12,,,,,,,,NE,,,,,,,,,,,,,,,,,,,,,,,,,,,,,,,,,,,,,,,,,,,,
3416,1999,15,BVW,NUTHA,1,6,6,4,,,,,,,,NE,,,,,,,,,,,,,,,,,,,,,,,,,,,,,,,,,,,,,,,,,,,,
3417,1999,16,BVW,PIEFL,1,,,7,,,34,,,,,NE,,,,,,,,,,,03/06/1999,P110015,P110016,P110017,P110018,P110019,P110020,P110021,,,,,,,,,,,,,,,,,,,,,,,,,,
3418,1999,17,BVW,GRETI,1,,,6,,,31,,7,,,NE,,,,,,,,,,,,,,,,,,,,,,,,,,,,,,,,,,,,,,,,,,,,
3419,1999,18,BVW,BLUTI,1,,,6,,,,,8,,,NE,,,,,,,,,,,,,,,,,,,,,,,,,,,,,,,,,,,,,,,,,,,,
3420,1999,19,BVW,PIEFL,1,,,8,,,34,,,,,NE,,,,,,,,,,,02/06/1999,N352466,N352467,N352468,N352469,N352470,N352471,N352472,N352473,,,,,,,,,,,,,,,,,,,,,,,,,
3421,1999,20,BVW,BLUTI,1,,,,,,,,5,,,OU,,,,,,,,,,,,,,,,,,,,,,,,,,,,,,,,,,,,,,,,,,,,
3422,1999,21,BVW,PIEFL,1,,,5,,,35,,6,1,,NE,,,,,,,,,,,02/06/1999,N352474,N352475,N352476,N352477,N352478,,,,,,,,,,,,,,,,,,,,,,,,,,,,
3423,1999,23,BVW,PIEFL,1,6,,5,,,,,,,,NE,,,,,,,,,,,09/06/1999,P110113,P110114,P110115,P110116,P110117,,,,,,,,,,,,,,,,,,,,,,,,,,,,
3424,1999,24,BVW,GRETI,1,6,,,,,28,,,,,OU,,,,,,,,,,,,,,,,,,,,,,,,,,,,,,,,,,,,,,,,,,,,
3425,1999,18A,BVW,BLUTI,1,8,8,8,,,28,,,,,NE,,,,,,,,,,,,,,,,,,,,,,,,,,,,,,,,,,,,,,,,,,,,
3426,1999,1,NEA,PIEFL,1,,,5,,,,,7,,,NE,,,,,,,,,,,09/06/1999,P110101,P110102,P110103,P110104,P110105,P110106,P110107,,,,,,,,,,,,,,,,,,,,,,,,,,
3427,1999,2,NEA,BLUTI,1,,,,,,,,,,,OU,,,,,,,,,,,,,,,,,,,,,,,,,,,,,,,,,,,,,,,,,,,,
3428,1999,3,NEA,BLUTI,1,,,8,,,,,9,,,NE,,,,,,,,,,,,,,,,,,,,,,,,,,,,,,,,,,,,,,,,,,,,
3429,1999,4,NEA,BLUTI,1,,,0,,,,,8,,,JD,,,,,,,,,,,,,,,,,,,,,,,,,,,,,,,,,,,,,,,,,,,,
3430,1999,5,NEA,BLUTI,1,8,,6,,,,,,,,NE,,,,,,,,,,,,,,,,,,,,,,,,,,,,,,,,,,,,,,,,,,,,
3431,1999,6,NEA,BLUTI,1,12,,,,,,,,,,OU,,,,,,,,,,,,,,,,,,,,,,,,,,,,,,,,,,,,,,,,,,,,
3432,1999,7,NEA,BLUTI,1,,,7,,,24,,,,,NE,,,,,,,,,,,,,,,,,,,,,,,,,,,,,,,,,,,,,,,,,,,,
3433,1999,8,NEA,BLUTI,1,10,,7,,,,,,,,NE,,,,,,,,,,,,,,,,,,,,,,,,,,,,,,,,,,,,,,,,,,,,
3434,1999,9,NEA,PIEFL,1,,,6,,,,,7,1,,NE,,,,,,,,,,,02/06/1999,N352446,N352447,N352448,N352449,N352450,N352451,,,,,,,,,,,,,,,,,,,,,,,,,,,
3435,1999,10,NEA,BLUTI,1,,,9,,,,,10,,,NE,,,,,,,,,,,,,,,,,,,,,,,,,,,,,,,,,,,,,,,,,,,,
3436,1999,11,NEA,BLUTI,1,,,5,,,27,,6,,,NE,,,,,,,,,,,,,,,,,,,,,,,,,,,,,,,,,,,,,,,,,,,,
3437,1999,12,NEA,PIEFL,1,8,8,8,,,35,,,,,NE,,,,,,,,,,,02/06/1999,N352452,N352453,N352454,N352455,N352456,N352457,N352458,N352459,,,,,,,,,,,,,,,,,,,,,,,,,
3438,1999,13,NEA,BLUTI,1,,,10,,,21,,,,,OU,,,,,,,,,,,,,,,,,,,,,,,,,,,,,,,,,,,,,,,,,,,,
3439,1999,14,NEA,BLUTI,1,,,7,,,,,,,,NE,,,,,,,,,,,,,,,,,,,,,,,,,,,,,,,,,,,,,,,,,,,,
3440,1999,15,NEA,GRETI,1,,,1,,,,,,,,NE,,,,,,,,,,,,,,,,,,,,,,,,,,,,,,,,,,,,,,,,,,,,
3441,1999,17,NEA,PIEFL,1,,,6,,,,,7,1,,NE,,,,,,,,,,,02/06/1999,N352460,N352461,N352462,N352463,N352464,N352465,,,,,,,,,,,,,,,,,,,,,,,,,,,
3442,1999,18,NEA,BLUTI,1,,,7,,,35,,9,,,NE,,,,,,,,,,,,,,,,,,,,,,,,,,,,,,,,,,,,,,,,,,,,
3443,1999,19,NEA,PIEFL,1,,,5,,,,,7,,,NE,,,,,,,,,,,09/06/1999,P110108,P110109,P110110,P110111,P110112,,,,,,,,,,,,,,,,,,,,,,,,,,,,
3444,1999,19,NEA,BLUTI,1,,0,0,,,,,6,,,ED,,,,,,,,,,,,,,,,,,,,,,,,,,,,,,,,,,,,,,,,,,,,
3445,1999,20,NEA,BLUTI,1,10,,8,,,,,,,,NE,,,,,,,,,,,,,,,,,,,,,,,,,,,,,,,,,,,,,,,,,,,,
3446,1999,104,YAR,PIEFL,1,8,7,7,,,34,,,1,,NE,,,,,,,,,,,02/06/1999,N352351,N352352,N352353,N352354,N352355,N352356,N352357,,,,,,,,,,,,,,,,,,,,,,,,,,
3447,1999,105,YAR,BLUTI,1,12,,11,,,,,,,,NE,,,,,,,,,,,,,,,,,,,,,,,,,,,,,,,,,,,,,,,,,,,,
3448,1999,109,YAR,BLUTI,1,8,,2,,,,,,,,NE,,,,,,,,,,,,,,,,,,,,,,,,,,,,,,,,,,,,,,,,,,,,
3449,1999,112,YAR,PIEFL,1,7,,2,,,,,,1,,NE,,,,,,,,,,,16/06/1999,P110118,P110119,P110120,P110121,,,,,,,,,,,,,,,,,,,,,,,,,,,,,
3450,1999,114,YAR,PIEFL,1,8,8,0,,,,56,,,,JD,,,,,,,,,,,,,,,,,,,,,,,,,,,,,,,,,,,,,,,,,,,,
3451,1999,116,YAR,PIEFL,1,8,8,2,,,,,,,,NE,,,,,,,,,,,16/06/1999,P110121,P110122,P110123,P110124,P110125,P110126,,,,,,,,,,,,,,,,,,,,,,,,,,,
3452,1999,117,YAR,PIEFL,1,6,3,2,,,,,,,,NE,,,,,,,,,,,09/06/1999,P110034,P110035,P110036,,,,,,,,,,,,,,,,,,,,,,,,,,,,,,
3453,1999,118,YAR,BLUTI,1,,,5,,,,,8,,,NE,,,,,,,,,,,,,,,,,,,,,,,,,,,,,,,,,,,,,,,,,,,,
3454,1999,120,YAR,BLUTI,1,,,0,,,30,,,,,JD,,,,,,,,,,,,,,,,,,,,,,,,,,,,,,,,,,,,,,,,,,,,
3455,1999,123,YAR,GRETI,1,9,,6,,,,,,,,NE,,,,,,,,,,,,,,,,,,,,,,,,,,,,,,,,,,,,,,,,,,,,
3456,1999,128,YAR,PIEFL,1,7,7,5,,,32,,,,,NE,,,,,,,,,,,02/06/1999,N352366,N352367,N352368,N352369,N352370,,,,,,,,,,,,,,,,,,,,,,,,,,,,
3457,1999,132,YAR,BLUTI,1,11,0,0,,,,,,,,ED,,,,,,,,,,,,,,,,,,,,,,,,,,,,,,,,,,,,,,,,,,,,
3458,1999,201,YAR,BLUTI,1,8,,0,,,,,,,,JD,,,,,,,,,,,,,,,,,,,,,,,,,,,,,,,,,,,,,,,,,,,,
3459,1999,205,YAR,BLUTI,1,,0,0,,,13,,,,,ED,,,,,,,,,,,,,,,,,,,,,,,,,,,,,,,,,,,,,,,,,,,,
3460,1999,206,YAR,PIEFL,1,7,,3,,,,,,,,NE,,,,,,,,,,,,,,,,,,,,,,,,,,,,,,,,,,,,,,,,,,,,
3461,1999,208,YAR,PIEFL,1,7,6,0,,,,,,,,JD,,,,,,,,,,,,,,,,,,,,,,,,,,,,,,,,,,,,,,,,,,,,
3462,1999,212,YAR,BLUTI,1,,0,0,,,,,9,,,ED,,,,,,,,,,,,,,,,,,,,,,,,,,,,,,,,,,,,,,,,,,,,
3463,1999,213,YAR,BLUTI,1,8,8,8,,,,,,,,NE,,,,,,,,,,,,,,,,,,,,,,,,,,,,,,,,,,,,,,,,,,,,
3464,1999,215,YAR,PIEFL,1,8,8,7,,,,,,,,ne,,,,,,,,,,,09/06/1999,P110037,P110038,P110039,P110040,P110041,P110042,P110043,,,,,,,,,,,,,,,,,,,,,,,,,,
3465,1999,216,YAR,BLUTI,1,,,9,,,,,,,,ne,,,,,,,,,,,,,,,,,,,,,,,,,,,,,,,,,,,,,,,,,,,,
3466,1999,217,YAR,PIEFL,1,8,,7,,,,,,,,NE,,,,,,,,,,,09/06/1999,P110044,P110045,P110046,P110047,P110048,P110049,P110050,,,,,,,,,,,,,,,,,,,,,,,,,,
3467,1999,218,YAR,GRETI,1,8,,5,,,,,,,,NE,,,,,,,,,,,,,,,,,,,,,,,,,,,,,,,,,,,,,,,,,,,,
3468,1999,220,YAR,BLUTI,1,11,,,,,,,,,,OU,,,,,,,,,,,,,,,,,,,,,,,,,,,,,,,,,,,,,,,,,,,,
3469,1999,221,YAR,PIEFL,1,9,8,6,,,35,,,,,NE,,,,,,,,,,,02/06/1999,N352371,N352372,N352373,N352374,N352375,N352376,N352377,N352378,,,,,,,,,,,,,,,,,,,,,,,,,
3470,1999,223,YAR,GRETI,1,,,6,,,,,,,,NE,,,,,,,,,,,,,,,,,,,,,,,,,,,,,,,,,,,,,,,,,,,,
3471,1999,224,YAR,PIEFL,1,6,6,5,,,,,,,,NE,,,,,,N028037,02/06/1999,12/06/1997,I,2,16/06/1999,P110127,P110128,P110129,P110130,P110131,,,,,,,,,,,,,,,,,,,,,,,,,,,,
3472,1999,225,YAR,BLUTI,1,10,10,10,,,,,,,,NE,,,,,,,,,,,,,,,,,,,,,,,,,,,,,,,,,,,,,,,,,,,,
3473,1999,226,YAR,PIEFL,1,8,8,7,,,,,,,,NE,,,,,,,,,,,09/06/1999,P110051,P110052,P110053,P110054,P110055,P110056,P110057,,,,,,,,,,,,,,,,,,,,,,,,,,
3474,1999,229,YAR,GRETI,1,,,6,,,19,,,,,NE,,,,,,,,,,,,,,,,,,,,,,,,,,,,,,,,,,,,,,,,,,,,
3475,1999,230,YAR,PIEFL,1,,,5,,,,,,1,,NE,,,,,,,,,,,09/06/1999,P110058,P110059,P110060,P110061,P110062,,,,,,,,,,,,,,,,,,,,,,,,,,,,
3476,1999,231,YAR,BLUTI,1,,7,0,,,,,,,,JD,,,,,,,,,,,,,,,,,,,,,,,,,,,,,,,,,,,,,,,,,,,,
3477,1999,232,YAR,BLUTI,1,,,9,,,,,,,,NE,,,,,,,,,,,,,,,,,,,,,,,,,,,,,,,,,,,,,,,,,,,,
3478,1999,233,YAR,BLUTI,1,,,7,,,,,,,,NE,,,,,,,,,,,,,,,,,,,,,,,,,,,,,,,,,,,,,,,,,,,,
3479,1999,237,YAR,BLUTI,1,,,5,,,,,6,,,NE,,,,,,,,,,,,,,,,,,,,,,,,,,,,,,,,,,,,,,,,,,,,
3480,1999,238,YAR,PIEFL,1,9,9,6,,,,,,,,NE,,,,,,J574107,02/06/1999,14/06/1995,I,4,09/06/1999,P110063,P110064,P110065,P110066,P110067,P110068,P110069,P110070,,,,,,,,,,,,,,,,,,,,,,,,,
3481,1999,240,YAR,PIEFL,1,3,2,,,,63,,,,,OU,,,,,,,,,,,,,,,,,,,,,,,,,,,,,,,,,,,,,,,,,,,,
3482,1999,240,YAR,BLUTI,1,,,5,,,20,,,,,NE,,,,,,,,,,,,,,,,,,,,,,,,,,,,,,,,,,,,,,,,,,,,
3483,1999,242,YAR,BLUTI,1,,,3,,,21,,9,,,NE,,,,,,,,,,,,,,,,,,,,,,,,,,,,,,,,,,,,,,,,,,,,
3484,1999,243,YAR,PIEFL,1,7,3,3,,,,,,4,,NE,,,,,,,,,,,02/06/1999,N352379,N352380,N352381,,,,,,,,,,,,,,,,,,,,,,,,,,,,,,
3485,1999,246,YAR,PIEFL,1,7,7,7,,,35,,,,,NE,K185241,02/06/1999,05/06/1997,R,2,,,,,,02/06/1999,N352382,N352383,N352384,N352385,N352386,N352387,N352388,,,,,,,,,,,,,,,,,,,,,,,,,,
3486,1999,247,YAR,GRETI,1,9,9,8,,,,,,,,NE,,,,,,,,,,,,,,,,,,,,,,,,,,,,,,,,,,,,,,,,,,,,
3487,1999,248,YAR,BLUTI,1,,,6,,,18,,,,,NE,,,,,,,,,,,,,,,,,,,,,,,,,,,,,,,,,,,,,,,,,,,,
3488,1999,249,YAR,PIEFL,1,,,5,,,,,,,,NE,,,,,,,,,,,02/06/1999,N352389,N352390,N352391,N352392,N352393,N352394,N352395,,,,,,,,,,,,,,,,,,,,,,,,,,
3489,1999,302,YAR,PIEFL,1,7,,0,,,,,,,,JD,,,,,,P110071,09/06/1999,09/06/1999,I,1,,,,,,,,,,,,,,,,,,,,,,,,,,,,,,,,,,
3490,1999,303,YAR,BLUTI,1,,,8,,,,,,,,NE,,,,,,,,,,,,,,,,,,,,,,,,,,,,,,,,,,,,,,,,,,,,
3491,1999,307,YAR,PIEFL,1,,,7,,,,,,,,NE,,,,,,,,,,,02/06/1999,N352396,N352397,N352398,N352399,N352400,N352401,N352402,,,,,,,,,,,,,,,,,,,,,,,,,,
3492,1999,309,YAR,PIEFL,1,8,6,5,,,,,,1,,NE,,,,,,N352403,02/06/1999,02/06/1999,I,1,09/06/1999,P110072,P110073,P110074,P110075,P110076,,,,,,,,,,,,,,,,,,,,,,,,,,,,
3493,1999,312,YAR,BLUTI,1,,,9,,,,,10,,,NE,,,,,,,,,,,,,,,,,,,,,,,,,,,,,,,,,,,,,,,,,,,,
3494,1999,317,YAR,BLUTI,1,,,4,,,,,,,,NE,,,,,,,,,,,,,,,,,,,,,,,,,,,,,,,,,,,,,,,,,,,,
3495,1999,318,YAR,PIEFL,1,,,5,,,,,,2,,NE,,,,,,,,,,,02/06/1999,N352404,N352405,N352406,N352407,N352408,,,,,,,,,,,,,,,,,,,,,,,,,,,,
3496,1999,319,YAR,PIEFL,1,6,,4,,,,,,,,NE,,,,,,,,,,,16/06/1999,P110132,P110133,P110134,P110135,,,,,,,,,,,,,,,,,,,,,,,,,,,,,
3497,1999,321,YAR,BLUTI,1,13,,12,,,19,,,,,NE,,,,,,,,,,,,,,,,,,,,,,,,,,,,,,,,,,,,,,,,,,,,
3498,1999,322,YAR,PIEFL,1,8,6,6,,,,,,2,,NE,,,,,,N352409,02/06/1999,02/06/1999,I,1,09/06/1999,P110077,P110078,P110079,P110080,P110081,P110082,,,,,,,,,,,,,,,,,,,,,,,,,,,
3499,1999,326,YAR,PIEFL,1,7,7,7,,,,,,,,NE,,,,,,,,,,,02/06/1999,N352410,N352411,N352412,N352413,N352414,N352415,N352416,,,,,,,,,,,,,,,,,,,,,,,,,,
3500,1999,327,YAR,BLUTI,1,10,,,,,,,,,,OU,,,,,,,,,,,,,,,,,,,,,,,,,,,,,,,,,,,,,,,,,,,,
3501,1999,328,YAR,PIEFL,1,6,6,6,,,,,,,,NE,,,,,,,,,,,09/06/1999,P110083,P110084,P110085,P110086,P110087,P110088,,,,,,,,,,,,,,,,,,,,,,,,,,,
3502,1999,329,YAR,BLUTI,1,,,,,,,,1,,,OU,,,,,,,,,,,,,,,,,,,,,,,,,,,,,,,,,,,,,,,,,,,,
3503,1999,330,YAR,PIEFL,1,7,6,5,,,34,,,1,,NE,,,,,,,,,,,02/06/1999,N352417,N352418,N352419,N352420,N352421,,,,,,,,,,,,,,,,,,,,,,,,,,,,
3504,1999,331,YAR,BLUTI,1,,,,,,,,,,,OU,,,,,,,,,,,,,,,,,,,,,,,,,,,,,,,,,,,,,,,,,,,,
3505,1999,332,YAR,BLUTI,1,,,9,,,14,,,,,NE,,,,,,,,,,,,,,,,,,,,,,,,,,,,,,,,,,,,,,,,,,,,
3506,1999,333,YAR,REDST,1,7,7,7,,,,,,,,NE,,,,,,,,,,,09/06/1999,P110089,P110090,P110091,P110092,P110093,P110094,P110095,,,,,,,,,,,,,,,,,,,,,,,,,,
3507,1999,334,YAR,PIEFL,1,7,7,6,,,35,,,,,NE,,,,,,,,,,,02/06/1999,N352422,N352423,N352424,N352425,N352426,N352427,,,,,,,,,,,,,,,,,,,,,,,,,,,
3508,1999,336,YAR,PIEFL,1,6,5,5,,,,,,1,,NE,,,,,,,,,,,02/06/1999,N352428,N352429,N352430,N352431,N352432,,,,,,,,,,,,,,,,,,,,,,,,,,,,
3509,1999,337,YAR,BLUTI,1,9,9,9,,,,,,,,NE,,,,,,,,,,,,,,,,,,,,,,,,,,,,,,,,,,,,,,,,,,,,
3510,1999,339,YAR,BLUTI,1,,,,,,,,10,,,OU,,,,,,,,,,,,,,,,,,,,,,,,,,,,,,,,,,,,,,,,,,,,
3511,1999,340,YAR,PIEFL,1,8,8,7,,,35,,,,,NE,,,,,,,,,,,02/06/1999,N352433,N352434,N352435,N352436,N352437,N352438,N352439,,,,,,,,,,,,,,,,,,,,,,,,,,
3512,1999,342,YAR,BLUTI,1,,,,,,,,9,,,OU,,,,,,,,,,,,,,,,,,,,,,,,,,,,,,,,,,,,,,,,,,,,
3513,1999,345,YAR,PIEFL,1,7,,5,,,35,,,1,,NE,,,,,,,,,,,02/06/1999,N352440,N352441,N352442,N352443,N352444,,,,,,,,,,,,,,,,,,,,,,,,,,,,
3514,1999,347,YAR,BLUTI,1,,0,0,,,,,,,,ED,,,,,,,,,,,,,,,,,,,,,,,,,,,,,,,,,,,,,,,,,,,,
3515,1999,348,YAR,PIEFL,1,6,5,5,,,,,,,,NE,,,,,,K184822,02/06/1999,19/06/1996,R,3,16/06/1999,P110136,P110137,P110138,P110139,P110140,,,,,,,,,,,,,,,,,,,,,,,,,,,,
3516,1999,349,YAR,BLUTI,1,11,11,11,,,,,,,,NE,,,,,,,,,,,,,,,,,,,,,,,,,,,,,,,,,,,,,,,,,,,,
3517,1999,350,YAR,COATI,1,9,,,,,,,,,,OU,,,,,,,,,,,,,,,,,,,,,,,,,,,,,,,,,,,,,,,,,,,,
3518,1999,351,YAR,PIEFL,1,7,7,5,,,,,,,,NE,,,,,,N352445,02/06/1999,02/06/1999,I,1,16/06/1999,P110141,P110142,P110143,P110144,P110145,,,,,,,,,,,,,,,,,,,,,,,,,,,,
3519,1999,354,YAR,NUTHA,1,,,4,,,,,7,,,NE,,,,,,,,,,,,,,,,,,,,,,,,,,,,,,,,,,,,,,,,,,,,
3520,1999,355,YAR,BLUTI,1,,0,0,,,,,2,,,ED,,,,,,,,,,,,,,,,,,,,,,,,,,,,,,,,,,,,,,,,,,,,
3521,1999,311B,YAR,PIEFL,1,7,7,0,,,,,,,,JD,,,,,,,,,,,,,,,,,,,,,,,,,,,,,,,,,,,,,,,,,,,,
3522,1999,HIDE3,YAR,PIEFL,1,8,8,7,,,,,,,,NE,,,,,,,,,,,09/06/1999,P110096,P110097,P110098,P110099,P110100,P110101,P110102,,,,,,,,,,,,,,,,,,,,,,,,,,
3523,1999,HIDE6,YAR,BLUTI,1,,,9,,,20,,,,,NE,,,,,,,,,,,,,,,,,,,,,,,,,,,,,,,,,,,,,,,,,,,,
3524,1999,HIDE7,YAR,BLUTI,1,8,8,8,,,20,,,,,NE,,,,,,,,,,,,,,,,,,,,,,,,,,,,,,,,,,,,,,,,,,,,
3525,1999,HIDE8,YAR,GRETI,1,7,7,7,,,21,,,,,NE,,,,,,,,,,,,,,,,,,,,,,,,,,,,,,,,,,,,,,,,,,,,
3526,1999,YARROW,YAR,PIEFL,1,,,7,,,,,,,,OU,,,,,,,,,,,03/06/1999,P110022,P110023,P110024,P110025,P110026,P110027,P110028,,,,,,,,,,,,,,,,,,,,,,,,,,
3527,2000,1,BVW,NUTHA,1,5,,3,,,33,,,,,NE,,,,,,,,,,,,,,,,,,,,,,,,,,,,,,,,,,,,,,,,,,,,
3528,2000,2,BVW,PIEFL,1,7,,6,,,,,,,,NE,,,,,,,,,,,,,,,,,,,,,,,,,,,,,,,,,,,,,,,,,,,,
3529,2000,4,BVW,PIEFL,1,,,7,,,,,,,,NE,,,,,,,,,,,,,,,,,,,,,,,,,,,,,,,,,,,,,,,,,,,,
3530,2000,5,BVW,BLUTI,1,7,6,6,,,,,,,,NE,,,,,,,,,,,,,,,,,,,,,,,,,,,,,,,,,,,,,,,,,,,,
3531,2000,7,BVW,GRETI,1,,,7,,,,,7,,,NE,,,,,,,,,,,,,,,,,,,,,,,,,,,,,,,,,,,,,,,,,,,,
3532,2000,8,BVW,BLUTI,1,10,9,8,,,33,,,,,NE,,,,,,,,,,,,,,,,,,,,,,,,,,,,,,,,,,,,,,,,,,,,
3533,2000,9,BVW,BLUTI,1,,,3,,,,,7,,,NE,,,,,,,,,,,,,,,,,,,,,,,,,,,,,,,,,,,,,,,,,,,,
3534,2000,10,BVW,PIEFL,1,6,,4,,,37,,,,,NE,,,,,,,,,,,,,,,,,,,,,,,,,,,,,,,,,,,,,,,,,,,,
3535,2000,11,BVW,GRETI,1,4,4,4,,,27,,,,,NE,,,,,,,,,,,,,,,,,,,,,,,,,,,,,,,,,,,,,,,,,,,,
3536,2000,12,BVW,GRETI,1,,,5,,,25,,,,,NE,,,,,,,,,,,,,,,,,,,,,,,,,,,,,,,,,,,,,,,,,,,,
3537,2000,13,BVW,BLUTI,1,9,,8,,,25,,,,,NE,,,,,,,,,,,,,,,,,,,,,,,,,,,,,,,,,,,,,,,,,,,,
3538,2000,14,BVW,BLUTI,1,10,10,10,,,25,,,,,NE,,,,,,,,,,,,,,,,,,,,,,,,,,,,,,,,,,,,,,,,,,,,
3539,2000,15,BVW,PIEFL,1,7,6,5,,,40,,,1,,NE,,,,,,,,,,,12/06/2000,P110754,P110755,P110756,P110757,P110758,,,,,,,,,,,,,,,,,,,,,,,,,,,,
3540,2000,16,BVW,PIEFL,1,6,6,6,,,38,,,,,NE,,,,,,,,,,,,,,,,,,,,,,,,,,,,,,,,,,,,,,,,,,,,
3541,2000,17,BVW,GRETI,1,,,7,,,35,,,,,NE,,,,,,,,,,,,,,,,,,,,,,,,,,,,,,,,,,,,,,,,,,,,
3542,2000,18,BVW,NUTHA,1,,,5,,,36,,6,,,NE,,,,,,,,,,,,,,,,,,,,,,,,,,,,,,,,,,,,,,,,,,,,
3543,2000,19,BVW,GRETI,1,8,,6,,,39,,,,,NE,,,,,,,,,,,,,,,,,,,,,,,,,,,,,,,,,,,,,,,,,,,,
3544,2000,20,BVW,PIEFL,1,7,,6,,,43,57,,,,NE,,,,,,,,,,,05/06/2000,P110640,P110641,P110642,P110643,P110644,P110645,,,,,,,,,,,,,,,,,,,,,,,,,,,
3545,2000,21,BVW,BLUTI,1,,,8,,,37,,9,,,NE,,,,,,,,,,,,,,,,,,,,,,,,,,,,,,,,,,,,,,,,,,,,
3546,2000,22,BVW,BLUTI,1,10,7,7,,,32,,,,,NE,,,,,,,,,,,,,,,,,,,,,,,,,,,,,,,,,,,,,,,,,,,,
3547,2000,23,BVW,PIEFL,1,6,,5,,,52,,,,,NE,,,,,,,,,,,12/06/2000,P110741,P110742,P110743,P110744,P110745,,,,,,,,,,,,,,,,,,,,,,,,,,,,
3548,2000,24,BVW,PIEFL,1,,,5,,,43,,6,1,,NE,,,,,,,,,,,05/06/2000,P110646,P110647,P110648,P110649,P110650,,,,,,,,,,,,,,,,,,,,,,,,,,,,
3549,2000,18A,BVW,BLUTI,1,,,8,,,32,,9,,,NE,,,,,,,,,,,,,,,,,,,,,,,,,,,,,,,,,,,,,,,,,,,,
3550,2000,1,NEA,PIEFL,1,,,7,,,39,,8,1,,NE,,,,,,,,,,,07/06/2000,P110661,P110662,P110663,P110664,P110665,P110666,P110667,,,,,,,,,,,,,,,,,,,,,,,,,,
3551,2000,2,NEA,GRETI,1,,,5,,,,,6,,,NE,,,,,,,,,,,,,,,,,,,,,,,,,,,,,,,,,,,,,,,,,,,,
3552,2000,3,NEA,NUTHA,1,,,5,,,,,,,,NE,,,,,,,,,,,,,,,,,,,,,,,,,,,,,,,,,,,,,,,,,,,,
3553,2000,4,NEA,BLUTI,1,9,9,9,,,,,,,,NE,,,,,,,,,,,,,,,,,,,,,,,,,,,,,,,,,,,,,,,,,,,,
3554,2000,5,NEA,BLUTI,1,8,,7,,,22,,8,,,NE,,,,,,,,,,,,,,,,,,,,,,,,,,,,,,,,,,,,,,,,,,,,
3555,2000,6,NEA,PIEFL,1,,,7,,,38,,,,,NE,,,,,,,,,,,07/06/2000,P110668,P110669,P110670,P110671,P110672,P110673,P110674,,,,,,,,,,,,,,,,,,,,,,,,,,
3556,2000,7,NEA,BLUTI,1,,,10,,,24,,,,,NE,,,,,,,,,,,,,,,,,,,,,,,,,,,,,,,,,,,,,,,,,,,,
3557,2000,8,NEA,BLUTI,1,,,11,,,26,,,,,NE,,,,,,,,,,,,,,,,,,,,,,,,,,,,,,,,,,,,,,,,,,,,
3558,2000,9,NEA,BLUTI,1,,,11,,,29,,,,,NE,,,,,,,,,,,,,,,,,,,,,,,,,,,,,,,,,,,,,,,,,,,,
3559,2000,10,NEA,PIEFL,1,7,6,6,,,39,,,1,,NE,,,,,,,,,,,07/06/2000,P110675,P110676,P110677,P110678,P110679,P110680,,,,,,,,,,,,,,,,,,,,,,,,,,,
3560,2000,11,NEA,BLUTI,1,11,,8,,,26,,,,,NE,,,,,,,,,,,,,,,,,,,,,,,,,,,,,,,,,,,,,,,,,,,,
3561,2000,12,NEA,PIEFL,1,,,7,,,,,,,,NE,,,,,,,,,,,07/06/2000,P110681,P110682,P110683,P110684,P110685,P110686,P110687,,,,,,,,,,,,,,,,,,,,,,,,,,
3562,2000,13,NEA,PIEFL,1,8,8,8,,,39,,,,,NE,,,,,,,,,,,07/06/2000,,,,,,,,,,,,,,,,,,,,,,,,,,,,,,,,,
3563,2000,15,NEA,PIEFL,1,7,7,7,,,40,,,,,NE,,,,,,,,,,,07/06/2000,P110688,P110689,P110690,P110691,P110692,P110693,P110694,,,,,,,,,,,,,,,,,,,,,,,,,,
3564,2000,16,NEA,GRETI,1,,,7,,,26,,,,,NE,,,,,,,,,,,,,,,,,,,,,,,,,,,,,,,,,,,,,,,,,,,,
3565,2000,17,NEA,PIEFL,1,8,8,8,,,41,,,,,NE,,,,,,,,,,,12/06/2000,P110746,P110747,P110748,P110749,P110750,P110751,P110752,P110753,,,,,,,,,,,,,,,,,,,,,,,,,
3566,2000,18,NEA,BLUTI,1,10,10,10,,,31,,,,,NE,,,,,,,,,,,,,,,,,,,,,,,,,,,,,,,,,,,,,,,,,,,,
3567,2000,19,NEA,PIEFL,1,,,7,,,40,,,,,NE,,,,,,,,,,,07/06/2000,P110695,P110696,P110697,P110698,P110699,P110700,P110701,,,,,,,,,,,,,,,,,,,,,,,,,,
3568,2000,20,NEA,PIEFL,1,6,5,5,,,38,,,1,,NE,,,,,,,,,,,07/06/2000,P110702,P110703,P110704,P110705,P110706,,,,,,,,,,,,,,,,,,,,,,,,,,,,
3569,2000,101,YAR,PIEFL,1,6,5,0,,,39,,,,,JD,,,,,,,,,,,,,,,,,,,,,,,,,,,,,,,,,,,,,,,,,,,,
3570,2000,102,YAR,BLUTI,1,11,,9,,,20,,,,,NE,,,,,,,,,,,,,,,,,,,,,,,,,,,,,,,,,,,,,,,,,,,,
3571,2000,103,YAR,NUTHA,1,7,,5,,,,,,,,NE,,,,,,,,,,,,,,,,,,,,,,,,,,,,,,,,,,,,,,,,,,,,
3572,2000,104,YAR,PIEFL,1,7,7,4,,,41,,,,,NE,,,,,,,,,,,12/06/2000,P110715,P110716,P110717,P110718,,,,,,,,,,,,,,,,,,,,,,,,,,,,,
3573,2000,105,YAR,BLUTI,1,11,11,10,,,18,,,,,NE,,,,,,,,,,,,,,,,,,,,,,,,,,,,,,,,,,,,,,,,,,,,
3574,2000,108,YAR,BLUTI,1,,0,0,,,,,5,,,ED,,,,,,,,,,,,,,,,,,,,,,,,,,,,,,,,,,,,,,,,,,,,
3575,2000,109,YAR,PIEFL,1,6,6,6,,,36,54,,,,NE,,,,,,,,,,,05/06/2000,P110492,P110493,P110494,P110495,P110496,P110497,,,,,,,,,,,,,,,,,,,,,,,,,,,
3576,2000,110,YAR,BLUTI,1,12,,11,,,18,,,,,NE,,,,,,,,,,,,,,,,,,,,,,,,,,,,,,,,,,,,,,,,,,,,
3577,2000,111,YAR,PIEFL,1,8,8,7,,,38,,,,,NE,,,,,,,,,,,05/06/2000,P110498,P110499,P110500,P110501,P110502,P110503,P110504,,,,,,,,,,,,,,,,,,,,,,,,,,
3578,2000,112,YAR,PIEFL,1,6,0,0,,,57,,,,,ED,,,,,,N352443,05/06/2000,02/06/1999,R,1,,,,,,,,,,,,,,,,,,,,,,,,,,,,,,,,,,
3579,2000,116,YAR,PIEFL,1,,,1,,,39,,7,6,,JD,,,,,,,,,,,05/06/2000,P110505,,,,,,,,,,,,,,,,,,,,,,,,,,,,,,,,
3580,2000,117,YAR,BLUTI,1,7,6,6,,,,,,,,NE,,,,,,,,,,,,,,,,,,,,,,,,,,,,,,,,,,,,,,,,,,,,
3581,2000,118,YAR,BLUTI,1,8,,7,,,22,,,,,NE,,,,,,,,,,,,,,,,,,,,,,,,,,,,,,,,,,,,,,,,,,,,
3582,2000,119,YAR,PIEFL,1,8,3,1,,,,,,5,,NE,,,,,,,,,,,05/06/2000,P110506,P110507,P110508,,,,,,,,,,,,,,,,,,,,,,,,,,,,,,
3583,2000,120,YAR,PIEFL,1,7,7,6,,,38,,,,,NE,,,,,,,,,,,05/06/2000,P110509,P110510,P110511,P110512,P110513,P110514,,,,,,,,,,,,,,,,,,,,,,,,,,,
3584,2000,122,YAR,BLUTI,1,10,10,10,,,22,,,,,NE,,,,,,,,,,,,,,,,,,,,,,,,,,,,,,,,,,,,,,,,,,,,
3585,2000,123,YAR,GRETI,1,7,7,6,,,27,,,,,NE,,,,,,,,,,,,,,,,,,,,,,,,,,,,,,,,,,,,,,,,,,,,
3586,2000,126,YAR,BLUTI,1,8,8,8,,,,,,,,NE,,,,,,,,,,,,,,,,,,,,,,,,,,,,,,,,,,,,,,,,,,,,
3587,2000,128,YAR,PIEFL,1,,,7,,,37,,,,,NE,,,,,,,,,,,05/06/2000,P110515,P110516,P110517,P110518,P110519,P110520,P110521,,,,,,,,,,,,,,,,,,,,,,,,,,
3588,2000,129,YAR,BLUTI,1,9,9,8,,,,,,,,NE,,,,,,,,,,,,,,,,,,,,,,,,,,,,,,,,,,,,,,,,,,,,
3589,2000,131,YAR,PIEFL,1,7,7,6,,,34,,,,,NE,,,,,,,,,,,05/06/2000,P110522,P110523,P110524,P110525,P110526,P110527,,,,,,,,,,,,,,,,,,,,,,,,,,,
3590,2000,201,YAR,PIEFL,1,,0,0,,,45,,4,,,ED,,,,,,,,,,,,,,,,,,,,,,,,,,,,,,,,,,,,,,,,,,,,
3591,2000,202,YAR,BLUTI,1,,,4,,,28,,,,,NE,,,,,,,,,,,,,,,,,,,,,,,,,,,,,,,,,,,,,,,,,,,,
3592,2000,203,YAR,BLUTI,1,,,6,,,,,9,,,NE,,,,,,,,,,,,,,,,,,,,,,,,,,,,,,,,,,,,,,,,,,,,
3593,2000,205,YAR,PIEFL,3,6,,,,,73,,,,,OU,,,,,,P110461,12/06/2000,24/05/2000,S,1,,,,,,,,,,,,,,,,,,,,,,,,,,,,,,,,,,
3594,2000,206,YAR,BLUTI,1,6,6,5,,,27,,,,,NE,,,,,,,,,,,,,,,,,,,,,,,,,,,,,,,,,,,,,,,,,,,,
3595,2000,209,YAR,PIEFL,1,7,7,7,,,39,,,,,NE,,,,,,,,,,,05/06/2000,P110528,P110529,P110530,P110531,P110532,P110533,P110534,,,,,,,,,,,,,,,,,,,,,,,,,,
3596,2000,211,YAR,PIEFL,1,7,4,0,,,38,,,,,JD,,,,,,P110458,24/05/2000,24/05/2000,I,1,,,,,,,,,,,,,,,,,,,,,,,,,,,,,,,,,,
3597,2000,212,YAR,BLUTI,1,,,4,,,,,,,,NE,,,,,,,,,,,,,,,,,,,,,,,,,,,,,,,,,,,,,,,,,,,,
3598,2000,213,YAR,PIEFL,1,6,5,0,,,44,,,,,JD,,,,,,,,,,,,,,,,,,,,,,,,,,,,,,,,,,,,,,,,,,,,
3599,2000,213,YAR,BLUTI,1,11,11,10,,,20,,,,,NE,,,,,,,,,,,,,,,,,,,,,,,,,,,,,,,,,,,,,,,,,,,,
3600,2000,214,YAR,PIEFL,1,7,2,2,,,40,,,5,,NE,,,,,,,,,,,05/06/2000,P110535,P110536,,,,,,,,,,,,,,,,,,,,,,,,,,,,,,,
3601,2000,215,YAR,BLUTI,1,4,,2,,,25,,,,,NE,,,,,,,,,,,,,,,,,,,,,,,,,,,,,,,,,,,,,,,,,,,,
3602,2000,216,YAR,BLUTI,1,,,9,,,24,,11,,,NE,,,,,,,,,,,,,,,,,,,,,,,,,,,,,,,,,,,,,,,,,,,,
3603,2000,218,YAR,BLUTI,1,,,7,,,22,,,,,NE,,,,,,,,,,,,,,,,,,,,,,,,,,,,,,,,,,,,,,,,,,,,
3604,2000,219,YAR,GRETI,1,7,6,6,,,26,,,,,NE,,,,,,,,,,,,,,,,,,,,,,,,,,,,,,,,,,,,,,,,,,,,
3605,2000,221,YAR,PIEFL,1,8,8,6,,,40,,,,,NE,,,,,,K184783,24/05/2000,13/06/1996,R,4,05/06/2000,P110537,P110538,P110539,P110540,P110541,P110542,P110543,P110544,,,,,,,,,,,,,,,,,,,,,,,,,
3606,2000,222,YAR,BLUTI,1,11,0,0,,,30,,,,,ED,,,,,,,,,,,,,,,,,,,,,,,,,,,,,,,,,,,,,,,,,,,,
3607,2000,225,YAR,BLUTI,1,13,,9,,,26,,,,,NE,,,,,,,,,,,,,,,,,,,,,,,,,,,,,,,,,,,,,,,,,,,,
3608,2000,226,YAR,BLUTI,1,,,10,,,24,,,,,NE,,,,,,,,,,,,,,,,,,,,,,,,,,,,,,,,,,,,,,,,,,,,
3609,2000,227,YAR,PIEFL,1,7,0,0,,,39,,,,,EP,,,,,,,,,,,,,,,,,,,,,,,,,,,,,,,,,,,,,,,,,,,,
3610,2000,228,YAR,BLUTI,1,5,5,5,,,,,,,,NE,,,,,,,,,,,,,,,,,,,,,,,,,,,,,,,,,,,,,,,,,,,,
3611,2000,229,YAR,PIEFL,1,7,,5,,,38,,,,,NE,,,,,,,,,,,05/06/2000,P110545,P110546,P110547,P110548,P110549,,,,,,,,,,,,,,,,,,,,,,,,,,,,
3612,2000,230,YAR,BLUTI,1,7,7,6,,,31,,,,,NE,,,,,,,,,,,,,,,,,,,,,,,,,,,,,,,,,,,,,,,,,,,,
3613,2000,231,YAR,BLUTI,1,,,0,,,,,7,,,JD,,,,,,,,,,,,,,,,,,,,,,,,,,,,,,,,,,,,,,,,,,,,
3614,2000,232,YAR,BLUTI,1,6,0,0,,,33,,,,,ED,,,,,,,,,,,,,,,,,,,,,,,,,,,,,,,,,,,,,,,,,,,,
3615,2000,233,YAR,BLUTI,1,,,8,,,30,,9,,,NE,,,,,,,,,,,,,,,,,,,,,,,,,,,,,,,,,,,,,,,,,,,,
3616,2000,234,YAR,PIEFL,1,6,,3,,,40,,,1,,NE,,,,,,P110460,24/05/2000,24/05/2000,I,1,05/06/2000,P110550,P110551,P110552,,,,,,,,,,,,,,,,,,,,,,,,,,,,,,
3617,2000,235,YAR,GRETI,1,,0,0,,,33,,,,,ED,,,,,,,,,,,,,,,,,,,,,,,,,,,,,,,,,,,,,,,,,,,,
3618,2000,236,YAR,BLUTI,1,7,,6,,,31,,,,,NE,,,,,,,,,,,,,,,,,,,,,,,,,,,,,,,,,,,,,,,,,,,,
3619,2000,237,YAR,BLUTI,1,8,,7,,,31,,,,,NE,,,,,,,,,,,,,,,,,,,,,,,,,,,,,,,,,,,,,,,,,,,,
3620,2000,238,YAR,BLUTI,1,9,,3,,,31,,,,,NE,,,,,,,,,,,,,,,,,,,,,,,,,,,,,,,,,,,,,,,,,,,,
3621,2000,239,YAR,BLUTI,1,9,,9,,,29,,,,,NE,,,,,,,,,,,,,,,,,,,,,,,,,,,,,,,,,,,,,,,,,,,,
3622,2000,240,YAR,PIEFL,1,8,0,0,,,,,,,,JD,,,,,,,,,,,,,,,,,,,,,,,,,,,,,,,,,,,,,,,,,,,,
3623,2000,241,YAR,BLUTI,1,6,6,6,,,32,,,,,NE,,,,,,,,,,,,,,,,,,,,,,,,,,,,,,,,,,,,,,,,,,,,
3624,2000,242,YAR,BLUTI,1,,,7,,,28,,,,,NE,,,,,,,,,,,,,,,,,,,,,,,,,,,,,,,,,,,,,,,,,,,,
3625,2000,243,YAR,PIEFL,1,8,8,8,,,40,,,,,NE,,,,,,,,,,,05/06/2000,P110553,P110554,P110555,P110556,P110557,P110558,P110559,P110560,,,,,,,,,,,,,,,,,,,,,,,,,
3626,2000,245,YAR,BLUTI,1,,,10,,,22,,,,,NE,,,,,,,,,,,,,,,,,,,,,,,,,,,,,,,,,,,,,,,,,,,,
3627,2000,246,YAR,PIEFL,1,7,4,0,,,40,,,,,JD,,,,,,,,,,,,,,,,,,,,,,,,,,,,,,,,,,,,,,,,,,,,
3628,2000,247,YAR,BLUTI,1,,,10,,,26,,,,,NE,,,,,,,,,,,,,,,,,,,,,,,,,,,,,,,,,,,,,,,,,,,,
3629,2000,248,YAR,GRETI,1,,,7,,,,,,,,NE,,,,,,,,,,,,,,,,,,,,,,,,,,,,,,,,,,,,,,,,,,,,
3630,2000,249,YAR,PIEFL,1,6,4,4,,,40,,,2,,NE,,,,,,P110461,24/05/2000,24/05/2000,I,1,05/06/2000,P110561,P110562,P110563,P110564,,,,,,,,,,,,,,,,,,,,,,,,,,,,,
3631,2000,301,YAR,BLUTI,1,,,6,,,,,,,,NE,,,,,,,,,,,,,,,,,,,,,,,,,,,,,,,,,,,,,,,,,,,,
3632,2000,303,YAR,PIEFL,1,7,,0,,,40,,,,,JD,,,,,,,,,,,,,,,,,,,,,,,,,,,,,,,,,,,,,,,,,,,,
3633,2000,307,YAR,BLUTI,1,10,,8,,,,,,,,NE,,,,,,,,,,,,,,,,,,,,,,,,,,,,,,,,,,,,,,,,,,,,
3634,2000,308,YAR,GRETI,1,8,,6,,,25,,,,,NE,,,,,,,,,,,,,,,,,,,,,,,,,,,,,,,,,,,,,,,,,,,,
3635,2000,309,YAR,PIEFL,1,7,7,3,,,,,,,,NE,,,,,,,,,,,05/06/2000,P110565,P110566,P110567,P110568,P110569,,,,,,,,,,,,,,,,,,,,,,,,,,,,
3636,2000,311,YAR,BLUTI,1,,,10,,,24,,,,,NE,,,,,,,,,,,,,,,,,,,,,,,,,,,,,,,,,,,,,,,,,,,,
3637,2000,314,YAR,PIEFL,1,6,6,0,,,44,,,,,JD,,,,,,N908144,05/06/2000,03/06/1999,I,1,,,,,,,,,,,,,,,,,,,,,,,,,,,,,,,,,,
3638,2000,317,YAR,PIEFL,1,7,7,7,,,38,,,,,NE,,,,,,N313813,24/05/2000,30/05/1998,I,3,05/06/2000,P110570,P110571,P110572,P110573,P110574,P110575,P110576,,,,,,,,,,,,,,,,,,,,,,,,,,
3639,2000,318,YAR,BLUTI,1,10,,8,,,21,,,,,NE,,,,,,,,,,,,,,,,,,,,,,,,,,,,,,,,,,,,,,,,,,,,
3640,2000,319,YAR,PIEFL,1,7,6,0,,,37,,,,,JD,,,,,,N711090,24/05/2000,18/06/1999,I,2,,,,,,,,,,,,,,,,,,,,,,,,,,,,,,,,,,
3641,2000,320,YAR,PIEFL,1,7,7,6,,,40,,,,,NE,,,,,,P110577,05/06/2000,05/06/2000,I,1,12/06/2000,P110719,P110720,P110721,P110722,P110723,P110724,,,,,,,,,,,,,,,,,,,,,,,,,,,
3642,2000,321,YAR,BLUTI,1,,,7,,,33,,,,,NE,,,,,,,,,,,,,,,,,,,,,,,,,,,,,,,,,,,,,,,,,,,,
3643,2000,322,YAR,PIEFL,1,7,5,4,,,42,,,2,,NE,,,,,,,,,,,12/06/2000,P110725,P110726,P110727,P110728,P110729,,,,,,,,,,,,,,,,,,,,,,,,,,,,
3644,2000,323,YAR,PIEFL,1,7,6,6,,,40,,,1,,NE,,,,,,,,,,,05/06/2000,P110578,P110579,P110580,P110581,P110582,P110583,,,,,,,,,,,,,,,,,,,,,,,,,,,
3645,2000,326,YAR,BLUTI,1,10,10,9,,,20,,,,,NE,,,,,,,,,,,,,,,,,,,,,,,,,,,,,,,,,,,,,,,,,,,,
3646,2000,327,YAR,BLUTI,1,9,,4,,,26,,,,,NE,,,,,,,,,,,,,,,,,,,,,,,,,,,,,,,,,,,,,,,,,,,,
3647,2000,328,YAR,PIEFL,1,6,6,6,,,36,,,,,NE,,,,,,,,,,,05/06/2000,P110584,P110585,P110586,P110587,P110588,P110589,,,,,,,,,,,,,,,,,,,,,,,,,,,
3648,2000,329,YAR,PIEFL,2,4,2,0,,,,,,,,JD,,,,,,,,,,,,,,,,,,,,,,,,,,,,,,,,,,,,,,,,,,,,
3649,2000,329,YAR,BLUTI,1,11,,8,,,18,,,,,NE,,,,,,,,,,,,,,,,,,,,,,,,,,,,,,,,,,,,,,,,,,,,
3650,2000,330,YAR,GRETI,1,,,5,,,,,5,,,NE,,,,,,,,,,,,,,,,,,,,,,,,,,,,,,,,,,,,,,,,,,,,
3651,2000,331,YAR,PIEFL,1,8,8,8,,,,,,,,NE,,,,,,,,,,,05/06/2000,P110590,P110591,P110592,P110593,P110594,P110595,P110596,P110597,,,,,,,,,,,,,,,,,,,,,,,,,
3652,2000,332,YAR,BLUTI,1,,,6,,,,,8,,,NE,,,,,,,,,,,,,,,,,,,,,,,,,,,,,,,,,,,,,,,,,,,,
3653,2000,333,YAR,PIEFL,1,,0,0,,,38,,5,,,ED,,,,,,,,,,,,,,,,,,,,,,,,,,,,,,,,,,,,,,,,,,,,
3654,2000,334,YAR,PIEFL,2,7,7,5,,,46,,,,,NE,,,,,,,,,,,12/06/2000,P110730,P110731,P110732,P110733,P110734,,,,,,,,,,,,,,,,,,,,,,,,,,,,
3655,2000,335,YAR,PIEFL,1,7,7,7,,,38,,,,,NE,,,,,,N691836,24/05/2000,01/05/1999,I,2,05/06/2000,P110598,P110599,P110600,P110601,P110602,P110603,P110604,,,,,,,,,,,,,,,,,,,,,,,,,,
3656,2000,337,YAR,BLUTI,1,,,6,,,,,,,,NE,,,,,,,,,,,,,,,,,,,,,,,,,,,,,,,,,,,,,,,,,,,,
3657,2000,339,YAR,PIEFL,1,7,7,6,,,37,,,,,NE,,,,,,,,,,,05/06/2000,P110605,P110606,P110607,P110608,P110609,P110610,,,,,,,,,,,,,,,,,,,,,,,,,,,
3658,2000,340,YAR,BLUTI,1,6,,5,,,,,,,,NE,,,,,,,,,,,,,,,,,,,,,,,,,,,,,,,,,,,,,,,,,,,,
3659,2000,341,YAR,PIEFL,1,6,0,0,,,40,,,,,ED,,,,,,P110467,24/05/2000,24/05/2000,I,1,,,,,,,,,,,,,,,,,,,,,,,,,,,,,,,,,,
3660,2000,342,YAR,BLUTI,1,,,6,,,23,,7,,,NE,,,,,,,,,,,,,,,,,,,,,,,,,,,,,,,,,,,,,,,,,,,,
3661,2000,345,YAR,PIEFL,1,7,6,6,,,,,,1,,NE,,,,,,N313949,24/05/2000,05/06/1998,R,2,05/06/2000,P110611,P110612,P110613,P110614,P110615,P110616,,,,,,,,,,,,,,,,,,,,,,,,,,,
3662,2000,346,YAR,PIEFL,1,5,4,0,,,,,,1,,JD,,,,,,P110468,24/05/2000,24/05/2000,I,1,05/06/2000,P110617,P110618,P110619,,,,,,,,,,,,,,,,,,,,,,,,,,,,,,
3663,2000,347,YAR,BLUTI,1,,11,8,,,,,,,,NE,,,,,,,,,,,,,,,,,,,,,,,,,,,,,,,,,,,,,,,,,,,,
3664,2000,349,YAR,PIEFL,1,8,7,4,,,38,,,,,NE,,,,,,N711174,24/05/2000,07/06/1998,I,2,05/06/2000,P110620,P110621,P110622,P110623,P110624,P110625,P110626,,,,,,,,,,,,,,,,,,,,,,,,,,
3665,2000,350,YAR,PIEFL,1,8,8,7,,,39,,,,,NE,,,,,,P110469,24/05/2000,24/05/2000,I,1,05/06/2000,P110627,P110628,P110629,P110630,P110631,P110632,P110633,,,,,,,,,,,,,,,,,,,,,,,,,,
3666,2000,352,YAR,BLUTI,1,,,2,,,31,,8,,,NE,,,,,,,,,,,,,,,,,,,,,,,,,,,,,,,,,,,,,,,,,,,,
3667,2000,354,YAR,PIEFL,1,6,6,6,,,,,,,,NE,,,,,,P110470,24/05/2000,24/05/2000,I,1,05/06/2000,P110634,P110635,P110636,P110637,P110638,P110639,,,,,,,,,,,,,,,,,,,,,,,,,,,
3668,2000,355,YAR,BLUTI,1,8,8,8,,,,,,,,NE,,,,,,,,,,,,,,,,,,,,,,,,,,,,,,,,,,,,,,,,,,,,
3669,2000,HIDE10,YAR,GRETI,1,,,5,,,37,,7,,,NE,,,,,,,,,,,,,,,,,,,,,,,,,,,,,,,,,,,,,,,,,,,,
3670,2000,HIDE2,YAR,GRETI,1,9,,8,,,26,,,,,NE,,,,,,,,,,,,,,,,,,,,,,,,,,,,,,,,,,,,,,,,,,,,
3671,2000,HIDE3,YAR,PIEFL,1,,,0,,,,,2,,,EU,,,,,,,,,,,,,,,,,,,,,,,,,,,,,,,,,,,,,,,,,,,,
3672,2000,HIDE5,YAR,BLUTI,1,9,9,9,,,24,,,,,NE,,,,,,,,,,,,,,,,,,,,,,,,,,,,,,,,,,,,,,,,,,,,
3673,2000,HIDE7,YAR,PIEFL,1,7,,6,,,43,,,,,NE,,,,,,,,,,,12/06/2000,P110735,P110736,P110737,P110738,P110739,P110740,,,,,,,,,,,,,,,,,,,,,,,,,,,
3674,2000,YARROW,YAR,PIEFL,1,,,5,,,,,7,,,OU,,,,,,,,,,,05/06/2000,P110487,P110488,P110489,P110490,P110491,,,,,,,,,,,,,,,,,,,,,,,,,,,,
3675,2001,1,BVW,NUTHA,1,,,5,,,,,,,,NE,,,,,,,,,,,,,,,,,,,,,,,,,,,,,,,,,,,,,,,,,,,,
3676,2001,2,BVW,BLUTI,1,,,9,,,,,,,,NE,,,,,,,,,,,,,,,,,,,,,,,,,,,,,,,,,,,,,,,,,,,,
3677,2001,3,BVW,BLUTI,1,,,0,,,,,,,,JD,,,,,,,,,,,,,,,,,,,,,,,,,,,,,,,,,,,,,,,,,,,,
3678,2001,4,BVW,PIEFL,1,7,6,6,,,,,,,,NE,,,,,,,,,,,,,,,,,,,,,,,,,,,,,,,,,,,,,,,,,,,,
3679,2001,5,BVW,PIEFL,1,6,6,6,,,,,,,,NE,,,,,,,,,,,,,,,,,,,,,,,,,,,,,,,,,,,,,,,,,,,,
3680,2001,6,BVW,BLUTI,1,,,0,,,,,11,,,jp,,,,,,,,,,,,,,,,,,,,,,,,,,,,,,,,,,,,,,,,,,,,
3681,2001,7,BVW,GRETI,1,,,6,,,,,,,,NE,,,,,,,,,,,,,,,,,,,,,,,,,,,,,,,,,,,,,,,,,,,,
3682,2001,8,BVW,BLUTI,1,,,3,,,,,5,,,NE,,,,,,,,,,,,,,,,,,,,,,,,,,,,,,,,,,,,,,,,,,,,
3683,2001,10,BVW,BLUTI,1,,,9,,,,,,,,NE,,,,,,,,,,,,,,,,,,,,,,,,,,,,,,,,,,,,,,,,,,,,
3684,2001,11,BVW,PIEFL,1,,,5,,,,,6,,,NE,,,,,,,,,,,,,,,,,,,,,,,,,,,,,,,,,,,,,,,,,,,,
3685,2001,12,BVW,BLUTI,1,,,0,,,,,6,,,jp,,,,,,,,,,,,,,,,,,,,,,,,,,,,,,,,,,,,,,,,,,,,
3686,2001,13,BVW,BLUTI,1,,0,0,,,,,7,,,ED,,,,,,,,,,,,,,,,,,,,,,,,,,,,,,,,,,,,,,,,,,,,
3687,2001,14,BVW,BLUTI,1,,,11,,,,,,,,NE,,,,,,,,,,,,,,,,,,,,,,,,,,,,,,,,,,,,,,,,,,,,
3688,2001,17,BVW,GRETI,1,,,6,,,,,,,,NE,,,,,,,,,,,,,,,,,,,,,,,,,,,,,,,,,,,,,,,,,,,,
3689,2001,18,BVW,BLUTI,1,,,10,,,,,,,,NE,,,,,,,,,,,,,,,,,,,,,,,,,,,,,,,,,,,,,,,,,,,,
3690,2001,19,BVW,BLUTI,1,,0,0,,,,,5,,,ED,,,,,,,,,,,,,,,,,,,,,,,,,,,,,,,,,,,,,,,,,,,,
3691,2001,20,BVW,BLUTI,1,,,7,,,,,,,,NE,,,,,,,,,,,,,,,,,,,,,,,,,,,,,,,,,,,,,,,,,,,,
3692,2001,21,BVW,BLUTI,1,,,8,,,,,10,,,NE,,,,,,,,,,,,,,,,,,,,,,,,,,,,,,,,,,,,,,,,,,,,
3693,2001,22,BVW,PIEFL,1,,,8,,,,,,,,NE,,,,,,,,,,,,,,,,,,,,,,,,,,,,,,,,,,,,,,,,,,,,
3694,2001,23,BVW,PIEFL,1,8,8,8,,,50,,,,,NE,,,,,,,,,,,,,,,,,,,,,,,,,,,,,,,,,,,,,,,,,,,,
3695,2001,24,BVW,BLUTI,1,8,8,8,,,,,,,,NE,,,,,,,,,,,,,,,,,,,,,,,,,,,,,,,,,,,,,,,,,,,,
3696,2001,18A,BVW,BLUTI,1,,0,0,,,,,2,,,ED,,,,,,,,,,,,,,,,,,,,,,,,,,,,,,,,,,,,,,,,,,,,
3697,2001,1,NEA,PIEFL,1,,,5,,,,,,,,NE,,,,,,,,,,,,,,,,,,,,,,,,,,,,,,,,,,,,,,,,,,,,
3698,2001,3,NEA,BLUTI,1,,,10,,,,,,,,NE,,,,,,,,,,,,,,,,,,,,,,,,,,,,,,,,,,,,,,,,,,,,
3699,2001,4,NEA,BLUTI,1,,,8,,,33,,,,,NE,,,,,,,,,,,,,,,,,,,,,,,,,,,,,,,,,,,,,,,,,,,,
3700,2001,5,NEA,GRETI,1,,,7,,,,,,,,NE,,,,,,,,,,,,,,,,,,,,,,,,,,,,,,,,,,,,,,,,,,,,
3701,2001,6,NEA,PIEFL,1,,,8,,,,,,,,NE,,,,,,,,,,,,,,,,,,,,,,,,,,,,,,,,,,,,,,,,,,,,
3702,2001,7,NEA,BLUTI,1,9,9,8,,,,56,,,,NE,,,,,,,,,,,,,,,,,,,,,,,,,,,,,,,,,,,,,,,,,,,,
3703,2001,8,NEA,BLUTI,1,,,9,,,,56,,,,NE,,,,,,,,,,,,,,,,,,,,,,,,,,,,,,,,,,,,,,,,,,,,
3704,2001,9,NEA,BLUTI,1,,,10,,,,,,,,NE,,,,,,,,,,,,,,,,,,,,,,,,,,,,,,,,,,,,,,,,,,,,
3705,2001,10,NEA,BLUTI,1,,,8,,,,,,,,NE,,,,,,,,,,,,,,,,,,,,,,,,,,,,,,,,,,,,,,,,,,,,
3706,2001,11,NEA,BLUTI,1,,,8,,,,,,,,NE,,,,,,,,,,,,,,,,,,,,,,,,,,,,,,,,,,,,,,,,,,,,
3707,2001,12,NEA,PIEFL,1,8,8,8,,,,,,,,NE,,,,,,,,,,,,,,,,,,,,,,,,,,,,,,,,,,,,,,,,,,,,
3708,2001,13,NEA,PIEFL,1,,,7,,,,,,,,NE,,,,,,,,,,,,,,,,,,,,,,,,,,,,,,,,,,,,,,,,,,,,
3709,2001,14,NEA,BLUTI,1,,,0,,,,,,,,JD,,,,,,,,,,,,,,,,,,,,,,,,,,,,,,,,,,,,,,,,,,,,
3710,2001,15,NEA,PIEFL,1,7,6,3,,,,56,,,,NE,,,,,,,,,,,,,,,,,,,,,,,,,,,,,,,,,,,,,,,,,,,,
3711,2001,16,NEA,GRETI,1,,,7,,,,,,,,NE,,,,,,,,,,,,,,,,,,,,,,,,,,,,,,,,,,,,,,,,,,,,
3712,2001,17,NEA,BLUTI,1,,,6,,,,,,,,NE,,,,,,,,,,,,,,,,,,,,,,,,,,,,,,,,,,,,,,,,,,,,
3713,2001,18,NEA,PIEFL,1,7,,6,,,,,,,,NE,,,,,,,,,,,,,,,,,,,,,,,,,,,,,,,,,,,,,,,,,,,,
3714,2001,19,NEA,GRETI,1,,,5,,,,,,,,NE,,,,,,,,,,,,,,,,,,,,,,,,,,,,,,,,,,,,,,,,,,,,
3715,2001,20,NEA,PIEFL,1,,,2,,,55,,6,4,,NE,,,,,,,,,,,,,,,,,,,,,,,,,,,,,,,,,,,,,,,,,,,,
3716,2001,101,YAR,PIEFL,1,6,6,6,,39,45,,,,,NE,,,,,,,,,,,,,,,,,,,,,,,,,,,,,,,,,,,,,,,,,,,,
3717,2001,102,YAR,BLUTI,1,,0,0,,,18,,12,,,ED,,,,,,,,,,,,,,,,,,,,,,,,,,,,,,,,,,,,,,,,,,,,
3718,2001,103,YAR,NUTHA,1,7,,5,,,23,,,,,NE,,,,,,,,,,,,,,,,,,,,,,,,,,,,,,,,,,,,,,,,,,,,
3719,2001,105,YAR,BLUTI,1,10,,7,,,,,,,,NE,,,,,,,,,,,,,,,,,,,,,,,,,,,,,,,,,,,,,,,,,,,,
3720,2001,106,YAR,PIEFL,1,,0,0,,,,,2,,,ED,,,,,,,,,,,,,,,,,,,,,,,,,,,,,,,,,,,,,,,,,,,,
3721,2001,107,YAR,PIEFL,2,7,7,7,,,43,62,,,,NE,,,,,,,,,,,08/06/2001,P481018,P481019,P481020,P481021,P481022,P481023,P481024,,,,,,,,,,,,,,,,,,,,,,,,,,
3722,2001,108,YAR,BLUTI,1,,,6,,,,,10,,,NE,,,,,,,,,,,,,,,,,,,,,,,,,,,,,,,,,,,,,,,,,,,,
3723,2001,109,YAR,PIEFL,1,,,6,,,,,,,,NE,,,,,,,,,,,08/06/2001,P481025,P481026,P481027,P481028,P481029,P481030,,,,,,,,,,,,,,,,,,,,,,,,,,,
3724,2001,113,YAR,COATI,1,10,10,10,,,21,,,,,NE,,,,,,,,,,,,,,,,,,,,,,,,,,,,,,,,,,,,,,,,,,,,
3725,2001,115,YAR,PIEFL,1,7,7,4,,,42,,,,,NE,,,,,,,,,,,08/06/2001,P481031,P481032,P481033,P481034,P481035,P481036,,,,,,,,,,,,,,,,,,,,,,,,,,,
3726,2001,116,YAR,PIEFL,1,,0,0,,39,,,5,,,EP,,,,,,,,,,,,,,,,,,,,,,,,,,,,,,,,,,,,,,,,,,,,
3727,2001,117,YAR,BLUTI,1,,,8,,,22,,,,,NE,,,,,,,,,,,,,,,,,,,,,,,,,,,,,,,,,,,,,,,,,,,,
3728,2001,118,YAR,BLUTI,1,,,9,,,,,11,,,NE,,,,,,,,,,,,,,,,,,,,,,,,,,,,,,,,,,,,,,,,,,,,
3729,2001,119,YAR,PIEFL,1,6,,5,,,37,,,,,NE,,,,,,,,,,,08/06/2001,P481037,P481038,P481039,P481040,P481041,,,,,,,,,,,,,,,,,,,,,,,,,,,,
3730,2001,122,YAR,BLUTI,1,10,10,0,,,,,,,,JP,,,,,,,,,,,,,,,,,,,,,,,,,,,,,,,,,,,,,,,,,,,,
3731,2001,125,YAR,GRETI,1,7,7,7,,,,,,,,NE,,,,,,,,,,,,,,,,,,,,,,,,,,,,,,,,,,,,,,,,,,,,
3732,2001,126,YAR,BLUTI,1,11,,7,,,19,,,,,NE,,,,,,,,,,,,,,,,,,,,,,,,,,,,,,,,,,,,,,,,,,,,
3733,2001,128,YAR,BLUTI,1,10,10,0,,,24,,,,,JD,,,,,,,,,,,,,,,,,,,,,,,,,,,,,,,,,,,,,,,,,,,,
3734,2001,129,YAR,BLUTI,1,,,0,,,,,9,,,JP,,,,,,,,,,,,,,,,,,,,,,,,,,,,,,,,,,,,,,,,,,,,
3735,2001,131,YAR,BLUTI,1,,7,0,,,33,,8,,,JD,,,,,,,,,,,,,,,,,,,,,,,,,,,,,,,,,,,,,,,,,,,,
3736,2001,132,YAR,BLUTI,1,7,,0,,,36,,,,,JD,,,,,,,,,,,,,,,,,,,,,,,,,,,,,,,,,,,,,,,,,,,,
3737,2001,201,YAR,PIEFL,1,6,6,6,,27,38,,,,,NE,,,,,,,,,,,08/06/2001,P481042,P481043,P481044,P481045,P481046,P481047,,,,,,,,,,,,,,,,,,,,,,,,,,,
3738,2001,203,YAR,BLUTI,1,9,,4,,,,,,,,NE,,,,,,,,,,,,,,,,,,,,,,,,,,,,,,,,,,,,,,,,,,,,
3739,2001,205,YAR,PIEFL,1,,0,0,,,38,,7,,,ED,,,,,,,,,,,,,,,,,,,,,,,,,,,,,,,,,,,,,,,,,,,,
3740,2001,206,YAR,BLUTI,1,,,4,,,,,,,,NE,,,,,,,,,,,,,,,,,,,,,,,,,,,,,,,,,,,,,,,,,,,,
3741,2001,208,YAR,BLUTI,1,10,,7,,,,,,,,NE,,,,,,,,,,,,,,,,,,,,,,,,,,,,,,,,,,,,,,,,,,,,
3742,2001,209,YAR,PIEFL,2,5,,3,,,,,,,,NE,,,,,,,,,,,,,,,,,,,,,,,,,,,,,,,,,,,,,,,,,,,,
3743,2001,211,YAR,PIEFL,1,6,5,5,,,39,,,,,NE,,,,,,,,,,,,,,,,,,,,,,,,,,,,,,,,,,,,,,,,,,,,
3744,2001,212,YAR,BLUTI,1,,,8,,,,,,,,NE,,,,,,,,,,,,,,,,,,,,,,,,,,,,,,,,,,,,,,,,,,,,
3745,2001,213,YAR,BLUTI,1,,0,0,,,,,3,,,ED,,,,,,,,,,,,,,,,,,,,,,,,,,,,,,,,,,,,,,,,,,,,
3746,2001,215,YAR,BLUTI,1,,,7,,,,,,,,NE,,,,,,,,,,,,,,,,,,,,,,,,,,,,,,,,,,,,,,,,,,,,
3747,2001,216,YAR,BLUTI,1,,,3,,,27,,,,,NE,,,,,,,,,,,,,,,,,,,,,,,,,,,,,,,,,,,,,,,,,,,,
3748,2001,217,YAR,PIEFL,1,7,7,7,,,43,,,,,NE,,,,,,,,,,,08/06/2001,P481048,P481049,P481050,P481051,P481052,P481053,P481054,,,,,,,,,,,,,,,,,,,,,,,,,,
3749,2001,218,YAR,BLUTI,1,8,,6,,,38,,,,,NE,,,,,,,,,,,,,,,,,,,,,,,,,,,,,,,,,,,,,,,,,,,,
3750,2001,220,YAR,BLUTI,1,,,6,,,37,,7,,,NE,,,,,,,,,,,,,,,,,,,,,,,,,,,,,,,,,,,,,,,,,,,,
3751,2001,222,YAR,PIEFL,1,8,,6,,,43,,,,,ne,,,,,,,,,,,08/06/2001,P481055,P481056,P481057,P481058,P481059,P481060,P481061,,,,,,,,,,,,,,,,,,,,,,,,,,
3752,2001,223,YAR,NUTHA,1,8,0,0,,,23,,,,,ED,,,,,,,,,,,,,,,,,,,,,,,,,,,,,,,,,,,,,,,,,,,,
3753,2001,224,YAR,GRETI,1,6,6,6,,,39,,,,,NE,,,,,,,,,,,,,,,,,,,,,,,,,,,,,,,,,,,,,,,,,,,,
3754,2001,225,YAR,BLUTI,1,,0,0,,,,,11,,,ED,,,,,,,,,,,,,,,,,,,,,,,,,,,,,,,,,,,,,,,,,,,,
3755,2001,226,YAR,BLUTI,1,,,8,,,25,,9,,,NE,,,,,,,,,,,,,,,,,,,,,,,,,,,,,,,,,,,,,,,,,,,,
3756,2001,229,YAR,GRETI,1,,,7,,,,,,,,NE,,,,,,,,,,,,,,,,,,,,,,,,,,,,,,,,,,,,,,,,,,,,
3757,2001,230,YAR,PIEFL,1,8,8,7,,,42,62,,,,NE,,,,,,,,,,,08/06/2001,P481062,P481063,P481064,P481065,P481066,P481067,P481068,,,,,,,,,,,,,,,,,,,,,,,,,,
3758,2001,231,YAR,BLUTI,1,9,9,9,,,34,,,,,NE,,,,,,,,,,,,,,,,,,,,,,,,,,,,,,,,,,,,,,,,,,,,
3759,2001,232,YAR,BLUTI,1,,,9,,,36,,,,,NE,,,,,,,,,,,,,,,,,,,,,,,,,,,,,,,,,,,,,,,,,,,,
3760,2001,233,YAR,BLUTI,1,,0,0,,,,,3,,,ED,,,,,,,,,,,,,,,,,,,,,,,,,,,,,,,,,,,,,,,,,,,,
3761,2001,235,YAR,PIEFL,1,7,7,7,,,39,,,,,NE,,,,,,,,,,,08/06/2001,P481069,P481070,P481071,P481072,P481073,P481074,P481075,,,,,,,,,,,,,,,,,,,,,,,,,,
3762,2001,237,YAR,BLUTI,1,8,,0,,,25,,,,,JP,,,,,,,,,,,,,,,,,,,,,,,,,,,,,,,,,,,,,,,,,,,,
3763,2001,239,YAR,BLUTI,1,,,3,,,,,,,,NE,,,,,,,,,,,,,,,,,,,,,,,,,,,,,,,,,,,,,,,,,,,,
3764,2001,240,YAR,BLUTI,1,9,9,7,,,,,,,,NE,,,,,,,,,,,,,,,,,,,,,,,,,,,,,,,,,,,,,,,,,,,,
3765,2001,241,YAR,BLUTI,1,,,5,,,,,8,,,NE,,,,,,,,,,,,,,,,,,,,,,,,,,,,,,,,,,,,,,,,,,,,
3766,2001,242,YAR,BLUTI,1,5,,4,,,,,,,,NE,,,,,,,,,,,,,,,,,,,,,,,,,,,,,,,,,,,,,,,,,,,,
3767,2001,244,YAR,PIEFL,1,7,7,7,,,44,62,,,,NE,,,,,,,,,,,08/06/2001,P481076,P481077,P481078,P481079,P481080,P481081,P481082,,,,,,,,,,,,,,,,,,,,,,,,,,
3768,2001,246,YAR,BLUTI,1,10,,9,,,27,,,,,NE,,,,,,,,,,,,,,,,,,,,,,,,,,,,,,,,,,,,,,,,,,,,
3769,2001,247,YAR,PIEFL,1,7,6,6,,,43,62,,1,,NE,,,,,,,,,,,08/06/2001,P481083,P481084,P481085,P481086,P481087,P481088,,,,,,,,,,,,,,,,,,,,,,,,,,,
3770,2001,248,YAR,GRETI,1,,,3,,,,,5,,,NE,,,,,,,,,,,,,,,,,,,,,,,,,,,,,,,,,,,,,,,,,,,,
3771,2001,249,YAR,BLUTI,1,,,5,,,,,6,,,NE,,,,,,,,,,,,,,,,,,,,,,,,,,,,,,,,,,,,,,,,,,,,
3772,2001,250,YAR,PIEFL,1,7,7,7,,,39,,,,,NE,,,,,,,,,,,08/06/2001,P481089,P481090,P481091,P481092,P481093,P481094,P481095,,,,,,,,,,,,,,,,,,,,,,,,,,
3773,2001,303,YAR,BLUTI,1,11,,9,,,23,46,,,,NE,,,,,,,,,,,,,,,,,,,,,,,,,,,,,,,,,,,,,,,,,,,,
3774,2001,305,YAR,BLUTI,1,,,12,,,,,,,,NE,,,,,,,,,,,,,,,,,,,,,,,,,,,,,,,,,,,,,,,,,,,,
3775,2001,308,YAR,BLUTI,1,10,9,9,,,,46,,,,NE,,,,,,,,,,,,,,,,,,,,,,,,,,,,,,,,,,,,,,,,,,,,
3776,2001,310,YAR,PIEFL,1,7,7,6,,30.5,,,,,,NE,,,,,,,,,,,08/06/2001,P481096,P481097,P481098,P481099,P481100,P481101,,,,,,,,,,,,,,,,,,,,,,,,,,,
3777,2001,311,YAR,BLUTI,1,9,,8,,,,,,,,NE,,,,,,,,,,,,,,,,,,,,,,,,,,,,,,,,,,,,,,,,,,,,
3778,2001,312,YAR,PIEFL,1,,,8,,,42,,,,,NE,,,,,,,,,,,08/06/2001,P481102,P481103,P481104,P481105,P481106,P481107,P481108,P481109,,,,,,,,,,,,,,,,,,,,,,,,,
3779,2001,313,YAR,BLUTI,1,10,0,0,,,,,,,,ED,,,,,,,,,,,,,,,,,,,,,,,,,,,,,,,,,,,,,,,,,,,,
3780,2001,314,YAR,PIEFL,1,7,5,3,,30.5,43,,,,,NE,,,,,,,,,,,08/06/2001,P481110,P481111,P481112,P481113,P481114,,,,,,,,,,,,,,,,,,,,,,,,,,,,
3781,2001,315,YAR,BLUTI,1,10,0,0,,,,,,,,ED,,,,,,,,,,,,,,,,,,,,,,,,,,,,,,,,,,,,,,,,,,,,
3782,2001,316,YAR,BLUTI,1,10,10,0,,,26,,,,,JP,,,,,,,,,,,,,,,,,,,,,,,,,,,,,,,,,,,,,,,,,,,,
3783,2001,318,YAR,PIEFL,1,6,,3,,,,,,,,NE,,,,,,,,,,,,,,,,,,,,,,,,,,,,,,,,,,,,,,,,,,,,
3784,2001,319,YAR,PIEFL,1,8,8,7,,,39,,,,,NE,,,,,,,,,,,08/06/2001,P481115,P481116,P481117,P481118,P481119,P481120,P481121,,,,,,,,,,,,,,,,,,,,,,,,,,
3785,2001,320,YAR,BLUTI,1,9,9,7,,,,,,,,NE,,,,,,,,,,,,,,,,,,,,,,,,,,,,,,,,,,,,,,,,,,,,
3786,2001,321,YAR,BLUTI,1,7,6,5,,,36,,,,,NE,,,,,,,,,,,,,,,,,,,,,,,,,,,,,,,,,,,,,,,,,,,,
3787,2001,322,YAR,PIEFL,1,,0,0,,,,,4,,,ED,,,,,,,,,,,,,,,,,,,,,,,,,,,,,,,,,,,,,,,,,,,,
3788,2001,323,YAR,PIEFL,1,,,4,,,38,,8,3,,NE,,,,,,,,,,,08/06/2001,P481122,P481123,P481124,P481125,,,,,,,,,,,,,,,,,,,,,,,,,,,,,
3789,2001,325,YAR,PIEFL,1,7,7,7,,,37,,,,,NE,,,,,,,,,,,08/06/2001,P481126,P481127,P481128,P481129,P481130,P481131,P481132,,,,,,,,,,,,,,,,,,,,,,,,,,
3790,2001,326,YAR,GRETI,1,,,5,,,29,,,,,NE,,,,,,,,,,,,,,,,,,,,,,,,,,,,,,,,,,,,,,,,,,,,
3791,2001,327,YAR,BLUTI,1,9,,7,,,,,,,,NE,,,,,,,,,,,,,,,,,,,,,,,,,,,,,,,,,,,,,,,,,,,,
3792,2001,328,YAR,GRETI,1,8,8,8,,,27,,,,,NE,,,,,,,,,,,,,,,,,,,,,,,,,,,,,,,,,,,,,,,,,,,,
3793,2001,329,YAR,BLUTI,1,10,,7,,,,,,,,NE,,,,,,,,,,,,,,,,,,,,,,,,,,,,,,,,,,,,,,,,,,,,
3794,2001,330,YAR,GRETI,1,7,,6,,,,,,,,NE,,,,,,,,,,,,,,,,,,,,,,,,,,,,,,,,,,,,,,,,,,,,
3795,2001,331,YAR,PIEFL,1,7,7,7,,,42,,,,,NE,,,,,,,,,,,08/06/2001,P481133,P481134,P481135,P481136,P481137,P481138,P481139,,,,,,,,,,,,,,,,,,,,,,,,,,
3796,2001,332,YAR,BLUTI,1,10,10,10,,,,,,,,NE,,,,,,,,,,,,,,,,,,,,,,,,,,,,,,,,,,,,,,,,,,,,
3797,2001,334,YAR,BLUTI,1,9,,5,,,,,,,,NE,,,,,,,,,,,,,,,,,,,,,,,,,,,,,,,,,,,,,,,,,,,,
3798,2001,335,YAR,GRETI,1,8,8,8,,,30,,,,,NE,,,,,,,,,,,,,,,,,,,,,,,,,,,,,,,,,,,,,,,,,,,,
3799,2001,336,YAR,PIEFL,1,6,6,6,,,37,,,,,NE,,,,,,,,,,,08/06/2001,P481140,P481141,P481142,P481143,P481144,P481145,,,,,,,,,,,,,,,,,,,,,,,,,,,
3800,2001,337,YAR,BLUTI,1,9,9,8,,,,,,,,NE,,,,,,,,,,,,,,,,,,,,,,,,,,,,,,,,,,,,,,,,,,,,
3801,2001,338,YAR,PIEFL,1,,3,0,,,,,5,,,JP,,,,,,P481146,08/06/2001,08/06/2001,I,1,,,,,,,,,,,,,,,,,,,,,,,,,,,,,,,,,,
3802,2001,341,YAR,PIEFL,1,,,7,,,42,,,,,NE,,,,,,,,,,,08/06/2001,P481147,P481148,P481149,P481150,P481151,P481152,P481153,,,,,,,,,,,,,,,,,,,,,,,,,,
3803,2001,342,YAR,BLUTI,1,10,,7,,,,,,,,NE,,,,,,,,,,,,,,,,,,,,,,,,,,,,,,,,,,,,,,,,,,,,
3804,2001,343,YAR,GRETI,1,8,8,8,,,,,,,,NE,,,,,,,,,,,,,,,,,,,,,,,,,,,,,,,,,,,,,,,,,,,,
3805,2001,345,YAR,BLUTI,1,12,12,8,,,,,,,,NE,,,,,,,,,,,,,,,,,,,,,,,,,,,,,,,,,,,,,,,,,,,,
3806,2001,346,YAR,PIEFL,1,7,6,6,,,,,,1,,NE,,,,,,,,,,,08/06/2001,P481154,P481155,P481156,P481157,P481158,P481159,,,,,,,,,,,,,,,,,,,,,,,,,,,
3807,2001,349,YAR,PIEFL,1,9,,8,,,37,,,,,NE,,,,,,,,,,,08/06/2001,P481160,P481161,P481162,P481163,P481164,P481165,P481166,P481167,,,,,,,,,,,,,,,,,,,,,,,,,
3808,2001,350,YAR,COATI,1,11,10,9,,,,,,,,NE,,,,,,,,,,,,,,,,,,,,,,,,,,,,,,,,,,,,,,,,,,,,
3809,2001,351,YAR,BLUTI,1,,,5,,,,,6,,,NE,,,,,,,,,,,,,,,,,,,,,,,,,,,,,,,,,,,,,,,,,,,,
3810,2001,352,YAR,PIEFL,1,7,0,0,,,37,,,,,ED,,,,,,,,,,,,,,,,,,,,,,,,,,,,,,,,,,,,,,,,,,,,
3811,2001,353,YAR,PIEFL,1,7,7,7,,,,,,,,NE,,,,,,,,,,,08/06/2001,P481168,P481169,P481170,P481171,P481172,P481173,P481174,,,,,,,,,,,,,,,,,,,,,,,,,,
3812,2001,355,YAR,BLUTI,1,7,,6,,,,,,,,NE,,,,,,,,,,,,,,,,,,,,,,,,,,,,,,,,,,,,,,,,,,,,
3813,2001,HIDE1,YAR,BLUTI,1,,,9,,,27,,,,,NE,,,,,,,,,,,,,,,,,,,,,,,,,,,,,,,,,,,,,,,,,,,,
3814,2001,HIDE4,YAR,BLUTI,1,,,7,,,,,,,,NE,,,,,,,,,,,,,,,,,,,,,,,,,,,,,,,,,,,,,,,,,,,,
3815,2001,HIDE5,YAR,GRETI,1,5,5,5,,,,,,,,NE,,,,,,,,,,,,,,,,,,,,,,,,,,,,,,,,,,,,,,,,,,,,
3816,2001,HIDE6,YAR,PIEFL,1,7,6,6,,33,41,,,,,NE,,,,,,,,,,,,,,,,,,,,,,,,,,,,,,,,,,,,,,,,,,,,
3817,2002,1,BVW,PIEFL,1,7,,6,,,30,,,,,NE,,,,,,,,,,,07/06/2002,P481632,P481633,P481634,P481635,P481636,P481637,,,,,,,,,,,,,,,,,,,,,,,,,,,
3818,2002,2,BVW,PIEFL,1,,,8,,,,,,,,NE,,,,,,,,,,,,,,,,,,,,,,,,,,,,,,,,,,,,,,,,,,,,
3819,2002,3,BVW,BLUTI,1,,,9,,,,,11,,,NE,,,,,,,,,,,,,,,,,,,,,,,,,,,,,,,,,,,,,,,,,,,,
3820,2002,4,BVW,BLUTI,1,,,7,,,,,10,,,NE,,,,,,,,,,,,,,,,,,,,,,,,,,,,,,,,,,,,,,,,,,,,
3821,2002,5,BVW,GRETI,1,,,8,,,,,9,,,NE,,,,,,,,,,,,,,,,,,,,,,,,,,,,,,,,,,,,,,,,,,,,
3822,2002,6,BVW,BLUTI,1,,,10,,,16,,,,,NE,,,,,,,,,,,,,,,,,,,,,,,,,,,,,,,,,,,,,,,,,,,,
3823,2002,7,BVW,GRETI,1,,,7,,,,,,,,NE,,,,,,,,,,,,,,,,,,,,,,,,,,,,,,,,,,,,,,,,,,,,
3824,2002,8,BVW,BLUTI,1,11,11,11,,,14,,,,,NE,,,,,,,,,,,,,,,,,,,,,,,,,,,,,,,,,,,,,,,,,,,,
3825,2002,9,BVW,PIEFL,1,7,7,7,,,33,,,,,NE,,,,,,,,,,,,,,,,,,,,,,,,,,,,,,,,,,,,,,,,,,,,
3826,2002,10,BVW,BLUTI,1,11,,10,,,18,,,,,NE,,,,,,,,,,,,,,,,,,,,,,,,,,,,,,,,,,,,,,,,,,,,
3827,2002,11,BVW,PIEFL,1,8,8,8,,,31,,,,,NE,,,,,,,,,,,,,,,,,,,,,,,,,,,,,,,,,,,,,,,,,,,,
3828,2002,12,BVW,GRETI,1,,,7,,,17,,,,,NE,,,,,,,,,,,,,,,,,,,,,,,,,,,,,,,,,,,,,,,,,,,,
3829,2002,13,BVW,PIEFL,1,,,7,,20,30,,,,,NE,,,,,,,,,,,,,,,,,,,,,,,,,,,,,,,,,,,,,,,,,,,,
3830,2002,14,BVW,GRETI,1,,,9,,,,,,,,NE,,,,,,,,,,,,,,,,,,,,,,,,,,,,,,,,,,,,,,,,,,,,
3831,2002,15,BVW,BLUTI,1,,,10,,,,,,,,NE,,,,,,,,,,,,,,,,,,,,,,,,,,,,,,,,,,,,,,,,,,,,
3832,2002,16,BVW,GRETI,1,9,,8,,,28,,,,,NE,,,,,,,,,,,,,,,,,,,,,,,,,,,,,,,,,,,,,,,,,,,,
3833,2002,17,BVW,PIEFL,1,7,7,6,,16.5,,,,,,NE,,,,,,,,,,,,,,,,,,,,,,,,,,,,,,,,,,,,,,,,,,,,
3834,2002,18,BVW,BLUTI,1,,,13,,,16,,14,,,NE,,,,,,,,,,,,,,,,,,,,,,,,,,,,,,,,,,,,,,,,,,,,
3835,2002,19,BVW,PIEFL,1,,,6,,,30,,8,,,NE,,,,,,,,,,,,,,,,,,,,,,,,,,,,,,,,,,,,,,,,,,,,
3836,2002,20,BVW,GRETI,1,9,9,7,,,21,,,,,NE,,,,,,,,,,,,,,,,,,,,,,,,,,,,,,,,,,,,,,,,,,,,
3837,2002,21,BVW,BLUTI,1,,,8,,,,,,,,NE,,,,,,,,,,,,,,,,,,,,,,,,,,,,,,,,,,,,,,,,,,,,
3838,2002,22,BVW,BLUTI,1,11,11,11,,,,,,,,NE,,,,,,,,,,,,,,,,,,,,,,,,,,,,,,,,,,,,,,,,,,,,
3839,2002,23,BVW,GRETI,1,,,7,,,,,,,,NE,,,,,,,,,,,,,,,,,,,,,,,,,,,,,,,,,,,,,,,,,,,,
3840,2002,25,BVW,BLUTI,1,,,9,,,25,,,,,NE,,,,,,,,,,,,,,,,,,,,,,,,,,,,,,,,,,,,,,,,,,,,
3841,2002,18A,BVW,BLUTI,1,11,,10,,,26,,,,,NE,,,,,,,,,,,,,,,,,,,,,,,,,,,,,,,,,,,,,,,,,,,,
3842,2002,1,NEA,PIEFL,1,,,6,,,33,,8,,,NE,,,,,,,,,,,07/06/2002,P481632,P481633,P481634,P481635,P481636,P481637,,,,,,,,,,,,,,,,,,,,,,,,,,,
3843,2002,2,NEA,BLUTI,1,10,10,10,,,,,,,,NE,,,,,,,,,,,,,,,,,,,,,,,,,,,,,,,,,,,,,,,,,,,,
3844,2002,3,NEA,NUTHA,1,,,6,,,,,7,,,NE,,,,,,,,,,,,,,,,,,,,,,,,,,,,,,,,,,,,,,,,,,,,
3845,2002,4,NEA,BLUTI,1,,,9,,,27,,10,,,NE,,,,,,,,,,,,,,,,,,,,,,,,,,,,,,,,,,,,,,,,,,,,
3846,2002,5,NEA,PIEFL,1,,,6,,,33,,7,,,NE,,,,,,,,,,,,,,,,,,,,,,,,,,,,,,,,,,,,,,,,,,,,
3847,2002,6,NEA,PIEFL,1,,,7,,,20,,,,,NE,,,,,,,,,,,07/06/2002,P481638,P481639,P481640,P481641,P481642,P481643,P481644,,,,,,,,,,,,,,,,,,,,,,,,,,
3848,2002,7,NEA,GRETI,1,,,5,,,,,7,,,NE,,,,,,,,,,,,,,,,,,,,,,,,,,,,,,,,,,,,,,,,,,,,
3849,2002,8,NEA,BLUTI,1,,,13,,,16,,,,,NE,,,,,,,,,,,,,,,,,,,,,,,,,,,,,,,,,,,,,,,,,,,,
3850,2002,9,NEA,PIEFL,1,,,6,,,31,,,,,NE,,,,,,,,,,,,,,,,,,,,,,,,,,,,,,,,,,,,,,,,,,,,
3851,2002,10,NEA,BLUTI,1,,,6,,,,,,,,NE,,,,,,,,,,,,,,,,,,,,,,,,,,,,,,,,,,,,,,,,,,,,
3852,2002,11,NEA,BLUTI,1,,,11,,,16,,13,,,NE,,,,,,,,,,,,,,,,,,,,,,,,,,,,,,,,,,,,,,,,,,,,
3853,2002,12,NEA,PIEFL,1,,,,,,,,9,,,OU,,,,,,,,,,,,,,,,,,,,,,,,,,,,,,,,,,,,,,,,,,,,
3854,2002,13,NEA,PIEFL,2,6,6,6,,,,,,,,NE,,,,,,,,,,,,,,,,,,,,,,,,,,,,,,,,,,,,,,,,,,,,
3855,2002,13,NEA,PIEFL,1,8,,0,,,32,,,,,XO,,,,,,,,,,,,,,,,,,,,,,,,,,,,,,,,,,,,,,,,,,,,
3856,2002,14,NEA,PIEFL,1,8,8,8,,,,,,,,NE,,,,,,,,,,,07/06/2002,P481645,P481646,P481647,P481648,P481649,P481650,P481651,P481652,,,,,,,,,,,,,,,,,,,,,,,,,
3857,2002,16,NEA,GRETI,1,9,,7,,,16,,,,,NE,,,,,,,,,,,,,,,,,,,,,,,,,,,,,,,,,,,,,,,,,,,,
3858,2002,17,NEA,PIEFL,1,8,8,8,,,36,,,,,NE,,,,,,,,,,,07/06/2002,P481653,P481654,P481655,P481656,P481657,P481658,P481659,P481660,,,,,,,,,,,,,,,,,,,,,,,,,
3859,2002,18,NEA,PIEFL,1,9,,8,,,32,,,,,NE,,,,,,,,,,,,,,,,,,,,,,,,,,,,,,,,,,,,,,,,,,,,
3860,2002,19,NEA,GRETI,1,,,5,,,,,,,,NE,,,,,,,,,,,,,,,,,,,,,,,,,,,,,,,,,,,,,,,,,,,,
3861,2002,20,NEA,PIEFL,1,8,8,8,,20,31,,,,,NE,,,,,,,,,,,,,,,,,,,,,,,,,,,,,,,,,,,,,,,,,,,,
3862,2002,101,YAR,BLUTI,1,,,4,,,22,,,,,NE,,,,,,,,,,,,,,,,,,,,,,,,,,,,,,,,,,,,,,,,,,,,
3863,2002,102,YAR,BLUTI,1,,,8,,,18,,,,,NE,,,,,,,,,,,,,,,,,,,,,,,,,,,,,,,,,,,,,,,,,,,,
3864,2002,103,YAR,NUTHA,1,,0,0,,,,,5,,,EU,,,,,,,,,,,,,,,,,,,,,,,,,,,,,,,,,,,,,,,,,,,,
3865,2002,103,YAR,PIEFL,1,,,2,,,,,7,2,,NE,,,,,,,,,,,06/06/2002,P481431,P481432,P481433,P481434,P481435,,,,,,,,,,,,,,,,,,,,,,,,,,,,
3866,2002,107,YAR,PIEFL,1,,0,0,,,44,,3,,,ED,,,,,,,,,,,,,,,,,,,,,,,,,,,,,,,,,,,,,,,,,,,,
3867,2002,108,YAR,BLUTI,1,12,,9,,,,,,,,NE,,,,,,,,,,,,,,,,,,,,,,,,,,,,,,,,,,,,,,,,,,,,
3868,2002,109,YAR,PIEFL,1,,,7,,24,,,,,,NE,,,,,,,,,,,06/06/2002,P481436,P481437,P481438,P481439,P481440,P481441,P481442,,,,,,,,,,,,,,,,,,,,,,,,,,
3869,2002,114,YAR,BLUTI,1,,,0,,,21,,,,,XD,,,,,,,,,,,,,,,,,,,,,,,,,,,,,,,,,,,,,,,,,,,,
3870,2002,115,YAR,PIEFL,1,,,6,,20.5,,,8,2,,NE,,,,,,,,,,,06/06/2002,P481443,P481444,P481445,P481446,P481447,P481448,,,,,,,,,,,,,,,,,,,,,,,,,,,
3871,2002,117,YAR,PIEFL,1,7,7,7,,27.5,,,,,,NE,,,,,,,,,,,06/06/2002,P481449,P481450,P481451,P481452,P481453,P481454,P481455,,,,,,,,,,,,,,,,,,,,,,,,,,
3872,2002,118,YAR,BLUTI,1,9,,6,,,19,,,,,NE,,,,,,,,,,,,,,,,,,,,,,,,,,,,,,,,,,,,,,,,,,,,
3873,2002,120,YAR,PIEFL,1,,,6,,20.5,,,,,,NE,,,,,,,,,,,06/06/2002,P481456,P481457,P481458,P481459,P481460,P481461,,,,,,,,,,,,,,,,,,,,,,,,,,,
3874,2002,123,YAR,PIEFL,1,6,,4,,,,,,,,NE,,,,,,,,,,,06/06/2002,P481462,P481463,P481464,P481465,,,,,,,,,,,,,,,,,,,,,,,,,,,,,
3875,2002,124,YAR,REDST,1,6,6,6,,,,,,,,NE,,,,,,,,,,,,,,,,,,,,,,,,,,,,,,,,,,,,,,,,,,,,
3876,2002,126,YAR,GRETI,1,10,,4,,,20,,,,,NE,,,,,,,,,,,,,,,,,,,,,,,,,,,,,,,,,,,,,,,,,,,,
3877,2002,127,YAR,BLUTI,1,,,8,,,,,,,,NE,,,,,,,,,,,,,,,,,,,,,,,,,,,,,,,,,,,,,,,,,,,,
3878,2002,131,YAR,PIEFL,1,7,0,0,,20.5,,,,,,ED,,,,,,,,,,,,,,,,,,,,,,,,,,,,,,,,,,,,,,,,,,,,
3879,2002,132,YAR,REDST,1,7,7,7,,,28,,,,,NE,,,,,,,,,,,,,,,,,,,,,,,,,,,,,,,,,,,,,,,,,,,,
3880,2002,201,YAR,PIEFL,2,7,7,7,,24,45,,,,,NE,,,,,,,,,,,,,,,,,,,,,,,,,,,,,,,,,,,,,,,,,,,,
3881,2002,202,YAR,PIEFL,1,,0,0,,,,,1,,,ED,,,,,,,,,,,,,,,,,,,,,,,,,,,,,,,,,,,,,,,,,,,,
3882,2002,203,YAR,BLUTI,1,,,7,,,,,,,,NE,,,,,,,,,,,,,,,,,,,,,,,,,,,,,,,,,,,,,,,,,,,,
3883,2002,205,YAR,PIEFL,1,8,8,8,,24,,,,,,NE,,,,,,,,,,,06/06/2002,P481466,P481467,P481468,P481469,P481470,P481471,P481472,P481473,,,,,,,,,,,,,,,,,,,,,,,,,
3884,2002,206,YAR,BLUTI,1,,0,0,,,,,8,,,ED,,,,,,,,,,,,,,,,,,,,,,,,,,,,,,,,,,,,,,,,,,,,
3885,2002,211,YAR,PIEFL,1,7,7,4,,,,,,,,NE,,,,,,,,,,,06/06/2002,P481474,P481475,P481476,P481477,P481478,,,,,,,,,,,,,,,,,,,,,,,,,,,,
3886,2002,212,YAR,BLUTI,1,,,8,,,17,,,,,NE,,,,,,,,,,,,,,,,,,,,,,,,,,,,,,,,,,,,,,,,,,,,
3887,2002,213,YAR,BLUTI,1,,,9,,,,,,,,NE,,,,,,,,,,,,,,,,,,,,,,,,,,,,,,,,,,,,,,,,,,,,
3888,2002,214,YAR,BLUTI,1,,,,,,,,,,,NE,,,,,,,,,,,,,,,,,,,,,,,,,,,,,,,,,,,,,,,,,,,,
3889,2002,216,YAR,BLUTI,1,,,8,,,,,,,,NE,,,,,,,,,,,,,,,,,,,,,,,,,,,,,,,,,,,,,,,,,,,,
3890,2002,217,YAR,PIEFL,1,7,7,7,,24,,,,,,NE,,,,,,,,,,,06/06/2002,P481479,P481480,P481481,P481482,P481483,P481484,P481485,,,,,,,,,,,,,,,,,,,,,,,,,,
3891,2002,218,YAR,BLUTI,1,,0,0,,,,,1,,,ED,,,,,,,,,,,,,,,,,,,,,,,,,,,,,,,,,,,,,,,,,,,,
3892,2002,220,YAR,PIEFL,1,7,6,6,,,,,,1,,NE,,,,,,,,,,,06/06/2002,P481486,P481487,P481488,P481489,P481490,P481491,,,,,,,,,,,,,,,,,,,,,,,,,,,
3893,2002,223,YAR,BLUTI,1,,,,,,,,,,,OU,,,,,,,,,,,,,,,,,,,,,,,,,,,,,,,,,,,,,,,,,,,,
3894,2002,224,YAR,PIEFL,1,7,7,7,,,,,,,,ne,,,,,,,,,,,06/06/2002,P481492,P481493,P481494,P481495,P481496,P481497,P481498,,,,,,,,,,,,,,,,,,,,,,,,,,
3895,2002,225,YAR,BLUTI,1,,,9,,,,,11,,,ne,,,,,,,,,,,,,,,,,,,,,,,,,,,,,,,,,,,,,,,,,,,,
3896,2002,226,YAR,BLUTI,1,,,7,,,,,11,,,ne,,,,,,,,,,,,,,,,,,,,,,,,,,,,,,,,,,,,,,,,,,,,
3897,2002,228,YAR,PIEFL,1,,,7,,24,,,,,,ne,,,,,,,,,,,06/06/2002,P481499,P481500,P481501,P481502,P481503,P481504,P481505,P481506,,,,,,,,,,,,,,,,,,,,,,,,,
3898,2002,229,YAR,PIEFL,1,7,,6,,,40,,,,,NE,,,,,,,,,,,06/06/2002,P481507,P481508,P481509,P481510,P481511,P481512,,,,,,,,,,,,,,,,,,,,,,,,,,,
3899,2002,230,YAR,BLUTI,1,8,0,0,,,20,,,,,ED,,,,,,,,,,,,,,,,,,,,,,,,,,,,,,,,,,,,,,,,,,,,
3900,2002,231,YAR,BLUTI,1,6,0,0,,,,,,,,ED,,,,,,,,,,,,,,,,,,,,,,,,,,,,,,,,,,,,,,,,,,,,
3901,2002,232,YAR,BLUTI,1,11,,6,,,16,,,,,NE,,,,,,,,,,,,,,,,,,,,,,,,,,,,,,,,,,,,,,,,,,,,
3902,2002,233,YAR,PIEFL,1,6,6,6,,,,,,,,NE,,,,,,,,,,,06/06/2002,P481513,P481514,P481515,P481516,P481517,P481518,,,,,,,,,,,,,,,,,,,,,,,,,,,
3903,2002,234,YAR,PIEFL,1,5,5,5,,20.5,,,,,,NE,,,,,,,,,,,06/06/2002,P481519,P481520,P481521,P481522,P481523,,,,,,,,,,,,,,,,,,,,,,,,,,,,
3904,2002,235,YAR,GRETI,1,,,9,,,21,,,,,NE,,,,,,,,,,,,,,,,,,,,,,,,,,,,,,,,,,,,,,,,,,,,
3905,2002,236,YAR,PIEFL,1,7,6,6,,24,,,,1,,NE,,,,,,,,,,,06/06/2002,P481524,P481525,P481526,P481527,P481528,P481529,,,,,,,,,,,,,,,,,,,,,,,,,,,
3906,2002,237,YAR,BLUTI,1,11,,6,,,,,,,,NE,,,,,,,,,,,,,,,,,,,,,,,,,,,,,,,,,,,,,,,,,,,,
3907,2002,238,YAR,BLUTI,1,,0,0,,,,,,,,EP,,,,,,,,,,,,,,,,,,,,,,,,,,,,,,,,,,,,,,,,,,,,
3908,2002,239,YAR,BLUTI,1,,,4,,,,,5,,,NE,,,,,,,,,,,,,,,,,,,,,,,,,,,,,,,,,,,,,,,,,,,,
3909,2002,241,YAR,BLUTI,1,11,,7,,,,,,,,NE,,,,,,,,,,,,,,,,,,,,,,,,,,,,,,,,,,,,,,,,,,,,
3910,2002,242,YAR,BLUTI,1,11,,7,,,,,,,,NE,,,,,,,,,,,,,,,,,,,,,,,,,,,,,,,,,,,,,,,,,,,,
3911,2002,244,YAR,PIEFL,1,6,3,3,,,,,,,,NE,,,,,,,,,,,,,,,,,,,,,,,,,,,,,,,,,,,,,,,,,,,,
3912,2002,245,YAR,BLUTI,1,,,6,,,,,7,,,NE,,,,,,,,,,,,,,,,,,,,,,,,,,,,,,,,,,,,,,,,,,,,
3913,2002,246,YAR,BLUTI,1,,,8,,,,,,,,NE,,,,,,,,,,,,,,,,,,,,,,,,,,,,,,,,,,,,,,,,,,,,
3914,2002,247,YAR,GRETI,1,,,7,,,,,,,,NE,,,,,,,,,,,,,,,,,,,,,,,,,,,,,,,,,,,,,,,,,,,,
3915,2002,249,YAR,PIEFL,1,8,,4,,,,,,3,,NE,,,,,,,,,,,06/06/2002,P481530,P481531,P481532,P481533,,,,,,,,,,,,,,,,,,,,,,,,,,,,,
3916,2002,250,YAR,BLUTI,1,9,,0,,,22,,,,,JD,,,,,,,,,,,,,,,,,,,,,,,,,,,,,,,,,,,,,,,,,,,,
3917,2002,301,YAR,BLUTI,1,,,7,,,24,,9,,,NE,,,,,,,,,,,,,,,,,,,,,,,,,,,,,,,,,,,,,,,,,,,,
3918,2002,302,YAR,PIEFL,1,7,0,0,,,,,,,,ED,,,,,,,,,,,,,,,,,,,,,,,,,,,,,,,,,,,,,,,,,,,,
3919,2002,303,YAR,BLUTI,1,8,,5,,,26,,,,,NE,,,,,,,,,,,,,,,,,,,,,,,,,,,,,,,,,,,,,,,,,,,,
3920,2002,307,YAR,PIEFL,1,7,7,7,,28.5,,,,,,NE,,,,,,,,,,,06/06/2002,P481534,P481535,P481536,P481537,P481538,P481539,P481540,,,,,,,,,,,,,,,,,,,,,,,,,,
3921,2002,308,YAR,BLUTI,1,,,11,,,22,,,,,NE,,,,,,,,,,,,,,,,,,,,,,,,,,,,,,,,,,,,,,,,,,,,
3922,2002,311,YAR,PIEFL,1,7,7,7,,,,,,,,NE,,,,,,,,,,,06/06/2002,P481541,P481542,P481543,P481544,P481545,P481546,P481547,,,,,,,,,,,,,,,,,,,,,,,,,,
3923,2002,312,YAR,BLUTI,1,7,7,7,,,20,,,,,NE,,,,,,,,,,,,,,,,,,,,,,,,,,,,,,,,,,,,,,,,,,,,
3924,2002,313,YAR,PIEFL,1,,,6,,,,,7,,,NE,,,,,,,,,,,06/06/2002,P481548,P481549,P481550,P481551,P481552,P481553,,,,,,,,,,,,,,,,,,,,,,,,,,,
3925,2002,314,YAR,BLUTI,1,,7,0,,,,,,,,JD,,,,,,,,,,,,,,,,,,,,,,,,,,,,,,,,,,,,,,,,,,,,
3926,2002,319,YAR,PIEFL,1,7,7,7,,24,,,,,,NE,,,,,,,,,,,06/06/2002,P481554,P481555,P481556,P481557,P481558,P481559,P481560,,,,,,,,,,,,,,,,,,,,,,,,,,
3927,2002,320,YAR,BLUTI,1,,,10,,,,,,,,NE,,,,,,,,,,,,,,,,,,,,,,,,,,,,,,,,,,,,,,,,,,,,
3928,2002,321,YAR,BLUTI,1,9,8,8,,,,,,,,NE,,,,,,,,,,,,,,,,,,,,,,,,,,,,,,,,,,,,,,,,,,,,
3929,2002,322,YAR,BLUTI,1,11,11,6,,,17,,,,,NE,,,,,,,,,,,,,,,,,,,,,,,,,,,,,,,,,,,,,,,,,,,,
3930,2002,323,YAR,PIEFL,1,,,6,,24,31,,,,,NE,,,,,,,,,,,06/06/2002,P481561,P481562,P481563,P481564,P481565,P481566,,,,,,,,,,,,,,,,,,,,,,,,,,,
3931,2002,325,YAR,BLUTI,1,,,10,,,,,,,,NE,,,,,,,,,,,,,,,,,,,,,,,,,,,,,,,,,,,,,,,,,,,,
3932,2002,326,YAR,PIEFL,1,8,8,8,,32,,,,,,NE,,,,,,,,,,,06/06/2002,P481567,P481568,P481569,P481570,P481571,P481572,P481573,P481574,,,,,,,,,,,,,,,,,,,,,,,,,
3933,2002,327,YAR,BLUTI,1,,,4,,,15,,10,,,NE,,,,,,,,,,,,,,,,,,,,,,,,,,,,,,,,,,,,,,,,,,,,
3934,2002,328,YAR,PIEFL,1,8,8,8,,24,,,,,,NE,,,,,,,,,,,06/06/2002,P481575,P481576,P481577,P481578,P481579,P481580,P481581,P481582,,,,,,,,,,,,,,,,,,,,,,,,,
3935,2002,329,YAR,BLUTI,1,12,,11,,,,,,,,NE,,,,,,,,,,,,,,,,,,,,,,,,,,,,,,,,,,,,,,,,,,,,
3936,2002,330,YAR,GRETI,1,9,9,9,,,,,,,,NE,,,,,,,,,,,,,,,,,,,,,,,,,,,,,,,,,,,,,,,,,,,,
3937,2002,331,YAR,BLUTI,1,,,6,,,,,7,,,NE,,,,,,,,,,,,,,,,,,,,,,,,,,,,,,,,,,,,,,,,,,,,
3938,2002,332,YAR,BLUTI,1,,,10,,,,,,,,NE,,,,,,,,,,,,,,,,,,,,,,,,,,,,,,,,,,,,,,,,,,,,
3939,2002,334,YAR,PIEFL,1,7,,3,,,50,,,,,NE,,,,,,P481583,06/06/2002,06/06/2002,I,1,,,,,,,,,,,,,,,,,,,,,,,,,,,,,,,,,,
3940,2002,335,YAR,PIEFL,1,7,7,6,,,,57,,,,NE,,,,,,,,,,,06/06/2002,P481584,P481585,P481586,P481587,P481588,P481589,,,,,,,,,,,,,,,,,,,,,,,,,,,
3941,2002,336,YAR,PIEFL,1,3,2,2,,24,,,,1,,NE,,,,,,,,,,,06/06/2002,P481590,P481591,,,,,,,,,,,,,,,,,,,,,,,,,,,,,,,
3942,2002,338,YAR,BLUTI,1,,,9,,,,,,,,NE,,,,,,,,,,,,,,,,,,,,,,,,,,,,,,,,,,,,,,,,,,,,
3943,2002,341,YAR,PIEFL,1,,,5,,,,,8,3,,NE,,,,,,,,,,,06/06/2002,P481592,P481593,P481594,P481595,P481596,,,,,,,,,,,,,,,,,,,,,,,,,,,,
3944,2002,342,YAR,BLUTI,1,9,9,9,,,19,,,,,NE,,,,,,,,,,,,,,,,,,,,,,,,,,,,,,,,,,,,,,,,,,,,
3945,2002,343,YAR,PIEFL,1,8,8,5,,28.5,,,,,,NE,,,,,,,,,,,06/06/2002,P481597,P481598,P481599,P481600,P481601,P481602,P481603,P481604,,,,,,,,,,,,,,,,,,,,,,,,,
3946,2002,344,YAR,GRETI,1,,,8,,,,,11,,,NE,,,,,,,,,,,,,,,,,,,,,,,,,,,,,,,,,,,,,,,,,,,,
3947,2002,345,YAR,NUTHA,1,,,5,,,30,,,,,NE,,,,,,,,,,,,VF11874,VF11875,VF11876,VF11877,VF11878,,,,,,,,,,,,,,,,,,,,,,,,,,,,
3948,2002,347,YAR,BLUTI,1,,,9,,,,,,,,NE,,,,,,,,,,,,,,,,,,,,,,,,,,,,,,,,,,,,,,,,,,,,
3949,2002,349,YAR,PIEFL,1,,,5,,24,,,7,,,NE,,,,,,,,,,,06/06/2002,P481605,P481606,P481607,P481608,P481609,,,,,,,,,,,,,,,,,,,,,,,,,,,,
3950,2002,350,YAR,PIEFL,1,7,7,7,,,,,,,,NE,,,,,,,,,,,06/06/2002,P481610,P481611,P481612,P481613,P481614,P481615,P481616,,,,,,,,,,,,,,,,,,,,,,,,,,
3951,2002,351,YAR,BLUTI,1,11,11,11,,,,,,,,NE,,,,,,,,,,,,,,,,,,,,,,,,,,,,,,,,,,,,,,,,,,,,
3952,2002,352,YAR,PIEFL,1,7,7,0,,24,,,,,,JD,,,,,,,,,,,06/06/2002,P481617,P481618,P481619,P481620,P481621,P481622,P481623,,,,,,,,,,,,,,,,,,,,,,,,,,
3953,2002,354,YAR,BLUTI,1,,,9,,,18,,,,,NE,,,,,,,,,,,,,,,,,,,,,,,,,,,,,,,,,,,,,,,,,,,,
3954,2002,355,YAR,BLUTI,1,,,0,,,,,4,,,JD,,,,,,,,,,,,,,,,,,,,,,,,,,,,,,,,,,,,,,,,,,,,
3955,2002,HIDE1,YAR,BLUTI,1,,4,3,,,,,,,,NE,,,,,,,,,,,,,,,,,,,,,,,,,,,,,,,,,,,,,,,,,,,,
3956,2002,HIDE4,YAR,PIEFL,1,7,,1,,,,,,,,NE,,,,,,,,,,,,,,,,,,,,,,,,,,,,,,,,,,,,,,,,,,,,
3957,2002,HIDE5,YAR,GRETI,1,9,,6,,,22,,,,,NE,,,,,,,,,,,,,,,,,,,,,,,,,,,,,,,,,,,,,,,,,,,,
3958,2002,HIDE6,YAR,BLUTI,1,,,6,,,,,,,,NE,,,,,,,,,,,,,,,,,,,,,,,,,,,,,,,,,,,,,,,,,,,,
3959,2002,HIDE9,YAR,PIEFL,1,8,8,8,,,,,,,,NE,,,,,,,,,,,06/06/2002,P481624,P481625,P481626,P481627,P481628,P481629,P481630,P481631,,,,,,,,,,,,,,,,,,,,,,,,,
3960,2003,1,BVW,PIEFL,1,7,7,7,,,,,,,,NE,,,,,,,,,,,,,,,,,,,,,,,,,,,,,,,,,,,,,,,,,,,,
3961,2003,2,BVW,BLUTI,1,,,7,,,,,,,,NE,,,,,,,,,,,,,,,,,,,,,,,,,,,,,,,,,,,,,,,,,,,,
3962,2003,3,BVW,BLUTI,1,,,8,,,,,,,,NE,,,,,,,,,,,,,,,,,,,,,,,,,,,,,,,,,,,,,,,,,,,,
3963,2003,4,BVW,PIEFL,1,,0,0,,23.5,14,,4,,,ED,,,,,,,,,,,,,,,,,,,,,,,,,,,,,,,,,,,,,,,,,,,,
3964,2003,5,BVW,BLUTI,1,10,10,10,,,,,,,,NE,,,,,,,,,,,,,,,,,,,,,,,,,,,,,,,,,,,,,,,,,,,,
3965,2003,6,BVW,PIEFL,1,7,,6,,23.5,,,,,,NE,,,,,,,,,,,,,,,,,,,,,,,,,,,,,,,,,,,,,,,,,,,,
3966,2003,7,BVW,GRETI,1,,,5,,,,,,,,NE,,,,,,,,,,,,,,,,,,,,,,,,,,,,,,,,,,,,,,,,,,,,
3967,2003,8,BVW,PIEFL,1,7,,5,,23.5,,,,,,NE,,,,,,,,,,,,,,,,,,,,,,,,,,,,,,,,,,,,,,,,,,,,
3968,2003,9,BVW,PIEFL,1,,,7,,19,,,,,,NE,,,,,,,,,,,,,,,,,,,,,,,,,,,,,,,,,,,,,,,,,,,,
3969,2003,10,BVW,BLUTI,1,,,0,,,,,,,,JD,,,,,,,,,,,,,,,,,,,,,,,,,,,,,,,,,,,,,,,,,,,,
3970,2003,11,BVW,BLUTI,1,10,8,8,,,,,,,,NE,,,,,,,,,,,,,,,,,,,,,,,,,,,,,,,,,,,,,,,,,,,,
3971,2003,12,BVW,PIEFL,1,,,7,,,,,,,,NE,,,,,,,,,,,,,,,,,,,,,,,,,,,,,,,,,,,,,,,,,,,,
3972,2003,14,BVW,GRETI,1,,,5,,,,,,,,NE,,,,,,,,,,,,,,,,,,,,,,,,,,,,,,,,,,,,,,,,,,,,
3973,2003,15,BVW,PIEFL,1,,,7,,,,,,,,NE,,,,,,,,,,,,,,,,,,,,,,,,,,,,,,,,,,,,,,,,,,,,
3974,2003,16,BVW,BLUTI,1,7,,7,,,,,,,,NE,,,,,,,,,,,,,,,,,,,,,,,,,,,,,,,,,,,,,,,,,,,,
3975,2003,17,BVW,PIEFL,1,7,7,7,,,,,,,,NE,,,,,,,,,,,,,,,,,,,,,,,,,,,,,,,,,,,,,,,,,,,,
3976,2003,18,BVW,BLUTI,1,8,,7,,,,,,,,NE,,,,,,,,,,,,,,,,,,,,,,,,,,,,,,,,,,,,,,,,,,,,
3977,2003,19,BVW,PIEFL,1,8,8,7,,,,,,,,NE,,,,,,,,,,,,,,,,,,,,,,,,,,,,,,,,,,,,,,,,,,,,
3978,2003,20,BVW,GRETI,1,9,,5,,,,,,,,NE,,,,,,,,,,,,,,,,,,,,,,,,,,,,,,,,,,,,,,,,,,,,
3979,2003,21,BVW,BLUTI,1,,,7,,,,,11,,,NE,,,,,,,,,,,,,,,,,,,,,,,,,,,,,,,,,,,,,,,,,,,,
3980,2003,22,BVW,BLUTI,1,,,7,,,,,8,,,NE,,,,,,,,,,,,,,,,,,,,,,,,,,,,,,,,,,,,,,,,,,,,
3981,2003,23,BVW,BLUTI,1,7,,0,,,,,,,,JD,,,,,,,,,,,,,,,,,,,,,,,,,,,,,,,,,,,,,,,,,,,,
3982,2003,24,BVW,BLUTI,1,8,,7,,,,,,,,NE,,,,,,,,,,,,,,,,,,,,,,,,,,,,,,,,,,,,,,,,,,,,
3983,2003,18A,BVW,BLUTI,1,,,9,,,,,,,,NE,,,,,,,,,,,,,,,,,,,,,,,,,,,,,,,,,,,,,,,,,,,,
3984,2003,1,NEA,BLUTI,1,11,11,11,,,,,,,,NE,,,,,,,,,,,,,,,,,,,,,,,,,,,,,,,,,,,,,,,,,,,,
3985,2003,2,NEA,BLUTI,1,,,8,,,,,9,,,NE,,,,,,,,,,,,,,,,,,,,,,,,,,,,,,,,,,,,,,,,,,,,
3986,2003,3,NEA,GRETI,1,,0,0,,,,,7,,,ED,,,,,,,,,,,,,,,,,,,,,,,,,,,,,,,,,,,,,,,,,,,,
3987,2003,4,NEA,BLUTI,1,10,9,9,,,34,,,,,NE,,,,,,,,,,,,,,,,,,,,,,,,,,,,,,,,,,,,,,,,,,,,
3988,2003,5,NEA,BLUTI,1,9,8,8,,,,,,,,NE,,,,,,,,,,,,,,,,,,,,,,,,,,,,,,,,,,,,,,,,,,,,
3989,2003,6,NEA,GRETI,1,,,4,,,,,,,,NE,,,,,,,,,,,,,,,,,,,,,,,,,,,,,,,,,,,,,,,,,,,,
3990,2003,7,NEA,PIEFL,1,,,0,,19,,,4,,,JD,,,,,,,,,,,,,,,,,,,,,,,,,,,,,,,,,,,,,,,,,,,,
3991,2003,8,NEA,BLUTI,1,11,8,8,,,,,,,,NE,,,,,,,,,,,,,,,,,,,,,,,,,,,,,,,,,,,,,,,,,,,,
3992,2003,9,NEA,BLUTI,1,,,8,,,,,,,,NE,,,,,,,,,,,,,,,,,,,,,,,,,,,,,,,,,,,,,,,,,,,,
3993,2003,10,NEA,PIEFL,1,8,,6,,23.5,,,,,,NE,,,,,,,,,,,,,,,,,,,,,,,,,,,,,,,,,,,,,,,,,,,,
3994,2003,11,NEA,BLUTI,1,10,10,6,,,,,,,,NE,,,,,,,,,,,,,,,,,,,,,,,,,,,,,,,,,,,,,,,,,,,,
3995,2003,12,NEA,BLUTI,1,11,,10,,,,,,,,NE,,,,,,,,,,,,,,,,,,,,,,,,,,,,,,,,,,,,,,,,,,,,
3996,2003,13,NEA,PIEFL,1,7,6,6,,19,,,,,,NE,,,,,,,,,,,,,,,,,,,,,,,,,,,,,,,,,,,,,,,,,,,,
3997,2003,14,NEA,PIEFL,1,7,5,5,,19,,,,,,NE,,,,,,,,,,,,,,,,,,,,,,,,,,,,,,,,,,,,,,,,,,,,
3998,2003,15,NEA,PIEFL,1,6,6,0,,33,,,,,,NE,,,,,,,,,,,,,,,,,,,,,,,,,,,,,,,,,,,,,,,,,,,,
3999,2003,16,NEA,GRETI,1,6,,5,,,,,,,,NE,,,,,,,,,,,,,,,,,,,,,,,,,,,,,,,,,,,,,,,,,,,,
4000,2003,17,NEA,GRETI,1,,,6,,,,,,,,NE,,,,,,,,,,,,,,,,,,,,,,,,,,,,,,,,,,,,,,,,,,,,
4001,2003,18,NEA,PIEFL,1,8,,6,,19,,,,,,NE,,,,,,,,,,,,,,,,,,,,,,,,,,,,,,,,,,,,,,,,,,,,
4002,2003,19,NEA,PIEFL,1,7,,5,,19,,,,,,NE,,,,,,,,,,,,,,,,,,,,,,,,,,,,,,,,,,,,,,,,,,,,
4003,2003,20,NEA,COATI,1,10,10,10,,,,,,,,NE,,,,,,,,,,,,,,,,,,,,,,,,,,,,,,,,,,,,,,,,,,,,
4004,2003,101,YAR,BLUTI,1,,,5,,,26,,,,,NE,,,,,,,,,,,,,,,,,,,,,,,,,,,,,,,,,,,,,,,,,,,,
4005,2003,103,YAR,BLUTI,1,7,,5,,,22,,,,,NE,,,,,,,,,,,,,,,,,,,,,,,,,,,,,,,,,,,,,,,,,,,,
4006,2003,104,YAR,PIEFL,1,6,6,3,,,39,,,,,NE,,,,,,,,,,,,,,,,,,,,,,,,,,,,,,,,,,,,,,,,,,,,
4007,2003,107,YAR,PIEFL,1,,,6,,18,36,,7,,,NE,,,,,,,,,,,,,,,,,,,,,,,,,,,,,,,,,,,,,,,,,,,,
4008,2003,109,YAR,BLUTI,1,9,9,8,,,14,,,,,NE,,,,,,,,,,,,,,,,,,,,,,,,,,,,,,,,,,,,,,,,,,,,
4009,2003,110,YAR,PIEFL,1,6,5,5,,,42,,,,,NE,,,,,,,,,,,,,,,,,,,,,,,,,,,,,,,,,,,,,,,,,,,,
4010,2003,111,YAR,GRETI,1,,,0,,,,,5,,,JD,,,,,,,,,,,,,,,,,,,,,,,,,,,,,,,,,,,,,,,,,,,,
4011,2003,117,YAR,PIEFL,1,5,4,4,,,,,,,,NE,,,,,,,,,,,,,,,,,,,,,,,,,,,,,,,,,,,,,,,,,,,,
4012,2003,118,YAR,PIEFL,1,7,0,0,,,,,,,,ED,,,,,,,,,,,,,,,,,,,,,,,,,,,,,,,,,,,,,,,,,,,,
4013,2003,119,YAR,GRETI,1,,,0,,,23,,9,,,JD,,,,,,,,,,,,,,,,,,,,,,,,,,,,,,,,,,,,,,,,,,,,
4014,2003,121,YAR,BLUTI,1,,,1,,,22,,10,,,NE,,,,,,,,,,,,,,,,,,,,,,,,,,,,,,,,,,,,,,,,,,,,
4015,2003,122,YAR,BLUTI,1,,,2,,,19,,11,,,NE,,,,,,,,,,,,,,,,,,,,,,,,,,,,,,,,,,,,,,,,,,,,
4016,2003,123,YAR,PIEFL,1,7,7,7,,,,,,,,NE,,,,,,,,,,,,,,,,,,,,,,,,,,,,,,,,,,,,,,,,,,,,
4017,2003,125,YAR,BLUTI,1,,,6,,,18,,,,,NE,,,,,,,,,,,,,,,,,,,,,,,,,,,,,,,,,,,,,,,,,,,,
4018,2003,127,YAR,BLUTI,1,,,3,,,,,,,,NE,,,,,,,,,,,,,,,,,,,,,,,,,,,,,,,,,,,,,,,,,,,,
4019,2003,129,YAR,PIEFL,1,,0,0,,18,,,5,,,EP,,,,,,,,,,,,,,,,,,,,,,,,,,,,,,,,,,,,,,,,,,,,
4020,2003,130,YAR,BLUTI,1,,,7,,,28,,8,,,NE,,,,,,,,,,,,,,,,,,,,,,,,,,,,,,,,,,,,,,,,,,,,
4021,2003,132,YAR,PIEFL,1,7,7,6,,,,,,,,NE,,,,,,,,,,,,,,,,,,,,,,,,,,,,,,,,,,,,,,,,,,,,
4022,2003,201,YAR,BLUTI,1,10,,7,,,22,,,,,NE,,,,,,,,,,,,,,,,,,,,,,,,,,,,,,,,,,,,,,,,,,,,
4023,2003,202,YAR,PIEFL,1,,,5,,22,,,7,,,NE,,,,,,,,,,,,,,,,,,,,,,,,,,,,,,,,,,,,,,,,,,,,
4024,2003,203,YAR,BLUTI,1,10,,5,,,10,,,,,NE,,,,,,,,,,,,,,,,,,,,,,,,,,,,,,,,,,,,,,,,,,,,
4025,2003,205,YAR,PIEFL,1,,,5,,18,36,,7,,,NE,,,,,,,,,,,,,,,,,,,,,,,,,,,,,,,,,,,,,,,,,,,,
4026,2003,208,YAR,PIEFL,1,7,7,7,,,,,,,,NE,,,,,,,,,,,,,,,,,,,,,,,,,,,,,,,,,,,,,,,,,,,,
4027,2003,211,YAR,BLUTI,1,,,9,,,19,,,,,NE,,,,,,,,,,,,,,,,,,,,,,,,,,,,,,,,,,,,,,,,,,,,
4028,2003,213,YAR,BLUTI,1,,,0,,,19,,11,,,JD,,,,,,,,,,,,,,,,,,,,,,,,,,,,,,,,,,,,,,,,,,,,
4029,2003,214,YAR,PIEFL,1,,,7,,18,,,,,,NE,,,,,,,,,,,,,,,,,,,,,,,,,,,,,,,,,,,,,,,,,,,,
4030,2003,216,YAR,BLUTI,1,,,10,,,,,,,,NE,,,,,,,,,,,,,,,,,,,,,,,,,,,,,,,,,,,,,,,,,,,,
4031,2003,217,YAR,PIEFL,1,7,7,7,,22,,,,,,NE,,,,,,,,,,,,,,,,,,,,,,,,,,,,,,,,,,,,,,,,,,,,
4032,2003,220,YAR,PIEFL,1,,,7,,,,,8,,,NE,,,,,,,,,,,,,,,,,,,,,,,,,,,,,,,,,,,,,,,,,,,,
4033,2003,221,YAR,BLUTI,1,,,8,,,22,,,,,NE,,,,,,,,,,,,,,,,,,,,,,,,,,,,,,,,,,,,,,,,,,,,
4034,2003,223,YAR,BLUTI,1,11,,10,,,12,,,,,NE,,,,,,,,,,,,,,,,,,,,,,,,,,,,,,,,,,,,,,,,,,,,
4035,2003,224,YAR,PIEFL,1,,,7,,14,34,,,,,NE,,,,,,,,,,,,,,,,,,,,,,,,,,,,,,,,,,,,,,,,,,,,
4036,2003,225,YAR,BLUTI,1,,,7,,,,,8,,,NE,,,,,,,,,,,,,,,,,,,,,,,,,,,,,,,,,,,,,,,,,,,,
4037,2003,226,YAR,BLUTI,1,8,,4,,,20,,,,,NE,,,,,,,,,,,,,,,,,,,,,,,,,,,,,,,,,,,,,,,,,,,,
4038,2003,227,YAR,PIEFL,1,6,6,6,,29,39,,,,,ne,,,,,,,,,,,,,,,,,,,,,,,,,,,,,,,,,,,,,,,,,,,,
4039,2003,228,YAR,BLUTI,1,9,,7,,,14,,,,,ne,,,,,,,,,,,,,,,,,,,,,,,,,,,,,,,,,,,,,,,,,,,,
4040,2003,229,YAR,PIEFL,1,,,7,,,,,,,,ne,,,,,,,,,,,,,,,,,,,,,,,,,,,,,,,,,,,,,,,,,,,,
4041,2003,230,YAR,GRETI,1,7,,3,,,,,,,,NE,,,,,,,,,,,,,,,,,,,,,,,,,,,,,,,,,,,,,,,,,,,,
4042,2003,231,YAR,BLUTI,1,9,9,9,,,21,,,,,ne,,,,,,,,,,,,,,,,,,,,,,,,,,,,,,,,,,,,,,,,,,,,
4043,2003,233,YAR,BLUTI,1,,,6,,,,,,,,NE,,,,,,,,,,,,,,,,,,,,,,,,,,,,,,,,,,,,,,,,,,,,
4044,2003,234,YAR,PIEFL,1,7,6,6,,25.5,38,,,,,NE,,,,,,,,,,,,,,,,,,,,,,,,,,,,,,,,,,,,,,,,,,,,
4045,2003,235,YAR,GRETI,1,,,7,,,22,,,,,NE,,,,,,,,,,,,,,,,,,,,,,,,,,,,,,,,,,,,,,,,,,,,
4046,2003,236,YAR,PIEFL,1,7,,6,,18,35,,,,,NE,,,,,,,,,,,,,,,,,,,,,,,,,,,,,,,,,,,,,,,,,,,,
4047,2003,237,YAR,BLUTI,1,8,8,8,,,21,,,,,NE,,,,,,,,,,,,,,,,,,,,,,,,,,,,,,,,,,,,,,,,,,,,
4048,2003,238,YAR,PIEFL,1,,,6,,,,,,,,NE,,,,,,,,,,,,,,,,,,,,,,,,,,,,,,,,,,,,,,,,,,,,
4049,2003,239,YAR,BLUTI,1,6,0,0,,,21,,,,,ED,,,,,,,,,,,,,,,,,,,,,,,,,,,,,,,,,,,,,,,,,,,,
4050,2003,240,YAR,BLUTI,1,11,11,11,,,12,,,,,NE,,,,,,,,,,,,,,,,,,,,,,,,,,,,,,,,,,,,,,,,,,,,
4051,2003,241,YAR,PIEFL,1,,,7,,10.5,,,,,,NE,,,,,,,,,,,,,,,,,,,,,,,,,,,,,,,,,,,,,,,,,,,,
4052,2003,242,YAR,BLUTI,1,9,,8,,,18,,,,,NE,,,,,,,,,,,,,,,,,,,,,,,,,,,,,,,,,,,,,,,,,,,,
4053,2003,244,YAR,BLUTI,1,8,,7,,,23,,,,,NE,,,,,,,,,,,,,,,,,,,,,,,,,,,,,,,,,,,,,,,,,,,,
4054,2003,245,YAR,BLUTI,1,10,,5,,,,,,,,NE,,,,,,,,,,,,,,,,,,,,,,,,,,,,,,,,,,,,,,,,,,,,
4055,2003,246,YAR,BLUTI,1,7,7,7,,,19,,,,,NE,,,,,,,,,,,,,,,,,,,,,,,,,,,,,,,,,,,,,,,,,,,,
4056,2003,250,YAR,BLUTI,1,,,8,,,20,,,,,NE,,,,,,,,,,,,,,,,,,,,,,,,,,,,,,,,,,,,,,,,,,,,
4057,2003,301,YAR,BLUTI,1,,,7,,,28,,8,,,NE,,,,,,,,,,,,,,,,,,,,,,,,,,,,,,,,,,,,,,,,,,,,
4058,2003,302,YAR,PIEFL,1,7,,0,,10.5,41,,,,,JD,,,,,,,,,,,,,,,,,,,,,,,,,,,,,,,,,,,,,,,,,,,,
4059,2003,306,YAR,PIEFL,1,7,,3,,10.5,34,,,,,NE,,,,,,,,,,,,,,,,,,,,,,,,,,,,,,,,,,,,,,,,,,,,
4060,2003,308,YAR,BLUTI,1,12,,8,,,16,,,,,NE,,,,,,,,,,,,,,,,,,,,,,,,,,,,,,,,,,,,,,,,,,,,
4061,2003,312,YAR,BLUTI,1,,0,0,,,22,,8,,,ED,,,,,,,,,,,,,,,,,,,,,,,,,,,,,,,,,,,,,,,,,,,,
4062,2003,314,YAR,BLUTI,1,10,10,10,,,21,,,,,NE,,,,,,,,,,,,,,,,,,,,,,,,,,,,,,,,,,,,,,,,,,,,
4063,2003,316,YAR,BLUTI,1,,,6,,,39,,,,,NE,,,,,,,,,,,,,,,,,,,,,,,,,,,,,,,,,,,,,,,,,,,,
4064,2003,317,YAR,BLUTI,1,7,,5,,,25,,,,,NE,,,,,,,,,,,,,,,,,,,,,,,,,,,,,,,,,,,,,,,,,,,,
4065,2003,319,YAR,BLUTI,1,,0,0,,,22,,7,,,ED,,,,,,,,,,,,,,,,,,,,,,,,,,,,,,,,,,,,,,,,,,,,
4066,2003,320,YAR,BLUTI,1,10,,9,,,19,,,,,NE,,,,,,,,,,,,,,,,,,,,,,,,,,,,,,,,,,,,,,,,,,,,
4067,2003,321,YAR,BLUTI,1,,,4,,,22,,,,,NE,,,,,,,,,,,,,,,,,,,,,,,,,,,,,,,,,,,,,,,,,,,,
4068,2003,322,YAR,BLUTI,1,10,,9,,,20,,,,,NE,,,,,,,,,,,,,,,,,,,,,,,,,,,,,,,,,,,,,,,,,,,,
4069,2003,323,YAR,GRETI,1,,,8,,,21,,,,,NE,,,,,,,,,,,,,,,,,,,,,,,,,,,,,,,,,,,,,,,,,,,,
4070,2003,324,YAR,PIEFL,1,6,0,0,,26.5,,,,,,ED,,,,,,,,,,,,,,,,,,,,,,,,,,,,,,,,,,,,,,,,,,,,
4071,2003,325,YAR,BLUTI,1,10,10,10,,,17,,,,,NE,,,,,,,,,,,,,,,,,,,,,,,,,,,,,,,,,,,,,,,,,,,,
4072,2003,326,YAR,PIEFL,1,7,6,5,,22,36,,,,,NE,,,,,,,,,,,,,,,,,,,,,,,,,,,,,,,,,,,,,,,,,,,,
4073,2003,327,YAR,BLUTI,1,,,8,,,26,,,,,NE,,,,,,,,,,,,,,,,,,,,,,,,,,,,,,,,,,,,,,,,,,,,
4074,2003,329,YAR,BLUTI,1,10,10,0,,,17,,,,,JD,,,,,,,,,,,,,,,,,,,,,,,,,,,,,,,,,,,,,,,,,,,,
4075,2003,330,YAR,GRETI,1,,,9,,,17,,,,,NE,,,,,,,,,,,,,,,,,,,,,,,,,,,,,,,,,,,,,,,,,,,,
4076,2003,331,YAR,PIEFL,1,7,7,7,,,,,,,,NE,,,,,,,,,,,,,,,,,,,,,,,,,,,,,,,,,,,,,,,,,,,,
4077,2003,332,YAR,PIEFL,1,,0,0,,18,52,,6,,,ED,,,,,,,,,,,,,,,,,,,,,,,,,,,,,,,,,,,,,,,,,,,,
4078,2003,333,YAR,BLUTI,1,11,,0,,,19,,,,,JP,,,,,,,,,,,,,,,,,,,,,,,,,,,,,,,,,,,,,,,,,,,,
4079,2003,335,YAR,PIEFL,1,8,,7,,22,33,,,,,NE,,,,,,,,,,,,,,,,,,,,,,,,,,,,,,,,,,,,,,,,,,,,
4080,2003,336,YAR,BLUTI,1,,,9,,,20,,,,,NE,,,,,,,,,,,,,,,,,,,,,,,,,,,,,,,,,,,,,,,,,,,,
4081,2003,338,YAR,BLUTI,1,8,8,8,,,18,,,,,NE,,,,,,,,,,,,,,,,,,,,,,,,,,,,,,,,,,,,,,,,,,,,
4082,2003,340,YAR,PIEFL,1,7,,6,,22,37,,,,,NE,,,,,,,,,,,,,,,,,,,,,,,,,,,,,,,,,,,,,,,,,,,,
4083,2003,342,YAR,PIEFL,1,7,7,0,,10.5,,,,,,JD,,,,,,,,,,,,,,,,,,,,,,,,,,,,,,,,,,,,,,,,,,,,
4084,2003,343,YAR,PIEFL,1,7,,4,,14,42,,,,,NE,,,,,,,,,,,,,,,,,,,,,,,,,,,,,,,,,,,,,,,,,,,,
4085,2003,344,YAR,PIEFL,1,7,7,7,,26.5,39,,,,,NE,,,,,,,,,,,,,,,,,,,,,,,,,,,,,,,,,,,,,,,,,,,,
4086,2003,345,YAR,BLUTI,1,9,,8,,,19,,,,,NE,,,,,,,,,,,,,,,,,,,,,,,,,,,,,,,,,,,,,,,,,,,,
4087,2003,347,YAR,BLUTI,1,,,8,,,24,,,,,NE,,,,,,,,,,,,,,,,,,,,,,,,,,,,,,,,,,,,,,,,,,,,
4088,2003,348,YAR,PIEFL,1,6,5,5,,22,35,,,,,NE,,,,,,,,,,,,,,,,,,,,,,,,,,,,,,,,,,,,,,,,,,,,
4089,2003,350,YAR,PIEFL,1,9,0,0,,18,,,,,,ED,,,,,,,,,,,,,,,,,,,,,,,,,,,,,,,,,,,,,,,,,,,,
4090,2003,351,YAR,PIEFL,1,7,7,0,,26.5,39,,,,,JD,,,,,,,,,,,,,,,,,,,,,,,,,,,,,,,,,,,,,,,,,,,,
4091,2003,353,YAR,BLUTI,1,10,,9,,,21,,,,,NE,,,,,,,,,,,,,,,,,,,,,,,,,,,,,,,,,,,,,,,,,,,,
4092,2003,354,YAR,BLUTI,1,10,0,0,,,21,,,,,ED,,,,,,,,,,,,,,,,,,,,,,,,,,,,,,,,,,,,,,,,,,,,
4093,2003,355,YAR,BLUTI,1,,,6,,,22,,,,,NE,,,,,,,,,,,,,,,,,,,,,,,,,,,,,,,,,,,,,,,,,,,,
4094,2003,HIDE1,YAR,PIEFL,1,,,0,,10.5,46,,,,,XD,,,,,,,,,,,,,,,,,,,,,,,,,,,,,,,,,,,,,,,,,,,,
4095,2003,HIDE10,YAR,PIEFL,1,5,,2,,22,,,,,,NE,,,,,,,,,,,18/06/2003,R687532,R687533,R687534,,,,,,,,,,,,,,,,,,,,,,,,,,,,,,
4096,2003,HIDE3,YAR,BLUTI,1,,,5,,,17,,8,,,NE,,,,,,,,,,,,,,,,,,,,,,,,,,,,,,,,,,,,,,,,,,,,
4097,2003,HIDE5,YAR,PIEFL,1,7,0,0,,22,34,,,,,ED,,,,,,,,,,,,,,,,,,,,,,,,,,,,,,,,,,,,,,,,,,,,
4098,2003,HIDE7,YAR,BLUTI,1,,,0,,,22,,11,,,JD,,,,,,,,,,,,,,,,,,,,,,,,,,,,,,,,,,,,,,,,,,,,
4099,2004,1,BVW,PIEFL,1,7,7,6,,21,40,,,,,NE,,,,,,,,,,,04/06/2004,P481966,P481967,P481968,P481969,P481970,P481971,P481972,,,,,,,,,,,,,,,,,,,,,,,,,,
4100,2004,3,BVW,BLUTI,1,9,,8,,,25,,,,,NE,,,,,,,,,,,,,,,,,,,,,,,,,,,,,,,,,,,,,,,,,,,,
4101,2004,4,BVW,BLUTI,1,,,6,,,34,,8,,,NE,,,,,,,,,,,,,,,,,,,,,,,,,,,,,,,,,,,,,,,,,,,,
4102,2004,5,BVW,PIEFL,1,7,7,7,,12.5,40,,,,,NE,,,,,,,,,,,04/06/2004,P481973,P481974,P481975,P481976,P481977,P481978,P481979,,,,,,,,,,,,,,,,,,,,,,,,,,
4103,2004,6,BVW,BLUTI,1,,,6,,,30,,,,,NE,,,,,,,,,,,,,,,,,,,,,,,,,,,,,,,,,,,,,,,,,,,,
4104,2004,7,BVW,GRETI,1,,,4,,,43,,6,,,NE,,,,,,,,,,,,,,,,,,,,,,,,,,,,,,,,,,,,,,,,,,,,
4105,2004,8,BVW,PIEFL,1,,,6,,,40,,7,,,NE,,,,,,,,,,,04/06/2004,P481980,P481981,P481982,P481983,P481984,P481985,,,,,,,,,,,,,,,,,,,,,,,,,,,
4106,2004,9,BVW,BLUTI,1,,,6,,,32,,,,,NE,,,,,,,,,,,,,,,,,,,,,,,,,,,,,,,,,,,,,,,,,,,,
4107,2004,10,BVW,BLUTI,1,,,7,,,47,,,,,NE,,,,,,,,,,,,,,,,,,,,,,,,,,,,,,,,,,,,,,,,,,,,
4108,2004,11,BVW,BLUTI,1,,0,0,,,31,,9,,,ED,,,,,,,,,,,,,,,,,,,,,,,,,,,,,,,,,,,,,,,,,,,,
4109,2004,12,BVW,PIEFL,1,,,7,,21,34,,,,,NE,,,,,,,,,,,04/06/2004,P481986,P481987,P481988,P481989,P481990,P481991,P481992,,,,,,,,,,,,,,,,,,,,,,,,,,
4110,2004,13,BVW,BLUTI,1,,0,0,,,38,,,,,NE,,,,,,,,,,,,,,,,,,,,,,,,,,,,,,,,,,,,,,,,,,,,
4111,2004,14,BVW,PIEFL,1,,,6,,21,43,,7,,,NE,,,,,,,,,,,,,,,,,,,,,,,,,,,,,,,,,,,,,,,,,,,,
4112,2004,15,BVW,PIEFL,1,,,7,,21,38,,,,,NE,,,,,,,,,,,04/06/2004,P481993,P481994,P481995,P481996,P481997,P481998,P481999,,,,,,,,,,,,,,,,,,,,,,,,,,
4113,2004,16,BVW,BLUTI,1,8,,7,,,,,,,,NE,,,,,,,,,,,,,,,,,,,,,,,,,,,,,,,,,,,,,,,,,,,,
4114,2004,17,BVW,PIEFL,1,7,7,7,,21,37,,,,,NE,,,,,,,,,,,04/06/2004,P482000,R723001,R723002,R723003,R723004,R723005,R723006,,,,,,,,,,,,,,,,,,,,,,,,,,
4115,2004,18,BVW,BLUTI,1,9,,3,,,36,,,,,NE,,,,,,,,,,,,,,,,,,,,,,,,,,,,,,,,,,,,,,,,,,,,
4116,2004,19,BVW,PIEFL,1,,,6,,32,40,,,,,NE,,,,,,,,,,,01/06/2004,P481956,P481957,P481958,P481959,P481960,P481961,,,,,,,,,,,,,,,,,,,,,,,,,,,
4117,2004,20,BVW,GRETI,1,,,4,,,15,,9,,,NE,,,,,,,,,,,,,,,,,,,,,,,,,,,,,,,,,,,,,,,,,,,,
4118,2004,21,BVW,BLUTI,1,,,8,,,,,,,,NE,,,,,,,,,,,,,,,,,,,,,,,,,,,,,,,,,,,,,,,,,,,,
4119,2004,22,BVW,BLUTI,1,,,8,,,30,,9,,,NE,,,,,,,,,,,,,,,,,,,,,,,,,,,,,,,,,,,,,,,,,,,,
4120,2004,23,BVW,BLUTI,1,9,9,9,,,23,,,,,NE,,,,,,,,,,,,,,,,,,,,,,,,,,,,,,,,,,,,,,,,,,,,
4121,2004,24,BVW,PIEFL,1,,,5,,,38,,6,,,NE,,,,,,,,,,,08/06/2004,R678976,R678977,R678978,R678979,R678980,,,,,,,,,,,,,,,,,,,,,,,,,,,,
4122,2004,18A,BVW,BLUTI,1,,,6,,,36,,,,,NE,,,,,,,,,,,,,,,,,,,,,,,,,,,,,,,,,,,,,,,,,,,,
4123,2004,9A,BVW,PIEFL,1,,,6,,28.5,45,,7,1,,NE,,,,,,,,,,,,,,,,,,,,,,,,,,,,,,,,,,,,,,,,,,,,
4124,2004,1,NEA,BLUTI,1,,,6,,,30,,,,,NE,,,,,,,,,,,,,,,,,,,,,,,,,,,,,,,,,,,,,,,,,,,,
4125,2004,2,NEA,BLUTI,1,8,4,4,,,,,,,,NE,,,,,,,,,,,,,,,,,,,,,,,,,,,,,,,,,,,,,,,,,,,,
4126,2004,3,NEA,BLUTI,1,10,10,10,,,30,,,,,NE,,,,,,,,,,,,,,,,,,,,,,,,,,,,,,,,,,,,,,,,,,,,
4127,2004,4,NEA,BLUTI,1,9,8,8,,,,,,,,NE,,,,,,,,,,,,,,,,,,,,,,,,,,,,,,,,,,,,,,,,,,,,
4128,2004,5,NEA,BLUTI,1,,,5,,,29,,8,,,NE,,,,,,,,,,,,,,,,,,,,,,,,,,,,,,,,,,,,,,,,,,,,
4129,2004,6,NEA,BLUTI,1,11,11,11,,,36,,,,,NE,,,,,,,,,,,,,,,,,,,,,,,,,,,,,,,,,,,,,,,,,,,,
4130,2004,8,NEA,PIEFL,1,,0,0,,24,43,,7,,,ED,,,,,,,,,,,,,,,,,,,,,,,,,,,,,,,,,,,,,,,,,,,,
4131,2004,9,NEA,PIEFL,1,7,7,7,,24,40,60,,,,NE,,,,,,,,,,,04/06/2004,R723007,R723008,R723009,R723010,R723011,R723012,R723013,,,,,,,,,,,,,,,,,,,,,,,,,,
4132,2004,10,NEA,BLUTI,1,7,7,7,,,27,,,,,NE,,,,,,,,,,,,,,,,,,,,,,,,,,,,,,,,,,,,,,,,,,,,
4133,2004,11,NEA,BLUTI,1,7,7,7,,,31,,,,,NE,,,,,,,,,,,,,,,,,,,,,,,,,,,,,,,,,,,,,,,,,,,,
4134,2004,12,NEA,BLUTI,1,9,,8,,,26,,,,,NE,,,,,,,,,,,,,,,,,,,,,,,,,,,,,,,,,,,,,,,,,,,,
4135,2004,13,NEA,PIEFL,1,8,6,6,,20,35,,,,,NE,,,,,,,,,,,04/06/2004,R723014,R723015,R723016,R723017,R723018,,,,,,,,,,,,,,,,,,,,,,,,,,,,
4136,2004,14,NEA,BLUTI,1,,0,0,,,,,7,,,ED,,,,,,,,,,,,,,,,,,,,,,,,,,,,,,,,,,,,,,,,,,,,
4137,2004,15,NEA,BLUTI,1,,,6,,,30,,,,,NE,,,,,,,,,,,,,,,,,,,,,,,,,,,,,,,,,,,,,,,,,,,,
4138,2004,16,NEA,PIEFL,1,7,7,7,,16,40,,,,,NE,,,,,,,,,,,04/06/2004,R723019,R723020,R723021,R723022,R723023,R723024,R723025,,,,,,,,,,,,,,,,,,,,,,,,,,
4139,2004,17,NEA,BLUTI,1,9,8,8,,,28,,,,,NE,,,,,,,,,,,,,,,,,,,,,,,,,,,,,,,,,,,,,,,,,,,,
4140,2004,18,NEA,PIEFL,1,6,6,6,,20,41,60,,,,NE,,,,,,,,,,,04/06/2004,R723026,R723027,R723028,R723029,,,,,,,,,,,,,,,,,,,,,,,,,,,,,
4141,2004,19,NEA,GRETI,1,,,3,,,,,,,,NE,,,,,,,,,,,,,,,,,,,,,,,,,,,,,,,,,,,,,,,,,,,,
4142,2004,20,NEA,BLUTI,1,,,7,,,38,,8,,,NE,,,,,,,,,,,,,,,,,,,,,,,,,,,,,,,,,,,,,,,,,,,,
4143,2004,101,YAR,BLUTI,1,9,9,6,,,28,,,,,NE,,,,,,,,,,,,,,,,,,,,,,,,,,,,,,,,,,,,,,,,,,,,
4144,2004,102,YAR,BLUTI,1,,,6,,,,,,,,NE,,,,,,,,,,,,,,,,,,,,,,,,,,,,,,,,,,,,,,,,,,,,
4145,2004,103,YAR,BLUTI,1,,,10,,,18,,,,,NE,,,,,,,,,,,,,,,,,,,,,,,,,,,,,,,,,,,,,,,,,,,,
4146,2004,105,YAR,BLUTI,1,9,5,3,,,25,,,,,NE,,,,,,,,,,,,,,,,,,,,,,,,,,,,,,,,,,,,,,,,,,,,
4147,2004,109,YAR,BLUTI,1,9,8,6,,,20,49,,,,NE,,,,,,,,,,,,,,,,,,,,,,,,,,,,,,,,,,,,,,,,,,,,
4148,2004,110,YAR,PIEFL,1,6,6,6,,27,39,,,,,NE,,,,,,,,,,,02/06/2004,P481897,P481898,P481899,P481900,P481901,P481902,,,,,,,,,,,,,,,,,,,,,,,,,,,
4149,2004,111,YAR,PIEFL,1,,,6,,8,34,,,,,NE,,,,,,P481903,02/06/2004,02/06/2004,I,1,08/06/2004,R678891,R678892,R678893,R678894,R678895,R678896,,,,,,,,,,,,,,,,,,,,,,,,,,,
4150,2004,114,YAR,PIEFL,1,6,,3,,23.5,40,,,,,NE,,,,,,,,,,,02/06/2004,P481904,P481905,P481906,P481907,P481908,,,,,,,,,,,,,,,,,,,,,,,,,,,,
4151,2004,116,YAR,BLUTI,1,8,,3,,,26,,,,,NE,,,,,,,,,,,,,,,,,,,,,,,,,,,,,,,,,,,,,,,,,,,,
4152,2004,118,YAR,PIEFL,1,7,7,7,,16.5,44,,,,,NE,,,,,,,,,,,08/06/2004,R687897,R687898,R687899,R687900,R687901,R687902,R687903,,,,,,,,,,,,,,,,,,,,,,,,,,
4153,2004,120,YAR,PIEFL,1,,,3,,23.5,40,,5,,,NE,,,,,,,,,,,08/06/2004,R687904,R687905,R687906,R687907,,,,,,,,,,,,,,,,,,,,,,,,,,,,,
4154,2004,122,YAR,PIEFL,1,6,6,6,,30.5,42,,,,,NE,,,,,,,,,,,08/06/2004,R687908,R687909,R687910,R687911,R687912,R687913,,,,,,,,,,,,,,,,,,,,,,,,,,,
4155,2004,123,YAR,BLUTI,1,12,12,8,,,24,,,,,NE,,,,,,,,,,,,,,,,,,,,,,,,,,,,,,,,,,,,,,,,,,,,
4156,2004,128,YAR,GRETI,1,,,3,,,29,,,,,NE,,,,,,,,,,,,,,,,,,,,,,,,,,,,,,,,,,,,,,,,,,,,
4157,2004,130,YAR,BLUTI,1,9,8,3,,,37,,,,,NE,,,,,,,,,,,,,,,,,,,,,,,,,,,,,,,,,,,,,,,,,,,,
4158,2004,131,YAR,PIEFL,1,6,6,5,,38,,,,,,NE,,,,,,P481909,02/06/2004,02/06/2004,I,1,08/06/2004,R678914,R678915,R678916,R678917,R678918,R678919,,,,,,,,,,,,,,,,,,,,,,,,,,,
4159,2004,201,YAR,PIEFL,1,,0,0,,23.5,40,,3,,,EP,,,,,,,,,,,,,,,,,,,,,,,,,,,,,,,,,,,,,,,,,,,,
4160,2004,202,YAR,PIEFL,1,2,2,2,,49,,,,,,NE,,,,,,,,,,,08/06/2004,R678920,R678921,,,,,,,,,,,,,,,,,,,,,,,,,,,,,,,
4161,2004,202,YAR,BLUTI,1,,0,0,,,16,,8,,,ED,,,,,,,,,,,,,,,,,,,,,,,,,,,,,,,,,,,,,,,,,,,,
4162,2004,203,YAR,BLUTI,1,,0,0,,,,,,,,EP,,,,,,,,,,,,,,,,,,,,,,,,,,,,,,,,,,,,,,,,,,,,
4163,2004,206,YAR,PIEFL,1,7,6,6,,23.5,34,,,,,NE,,,,,,,,,,,02/06/2004,P481910,P481911,P481912,P481913,P481914,P481915,,,,,,,,,,,,,,,,,,,,,,,,,,,
4164,2004,208,YAR,BLUTI,2,7,,0,,,,,,,,JD,,,,,,,,,,,,,,,,,,,,,,,,,,,,,,,,,,,,,,,,,,,,
4165,2004,211,YAR,GRETI,1,,,0,,,26,,,,,JD,,,,,,,,,,,,,,,,,,,,,,,,,,,,,,,,,,,,,,,,,,,,
4166,2004,212,YAR,BLUTI,1,6,0,0,,,27,,,,,EP,,,,,,,,,,,,,,,,,,,,,,,,,,,,,,,,,,,,,,,,,,,,
4167,2004,213,YAR,BLUTI,1,,0,0,,,26,,8,,,ED,,,,,,,,,,,,,,,,,,,,,,,,,,,,,,,,,,,,,,,,,,,,
4168,2004,214,YAR,PIEFL,1,7,7,0,,38.5,46,,,,,JD,,,,,,,,,,,08/06/2004,R678922,R678923,R678924,R678925,R678926,R678927,,,,,,,,,,,,,,,,,,,,,,,,,,,
4169,2004,216,YAR,BLUTI,1,,,5,,,30,,,,,NE,,,,,,,,,,,,,,,,,,,,,,,,,,,,,,,,,,,,,,,,,,,,
4170,2004,217,YAR,BLUTI,1,10,10,8,,,31,,,,,NE,,,,,,,,,,,,,,,,,,,,,,,,,,,,,,,,,,,,,,,,,,,,
4171,2004,219,YAR,BLUTI,1,9,9,0,,,28,,,,,JD,,,,,,,,,,,,,,,,,,,,,,,,,,,,,,,,,,,,,,,,,,,,
4172,2004,220,YAR,PIEFL,1,6,6,6,,23.5,42,,,,,NE,,,,,,,,,,,08/06/2004,R678928,R678929,R678930,R678931,R678932,R678933,,,,,,,,,,,,,,,,,,,,,,,,,,,
4173,2004,223,YAR,BLUTI,1,11,,6,,,23,,,,,NE,,,,,,,,,,,,,,,,,,,,,,,,,,,,,,,,,,,,,,,,,,,,
4174,2004,224,YAR,BLUTI,1,,,6,,,,,,,,NE,,,,,,,,,,,,,,,,,,,,,,,,,,,,,,,,,,,,,,,,,,,,
4175,2004,226,YAR,PIEFL,1,7,0,0,,23.5,41,,,,,ED,,,,,,P481916,02/06/2004,02/06/2004,I,1,,,,,,,,,,,,,,,,,,,,,,,,,,,,,,,,,,
4176,2004,227,YAR,BLUTI,1,7,5,5,,,26,,,,,NE,,,,,,,,,,,,,,,,,,,,,,,,,,,,,,,,,,,,,,,,,,,,
4177,2004,228,YAR,BLUTI,1,9,,8,,,32,,,,,NE,,,,,,,,,,,,,,,,,,,,,,,,,,,,,,,,,,,,,,,,,,,,
4178,2004,229,YAR,PIEFL,1,,,4,,30.5,41,,6,,,NE,,,,,,,,,,,08/06/2004,R678934,R678935,R678936,R678937,,,,,,,,,,,,,,,,,,,,,,,,,,,,,
4179,2004,230,YAR,GRETI,1,5,5,5,,,32,,,,,NE,,,,,,,,,,,,,,,,,,,,,,,,,,,,,,,,,,,,,,,,,,,,
4180,2004,231,YAR,BLUTI,1,9,9,9,,,18,,,,,NE,,,,,,,,,,,,,,,,,,,,,,,,,,,,,,,,,,,,,,,,,,,,
4181,2004,232,YAR,BLUTI,1,10,9,9,,,31,,,,,NE,,,,,,,,,,,,,,,,,,,,,,,,,,,,,,,,,,,,,,,,,,,,
4182,2004,233,YAR,BLUTI,1,,,6,,,34,,,,,NE,,,,,,,,,,,,,,,,,,,,,,,,,,,,,,,,,,,,,,,,,,,,
4183,2004,234,YAR,PIEFL,1,7,7,7,,30.5,41,,,,,NE,,,,,,,,,,,08/06/2004,R678938,R678939,R678940,R678941,R678942,R678943,R678944,,,,,,,,,,,,,,,,,,,,,,,,,,
4184,2004,235,YAR,GRETI,1,6,5,5,,,25,,,,,NE,,,,,,,,,,,,,,,,,,,,,,,,,,,,,,,,,,,,,,,,,,,,
4185,2004,236,YAR,PIEFL,1,7,7,7,,23.5,39,,,,,NE,,,,,,,,,,,02/06/2004,P481917,P481918,P481919,P481920,P481921,P481922,P481923,,,,,,,,,,,,,,,,,,,,,,,,,,
4186,2004,237,YAR,BLUTI,1,,,4,,,37,,8,,,NE,,,,,,,,,,,,,,,,,,,,,,,,,,,,,,,,,,,,,,,,,,,,
4187,2004,238,YAR,PIEFL,1,6,6,6,,38,45,63,,,,NE,,,,,,P481924,02/06/2004,02/06/2004,I,1,08/06/2004,R678945,R678946,R678947,R678948,R678949,R678950,,,,,,,,,,,,,,,,,,,,,,,,,,,
4188,2004,240,YAR,PIEFL,1,7,7,7,,30.5,41,,,,,NE,,,,,,,,,,,08/06/2004,R678951,R678952,R678953,R678954,R678955,R678956,R678957,,,,,,,,,,,,,,,,,,,,,,,,,,
4189,2004,241,YAR,PIEFL,1,6,5,5,,34,,,,,,NE,,,,,,,,,,,08/06/2004,R678958,R678959,R678960,R678961,R678962,,,,,,,,,,,,,,,,,,,,,,,,,,,,
4190,2004,243,YAR,GRETI,1,8,8,2,,,32,,,,,NE,,,,,,,,,,,,,,,,,,,,,,,,,,,,,,,,,,,,,,,,,,,,
4191,2004,245,YAR,BLUTI,1,,0,0,,,,,4,,,ED,,,,,,,,,,,,,,,,,,,,,,,,,,,,,,,,,,,,,,,,,,,,
4192,2004,246,YAR,PIEFL,1,7,6,6,,20,,,,,,NE,,,,,,,,,,,08/06/2004,R678963,R678964,R678965,R678966,R678967,R678968,,,,,,,,,,,,,,,,,,,,,,,,,,,
4193,2004,248,YAR,PIEFL,1,6,6,6,,38,47,,,,,NE,,,,,,,,,,,08/06/2004,R678969,R678970,R678971,R678972,R678973,R678974,,,,,,,,,,,,,,,,,,,,,,,,,,,
4194,2004,250,YAR,BLUTI,1,8,8,8,,,31,,,,,NE,,,,,,,,,,,,,,,,,,,,,,,,,,,,,,,,,,,,,,,,,,,,
4195,2004,301,YAR,BLUTI,1,,0,0,,,29,,6,,,EP,,,,,,,,,,,,,,,,,,,,,,,,,,,,,,,,,,,,,,,,,,,,
4196,2004,302,YAR,PIEFL,1,7,7,6,,23.5,42,,,,,NE,,,,,,,,,,,08/06/2004,R678986,R678987,R678988,R678989,R678990,R678991,,,,,,,,,,,,,,,,,,,,,,,,,,,
4197,2004,304,YAR,PIEFL,1,5,5,5,,38.5,47,,,,,NE,,,,,,,,,,,08/06/2004,R678992,R678993,R678994,R678995,R678996,,,,,,,,,,,,,,,,,,,,,,,,,,,,
4198,2004,305,YAR,BLUTI,1,7,0,0,,,24,,,,,EP,,,,,,,,,,,,,,,,,,,,,,,,,,,,,,,,,,,,,,,,,,,,
4199,2004,306,YAR,PIEFL,1,7,6,6,,23.5,45,,,,,NE,,,,,,P481925,02/06/2004,02/06/2004,I,1,08/06/2004,R678997,R678998,R678999,R679000,,,,,,,,,,,,,,,,,,,,,,,,,,,,,
4200,2004,308,YAR,BLUTI,1,10,0,0,,,29,,,,,EP,,,,,,,,,,,,,,,,,,,,,,,,,,,,,,,,,,,,,,,,,,,,
4201,2004,312,YAR,PIEFL,1,7,4,4,,20,43,,,,,NE,,,,,,,,,,,11/06/2004,T239001,T239002,T239003,T239004,,,,,,,,,,,,,,,,,,,,,,,,,,,,,
4202,2004,313,YAR,PIEFL,1,6,5,5,,38,44,,,,,NE,,,,,,,,,,,11/06/2004,T239005,T239006,T239007,T239008,T239009,,,,,,,,,,,,,,,,,,,,,,,,,,,,
4203,2004,314,YAR,BLUTI,2,9,,3,,,51,,,,,NE,,,,,,,,,,,,,,,,,,,,,,,,,,,,,,,,,,,,,,,,,,,,
4204,2004,315,YAR,BLUTI,1,9,0,0,,,24,,,,,EP,,,,,,,,,,,,,,,,,,,,,,,,,,,,,,,,,,,,,,,,,,,,
4205,2004,316,YAR,PIEFL,1,7,7,7,,20,41,,,,,NE,,,,,,,,,,,11/06/2004,T239010,T239011,T239012,T239013,T239014,T239015,T239016,,,,,,,,,,,,,,,,,,,,,,,,,,
4206,2004,317,YAR,BLUTI,1,,,0,,,29,,9,,,JD,,,,,,,,,,,,,,,,,,,,,,,,,,,,,,,,,,,,,,,,,,,,
4207,2004,318,YAR,PIEFL,1,7,7,7,,27,44,63,,,,NE,,,,,,,,,,,11/06/2004,T239017,T239018,T239019,T239020,T239021,T239022,T239023,,,,,,,,,,,,,,,,,,,,,,,,,,
4208,2004,319,YAR,GRETI,1,,,10,,,23,,,,,NE,,,,,,,,,,,,,,,,,,,,,,,,,,,,,,,,,,,,,,,,,,,,
4209,2004,320,YAR,PIEFL,1,6,5,5,,20,41,,,,,NE,,,,,,,,,,,02/06/2004,P481926,P481927,P481928,P481929,,,,,,,,,,,,,,,,,,,,,,,,,,,,,
4210,2004,321,YAR,BLUTI,1,,0,0,,,27,,3,,,ED,,,,,,,,,,,,,,,,,,,,,,,,,,,,,,,,,,,,,,,,,,,,
4211,2004,322,YAR,BLUTI,1,,0,0,,,28,,7,,,XP,,,,,,,,,,,,,,,,,,,,,,,,,,,,,,,,,,,,,,,,,,,,
4212,2004,323,YAR,PIEFL,1,8,8,8,,27,40,,,,,NE,,,,,,,,,,,11/06/2004,T239024,T239025,T239026,T239027,T239028,T239029,T239030,T239031,,,,,,,,,,,,,,,,,,,,,,,,,
4213,2004,325,YAR,BLUTI,1,9,9,9,,,25,,,,,NE,,,,,,,,,,,,,,,,,,,,,,,,,,,,,,,,,,,,,,,,,,,,
4214,2004,326,YAR,PIEFL,1,7,7,7,,27,43,63,,,,NE,,,,,,,,,,,11/06/2004,T239032,T239033,T239034,T239035,T239036,T239037,T239038,,,,,,,,,,,,,,,,,,,,,,,,,,
4215,2004,327,YAR,BLUTI,1,,,8,,,26,,11,,,NE,,,,,,,,,,,,,,,,,,,,,,,,,,,,,,,,,,,,,,,,,,,,
4216,2004,329,YAR,BLUTI,1,9,,5,,,27,,,,,NE,,,,,,,,,,,,,,,,,,,,,,,,,,,,,,,,,,,,,,,,,,,,
4217,2004,330,YAR,GRETI,1,,,8,,,,,,,,NE,,,,,,,,,,,,,,,,,,,,,,,,,,,,,,,,,,,,,,,,,,,,
4218,2004,331,YAR,PIEFL,1,7,0,0,,,39,,,7,,ED,,,,,,,,,,,,,,,,,,,,,,,,,,,,,,,,,,,,,,,,,,,,
4219,2004,332,YAR,BLUTI,1,10,7,7,,,24,,,3,,NE,,,,,,,,,,,,,,,,,,,,,,,,,,,,,,,,,,,,,,,,,,,,
4220,2004,334,YAR,PIEFL,1,7,6,6,,27,39,,,,,NE,,,,,,,,,,,02/06/2004,P481930,P481931,P481932,P481933,P481934,P481935,,,,,,,,,,,,,,,,,,,,,,,,,,,
4221,2004,335,YAR,PIEFL,1,8,8,8,,23.5,39,,,,,NE,,,,,,,,,,,11/06/2004,T239039,T239040,T239041,T239042,T239043,T239044,T239045,T239046,,,,,,,,,,,,,,,,,,,,,,,,,
4222,2004,337,YAR,BLUTI,1,,0,0,,,,,6,,,EP,,,,,,,,,,,,,,,,,,,,,,,,,,,,,,,,,,,,,,,,,,,,
4223,2004,338,YAR,BLUTI,1,,,0,,,27,,8,,,XP,,,,,,,,,,,,,,,,,,,,,,,,,,,,,,,,,,,,,,,,,,,,
4224,2004,340,YAR,BLUTI,1,8,8,8,,,29,,,,,NE,,,,,,,,,,,,,,,,,,,,,,,,,,,,,,,,,,,,,,,,,,,,
4225,2004,342,YAR,PIEFL,1,7,7,7,,23.5,37,,,,,NE,,,,,,,,,,,02/06/2004,P481936,P481937,P481938,P481939,P481940,P481941,P481942,,,,,,,,,,,,,,,,,,,,,,,,,,
4226,2004,344,YAR,PIEFL,1,7,6,6,,23.5,39,,,,,NE,,,,,,,,,,,02/06/2004,P481943,P481944,P481945,P481946,P481947,P481948,,,,,,,,,,,,,,,,,,,,,,,,,,,
4227,2004,345,YAR,BLUTI,1,10,,9,,,27,,,,,NE,,,,,,,,,,,,,,,,,,,,,,,,,,,,,,,,,,,,,,,,,,,,
4228,2004,346,YAR,BLUTI,1,,,10,,,26,,,,,NE,,,,,,,,,,,,,,,,,,,,,,,,,,,,,,,,,,,,,,,,,,,,
4229,2004,347,YAR,PIEFL,1,8,8,8,,27,42,,,,,NE,,,,,,,,,,,11/06/2004,T239047,T239048,T239049,T239050,T239051,T239052,T239053,T239054,,,,,,,,,,,,,,,,,,,,,,,,,
4230,2004,349,YAR,PIEFL,1,6,6,5,,38,46,,,,,NE,,,,,,,,,,,11/06/2004,T239055,T239056,T239057,T239058,T239059,,,,,,,,,,,,,,,,,,,,,,,,,,,,
4231,2004,350,YAR,PIEFL,1,7,6,6,,23.5,38,,,,,NE,,,,,,,,,,,02/06/2004,P481949,P481950,P481951,P481952,P481953,P481954,,,,,,,,,,,,,,,,,,,,,,,,,,,
4232,2004,353,YAR,BLUTI,1,,,3,,,32,,,,,NE,,,,,,,,,,,,,,,,,,,,,,,,,,,,,,,,,,,,,,,,,,,,
4233,2004,354,YAR,PIEFL,1,8,8,7,,34,43,63,,,,NE,,,,,,,,,,,11/06/2004,T239060,T239061,T239062,T239063,T239064,T239065,T239066,T239067,,,,,,,,,,,,,,,,,,,,,,,,,
4234,2004,HIDE3,YAR,GRETI,1,6,,5,,,,,,,,NE,,,,,,,,,,,,,,,,,,,,,,,,,,,,,,,,,,,,,,,,,,,,
4235,2004,HIDE4,YAR,PIEFL,1,6,6,6,,8,44,,,,,NE,,,,,,P481955,02/06/2004,02/06/2004,I,1,08/06/2004,R678981,R678982,R678983,R678984,R678985,,,,,,,,,,,,,,,,,,,,,,,,,,,,
4236,2004,HIDE5,YAR,BLUTI,1,9,0,0,,,29,,,,,EP,,,,,,,,,,,,,,,,,,,,,,,,,,,,,,,,,,,,,,,,,,,,
4237,2004,HIDE6,YAR,BLUTI,2,,,0,,,,,3,,,JD,,,,,,,,,,,,,,,,,,,,,,,,,,,,,,,,,,,,,,,,,,,,
4238,2004,HIDE7,YAR,BLUTI,1,,0,0,,,,,3,,,EP,,,,,,,,,,,,,,,,,,,,,,,,,,,,,,,,,,,,,,,,,,,,
4239,2004,YARROW,YAR,PIEFL,1,,,,,,,,,,,OU,,,,,,,,,,,11/06/2004,T239068,T239069,T239070,T239071,T239072,T239073,,,,,,,,,,,,,,,,,,,,,,,,,,,
4240,2005,1,BVW,PIEFL,1,7,7,7,,23,36,,,,,NE,,,,,,,,,,,02/06/2005,R723338,R723339,R723340,R723341,R723342,R723343,R723344,,,,,,,,,,,,,,,,,,,,,,,,,,
4241,2005,2,BVW,NUTHA,1,,,3,,,,,5,,,NE,,,,,,,,,,,,,,,,,,,,,,,,,,,,,,,,,,,,,,,,,,,,
4242,2005,3,BVW,GRETI,1,4,,3,,,36,,,,,NE,,,,,,,,,,,,,,,,,,,,,,,,,,,,,,,,,,,,,,,,,,,,
4243,2005,4,BVW,BLUTI,1,,,8,,,,,,,,NE,,,,,,,,,,,,,,,,,,,,,,,,,,,,,,,,,,,,,,,,,,,,
4244,2005,5,BVW,BLUTI,1,,0,0,,,,,,,,ED,,,,,,,,,,,,,,,,,,,,,,,,,,,,,,,,,,,,,,,,,,,,
4245,2005,6,BVW,BLUTI,1,,,7,,,35,,,,,NE,,,,,,,,,,,,,,,,,,,,,,,,,,,,,,,,,,,,,,,,,,,,
4246,2005,7,BVW,PIEFL,1,6,6,6,,33.5,43,,,,,NE,,,,,,R723311,02/06/2005,02/06/2005,I,1,10/06/2005,R723493,R723494,R723495,R723496,R723497,R723498,,,,,,,,,,,,,,,,,,,,,,,,,,,
4247,2005,8,BVW,PIEFL,1,7,7,7,,26.5,35,,,,,NE,,,,,,,,,,,02/06/2005,R723312,R723313,R723314,R723315,R723316,R723317,R723318,,,,,,,,,,,,,,,,,,,,,,,,,,
4248,2005,9,BVW,PIEFL,1,,0,0,,19.5,,,3,,,EP,,,,,,,,,,,,,,,,,,,,,,,,,,,,,,,,,,,,,,,,,,,,
4249,2005,10,BVW,BLUTI,1,,,5,,,,,,,,NE,,,,,,,,,,,,,,,,,,,,,,,,,,,,,,,,,,,,,,,,,,,,
4250,2005,11,BVW,BLUTI,1,9,8,8,,,29,,,,,NE,,,,,,,,,,,,,,,,,,,,,,,,,,,,,,,,,,,,,,,,,,,,
4251,2005,12,BVW,PIEFL,1,7,6,6,,23,35,,,,,NE,,,,,,,,,,,02/06/2005,R723319,R723320,R723321,R723322,R723323,R723324,,,,,,,,,,,,,,,,,,,,,,,,,,,
4252,2005,13,BVW,PIEFL,1,,,7,,17,32,,,,,NE,,,,,,,,,,,02/06/2005,R723325,R723326,R723327,R723328,R723329,R723330,R723331,,,,,,,,,,,,,,,,,,,,,,,,,,
4253,2005,14,BVW,GRETI,1,,,,,,,,,,,NE,,,,,,,,,,,,,,,,,,,,,,,,,,,,,,,,,,,,,,,,,,,,
4254,2005,17,BVW,PIEFL,1,,,0,,23,34,,6,,,JD,,,,,,,,,,,02/06/2005,R723332,R723333,R723334,R723335,R723336,R723337,,,,,,,,,,,,,,,,,,,,,,,,,,,
4255,2005,18,BVW,BLUTI,1,9,0,0,,,26,,,,,ED,,,,,,,,,,,,,,,,,,,,,,,,,,,,,,,,,,,,,,,,,,,,
4256,2005,19,BVW,BLUTI,1,,,5,,,,,6,,,NE,,,,,,,,,,,,,,,,,,,,,,,,,,,,,,,,,,,,,,,,,,,,
4257,2005,20,BVW,GRETI,1,,0,0,,,,,5,,,ED,,,,,,,,,,,,,,,,,,,,,,,,,,,,,,,,,,,,,,,,,,,,
4258,2005,21,BVW,BLUTI,1,,0,0,,,25,,10,,,ED,,,,,,,,,,,,,,,,,,,,,,,,,,,,,,,,,,,,,,,,,,,,
4259,2005,22,BVW,PIEFL,1,6,5,5,,26.5,,,,,,NE,,,,,,R723345,02/06/2005,02/06/2005,I,1,,,,,,,,,,,,,,,,,,,,,,,,,,,,,,,,,,
4260,2005,23,BVW,BLUTI,1,,,7,,,22,,,,,NE,,,,,,,,,,,,,,,,,,,,,,,,,,,,,,,,,,,,,,,,,,,,
4261,2005,24,BVW,BLUTI,1,7,,6,,,25,,,,,NE,,,,,,,,,,,,,,,,,,,,,,,,,,,,,,,,,,,,,,,,,,,,
4262,2005,18A,BVW,BLUTI,1,,0,0,,,26,,,3,,ED,,,,,,,,,,,,,,,,,,,,,,,,,,,,,,,,,,,,,,,,,,,,
4263,2005,1,NEA,PIEFL,2,4,,3,,,66,,,,,NE,,,,,,,,,,,,,,,,,,,,,,,,,,,,,,,,,,,,,,,,,,,,
4264,2005,1,NEA,BLUTI,1,,,0,,,,,,,,XP,,,,,,,,,,,,,,,,,,,,,,,,,,,,,,,,,,,,,,,,,,,,
4265,2005,2,NEA,BLUTI,1,9,9,7,,,,,,,,NE,,,,,,,,,,,,,,,,,,,,,,,,,,,,,,,,,,,,,,,,,,,,
4266,2005,3,NEA,PIEFL,1,,,0,,,49,,6,,,JP,,,,,,R678976,06/06/2005,08/06/2004,R,1,,,,,,,,,,,,,,,,,,,,,,,,,,,,,,,,,,
4267,2005,5,NEA,NUTHA,1,,,0,,,14,,5,,,JD,,,,,,,,,,,,,,,,,,,,,,,,,,,,,,,,,,,,,,,,,,,,
4268,2005,6,NEA,GRETI,1,,,7,,,30,,,,,NE,,,,,,,,,,,,,,,,,,,,,,,,,,,,,,,,,,,,,,,,,,,,
4269,2005,7,NEA,BLUTI,1,7,7,7,,,30,,,,,NE,,,,,,,,,,,,,,,,,,,,,,,,,,,,,,,,,,,,,,,,,,,,
4270,2005,8,NEA,GRETI,1,7,,6,,,28,,,,,NE,,,,,,,,,,,,,,,,,,,,,,,,,,,,,,,,,,,,,,,,,,,,
4271,2005,9,NEA,PIEFL,1,7,7,7,,26.5,40,,,,,NE,,,,,,,,,,,06/06/2005,R723351,R723352,R723353,R723354,R723355,R723356,R723357,,,,,,,,,,,,,,,,,,,,,,,,,,
4272,2005,10,NEA,BLUTI,1,8,,7,,,28,,,,,NE,,,,,,,,,,,,,,,,,,,,,,,,,,,,,,,,,,,,,,,,,,,,
4273,2005,11,NEA,BLUTI,1,,,2,,,32,,8,,,NE,,,,,,,,,,,,,,,,,,,,,,,,,,,,,,,,,,,,,,,,,,,,
4274,2005,12,NEA,PIEFL,1,,,8,,17,,,,,,NE,,,,,,,,,,,02/06/2005,R723303,R723304,R723305,R723306,R723307,R723308,R723309,R723310,,,,,,,,,,,,,,,,,,,,,,,,,
4275,2005,13,NEA,BLUTI,1,,,8,,,28,,9,,,NE,,,,,,,,,,,,,,,,,,,,,,,,,,,,,,,,,,,,,,,,,,,,
4276,2005,14,NEA,BLUTI,1,,,7,,,33,,,,,NE,,,,,,,,,,,,,,,,,,,,,,,,,,,,,,,,,,,,,,,,,,,,
4277,2005,15,NEA,BLUTI,1,10,,3,,,32,,,,,NE,,,,,,,,,,,,,,,,,,,,,,,,,,,,,,,,,,,,,,,,,,,,
4278,2005,16,NEA,PIEFL,1,8,,7,,13.5,42,,,,,NE,,,,,,,,,,,10/06/2005,R723499,R723500,R723501,R723502,R723503,R723504,R723505,,,,,,,,,,,,,,,,,,,,,,,,,,
4279,2005,18,NEA,BLUTI,1,,,9,,,29,,10,,,NE,,,,,,,,,,,,,,,,,,,,,,,,,,,,,,,,,,,,,,,,,,,,
4280,2005,19,NEA,GRETI,1,,,5,,,,,,,,NE,,,,,,,,,,,,,,,,,,,,,,,,,,,,,,,,,,,,,,,,,,,,
4281,2005,20,NEA,BLUTI,1,,,5,,,,,6,,,NE,,,,,,,,,,,,,,,,,,,,,,,,,,,,,,,,,,,,,,,,,,,,
4282,2005,103,YAR,PIEFL,1,6,5,5,,29.5,39,,,,,NE,,,,,,,,,,,07/06/2005,R723358,R723359,R723360,R723361,R723362,,,,,,,,,,,,,,,,,,,,,,,,,,,,
4283,2005,104,YAR,BLUTI,1,12,,10,,,25,,,,,NE,,,,,,,,,,,,,,,,,,,,,,,,,,,,,,,,,,,,,,,,,,,,
4284,2005,105,YAR,PIEFL,1,7,7,6,,22.5,40,,,,,NE,,,,,,,,,,,07/06/2005,R723363,R723364,R723365,R723366,R723367,R723368,,,,,,,,,,,,,,,,,,,,,,,,,,,
4285,2005,106,YAR,BLUTI,1,,,7,,,,,,,,NE,,,,,,,,,,,,,,,,,,,,,,,,,,,,,,,,,,,,,,,,,,,,
4286,2005,107,YAR,BLUTI,1,,,6,,,30,,,,,NE,,,,,,,,,,,,,,,,,,,,,,,,,,,,,,,,,,,,,,,,,,,,
4287,2005,108,YAR,PIEFL,1,,,6,,29.5,38,,,,,NE,,,,,,,,,,,07/06/2005,R723369,R723370,R723371,R723372,R723373,R723374,,,,,,,,,,,,,,,,,,,,,,,,,,,
4288,2005,109,YAR,BLUTI,1,8,,0,,,26,,,,,JD,,,,,,,,,,,,,,,,,,,,,,,,,,,,,,,,,,,,,,,,,,,,
4289,2005,110,YAR,GRETI,1,,,4,,,,,6,,,NE,,,,,,,,,,,,,,,,,,,,,,,,,,,,,,,,,,,,,,,,,,,,
4290,2005,113,YAR,PIEFL,1,6,6,5,,37.5,47,,,,,NE,,,,,,,,,,,,,,,,,,,,,,,,,,,,,,,,,,,,,,,,,,,,
4291,2005,114,YAR,PIEFL,1,7,6,6,,,,54,,,,NE,,,,,,,,,,,01/06/2005,R723205,R723206,R723207,R723208,R723209,,,,,,,,,,,,,,,,,,,,,,,,,,,,
4292,2005,116,YAR,BLUTI,1,10,,6,,,19,,,,,NE,,,,,,,,,,,,,,,,,,,,,,,,,,,,,,,,,,,,,,,,,,,,
4293,2005,120,YAR,PIEFL,1,6,6,6,,29.5,,,,,,NE,,,,,,,,,,,01/06/2005,R723210,R723211,R723212,R723213,R723214,R723215,,,,,,,,,,,,,,,,,,,,,,,,,,,
4294,2005,122,YAR,PIEFL,1,7,7,6,,29.5,,,,,,NE,,,,,,,,,,,01/06/2005,R723216,R723217,R723218,R723219,R723220,R723221,,,,,,,,,,,,,,,,,,,,,,,,,,,
4295,2005,125,YAR,PIEFL,1,5,,3,,,45,,,,,NE,,,,,,R655665,01/06/2005,09/06/2004,I,1,,,,,,,,,,,,,,,,,,,,,,,,,,,,,,,,,,
4296,2005,126,YAR,GRETI,1,,,3,,,,,5,,,NE,,,,,,,,,,,,,,,,,,,,,,,,,,,,,,,,,,,,,,,,,,,,
4297,2005,127,YAR,BLUTI,1,,,6,,,27,,,,,NE,,,,,,,,,,,,,,,,,,,,,,,,,,,,,,,,,,,,,,,,,,,,
4298,2005,128,YAR,BLUTI,1,9,1,1,,,32,,,,,NE,,,,,,,,,,,,,,,,,,,,,,,,,,,,,,,,,,,,,,,,,,,,
4299,2005,130,YAR,BLUTI,1,9,9,9,,,32,,,,,NE,,,,,,,,,,,,,,,,,,,,,,,,,,,,,,,,,,,,,,,,,,,,
4300,2005,131,YAR,PIEFL,1,,,4,,29.5,39,,,,,NE,,,,,,,,,,,07/06/2005,R723375,R723376,R723377,R723378,,,,,,,,,,,,,,,,,,,,,,,,,,,,,
4301,2005,132,YAR,PIEFL,1,,0,0,,,,,2,,,ED,,,,,,,,,,,,,,,,,,,,,,,,,,,,,,,,,,,,,,,,,,,,
4302,2005,201,YAR,PIEFL,1,7,7,7,,26,38,,,,,ne,,,,,,,,,,,07/06/2005,R723379,R723380,R723381,R723382,R723383,R723384,R723385,,,,,,,,,,,,,,,,,,,,,,,,,,
4303,2005,203,YAR,BLUTI,1,8,,0,,,24,,,,,JD,,,,,,,,,,,,,,,,,,,,,,,,,,,,,,,,,,,,,,,,,,,,
4304,2005,205,YAR,PIEFL,1,6,6,5,,29.5,40,,,,,NE,,,,,,,,,,,07/06/2005,R723386,R723387,R723388,R723389,R723390,,,,,,,,,,,,,,,,,,,,,,,,,,,,
4305,2005,206,YAR,BLUTI,1,,0,0,,,,,2,,,ED,,,,,,,,,,,,,,,,,,,,,,,,,,,,,,,,,,,,,,,,,,,,
4306,2005,207,YAR,BLUTI,1,,0,0,,,,,9,,,EP,,,,,,,,,,,,,,,,,,,,,,,,,,,,,,,,,,,,,,,,,,,,
4307,2005,210,YAR,BLUTI,1,5,0,0,,,52,,,,,ED,,,,,,,,,,,,,,,,,,,,,,,,,,,,,,,,,,,,,,,,,,,,
4308,2005,213,YAR,PIEFL,1,6,,3,,26,51,,,,,NE,,,,,,R723222,01/06/2005,01/06/2005,I,1,,,,,,,,,,,,,,,,,,,,,,,,,,,,,,,,,,
4309,2005,216,YAR,PIEFL,1,7,7,7,,29.5,39,,,,,NE,,,,,,,,,,,07/06/2005,R723391,R723392,R723393,R723394,R723395,R723396,R723397,,,,,,,,,,,,,,,,,,,,,,,,,,
4310,2005,217,YAR,BLUTI,1,,,7,,,25,,,,,NE,,,,,,,,,,,,,,,,,,,,,,,,,,,,,,,,,,,,,,,,,,,,
4311,2005,218,YAR,PIEFL,1,5,5,5,,37.5,33,,,,,NE,,,,,,,,,,,07/06/2005,R723398,R723399,R723400,R723401,R723402,,,,,,,,,,,,,,,,,,,,,,,,,,,,
4312,2005,219,YAR,BLUTI,1,10,,8,,,20,,,,,NE,,,,,,,,,,,,,,,,,,,,,,,,,,,,,,,,,,,,,,,,,,,,
4313,2005,220,YAR,PIEFL,1,7,7,0,,26,,,,,,JD,,,,,,,,,,,,,,,,,,,,,,,,,,,,,,,,,,,,,,,,,,,,
4314,2005,223,YAR,BLUTI,1,,,7,,,32,,,,,NE,,,,,,,,,,,,,,,,,,,,,,,,,,,,,,,,,,,,,,,,,,,,
4315,2005,224,YAR,PIEFL,1,7,,5,,,43,,,,,NE,,,,,,R723403,07/06/2005,07/06/2005,I,1,,,,,,,,,,,,,,,,,,,,,,,,,,,,,,,,,,
4316,2005,227,YAR,BLUTI,1,8,0,0,,,,,,,,ED,,,,,,,,,,,,,,,,,,,,,,,,,,,,,,,,,,,,,,,,,,,,
4317,2005,228,YAR,PIEFL,1,,,6,,29.5,,,7,,,NE,,,,,,,,,,,01/06/2005,R723223,R723224,R723225,R723226,R723227,R723228,,,,,,,,,,,,,,,,,,,,,,,,,,,
4318,2005,229,YAR,BLUTI,1,,,0,,,,,5,,,JD,,,,,,,,,,,,,,,,,,,,,,,,,,,,,,,,,,,,,,,,,,,,
4319,2005,230,YAR,GRETI,1,3,,0,,,,,,,,XP,,,,,,,,,,,,,,,,,,,,,,,,,,,,,,,,,,,,,,,,,,,,
4320,2005,231,YAR,BLUTI,1,,,5,,,,,9,,,NE,,,,,,,,,,,,,,,,,,,,,,,,,,,,,,,,,,,,,,,,,,,,
4321,2005,232,YAR,BLUTI,1,11,,8,,,30,62,,,,NE,,,,,,,,,,,,,,,,,,,,,,,,,,,,,,,,,,,,,,,,,,,,
4322,2005,233,YAR,PIEFL,1,7,,5,,,41,,,,,NE,,,,,,,,,,,07/06/2005,R723404,R723405,R723406,R723407,R723408,,,,,,,,,,,,,,,,,,,,,,,,,,,,
4323,2005,234,YAR,BLUTI,1,12,,11,,,24,,,,,NE,,,,,,,,,,,,,,,,,,,,,,,,,,,,,,,,,,,,,,,,,,,,
4324,2005,235,YAR,GRETI,1,7,,6,,,31,,,,,NE,,,,,,,,,,,,,,,,,,,,,,,,,,,,,,,,,,,,,,,,,,,,
4325,2005,236,YAR,PIEFL,1,,,6,,26,,,7,,,NE,,,,,,,,,,,01/06/2005,R723229,R723230,R723231,R723232,R723233,R723234,,,,,,,,,,,,,,,,,,,,,,,,,,,
4326,2005,237,YAR,BLUTI,1,,,8,,,,,,,,NE,,,,,,,,,,,,,,,,,,,,,,,,,,,,,,,,,,,,,,,,,,,,
4327,2005,238,YAR,REDST,1,6,6,6,,,38,,,,,NE,,,,,,,,,,,01/06/2005,R723235,R723236,R723237,R723238,R723239,R723240,,,,,,,,,,,,,,,,,,,,,,,,,,,
4328,2005,239,YAR,BLUTI,1,,,7,,,33,,,,,ne,,,,,,,,,,,,,,,,,,,,,,,,,,,,,,,,,,,,,,,,,,,,
4329,2005,240,YAR,BLUTI,1,,,6,,,38,,7,,,ne,,,,,,,,,,,,,,,,,,,,,,,,,,,,,,,,,,,,,,,,,,,,
4330,2005,241,YAR,BLUTI,1,,,9,,,33,,10,,,ne,,,,,,,,,,,,,,,,,,,,,,,,,,,,,,,,,,,,,,,,,,,,
4331,2005,242,YAR,PIEFL,1,,,7,,29.5,38,,,,,ne,,,,,,,,,,,07/06/2005,R723409,R723410,R723411,R723412,R723413,R723414,R723415,,,,,,,,,,,,,,,,,,,,,,,,,,
4332,2005,244,YAR,PIEFL,1,7,3,3,,29.5,40,,,,,NE,,,,,,,,,,,07/06/2005,R723416,R723417,R723418,,,,,,,,,,,,,,,,,,,,,,,,,,,,,,
4333,2005,245,YAR,PIEFL,1,8,4,4,,26,41,62,,,,NE,,,,,,,,,,,,,,,,,,,,,,,,,,,,,,,,,,,,,,,,,,,,
4334,2005,246,YAR,PIEFL,1,,,7,,29.5,41,,,,,NE,,,,,,,,,,,07/06/2005,R723419,R723420,R723421,R723422,R723423,R723424,R723425,,,,,,,,,,,,,,,,,,,,,,,,,,
4335,2005,248,YAR,BLUTI,1,9,,7,,,33,,,,,NE,,,,,,,,,,,,,,,,,,,,,,,,,,,,,,,,,,,,,,,,,,,,
4336,2005,249,YAR,PIEFL,1,7,7,7,,33,45,,,,,NE,,,,,,R723241,01/06/2005,01/06/2005,I,1,,,,,,,,,,,,,,,,,,,,,,,,,,,,,,,,,,
4337,2005,250,YAR,GRETI,1,10,0,0,,,28,,,,,ED,,,,,,,,,,,,,,,,,,,,,,,,,,,,,,,,,,,,,,,,,,,,
4338,2005,302,YAR,BLUTI,1,,,4,,,22,,8,,,NE,,,,,,,,,,,,,,,,,,,,,,,,,,,,,,,,,,,,,,,,,,,,
4339,2005,304,YAR,PIEFL,1,6,6,6,,26,39,,,,,NE,,,,,,,,,,,07/06/2005,R723426,R723427,R723428,R723429,R723430,R723431,,,,,,,,,,,,,,,,,,,,,,,,,,,
4340,2005,306,YAR,PIEFL,1,6,6,6,,29.5,,,,,,NE,,,,,,,,,,,01/06/2005,R723242,R723243,R723244,R723245,R723246,R723247,,,,,,,,,,,,,,,,,,,,,,,,,,,
4341,2005,308,YAR,GRETI,1,,,0,,,,,3,,,EP,,,,,,,,,,,,,,,,,,,,,,,,,,,,,,,,,,,,,,,,,,,,
4342,2005,309,YAR,PIEFL,1,,,7,,29.5,39,,,,,NE,,,,,,,,,,,01/06/2005,R723248,R723249,R723250,R723251,R723252,R723432,,,,,,,,,,,,,,,,,,,,,,,,,,,
4343,2005,312,YAR,PIEFL,1,,0,0,,26,,,1,,,ED,,,,,,,,,,,,,,,,,,,,,,,,,,,,,,,,,,,,,,,,,,,,
4344,2005,313,YAR,PIEFL,1,,,6,,29.5,40,,,,,NE,,,,,,,,,,,07/06/2005,R723433,R723434,R723435,R723436,R723437,R723438,,,,,,,,,,,,,,,,,,,,,,,,,,,
4345,2005,314,YAR,BLUTI,1,9,8,8,,,24,,,,,NE,,,,,,,,,,,,,,,,,,,,,,,,,,,,,,,,,,,,,,,,,,,,
4346,2005,316,YAR,PIEFL,1,7,7,7,,29.5,38,,,,,NE,,,,,,,,,,,07/06/2005,R723439,R723440,R723441,R723442,R723443,R723444,R723445,,,,,,,,,,,,,,,,,,,,,,,,,,
4347,2005,317,YAR,PIEFL,1,7,7,5,,29.5,37,,,,,NE,,,,,,,,,,,07/06/2005,R723446,R723447,R723448,R723449,,,,,,,,,,,,,,,,,,,,,,,,,,,,,
4348,2005,318,YAR,BLUTI,1,7,7,0,,,29,,,,,JP,,,,,,,,,,,,,,,,,,,,,,,,,,,,,,,,,,,,,,,,,,,,
4349,2005,319,YAR,GRETI,1,8,,5,,,22,,,,,NE,,,,,,,,,,,,,,,,,,,,,,,,,,,,,,,,,,,,,,,,,,,,
4350,2005,320,YAR,PIEFL,1,6,6,6,,22.5,,,,,,NE,,,,,,,,,,,01/06/2005,R723253,R723254,R723255,R723256,R723257,R723258,,,,,,,,,,,,,,,,,,,,,,,,,,,
4351,2005,321,YAR,BLUTI,1,7,7,7,,,32,,,,,NE,,,,,,,,,,,,,,,,,,,,,,,,,,,,,,,,,,,,,,,,,,,,
4352,2005,322,YAR,BLUTI,1,,,8,,,30,,,,,NE,,,,,,,,,,,,,,,,,,,,,,,,,,,,,,,,,,,,,,,,,,,,
4353,2005,323,YAR,GRETI,1,8,8,0,,,22,,,,,JD,,,,,,,,,,,,,,,,,,,,,,,,,,,,,,,,,,,,,,,,,,,,
4354,2005,324,YAR,PIEFL,1,5,4,4,,,42,,,,,NE,,,,,,,,,,,07/06/2005,R723450,R723451,R723452,R723453,,,,,,,,,,,,,,,,,,,,,,,,,,,,,
4355,2005,325,YAR,PIEFL,1,,,7,,29.5,,,,,,NE,,,,,,,,,,,01/06/2005,R723259,R723260,R723261,R723262,R723263,R723264,R723265,,,,,,,,,,,,,,,,,,,,,,,,,,
4356,2005,326,YAR,BLUTI,1,,,9,,,33,,,,,NE,,,,,,,,,,,,,,,,,,,,,,,,,,,,,,,,,,,,,,,,,,,,
4357,2005,327,YAR,BLUTI,1,,,6,,,,,,,,NE,,,,,,,,,,,,,,,,,,,,,,,,,,,,,,,,,,,,,,,,,,,,
4358,2005,328,YAR,BLUTI,1,,0,0,,,26,,9,,,ED,,,,,,,,,,,,,,,,,,,,,,,,,,,,,,,,,,,,,,,,,,,,
4359,2005,329,YAR,BLUTI,1,11,,2,,,26,,,,,NE,,,,,,,,,,,,,,,,,,,,,,,,,,,,,,,,,,,,,,,,,,,,
4360,2005,330,YAR,PIEFL,1,7,5,5,,29.5,36,54,,,,NE,,,,,,,,,,,01/06/2005,R723266,R723267,R723268,R723269,R723270,,,,,,,,,,,,,,,,,,,,,,,,,,,,
4361,2005,332,YAR,BLUTI,1,,,6,,,26,,,,,NE,,,,,,,,,,,,,,,,,,,,,,,,,,,,,,,,,,,,,,,,,,,,
4362,2005,333,YAR,PIEFL,1,,,5,,22.5,40,,,,,NE,,,,,,R723271,01/06/2005,01/06/2005,I,1,07/06/2005,R723454,R723455,R723456,R723457,R723458,,,,,,,,,,,,,,,,,,,,,,,,,,,,
4363,2005,335,YAR,PIEFL,1,7,7,7,,,33,,,,,NE,,,,,,,,,,,01/06/2005,R723272,R723273,R723274,R723275,R723276,R723277,R723278,,,,,,,,,,,,,,,,,,,,,,,,,,
4364,2005,336,YAR,BLUTI,1,9,,3,,,37,,,,,NE,,,,,,,,,,,,,,,,,,,,,,,,,,,,,,,,,,,,,,,,,,,,
4365,2005,338,YAR,BLUTI,2,7,,,,,47,,,,,OU,,,,,,,,,,,,,,,,,,,,,,,,,,,,,,,,,,,,,,,,,,,,
4366,2005,339,YAR,BLUTI,1,,,6,,,26,,,,,NE,,,,,,,,,,,,,,,,,,,,,,,,,,,,,,,,,,,,,,,,,,,,
4367,2005,340,YAR,BLUTI,1,9,,0,,,28,,,,,JD,,,,,,,,,,,,,,,,,,,,,,,,,,,,,,,,,,,,,,,,,,,,
4368,2005,342,YAR,PIEFL,1,8,8,8,,,35,,,,,NE,,,,,,,,,,,01/06/2005,R723279,R723280,R723281,R723282,R723283,R723284,R723285,R723286,,,,,,,,,,,,,,,,,,,,,,,,,
4369,2005,343,YAR,PIEFL,1,6,6,6,,26,42,,,,,NE,,,,,,R723287,01/06/2005,01/06/2005,I,1,07/06/2005,R723459,R723460,R723461,R723462,R723463,R723464,,,,,,,,,,,,,,,,,,,,,,,,,,,
4370,2005,344,YAR,BLUTI,1,11,,9,,,27,,,,,NE,,,,,,,,,,,,,,,,,,,,,,,,,,,,,,,,,,,,,,,,,,,,
4371,2005,345,YAR,PIEFL,1,7,7,7,,26,36,,,,,NE,,,,,,,,,,,01/06/2005,R723288,R723289,R723290,R723291,R723292,R723293,R723294,,,,,,,,,,,,,,,,,,,,,,,,,,
4372,2005,346,YAR,BLUTI,1,,0,0,,,,,7,,,ED,,,,,,,,,,,,,,,,,,,,,,,,,,,,,,,,,,,,,,,,,,,,
4373,2005,347,YAR,PIEFL,1,6,5,5,,22.5,42,,,,,NE,,,,,,R723295,01/06/2005,01/06/2005,I,1,07/06/2005,R723465,R723466,R723467,R723468,R723469,,,,,,,,,,,,,,,,,,,,,,,,,,,,
4374,2005,348,YAR,BLUTI,1,10,,8,,,26,,,,,NE,,,,,,,,,,,,,,,,,,,,,,,,,,,,,,,,,,,,,,,,,,,,
4375,2005,350,YAR,PIEFL,1,,,6,,,36,,7,,,NE,,,,,,,,,,,01/06/2005,R723296,R723297,R723298,R723299,R723300,R723301,,,,,,,,,,,,,,,,,,,,,,,,,,,
4376,2005,351,YAR,BLUTI,1,,,9,,,29,,,,,NE,,,,,,,,,,,,,,,,,,,,,,,,,,,,,,,,,,,,,,,,,,,,
4377,2005,352,YAR,PIEFL,1,7,7,7,,29.5,39,,,,,NE,,,,,,,,,,,07/06/2005,R723470,R723471,R723472,R723473,R723474,R723475,R723476,,,,,,,,,,,,,,,,,,,,,,,,,,
4378,2005,353,YAR,BLUTI,1,,,0,,,,,7,,,JD,,,,,,,,,,,,,,,,,,,,,,,,,,,,,,,,,,,,,,,,,,,,
4379,2005,354,YAR,PIEFL,1,7,,6,,33,40,,,,,NE,,,,,,R723302,01/06/2005,01/06/2005,I,1,07/06/2005,R723477,R723478,R723479,R723480,R723481,R723482,,,,,,,,,,,,,,,,,,,,,,,,,,,
4380,2005,355,YAR,BLUTI,1,,0,0,,,,,5,,,ED,,,,,,,,,,,,,,,,,,,,,,,,,,,,,,,,,,,,,,,,,,,,
4381,2005,HIDE5,YAR,BLUTI,1,4,0,0,,,,,,,,EP,,,,,,,,,,,,,,,,,,,,,,,,,,,,,,,,,,,,,,,,,,,,
4382,2005,HIDE5,YAR,BLUTI,2,5,5,,,,,68,,,,OU,,,,,,,,,,,,,,,,,,,,,,,,,,,,,,,,,,,,,,,,,,,,
4383,2005,HIDE6,YAR,BLUTI,1,8,,0,,,30,,,,,JP,,,,,,,,,,,,,,,,,,,,,,,,,,,,,,,,,,,,,,,,,,,,
4384,2005,HIDE8,YAR,GRETI,1,,,6,,,,,,,,NE,,,,,,,,,,,,,,,,,,,,,,,,,,,,,,,,,,,,,,,,,,,,
4385,2006,2,BVW,PIEFL,1,,,6,,,,,7,1,,NE,,,,,,,,,,,01/06/2006,R723951,R723952,R723953,R723954,R723955,R723956,,,,,,,,,,,,,,,,,,,,,,,,,,,
4386,2006,3,BVW,PIEFL,1,7,7,7,,,,,,,,NE,,,,,,R723502,01/06/2006,10/06/2005,R,1,,,,,,,,,,,,,,,,,,,,,,,,,,,,,,,,,,
4387,2006,4,BVW,BLUTI,2,,,0,,,54,,,,,XU,,,,,,,,,,,,,,,,,,,,,,,,,,,,,,,,,,,,,,,,,,,,
4388,2006,5,BVW,BLUTI,1,,0,0,,,,,,,,ED,,,,,,,,,,,,,,,,,,,,,,,,,,,,,,,,,,,,,,,,,,,,
4389,2006,6,BVW,BLUTI,1,,,9,,,,,10,,,NE,,,,,,,,,,,,,,,,,,,,,,,,,,,,,,,,,,,,,,,,,,,,
4390,2006,7,BVW,BLUTI,1,11,,0,,,25,,,,,NE,,,,,,,,,,,,,,,,,,,,,,,,,,,,,,,,,,,,,,,,,,,,
4391,2006,8,BVW,PIEFL,1,7,,6,,,32,,,,,NE,,,,,,,,,,,01/06/2006,R723957,R723958,R723959,R723960,R723961,R723962,,,,,,,,,,,,,,,,,,,,,,,,,,,
4392,2006,9,BVW,PIEFL,1,7,7,7,,,37,,,,,NE,,,,,,,,,,,01/06/2006,R723963,R723964,R723965,R723966,R723967,R723968,R723969,,,,,,,,,,,,,,,,,,,,,,,,,,
4393,2006,10,BVW,GRETI,1,5,,4,,,31,,,,,NE,,,,,,,,,,,,,,,,,,,,,,,,,,,,,,,,,,,,,,,,,,,,
4394,2006,11,BVW,NUTHA,1,,0,0,,,,,7,,,ED,,,,,,,,,,,,,,,,,,,,,,,,,,,,,,,,,,,,,,,,,,,,
4395,2006,12,BVW,PIEFL,1,5,,4,,,33,,,,,NE,,,,,,,,,,,01/06/2006,R723970,R723971,R723972,R723973,,,,,,,,,,,,,,,,,,,,,,,,,,,,,
4396,2006,13,BVW,PIEFL,1,,,7,,,35,,,,,NE,,,,,,,,,,,01/06/2006,R723974,R723975,R723976,R723977,R723978,R723979,R723980,,,,,,,,,,,,,,,,,,,,,,,,,,
4397,2006,14,BVW,PIEFL,1,7,,5,,,38,57,,,,NE,,,,,,,,,,,01/06/2006,R723981,R723982,R723983,R723984,R723985,,,,,,,,,,,,,,,,,,,,,,,,,,,,
4398,2006,15,BVW,PIEFL,1,,,4,,,38,,,,,NE,,,,,,,,,,,01/06/2006,R723986,R723987,R723988,R723989,,,,,,,,,,,,,,,,,,,,,,,,,,,,,
4399,2006,17,BVW,PIEFL,1,,,6,,,,,7,,,NE,,,,,,R723261,01/06/2006,01/06/2005,R,1,,,,,,,,,,,,,,,,,,,,,,,,,,,,,,,,,,
4400,2006,18,BVW,GRETI,1,7,,0,,,27,,,,,JD,,,,,,,,,,,,,,,,,,,,,,,,,,,,,,,,,,,,,,,,,,,,
4401,2006,19,BVW,PIEFL,1,,,6,,,29,,,,,NE,,,,,,,,,,,31/05/2006,R723893,R723894,R723895,R723896,R723897,R723898,,,,,,,,,,,,,,,,,,,,,,,,,,,
4402,2006,21,BVW,PIEFL,1,6,6,6,,13.5,,57,,,,NE,,,,,,,,,,,05/06/2006,V272100,V272101,V272102,V272103,V272104,V272105,,,,,,,,,,,,,,,,,,,,,,,,,,,
4403,2006,20,BVW,BLUTI,1,,,11,,,,,,,,NE,,,,,,,,,,,,,,,,,,,,,,,,,,,,,,,,,,,,,,,,,,,,
4404,2006,23,BVW,GRETI,1,,,5,,,,,,,,NE,,,,,,,,,,,,,,,,,,,,,,,,,,,,,,,,,,,,,,,,,,,,
4405,2006,24,BVW,BLUTI,1,,,6,,,29,,8,,,NE,,,,,,,,,,,,,,,,,,,,,,,,,,,,,,,,,,,,,,,,,,,,
4406,2006,18A,BVW,BLUTI,1,,,7,,,28,,8,,,NE,,,,,,,,,,,,,,,,,,,,,,,,,,,,,,,,,,,,,,,,,,,,
4407,2006,1,NEA,BLUTI,1,,,6,,,35,,,,,NE,,,,,,,,,,,,,,,,,,,,,,,,,,,,,,,,,,,,,,,,,,,,
4408,2006,3,NEA,PIEFL,1,6,6,6,,32.5,43,,,,,NE,,,,,,R723899,31/05/2006,31/05/2006,I,1,,,,,,,,,,,,,,,,,,,,,,,,,,,,,,,,,,
4409,2006,4,NEA,BLUTI,1,7,6,6,,,,,,,,NE,,,,,,,,,,,,,,,,,,,,,,,,,,,,,,,,,,,,,,,,,,,,
4410,2006,5,NEA,BLUTI,1,,,10,,,28,,,,,NE,,,,,,,,,,,,,,,,,,,,,,,,,,,,,,,,,,,,,,,,,,,,
4411,2006,6,NEA,BLUTI,1,7,6,6,,,,,7,,,NE,,,,,,,,,,,,,,,,,,,,,,,,,,,,,,,,,,,,,,,,,,,,
4412,2006,7,NEA,BLUTI,1,,,8,,,28,,,,,NE,,,,,,,,,,,,,,,,,,,,,,,,,,,,,,,,,,,,,,,,,,,,
4413,2006,8,NEA,BLUTI,1,,,0,,,31,,8,,,JD,,,,,,,,,,,,,,,,,,,,,,,,,,,,,,,,,,,,,,,,,,,,
4414,2006,9,NEA,PIEFL,1,6,6,4,,22.5,,59,,,,NE,,,,,,,,,,,05/06/2006,V272106,V272107,V272108,V272109,V272110,,,,,,,,,,,,,,,,,,,,,,,,,,,,
4415,2006,10,NEA,BLUTI,1,8,0,0,,,,,,,,EP,,,,,,,,,,,,,,,,,,,,,,,,,,,,,,,,,,,,,,,,,,,,
4416,2006,11,NEA,PIEFL,1,7,7,0,,22.5,39,,,,,JD,,,,,,,,,,,,,,,,,,,,,,,,,,,,,,,,,,,,,,,,,,,,
4417,2006,12,NEA,PIEFL,1,7,7,7,,22.5,37,,,,,NE,,,,,,,,,,,05/06/2006,V272111,V272112,V272113,V272114,V272115,V272116,V272117,,,,,,,,,,,,,,,,,,,,,,,,,,
4418,2006,14,NEA,PIEFL,1,7,7,7,,32.5,40,,,,,NE,,,,,,,,,,,05/06/2006,V272118,V272119,V272120,V272121,V272122,V272123,V272124,,,,,,,,,,,,,,,,,,,,,,,,,,
4419,2006,15,NEA,PIEFL,1,6,5,5,,27,38,,,1,,NE,,,,,,,,,,,31/05/2006,R723900,R723901,R723902,R723903,R723904,,,,,,,,,,,,,,,,,,,,,,,,,,,,
4420,2006,16,NEA,GRETI,1,,,5,,,,,,,,NE,,,,,,,,,,,,,,,,,,,,,,,,,,,,,,,,,,,,,,,,,,,,
4421,2006,17,NEA,MARTI,1,9,,6,,,21,,,,,NE,,,,,,,,,,,,,,,,,,,,,,,,,,,,,,,,,,,,,,,,,,,,
4422,2006,18,NEA,PIEFL,1,6,6,6,,,44,,,,,NE,,,,,,,,,,,,,,,,,,,,,,,,,,,,,,,,,,,,,,,,,,,,
4423,2006,19,NEA,GRETI,1,6,5,5,,,,,,,,NE,,,,,,,,,,,,,,,,,,,,,,,,,,,,,,,,,,,,,,,,,,,,
4424,2006,20,NEA,PIEFL,1,,0,0,,13.5,,,3,,,ED,,,,,,,,,,,,,,,,,,,,,,,,,,,,,,,,,,,,,,,,,,,,
4425,2006,101,YAR,PIEFL,1,,0,0,,29.5,41,,7,,,ED,,,,,,,,,,,,,,,,,,,,,,,,,,,,,,,,,,,,,,,,,,,,
4426,2006,102,YAR,BLUTI,1,,0,0,,,31,,10,,,EP,,,,,,,,,,,,,,,,,,,,,,,,,,,,,,,,,,,,,,,,,,,,
4427,2006,103,YAR,PIEFL,1,6,5,5,,,36,54,,1,,NE,,,,,,R723777,24/05/2006,24/05/2006,I,1,31/05/2006,R723817,R723818,R723819,R723820,R723821,,,,,,,,,,,,,,,,,,,,,,,,,,,,
4428,2006,104,YAR,BLUTI,1,8,8,8,,,29,,,,,NE,,,,,,,,,,,,,,,,,,,,,,,,,,,,,,,,,,,,,,,,,,,,
4429,2006,105,YAR,BLUTI,1,,0,0,,,27,,6,,,EP,,,,,,,,,,,,,,,,,,,,,,,,,,,,,,,,,,,,,,,,,,,,
4430,2006,106,YAR,BLUTI,1,,,5,,,48,,,,,NE,,,,,,,,,,,,,,,,,,,,,,,,,,,,,,,,,,,,,,,,,,,,
4431,2006,107,YAR,PIEFL,1,7,7,0,,,38,,,,,JD,,,,,,R723778,24/05/2006,24/05/2006,I,1,,,,,,,,,,,,,,,,,,,,,,,,,,,,,,,,,,
4432,2006,109,YAR,PIEFL,1,7,7,7,,29.5,44,,,,,NE,,,,,,,,,,,,,,,,,,,,,,,,,,,,,,,,,,,,,,,,,,,,
4433,2006,111,YAR,PIEFL,1,7,,6,,36.5,44,,,,,NE,,,,,,,,,,,,,,,,,,,,,,,,,,,,,,,,,,,,,,,,,,,,
4434,2006,112,YAR,BLUTI,1,9,,0,,,29,,,,,JD,,,,,,,,,,,,,,,,,,,,,,,,,,,,,,,,,,,,,,,,,,,,
4435,2006,114,YAR,PIEFL,1,,,0,,26,35,,6,,,JP,,,,,,,,,,,,,,,,,,,,,,,,,,,,,,,,,,,,,,,,,,,,
4436,2006,116,YAR,PIEFL,1,7,7,7,,29.5,37,,,,,NE,,,,,,R723779,24/05/2006,24/05/2006,I,1,05/06/2006,R723995,R723996,R723997,R723998,R723999,R724000,V272001,,,,,,,,,,,,,,,,,,,,,,,,,,
4437,2006,117,YAR,REDST,1,8,,5,,,,61,,,,NE,,,,,,,,,,,05/06/2006,V272002,V272003,V272004,V272005,V272006,V272007,,,,,,,,,,,,,,,,,,,,,,,,,,,
4438,2006,119,YAR,PIEFL,2,5,5,4,,26,65,,,,,NE,,,,,,,,,,,,,,,,,,,,,,,,,,,,,,,,,,,,,,,,,,,,
4439,2006,121,YAR,BLUTI,2,,0,0,,,54,,5,,,ED,,,,,,,,,,,,,,,,,,,,,,,,,,,,,,,,,,,,,,,,,,,,
4440,2006,122,YAR,REDST,1,6,6,0,,,27,,,,,JP,,,,,,,,,,,24/05/2006,R723780,R723781,R723782,R723783,R723784,R723785,,,,,,,,,,,,,,,,,,,,,,,,,,,
4441,2006,123,YAR,BLUTI,1,,,0,,,24,,10,,,XP,,,,,,,,,,,,,,,,,,,,,,,,,,,,,,,,,,,,,,,,,,,,
4442,2006,125,YAR,PIEFL,1,7,7,0,,,46,,,,,JD,,,,,,R655665,24/05/2006,09/06/2004,S,2,,,,,,,,,,,,,,,,,,,,,,,,,,,,,,,,,,
4443,2006,127,YAR,PIEFL,1,7,,6,,29.5,36,,,,,ne,,,,,,,,,,,31/05/2006,R723822,R723823,R723824,R723825,R723826,,,,,,,,,,,,,,,,,,,,,,,,,,,,
4444,2006,128,YAR,BLUTI,1,8,0,0,,,22,,,,,"FD,ED",,,,,,,,,,,,,,,,,,,,,,,,,,,,,,,,,,,,,,,,,,,,
4445,2006,131,YAR,GRETI,1,8,,0,,,28,,,,,JP,,,,,,,,,,,,,,,,,,,,,,,,,,,,,,,,,,,,,,,,,,,,
4446,2006,201,YAR,PIEFL,1,5,0,0,,33,,,,,,EP,,,,,,,,,,,,,,,,,,,,,,,,,,,,,,,,,,,,,,,,,,,,
4447,2006,202,YAR,BLUTI,1,,,5,,,25,,,,,NE,,,,,,,,,,,,,,,,,,,,,,,,,,,,,,,,,,,,,,,,,,,,
4448,2006,203,YAR,PIEFL,1,,0,0,,29.5,,,3,,,EP,,,,,,,,,,,,,,,,,,,,,,,,,,,,,,,,,,,,,,,,,,,,
4449,2006,208,YAR,PIEFL,1,6,6,1,,26,38,,,,,NE,,,,,,R723786,24/05/2006,24/05/2006,I,1,05/06/2006,V272008,,,,,,,,,,,,,,,,,,,,,,,,,,,,,,,,
4450,2006,210,YAR,PIEFL,1,6,6,6,,36.5,,,,,,NE,,,,,,,,,,,05/06/2006,V272009,V272010,V272011,V272012,V272013,V272014,,,,,,,,,,,,,,,,,,,,,,,,,,,
4451,2006,211,YAR,BLUTI,1,10,10,10,,,29,,,,,NE,,,,,,,,,,,,,,,,,,,,,,,,,,,,,,,,,,,,,,,,,,,,
4452,2006,215,YAR,PIEFL,1,6,6,6,,26,,,,,,NE,,,,,,,,,,,05/06/2006,V272015,V272016,V272017,V272018,V272019,V272020,,,,,,,,,,,,,,,,,,,,,,,,,,,
4453,2006,217,YAR,BLUTI,1,,,10,,,30,,,,,NE,,,,,,,,,,,,,,,,,,,,,,,,,,,,,,,,,,,,,,,,,,,,
4454,2006,219,YAR,BLUTI,1,,,9,,,25,,,,,NE,,,,,,,,,,,,,,,,,,,,,,,,,,,,,,,,,,,,,,,,,,,,
4455,2006,220,YAR,PIEFL,1,8,,6,,26,37,,,,,NE,,,,,,R723787,24/05/2006,24/05/2006,I,1,05/06/2006,V272021,V272022,V272023,V272024,V272025,V272026,,,,,,,,,,,,,,,,,,,,,,,,,,,
4456,2006,223,YAR,BLUTI,1,,,5,,,26,,8,,,NE,,,,,,,,,,,,,,,,,,,,,,,,,,,,,,,,,,,,,,,,,,,,
4457,2006,224,YAR,BLUTI,1,,,6,,,24,,10,,,NE,,,,,,,,,,,,,,,,,,,,,,,,,,,,,,,,,,,,,,,,,,,,
4458,2006,225,YAR,PIEFL,1,7,7,7,,36.5,44,,,,,NE,,,,,,R723788,24/05/2006,24/05/2006,I,1,,,,,,,,,,,,,,,,,,,,,,,,,,,,,,,,,,
4459,2006,226,YAR,GRETI,1,,,7,,,31,,10,,,NE,,,,,,,,,,,,,,,,,,,,,,,,,,,,,,,,,,,,,,,,,,,,
4460,2006,227,YAR,BLUTI,1,,,8,,,25,,9,,,NE,,,,,,,,,,,,,,,,,,,,,,,,,,,,,,,,,,,,,,,,,,,,
4461,2006,228,YAR,PIEFL,1,7,6,6,,,36,,,,,NE,,,,,,,,,,,31/05/2006,R723827,R723828,R723829,R723830,R723831,,,,,,,,,,,,,,,,,,,,,,,,,,,,
4462,2006,230,YAR,GRETI,1,,,6,,,25,,9,,,NE,,,,,,,,,,,,,,,,,,,,,,,,,,,,,,,,,,,,,,,,,,,,
4463,2006,231,YAR,GRETI,1,7,,3,,,25,,,,,NE,,,,,,,,,,,,,,,,,,,,,,,,,,,,,,,,,,,,,,,,,,,,
4464,2006,234,YAR,PIEFL,1,5,4,4,,32,46,,,,,NE,,,,,,R723241,24/05/2006,01/06/2005,S,2,,,,,,,,,,,,,,,,,,,,,,,,,,,,,,,,,,
4465,2006,235,YAR,BLUTI,1,10,,7,,,26,,,,,NE,,,,,,,,,,,,,,,,,,,,,,,,,,,,,,,,,,,,,,,,,,,,
4466,2006,236,YAR,BLUTI,1,,0,0,,,,,2,,,ED,,,,,,,,,,,,,,,,,,,,,,,,,,,,,,,,,,,,,,,,,,,,
4467,2006,237,YAR,BLUTI,1,11,11,9,,,26,,,,,NE,,,,,,,,,,,,,,,,,,,,,,,,,,,,,,,,,,,,,,,,,,,,
4468,2006,238,YAR,BLUTI,1,8,,6,,,31,,,,,ne,,,,,,,,,,,,,,,,,,,,,,,,,,,,,,,,,,,,,,,,,,,,
4469,2006,239,YAR,BLUTI,1,10,,8,,,26,,,,,ne,,,,,,,,,,,,,,,,,,,,,,,,,,,,,,,,,,,,,,,,,,,,
4470,2006,240,YAR,PIEFL,1,7,,6,,29.5,41,,,,,NE,,,,,,R721426,24/05/2006,05/06/2004,I,2,05/06/2006,V272027,V272028,V272029,V272030,V272031,V272032,,,,,,,,,,,,,,,,,,,,,,,,,,,
4471,2006,241,YAR,BLUTI,1,,,9,,,33,,,,,ne,,,,,,,,,,,,,,,,,,,,,,,,,,,,,,,,,,,,,,,,,,,,
4472,2006,242,YAR,PIEFL,1,7,7,7,,25,39,,,,,NE,,,,,,R723028,24/05/2006,04/06/2004,R,2,05/06/2006,V272033,V272034,V272035,V272036,V272037,V272038,V272039,,,,,,,,,,,,,,,,,,,,,,,,,,
4473,2006,244,YAR,PIEFL,1,7,7,7,,26,39,,,,,NE,,,,,,,,,,,05/06/2006,V272040,V272041,V272042,V272043,V272044,V272045,V272046,,,,,,,,,,,,,,,,,,,,,,,,,,
4474,2006,246,YAR,PIEFL,1,7,7,7,,,49,,,,,NE,,,,,,,,,,,05/06/2006,V272047,V272048,V272049,V272050,V272051,V272052,V272053,,,,,,,,,,,,,,,,,,,,,,,,,,
4475,2006,247,YAR,PIEFL,1,8,8,7,,33,43,,,,,NE,,,,,,R723789,24/05/2006,24/05/2006,I,1,,,,,,,,,,,,,,,,,,,,,,,,,,,,,,,,,,
4476,2006,248,YAR,BLUTI,1,9,,0,,,29,,,,,JD,,,,,,,,,,,,,,,,,,,,,,,,,,,,,,,,,,,,,,,,,,,,
4477,2006,250,YAR,PIEFL,1,7,7,7,,25,37,,,,,NE,,,,,,,,,,,31/05/2006,R723832,R723833,R723834,R723835,R723836,R723837,R723838,,,,,,,,,,,,,,,,,,,,,,,,,,
4478,2006,301,YAR,PIEFL,1,6,6,5,,,59,,,,,NE,,,,,,R723839,31/05/2006,31/05/2006,I,1,22/06/2006,V272148,V272149,V272150,V272151,V272152,,,,,,,,,,,,,,,,,,,,,,,,,,,,
4479,2006,302,YAR,PIEFL,1,7,,0,,,33,,,,,JP,,,,,,,,,,,,,,,,,,,,,,,,,,,,,,,,,,,,,,,,,,,,
4480,2006,305,YAR,PIEFL,1,7,7,6,,,37,,,,,NE,,,,,,R723790,24/05/2006,24/05/2006,I,1,31/05/2006,R723840,R723841,R723842,R723843,R723844,R723845,R723846,,,,,,,,,,,,,,,,,,,,,,,,,,
4481,2006,306,YAR,BLUTI,1,,,0,,,,,4,,,XP,,,,,,,,,,,,,,,,,,,,,,,,,,,,,,,,,,,,,,,,,,,,
4482,2006,307,YAR,PIEFL,1,6,6,4,,26,51,,,,,NE,,,,,,,,,,,22/06/2006,V272153,V272154,V272155,V272156,,,,,,,,,,,,,,,,,,,,,,,,,,,,,
4483,2006,309,YAR,REDST,1,7,7,7,,,37,,,,,NE,,,,,,R723791,24/05/2006,24/05/2006,I,1,,,,,,,,,,,,,,,,,,,,,,,,,,,,,,,,,,
4484,2006,311,YAR,PIEFL,1,6,,0,,29.5,,,,,,JP,,,,,,R723271,31/05/2006,01/06/2005,S,2,,,,,,,,,,,,,,,,,,,,,,,,,,,,,,,,,,
4485,2006,312,YAR,BLUTI,1,,,0,,,,,5,,,JD,,,,,,,,,,,,,,,,,,,,,,,,,,,,,,,,,,,,,,,,,,,,
4486,2006,314,YAR,BLUTI,1,,,5,,,26,,,,,NE,,,,,,,,,,,,,,,,,,,,,,,,,,,,,,,,,,,,,,,,,,,,
4487,2006,315,YAR,PIEFL,1,7,4,4,,,35,54,,3,,NE,,,,,,R723792,24/05/2006,24/05/2006,I,1,31/05/2006,R723847,R723848,R723849,R723850,,,,,,,,,,,,,,,,,,,,,,,,,,,,,
4488,2006,317,YAR,PIEFL,1,7,7,7,,26,37,,,,,NE,,,,,,,,,,,31/05/2006,R723851,R723852,R723853,R723854,R723855,R723856,R723857,,,,,,,,,,,,,,,,,,,,,,,,,,
4489,2006,319,YAR,GRETI,1,,0,0,,,,,1,,,ED,,,,,,,,,,,,,,,,,,,,,,,,,,,,,,,,,,,,,,,,,,,,
4490,2006,320,YAR,PIEFL,1,8,8,8,,26,37,,,,,NE,,,,,,R723793,24/05/2006,24/05/2006,I,1,05/06/2006,R723961,R723962,R723963,R723964,R723965,R723966,R723967,R723968,,,,,,,,,,,,,,,,,,,,,,,,,
4491,2006,322,YAR,BLUTI,1,11,11,11,,,23,48,,,,NE,,,,,,,,,,,,,,,,,,,,,,,,,,,,,,,,,,,,,,,,,,,,
4492,2006,323,YAR,PIEFL,1,9,8,8,,,38,,,,,NE,,,,,,R723858,31/05/2006,31/05/2006,I,1,05/06/2006,V2720969,V2720970,V2720971,V2720972,V2720973,V2720974,V2720975,V2720976,,,,,,,,,,,,,,,,,,,,,,,,,
4493,2006,324,YAR,BLUTI,1,12,,10,,,26,,,,,NE,,,,,,,,,,,,,,,,,,,,,,,,,,,,,,,,,,,,,,,,,,,,
4494,2006,325,YAR,PIEFL,1,5,5,5,,,36,54,,,,NE,,,,,,R723794,24/05/2006,24/05/2006,I,1,31/05/2006,R723859,R723860,R723861,R723862,R723863,,,,,,,,,,,,,,,,,,,,,,,,,,,,
4495,2006,326,YAR,BLUTI,1,10,9,9,,,26,,,1,,NE,,,,,,,,,,,,,,,,,,,,,,,,,,,,,,,,,,,,,,,,,,,,
4496,2006,327,YAR,BLUTI,1,8,8,8,,,26,48,,,,NE,,,,,,,,,,,,,,,,,,,,,,,,,,,,,,,,,,,,,,,,,,,,
4497,2006,328,YAR,PIEFL,2,4,0,0,,,,,,,,ED,,,,,,,,,,,,,,,,,,,,,,,,,,,,,,,,,,,,,,,,,,,,
4498,2006,329,YAR,PIEFL,1,7,7,6,,29.5,39,,,,,NE,,,,,,R723795,24/05/2006,24/05/2006,I,1,05/06/2006,V272077,V272078,V272079,V272080,V272081,V272082,,,,,,,,,,,,,,,,,,,,,,,,,,,
4499,2006,330,YAR,PIEFL,1,7,7,7,,,34,,,,,NE,,,,,,R655653,24/05/2006,09/06/2004,I,2,31/05/2006,R723864,R723865,R723866,R723867,R723868,R723869,R723870,,,,,,,,,,,,,,,,,,,,,,,,,,
4500,2006,331,YAR,GRETI,1,,,3,,,26,,7,,,NE,,,,,,,,,,,,,,,,,,,,,,,,,,,,,,,,,,,,,,,,,,,,
4501,2006,332,YAR,PIEFL,1,7,7,7,,25,38,,,,,NE,,,,,,,,,,,31/05/2006,R723871,R723872,R723873,R723874,R723875,R723876,R723877,,,,,,,,,,,,,,,,,,,,,,,,,,
4502,2006,333,YAR,BLUTI,1,9,9,9,,,23,,,,,NE,,,,,,,,,,,,,,,,,,,,,,,,,,,,,,,,,,,,,,,,,,,,
4503,2006,334,YAR,PIEFL,1,5,5,5,,36.5,,,,,,NE,,,,,,R723878,31/05/2006,31/05/2006,I,1,,,,,,,,,,,,,,,,,,,,,,,,,,,,,,,,,,
4504,2006,335,YAR,PIEFL,1,7,,5,,22.5,35,,,,,NE,,,,,,,,,,,31/05/2006,R723879,R723880,R723881,R723882,R723883,,,,,,,,,,,,,,,,,,,,,,,,,,,,
4505,2006,336,YAR,BLUTI,1,,,10,,,18,,,,,NE,,,,,,,,,,,,,,,,,,,,,,,,,,,,,,,,,,,,,,,,,,,,
4506,2006,338,YAR,BLUTI,1,,,0,,,30,,,,,JD,,,,,,,,,,,,,,,,,,,,,,,,,,,,,,,,,,,,,,,,,,,,
4507,2006,339,YAR,BLUTI,1,,,8,,,28,,,,,NE,,,,,,,,,,,,,,,,,,,,,,,,,,,,,,,,,,,,,,,,,,,,
4508,2006,342,YAR,PIEFL,1,7,7,7,,25,,,,,,NE,,,,,,R723796,24/05/2006,24/05/2006,I,1,05/06/2006,V272083,V272084,V272085,V272086,V272087,V272088,V272089,,,,,,,,,,,,,,,,,,,,,,,,,,
4509,2006,343,YAR,BLUTI,1,12,12,9,,,29,,,,,NE,,,,,,,,,,,,,,,,,,,,,,,,,,,,,,,,,,,,,,,,,,,,
4510,2006,345,YAR,PIEFL,1,7,7,7,,22.5,38,,,,,NE,,,,,,,,,,,05/06/2006,R723990,R723991,R723992,R723993,R723994,R723995,R723996,,,,,,,,,,,,,,,,,,,,,,,,,,
4511,2006,346,YAR,BLUTI,1,10,,7,,,27,,,,,NE,,,,,,,,,,,,,,,,,,,,,,,,,,,,,,,,,,,,,,,,,,,,
4512,2006,347,YAR,BLUTI,1,8,,5,,,24,,,,,NE,,,,,,,,,,,,,,,,,,,,,,,,,,,,,,,,,,,,,,,,,,,,
4513,2006,348,YAR,BLUTI,1,8,,4,,,28,,,,,NE,,,,,,,,,,,,,,,,,,,,,,,,,,,,,,,,,,,,,,,,,,,,
4514,2006,349,YAR,PIEFL,1,7,,0,,36.5,,,,,,JP,,,,,,R723797,24/05/2006,24/05/2006,I,1,,,,,,,,,,,,,,,,,,,,,,,,,,,,,,,,,,
4515,2006,350,YAR,PIEFL,1,7,7,7,,,33,,,,,NE,,,,,,,,,,,31/05/2006,R723884,R723885,R723886,R723887,R723888,R723889,R723890,,,,,,,,,,,,,,,,,,,,,,,,,,
4516,2006,351,YAR,PIEFL,1,5,5,4,,25,58,,,,,NE,,,,,,R723891,31/05/2006,31/05/2006,I,1,22/06/2006,V272157,V272158,V272159,V272160,,,,,,,,,,,,,,,,,,,,,,,,,,,,,
4517,2006,353,YAR,BLUTI,1,7,7,6,,,26,,,,,NE,,,,,,,,,,,,,,,,,,,,,,,,,,,,,,,,,,,,,,,,,,,,
4518,2006,355,YAR,PIEFL,1,6,0,0,,29.5,40,,,,,EP,,,,,,,,,,,,,,,,,,,,,,,,,,,,,,,,,,,,,,,,,,,,
4519,2006,HIDE5,YAR,BLUTI,1,8,,3,,,29,,,,,NE,,,,,,,,,,,,,,,,,,,,,,,,,,,,,,,,,,,,,,,,,,,,
4520,2006,HIDE6,YAR,BLUTI,1,6,6,6,,,36,54,,,,NE,,,,,,,,,,,,,,,,,,,,,,,,,,,,,,,,,,,,,,,,,,,,
4521,2006,HIDE7,YAR,PIEFL,1,5,3,3,,29.5,39,,,2,,NE,,,,,,R723892,31/05/2006,31/05/2006,I,1,05/06/2006,V272097,V272098,V272099,,,,,,,,,,,,,,,,,,,,,,,,,,,,,,
4522,2007,1,BVW,PIEFL,1,8,,0,,,26,,,,,JD,,,,,,,,,,,,,,,,,,,,,,,,,,,,,,,,,,,,,,,,,,,,
4523,2007,2,BVW,BLUTI,1,,,0,,,,,,,,FD,,,,,,,,,,,,,,,,,,,,,,,,,,,,,,,,,,,,,,,,,,,,
4524,2007,2,BVW,PIEFL,1,,0,0,,,,,4,,,ED,,,,,,V241483,26/05/2007,26/05/2007,I,1,,,,,,,,,,,,,,,,,,,,,,,,,,,,,,,,,,
4525,2007,3,BVW,PIEFL,1,7,6,0,,,36,,,1,,JD,,,,,,,,,,,,,,,,,,,,,,,,,,,,,,,,,,,,,,,,,,,,
4526,2007,4,BVW,BLUTI,1,,,7,,,22,,,,,NE,,,,,,,,,,,,,,,,,,,,,,,,,,,,,,,,,,,,,,,,,,,,
4527,2007,5,BVW,GRETI,1,,,0,,,,,,,,OU,,,,,,,,,,,,,,,,,,,,,,,,,,,,,,,,,,,,,,,,,,,,
4528,2007,6,BVW,BLUTI,1,9,9,9,,,,,,,,NE,,,,,,,,,,,,,,,,,,,,,,,,,,,,,,,,,,,,,,,,,,,,
4529,2007,6,BVW,PIEFL,2,4,,3,,,,,,,,NE,,,,,,R723461,09/06/2007,07/06/2005,R,2,,,,,,,,,,,,,,,,,,,,,,,,,,,,,,,,,,
4530,2007,7,BVW,BLUTI,1,,,11,,,,,,,,NE,,,,,,,,,,,,,,,,,,,,,,,,,,,,,,,,,,,,,,,,,,,,
4531,2007,8,BVW,PIEFL,1,7,,4,,27,41,,,,,NE,,,,,,V715526,02/06/2007,02/06/2007,I,1,09/06/2007,V715598,V715599,V715600,V715601,,,,,,,,,,,,,,,,,,,,,,,,,,,,,
4532,2007,9,BVW,BLUTI,1,,,7,,,,,,,,NE,,,,,,,,,,,,,,,,,,,,,,,,,,,,,,,,,,,,,,,,,,,,
4533,2007,10,BVW,PIEFL,1,,,2,,27,35,,,,,NE,R723887,09/06/2007,31/05/2006,R,1,,,,,,02/06/2007,V715527,,,,,,,,,,,,,,,,,,,,,,,,,,,,,,,,
4534,2007,11,BVW,GRETI,1,,0,0,,,42,,5,,,ED,,,,,,,,,,,,,,,,,,,,,,,,,,,,,,,,,,,,,,,,,,,,
4535,2007,12,BVW,PIEFL,1,,,0,,23.5,35,,,,,JD,,,,,,,,,,,02/06/2007,V717528,V717529,,,,,,,,,,,,,,,,,,,,,,,,,,,,,,,
4536,2007,13,BVW,GRETI,1,,,4,,,27,,,,,NE,,,,,,,,,,,,,,,,,,,,,,,,,,,,,,,,,,,,,,,,,,,,
4537,2007,14,BVW,PIEFL,1,,,0,,,,,5,,,JD,,,,,,,,,,,,,,,,,,,,,,,,,,,,,,,,,,,,,,,,,,,,
4538,2007,15,BVW,BLUTI,1,,,8,,,21,,,,,NE,,,,,,,,,,,,,,,,,,,,,,,,,,,,,,,,,,,,,,,,,,,,
4539,2007,16,BVW,PIEFL,1,,,3,,27,35,,,,,NE,,,,,,,,,,,02/06/2007,V715530,V715531,V715532,V715533,,,,,,,,,,,,,,,,,,,,,,,,,,,,,
4540,2007,17,BVW,PIEFL,1,8,0,0,,27,36,,,,,EP,,,,,,V241484,26/05/2007,26/05/2007,I,1,,,,,,,,,,,,,,,,,,,,,,,,,,,,,,,,,,
4541,2007,18,BVW,GRETI,1,,,6,,,32,,,,,NE,,,,,,,,,,,,,,,,,,,,,,,,,,,,,,,,,,,,,,,,,,,,
4542,2007,19,BVW,PIEFL,1,,,4,,,25,,,,,NE,,,,,,,,,,,23/05/2007,V241470,V241471,V241472,V241473,,,,,,,,,,,,,,,,,,,,,,,,,,,,,
4543,2007,20,BVW,BLUTI,1,,,4,,,22,,,,,NE,,,,,,,,,,,,,,,,,,,,,,,,,,,,,,,,,,,,,,,,,,,,
4544,2007,21,BVW,BLUTI,1,9,,5,,,,,,,,NE,,,,,,,,,,,,,,,,,,,,,,,,,,,,,,,,,,,,,,,,,,,,
4545,2007,22,BVW,PIEFL,1,7,6,5,,,35,,,,,NE,,,,,,,,,,,31/05/2007,V715517,V715518,V715519,V715520,V715521,,,,,,,,,,,,,,,,,,,,,,,,,,,,
4546,2007,22,BVW,BLUTI,1,,0,0,,,,,2,,,EU,,,,,,,,,,,,,,,,,,,,,,,,,,,,,,,,,,,,,,,,,,,,
4547,2007,23,BVW,GRETI,1,,4,0,,,,,,,,JD,,,,,,,,,,,,,,,,,,,,,,,,,,,,,,,,,,,,,,,,,,,,
4548,2007,24,BVW,BLUTI,1,,,4,,,,,,1,,NE,,,,,,,,,,,,,,,,,,,,,,,,,,,,,,,,,,,,,,,,,,,,
4549,2007,18A,BVW,BLUTI,1,,,9,,,,,10,,,NE,,,,,,,,,,,,,,,,,,,,,,,,,,,,,,,,,,,,,,,,,,,,
4550,2007,1,NEA,BLUTI,1,,,7,,,,,,,,NE,,,,,,,,,,,,,,,,,,,,,,,,,,,,,,,,,,,,,,,,,,,,
4551,2007,2,NEA,BLUTI,1,,,4,,,,,,,,NE,,,,,,,,,,,,,,,,,,,,,,,,,,,,,,,,,,,,,,,,,,,,
4552,2007,3,NEA,BLUTI,1,7,7,7,,,,,,,,NE,,,,,,,,,,,,,,,,,,,,,,,,,,,,,,,,,,,,,,,,,,,,
4553,2007,4,NEA,NUTHA,1,7,,2,,,32,,,,,NE,,,,,,,,,,,,,,,,,,,,,,,,,,,,,,,,,,,,,,,,,,,,
4554,2007,5,NEA,PIEFL,1,7,7,4,,,,,,,,NE,,,,,,,,,,,26/05/2007,V241485,V241486,V241487,V241488,V241489,V241490,,,,,,,,,,,,,,,,,,,,,,,,,,,
4555,2007,6,NEA,PIEFL,1,7,,0,,,32,,,,,JD,,,,,,,,,,,,,,,,,,,,,,,,,,,,,,,,,,,,,,,,,,,,
4556,2007,7,NEA,BLUTI,1,,,0,,,,,9,,,JD,,,,,,,,,,,,,,,,,,,,,,,,,,,,,,,,,,,,,,,,,,,,
4557,2007,8,NEA,GRETI,1,,,0,,,,,4,,,JP,,,,,,,,,,,,,,,,,,,,,,,,,,,,,,,,,,,,,,,,,,,,
4558,2007,10,NEA,PIEFL,1,,,0,,,35,,7,,,JD,,,,,,V241491,26/05/2007,26/05/2007,I,1,,,,,,,,,,,,,,,,,,,,,,,,,,,,,,,,,,
4559,2007,11,NEA,BLUTI,1,,,7,,,22,,,,,NE,,,,,,,,,,,,,,,,,,,,,,,,,,,,,,,,,,,,,,,,,,,,
4560,2007,12,NEA,GRETI,1,,,4,,,26,,,,,NE,,,,,,,,,,,,,,,,,,,,,,,,,,,,,,,,,,,,,,,,,,,,
4561,2007,13,NEA,PIEFL,1,7,,4,,,32,,,,,NE,V715562,05/06/2007,05/06/2007,I,1,V715561,05/06/2007,05/06/2007,I,1,02/06/2007,V715547,V715548,V715549,V715550,,,,,,,,,,,,,,,,,,,,,,,,,,,,,
4562,2007,14,NEA,BLUTI,1,,,3,,,,,,,,NE,,,,,,,,,,,,,,,,,,,,,,,,,,,,,,,,,,,,,,,,,,,,
4563,2007,15,NEA,BLUTI,1,,,0,,,,,,,,JD,,,,,,,,,,,,,,,,,,,,,,,,,,,,,,,,,,,,,,,,,,,,
4564,2007,16,NEA,PIEFL,1,8,,4,,,33,,,,,NE,V715567,06/06/2007,06/06/2007,I,1,,,,,,05/06/2007,V715556,V715557,V715558,,,,,,,,,,,,,,,,,,,,,,,,,,,,,,
4565,2007,17,NEA,BLUTI,1,,,10,,,,,,,,NE,,,,,,,,,,,,,,,,,,,,,,,,,,,,,,,,,,,,,,,,,,,,
4566,2007,18,NEA,PIEFL,1,6,6,6,,,32,,,,,NE,V272078,05/06/2007,05/06/2006,R,1,,,,,,02/06/2007,V715534,V715535,V715536,V715537,V715538,V715539,,,,,,,,,,,,,,,,,,,,,,,,,,,
4567,2007,19,NEA,GRETI,1,6,6,4,,,27,,,,,NE,,,,,,,,,,,,,,,,,,,,,,,,,,,,,,,,,,,,,,,,,,,,
4568,2007,20,NEA,PIEFL,1,7,7,7,,,36,,,,,NE,V715559,05/06/2007,05/06/2007,I,1,V715560,05/06/2007,05/06/2007,I,1,05/06/2007,V715540,V715541,V715542,V715543,V715544,V715545,V715546,,,,,,,,,,,,,,,,,,,,,,,,,,
4569,2007,101,YAR,BLUTI,1,,,0,,,26,,,,,JD,,,,,,,,,,,,,,,,,,,,,,,,,,,,,,,,,,,,,,,,,,,,
4570,2007,102,YAR,PIEFL,1,7,7,6,,,,,,,,NE,,,,,,R723276,11/05/2007,01/06/2005,R,2,23/05/2007,V241450,V241451,V241452,V241453,V241454,V241455,,,,,,,,,,,,,,,,,,,,,,,,,,,
4571,2007,105,YAR,GRETI,1,7,7,2,,,,,,,,NE,,,,,,,,,,,,,,,,,,,,,,,,,,,,,,,,,,,,,,,,,,,,
4572,2007,106,YAR,BLUTI,1,,0,0,,,,,4,,,EP,,,,,,,,,,,,,,,,,,,,,,,,,,,,,,,,,,,,,,,,,,,,
4573,2007,107,YAR,BLUTI,1,,,0,,,,,6,,,JD,,,,,,,,,,,,,,,,,,,,,,,,,,,,,,,,,,,,,,,,,,,,
4574,2007,110,YAR,BLUTI,1,10,,0,,,24,,,,,JD,,,,,,,,,,,,,,,,,,,,,,,,,,,,,,,,,,,,,,,,,,,,
4575,2007,111,YAR,PIEFL,1,,,0,,,,,7,,,JD,,,,,,,,,,,,,,,,,,,,,,,,,,,,,,,,,,,,,,,,,,,,
4576,2007,112,YAR,BLUTI,1,,,3,,,,,7,,,JD,,,,,,,,,,,,,,,,,,,,,,,,,,,,,,,,,,,,,,,,,,,,
4577,2007,114,YAR,PIEFL,1,7,,0,,,36,,,,,JD,,,,,,,,,,,,,,,,,,,,,,,,,,,,,,,,,,,,,,,,,,,,
4578,2007,116,YAR,PIEFL,1,4,2,0,,,,,,,,JD,,,,,,,,,,,,,,,,,,,,,,,,,,,,,,,,,,,,,,,,,,,,
4579,2007,116,YAR,BLUTI,1,,0,0,,,,,4,,,ED,,,,,,,,,,,,,,,,,,,,,,,,,,,,,,,,,,,,,,,,,,,,
4580,2007,117,YAR,BLUTI,1,,,2,,,,,8,,,NE,,,,,,,,,,,,,,,,,,,,,,,,,,,,,,,,,,,,,,,,,,,,
4581,2007,118,YAR,GRETI,1,,,7,,,,,,,,NE,,,,,,,,,,,,,,,,,,,,,,,,,,,,,,,,,,,,,,,,,,,,
4582,2007,119,YAR,PIEFL,1,7,0,0,,,32,,,,,ED,,,,,,,,,,,,,,,,,,,,,,,,,,,,,,,,,,,,,,,,,,,,
4583,2007,120,YAR,PIEFL,1,6,0,0,,26,37,,,,,ED,,,,,,,,,,,,,,,,,,,,,,,,,,,,,,,,,,,,,,,,,,,,
4584,2007,122,YAR,PIEFL,1,7,0,0,,22.5,36,,,,,ED,,,,,,,,,,,,,,,,,,,,,,,,,,,,,,,,,,,,,,,,,,,,
4585,2007,124,YAR,PIEFL,1,2,1,1,,16,,,,,,NE,,,,,,,,,,,14/06/2007,V715603,,,,,,,,,,,,,,,,,,,,,,,,,,,,,,,,
4586,2007,125,YAR,BLUTI,1,,,0,,,33,,,,,JD,,,,,,,,,,,,,,,,,,,,,,,,,,,,,,,,,,,,,,,,,,,,
4587,2007,127,YAR,PIEFL,1,8,,0,,22.5,32,,,,,JD,,,,,,,,,,,,,,,,,,,,,,,,,,,,,,,,,,,,,,,,,,,,
4588,2007,129,YAR,BLUTI,1,8,7,0,,,26,,,,,JD,,,,,,,,,,,,,,,,,,,,,,,,,,,,,,,,,,,,,,,,,,,,
4589,2007,130,YAR,BLUTI,1,9,9,8,,,19,41,,,,ne,,,,,,,,,,,,,,,,,,,,,,,,,,,,,,,,,,,,,,,,,,,,
4590,2007,132,YAR,BLUTI,1,7,,0,,,26,,,,,JD,,,,,,,,,,,,,,,,,,,,,,,,,,,,,,,,,,,,,,,,,,,,
4591,2007,201,YAR,BLUTI,1,10,,8,,,,,,,,ne,,,,,,,,,,,,,,,,,,,,,,,,,,,,,,,,,,,,,,,,,,,,
4592,2007,202,YAR,PIEFL,2,4,3,3,,50.5,,,,,,NE,,,,,,,,,,,24/06/2007,V715612,V715613,V715614,,,,,,,,,,,,,,,,,,,,,,,,,,,,,,
4593,2007,203,YAR,PIEFL,1,7,,2,,29.5,,,,,,NE,,,,,,T857571,31/05/2007,02/06/2006,I,1,07/06/2007,V715568,V715569,,,,,,,,,,,,,,,,,,,,,,,,,,,,,,,
4594,2007,204,YAR,BLUTI,1,,,1,,,,,7,,,NE,,,,,,,,,,,,,,,,,,,,,,,,,,,,,,,,,,,,,,,,,,,,
4595,2007,206,YAR,PIEFL,1,7,,0,,29.5,,,,,,JD,,,,,,,,,,,,,,,,,,,,,,,,,,,,,,,,,,,,,,,,,,,,
4596,2007,207,YAR,BLUTI,1,,,1,,,,,10,,,NE,,,,,,,,,,,,,,,,,,,,,,,,,,,,,,,,,,,,,,,,,,,,
4597,2007,211,YAR,PIEFL,1,7,,0,,22.5,31,,,,,JD,,,,,,V241435,11/05/2007,11/05/2007,I,1,,,,,,,,,,,,,,,,,,,,,,,,,,,,,,,,,,
4598,2007,213,YAR,BLUTI,1,,,8,,,,,10,,,NE,,,,,,,,,,,,,,,,,,,,,,,,,,,,,,,,,,,,,,,,,,,,
4599,2007,214,YAR,REDST,1,,,5,,,,,6,,,NE,,,,,,,,,,,31/05/2007,V241493,V241494,V241495,V241496,V241497,,,,,,,,,,,,,,,,,,,,,,,,,,,,
4600,2007,215,YAR,PIEFL,1,6,,0,,29.5,,,,,,JD,,,,,,,,,,,,,,,,,,,,,,,,,,,,,,,,,,,,,,,,,,,,
4601,2007,216,YAR,BLUTI,1,,,7,,,,,,,,NE,,,,,,,,,,,,,,,,,,,,,,,,,,,,,,,,,,,,,,,,,,,,
4602,2007,217,YAR,PIEFL,1,7,,0,,22.5,31,,,,,JD,,,,,,R678970,11/05/2007,08/06/2004,R,3,,,,,,,,,,,,,,,,,,,,,,,,,,,,,,,,,,
4603,2007,218,YAR,GRETI,1,,,3,,,,,,,,NE,,,,,,,,,,,,,,,,,,,,,,,,,,,,,,,,,,,,,,,,,,,,
4604,2007,219,YAR,BLUTI,1,,,7,,,,,8,,,NE,,,,,,,,,,,,,,,,,,,,,,,,,,,,,,,,,,,,,,,,,,,,
4605,2007,220,YAR,PIEFL,1,7,7,0,,,31,,,,,JD,,,,,,P048223,11/05/2007,18/05/2005,I,3,,,,,,,,,,,,,,,,,,,,,,,,,,,,,,,,,,
4606,2007,221,YAR,BLUTI,1,7,,0,,,22,,,,,JD,,,,,,,,,,,,,,,,,,,,,,,,,,,,,,,,,,,,,,,,,,,,
4607,2007,222,YAR,BLUTI,1,8,,0,,,33,,,,,JD,,,,,,,,,,,,,,,,,,,,,,,,,,,,,,,,,,,,,,,,,,,,
4608,2007,223,YAR,BLUTI,1,,0,0,,,21,,7,,,EU,,,,,,,,,,,,,,,,,,,,,,,,,,,,,,,,,,,,,,,,,,,,
4609,2007,223,YAR,PIEFL,1,6,,5,,,39,,,,,NE,,,,,,V241498,31/05/2007,31/05/2007,I,1,07/06/2007,V715570,V715571,V715572,V715573,V715574,,,,,,,,,,,,,,,,,,,,,,,,,,,,
4610,2007,224,YAR,PIEFL,1,,0,0,,26,,,4,,,ED,,,,,,,,,,,,,,,,,,,,,,,,,,,,,,,,,,,,,,,,,,,,
4611,2007,225,YAR,GRETI,1,6,6,0,,,,,,,,JD,,,,,,,,,,,,,,,,,,,,,,,,,,,,,,,,,,,,,,,,,,,,
4612,2007,226,YAR,PIEFL,1,7,,0,,,,,,,,JD,,,,,,V241436,11/05/2007,11/05/2007,I,1,,,,,,,,,,,,,,,,,,,,,,,,,,,,,,,,,,
4613,2007,227,YAR,PIEFL,1,6,6,0,,,47,,,,,JD,,,,,,R723241,31/05/2007,01/06/2005,S,3,14/06/2007,V715604,V715605,V715606,V715607,V715608,V715609,,,,,,,,,,,,,,,,,,,,,,,,,,,
4614,2007,228,YAR,PIEFL,1,8,,0,,25,33,,,,,JD,,,,,,,,,,,,,,,,,,,,,,,,,,,,,,,,,,,,,,,,,,,,
4615,2007,229,YAR,BLUTI,1,,,5,,,,,7,,,NE,,,,,,,,,,,,,,,,,,,,,,,,,,,,,,,,,,,,,,,,,,,,
4616,2007,230,YAR,GRETI,1,,,0,,,,,7,,,JD,,,,,,,,,,,,,,,,,,,,,,,,,,,,,,,,,,,,,,,,,,,,
4617,2007,230,YAR,PIEFL,2,4,0,0,,,,,,,,ED,,,,,,V715575,07/06/2007,07/06/2007,I,1,,,,,,,,,,,,,,,,,,,,,,,,,,,,,,,,,,
4618,2007,231,YAR,BLUTI,1,,0,0,,,,,6,,,ED,,,,,,,,,,,,,,,,,,,,,,,,,,,,,,,,,,,,,,,,,,,,
4619,2007,232,YAR,BLUTI,1,,0,0,,,,,7,,,ED,,,,,,,,,,,,,,,,,,,,,,,,,,,,,,,,,,,,,,,,,,,,
4620,2007,233,YAR,PIEFL,1,6,6,0,,25,32,,,,,JD,,,,,,V241437,11/05/2007,11/05/2007,I,1,,,,,,,,,,,,,,,,,,,,,,,,,,,,,,,,,,
4621,2007,234,YAR,BLUTI,1,,0,0,,,,,7,,,ED,,,,,,,,,,,,,,,,,,,,,,,,,,,,,,,,,,,,,,,,,,,,
4622,2007,235,YAR,PIEFL,1,8,8,8,,,26,,,,,NE,,,,,,P481902,11/05/2007,02/06/2004,R,3,23/05/2007,V241456,V241457,V241458,V241459,V241460,V241461,V241462,V241463,,,,,,,,,,,,,,,,,,,,,,,,,
4623,2007,236,YAR,GRETI,1,5,5,5,,,,,,,,NE,,,,,,,,,,,,,,,,,,,,,,,,,,,,,,,,,,,,,,,,,,,,
4624,2007,237,YAR,BLUTI,1,7,,6,,,,,,,,NE,,,,,,,,,,,,,,,,,,,,,,,,,,,,,,,,,,,,,,,,,,,,
4625,2007,238,YAR,BLUTI,1,,,2,,,,,7,,,NE,,,,,,,,,,,,,,,,,,,,,,,,,,,,,,,,,,,,,,,,,,,,
4626,2007,239,YAR,BLUTI,1,7,,0,,,,,,,,JD,,,,,,,,,,,,,,,,,,,,,,,,,,,,,,,,,,,,,,,,,,,,
4627,2007,240,YAR,BLUTI,1,10,,2,,,,,,,,NE,,,,,,,,,,,,,,,,,,,,,,,,,,,,,,,,,,,,,,,,,,,,
4628,2007,241,YAR,REDST,1,7,,6,,,25,,,,,NE,,,,,,,,,,,23/05/2007,V241464,V241465,V241466,V241467,V241468,V241469,,,,,,,,,,,,,,,,,,,,,,,,,,,
4629,2007,242,YAR,PIEFL,1,7,7,5,,,31,,,,,NE,,,,,,R723028,14/06/2007,04/06/2004,S,3,31/05/2007,V241499,V241500,V715501,V715502,V715503,,,,,,,,,,,,,,,,,,,,,,,,,,,,
4630,2007,243,YAR,GRETI,1,,0,0,,,,,2,,,ED,,,,,,,,,,,,,,,,,,,,,,,,,,,,,,,,,,,,,,,,,,,,
4631,2007,244,YAR,PIEFL,1,7,,0,,22.5,33,,,,,XD,,,,,,,,,,,,,,,,,,,,,,,,,,,,,,,,,,,,,,,,,,,,
4632,2007,245,YAR,BLUTI,1,,,6,,,,,,,,NE,,,,,,,,,,,,,,,,,,,,,,,,,,,,,,,,,,,,,,,,,,,,
4633,2007,246,YAR,PIEFL,1,7,7,0,,25,31,,,,,JD,,,,,,,,,,,,,,,,,,,,,,,,,,,,,,,,,,,,,,,,,,,,
4634,2007,248,YAR,GRETI,1,,,4,,,,,7,,,NE,,,,,,,,,,,,,,,,,,,,,,,,,,,,,,,,,,,,,,,,,,,,
4635,2007,249,YAR,PIEFL,1,7,,0,,29.5,,,,,,JD,,,,,,,,,,,,,,,,,,,,,,,,,,,,,,,,,,,,,,,,,,,,
4636,2007,250,YAR,BLUTI,1,8,,0,,,21,,,,,JD,,,,,,,,,,,,,,,,,,,,,,,,,,,,,,,,,,,,,,,,,,,,
4637,2007,301,YAR,BLUTI,1,6,,3,,,,,,,,NE,,,,,,,,,,,,,,,,,,,,,,,,,,,,,,,,,,,,,,,,,,,,
4638,2007,302,YAR,PIEFL,1,7,,0,,29.5,,,,,,JD,,,,,,R723858,11/05/2007,31/05/2006,S,2,07/06/2007,V715576,V715577,V715578,,,,,,,,,,,,,,,,,,,,,,,,,,,,,,
4639,2007,303,YAR,PIEFL,1,8,8,0,,26,32,,,,,JD,,,,,,R723786,11/05/2007,24/05/2006,S,2,,,,,,,,,,,,,,,,,,,,,,,,,,,,,,,,,,
4640,2007,305,YAR,BLUTI,1,10,10,10,,,,,,,,NE,,,,,,,,,,,,,,,,,,,,,,,,,,,,,,,,,,,,,,,,,,,,
4641,2007,306,YAR,PIEFL,1,,0,0,,33,41,,2,,,ED,,,,,,,,,,,,,,,,,,,,,,,,,,,,,,,,,,,,,,,,,,,,
4642,2007,307,YAR,PIEFL,2,6,,0,,29.5,60,,,,,JD,,,,,,R723790,07/06/2007,24/05/2006,S,2,,,,,,,,,,,,,,,,,,,,,,,,,,,,,,,,,,
4643,2007,309,YAR,PIEFL,1,7,,0,,22.5,32,,,,,JD,,,,,,,,,,,,,,,,,,,,,,,,,,,,,,,,,,,,,,,,,,,,
4644,2007,311,YAR,PIEFL,1,9,,3,,26,33,,,,,NE,,,,,,,,,,,07/06/2007,V715576,V715577,V715578,,,,,,,,,,,,,,,,,,,,,,,,,,,,,,
4645,2007,312,YAR,BLUTI,1,,0,0,,,,,8,,,ED,,,,,,,,,,,,,,,,,,,,,,,,,,,,,,,,,,,,,,,,,,,,
4646,2007,313,YAR,PIEFL,2,4,0,0,,,66,,,,,ED,,,,,,R723818,22/06/2007,31/05/2006,R,1,,,,,,,,,,,,,,,,,,,,,,,,,,,,,,,,,,
4647,2007,314,YAR,BLUTI,1,14,2,0,,,26,,,,,JD,,,,,,,,,,,,,,,,,,,,,,,,,,,,,,,,,,,,,,,,,,,,
4648,2007,315,YAR,PIEFL,1,7,,0,,25,28,,,,,JD,,,,,,R723792,11/05/2007,24/05/2006,S,2,,,,,,,,,,,,,,,,,,,,,,,,,,,,,,,,,,
4649,2007,316,YAR,BLUTI,1,,,7,,,,,,,,NE,,,,,,,,,,,,,,,,,,,,,,,,,,,,,,,,,,,,,,,,,,,,
4650,2007,317,YAR,BLUTI,1,7,7,2,,,,,,,,NE,,,,,,,,,,,,,,,,,,,,,,,,,,,,,,,,,,,,,,,,,,,,
4651,2007,318,YAR,BLUTI,1,,,0,,,,,8,,,JD,,,,,,,,,,,,,,,,,,,,,,,,,,,,,,,,,,,,,,,,,,,,
4652,2007,319,YAR,PIEFL,1,7,5,0,,22.5,31,,,,,JD,,,,,,,,,,,,,,,,,,,,,,,,,,,,,,,,,,,,,,,,,,,,
4653,2007,319,YAR,PIEFL,3,4,0,0,,,68,,,,,ED,,,,,,R723028,11/05/2007,14/06/2004,S,3,,,,,,,,,,,,,,,,,,,,,,,,,,,,,,,,,,
4654,2007,321,YAR,BLUTI,1,,,5,,,,,,,,NE,,,,,,,,,,,,,,,,,,,,,,,,,,,,,,,,,,,,,,,,,,,,
4655,2007,322,YAR,BLUTI,1,,,7,,,,,,,,NE,,,,,,,,,,,,,,,,,,,,,,,,,,,,,,,,,,,,,,,,,,,,
4656,2007,322,YAR,PIEFL,2,4,,0,,,,,,,,JD,,,,,,R723794,14/06/2007,24/05/2006,S,2,,,,,,,,,,,,,,,,,,,,,,,,,,,,,,,,,,
4657,2007,323,YAR,GRETI,1,,,3,,,,,7,,,NE,,,,,,,,,,,,,,,,,,,,,,,,,,,,,,,,,,,,,,,,,,,,
4658,2007,323,YAR,PIEFL,2,4,,0,,,68,,,,,JD,,,,,,R723796,22/06/2007,24/05/2006,S,2,,,,,,,,,,,,,,,,,,,,,,,,,,,,,,,,,,
4659,2007,324,YAR,BLUTI,1,,,8,,,,,10,,,NE,,,,,,,,,,,,,,,,,,,,,,,,,,,,,,,,,,,,,,,,,,,,
4660,2007,325,YAR,BLUTI,1,,,8,,,,,,,,NE,,,,,,,,,,,,,,,,,,,,,,,,,,,,,,,,,,,,,,,,,,,,
4661,2007,326,YAR,PIEFL,1,8,8,0,,,30,,,,,JD,,,,,,,,,,,,,,,,,,,,,,,,,,,,,,,,,,,,,,,,,,,,
4662,2007,327,YAR,BLUTI,1,,,9,,,,,,,,NE,,,,,,,,,,,,,,,,,,,,,,,,,,,,,,,,,,,,,,,,,,,,
4663,2007,327,YAR,PIEFL,2,5,,0,,,65,,,,,JD,,,,,,R723795,14/06/2007,24/05/2006,S,2,,,,,,,,,,,,,,,,,,,,,,,,,,,,,,,,,,
4664,2007,328,YAR,GRETI,1,,,0,,,,,9,,,JD,,,,,,,,,,,,,,,,,,,,,,,,,,,,,,,,,,,,,,,,,,,,
4665,2007,329,YAR,PIEFL,1,8,,6,,22.5,32,,,,,NE,,,,,,R678976,31/05/2007,08/06/2004,S,3,31/05/2007,V715504,V715505,V715506,V715507,V715508,V715509,,,,,,,,,,,,,,,,,,,,,,,,,,,
4666,2007,330,YAR,PIEFL,1,7,6,0,,,29,,,,,JD,,,,,,,,,,,,,,,,,,,,,,,,,,,,,,,,,,,,,,,,,,,,
4667,2007,331,YAR,PIEFL,2,4,0,0,,,61,,,,,ED,,,,,,,,,,,,,,,,,,,,,,,,,,,,,,,,,,,,,,,,,,,,
4668,2007,331,YAR,BLUTI,1,,7,7,,,,,,,,NE,,,,,,,,,,,,,,,,,,,,,,,,,,,,,,,,,,,,,,,,,,,,
4669,2007,332,YAR,BLUTI,1,9,9,7,,,,,,,,NE,,,,,,,,,,,,,,,,,,,,,,,,,,,,,,,,,,,,,,,,,,,,
4670,2007,333,YAR,PIEFL,1,5,,0,,22.5,53,,,,,JD,,,,,,V715510,31/05/2007,31/05/2007,I,1,24/06/2007,V715615,V715616,V715617,,,,,,,,,,,,,,,,,,,,,,,,,,,,,,
4671,2007,334,YAR,PIEFL,1,7,7,0,,,28,,,,,JD,,,,,,,,,,,,,,,,,,,,,,,,,,,,,,,,,,,,,,,,,,,,
4672,2007,336,YAR,BLUTI,1,,,10,,,,,,,,NE,,,,,,,,,,,,,,,,,,,,,,,,,,,,,,,,,,,,,,,,,,,,
4673,2007,336,YAR,PIEFL,2,4,0,0,,,61,,,,,ED,,,,,,R723878,07/06/2007,31/05/2006,S,2,,,,,,,,,,,,,,,,,,,,,,,,,,,,,,,,,,
4674,2007,337,YAR,BLUTI,1,,,0,,,21,,,,,JD,,,,,,,,,,,,,,,,,,,,,,,,,,,,,,,,,,,,,,,,,,,,
4675,2007,338,YAR,PIEFL,1,,,2,,,36,,,,,NE,,,,,,,,,,,07/06/2007,V715579,V715580,,,,,,,,,,,,,,,,,,,,,,,,,,,,,,,
4676,2007,339,YAR,BLUTI,1,8,,4,,,,,,,,NE,,,,,,,,,,,,,,,,,,,,,,,,,,,,,,,,,,,,,,,,,,,,
4677,2007,340,YAR,PIEFL,1,8,,0,,,,,,,,JD,,,,,,R723892,11/05/2007,31/05/2006,S,2,,,,,,,,,,,,,,,,,,,,,,,,,,,,,,,,,,
4678,2007,341,YAR,BLUTI,1,,,0,,,23,,,,,JD,,,,,,,,,,,,,,,,,,,,,,,,,,,,,,,,,,,,,,,,,,,,
4679,2007,342,YAR,PIEFL,1,6,0,0,,,40,,,,,ED,,,,,,,,,,,,,,,,,,,,,,,,,,,,,,,,,,,,,,,,,,,,
4680,2007,343,YAR,PIEFL,1,8,,0,,26,35,,,,,JD,,,,,,,,,,,,,,,,,,,,,,,,,,,,,,,,,,,,,,,,,,,,
4681,2007,344,YAR,PIEFL,1,7,7,0,,25,,,,,,JD,,,,,,R723794,11/05/2007,24/05/2006,S,2,,,,,,,,,,,,,,,,,,,,,,,,,,,,,,,,,,
4682,2007,346,YAR,BLUTI,1,7,,5,,,,,,,,NE,,,,,,,,,,,,,,,,,,,,,,,,,,,,,,,,,,,,,,,,,,,,
4683,2007,347,YAR,BLUTI,1,,,0,,,,,9,,,JD,,,,,,,,,,,,,,,,,,,,,,,,,,,,,,,,,,,,,,,,,,,,
4684,2007,348,YAR,PIEFL,1,7,7,0,,,29,,,,,JD,,,,,,,,,,,,,,,,,,,,,,,,,,,,,,,,,,,,,,,,,,,,
4685,2007,349,YAR,PIEFL,2,7,7,0,,43.5,50,,,,,JD,,,,,,V715511,31/05/2007,31/05/2007,I,1,,,,,,,,,,,,,,,,,,,,,,,,,,,,,,,,,,
4686,2007,350,YAR,BLUTI,1,,,0,,,,,8,,,JD,,,,,,,,,,,,,,,,,,,,,,,,,,,,,,,,,,,,,,,,,,,,
4687,2007,351,YAR,PIEFL,1,8,,0,,,26,,,,,JD,,,,,,,,,,,,,,,,,,,,,,,,,,,,,,,,,,,,,,,,,,,,
4688,2007,352,YAR,PIEFL,2,2,2,0,,47,,,,,,JD,,,,,,V715581,07/06/2007,07/06/2007,I,1,,,,,,,,,,,,,,,,,,,,,,,,,,,,,,,,,,
4689,2007,353,YAR,BLUTI,1,,,5,,,,,6,,,ne,,,,,,,,,,,,,,,,,,,,,,,,,,,,,,,,,,,,,,,,,,,,
4690,2007,354,YAR,PIEFL,1,7,,0,,29.5,,,,,,JD,,,,,,,,,,,,,,,,,,,,,,,,,,,,,,,,,,,,,,,,,,,,
4691,2007,355,YAR,BLUTI,1,6,6,6,,,,,,,,ne,,,,,,,,,,,,,,,,,,,,,,,,,,,,,,,,,,,,,,,,,,,,
4692,2007,HIDE4,YAR,BLUTI,1,,,0,,,,,5,,,JD,,,,,,,,,,,,,,,,,,,,,,,,,,,,,,,,,,,,,,,,,,,,
4693,2007,HIDE5,YAR,GRETI,1,8,,5,,,,,,,,NE,,,,,,,,,,,,,,,,,,,,,,,,,,,,,,,,,,,,,,,,,,,,
4694,2007,HIDE6,YAR,BLUTI,1,,,0,,,,,4,,,JD,,,,,,,,,,,,,,,,,,,,,,,,,,,,,,,,,,,,,,,,,,,,
4695,2007,HIDE7,YAR,PIEFL,1,8,5,5,,29.5,34,54,,,,NE,,,,,,,,,,,31/05/2007,V715512,V715513,V715514,V715515,V715516,,,,,,,,,,,,,,,,,,,,,,,,,,,,
4696,2007,YARROW,YAR,PIEFL,1,,,5,,,,,,,,NE,,,,,,,,,,,07/06/2007,V715582,V715583,V715584,V715585,V715586,,,,,,,,,,,,,,,,,,,,,,,,,,,,
4697,2008,1,BVW,BLUTI,1,,,8,,,,,,,,NE,,,,,,,,,,,,,,,,,,,,,,,,,,,,,,,,,,,,,,,,,,,,
4698,2008,2,BVW,PIEFL,1,6,6,6,,23,,,,,,NE,X106609,05/06/2008,05/06/2008,I,1,V715926,24/05/2008,24/05/2008,I,1,05/06/2008,X106603,X106604,X106605,X106606,X106607,X106608,,,,,,,,,,,,,,,,,,,,,,,,,,,
4699,2008,3,BVW,GRETI,1,6,6,6,,,27,,,,,NE,,,,,,,,,,,,,,,,,,,,,,,,,,,,,,,,,,,,,,,,,,,,
4700,2008,4,BVW,BLUTI,1,9,9,9,,,38,,,,,NE,,,,,,,,,,,,,,,,,,,,,,,,,,,,,,,,,,,,,,,,,,,,
4701,2008,5,BVW,BLUTI,1,9,,0,,,,,,,,XD,,,,,,,,,,,,,,,,,,,,,,,,,,,,,,,,,,,,,,,,,,,,
4702,2008,6,BVW,BLUTI,1,,,1,,,,,11,,,NE,,,,,,,,,,,,,,,,,,,,,,,,,,,,,,,,,,,,,,,,,,,,
4703,2008,7,BVW,BLUTI,1,,,7,,,14,,,,,NE,,,,,,,,,,,,,,,,,,,,,,,,,,,,,,,,,,,,,,,,,,,,
4704,2008,8,BVW,BLUTI,1,9,0,0,,,17,,,,,ED,,,,,,,,,,,,,,,,,,,,,,,,,,,,,,,,,,,,,,,,,,,,
4705,2008,9,BVW,BLUTI,1,,,9,,,18,,,,,NE,,,,,,,,,,,,,,,,,,,,,,,,,,,,,,,,,,,,,,,,,,,,
4706,2008,10,BVW,BLUTI,1,,,5,,,,,,,,NE,,,,,,,,,,,,,,,,,,,,,,,,,,,,,,,,,,,,,,,,,,,,
4707,2008,11,BVW,PIEFL,1,7,7,5,,23,34,,,,,NE,,,,,,V715925,24/05/2008,24/05/2008,I,1,05/06/2008,X106598,X106599,X106600,X106601,X106602,,,,,,,,,,,,,,,,,,,,,,,,,,,,
4708,2008,12,BVW,PIEFL,1,8,7,7,,26,,,,,,NE,X106597,05/06/2008,05/06/2008,I,1,V715924,24/05/2008,24/05/2008,I,1,05/06/2008,X106590,X106591,X106592,X106593,X106594,X106595,X106596,,,,,,,,,,,,,,,,,,,,,,,,,,
4709,2008,13,BVW,GRETI,1,,,9,,,25,,,,,NE,,,,,,,,,,,,,,,,,,,,,,,,,,,,,,,,,,,,,,,,,,,,
4710,2008,14,BVW,PIEFL,1,,,,,19,36,,,,,NE,X106609,05/06/2008,05/06/2008,I,1,V715923,24/05/2008,24/05/2008,I,1,12/06/2008,X106714,X106715,X106716,X106717,X106718,X106719,X106720,,,,,,,,,,,,,,,,,,,,,,,,,,
4711,2008,16,BVW,PIEFL,1,7,7,6,,23,,,,,,NE,,,,,,V715927,24/05/2008,24/05/2008,I,1,05/06/2008,X106584,X106585,X106586,X106587,X106588,X106589,,,,,,,,,,,,,,,,,,,,,,,,,,,
4712,2008,18,BVW,PIEFL,1,6,,4,,23,,,,,,NE,R723227,12/06/2008,01/06/2005,R,3,,,,,,22/06/2008,X106758,X106759,X106760,X106761,,,,,,,,,,,,,,,,,,,,,,,,,,,,,
4713,2008,19,BVW,PIEFL,1,7,,5,,,31,,,,,NE,,,,,,V725042,15/05/2008,29/05/2007,I,1,03/06/2008,X106565,X106566,X106567,X106568,X106569,,,,,,,,,,,,,,,,,,,,,,,,,,,,
4714,2008,20,BVW,BLUTI,1,9,,7,,,22,,,,,NE,,,,,,,,,,,,,,,,,,,,,,,,,,,,,,,,,,,,,,,,,,,,
4715,2008,21,BVW,BLUTI,1,9,,8,,,21,,,,,NE,,,,,,,,,,,,,,,,,,,,,,,,,,,,,,,,,,,,,,,,,,,,
4716,2008,22,BVW,BLUTI,1,,,7,,,,,,,,NE,,,,,,,,,,,,,,,,,,,,,,,,,,,,,,,,,,,,,,,,,,,,
4717,2008,23,BVW,GRETI,1,9,0,0,,,27,,,,,ED,,,,,,,,,,,,,,,,,,,,,,,,,,,,,,,,,,,,,,,,,,,,
4718,2008,24,BVW,BLUTI,1,9,,5,,,25,,,,,NE,,,,,,,,,,,,,,,,,,,,,,,,,,,,,,,,,,,,,,,,,,,,
4719,2008,18A,BVW,GRETI,1,,,6,,,25,,,,,NE,,,,,,,,,,,,,,,,,,,,,,,,,,,,,,,,,,,,,,,,,,,,
4720,2008,1,NEA,BLUTI,1,9,9,9,,,31,,,,,NE,,,,,,V715876,12/05/2008,12/05/2008,I,1,,,,,,,,,,,,,,,,,,,,,,,,,,,,,,,,,,
4721,2008,3,NEA,BLUTI,1,,0,0,,,14,,,,,EU,,,,,,,,,,,,,,,,,,,,,,,,,,,,,,,,,,,,,,,,,,,,
4722,2008,3,NEA,NUTHA,1,6,2,0,,,,,,,,JD,,,,,,TC87814,12/05/2008,26/05/2007,I,1,,,,,,,,,,,,,,,,,,,,,,,,,,,,,,,,,,
4723,2008,5,NEA,BLUTI,1,11,,0,,,27,,,,,JP,,,,,,,,,,,,,,,,,,,,,,,,,,,,,,,,,,,,,,,,,,,,
4724,2008,6,NEA,BLUTI,1,,,3,,,25,,,,,NE,,,,,,,,,,,,,,,,,,,,,,,,,,,,,,,,,,,,,,,,,,,,
4725,2008,7,NEA,BLUTI,1,,0,0,,,17,,,,,EU,,,,,,,,,,,,,,,,,,,,,,,,,,,,,,,,,,,,,,,,,,,,
4726,2008,7,NEA,PIEFL,1,7,7,6,,,37,,,,,NE,,,,,,V715888,12/05/2008,12/05/2008,I ,1,06/06/2008,X106632,X106633,X106634,X106635,X106636,X106637,,,,,,,,,,,,,,,,,,,,,,,,,,,
4727,2008,8,NEA,BLUTI,1,8,7,7,,,,,,,,NE,,,,,,V715869,30/04/2008,30/04/2008,I,1,,,,,,,,,,,,,,,,,,,,,,,,,,,,,,,,,,
4728,2008,9,NEA,PIEFL,1,7,,6,,22.5,,,,,,NE,R723869,10/06/2008,31/05/2006,R,2,V715561,06/06/2008,05/06/2007,S,2,06/06/2008,X106638,X106639,X106640,X106641,X106642,X106643,,,,,,,,,,,,,,,,,,,,,,,,,,,
4729,2008,10,NEA,BLUTI,1,,,9,,,18,,,,,NE,,,,,,,,,,,,,,,,,,,,,,,,,,,,,,,,,,,,,,,,,,,,
4730,2008,12,NEA,GRETI,1,,,6,,,,,7,,,NE,,,,,,,,,,,,,,,,,,,,,,,,,,,,,,,,,,,,,,,,,,,,
4731,2008,13,NEA,PIEFL,1,7,7,7,,14.5,39,,,,,NE,V715559,06/06/2008,05/06/2007,S,2,V715575,06/06/2008,07/06/2007,S,2,06/06/2008,X106644,X106645,X106646,X106647,X106648,X106649,X106713,,,,,,,,,,,,,,,,,,,,,,,,,,
4732,2008,14,NEA,PIEFL,1,7,7,7,,30.5,39,,,,,NE,,,,,,V715887,12/05/2008,12/05/2008,I ,1,10/06/2008,X106706,X106707,X106708,X106709,X106710,X106711,X106712,,,,,,,,,,,,,,,,,,,,,,,,,,
4733,2008,15,NEA,MARTI,1,9,9,9,,,,,,,,NE,,,,,,V715870,30/04/2008,30/04/2008,I,1,,V715877,V715878,V715879,V715880,V715881,V715882,V715883,V715884,,,,,,,,,,,,,,,,,,,,,,,,,
4734,2008,16,NEA,PIEFL,1,7,7,7,,22.5,,,,,,NE,X106697,10/06/2008,10/06/2008,I,1,V512355,10/06/2008,01/06/2007,I,1,10/06/2008,X106691,X106692,X106693,X106694,X106695,X106696,,,,,,,,,,,,,,,,,,,,,,,,,,,
4735,2008,18,NEA,PIEFL,1,7,7,7,,22.5,,,,,,NE,R678987,06/06/2008,08/06/2004,R,4,V715886,12/05/2008,12/05/2008,I,1,06/06/2008,X106650,X106651,X106652,X106653,X106654,X106655,X106656,,,,,,,,,,,,,,,,,,,,,,,,,,
4736,2008,19,NEA,GRETI,1,,,6,,,15,,,,,NE,,,,,,,,,,,,,,,,,,,,,,,,,,,,,,,,,,,,,,,,,,,,
4737,2008,20,NEA,PIEFL,1,8,8,8,,,39,,,,,NE,V272078,06/06/2008,05/06/2006,S,2,X106657,06/06/2008,06/06/2008,I,1,10/06/2008,X106698,X106699,X106700,X106701,X106702,X106703,X106704,X106705,,,,,,,,,,,,,,,,,,,,,,,,,
4738,2008,102,YAR,GRETI,1,8,,2,,,22,,,,,NE,,,,,,,,,,,,,,,,,,,,,,,,,,,,,,,,,,,,,,,,,,,,
4739,2008,103,YAR,PIEFL,1,5,5,5,,,43,,,,,NE,,,,,,R723895,03/06/2008,31/05/2006,R,2,10/06/2008,X106661,X106662,X106663,X106664,X106665,,,,,,,,,,,,,,,,,,,,,,,,,,,,
4740,2008,104,YAR,BLUTI,1,,,5,,,,,7,,,NE,,,,,,,,,,,,,,,,,,,,,,,,,,,,,,,,,,,,,,,,,,,,
4741,2008,105,YAR,BLUTI,2,7,0,0,,,54,,,,,ED,,,,,,,,,,,,,,,,,,,,,,,,,,,,,,,,,,,,,,,,,,,,
4742,2008,107,YAR,BLUTI,1,7,,2,,,27,,,,,NE,,,,,,,,,,,,,,,,,,,,,,,,,,,,,,,,,,,,,,,,,,,,
4743,2008,111,YAR,PIEFL,1,7,7,6,,27.5,37,,,,,NE,,,,,,R723790,15/05/2008,24/05/2006,S,3,03/06/2008,V715929,V715930,V715931,V715932,V715933,V715934,,,,,,,,,,,,,,,,,,,,,,,,,,,
4744,2008,114,YAR,PIEFL,1,6,6,4,,27.5,37,,,,,NE,,,,,,R723794,15/05/2008,24/05/2006,S,3,03/06/2008,V715935,V715936,V715937,V715938,,,,,,,,,,,,,,,,,,,,,,,,,,,,,
4745,2008,116,YAR,BLUTI,1,,,6,,,22,,,,,NE,,,,,,,,,,,,,,,,,,,,,,,,,,,,,,,,,,,,,,,,,,,,
4746,2008,119,YAR,GRETI,1,8,,4,,,26,,,,,NE,,,,,,,,,,,,,,,,,,,,,,,,,,,,,,,,,,,,,,,,,,,,
4747,2008,122,YAR,BLUTI,1,,,2,,,,,7,,,NE,,,,,,,,,,,,,,,,,,,,,,,,,,,,,,,,,,,,,,,,,,,,
4748,2008,123,YAR,PIEFL,1,8,8,7,,24,38,,,,,NE,,,,,,R655665,15/05/2008,09/06/2004,S,4,03/06/2008,V715939,V715940,V715941,V715942,V715943,V715944,V715945,V715946,,,,,,,,,,,,,,,,,,,,,,,,,
4749,2008,125,YAR,PIEFL,1,,0,0,,24,,,3,,,EP,,,,,,,,,,,,,,,,,,,,,,,,,,,,,,,,,,,,,,,,,,,,
4750,2008,127,YAR,BLUTI,1,7,,6,,,,,,,,NE,,,,,,,,,,,,,,,,,,,,,,,,,,,,,,,,,,,,,,,,,,,,
4751,2008,129,YAR,PIEFL,1,7,,6,,,36,,,,,NE,,,,,,V715915,22/05/2008,22/05/2008,I,1,03/06/2008,V715947,V715948,V715949,V715950,V715951,V715952,,,,,,,,,,,,,,,,,,,,,,,,,,,
4752,2008,130,YAR,BLUTI,1,,,0,,,31,,,,,JP,,,,,,,,,,,,,,,,,,,,,,,,,,,,,,,,,,,,,,,,,,,,
4753,2008,131,YAR,PIEFL,1,7,7,6,,23,43,,,,,NE,,,,,,V715916,22/05/2008,22/05/2008,I,1,10/06/2008,X106666,X106667,X106668,X106669,X106670,X106671,,,,,,,,,,,,,,,,,,,,,,,,,,,
4754,2008,132,YAR,PIEFL,1,7,,0,,31,43,,,,,JD,,,,,,V715889,15/05/2008,15/05/2008,I ,1,,,,,,,,,,,,,,,,,,,,,,,,,,,,,,,,,,
4755,2008,202,YAR,BLUTI,1,,0,0,,,,,2,,,ED,,,,,,,,,,,,,,,,,,,,,,,,,,,,,,,,,,,,,,,,,,,,
4756,2008,203,YAR,PIEFL,1,7,,5,,27.5,37,,,,,NE,,,,,,V715890,15/05/2008,15/05/2008,I,1,03/06/2008,V715953,V715954,V715955,V715956,V715957,,,,,,,,,,,,,,,,,,,,,,,,,,,,
4757,2008,204,YAR,BLUTI,1,,0,0,,,,,3,,,EU,,,,,,,,,,,,,,,,,,,,,,,,,,,,,,,,,,,,,,,,,,,,
4758,2008,206,YAR,BLUTI,1,,,4,,,,,,,,NE,,,,,,,,,,,,,,,,,,,,,,,,,,,,,,,,,,,,,,,,,,,,
4759,2008,207,YAR,BLUTI,1,7,,5,,,,,,,,NE,,,,,,,,,,,,,,,,,,,,,,,,,,,,,,,,,,,,,,,,,,,,
4760,2008,208,YAR,PIEFL,1,4,,3,,24,37,,,,,NE,,,,,,,,,,,03/06/2008,V715958,V715959,V715960,,,,,,,,,,,,,,,,,,,,,,,,,,,,,,
4761,2008,209,YAR,BLUTI,1,,,6,,,,,,,,NE,,,,,,,,,,,,,,,,,,,,,,,,,,,,,,,,,,,,,,,,,,,,
4762,2008,211,YAR,NUTHA,1,8,,2,,,25,,,,,NE,,,,,,TC87842,15/05/2008,15/05/2008,I,1,,TC87843,TC87844,,,,,,,,,,,,,,,,,,,,,,,,,,,,,,,
4763,2008,213,YAR,BLUTI,1,,,6,,,,,,,,NE,,,,,,,,,,,,,,,,,,,,,,,,,,,,,,,,,,,,,,,,,,,,
4764,2008,214,YAR,BLUTI,1,,,6,,,,,,,,NE,,,,,,,,,,,,,,,,,,,,,,,,,,,,,,,,,,,,,,,,,,,,
4765,2008,216,YAR,BLUTI,1,9,9,6,,,,,,,,NE,,,,,,,,,,,,,,,,,,,,,,,,,,,,,,,,,,,,,,,,,,,,
4766,2008,217,YAR,REDST,1,4,0,0,,,38,,,,,ED,,,,,,V715917,22/05/2008,22/05/2008,I,1,,,,,,,,,,,,,,,,,,,,,,,,,,,,,,,,,,
4767,2008,218,YAR,BLUTI,1,,,4,,,,,,,,NE,,,,,,,,,,,,,,,,,,,,,,,,,,,,,,,,,,,,,,,,,,,,
4768,2008,219,YAR,GRETI,1,9,,7,,,26,,,,,NE,,,,,,,,,,,,,,,,,,,,,,,,,,,,,,,,,,,,,,,,,,,,
4769,2008,221,YAR,PIEFL,1,9,,8,,23,36,,,,,NE,,,,,,R723795,15/05/2008,24/05/2006,S,3,03/06/2008,V715961,V715962,V715963,V715964,V715965,V715966,V715967,V715968,,,,,,,,,,,,,,,,,,,,,,,,,
4770,2008,222,YAR,BLUTI,1,,0,0,,,,,4,,,ED,,,,,,,,,,,,,,,,,,,,,,,,,,,,,,,,,,,,,,,,,,,,
4771,2008,223,YAR,BLUTI,1,7,,0,,,19,,,,,JD,,,,,,,,,,,,,,,,,,,,,,,,,,,,,,,,,,,,,,,,,,,,
4772,2008,224,YAR,BLUTI,1,,,8,,,,,,,,NE,,,,,,,,,,,,,,,,,,,,,,,,,,,,,,,,,,,,,,,,,,,,
4773,2008,225,YAR,PIEFL,1,6,6,6,,34.5,41,,,,,NE,,,,,,V715510,22/05/2008,31/05/2007,S,2,10/06/2008,X106672,X106673,X106674,X106675,X106676,X106677,,,,,,,,,,,,,,,,,,,,,,,,,,,
4774,2008,226,YAR,PIEFL,1,6,6,6,,34.5,41,,,,,NE,,,,,,,,,,,10/06/2008,X106678,X106679,X106680,X106681,X106682,X106683,,,,,,,,,,,,,,,,,,,,,,,,,,,
4775,2008,227,YAR,BLUTI,1,,,4,,,,,9,,,NE,,,,,,,,,,,,,,,,,,,,,,,,,,,,,,,,,,,,,,,,,,,,
4776,2008,228,YAR,GRETI,1,6,,5,,,28,,,,,NE,,,,,,,,,,,,,,,,,,,,,,,,,,,,,,,,,,,,,,,,,,,,
4777,2008,230,YAR,BLUTI,1,9,,0,,,30,,,,,JD,,,,,,,,,,,,,,,,,,,,,,,,,,,,,,,,,,,,,,,,,,,,
4778,2008,231,YAR,BLUTI,1,,,0,,,,,7,,,JD,,,,,,,,,,,,,,,,,,,,,,,,,,,,,,,,,,,,,,,,,,,,
4779,2008,233,YAR,PIEFL,1,7,7,7,,34.5,40,,,,,NE,,,,,,R723788,22/05/2008,24/05/2006,S,3,03/06/2008,V715969,V715970,V715971,V715972,V715973,X106684,X106685,,,,,,,,,,,,,,,,,,,,,,,,,,
4780,2008,234,YAR,BLUTI,1,8,,4,,,,,,,,NE,,,,,,,,,,,,,,,,,,,,,,,,,,,,,,,,,,,,,,,,,,,,
4781,2008,235,YAR,PIEFL,1,6,6,6,,27.5,36,,,,,NE,,,,,,V715918,22/05/2008,22/05/2008,I,1,03/06/2008,V715974,V715975,V715976,V715977,V715978,V715979,,,,,,,,,,,,,,,,,,,,,,,,,,,
4782,2008,236,YAR,BLUTI,1,,,7,,,24,,,,,NE,,,,,,,,,,,,,,,,,,,,,,,,,,,,,,,,,,,,,,,,,,,,
4783,2008,237,YAR,BLUTI,1,,,0,,,,,9,,,JD,,,,,,,,,,,,,,,,,,,,,,,,,,,,,,,,,,,,,,,,,,,,
4784,2008,238,YAR,BLUTI,1,10,,0,,,20,,,,,JD,,,,,,,,,,,,,,,,,,,,,,,,,,,,,,,,,,,,,,,,,,,,
4785,2008,239,YAR,BLUTI,1,10,0,0,,,17,,,,,JP,,,,,,,,,,,,,,,,,,,,,,,,,,,,,,,,,,,,,,,,,,,,
4786,2008,240,YAR,BLUTI,1,9,0,0,,,23,,,,,JP,,,,,,,,,,,,,,,,,,,,,,,,,,,,,,,,,,,,,,,,,,,,
4787,2008,243,YAR,REDST,1,5,,3,,,,,,,,NE,,,,,,,,,,,03/06/2008,V715980,V715981,V715982,,,,,,,,,,,,,,,,,,,,,,,,,,,,,,
4788,2008,245,YAR,BLUTI,1,,,8,,,23,,10,,,NE,,,,,,,,,,,,,,,,,,,,,,,,,,,,,,,,,,,,,,,,,,,,
4789,2008,246,YAR,PIEFL,1,6,,5,,27.5,,,,,,NE,,,,,,V715891,15/05/2008,15/05/2008,I,1,03/06/2008,V715983,V715984,V715985,V715986,V715987,,,,,,,,,,,,,,,,,,,,,,,,,,,,
4790,2008,248,YAR,GRETI,1,8,8,8,,,,,,,,NE,,,,,,,,,,,,,,,,,,,,,,,,,,,,,,,,,,,,,,,,,,,,
4791,2008,249,YAR,PIEFL,1,7,6,0,,34.5,43,,,,,JD,,,,,,,,,,,,,,,,,,,,,,,,,,,,,,,,,,,,,,,,,,,,
4792,2008,250,YAR,PIEFL,1,8,8,8,,27.5,34,,,,,NE,,,,,,,,,,,03/06/2008,V715988,V715989,V715990,V715991,V715992,V715993,V715994,V715995,,,,,,,,,,,,,,,,,,,,,,,,,
4793,2008,301,YAR,BLUTI,1,,,3,,,22,,,,,NE,,,,,,,,,,,,,,,,,,,,,,,,,,,,,,,,,,,,,,,,,,,,
4794,2008,305,YAR,PIEFL,1,7,7,7,,,31,,,,,NE,,,,,,,,,,,03/06/2008,V715996,V715997,V715998,V715999,V716000,X106501,X106502,,,,,,,,,,,,,,,,,,,,,,,,,,
4795,2008,306,YAR,BLUTI,1,,,10,,,,,,,,NE,,,,,,,,,,,,,,,,,,,,,,,,,,,,,,,,,,,,,,,,,,,,
4796,2008,309,YAR,PIEFL,1,8,,5,,23,37,,,,,NE,,,,,,V715892,15/05/2008,15/05/2008,I,1,10/06/2008,X106686,X106687,X106688,X106689,X106690,,,,,,,,,,,,,,,,,,,,,,,,,,,,
4797,2008,311,YAR,PIEFL,1,7,7,7,,,35,,,,,NE,,,,,,,,,,,03/06/2008,X106503,X106504,X106505,X106506,X106507,X106508,X106509,,,,,,,,,,,,,,,,,,,,,,,,,,
4798,2008,312,YAR,BLUTI,1,8,,0,,,,,,,,JD,,,,,,,,,,,,,,,,,,,,,,,,,,,,,,,,,,,,,,,,,,,,
4799,2008,315,YAR,PIEFL,1,7,,5,,23,35,,,,,NE,,,,,,V715519,15/05/2008,31/05/2007,R,1,03/06/2008,X106510,X106511,X106512,X106513,X106514,,,,,,,,,,,,,,,,,,,,,,,,,,,,
4800,2008,316,YAR,BLUTI,1,9,,6,,,,,,,,NE,,,,,,,,,,,,,,,,,,,,,,,,,,,,,,,,,,,,,,,,,,,,
4801,2008,318,YAR,PIEFL,1,7,7,7,,31,38,,,,,NE,,,,,,V241498,15/05/2008,31/05/2007,S,2,03/06/2008,X106515,X106516,X106517,X106518,X106519,X106520,X106521,,,,,,,,,,,,,,,,,,,,,,,,,,
4802,2008,319,YAR,BLUTI,1,,,0,,,,,7,,,JD,,,,,,,,,,,,,,,,,,,,,,,,,,,,,,,,,,,,,,,,,,,,
4803,2008,320,YAR,PIEFL,1,6,6,4,,27.5,36,,,,,NE,,,,,,,,,,,03/06/2008,X106522,X106523,X106524,X106525,,,,,,,,,,,,,,,,,,,,,,,,,,,,,
4804,2008,321,YAR,BLUTI,1,10,,0,,,31,,,,,JD,,,,,,,,,,,,,,,,,,,,,,,,,,,,,,,,,,,,,,,,,,,,
4805,2008,322,YAR,BLUTI,1,,,7,,,25,,,,,NE,,,,,,,,,,,,,,,,,,,,,,,,,,,,,,,,,,,,,,,,,,,,
4806,2008,323,YAR,GRETI,1,,,0,,,,,7,,,OU,,,,,,,,,,,,,,,,,,,,,,,,,,,,,,,,,,,,,,,,,,,,
4807,2008,324,YAR,BLUTI,1,11,11,11,,,16,,,,,NE,,,,,,,,,,,,,,,,,,,,,,,,,,,,,,,,,,,,,,,,,,,,
4808,2008,325,YAR,BLUTI,1,,,4,,,,,12,,,NE,,,,,,,,,,,,,,,,,,,,,,,,,,,,,,,,,,,,,,,,,,,,
4809,2008,326,YAR,BLUTI,1,10,,4,,,20,,,,,NE,,,,,,,,,,,,,,,,,,,,,,,,,,,,,,,,,,,,,,,,,,,,
4810,2008,327,YAR,GRETI,1,,,7,,,,,8,,,NE,,,,,,,,,,,,,,,,,,,,,,,,,,,,,,,,,,,,,,,,,,,,
4811,2008,328,YAR,PIEFL,1,7,,6,,27.5,35,,,,,NE,,,,,,V715893,15/05/2008,15/05/2008,I,1,03/06/2008,X106526,X106527,X106528,X106529,X106530,X106531,,,,,,,,,,,,,,,,,,,,,,,,,,,
4812,2008,329,YAR,PIEFL,1,7,7,6,,,30,,,,,NE,,,,,,P481902,15/05/2008,02/06/2004,S,4,03/06/2008,X106532,X106533,X106534,X106535,X106536,X106537,X106538,,,,,,,,,,,,,,,,,,,,,,,,,,
4813,2008,330,YAR,PIEFL,1,8,,7,,20.5,34,,,,,NE,,,,,,V715894,15/05/2008,15/05/2008,I,1,03/06/2008,X106539,X106540,X106541,X106542,X106543,X106544,X106545,,,,,,,,,,,,,,,,,,,,,,,,,,
4814,2008,332,YAR,PIEFL,1,7,7,7,,27.5,38,,,,,NE,,,,,,,,,,,03/06/2008,X106546,X106547,X106548,X106549,X106550,X106551,X106552,,,,,,,,,,,,,,,,,,,,,,,,,,
4815,2008,333,YAR,BLUTI,1,9,9,9,,,,,,,,NE,,,,,,,,,,,,,,,,,,,,,,,,,,,,,,,,,,,,,,,,,,,,
4816,2008,334,YAR,PIEFL,2,3,3,3,,,,,,,,NE,,,,,,,,,,,10/06/2008,X106743,X106744,X106745,,,,,,,,,,,,,,,,,,,,,,,,,,,,,,
4817,2008,334,YAR,PIEFL,1,,0,0,,27.5,,,3,,,ED,,,,,,,,,,,,,,,,,,,,,,,,,,,,,,,,,,,,,,,,,,,,
4818,2008,335,YAR,GRETI,1,,,2,,,,,7,,,NE,,,,,,,,,,,,,,,,,,,,,,,,,,,,,,,,,,,,,,,,,,,,
4819,2008,336,YAR,BLUTI,1,,,6,,,,,,,,NE,,,,,,,,,,,,,,,,,,,,,,,,,,,,,,,,,,,,,,,,,,,,
4820,2008,337,YAR,BLUTI,1,,,7,,,,,11,,,NE,,,,,,,,,,,,,,,,,,,,,,,,,,,,,,,,,,,,,,,,,,,,
4821,2008,338,YAR,BLUTI,1,,,2,,,,,7,,,NE,,,,,,,,,,,,,,,,,,,,,,,,,,,,,,,,,,,,,,,,,,,,
4822,2008,339,YAR,BLUTI,1,,0,0,,,,,,3,,ED,,,,,,,,,,,,,,,,,,,,,,,,,,,,,,,,,,,,,,,,,,,,
4823,2008,340,YAR,BLUTI,1,,,0,,,,,6,,,JD,,,,,,,,,,,,,,,,,,,,,,,,,,,,,,,,,,,,,,,,,,,,
4824,2008,341,YAR,PIEFL,1,8,2,2,,27.5,36,,,,,NE,,,,,,V715899,15/05/2008,15/05/2008,I,1,03/06/2008,X106553,X106554,,,,,,,,,,,,,,,,,,,,,,,,,,,,,,,
4825,2008,344,YAR,PIEFL,1,9,,4,,27.5,36,,,,,NE,,,,,,R723878,12/05/2008,31/05/2006,S,3,03/06/2008,X106555,X106556,X106557,X106558,,,,,,,,,,,,,,,,,,,,,,,,,,,,,
4826,2008,346,YAR,PIEFL,1,7,6,6,,27.5,,,,,,NE,,,,,,V715900,15/05/2008,15/05/2008,I,1,03/06/2008,X106559,X106560,X106561,X106562,X106563,X106564,,,,,,,,,,,,,,,,,,,,,,,,,,,
4827,2008,348,YAR,BLUTI,1,,,5,,,,,8,,,NE,,,,,,,,,,,,,,,,,,,,,,,,,,,,,,,,,,,,,,,,,,,,
4828,2008,348,YAR,PIEFL,1,4,,0,,,63,,,,,JD,,,,,,R723379,03/06/2008,01/06/2005,R,3,,,,,,,,,,,,,,,,,,,,,,,,,,,,,,,,,,
4829,2008,350,YAR,PIEFL,1,7,,0,,27.5,37,,,,,JD,,,,,,R723424,22/05/2008,07/06/2005,R,3,,,,,,,,,,,,,,,,,,,,,,,,,,,,,,,,,,
4830,2008,353,YAR,BLUTI,1,11,10,9,,,,,,,,NE,,,,,,,,,,,,,,,,,,,,,,,,,,,,,,,,,,,,,,,,,,,,
4831,2008,HIDE6,YAR,BLUTI,1,,,5,,,,,,,,ne,,,,,,,,,,,,,,,,,,,,,,,,,,,,,,,,,,,,,,,,,,,,
4832,2008,HIDE7,YAR,PIEFL,1,7,7,7,,27.5,35,,,,,NE,,,,,,R723977,25/05/2008,01/06/2006,R,2,03/06/2008,X106570,X106571,X106572,X106573,X106574,X106575,X106576,,,,,,,,,,,,,,,,,,,,,,,,,,
4833,2008,HIDE8,YAR,GRETI,1,8,,2,,,25,,,,,NE,,,,,,,,,,,,,,,,,,,,,,,,,,,,,,,,,,,,,,,,,,,,
4834,2008,Prod,YAR,PIEFL,1,6,,3,,,,,,,,NE,,,,,,V715922,22/05/2008,22/05/2008,I,1,03/06/2008,X106577,X106578,X106579,,,,,,,,,,,,,,,,,,,,,,,,,,,,,,
4835,2009,1,BVW,BLUTI,1,,,5,,,,,,,,NE,,,,,,,,,,,,,,,,,,,,,,,,,,,,,,,,,,,,,,,,,,,,
4836,2009,2,BVW,PIEFL,1,7,7,7,,,,,,,,NE,X533196,01/06/2009,01/06/2009,I,1,V241472,27/05/2009,23/05/2007,R,2,01/06/2009,X533189,X533190,X533191,X533192,X533193,X533194,X533195,,,,,,,,,,,,,,,,,,,,,,,,,,
4837,2009,3,BVW,GRETI,1,7,0,0,,,38,,,,,ED,,,,,,,,,,,,,,,,,,,,,,,,,,,,,,,,,,,,,,,,,,,,
4838,2009,4,BVW,BLUTI,1,10,10,7,,,29,,,,,NE,,,,,,,,,,,,,,,,,,,,,,,,,,,,,,,,,,,,,,,,,,,,
4839,2009,5,BVW,PIEFL,1,7,7,3,,,37,,,,,NE,X533240,06/06/2009,06/06/2009,I,1,,,,,,06/06/2009,X533241,X533242,X533243,X533244,X533245,X533246,X533247,,,,,,,,,,,,,,,,,,,,,,,,,,
4840,2009,6,BVW,GRETI,1,,,4,,,,,5,,,NE,,,,,,,,,,,,,,,,,,,,,,,,,,,,,,,,,,,,,,,,,,,,
4841,2009,7,BVW,PIEFL,1,6,6,6,,,37,,,,,NE,X533248,06/06/2009,06/06/2009,I,1,V715926,27/05/2009,24/05/2008,S,2,06/06/2009,X533249,X533250,X533251,X533252,X533253,X533254,,,,,,,,,,,,,,,,,,,,,,,,,,,
4842,2009,8,BVW,BLUTI,1,,,10,,,20,,,,,NE,,,,,,,,,,,,,,,,,,,,,,,,,,,,,,,,,,,,,,,,,,,,
4843,2009,9,BVW,BLUTI,1,7,7,4,,,25,,,,,NE,,,,,,,,,,,,,,,,,,,,,,,,,,,,,,,,,,,,,,,,,,,,
4844,2009,10,BVW,BLUTI,1,7,7,,,,24,,,,,OU,,,,,,,,,,,,,,,,,,,,,,,,,,,,,,,,,,,,,,,,,,,,
4845,2009,11,BVW,GRETI,1,6,5,5,,,23,,,,,NE,,,,,,,,,,,,,,,,,,,,,,,,,,,,,,,,,,,,,,,,,,,,
4846,2009,12,BVW,PIEFL,1,7,,5,,,39,,,,,NE,V725066,05/06/2009,29/05/2007,I,2,V715924,05/06/2009,24/05/2008,S,2,06/06/2009,X533257,X533258,X533259,X533260,X533261,,,,,,,,,,,,,,,,,,,,,,,,,,,,
4847,2009,13,BVW,PIEFL,1,7,,6,,,42,,,,,NE,X533256,06/06/2009,06/06/2009,I,1,X533255,06/06/2009,06/06/2009,I,1,11/06/2009,X533412,X533413,X533414,X533415,X533416,X533417,,,,,,,,,,,,,,,,,,,,,,,,,,,
4848,2009,15,BVW,BLUTI,1,9,8,8,,,19,,,,,NE,,,,,,,,,,,,,,,,,,,,,,,,,,,,,,,,,,,,,,,,,,,,
4849,2009,16,BVW,PIEFL,1,7,,6,,,37,,,,,NE,R723227,05/06/2009,01/06/2005,S,4,V715927,05/06/2009,24/05/2008,S,2,06/06/2009,X533262,X533263,X533264,X533265,X533266,X533267,,,,,,,,,,,,,,,,,,,,,,,,,,,
4850,2009,17,BVW,BLUTI,1,,,10,,,22,,,,,NE,,,,,,X533112,17/05/2009,17/05/2009,I,1,,,,,,,,,,,,,,,,,,,,,,,,,,,,,,,,,,
4851,2009,18,BVW,BLUTI,1,,,0,,,24,,,,,JP,,,,,,,,,,,,,,,,,,,,,,,,,,,,,,,,,,,,,,,,,,,,
4852,2009,19,BVW,PIEFL,1,7,7,7,,,37,,,,,NE,X533298,07/06/2009,07/06/2009,I,1,X533113,17/05/2009,17/05/2009,I,1,07/06/2009,X533291,X533292,X533293,X533294,X533295,X533296,X533297,,,,,,,,,,,,,,,,,,,,,,,,,,
4853,2009,20,BVW,PIEFL,1,7,6,6,,,37,,,,,NE,X533283,07/06/2009,07/06/2009,I,1,X533284,07/06/2009,07/06/2009,I,1,07/06/2009,X533285,X533286,X533287,X533288,X533289,X533290,,,,,,,,,,,,,,,,,,,,,,,,,,,
4854,2009,21,BVW,BLUTI,1,10,10,10,,,22,,,,,JD,,,,,,X533089,08/05/2009,08/05/2009,I,1,,,,,,,,,,,,,,,,,,,,,,,,,,,,,,,,,,
4855,2009,22,BVW,BLUTI,1,8,7,0,,,25,,,,,JD,,,,,,X533090,08/05/2009,08/05/2009,I,1,,,,,,,,,,,,,,,,,,,,,,,,,,,,,,,,,,
4856,2009,23,BVW,GRETI,1,6,6,6,,,19,,,,,NE,,,,,,,,,,,,,,,,,,,,,,,,,,,,,,,,,,,,,,,,,,,,
4857,2009,18A,BVW,GRETI,1,,,7,,,,,,,,NE,,,,,,,,,,,,,,,,,,,,,,,,,,,,,,,,,,,,,,,,,,,,
4858,2009,,HKN,REDST,1,7,6,6,,,,,,,,NE,,,,,,,,,,,31/05/2009,X533182,X533183,X533184,X533185,X533186,X533187,,,,,,,,,,,,,,,,,,,,,,,,,,,
4859,2009,2,NEA,BLUTI,1,,0,0,,,,,,,,ED,,,,,,,,,,,,,,,,,,,,,,,,,,,,,,,,,,,,,,,,,,,,
4860,2009,3,NEA,GRETI,1,,,6,,,28,,,,,NE,,,,,,X533107,17/05/2009,17/05/2009,I,1,,,,,,,,,,,,,,,,,,,,,,,,,,,,,,,,,,
4861,2009,4,NEA,PIEFL,1,6,6,6,,,26,,,,,NE,R678987,09/06/2009,08/06/2004,S,5,X533350,09/06/2009,09/06/2009,I,1,09/06/2009,X533351,X533352,X533353,X533354,X533355,X533356,,,,,,,,,,,,,,,,,,,,,,,,,,,
4862,2009,5,NEA,BLUTI,1,,,9,,,25,,10,,,NE,,,,,,X533108,17/05/2009,17/05/2009,I,1,,,,,,,,,,,,,,,,,,,,,,,,,,,,,,,,,,
4863,2009,6,NEA,BLUTI,1,,,8,,,22,,,,,NE,,,,,,X533109,17/05/2009,17/05/2009,I,1,,,,,,,,,,,,,,,,,,,,,,,,,,,,,,,,,,
4864,2009,7,NEA,BLUTI,1,7,,,,,26,,,,,OU,,,,,,X533110,17/05/2009,17/05/2009,I,1,,,,,,,,,,,,,,,,,,,,,,,,,,,,,,,,,,
4865,2009,8,NEA,PIEFL,1,8,7,7,,,38,,,,,NE,,,,,,X106517,09/06/2009,03/06/2008,R,1,09/06/2009,X533343,X533344,X533345,X533346,X533347,X533348,X533349,,,,,,,,,,,,,,,,,,,,,,,,,,
4866,2009,9,NEA,PIEFL,1,7,6,6,,,,,,,,NE,R723869,09/06/2009,31/05/2006,S,3,X106521,22/05/2009,03/06/2008,R,1,09/06/2009,X533337,X533338,X533339,X533340,X533341,X533342,,,,,,,,,,,,,,,,,,,,,,,,,,,
4867,2009,10,NEA,BLUTI,1,9,,,,,24,,,,,OU,,,,,,X533111,17/05/2009,17/05/2009,I,1,,,,,,,,,,,,,,,,,,,,,,,,,,,,,,,,,,
4868,2009,11,NEA,BLUTI,1,,,8,,,,,10,,,NE,,,,,,,,,,,,,,,,,,,,,,,,,,,,,,,,,,,,,,,,,,,,
4869,2009,13,NEA,PIEFL,1,7,,6,,,31,,,,,NE,X106697,31/05/2009,10/06/2008,S,2,V725061,17/05/2009,29/05/2007,I,2,30/05/2009,X533156,X533157,X533158,X533159,X533160,X533161,,,,,,,,,,,,,,,,,,,,,,,,,,,
4870,2009,18,NEA,PIEFL,1,7,7,7,,,36,,,,,NE,V272078,07/06/2009,05/06/2006,S,3,V715886,22/05/2009,12/05/2008,S,2,07/06/2009,X533276,X533277,X533278,X533279,X533280,X533281,X533282,,,,,,,,,,,,,,,,,,,,,,,,,,
4871,2009,19,NEA,GRETI,1,5,3,3,,,22,,,,,NE,,,,,,,,,,,,,,,,,,,,,,,,,,,,,,,,,,,,,,,,,,,,
4872,2009,20,NEA,PIEFL,1,7,7,6,,,,,,,,NE,X106604,09/06/2009,05/06/2008,R,1,X106657,22/05/2009,06/06/2008,S,2,09/06/2009,X533331,X533332,X533333,X533334,X533335,X533336,,,,,,,,,,,,,,,,,,,,,,,,,,,
4873,2009,101,YAR,PIEFL,1,6,,0,,,52,,,,,JD,X533434,15/06/2009,15/06/2009,I,1,X533197,01/06/2009,01/06/2009,I,1,,,,,,,,,,,,,,,,,,,,,,,,,,,,,,,,,,
4874,2009,102,YAR,PIEFL,1,7,7,4,,,37,,,,13.8,NE,X533269,06/06/2009,06/06/2009,I,1,X533125,20/05/2009,20/05/2009,I,1,02/06/2009,X533198,X533199,X533200,X533201,X533202,X533203,X533204,,,,,,,,,,,,,,,,,,,,,,,,,,
4875,2009,104,YAR,BLUTI,1,9,9,6,,,15,,,,,NE,,,,,,X533068,01/05/2009,01/05/2009,I,1,,,,,,,,,,,,,,,,,,,,,,,,,,,,,,,,,,
4876,2009,105,YAR,GRETI,1,9,9,8,,,17,,,,,NE,,,,,,,,,,,,,,,,,,,,,,,,,,,,,,,,,,,,,,,,,,,,
4877,2009,109,YAR,PIEFL,1,8,7,4,,,36,,,,,NE,X533303,08/06/2009,08/06/2009,I,1,V715922,15/05/2009,22/05/2008,S,2,08/06/2009,X533299,X533300,X533301,X533302,,,,,,,,,,,,,,,,,,,,,,,,,,,,,
4878,2009,111,YAR,BLUTI,1,11,,8,,,15,,,,,NE,,,,,,V014804,01/05/2009,12/02/2009,I,1,,,,,,,,,,,,,,,,,,,,,,,,,,,,,,,,,,
4879,2009,112,YAR,BLUTI,1,12,,0,,,13,,,,,JD,,,,,,X533078,03/05/2009,03/05/2009,I,1,,,,,,,,,,,,,,,,,,,,,,,,,,,,,,,,,,
4880,2009,114,YAR,PIEFL,1,7,2,2,,,29,,,,,NE,X533167,30/05/2009,30/05/2009,I,1,P481902,15/05/2009,02/06/2004,S,5,29/05/2009,X533152,X533153,,,,,,,,,,,,,,,,,,,,,,,,,,,,,,,
4881,2009,115,YAR,PIEFL,1,7,,0,,,41,,,,,JD,X533306,08/06/2009,08/06/2009,I,1,X533139,25/05/2009,25/05/2009,I,1,,,,,,,,,,,,,,,,,,,,,,,,,,,,,,,,,,
4882,2009,118,YAR,BLUTI,1,10,,0,,,17,,,,,JD,,,,,,X533069,01/05/2009,01/05/2009,I,1,,,,,,,,,,,,,,,,,,,,,,,,,,,,,,,,,,
4883,2009,122,YAR,PIEFL,1,7,7,0,,,38,,,,,JD,,,,,,X533142,26/05/2009,26/05/2009,I,1,,,,,,,,,,,,,,,,,,,,,,,,,,,,,,,,,,
4884,2009,123,YAR,PIEFL,1,7,6,6,,,36,,,,,NE,X533268,06/06/2009,06/06/2009,I,1,V715915,25/05/2009,22/05/2008,S,2,06/06/2009,X533270,X533271,X533272,X533273,X533274,X533275,,,,,,,,,,,,,,,,,,,,,,,,,,,
4885,2009,125,YAR,BLUTI,1,9,7,2,,,15,,,,,NE,,,,,,X533070,01/05/2009,01/05/2009,I,1,,,,,,,,,,,,,,,,,,,,,,,,,,,,,,,,,,
4886,2009,132,YAR,PIEFL,1,7,7,3,,,53,,,,,NE,V715935,15/06/2009,03/06/2008,R,1,X533330,09/06/2009,09/06/2009,I,1,15/06/2009,X533436,X533437,X533438,X533439,X533440,,,,,,,,,,,,,,,,,,,,,,,,,,,,
4887,2009,201,YAR,PIEFL,1,,0,0,,,,,3,,,EP,,,,,,,,,,,,,,,,,,,,,,,,,,,,,,,,,,,,,,,,,,,,
4888,2009,202,YAR,BLUTI,2,10,,4,,,44,,,,,NE,,,,,,X533098,15/05/2009,15/05/2009,I,1,,,,,,,,,,,,,,,,,,,,,,,,,,,,,,,,,,
4889,2009,203,YAR,PIEFL,1,,0,0,,,50,,1,,,EU,,,,,,,,,,,,,,,,,,,,,,,,,,,,,,,,,,,,,,,,,,,,
4890,2009,206,YAR,PIEFL,1,7,7,5,,,37,,,,,NE,,,,,,X533133,23/05/2009,23/05/2009,I,1,08/06/2009,X533304,X533305,,,,,,,,,,,,,,,,,,,,,,,,,,,,,,,
4891,2009,207,YAR,BLUTI,1,9,,3,,,16,,,,,NE,,,,,,X533056,22/04/2009,22/04/2009,I,1,,,,,,,,,,,,,,,,,,,,,,,,,,,,,,,,,,
4892,2009,208,YAR,BLUTI,1,10,9,0,,,9,,,,,JD,,,,,,X533071,01/05/2009,01/05/2009,I,1,,,,,,,,,,,,,,,,,,,,,,,,,,,,,,,,,,
4893,2009,210,YAR,PIEFL,1,7,,0,,,41,,,,,JD,,,,,,,,,,,,,,,,,,,,,,,,,,,,,,,,,,,,,,,,,,,,
4894,2009,213,YAR,BLUTI,1,11,,1,,,14,,,,,NE,,,,,,,,,,,,,,,,,,,,,,,,,,,,,,,,,,,,,,,,,,,,
4895,2009,217,YAR,BLUTI,1,9,8,4,,,14,,,,,NE,,,,,,X533072,01/05/2009,01/05/2009,I,1,,,,,,,,,,,,,,,,,,,,,,,,,,,,,,,,,,
4896,2009,218,YAR,BLUTI,1,12,,4,,,12,,,,,NE,,,,,,X533057,22/04/2009,22/04/2009,I,1,,,,,,,,,,,,,,,,,,,,,,,,,,,,,,,,,,
4897,2009,219,YAR,PIEFL,1,7,5,5,,,30,,,,14.4,NE,P481942,29/05/2009,02/06/2004,R,5,V715893,20/05/2009,15/05/2008,S,2,31/05/2009,X533169,X533170,X533171,X533172,X533173,,,,,,,,,,,,,,,,,,,,,,,,,,,,
4898,2009,220,YAR,GRETI,1,7,,6,,,,,,,,NE,,,,,,,,,,,,,,,,,,,,,,,,,,,,,,,,,,,,,,,,,,,,
4899,2009,221,YAR,BLUTI,1,,0,0,,,,,6,,,EP,,,,,,,,,,,,,,,,,,,,,,,,,,,,,,,,,,,,,,,,,,,,
4900,2009,223,YAR,BLUTI,1,9,,4,,,16,,,,,NE,,,,,,,,,,,,,,,,,,,,,,,,,,,,,,,,,,,,,,,,,,,,
4901,2009,224,YAR,PIEFL,1,,0,0,,,32,,,,,EU,,,,,,,,,,,,,,,,,,,,,,,,,,,,,,,,,,,,,,,,,,,,
4902,2009,227,YAR,BLUTI,1,11,,7,,,15,,,,,NE,,,,,,X533073,01/05/2009,01/05/2009,I,1,,,,,,,,,,,,,,,,,,,,,,,,,,,,,,,,,,
4903,2009,228,YAR,PIEFL,1,6,6,6,,,47,,,,14.5,NE,X106705,09/06/2009,10/06/2008,R,1,X533140,25/05/2009,25/05/2009,I,1,10/06/2009,X533357,X533358,X533359,X533360,X533361,X533433,,,,,,,,,,,,,,,,,,,,,,,,,,,
4904,2009,229,YAR,GRETI,1,7,0,0,,,21,,,,,ED,,,,,,,,,,,,,,,,,,,,,,,,,,,,,,,,,,,,,,,,,,,,
4905,2009,230,YAR,BLUTI,1,7,7,4,,,17,,,,,NE,,,,,,X533079,03/05/2009,03/05/2009,I,1,,,,,,,,,,,,,,,,,,,,,,,,,,,,,,,,,,
4906,2009,231,YAR,BLUTI,2,8,5,3,,,45,,,,,NE,,,,,,,,,,,,,,,,,,,,,,,,,,,,,,,,,,,,,,,,,,,,
4907,2009,232,YAR,BLUTI,1,6,0,0,,,,,,,,ED,,,,,,X533058,22/04/2009,22/04/2009,I,1,,,,,,,,,,,,,,,,,,,,,,,,,,,,,,,,,,
4908,2009,233,YAR,PIEFL,1,,0,0,,,38,,,,,EP,,,,,,,,,,,,,,,,,,,,,,,,,,,,,,,,,,,,,,,,,,,,
4909,2009,234,YAR,PIEFL,1,6,6,6,,,34,,,,14.2,NE,X533174,31/05/2009,31/05/2009,I,1,X533099,15/05/2009,15/05/2009,I,1,31/05/2009,X533175,X533176,X533177,X533178,X533179,X533180,,,,,,,,,,,,,,,,,,,,,,,,,,,
4910,2009,235,YAR,BLUTI,1,10,,0,,,13,,,,,JD,,,,,,X533059,22/04/2009,22/04/2009,I,1,,,,,,,,,,,,,,,,,,,,,,,,,,,,,,,,,,
4911,2009,236,YAR,BLUTI,1,10,0,0,,,,,,,,ED,,,,,,X533074,01/05/2009,01/05/2009,I,1,,,,,,,,,,,,,,,,,,,,,,,,,,,,,,,,,,
4912,2009,237,YAR,PIEFL,1,7,7,0,,,39,,,,,JD,,,,,,X106501,23/05/2009,03/06/2008,R,1,,,,,,,,,,,,,,,,,,,,,,,,,,,,,,,,,,
4913,2009,239,YAR,PIEFL,1,7,,6,,,37,,,,,NE,X533307,08/06/2009,08/06/2009,I,1,X106562,20/05/2009,03/06/2008,R,1,09/06/2009,X533323,X533324,X533325,X533326,X533327,X533328,,,,,,,,,,,,,,,,,,,,,,,,,,,
4914,2009,240,YAR,BLUTI,1,10,10,7,,,19,,,,,NE,,,,,,X533092,10/05/2009,10/05/2009,I,1,,,,,,,,,,,,,,,,,,,,,,,,,,,,,,,,,,
4915,2009,242,YAR,GRETI,1,8,8,0,,,,,,,,JD,,,,,,,,,,,,,,,,,,,,,,,,,,,,,,,,,,,,,,,,,,,,
4916,2009,243,YAR,MARTI,1,8,8,8,,,16,,,,,NE,,,,,,X533075,01/05/2009,01/05/2009,I,1,,X533117,X533118,X533119,X533120,X533121,X533122,X533123,X533124,,,,,,,,,,,,,,,,,,,,,,,,,
4917,2009,244,YAR,PIEFL,1,7,6,0,,,,,,,,JD,,,,,,,,,,,,,,,,,,,,,,,,,,,,,,,,,,,,,,,,,,,,
4918,2009,245,YAR,PIEFL,1,6,6,5,,,37,,,,13.6,NE,X533308,08/06/2009,08/06/2009,I,1,X533126,20/05/2009,20/05/2009,I,1,09/06/2009,X533318,X533319,X533320,X533321,X533322,,,,,,,,,,,,,,,,,,,,,,,,,,,,
4919,2009,247,YAR,BLUTI,1,8,,5,,,22,,,,,NE,,,,,,X533093,10/05/2009,10/05/2009,I,1,,,,,,,,,,,,,,,,,,,,,,,,,,,,,,,,,,
4920,2009,248,YAR,GRETI,1,8,,0,,,,,,,,JD,,,,,,,,,,,,,,,,,,,,,,,,,,,,,,,,,,,,,,,,,,,,
4921,2009,301,YAR,BLUTI,1,13,,5,,,16,,,,,NE,,,,,,,,,,,,,,,,,,,,,,,,,,,,,,,,,,,,,,,,,,,,
4922,2009,303,YAR,PIEFL,1,6,6,4,,,40,,,,,NE,X533311,08/06/2009,08/06/2009,I,1,X533127,21/05/2009,21/05/2009,I,1,,,,,,,,,,,,,,,,,,,,,,,,,,,,,,,,,,
4923,2009,305,YAR,PIEFL,1,8,,0,,,34,,,,,JD,,,,,,V715892,21/05/2009,15/05/2008,S,2,,,,,,,,,,,,,,,,,,,,,,,,,,,,,,,,,,
4924,2009,306,YAR,BLUTI,1,10,,6,,,15,,,,,NE,,,,,,X533060,22/04/2009,22/04/2009,I,1,,,,,,,,,,,,,,,,,,,,,,,,,,,,,,,,,,
4925,2009,307,YAR,PIEFL,1,7,7,6,,,39,,,,14,NE,X533309,08/06/2009,08/06/2009,I,1,X533310,08/06/2009,08/06/2009,I,1,10/06/2009,X533362,,,,,,,,,,,,,,,,,,,,,,,,,,,,,,,,
4926,2009,311,YAR,BLUTI,1,9,,5,,,15,,,,,NE,,,,,,,,,,,,,,,,,,,,,,,,,,,,,,,,,,,,,,,,,,,,
4927,2009,313,YAR,PIEFL,1,8,,0,,,37,,,,,JD,,,,,,R655665,19/05/2009,09/06/2004,S,5,,,,,,,,,,,,,,,,,,,,,,,,,,,,,,,,,,
4928,2009,314,YAR,BLUTI,1,9,9,5,,,16,,,,,NE,,,,,,X533061,22/04/2009,22/04/2009,I,1,,,,,,,,,,,,,,,,,,,,,,,,,,,,,,,,,,
4929,2009,315,YAR,PIEFL,1,8,7,7,,,30,,,,14.1,NE,X533143,29/05/2009,29/05/2009,I,1,V715519,29/05/2009,31/05/2007,S,2,29/05/2009,X533144,X533145,X533146,X533147,X533148,X533149,X533150,,,,,,,,,,,,,,,,,,,,,,,,,,
4930,2009,318,YAR,BLUTI,1,11,0,0,,,,,,,,ED,,,,,,X533062,22/04/2009,22/04/2009,I,1,,,,,,,,,,,,,,,,,,,,,,,,,,,,,,,,,,
4931,2009,318,YAR,PIEFL,1,7,7,0,,,40,,,,,JD,,,,,,X533128,21/05/2009,21/05/2009,I,1,,,,,,,,,,,,,,,,,,,,,,,,,,,,,,,,,,
4932,2009,319,YAR,GRETI,1,7,,3,,,,,,,,NE,,,,,,,,,,,,,,,,,,,,,,,,,,,,,,,,,,,,,,,,,,,,
4933,2009,319,YAR,PIEFL,1,,,3,,,,,,,,NE,V715929,07/07/2009,03/06/2008,R,1,V725518,01/07/2009,08/06/2008,I,1,07/07/2009,X533460,X533461,X533462,,,,,,,,,,,,,,,,,,,,,,,,,,,,,,
4934,2009,320,YAR,PIEFL,1,6,6,0,,,44,,,,,JD,V715961,13/06/2009,03/06/2008,R,1,X106708,28/05/2009,10/06/2008,R,1,,,,,,,,,,,,,,,,,,,,,,,,,,,,,,,,,,
4935,2009,321,YAR,BLUTI,1,9,9,4,,,21,,,,,NE,,,,,,,,,,,,,,,,,,,,,,,,,,,,,,,,,,,,,,,,,,,,
4936,2009,322,YAR,BLUTI,1,11,0,0,,,15,,,,,ED,,,,,,X533063,22/04/2009,22/04/2009,I,1,,,,,,,,,,,,,,,,,,,,,,,,,,,,,,,,,,
4937,2009,323,YAR,PIEFL,1,6,6,3,,,39,,,,13.3,NE,T857616,08/06/2009,07/06/2006,I,3,X106606,23/05/2009,05/06/2008,R,1,10/06/2009,X533363,X533364,X533365,,,,,,,,,,,,,,,,,,,,,,,,,,,,,,
4938,2009,324,YAR,BLUTI,1,9,,0,,,16,,,,,JD,,,,,,X533076,01/05/2009,01/05/2009,I,1,,,,,,,,,,,,,,,,,,,,,,,,,,,,,,,,,,
4939,2009,325,YAR,PIEFL,1,7,,0,,,47,,,,,JD,,,,,,X533151,29/05/2009,29/05/2009,I,1,,,,,,,,,,,,,,,,,,,,,,,,,,,,,,,,,,
4940,2009,326,YAR,BLUTI,1,7,7,4,,,26,,,,,NE,,,,,,,,,,,,,,,,,,,,,,,,,,,,,,,,,,,,,,,,,,,,
4941,2009,327,YAR,BLUTI,1,11,,3,,,15,,,,,NE,,,,,,,,,,,,,,,,,,,,,,,,,,,,,,,,,,,,,,,,,,,,
4942,2009,328,YAR,BLUTI,2,7,,3,,,,,,,,NE,,,,,,X533077,01/05/2009,01/05/2009,I,1,,,,,,,,,,,,,,,,,,,,,,,,,,,,,,,,,,
4943,2009,329,YAR,BLUTI,1,11,0,0,,,,,,,,ED,,,,,,X533077,01/05/2009,01/05/2009,S,2,,,,,,,,,,,,,,,,,,,,,,,,,,,,,,,,,,
4944,2009,330,YAR,GRETI,1,6,6,6,,,,,,,,NE,,,,,,,,,,,,,,,,,,,,,,,,,,,,,,,,,,,,,,,,,,,,
4945,2009,331,YAR,BLUTI,1,11,,6,,,14,,,,,NE,,,,,,X533080,05/05/2009,05/05/2009,I,1,,,,,,,,,,,,,,,,,,,,,,,,,,,,,,,,,,
4946,2009,332,YAR,PIEFL,1,7,7,7,,,35,,,,13.1,NE,X533216,05/06/2009,05/06/2009,I,1,X533134,23/05/2009,23/05/2009,I,1,05/06/2009,X533217,X533218,X533219,X533220,X533221,X533222,X533223,,,,,,,,,,,,,,,,,,,,,,,,,,
4947,2009,333,YAR,BLUTI,1,10,,7,,,15,,,,,NE,,,,,,X533064,22/04/2009,22/04/2009,I,1,,,,,,,,,,,,,,,,,,,,,,,,,,,,,,,,,,
4948,2009,335,YAR,GRETI,1,10,,,,,18,,,,,NE,,,,,,X533088,08/05/2009,08/05/2009,I,1,,,,,,,,,,,,,,,,,,,,,,,,,,,,,,,,,,
4949,2009,336,YAR,BLUTI,1,9,9,0,,,24,,,,,JD,,,,,,X533087,08/05/2009,08/05/2009,I,1,,,,,,,,,,,,,,,,,,,,,,,,,,,,,,,,,,
4950,2009,337,YAR,PIEFL,1,5,,0,,,40,,,,,JD,,,,,,X533129,21/05/2009,21/05/2009,I,1,,,,,,,,,,,,,,,,,,,,,,,,,,,,,,,,,,
4951,2009,339,YAR,BLUTI,1,8,,7,,,,,,,,NE,,,,,,X533065,22/04/2009,22/04/2009,I,1,,,,,,,,,,,,,,,,,,,,,,,,,,,,,,,,,,
4952,2009,340,YAR,BLUTI,1,8,,0,,,12,,,,,JD,,,,,,X533094,10/05/2009,10/05/2009,I,1,,,,,,,,,,,,,,,,,,,,,,,,,,,,,,,,,,
4953,2009,341,YAR,PIEFL,1,8,7,6,,,33,,,,11.3,NE,X533181,31/05/2009,31/05/2009,I,1,V715899,15/05/2009,15/05/2008,S,2,02/06/2009,X533205,X533206,X533207,X533208,X533209,X533210,,,,,,,,,,,,,,,,,,,,,,,,,,,
4954,2009,343,YAR,BLUTI,1,9,9,0,,,14,,,,,JD,,,,,,X533067,22/04/2009,22/04/2009,I,1,,,,,,,,,,,,,,,,,,,,,,,,,,,,,,,,,,
4955,2009,344,YAR,PIEFL,1,6,,4,,,45,,,,15.5,NE,X533329,09/06/2009,09/06/2009,I,1,V241498,23/05/2009,31/05/2007,S,3,09/06/2009,X533366,X533367,X533368,X533432,,,,,,,,,,,,,,,,,,,,,,,,,,,,,
4956,2009,346,YAR,PIEFL,1,8,7,7,,,33,,,,14,NE,X533224,05/06/2009,05/06/2009,I,1,V715900,05/06/2009,15/05/2008,S,2,05/06/2009,X533225,X533226,X533227,X533228,X533229,X533230,X533231,,,,,,,,,,,,,,,,,,,,,,,,,,
4957,2009,348,YAR,PIEFL,1,7,7,7,,,35,,,,12,NE,X533232,05/06/2009,05/06/2009,I,1,X533130,21/05/2009,21/05/2009,I,1,05/06/2009,X533233,X533234,X533235,X533236,X533237,X533238,X533239,,,,,,,,,,,,,,,,,,,,,,,,,,
4958,2009,351,YAR,PIEFL,1,6,6,0,,,41,,,,,JD,,,,,,V715938,23/05/2009,03/06/2008,R,1,,,,,,,,,,,,,,,,,,,,,,,,,,,,,,,,,,
4959,2009,353,YAR,BLUTI,1,,0,0,,,,,,,,ED,,,,,,,,,,,,,,,,,,,,,,,,,,,,,,,,,,,,,,,,,,,,
4960,2009,353,YAR,PIEFL,1,6,5,3,,,46,,,,,NE,X106709,09/06/2009,10/06/2008,R,1,X533135,23/05/2009,23/05/2009,I,1,10/06/2009,X533369,X533370,X533371,,,,,,,,,,,,,,,,,,,,,,,,,,,,,,
4961,2009,354,YAR,BLUTI,2,10,,0,,,36,56,,,,JD,,,,,,X533100,15/05/2009,15/05/2009,I,1,,,,,,,,,,,,,,,,,,,,,,,,,,,,,,,,,,
4962,2009,355,YAR,PIEFL,1,7,,3,,,39,51,,,13.7,NE,V715976,08/06/2009,03/06/2008,R,1,R723790,23/05/2009,24/05/2006,S,4,10/06/2009,X533372,X533373,X533374,,,,,,,,,,,,,,,,,,,,,,,,,,,,,,
4963,2009,HIDE7,YAR,PIEFL,1,6,,0,,,33,48,,,,JP,,,,,,X533106,17/05/2009,17/05/2009,I,1,,,,,,,,,,,,,,,,,,,,,,,,,,,,,,,,,,
4964,2009,HIDE8,YAR,BLUTI,1,,,4,,,22,,,,,NE,,,,,,,,,,,,,,,,,,,,,,,,,,,,,,,,,,,,,,,,,,,,
4965,2009,HIDE9,YAR,GRETI,1,,,,,,22,45,,,,OU,,,,,,,,,,,,,,,,,,,,,,,,,,,,,,,,,,,,,,,,,,,,
4966,2010,1,BVW,BLUTI,1,7,,3,,,,,,,,NE,,,,,,,,,,,,,,,,,,,,,,,,,,,,,,,,,,,,,,,,,,,,
4967,2010,2,BVW,PIEFL,1,7,7,7,,,,,,,,NE,X533256,06/06/2010,06/06/2009,S,2,L261539,17/05/2010,17/05/2010,I,1,06/06/2010,L261911,L261912,L261913,L261914,L261915,L261916,L261917,,,,,,,,,,,,,,,,,,,,,,,,,,
4968,2010,3,BVW,PIEFL,1,6,6,6,,,36,,,,,NE,,,,,,L261540,17/05/2010,17/05/2010,I,1,06/06/2010,L261918,L261919,L261920,L261921,L261922,L261923,,,,,,,,,,,,,,,,,,,,,,,,,,,
4969,2010,4,BVW,BLUTI,1,9,9,9,,,23,,,,,NE,,,,,,,,,,,,,,,,,,,,,,,,,,,,,,,,,,,,,,,,,,,,
4970,2010,5,BVW,PIEFL,1,7,7,7,,,32,,,,,NE,X106710,01/06/2010,10/06/2008,R,2,,,,,,03/06/2010,L261753,L261754,L261755,L261756,L261757,L261758,L261759,,,,,,,,,,,,,,,,,,,,,,,,,,
4971,2010,6,BVW,GRETI,1,,0,0,,,26,,7,,,ED,,,,,,,,,,,,,,,,,,,,,,,,,,,,,,,,,,,,,,,,,,,,
4972,2010,7,BVW,GRETI,1,,,6,,,28,,,,,NE,,,,,,,,,,,,,,,,,,,,,,,,,,,,,,,,,,,,,,,,,,,,
4973,2010,8,BVW,BLUTI,1,,,9,,,27,,,,,NE,,,,,,,,,,,,,,,,,,,,,,,,,,,,,,,,,,,,,,,,,,,,
4974,2010,9,BVW,BLUTI,1,,,8,,,30,,,,,NE,,,,,,,,,,,,,,,,,,,,,,,,,,,,,,,,,,,,,,,,,,,,
4975,2010,10,BVW,BLUTI,1,8,8,8,,,39,,,,,NE,,,,,,,,,,,,,,,,,,,,,,,,,,,,,,,,,,,,,,,,,,,,
4976,2010,11,BVW,PIEFL,1,6,6,6,,,35,,,,,NE,L261900,06/06/2010,06/06/2010,I,1,L261538,17/05/2010,17/05/2010,I,1,03/06/2010,L261760,L261761,L261762,L261763,L261764,L261765,,,,,,,,,,,,,,,,,,,,,,,,,,,
4977,2010,12,BVW,PIEFL,1,7,7,7,,,39,,,,,NE,R723227,06/06/2010,01/06/2005,S,5,L261537,17/05/2010,17/05/2010,I,1,06/06/2010,L261904,L261905,L261906,L261907,L261908,L261909,L261910,,,,,,,,,,,,,,,,,,,,,,,,,,
4978,2010,13,BVW,BLUTI,1,4,3,3,,,30,,,1,,NE,,,,,,,,,,,,,,,,,,,,,,,,,,,,,,,,,,,,,,,,,,,,
4979,2010,14,BVW,PIEFL,1,6,5,5,,,34,,,1,,NE,X106609,06/06/2010,05/06/2008,S,3,L261541,17/05/2010,17/05/2010,I,1,06/06/2010,L261892,L261893,L261894,L261895,L261896,,,,,,,,,,,,,,,,,,,,,,,,,,,,
4980,2010,15,BVW,BLUTI,1,,,7,,,30,,,,,NE,,,,,,,,,,,,,,,,,,,,,,,,,,,,,,,,,,,,,,,,,,,,
4981,2010,16,BVW,PIEFL,1,6,6,6,,,40,,,,,NE,V725066,06/06/2010,29/05/2007,S,3,V715927,17/05/2010,24/05/2008,S,3,06/06/2010,L261897,L261898,L261899,L261901,L261902,L261903,,,,,,,,,,,,,,,,,,,,,,,,,,,
4982,2010,17,BVW,BLUTI,1,7,7,0,,,31,,,,,JD,,,,,,,,,,,,,,,,,,,,,,,,,,,,,,,,,,,,,,,,,,,,
4983,2010,18,BVW,GRETI,1,,,5,,,25,,,1,,NE,,,,,,,,,,,,,,,,,,,,,,,,,,,,,,,,,,,,,,,,,,,,
4984,2010,20,BVW,PIEFL,1,7,7,7,,,31,,,,,NE,X533283,01/06/2010,07/06/2009,S,2,L261696,01/06/2010,01/06/2010,I,1,01/06/2010,L261689,L261690,L261691,L261692,L261693,L261694,L261695,,,,,,,,,,,,,,,,,,,,,,,,,,
4985,2010,21,BVW,BLUTI,1,,,4,,,29,,6,,,NE,,,,,,,,,,,,,,,,,,,,,,,,,,,,,,,,,,,,,,,,,,,,
4986,2010,22,BVW,BLUTI,1,9,9,9,,,25,,,,,NE,,,,,,,,,,,,,,,,,,,,,,,,,,,,,,,,,,,,,,,,,,,,
4987,2010,23,BVW,GRETI,1,,,3,,,21,,7,,,NE,,,,,,,,,,,,,,,,,,,,,,,,,,,,,,,,,,,,,,,,,,,,
4988,2010,24,BVW,BLUTI,1,,,7,,,23,,10,,,NE,,,,,,,,,,,,,,,,,,,,,,,,,,,,,,,,,,,,,,,,,,,,
4989,2010,18A,BVW,BLUTI,1,10,,7,,,28,,,,,NE,,,,,,,,,,,,,,,,,,,,,,,,,,,,,,,,,,,,,,,,,,,,
4990,2010,18B,BVW,BLUTI,1,,,9,,,28,,,,,NE,,,,,,,,,,,,,,,,,,,,,,,,,,,,,,,,,,,,,,,,,,,,
4991,2010,18C,BVW,BLUTI,1,10,,8,,,21,,,,,NE,,,,,,L261536,17/05/2010,17/05/2010,I,1,,,,,,,,,,,,,,,,,,,,,,,,,,,,,,,,,,
4992,2010,18E,BVW,BLUTI,1,,,8,,,28,,,,,NE,,,,,,,,,,,,,,,,,,,,,,,,,,,,,,,,,,,,,,,,,,,,
4993,2010,1,NEA,BLUTI,1,6,,4,,,30,,,,,NE,,,,,,,,,,,,,,,,,,,,,,,,,,,,,,,,,,,,,,,,,,,,
4994,2010,2,NEA,BLUTI,1,8,,7,,,,,,,,NE,,,,,,,,,,,,,,,,,,,,,,,,,,,,,,,,,,,,,,,,,,,,
4995,2010,3,NEA,BLUTI,1,7,7,7,,,28,,,,,NE,,,,,,,,,,,,,,,,,,,,,,,,,,,,,,,,,,,,,,,,,,,,
4996,2010,4,NEA,GRETI,1,6,6,5,,,15,,,,,NE,,,,,,,,,,,,,,,,,,,,,,,,,,,,,,,,,,,,,,,,,,,,
4997,2010,5,NEA,BLUTI,1,10,,6,,,28,,,,,NE,,,,,,,,,,,,,,,,,,,,,,,,,,,,,,,,,,,,,,,,,,,,
4998,2010,6,NEA,PIEFL,1,7,,5,,,48,,,,,NE,L261959,07/06/2010,07/06/2010,I,1,L261946,07/06/2010,07/06/2010,I,1,16/06/2010,L422641,L422642,L422643,L422644,L422645,,,,,,,,,,,,,,,,,,,,,,,,,,,,
4999,2010,7,NEA,BLUTI,1,9,,,,,27,,,1,,NE,,,,,,,,,,,,,,,,,,,,,,,,,,,,,,,,,,,,,,,,,,,,
5000,2010,8,NEA,BLUTI,1,,,11,,,23,,,,,NE,,,,,,,,,,,,,,,,,,,,,,,,,,,,,,,,,,,,,,,,,,,,
5001,2010,10,NEA,BLUTI,1,,,5,,,35,,9,1,,NE,,,,,,,,,,,,,,,,,,,,,,,,,,,,,,,,,,,,,,,,,,,,
5002,2010,11,NEA,BLUTI,1,9,9,9,,,29,,,,,NE,,,,,,,,,,,,,,,,,,,,,,,,,,,,,,,,,,,,,,,,,,,,
5003,2010,13,NEA,PIEFL,1,6,6,6,,,36,,,,,NE,L261953,07/06/2010,07/06/2010,I,1,L261560,20/05/2010,20/05/2010,I,1,07/06/2010,L261947,L261948,L261949,L261950,L261951,L261952,,,,,,,,,,,,,,,,,,,,,,,,,,,
5004,2010,14,NEA,PIEFL,1,,0,0,,,44,,3,,,ED,,,,,,,,,,,,,,,,,,,,,,,,,,,,,,,,,,,,,,,,,,,,
5005,2010,15,NEA,MARTI,1,9,,7,,,19,,,,,NE,,,,,,V715870,06/05/2010,30/04/2008,S,3,,L261551,L261552,L261553,L261554,L261555,L261556,L261557,,,,,,,,,,,,,,,,,,,,,,,,,,
5006,2010,17,NEA,PIEFL,1,7,,5,,,40,,,1,,NE,,,,,,L261558,20/05/2010,20/05/2010,I,1,07/06/2010,L261954,L261955,L261956,L261957,L261958,,,,,,,,,,,,,,,,,,,,,,,,,,,,
5007,2010,18,NEA,PIEFL,1,6,6,6,,,42,,,,,NE,L261959,07/06/2010,07/06/2010,I,1,L261559,20/05/2010,20/05/2010,I,1,11/06/2010,L422583,L422584,L422585,L422586,L422587,L422588,,,,,,,,,,,,,,,,,,,,,,,,,,,
5008,2010,20,NEA,PIEFL,1,,0,0,,,37,,5,,,ED,,,,,,,,,,,,,,,,,,,,,,,,,,,,,,,,,,,,,,,,,,,,
5009,2010,FOXWTY,NEA,PIEFL,1,7,,6,,,40,,,,,NE,,,,,,L261550,20/05/2010,20/05/2010,I,1,11/06/2010,L422577,L422578,L422579,L422580,L422581,L422582,,,,,,,,,,,,,,,,,,,,,,,,,,,
5010,2010,101,YAR,PIEFL,1,6,6,6,,,36,56,,,12.7,NE,X106709,02/06/2010,10/06/2008,S,2,X533194,17/05/2010,01/06/2009,R,1,05/06/2010,L261844,L261845,L261846,L261847,L261848,L261849,,,,,,,,,,,,,,,,,,,,,,,,,,,
5011,2010,102,YAR,BLUTI,1,12,,8,,,24,51,,,,NE,,,,,,L261547,20/05/2010,20/05/2010,I,1,05/06/2010,L261850,L261851,L261852,L261853,L261854,L261855,L261856,L261857,,,,,,,,,,,,,,,,,,,,,,,,,
5012,2010,104,YAR,BLUTI,1,11,,2,,,21,48,,,,NE,,,,,,X533100,14/05/2010,15/05/2009,S,2,05/06/2010,L261858,L261859,,,,,,,,,,,,,,,,,,,,,,,,,,,,,,,
5013,2010,105,YAR,GRETI,1,7,,4,,,22,,,,,NE,,,,,,V014825,20/05/2010,12/02/2009,I,2,,,,,,,,,,,,,,,,,,,,,,,,,,,,,,,,,,
5014,2010,109,YAR,NUTHA,1,6,,3,,,22,45,,,,NE,,,,,,,,,,,,,,,,,,,,,,,,,,,,,,,,,,,,,,,,,,,,
5015,2010,111,YAR,BLUTI,1,12,,7,,,23,51,,,,NE,,,,,,,,,,,05/06/2010,L261837,L261838,L261839,L261840,L261841,L261842,L261843,,,,,,,,,,,,,,,,,,,,,,,,,,
5016,2010,113,YAR,PIEFL,1,7,0,0,,,38,,,,,ED,,,,,,L261529,17/05/2010,17/05/2010,I,1,,,,,,,,,,,,,,,,,,,,,,,,,,,,,,,,,,
5017,2010,116,YAR,BLUTI,1,6,0,0,,,22,,,,,ED,,,,,,V014893,10/05/2010,19/01/2010,I,1,,,,,,,,,,,,,,,,,,,,,,,,,,,,,,,,,,
5018,2010,118,YAR,PIEFL,1,6,6,6,,,34,55,,,14.8,NE,X533306,04/06/2010,08/06/2009,S,2,X533133,15/05/2010,23/05/2009,S,2,01/06/2010,L261675,L261676,L261677,L261678,L261679,L261697,,,,,,,,,,,,,,,,,,,,,,,,,,,
5019,2010,123,YAR,BLUTI,1,10,,7,,,24,46,,,,NE,,,,,,X533070,07/05/2010,01/05/2009,S,2,30/05/2010,L261626,L261627,L261628,L261629,L261630,L261631,,,,,,,,,,,,,,,,,,,,,,,,,,,
5020,2010,124,YAR,PIEFL,1,7,7,7,,,39,58,,,13.6,NE,V715936,04/06/2010,03/06/2008,R,2,V715915,04/06/2010,22/05/2008,S,3,04/06/2010,L261791,L261792,L261793,L261794,L261795,L261796,L261797,,,,,,,,,,,,,,,,,,,,,,,,,,
5021,2010,125,YAR,PIEFL,1,8,,7,,,32,53,,,14.5,NE,V715974,01/06/2010,03/06/2008,R,2,V715519,12/05/2010,31/05/2007,S,3,01/06/2010,L261649,L261650,L261651,L261652,L261653,L261654,L261655,,,,,,,,,,,,,,,,,,,,,,,,,,
5022,2010,126,YAR,PIEFL,1,6,,4,,,37,57,,1,14.5,NE,,,,,,X106531,07/06/2010,03/06/2008,R,2,03/06/2010,L261732,L261733,L261734,L261735,,,,,,,,,,,,,,,,,,,,,,,,,,,,,
5023,2010,129,YAR,BLUTI,1,11,,10,,,26,50,,,,NE,,,,,,V014804,07/05/2010,12/02/2009,S,2,04/06/2010,L261775,L261776,L261777,L261778,L261779,L261780,L261781,L261782,L261783,,,,,,,,,,,,,,,,,,,,,,,,
5024,2010,131,YAR,PIEFL,1,6,5,5,,,38,58,,,14,NE,V715935,05/06/2010,03/06/2008,S,2,X533126,18/05/2010,20/05/2009,S,2,05/06/2010,L261860,L261861,L261862,L261863,L261864,,,,,,,,,,,,,,,,,,,,,,,,,,,,
5025,2010,201,YAR,BLUTI,1,8,8,8,,,31,53,,,,NE,,,,,,V014973,13/05/2010,08/02/2010,I,1,06/06/2010,L261933,L261934,L261935,L261936,L261937,L261938,L261939,L261940,,,,,,,,,,,,,,,,,,,,,,,,,
5026,2010,202,YAR,PIEFL,1,,0,0,,,38,,,,,EP,,,,,,,,,,,,,,,,,,,,,,,,,,,,,,,,,,,,,,,,,,,,
5027,2010,205,YAR,PIEFL,2,6,6,6,,,50,68,,,,NE,L422630,15/06/2010,15/06/2010,I,1,L261632,30/05/2010,30/05/2010,I,1,15/06/2010,L422624,L422625,L422626,L422627,L422628,L422629,,,,,,,,,,,,,,,,,,,,,,,,,,,
5028,2010,207,YAR,BLUTI,1,9,9,9,,,29,53,,,,NE,,,,,,,,,,,06/06/2010,L261924,L261925,L261926,L261927,L261928,L261929,L261930,L261931,L261932,,,,,,,,,,,,,,,,,,,,,,,,
5029,2010,208,YAR,BLUTI,1,10,,6,,,24,46,,,,NE,,,,,,V014955,07/05/2010,27/01/2010,I,1,30/05/2010,L261633,L261634,L261635,L261636,L261637,L261638,,,,,,,,,,,,,,,,,,,,,,,,,,,
5030,2010,209,YAR,PIEFL,1,6,6,6,,,36,56,,,14.8,NE,L261703,02/06/2010,02/06/2010,I,1,L261544,18/05/2010,18/05/2010,I,1,03/06/2010,L261747,L261748,L261749,L261750,L261751,L261752,,,,,,,,,,,,,,,,,,,,,,,,,,,
5031,2010,211,YAR,PIEFL,1,7,7,7,,,37,57,,,15,NE,X106544,03/06/2010,03/06/2008,R,2,V715922,18/05/2010,22/05/2008,S,3,,,,,,,,,,,,,,,,,,,,,,,,,,,,,,,,,,
5032,2010,213,YAR,BLUTI,1,8,,5,,,17,41,,,,NE,,,,,,L261501,01/05/2010,01/05/2010,I,1,25/05/2010,L261578,L261579,L261580,L261581,L261582,,,,,,,,,,,,,,,,,,,,,,,,,,,,
5033,2010,214,YAR,PIEFL,1,5,,4,,,39,59,,,13.5,NE,L261983,08/06/2010,08/06/2010,I,1,X315270,18/05/2010,05/06/2009,I,1,11/06/2010,L262000,L422501,L422502,L422503,,,,,,,,,,,,,,,,,,,,,,,,,,,,,
5034,2010,216,YAR,PIEFL,1,8,7,7,,,37,59,,,13.4,NE,V715537,07/06/2010,02/06/2007,R,3,X533128,17/05/2010,21/05/2009,S,2,11/06/2010,L422504,L422505,L422506,L422507,L422508,L422509,L422510,,,,,,,,,,,,,,,,,,,,,,,,,,
5035,2010,217,YAR,GRETI,1,8,,5,,,18,38,,,,NE,,,,,,L261502,01/05/2010,01/05/2010,I,1,,,,,,,,,,,,,,,,,,,,,,,,,,,,,,,,,,
5036,2010,218,YAR,BLUTI,1,9,,6,,,20,41,,,,NE,,,,,,X533072,01/05/2010,01/05/2009,S,2,25/05/2010,L261583,L261584,L261585,L261586,L261587,L261588,,,,,,,,,,,,,,,,,,,,,,,,,,,
5037,2010,219,YAR,BLUTI,1,10,,3,,,18,41,,,,NE,,,,,,L261503,01/05/2010,01/05/2010,I,1,25/05/2010,L261589,L261590,L261591,,,,,,,,,,,,,,,,,,,,,,,,,,,,,,
5038,2010,220,YAR,PIEFL,1,7,7,7,,,38,59,,,14.4,NE,L261960,07/06/2010,07/06/2010,I,1,L261530,17/05/2010,17/05/2010,I,1,11/06/2010,L422511,L422512,L422513,L422514,L422515,L422516,L422517,,,,,,,,,,,,,,,,,,,,,,,,,,
5039,2010,221,YAR,BLUTI,1,10,,7,,,23,48,,,,NE,,,,,,X533073,15/05/2010,01/05/2009,S,2,28/05/2010,L261609,L261610,L261611,L261612,L261613,L261614,L261615,,,,,,,,,,,,,,,,,,,,,,,,,,
5040,2010,222,YAR,BLUTI,1,9,0,0,,,30,,,,,ED,,,,,,L261524,12/05/2010,12/05/2010,I,1,,,,,,,,,,,,,,,,,,,,,,,,,,,,,,,,,,
5041,2010,223,YAR,PIEFL,1,7,,6,,,37,60,,,14.5,NE,P481942,07/06/2010,02/06/2004,S,6,X106562,18/05/2010,03/06/2008,S,2,11/06/2010,L422518,L422519,L422520,L422521,L422522,L422523,,,,,,,,,,,,,,,,,,,,,,,,,,,
5042,2010,224,YAR,PIEFL,1,6,5,5,,,35,55,,,,NE,X533267,01/06/2010,06/06/2009,R,1,P481902,15/05/2010,02/06/2004,S,6,02/06/2010,L261698,L261699,L261700,L261701,L261702,,,,,,,,,,,,,,,,,,,,,,,,,,,,
5043,2010,226,YAR,BLUTI,1,,0,0,,,24,,,,,EU,,,,,,,,,,,,,,,,,,,,,,,,,,,,,,,,,,,,,,,,,,,,
5044,2010,227,YAR,BLUTI,1,9,0,0,,,19,,,,,ED,,,,,,L261504,01/05/2010,01/05/2010,I,1,,,,,,,,,,,,,,,,,,,,,,,,,,,,,,,,,,
5045,2010,229,YAR,PIEFL,1,7,7,7,,,43,62,,,,NE,X106705,08/06/2010,10/06/2008,S,2,X533140,20/05/2010,25/05/2009,S,2,11/06/2010,L422524,L422525,L422526,L422527,L422528,L422529,L422530,,,,,,,,,,,,,,,,,,,,,,,,,,
5046,2010,230,YAR,PIEFL,1,7,7,7,,,36,57,,,15,NE,X533311,03/06/2010,08/06/2009,S,2,V715893,15/05/2010,15/05/2008,S,3,07/06/2010,L261961,L261962,L261963,L261964,L261965,L261966,L261967,,,,,,,,,,,,,,,,,,,,,,,,,,
5047,2010,231,YAR,BLUTI,1,5,,4,,,21,42,,,,NE,,,,,,L261523,12/05/2010,12/05/2010,I,1,26/05/2010,L261592,L261593,L261594,L261595,,,,,,,,,,,,,,,,,,,,,,,,,,,,,
5048,2010,234,YAR,PIEFL,1,7,7,7,,,36,59,,,13.1,NE,X533307,08/06/2010,08/06/2009,S,2,L261531,17/05/2010,17/05/2010,I,1,11/06/2010,L422531,L422532,L422533,L422534,L422535,L422536,L422537,,,,,,,,,,,,,,,,,,,,,,,,,,
5049,2010,235,YAR,BLUTI,1,9,,8,,,23,45,,,,NE,,,,,,L261527,15/05/2010,15/05/2010,I,1,29/05/2010,L261616,L261617,L261618,L261619,L261620,L261621,L261622,L261623,,,,,,,,,,,,,,,,,,,,,,,,,
5050,2010,236,YAR,PIEFL,1,6,6,6,,,44,63,,,,NE,L422618,15/06/2010,15/06/2010,I,1,L261577,23/05/2010,23/05/2010,I,1,11/06/2010,L422538,L422539,L422540,L422541,L422542,L422543,,,,,,,,,,,,,,,,,,,,,,,,,,,
5051,2010,237,YAR,BLUTI,1,8,,0,,,18,41,,,,JP,,,,,,L261512,08/05/2010,08/05/2010,I,1,,,,,,,,,,,,,,,,,,,,,,,,,,,,,,,,,,
5052,2010,238,YAR,BLUTI,1,11,,9,,,21,47,,,10,NE,,,,,,L261528,15/05/2010,15/05/2010,I,1,31/05/2010,L261665,L261666,L261667,L261668,L261669,L261670,L261671,L261672,L261673,,,,,,,,,,,,,,,,,,,,,,,,
5053,2010,240,YAR,BLUTI,1,9,0,0,,,25,,,,,ED,,,,,,,,,,,,,,,,,,,,,,,,,,,,,,,,,,,,,,,,,,,,
5054,2010,241,YAR,PIEFL,1,6,6,6,,,38,57,,,14,NE,L261871,05/06/2010,05/06/2010,I,1,X106501,15/05/2010,03/06/2008,S,2,05/06/2010,L261872,L261873,L261874,L261875,L261876,L261877,,,,,,,,,,,,,,,,,,,,,,,,,,,
5055,2010,243,YAR,BLUTI,1,9,0,0,,,25,,,,,ED,,,,,,L261513,08/05/2010,08/05/2010,I,1,,,,,,,,,,,,,,,,,,,,,,,,,,,,,,,,,,
5056,2010,245,YAR,PIEFL,1,6,6,4,,,,,,,,NE,,,,,,V725924,01/06/2010,08/06/2009,I,1,18/06/2010,L422646,L422647,L422648,L422649,L422650,L422651,,,,,,,,,,,,,,,,,,,,,,,,,,,
5057,2010,246,YAR,PIEFL,1,6,6,6,,,37,56,,,15,NE,R723456,02/06/2010,07/06/2005,R,5,X533099,02/06/2010,15/05/2009,S,2,05/06/2010,L261865,L261866,L261867,L261868,L261869,L261870,,,,,,,,,,,,,,,,,,,,,,,,,,,
5058,2010,247,YAR,PIEFL,1,6,6,6,,,47,65,,,,NE,L422550,11/06/2010,11/06/2010,I,1,X533379,26/05/2010,10/06/2009,I,1,11/06/2010,L422544,L422545,L422546,L422547,L422548,L422549,,,,,,,,,,,,,,,,,,,,,,,,,,,
5059,2010,248,YAR,GRETI,1,8,,2,,,28,,,,,NE,,,,,,L261514,08/05/2010,08/05/2010,I,1,,,,,,,,,,,,,,,,,,,,,,,,,,,,,,,,,,
5060,2010,249,YAR,PIEFL,1,7,,0,,,43,62,,,,JD,L261984,08/06/2010,08/06/2010,I,1,,,,,,,,,,,,,,,,,,,,,,,,,,,,,,,,,,,,,,,
5061,2010,250,YAR,GRETI,1,9,,3,,,28,,,,,NE,,,,,,,,,,,,,,,,,,,,,,,,,,,,,,,,,,,,,,,,,,,,
5062,2010,301,YAR,BLUTI,1,10,,9,,,23,47,,,10.5,NE,,,,,,X533061,15/05/2010,22/04/2009,S,2,31/05/2010,L261656,L261657,L261658,L261659,L261660,L261661,L261662,L261663,L261664,,,,,,,,,,,,,,,,,,,,,,,,
5063,2010,303,YAR,PIEFL,1,6,6,6,,,37,57,,,13.8,NE,V715961,08/06/2010,03/06/2008,S,2,L261532,17/05/2010,17/05/2010,I,1,05/06/2010,L261824,L261825,L261826,L261827,L261828,L261829,,,,,,,,,,,,,,,,,,,,,,,,,,,
5064,2010,305,YAR,PIEFL,1,7,,5,,,34,58,,,13.4,NE,X533308,08/06/2010,08/06/2009,S,2,X106734,17/05/2010,12/06/2008,I,2,05/06/2010,L261812,L261813,L261814,L261815,L261816,,,,,,,,,,,,,,,,,,,,,,,,,,,,
5065,2010,306,YAR,BLUTI,1,9,8,8,,,26,50,,1,,NE,,,,,,X533060,17/05/2010,22/04/2009,S,2,05/06/2010,L261798,L261799,L261800,L261801,L261802,L261803,L261804,L261805,,,,,,,,,,,,,,,,,,,,,,,,,
5066,2010,308,YAR,PIEFL,1,6,6,6,,,39,59,,,14.7,NE,X533143,05/06/2010,29/05/2009,S,2,L261542,18/05/2010,18/05/2010,I,1,05/06/2010,L261806,L261807,L261808,L261809,L261810,L261811,,,,,,,,,,,,,,,,,,,,,,,,,,,
5067,2010,312,YAR,BLUTI,1,10,10,10,,,22,46,,,,NE,,,,,,L261521,09/05/2010,09/05/2010,I,1,30/05/2010,L261639,L261640,L261641,L261642,L261643,L261644,L261645,L261646,L261647,L261648,,,,,,,,,,,,,,,,,,,,,,,
5068,2010,314,YAR,PIEFL,1,8,,7,,,33,56,,,14.2,NE,V715929,02/06/2010,03/06/2008,S,2,V743815,12/05/2010,25/08/2009,I,1,05/06/2010,L261817,L261818,L261819,L261820,L261821,L261822,L261823,,,,,,,,,,,,,,,,,,,,,,,,,,
5069,2010,315,YAR,BLUTI,1,11,7,0,,,23,47,,,,JD,,,,,,L261511,07/05/2010,07/05/2010,I,1,,,,,,,,,,,,,,,,,,,,,,,,,,,,,,,,,,
5070,2010,317,YAR,PIEFL,1,7,7,7,,,37,57,,,13.9,NE,L261885,05/06/2010,05/06/2010,I,1,L261533,17/05/2010,17/05/2010,I,1,05/06/2010,L261878,L261879,L261880,L261881,L261882,L261883,L261884,,,,,,,,,,,,,,,,,,,,,,,,,,
5071,2010,319,YAR,PIEFL,1,7,7,7,,,42,62,,,,NE,L261985,08/06/2010,08/06/2010,I,1,L261549,20/05/2010,20/05/2010,I,1,11/06/2010,L422551,L422552,L422553,L422554,L422555,L422556,L422557,,,,,,,,,,,,,,,,,,,,,,,,,,
5072,2010,320,YAR,BLUTI,1,11,0,0,,,23,,,,,ED,,,,,,X533062,07/05/2010,22/04/2009,S,2,,,,,,,,,,,,,,,,,,,,,,,,,,,,,,,,,,
5073,2010,321,YAR,BLUTI,1,9,,8,,,26,49,,,,NE,,,,,,L261534,17/05/2010,17/05/2010,I,1,02/06/2010,L261710,L261711,L261712,L261713,L261714,L261715,L261716,L261717,,,,,,,,,,,,,,,,,,,,,,,,,
5074,2010,322,YAR,BLUTI,1,11,0,0,,,23,,,,,ED,,,,,,X533080,19/05/2010,05/05/2009,S,2,,,,,,,,,,,,,,,,,,,,,,,,,,,,,,,,,,
5075,2010,323,YAR,BLUTI,1,8,5,0,,,30,55,,3,,JD,,,,,,L261522,12/05/2010,12/05/2010,I,1,,,,,,,,,,,,,,,,,,,,,,,,,,,,,,,,,,
5076,2010,324,YAR,BLUTI,1,10,9,8,,,20,49,,1,,NE,,,,,,L261526,15/05/2010,15/05/2010,I,1,02/06/2010,L261718,L261719,L261720,L261721,L261722,L261723,L261724,,,,,,,,,,,,,,,,,,,,,,,,,,
5077,2010,325,YAR,PIEFL,1,6,5,5,,,42,60,,,11.8,NE,,,,,,X106606,20/05/2010,05/06/2008,S,2,11/06/2010,L422558,L422559,L422560,L422561,L422562,,,,,,,,,,,,,,,,,,,,,,,,,,,,
5078,2010,326,YAR,BLUTI,1,6,6,6,,,30,50,,,,NE,,,,,,L261548,20/05/2010,20/05/2010,I,1,04/06/2010,L261769,L261770,L261771,L261772,L261773,L261774,,,,,,,,,,,,,,,,,,,,,,,,,,,
5079,2010,327,YAR,PIEFL,1,9,,7,,,37,64,,,,NE,L422569,11/06/2010,11/06/2010,I,1,L261543,18/05/2010,18/05/2010,I,1,11/06/2010,L422563,L422564,L422565,L422566,L422567,L422568,L422619,,,,,,,,,,,,,,,,,,,,,,,,,,
5080,2010,328,YAR,BLUTI,1,9,,0,,,24,47,,,,JD,,,,,,,,,,,,,,,,,,,,,,,,,,,,,,,,,,,,,,,,,,,,
5081,2010,329,YAR,COATI,1,9,,0,,,22,,,,,JP,,,,,,,,,,,,,,,,,,,,,,,,,,,,,,,,,,,,,,,,,,,,
5082,2010,330,YAR,BLUTI,1,8,0,0,,,29,,,,,ED,,,,,,X533064,19/05/2010,22/04/2009,S,2,,,,,,,,,,,,,,,,,,,,,,,,,,,,,,,,,,
5083,2010,331,YAR,BLUTI,1,10,,7,,,27,49,,,,NE,,,,,,L261520,09/05/2010,09/05/2010,I,1,02/06/2010,L261726,L261727,L261728,L261729,L261730,L261731,,,,,,,,,,,,,,,,,,,,,,,,,,,
5084,2010,332,YAR,PIEFL,1,7,7,7,,,40,60,,,13.4,NE,X533216,07/06/2010,05/06/2009,S,2,V725518,19/05/2010,08/06/2008,S,2,07/06/2010,L261969,L261970,L261971,L261972,L261973,L261974,L261975,,,,,,,,,,,,,,,,,,,,,,,,,,
5085,2010,333,YAR,PIEFL,2,5,5,5,,,64,,,,,NE,V241460,30/06/2010,23/05/2007,R,3,L261968,07/06/2010,07/06/2010,I,1,30/06/2010,L422746,L422747,L422748,L422749,L422750,,,,,,,,,,,,,,,,,,,,,,,,,,,,
5086,2010,335,YAR,PIEFL,1,7,7,7,,,35,57,,,14.2,NE,V725521,05/06/2010,08/06/2008,I,2,L261525,14/05/2010,14/05/2010,I,1,05/06/2010,L261830,L261831,L261832,L261833,L261834,L261835,L261836,,,,,,,,,,,,,,,,,,,,,,,,,,
5087,2010,336,YAR,COATI,1,9,9,9,,,19,,,,,NE,,,,,,,,,,,,,,,,,,,,,,,,,,,,,,,,,,,,,,,,,,,,
5088,2010,337,YAR,BLUTI,1,10,,6,,,15,37,,,,NE,,,,,,L261505,01/05/2010,01/05/2010,I,1,21/05/2010,L261561,L261562,L261563,L261564,L261565,L261566,,,,,,,,,,,,,,,,,,,,,,,,,,,
5089,2010,338,YAR,PIEFL,1,7,6,6,,,35,56,,1,15.8,NE,R723986,05/06/2010,01/06/2006,R,4,V743810,14/05/2010,25/08/2009,I,1,02/06/2010,L261704,L261705,L261706,L261707,L261708,L261709,,,,,,,,,,,,,,,,,,,,,,,,,,,
5090,2010,339,YAR,BLUTI,1,10,,8,,,20,42,,,,NE,,,,,,,,,,,26/05/2010,L261596,L261597,L261598,L261599,L261600,L261601,L261602,L261603,,,,,,,,,,,,,,,,,,,,,,,,,
5091,2010,340,YAR,BLUTI,2,,,,,,,,,,,OU,,,,,,,,,,,,,,,,,,,,,,,,,,,,,,,,,,,,,,,,,,,,
5092,2010,341,YAR,PIEFL,1,7,,3,,,34,55,,,14.5,NE,L261688,01/06/2010,01/06/2010,I,1,X533326,01/06/2010,09/06/2009,R,1,04/06/2010,L261766,L261767,L261768,,,,,,,,,,,,,,,,,,,,,,,,,,,,,,
5093,2010,343,YAR,PIEFL,1,4,2,2,,,40,59,,,15,NE,V725083,07/06/2010,01/06/2007,I,3,R723790,20/05/2010,24/05/2006,S,5,08/06/2010,L261986,L261987,,,,,,,,,,,,,,,,,,,,,,,,,,,,,,,
5094,2010,346,YAR,COATI,1,10,0,0,,,20,,,10,,ED,,,,,,,,,,,,,,,,,,,,,,,,,,,,,,,,,,,,,,,,,,,,
5095,2010,346,YAR,PIEFL,1,6,4,0,,,48,68,,2,,NE,,,,,,L261576,21/05/2010,21/05/2010,I,1,,,,,,,,,,,,,,,,,,,,,,,,,,,,,,,,,,
5096,2010,347,YAR,BLUTI,1,8,0,0,,,21,,,,,ED,,,,,,L261519,09/05/2010,09/05/2010,I,1,,,,,,,,,,,,,,,,,,,,,,,,,,,,,,,,,,
5097,2010,348,YAR,PIEFL,1,6,6,6,,,36,55,,,14.8,NE,L261681,01/06/2010,01/06/2010,I,1,X533130,15/05/2010,21/05/2009,S,2,03/06/2010,L261741,L261742,L261743,L261744,L261745,L261746,,,,,,,,,,,,,,,,,,,,,,,,,,,
5098,2010,350,YAR,BLUTI,1,8,,6,,,28,48,,,,NE,,,,,,V014917,09/05/2010,27/01/2010,I,2,01/06/2010,L261682,L261683,L261684,L261685,L261686,L261687,,,,,,,,,,,,,,,,,,,,,,,,,,,
5099,2010,353,YAR,PIEFL,1,6,,5,,,42,60,,,13.2,NE,L261982,07/06/2010,07/06/2010,I,1,X533197,19/05/2010,01/06/2009,S,2,10/06/2010,L261995,L261996,L261997,L261998,L261999,,,,,,,,,,,,,,,,,,,,,,,,,,,,
5100,2010,355,YAR,PIEFL,1,8,,5,,,33,55,,,17.6,NE,L261680,01/06/2010,01/06/2010,I,1,V715900,14/05/2010,15/05/2008,S,3,03/06/2010,L261736,L261737,L261738,L261739,L261740,,,,,,,,,,,,,,,,,,,,,,,,,,,,
5101,2010,HIDE10,YAR,BLUTI,1,6,,5,,,,,,,,NE,,,,,,,,,,,,,,,,,,,,,,,,,,,,,,,,,,,,,,,,,,,,
5102,2010,HIDE8,YAR,PIEFL,1,7,6,6,,,36,57,,,,NE,X106642,04/06/2010,06/06/2008,R,2,L261535,17/05/2010,17/05/2010,I,1,07/06/2010,L261976,L261977,L261978,L261979,L261980,L261981,,,,,,,,,,,,,,,,,,,,,,,,,,,
5103,2010,HIDE9,YAR,GRETI,1,7,,,,,26,,,,,OU,,,,,,,,,,,,,,,,,,,,,,,,,,,,,,,,,,,,,,,,,,,,
5104,2010,Prod,YAR,PIEFL,1,6,,5,,,36,,,,,NE,V715976,07/06/2010,03/06/2008,S,2,X533135,19/05/2010,23/05/2009,S,2,06/06/2010,L261941,L261942,L261943,L261944,L261945,,,,,,,,,,,,,,,,,,,,,,,,,,,,
5105,2010,YARROW,YAR,PIEFL,1,,,,,,,,,,,OU,X533232,18/06/2010,05/06/2009,S,2,L261624,29/05/2010,29/05/2010,I,1,15/06/2010,L422636,L422637,L422638,L422639,L422640,,,,,,,,,,,,,,,,,,,,,,,,,,,,
5106,2011,1,BVW,BLUTI,1,7,7,7,,,14,,,,,NE,,,,,,,,,,,,,,,,,,,,,,,,,,,,,,,,,,,,,,,,,,,,
5107,2011,2,BVW,PIEFL,1,7,7,7,,,,51,,,,NE,L555872,25/05/2011,25/05/2011,I,1,V241472,29/05/2011,23/05/2007,S,4,25/05/2011,L555865,L555866,L555867,L555868,L555869,L555870,L555871,,,,,,,,,,,,,,,,,,,,,,,,,,
5108,2011,3,BVW,PIEFL,1,6,4,4,,,30,,,2,,NE,L555874,25/05/2011,25/05/2011,I,1,L555873,25/05/2011,25/05/2011,I,1,29/05/2011,Y134234,Y134235,Y134236,Y134237,,,,,,,,,,,,,,,,,,,,,,,,,,,,,
5109,2011,4,BVW,GRETI,1,7,,6,,,32,,,,,NE,,,,,,,,,,,,,,,,,,,,,,,,,,,,,,,,,,,,,,,,,,,,
5110,2011,5,BVW,BLUTI,1,11,,8,,,15,,,,,NE,,,,,,,,,,,,,,,,,,,,,,,,,,,,,,,,,,,,,,,,,,,,
5111,2011,6,BVW,BLUTI,1,9,9,9,,,31,,,,,NE,,,,,,,,,,,,,,,,,,,,,,,,,,,,,,,,,,,,,,,,,,,,
5112,2011,7,BVW,BLUTI,1,11,,10,,,18,,,,,NE,,,,,,,,,,,,,,,,,,,,,,,,,,,,,,,,,,,,,,,,,,,,
5113,2011,8,BVW,BLUTI,1,9,9,9,,,16,,,,,NE,,,,,,,,,,,,,,,,,,,,,,,,,,,,,,,,,,,,,,,,,,,,
5114,2011,9,BVW,GRETI,1,7,7,7,,,28,,,,,NE,,,,,,,,,,,,,,,,,,,,,,,,,,,,,,,,,,,,,,,,,,,,
5115,2011,10,BVW,PIEFL,1,7,7,7,,,29,,,,,NE,,,,,,L261538,09/05/2011,17/05/2010,S,2,29/05/2011,Y134245,Y134246,Y134247,Y134248,Y134249,Y134250,Y134251,,,,,,,,,,,,,,,,,,,,,,,,,,
5116,2011,11,BVW,PIEFL,1,7,7,7,,,29,,,,,NE,L261900,25/05/2011,06/06/2010,S,2,X533234,05/05/2011,05/06/2009,R,2,29/05/2011,Y134253,Y134254,Y134255,Y134256,Y134257,,,,,,,,,,,,,,,,,,,,,,,,,,,,
5117,2011,12,BVW,BLUTI,1,,0,0,,,23,,,,,ED,,,,,,,,,,,,,,,,,,,,,,,,,,,,,,,,,,,,,,,,,,,,
5118,2011,13,BVW,PIEFL,1,7,7,7,,,30,,,,,NE,V725066,25/05/2011,29/05/2007,S,4,L555806,09/05/2011,09/05/2011,I,1,29/05/2011,Y134238,Y134239,Y134240,Y134241,Y134242,Y134243,Y134244,,,,,,,,,,,,,,,,,,,,,,,,,,
5119,2011,14,BVW,PIEFL,1,5,5,5,,,37,54,,,,NE,Y134252,29/05/2011,29/05/2011,I,1,L555864,25/05/2011,25/05/2011,I,1,29/05/2011,Y134479,Y134480,Y134481,Y134482,Y134483,,,,,,,,,,,,,,,,,,,,,,,,,,,,
5120,2011,15,BVW,BLUTI,1,7,7,7,,,23,,,,,NE,,,,,,,,,,,,,,,,,,,,,,,,,,,,,,,,,,,,,,,,,,,,
5121,2011,16,BVW,BLUTI,1,11,0,0,,,18,,,,,ED,,,,,,,,,,,,,,,,,,,,,,,,,,,,,,,,,,,,,,,,,,,,
5122,2011,17,BVW,BLUTI,1,9,,8,,,17,,,,,NE,,,,,,,,,,,,,,,,,,,,,,,,,,,,,,,,,,,,,,,,,,,,
5123,2011,18,BVW,GRETI,1,13,,10,,,21,,,,,NE,,,,,,,,,,,,,,,,,,,,,,,,,,,,,,,,,,,,,,,,,,,,
5124,2011,20,BVW,PIEFL,1,8,8,8,,,27,47,,,,NE,X533283,22/05/2011,07/06/2009,S,3,L261696,22/05/2011,01/06/2010,S,2,27/05/2011,L555910,L555911,L555912,L555913,L555914,L555915,L555916,L555917,,,,13.9,,14.15,,13.45,,13.35,,13.75,,13.6,,15.2,,14.5,,,,,,,
5125,2011,23,BVW,PIEFL,1,7,0,0,,,,,,,,ED,,,,,,L555850,22/05/2011,22/05/2011,I,1,,,,,,,,,,,,,,,,,,,,,,,,,,,,,,,,,,
5126,2011,24,BVW,PIEFL,1,6,6,6,,,,,,,,NE,Y115943,08/06/2011,08/06/2011,I,1,L555851,22/05/2011,22/05/2011,I,1,08/06/2011,Y115937,Y115938,Y115939,Y115940,Y115941,Y115942,,,,,,,,,,,,,,,,,,,,,,,,,,,
5127,2011,18A,BVW,GRETI,2,,,4,,,16,,,,,NE,,,,,,,,,,,,,,,,,,,,,,,,,,,,,,,,,,,,,,,,,,,,
5128,2011,18A,BVW,BLUTI,1,,0,0,,,16,,,,,EP,,,,,,,,,,,,,,,,,,,,,,,,,,,,,,,,,,,,,,,,,,,,
5129,2011,18B,BVW,BLUTI,1,10,,9,,,19,,,,,NE,,,,,,,,,,,,,,,,,,,,,,,,,,,,,,,,,,,,,,,,,,,,
5130,2011,18C,BVW,BLUTI,1,8,8,8,,,17,,,,,NE,,,,,,,,,,,,,,,,,,,,,,,,,,,,,,,,,,,,,,,,,,,,
5131,2011,18D,BVW,BLUTI,1,8,8,8,,,25,,,,,NE,,,,,,,,,,,,,,,,,,,,,,,,,,,,,,,,,,,,,,,,,,,,
5132,2011,18E,BVW,BLUTI,1,9,,4,,,22,,,,,NE,,,,,,,,,,,,,,,,,,,,,,,,,,,,,,,,,,,,,,,,,,,,
5133,2011,1,NEA,BLUTI,1,10,,4,,,15,38,,,,NE,,,,,,,,,,,,,,,,,,,,,,,,,,,,,,,,,,,,,,,,,,,,
5134,2011,2,NEA,BLUTI,1,9,8,8,,,,,,1,,NE,,,,,,L555773,30/04/2011,30/04/2011,I,1,,,,,,,,,,,,,,,,,,,,,,,,,,,,,,,,,,
5135,2011,3,NEA,BLUTI,1,6,6,6,,,15,,,,,NE,,,,,,,,,,,,,,,,,,,,,,,,,,,,,,,,,,,,,,,,,,,,
5136,2011,4,NEA,PIEFL,1,7,7,7,,,19,50,,,,NE,Y134260,29/05/2011,29/05/2011,I,1,L261550,08/05/2011,20/05/2010,S,2,30/05/2011,Y134276,Y134277,Y134278,Y134279,Y134280,Y134281,Y134282,,,,,14.3,,14.65,,14.35,,14.2,,14.7,,15.05,,15.55,,,,,,,,,
5137,2011,5,NEA,BLUTI,1,8,8,8,,,20,,,,,NE,,,,,,,,,,,,,,,,,,,,,,,,,,,,,,,,,,,,,,,,,,,,
5138,2011,6,NEA,PIEFL,1,7,,6,,,42,61,,,,NE,L261895,07/06/2011,06/06/2010,R,1,L555847,21/05/2011,21/05/2011,I,1,07/06/2011,Y115969,Y115970,Y115971,Y115972,Y115973,Y115974,,,,,,13.4,,12.58,,12.49,,13.36,,12.85,,13.26,,,,,,,,,,,
5139,2011,7,NEA,BLUTI,1,8,7,7,,,20,,,1,,NE,,,,,,X533110,08/05/2011,17/05/2009,S,3,,,,,,,,,,,,,,,,,,,,,,,,,,,,,,,,,,
5140,2011,8,NEA,BLUTI,1,6,6,6,,,15,,,,,NE,,,,,,,,,,,,,,,,,,,,,,,,,,,,,,,,,,,,,,,,,,,,
5141,2011,9,NEA,PIEFL,1,8,6,6,,,31,51,,2,,NE,Y134267,29/05/2011,29/05/2011,I,1,L261576,08/05/2011,21/05/2010,S,2,31/05/2011,Y134261,Y134262,Y134263,Y134264,Y134265,Y134266,,,,,,14.38,,14.82,,13.68,,14.89,,14.04,,13.35,,,,,,,,,,,
5142,2011,10,NEA,BLUTI,1,10,10,10,,,17,,,,,NE,,,,,,,,,,,,,,,,,,,,,,,,,,,,,,,,,,,,,,,,,,,,
5143,2011,11,NEA,BLUTI,1,10,10,10,,,18,,,,,NE,,,,,,,,,,,,,,,,,,,,,,,,,,,,,,,,,,,,,,,,,,,,
5144,2011,12,NEA,BLUTI,1,9,,,,,21,,,3,,NE,,,,,,,,,,,,,,,,,,,,,,,,,,,,,,,,,,,,,,,,,,,,
5145,2011,13,NEA,PIEFL,1,8,8,8,,,28,,,,,NE,L555967,28/05/2011,28/05/2011,I,1,L555966,28/05/2011,28/05/2011,I,1,28/05/2011,L555968,L555969,L555970,L555971,L555972,L555973,L555974,L555975,,,,,,,,,,,,,,,,,,,,,,,,,
5146,2011,14,NEA,BLUTI,1,11,11,0,,,17,,,,,JD,,,,,,L555772,30/04/2011,30/04/2011,I,1,,,,,,,,,,,,,,,,,,,,,,,,,,,,,,,,,,
5147,2011,15,NEA,MARTI,1,9,,8,,,14,,,,,NE,,,,,,V715870,30/04/2011,30/04/2008,S,4,,,,,,,,,,,,,,,,,,,,,,,,,,,,,,,,,,
5148,2011,16,NEA,PIEFL,1,7,7,7,,,27,,,,,NE,,,,,,X080699,08/05/2011,31/05/2008,I,3,28/05/2011,L555951,L555952,L555953,L555954,L555955,L555956,L555957,,,,,,,,,,,,,,,,,,,,,,,,,,
5149,2011,17,NEA,PIEFL,1,6,6,0,,,47,,,,,JP,L261953,10/06/2011,07/06/2010,S,2,L555958,28/05/2011,28/05/2011,I,1,,,,,,,,,,,,,,,,,,,,,,,,,,,,,,,,,,
5150,2011,18,NEA,PIEFL,1,8,7,7,,,27,,,1,,NE,X533168,28/05/2011,31/05/2009,I,3,L555794,08/05/2011,08/05/2011,I,1,28/05/2011,L555959,L555960,L555961,L555962,L555963,L555964,L555965,,,,,,,,,,,,,,,,,,,,,,,,,,
5151,2011,19,NEA,BLUTI,1,10,,,,,13,,,,,NE,,,,,,L555770,30/04/2011,30/04/2011,I,1,,,,,,,,,,,,,,,,,,,,,,,,,,,,,,,,,,
5152,2011,20,NEA,BLUTI,1,8,8,8,,,16,,,,,NE,,,,,,L555771,30/04/2011,30/04/2011,I,1,,,,,,,,,,,,,,,,,,,,,,,,,,,,,,,,,,
5153,2011,FOXWTY,NEA,PIEFL,1,7,7,,,,28,,,,,OU,unringed,,,,,L261707,08/05/2011,02/06/2010,R,1,26/05/2011,L555898,L555899,L555900,L555901,L555902,L555903,L555904,,,,,,,,,,,,,,,,,,,,,,,,,,
5154,2011,101,YAR,PIEFL,1,7,6,1,,,41,60,,,,NE,L422510,05/06/2011,11/06/2010,R,1,L261968,22/05/2011,07/06/2010,S,2,09/06/2011,Y115960,Y115961,Y115962,,,,,,,,,10.19,,12.61,,13.71,,,,,,,,,,,,,,,,,
5155,2011,103,YAR,BLUTI,1,9,9,9,,,16,36,,,,NE,,,,,,,,,,,,,,,,,,,,,,,,,,,,,,,,,,,,,,,,,,,,
5156,2011,105,YAR,PIEFL,1,7,,2,,,30,50,,,,NE,L261982,25/05/2011,07/06/2010,S,2,X533194,09/05/2011,01/06/2009,S,2,30/05/2011,Y134283,Y134284,Y134285,Y134286,Y134287,Y134288,,,,,,12.44,,10.65,,10.22,,10.28,,12.22,,11.69,,,,,,,,,,,
5157,2011,107,YAR,BLUTI,1,7,,5,,,17,,,,,NE,,,,,,L555781,06/05/2011,06/05/2011,I,1,,,,,,,,,,,,,,,,,,,,,,,,,,,,,,,,,,
5158,2011,109,YAR,PIEFL,1,,0,0,,,26,,,,,ED,,,,,,,,,,,,,,,,,,,,,,,,,,,,,,,,,,,,,,,,,,,,
5159,2011,111,YAR,BLUTI,1,11,11,11,,,13,36,,,,NE,,,,,,,,,,,,,,,,,,,,,,,,,,,,,,,,,,,,,,,,,,,,
5160,2011,112,YAR,BLUTI,1,9,,0,,,23,44,,,,JD,,,,,,,,,,,,,,,,,,,,,,,,,,,,,,,,,,,,,,,,,,,,
5161,2011,114,YAR,PIEFL,1,8,,0,,,37,57,,,,JD,L422519,20/05/2011,11/06/2010,R,1,L261543,02/06/2011,18/05/2010,S,2,06/06/2011,Y115906,Y115907,Y115908,Y115909,Y115910,Y115911,Y115912,,,,,11.21,,10.76,,11.9,,11.45,,10.86,,12.15,,,,,,,,,,,
5162,2011,115,YAR,PIEFL,1,6,4,2,,,45,62,,,,NE,L261974,08/06/2011,07/06/2010,R,1,V715915,21/05/2011,22/05/2008,S,4,11/06/2011,Y115996,Y115997,Y115998,,,,,,,,,12.08,,11.41,,10.27,,,,,,,,,,,,,,,,,
5163,2011,116,YAR,PIEFL,1,6,,0,,,46,64,,,,JD,L422579,20/05/2011,11/06/2010,R,1,X106734,21/05/2011,12/06/2008,S,3,,,,,,,,,,,,,,,,,,,,,,,,,,,,,,,,,,
5164,2011,117,YAR,BLUTI,1,7,,,,,13,32,,,,OU,,,,,,,,,,,,,,,,,,,,,,,,,,,,,,,,,,,,,,,,,,,,
5165,2011,118,YAR,BLUTI,1,11,,10,,,13,36,,,,NE,,,,,,,,,,,,,,,,,,,,,,,,,,,,,,,,,,,,,,,,,,,,
5166,2011,120,YAR,PIEFL,1,7,7,6,,,29,48,,,,NE,L555863,24/05/2011,24/05/2011,I,1,L555804,09/05/2011,09/05/2011,I,1,28/05/2011,L555976,L555977,L555978,L555979,L555980,L555981,L555982,,,,,12.29,,12.12,,13,,12.62,,9.63,,12.81,,12.11,,,,,,,,,
5167,2011,122,YAR,BLUTI,1,7,,5,,,24,45,,,,NE,,,,,,X533070,15/05/2011,01/05/2009,S,3,,,,,,,,,,,,,,,,,,,,,,,,,,,,,,,,,,
5168,2011,123,YAR,PIEFL,1,8,,2,,,26,46,,,,NE,L555848,22/05/2011,22/05/2011,I,1,V715519,06/05/2011,31/05/2007,S,4,26/05/2011,L555884,L555885,L555886,L555887,L555888,L555889,,,,,,9.52,,10.42,,12.52,,10.69,,10.98,,12.52,,,,,,,,,,,
5169,2011,125,YAR,PIEFL,1,5,,4,,,33,50,,,,NE,V715974,26/05/2011,03/06/2008,S,3,L555810,10/05/2011,10/05/2011,I,1,30/05/2011,Y134289,Y134290,Y134291,Y134292,,,,,,,,13.45,,13.54,,13.65,,13.7,,,,,,,,,,,,,,,
5170,2011,126,YAR,GRETI,1,7,,,,,26,,,,,OU,,,,,,,,,,,,,,,,,,,,,,,,,,,,,,,,,,,,,,,,,,,,
5171,2011,127,YAR,COATI,1,10,8,8,,,11,,,2,,NE,,,,,,,,,,,,,,,,,,,,,,,,,,,,,,,,,,,,,,,,,,,,
5172,2011,131,YAR,PIEFL,2,3,3,3,,,38,57,,,,NE,V715935,02/06/2011,03/06/2008,S,3,L261529,09/05/2011,17/05/2010,S,2,06/06/2011,Y115913,Y115914,Y115915,,,,,,,,,14.63,,14.69,,15.02,,,,,,,,,,,,,,,,,
5173,2011,132,YAR,PIEFL,1,,0,0,,,,,1,,,EP,,,,,,,,,,,,,,,,,,,,,,,,,,,,,,,,,,,,,,,,,,,,
5174,2011,202,YAR,PIEFL,1,7,2,2,,,29,50,,,,NE,X533167,26/05/2011,30/05/2009,S,3,L261976,07/05/2011,07/06/2010,R,1,30/05/2011,Y134293,Y134294,,,,,,,,,,14.97,,14.66,,,,,,,,,,,,,,,,,,,
5175,2011,203,YAR,BLUTI,1,12,,,,,8,32,,1,,OU,,,,,,,,,,,,,,,,,,,,,,,,,,,,,,,,,,,,,,,,,,,,
5176,2011,204,YAR,BLUTI,1,9,,8,,,15,36,,,,NE,,,,,,,,,,,,,,,,,,,,,,,,,,,,,,,,,,,,,,,,,,,,
5177,2011,206,YAR,PIEFL,2,7,,0,,,43,61,,,,JD,Y134492,05/06/2011,05/06/2011,I,1,L261533,21/05/2011,17/05/2010,S,2,,,,,,,,,,,,,,,,,,,,,,,,,,,,,,,,,,
5178,2011,208,YAR,PIEFL,1,,0,0,,,,,5,,,EP,,,,,,,,,,,,,,,,,,,,,,,,,,,,,,,,,,,,,,,,,,,,
5179,2011,210,YAR,PIEFL,1,6,6,0,,,52,71,,,,JD,L422630,17/06/2011,15/06/2010,S,2,L555923,27/05/2011,27/05/2011,I,1,,,,,,,,,,,,,,,,,,,,,,,,,,,,,,,,,,
5180,2011,211,YAR,PIEFL,1,7,6,5,,,26,47,,,,NE,L555852,23/05/2011,23/05/2011,I,1,L555782,06/05/2011,06/05/2011,I,1,27/05/2011,L555919,L555920,L555921,L555922,L556000,,,,,,,14.21,,14.46,,13.48,,14.97,,13.64,,,,,,,,,,,,,
5181,2011,213,YAR,BLUTI,1,8,,8,,,12,35,,,,NE,,,,,,L261501,04/05/2011,01/05/2010,S,2,,,,,,,,,,,,,,,,,,,,,,,,,,,,,,,,,,
5182,2011,214,YAR,PIEFL,1,7,7,7,,,33,52,,,,NE,L422550,27/05/2011,11/06/2010,S,2,L555808,09/05/2011,09/05/2011,I,1,01/06/2011,Y134434,Y134435,Y134436,Y134437,Y134438,Y134439,Y134440,,,,,14.1,,13.93,,13.86,,13.45,,14.19,,11.1,,12.95,,,,,,,,,
5183,2011,216,YAR,PIEFL,1,6,,4,,,45,64,,1,,NE,V715947,09/06/2011,03/06/2008,R,3,X533128,21/05/2011,21/05/2009,S,3,11/06/2011,Y272501,Y272502,Y272503,Y272504,,,,,,,,11.32,,12.68,,12.7,,11.57,,,,,,,,,,,,,,,
5184,2011,217,YAR,BLUTI,1,12,,11,,,15,41,,,,NE,,,,,,L555803,09/05/2011,09/05/2011,I,1,,,,,,,,,,,,,,,,,,,,,,,,,,,,,,,,,,
5185,2011,218,YAR,PIEFL,1,8,,0,,,35,60,,1,,JD,L261983,04/06/2011,08/06/2010,S,2,J612941,16/05/2011,14/06/2009,I,2,,,,,,,,,,,,,,,,,,,,,,,,,,,,,,,,,,
5186,2011,219,YAR,MARTI,1,7,7,7,,,18,38,,,,NE,,,,,,L555807,09/05/2011,09/05/2011,I,1,,,,,,,,,,,,,,,,,,,,,,,,,,,,,,,,,,
5187,2011,220,YAR,NUTHA,1,6,,0,,,,,,,,JD,,,,,,TJ71474,15/05/2011,15/05/2011,I,1,,,,,,,,,,,,,,,,,,,,,,,,,,,,,,,,,,
5188,2011,221,YAR,PIEFL,1,7,7,7,,,30,49,,,,NE,R723456,23/05/2011,07/06/2005,S,6,L261530,09/05/2011,17/05/2010,S,2,29/05/2011,Y134209,Y134210,Y134211,Y134212,Y134213,Y134214,Y134215,,,,,13.64,,14.29,,13.92,,13.48,,14.28,,15.19,,14.08,,,,,,,,,
5189,2011,222,YAR,PIEFL,1,8,,7,,,25,45,,,,NE,X533311,23/05/2011,08/06/2009,S,3,L555783,06/05/2011,06/05/2011,I,1,25/05/2011,L555875,L555876,L555877,L555878,L555879,L555880,L555881,,,,,13.6,,13.3,,12.85,,13.5,,13.7,,13.4,,13.85,,,,,,,,,
5190,2011,224,YAR,PIEFL,1,7,,6,,,30,49,,,,NE,L422618,26/05/2011,15/06/2010,S,2,L555793,07/05/2011,07/05/2011,I,1,29/05/2011,Y134216,Y134217,Y134218,Y134219,Y134220,Y134300,,,,,,14.2,,15.37,,13.35,,15.92,,15.04,,15.04,,,,,,,,,,,
5191,2011,225,YAR,BLUTI,1,8,,4,,,27,48,,,,NE,,,,,,L555811,10/05/2011,10/05/2011,I,1,,,,,,,,,,,,,,,,,,,,,,,,,,,,,,,,,,
5192,2011,226,YAR,BLUTI,1,9,,8,,,19,40,,,,NE,,,,,,,,,,,,,,,,,,,,,,,,,,,,,,,,,,,,,,,,,,,,
5193,2011,227,YAR,PIEFL,2,5,,4,,,36,53,,,,NE,L261984,28/05/2011,08/06/2010,S,2,X106562,13/05/2011,03/06/2008,S,3,02/06/2011,Y134453,Y134454,Y134455,Y134456,,,,,,,,15.06,,15.13,,15.48,,15.9,,,,,,,,,,,,,,,
5194,2011,228,YAR,PIEFL,1,,0,0,,,27,,,,,EP,,,,,,,,,,,,,,,,,,,,,,,,,,,,,,,,,,,,,,,,,,,,
5195,2011,230,YAR,BLUTI,1,9,,8,,,16,37,,,,NE,,,,,,X533079,07/05/2011,03/05/2009,S,3,,,,,,,,,,,,,,,,,,,,,,,,,,,,,,,,,,
5196,2011,231,YAR,BLUTI,1,5,,4,,,17,35,,,,NE,,,,,,,,,,,,,,,,,,,,,,,,,,,,,,,,,,,,,,,,,,,,
5197,2011,232,YAR,PIEFL,1,6,6,6,,,28,49,,,,NE,L555861,24/05/2011,24/05/2011,I,1,L555800,09/05/2011,09/05/2011,I,1,29/05/2011,Y134221,Y134222,Y134223,Y134224,Y134225,Y134226,,,,,,13.88,,13.77,,14.23,,14.01,,14.26,,15.02,,,,,,,,,,,
5198,2011,233,YAR,BLUTI,1,9,,8,,,15,36,,,,NE,,,,,,,,,,,,,,,,,,,,,,,,,,,,,,,,,,,,,,,,,,,,
5199,2011,234,YAR,PIEFL,1,7,7,7,,,28,47,,,,NE,X106705,24/05/2011,10/06/2008,S,3,X533099,16/05/2011,15/05/2009,S,3,27/05/2011,L555924,L555925,L555926,L555927,L555928,L555929,L555999,,,,,14.8,,14.79,,12.88,,14.55,,12.43,,14.36,,14.36,,,,,,,,,
5200,2011,236,YAR,PIEFL,1,7,7,7,,,31,52,,,,NE,X533307,27/05/2011,08/06/2009,S,3,X533126,09/05/2011,20/05/2009,S,3,01/06/2011,Y134442,Y134443,Y134444,Y134445,Y134446,Y134447,Y134448,,,,,14.27,,14.69,,14.89,,14.44,,14.67,,14.78,,14.11,,,,,,,,,
5201,2011,237,YAR,BLUTI,1,11,,5,,,21,44,,,,NE,,,,,,,,,,,,,,,,,,,,,,,,,,,,,,,,,,,,,,,,,,,,
5202,2011,238,YAR,BLUTI,1,8,8,8,,,15,37,,,,NE,,,,,,unringed,,,,,,,,,,,,,,,,,,,,,,,,,,,,,,,,,,,,,,
5203,2011,239,YAR,BLUTI,1,8,8,8,,,13,36,,,,NE,,,,,,L261528,01/05/2011,15/05/2010,S,2,,,,,,,,,,,,,,,,,,,,,,,,,,,,,,,,,,
5204,2011,240,YAR,BLUTI,1,10,,9,,,18,40,,,,NE,,,,,,L555812,10/05/2011,10/05/2011,I,1,,,,,,,,,,,,,,,,,,,,,,,,,,,,,,,,,,
5205,2011,241,YAR,PIEFL,1,8,8,8,,,30,50,,,,NE,L555882,25/05/2011,25/05/2011,I,1,V743914,10/05/2011,20/06/2009,I,2,30/05/2011,Y134310,Y134311,Y134312,Y134313,Y134314,Y134315,Y134316,Y134317,,,,13.57,,13.98,,14.24,,13.25,,13.53,,13.25,,14.05,,14.29,,,,,,,
5206,2011,242,YAR,BLUTI,1,7,7,7,,,14,35,,,,NE,,,,,,,,,,,,,,,,,,,,,,,,,,,,,,,,,,,,,,,,,,,,
5207,2011,243,YAR,PIEFL,1,7,7,7,,,30,50,,,,NE,L261703,25/05/2011,02/06/2010,S,2,L555813,10/05/2011,10/05/2011,I,1,30/05/2011,Y134303,Y134304,Y134305,Y134306,Y134307,Y134308,Y134309,,,,,13.87,,13.37,,15.35,,13.85,,13.3,,13.2,,14.09,,,,,,,,,
5208,2011,246,YAR,PIEFL,1,7,,4,,,43,60,,,,NE,V715537,04/06/2011,02/06/2007,S,4,X533140,04/06/2011,25/05/2009,S,3,09/06/2011,Y115955,Y115956,Y115957,Y115958,Y115959,,,,,,,11.96,,12.35,,13.99,,13.02,,,,,,,,,,,,,,,
5209,2011,248,YAR,PIEFL,1,7,,0,,,42,61,,,,JD,Y134471,04/06/2011,04/06/2011,I,1,V725924,21/05/2011,08/06/2009,S,2,,,,,,,,,,,,,,,,,,,,,,,,,,,,,,,,,,
5210,2011,249,YAR,REDST,1,7,6,6,,,23,,,1,,NE,,,,,,V272004,24/05/2011,05/06/2006,R,5,21/05/2011,L555836,L555837,L555838,L555839,L555840,L555841,,,,,,,,,,,,,,,,,,,,,,,,,,,
5211,2011,250,YAR,PIEFL,1,7,7,7,,,30,50,,,,NE,L555862,24/05/2011,24/05/2011,I,1,X533379,09/05/2011,10/06/2009,S,2,30/05/2011,Y134295,Y134296,Y134297,Y134298,Y134299,Y134301,Y134302,,,,,13.2,,12.47,,12.38,,12.72,,12.72,,12.62,,12.73,,,,,,,,,
5212,2011,301,YAR,PIEFL,1,7,7,7,,,27,48,,,,NE,X533308,24/05/2011,08/06/2009,S,3,L261544,06/05/2011,18/05/2010,S,2,28/05/2011,L555991,L555992,L555993,L555994,L555995,L555996,L555997,,,,,13.28,,13.44,,11.97,,13.73,,13.64,,12.87,,13.02,,,,,,,,,
5213,2011,302,YAR,BLUTI,1,7,7,7,,,25,45,,,,NE,,,,,,X533098,09/05/2011,15/05/2009,S,3,,,,,,,,,,,,,,,,,,,,,,,,,,,,,,,,,,
5214,2011,306,YAR,BLUTI,1,10,10,10,,,16,38,,,,NE,,,,,,L261521,09/05/2011,09/05/2010,S,2,,,,,,,,,,,,,,,,,,,,,,,,,,,,,,,,,,
5215,2011,307,YAR,PIEFL,1,8,,7,,,30,51,,,,NE,V715961,28/05/2011,03/06/2008,S,3,V743815,15/05/2011,25/08/2009,S,2,31/05/2011,Y134345,Y134346,Y134347,Y134348,Y134349,Y134350,Y134351,,,,,11.68,,12.83,,11.86,,11.99,,12.3,,12.56,,12.9,,,,,,,,,
5216,2011,308,YAR,GRETI,1,10,,,,,14,,,,,OU,,,,,,L555777,02/05/2011,02/05/2011,I,1,,,,,,,,,,,,,,,,,,,,,,,,,,,,,,,,,,
5217,2011,309,YAR,PIEFL,2,4,4,3,,,61,78,,,,NE,L261791,20/06/2011,04/06/2010,R,1,L261971,20/06/2011,07/06/2010,S,2,27/06/2011,Y272568,Y272569,Y272570,,,,,,,,,12.75,,12.65,,13.48,,,,,,,,,,,,,,,,,
5218,2011,310,YAR,BLUTI,1,7,7,7,,,21,40,,,,NE,,,,,,,,,,,,,,,,,,,,,,,,,,,,,,,,,,,,,,,,,,,,
5219,2011,312,YAR,PIEFL,1,7,7,7,,,28,48,,,,NE,X533143,24/05/2011,29/05/2009,S,3,L555778,02/05/2011,02/05/2011,I,1,28/05/2011,L555998,Y134201,Y134202,Y134203,Y134204,Y134205,Y134206,,,,,11.88,,12.86,,10.01,,12.68,,12.39,,12.19,,12.08,,,,,,,,,
5220,2011,315,YAR,PIEFL,1,7,7,7,,,28,48,,,,NE,L261985,24/05/2011,08/06/2010,S,2,L422503,07/05/2011,11/06/2010,R,1,28/05/2011,L555983,L555984,L555985,L555986,L555987,L555988,L555989,,,,,12.69,,12.85,,12.9,,12.28,,12.77,,12.61,,12.79,,,,,,,,,
5221,2011,316,YAR,BLUTI,1,11,11,10,,,22,45,,,,NE,,,,,,,,,,,,,,,,,,,,,,,,,,,,,,,,,,,,,,,,,,,,
5222,2011,317,YAR,BLUTI,1,8,8,8,,,23,43,,,,NE,,,,,,,,,,,,,,,,,,,,,,,,,,,,,,,,,,,,,,,,,,,,
5223,2011,318,YAR,BLUTI,1,10,,0,,,14,37,,,,JD,,,,,,,,,,,,,,,,,,,,,,,,,,,,,,,,,,,,,,,,,,,,
5224,2011,319,YAR,PIEFL,1,7,6,6,,,30,51,,1,,NE,L555990,28/05/2011,28/05/2011,I,1,L261898,07/05/2011,06/06/2010,R,1,31/05/2011,Y134352,Y134353,Y134354,Y134355,Y134356,Y134357,,,,,,11.77,,12.96,,11.33,,12.48,,11.26,,13.5,,,,,,,,,,,
5225,2011,321,YAR,BLUTI,1,8,8,8,,,13,37,,,,NE,,,,,,,,,,,,,,,,,,,,,,,,,,,,,,,,,,,,,,,,,,,,
5226,2011,322,YAR,BLUTI,1,12,,8,,,14,38,,,,NE,,,,,,,,,,,,,,,,,,,,,,,,,,,,,,,,,,,,,,,,,,,,
5227,2011,323,YAR,BLUTI,1,11,11,11,,,13,37,,,,NE,,,,,,L261526,06/05/2011,15/05/2010,S,2,,,,,,,,,,,,,,,,,,,,,,,,,,,,,,,,,,
5228,2011,325,YAR,BLUTI,1,10,,9,,,21,43,,,,NE,,,,,,,,,,,,,,,,,,,,,,,,,,,,,,,,,,,,,,,,,,,,
5229,2011,326,YAR,BLUTI,1,6,,2,,,32,51,,,,NE,,,,,,L261548,21/05/2011,20/05/2010,S,2,,,,,,,,,,,,,,,,,,,,,,,,,,,,,,,,,,
5230,2011,328,YAR,PIEFL,1,6,6,5,,,31,50,,,,NE,,,,,,X106606,09/05/2011,05/06/2008,S,3,30/05/2011,Y134318,Y134319,Y134320,Y134321,Y134322,,,,,,,12.11,,13.17,,11.5,,10.73,,11.72,,,,,,,,,,,,,
5231,2011,329,YAR,BLUTI,1,8,8,8,,,22,43,,,,NE,,,,,,,,,,,,,,,,,,,,,,,,,,,,,,,,,,,,,,,,,,,,
5232,2011,331,YAR,PIEFL,2,,0,0,,,60,,,3,,ED,,,,,,,,,,,,,,,,,,,,,,,,,,,,,,,,,,,,,,,,,,,,
5233,2011,331,YAR,BLUTI,1,,0,0,,,,,,1,,ED,,,,,,,,,,,,,,,,,,,,,,,,,,,,,,,,,,,,,,,,,,,,
5234,2011,332,YAR,PIEFL,1,7,7,7,,,27,47,,,,NE,L555860,23/05/2011,23/05/2011,I,1,L261525,12/05/2011,14/05/2010,S,2,27/05/2011,L555930,L555931,L555932,L555933,L555934,L555935,L555936,,,,,13.27,,13.37,,13.4,,13.3,,13.04,,13.42,,14.02,,,,,,,,,
5235,2011,333,YAR,BLUTI,1,9,,,,,25,46,,,,OU,,,,,,,,,,,,,,,,,,,,,,,,,,,,,,,,,,,,,,,,,,,,
5236,2011,334,YAR,PIEFL,1,7,,5,,,33,53,,1,,NE,X533216,28/05/2011,05/06/2009,S,3,V725518,11/05/2011,08/06/2008,S,3,02/06/2011,Y134460,Y134461,Y134462,Y134463,Y134464,,,,,,,12.65,,13.65,,14.82,,14.49,,14.88,,,,,,,,,,,,,
5237,2011,335,YAR,PIEFL,1,7,,2,,,42,61,,,,NE,L422549,05/06/2011,11/06/2010,R,1,L555842,21/05/2011,21/05/2011,I,1,10/06/2011,Y115975,Y115976,Y115977,,,,,,,,,11.6,,10.37,,11.83,,,,,,,,,,,,,,,,,
5238,2011,336,YAR,BLUTI,1,7,,,,,28,47,,,,OU,,,,,,,,,,,,,,,,,,,,,,,,,,,,,,,,,,,,,,,,,,,,
5239,2011,337,YAR,BLUTI,1,8,8,8,,,13,33,,,,NE,,,,,,L261505,04/05/2011,01/05/2010,S,2,,,,,,,,,,,,,,,,,,,,,,,,,,,,,,,,,,
5240,2011,338,YAR,PIEFL,1,7,,0,,,35,54,,,,JD,,,,,,L261971,12/05/2011,07/06/2010,R,1,,,,,,,,,,,,,,,,,,,,,,,,,,,,,,,,,,
5241,2011,339,YAR,BLUTI,1,9,,7,,,14,35,,,,NE,,,,,,unringed,,,,,,,,,,,,,,,,,,,,,,,,,,,,,,,,,,,,,,
5242,2011,340,YAR,PIEFL,1,7,,6,,,31,51,,,,NE,V715976,27/05/2011,03/06/2008,S,3,L555799,09/05/2011,09/05/2011,I,1,31/05/2011,Y134358,Y134359,Y134360,Y134361,Y134362,Y134363,,,,,,13.6,,13.42,,14.71,,14.31,,14.6,,13.32,,,,,,,,,,,
5243,2011,342,YAR,BLUTI,1,11,,4,,,12,39,,,,NE,,,,,,L555784,06/05/2011,06/05/2011,I,1,,,,,,,,,,,,,,,,,,,,,,,,,,,,,,,,,,
5244,2011,343,YAR,BLUTI,1,10,10,,,,13,37,,,,OU,,,,,,V014987,04/05/2011,08/02/2010,I,2,,,,,,,,,,,,,,,,,,,,,,,,,,,,,,,,,,
5245,2011,344,YAR,PIEFL,1,7,7,7,,,30,51,,,,NE,X533365,27/05/2011,10/06/2009,R,2,L261747,13/05/2011,03/06/2010,R,1,31/05/2011,Y134364,Y134365,Y134366,Y134367,Y134368,Y134369,Y134370,,,,,12.27,,12.1,,12.57,,12.49,,12.88,,11.83,,12.31,,,,,,,,,
5246,2011,345,YAR,BLUTI,1,8,,7,,,23,43,,,,NE,,,,,,L555817,13/05/2011,13/05/2011,I,1,,,,,,,,,,,,,,,,,,,,,,,,,,,,,,,,,,
5247,2011,348,YAR,PIEFL,1,8,8,8,,,27,47,,,,NE,V715955,24/05/2011,03/06/2008,R,3,X533130,04/05/2011,21/05/2009,S,3,27/05/2011,L555937,L555938,L555939,L555940,L555941,L555942,L555943,L555944,,,,13.54,,13.68,,12.52,,13.04,,13.21,,13.27,,13.07,,12.63,,,,,,,
5248,2011,349,YAR,BLUTI,1,8,,7,,,18,38,,,,NE,,,,,,,,,,,,,,,,,,,,,,,,,,,,,,,,,,,,,,,,,,,,
5249,2011,350,YAR,PIEFL,1,7,6,6,,,,50,,,,NE,L555883,25/05/2011,25/05/2011,I,1,L555809,10/05/2011,10/05/2011,I,1,30/05/2011,Y134323,Y134324,Y134325,Y134326,Y134327,Y134328,,,,,,12.19,,13.38,,10.79,,11.43,,11.55,,10.08,,,,,,,,,,,
5250,2011,353,YAR,BLUTI,1,8,,7,,,15,36,,,,NE,,,,,,L555785,06/05/2011,06/05/2011,I,1,,,,,,,,,,,,,,,,,,,,,,,,,,,,,,,,,,
5251,2011,354,YAR,PIEFL,1,8,,6,,,30,51,,,,NE,X106642,26/05/2011,06/06/2008,S,3,L555805,09/05/2011,09/05/2011,I,1,31/05/2011,Y134371,Y134372,Y134373,Y134374,Y134375,Y134376,Y134377,,,,,11.22,,12.82,,12.74,,11.98,,11.48,,12.97,,12,,,,,,,,,
5252,2011,355,YAR,BLUTI,1,11,11,11,,,14,37,,,,NE,,,,,,X533100,01/05/2011,15/05/2009,S,3,,,,,,,,,,,,,,,,,,,,,,,,,,,,,,,,,,
5253,2011,401,YAR,BLUTI,1,12,,11,,,13,37,,,,NE,,,,,,L555788,07/05/2011,07/05/2011,I,1,,,,,,,,,,,,,,,,,,,,,,,,,,,,,,,,,,
5254,2011,402,YAR,BLUTI,1,12,,7,,,16,40,,,,NE,,,,,,,,,,,,,,,,,,,,,,,,,,,,,,,,,,,,,,,,,,,,
5255,2011,404,YAR,PIEFL,1,7,7,7,,,30,50,,,,NE,L261688,26/05/2011,01/06/2010,S,2,L555789,07/05/2011,07/05/2011,I,1,30/05/2011,Y134329,Y134330,Y134331,Y134332,Y134333,Y134334,Y134335,,,,,13.06,,12.59,,12.64,,12.85,,12.97,,11.08,,13.52,,,,,,,,,
5256,2011,407,YAR,BLUTI,1,12,,,,,,,,,,OU,,,,,,,,,,,,,,,,,,,,,,,,,,,,,,,,,,,,,,,,,,,,
5257,2011,409,YAR,BLUTI,1,10,10,,,,18,41,,,,OU,,,,,,L555779,03/05/2011,03/05/2011,I,1,,,,,,,,,,,,,,,,,,,,,,,,,,,,,,,,,,
5258,2011,411,YAR,BLUTI,1,10,,4,,,21,43,,,,NE,,,,,,L555815,13/05/2011,13/05/2011,I,1,,,,,,,,,,,,,,,,,,,,,,,,,,,,,,,,,,
5259,2011,412,YAR,BLUTI,1,11,,8,,,13,36,,2,,NE,,,,,,L555786,06/05/2011,06/05/2011,I,1,,,,,,,,,,,,,,,,,,,,,,,,,,,,,,,,,,
5260,2011,413,YAR,BLUTI,1,11,,2,,,17,40,,,,NE,,,,,,L555814,10/05/2011,10/05/2011,I,1,,,,,,,,,,,,,,,,,,,,,,,,,,,,,,,,,,
5261,2011,416,YAR,NUTHA,1,7,,,,,,,,,,OU,,,,,,TJ71473,06/05/2011,06/05/2011,I,1,,,,,,,,,,,,,,,,,,,,,,,,,,,,,,,,,,
5262,2011,417,YAR,BLUTI,1,10,,0,,,21,43,,,,JD,,,,,,L555816,13/05/2011,13/05/2011,I,1,,,,,,,,,,,,,,,,,,,,,,,,,,,,,,,,,,
5263,2011,418,YAR,PIEFL,1,6,6,4,,,39,57,,,,NE,L261756,02/06/2011,03/06/2010,R,1,Y134457,02/06/2011,02/06/2011,I,1,06/06/2011,Y115901,Y115902,Y115903,Y115904,Y115905,Y134500,,,,,,12.74,,12.28,,12.86,,11.35,,12.01,,,,,,,,,,,,,
5264,2011,419,YAR,BLUTI,1,11,,7,,,15,38,,1,,NE,,,,,,V014946,09/05/2011,27/01/2010,I,3,,,,,,,,,,,,,,,,,,,,,,,,,,,,,,,,,,
5265,2011,420,YAR,BLUTI,1,13,,5,,,19,45,,,,NE,,,,,,unringed,,,,,,,,,,,,,,,,,,,,,,,,,,,,,,,,,,,,,,
5266,2011,422,YAR,BLUTI,1,11,11,11,,,14,37,,,,NE,,,,,,L555790,07/05/2011,07/05/2011,I,1,,,,,,,,,,,,,,,,,,,,,,,,,,,,,,,,,,
5267,2011,423,YAR,PIEFL,1,,0,0,,,29,,,,,ED,,,,,,,,,,,,,,,,,,,,,,,,,,,,,,,,,,,,,,,,,,,,
5268,2011,424,YAR,NUTHA,1,5,,,,,16,,,,,OU,,,,,,TJ71472,04/05/2011,04/05/2011,I,1,,,,,,,,,,,,,,,,,,,,,,,,,,,,,,,,,,
5269,2011,425,YAR,BLUTI,1,8,,0,,,15,36,,,,JP,,,,,,L555787,06/05/2011,06/05/2011,I,1,,,,,,,,,,,,,,,,,,,,,,,,,,,,,,,,,,
5270,2011,426,YAR,PIEFL,1,7,,2,,,,60,,1,,NE,L261957,06/06/2011,07/06/2010,R,1,L555849,22/05/2011,22/05/2011,I,1,09/06/2011,Y115944,Y115945,Y115946,Y115947,Y115948,,,,,,,11.89,,9.14,11.53,11.38,,,,12.82,,,,,,,,,,,,,
5271,2011,427,YAR,BLUTI,1,8,,7,,,18,38,,,,NE,,,,,,,,,,,,,,,,,,,,,,,,,,,,,,,,,,,,,,,,,,,,
5272,2011,428,YAR,BLUTI,1,10,10,9,,,18,40,,,,NE,,,,,,,,,,,,,,,,,,,,,,,,,,,,,,,,,,,,,,,,,,,,
5273,2011,429,YAR,BLUTI,1,9,,0,,,24,45,,,,JD,,,,,,,,,,,,,,,,,,,,,,,,,,,,,,,,,,,,,,,,,,,,
5274,2011,430,YAR,BLUTI,1,10,,,,,16,38,,,,OU,,,,,,L555795,09/05/2011,09/05/2011,I,1,,,,,,,,,,,,,,,,,,,,,,,,,,,,,,,,,,
5275,2011,431,YAR,BLUTI,1,11,,10,,,16,39,,,,NE,,,,,,L555796,09/05/2011,09/05/2011,I,1,,,,,,,,,,,,,,,,,,,,,,,,,,,,,,,,,,
5276,2011,432,YAR,PIEFL,2,5,5,3,,,63,81,,,,NE,Y272571,27/06/2011,27/06/2011,I,1,Y115928,07/06/2011,07/06/2011,I,1,30/06/2011,Y272581,Y272582,Y272583,Y272584,,,,,,,,10.1,,12.3,,11.3,,10.7,,,,,,,,,,,,,,,
5277,2011,433,YAR,BLUTI,1,9,,7,,,22,43,,,,NE,,,,,,,,,,,,,,,,,,,,,,,,,,,,,,,,,,,,,,,,,,,,
5278,2011,434,YAR,BLUTI,1,9,,,,,19,42,,,,NE,,,,,,V143153,12/05/2011,16/02/2011,I,2,,,,,,,,,,,,,,,,,,,,,,,,,,,,,,,,,,
5279,2011,435,YAR,BLUTI,1,9,,7,,,16,37,,1,,NE,,,,,,,,,,,,,,,,,,,,,,,,,,,,,,,,,,,,,,,,,,,,
5280,2011,437,YAR,BLUTI,1,9,9,9,,,20,41,,,,NE,,,,,,L555801,04/05/2011,04/05/2011,I,1,,,,,,,,,,,,,,,,,,,,,,,,,,,,,,,,,,
5281,2011,439,YAR,BLUTI,1,8,,7,,,24,44,,,,NE,,,,,,,,,,,,,,,,,,,,,,,,,,,,,,,,,,,,,,,,,,,,
5282,2011,440,YAR,BLUTI,1,8,,2,,,26,51,,1,,NE,,,,,,V143214,16/05/2011,16/02/2011,I,1,,,,,,,,,,,,,,,,,,,,,,,,,,,,,,,,,,
5283,2011,441,YAR,BLUTI,1,7,,1,,,29,49,,4,,NE,,,,,,,,,,,,,,,,,,,,,,,,,,,,,,,,,,,,,,,,,,,,
5284,2011,443,YAR,BLUTI,1,8,0,0,,,25,,,,,ED,,,,,,,,,,,,,,,,,,,,,,,,,,,,,,,,,,,,,,,,,,,,
5285,2011,444,YAR,BLUTI,1,11,,9,,,15,38,,,,NE,,,,,,L555797,09/05/2011,09/05/2011,I,1,,,,,,,,,,,,,,,,,,,,,,,,,,,,,,,,,,
5286,2011,445,YAR,PIEFL,1,6,,2,,,34,53,,3,,NE,L261734,28/05/2011,03/06/2010,R,1,R723790,11/05/2011,24/05/2006,S,6,02/06/2011,Y134458,Y134459,,,,,,,,,,14.2,,12.79,,,,,,,,,,,,,,,,,,,
5287,2011,446,YAR,BLUTI,1,10,10,10,,,11,33,,,,NE,,,,,,,,,,,,,,,,,,,,,,,,,,,,,,,,,,,,,,,,,,,,
5288,2011,447,YAR,BLUTI,1,9,,7,,,17,39,,,,NE,,,,,,L555843,21/05/2011,21/05/2011,I,1,,,,,,,,,,,,,,,,,,,,,,,,,,,,,,,,,,
5289,2011,449,YAR,BLUTI,1,8,8,8,,,19,39,,,,NE,,,,,,L555802,04/05/2011,04/05/2011,I,1,,,,,,,,,,,,,,,,,,,,,,,,,,,,,,,,,,
5290,2011,450,YAR,PIEFL,1,6,,0,,,44,64,,,,NE,Y115931,07/06/2011,07/06/2011,I,1,L555844,21/05/2011,21/05/2011,I,1,,,,,,,,,,,,,,,,,,,,,,,,,,,,,,,,,,
5291,2011,451,YAR,BLUTI,1,10,10,10,,,16,38,,,,NE,,,,,,L555776,02/05/2011,02/05/2011,I,1,,,,,,,,,,,,,,,,,,,,,,,,,,,,,,,,,,
5292,2011,452,YAR,BLUTI,1,8,,,,,,,,,,OU,,,,,,,,,,,,,,,,,,,,,,,,,,,,,,,,,,,,,,,,,,,,
5293,2011,453,YAR,BLUTI,1,11,,10,,,15,38,,,,NE,,,,,,V143205,29/04/2011,16/02/2011,I,2,,,,,,,,,,,,,,,,,,,,,,,,,,,,,,,,,,
5294,2011,454,YAR,PIEFL,1,7,7,6,,,26,47,,,,NE,L555859,23/05/2011,23/05/2011,I,1,V715893,06/05/2011,15/05/2008,S,4,27/05/2011,L555945,L555946,L555947,L555948,L555949,L555950,,,,,,13.71,,13.3,,14.14,,13.53,,13.31,,13.81,,,,,,,,,,,
5295,2011,455,YAR,BLUTI,1,7,,6,,,20,39,,,,NE,,,,,,L555798,09/05/2011,09/05/2011,I,1,,,,,,,,,,,,,,,,,,,,,,,,,,,,,,,,,,
5296,2011,456,YAR,BLUTI,1,9,,0,,,22,43,,,,JD,,,,,,unringed,,,,,,,,,,,,,,,,,,,,,,,,,,,,,,,,,,,,,,
5297,2011,457,YAR,BLUTI,1,5,,1,,,29,49,,1,,NE,,,,,,,,,,,,,,,,,,,,,,,,,,,,,,,,,,,,,,,,,,,,
5298,2011,458,YAR,BLUTI,1,10,,8,,,19,41,,,,NE,,,,,,V143206,12/05/2011,16/02/2011,I,1,,,,,,,,,,,,,,,,,,,,,,,,,,,,,,,,,,
5299,2011,459,YAR,BLUTI,1,8,,7,,,18,38,,,,NE,,,,,,,,,,,,,,,,,,,,,,,,,,,,,,,,,,,,,,,,,,,,
5300,2011,460,YAR,BLUTI,1,6,0,0,,,22,,,,,ED,,,,,,V143158,12/05/2011,16/02/2011,I,2,,,,,,,,,,,,,,,,,,,,,,,,,,,,,,,,,,
5301,2011,461,YAR,BLUTI,1,10,,2,,,11,33,,,,NE,,,,,,V143102,29/04/2011,25/01/2011,I,2,,,,,,,,,,,,,,,,,,,,,,,,,,,,,,,,,,
5302,2011,462,YAR,PIEFL,1,8,7,7,,,28,49,,1,,NE,L555897,26/05/2011,26/05/2011,I,1,L261947,06/05/2011,07/06/2010,R,1,29/05/2011,Y134227,Y134228,Y134229,Y134230,Y134231,Y134232,Y134233,,,,,13.01,,11.05,,10.95,,12.68,,12.63,,12.95,,12.99,,,,,,,,,
5303,2011,463,YAR,BLUTI,1,10,,,,,15,,,,,NE,,,,,,,,,,,,,,,,,,,,,,,,,,,,,,,,,,,,,,,,,,,,
5304,2011,HIDE4,YAR,BLUTI,1,6,6,6,,,19,,,,,NE,,,,,,,,,,,,,,,,,,,,,,,,,,,,,,,,,,,,,,,,,,,,
5305,2011,HIDE8,YAR,PIEFL,1,7,7,7,,,27,66,,,,NE,X533232,23/05/2011,05/06/2009,S,3,X533326,09/05/2011,09/06/2009,S,2,26/05/2011,L555890,L555891,L555892,L555893,L555894,L555895,L555896,,,,,14.21,,12.99,,14.03,,13.07,,13.04,,12.88,,12.66,,,,,,,,,
5306,2011,HIDE9,YAR,BLUTI,1,8,,7,,,,,,,,NE,,,,,,,,,,,,,,,,,,,,,,,,,,,,,,,,,,,,,,,,,,,,
5307,2011,Prod,YAR,PIEFL,1,6,,0,,,48,46,,,,JD,unringed,,,,,L261807,21/05/2011,05/06/2010,R,1,,,,,,,,,,,,,,,,,,,,,,,,,,,,,,,,,,
5308,2011,YARROW,YAR,PIEFL,1,7,,4,,,33,52,,,,NE,X533232,06/06/2011,05/06/2009,S,3,L555918,27/05/2011,27/05/2011,I,1,01/06/2011,Y134449,Y134450,Y134451,Y134452,,,,,,,,10.48,,13.24,,10.63,,11.87,,,,,,,,,,,,,,,
5309,2012,1,BVW,BLUTI,1,,,,,,,,,,,OU,,,,,,,,,,,,,,,,,,,,,,,,,,,,,,,,,,,,,,,,,,,,
5310,2012,2,BVW,BLUTI,1,9,,,,,,,,,,OU,,,,,,,,,,,,,,,,,,,,,,,,,,,,,,,,,,,,,,,,,,,,
5311,2012,3,BVW,PIEFL,1,7,7,4,,,40,,,,,NE,,,,,,Y369119,16/05/2012,16/05/2012,I,1,11/06/2012,Y369481,Y369482,Y369483,Y369484,Y369485,,,,,,,,,,,,,,,,,,,,,,,,,,,,
5312,2012,4,BVW,PIEFL,1,6,5,5,,,33,,,1,,NE,X533412,11/06/2012,11/06/2009,R,3,L422627,01/06/2012,15/06/2010,R,2,11/06/2012,Y369486,Y369487,Y369488,Y369489,Y369490,,,,,,,15.59,,16.15,,15.2,,15.83,,16.18,,,,,,,,,,,,,
5313,2012,4,BVW,BLUTI,1,,,,,,18,,,,,OU,,,,,,,,,,,,,,,,,,,,,,,,,,,,,,,,,,,,,,,,,,,,
5314,2012,5,BVW,BLUTI,1,7,,,,,,,,,,OU,,,,,,,,,,,,,,,,,,,,,,,,,,,,,,,,,,,,,,,,,,,,
5315,2012,6,BVW,BLUTI,1,,,,,,,,,,,OU,,,,,,,,,,,,,,,,,,,,,,,,,,,,,,,,,,,,,,,,,,,,
5316,2012,6,BVW,PIEFL,1,7,6,6,,,41,,,1,,NE,Y369260,11/06/2012,11/06/2012,I,1,Y369118,16/05/2012,16/05/2012,I,1,11/06/2012,Y369475,Y369476,Y369477,Y369478,Y369479,Y369480,,,,,,,,,,,,,,,,,,,,,,,,,,,
5317,2012,7,BVW,GRETI,1,5,,,,,,38,,,,OU,,,,,,,,,,,,,,,,,,,,,,,,,,,,,,,,,,,,,,,,,,,,
5318,2012,8,BVW,BLUTI,1,8,,,,,,,,,,OU,,,,,,,,,,,,,,,,,,,,,,,,,,,,,,,,,,,,,,,,,,,,
5319,2012,8,BVW,PIEFL,1,6,,5,,,55,,,,,NE,,,,,,Y369157,01/06/2012,01/06/2012,I,1,27/06/2012,Y982042,Y982043,Y982044,Y982045,Y982046,,,,,,,,,,,,,,,,,,,,,,,,,,,,
5320,2012,9,BVW,GRETI,1,,,,,,,,,,,OU,,,,,,,,,,,,,,,,,,,,,,,,,,,,,,,,,,,,,,,,,,,,
5321,2012,10,BVW,BLUTI,1,7,,,,,,46,,,,OU,,,,,,,,,,,,,,,,,,,,,,,,,,,,,,,,,,,,,,,,,,,,
5322,2012,11,BVW,BLUTI,1,,,,,,,,,,,OU,,,,,,,,,,,,,,,,,,,,,,,,,,,,,,,,,,,,,,,,,,,,
5323,2012,12,BVW,PIEFL,1,8,,0,,,34,,,,,JD,,,,,,X533234,16/05/2012,05/06/2009,S,3,,,,,,,,,,,,,,,,,,,,,,,,,,,,,,,,,,
5324,2012,13,BVW,GRETI,1,6,,,,,,46,,,,OU,,,,,,,,,,,,,,,,,,,,,,,,,,,,,,,,,,,,,,,,,,,,
5325,2012,14,BVW,PIEFL,1,8,,0,,,31,,,,,JD,,,,,,L327038,08/05/2012,03/06/2010,I,2,,,,,,,,,,,,,,,,,,,,,,,,,,,,,,,,,,
5326,2012,15,BVW,BLUTI,1,6,,,,,,,,,,OU,,,,,,,,,,,,,,,,,,,,,,,,,,,,,,,,,,,,,,,,,,,,
5327,2012,16,BVW,PIEFL,1,,0,0,,,43,,,4,,ED,,,,,,,,,,,,,,,,,,,,,,,,,,,,,,,,,,,,,,,,,,,,
5328,2012,16,BVW,PIEFL,2,6,,0,,,63,,,2,,JD,,,,,,X533234,11/06/2012,05/06/2009,S,3,,,,,,,,,,,,,,,,,,,,,,,,,,,,,,,,,,
5329,2012,17,BVW,BLUTI,1,11,,,,,,,,,,OU,,,,,,,,,,,,,,,,,,,,,,,,,,,,,,,,,,,,,,,,,,,,
5330,2012,18,BVW,PIEFL,1,8,8,8,,,38,,,,,NE,Y369158,01/06/2012,01/06/2012,I,1,L422589,01/06/2012,14/06/2010,I,2,11/06/2012,Y369467,Y369468,Y369469,Y369470,Y369471,Y369472,Y369473,Y369474,,,,,,,,,,,,,,,,,,,,,,,,,
5331,2012,19,BVW,PIEFL,1,8,8,0,,,38,,,,,JD,,,,,,Y369133,19/05/2012,19/05/2012,I,1,,,,,,,,,,,,,,,,,,,,,,,,,,,,,,,,,,
5332,2012,20,BVW,BLUTI,1,11,,9,,,12,,,,,NE,,,,,,,,,,,,,,,,,,,,,,,,,,,,,,,,,,,,,,,,,,,,
5333,2012,21,BVW,BLUTI,1,,,2,,,28,,,,,NE,,,,,,,,,,,,,,,,,,,,,,,,,,,,,,,,,,,,,,,,,,,,
5334,2012,23,BVW,GRETI,1,,,3,,,35,,,1,,NE,,,,,,,,,,,,,,,,,,,,,,,,,,,,,,,,,,,,,,,,,,,,
5335,2012,24,BVW,BLUTI,1,,,7,,,19,,,,,NE,,,,,,,,,,,,,,,,,,,,,,,,,,,,,,,,,,,,,,,,,,,,
5336,2012,26,BVW,BLUTI,1,,,5,,,17,,,,,NE,,,,,,,,,,,,,,,,,,,,,,,,,,,,,,,,,,,,,,,,,,,,
5337,2012,27,BVW,BLUTI,1,,,6,,,24,,,,,NE,,,,,,,,,,,,,,,,,,,,,,,,,,,,,,,,,,,,,,,,,,,,
5338,2012,30,BVW,BLUTI,1,8,,6,,,22,,,,,NE,,,,,,,,,,,,,,,,,,,,,,,,,,,,,,,,,,,,,,,,,,,,
5339,2012,31,BVW,BLUTI,1,8,8,8,,,20,,,,,NE,,,,,,,,,,,,,,,,,,,,,,,,,,,,,,,,,,,,,,,,,,,,
5340,2012,33,BVW,BLUTI,1,,,0,,,31,,8,,,JD,,,,,,,,,,,,,,,,,,,,,,,,,,,,,,,,,,,,,,,,,,,,
5341,2012,18A,BVW,GRETI,1,3,,,,,37,,,,,OU,,,,,,,,,,,,,,,,,,,,,,,,,,,,,,,,,,,,,,,,,,,,
5342,2012,18B,BVW,BLUTI,1,,,,,,,,,,,OU,,,,,,,,,,,,,,,,,,,,,,,,,,,,,,,,,,,,,,,,,,,,
5343,2012,18C,BVW,BLUTI,1,10,,,,,,,,,,OU,,,,,,,,,,,,,,,,,,,,,,,,,,,,,,,,,,,,,,,,,,,,
5344,2012,18F,BVW,PIEFL,1,7,7,4,,,41,,,,,NE,Y134257,05/06/2012,29/05/2011,R,1,Y115920,19/05/2012,07/06/2011,I,2,09/06/2012,Y369413,Y369414,Y369415,Y369416,Y369417,Y369418,Y369419,,,,,13.54,,14.49,,14.73,,13.94,,,,,,,,,,,,,,,
5345,2012,18I,BVW,BLUTI,1,,,5,,,23,,,1,,NE,,,,,,,,,,,,,,,,,,,,,,,,,,,,,,,,,,,,,,,,,,,,
5346,2012,18J,BVW,BLUTI,1,,,5,,,20,,,,,NE,,,,,,,,,,,,,,,,,,,,,,,,,,,,,,,,,,,,,,,,,,,,
5347,2012,18K,BVW,BLUTI,1,,,0,,,16,,9,,,JD,,,,,,,,,,,,,,,,,,,,,,,,,,,,,,,,,,,,,,,,,,,,
5348,2012,18L,BVW,BLUTI,1,,,7,,,15,,10,,,NE,,,,,,,,,,,,,,,,,,,,,,,,,,,,,,,,,,,,,,,,,,,,
5349,2012,1,NEA,BLUTI,1,,0,0,,,18,,6,,,ED,,,,,,,,,,,,,,,,,,,,,,,,,,,,,,,,,,,,,,,,,,,,
5350,2012,1,NEA,BLUTI,2,,,,,,,,,,,OU,,,,,,,,,,,,,,,,,,,,,,,,,,,,,,,,,,,,,,,,,,,,
5351,2012,2,NEA,BLUTI,1,10,,,,,,,,,,OU,,,,,,,,,,,,,,,,,,,,,,,,,,,,,,,,,,,,,,,,,,,,
5352,2012,3,NEA,PIEFL,1,6,5,0,,,53,,,1,,JD,,,,,,L555934,06/06/2012,27/05/2011,R,1,,,,,,,,,,,,,,,,,,,,,,,,,,,,,,,,,,
5353,2012,4,NEA,BLUTI,1,7,,,,,17,,,,,OU,,,,,,,,,,,,,,,,,,,,,,,,,,,,,,,,,,,,,,,,,,,,
5354,2012,5,NEA,BLUTI,1,,0,0,,,19,,10,,,ED,,,,,,,,,,,,,,,,,,,,,,,,,,,,,,,,,,,,,,,,,,,,
5355,2012,7,NEA,BLUTI,1,,0,0,,,24,,,4,,ED,,,,,,,,,,,,,,,,,,,,,,,,,,,,,,,,,,,,,,,,,,,,
5356,2012,8,NEA,BLUTI,1,9,,,,,26,,,,,OU,,,,,,,,,,,,,,,,,,,,,,,,,,,,,,,,,,,,,,,,,,,,
5357,2012,9,NEA,PIEFL,1,7,6,6,,,41,,,1,,NE,X564244,12/06/2012,30/05/2010,I,2,Y369139,21/05/2012,21/05/2012,I,1,02/06/2012,Y982004,Y982005,Y982006,Y982007,Y982008,Y982009,,,,,,,,,,,,,,,,,,,,,,,,,,,
5358,2012,10,NEA,PIEFL,1,6,,4,,,42,,,,,NE,Y134260,06/06/2012,29/05/2011,S,2,Y369140,21/05/2012,21/05/2012,I,1,02/06/2012,Y982010,Y982011,Y982012,Y982013,,,,,,,,,,,,,,,,,,,,,,,,,,,,,
5359,2012,11,NEA,BLUTI,1,,0,0,,,15,,,10,,ED,,,,,,,,,,,,,,,,,,,,,,,,,,,,,,,,,,,,,,,,,,,,
5360,2012,12,NEA,BLUTI,1,,0,0,,,27,,2,,,ED,,,,,,,,,,,,,,,,,,,,,,,,,,,,,,,,,,,,,,,,,,,,
5361,2012,13,NEA,PIEFL,1,7,,6,,,38,,,,,NE,L555967,12/06/2012,28/05/2011,S,2,X533175,21/05/2012,31/05/2009,R,3,06/06/2012,Y369245,Y369246,Y369247,Y369248,Y369249,Y369250,,,,,,13.7,,13.54,,14.73,,13.17,,14.02,,14.46,,,,,,,,,,,
5362,2012,14,NEA,BLUTI,2,7,,,,,64,,,,,OU,,,,,,,,,,,,,,,,,,,,,,,,,,,,,,,,,,,,,,,,,,,,
5363,2012,16,NEA,PIEFL,1,7,7,7,,,34,,,,,NE,Y369155,31/05/2012,31/05/2012,I,1,L555966,27/05/2012,28/05/2011,S,2,03/06/2012,Y369162,Y369163,Y369164,Y369165,Y369166,Y369167,Y369168,,,,,15.23,,13.91,,14.6,,15.15,,15.23,,14.5,,14.75,,,,,,,,,
5364,2012,18,NEA,BLUTI,1,4,,,,,25,,,3,,XD,,,,,,,,,,,,,,,,,,,,,,,,,,,,,,,,,,,,,,,,,,,,
5365,2012,19,NEA,BLUTI,1,10,0,0,,,14,,,10,,ED,,,,,,L555770,01/05/2012,30/04/2011,S,2,,,,,,,,,,,,,,,,,,,,,,,,,,,,,,,,,,
5366,2012,20,NEA,BLUTI,1,5,,,,,26,,,,,OU,,,,,,,,,,,,,,,,,,,,,,,,,,,,,,,,,,,,,,,,,,,,
5367,2012,101,YAR,BLUTI,1,10,,0,,,34,,,,,JD,,,,,,Y369136,20/05/2012,20/05/2012,I,1,,,,,,,,,,,,,,,,,,,,,,,,,,,,,,,,,,
5368,2012,102,YAR,PIEFL,1,6,5,0,,,47,65,,1,,JD,V450208,08/06/2012,27/05/2011,I,1,Y369142,23/05/2012,23/05/2012,I,1,,,,,,,,,,,,,,,,,,,,,,,,,,,,,,,,,,
5369,2012,103,YAR,BLUTI,1,7,0,0,,,10,,,,,ED,,,,,,,,,,,,,,,,,,,,,,,,,,,,,,,,,,,,,,,,,,,,
5370,2012,103,YAR,BLUTI,2,6,,4,,,26,,,,,NE,,,,,,,,,,,,,,,,,,,,,,,,,,,,,,,,,,,,,,,,,,,,
5371,2012,104,YAR,PIEFL,1,8,7,6,,,36,56,,1,,NE,L261982,31/05/2012,07/06/2010,S,3,L555804,05/05/2012,09/05/2011,S,2,05/06/2012,Y369212,Y369213,Y369214,Y369215,Y369216,Y369217,,,,,,13.17,,13.43,,12.99,,13.86,,13.92,,11.95,,,,,,,,,,,
5372,2012,107,YAR,BLUTI,1,6,6,6,,,21,,,,,NE,,,,,,L555781,11/05/2012,06/05/2011,S,2,,,,,,,,,,,,,,,,,,,,,,,,,,,,,,,,,,
5373,2012,109,YAR,GRETI,1,9,,7,,,16,,,,,NE,,,,,,,,,,,,,,,,,,,,,,,,,,,,,,,,,,,,,,,,,,,,
5374,2012,110,YAR,PIEFL,1,7,7,7,,,37,56,,,,NE,V715936,31/05/2012,03/06/2008,S,4,L196811,31/05/2012,06/06/2010,I,2,05/06/2012,Y369205,Y369206,Y369207,Y369208,Y369209,Y369210,Y369211,,,,,12.28,,13.28,,12.35,,13.54,,13.37,,12.42,,13.44,,,,,,,,,
5375,2012,111,YAR,PIEFL,1,6,6,6,,,41,59,,,,NE,Y134216,08/06/2012,29/05/2011,R,1,Y134457,18/05/2012,02/06/2011,S,2,08/06/2012,Y369347,Y369348,Y369349,Y369350,Y369351,Y369352,,,,,,13.55,,13.76,,12.89,,13.94,,13.52,,13.01,,,,,,,,,,,
5376,2012,112,YAR,BLUTI,2,6,,1,,,44,,,4,,NE,,,,,,,,,,,,,,,,,,,,,,,,,,,,,,,,,,,,,,,,,,,,
5377,2012,114,YAR,BLUTI,1,9,9,4,,,23,,,,,NE,,,,,,,,,,,,,,,,,,,,,,,,,,,,,,,,,,,,,,,,,,,,
5378,2012,115,YAR,PIEFL,1,7,5,4,,,40,59,,2,,NE,V715935,03/06/2012,03/06/2008,S,4,V715915,06/05/2012,22/05/2008,S,5,08/06/2012,Y369353,Y369354,Y369355,Y369356,,,,,,,,12.72,,13.02,,13.45,,12.68,,,,,,,,,,,,,,,
5379,2012,116,YAR,BLUTI,1,10,8,6,,,25,,,2,,NE,,,,,,Y369108,11/05/2012,11/05/2012,I,1,,,,,,,,,,,,,,,,,,,,,,,,,,,,,,,,,,
5380,2012,117,YAR,PIEFL,1,7,6,3,,,41,60,,1,,NE,L555863,03/06/2012,24/05/2011,S,2,L555849,18/05/2012,22/05/2011,S,2,10/06/2012,Y369426,Y369427,Y369428,Y369429,,,,,,,,12.4,,10.55,,11.83,,11.94,,,,,,,,,,,,,,,
5381,2012,119,YAR,BLUTI,1,6,6,1,,,28,,,,,NE,,,,,,Y369122,16/05/2012,16/05/2012,I,1,,,,,,,,,,,,,,,,,,,,,,,,,,,,,,,,,,
5382,2012,123,YAR,BLUTI,1,3,2,2,,,27,,,1,,NE,,,,,,,,,,,,,,,,,,,,,,,,,,,,,,,,,,,,,,,,,,,,
5383,2012,124,YAR,PIEFL,1,7,6,6,,,37,56,,1,,NE,V715974,31/05/2012,03/06/2008,S,4,L555810,16/05/2012,10/05/2011,S,2,05/06/2012,Y369218,Y369219,Y369220,Y369221,Y369222,Y369223,,,,,,12.72,,12.18,,12.41,,12.77,,13.58,,12.74,,,,,,,,,,,
5384,2012,126,YAR,PIEFL,1,7,,0,,,43,62,,,,JD,Y369266,06/06/2012,06/06/2012,I,1,Y369151,27/05/2012,27/05/2012,I,1,,,,,,,,,,,,,,,,,,,,,,,,,,,,,,,,,,
5385,2012,129,YAR,BLUTI,1,10,,0,,,23,,,1,,JD,,,,,,Y369109,11/05/2012,11/05/2012,I,1,,,,,,,,,,,,,,,,,,,,,,,,,,,,,,,,,,
5386,2012,132,YAR,BLUTI,1,9,0,0,,,29,,,,,ED,,,,,,Y369121,16/05/2012,16/05/2012,I,1,,,,,,,,,,,,,,,,,,,,,,,,,,,,,,,,,,
5387,2012,201,YAR,PIEFL,1,7,7,6,,,35,56,,,,NE,L422508,31/05/2012,11/06/2010,R,2,L261544,12/05/2012,18/05/2010,S,3,05/06/2012,Y369199,Y369200,Y369201,Y369202,Y369203,Y369204,,,,,,13.79,,13.93,,14.21,,13.87,,13.91,,14.64,,,,,,,,,,,
5388,2012,202,YAR,BLUTI,1,,0,0,,,23,,,,,EP,,,,,,,,,,,,,,,,,,,,,,,,,,,,,,,,,,,,,,,,,,,,
5389,2012,204,YAR,PIEFL,1,8,8,6,,,38,58,,,,NE,L422519,02/06/2012,11/06/2010,S,2,L261697,20/05/2012,02/06/2010,R,2,07/06/2012,Y369290,Y369291,Y369292,Y369293,Y369294,Y369295,Y369296,,,,,12.4,,13.19,,12.52,,12.91,,11.65,,13.01,,13.86,,,,,,,,,
5390,2012,205,YAR,BLUTI,1,7,7,0,,,24,,,,,JD,,,,,,,,,,,,,,,,,,,,,,,,,,,,,,,,,,,,,,,,,,,,
5391,2012,209,YAR,GRETI,1,10,,5,,,23,,,,,NE,,,,,,,,,,,,,,,,,,,,,,,,,,,,,,,,,,,,,,,,,,,,
5392,2012,211,YAR,PIEFL,1,7,7,7,,,34,55,,,,NE,L261703,31/05/2012,02/06/2010,S,3,L555782,16/05/2012,06/05/2011,S,2,04/06/2012,Y369178,Y369179,Y369180,Y369181,Y369182,Y369183,Y369184,,,,,14.72,,14.45,,13.84,,14.76,,14,,14.33,,14.98,,,,,,,,,
5393,2012,213,YAR,BLUTI,1,8,,6,,,21,,,,,NE,,,,,,L261501,01/05/2012,01/05/2010,S,3,,,,,,,,,,,,,,,,,,,,,,,,,,,,,,,,,,
5394,2012,214,YAR,PIEFL,1,7,7,6,,,42,61,,,,NE,V715537,04/06/2012,02/06/2007,S,5,Y369150,24/05/2012,24/05/2012,I,1,10/06/2012,Y369430,Y369431,Y369432,Y369433,Y369434,Y369435,,,,,,10.56,,11.64,,11.86,,11.13,,11.25,,10.38,,,,,,,,,,,
5395,2012,215,YAR,PIEFL,1,7,7,7,,,42,61,,,,NE,Y369177,04/06/2012,04/06/2012,I,1,L555959,23/05/2012,28/05/2011,R,1,10/06/2012,Y369436,Y369437,Y369438,Y369439,Y369440,Y369441,Y369442,,,,,13.26,,12.32,,11.01,,13.13,,11.4,,13.25,,11.38,,,,,,,,,
5396,2012,216,YAR,PIEFL,1,5,3,3,,,41,60,,2,,NE,L555862,04/06/2012,24/05/2011,S,2,X533128,18/05/2012,21/05/2009,S,4,09/06/2012,Y369389,Y369390,Y369391,,,,,,,,,15.28,,14.24,,14.44,,,,,,,,,,,,,,,,,
5397,2012,217,YAR,BLUTI,1,12,0,0,,,15,,,,,ED,,,,,,,,,,,,,,,,,,,,,,,,,,,,,,,,,,,,,,,,,,,,
5398,2012,218,YAR,BLUTI,1,7,7,0,,,37,,,,,JD,,,,,,,,,,,,,,,,,,,,,,,,,,,,,,,,,,,,,,,,,,,,
5399,2012,218,YAR,BLUTI,1,9,0,0,,,10,,,,,ED,,,,,,unringed,,,,,,,,,,,,,,,,,,,,,,,,,,,,,,,,,,,,,,
5400,2012,219,YAR,BLUTI,1,10,9,0,,,28,,,1,,JD,,,,,,,,,,,,,,,,,,,,,,,,,,,,,,,,,,,,,,,,,,,,
5401,2012,220,YAR,BLUTI,1,7,7,0,,,35,,,,,JD,,,,,,Y369120,16/05/2012,16/05/2012,I,1,,,,,,,,,,,,,,,,,,,,,,,,,,,,,,,,,,
5402,2012,221,YAR,PIEFL,1,8,6,6,,,35,56,,2,,NE,X533331,03/06/2012,09/06/2009,R,3,L555783,12/05/2012,06/05/2011,S,2,05/06/2012,Y369230,Y369231,Y369232,Y369233,Y369234,Y369235,,,,,,13.65,,14.49,,13.25,,13.1,,13.69,,13.02,,,,,,,,,,,
5403,2012,224,YAR,BLUTI,1,9,,3,,,27,,,,,NE,,,,,,,,,,,,,,,,,,,,,,,,,,,,,,,,,,,,,,,,,,,,
5404,2012,225,YAR,PIEFL,1,7,7,5,,,41,60,,,,NE,Y369185,04/06/2012,04/06/2012,I,1,Y134405,18/05/2012,31/05/2011,I,1,09/06/2012,Y369400,Y369401,Y369402,Y369403,Y369404,Y369405,Y369406,,,,,14.21,,11.02,,14.22,,14.89,,14.63,,12.87,,11.06,,,,,,,,,
5405,2012,226,YAR,BLUTI,1,7,7,6,,,31,,,,,NE,,,,,,unringed,,,,,,,,,,,,,,,,,,,,,,,,,,,,,,,,,,,,,,
5406,2012,227,YAR,PIEFL,2,7,,0,,,45,64,,,,JD,,,,,,L196830,23/05/2012,14/06/2010,I,2,,,,,,,,,,,,,,,,,,,,,,,,,,,,,,,,,,
5407,2012,228,YAR,PIEFL,1,,0,0,,,38,,,,,EP,,,,,,,,,,,,,,,,,,,,,,,,,,,,,,,,,,,,,,,,,,,,
5408,2012,229,YAR,BLUTI,1,8,,5,,,29,,,1,,NE,,,,,,,,,,,,,,,,,,,,,,,,,,,,,,,,,,,,,,,,,,,,
5409,2012,231,YAR,PIEFL,1,4,4,3,,,62,79,,,,NE,L261873,22/06/2012,05/06/2010,R,2,X783897,04/06/2012,29/06/2011,I,1,29/06/2012,Y982047,Y982048,Y982049,,,,,,,,,12.67,,11.82,,12.18,,,,,,,,,,,,,,,,,
5410,2012,231,YAR,BLUTI,1,6,0,0,,,24,,,,,ED,,,,,,Y369095,05/05/2012,05/05/2012,I,1,,,,,,,,,,,,,,,,,,,,,,,,,,,,,,,,,,
5411,2012,232,YAR,BLUTI,1,6,6,6,,,38,,,,,NE,,,,,,,,,,,,,,,,,,,,,,,,,,,,,,,,,,,,,,,,,,,,
5412,2012,233,YAR,BLUTI,1,8,,5,,,23,,,1,,NE,,,,,,,,,,,,,,,,,,,,,,,,,,,,,,,,,,,,,,,,,,,,
5413,2012,234,YAR,PIEFL,1,7,6,6,,,39,58,,1,,NE,X106705,03/06/2012,10/06/2008,S,4,X533140,16/05/2012,25/05/2009,S,4,07/06/2012,Y369297,Y369298,Y369299,Y369300,Y369301,Y369302,,,,,,14.03,,13.91,,14.11,,14.25,,14.08,,14.7,,,,,,,,,,,
5414,2012,235,YAR,BLUTI,1,,0,0,,,24,,,3,,ED,,,,,,,,,,,,,,,,,,,,,,,,,,,,,,,,,,,,,,,,,,,,
5415,2012,236,YAR,PIEFL,1,6,6,6,,,42,61,,,,NE,Y369236,05/06/2012,05/06/2012,I,1,X533126,21/05/2012,20/05/2009,S,4,10/06/2012,Y369420,Y369421,Y369422,Y369423,Y369424,Y369425,,,,,,12.61,,12.4,,13.11,,13.4,,12.93,,12.12,,,,,,,,,,,
5416,2012,237,YAR,BLUTI,1,9,,0,,,37,,,1,,JD,,,,,,,,,,,,,,,,,,,,,,,,,,,,,,,,,,,,,,,,,,,,
5417,2012,238,YAR,BLUTI,1,8,,3,,,23,,,,,NE,,,,,,,,,,,,,,,,,,,,,,,,,,,,,,,,,,,,,,,,,,,,
5418,2012,239,YAR,PIEFL,1,,,,,,,,,,,EU,,,,,,,,,,,,,,,,,,,,,,,,,,,,,,,,,,,,,,,,,,,,
5419,2012,240,YAR,BLUTI,1,9,,0,,,29,,,,,JD,,,,,,L261528,16/05/2012,15/05/2010,S,3,,,,,,,,,,,,,,,,,,,,,,,,,,,,,,,,,,
5420,2012,241,YAR,BLUTI,1,10,,9,,,24,,,,,NE,,,,,,,,,,,,,,,,,,,,,,,,,,,,,,,,,,,,,,,,,,,,
5421,2012,242,YAR,BLUTI,1,12,,9,,,16,,,,,NE,,,,,,,,,,,,,,,,,,,,,,,,,,,,,,,,,,,,,,,,,,,,
5422,2012,243,YAR,PIEFL,1,6,4,3,,,41,59,,2,,NE,L422550,03/06/2012,11/06/2010,S,3,L555813,23/05/2012,10/05/2011,S,2,08/06/2012,Y369362,Y369363,Y369364,,,,,,,,,12.09,,11.86,,13.15,,,,,,,,,,,,,,,,,
5423,2012,245,YAR,BLUTI,1,10,10,6,,,30,,,,,NE,,,,,,,,,,,,,,,,,,,,,,,,,,,,,,,,,,,,,,,,,,,,
5424,2012,246,YAR,PIEFL,1,7,7,0,,,42,61,,,,JD,X533365,05/06/2012,10/06/2009,S,2,L327040,05/06/2012,03/06/2010,I,2,,,,,,,,,,,,,,,,,,,,,,,,,,,,,,,,,,
5425,2012,248,YAR,PIEFL,1,7,7,3,,,36,58,,,,NE,Y369160,02/06/2012,02/06/2012,I,1,X533379,16/05/2012,10/06/2009,S,3,07/06/2012,Y369303,Y369304,Y369305,,,,,,,,,,,,,,,,,,,,,,,,,,,,,,
5426,2012,249,YAR,PIEFL,1,6,6,5,,,47,65,,,,NE,Y369361,08/06/2012,08/06/2012,I,1,Y369141,23/05/2012,23/05/2012,I,1,13/06/2012,Y982014,Y982015,Y982016,Y982017,Y982018,Y982019,,,,,,12.25,,11.98,,12.06,,11.65,,12.64,,9.55,,,,,,,,,,,
5427,2012,250,YAR,BLUTI,1,8,0,0,,,33,,,,,ED,,,,,,L555811,16/05/2012,10/05/2011,S,2,,,,,,,,,,,,,,,,,,,,,,,,,,,,,,,,,,
5428,2012,302,YAR,BLUTI,1,9,9,5,,,20,,,,,NE,,,,,,,,,,,,,,,,,,,,,,,,,,,,,,,,,,,,,,,,,,,,
5429,2012,303,YAR,PIEFL,1,7,7,5,,,40,60,,,,NE,E718712,10/06/2012,10/06/2012,I,1,L555809,20/05/2012,10/05/2011,S,2,09/06/2012,Y369392,Y369393,Y369394,Y369395,Y369396,Y369397,Y369398,,,,,11.75,,11.37,,12.01,,12.3,,12.43,,12.5,,12.47,,,,,,,,,
5430,2012,305,YAR,PIEFL,1,9,9,5,,,39,61,,,,NE,X533308,04/06/2012,08/06/2009,S,4,Y369125,18/05/2012,18/05/2012,I,1,10/06/2012,Y369449,Y369450,Y369451,Y369452,Y369453,,,,,,,10.69,,12.64,,12.42,,13.79,,13.05,,,,,,,,,,,,,
5431,2012,306,YAR,BLUTI,1,8,7,6,,,24,,,,,NE,,,,,,,,,,,,,,,,,,,,,,,,,,,,,,,,,,,,,,,,,,,,
5432,2012,308,YAR,PIEFL,1,6,1,1,,,40,60,,1,,NE,L422630,12/06/2012,15/06/2010,S,3,X106562,18/05/2012,03/06/2008,S,4,09/06/2012,Y369399,,,,,,,,,,,11.68,,,,,,,,,,,,,,,,,,,,,
5433,2012,312,YAR,BLUTI,1,,0,0,,,9,,,10,,ED,,,,,,,,,,,,,,,,,,,,,,,,,,,,,,,,,,,,,,,,,,,,
5434,2012,313,YAR,BLUTI,1,11,,9,,,23,,,,,NE,,,,,,Y369113,12/05/2012,12/05/2012,I,1,,,,,,,,,,,,,,,,,,,,,,,,,,,,,,,,,,
5435,2012,314,YAR,PIEFL,1,7,6,6,,,41,61,,1,,NE,L261974,04/06/2012,07/06/2010,S,2,L261971,18/05/2012,07/06/2010,S,3,10/06/2012,Y369443,Y369444,Y369445,Y369446,Y369447,Y369448,,,,,,10.89,,11.85,,12.08,,11.52,,10.95,,10.52,,,,,,,,,,,
5436,2012,315,YAR,BLUTI,1,7,6,6,,,23,,,1,,NE,,,,,,,,,,,,,,,,,,,,,,,,,,,,,,,,,,,,,,,,,,,,
5437,2012,317,YAR,BLUTI,1,8,,2,,,29,52,,,,NE,,,,,,,,,,,,,,,,,,,,,,,,,,,,,,,,,,,,,,,,,,,,
5438,2012,319,YAR,PIEFL,1,7,7,7,,,36,55,,,,NE,Y369156,01/06/2012,01/06/2012,I,1,L555778,12/05/2012,02/05/2011,S,2,04/06/2012,Y369186,Y369187,Y369188,Y369189,Y369190,Y369191,Y369192,,,,,12.18,,11.97,,12.71,,12.28,,12.9,,12.5,,13.4,,,,,,,,,
5439,2012,320,YAR,BLUTI,1,9,9,0,,,24,,,,,JD,,,,,,,,,,,,,,,,,,,,,,,,,,,,,,,,,,,,,,,,,,,,
5440,2012,321,YAR,BLUTI,2,,,1,,,41,,,,,NE,,,,,,,,,,,,,,,,,,,,,,,,,,,,,,,,,,,,,,,,,,,,
5441,2012,322,YAR,BLUTI,1,8,,7,,,23,,,,,NE,,,,,,,,,,,,,,,,,,,,,,,,,,,,,,,,,,,,,,,,,,,,
5442,2012,323,YAR,BLUTI,1,11,,0,,,13,,,,,JD,,,,,,L261526,05/05/2012,15/05/2010,S,3,,,,,,,,,,,,,,,,,,,,,,,,,,,,,,,,,,
5443,2012,324,YAR,BLUTI,1,10,10,7,,,31,,,,,NE,,,,,,,,,,,,,,,,,,,,,,,,,,,,,,,,,,,,,,,,,,,,
5444,2012,325,YAR,BLUTI,1,12,,6,,,16,,,,,NE,,,,,,,,,,,,,,,,,,,,,,,,,,,,,,,,,,,,,,,,,,,,
5445,2012,326,YAR,COATI,1,6,6,6,,,24,,,,,NE,,,,,,,,,,,,,,,,,,,,,,,,,,,,,,,,,,,,,,,,,,,,
5446,2012,328,YAR,BLUTI,1,11,,7,,,25,,,,,NE,,,,,,,,,,,,,,,,,,,,,,,,,,,,,,,,,,,,,,,,,,,,
5447,2012,329,YAR,PIEFL,1,8,8,7,,,34,56,,,,NE,L261734,01/06/2012,03/06/2010,S,2,Y369096,05/05/2012,05/05/2012,I,1,05/06/2012,Y369237,Y369238,Y369239,Y369240,Y369241,Y369242,Y369243,Y369244,,,,12.55,,13.33,,13.61,,12.72,,12.91,,12.37,,12.37,,13.19,,,,,,,
5448,2012,330,YAR,BLUTI,1,9,,6,,,21,,,,,NE,,,,,,,,,,,,,,,,,,,,,,,,,,,,,,,,,,,,,,,,,,,,
5449,2012,331,YAR,BLUTI,1,5,4,4,,,16,,,,,NE,,,,,,,,,,,,,,,,,,,,,,,,,,,,,,,,,,,,,,,,,,,,
5450,2012,332,YAR,PIEFL,1,8,8,8,,,37,58,,,,NE,L555897,02/06/2012,26/05/2011,S,2,L555842,03/06/2012,21/05/2011,S,2,07/06/2012,Y369306,Y369307,Y369308,Y369309,Y369310,Y369311,Y369312,Y369313,,,,13.12,,13.01,,12.27,,11.32,,12.12,,13.59,,12.97,,13.19,,,,,,,
5451,2012,333,YAR,BLUTI,1,9,,5,,,27,,,3,,NE,,,,,,,,,,,,,,,,,,,,,,,,,,,,,,,,,,,,,,,,,,,,
5452,2012,335,YAR,PIEFL,1,8,8,6,,,36,58,,,,NE,V715976,02/06/2012,03/06/2008,S,4,L261525,18/05/2012,14/05/2010,S,3,07/06/2012,Y369314,Y369315,Y369316,Y369317,Y369318,Y369319,Y369320,,,,,12.48,,12.19,,11.6,,13.34,,9.37,,13.2,,13.29,,,,,,,,,
5453,2012,336,YAR,BLUTI,1,8,0,0,,,19,,,,,ED,,,,,,,,,,,,,,,,,,,,,,,,,,,,,,,,,,,,,,,,,,,,
5454,2012,337,YAR,PIEFL,1,7,7,5,,,43,62,,,,NE,Y369321,07/06/2012,07/06/2012,I,1,V725518,23/05/2012,08/06/2008,S,4,11/06/2012,Y369454,Y369455,Y369456,Y369457,Y369458,,,,,,,12.44,,13.69,,13.4,,13.14,,13.7,,,,,,,,,,,,,
5455,2012,339,YAR,BLUTI,1,9,6,5,,,18,,,,,NE,,,,,,Y369097,05/05/2012,05/05/2012,I,1,,,,,,,,,,,,,,,,,,,,,,,,,,,,,,,,,,
5456,2012,340,YAR,PIEFL,1,7,7,4,,,39,59,,,,NE,L261953,05/06/2012,07/06/2010,S,3,Y369126,18/05/2012,18/05/2012,I,1,08/06/2012,Y369357,Y369358,Y369359,Y369360,,,,,,,,11.75,,11.1,,11.23,,12,,,,,,,,,,,,,,,
5457,2012,342,YAR,BLUTI,1,7,7,7,,,22,,,,,NE,,,,,,V014912,05/05/2012,19/01/2010,I,3,,,,,,,,,,,,,,,,,,,,,,,,,,,,,,,,,,
5458,2012,345,YAR,PIEFL,1,7,7,4,,,39,58,,,,NE,L555984,03/06/2012,28/05/2011,R,1,Y369123,18/05/2012,18/05/2012,I,1,07/06/2012,Y369327,Y369328,Y369329,Y369330,,,,,,,,13.55,,14.19,,14.02,,14.65,,,,,,,,,,,,,,,
5459,2012,346,YAR,BLUTI,1,8,,3,,,28,,,1,,NE,,,,,,,,,,,,,,,,,,,,,,,,,,,,,,,,,,,,,,,,,,,,
5460,2012,347,YAR,BLUTI,1,8,,6,,,19,,,,,NE,,,,,,L261726,05/05/2012,02/06/2010,R,2,,,,,,,,,,,,,,,,,,,,,,,,,,,,,,,,,,
5461,2012,348,YAR,PIEFL,1,8,,0,,,34,57,,,,JD,,,,,,L261968,14/05/2012,07/06/2010,S,3,,,,,,,,,,,,,,,,,,,,,,,,,,,,,,,,,,
5462,2012,349,YAR,PIEFL,1,8,8,5,,,38,58,,,,NE,L261756,02/06/2012,03/06/2010,S,2,X401140,18/05/2012,02/06/2010,I,2,07/06/2012,Y369339,Y369340,Y369341,Y369342,Y369343,Y369344,Y369345,Y369346,,,,13.15,,12.08,,12.03,,11.64,,12.52,,12.08,,13.12,,12.64,,,,,,,
5463,2012,350,YAR,PIEFL,1,6,6,5,,,38,56,,,,NE,L261764,31/05/2012,03/06/2010,R,2,X533130,18/05/2012,21/05/2009,S,4,05/06/2012,Y369224,Y369225,Y369226,Y369227,Y369228,Y369229,,,,,,12.48,,12.09,,12.01,,12.14,,13.9,,12.61,,,,,,,,,,,
5464,2012,352,YAR,PIEFL,1,5,,0,,,57,76,,,,JD,,,,,,Y369154,30/05/2012,30/05/2012,I,1,,,,,,,,,,,,,,,,,,,,,,,,,,,,,,,,,,
5465,2012,353,YAR,PIEFL,1,9,9,0,,,42,62,,,,JD,X106642,06/06/2012,06/06/2008,S,4,L196928,18/05/2012,19/06/2010,I,2,11/06/2012,Y369459,Y369460,Y369461,Y369462,Y369463,Y369464,Y369465,Y369466,,,,8.83,,8.42,,8.71,,9.81,,9.83,,10.91,,8.78,,9.33,,,,,,,
5466,2012,354,YAR,BLUTI,1,8,7,6,,,26,,,1,,NE,,,,,,Y369116,14/05/2012,14/05/2012,I,1,,,,,,,,,,,,,,,,,,,,,,,,,,,,,,,,,,
5467,2012,355,YAR,BLUTI,1,11,,8,,,14,,,1,,NE,,,,,,X533100,05/05/2012,15/05/2009,S,4,,,,,,,,,,,,,,,,,,,,,,,,,,,,,,,,,,
5468,2012,401,YAR,BLUTI,1,,0,0,,,17,,,10,,ED,,,,,,,,,,,,,,,,,,,,,,,,,,,,,,,,,,,,,,,,,,,,
5469,2012,402,YAR,BLUTI,1,12,,6,,,16,,,3,,NE,,,,,,,,,,,,,,,,,,,,,,,,,,,,,,,,,,,,,,,,,,,,
5470,2012,404,YAR,PIEFL,1,7,5,3,,,39,58,,2,,NE,L261957,02/06/2012,07/06/2010,S,2,Y369135,20/05/2012,20/05/2012,I,1,07/06/2012,Y369285,Y369286,Y369287,Y369288,Y369289,,,,,,,12.75,,13.34,,12.9,,13.63,,,,,,,,,,,,,,,
5471,2012,405,YAR,BLUTI,1,6,3,3,,,22,,,3,,NE,,,,,,,,,,,,,,,,,,,,,,,,,,,,,,,,,,,,,,,,,,,,
5472,2012,409,YAR,PIEFL,1,6,4,3,,,47,66,,2,,NE,E718706,05/06/2012,05/06/2012,I,1,L327391,01/06/2011,01/06/2011,I,1,14/06/2012,Y982030,Y982031,Y982032,Y982033,,,,,,,,13.08,,12.02,,13.25,,,,,,,,,,,,,,,,,
5473,2012,409,YAR,BLUTI,1,,0,0,,,15,,,,,ED,,,,,,,,,,,,,,,,,,,,,,,,,,,,,,,,,,,,,,,,,,,,
5474,2012,410,YAR,BLUTI,1,8,6,4,,,30,,,2,,NE,,,,,,,,,,,,,,,,,,,,,,,,,,,,,,,,,,,,,,,,,,,,
5475,2012,412,YAR,BLUTI,1,10,,0,,,36,,,,,JD,,,,,,,,,,,,,,,,,,,,,,,,,,,,,,,,,,,,,,,,,,,,
5476,2012,413,YAR,BLUTI,1,10,,0,,,30,,,,,JD,,,,,,Y369124,18/05/2012,18/05/2012,I,1,,,,,,,,,,,,,,,,,,,,,,,,,,,,,,,,,,
5477,2012,416,YAR,BLUTI,1,8,,0,,,21,,,,,JD,,,,,,L555814,05/05/2012,10/05/2011,S,2,,,,,,,,,,,,,,,,,,,,,,,,,,,,,,,,,,
5478,2012,417,YAR,BLUTI,1,8,0,0,,,37,,,,,ED,,,,,,,,,,,,,,,,,,,,,,,,,,,,,,,,,,,,,,,,,,,,
5479,2012,418,YAR,BLUTI,1,8,7,0,,,20,,,,,JD,,,,,,,,,,,,,,,,,,,,,,,,,,,,,,,,,,,,,,,,,,,,
5480,2012,419,YAR,PIEFL,1,8,8,4,,,36,58,,,,NE,Y369161,02/06/2012,02/06/2012,I,1,L261747,02/05/2012,03/06/2010,S,2,07/06/2012,Y369331,Y369332,Y369333,Y369334,Y369335,Y369336,Y369337,Y369338,,,,12.66,,12.07,,12.24,,13.59,,12.13,,10.65,,12.71,,12.49,,,,,,,
5481,2012,420,YAR,NUTHA,1,7,0,0,,,,,,,,ED,,,,,,TS92833,02/05/2012,02/05/2012,I,1,,,,,,,,,,,,,,,,,,,,,,,,,,,,,,,,,,
5482,2012,421,YAR,BLUTI,1,12,,0,,,16,,,,,JD,,,,,,Y369098,05/05/2012,05/05/2012,I,1,,,,,,,,,,,,,,,,,,,,,,,,,,,,,,,,,,
5483,2012,422,YAR,BLUTI,1,14,,0,,,9,,,,,JD,,,,,,L555786,05/05/2012,06/05/2011,S,2,,,,,,,,,,,,,,,,,,,,,,,,,,,,,,,,,,
5484,2012,423,YAR,BLUTI,1,12,,4,,,16,,,,,NE,,,,,,L555815,05/05/2012,13/05/2011,S,2,,,,,,,,,,,,,,,,,,,,,,,,,,,,,,,,,,
5485,2012,425,YAR,BLUTI,1,8,8,5,,,24,,,,,NE,,,,,,,,,,,,,,,,,,,,,,,,,,,,,,,,,,,,,,,,,,,,
5486,2012,426,YAR,NUTHA,1,7,,4,,,,,,,,NE,,,,,,TJ71472,28/04/2012,04/05/2011,S,2,,,,,,,,,,,,,,,,,,,,,,,,,,,,,,,,,,
5487,2012,427,YAR,BLUTI,1,9,,7,,,19,,,,,NE,,,,,,,,,,,,,,,,,,,,,,,,,,,,,,,,,,,,,,,,,,,,
5488,2012,428,YAR,BLUTI,1,6,6,4,,,21,,,,,NE,,,,,,,,,,,,,,,,,,,,,,,,,,,,,,,,,,,,,,,,,,,,
5489,2012,429,YAR,BLUTI,1,9,,6,,,26,,,,,NE,,,,,,,,,,,,,,,,,,,,,,,,,,,,,,,,,,,,,,,,,,,,
5490,2012,430,YAR,BLUTI,1,5,5,5,,,22,,,,,NE,,,,,,Y369100,05/05/2012,05/05/2012,I,1,,,,,,,,,,,,,,,,,,,,,,,,,,,,,,,,,,
5491,2012,431,YAR,BLUTI,1,9,,0,,,24,,,1,,JD,,,,,,L555796,18/05/2012,09/05/2011,S,2,,,,,,,,,,,,,,,,,,,,,,,,,,,,,,,,,,
5492,2012,432,YAR,MARTI,1,7,7,7,,,17,,,,,NE,,,,,,V143122,03/05/2012,16/02/2011,I,2,,,,,,,,,,,,,,,,,,,,,,,,,,,,,,,,,,
5493,2012,433,YAR,PIEFL,1,7,,0,,,39,60,,,,JD,Y369198,05/06/2012,05/06/2012,I,1,L422503,20/05/2012,11/06/2010,S,2,,,,,,,,,,,,,,,,,,,,,,,,,,,,,,,,,,
5494,2012,434,YAR,BLUTI,1,,0,0,,,22,,,3,,ED,,,,,,,,,,,,,,,,,,,,,,,,,,,,,,,,,,,,,,,,,,,,
5495,2012,436,YAR,BLUTI,1,10,,3,,,16,,,,,NE,,,,,,V143146,16/05/2012,16/02/2011,I,2,,,,,,,,,,,,,,,,,,,,,,,,,,,,,,,,,,
5496,2012,437,YAR,BLUTI,1,8,,0,,,23,,,1,,JD,,,,,,,,,,,,,,,,,,,,,,,,,,,,,,,,,,,,,,,,,,,,
5497,2012,438,YAR,PIEFL,1,8,,0,,,40,60,,,,"JD, FD",,,,,,X401157,18/05/2012,02/06/2010,I,2,,,,,,,,,,,,,,,,,,,,,,,,,,,,,,,,,,
5498,2012,439,YAR,BLUTI,1,9,,3,,,25,,,,,NE,,,,,,,,,,,,,,,,,,,,,,,,,,,,,,,,,,,,,,,,,,,,
5499,2012,440,YAR,BLUTI,1,7,7,4,,,31,,,,,NE,,,,,,,,,,,,,,,,,,,,,,,,,,,,,,,,,,,,,,,,,,,,
5500,2012,441,YAR,BLUTI,2,,,2,,,41,,,,,NE,,,,,,,,,,,,,,,,,,,,,,,,,,,,,,,,,,,,,,,,,,,,
5501,2012,442,YAR,BLUTI,1,11,,7,,,17,,,1,,NE,,,,,,,,,,,,,,,,,,,,,,,,,,,,,,,,,,,,,,,,,,,,
5502,2012,444,YAR,BLUTI,1,10,,0,,,17,,,,,JD,,,,,,,,,,,,,,,,,,,,,,,,,,,,,,,,,,,,,,,,,,,,
5503,2012,445,YAR,PIEFL,1,8,7,4,,,42,62,,1,,NE,Y134253,06/06/2012,29/05/2011,R,1,Y369149,23/05/2012,23/05/2012,I,1,11/06/2012,Y369491,Y369492,Y369493,Y369494,Y369495,,,,,,,14.1,,13.15,,12.93,,,,11.92,,,,,,,,,,,,,
5504,2012,446,YAR,BLUTI,1,9,,1,,,16,,,6,,NE,,,,,,,,,,,,,,,,,,,,,,,,,,,,,,,,,,,,,,,,,,,,
5505,2012,447,YAR,BLUTI,1,6,,3,,,26,,,,,NE,,,,,,L555843,05/05/2012,21/05/2011,S,2,,,,,,,,,,,,,,,,,,,,,,,,,,,,,,,,,,
5506,2012,448,YAR,BLUTI,1,10,,4,,,8,,,1,,NE,,,,,,V143098,05/05/2012,25/01/2011,I,3,,,,,,,,,,,,,,,,,,,,,,,,,,,,,,,,,,
5507,2012,449,YAR,BLUTI,1,8,,7,,,16,,,,,NE,,,,,,Y369101,05/05/2012,05/05/2012,I,1,,,,,,,,,,,,,,,,,,,,,,,,,,,,,,,,,,
5508,2012,450,YAR,BLUTI,1,8,8,1,,,28,,,,,NE,,,,,,V143104,05/05/2012,16/02/2011,I,2,,,,,,,,,,,,,,,,,,,,,,,,,,,,,,,,,,
5509,2012,451,YAR,BLUTI,1,6,,5,,,23,,,,,NE,,,,,,,,,,,,,,,,,,,,,,,,,,,,,,,,,,,,,,,,,,,,
5510,2012,452,YAR,BLUTI,1,10,,7,,,19,,,,,NE,,,,,,Y369102,05/05/2012,05/05/2012,I,1,,,,,,,,,,,,,,,,,,,,,,,,,,,,,,,,,,
5511,2012,454,YAR,BLUTI,2,,0,0,,,52,,,1,,ED,,,,,,,,,,,,,,,,,,,,,,,,,,,,,,,,,,,,,,,,,,,,
5512,2012,456,YAR,BLUTI,1,10,9,0,,,27,,,1,,JD,,,,,,V143205,11/05/2012,16/02/2011,S,3,,,,,,,,,,,,,,,,,,,,,,,,,,,,,,,,,,
5513,2012,457,YAR,BLUTI,1,7,,2,,,28,,,,,NE,,,,,,,,,,,,,,,,,,,,,,,,,,,,,,,,,,,,,,,,,,,,
5514,2012,458,YAR,BLUTI,1,10,,6,,,23,,,2,,NE,,,,,,V143077,05/05/2012,25/01/2011,I,2,,,,,,,,,,,,,,,,,,,,,,,,,,,,,,,,,,
5515,2012,459,YAR,BLUTI,1,8,7,7,,,21,,,1,,NE,,,,,,,,,,,,,,,,,,,,,,,,,,,,,,,,,,,,,,,,,,,,
5516,2012,460,YAR,BLUTI,1,7,,0,,,35,,,,,JD,,,,,,,,,,,,,,,,,,,,,,,,,,,,,,,,,,,,,,,,,,,,
5517,2012,461,YAR,BLUTI,1,5,5,5,,,14,,,,,NE,,,,,,V143102,05/05/2012,25/01/2011,S,3,,,,,,,,,,,,,,,,,,,,,,,,,,,,,,,,,,
5518,2012,462,YAR,BLUTI,1,9,,3,,,20,,,,,NE,,,,,,V143149,05/05/2012,16/02/2011,I,2,,,,,,,,,,,,,,,,,,,,,,,,,,,,,,,,,,
5519,2012,463,YAR,BLUTI,1,9,9,0,,,21,,,,,JD,,,,,,,,,,,,,,,,,,,,,,,,,,,,,,,,,,,,,,,,,,,,
5520,2012,HIDE10,YAR,BLUTI,1,8,,3,,,24,,,1,,NE,,,,,,,,,,,,,,,,,,,,,,,,,,,,,,,,,,,,,,,,,,,,
5521,2012,HIDE1B,YAR,PIEFL,1,5,5,5,,,41,58,,,,NE,Y134447,03/06/2012,01/06/2011,R,1,L261980,28/05/2012,07/06/2010,R,2,07/06/2012,Y369322,Y369323,Y369324,Y369325,Y369326,,,,,,,13.3,,13.12,,12.6,,12.7,,12.85,,,,,,,,,,,,,
5522,2012,HIDE1C,YAR,BLUTI,1,9,,5,,,29,,,,,NE,,,,,,,,,,,,,,,,,,,,,,,,,,,,,,,,,,,,,,,,,,,,
5523,2012,HIDE1D,YAR,BLUTI,1,,,3,,,39,,,,,NE,,,,,,,,,,,,,,,,,,,,,,,,,,,,,,,,,,,,,,,,,,,,
5524,2012,HIDE4,YAR,BLUTI,1,6,6,0,,,39,,,,,JD,,,,,,,,,,,,,,,,,,,,,,,,,,,,,,,,,,,,,,,,,,,,
5525,2012,HIDE8,YAR,PIEFL,1,7,7,6,,,41,59,,,,NE,L422549,03/06/2012,11/06/2010,S,2,L261529,21/05/2012,17/05/2010,S,3,08/06/2012,Y369374,Y369375,Y369376,Y369377,Y369378,Y369379,Y369380,,,,,14.32,,13.79,,10.4,,6.08,,14.32,,13.41,,11.58,,,,,,,,,
5526,2012,YARROW,YAR,PIEFL,1,7,,5,,,40,60,,,,NE,L261688,05/06/2012,01/06/2010,S,3,L555918,18/05/2012,27/05/2011,S,2,09/06/2012,Y369261,Y369262,Y369263,Y369264,Y369265,,,,,,,13.65,,12.43,,12.55,,9.83,,11.83,,,,,,,,,,,,,
5527,2013,1,BVW,BLUTI,1,5,0,0,,,33,,,,,ED,,,,,,,,,,,,,,,,,,,,,,,,,,,,,,,,,,,,,,,,,,,,
5528,2013,2,BVW,BLUTI,1,4,4,4,,,,,,,,NE,,,,,,,,,,,,,,,,,,,,,,,,,,,,,,,,,,,,,,,,,,,,
5529,2013,3,BVW,BLUTI,1,,0,0,,,34,,3,3,,ED,,,,,,,,,,,,,,,,,,,,,,,,,,,,,,,,,,,,,,,,,,,,
5530,2013,4,BVW,PIEFL,1,7,7,7,,,21,59,,,,NE,L555917,04/06/2013,27/05/2011,R,2,D140515,17/05/2013,17/05/2013,I,1,08/06/2013,D140935,D140936,D140937,D140938,D140939,D140940,D140941,,,,,15.36,,15.2,,15.05,,16,,14.99,,15.4,,16.04,,,,,,,,,
5531,2013,5,BVW,BLUTI,1,9,0,0,,,35,,,3,,ED,,,,,,D140516,17/05/2013,17/05/2013,I,1,,,,,,,,,,,,,,,,,,,,,,,,,,,,,,,,,,
5532,2013,6,BVW,PIEFL,1,7,7,7,,,39,60,,,,NE,Y369260,04/06/2013,11/06/2012,S,2,L327392,23/05/2013,01/06/2011,I,2,09/06/2013,D140870,D140871,D140872,D140873,D140874,D140875,D140876,,,,,15,,15.3,,13.8,,14.3,,14.8,,14.7,,14.4,,,,,,,,,
5533,2013,7,BVW,GRETI,1,4,,0,,,47,,,,,JD,,,,,,,,,,,,,,,,,,,,,,,,,,,,,,,,,,,,,,,,,,,,
5534,2013,8,BVW,BLUTI,1,,0,0,,,34,,3,,,ED,,,,,,,,,,,,,,,,,,,,,,,,,,,,,,,,,,,,,,,,,,,,
5535,2013,9,BVW,GRETI,1,8,0,0,,,29,,,,,ED,,,,,,,,,,,,,,,,,,,,,,,,,,,,,,,,,,,,,,,,,,,,
5536,2013,10,BVW,GRETI,1,,,3,,,45,,5,1,,NE,,,,,,,,,,,,,,,,,,,,,,,,,,,,,,,,,,,,,,,,,,,,
5537,2013,11,BVW,PIEFL,1,7,,5,,,34,55,,1,,NE,X533412,04/06/2013,11/06/2009,S,4,D140517,17/05/2013,17/05/2013,I,1,04/06/2013,D140619,D140620,D140621,D140622,D140623,,,,,,,14.3,,15,,14.4,,15,,15.4,,,,,,,,,,,,,
5538,2013,15,BVW,GRETI,1,5,5,5,,,41,,,,,NE,,,,,,,,,,,,,,,,,,,,,,,,,,,,,,,,,,,,,,,,,,,,
5539,2013,16,BVW,PIEFL,1,7,,4,,,40,60,,2,,NE,Y134252,04/06/2013,29/05/2011,S,3,V143020,30/05/2013,03/06/2010,I,3,09/06/2013,D140866,D140867,D140868,D140869,,,,,,,,15.2,,15.9,,15.2,,15.3,,,,,,,,,,,,,,,
5540,2013,17,BVW,BLUTI,1,3,2,1,,,33,,,2,,NE,,,,,,,,,,,,,,,,,,,,,,,,,,,,,,,,,,,,,,,,,,,,
5541,2013,18,BVW,PIEFL,1,6,5,5,,,40,59,,1,,NE,D140599,04/06/2013,04/06/2013,I,1,D140518,17/05/2013,17/05/2013,I,1,08/06/2013,D140924,D140925,D140926,D140927,D140928,,,,,,,14.57,,14.87,,14.88,,15.15,,14.86,,,,,,,,,,,,,
5542,2013,19,BVW,PIEFL,1,7,,5,,,48,67,,,,NE,D543115,12/06/2013,12/06/2013,I,1,D140533,23/05/2013,23/05/2013,I,1,12/06/2013,D416006,D416007,D416008,D416009,D416010,,,,,,,,,,,,,,,,,,,,,,,,,,,,
5543,2013,21,BVW,PIEFL,1,7,,5,,,39,58,,,,NE,D140812,07/06/2013,07/06/2013,I,1,L303745,17/05/2013,29/05/2011,I,2,07/06/2013,D140813,D140814,D140815,D140816,D140817,,,,,,,14.6,,15.4,,14.2,,14.1,,15.7,,,,,,,,,,,,,
5544,2013,22,BVW,BLUTI,1,8,,,,,34,,,,,OU,,,,,,,,,,,,,,,,,,,,,,,,,,,,,,,,,,,,,,,,,,,,
5545,2013,24,BVW,PIEFL,1,5,5,0,,,58,,,,,JD,ringed right,,,,,L327040,12/06/2013,03/06/2010,S,3,,,,,,,,,,,,,,,,,,,,,,,,,,,,,,,,,,
5546,2013,25,BVW,GRETI,1,,,5,,,29,,,1,,NE,,,,,,,,,,,,,,,,,,,,,,,,,,,,,,,,,,,,,,,,,,,,
5547,2013,26,BVW,BLUTI,1,8,,,,,32,,,,,OU,,,,,,D140513,17/05/2013,17/05/2013,I,1,,,,,,,,,,,,,,,,,,,,,,,,,,,,,,,,,,
5548,2013,28,BVW,PIEFL,1,7,7,7,,,42,,,,,NE,D140825,07/06/2013,07/06/2013,I,1,D140514,17/05/2013,17/05/2013,I,1,12/06/2013,D543101,D543102,D543103,D543104,D543105,D543106,D543107,,,,,,,,,,,,,,,,,,,,,,,,,,
5549,2013,30,BVW,PIEFL,1,7,7,7,,,35,58,,,,NE,Y134257,09/06/2013,29/05/2011,S,2,L327391,17/05/2013,01/06/2011,S,3,07/06/2013,D140818,D140819,D140820,D140821,D140822,D140823,D140824,,,,,14.3,,15,,14.5,,14.3,,13.6,,14.5,,14.2,,,,,,,,,
5550,2013,32,BVW,BLUTI,1,7,,,,,37,,,,,OU,,,,,,,,,,,,,,,,,,,,,,,,,,,,,,,,,,,,,,,,,,,,
5551,2013,33,BVW,PIEFL,1,6,6,6,,,47,65,,,,NE,D543108,12/06/2013,12/06/2013,I,1,,,,,,12/06/2013,D543109,D543110,D543111,D543112,D543113,D543114,,,,,,,,,,,,,,,,,,,,,,,,,,,
5552,2013,18A,BVW,BLUTI,1,9,8,8,,,40,,,1,,NE,,,,,,,,,,,,,,,,,,,,,,,,,,,,,,,,,,,,,,,,,,,,
5553,2013,18B,BVW,BLUTI,1,10,0,0,,,38,,,10,,ED,,,,,,,,,,,,,,,,,,,,,,,,,,,,,,,,,,,,,,,,,,,,
5554,2013,18C,BVW,BLUTI,1,11,,10,,,35,,,,,NE,,,,,,D140519,17/05/2013,17/05/2013,I,1,,,,,,,,,,,,,,,,,,,,,,,,,,,,,,,,,,
5555,2013,18E,BVW,PIEFL,1,6,6,6,,,41,60,,,,NE,Y369378,04/06/2013,08/06/2012,R,1,D140520,17/05/2013,17/05/2013,I,1,08/06/2013,D140929,D140930,D140931,D140932,D140933,D140934,,,,,,14.29,,14.27,,14.69,,15.55,,14.04,,15.32,,,,,,,,,,,
5556,2013,18F,BVW,GRETI,1,4,,0,,,29,,,,,XU,,,,,,,,,,,,,,,,,,,,,,,,,,,,,,,,,,,,,,,,,,,,
5557,2013,18H,BVW,PIEFL,1,6,,5,,,,58,,,,NE,,,,,,D140510,17/05/2013,17/05/2013,I,1,07/06/2013,D140807,D140808,D140809,D140810,D140811,,,,,,,16.1,,16.7,,15.2,,16.3,,15.4,,,,,,,,,,,,,
5558,2013,18I,BVW,BLUTI,1,7,,,,,29,,,1,,OU,,,,,,,,,,,,,,,,,,,,,,,,,,,,,,,,,,,,,,,,,,,,
5559,2013,18J,BVW,GRETI,1,6,,0,,,28,,,,,XU,,,,,,D140511,17/05/2013,17/05/2013,I,1,,,,,,,,,,,,,,,,,,,,,,,,,,,,,,,,,,
5560,2013,18K,BVW,BLUTI,1,9,,,,,37,,,,,OU,,,,,,D140532,23/05/2013,23/05/2013,I,1,,,,,,,,,,,,,,,,,,,,,,,,,,,,,,,,,,
5561,2013,18L,BVW,BLUTI,1,3,,,,,30,48,,,,OU,,,,,,D140512,17/05/2013,17/05/2013,I,1,,,,,,,,,,,,,,,,,,,,,,,,,,,,,,,,,,
5562,2013,9A,BVW,BLUTI,1,,0,0,,,29,,7,,,ED,,,,,,,,,,,,,,,,,,,,,,,,,,,,,,,,,,,,,,,,,,,,
5563,2013,1,NEA,PIEFL,1,3,1,1,,,41,63,,2,,NE,X106575,11/06/2013,03/06/2008,R,5,Y582678,04/06/2012,04/06/2012,I,1,12/06/2013,D416011,,,,,,,,,,,14.8,,,,,,,,,,,,,,,,,,,,,
5564,2013,2,NEA,BLUTI,1,12,0,0,,,,,,12,,ED,,,,,,,,,,,,,,,,,,,,,,,,,,,,,,,,,,,,,,,,,,,,
5565,2013,3,NEA,PIEFL,1,7,7,7,17,,39,60,,,,NE,D140628,05/06/2013,05/06/2013,I,1,Y369140,22/05/2013,21/05/2012,S,2,09/06/2013,D140888,D140889,D140890,D140891,D140892,D140893,D140894,,,,,14.3,,14.7,,13.6,,13.7,,14.9,,13.9,,14.5,,,,,,,,,
5566,2013,4,NEA,GRETI,1,7,,4,,,23,,,,,NE,,,,,,D140507,14/05/2013,14/05/2013,I,1,,,,,,,,,,,,,,,,,,,,,,,,,,,,,,,,,,
5567,2013,5,NEA,GRETI,1,6,0,0,,,35,,,,,ED,,,,,,D140559,22/05/2013,22/05/2013,I,1,,,,,,,,,,,,,,,,,,,,,,,,,,,,,,,,,,
5568,2013,6,NEA,PIEFL,1,6,,2,,,73,90,,,,NE,,,,,,D543301,17/06/2013,17/06/2013,I,1,09/07/2013,D543326,D543327,D543328,,,,,,,,,,,,,,,,,,,,,,,,,,,,,,
5569,2013,7,NEA,BLUTI,1,11,,9,,,31,,,1,,NE,,,,,,D140560,22/05/2013,22/05/2013,I,1,,,,,,,,,,,,,,,,,,,,,,,,,,,,,,,,,,
5570,2013,8,NEA,PIEFL,1,5,5,5,17,,40,59,,,,NE,D140833,08/06/2013,08/06/2013,I,1,X533175,10/06/2013,31/05/2009,S,4,08/06/2013,D140841,D140842,D140843,D140844,D140845,,,,,,,13.2,,13,,12.2,,13.4,,12.8,,,,,,,,,,,,,
5571,2013,9,NEA,PIEFL,1,7,7,7,,,38,59,,,,NE,Y134265,03/06/2013,31/05/2011,R,2,D140506,14/05/2013,14/05/2013,I,1,08/06/2013,D140826,D140827,D140828,D140829,D140830,D140831,D140832,,,,,13.2,,14.2,,14.2,,14.4,,13.4,,14.2,,14.2,,,,,,,,,
5572,2013,10,NEA,GRETI,1,6,5,5,,,40,,,1,,NE,,,,,,D140505,14/05/2013,14/05/2013,I,1,,,,,,,,,,,,,,,,,,,,,,,,,,,,,,,,,,
5573,2013,11,NEA,BLUTI,1,10,,9,,,35,,,,,NE,,,,,,D140561,22/05/2013,22/05/2013,I,1,,,,,,,,,,,,,,,,,,,,,,,,,,,,,,,,,,
5574,2013,13,NEA,PIEFL,1,7,7,7,17,,38,59,,,,NE,X564244,03/06/2013,30/05/2010,S,3,L857058,22/05/2013,30/05/2011,I,2,08/06/2013,D140834,D140835,D140836,D140837,D140838,D140839,D140840,,,,,14.2,,13.5,,14.7,,13.8,,13.6,,14.6,,13.8,,,,,,,,,
5575,2013,14,NEA,BLUTI,1,3,3,3,,,34,,,,,NE,,,,,,D140580,27/05/2013,27/05/2013,I,1,,,,,,,,,,,,,,,,,,,,,,,,,,,,,,,,,,
5576,2013,16,NEA,PIEFL,1,7,7,7,17,,36,57,,,,NE,V272078,02/06/2013,05/06/2006,S,7,L555966,02/06/2013,28/05/2011,S,3,06/06/2013,D140781,D140782,D140783,D140784,D140785,D140786,D140787,,,,,15.05,,14.71,,15.52,,15.35,,14.66,,14.7,,14.59,,,,,,,,,
5577,2013,18,NEA,PIEFL,1,6,6,6,,,39,58,,,,NE,L555891,02/06/2013,26/05/2011,R,2,X080699,14/05/2013,31/05/2008,S,5,07/06/2013,D140801,D140802,D140803,D140804,D140805,D140806,,,,,,15,,14.4,,13.6,,13.8,,13.3,,,,,,,,,,,,,
5578,2013,20,NEA,BLUTI,1,9,,8,,,35,,,,,NE,,,,,,D140562,22/05/2013,22/05/2013,I,1,,,,,,,,,,,,,,,,,,,,,,,,,,,,,,,,,,
5579,2013,101,YAR,BLUTI,1,7,,0,,,28,48,,,,JD,,,,,,D140521,19/05/2013,19/05/2013,I,1,,,,,,,,,,,,,,,,,,,,,,,,,,,,,,,,,,
5580,2013,103,YAR,BLUTI,1,10,,0,,,25,48,,,,JD,,,,,,,,,,,,,,,,,,,,,,,,,,,,,,,,,,,,,,,,,,,,
5581,2013,110,YAR,PIEFL,1,7,,4,24,,43,62,,,,NE,D140629,06/06/2013,06/06/2013,I,1,Y369151,23/05/2013,27/05/2012,S,2,11/06/2013,D543091,D543092,D543093,D543094,,,,,,,,11.41,,10.85,,10.52,,12.36,,,,,,,,,,,,,,,
5582,2013,116,YAR,PIEFL,1,6,,0,26,,44,65,,,,JD,unringed,,,,,Y582639,04/06/2012,04/06/2012,I,1,,,,,,,,,,,,,,,,,,,,,,,,,,,,,,,,,,
5583,2013,117,YAR,BLUTI,1,11,10,10,,,29,54,,1,,NE,,,,,,D140563,23/05/2013,23/05/2013,I,1,05/06/2013,D140750,D140751,D140752,D140753,D140754,D140755,D140756,D140757,D140758,D140759,,10.09,,9.98,,7.52,,9.5,,9.29,,8.31,,9.15,,9.49,,9.49,,8.98,,,
5584,2013,118,YAR,GRETI,1,7,,0,,,,,,,,XU,,,,,,,,,,,,,,,,,,,,,,,,,,,,,,,,,,,,,,,,,,,,
5585,2013,119,YAR,PIEFL,1,7,,0,23,,39,62,,,,JD,unringed,,,,,Y369096,24/05/2013,05/05/2012,S,2,,,,,,,,,,,,,,,,,,,,,,,,,,,,,,,,,,
5586,2013,120,YAR,GRETI,1,9,,4,,,42,65,,,,NE,,,,,,,,,,,,,,,,,,,,,,,,,,,,,,,,,,,,,,,,,,,,
5587,2013,121,YAR,PIEFL,1,6,,4,24,,42,61,,1,,NE,Y982018,06/06/2013,13/06/2012,R,1,Y134223,31/05/2013,29/05/2011,R,2,10/06/2013,D543075,D543076,D543077,D543078,,,,,,,,13.97,,13.86,,14.75,,14.54,,,,,,,,,,,,,,,
5588,2013,125,YAR,PIEFL,2,,0,0,17,,40,,,,,ED,,,,,,L555804,25/05/2013,09/05/2011,S,3,,,,,,,,,,,,,,,,,,,,,,,,,,,,,,,,,,
5589,2013,126,YAR,PIEFL,2,6,6,6,37,,55,73,,,,NE,ringed left,,,,,L555804,25/04/2013,09/05/2011,S,3,20/06/2013,D543251,D543252,D543253,D543254,D543255,D543256,,,,,,,,,,,,,,,,,,,,,,,,,,,
5590,2013,127,YAR,BLUTI,1,10,,0,,,26,49,,,,JD,,,,,,Y369109,17/05/2013,11/05/2012,S,2,,,,,,,,,,,,,,,,,,,,,,,,,,,,,,,,,,
5591,2013,205,YAR,PIEFL,1,6,6,6,17,,49,68,,,,NE,L422519,24/04/2013,11/06/2010,S,3,L196830,28/05/2013,14/06/2010,S,3,17/06/2013,D543219,D543220,D543221,D543222,D543223,D543224,,,,,,14.01,,13.76,,13.59,,14.39,,13.22,,14.25,,,,,,,,,,,
5592,2013,208,YAR,PIEFL,1,6,6,6,19,,40,61,,,,NE,D543002,10/06/2013,10/06/2013,I,1,D140523,20/05/2013,20/05/2013,I,1,10/06/2013,D543003,D543004,D543005,D543006,D543007,D543008,,,,,,12.97,,12.77,,13.73,,13.45,,14.07,,14.37,,,,,,,,,,,
5593,2013,210,YAR,PIEFL,1,7,7,7,23,,43,65,,,,NE,L422630,01/05/2013,15/06/2010,S,4,D140564,23/05/2013,23/05/2013,I,1,14/06/2013,D543165,D543166,D543167,D543168,D543169,D543170,D543171,,,,,13.98,,15.01,,14.78,,15.67,,14.12,,14.78,,14.75,,,,,,,,,
5594,2013,213,YAR,BLUTI,1,,0,0,,,30,,,,,EU,,,,,,,,,,,,,,,,,,,,,,,,,,,,,,,,,,,,,,,,,,,,
5595,2013,216,YAR,BLUTI,1,8,3,3,,,37,60,,5,,NE,,,,,,D140535,27/05/2013,27/05/2013,I,1,11/06/2013,D543096,D543097,D543098,,,,,,,,,12.55,,12.09,,12.47,,,,,,,,,,,,,,,,,
5596,2013,217,YAR,BLUTI,1,9,,2,,,32,56,,,,NE,,,,,,V143560,23/05/2013,27/02/2013,I,2,07/06/2013,D140788,D140789,,,,,,,,,,6.88,,11.15,,,,,,,,,,,,,,,,,,,
5597,2013,218,YAR,BLUTI,1,8,7,6,,,37,62,,1,,NE,,,,,,D140536,27/05/2013,27/05/2013,I,1,13/06/2013,D543142,D543143,D543144,D543145,D543146,D543147,D543148,,,,,11.45,,11.66,,10.2,,10.96,,11.22,,11.74,,10.9,,,,,,,,,
5598,2013,220,YAR,BLUTI,1,9,,0,,,35,60,,,,JD,,,,,,Y369120,20/05/2013,16/05/2012,S,2,,,,,,,,,,,,,,,,,,,,,,,,,,,,,,,,,,
5599,2013,222,YAR,PIEFL,1,7,7,7,23,,39,61,,,,NE,L261873,10/06/2013,05/06/2010,S,3,Y220279,20/05/2013,09/06/2012,I,1,10/06/2013,D543027,D543028,D543029,D543030,D543031,D543032,D543033,,,,,13.8,,12.62,,13.09,,13.87,,14.06,,13.87,,13.69,,,,,,,,,
5600,2013,223,YAR,BLUTI,1,9,,6,,,29,57,,,,NE,,,,,,V143577,16/05/2013,27/02/2013,I,2,08/06/2013,D140684,D140685,D140686,D140687,D140688,D140689,D140690,D140691,,,,8.88,,9.92,,10.16,,11.01,,10.25,,9.97,,10.46,,,,,,,,,
5601,2013,224,YAR,BLUTI,1,8,7,7,,,35,61,,1,,NE,,,,,,V143542,29/05/2013,27/02/2013,I,3,12/06/2013,D543131,D543132,D543133,D543134,D543135,D543136,D543137,,,,,12.59,,11.67,,11.12,,11.36,,11.48,,12.02,,10.11,,,,,,,,,
5602,2013,227,YAR,GRETI,1,6,6,6,,,31,,,,,NE,,,,,,D140565,23/05/2013,23/05/2013,I,1,10/06/2013,TS92875,TS92876,TS92877,TS92878,TS92879,TS92880,,,,,,,,,,,,,,,,,,,,,,,,,,,
5603,2013,229,YAR,PIEFL,1,7,,6,24,,44,66,,,,NE,L261871,10/06/2013,05/06/2010,S,4,X761978,27/05/2013,06/06/2010,I,3,15/06/2013,D543201,D543202,D543203,D543204,D543205,D543206,,,,,,12.34,,11.24,,13.03,,12.93,,12.88,,12.71,,,,,,,,,,,
5604,2013,230,YAR,BLUTI,1,9,0,0,,,30,,,,,ED,,,,,,Y369095,16/05/2013,05/05/2012,S,2,,,,,,,,,,,,,,,,,,,,,,,,,,,,,,,,,,
5605,2013,231,YAR,PIEFL,1,6,6,0,30,,39,58,,,,JD,unringed,,,,,X783897,16/05/2013,29/06/2011,S,2,,,,,,,,,,,,,,,,,,,,,,,,,,,,,,,,,,
5606,2013,232,YAR,BLUTI,1,8,7,2,,,35,60,,1,,NE,,,,,,D140537,27/05/2013,27/05/2013,I,1,11/06/2013,D543099,D543100,,,,,,,,,,11.79,,10.4,,11.06,,11.14,,10.63,,8.61,,10.32,,,,,,,,,
5607,2013,234,YAR,PIEFL,1,7,,5,17,34,46,69,,1,,NE,Y369236,17/04/2013,05/06/2012,S,2,L261747,29/05/2013,03/06/2010,S,3,17/06/2013,D543235,D543236,D543237,D543238,D543239,,,,,,,13.55,,14.1,,14.72,,14.21,,13.84,,,,,,,,,,,,,
5608,2013,235,YAR,BLUTI,1,8,8,7,,,34,59,,,,NE,,,,,,V143574,27/05/2013,27/02/2013,I,2,10/06/2013,D543034,D543035,D543036,D543037,D543038,D543039,D543040,D543041,,,,11.58,,10.84,,11.38,,11.46,,11.51,,11.19,,12.23,,10.5,,,,,,,
5609,2013,236,YAR,BLUTI,1,8,,6,,,34,58,,1,,NE,,,,,,L261528,23/05/2013,15/05/2010,S,4,09/06/2013,D140942,D140943,D140944,D140945,D140946,D140947,,,,,,10.31,,11.67,,11.07,,12.09,,11.41,,10.12,,,,,,,,,,,
5610,2013,237,YAR,BLUTI,1,5,0,0,,,37,,,,,ED,,,,,,L261513,23/05/2013,08/05/2010,S,4,,,,,,,,,,,,,,,,,,,,,,,,,,,,,,,,,,
5611,2013,238,YAR,BLUTI,1,11,,8,,,31,56,,1,,NE,,,,,,,,,,,07/06/2013,D140790,D140791,D140792,D140793,D140794,D140795,D140796,D140797,,,,6.49,,10.5,,10.18,,10.22,,9.49,,10.06,,9.75,,10.49,,,,,,,
5612,2013,240,YAR,PIEFL,1,6,,4,,,40,61,,1,,NE,L261984,08/06/2013,08/06/2010,S,4,Y134405,27/05/2013,31/05/2011,S,2,10/06/2013,D543042,D543043,D543044,D543045,,,,,,,,15.72,,15.34,,14.93,,16.44,,,,,,,,,,,,,,,
5613,2013,241,YAR,BLUTI,1,8,,6,,,29,55,,1,,NE,,,,,,V143541,19/05/2013,27/02/2013,I,2,06/06/2013,D140775,D140776,D140777,D140778,D140779,D140780,,,,,,7.69,,10.89,,11.45,,10.25,,10.98,,9.46,,,,,,,,,,,
5614,2013,242,YAR,BLUTI,1,8,0,0,,,34,,,,,ED,,,,,,,,,,,,,,,,,,,,,,,,,,,,,,,,,,,,,,,,,,,,
5615,2013,243,YAR,PIEFL,1,3,3,3,,,43,60,,,,NE,D543095,11/06/2013,11/06/2013,I,1,D140566,23/05/2013,23/05/2013,I,1,09/06/2013,D140948,D140949,D140950,,,,,,,,,14.14,,13.82,,14.29,,,,,,,,,,,,,,,,,
5616,2013,245,YAR,BLUTI,1,9,9,7,,,35,56,,,,NE,,,,,,L261561,19/05/2013,21/05/2010,R,3,07/06/2013,D140631,D140632,D140633,D140634,D140635,D140636,D140637,D140638,D140639,,,11.41,,11.18,,10.57,,11.22,,11.66,,9.52,,10.14,,10.84,,8.99,,,,,
5617,2013,246,YAR,PIEFL,1,5,4,4,21,,39,61,,1,,NE,L422550,08/06/2013,11/06/2010,S,4,X533379,29/04/2013,10/06/2009,S,4,10/06/2013,D543017,D543018,D543019,D543020,,,,,,,,13.91,,14.14,,14.18,,14.29,,,,,,,,,,,,,,,
5618,2013,248,YAR,PIEFL,1,6,4,4,31,,49,69,,2,,NE,D141000,14/06/2013,14/06/2013,I,1,L555849,29/05/2013,22/05/2011,S,3,17/06/2013,D543231,D543232,D543233,D543234,,,,,,,,14.11,,13.5,,14.68,,14.09,,,,,,,,,,,,,,,
5619,2013,249,YAR,REDST,1,6,6,6,,,40,62,,,,NE,D543016,10/06/2013,10/06/2013,I,1,D140630,06/06/2013,06/06/2013,I,1,10/06/2013,D543021,D543022,D543023,D543024,D543025,D543026,,,,,,,,,,,,,,,,,,,,,,,,,,,
5620,2013,250,YAR,PIEFL,1,7,7,7,17,,38,61,,,,NE,V450208,10/06/2013,27/05/2011,S,2,L555782,19/05/2013,06/05/2011,S,3,10/06/2013,D543009,D543010,D543011,D543012,D543013,D543014,D543015,,,,,14.21,,14.42,,14.5,,14.12,,14.73,,15.36,,14.51,,,,,,,,,
5621,2013,303,YAR,PIEFL,1,6,6,6,25,,39,59,,,,NE,Y369403,05/06/2013,09/06/2012,R,1,L196811,10/06/2013,06/06/2010,S,3,08/06/2013,D140678,D140679,D140680,D140681,D140682,D140683,,,,,,14.13,,13.95,,14.94,,14.27,,14.26,,14.47,,,,,,,,,,,
5622,2013,306,YAR,PIEFL,1,7,7,7,19,,46,65,,,,NE,Y982375,23/04/2013,23/04/2013,I,1,X401140,12/06/2013,02/06/2010,S,3,14/06/2013,D543172,D543173,D543174,D543175,D543176,D543177,D543178,,,,,13.86,,14.18,,13.94,,13.71,,13.8,,13.9,,12.39,,,,,,,,,
5623,2013,307,YAR,BLUTI,1,11,11,0,,,31,55,,,,JD,,,,,,V143289,17/05/2013,23/02/2012,I,3,,,,,,,,,,,,,,,,,,,,,,,,,,,,,,,,,,
5624,2013,312,YAR,PIEFL,1,7,,3,17,,39,61,,3,,NE,E718712,18/04/2013,10/06/2012,S,2,D543046,10/06/2013,10/06/2013,I,1,10/06/2013,D543047,D543048,D543049,,,,,,,,,14.53,,15.13,,14.49,,,,,,,,,,,,,,,,,
5625,2013,313,YAR,BLUTI,1,10,9,8,,,37,61,,1,,NE,,,,,,D140544,30/05/2013,30/05/2013,I,1,12/06/2013,D543122,D543123,D543124,D543125,D543126,D543127,D543128,D543129,D543130,,,10.23,,9.28,,10.93,,11.73,,10.9,,11.85,,11.27,,11.16,,11.12,,,,,
5626,2013,319,YAR,PIEFL,1,7,7,7,23,,47,67,,,,NE,Y369317,06/06/2013,07/06/2012,R,1,Y115928,17/05/2013,07/06/2011,S,3,16/06/2013,D543207,D543208,D543209,D543210,D543211,D543212,D543213,,,,,14.99,,13.66,,13.82,,13.35,,12.75,,14,,12.34,,,,,,,,,
5627,2013,320,YAR,BLUTI,1,10,,0,,,37,62,,,,JD,,,,,,D140524,20/05/2013,20/05/2013,I,1,13/06/2013,D543149,D543150,,,,,,,,,,6.02,,7.02,,,,,,,,,,,,,,,,,,,
5628,2013,321,YAR,BLUTI,1,10,9,9,,,38,61,,1,,NE,,,,,,D140545,30/05/2013,30/05/2013,I,1,12/06/2013,D140969,D140970,D140971,D140972,D140973,D140974,D140975,D140976,D140977,,,10.59,,10.77,,8.5,,10.99,,9.97,,10.66,,10.71,,10.28,,11.13,,,,,
5629,2013,322,YAR,BLUTI,1,12,,8,,,32,56,,,,NE,,,,,,L261526,17/05/2013,15/05/2010,S,4,07/06/2013,D140640,D140641,D140642,D140643,D140644,D140645,D140646,D140647,,,,11.35,,11.61,,12.21,,11.73,,11.49,,10.43,,9.9,,11.29,,,,,,,
5630,2013,323,YAR,BLUTI,1,12,,7,,,29,56,,,,NE,,,,,,,,,,,07/06/2013,D140648,D140649,D140650,D140651,D140652,D140653,D140654,,,,,10.55,,9.82,,10.75,,10.96,,10.7,,9.61,,10.71,,,,,,,,,
5631,2013,325,YAR,BLUTI,1,11,11,10,,,33,57,,,,NE,,,,,,,,,,,08/06/2013,D140901,D140902,D140903,D140904,D140905,D140906,D140907,D140908,D140909,D140910,,10.56,,8.5,,9.56,,9.28,,9.49,,10.39,,9.97,,8,,7.71,,9.08,,,
5632,2013,327,YAR,BLUTI,1,7,,6,,,40,60,,,,NE,,,,,,,,,,,,,,,,,,,,,,,,,,,,,,,,,,,,,,,,,,,,
5633,2013,330,YAR,BLUTI,1,10,10,10,,,32,56,,,,NE,,,,,,,,,,,07/06/2013,D140655,D140656,D140657,D140658,D140659,D140660,D140661,D140662,D140663,D140664,,11.09,,12.18,,10.05,,11.29,,8.55,,10.34,,11.58,,11.54,,11.75,,11.51,,,
5634,2013,331,YAR,BLUTI,1,8,8,8,,,41,62,,,,NE,,,,,,D140567,23/05/2013,23/05/2013,I,1,13/06/2013,D543151,D543152,D543153,D543154,D543155,D543156,D543157,D543158,,,,10.48,,10.23,,9.79,,9.96,,9.8,,10.52,,8.32,,9.14,,,,,,,
5635,2013,332,YAR,PIEFL,1,7,,6,28,,42,62,,,,NE,ringed left,,,,,D140543,29/05/2013,29/05/2013,I,1,11/06/2013,D543079,D543080,D543081,D543082,D543083,D543084,,,,,,13.31,,14.05,,14.06,,13.25,,13.2,,13.45,,,,,,,,,,,
5636,2013,333,YAR,BLUTI,1,10,,8,,,37,59,,1,,NE,,,,,,L261520,23/05/2013,09/05/2010,S,4,10/06/2013,D543050,D543051,D543052,D543053,D543054,D543055,D543056,D543057,,,,12.1,,12.14,,11.54,,12.43,,13.08,,11.06,,11.71,,11.44,,,,,,,
5637,2013,336,YAR,PIEFL,1,5,5,5,19,,52,69,,,,NE,L555916,11/06/2013,27/05/2011,R,2,L261980,30/05/2013,07/06/2010,S,3,17/06/2013,D543240,D543241,D543242,D543243,D543244,,,,,,,14.57,,14.82,,15.11,,14.75,,14.38,,,,,,,,,,,,,
5638,2013,338,YAR,BLUTI,1,6,,2,,,39,58,,,,NE,,,,,,D140568,23/05/2013,23/05/2013,I,1,09/06/2013,D140951,D140952,D140953,D140954,,,,,,,,,,,,,,,,,,,,,,,,,,,,,
5639,2013,339,YAR,PIEFL,1,7,7,7,23,,40,60,,,,NE,Y369499,05/06/2013,12/06/2012,I,1,D140525,20/05/2013,20/05/2013,I,1,09/06/2013,D140955,D140956,D140957,D140958,D140959,D140960,D140961,,,,,13.86,,14.01,,14.06,,13.65,,15.28,,13.63,,13.26,,,,,,,,,
5640,2013,340,YAR,BLUTI,1,9,0,0,,,44,,,,,ED,,,,,,V143550,23/04/2013,27/02/2013,I,3,,,,,,,,,,,,,,,,,,,,,,,,,,,,,,,,,,
5641,2013,341,YAR,PIEFL,1,,0,0,21,,,,,1,,ED,ringed left,,,,,ringed right,,,,,,,,,,,,,,,,,,,,,,,,,,,,,,,,,,,,,,
5642,2013,342,YAR,GRETI,1,5,,4,,,40,61,,,,NE,,,,,,D140569,23/05/2013,23/05/2013,I,1,10/06/2013,TS92881,TS92882,TS92883,TS92884,,,,,,,,,,,,,,,,,,,,,,,,,,,,,
5643,2013,343,YAR,PIEFL,1,7,7,7,17,,38,60,,,,NE,Y582645,04/06/2012,04/06/2012,I,1,Y369232,19/05/2013,05/06/2012,R,1,09/06/2013,D140962,D140963,D140964,D140965,D140966,D140967,D140968,,,,,15,,13.29,,13.95,,12.76,,14.05,,13.39,,14.1,,,,,,,,,
5644,2013,344,YAR,BLUTI,1,9,9,9,,,28,61,,,,NE,,,,,,L555817,18/05/2013,13/05/2011,S,3,12/06/2013,D140978,D140979,D140980,D140981,D140982,D140983,D140984,D140985,D140986,,,10.13,,10.66,,9.12,,8.83,,11.75,,9.34,,10.54,,9.28,,7.87,,,,,
5645,2013,345,YAR,BLUTI,1,9,0,0,,,28,,,,,ED,,,,,,,,,,,,,,,,,,,,,,,,,,,,,,,,,,,,,,,,,,,,
5646,2013,347,YAR,PIEFL,1,6,6,6,,,53,71,,,,NE,D543138,12/06/2013,12/06/2013,I,1,Y369483,01/06/2013,11/06/2012,R,1,20/06/2013,D543320,D543321,D543322,D543323,D543324,D543325,,,,,,,,,,,,,,,,,,,,,,,,,,,
5647,2013,349,YAR,BLUTI,1,9,,7,,,27,52,,,,NE,,,,,,L261726,18/05/2013,02/06/2010,S,2,03/06/2013,D140547,D140548,D140549,D140550,D140596,D140597,D140598,,,,,11.1,,10.63,,11.09,,7.13,,9.61,,10.79,,7.55,,,,,,,,,
5648,2013,350,YAR,PIEFL,1,6,5,5,36,,48,67,,1,,NE,D543121,12/06/2013,12/06/2013,I,1,Y369123,10/06/2013,18/05/2012,S,2,16/06/2013,D543214,D543215,D543216,D543217,D543218,,,,,,,14.33,,13.07,,14.2,,14.25,,12.94,,,,,,,,,,,,,
5649,2013,353,YAR,PIEFL,1,7,,6,17,,42,62,,,,NE,Y982374,22/04/2013,22/04/2013,I,1,D140570,23/05/2013,23/05/2013,I,1,11/06/2013,D543085,D543086,D543087,D543088,D543089,D543090,,,,,,14.02,,13.34,,13.77,,14.13,,14.24,,14.43,,,,,,,,,,,
5650,2013,355,YAR,BLUTI,1,10,10,0,,,27,54,,,,JD,,,,,,X533100,19/05/2013,15/05/2009,S,5,,,,,,,,,,,,,,,,,,,,,,,,,,,,,,,,,,
5651,2013,401,YAR,BLUTI,1,10,9,9,,,35,57,,1,,NE,,,,,,Y369124,20/05/2013,18/05/2012,S,2,08/06/2013,D140846,D140847,D140848,D140849,D140850,D140851,D140852,D140853,D140854,,,10.08,,10.6,,10.7,,11.05,,9,,8.7,,10.6,,10.7,,10.7,,,,,
5652,2013,402,YAR,BLUTI,1,10,,3,,,30,57,,2,,NE,,,,,,L555788,16/05/2013,07/05/2011,S,2,08/06/2013,D140798,D140799,D140800,,,,,,,,,10.85,,11.25,,10.25,,,,,,,,,,,,,,,,,
5653,2013,407,YAR,BLUTI,1,10,0,0,,,27,,,,,ED,,,,,,D140509,17/05/2013,17/05/2013,I,1,,,,,,,,,,,,,,,,,,,,,,,,,,,,,,,,,,
5654,2013,408,YAR,BLUTI,1,8,0,0,,,27,,,,,ED,,,,,,,,,,,,,,,,,,,,,,,,,,,,,,,,,,,,,,,,,,,,
5655,2013,411,YAR,GRETI,1,,,0,,,27,47,,,,JD,,,,,,,,,,,,,,,,,,,,,,,,,,,,,,,,,,,,,,,,,,,,
5656,2013,412,YAR,BLUTI,1,10,,0,,,26,51,,,,JD,,,,,,L555786,18/05/2013,06/05/2011,S,3,,,,,,,,,,,,,,,,,,,,,,,,,,,,,,,,,,
5657,2013,415,YAR,BLUTI,1,10,,7,,,26,53,,1,,NE,,,,,,,,,,,03/06/2013,D140711,D140712,D140713,D140714,D140715,D140716,D140717,,,,,10.87,,10.39,,10.44,,8.8,,7.23,,9.73,,8.74,,,,,,,,,
5658,2013,416,YAR,BLUTI,1,6,,0,,,39,59,,,,JD,,,,,,,,,,,,,,,,,,,,,,,,,,,,,,,,,,,,,,,,,,,,
5659,2013,418,YAR,PIEFL,1,7,,0,16,,35,54,,,,JD,D140601,31/05/2013,31/05/2013,I,1,D140504,13/05/2013,13/05/2013,I,1,,,,,,,,,,,,,,,,,,,,,,,,,,,,,,,,,,
5660,2013,419,YAR,NUTHA,1,7,,0,,,35,,,,,JP,,,,,,TJ32494,20/05/2013,20/05/2013,I,1,,,,,,,,,,,,,,,,,,,,,,,,,,,,,,,,,,
5661,2013,420,YAR,BLUTI,1,11,11,9,,,26,51,,,,NE,,,,,,D140526,20/05/2013,20/05/2013,I,1,02/06/2013,D140587,D140588,D140589,D140590,D140591,D140592,D140593,D140594,D140595,,,8.35,,7.44,,6.51,,8.78,,8.28,,8.09,,9.08,,8,,6.74,,,,,
5662,2013,421,YAR,BLUTI,1,8,0,0,,,35,,,,,ED,,,,,,D140531,22/06/2013,22/06/2013,I,1,,,,,,,,,,,,,,,,,,,,,,,,,,,,,,,,,,
5663,2013,422,YAR,BLUTI,1,7,,6,,,32,53,,,,NE,,,,,,D140551,18/05/2013,18/05/2013,I,1,04/06/2013,D140718,D140719,D140720,D140721,D140722,D140723,,,,,,10.72,,10.07,,11.5,,9.71,,9.63,,10.73,,,,,,,,,,,
5664,2013,424,YAR,BLUTI,1,8,,4,,,30,53,,1,,NE,,,,,,,,,,,04/06/2013,D140724,D140725,D140726,D140727,,,,,,,,7.65,,7.82,,8.35,,8.8,,,,,,,,,,,,,,,
5665,2013,426,YAR,NUTHA,1,6,,5,,,,42,,,,NE,,,,,,TJ71472,13/05/2013,04/05/2011,S,3,,,,,,,,,,,,,,,,,,,,,,,,,,,,,,,,,,
5666,2013,427,YAR,BLUTI,1,7,6,6,,,27,53,,1,,NE,,,,,,Y369099,16/05/2013,05/05/2012,I,2,04/06/2013,D140728,D140729,D140730,D140731,D140732,D140733,,,,,,11.27,,5.9,,7.53,,9.24,,9.07,,10.42,,,,,,,,,,,
5667,2013,428,YAR,BLUTI,1,7,,5,,,29,49,,,,NE,,,,,,D140508,16/05/2013,16/05/2013,I,1,01/06/2013,D140602,D140603,D140604,D140605,D140606,,,,,,,,,,,,,,,,,,,,,,,,,,,,
5668,2013,429,YAR,BLUTI,1,11,,7,,,32,57,,2,,NE,,,,,,,,,,,08/06/2013,D140917,D140918,D140919,D140920,D140921,D140922,D140923,,,,,10.78,,11.62,,11.61,,10.75,,11.11,,11.18,,11.05,,,,,,,,,
5669,2013,430,YAR,BLUTI,1,7,7,5,,,31,50,,,,NE,,,,,,,,,,,01/06/2013,D140607,D140608,D140609,D140610,D140611,,,,,,,,,,,,,,,,,,,,,,,,,,,,
5670,2013,431,YAR,BLUTI,1,8,8,8,,,33,54,,,,NE,,,,,,V143190,27/05/2013,16/02/2011,I,3,05/06/2013,D140760,D140761,D140762,D140763,D140764,D140765,D140766,D140767,,,,10.38,,10.59,,10.18,,9.39,,10.46,,11.19,,10.95,,10.4,,,,,,,
5671,2013,434,YAR,BLUTI,1,7,0,0,,,33,,,,,ED,,,,,,D140538,27/05/2013,27/05/2013,I,1,,,,,,,,,,,,,,,,,,,,,,,,,,,,,,,,,,
5672,2013,436,YAR,BLUTI,1,8,,5,,,37,59,,,,NE,,,,,,V143146,20/05/2013,16/02/2011,S,3,10/06/2013,D543064,D543065,D543066,D543067,D543068,,,,,,,,,,,,,,,,,,,,,,,,,,,,
5673,2013,437,YAR,BLUTI,1,7,7,7,,,34,54,,,,NE,,,,,,L555798,14/05/2013,09/05/2011,S,3,05/06/2013,D140768,D140769,D140770,D140771,D140772,D140773,D140774,,,,,9.63,,10.67,,9.19,,8.78,,10.8,,10.66,,8.02,,,,,,,,,
5674,2013,440,YAR,BLUTI,1,8,8,8,,,35,56,,,,NE,,,,,,V143203,20/05/2013,16/02/2011,I,3,07/06/2013,D140670,D140671,D140672,D140673,D140674,D140675,D140676,D140677,,,,11.83,,11.33,,11.66,,11.69,,11.47,,10.85,,10.09,,8.91,,,,,,,
5675,2013,441,YAR,GRETI,1,9,,4,,,30,51,,,,NE,,,,,,,,,,,05/06/2013,TS92870,TS92871,TS92872,TS92873,TS92874,,,,,,,,,,,,,,,,,,,,,,,,,,,,
5676,2013,442,YAR,PIEFL,1,8,,0,23,,47,69,,,,JD,D140987,13/06/2013,13/06/2013,I,1,D140539,27/05/2013,27/05/2013,I,1,,,,,,,,,,,,,,,,,,,,,,,,,,,,,,,,,,
5677,2013,443,YAR,BLUTI,1,11,,0,,,29,55,,,,JD,,,,,,V143325,16/05/2013,24/02/2012,I,2,,,,,,,,,,,,,,,,,,,,,,,,,,,,,,,,,,
5678,2013,444,YAR,GRETI,1,7,,5,,,32,52,,,,NE,,,,,,,,,,,05/06/2013,TS92865,TS92866,TS92867,TS92868,TS92869,,,,,,,,,,,,,,,,,,,,,,,,,,,,
5679,2013,445,YAR,PIEFL,1,8,6,6,23,,46,68,,2,,NE,D543195,17/06/2013,17/06/2013,I,1,D140542,28/05/2013,28/05/2013,I,1,17/06/2013,D543225,D543226,D543227,D543228,D543229,D543230,,,,,,14.59,,13.48,,13.03,,13.87,,13.41,,13.52,,,,,,,,,,,
5680,2013,446,YAR,BLUTI,1,9,,4,,,29,53,,,,NE,,,,,,V143322,20/05/2013,24/02/2012,I,3,04/06/2013,D140734,D140735,D140736,D140737,,,,,,,,6.97,,9.53,,10.08,,7.38,,,,,,,,,,,,,,,
5681,2013,447,YAR,BLUTI,1,7,,6,,,34,58,,,,NE,,,,,,L555843,20/05/2013,21/05/2011,S,3,10/06/2013,D543069,D543070,D543071,D543072,D543073,D543074,,,,,,11.65,,11.89,,11.59,,10.58,,12.39,,12.24,,,,,,,,,,,
5682,2013,448,YAR,BLUTI,1,9,,5,,,27,53,,,,NE,,,,,,V143098,18/05/2013,25/01/2011,S,4,04/06/2013,D140738,D140739,D140740,D140741,D140742,,,,,,,11.42,,11.6,,12.2,,11.55,,,,,,,,,,,,,,,
5683,2013,450,YAR,PIEFL,1,6,,5,23,,39,58,,,,NE,Y582785,03/06/2013,13/06/2012,I,1,Y134457,25/04/2013,02/06/2011,S,3,07/06/2013,D140665,D140666,D140667,D140668,D140669,,,,,,,13.49,,14.56,,14.08,,14.27,,13.83,,,,,,,,,,,,,
5684,2013,451,YAR,BLUTI,1,8,,4,,,29,52,,2,,NE,,,,,,Y369101,16/05/2013,05/05/2012,S,2,03/06/2013,D140701,D140702,D140703,D140704,,,,,,,,11.28,,10.61,,11.2,,12.19,,,,,,,,,,,,,,,
5685,2013,452,YAR,BLUTI,1,10,0,0,,,30,,,,,ED,,,,,,Y369102,24/05/2013,05/05/2012,S,2,,,,,,,,,,,,,,,,,,,,,,,,,,,,,,,,,,
5686,2013,453,YAR,MARTI,1,9,,6,,,26,51,,,,NE,,,,,,V143528,13/05/2013,27/02/2013,I,2,,,,,,,,,,,,,,,,,,,,,,,,,,,,,,,,,,
5687,2013,454,YAR,GRETI,1,8,,5,,,29,49,,,,NE,,,,,,V143282,20/05/2013,23/02/2012,I,3,05/06/2013,TS92860,TS92861,TS92862,TS92863,TS92864,,,,,,,,,,,,,,,,,,,,,,,,,,,,
5688,2013,455,YAR,PIEFL,1,7,7,7,,,44,64,,,,NE,D140624,05/06/2013,05/06/2013,I,1,D140571,24/05/2013,24/05/2013,I,1,13/06/2013,D140988,D140989,D140990,D140991,D140992,D140993,D140994,,,,,12.8,,13.8,,13.2,,13.2,,13.7,,13.4,,13.9,,,,,,,,,
5689,2013,458,YAR,BLUTI,1,9,8,6,,,27,52,,1,,NE,,,,,,V143149,18/05/2013,16/02/2011,S,3,03/06/2013,D140705,D140706,D140707,D140708,D140709,D140710,,,,,,10.65,,9.15,,11.33,,10.88,,9.64,,10.1,,,,,,,,,,,
5690,2013,460,YAR,BLUTI,1,,0,0,,,43,,,,,ED,,,,,,,,,,,,,,,,,,,,,,,,,,,,,,,,,,,,,,,,,,,,
5691,2013,461,YAR,BLUTI,1,8,,7,,,30,53,,,,NE,,,,,,V143102,16/05/2013,25/01/2011,S,4,04/06/2013,D140743,D140744,D140745,D140746,D140747,D140748,D140749,,,,,10.85,,10.23,,9.85,,8.58,,9.65,,9.78,,7.62,,,,,,,,,
5692,2013,463,YAR,BLUTI,1,10,,0,,,29,55,,,,JD,,,,,,,,,,,,,,,,,,,,,,,,,,,,,,,,,,,,,,,,,,,,
5693,2013,HIDE1A,YAR,PIEFL,1,5,,0,,,63,81,,,,JD,unringed,,,,,Y982051,10/06/2013,01/07/2012,I,1,,,,,,,,,,,,,,,,,,,,,,,,,,,,,,,,,,
5694,2013,HIDE1C,YAR,PIEFL,1,7,,6,20,,41,61,,,,NE,Y134447,23/04/2013,01/06/2011,S,2,D140600,05/06/2013,05/06/2013,I,1,10/06/2013,D543058,D543059,D543060,D543061,D543062,D543063,,,,,,14.15,,12.85,,13.42,,14.33,,13.1,,14.6,,,,,,,,,,,
5695,2013,HIDE1D,YAR,PIEFL,1,7,7,6,28,,48,69,,,,NE,Y369302,13/06/2013,07/06/2012,R,1,D140541,27/05/2013,27/05/2013,I,1,17/06/2013,D543245,D543246,D543247,D543248,D543249,D543250,,,,,,14.25,,15.23,,14.41,,14.64,,15.43,,10.87,,,,,,,,,,,
5696,2013,HIDE5,YAR,BLUTI,1,10,9,9,,,33,57,,1,,NE,,,,,,V143198,24/05/2013,16/02/2011,I,4,08/06/2013,D140692,D140693,D140694,D140695,D140696,D140697,D140698,D140699,D140700,,,8.62,,8.3,,8.58,,9.76,,10.3,,8.59,,10.49,,11.55,,9.35,,,,,
5697,2013,HIDE9,YAR,BLUTI,1,6,6,6,,,39,57,,,,NE,,,,,,D140540,27/05/2013,27/05/2013,I,1,08/06/2013,D140911,D140912,D140913,D140914,D140915,D140916,,,,,,11.39,,11.66,,12.03,,10.31,,12.06,,10.88,,,,,,,,,,,
5698,2014,1,BVW,PIEFL,1,7,5,5,,,30,,,2,,NE,,,,,,D636767,09/05/2014,09/05/2014,I,1,28/05/2014,D637199,D637200,D637201,D637202,D637203,,,,,,,,,,,,,,,,,,,,,,,,,,,,
5699,2014,2,BVW,BLUTI,1,9,,8,,,,,,,,NE,,,,,,,,,,,,,,,,,,,,,,,,,,,,,,,,,,,,,,,,,,,,
5700,2014,3,BVW,GRETI,1,9,9,8,,,23,,,,,NE,,,,,,,,,,,,,,,,,,,,,,,,,,,,,,,,,,,,,,,,,,,,
5701,2014,4,BVW,PIEFL,1,7,,6,,,42,,,,,NE,D637204,28/05/2014,28/05/2014,I,1,L327392,09/05/2014,01/06/2011,S,3,03/06/2014,D636805,D636806,D636807,D636808,D636809,D636810,,,,,,,,,,,,,,,,,,,,,,,,,,,
5702,2014,5,BVW,BLUTI,1,10,10,10,,,23,,,,,NE,,,,,,,,,,,,,,,,,,,,,,,,,,,,,,,,,,,,,,,,,,,,
5703,2014,6,BVW,BLUTI,1,11,,8,,,17,,,,,NE,,,,,,,,,,,,,,,,,,,,,,,,,,,,,,,,,,,,,,,,,,,,
5704,2014,7,BVW,BLUTI,1,10,10,9,,,22,,,0,,NE,,,,,,,,,,,,,,,,,,,,,,,,,,,,,,,,,,,,,,,,,,,,
5705,2014,8,BVW,GRETI,1,10,,9,,,20,,,,,NE,,,,,,,,,,,,,,,,,,,,,,,,,,,,,,,,,,,,,,,,,,,,
5706,2014,9,BVW,PIEFL,1,7,7,7,,,29,,,0,,NE,,,,,,D637198,28/05/2014,28/05/2014,I,1,28/05/2014,D637190,D637191,D637192,D637193,D637194,D637195,D637196,,,,,,,,,,,,,,,,,,,,,,,,,,
5707,2014,10,BVW,GRETI,1,7,,5,,,18,38,,,,NE,,,,,,,,,,,,,,,,,,,,,,,,,,,,,,,,,,,,,,,,,,,,
5708,2014,11,BVW,PIEFL,1,8,,7,,,31,,,,,NE,D637197,28/05/2014,28/05/2014,I,1,Y369320,09/05/2014,07/06/2012,R,2,03/06/2014,D636811,D636812,D636813,D636814,D636815,D636816,D636817,,,,,,,,,,,,,,,,,,,,,,,,,,
5709,2014,13,BVW,BLUTI,1,13,,9,,,19,,,,,NE,,,,,,,,,,,,,,,,,,,,,,,,,,,,,,,,,,,,,,,,,,,,
5710,2014,14,BVW,BLUTI,1,10,,9,,,18,,,,,NE,,,,,,D636768,09/05/2014,09/05/2014,I,1,,,,,,,,,,,,,,,,,,,,,,,,,,,,,,,,,,
5711,2014,15,BVW,PIEFL,1,8,,8,,,34,54,,,,NE,D636826,03/06/2014,03/06/2014,I,1,D636769,09/05/2014,09/05/2014,I,1,03/06/2014,D636818,D636819,D636820,D636821,D636822,D636823,D636824,D636825,,,,,,,,,,,,,,,,,,,,,,,,,
5712,2014,16,BVW,GRETI,1,8,0,0,,,22,,,8,,ED,,,,,,D636770,09/05/2014,09/05/2014,I,1,,,,,,,,,,,,,,,,,,,,,,,,,,,,,,,,,,
5713,2014,17,BVW,BLUTI,1,7,5,5,,,18,,,2,,NE,,,,,1,D636771,09/05/2014,09/05/2014,I,1,,,,,,,,,,,,,,,,,,,,,,,,,,,,,,,,,,
5714,2014,18,BVW,PIEFL,1,,,5,,,34,,7,2,,NE,D637205,28/05/2014,28/05/2014,I,1,,,,,,03/06/2014,D638827,D638828,D638829,D638830,D638831,,,,,,,,,,,,,,,,,,,,,,,,,,,,
5715,2014,19,BVW,PIEFL,1,6,6,6,,,31,50,,0,,NE,,,,,,D636761,09/05/2014,09/05/2014,I,1,30/05/2014,D637289,D637290,D637291,D637292,D637293,D637294,,,,,,14.61,,14.71,,15.01,,14.78,,14.17,,14.6,,12.75,,,,,,,,,
5716,2014,21,BVW,PIEFL,1,7,3,0,,,32,,,4,,JD,,,,,,L303745,09/05/2014,29/05/2011,S,3,,,,,,,,,,,,,,,,,,,,,,,,,,,,,,,,,,
5717,2014,22,BVW,BLUTI,1,8,8,8,,,20,,,0,,NE,,,,,,,,,,,,,,,,,,,,,,,,,,,,,,,,,,,,,,,,,,,,
5718,2014,23,BVW,PIEFL,1,7,7,7,,,34,55,,0,,NE,D140825,30/05/2014,07/06/2013,S,2,L327391,15/05/2014,01/06/2011,S,4,05/06/2014,D637507,D637508,D637509,D637510,D637511,D637512,D637513,,,,,,,,,,,,,,,,,,,,,,,,,,
5719,2014,25,BVW,BLUTI,1,,,10,,,21,,10,0,,NE,,,,,,,,,,,,,,,,,,,,,,,,,,,,,,,,,,,,,,,,,,,,
5720,2014,28,BVW,BLUTI,1,10,,7,,,19,,,0,,NE,,,,,,,,,,,,,,,,,,,,,,,,,,,,,,,,,,,,,,,,,,,,
5721,2014,29,BVW,GRETI,1,5,5,5,,,21,39,,0,,NE,,,,,,D636762,09/05/2014,09/05/2014,I,1,,,,,,,,,,,,,,,,,,,,,,,,,,,,,,,,,,
5722,2014,30,BVW,BLUTI,1,8,,7,,,19,,,0,,NE,,,,,,,,,,,,,,,,,,,,,,,,,,,,,,,,,,,,,,,,,,,,
5723,2014,31,BVW,BLUTI,1,,,8,,,15,38,8,0,,NE,,,,,,D636763,09/05/2014,09/05/2014,I,1,,,,,,,,,,,,,,,,,,,,,,,,,,,,,,,,,,
5724,2014,32,BVW,BLUTI,1,,,7,,,14,39,7,0,,NE,,,,,,D636764,09/05/2014,09/05/2014,I,1,,,,,,,,,,,,,,,,,,,,,,,,,,,,,,,,,,
5725,2014,33,BVW,NUTHA,1,5,,1,,,,,,0,,NE,,,,,,TS92898,17/04/2014,17/04/2014,I,1,,TS92933,,,,,,,,,,,,,,,,,,,,,,,,,,,,,,,,
5726,2014,18A,BVW,BLUTI,1,11,,10,,,22,,,,,NE,,,,,,D636775,09/05/2014,09/05/2014,I,1,,,,,,,,,,,,,,,,,,,,,,,,,,,,,,,,,,
5727,2014,18B,BVW,BLUTI,1,9,,8,,,19,,,,,NE,,,,,,,,,,,,,,,,,,,,,,,,,,,,,,,,,,,,,,,,,,,,
5728,2014,18C,BVW,GRETI,1,6,,0,,,25,,,1,,NE,,,,,,D636772,09/05/2014,09/05/2014,I,1,,,,,,,,,,,,,,,,,,,,,,,,,,,,,,,,,,
5729,2014,18D,BVW,BLUTI,1,12,0,0,,,20,,,12,,ED,,,,,,D636773,09/05/2014,09/05/2014,I,1,,,,,,,,,,,,,,,,,,,,,,,,,,,,,,,,,,
5730,2014,18E,BVW,BLUTI,1,9,0,7,,,27,,,,,ED,,,,,,D636774,09/05/2014,09/05/2014,I,1,,,,,,,,,,,,,,,,,,,,,,,,,,,,,,,,,,
5731,2014,18F,BVW,PIEFL,1,7,7,7,,,32,51,,0,,NE,,,,,,D636760,09/05/2014,09/05/2014,I,1,30/05/2014,D636282,D636283,D636284,D636285,D636286,D636287,D636288,,,,,14.36,,14.28,,13.54,,14.34,,14.01,,14.16,,12.75,,,,,,,,,
5732,2014,18G,BVW,GRETI,1,7,,3,,,15,,,2,,NE,,,,,,D636766,09/05/2014,09/05/2014,I,1,,,,,,,,,,,,,,,,,,,,,,,,,,,,,,,,,,
5733,2014,18H,BVW,GRETI,1,6,6,4,,,48,,,,,NE,,,,,,,,,,,,,,,,,,,,,,,,,,,,,,,,,,,,,,,,,,,,
5734,2014,18I,BVW,PIEFL,1,8,6,6,,,34,55,,2,,NE,unringed,,,,,D637117,25/05/2014,25/05/2014,I,1,05/06/2014,D637501,D637502,D637503,D637504,D637505,D637506,,,,,,,,,,,,,,,,,,,,,,,,,,,
5735,2014,18I,BVW,BLUTI,1,,0,0,,,14,,,,,ED,,,,,,,,,,,,,,,,,,,,,,,,,,,,,,,,,,,,,,,,,,,,
5736,2014,18J,BVW,BLUTI,1,8,,5,,,18,39,,0,,NE,,,,,,D636765,09/05/2014,09/05/2014,I,1,,,,,,,,,,,,,,,,,,,,,,,,,,,,,,,,,,
5737,2014,18K,BVW,PIEFL,1,6,,0,,,50,,,0,,JD,,,,,,D637626,16/06/2014,16/06/2014,I,1,,,,,,,,,,,,,,,,,,,,,,,,,,,,,,,,,,
5738,2014,18K,BVW,GRETI,1,,0,0,,,34,,,,,ED,,,,,,,,,,,,,,,,,,,,,,,,,,,,,,,,,,,,,,,,,,,,
5739,2014,18K,BVW,BLUTI,1,,0,0,,,10,,,,,ED,,,,,,,,,,,,,,,,,,,,,,,,,,,,,,,,,,,,,,,,,,,,
5740,2014,18L,BVW,BLUTI,1,17,,8,,,,,,4,,NE,,,,,,,,,,,,,,,,,,,,,,,,,,,,,,,,,,,,,,,,,,,,
5741,2014,9A,BVW,GRETI,1,7,7,7,,,20,,,,,NE,,,,,,,,,,,,,,,,,,,,,,,,,,,,,,,,,,,,,,,,,,,,
5742,2014,1,NEA,BLUTI,1,12,,8,,,19,,,,,NE,,,,,,D636745,06/05/2014,06/05/2014,I,1,,,,,,,,,,,,,,,,,,,,,,,,,,,,,,,,,,
5743,2014,2,NEA,BLUTI,1,12,,10,,,,,,,,NE,,,,,,Y982187,06/05/2014,20/10/2012,I,2,,,,,,,,,,,,,,,,,,,,,,,,,,,,,,,,,,
5744,2014,3,NEA,PIEFL,1,8,0,0,10,,30,,,8,,ED,,,,,,D140875,06/05/2014,09/06/2013,R,1,,,,,,,,,,,,,,,,,,,,,,,,,,,,,,,,,,
5745,2014,3,NEA,PIEFL,1,6,6,6,,,50,68,,0,,NE,D637625,13/06/2014,13/06/2014,I,1,D637118,26/05/2014,26/05/2014,I,1,17/06/2014,D637634,D637635,D637636,D637637,D637638,D637639,,,,,,13.36,,14.64,,14.52,,14.29,,14.08,,15.01,,,,,,,,,,,
5746,2014,4,NEA,GRETI,1,8,,6,,,42,,,1,,NE,,,,,,D140507,06/05/2014,14/05/2013,S,2,,,,,,,,,,,,,,,,,,,,,,,,,,,,,,,,,,
5747,2014,5,NEA,BLUTI,1,11,,10,,,18,,,1,,NE,,,,,,D636746,06/05/2014,06/05/2014,I,1,,,,,,,,,,,,,,,,,,,,,,,,,,,,,,,,,,
5748,2014,6,NEA,PIEFL,1,6,6,6,10,,31,49,,0,,NE,D637186,28/05/2014,28/05/2014,I,1,D636784,13/05/2014,13/05/2014,I,1,30/05/2014,D637243,D637244,D637245,D637246,D637247,D637248,,,,,,14.73,,13.72,,15.16,,14.36,,14.21,,14.62,,,,,,,,,,,
5749,2014,7,NEA,GRETI,1,8,,7,,,20,,,1,,NE,,,,,,D636747,06/05/2014,06/05/2014,I,1,,,,,,,,,,,,,,,,,,,,,,,,,,,,,,,,,,
5750,2014,8,NEA,PIEFL,1,9,,8,,,29,51,,0,,NE,D637187,28/05/2014,28/05/2014,I,1,L857058,20/05/2014,30/05/2011,S,3,01/06/2014,D637355,D637356,D637357,D637358,D637359,D637360,D637361,D637362,,,,15.33,,14.99,,15.14,,14.76,,15.74,,15.69,,15.63,,15.75,,,,,,,
5751,2014,9,NEA,GRETI,1,6,,4,,,27,,,2,,NE,,,,,,,,,,,,,,,,,,,,,,,,,,,,,,,,,,,,,,,,,,,,
5752,2014,10,NEA,BLUTI,1,,0,0,,,22,,,7,,ED,,,,,,,,,,,,,,,,,,,,,,,,,,,,,,,,,,,,,,,,,,,,
5753,2014,11,NEA,PIEFL,1,7,,4,,,33,52,,1,,NE,D637189,28/05/2014,28/05/2014,I,1,X533175,20/05/2014,31/05/2009,S,5,01/06/2014,D637363,D637364,D637365,D637366,,,,,,,,15.84,,16.14,,16.26,,15.11,,,,,,,,,,,,,,,
5754,2014,12,NEA,BLUTI,1,12,,10,,,18,,,,,NE,,,,,,D636748,06/05/2014,06/05/2014,I,1,,,,,,,,,,,,,,,,,,,,,,,,,,,,,,,,,,
5755,2014,13,NEA,PIEFL,1,7,6,6,,,33,52,,1,,NE,D637188,28/05/2014,28/05/2014,I,1,Y369139,06/05/2014,21/05/2012,S,3,01/06/2014,D637367,D637368,D637369,D637370,D637371,D637372,,,,,,15.67,,16.25,,15.73,,15.54,,15.1,,15.81,,,,,,,,,,,
5756,2014,14,NEA,PIEFL,1,5,,4,,,55,74,,0,,NE,D140833,17/06/2014,08/06/2013,S,2,D140831,04/06/2014,08/06/2013,R,1,23/05/2014,D637664,D637665,D637666,D637667,,,,,,,,14.63,,13.44,,14.04,,13.94,,,,,,,,,,,,,,,
5757,2014,14,NEA,PIEFL,1,6,0,0,,,32,,,6,,ED,,,,,,,,,,,,,,,,,,,,,,,,,,,,,,,,,,,,,,,,,,,,
5758,2014,15,NEA,BLUTI,1,10,,6,,,17,,,1,,NE,,,,,,D636749,06/05/2015,06/05/2014,I,1,,,,,,,,,,,,,,,,,,,,,,,,,,,,,,,,,,
5759,2014,16,NEA,PIEFL,1,8,,7,,,35,55,,0,,NE,D637249,30/05/2015,30/05/2016,I,1,D636949,13/05/2015,20/05/2014,S,2,04/06/2014,D637429,D637430,D637431,D637432,D637433,D637434,D637435,,,,,15.3,,15.26,,14.97,,14.3,,14.99,,15.67,,15.21,,14.3,,,,,,,
5760,2014,17,NEA,BLUTI,1,10,,9,,,18,,,,,NE,,,,,,D636750,06/05/2014,06/05/2014,I,1,,,,,,,,,,,,,,,,,,,,,,,,,,,,,,,,,,
5761,2014,18,NEA,PIEFL,1,8,,7,,,29,50,,0,,NE,D140941,30/05/2014,08/06/2013,R,1,L555966,06/05/2014,28/05/2011,S,4,30/05/2014,D637250,D637251,D637252,D637253,D637254,D637255,D637256,,,,,13.41,,13.15,,13.71,,14.95,,13.93,,14.05,,14.55,,,,,,,,,
5762,2014,19,NEA,GRETI,1,8,0,0,,,18,,,,,OU,,,,,,D636751,06/05/2015,06/05/2014,I,1,,,,,,,,,,,,,,,,,,,,,,,,,,,,,,,,,,
5763,2014,20,NEA,BLUTI,1,,,7,,,25,,7,,,NE,,,,,,,,,,,,,,,,,,,,,,,,,,,,,,,,,,,,,,,,,,,,
5764,2014,FOXWTY,NEA,REDST,2,,,4,,,,,4,0,,NE,,,,,,,,,,,08/07/2014,D637691,D637692,D637693,D637694,,,,,,,,,,,,,,,,,,,,,,,,,,,,,
5765,2014,101,YAR,BLUTI,1,10,,0,,,12,36,,,,JD,D140912,26/05/2015,08/06/2013,R,2,D636752,02/05/2015,06/05/2014,S,2,,,,,,,,,,,,,,,,,,,,,,,,,,,,,,,,,,
5766,2014,103,YAR,BLUTI,1,10,,3,,,12,36,,0,,NE,,,,,,Y369109,26/05/2014,11/05/2012,S,3,28/05/2014,D636940,D636941,D636942,,,,,,,,,11.35,,10.33,,11.33,,,,,,,,,,,,,,,,,
5767,2014,106,YAR,PIEFL,1,5,3,3,10,26,36,58,,2,,NE,V715974,03/06/2014,03/06/2008,S,6,D543221,26/05/2014,17/06/2013,R,1,08/06/2014,D637554,D637555,D637556,,,,,,,,,13.78,,13.92,,13.94,,,,,,,,,,,,,,,,,
5768,2014,109,YAR,BLUTI,1,10,,7,,,16,42,,0,,NE,,,,,,D636776,11/05/2014,11/05/2014,I,1,24/05/2014,D637063,D637064,D637065,D637066,D637067,D637068,D637069,,,,,9.66,,11.29,,10.13,,10.06,,8.96,,10.71,,11.59,,,,,,,,,
5769,2014,110,YAR,PIEFL,1,,0,0,,40,50,,,,,EU,,,,,,,,,,,,,,,,,,,,,,,,,,,,,,,,,,,,,,,,,,,,
5770,2014,114,YAR,GRETI,1,9,,0,,,18,41,,,,JD,,,,,1,D636777,11/05/2014,11/05/2014,I,2,,,,,,,,,,,,,,,,,,,,,,,,,,,,,,,,,,
5771,2014,115,YAR,PIEFL,1,6,,2,,,41,59,,0,,NE,L422519,03/06/2014,11/06/2010,S,4,L196830,19/05/2014,14/06/2010,S,4,08/06/2014,D637534,D637535,,,,,,,,,,11.81,,8.88,,,,,,,,,,,,,,,,,,,
5772,2014,117,YAR,BLUTI,1,,0,0,,,35,,,,,ED,,,,,,,,,,,,,,,,,,,,,,,,,,,,,,,,,,,,,,,,,,,,
5773,2014,119,YAR,BLUTI,1,9,,7,,,25,49,,0,,NE,,,,,4,D636792,16/05/2014,14/05/2014,I,2,31/05/2014,D637301,D637302,D637303,D637304,D637305,D637306,D637307,,,,,7.75,,7.38,,8.92,,8.41,,9.91,,9.12,,7.83,,,,,,,,,
5774,2014,120,YAR,PIEFL,1,5,4,4,,,55,73,,1,,NE,,,,,,D637471,05/06/2014,05/06/2014,I,1,23/05/2014,D637668,D637669,D637670,D637671,,,,,,,,14.37,,13.77,,14.87,,14.61,,,,,,,,,,,,,,,
5775,2014,120,YAR,PIEFL,1,,0,0,,,33,,,5,,"ED,FD",,,,,,unringed,,,,,,,,,,,,,,,,,,,,,,,,,,,,,,,,,,,,,,
5776,2014,122,YAR,BLUTI,1,9,,5,,,17,41,,0,,NE,,,,,,D140686,11/05/2014,08/06/2013,R,1,23/05/2014,D637018,D637019,D637020,D637021,D637022,,,,,,,9.79,,9.11,,9.75,,8.75,,5.8,,,,,,,,,,,,,
5777,2014,125,YAR,PIEFL,1,8,,6,,,29,51,,0,,NE,Y582645,27/05/2014,04/06/2012,S,3,D543239,09/05/2014,17/06/2013,R,1,31/05/2014,D637295,D637296,D637297,D637298,D637299,D637300,,,,,,12.8,,12.33,,13.64,,13.28,,14.98,,14.02,,,,,,,,,,,
5778,2014,126,YAR,BLUTI,1,8,,0,,,15,39,,,,JD,,,,,2,D636737,04/05/2014,04/05/2014,I,1,,,,,,,,,,,,,,,,,,,,,,,,,,,,,,,,,,
5779,2014,130,YAR,GRETI,2,8,8,3,,,48,69,,,,NE,,,,,,,,,,,,,,,,,,,,,,,,,,,,,,,,,,,,,,,,,,,,
5780,2014,131,YAR,PIEFL,1,,0,0,,,,,,,,EP,,,,,,,,,,,,,,,,,,,,,,,,,,,,,,,,,,,,,,,,,,,,
5781,2014,202,YAR,PIEFL,1,9,9,7,,,33,55,,0,,NE,D637257,30/05/2014,30/05/2014,I,1,D140543,12/05/2014,29/05/2013,S,2,04/06/2014,D637437,D637438,D637439,D637440,D637441,D637442,D637443,D637444,,,,12.5,,12.33,,12.29,,13.25,,13.17,,12.26,,12.79,,13.09,,,,,,,
5782,2014,204,YAR,PIEFL,1,7,,5,,33,41,60,,1,,NE,D637470,05/06/2014,05/06/2014,I,1,D637070,24/05/2014,24/05/2014,I,1,09/06/2014,D637569,D637570,D637571,D637572,D637573,,,,,,,13.78,,13.81,,13.74,,14.29,,14.07,,,,,,,,,,,,,
5783,2014,205,YAR,GRETI,1,7,,0,,,,66,,1,,JD,,,,,,,,,,,,,,,,,,,,,,,,,,,,,,,,,,,,,,,,,,,,
5784,2014,206,YAR,GRETI,1,7,0,0,,,16,,,7,,ED,,,,,,D636754,07/05/2014,07/05/2014,I,1,,,,,,,,,,,,,,,,,,,,,,,,,,,,,,,,,,
5785,2014,207,YAR,BLUTI,1,9,,0,,,40,59,,0,,JP,,,,,,D637208,29/05/2014,29/05/2014,I,1,,,,,,,,,,,,,,,,,,,,,,,,,,,,,,,,,,
5786,2014,208,YAR,PIEFL,1,6,4,4,,,28,48,,2,,NE,V450208,24/05/2014,27/05/2011,S,3,D636778,09/05/2015,11/05/2014,S,2,29/05/2014,D636206,D636207,D636208,D636209,D636210,,,,,,,15.46,,15.62,,15.36,,16.3,,,,,,,,,,,,,,,
5787,2014,211,YAR,BLUTI,1,13,,0,,,21,46,,,,JD,,,,,,D636779,11/05/2014,11/05/2014,I,1,29/05/2014,D637206,D637207,D637209,D637210,,,,,,,,15.46,,15.62,,15.36,,16.3,,,,,,,,,,,,,,,
5788,2014,212,YAR,PIEFL,1,7,7,7,,,35,54,,0,,NE,D543002,30/05/2014,10/06/2013,S,2,Y220279,30/05/2014,09/06/2012,S,2,03/06/2014,D637402,D637403,D637404,D637405,D637406,D637407,D637408,,,,,14.08,,15.07,,14.11,,14.16,,13.76,,14.41,,13.48,,,,,,,,,
5789,2014,214,YAR,PIEFL,1,6,6,5,,,49,69,,0,,NE,,,,,,D636724,02/05/2014,02/05/2014,I,1,16/06/2014,D637643,D637644,D637645,D637646,D637647,,,,,,,14.84,,10.46,,13.92,,11.05,,13.93,,,,,,,,,,,,,
5790,2014,214,YAR,BLUTI,1,7,0,0,,,17,,,,,ED,,,,,,D636710,30/05/2014,26/04/2014,S,1,,,,,,,,,,,,,,,,,,,,,,,,,,,,,,,,,,
5791,2014,215,YAR,BLUTI,1,7,0,0,,,26,,,,,ED,,,,,,D636756,07/05/2014,07/05/2014,I,1,,,,,,,,,,,,,,,,,,,,,,,,,,,,,,,,,,
5792,2014,216,YAR,BLUTI,1,7,,0,,,21,44,,0,,JD,,,,,,D140723,11/05/2014,04/06/2013,R,1,,,,,,,,,,,,,,,,,,,,,,,,,,,,,,,,,,
5793,2014,217,YAR,GRETI,1,7,,4,,,27,,,2,,NE,,,,,,,,,,,,,,,,,,,,,,,,,,,,,,,,,,,,,,,,,,,,
5794,2014,218,YAR,PIEFL,1,7,7,7,,,35,55,,0,,NE,Y410921,13/06/2013,13/06/2013,I,1,X761978,11/05/2014,06/06/2010,S,4,04/06/2014,D637445,D637446,D637447,D637448,D637449,D637450,D637451,,,,,13.71,,13.52,,13.57,,13.55,,12.96,,12.84,,12.88,,,,,,,,,
5795,2014,219,YAR,BLUTI,1,8,0,0,,,16,,,,,ED,,,,,,D140535,02/05/2014,27/05/2013,S,2,,,,,,,,,,,,,,,,,,,,,,,,,,,,,,,,,,
5796,2014,220,YAR,BLUTI,1,10,,5,,,17,41,,1,,NE,,,,,,V143560,11/05/2014,27/02/2013,S,3,23/05/2014,D637023,D637024,D637025,D637026,D637027,,,,,,,11.38,,11.65,,12.12,,10.46,,11.57,,,,,,,,,,,,,
5797,2014,221,YAR,PIEFL,1,7,7,7,,,36,55,,0,,NE,D637258,30/05/2014,30/05/2014,I,1,D543028,18/05/2014,10/06/2013,R,1,04/06/2014,D637452,D637453,D637454,D637455,D637456,D637457,D637458,,,,,12.49,,13.59,,13.9,,12.79,,12.89,,13.71,,14.01,,,,,,,,,
5798,2014,222,YAR,BLUTI,1,10,10,8,,,25,48,,0,,NE,,,,,4,D636939,18/05/2015,18/05/2014,S,2,30/05/2014,D637259,D637260,D637261,D637262,D637263,D637264,D637265,D637266,D637267,D637268,,12.21,,12.2,,10.86,,12.06,,12.36,,10.65,,9.68,,10.68,,11.9,,9.94,,,
5799,2014,223,YAR,BLUTI,1,8,0,0,,,19,,,,,EP,,,,,,,,,,,,,,,,,,,,,,,,,,,,,,,,,,,,,,,,,,,,
5800,2014,224,YAR,BLUTI,1,8,,6,,,18,40,,0,,NE,,,,,,D636759,09/05/2014,09/05/2014,I,1,22/05/2014,D637980,D637981,D637982,D637983,D637984,D637985,,,,,,11.41,,11.58,,10.83,,10.9,,11.08,,11.18,,,,,,,,,,,
5801,2014,226,YAR,BLUTI,1,10,9,9,,,20,45,,0,,NE,,,,,,D636725,02/05/2014,02/05/2014,I,1,27/05/2014,D637141,D637142,D637143,D637144,D637145,D637146,D637147,D637148,D637149,,,10.07,,9.15,,10.62,,10.58,,9.92,,10.81,,9.14,,10.79,,10.97,,,,,
5802,2014,227,YAR,GRETI,1,8,0,0,,,14,,,,,ED,,,,,,D140565,06/05/2014,23/05/2013,S,2,,,,,,,,,,,,,,,,,,,,,,,,,,,,,,,,,,
5803,2014,227,YAR,GRETI,2,8,,0,,,48,69,,,,JD,,,,,,TS92868,05/06/2014,05/06/2013,R,1,,,,,,,,,,,,,,,,,,,,,,,,,,,,,,,,,,
5804,2014,228,YAR,GRETI,1,7,0,0,,,15,,,,,ED,,,,,,D636726,02/05/2014,02/05/2014,I,1,,,,,,,,,,,,,,,,,,,,,,,,,,,,,,,,,,
5805,2014,229,YAR,PIEFL,1,7,7,7,,,35,56,,0,,NE,Y369213,01/06/2014,05/06/2012,R,2,D543251,16/05/2014,20/06/2013,R,1,05/06/2014,D637472,D637473,D637474,D637475,D637476,D637477,D637478,,,,,14.11,,13.98,,13.2,,13.08,,12.8,,13.3,,13.28,,,,,,,,,
5806,2014,230,YAR,BLUTI,1,9,,6,,,29,51,,0,,NE,,,,,1,D636950,21/05/2014,21/05/2014,I,1,02/06/2014,D637373,D637374,D637375,D637376,D637377,D637378,D637379,D637380,,,,9.92,,9.11,,9.53,,10.6,,10.12,,9.86,,8.86,,10.26,,,,,,,
5807,2014,231,YAR,PIEFL,1,6,3,0,,,48,67,,0,,JD,,,,,,D637028,23/05/2014,23/05/2014,I,1,06/06/2014,D637627,D637628,D637629,,,,,,,,,,,,,,,,,,,,,,,,,,,,,,
5808,2014,231,YAR,BLUTI,1,8,0,0,,,21,,,8,,ED,,,,,,V143537,01/05/2014,27/02/2013,I,3,,,,,,,,,,,,,,,,,,,,,,,,,,,,,,,,,,
5809,2014,232,YAR,PIEFL,1,7,0,0,,,45,,,7,,ED,,,,,1,D636986,22/05/2014,22/05/2014,I,1,,,,,,,,,,,,,,,,,,,,,,,,,,,,,,,,,,
5810,2014,233,YAR,BLUTI,1,9,9,7,,,21,42,,0,,NE,,,,,,D636727,02/05/2014,02/05/2014,I ,1,24/05/2014,D637071,D637072,D637073,D637074,D637075,,,,,,,7.79,,9.9,,10.43,,10.31,,5.95,,6.25,,5.9,,4.8,,3.69,,,,,
5811,2014,234,YAR,PIEFL,1,7,7,7,,,36,56,,0,,NE,L261873,01/06/2014,05/06/2010,S,4,D636781,12/05/2014,12/05/2014,I,1,05/06/2014,D637479,D637480,D637481,D637482,D637483,D637484,D637485,,,,,14.22,,12.91,,13.87,,13.25,,12.59,,13.96,,13.18,,,,,,,,,
5812,2014,235,YAR,BLUTI,1,8,,7,,,18,39,,0,,NE,,,,,,D140537,24/05/2014,27/05/2013,S,2,21/05/2014,D636951,D636952,D636953,D636954,D636955,D636956,D636957,,,,,9.89,,10.15,,11.36,,10.25,,9.87,,10.5,,11.21,,,,,,,,,
5813,2014,236,YAR,GRETI,1,7,,4,,,21,50,,0,,NE,,,,,4,D636782,12/05/2014,12/05/2014,I,1,05/06/2014,TS92952,TS92953,TS92954,TS92955,TS92956,TS92957,,,,,,15.94,,14.71,,12.2,,16,,15.9,,16.72,,,,,,,,,,,
5814,2014,237,YAR,BLUTI,1,6,6,6,,,27,46,,0,,NE,,,,,,,,,,,29/05/2014,D637218,D637219,D637220,D637221,D637222,D637223,,,,,,11.82,,11.52,,11.94,,11.48,,12.16,,11.67,,,,,,,,,,,
5815,2014,238,YAR,BLUTI,1,10,,5,,,15,39,,0,,NE,,,,,,D636728,02/05/2014,02/05/2014,I,1,21/05/2014,D636958,D636959,D636960,D636961,D636962,RUNT,RUNT,RUNT,,,,8.43,,9.11,,8.71,,9.85,,8.39,,6.17,,6.33,,8.89,,3.69,,,,,
5816,2014,239,YAR,BLUTI,1,8,0,0,,,16,,,8,,JD,,,,,,D636753,07/05/2014,07/05/2014,I,1,,,,,,,,,,,,,,,,,,,,,,,,,,,,,,,,,,
5817,2014,239,YAR,PIEFL,2,6,6,6,,,58,76,,0,,NE,D637673,26/06/2014,26/06/2016,I,1,D636986,22/05/2014,22/05/2014,S,1,26/05/2014,D637674,D637675,D637676,D637677,D637678,D637679,,,,,,13.73,,14.04,,13.46,,13.36,,13.09,,13.64,,,,,,,,,,,
5818,2014,240,YAR,BLUTI,1,8,,4,,,16,41,,0,,NE,,,,,,V143541,02/05/2014,27/02/2013,S,3,,,,,,,,,,,,,6.24,,7.22,,8.23,,8.52,,,,,,,,,,,,,,,
5819,2014,241,YAR,PIEFL,1,7,7,7,,,33,53,,0,,NE,D140987,29/05/2014,13/06/2013,S,2,Y369151,09/05/2014,27/05/2012,S,3,01/06/2014,D637337,D637338,D637339,D637340,D637341,D637342,D637343,,,,,15.02,,14.5,,14.54,,15.2,,14.48,,14.02,,14.7,,,,,,,,,
5820,2014,243,YAR,PIEFL,1,8,7,7,,,33,54,,0,,NE,D637217,29/05/2014,29/05/2014,I,1,X533379,12/05/2014,10/06/2009,S,5,03/06/2014,D637409,D637410,D637411,D637412,D637413,D637414,D637415,,,,,13.78,,13.36,,13.42,,13.33,,12.57,,13.38,,13.52,,,,,,,,,
5821,2014,244,YAR,BLUTI,1,9,,0,,,23,49,,,,JD,,,,,,V143805,07/05/2014,05/03/2014,I,1,,,,,,,,,,,,,,,,,,,,,,,,,,,,,,,,,,
5822,2014,246,YAR,BLUTI,1,10,10,10,,,18,40,,0,,NE,,,,,,,,,,,22/05/2014,D636987,D636988,D636989,D636990,D636991,D636992,D636993,D636994,D636995,D636996,,10.41,,8.6,,9.67,,11.33,,8.81,,10.06,,8.02,,8.13,,9.17,,,,,
5823,2014,247,YAR,GRETI,1,7,0,0,,,14,,,,,ED,,,,,,TS92868,29/05/2014,05/06/2013,S,1,,,,,,,,,,,,,,,,,,,,,,,,,,,,,,,,,,
5824,2014,250,YAR,REDST,1,6,6,6,,,31,,,0,,NE,,,,,,D636793,16/05/2014,16/05/2014,I,1,29/05/2014,D637211,D637212,D637213,D637214,D637215,D637216,,,,,,,,,,,,,,,,,,,,,,,,,,,
5825,2014,301,YAR,PIEFL,1,7,7,7,,,42,61,,0,,NE,D454249,05/06/2013,05/06/2013,I,1,D543046,26/05/2014,10/06/2013,S,2,10/06/2014,D637581,D637582,D637583,D637584,D637585,D637586,D637587,,,,,12.34,,12.66,,11.78,,13.38,,11.35,,13.17,,11.72,,,,,,,,,
5826,2014,302,YAR,BLUTI,1,10,,5,,,24,47,,0,,NE,,,,,,D636794,16/05/2014,16/05/2014,I,1,29/05/2014,D637224,D637225,D637226,D637227,D637228,,,,,,,9.02,,6.76,,7.31,,8.18,,8.42,,,,,,,,,,,,,
5827,2014,303,YAR,PIEFL,1,6,6,6,,,38,56,,0,,NE,Y982375,01/06/2014,23/04/2013,S,2,D140566,05/06/2014,23/05/2013,S,2,05/06/2014,D637464,D637465,D637466,D637467,D637468,D637469,,,,,,14.91,,13.93,,14.41,,13.84,,13.56,,13.9,,,,,,,,,,,
5828,2014,308,YAR,PIEFL,1,7,7,7,,,30,52,,0,,NE,E718712,29/05/2014,10/06/2012,S,3,D140817,27/05/2014,07/06/2013,R,1,01/06/2014,D637344,D637345,D637346,D637347,D637348,D637349,D637350,,,,,14.72,,14.2,,14.84,,14.99,,14.42,,15.37,,14.4,,,,,,,,,
5829,2014,309,YAR,BLUTI,1,7,7,3,,,32,,,,,RF,,,,,,,,,,,,,,,,,,,,,,,,,,,,,,,,,,,,,,,,,,,,
5830,2014,311,YAR,BLUTI,1,13,0,0,,,13,,,13,,ED,,,,,,,,,,,,,,,,,,,,,,,,,,,,,,,,,,,,,,,,,,,,
5831,2014,312,YAR,BLUTI,1,6,,5,,,29,49,,0,,NE,,,,,,D140770,19/05/2014,05/06/2013,R,1,31/05/2014,D637308,D637309,D637310,D637311,D637312,,,,,,,10.46,,10.85,,10.74,,10.33,,10.64,,,,,,,,,,,,,
5832,2014,313,YAR,PIEFL,1,7,7,7,,,31,51,,0,,NE,Y369317,27/05/2014,07/06/2012,S,2,D543005,09/05/2014,10/06/2013,R,1,31/05/2014,D637313,D637314,D637315,D637316,D637317,D637318,RUNT,,,,,14.31,,13.12,,13.81,,13.97,,15.5,,13.87,,10.87,,,,,,,,,
5833,2014,315,YAR,BLUTI,1,7,,0,,,35,55,,1,,JD,,,,,,L261773,16/05/2014,04/06/2010,R,3,,,,,,,,,,,,,,,,,,,,,,,,,,,,,,,,,,
5834,2014,318,YAR,BLUTI,1,10,,6,,,21,44,,2,,NE,,,,,,D140524,09/05/2014,20/05/2013,S,2,26/05/2014,D637119,D637120,D637121,D637122,D637123,D637124,,,,,,11.51,,11.24,,11.7,,12.55,,11.44,,11.99,,,,,,,,,,,
5835,2014,319,YAR,PIEFL,1,7,7,6,,,32,51,,0,,NE,D543095,29/05/2014,11/06/2013,S,2,D636785,14/05/2014,14/05/2014,I,1,31/05/2014,D637319,D637320,D637321,D637322,D637323,D637324,,,,,,13.28,,10.81,,12.71,,12.26,,13.47,,10.47,,,,,,,,,,,
5836,2014,321,YAR,BLUTI,1,10,10,9,,,18,43,,0,,NE,,,,,,D636780,11/05/2014,11/05/2014,I,1,25/05/2014,D637089,D637090,D637091,D637092,D637093,D637094,D637095,D637096,D637097,RUNT,,10.45,,9.53,,10.01,,9.79,,8.65,,9.37,,11.47,,9.77,,9.21,,5.17,,,
5837,2014,322,YAR,BLUTI,1,8,,6,,,13,36,,1,,NE,,,,,,D636738,30/05/2015,04/05/2014,I,2,18/05/2014,D636933,D636934,D636935,D636936,D636937,D636938,,,,,,11.01,,11.09,,10.37,,11.23,,10.73,,9.81,,,,,,,,,,,
5838,2014,323,YAR,BLUTI,1,10,,6,,,14,38,,0,,NE,,,,,,D636739,04/05/2014,04/05/2014,I,1,21/05/2014,D636963,D636964,D636965,D636966,D636967,D636968,,,,,,11.11,,11.71,,8.41,,10.42,,11.25,,10.08,,,,,,,,,,,
5839,2014,325,YAR,BLUTI,1,10,10,10,,,19,41,,0,,NE,,,,,,D543072,11/05/2014,10/06/2013,R,1,23/05/2014,D637029,D637030,D637031,D637032,D637033,D637034,D637035,RUNT,RUNT,RUNT,,7.22,,8.35,,10.08,,7.91,,7.03,,8.01,,9.23,,5.72,,7.82,,4.53,,,
5840,2014,327,YAR,PIEFL,1,7,7,5,,,36,55,,0,,NE,D637269,30/05/2014,30/05/2014,I,1,D140571,25/05/2014,24/05/2013,S,2,04/06/2014,D637459,D637460,D637461,D637462,D637463,,,,,,,11.37,,9.36,,11.1,,10.77,,11.08,,,,,,,,,,,,,
5841,2014,328,YAR,BLUTI,1,11,,10,,,21,43,,0,,NE,,,,,,V143756,06/05/2014,05/03/2014,I,1,25/05/2014,D637098,D637099,D637100,D637101,D637102,D637103,D637104,D637105,D637106,RUNT,,9.39,,10.17,,9.78,,9.54,,10.51,,9.8,,8.99,,10.47,,9.65,,7.1,,,
5842,2014,329,YAR,PIEFL,1,6,,5,,,40,58,,0,,NE,D543195,03/06/2014,17/06/2013,S,2,D140814,14/05/2014,07/06/2013,R,1,08/06/2014,D637536,D637537,D637538,D637539,D637540,,,,,,,13.97,,14.22,,13.84,,14.95,,15.81,,,,,,,,,,,,,
5843,2014,330,YAR,BLUTI,1,11,11,7,,,17,41,,0,,NE,,,,,,V143271,02/05/2014,23/02/2012,I,3,23/05/2014,D637036,D637037,D637038,D637039,D637040,D637041,D637042,D637043,D637044,D637045,RUNT,8.57,,9.04,,8.46,,8.6,,10.16,,9.76,,9.45,,8.76,,8.71,,10.18,,7.29,
5844,2014,331,YAR,BLUTI,1,10,,8,,,19,44,,0,,NE,,,,,,V143749,11/05/2014,05/03/2014,I,1,26/05/2014,D637125,D637126,D637127,D637128,D637129,D637130,D637131,RUNT,,,,10.37,,9.1,,9.87,,10.47,,9.24,,10.78,,9.41,,6.78,,,,,,,
5845,2014,332,YAR,BLUTI,1,13,,8,,,17,44,,0,,NE,,,,,,V143819,12/05/2014,05/03/2014,I,1,26/05/2014,D637132,D637133,D637134,D637135,D637136,D637137,D637138,D637139,D637140,RUNT,RUNT,8.02,,9.41,,7.92,,9.98,,9.66,,9.94,,7.6,,7.67,,8.39,,4.81,,6.97,
5846,2014,333,YAR,PIEFL,1,7,7,7,,,40,59,,0,,NE,L555916,03/06/2014,27/05/2011,S,3,D636969,23/05/2016,21/05/2014,S,3,08/06/2014,D637541,D637542,D637543,D637544,D637545,D637546,,,,,,13.42,,15.02,,14.25,,14.02,,13.14,,13.79,,6.69,,,,,,,,,
5847,2014,334,YAR,GRETI,1,6,,0,,,20,39,,0,,NE,,,,,,D636729,02/05/2014,02/05/2014,I,1,21/05/2014,TS92914,TS92915,TS92916,,,,,,,,,11.78,,11.01,,13.75,,8.59,,,,,,,,,,,,,,,
5848,2014,336,YAR,PIEFL,1,8,,7,,,33,53,,0,,NE,D543006,29/05/2014,10/06/2013,R,1,D140525,11/05/2014,20/05/2013,S,2,02/06/2014,D637381,D637382,D637383,D637384,D637385,D637386,D637387,,,,,12.01,,11.28,,13.69,,14.72,,12.39,,13.92,,13.66,,,,,,,,,
5849,2014,337,YAR,BLUTI,1,6,6,6,,,20,41,,0,,NE,,,,,,,,,,,23/05/2014,D637046,D637047,D637048,D637049,D637050,D637051,,,,,,10.68,,11.18,,10.99,,10.62,,10.57,,10.8,,,,,,,,,,,
5850,2014,339,YAR,PIEFL,1,8,8,0,,,37,57,,0,,JD,D637388,02/06/2014,02/06/2014,I,1,D637150,27/05/2014,27/05/2014,I,1,,,,,,,,,,,,,,,,,,,,,,,,,,,,,,,,,,
5851,2014,342,YAR,BLUTI,1,8,,3,,,21,42,,0,,NE,,,,,,V143787,02/05/2014,05/03/2014,I,1,24/05/2014,D637076,D637077,D637078,D637079,D637080,,,,,,,8.35,,10.51,,8.32,,8.46,,8.02,,,,,,,,,,,,,
5852,2014,343,YAR,BLUTI,1,12,,5,,,7,36,,0,,NE,,,,,,D140637,29/04/2014,07/06/2013,R,1,18/05/2014,D636927,D636928,D636929,D636930,D636931,D636932,RUNT,RUNT,,,,10.4,,9.44,,8.75,,9.22,,8.46,,8.69,,6.67,,4.77,,,,,,,
5853,2014,345,YAR,BLUTI,1,9,,4,,,19,40,,0,,NE,,,,,,L555817,11/05/2014,13/05/2011,S,4,22/05/2014,D636997,D636998,D636999,RUNT,,,,,,,,8.03,,7.68,,7.87,,6,,,,,,,,,,,,,,,
5854,2014,347,YAR,PIEFL,1,8,5,3,,,35,56,,1,,NE,Y982018,31/05/2014,13/06/2012,S,2,Y369483,26/05/2014,11/06/2012,S,2,05/06/2014,D637486,D637487,D637488,D637489,,,,,,,,11.91,,12.56,,12.53,,10.94,,,,,,,,,,,,,,,
5855,2014,348,YAR,COATI,1,,0,0,,,14,,,,,ED,,,,,,,,,,,,,,,,,,,,,,,,,,,,,,,,,,,,,,,,,,,,
5856,2014,349,YAR,PIEFL,1,7,7,7,,,33,54,,0,,NE,D543032,29/05/2014,10/06/2013,R,1,Y369232,12/05/2014,05/06/2012,S,2,03/06/2014,D637422,D637423,D637424,D637425,D637426,D637427,D637428,,,,,12.76,,12.68,,11.79,,12.82,,12.88,,11.6,,12.57,,,,,,,,,
5857,2014,350,YAR,BLUTI,1,7,,,,,14,36,,,,JD,,,,,,L261726,24/05/2014,02/06/2010,S,3,,,,,,,,,,,,,,,,,,,,,,,,,,,,,,,,,,
5858,2014,352,YAR,PIEFL,1,7,,3,,,31,50,,2,,NE,,,,,,D543101,18/05/2014,12/06/2013,R,1,30/05/2014,D637279,D637280,D637281,,,,,,,,,11.62,,10.3,,12.73,,,,,,,,,,,,,,,,,
5859,2014,401,YAR,BLUTI,1,12,,0,,,26,51,,2,,JD,,,,,,Y369124,09/05/2014,18/05/2012,S,3,02/06/2014,D637389,D637390,D637391,D637392,D637393,D637394,RUNT,,,,,7.66,,8.7,,6.75,,8.27,,8.12,,8.39,,6.91,,,,,,,,,
5860,2014,403,YAR,BLUTI,1,13,,10,,,9,40,,1,,NE,,,,,,L555788,04/05/2014,07/05/2011,S,3,22/05/2014,D637007,D637008,D637009,D637010,D637011,D637012,D637013,D637014,D637015,D637016,,9.32,,10.12,,9.26,,8.91,,9.73,,10.23,,11.29,,8.22,,10.03,,9.92,,,
5861,2014,405,YAR,PIEFL,1,7,,5,,,41,60,,0,,NE,D637436,04/06/2014,04/06/2014,I,1,D637185,27/05/2014,27/05/2014,I,1,09/06/2014,D637564,D637565,D637566,D637567,D637568,,,,,,,13.4,,12.59,,14.08,,13.68,,13.4,,,,,,,,,,,,,
5862,2014,407,YAR,BLUTI,1,8,,6,,,19,39,,0,,NE,,,,,,,,,,,21/05/2014,D636975,D636976,D636977,D636978,D636979,RUNT,,,,,,12.72,,9.79,,11.02,,12.42,,11.43,,9.06,,,,,,,,,,,
5863,2014,408,YAR,GRETI,1,6,,3,,,17,35,,0,,NE,,,,,,,,,,,18/05/2014,TS92911,TS92912,TS92913,,,,,,,,,,,,,,,,,,,,,,,,,,,,,,
5864,2014,409,YAR,BLUTI,1,9,,6,,,12,34,,0,,NE,,,,,,D636709,26/04/2014,26/04/2014,I,1,,,,,,,,,,,,,,,,,,,,,,,,,,,,,,,,,,
5865,2014,410,YAR,BLUTI,1,10,,0,,,17,39,,0,,JD,,,,,,D140795,06/05/2014,07/06/2013,R,1,,,,,,,,,,,,,,,,,,,,,,,,,,,,,,,,,,
5866,2014,412,YAR,PIEFL,1,7,7,6,,,39,58,,0,,NE,D543063,01/06/2014,10/06/2013,R,1,D543102,19/05/2014,12/06/2013,R,1,08/06/2014,D637557,D637558,D637559,D637560,D637561,D637562,,,,,,12.06,,12.64,,11.78,,9.26,,11.98,,11.61,,,,,,,,,,,
5867,2014,413,YAR,GRETI,1,8,,0,,,10,32,,1,,NE,Z286311,23/05/2015,23/05/2015,I,1,D636710,26/04/2014,26/04/2014,I,1,23/05/2015,Z286310,Z286312,Z286313,,,,,,,,,9.85,,10.71,,9.59,,,,,,,,,,,,,,,,,
5868,2014,414,YAR,PIEFL,1,7,,,,,35,54,,1,,JP,,,,,,,,,,,,,,,,,,,,,,,,,,,,,,,,,,,,,,,,,,,,
5869,2014,415,YAR,BLUTI,1,8,,5,,,17,37,,1,,NE,,,,,,L555815,09/05/2014,13/05/2011,S,4,19/05/2014,D636944,D636945,D636946,D636947,D636948,,,,,,,10.41,,9.99,,10.32,,9.42,,9.98,,,,,,,,,,,,,
5870,2014,416,YAR,GRETI,2,6,,5,,,49,68,,,,NE,,,,,,D636710,26/04/2014,26/04/2014,I,1,,,,,,,,,,,,,,,,,,,,,,,,,,,,,,,,,,
5871,2014,418,YAR,BLUTI,1,9,8,8,,,20,42,,1,,NE,,,,,,D140531,06/05/2014,22/06/2013,S,2,24/05/2014,D637055,D637056,D637057,D637058,D637059,D637060,D637061,D637062,,,,11.69,,12.11,,9.81,,10.67,,11.02,,11.06,,10.21,,10.75,,,,,,,
5872,2014,419,YAR,NUTHA,1,7,,5,,,11,,,1,,NE,,,,,,TJ32494,26/04/2014,20/05/2013,S,2,22/05/2014,,,,,,,,,,,,,,,,,,,,,,,,,,,,,,,,,
5873,2014,421,YAR,BLUTI,1,10,,5,,,11,36,,0,,NE,,,,,,,,,,,18/05/2014,D636922,D636923,D636924,D636925,D636926,,,,,,,9.7,,9.31,,7.48,,9.44,,9.45,,,,,,,,,,,,,
5874,2014,422,YAR,BLUTI,1,6,6,6,,,16,36,,0,,NE,,,,,,D140551,04/05/2014,18/05/2013,S,2,18/05/2014,D636916,D636917,D636918,D636919,D636920,D636921,,,,,,10.15,,9.97,,10.6,,10.28,,8.97,,10.14,,,,,,,,,,,
5875,2014,424,YAR,BLUTI,1,7,7,6,,,30,49,,0,,NE,,,,,,D636943,19/05/2014,19/05/2014,I,1,31/05/2014,D637331,D637332,D637333,D637334,D637335,D637336,,,,,,8.23,,8.79,,10.07,,10.09,,9.38,,8.92,,7.2,,,,,,,,,
5876,2014,426,YAR,NUTHA,1,3,3,0,,,13,31,,0,,JD,,,,,,TJ71472,16/04/2014,04/05/2011,S,4,,,,,,,,,,,,,,,,,,,,,,,,,,,,,,,,,,
5877,2014,427,YAR,BLUTI,1,10,,8,,,,,,,,NE,,,,,,Y369099,09/05/2014,05/05/2012,S,3,18/05/2014,D636908,D636909,D636910,D636911,D636912,D636913,D636914,D636915,,,,,,,,,,,,,,,,,,,,,,,,,
5878,2014,428,YAR,BLUTI,1,,,6,,,13,35,6,,,NE,,,,,,D140508,06/05/2014,16/05/2013,S,2,18/05/2014,D636902,D636903,D636904,D636905,D636906,D636907,,,,,,11.07,,10.97,,12.28,,9.61,,9.84,,9.6,,,,,,,,,,,
5879,2014,429,YAR,BLUTI,1,11,11,4,,,18,45,,0,,NE,,,,,,D636801,09/05/2014,09/05/2014,I,1,27/05/2014,D637151,D637152,D637153,D637154,D637155,D637156,D637157,D637158,D637159,D637160,D637161,9.5,,6.53,,9.7,,7.5,,8.28,,8.5,,7.12,,6.94,,6.99,,8.59,,8.16,
5880,2014,430,YAR,BLUTI,1,9,,6,,,17,39,,1,,NE,,,,,,D140568,09/05/2014,23/05/2013,S,2,21/05/2014,D636970,D636971,D636972,D636973,D636974,RUNT,,,,,,9.61,,7.86,,10.82,,10.27,,8.35,,6.49,,,,,,,,,,,
5881,2014,431,YAR,BLUTI,1,8,8,0,,,19,42,,0,,JD,,,,,,V143190,09/05/2014,16/02/2011,S,4,24/05/2014,D637081,D637082,D637083,D637084,D637085,D637086,D637087,D637088,,,,10.57,,7.71,,8.37,,9.43,,9.16,,10.85,,7.96,,8.41,,,,,,,
5882,2014,432,YAR,PIEFL,1,8,8,6,,,37,57,,0,,NE,D543033,02/06/2014,10/06/2013,R,1,Y369126,14/05/2014,18/05/2012,S,3,06/06/2014,D637528,D637529,D637530,D637531,D637532,D637533,,,,,,12.44,,9.28,,11.23,,11.69,,11.65,,11.56,,,,,,,,,,,
5883,2014,433,YAR,BLUTI,1,9,0,0,,,17,,,9,,ED,,,,,,V143807,06/05/2014,05/03/2014,I,1,,,,,,,,,,,,,,,,,,,,,,,,,,,,,,,,,,
5884,2014,434,YAR,BLUTI,1,8,0,0,,,26,,,8,,ED,,,,,,V143575,07/05/2014,27/02/2013,I,2,,,,,,,,,,,,,,,,,,,,,,,,,,,,,,,,,,
5885,2014,435,YAR,PIEFL,1,7,7,7,,,38,58,,0,,NE,Y134214,02/06/2014,29/05/2011,R,3,Y115928,14/05/2014,07/06/2011,S,4,08/06/2014,D637547,D637548,D637549,D637550,D637551,D637552,D637553,,,,,11.59,,11.29,,11.92,,12.46,,12.72,,12.47,,12.41,,,,,,,,,
5886,2014,437,YAR,BLUTI,1,9,,8,,,20,45,,0,,NE,,,,,,V143281,06/05/2014,23/02/2012,I,3,27/05/2014,D637178,D637179,D637180,D637181,D637182,D637183,D637184,RUNT,,,,12.1,,10.9,,10.79,,10.44,,9.4,,10.77,,10.9,,8.4,,,,,,,
5887,2014,438,YAR,GRETI,1,7,,6,,,22,42,,0,,NE,,,,,,V143745,06/05/2014,05/03/2014,I,2,24/05/2014,TS92927,TS92928,TS92929,TS92930,TS92931,TS92932,,,,,,,,,,,,,,,,,,,,,,,,,,,
5888,2014,439,YAR,BLUTI,1,7,7,7,,,26,48,,0,,NE,,,,,,V143203,07/05/2014,16/02/2011,S,4,30/05/2014,D637271,D637272,D637273,D637274,D637275,D637276,D637277,,,,,10.33,,9.52,,11.23,,11.35,,9,,10.6,,11.18,,,,,,,,,
5889,2014,440,YAR,GRETI,1,,,5,,,15,36,5,0,,NE,,,,,,,,,,,18/05/2014,TS92901,TS92902,TS92903,TS92904,TS92905,,,,,,,,,,,,,,,,,,,,,,,,,,,,
5890,2014,441,YAR,BLUTI,1,7,,6,,,29,52,,0,,NE,,,,,,,,,,,03/06/2014,D637416,D637417,D637418,D637419,D637420,D637421,,,,,,10.1,,8.61,,11.08,,8.98,,8.28,,9.72,,,,,,,,,,,
5891,2014,442,YAR,PIEFL,1,,0,0,,,34,,,3,,ED,,,,,,,,,,,,,,,,,,,,,,,,,,,,,,,,,,,,,,,,,,,,
5892,2014,443,YAR,BLUTI,1,7,6,6,,,30,49,,1,,NE,,,,,,V143104,09/05/2014,16/02/2011,S,4,,,,,,,,,,,,,,,,,,,,,,,,,,,,,,,,,,
5893,2014,444,YAR,PIEFL,1,7,7,5,,,27,48,,0,,NE,Y582785,24/05/2014,13/06/2012,S,2,D636736,02/05/2014,02/05/2014,I,1,29/05/2014,D637229,D637230,D637231,D637232,D637233,D637234,D637235,,,,,10.94,,11.57,,12.06,,9.63,,10.87,,11.12,,9.37,,,,,,,,,
5894,2014,445,YAR,BLUTI,1,8,0,0,,,27,,,8,,ED,,,,,,,,,,,,,,,,,,,,,,,,,,,,,,,,,,,,,,,,,,,,
5895,2014,446,YAR,BLUTI,1,9,,7,,,17,40,,0,,NE,,,,,,D636802,09/05/2015,09/05/2014,I,1,22/05/2014,D637000,D637001,D637002,D637003,D637004,D637005,D637006,,,,,8.44,,8.36,,9.26,,9.62,,9.69,,9.73,,9.23,,,,,,,,,
5896,2014,447,YAR,GRETI,1,6,6,6,,,27,46,,0,,NE,,,,,,D636755,07/05/2014,07/05/2014,I,1,29/05/2014,TS92934,TS92935,TS92936,TS92937,TS92938,TS92939,,,,,,19.16,,17.2,,10.53,,19.87,,12.69,,17.26,,,,,,,,,,,
5897,2014,448,YAR,BLUTI,1,12,10,10,,,14,43,,2,,NE,,,,,,V143098,09/05/2014,25/01/2011,S,5,25/05/2014,D637107,D637108,D637109,D637110,D637111,D637112,D637113,D637114,D637115,D637116,,10.81,,11.72,,12.47,,9.49,,8.84,,11.92,,10.57,,11.2,,11.29,,8.43,,,
5898,2014,449,YAR,PIEFL,1,7,7,6,,,57,76,,0,,NE,D140819,26/06/2014,07/06/2013,R,1,Y369488,13/06/2014,11/06/2012,R,2,26/05/2014,D637680,D637681,D637682,D637683,D637684,D637685,,,,,,13.87,,13.79,,14.08,,13.58,,12.08,,13.21,,,,,,,,,,,
5899,2014,450,YAR,GRETI,1,8,,5,,,27,48,,0,,NE,,,,,,D636901,18/05/2014,18/05/2014,I,1,30/05/2014,TS92947,TS92948,TS92949,TS92950,TS92951,,,,,,,15.45,,15.58,,17.36,,15.05,,15.63,,,,,,,,,,,,,
5900,2014,451,YAR,BLUTI,1,7,,3,,,13,41,,3,,NE,,,,,,Y369101,06/05/2014,05/05/2012,S,3,23/05/2014,D637052,D637053,D637054,,,,,,,,,12.27,,11.62,,11.63,,,,,,,,,,,,,,,,,
5901,2014,452,YAR,GRETI,1,,,6,,,10,,6,0,,NE,,,,,,V143181,06/05/2014,16/02/2011,I,1,21/05/2014,TS92917,TS92918,TS92919,TS92920,TS92921,,,,,,,,,,,,,,,,,,,,,,,,,,,,
5902,2014,453,YAR,BLUTI,1,9,,8,,,23,45,,0,,NE,,,,,,Y369102,09/05/2014,05/05/2012,S,3,27/05/2014,D637169,D637170,D637171,D637172,D637173,D637174,D637175,D637176,D637177,,,11.7,,11.86,,11.1,,10.96,,11.11,,10.14,,11.38,,11.94,,9.35,,,,,
5903,2014,454,YAR,PIEFL,1,5,5,5,,,44,62,,0,,NE,D637574,09/06/2014,09/06/2014,I,1,D061470,21/05/2014,14/06/2013,I,1,13/06/2014,D637600,D637601,D637602,D637603,D637604,,,,,,,,,,,,,,,,,,,,,,,,,,,,
5904,2014,457,YAR,PIEFL,1,7,,5,,,36,56,,,,NE,D637270,30/05/2014,30/05/2014,I,1,Y975907,11/05/2014,11/06/2013,I,1,05/06/2014,D637496,D637497,D637498,D637499,D637500,,,,,,,13.01,,13.16,,13.29,,13.26,,13.18,,,,,,,,,,,,,
5905,2014,459,YAR,BLUTI,1,10,,7,,,19,45,,0,,NE,,,,,,D543137,09/05/2014,12/06/2013,R,1,27/05/2014,D637162,D637163,D637164,D637165,D637166,D637167,D637168,,,,,10.46,,11.15,,10.9,,10.31,,10.48,,10.53,,10.79,,,,,,,,,
5906,2014,461,YAR,PIEFL,1,7,,0,,,34,55,,0,,JD,,,,,,D543083,14/05/2014,11/06/2013,R,1,,,,,,,,,,,,,,,,,,,,,,,,,,,,,,,,,,
5907,2014,462,YAR,BLUTI,1,9,0,0,,,14,,,9,,ED,,,,,,V143149,06/05/2014,16/02/2011,S,4,,,,,,,,,,,,,,,,,,,,,,,,,,,,,,,,,,
5908,2014,463,YAR,PIEFL,1,6,6,5,,,49,69,,0,,NE,D140624,16/06/2014,05/06/2013,S,2,D637278,30/05/2014,30/05/2014,I,1,18/06/2014,D637648,D637649,D637650,D637651,D637652,,,,,,,13.8,,14.35,,15.13,,13.82,,14.7,,,,,,,,,,,,,
5909,2014,HIDE1B,YAR,GRETI,1,10,,6,,,14,,,0,,NE,,,,,,,,,,,18/05/2014,TS92906,TS92907,TS92908,TS92909,TS92910,,,,,,,,,,,,,,,,,,,,,,,,,,,,
5910,2014,HIDE1C,YAR,PIEFL,1,8,8,6,,,36,56,,0,,NE,Y369302,31/05/2014,07/06/2012,S,2,D140541,31/05/2014,27/05/2013,S,2,05/06/2014,D637490,D637491,D637492,D637493,D637494,D637495,,,,,,10.89,,12.73,,11.91,,12.97,,12.63,,11.03,,,,,,,,,,,
5911,2014,HIDE5,YAR,BLUTI,1,9,,7,,,15,,,0,,NE,,,,,,,,,,,,,,,,,,,,,,,,,,,,,,,,,,,,,,,,,,,,
5912,2014,HIDE9,YAR,BLUTI,1,9,9,7,,,26,,,0,,NE,,,,,,,,,,,,,,,,,,,,,,,,,,,,,,,,,,,,,,,,,,,,
5913,2014,PROD,YAR,BLUTI,1,,,,,,,,,,,OU,,,,,,,,,,,,,,,,,,,,,,,,,,,,,,,,,,,,,,,,,,,,
5914,2014,YARROW,YAR,BLUTI,1,8,,7,,,30,51,,0,,NE,,,,,,D636783,12/05/2014,12/05/2014,I,1,02/06/2014,D637395,D637396,D637397,D637398,D637399,D637400,D637401,,,,,10.37,,10.16,,11.56,,10.77,,11.39,,10.29,,11.3,,,,,,,,,
5915,2015,1,BVW,PIEFL,1,7,7,7,,29.5,38,,,0,,NE,D637191,06/06/2015,28/05/2014,R,1,Z286225,17/05/2015,17/05/2015,I,1,06/06/2015,Z286541,Z286542,Z286543,Z286544,Z286545,Z286546,Z286547,,,,,14.49,,14.47,,14.2,,14.92,,14.2,,15.23,,15.06,,,,,,,,,
5916,2015,2,BVW,BLUTI,1,9,,,,14,,44,,1,,EP,,,,,,Z286109,31/05/2015,31/05/2015,I,1,,,,,,,,,,,,,,,,,,,,,,,,,,,,,,,,,,
5917,2015,3,BVW,PIEFL,1,8,,7,,20.5,45,65,,1,,NE,D637204,10/06/2015,28/05/2014,S,2,,,,,,15/06/2015,Z286851,Z286852,Z286853,Z286854,Z286855,Z286856,Z286857,,,,,14.47,,16.22,,14.95,,15.78,,15.06,,15.84,,14.83,,,,,,,,,
5918,2015,3,BVW,GRETI,1,7,0,0,,,17,,,3,,ED,,,,,,unringed,,,,,,,,,,,,,,,,,,,,,,,,,,,,,,,,,,,,,,
5919,2015,4,BVW,PIEFL,1,7,,6,,24.5,37,51,,1,,NE,Z286381,29/05/2015,29/05/2015,I,1,D039228,17/05/2015,08/06/2013,I,2,31/05/2015,Z286375,Z286376,Z286377,Z286378,Z286379,Z286380,,,,,,12.56,16.3,13.77,16.4,12.51,15.4,10.73,13.9,14.35,16.1,10.56,14.3,,,,,,,,,,
5920,2015,5,BVW,PIEFL,1,7,7,7,14,17.5,31,52,,0,,NE,L555917,31/05/2015,27/05/2011,S,4,L327392,17/05/2015,01/06/2011,S,4,31/05/2015,Z286368,Z286369,Z286370,Z286371,Z286372,Z286373,Z286374,,,,,12.66,16.2,12.82,15.7,13.02,16.4,12.79,15.7,13.08,16.2,13.37,15.9,12.95,15.9,,,,,,,,
5921,2015,6,BVW,BLUTI,1,10,,7,,,20,47,,0,,NE,,,,,,Z286121,04/06/2015,04/06/2015,I,1,,,,,,,,,,,,,,,,,,,,,,,,,,,,,,,,,,
5922,2015,8,BVW,GRETI,1,9,,0,,,23,44,,0,,JD,,,,,,,,,,,,,,,,,,,,,,,,,,,,,,,,,,,,,,,,,,,,
5923,2015,9,BVW,PIEFL,1,8,,6,14,17.5,28,50,,0,,NE,unringed,,,,,D140835,29/05/2015,08/06/2013,R,2,31/05/2015,Z286386,Z286387,Z286388,Z286389,Z286394,Z286395,Z286396,,,,,12.29,16.2,13.4,16.8,13.34,16.7,13.17,16.7,14.01,16.8,13.52,17,11.9,16.3,,,,,,,,
5924,2015,10,BVW,GRETI,2,7,7,7,,,39,,,0,,NE,,,,,,Z286135,24/05/2015,24/05/2015,I,1,,,,,,,,,,,,,,,,,,,,,,,,,,,,,,,,,,
5925,2015,11,BVW,PIEFL,1,7,7,7,,17.5,27,53,,0,,NE,Z286390,29/05/2015,29/05/2015,I,1,Z286223,17/05/2015,17/05/2015,I,1,05/06/2015,Z286522,Z286523,Z286524,Z286525,Z286526,Z286527,Z286528,,,,,15.39,,15.09,,14.57,,14.51,,13.63,,14.5,,14.19,,,,,,,,,
5926,2015,12,BVW,PIEFL,1,8,7,7,14,17.5,27,50,,1,,NE,Z286397,29/05/2015,29/05/2015,I,1,D636767,17/05/2015,09/05/2014,S,1,29/05/2015,Z286382,Z286383,Z286384,Z286385,Z286391,Z286392,Z286393,,,,,14.64,17.2,13.85,17.1,14.72,17.6,15.11,17,13.53,17.5,13.73,16.4,14.14,16,,,,,,,,
5927,2015,13,BVW,BLUTI,1,9,,0,,11.5,31,54,,0,,OU,,,,,,,,,,,,,,,,,,,,,,,,,,,,,,,,,,,,,,,,,,,,
5928,2015,14,BVW,BLUTI,1,,,0,,11.5,40,,,0,,EP,,,,,,,,,,,,,,,,,,,,,,,,,,,,,,,,,,,,,,,,,,,,
5929,2015,14,BVW,PIEFL,1,5,5,5,,43.5,49,,,0,,NE,D637321,10/06/2015,31/05/2014,R,1,Z286606,10/06/2015,10/06/2015,I,1,15/06/2015,Z286846,Z286847,Z286848,Z286849,Z286850,,,,,,,14.62,,14.57,,14.99,,15.73,,14.43,,,,,,,,,,,,,
5930,2015,15,BVW,BLUTI,1,12,0,0,,11.5,21,,,12,,ED,,,,,,Z286110,31/05/2015,31/05/2015,I,1,,,,,,,,,,,,,,,,,,,,,,,,,,,,,,,,,,
5931,2015,16,BVW,BLUTI,1,8,,6,,21,37,58,,0,,NE,,,,,,,,,,,,,,,,,,,,,,,,,,,,,,,,,,,,,,,,,,,,
5932,2015,17,BVW,PIEFL,1,8,8,8,,14,39,59,,0,,NE,Z286397,10/06/2015,29/05/2015,S,1,Z286224,17/05/2015,17/05/2015,I,1,10/06/2015,Z286597,Z286598,Z286599,Z286600,Z286801,Z286802,Z286803,Z286804,,,,15.18,,13.91,,14.97,,14.29,,15.45,,14.31,,14.41,,15.07,,,,,,,
5933,2015,18,BVW,BLUTI,1,10,0,0,,11.5,19,43,,6,,ED,,,,,,Z286111,31/05/2015,31/05/2015,I,1,,,,,,,,,,,,,,,,,,,,,,,,,,,,,,,,,,
5934,2015,19,BVW,PIEFL,1,7,7,7,,,39,,,0,,NE,D637457,03/06/2015,04/06/2014,R,1,Z286221,17/05/2015,17/05/2015,I,1,09/06/2015,Z286590,Z286591,Z286592,Z286593,Z286594,Z286595,Z286596,,,,,15.45,,14.37,,13.94,,14.4,,14.96,,14.88,,13.96,,,,,,,,,
5935,2015,20,BVW,GRETI,1,9,,8,,,19,42,,1,,NE,,,,,,Z286115,31/05/2015,31/05/2015,I,1,,,,,,,,,,,,,,,,,,,,,,,,,,,,,,,,,,
5936,2015,21,BVW,BLUTI,1,8,8,8,,11.5,18,37,,0,,NE,,,,,,Z286106,31/05/2015,31/05/2015,I,1,,,,,,,,,,,,,,,,,,,,,,,,,,,,,,,,,,
5937,2015,22,BVW,GRETI,1,6,,5,,,20,40,,0,,NE,,,,,,Z286107,31/05/2015,31/05/2015,I,1,,,,,,,,,,,,,,,,,,,,,,,,,,,,,,,,,,
5938,2015,23,BVW,PIEFL,1,7,,6,,17.5,32,51,,1,,NE,Z286622,31/05/2015,31/05/2015,I,1,Z286222,17/05/2015,17/05/2015,I,1,30/05/2015,Z286607,Z286608,Z286609,Z286610,Z286611,Z286612,,,,,,15.4,,14.75,,15.01,,15.83,,15.13,,15.15,,,,,,,,,,,
5939,2015,24,BVW,BLUTI,1,9,,7,,11.5,21,43,,1,,NE,,,,,,,,,,,,,,,,,,,,,,,,,,,,,,,,,,,,,,,,,,,,
5940,2015,28,BVW,BLUTI,1,6,,,,11.5,26,45,,0,,OU,,,,,,Z286123,04/06/2015,04/06/2015,I,1,,,,,,,,,,,,,,,,,,,,,,,,,,,,,,,,,,
5941,2015,29,BVW,BLUTI,1,9,,,,17.5,23,43,,0,,OU,,,,,,,,,,,,,,,,,,,,,,,,,,,,,,,,,,,,,,,,,,,,
5942,2015,32,BVW,BLUTI,1,7,,,,11.5,15,36,,0,,OU,,,,,,,,,,,,,,,,,,,,,,,,,,,,,,,,,,,,,,,,,,,,
5943,2015,33,BVW,GRETI,1,9,,,,,16,37,,0,,OU,,,,,,Z286108,31/05/2015,31/05/2015,I,1,,,,,,,,,,,,,,,,,,,,,,,,,,,,,,,,,,
5944,2015,34,BVW,GRETI,1,5,,,,,28,45,,0,,OU,,,,,,,,,,,,,,,,,,,,,,,,,,,,,,,,,,,,,,,,,,,,
5945,2015,18A,BVW,GRETI,1,5,,0,,,24,41,,0,,JP,,,,,,unringed,,,,,,,,,,,,,,,,,,,,,,,,,,,,,,,,,,,,,,
5946,2015,18B,BVW,PIEFL,1,7,7,7,,14,30,50,,0,,NE,D061417,09/06/2013,09/06/2013,I,1,V143020,31/05/2015,03/06/2010,S,5,29/05/2015,Z286398,Z286399,Z286400,Z286401,Z286402,Z286403,Z286404,,,,,14.22,17.1,13.9,17.1,14.34,16.7,14.53,17.8,14.43,18,14.01,17.1,14.34,16.8,,,,,,,,
5947,2015,18C,BVW,GRETI,1,8,,0,,,22,43,,0,,XP,,,,,,,,,,,,,,,,,,,,,,,,,,,,,,,,,,,,,,,,,,,,
5948,2015,18D,BVW,PIEFL,1,7,7,7,,28,38,,,0,,NE,Z286521,05/06/2015,05/06/2015,I,1,D543003,17/05/2015,10/06/2013,R,2,05/06/2015,Z286514,Z286515,Z286516,Z286517,Z286518,Z286519,Z286520,,,,,12.99,,14.71,,13.12,,13.28,,13.17,,13.01,,13.03,,,,,,,,,
5949,2015,18E,BVW,GRETI,1,5,,0,,,25,42,,0,,JP,,,,,,unringed,,,,,,,,,,,,,,,,,,,,,,,,,,,,,,,,,,,,,,
5950,2015,18F,BVW,PIEFL,1,7,6,6,,17.5,35,55,,1,,NE,L261742,01/06/2015,03/06/2010,R,5,Y711724,03/06/2015,02/06/2014,I,1,03/06/2015,Z286659,Z286660,Z286661,Z286662,Z286663,Z286664,,,,,,14.36,,13.39,,14.13,,15.35,,14.54,,12.89,,,,,,,,,,,
5951,2015,18G,BVW,PIEFL,1,5,,4,,21,56,73,,0,,NE,,,,,,Z286623,01/06/2015,01/06/2015,I,1,22/06/2015,Z286873,Z286874,Z286875,Z286876,,,,,,,,14.11,,15.32,,15.46,,14.96,,,,,,,,,,,,,,,
5952,2015,18H,BVW,PIEFL,1,8,,8,,,33,53,,0,,NE,D637445,01/06/2015,04/06/2014,R,1,D637117,17/05/2015,25/05/2014,S,2,01/06/2015,Z286614,Z286615,Z286616,Z286617,Z286618,Z286619,Z286620,Z286621,,,,13.88,,14.67,,14.09,,13.74,,13.7,,14.08,,13.94,,13.39,,,,,,,
5953,2015,18I,BVW,GRETI,1,6,0,0,,,18,,,6,,ED,,,,,,,,,,,,,,,,,,,,,,,,,,,,,,,,,,,,,,,,,,,,
5954,2015,18J,BVW,GRETI,1,,,0,,,,,,0,,OU,,,,,,,,,,,,,,,,,,,,,,,,,,,,,,,,,,,,,,,,,,,,
5955,2015,18K,BVW,PIEFL,1,7,,4,,,52,71,,0,,NE,,,,,,D923077,01/06/2015,04/06/2014,I,1,,,,,,,,,,,,,,,,,,,,,,,,,,,,,,,,,,
5956,2015,18K,BVW,GRETI,1,6,,0,,,18,37,,5,,EP,,,,,,Z286105,31/05/2015,31/05/2015,I,1,,,,,,,,,,,,,,,,,,,,,,,,,,,,,,,,,,
5957,2015,18L,BVW,BLUTI,1,11,,9,,,21,48,,2,,NE,,,,,,Z286122,04/06/2015,04/06/2015,I,1,,,,,,,,,,,,,,,,,,,,,,,,,,,,,,,,,,
5958,2015,9A,BVW,GRETI,1,8,,7,,,28,54,,0,,NE,,,,,,Z286114,31/05/2015,31/05/2015,I,1,,,,,,,,,,,,,,,,,,,,,,,,,,,,,,,,,,
5959,2015,1,NEA,BLUTI,1,7,7,7,,,24,,,,,NE,,,,,,,,,,,,,,,,,,,,,,,,,,,,,,,,,,,,,,,,,,,,
5960,2015,2,NEA,BLUTI,1,7,,4,,,,44,,2,,NE,,,,,,Z286209,14/05/2015,14/05/2015,I,1,27/05/2015,Z286237,Z286238,Z286239,Z286240,Z286241,,,,,,,10.78,,11.7,,10.9,,12.2,,11.25,,,,,,,,,,,,,
5961,2015,3,NEA,BLUTI,1,7,0,0,,,33,,,7,,ED,,,,,,Z286094,09/05/2015,09/05/2015,I,1,,,,,,,,,,,,,,,,,,,,,,,,,,,,,,,,,,
5962,2015,4,NEA,NUTHA,1,6,6,6,,,23,,,0,,NE,,,,,,TS92992,09/05/2015,09/05/2015,I,1,,,,,,,,,,,,,,,,,,,,,,,,,,,,,,,,,,
5963,2015,5,NEA,GRETI,1,7,,6,,,29,,,0,,NE,,,,,,Z286210,14/05/2015,14/05/2015,I,1,,,,,,,,,,,,,,,,,,,,,,,,,,,,,,,,,,
5964,2015,6,NEA,PIEFL,1,9,,7,17,19,35,56,,0,,NE,D140941,04/06/2015,08/06/2013,S,2,D636949,13/05/2015,20/05/2014,S,3,07/06/2015,Z286705,Z286706,Z286707,Z286708,Z286709,Z286710,Z286711,Z286712,,,,14.7,,15.6,,14.7,,15.35,,15.1,,15.1,,16.1,,14.3,,,,,,,
5965,2015,7,NEA,BLUTI,1,,0,0,,,34,,,2,,ED,,,,,,,,,,,,,,,,,,,,,,,,,,,,,,,,,,,,,,,,,,,,
5966,2015,7,NEA,PIEFL,1,5,5,5,,,,86,,0,,NE,D637187,05/07/2015,28/05/2014,S,2,Z286799,25/06/2015,25/06/2015,I,1,05/07/2015,Z286940,Z286941,Z286942,Z286943,Z286944,,,,,,,14.4,,14.4,,13.9,,13.2,,14.5,,,,,,,,,,,,,
5967,2015,8,NEA,PIEFL,1,8,8,8,10,19,31,51,,0,,NE,D637186,27/05/2015,28/05/2014,S,2,L857058,09/05/2015,30/05/2011,S,4,31/05/2015,Z286280,Z286281,Z286282,Z286283,Z286284,Z286285,Z286286,Z286287,,,,14.3,,15.2,,14,,14.75,,14.17,,13.95,,14.35,,14.3,,,,,,,
5968,2015,9,NEA,GRETI,1,,0,0,,,28,,,3,,ED,,,,,,D140505,09/05/2015,14/05/2013,S,3,,,,,,,,,,,,,,,,,,,,,,,,,,,,,,,,,,
5969,2015,10,NEA,PIEFL,1,7,7,7,11,,33,52,,0,,NE,,,,,,D636784,09/05/2015,13/05/2014,S,2,01/06/2015,Z286624,Z286625,Z286626,Z286627,Z286628,Z286629,Z286630,,,,,15.25,,15.88,,13.9,,15.85,,15.59,,14.77,,15.24,,,,,,,,,
5970,2015,11,NEA,GRETI,1,7,7,7,,,26,,,,,NE,,,,,,Z286095,09/05/2015,09/05/2015,I,1,,,,,,,,,,,,,,,,,,,,,,,,,,,,,,,,,,
5971,2015,12,NEA,BLUTI,1,10,,0,,,22,,,7,,NE,,,,,,D636748,09/05/2015,06/05/2014,S,2,,,,,,,,,,,,,,,,,,,,,,,,,,,,,,,,,,
5972,2015,14,NEA,PIEFL,1,5,,0,,19,68,85,,1,,JD,,,,,,D637293,13/06/2015,30/05/2014,R,1,,,,,,,,,,,,,,,,,,,,,,,,,,,,,,,,,,
5973,2015,15,NEA,BLUTI,1,12,,10,,,21,,,,,NE,,,,,,D636750,09/05/2015,06/05/2014,S,2,,,,,,,,,,,,,,,,,,,,,,,,,,,,,,,,,,
5974,2015,16,NEA,PIEFL,1,8,8,8,10,21,28,50,,0,,NE,D637189,27/05/2015,28/05/2014,S,2,L555966,13/05/2015,28/05/2011,S,5,30/05/2015,Z286244,Z286245,Z286246,Z286247,Z286248,Z286249,Z286250,Z286251,,,,14.2,,14.25,,14.45,,14.05,,15.35,,14.95,,14.7,,14.75,,,,,,,
5975,2015,17,NEA,BLUTI,1,9,,5,,,24,,,1,,NE,,,,,,Z286096,09/05/2015,09/05/2015,I,1,,,,,,,,,,,,,,,,,,,,,,,,,,,,,,,,,,
5976,2015,18,NEA,BLUTI,1,8,,6,,,35,,,,,NE,,,,,,,,,,,,,,,,,,,,,,,,,,,,,,,,,,,,,,,,,,,,
5977,2015,19,NEA,BLUTI,1,10,,7,,,24,,,,,NE,,,,,,Z286097,09/05/2015,09/05/2015,I,1,,,,,,,,,,,,,,,,,,,,,,,,,,,,,,,,,,
5978,2015,20,NEA,PIEFL,1,7,,5,14,23,35,54,,1,,NE,Z286631,01/06/2015,01/06/2015,I,1,Z286207,13/05/2015,13/05/2015,I,1,03/06/2015,Z286646,Z286647,Z286648,Z286649,Z286650,Z286651,,,,,,14,,14.32,,14.62,,14.23,,14.49,,12.16,,,,,,,,,,,
5979,2015,FOXWTY,NEA,PIEFL,1,8,8,8,,,,52,,0,,NE,D637362,03/06/2015,01/06/2014,R,1,D140939,18/05/2015,08/06/2013,R,2,03/06/2015,Z286638,Z286639,Z286640,Z286641,Z286642,Z286643,Z286644,Z286645,,,,,,,,,,,,,,,,,,,,,,,,,
5980,2015,Foxworthy Mill,NEA,PIEFL,1,8,8,8,,,,56,,0,,NE,L351768,03/06/2014,03/06/2014,I,1,D637118,16/05/2015,26/05/2014,S,2,05/06/2015,Z286668,Z286669,Z286670,Z286671,Z286672,Z286673,Z286674,Z286675,,,,,,,,,,,,,,,,,,,,,,,,,
5981,2015,101,YAR,BLUTI,1,8,,0,,,26,46,,4,,JD,,,,,,,,,,,,,,,,,,,,,,,,,,,,,,,,,,,,,,,,,,,,
5982,2015,105,YAR,PIEFL,1,,0,0,,31.5,40,,,3,,ED,,,,,,,,,,,,,,,,,,,,,,,,,,,,,,,,,,,,,,,,,,,,
5983,2015,106,YAR,PIEFL,2,3,3,3,16,,,83,,0,,NE,C437639,26/06/2015,26/06/2015,I,1,Z286877,26/06/2015,26/06/2015,I,1,03/07/2015,Z286892,Z286893,Z286894,,,,,,,,,14.2,,14.5,,14.3,,,,,,,,,,,,,,,,,
5984,2015,107,YAR,BLUTI,1,9,,6,,,22,48,,0,,NE,Z286470,02/06/2015,02/06/2015,I,1,D636776,02/06/2015,11/05/2014,S,2,02/06/2015,Z286464,Z286465,Z286466,Z286467,Z286468,Z286469,,,,,,10.77,,9.93,,10.56,,11.16,,11.15,,11.03,,10.7,,,,,,,,,
5985,2015,108,YAR,PIEFL,1,7,,5,,,45,64,,1,,NE,C437634,08/06/2015,08/06/2015,I,1,Z286227,08/06/2015,08/06/2015,I,1,15/06/2015,Z286841,Z286842,Z286843,Z286844,Z286845,,,,,,,12.6,,13.12,,12.8,,13.54,,13.03,,,,,,,,,,,,,
5986,2015,109,YAR,PIEFL,1,7,,1,,,28,51,,0,,NE,Y369317,28/05/2015,07/06/2012,S,3,D637198,16/05/2015,28/05/2014,S,2,02/06/2015,Z286461,Z286462,Z286463,,,,,,,,,12.22,,10.67,,8.64,,,,,,,,,,,,,,,,,
5987,2015,111,YAR,REDST,1,7,7,7,,,34,52,,0,,NE,,,,,,Z286211,14/05/2015,14/05/2015,I,1,30/05/2015,Z286273,Z286274,Z286275,Z286276,Z286277,Z286278,Z286279,,,,,,,,,,,,,,,,,,,,,,,,,,
5988,2015,113,YAR,BLUTI,1,,,0,,,32,,,0,,EP,,,,,,,,,,,,,,,,,,,,,,,,,,,,,,,,,,,,,,,,,,,,
5989,2015,114,YAR,BLUTI,1,10,9,8,,,19,42,,1,,NE,V143085,27/05/2015,25/01/2011,I,5,Z286212,16/05/2015,16/05/2015,I,1,27/05/2015,Z286198,Z286199,Z286200,Z286314,Z286315,Z286316,Z286317,Z286318,,,,8.27,,10.58,,10.61,,10.06,,11.9,,9.55,,8.4,,8.53,,,,,,,
5990,2015,117,YAR,BLUTI,1,11,,3,,,20,48,,0,,NE,,,,,,Z286116,02/06/2015,02/06/2015,I,1,02/06/2015,Z286471,Z286472,Z286473,,,,,,,,,9.93,,8.71,,11.11,,,,,,,,,,,,,,,,,
5991,2015,118,YAR,PIEFL,1,8,,0,,17.5,35,56,,1,,JD,Z286411,01/06/2015,01/06/2015,I,1,Y369488,01/06/2015,11/06/2012,S,3,,,,,,,,,,,,,,,,,,,,,,,,,,,,,,,,,,
5992,2015,120,YAR,BLUTI,1,10,,4,,,19,41,,0,,NE,,,,,,D140686,26/05/2015,08/06/2013,S,2,26/05/2015,Z286139,Z286147,Z286148,Z286149,,,,,,,,10.63,,8.48,,11.02,,8.84,,,,,,,,,,,,,,,
5993,2015,122,YAR,BLUTI,1,7,,0,,,19,41,,0,,JD,,,,,,,,,,,,,,,,,,,,,,,,,,,,,,,,,,,,,,,,,,,,
5994,2015,123,YAR,GRETI,1,,0,0,,,,,,2,,ED,,,,,,,,,,,,,,,,,,,,,,,,,,,,,,,,,,,,,,,,,,,,
5995,2015,127,YAR,BLUTI,1,8,7,7,,,17,41,,1,,NE,Z286138,26/05/2015,26/05/2015,I,1,Y369109,09/05/2015,11/05/2012,S,4,26/05/2015,Z286140,Z286141,Z286142,Z286143,Z286144,Z286145,Z286146,,,,,11.12,,10.06,,10.98,,11.74,,10.97,,11.47,,11.11,,,,,,,,,
5996,2015,129,YAR,PIEFL,1,7,,5,22.5,24.5,37,56,,1,,NE,D637479,31/05/2015,05/06/2014,R,1,Z286213,16/05/2015,16/05/2015,I,1,07/06/2015,Z286733,Z286734,Z286735,Z286736,Z286737,,,,,,,14.26,,13.98,,13.66,,14.65,,13.95,,,,,,,,,,,,,
5997,2015,130,YAR,GRETI,1,8,,0,,,32,,,8,,JD,,,,,,,,,,,,,,,,,,,,,,,,,,,,,,,,,,,,,,,,,,,,
5998,2015,202,YAR,PIEFL,1,6,5,5,11,24.5,37,55,,1,,NE,Z286253,30/05/2015,30/05/2015,I,1,D637247,16/05/2015,30/05/2014,R,1,06/06/2015,Z286683,Z286684,Z286685,Z286686,Z286687,,,,,,,13.58,,13.86,,12.13,,14.91,,14.09,,,,,,,,,,,,,
5999,2015,203,YAR,GRETI,1,6,0,0,,,23,45,,0,,ED,,,,,,,,,,,,,,,,,,,,,,,,,,,,,,,,,,,,,,,,,,,,
6000,2015,206,YAR,PIEFL,1,7,,3,20.5,24.5,35,58,,0,,NE,D637470,03/06/2015,05/06/2014,S,2,D061293,16/05/2015,07/06/2013,I,2,09/06/2015,Z286585,Z286586,Z286587,Z286588,Z286589,,,,,,,9.94,,12.33,,12.58,,12.76,,11.49,,,,,,,,,,,,,
6001,2015,209,YAR,PIEFL,1,8,8,7,12,24.5,37,57,,0,,NE,D140624,01/06/2015,05/06/2013,S,3,D543102,16/05/2015,12/06/2013,S,2,08/06/2015,Z286548,Z286549,Z286550,Z286551,Z286552,Z286553,Z286554,,,,,13.39,,12.97,,12.69,,12.82,,13.12,,12.4,,12.91,,,,,,,,,
6002,2015,210,YAR,GRETI,2,3,0,0,,,61,,,3,,ED,,,,,,Z286840,13/06/2015,13/06/2015,I,1,,,,,,,,,,,,,,,,,,,,,,,,,,,,,,,,,,
6003,2015,211,YAR,NUTHA,1,8,,5,,,15,37,,0,,NE,,,,,,,,,,,,,,,,,,,,,,,,,,,,,,,,,,,,,,,,,,,,
6004,2015,213,YAR,BLUTI,1,9,,0,,,23,,,0,,EP,,,,,,,,,,,,,,,,,,,,,,,,,,,,,,,,,,,,,,,,,,,,
6005,2015,214,YAR,BLUTI,1,10,,0,,,24,48,,7,,JD,,,,,,Z286214,16/05/2015,16/05/2015,I,1,,,,,,,,,,,,,,,,,,,,,,,,,,,,,,,,,,
6006,2015,215,YAR,PIEFL,1,6,6,6,26,26,36,55,,0,,NE,Z286405,01/06/2015,01/06/2015,I,1,D543079,01/06/2015,11/06/2013,S,2,06/06/2015,Z286688,Z286689,Z286690,Z286691,Z286692,Z286693,,,,,,14.46,,14.1,,14.32,,15.33,,14.62,,14.44,,,,,,,,,,,
6007,2015,218,YAR,PIEFL,1,8,,3,10,31.5,39,60,,0,,NE,D637258,04/06/2015,30/05/2014,S,2,Z286500,04/06/2015,04/06/2015,I,1,11/06/2015,Z286815,Z286816,Z286817,,,,,,,,,14.75,,13.83,,14.26,,,,,,,,,,,,,,,,,
6008,2015,219,YAR,BLUTI,1,8,,0,,,18,43,,0,,EP,,,,,,Z286098,09/05/2015,09/05/2015,I,1,,,,,,,,,,,,,,,,,,,,,,,,,,,,,,,,,,
6009,2015,221,YAR,PIEFL,2,4,4,4,,,71,87,,0,,NE,Y369213,02/07/2015,05/06/2012,S,3,Z286858,17/06/2015,17/06/2015,I,1,08/07/2015,Z286945,Z286946,Z286947,Z286948,,,,,,,,13.8,,13.7,,13.75,,13.7,,,,,,,,,,,,,,,
6010,2015,222,YAR,BLUTI,1,7,,4,,,27,46,,0,,NE,L261714,01/06/2015,02/06/2010,S,4,,,,,,01/06/2015,Z286413,Z286414,Z286415,Z286416,Z286417,Z286418,,,,,,10.48,,9.86,,10.22,,10.07,,10.58,,10.67,,,,,,,,,,,
6011,2015,223,YAR,BLUTI,1,10,,0,,,21,,,5,,JD,,,,,,,,,,,,,,,,,,,,,,,,,,,,,,,,,,,,,,,,,,,,
6012,2015,224,YAR,BLUTI,1,7,7,7,,,20,44,,0,,NE,,,,,,,,,,,29/05/2015,Z286361,Z286362,Z286363,Z286364,Z286365,Z286366,Z286367,,,,,12.19,,11.61,,11.23,,12.64,,10.82,,11.36,,11.78,,,,,,,,,
6013,2015,225,YAR,PIEFL,1,7,7,7,,17.5,36,56,,0,,NE,Z286412,06/06/2015,06/06/2015,I,1,X533379,01/06/2015,10/06/2009,S,6,07/06/2015,Z286713,Z286714,Z286715,Z286716,Z286717,Z286718,Z286719,,,,,13.7,,14.11,,14.79,,14.09,,14.61,,14.11,,14.63,,,,,,,,,
6014,2015,226,YAR,BLUTI,1,7,,5,,,20,41,,0,,NE,V143870,20/02/2015,20/02/2015,I,2,V143577,09/05/2015,27/02/2013,S,4,26/05/2015,Z286182,Z286183,Z286184,Z286185,Z286186,,,,,,,12.08,,12.02,,12.17,,10.99,,11.65,,,,,,,,,,,,,
6015,2015,227,YAR,GRETI,1,7,,6,,,23,45,,0,,NE,,,,,,,,,,,27/05/2015,TX70721,TX70722,TX70723,TX70724,TX70725,TX70726,,,,,,,,,,,,,,,,,,,,,,,,,,,
6016,2015,228,YAR,PIEFL,1,8,8,8,10,24.5,38,58,,0,,NE,L261873,04/06/2015,05/06/2010,S,5,Z286228,04/06/2015,04/06/2015,I,1,09/06/2015,Z286560,Z286561,Z286562,Z286563,Z286564,Z286565,Z286566,Z286567,,,,13.74,,13.73,,14.04,,13.91,,13.97,,15.78,,14.04,,14.4,,,,,,,
6017,2015,230,YAR,GRETI,1,4,0,0,,,25,,,4,,ED,,,,,,Z286113,31/05/2015,31/05/2015,I,1,,,,,,,,,,,,,,,,,,,,,,,,,,,,,,,,,,
6018,2015,231,YAR,PIEFL,1,6,5,5,,28,49,67,,1,,NE,D005133,28/05/2014,28/05/2014,I,1,Z286613,10/06/2015,10/06/2015,I,1,18/06/2015,Z286860,Z286861,Z286862,Z286863,Z286864,,,,,,,,,,,,,,,,,,,,,,,,,,,,
6019,2015,233,YAR,GRETI,1,,0,0,,,33,50,,3,,ED,,,,,,,,,,,,,,,,,,,,,,,,,,,,,,,,,,,,,,,,,,,,
6020,2015,234,YAR,PIEFL,1,7,7,7,,21,34,52,,0,,NE,D140987,29/05/2015,13/06/2013,S,3,D140566,16/05/2015,23/05/2013,S,3,03/06/2015,Z286652,Z286653,Z286654,Z286655,Z286656,Z286657,Z286658,,,,,15.57,,14.52,,15.92,,15.96,,15.43,,14.54,,14.35,,,,,,,,,
6021,2015,235,YAR,BLUTI,1,9,,8,,,23,45,,0,,NE,,,,,,D140537,30/05/2015,27/05/2013,S,3,30/05/2015,Z286260,Z286261,Z286262,Z286263,Z286264,Z286265,Z286266,Z286267,,,,11.12,,8.54,,8.17,,,,9.07,,10.05,,8.55,,9.61,,,,,,,
6022,2015,236,YAR,GRETI,1,,0,0,,,26,,,3,,ED,,,,,,,,,,,,,,,,,,,,,,,,,,,,,,,,,,,,,,,,,,,,
6023,2015,237,YAR,BLUTI,1,5,,4,,,28,48,,0,,NE,Z286460,02/06/2015,02/06/2015,I,1,Z286117,03/06/2015,03/06/2015,I,1,02/06/2015,Z286456,Z286457,Z286458,Z286459,,,,,,,,11.6,,12.44,,12.15,,11.49,,,,,,,,,,,,,,,
6024,2015,238,YAR,BLUTI,1,8,,6,,,27,49,,0,,NE,Z286488,03/06/2015,03/06/2015,I,1,,,,,,03/06/2015,Z286489,Z286490,Z286491,Z286492,Z286493,Z286494,,,,,,10.1,,9.76,,10.45,,8.42,,10.14,,8.89,,,,,,,,,,,
6025,2015,240,YAR,PIEFL,1,7,,6,10,17.5,35,54,,1,,NE,V450208,31/05/2015,27/05/2011,S,4,Z286301,31/05/2015,31/05/2015,I,1,05/06/2015,Z286508,Z286509,Z286510,Z286511,Z286512,Z286513,,,,,,16.26,,16.25,,15.32,,15.76,,16.32,,15.73,,,,,,,,,,,
6026,2015,241,YAR,BLUTI,1,9,0,0,,,18,,,9,,ED,,,,,,,,,,,,,,,,,,,,,,,,,,,,,,,,,,,,,,,,,,,,
6027,2015,242,YAR,BLUTI,1,8,,0,,,29,50,,0,,EP,unringed,,,,,D636970,30/05/2015,21/05/2014,R,1,05/06/2015,Z286505,Z286506,Z286507,,,,,,,,,12.36,,10.38,,11.75,,,,,,,,,,,,,,,,,
6028,2015,245,YAR,GRETI,1,6,0,0,,,41,,,0,,ED,,,,,,Z286215,16/05/2015,16/05/2015,I,1,,,,,,,,,,,,,,,,,,,,,,,,,,,,,,,,,,
6029,2015,246,YAR,PIEFL,1,6,,0,,21,33,51,,0,,JD,,,,,,D636778,09/05/2015,11/05/2014,S,3,,,,,,,,,,,,,,,,,,,,,,,,,,,,,,,,,,
6030,2015,248,YAR,REDST,1,6,0,0,,,48,,,0,,EP,Z286878,26/05/2015,26/05/2015,I,1,Z286872,,22/06/2015,S,1,,,,,,,,,,,,,,,,,,,,,,,,,,,,,,,,,,
6031,2015,249,YAR,REDST,2,3,3,3,,,71,83,,0,,NE,Z286878,26/05/2015,26/05/2015,S,1,Z286872,22/06/2015,22/06/2015,I,1,02/07/2015,Z286882,Z286883,Z286884,,,,,,,,,,,,,,,,,,,,,,,,,,,,,,
6032,2015,250,YAR,BLUTI,1,7,0,0,,,26,,,7,,ED,,,,,,,,,,,,,,,,,,,,,,,,,,,,,,,,,,,,,,,,,,,,
6033,2015,302,YAR,PIEFL,1,4,4,4,,,,86,,0,,NE,C437640,26/06/2015,26/06/2015,I,1,Z286879,26/06/2015,26/06/2015,I,1,08/07/2015,Z286897,Z286898,Z286899,Z286900,,,,,,,,13,,13.35,,14.3,,12.5,,,,,,,,,,,,,,,
6034,2015,304,YAR,BLUTI,1,10,,0,,,21,,,0,,EP,,,,,,Z286101,25/04/2015,25/04/2015,I,1,,,,,,,,,,,,,,,,,,,,,,,,,,,,,,,,,,
6035,2015,307,YAR,PIEFL,1,7,6,6,,24.5,35,55,,1,,NE,D454249,30/05/2015,05/06/2013,S,3,D637685,30/05/2015,26/06/2014,R,1,06/06/2015,Z286535,Z286536,Z286537,Z286538,Z286539,Z286540,,,,,,12.07,,11.65,,12.09,,12.48,,12.52,,13.75,,,,,,,,,,,
6036,2015,308,YAR,BLUTI,1,13,,5,,,15,41,,1,,NE,,,,,,,,,,,26/05/2015,Z286177,Z286178,Z286179,Z286180,Z286181,,,,,,,8.61,,9.1,,8.56,,9.24,,7.68,,,,,,,,,,,,,
6037,2015,311,YAR,PIEFL,1,7,,6,20,21,36,55,,0,,NE,D637372,30/05/2015,01/06/2014,R,1,D543005,30/05/2015,10/06/2013,S,2,06/06/2015,Z286529,Z286530,Z286531,Z286532,Z286533,Z286534,,,,,,14.61,,13.25,,13.74,,14.99,,14.13,,14.61,,,,,,,,,,,
6038,2015,312,YAR,BLUTI,1,5,0,0,,,22,,,5,,ED,,,,,,,,,,,,,,,,,,,,,,,,,,,,,,,,,,,,,,,,,,,,
6039,2015,313,YAR,PIEFL,1,7,6,6,13,21,36,56,,1,,NE,Z286455,06/06/2015,06/06/2015,I,1,D140814,02/06/2015,07/06/2013,S,2,07/06/2015,Z286727,Z286728,Z286729,Z286730,Z286731,Z286732,,,,,,13.77,,13.92,,13.78,,14.05,,14.02,,13.43,,,,,,,,,,,
6040,2015,317,YAR,PIEFL,1,6,,3,,35,42,60,,1,,NE,,,,,,Z286124,05/06/2015,05/06/2015,I,1,11/06/2015,Z286827,Z286828,Z286829,,,,,,,,,13.3,,14.28,,13.38,,,,,,,,,,,,,,,,,
6041,2015,318,YAR,BLUTI,1,8,,6,,,31,54,,1,,NE,,,,,,D140524,26/05/2015,20/05/2013,S,3,,,,,,,,,,,,,,,,,,,,,,,,,,,,,,,,,,
6042,2015,320,YAR,PIEFL,1,8,8,7,20,28,37,57,,0,,NE,Z286454,02/06/2015,02/06/2015,I,1,D637150,16/05/2015,27/05/2014,S,2,08/06/2015,Z286744,Z286745,Z286746,Z286747,Z286748,Z286749,Z286750,Z286751,,,,13.1,,8.96,,11.52,,13.15,,13.62,,13.37,,12.26,,13.31,,,,,,,
6043,2015,322,YAR,BLUTI,1,8,6,6,,,22,45,,2,,NE,,,,,,D636738,30/05/2015,04/05/2014,S,3,30/05/2015,Z286254,Z286255,Z286256,Z286257,Z286258,Z286259,,,,,,11.35,,11.76,,10.7,,10.08,,10.98,,11.53,,,,,,,,,,,
6044,2015,323,YAR,BLUTI,1,9,,0,,,20,48,,0,,JD,,,,,,,,,,,,,,,,,,,,,,,,,,,,,,,,,,,,,,,,,,,,
6045,2015,324,YAR,PIEFL,1,6,,0,17,38.5,44,62,,0,,JD,D637244,07/06/2015,30/05/2014,R,1,Z286133,07/06/2015,07/06/2015,I,1,,,,,,,,,,,,,,,,,,,,,,,,,,,,,,,,,,
6046,2015,325,YAR,GRETI,1,6,,1,,,18,37,,2,,NE,,,,,,V143839,01/05/2015,01/02/2015,I,1,20/05/2015,TX70716,TX70717,,,,,,,,,,,,,,,,,,,,,,,,,,,,,,,
6047,2015,326,YAR,BLUTI,1,6,,0,,,21,41,,0,,JD,,,,,,,,,,,,,,,,,,,,,,,,,,,,,,,,,,,,,,,,,,,,
6048,2015,329,YAR,GRETI,1,5,0,0,,,33,,,5,,ED,,,,,,Z286125,04/06/2015,04/06/2015,I,1,,,,,,,,,,,,,,,,,,,,,,,,,,,,,,,,,,
6049,2015,330,YAR,BLUTI,1,9,,6,,,22,48,,0,,NE,,,,,,,,,,,02/06/2015,Z286474,Z286475,Z286476,Z286477,Z286478,Z286479,,,,,,11.81,,11.8,,10.91,,11.56,,11.49,,11.4,,,,,,,,,,,
6050,2015,331,YAR,PIEFL,1,7,7,3,,24.5,35,54,,0,,NE,,,,,,D636969,30/05/2015,21/05/2014,S,2,05/05/2015,Z286505,Z286506,Z286507,,,,,,,,,12.36,,10.38,,11.75,,,,,,,,,,,,,,,,,
6051,2015,333,YAR,PIEFL,1,6,6,6,,31.5,43,62,,0,,NE,D637388,08/06/2015,02/06/2014,S,2,Z286302,07/06/2015,07/06/2015,I,1,13/06/2015,Z286834,Z286835,Z286836,Z286837,Z286838,Z286839,,,,,,,,,,,,,,,,,,,,,,,,,,,
6052,2015,334,YAR,GRETI,1,4,4,4,,,19,35,,0,,NE,,,,,,Z286102,25/04/2015,25/04/2015,I,1,20/05/2015,TX70712,TX70713,TX70714,TX70715,,,,,,,,,,,,,,,,,,,,,,,,,,,,,
6053,2015,335,YAR,BLUTI,1,8,,5,,,35,55,,1,,NE,D140648,09/06/2015,07/06/2013,R,2,Z286216,16/05/2015,16/05/2015,I,1,09/06/2015,Z286805,Z286806,Z286807,Z286808,Z286809,,,,,,,8.61,,9.66,,9.93,,10.64,,8.57,,,,,,,,,,,,,
6054,2015,337,YAR,BLUTI,1,,0,0,,,21,,,2,,ED,,,,,,,,,,,,,,,,,,,,,,,,,,,,,,,,,,,,,,,,,,,,
6055,2015,338,YAR,PIEFL,1,7,,6,13,31.5,41,60,,0,,NE,D637192,04/06/2015,28/05/2014,R,1,Z286134,04/06/2015,04/06/2015,I,1,11/06/2015,Z286818,Z286819,Z286820,Z286821,Z286822,Z286823,,,,,,13.1,,11.89,,11.58,,12.64,,11.06,,14.09,,,,,,,,,,,
6056,2015,339,YAR,BLUTI,1,9,0,0,,,19,,,8,,ED,,,,,,,,,,,,,,,,,,,,,,,,,,,,,,,,,,,,,,,,,,,,
6057,2015,340,YAR,PIEFL,1,7,,3,13,31.5,40,60,,2,,NE,D637347,04/06/2015,01/06/2014,R,1,Y369126,05/06/2015,18/05/2012,S,4,11/06/2015,Z286824,Z286825,Z286826,,,,,,,,,13.28,,12.93,,12.35,,,,,,,,,,,,,,,,,
6058,2015,342,YAR,GRETI,1,4,,0,,,26,41,,0,,JD,,,,,,,,,,,,,,,,,,,,,,,,,,,,,,,,,,,,,,,,,,,,
6059,2015,343,YAR,NUTHA,1,6,,0,,,33,52,,0,,JD,,,,,,TS92993,16/05/2015,16/05/2015,I,1,,,,,,,,,,,,,,,,,,,,,,,,,,,,,,,,,,
6060,2015,346,YAR,PIEFL,1,7,,3,12,14,33,53,,2,,NE,D543032,30/05/2015,10/06/2013,S,2,Z286226,30/05/2015,30/05/2015,I,1,04/06/2015,Z286665,Z286666,Z286667,,,,,,,,,14.45,,14.01,,11.6,,,,,,,,,,,,,,,,,
6061,2015,347,YAR,PIEFL,2,4,,2,,,70,87,,0,,NE,D637643,04/06/2015,18/06/2014,R,1,D543201,18/06/2015,15/06/2013,R,2,08/07/2015,Z286895,Z286896,,,,,,,,,,13.95,,14.2,,,,,,,,,,,,,,,,,,,
6062,2015,347,YAR,BLUTI,1,6,,4,,,20,41,,0,,NE,,,,,,,,,,,26/05/2015,Z286150,Z286151,Z286152,Z286153,,,,,,,,8.29,,9.02,,10.22,,9.6,,,,,,,,,,,,,,,
6063,2015,349,YAR,PIEFL,1,8,,7,11,14,27,49,,0,,NE,Y582645,26/05/2015,04/06/2012,S,4,D636785,16/05/2015,14/05/2014,S,2,31/05/2015,Z286292,Z286293,Z286294,Z286295,Z286296,Z286297,Z286298,,,,,14,17.1,14.34,17,14.86,17.1,13.95,17.3,14.11,17.9,13.67,17,13.64,,,,,,,,,
6064,2015,350,YAR,BLUTI,1,9,,6,,,19,41,,1,,NE,,,,,,D140912,26/05/2015,08/06/2013,R,2,26/05/2015,Z286154,Z286155,Z286156,Z286157,Z286158,Z286159,,,,,,11.63,,11.84,,11.58,,11.54,,10.84,,10.68,,,,,,,,,,,
6065,2015,355,YAR,BLUTI,1,10,,4,,,13,39,,0,,NE,,,,,,,,,,,24/05/2015,Z286231,Z286232,Z286233,Z286234,,,,,,,,11.3,,9.39,,9.62,,9.6,,,,,,,,,,,,,,,
6066,2015,401,YAR,BLUTI,1,9,,1,,,33,54,,2,,NE,Z286559,08/06/2015,08/06/2015,I,1,Y369124,08/06/2015,18/05/2012,S,4,08/06/2015,Z286555,Z286556,Z286557,Z286558,,,,,,,,6.38,,9.98,,11.17,,9.1,,,,,,,,,,,,,,,
6067,2015,403,YAR,BLUTI,1,11,,8,,,16,44,,1,,NE,Z286349,29/05/2015,29/05/2015,I,1,L555788,09/05/2015,07/05/2011,S,4,29/05/2015,Z286341,Z286342,Z286343,Z286344,Z286345,Z286346,Z286347,Z286348,,,,11.81,,10.76,,11.66,,9.26,,11.48,,11.44,,11.45,,12.4,,,,,,,
6068,2015,404,YAR,NUTHA,1,5,0,0,,,23,,,5,,ED,,,,,,,,,,,,,,,,,,,,,,,,,,,,,,,,,,,,,,,,,,,,
6069,2015,405,YAR,BLUTI,1,7,,4,,,23,42,,1,,NE,D636963,27/05/2015,21/05/2014,R,1,Z286112,31/05/2015,31/05/2015,I,1,27/05/2015,Z286187,Z286188,Z286189,Z286190,,,,,,,,10.64,,11.56,,10.77,,9.32,,,,,,,,,,,,,,,
6070,2015,406,YAR,PIEFL,1,8,,4,11,,30,53,,2,,NE,D140811,30/05/2015,07/06/2013,R,2,D543239,16/05/2015,17/06/2013,S,2,04/06/2015,Z286495,Z286496,Z286497,Z286498,,,,,,,,14.36,,14.25,,15.31,,14.46,,,,,,,,,,,,,,,
6071,2015,408,YAR,BLUTI,1,8,,3,,,18,38,,2,,NE,Z286311,23/05/2015,23/05/2015,I,1,D636709,10/05/2015,26/04/2014,S,2,23/05/2015,Z286310,Z286312,Z286313,,,,,,,,,9.85,,10.71,,9.59,,,,,,,,,,,,,,,,,
6072,2015,412,YAR,PIEFL,1,9,,4,11,14,38,61,,0,,NE,D543063,09/06/2015,10/06/2013,S,2,Y369483,16/05/2015,11/06/2012,S,3,12/06/2015,Z286830,Z286831,Z286832,Z286833,,,,,,,,14.02,,13.73,,13.47,,13.39,,,,,,,,,,,,,,,
6073,2015,413,YAR,BLUTI,1,9,,7,,,21,43,,0,,NE,Z286330,28/05/2015,28/05/2015,I,1,D140795,28/05/2015,07/06/2013,S,2,28/05/2015,Z286323,Z286324,Z286325,Z286326,Z286327,Z286328,Z286329,,,,,9.89,,10.72,,7.14,,9.69,,9.62,,9.86,,,,,,,,,,,
6074,2015,414,YAR,PIEFL,1,7,,5,,17.5,28,50,,0,,NE,V715974,29/05/2015,03/06/2008,S,7,D543221,09/05/2015,17/06/2013,S,2,01/06/2015,Z286406,Z286407,Z286408,Z286409,Z286410,,,,,,,8.89,,12.22,,12.63,,12.65,,12.24,,,,,,,,,,,,,
6075,2015,415,YAR,BLUTI,1,9,0,0,,,15,,,7,,ED,,,,,,D637168,02/05/2015,27/05/2014,R,1,,,,,,,,,,,,,,,,,,,,,,,,,,,,,,,,,,
6076,2015,417,YAR,GRETI,1,5,,0,,,18,,,0,,EP,,,,,,TS92878,01/05/2015,10/06/2013,R,2,,,,,,,,,,,,,,,,,,,,,,,,,,,,,,,,,,
6077,2015,418,YAR,BLUTI,2,10,,2,,,45,66,,0,,NE,Z286867,19/06/2015,19/06/2015,I,1,Z286303,19/06/2015,19/06/2015,I,1,19/06/2015,Z286865,Z286866,,,,,,,,,,8.61,,9.8,,,,,,,,,,,,,,,,,,,
6078,2015,419,YAR,BLUTI,1,15,,0,,,14,,,15,,EO,,,,,,,,,,,,,,,,,,,,,,,,,,,,,,,,,,,,,,,,,,,,
6079,2015,421,YAR,PIEFL,1,7,,0,,38.5,44,62,,1,,JD,Z286738,07/06/2015,07/06/2015,I,1,D637070,07/06/2015,24/05/2014,S,2,,,,,,,,,,,,,,,,,,,,,,,,,,,,,,,,,,
6080,2015,422,YAR,BLUTI,1,6,6,6,,,20,42,,0,,NE,Z286191,27/05/2015,27/05/2015,I,1,D140551,27/05/2015,18/05/2013,S,3,27/05/2015,Z286192,Z286193,Z286194,Z286195,Z286196,Z286197,,,,,,10.7,,10.13,,10.22,,10.72,,10.36,,,,,,,,,,,,,
6081,2015,423,YAR,GRETI,1,7,0,0,,,26,,,7,,ED,,,,,,Z286217,16/05/2015,16/05/2015,I,1,,,,,,,,,,,,,,,,,,,,,,,,,,,,,,,,,,
6082,2015,424,YAR,PIEFL,1,6,,0,,35,43,62,,0,,JD,,,,,,Z286252,08/06/2015,08/06/2015,I,1,,,,,,,,,,,,,,,,,,,,,,,,,,,,,,,,,,
6083,2015,425,YAR,BLUTI,1,9,,5,,,25,46,,2,,NE,,,,,,unringed,,,,,01/06/2015,Z286419,Z286420,Z286421,Z286422,Z286423,,,,,,,9.99,,9.89,,10.19,,9.68,,,,,,,,,,,,,,,
6084,2015,426,YAR,BLUTI,1,8,,1,,,32,53,,0,,NE,,,,,,Z286218,16/05/2015,16/05/2015,I,1,,,,,,,,,,,,,,,,,,,,,,,,,,,,,,,,,,
6085,2015,427,YAR,BLUTI,1,10,10,10,,,19,41,,0,,NE,,,,,,Y369099,09/05/2015,05/05/2012,S,4,26/05/2015,Z286164,Z286165,Z286166,Z286167,Z286168,Z286172,Z286173,Z286174,Z286175,Z286176,,8.41,,10.77,,10.79,,9.28,,9.64,,9.8,,7.96,,10.5,,9.84,,10.06,,,
6086,2015,428,YAR,BLUTI,1,8,,6,,,20,41,,0,,NE,Z286163,27/05/2015,27/05/2015,I,1,D140508,02/05/2015,16/05/2013,S,3,26/05/2015,Z286160,Z286161,Z286162,Z286169,Z286170,Z286171,,,,,,11.59,,12.46,,12.25,,11.25,,10.89,,11.48,,,,,,,,,,,
6087,2015,429,YAR,BLUTI,1,9,0,0,,,28,52,,0,,ED,,,,,,,,,,,,,,,,,,,,,,,,,,,,,,,,,,,,,,,,,,,,
6088,2015,430,YAR,BLUTI,1,7,,0,,,19,38,,0,,JD,,,,,,D140568,02/05/2015,23/05/2013,S,3,,,,,,,,,,,,,,,,,,,,,,,,,,,,,,,,,,
6089,2015,431,YAR,GRETI,1,6,,5,,,15,36,,0,,NE,,,,,,,,,,,20/05/2015,TX70707,TX70708,TX70709,TX70710,TX70711,,,,,,,,,,,,,,,,,,,,,,,,,,,,
6090,2015,433,YAR,GRETI,1,6,5,5,,,26,47,,1,,NE,,,,,,V143818,01/05/2015,05/03/2014,I,3,,,,,,,,,,,,,,,,,,,,,,,,,,,,,,,,,,
6091,2015,434,YAR,BLUTI,1,10,,1,,,21,45,,4,,NE,,,,,,V143721,02/05/2015,05/03/2014,I,2,30/05/2015,Z286268,,,,,,,,,,,11.43,,,,,,,,,,,,,,,,,,,,,
6092,2015,436,YAR,GRETI,1,6,,0,,,19,38,,0,,JD,,,,,,V143836,01/05/2015,01/02/2015,I,1,,,,,,,,,,,,,,,,,,,,,,,,,,,,,,,,,,
6093,2015,437,YAR,BLUTI,1,6,6,5,,,28,47,,0,,NE,,,,,,V143146,01/06/2015,16/02/2011,S,5,01/06/2015,Z286424,Z286425,Z286426,Z286427,Z286428,Z286429,,,,,,9.15,,9.31,,9.29,,9.36,,8.45,,8.81,,,,,,,,,,,
6094,2015,438,YAR,PIEFL,1,7,,0,,28,41,61,,0,,JD,,,,,,,,,,,,,,,,,,,,,,,,,,,,,,,,,,,,,,,,,,,,
6095,2015,439,YAR,GRETI,1,7,,3,,,21,43,,0,,NE,,,,,,V143745,01/05/2015,05/03/2014,S,3,25/05/2015,TX70718,TX70719,TX70720,,,,,,,,,,,,,,,,,,,,,,,,,,,,,,
6096,2015,440,YAR,GRETI,1,7,7,5,,,20,39,,0,,NE,,,,,,V143181,15/05/2015,16/02/2011,S,2,20/05/2015,TX70701,TX70702,TX70703,TX70704,TX70705,TX70706,,,,,,,,,,,,,,,,,,,,,,,,,,,
6097,2015,441,YAR,PIEFL,1,8,,6,,28,38,58,,0,,NE,C437625,03/06/2015,03/06/2015,I,1,Z286219,16/05/2015,16/05/2015,I,1,09/06/2015,Z286568,Z286569,Z286570,Z286571,Z286572,Z286573,,,,,,13.7,,13.63,,13.42,,12.72,,13.38,,11.71,,,,,,,,,,,
6098,2015,443,YAR,BLUTI,1,6,0,0,,,26,,,5,,ED,,,,,,D140768,02/05/2015,05/06/2013,R,2,,,,,,,,,,,,,,,,,,,,,,,,,,,,,,,,,,
6099,2015,444,YAR,GRETI,1,5,0,0,,,28,,,5,,ED,,,,,,Z286118,03/06/2015,03/06/2015,I,1,,,,,,,,,,,,,,,,,,,,,,,,,,,,,,,,,,
6100,2015,445,YAR,BLUTI,1,8,,0,,,27,50,,0,,NE,,,,,,D636802,16/05/2015,09/05/2014,S,2,04/06/2015,Z286501,Z286502,Z286503,Z286504,,,,,,,,8.62,,9.12,,7.78,,9.33,,,,,,,,,,,,,,,
6101,2015,446,YAR,GRETI,1,5,,2,,,27,52,,0,,NE,,,,,,Z286119,03/06/2015,03/06/2015,I,1,09/06/2015,TX70727,TX70728,,,,,,,,,,16.86,,16.64,,,,,,,,,,,,,,,,,,,
6102,2015,447,YAR,PIEFL,1,7,6,6,,31.5,38,58,,1,,NE,D637359,03/06/2015,01/06/2014,R,1,D637422,16/05/2015,03/06/2014,R,1,09/06/2015,Z286574,Z286575,Z286576,Z286577,Z286578,Z286579,,,,,,14.59,,14.89,,14.13,,14.86,,14.79,,13.87,,,,,,,,,,,
6103,2015,448,YAR,GRETI,1,7,,0,,,33,55,,0,,NE,,,,,,,,,,,,,,,,,,,,,,,,,,,,,,,,,,,,,,,,,,,,
6104,2015,450,YAR,PIEFL,1,8,8,7,,21,32,52,,0,,NE,D543195,01/06/2015,17/06/2013,S,3,D140543,29/05/2015,29/05/2013,S,3,03/06/2015,Z286480,Z286481,Z286482,Z286483,Z286484,Z286485,Z286486,Z286487,,,,12.19,,12.97,,12.3,,11.59,,13.02,,12.81,,11.63,,12.12,,,,,,,
6105,2015,451,YAR,BLUTI,1,7,,6,,,15,37,,0,,NE,,,,,,Y369101,16/05/2015,05/05/2012,S,4,22/05/2015,Z286127,Z286128,Z286129,Z286130,Z286131,Z286132,,,,,,12.7,,12.4,,12.5,,10,,11.7,,11.9,,,,,,,,,,,
6106,2015,452,YAR,PIEFL,1,7,,2,,10.5,43,63,,4,,NE,Z286580,09/06/2015,09/06/2015,I,1,Z286126,02/06/2015,02/06/2015,I,1,14/06/2015,Z286773,Z286774,,,,,,,,,,14.7,,14.2,,,,,,,,,,,,,,,,,,,
6107,2015,453,YAR,BLUTI,1,10,10,9,,,22,43,,0,,NE,V143815,05/03/2014,05/03/2014,I,3,,,,,,28/05/2015,Z286331,Z286332,Z286333,Z286334,Z286335,Z286336,Z286337,Z286338,Z286339,Z286340,,5.62,,9.95,,10.03,,11.01,,10.35,,9.95,,10.16,,9.32,,9.82,,9.9,,,
6108,2015,456,YAR,BLUTI,1,8,0,0,,,30,,,8,,ED,,,,,,Z286120,03/06/2015,03/06/2015,I,1,,,,,,,,,,,,,,,,,,,,,,,,,,,,,,,,,,
6109,2015,457,YAR,PIEFL,1,7,7,7,,14,36,56,,0,,NE,D637611,02/06/2015,13/06/2014,I,1,Z286220,16/05/2015,16/05/2015,I,1,07/06/2015,Z286720,Z286721,Z286722,Z286723,Z286724,Z286725,Z286726,,,,,12.55,,12.64,,9.11,,12.82,,10.87,,12.91,,11.72,,,,,,,,,
6110,2015,458,YAR,BLUTI,1,8,4,4,,,19,42,,4,,NE,V143728,05/03/2014,05/03/2014,I,2,V143832,16/05/2015,01/02/2015,I,1,27/05/2015,Z286319,Z286320,Z286321,Z286322,,,,,,,,11.39,,12.1,,10.13,,10.55,,,,,,,,,,,,,,,
6111,2015,460,YAR,BLUTI,1,10,,5,,,20,44,,0,,NE,,,,,,D543137,29/05/2015,12/06/2013,S,2,29/05/2015,Z286356,Z286357,Z286358,Z286359,Z286360,,,,,,,11.27,,11.32,,10.2,,11.17,,10.39,,,,,,,,,,,,,
6112,2015,461,YAR,PIEFL,1,6,6,6,,17.5,28,47,,0,,NE,D140786,24/05/2015,06/06/2013,R,2,D637453,16/05/2015,04/06/2014,R,1,29/05/2015,Z286350,Z286351,Z286352,Z286353,Z286354,Z286355,,,,,,13.67,16.5,13.11,17.4,12.35,17,12.75,,13.13,,13.85,,,,,,,,,,,
6113,2015,462,YAR,BLUTI,1,10,,4,,,21,46,,0,,NE,V143718,05/03/2014,05/03/2014,I,2,,,,,,31/05/2015,Z286288,Z286289,Z286290,Z286291,,,,,,,,10.2,,10.65,,8.6,,10.35,,,,,,,,,,,,,,,
6114,2015,HIDE1A,YAR,BLUTI,1,7,,4,,,24,45,,0,,NE,,,,,,V143190,02/05/2015,16/02/2011,S,5,30/05/2015,Z286269,Z286270,Z286271,Z286272,,,,,,,,11.95,,11.63,,11.7,,11.75,,,,,,,,,,,,,,,
6115,2015,HIDE1B,YAR,PIEFL,1,6,6,4,,28,42,60,,0,,NE,D543033,08/06/2015,10/06/2013,S,2,D637471,04/06/2015,05/06/2014,S,2,11/06/2015,Z286810,Z286811,Z286812,Z286813,Z286814,,,,,,,13.06,,12.12,,12.98,,12.8,,12.53,,,,,,,,,,,,,
6116,2015,HIDE1C,YAR,BLUTI,1,5,0,0,,,28,,,4,,ED,,,,,,V143936,01/05/2015,07/03/2015,I,2,,,,,,,,,,,,,,,,,,,,,,,,,,,,,,,,,,
6117,2015,HIDE1D,YAR,PIEFL,1,6,,4,,28,40,58,,1,,NE,Y982018,04/06/2015,13/06/2012,S,3,Y369232,21/05/2015,05/06/2012,S,3,09/06/2015,Z286581,Z286582,Z286583,Z286584,,,,,,,,14.81,,14.32,,13.98,,14.03,,,,,,,,,,,,,,,
6118,2015,HIDE5,YAR,BLUTI,1,8,,6,,,18,38,,0,,NE,Z286136,25/05/2015,25/05/2015,I,1,Z286104,25/04/2015,25/04/2015,I,1,23/05/2015,Z286304,Z286305,Z286306,Z286307,Z286308,Z286309,,,,,,9.15,,10.47,,7.91,,7.43,,11.31,,9.44,,,,,,,,,,,
6119,2015,HIDE9,YAR,BLUTI,1,6,,0,,,21,,,0,,EP,,,,,,Z286103,25/04/2015,25/04/2015,I,1,,,,,,,,,,,,,,,,,,,,,,,,,,,,,,,,,,
6120,2016,1,BVW,PIEFL,1,7,,6,,20.5,36,56,,,,NE,Z765534,06/06/2016,06/06/2016,I,1,Z765439,06/06/2016,06/06/2016,I,1,06/06/2016,Z765553,Z765554,Z765555,Z765556,Z765557,Z765558,,,,,,15.07,,15.45,,16.47,,15.52,,14.81,,14.74,,,,,,,,,,,
6121,2016,2,BVW,PIEFL,1,7,6,6,,30,41,61,,1,,NE,ringed left,,,,,Z765535,06/06/2016,06/06/2016,I,1,14/06/2016,Z765968,Z765969,Z765970,Z765971,Z765972,Z765973,,,,,,,,,,,,,,,,,,,,,,,,,,,
6122,2016,3,BVW,PIEFL,1,7,,6,,20.5,37,56,,,,NE,,,,,,D637198,27/05/2016,28/05/2014,S,3,06/06/2016,Z765547,Z765548,Z765549,Z765550,Z765551,Z765552,,,,,,14.5,,15.33,,15.07,,15.31,,14.18,,15.37,,,,,,,,,,,
6123,2016,4,BVW,GRETI,1,6,6,6,,,37,,,,,NE,,,,,,,,,,,,,,,,,,,,,,,,,,,,,,,,,,,,,,,,,,,,
6124,2016,5,BVW,BLUTI,1,9,9,9,,,30,54,,0,,NE,,,,,,,24/05/2016,,,,,,,,,,,,,,,,,,,,,,,,,,,,,,,,,,,,,
6125,2016,6,BVW,PIEFL,1,7,7,7,,20.5,42,63,,0,,NE,,,,,,,,,,,13/06/2016,Z765961,Z765962,Z765963,Z765964,Z765965,Z765966,Z765967,,,,,,,,,,,,,,,,,,,,,,,,,,
6126,2016,7,BVW,PIEFL,1,7,,5,,33.5,57,,,1,,NE,,,,,,Z286645,27/05/2016,03/06/2015,R,1,27/06/2016,S209604,S209605,S209606,S209607,,,,,,,,,,,,,,,,,,,,,,,,,,,,,
6127,2016,8,BVW,PIEFL,1,7,7,7,,20.5,37,56,,0,,NE,Z765539,06/06/2016,06/06/2016,I,1,Z286287,06/06/2016,31/05/2015,R,1,06/06/2016,Z765540,Z765541,Z765542,Z765543,Z765544,Z765545,Z765546,,,,,14.78,,14.99,,15.51,,15.61,,14.64,,15.27,,16.03,,,,,,,,,
6128,2016,9,BVW,PIEFL,1,7,7,7,,,41,61,,0,,NE,,,,,,L327392,24/05/2016,01/06/2011,S,5,13/06/2016,Z765694,Z765695,Z765696,Z765697,Z765698,Z765699,Z765700,,,,,15.45,18,13.74,17.7,13.39,17.6,14.55,18.1,15.43,18,14.54,17.5,14.38,17.6,,,,,,,,
6129,2016,10,BVW,GRETI,1,,,7,,,31,54,,,,NE,,,,,,Z765433,24/05/2016,24/05/2016,I,1,,,,,,,,,,,,,,,,,,,,,,,,,,,,,,,,,,
6130,2016,11,BVW,PIEFL,1,7,,6,,20.5,39,60,,,,NE,Z765693,13/06/2016,13/06/2016,I,1,Z765437,24/05/2016,24/05/2016,I,1,13/06/2016,Z765689,Z765690,Z765691,Z765692,,,,,,,,13.34,18.6,13.8,16.8,15.1,17.3,12.74,17.8,,,,,,,,,,,,,,
6131,2016,13,BVW,BLUTI,1,,,11,,17,30,54,11,,,NE,,,,,,,,,,,,,,,,,,,,,,,,,,,,,,,,,,,,,,,,,,,,
6132,2016,14,BVW,PIEFL,1,8,8,8,,27.5,40,61,,0,,NE,Z286397,13/06/2016,29/05/2015,S,2,D637441,13/06/2016,04/06/2014,R,2,13/06/2016,Z765681,Z765682,Z765683,Z765684,Z765685,Z765686,Z765687,Z765688,,,,14.56,17.2,13.79,17.2,14.66,17.1,14.76,17.9,14.55,17.6,15.1,17.3,10.06,17.7,14.31,17.6,,,,,,
6133,2016,15,BVW,PIEFL,1,7,6,6,,33.5,42,61,,1,,NE,Z765676,13/06/2016,13/06/2016,I,1,,,,,,13/06/2016,Z765674,Z765675,Z765677,Z765678,Z765679,Z765680,,,,,,15.56,18,15.23,17.9,14.76,17.7,15.18,17.5,14.54,17.3,14.47,17.5,,,,,,,,,,
6134,2016,16,BVW,GRETI,1,8,8,8,,,36,,,0,,NE,,,,,,,,,,,,,,,,,,,,,,,,,,,,,,,,,,,,,,,,,,,,
6135,2016,17,BVW,PIEFL,1,7,7,7,,30,40,59,,0,,NE,D637321,06/06/2016,31/05/2014,S,2,D636767,24/05/2016,09/05/2014,S,3,06/06/2016,Z765523,Z765524,Z765525,Z765526,Z765527,Z765528,Z765529,,,,,13.49,,13.4,,14.05,,14,,13.13,,11.07,,13.09,,,,,,,,,
6136,2016,18,BVW,PIEFL,1,7,7,7,,27.5,40,59,,0,,NE,Z286390,06/06/2016,29/05/2015,S,2,V143020,27/05/2016,03/06/2010,S,6,06/06/2016,Z765530,Z765531,Z765532,Z765533,Z765536,Z765537,Z765538,,,,,13.68,,13.54,,,,13.62,,14.26,,12.18,,13.98,,,,,,,,,
6137,2016,20,BVW,PIEFL,1,6,6,6,,12,42,60,,0,,NE,,,,,,Z765366,22/05/2016,22/05/2016,I,1,13/06/2016,Z765775,Z765776,Z765777,Z765783,Z765784,Z765785,,,,,,13.5,17.3,13.76,17.9,13.21,17,13.14,17.2,13.22,18,13.83,17.8,,,,,,,,,,
6138,2016,21,BVW,BLUTI,1,7,6,6,,,24,48,,1,,NE,,,,,,,12/05/2016,,,,30/05/2016,Z765465,Z765466,Z765467,Z765468,Z765469,Z765470,,,,,,12.3,,12.4,,11.5,,11.9,,11.8,,12.3,,,,,,,,,,,
6139,2016,22,BVW,PIEFL,1,6,,5,,,44,,,,,NE,,,,,,Z002127,22/05/2016,07/06/2015,I,1,13/06/2016,Z765778,Z765779,Z765780,Z765781,Z765782,,,,,,,13.53,17.2,13.17,17.3,14.08,17.4,13.09,17,14.23,17.4,,,,,,,,,,,,
6140,2016,23,BVW,BLUTI,1,8,,4,,,17,50,,0,,NE,,,,,,,,,,,30/05/2016,Z765477,Z765478,Z765479,Z765480,Z765481,Z765482,,,,,,9.6,,9,,9.1,,6.6,,8.2,,8.5,,,,,,,,,,,
6141,2016,24,BVW,PIEFL,1,7,7,7,,33,44,66,,0,,NE,,,,,,Z765367,22/05/2016,22/05/2016,I,1,13/06/2016,Z765767,Z765768,Z765769,Z765770,Z765771,Z765772,Z765773,,,,,11.82,17.2,10.43,16.9,10.77,16.9,11.45,16.5,10.83,16.5,10.3,16.3,12.16,16.9,,,,,,,,
6142,2016,25,BVW,GRETI,1,5,,3,,,26,,,1,,NE,,,,,,,,,,,,,,,,,,,,,,,,,,,,,,,,,,,,,,,,,,,,
6143,2016,26,BVW,PIEFL,1,6,,3,,,48,70,,,,NE,D568991,13/06/2016,05/06/2015,I,1,Z765774,13/06/2016,13/06/2016,I,1,21/06/2016,S209545,S209546,S209547,,,,,,,,,13.14,,13.71,,12.39,,,,,,,,,,,,,,,,,
6144,2016,27,BVW,BLUTI,1,6,6,6,,,26,48,,0,,NE,,,,,,,,,,,30/05/2016,Z765471,Z765472,Z765473,Z765474,Z765475,Z765476,,,,,,11.4,,11.1,,11.1,,11,,11.7,,11.4,,,,,,,,,,,
6145,2016,29,BVW,GRETI,1,5,,4,,,29,48,,0,,NE,,,,,,,,,,,26/05/2016,TX70770,TX70771,TX70772,TX70773,,,,,,,,,,,,,,,,,,,,,,,,,,,,,
6146,2016,31,BVW,PIEFL,1,7,,6,,19,45,66,,,,NE,Z286941,13/06/2016,05/07/2015,R,1,Z765365,22/05/2016,22/05/2016,I,1,13/06/2016,Z765786,Z765787,Z765788,Z765789,Z765790,Z765791,,,,,,12.87,16.8,13.5,16.2,13.65,16.8,13.92,17.2,13.76,17,12.36,16.3,,,,,,,,,,
6147,2016,32,BVW,BLUTI,1,6,6,6,,12,21,47,,0,,NE,,,,,,,,,,,26/05/2016,Z765455,Z765456,Z765457,Z765458,Z765459,Z765460,,,,,,9.7,,11,,9.9,,11.2,,10.6,,10.7,,,,,,,,,,,
6148,2016,33,BVW,GRETI,1,5,5,5,,,35,53,,0,,NE,,,,,,,,,,,30/05/2016,TX70608,TX70609,TX70610,TX70611,TX70612,,,,,,,,,,,,,,,,,,,,,,,,,,,,
6149,2016,34,BVW,GRETI,1,4,,3,,,24,42,,,,NE,,,,,,,,,,,24/05/2016,TX70761,TX70762,TX70763,,,,,,,,,,,,,,,,,,,,,,,,,,,,,,
6150,2016,18A,BVW,BLUTI,1,10,,8,,27.5,,58,,,,NE,,,,,,Z765434,24/05/2016,24/05/2016,I,1,,,,,,,,,,,,,,,,,,,,,,,,,,,,,,,,,,
6151,2016,18B,BVW,BLUTI,1,10,,9,,,34,,,,,NE,,,,,,Z765435,24/05/2016,24/05/2016,I,1,,,,,,,,,,,,,,,,,,,,,,,,,,,,,,,,,,
6152,2016,18C,BVW,PIEFL,1,7,7,7,,27.5,40,60,,0,,NE,,,,,,Z765461,27/05/2016,27/05/2016,I,1,14/06/2016,Z765954,Z765955,Z765956,Z765957,Z765958,Z765959,Z765960,,,,,,,,,,,,,,,,,,,,,,,,,,
6153,2016,18E,BVW,GRETI,1,,,,,,36,52,,,,NE,,,,,,,,,,,,,,,,,,,,,,,,,,,,,,,,,,,,,,,,,,,,
6154,2016,18F,BVW,PIEFL,1,7,,4,,,42,61,,1,,NE,D637246,10/06/2016,30/05/2014,R,2,Z286497,24/05/2016,04/06/2015,R,1,13/06/2016,Z765792,Z765793,Z765794,Z765795,,,,,,,,13.74,17.2,15.1,18,14.41,17.7,14.71,18,,,,,,,,,,,,,,
6155,2016,18G,BVW,PIEFL,1,7,7,7,,,43,61,,0,,NE,D637445,10/06/2016,04/06/2014,S,2,Z286528,22/05/2016,05/06/2015,R,1,13/06/2016,Z765643,Z765644,Z765796,Z765797,Z765798,Z765799,Z765800,,,,,14.01,17.6,12.95,16.6,13.07,16.6,12,16.9,13.24,17.4,12.57,16.8,13.09,16.8,,,,,,,,
6156,2016,18H,BVW,GRETI,1,6,0,0,,,47,,,6,,ED,,,,,,Z765429,24/05/2016,24/05/2016,I,1,,,,,,,,,,,,,,,,,,,,,,,,,,,,,,,,,,
6157,2016,18I,BVW,PIEFL,1,6,6,6,,26,40,58,,0,,NE,L261742,10/06/2016,03/06/2010,S,6,Z286623,24/05/2016,01/06/2015,S,2,10/06/2016,Z765761,Z765762,Z765763,Z765764,Z765765,Z765766,,,,,,14.23,17.3,15.13,17.2,15.32,17.1,14.77,17.6,15.81,16.2,15.57,17.3,,,,,,,,,,
6158,2016,18J,BVW,BLUTI,1,9,9,7,,22.5,37,58,,0,,NE,,,,,,Z765454,27/05/2016,27/05/2016,I,1,,,,,,,,,,,,,,,,,,,,,,,,,,,,,,,,,,
6159,2016,18K,BVW,GRETI,1,6,6,6,,,23,47,,0,,NE,,,,,,,,,,,30/05/2016,TX70604,TX70605,TX70606,TX70607,TX70774,TX70775,,,,,,,,,,,,,,,,,,,,,,,,,,,
6160,2016,1,NEA,BLUTI,1,9,0,0,,,33,,,9,,ED,,,,,,Z286209,24/05/2016,14/05/2015,S,2,,,,,,,,,,,,,,,,,,,,,,,,,,,,,,,,,,
6161,2016,2,NEA,GRETI,1,7,7,7,,,29,,,0,,NE,,,,,,Z765368,22/05/2016,22/05/2016,I,1,,,,,,,,,,,,,,,,,,,,,,,,,,,,,,,,,,
6162,2016,3,NEA,PIEFL,1,7,7,7,15.5,31,42,61,,0,,NE,L351768,07/06/2016,03/06/2014,S,3,D637118,22/05/2016,26/05/2014,S,3,12/06/2016,Z765929,Z765930,Z765931,Z765932,Z765933,Z765934,Z765935,,,,,14.72,,14.21,,14.45,,13.57,,13.79,,14.17,,13.81,,,,,,,,,
6163,2016,4,NEA,GRETI,1,7,,4,,,36,,,0,,NE,,,,,,Z765418,14/05/2016,14/05/2016,I,1,,,,,,,,,,,,,,,,,,,,,,,,,,,,,,,,,,
6164,2016,5,NEA,GRETI,1,7,6,6,,,31,,,1,,NE,,,,,,Z286210,14/05/2016,14/05/2015,S,2,,,,,,,,,,,,,,,,,,,,,,,,,,,,,,,,,,
6165,2016,6,NEA,PIEFL,1,7,7,7,11.5,31,42,61,,0,,NE,D637362,15/04/2016,01/06/2014,S,2,D636784,06/06/2016,13/05/2014,S,3,12/06/2016,Z765922,Z765923,Z765924,Z765925,Z765926,Z765927,Z765928,,,,,15.45,,14.55,,15.07,,15.61,,16.01,,15.84,,15.15,,,,,,,,,
6166,2016,7,NEA,BLUTI,1,11,10,10,,,,,,1,,NE,,,,,,Z765419,14/05/2016,14/05/2016,I,1,,,,,,,,,,,,,,,,,,,,,,,,,,,,,,,,,,
6167,2016,8,NEA,PIEFL,1,8,8,8,11.5,31,40,60,,0,,NE,D637187,04/06/2016,28/05/2014,S,3,L857058,22/05/2016,30/05/2011,S,5,11/06/2016,Z765825,Z765826,Z765827,Z765828,Z765829,Z765830,Z765831,Z765832,,,,14.3,,15.4,,15.32,,14.52,,15.72,,14.93,,15.21,,15.19,,,,,,,
6168,2016,9,NEA,PIEFL,1,7,,6,11.5,19,41,60,,0,,NE,D140941,03/06/2016,08/06/2013,S,3,Z765373,23/05/2016,23/05/2016,I,1,11/06/2016,Z765833,Z765834,Z765835,Z765836,Z765837,Z765838,,,,,,14.77,,14.09,,15.03,,14.75,,14.7,,14.42,,,,,,,,,,,
6169,2016,10,NEA,BLUTI,1,8,,0,,,35,57,,0,,JD,,,,,,Z765383,27/05/2016,27/05/2016,I,1,,,,,,,,,,,,,,,,,,,,,,,,,,,,,,,,,,
6170,2016,11,NEA,BLUTI,1,6,4,4,,,34,,,2,,NE,,,,,,,,,,,,,,,,,,,,,,,,,,,,,,,,,,,,,,,,,,,,
6171,2016,12,NEA,PIEFL,1,7,7,7,15.5,27,43,63,,0,,NE,Z286590,09/06/2016,09/06/2015,R,1,Z765374,23/05/2016,23/05/2016,I,1,14/06/2016,Z765974,Z765975,Z765976,Z765977,Z765978,Z765979,Z765980,,,,,15.01,,13.73,,14.48,,14.93,,14.25,,14.02,,14.37,,,,,,,,,
6172,2016,13,NEA,PIEFL,1,6,,4,15.5,31,39,57,,0,,NE,Z286631,16/04/2016,01/06/2015,S,2,D637293,23/05/2016,30/05/2014,S,2,08/06/2016,Z765815,Z765816,Z765817,Z765818,,,,,,,,14.31,,15.27,,15.51,,15.3,,,,,,,,,,,,,,,
6173,2016,14,NEA,GRETI,1,8,,5,,,44,,,,,NE,,,,,,,,,,,,,,,,,,,,,,,,,,,,,,,,,,,,,,,,,,,,
6174,2016,15,NEA,BLUTI,1,10,10,10,,,40,,,0,,NE,,,,,,,,,,,,,,,,,,,,,,,,,,,,,,,,,,,,,,,,,,,,
6175,2016,16,NEA,PIEFL,1,8,,6,11.5,23,39,60,,1,,NE,D637189,04/06/2016,28/05/2014,S,3,L555966,22/05/2016,28/05/2011,S,6,11/06/2016,Z765839,Z765840,Z765841,Z765842,Z765843,Z765844,,,,,,15.2,,15.92,,15.18,,16.23,,15.65,,15.49,,,,,,,,,,,
6176,2016,17,NEA,PIEFL,1,7,,6,14.5,23,42,62,,0,,NE,D637509,07/04/2016,05/06/2014,R,2,Z286285,23/05/2016,31/05/2015,R,1,13/06/2016,Z765948,Z765949,Z765950,Z765951,Z765952,Z765953,,,,,,14.51,,13.91,,14.98,,14.1,,13.98,,14.6,,,,,,,,,,,
6177,2016,18,NEA,GRETI,1,6,6,5,,,35,55,,1,,NE,,,,,,Z765420,14/05/2016,14/05/2016,I,1,,,,,,,,,,,,,,,,,,,,,,,,,,,,,,,,,,
6178,2016,20,NEA,PIEFL,1,6,6,6,14.5,19,39,57,,0,,NE,Z765396,04/06/2016,04/06/2016,I,1,D140831,22/05/2016,08/06/2013,S,3,09/06/2016,Z765819,Z765820,Z765821,Z765822,Z765823,Z765824,,,,,,16.06,,15.4,,14.71,,15.93,,14.96,,15.96,,,,,,,,,,,
6179,2016,FOXWTY,NEA,PIEFL,1,7,7,7,,,45,64,,0,,NE,Z765986,15/06/2016,15/06/2016,I,1,Z286650,15/06/2016,03/06/2015,R,1,15/06/2016,Z765982,Z765983,Z765984,Z765985,Z765987,Z765988,Z765989,,,,,13.7,,13.7,,14,,14.7,,13.9,,13.7,,13.8,,,,,,,,,
6180,2016,102,YAR,PIEFL,1,7,0,0,22.5,22.5,40,,,1,,EP,,,,,,,,,,,,,,,,,,,,,,,,,,,,,,,,,,,,,,,,,,,,
6181,2016,103,YAR,PIEFL,2,,0,0,22.5,45.5,57,,1,1,,ED,,,,,,,,,,,,,,,,,,,,,,,,,,,,,,,,,,,,,,,,,,,,
6182,2016,109,YAR,BLUTI,1,7,0,0,,,40,,,7,,ED,,,,,,D636776,25/05/2016,11/05/2014,S,3,,,,,,,,,,,,,,,,,,,,,,,,,,,,,,,,,,
6183,2016,112,YAR,REDST,2,5,0,0,,,58,,,5,,ED,,,,,,Z765517,03/06/2016,03/06/2016,I,1,,,,,,,,,,,,,,,,,,,,,,,,,,,,,,,,,,
6184,2016,114,YAR,BLUTI,1,8,,0,,,28,49,,2,,JD,,,,,,unringed,,,,,,,,,,,,,,,,,,,,,,,,,,,,,,,,,,,,,,
6185,2016,115,YAR,REDST,1,4,0,0,,,38,,,4,,ED,,,,,,,,,,,,,,,,,,,,,,,,,,,,,,,,,,,,,,,,,,,,
6186,2016,116,YAR,BLUTI,1,11,,3,,,26,50,,2,,NE,Z765518,03/06/2016,03/06/2016,I,1,Z286101,03/06/2016,25/04/2015,S,2,04/06/2016,Z765393,Z765394,Z765395,,,,,,,,,9.35,,8.3,,8.8,,,,,,,,,,,,,,,,,
6187,2016,119,YAR,BLUTI,1,8,,5,,,26,48,,1,,NE,V143085,02/06/2016,25/01/2011,S,6,D140686,02/06/2016,08/06/2013,S,3,02/06/2016,Z765500,Z765501,Z765502,Z765503,Z765504,,,,,,,9.26,15.85,9.99,16.6,10.14,16.6,9.68,16.3,10.89,17.1,,,,,,,,,,,,
6188,2016,122,YAR,PIEFL,1,6,,4,,29.5,39,57,,0,,NE,Z286246,02/06/2016,30/05/2015,R,1,D140566,21/05/2016,23/05/2013,S,4,08/06/2016,Z765575,Z765576,Z765577,Z765578,Z765579,,,,,,,15.29,16.8,15.88,17,15.09,17.1,8.9,14.9,15.52,16.2,,,,,,,,,,,,
6189,2016,125,YAR,COATI,1,9,0,0,,,21,,,9,,ED,,,,,,unringed,,,,,,,,,,,,,,,,,,,,,,,,,,,,,,,,,,,,,,
6190,2016,127,YAR,BLUTI,1,14,,0,,,24,51,,0,,JD,,,,,,Z286303,26/05/2016,19/06/2015,S,2,,,,,,,,,,,,,,,,,,,,,,,,,,,,,,,,,,
6191,2016,129,YAR,BLUTI,1,5,0,0,,,42,,,5,,ED,,,,,,,,,,,,,,,,,,,,,,,,,,,,,,,,,,,,,,,,,,,,
6192,2016,201,YAR,GRETI,1,6,0,0,,,36,,,6,,JP,,,,,,D636754,01/05/2016,07/05/2014,S,2,,,,,,,,,,,,,,,,,,,,,,,,,,,,,,,,,,
6193,2016,202,YAR,PIEFL,1,6,,4,11,26,42,61,,0,,NE,Z765399,05/06/2016,05/06/2016,I,1,D637247,23/05/2016,30/05/2014,S,2,12/06/2016,Z765884,Z765885,Z765886,Z765887,,,,,,,,12.25,,14.28,,13.01,,13.19,,,,,,,,,,,,,,,
6194,2016,204,YAR,GRETI,1,,0,0,,,54,,,0,,EP,,,,,,,,,,,,,,,,,,,,,,,,,,,,,,,,,,,,,,,,,,,,
6195,2016,205,YAR,PIEFL,1,6,5,5,18.5,26,43,61,,1,,NE,Z765398,05/06/2016,05/06/2016,I,1,Z765381,26/05/2016,26/05/2016,I,1,12/06/2016,Z765888,Z765889,Z765890,Z765891,Z765892,,,,,,,14.52,,14.38,,14.97,,14.29,,14.7,,,,,,,,,,,,,
6196,2016,206,YAR,BLUTI,1,6,0,0,,,40,,,6,,ED,,,,,,Z765425,23/05/2016,23/05/2016,I,1,,,,,,,,,,,,,,,,,,,,,,,,,,,,,,,,,,
6197,2016,209,YAR,PIEFL,1,7,,2,12,26,44,63,,0,,NE,D140624,07/06/2016,05/06/2013,S,4,Z286879,07/06/2016,26/06/2015,S,2,14/06/2016,S209525,,,,,,,,,,,12.95,16.5,,,,,,,,,,,,,,,,,,,,
6198,2016,211,YAR,PIEFL,1,7,,3,,22.5,37,56,,0,,NE,,,,,,Z286251,23/05/2016,30/05/2015,R,1,07/06/2016,Z765807,Z765808,Z765809,,,,,,,,,13.69,,13.56,,13.38,,,,,,,,,,,,,,,,,
6199,2016,212,YAR,BLUTI,1,9,9,0,,,25,49,,0,,JD,,,,,,unringed,,,,,,,,,,,,,,,,,,,,,,,,,,,,,,,,,,,,,,
6200,2016,214,YAR,GRETI,1,6,,0,,,42,60,,0,,JD,,,,,,Z765426,23/05/2016,23/05/2016,I,1,,,,,,,,,,,,,,,,,,,,,,,,,,,,,,,,,,
6201,2016,215,YAR,PIEFL,1,6,,5,18.5,33,43,61,,0,,NE,D637217,05/06/2016,29/05/2014,S,3,Z765427,23/05/2016,23/05/2016,I,1,12/06/2016,Z765893,Z765894,Z765895,Z765896,Z765897,,,,,,,13.71,,14.64,,13.7,,13.69,,13.68,,,,,,,,,,,,,
6202,2016,217,YAR,PIEFL,1,7,6,6,13.5,29.5,41,60,,1,,NE,D637537,05/06/2016,08/06/2014,R,2,D637200,21/05/2016,28/05/2014,R,2,11/06/2016,Z765845,Z765846,Z765847,Z765848,Z765849,Z765850,,,,,,15.3,,15.2,,14.15,,14.3,,14.5,,14.6,,,,,,,,,,,
6203,2016,218,YAR,BLUTI,1,9,0,0,,,34,,,9,,ED,,,,,,V143560,23/05/2016,27/02/2013,S,5,,,,,,,,,,,,,,,,,,,,,,,,,,,,,,,,,,
6204,2016,219,YAR,PIEFL,1,7,7,7,19.5,36.5,42,61,,0,,NE,V450208,05/06/2016,27/05/2011,S,5,Z286227,23/05/2016,08/06/2015,S,2,12/06/2016,Z765898,Z765899,Z765900,Z765901,Z765902,Z765903,Z765904,,,,,14.45,,13.79,,14.06,,14.31,,13.58,,14.51,,14.58,,,,,,,,,
6205,2016,220,YAR,BLUTI,1,7,,2,,,37,57,,1,,NE,L261714,10/06/2016,02/06/2010,S,5,V143577,26/05/2016,27/02/2013,S,5,11/06/2016,Z765851,Z765852,,,,,,,,,,11.4,,10.9,,,,,,,,,,,,,,,,,,,
6206,2016,222,YAR,BLUTI,1,,0,0,,,40,,,1,,EP,,,,,,,,,,,,,,,,,,,,,,,,,,,,,,,,,,,,,,,,,,,,
6207,2016,224,YAR,BLUTI,1,,0,0,,,34,,,0,,EP,,,,,,,,,,,,,,,,,,,,,,,,,,,,,,,,,,,,,,,,,,,,
6208,2016,226,YAR,BLUTI,1,7,2,0,,,36,55,,5,,JD,,,,,,unringed,,,,,,,,,,,,,,,,,,,,,,,,,,,,,,,,,,,,,,
6209,2016,228,YAR,PIEFL,1,7,,6,18.5,29.5,41,62,,0,,NE,L261873,08/06/2016,05/06/2010,S,6,Z765568,08/06/2016,08/06/2016,I,1,13/06/2016,Z765936,Z765937,Z765938,Z765939,Z765940,Z765941,,,,,,12.8,,13.4,,14.3,,13.7,,13.7,,13.4,,,,,,,,,,,
6210,2016,230,YAR,BLUTI,1,9,,0,,,25,51,,0,,JD,,,,,,V143876,26/05/2016,06/03/2015,I,2,,,,,,,,,,,,,,,,,,,,,,,,,,,,,,,,,,
6211,2016,231,YAR,BLUTI,1,9,,2,,,33,55,,0,,NE,,,,,,V143887,10/06/2016,06/03/2015,I,3,09/06/2016,Z765724,Z765725,Z765726,,,,,,,,,10.22,16,6.89,17.1,10.72,17,,,,,,,,,,,,,,,,
6212,2016,232,YAR,BLUTI,1,8,0,0,,,32,,,8,,ED,,,,,,Z765442,25/05/2016,25/05/2016,I,1,,,,,,,,,,,,,,,,,,,,,,,,,,,,,,,,,,
6213,2016,233,YAR,GRETI,1,6,,2,,,35,,,1,,NE,,,,,,Z765462,27/05/2016,27/05/2016,I,1,,,,,,,,,,,,,,,,,,,,,,,,,,,,,,,,,,
6214,2016,234,YAR,PIEFL,1,6,5,5,7,26,40,58,,1,,NE,D140987,13/06/2016,13/06/2013,S,4,Z286301,25/05/2016,31/05/2015,S,2,09/06/2016,Z765592,Z765593,Z765594,Z765596,Z765597,,,,,,,14.86,16.7,14.54,17.2,14.36,16.3,14.72,16.7,14.13,16.6,,,,,,,,,,,,
6215,2016,235,YAR,BLUTI,1,3,0,0,,,25,,,1,,EP,,,,,,unringed,,,,,,,,,,,,,,,,,,,,,,,,,,,,,,,,,,,,,,
6216,2016,237,YAR,PIEFL,1,7,5,5,12,22.5,43,63,,2,,NE,D005133,08/06/2016,28/05/2014,S,3,Z765382,26/05/2016,26/05/2016,I,1,14/06/2016,S209514,S209515,S209516,S209517,S209518,,,,,,,13.77,16.8,13.77,17.1,13.31,16.6,13.27,16.6,13.88,16.9,,,,,,,,,,,,
6217,2016,238,YAR,BLUTI,1,5,0,0,,,40,,,5,,ED,,,,,,Z286117,23/05/2016,03/06/2015,S,2,,,,,,,,,,,,,,,,,,,,,,,,,,,,,,,,,,
6218,2016,240,YAR,PIEFL,1,7,7,7,13.5,19,43,63,,0,,NE,Z765569,08/06/2016,08/06/2016,I,1,Z286228,27/05/2016,04/06/2015,S,2,14/06/2016,S209507,S209508,S209509,S209510,S209511,S209512,S209513,,,,,13.33,17,13.93,16.4,13.56,16.8,14.25,17.3,13.86,16.8,14.54,17,13.26,16.4,,,,,,,,
6219,2016,241,YAR,BLUTI,1,8,,3,,,35,55,,1,,NE,Z765591,09/06/2016,09/06/2016,I,1,V143541,23/05/2016,27/02/2013,S,5,09/06/2016,Z765588,Z765589,Z765590,,,,,,,,,10.88,16.4,10.81,15.7,12.19,17.3,,,,,,,,,,,,,,,,
6220,2016,242,YAR,GRETI,1,5,0,0,,,43,,,5,,ED,,,,,,,,,,,,,,,,,,,,,,,,,,,,,,,,,,,,,,,,,,,,
6221,2016,243,YAR,PIEFL,1,7,,6,23,29.5,42,63,,0,,NE,Z765595,09/06/2016,09/06/2016,I,1,D637422,23/05/2016,03/06/2014,S,2,14/06/2016,S209501,S209502,S209503,S209504,S209505,S209506,,,,,,13.81,17.2,13.57,17.6,12.65,,12.9,17.5,14.05,17.1,13.01,17.4,,,,,,,,,,
6222,2016,245,YAR,PIEFL,1,6,6,6,,29.5,41,59,,0,,NE,D637195,10/06/2016,28/05/2014,R,1,D636785,05/06/2016,14/05/2014,S,3,10/06/2016,Z765727,Z765728,Z765729,Z765730,Z765731,Z765732,,,,,,13.36,,13.59,,13.03,,12.2,,12.01,,12.73,,,,,,,,,,,
6223,2016,246,YAR,BLUTI,1,9,,0,,,35,56,,0,,EP,,,,,,D636970,23/05/2016,21/05/2014,S,2,,,,,,,,,,,,,,,,,,,,,,,,,,,,,,,,,,
6224,2016,248,YAR,PIEFL,1,7,,4,18.5,29.5,43,62,,2,,NE,Z286405,08/06/2016,01/06/2015,S,2,D543102,25/05/2016,12/06/2013,S,3,13/06/2016,Z765942,Z765943,Z765944,Z765945,,,,,,,,14.2,,14.2,,14.5,,14.8,,,,,,,,,,,,,,,
6225,2016,249,YAR,REDST,1,7,,5,,,37,56,,0,,NE,,,,,,Z286872,21/05/2016,22/06/2015,S,2,,,,,,,,,,,,,,,,,,,,,,,,,,,,,,,,,,
6226,2016,250,YAR,BLUTI,1,7,,0,,,30,51,,1,,JD,,,,,,V144321,26/05/2016,06/03/2016,I,1,,,,,,,,,,,,,,,,,,,,,,,,,,,,,,,,,,
6227,2016,302,YAR,PIEFL,1,7,,0,10,29.5,43,63,,0,,JP,D637470,06/06/2016,05/06/2014,S,3,D637070,23/05/2016,24/05/2014,S,3,,,,,,,,,,,,,,,,,,,,,,,,,,,,,,,,,,
6228,2016,303,YAR,BLUTI,1,8,,0,,,36,56,,0,,JD,,,,,,,,,,,,,,,,,,,,,,,,,,,,,,,,,,,,,,,,,,,,
6229,2016,307,YAR,PIEFL,1,7,,4,13.5,,40,60,,0,,NE,D454249,11/06/2016,05/06/2013,S,4,D061293,25/05/2016,07/06/2013,S,3,11/06/2016,Z765853,Z765854,Z765855,Z765856,,,,,,,,13.1,,12.7,,12.85,,13.25,,,,,,,,,,,,,,,
6230,2016,310,YAR,BLUTI,1,9,0,0,,,26,,,9,,ED,,,,,,D636916,26/05/2016,18/05/2014,R,2,,,,,,,,,,,,,,,,,,,,,,,,,,,,,,,,,,
6231,2016,314,YAR,PIEFL,1,7,,4,10,26,40,59,,1,,NE,Z286455,02/06/2016,06/06/2015,S,2,D543005,02/06/2016,10/06/2013,S,3,10/06/2016,Z765733,Z765734,Z765735,Z765736,,,,,,,,14.55,16.9,13.74,17.9,14.46,17.3,13.9,17.5,,,,,,,,,,,,,,
6232,2016,318,YAR,BLUTI,1,5,5,4,,,25,45,,0,,NE,V144334,30/05/2016,06/03/2016,I,1,D636994,26/05/2016,22/05/2014,R,2,30/05/2016,Z765483,Z765484,Z765485,Z765486,Z765487,,,,,,,10.66,,10.05,,9.98,,9.57,,10.18,,,,,,,,,,,,,
6233,2016,319,YAR,PIEFL,1,7,7,7,10,26,41,60,,0,,NE,D637572,07/06/2016,09/06/2014,R,2,D636969,07/06/2016,21/05/2014,S,3,11/06/2016,Z765857,Z765858,Z765859,Z765860,Z765861,Z765862,Z765863,,,,,14.9,,14.1,,12,,13.4,,12.5,,13,,11.9,,,,,,,,,
6234,2016,321,YAR,PIEFL,1,5,5,5,10,36.5,45,62,,0,,NE,Z765806,07/06/2016,07/06/2016,I,1,Z286832,23/05/2016,12/06/2015,R,1,13/06/2016,Z765656,Z765657,Z765658,Z765659,Z765660,,,,,,,14.04,16.7,14.55,16.7,13.86,17.2,13.86,16.9,13.81,16.5,,,,,,,,,,,,
6235,2016,323,YAR,PIEFL,1,7,,5,16,29.5,42,62,,0,,NE,D636811,06/06/2016,03/06/2014,R,2,Z765440,25/05/2016,25/05/2016,I,1,13/06/2016,Z765650,Z765651,Z765652,Z765653,Z765654,Z765655,,,,,,11.04,16.07,12.97,16.4,8.8,15.9,11.42,15.7,12.72,16.3,13.9,16.9,,,,,,,,,,
6236,2016,324,YAR,BLUTI,1,8,,1,,,27,48,,0,,NE,D636918,02/06/2016,18/05/2014,R,2,,,,,,02/06/2016,Z765505,Z765506,,,,,,,,,,10.11,16.9,8.23,15.2,,,,,,,,,,,,,,,,,,
6237,2016,326,YAR,BLUTI,1,,0,0,,,43,,,1,,ED,,,,,,,,,,,,,,,,,,,,,,,,,,,,,,,,,,,,,,,,,,,,
6238,2016,327,YAR,BLUTI,1,9,,0,,,33,54,,0,,JD,,,,,,D543072,23/05/2016,10/06/2013,S,3,,,,,,,,,,,,,,,,,,,,,,,,,,,,,,,,,,
6239,2016,328,YAR,PIEFL,1,8,8,7,12.5,26,41,61,,0,,NE,D637542,06/06/2016,08/06/2014,R,2,D637150,06/06/2016,27/05/2014,S,3,12/06/2016,Z765905,Z765906,Z765907,Z765908,Z765909,Z765910,Z765911,,,,,13.3,,12.55,,12.95,,13.65,,12.55,,13.8,,13.78,,,,,,,,,
6240,2016,331,YAR,BLUTI,1,7,,0,,,41,60,,1,,JD,,,,,,V144259,14/06/2016,05/03/2016,I,1,14/06/2016,S209536,,,,,,,,,,,8.5,14.6,,,,,,,,,,,,,,,,,,,,
6241,2016,332,YAR,PIEFL,1,7,,5,7,26,43,62,,0,,NE,Z765704,09/06/2016,09/06/2016,I,1,Z286302,07/06/2016,07/06/2015,S,2,13/06/2016,Z765645,Z765646,Z765647,Z765648,Z765649,,,,,,,11.98,16.6,13.13,16.8,12.06,16.3,13.43,16.6,12.98,16.9,,,,,,,,,,,,
6242,2016,333,YAR,PIEFL,1,6,5,5,,19,40,58,,1,,NE,Z765598,09/06/2016,09/06/2016,I,1,D637453,07/06/2016,04/06/2014,S,2,09/06/2016,Z765599,Z765600,Z765701,Z765702,Z765703,,,,,,,14.15,18,14.09,17.5,13.5,17.4,13.98,17.3,13.26,17.7,,,,,,,,,,,,
6243,2016,336,YAR,PIEFL,1,6,5,5,16,36.5,44,63,,1,,NE,Z286736,07/06/2016,07/06/2015,R,1,Y369126,23/05/2016,18/05/2012,S,5,14/06/2016,S209531,S209532,S209533,S209534,S209535,,,,,,,13.41,17.7,10.8,16.7,11.86,16.4,11.88,17.5,11.78,17,,,,,,,,,,,,
6244,2016,337,YAR,BLUTI,1,6,0,0,,,39,,,6,,ED,,,,,,V143936,25/05/2016,07/03/2015,S,3,,,,,,,,,,,,,,,,,,,,,,,,,,,,,,,,,,
6245,2016,339,YAR,BLUTI,1,7,,6,,,30,50,,0,,NE,V144006,03/06/2016,13/12/2015,I,2,Z765519,03/06/2016,03/06/2016,I,1,04/06/2016,Z765387,Z765388,Z765389,Z765390,Z765391,Z765392,,,,,,11.8,,13.1,,11.8,,11.2,,11.7,,10.5,,,,,,,,,,,
6246,2016,340,YAR,PIEFL,1,6,5,5,,19,40,59,,1,,NE,D637192,02/06/2016,28/05/2014,S,2,Z765362,21/05/2016,21/05/2016,I,1,10/06/2016,Z765738,Z765739,Z765740,Z765741,Z765742,,,,,,,13.04,16.4,13.52,16,11.11,15.6,13.53,16.9,13.63,16.8,,,,,,,,,,,,
6247,2016,342,YAR,NUTHA,1,5,1,0,,,,39,,4,,JD,,,,,,TS92993,26/05/2016,16/05/2015,S,2,,,,,,,,,,,,,,,,,,,,,,,,,,,,,,,,,,
6248,2016,344,YAR,PIEFL,1,7,,5,13.5,15.5,41,60,,0,,NE,D637643,06/06/2016,18/06/2014,S,2,Z286226,06/06/2016,30/05/2015,S,2,11/06/2016,Z765864,Z765865,Z765866,Z765867,Z765868,Z765869,,,,,,14.4,,8.6,,13.7,,14.35,,12.9,,13.3,,,,,,,,,,,
6249,2016,347,YAR,BLUTI,1,6,0,0,,,37,57,,6,,ED,,,,,,Z765464,27/05/2016,27/05/2016,I,1,,,,,,,,,,,,,,,,,,,,,,,,,,,,,,,,,,
6250,2016,348,YAR,PIEFL,1,7,,6,13.5,22.5,39,58,,0,,NE,D637436,02/06/2016,04/06/2014,S,3,Z765363,21/05/2016,21/05/2016,I,1,09/06/2016,Z765718,Z765719,Z765720,Z765721,Z765722,Z765723,,,,,,13.21,17,13.8,17.2,13.92,17,14.02,16.3,13.46,16.3,13.1,17.6,,,,,,,,,,
6251,2016,349,YAR,GRETI,1,5,0,0,,,60,79,,2,,ED,,,,,,D636777,01/06/2015,11/05/2014,S,3,,,,,,,,,,,,,,,,,,,,,,,,,,,,,,,,,,
6252,2016,351,YAR,PIEFL,1,7,,0,19,36.5,44,65,,0,,JD,,,,,,D543201,23/05/2016,15/06/2013,S,3,,,,,,,,,,,,,,,,,,,,,,,,,,,,,,,,,,
6253,2016,352,YAR,PIEFL,1,8,7,5,25.5,29.5,42,63,,1,,NE,D637367,07/06/2016,01/06/2014,R,2,Y369483,07/06/2016,11/06/2012,S,4,14/06/2016,S209526,S209527,S209528,S209529,S209530,,,,,,,12.68,16.4,13.51,17.1,13.95,17.4,13.71,16.1,11.65,16.5,,,,,,,,,,,,
6254,2016,354,YAR,BLUTI,1,5,0,0,,,25,,,5,,ED,,,,,,,,,,,,,,,,,,,,,,,,,,,,,,,,,,,,,,,,,,,,
6255,2016,401,YAR,BLUTI,1,8,0,0,,,45,,,8,,ED,Z286559,26/05/2016,08/06/2015,S,2,Y369124,25/05/2016,18/05/2012,S,5,,,,,,,,,,,,,,,,,,,,,,,,,,,,,,,,,,
6256,2016,403,YAR,NUTHA,1,6,6,6,,,,36,,0,,NE,,,,,,TX87188,22/04/2016,22/04/2016,I,1,,,,,,,,,,,,,,,,,,,,,,,,,,,,,,,,,,
6257,2016,405,YAR,BLUTI,1,10,,0,,,24,46,,0,,JD,,,,,,,,,,,,,,,,,,,,,,,,,,,,,,,,,,,,,,,,,,,,
6258,2016,406,YAR,BLUTI,1,7,,0,,,35,54,,0,,JD,,,,,,Z765428,24/05/2016,24/05/2016,I,1,,,,,,,,,,,,,,,,,,,,,,,,,,,,,,,,,,
6259,2016,408,YAR,PIEFL,1,5,5,3,18.5,36.5,44,62,,0,,NE,Z765567,08/06/2016,08/06/2016,I,1,Z765421,19/05/2016,19/05/2016,I,1,13/06/2016,Z765669,Z765670,Z765671,Z765672,Z765673,,,,,,,13.44,17.1,12.17,17.4,11.88,16.9,12.35,17.4,13.63,17.6,,,,,,,,,,,,
6260,2016,412,YAR,BLUTI,1,10,0,0,,,26,,,10,,ED,,,,,,unringed,,,,,,,,,,,,,,,,,,,,,,,,,,,,,,,,,,,,,,
6261,2016,413,YAR,PIEFL,1,7,7,6,10.5,19,40,59,,0,,NE,Z765397,05/06/2016,05/06/2016,I,1,D543079,05/06/2016,11/06/2013,S,3,10/06/2016,Z765754,Z765755,Z765756,Z765757,Z765758,Z765759,Z765760,,,,,11.78,16.7,12.74,16.9,12.8,17.2,11.73,17.1,11.68,16.9,12.22,16.8,12.48,18.1,,,,,,,,
6262,2016,415,YAR,BLUTI,1,8,,3,,,25,48,,0,,NE,D637943,02/06/2016,24/01/2015,I,2,D636983,02/06/2016,22/05/2014,R,2,02/06/2016,Z765497,Z765498,Z765499,,,,,,,,,8.14,,7.77,,9.69,,,,,,,,,,,,,,,,,
6263,2016,416,YAR,PIEFL,1,,0,0,10.5,19,42,,,1,,EP,Z286738,14/04/2016,07/06/2015,S,2,Z286731,14/04/2016,07/06/2015,R,1,,,,,,,,,,,,,,,,,,,,,,,,,,,,,,,,,,
6264,2016,418,YAR,BLUTI,1,8,0,0,,,31,,,8,,ED,,,,,,,,,,,,,,,,,,,,,,,,,,,,,,,,,,,,,,,,,,,,
6265,2016,419,YAR,PIEFL,1,7,,6,20.5,29.5,41,60,,0,,NE,Z765805,07/06/2016,07/06/2016,I,1,Z286654,07/06/2016,03/06/2015,R,1,11/06/2016,Z765878,Z765879,Z765880,Z765881,Z765882,Z765883,,,,,,14.2,,13.6,,13.9,,14.4,,13.6,,14.7,,,,,,,,,,,
6266,2016,422,YAR,PIEFL,1,7,,6,10.5,22.5,38,57,,0,,NE,Z286738,02/06/2016,07/06/2015,S,2,D543221,21/05/2016,17/06/2013,S,3,08/06/2016,Z765580,Z765581,Z765582,Z765583,Z765584,Z765585,,,,,,13.77,17.1,14.27,17.4,13.87,17.1,13.15,16.6,12.47,15.8,13.51,17.4,,,,,,,,,,
6267,2016,423,YAR,BLUTI,1,8,0,0,,,25,,,8,,NE,,,,,,D636709,26/05/2016,26/04/2014,S,3,,,,,,,,,,,,,,,,,,,,,,,,,,,,,,,,,,
6268,2016,426,YAR,BLUTI,1,9,,0,,,32,53,,0,,JD,,,,,,,,,,,,,,,,,,,,,,,,,,,,,,,,,,,,,,,,,,,,
6269,2016,428,YAR,BLUTI,1,5,3,3,,,30,48,,2,,NE,Z286163,03/06/2016,27/05/2015,S,2,D140508,26/05/2016,16/05/2013,S,4,02/06/2016,Z765507,Z765508,Z765509,,,,,,,,,12.01,16.4,11.04,16.7,12.12,16.8,,,,,,,,,,,,,,,,
6270,2016,429,YAR,BLUTI,1,7,0,0,,,32,,,7,,ED,,,,,,Z286464,26/05/2016,02/06/2015,R,1,,,,,,,,,,,,,,,,,,,,,,,,,,,,,,,,,,
6271,2016,430,YAR,BLUTI,1,8,,4,,,37,57,,1,,NE,,,,,,V144242,26/05/2016,05/03/2016,I,1,11/06/2016,Z765870,Z765871,Z765872,Z765873,,,,,,,,10.1,,7.25,,9.9,,9,,,,,,,,,,,,,,,
6272,2016,431,YAR,GRETI,1,7,,5,,,24,43,,0,,NE,,,,,,V143847,26/05/2016,01/02/2015,I,3,26/05/2016,TX70765,TX70766,TX70767,TX70768,TX70769,,,,,,,,,,,,,,,,,,,,,,,,,,,,
6273,2016,432,YAR,PIEFL,1,7,7,7,,22.5,38,58,,0,,NE,D140811,02/06/2016,07/06/2013,S,3,D543239,02/06/2016,17/06/2013,S,3,09/06/2016,Z765705,Z765706,Z765707,Z765708,Z765709,Z765710,Z765711,,,,,15.47,17.5,14.69,17.7,15.31,18.6,13.7,17.6,14.54,18,14.23,18.9,14.34,17.6,,,,,,,,
6274,2016,433,YAR,BLUTI,1,9,0,0,,,24,,,9,,ED,,,,,,,,,,,,,,,,,,,,,,,,,,,,,,,,,,,,,,,,,,,,
6275,2016,434,YAR,BLUTI,1,7,0,0,,,26,,,7,,ED,,,,,,,,,,,,,,,,,,,,,,,,,,,,,,,,,,,,,,,,,,,,
6276,2016,435,YAR,PIEFL,1,6,5,0,27,,44,63,,1,,JD,,,,,,Z286524,25/05/2016,05/06/2015,R,1,,,,,,,,,,,,,,,,,,,,,,,,,,,,,,,,,,
6277,2016,437,YAR,BLUTI,1,7,,0,,,36,55,,0,,JD,,,,,,,,,,,,,,,,,,,,,,,,,,,,,,,,,,,,,,,,,,,,
6278,2016,438,YAR,BLUTI,1,6,,3,,,37,56,,0,,NE,V144278,05/03/2016,05/03/2016,I,1,V143817,26/05/2016,05/03/2014,I,3,10/06/2016,Z765743,Z765744,Z765745,Z765746,,,,,,,,10.19,16,11.21,17.5,10.84,17.7,8.38,14.9,,,,,,,,,,,,,,
6279,2016,441,YAR,PIEFL,1,8,8,8,10.5,19,35,56,,0,,NE,C437625,04/06/2016,03/06/2015,S,2,D637404,21/05/2016,03/06/2014,R,2,07/06/2016,Z765559,Z765560,Z765561,Z765562,Z765563,Z765564,Z765565,Z765566,,,,13.76,16.2,14.67,16.8,15.02,17.1,13.67,16.9,13.45,16.7,13.78,16.9,13.79,16.8,13.47,16.9,,,,,,
6280,2016,443,YAR,BLUTI,1,7,,0,,,40,60,,0,,JD,,,,,,Z286120,26/05/2016,03/06/2015,S,2,,,,,,,,,,,,,,,,,,,,,,,,,,,,,,,,,,
6281,2016,444,YAR,NUTHA,1,6,,0,,,23,48,,2,,JD,,,,,,unringed,,,,,,,,,,,,,,,,,,,,,,,,,,,,,,,,,,,,,,
6282,2016,447,YAR,PIEFL,1,7,,0,19.5,22.5,40,60,,0,,JD,Z286580,04/06/2016,09/06/2015,S,2,Z286684,25/05/2016,06/06/2015,R,1,,,,,,,,,,,,,,,,,,,,,,,,,,,,,,,,,,
6283,2016,450,YAR,PIEFL,1,7,,4,,22.5,40,60,,2,,NE,Z765386,04/06/2016,04/06/2016,I,1,D140620,21/05/2016,04/06/2013,R,3,11/06/2016,Z765874,Z765875,Z765876,Z765877,,,,,,,,13.5,,12.6,,13.2,,13,,,,,,,,,,,,,,,
6284,2016,451,YAR,BLUTI,1,6,,0,,,21,45,,0,,JD,,,,,,Y369101,26/05/2016,05/05/2012,S,5,,,,,,,,,,,,,,,,,,,,,,,,,,,,,,,,,,
6285,2016,452,YAR,BLUTI,1,6,5,0,,,40,58,,1,,JD,,,,,,,,,,,,,,,,,,,,,,,,,,,,,,,,,,,,,,,,,,,,
6286,2016,453,YAR,GRETI,1,7,0,0,,,26,,,7,,ED,,,,,,V143181,21/05/2016,16/02/2011,S,3,,,,,,,,,,,,,,,,,,,,,,,,,,,,,,,,,,
6287,2016,456,YAR,PIEFL,1,8,8,8,19.5,33,41,62,,0,,NE,Z765712,09/06/2016,09/06/2016,I,1,Z765443,25/05/2016,25/05/2016,I,1,13/06/2016,Z765661,Z765662,Z765663,Z765664,Z765665,Z765666,Z765667,Z765668,,,,12.48,17.5,13.97,17.7,13.79,17.2,13.39,17.7,11.95,16.9,14.18,17.2,13.27,17.1,12.83,16.5,,,,,,
6288,2016,458,YAR,BLUTI,1,8,,0,,,32,53,,0,,JP,,,,,,,,,,,,,,,,,,,,,,,,,,,,,,,,,,,,,,,,,,,,
6289,2016,459,YAR,BLUTI,1,9,0,0,,,25,,,9,,ED,,,,,,V143832,26/05/2016,01/02/2015,S,2,,,,,,,,,,,,,,,,,,,,,,,,,,,,,,,,,,
6290,2016,460,YAR,COATI,1,7,7,7,,,24,45,,0,,NE,,,,,,unringed,,,,,,,,,,,,,,,,,,,,,,,,,,,,,,,,,,,,,,
6291,2016,461,YAR,PIEFL,1,8,8,5,19.5,29.5,40,61,,0,,JD,Z765400,06/06/2016,06/06/2016,I,1,D636824,06/06/2016,03/06/2014,R,2,12/06/2016,Z765915,Z765916,Z765917,Z765918,Z765919,Z765920,Z765921,,,,,11.91,,8.42,,13.43,,10.31,,15.01,,14.75,,13.82,,,,,,,,,
6292,2016,462,YAR,PIEFL,1,7,,4,16,22.5,39,58,,0,,NE,Z765385,02/06/2016,02/06/2016,I,1,Z765364,21/05/2016,21/05/2016,I,1,09/06/2016,Z765713,Z765714,Z765715,Z765716,Z765717,,,,,,,10.75,16.6,12.35,17,9.1,17,11.54,16.9,12.14,17.3,,,,,,,,,,,,
6293,2016,463,YAR,PIEFL,1,5,5,5,19.5,29.5,40,59,,0,,NE,D637611,02/06/2016,13/06/2014,S,2,D637403,21/05/2016,03/06/2014,R,2,10/06/2016,Z765747,Z765748,Z765749,Z765750,Z765751,,,,,,,14.45,17,15.23,18,14.44,17.9,14.03,17.7,13.75,17.3,,,,,,,,,,,,
6294,2016,501,YAR,BLUTI,1,6,0,0,,,35,,,6,,ED,,,,,,unringed,,,,,,,,,,,,,,,,,,,,,,,,,,,,,,,,,,,,,,
6295,2016,503,YAR,PIEFL,1,6,,2,17.5,,45,64,,2,,NE,Z765586,09/06/2016,09/06/2016,I,1,Z286571,09/06/2016,09/06/2015,R,1,12/06/2016,Z765912,Z765913,Z765914,,,,,,,,,12.37,,10.01,,10.44,,,,,,,,,,,,,,,,,
6296,2016,504,YAR,BLUTI,1,5,0,0,,,55,,,5,,ED,,,,,,,,,,,,,,,,,,,,,,,,,,,,,,,,,,,,,,,,,,,,
6297,2016,506,YAR,BLUTI,1,8,,2,,,36,57,,0,,NE,,,,,,Z765445,25/05/2016,25/05/2016,I,1,,,,,,,,,,,,,,,,,,,,,,,,,,,,,,,,,,
6298,2016,510,YAR,GRETI,1,5,,0,,,36,54,,3,,JD,,,,,,,,,,,,,,,,,,,,,,,,,,,,,,,,,,,,,,,,,,,,
6299,2016,512,YAR,PIEFL,1,6,,0,,15.5,45,65,,0,,JD,Z765587,09/06/2016,09/06/2016,I,1,Z765444,09/06/2016,09/06/2016,I,1,,,,,,,,,,,,,,,,,,,,,,,,,,,,,,,,,,
6300,2016,513,YAR,BLUTI,1,9,0,0,,,25,,,9,,ED,,,,,,unringed,,,,,,,,,,,,,,,,,,,,,,,,,,,,,,,,,,,,,,
6301,2016,515,YAR,REDST,1,7,7,7,,,33,51,,0,,NE,Z765489,01/06/2016,01/06/2016,I,1,Z765496,01/06/2016,01/06/2016,I,1,01/06/2016,Z765488,Z765490,Z765491,Z765492,Z765493,Z765494,Z765495,,,,,,,,,,,,,,,,,,,,,,,,,,
6302,2016,516,YAR,PIEFL,1,5,,0,,26,46,64,,0,,JD,Z286481,09/06/2016,03/06/2015,R,1,Z765446,26/05/2016,26/05/2016,I,1,,,,,,,,,,,,,,,,,,,,,,,,,,,,,,,,,,
6303,2016,522,YAR,BLUTI,1,8,,3,,,34,54,,0,,NE,D543142,08/06/2016,13/06/2013,R,3,Z765572,08/06/2016,08/06/2016,I,1,08/06/2016,Z765570,Z765571,Z765573,Z765574,,,,,,,,9.88,17.1,9.36,16,10.31,15.9,10.29,15.9,,,,,,,,,,,,,,
6304,2016,525,YAR,GRETI,1,6,,0,,,24,46,,0,,JD,,,,,,unringed,,,,,,,,,,,,,,,,,,,,,,,,,,,,,,,,,,,,,,
6305,2016,526,YAR,BLUTI,1,7,,2,,,23,48,,0,,NE,Z765515,02/06/2016,02/06/2016,I,1,Z765516,02/06/2016,02/06/2016,I,1,02/06/2016,Z765510,Z765511,Z765512,Z765513,Z765514,,,,,,,8.03,16.4,9.18,16.1,7.97,16.6,8.95,17.45,9.81,17,,,,,,,,,,,,
6306,2016,212A,YAR,PIEFL,1,7,,5,18.5,36.5,44,64,,0,,NE,Z286728,07/06/2016,07/06/2015,R,1,Z765810,07/06/2016,07/06/2016,I,1,15/06/2016,Z765990,Z765991,Z765992,Z765993,Z765994,Z765995,,,,,,11.27,,11.41,,9.55,,11,,10,,8.35,,,,,,,,,,,
6307,2016,212C,YAR,NUTHA,1,6,6,5,,,36,59,,0,,NE,,,,,,TX70764,26/05/2016,26/05/2016,I,1,,,,,,,,,,,,,,,,,,,,,,,,,,,,,,,,,,
6308,2016,212D,YAR,BLUTI,1,8,,2,,,40,60,,0,,NE,D636934,14/06/2016,18/05/2014,R,2,Z765441,25/05/2016,25/05/2016,I,1,14/06/2016,S209523,S209524,,,,,,,,,,11.01,15.6,8.85,15.7,,,,,,,,,,,,,,,,,,
6309,2016,212E,YAR,PIEFL,1,6,,4,,36.5,45,63,,1,,NE,Z765811,07/06/2016,07/06/2016,I,1,Z765463,27/05/2016,27/05/2016,I,1,14/06/2016,S209519,S209520,S209521,S209522,,,,,,,,14.01,17.3,15.81,17.1,15.18,17.1,14.59,16.9,,,,,,,,,,,,,,
6310,2016,HIDE1D,YAR,BLUTI,1,5,,1,,,38,56,,0,,NE,Z765737,10/06/2016,10/06/2016,I,1,V144317,26/05/2016,06/03/2016,I,1,10/06/2016,Z765752,Z765753,,,,,,,,,,8.16,15.7,8.45,15,,,,,,,,,,,,,,,,,,
6311,2017,1,BVW,BLUTI,1,7,,3,,,14,,,4,,NE,,,,,,,,,,,,,,,,,,,,,,,,,,,,,,,,,,,,,,,,,,,,
6312,2017,2,BVW,PIEFL,1,7,,3,,,33,,,,,NE,Z286244,02/06/2017,30/05/2015,R,2,Z286287,11/05/2017,31/05/2015,S,2,05/06/2017,S845283,S845284,S845285,S845286,S845287,,,,,,,,,,,,,,,,,,,,,,,,,,,,
6313,2017,3,BVW,BLUTI,1,10,,7,,,10,36,,0,,NE,,,,,,,,,,,,,,,,,,,,,,,,,,,,,,,,,,,,,,,,,,,,
6314,2017,5,BVW,PIEFL,1,8,,5,,19.5,34,,,1,,NE,,,,,,D636769,11/05/2017,09/05/2014,S,4,02/06/2017,S845195,S845196,S845197,S845198,S845199,,,,,,,,,,,,,,,,,,,,,,,,,,,,
6315,2017,6,BVW,PIEFL,1,8,0,0,,25.5,37,,,8,,ED,,,,,,,,,,,,,,,,,,,,,,,,,,,,,,,,,,,,,,,,,,,,
6316,2017,8,BVW,PIEFL,1,7,,7,,19.5,35,,,0,,NE,S845448,31/05/2017,31/05/2017,I,1,L327392,23/05/2017,01/06/2011,S,6,05/06/2017,S845294,S845295,S845296,S845297,S845298,S845299,S845300,,,,,,,,,,,,,,,,,,,,,,,,,,
6317,2017,9,BVW,PIEFL,1,7,,6,,13.5,32,52,,1,,NE,,,,,,Z286731,11/05/2017,07/06/2015,S,2,02/06/2017,S845201,S845202,S845203,S845204,S845205,S845206,,,,,,,,,,,,,,,,,,,,,,,,,,,
6318,2017,10,BVW,PIEFL,1,7,,7,,32.5,39,,,0,,NE,,,,,,,,,,,09/06/2017,S845479,S845480,S845481,S845482,S845483,S845484,S845485,,,,,,,,,,,,,,,,,,,,,,,,,,
6319,2017,11,BVW,PIEFL,1,7,7,6,,19.5,32,53,,0,,NE,E718762,02/06/2017,02/06/2017,I,1,S845155,02/06/2017,02/06/2017,I,1,05/06/2017,S845288,S845289,S845290,S845291,S845292,S845293,,,,,,,,,,,,,,,,,,,,,,,,,,,
6320,2017,12,BVW,PIEFL,1,8,,8,,19.5,29,50,,0,,NE,,,,,,S845120,31/05/2017,31/05/2017,I,1,31/05/2017,S845449,S845450,S845451,S845452,S845453,S845454,S845455,S845456,,,,11.4,,11.1,,12.9,,13,,12,,11.5,,13.1,,13.3,,,,,,,
6321,2017,13,BVW,BLUTI,1,11,,8,,,16,,,,,NE,,,,,,,,,,,,,,,,,,,,,,,,,,,,,,,,,,,,,,,,,,,,
6322,2017,14,BVW,GRETI,1,9,,8,,,20,,,,,NE,,,,,,,,,,,,,,,,,,,,,,,,,,,,,,,,,,,,,,,,,,,,
6323,2017,15,BVW,PIEFL,1,7,,4,,19.5,33,52,,,,NE,Z765676,02/06/2017,13/06/2016,S,2,S845123,02/06/2017,02/06/2017,I,1,02/06/2017,S845207,S845208,S845209,S845210,S845211,S845212,,,,,,15.1,,15.3,,15,,14.5,,14.1,,15.6,,,,,,,,,,,
6324,2017,16,BVW,BLUTI,1,,,10,,10,16,,,,,NE,,,,,,,,,,,,,,,,,,,,,,,,,,,,,,,,,,,,,,,,,,,,
6325,2017,17,BVW,PIEFL,1,8,,8,,16,31,52,,0,,NE,Z765693,02/06/2017,13/06/2016,S,2,S845122,02/06/2017,02/06/2017,I,1,02/06/2017,S845213,S845214,S845215,S845216,S845217,S845218,S845219,S845220,,,,14.6,,13.5,,14.2,,13.6,,13.9,,14,,13.7,,13.3,,,,,,,
6326,2017,18,BVW,BLUTI,1,11,,11,,18,20,,,,,NE,,,,,,,,,,,,,,,,,,,,,,,,,,,,,,,,,,,,,,,,,,,,
6327,2017,20,BVW,BLUTI,1,10,,0,,7.5,14,39,,,,JD,,,,,,,,,,,,,,,,,,,,,,,,,,,,,,,,,,,,,,,,,,,,
6328,2017,21,BVW,BLUTI,1,8,,6,,4,12,,,1,,NE,,,,,,ringed,,,,,16/05/2017,S845036,S845037,S845038,S845039,S845040,S845041,,,,,,11.99,,11.58,,12.61,,11.78,,11.41,,10.91,,,,,,,,,,,
6329,2017,22,BVW,PIEFL,1,7,,0,,21.5,36,,,0,,JD,Z286625,04/06/2017,01/06/2015,R,2,AAA8660,04/06/2017,04/06/2017,I,1,04/06/2017,AAA8661,AAA8662,AAA8663,AAA8664,AAA8665,AAA8666,,,,,,,,,,,,,,,,,,,,,,,,,,,
6330,2017,23,BVW,PIEFL,1,8,,6,,21.5,33,53,,0,,NE,S845173,29/05/2017,29/05/2017,I,1,Z765741,16/05/2017,10/06/2016,R,1,04/06/2017,AAA8652,AAA8653,AAA8654,AAA8655,AAA8656,AAA8657,AAA8658,AAA8659,,,,12.35,,13.15,,13.3,,12.75,,12.6,,12.85,,13.1,,12.7,,,,,,,
6331,2017,24,BVW,PIEFL,1,6,,6,,14.5,30,,,,,NE,S845174,29/05/2017,29/05/2017,I,1,S845119,23/05/2017,23/05/2017,I,1,28/05/2017,S845167,S845168,S845169,S845170,S845171,S845172,,,,,,,,,,,,,,,,,,,,,,,,,,,
6332,2017,25,BVW,GRETI,1,5,,0,,,7,,,0,,JD,,,,,,,,,,,,,,,,,,,,,,,,,,,,,,,,,,,,,,,,,,,,
6333,2017,26,BVW,PIEFL,1,7,,7,,14.5,33,53,,0,,NE,Z765587,04/06/2017,09/06/2016,S,2,S209537,15/06/2017,15/06/2017,I,1,04/06/2017,AAA8667,AAA8668,AAA8669,AAA8670,AAA8671,AAA8672,AAA8673,,,,,14,,14.1,,12.4,,13.25,,13.2,,13.3,,12.5,,,,,,,,,
6334,2017,29,BVW,PIEFL,1,7,,5,,42.5,48,,,,,NE,,,,,,,,,,,21/06/2017,AAA8554,AAA8555,AAA8556,AAA8557,AAA8558,,,,,,,14.42,,13.2,,14.4,,14.77,,13.65,,,,,,,,,,,,,
6335,2017,30,BVW,PIEFL,1,6,,5,,18,25,45,,0,,NE,D005102,23/05/2017,21/05/2014,I,3,Z286623,23/05/2017,01/06/2015,S,3,28/05/2017,S845162,S845163,S845164,S845165,S845166,,,,,,,14.45,,14.8,,14.05,,14.05,,15.35,,,,,,,,,,,,,
6336,2017,32,BVW,BLUTI,1,6,,0,,11,19,,,,,JD,,,,,,,,,,,,,,,,,,,,,,,,,,,,,,,,,,,,,,,,,,,,
6337,2017,33,BVW,GRETI,1,6,,1,,,15,,,,,NE,,,,,,,,,,,,,,,,,,,,,,,,,,,,,,,,,,,,,,,,,,,,
6338,2017,34,BVW,PIEFL,1,7,,7,,11,32,47,,0,,NE,D637246,23/05/2017,30/05/2014,S,3,Z286392,17/05/2017,29/05/2015,R,2,29/05/2017,S845175,S845176,S845177,S845178,S845179,S845180,S845181,,,,,12.37,,14.1,,13.05,,12.3,,10.25,,12.28,,12.85,,,,,,,,,
6339,2017,18A,BVW,BLUTI,1,8,,8,,,16,36,,0,,NE,,,,,,,,,,,,,,,,,,,,,,,,,,,,,,,,,,,,,,,,,,,,
6340,2017,18B,BVW,PIEFL,1,8,,7,,19.5,34,,,1,,NE,D061417,02/06/2017,09/06/2013,S,5,D636767,23/05/2017,09/05/2014,S,4,02/06/2017,S845221,S845222,S845223,S845224,S845225,S845226,S845227,,,,,,,,,,,,,,,,,,,,,,,,,,
6341,2017,18C,BVW,PIEFL,1,8,,7,,19.5,33,,,0,,NE,E718763,02/06/2017,02/06/2017,I,1,S845121,11/05/2017,11/05/2017,I,1,02/06/2017,S845228,S845229,S845230,S845231,S845232,S845233,S845234,S845235,,,,,,,,,,,,,,,,,,,,,,,,,
6342,2017,18E,BVW,GRETI,1,,,0,,,9,,,0,,JD,,,,,,,,,,,,,,,,,,,,,,,,,,,,,,,,,,,,,,,,,,,,
6343,2017,18F,BVW,PIEFL,1,7,,6,,18,33,53,,1,,NE,S845249,04/06/2017,04/06/2017,I,1,Z286497,04/06/2017,04/06/2015,S,2,04/06/2017,AAA8601,AAA8602,AAA8603,AAA8604,AAA8605,AAA8606,,,,,,13.25,,14.42,,14.9,,14.8,,14,,14.35,,,,,,,,,,,
6344,2017,18G,BVW,PIEFL,1,8,,2,,18,33,53,,0,,NE,,,,,,Z286528,16/05/2017,05/06/2015,S,2,04/06/2017,AAA8607,AAA8608,AAA8609,AAA8610,AAA8611,AAA8612,AAA8613,AAA8700,,,,11.75,,13.35,,12.7,,12.2,,13.1,,12.7,,12.7,,12.25,,,,,,,
6345,2017,18I,BVW,GRETI,1,,,3,,,11,,,1,,NE,,,,,,,,,,,,,,,,,,,,,,,,,,,,,,,,,,,,,,,,,,,,
6346,2017,18J,BVW,BLUTI,1,8,,3,,4,13,,,0,,NE,,,,,,,,,,,,,,,,,,,,,,,,,,,,,,,,,,,,,,,,,,,,
6347,2017,18K,BVW,GRETI,1,11,,6,,,,,,1,,NE,,,,,,,,,,,,,,,,,,,,,,,,,,,,,,,,,,,,,,,,,,,,
6348,2017,18K,BVW,BLUTI,1,5,0,0,,7.5,16,,,5,,ED,,,,,,,,,,,,,,,,,,,,,,,,,,,,,,,,,,,,,,,,,,,,
6349,2017,18L,BVW,GRETI,1,,0,0,,,10,,,3,,ED,,,,,,,,,,,,,,,,,,,,,,,,,,,,,,,,,,,,,,,,,,,,
6350,2017,9A,BVW,GRETI,1,,,7,,,16,,,1,,NE,,,,,,,,,,,,,,,,,,,,,,,,,,,,,,,,,,,,,,,,,,,,
6351,2017,1,NEA,BLUTI,1,9,0,0,,,22,,,8,,ED,,,,,,S845112,07/05/2017,07/05/2017,I,1,,,,,,,,,,,,,,,,,,,,,,,,,,,,,,,,,,
6352,2017,2,NEA,PIEFL,1,8,,7,18.5,26,33,56,,0,,NE,Z286874,06/06/2017,22/06/2015,R,2,D923652,12/05/2017,30/05/2015,I,2,07/06/2017,AAA8716,AAA8717,AAA8718,AAA8719,AAA8720,AAA8721,AAA8722,AAA8723,,,,,,,,,,,,,,,,,,,,,,,,,
6353,2017,3,NEA,PIEFL,1,7,,0,7,22.5,35,55,,1,,JD,,,,,,D637118,16/05/2017,26/05/2014,S,4,06/06/2017,AAA8693,,,,,,,,,,,,,,,,,,,,,,,,,,,,,,,,
6354,2017,4,NEA,GRETI,1,7,,7,,,21,,,0,,NE,,,,,,Z765418,14/05/2016,14/05/2016,I,1,,,,,,,,,,,,,,,,,,,,,,,,,,,,,,,,,,
6355,2017,5,NEA,PIEFL,1,8,,7,7,22.5,33,54,,0,,NE,D637362,05/06/2017,01/06/2014,S,3,S845124,05/06/2017,05/06/2017,I,1,05/06/2017,AAA8680,AAA8681,AAA8682,AAA8683,AAA8684,AAA8685,AAA8686,AAA8687,,,,,,,,,,,,,,,,,,,,,,,,,
6356,2017,6,NEA,PIEFL,1,7,,6,7,15.5,35,54,,0,,NE,D637187,05/06/2017,28/05/2014,S,4,D636784,12/05/2017,13/05/2014,S,4,05/06/2017,AAA8674,AAA8675,AAA8676,AAA8677,AAA8678,AAA8679,,,,,,14.45,,14.75,,13.8,,14.35,,14.45,,14.6,,,,,,,,,,,
6357,2017,7,NEA,BLUTI,1,12,,10,,,10,,,0,,NE,,,,,,Z765419,29/04/2017,14/05/2016,S,2,,,,,,,,,,,,,,,,,,,,,,,,,,,,,,,,,,
6358,2017,8,NEA,BLUTI,1,8,,6,,,12,,,1,,NE,,,,,,S209996,29/04/2017,29/04/2017,I,1,,,,,,,,,,,,,,,,,,,,,,,,,,,,,,,,,,
6359,2017,9,NEA,GRETI,1,7,,7,,,18,37,,1,,NE,,,,,,S845111,07/05/2017,07/05/2017,I,1,,,,,,,,,,,,,,,,,,,,,,,,,,,,,,,,,,
6360,2017,10,NEA,NUTHA,1,7,,7,,,14,,,0,,NE,,,,,,,,,,,,,,,,,,,,,,,,,,,,,,,,,,,,,,,,,,,,
6361,2017,13,NEA,BLUTI,1,9,0,0,,,18,,,9,,ED,,,,,,,,,,,,,,,,,,,,,,,,,,,,,,,,,,,,,,,,,,,,
6362,2017,16,NEA,PIEFL,1,8,,6,7,29,37,58,,1,,NE,AAA8715,07/06/2017,07/06/2017,I,1,Z286399,16/05/2017,29/05/2015,R,2,09/06/2017,AAA8724,AAA8725,AAA8726,AAA8727,AAA8728,AAA8729,,,,,,,,,,,,,,,,,,,,,,,,,,,
6363,2017,18,NEA,PIEFL,1,7,,7,15,22.5,35,55,,0,,NE,AAA8694,06/06/2017,06/06/2017,I,1,Z765373,16/05/2017,23/05/2016,S,2,06/06/2017,AAA8695,AAA8696,AAA8697,AAA8698,AAA8699,AAA8701,AAA8702,,,,,,,,,,,,,,,,,,,,,,,,,,
6364,2017,19,NEA,GRETI,1,6,,5,,,13,,,0,,NE,,,,,,S209995,29/04/2017,29/04/2017,I,1,,,,,,,,,,,,,,,,,,,,,,,,,,,,,,,,,,
6365,2017,20,NEA,PIEFL,1,7,,6,9,29,37,58,,0,,NE,Z765396,29/04/2017,04/06/2016,S,2,Y877802,13/05/2017,03/06/2014,I,3,09/06/2017,AAA8730,AAA8731,AAA8732,AAA8733,AAA8734,AAA8735,,,,,,,,,,,,,,,,,,,,,,,,,,,
6366,2017,FOXWTY,NEA,PIEFL,1,7,,7,,,37,57,,0,,NE,Z765986,07/06/2017,15/06/2016,S,2,D061301,19/05/2017,07/06/2013,I,4,07/06/2017,AAA8708,AAA8709,AAA8710,AAA8711,AAA8712,AAA8713,AAA8714,,,,,,,,,,,,,,,,,,,,,,,,,,
6367,2017,FOXWTY,NEA,REDST,1,6,0,0,,,,,,5,,ED,,,,,,,,,,,,,,,,,,,,,,,,,,,,,,,,,,,,,,,,,,,,
6368,2017,103,YAR,PIEFL,1,7,6,6, ,21.5,32,51,,1,,NE,S845400,30/05/2017,30/05/2017,I,1,Z286226,15/05/2017,30/05/2015,S,3,02/06/2017,S845251,S845252,S845253,S845254,S845255,S845256,,,,,,13.78,,13.49,,13.81,,14.04,,13.16,,13.67,,,,,,,,,,,
6369,2017,108,YAR,BLUTI,1,,0,0,,,17,,,2,,ED,,,,,,,,,,,,,,,,,,,,,,,,,,,,,,,,,,,,,,,,,,,,
6370,2017,109,YAR,PIEFL,1,7,,0,16,35.5,42,62,,0,,JO,AAA8704,07/06/2017,07/06/2017,I,1,S845331,07/06/2017,07/06/2017,I,1,,,,,,,,,,,,,,,,,,,,,,,,,,,,,,,,,,
6371,2017,111,YAR,PIEFL,1,7,,0,,35.5,41,61,,0,,JD,D416240,05/05/2017,05/05/2017,I,1,Z765909,21/05/2017,12/06/2016,R,1,,,,,,,,,,,,,,,,,,,,,,,,,,,,,,,,,,
6372,2017,113,YAR,BLUTI,1,10,,5,,,9,31,,0,,NE,,,,,,S845001,25/04/2017,25/04/2017,I,1,16/05/2017,S845044,S845045,S845046,S845047,S845048,,,,,,,11.13,,9.57,,8.68,,7.59,,10.49,,,,,,,,,,,,,
6373,2017,116,YAR,PIEFL,1,7,,0,9.5,28.5,33,54,,0,,JD,S845194,01/06/2017,01/06/2017,I,1,S845130,01/06/2017,01/06/2017,I,1,05/06/2017,S845269,S845270,S845271,S845272,S845273,,,,,,,9.8,,9.76,,10.45,,9.94,,10.67,,,,,,,,,,,,,
6374,2017,119,YAR,BLUTI,1,12,,5,,,12,37,,,,NE,,,,,,Z286101,28/04/2017,25/04/2015,S,3,22/05/2017,S845305,S845306,S845307,S845308,S845309,S845310,S845311,,,,,9.9,,8.36,,8.54,,9.46,,9.86,,6.13,,6.81,,,,,,,,,
6375,2017,120,YAR,NUTHA,1,6,,0,,,9,,,,,JD,,,,,,TX70634,27/04/2017,27/04/2017,I,1,,,,,,,,,,,,,,,,,,,,,,,,,,,,,,,,,,
6376,2017,127,YAR,PIEFL,1,8,,0,9.5,21.5,30,52,,0,,JD,Z286246,21/04/2017,30/05/2015,S,2,D543239,10/05/2017,17/06/2013,S,4,03/06/2017,S845240,S845241,,,,,,,,,,11.43,,12,,,,,,,,,,,,,,,,,,,
6377,2017,129,YAR,REDST,1,7,7,7,,,24,44,,0,,NE,,,,,,Z765496,10/05/2017,01/06/2016,S,2,24/05/2017,S845350,S845351,S845352,S845353,S845354,S845355,S845356,,,,,14.13,,14.87,,14.61,,14.52,,14.5,,15.31,,14.5,,,,,,,,,
6378,2017,201,YAR,BLUTI,1,11,,0,,,10,38,,1,,JD,,,,,,Z765428,28/04/2017,24/05/2016,S,2,,,,,,,,,,,,,,,,,,,,,,,,,,,,,,,,,,
6379,2017,202,YAR,PIEFL,1,6,6,6,8,28.5,34,53,,0,,NE,D637364,01/06/2017,01/06/2014,R,3,S845035,01/06/2017,01/06/2017,I,1,04/06/2017,AAA8614,AAA8615,AAA8616,AAA8617,AAA8618,AAA8619,,,,,,14,,13.5,,13,,12.5,,13.1,,12.5,,,,,,,,,,,
6380,2017,205,YAR,GRETI,1,6,0,0,,,14,,,1,,ED,,,,,,D636754,29/04/2017,07/05/2014,S,3,,,,,,,,,,,,,,,,,,,,,,,,,,,,,,,,,,
6381,2017,206,YAR,GRETI,1,4,0,0,,,50,,,4,,ED,,,,,,,,,,,,,,,,,,,,,,,,,,,,,,,,,,,,,,,,,,,,
6382,2017,207,YAR,BLUTI,1,7,,0,,,14,34,,,,JD,,,,,,S845010,02/05/2017,02/05/2017,I,1,,,,,,,,,,,,,,,,,,,,,,,,,,,,,,,,,,
6383,2017,207,YAR,PIEFL,1,6,6,5,19,40,45,64,,0,,NE,AAA8707,07/06/2017,07/06/2017,I,1,S845357,07/06/2017,07/06/2017,I,1,15/06/2017,AAA8538,AAA8539,AAA8540,AAA8541,AAA8542,,,,,,,11.38,,12.86,,13.93,,12,,13.99,,,,,,,,,,,,,
6384,2017,211,YAR,GRETI,1,7,0,0,,,18,,,7,,ED,,,,,,Z765426,03/05/2017,23/05/2016,S,2,,,,,,,,,,,,,,,,,,,,,,,,,,,,,,,,,,
6385,2017,213,YAR,GRETI,1,7,0,0,,,26,,,7,,ED,,,,,,V144626,11/05/2017,11/03/2017,I,1,,,,,,,,,,,,,,,,,,,,,,,,,,,,,,,,,,
6386,2017,213,YAR,GRETI,2,,,3,,,,,,1,,NE,,,,,,,,,,,,,,,,,,,,,,,,,,,,,,,,,,,,,,,,,,,,
6387,2017,214,YAR,PIEFL,1,6,0,0,,42.5,50,,,6,,ED,,,,,,,,,,,,,,,,,,,,,,,,,,,,,,,,,,,,,,,,,,,,
6388,2017,215,YAR,PIEFL,1,8,2,2,8,28.5,35,59,,6,,NE,Z286405,25/04/2017,01/06/2015,S,3,Z779314,18/05/2017,03/06/2016,I,1,10/06/2017,AAA8736,AAA8737,,,,,,,,,,14.55,,15.25,,,,,,,,,,,,,,,,,,,
6389,2017,217,YAR,BLUTI,1,13,,8,,,12,39,,0,,NE,,,,,,S845011,02/05/2017,02/05/2017,I,1,24/05/2017,S845336,S845337,S845338,S845339,S845340,S845341,S845342,S845343,,,,12,,10,,10.87,,7.56,,11.27,,9.23,,9.16,,9.16,,,,,,,
6390,2017,219,YAR,PIEFL,1,7,7,7,11.5,12,25,47,,0,,NE,Z765705,22/05/2017,09/06/2016,R,1,D543079,10/05/2017,11/06/2013,S,4,29/05/2017,S845388,S845389,S845390,S845391,S845392,S845393,S845394,,,,,14.59,,14.43,,14.56,,14.59,,16.24,,14.84,,14.52,,,,,,,,,
6391,2017,222,YAR,PIEFL,1,6,5,5,24.5,21.5,33,51,,1,,NE,L261873,30/05/2017,05/06/2010,S,7,Z765809,30/05/2017,07/06/2016,R,1,02/06/2017,S845258,S845259,S845260,S845261,S845262,,,,,,,14.34,,13.86,,14.41,,14.2,,13.49,,,,,,,,,,,,,
6392,2017,223,YAR,BLUTI,1,7,0,0,,,46,,,7,,ED,,,,,,,,,,,,,,,,,,,,,,,,,,,,,,,,,,,,,,,,,,,,
6393,2017,224,YAR,PIEFL,1,7,,0,22,28.5,37,56,,0,,JD,AAA8627,04/06/2017,04/06/2017,I,1,D637200,04/06/2017,28/05/2014,S,3,,,,,,,,,,,,,,,,,,,,,,,,,,,,,,,,,,
6394,2017,225,YAR,GRETI,1,8,,0,,,18,38,,,,JD,,,,,,unringed,,,,,,,,,,,,,,,,,,,,,,,,,,,,,,,,,,,,,,
6395,2017,227,YAR,PIEFL,1,7,7,7,12.5,21.5,34,53,,0,,NE,D005133,02/06/2017,28/05/2014,S,4,Z286648,15/05/2017,03/06/2015,R,2,04/06/2017,AAA8620,AAA8621,AAA8622,AAA8623,AAA8624,AAA8625,AAA8626,,,,,12.9,,12.25,,14.1,,13.7,,14,,12.55,,13.25,,,,,,,,,
6396,2017,229,YAR,BLUTI,1,7,,4,,,18,39,,0,,NE,,,,,,S845014,04/05/2017,04/05/2017,I,1,24/05/2017,S845332,S845333,S845334,S845335,,,,,,,,11.12,,10.95,,11.13,,11.07,,,,,,,,,,,,,,,
6397,2017,230,YAR,PIEFL,1,6,,4,24.5,35.5,39,57,,0,,NE,Z765739,04/06/2017,10/06/2016,R,1,S845132,04/06/2017,04/06/2017,I,1,08/06/2017,S845469,S845470,S845471,S845472,S845473,,,,,,,10.96,,12.43,,11.64,,11.63,,12.88,,,,,,,,,,,,,
6398,2017,231,YAR,BLUTI,1,9,,4,,,16,37,,,,NE,,,,,,,,,,,22/05/2017,S845316,S845317,S845318,S845319,,,,,,,,13.16,,12.83,,12.88,,12.27,,,,,,,,,,,,,,,
6399,2017,233,YAR,GRETI,1,7,1,1,,,21,,,6,,NE,,,,,,Z765462,06/05/2017,27/05/2016,S,2,,,,,,,,,,,,,,,,,,,,,,,,,,,,,,,,,,
6400,2017,234,YAR,PIEFL,1,7,7,7,8,11,30,49,,0,,NE,D140987,25/05/2017,13/06/2013,S,5,Z765382,10/05/2017,26/05/2016,S,2,31/05/2017,S845436,S845437,S845438,S845439,S845440,S845441,S845442,,,,,14.13,,14.49,,14.48,,14.7,,14.17,,14.1,,14.68,,,,,,,,,
6401,2017,236,YAR,GRETI,1,7,0,0,,,16,,,7,,ED,,,,,,S209998,30/04/2017,30/04/2017,I,1,,,,,,,,,,,,,,,,,,,,,,,,,,,,,,,,,,
6402,2017,238,YAR,BLUTI,1,7,4,4,,,14,,,3,,NE,,,,,,S845012,02/05/2017,02/05/2017,I,1,13/06/2017,AAA8529,AAA8530,AAA8531,AAA8532,,,,,,,,10.84,,11.21,,10.99,,9.66,,,,,,,,,,,,,,,
6403,2017,239,YAR,PIEFL,1,9,,3,11.5,18,37,62,,1,,NE,S845474,08/06/2017,08/06/2017,I,1,X533379,20/05/2017,10/06/2009,S,8,13/06/2017,AAA8526,AAA8527,AAA8528,,,,,,,,,11.88,,12.29,,10.29,,,,,,,,,,,,,,,,,
6404,2017,240,YAR,BLUTI,1,8,0,0,,,16,,,8,,ED,,,,,,V143541,30/04/2017,27/02/2013,S,6,,,,,,,,,,,,,,,,,,,,,,,,,,,,,,,,,,
6405,2017,242,YAR,BLUTI,1,9,,0,,,10,31,,0,,JD,,,,,,S845005,28/04/2017,28/04/2017,I,1,,,,,,,,,,,,,,,,,,,,,,,,,,,,,,,,,,
6406,2017,245,YAR,PIEFL,1,7,,6,14,21.5,34,53,,0,,NE,S845257,02/06/2017,02/06/2017,I,1,Z765427,15/05/2017,23/05/2016,S,2,04/06/2017,AAA8628,AAA8629,AAA8630,AAA8631,AAA8632,AAA8633,AAA8634,,,,,12.25,,12.75,,12.8,,10.1,,12.5,,11.7,,12.25,,,,,,,,,
6407,2017,246,YAR,BLUTI,1,11,,4,,,12,37,,0,,NE,,,,,,D636970,28/04/2017,21/05/2014,S,3,22/05/2017,S845312,S845313,S845314,S845315,,,,,,,,5.76,,11.36,,11.35,,10.89,,,,,,,,,,,,,,,
6408,2017,301,YAR,PIEFL,1,7,5,5,18.5,28.5,34,54,,2,,NE,Z765940,01/06/2017,13/06/2016,R,1,Z765934,16/05/2017,12/06/2016,R,1,05/06/2017,S845264,S845265,S845266,S845267,S845268,,,,,,,12.75,,12.28,,13.67,,12.71,,13.12,,,,,,,,,,,,,
6409,2017,306,YAR,PIEFL,2,6,,3,16,,52,70,,,,NE,AAA8513,12/06/2017,12/06/2017,I,1,S845500,12/06/2017,12/06/2017,I,1,22/06/2017,AAA8559,AAA8560,AAA8561,,,,,,,,,14,,12.37,,13.46,,,,,,,,,,,,,,,,,
6410,2017,306,YAR,PIEFL,1,,0,0,16,35.5,39,,,,,EP,,,,,,,,,,,,,,,,,,,,,,,,,,,,,,,,,,,,,,,,,,,,
6411,2017,308,YAR,BLUTI,1,11,,7,,,10,33,,0,,NE,,,,,,D636946,27/04/2017,19/05/2014,R,3,18/05/2017,S845069,S845070,S845071,S845072,S845073,S845074,S845075,,,,,12.45,,10.78,,11.26,,10.97,,11.08,,11.51,,10.76,,6.9,,,,,,,
6412,2017,311,YAR,PIEFL,1,7,,0,22.5,35.5,39,58,,0,,JD,Z765554,06/06/2017,06/06/2016,R,1,Z286776,20/05/2017,15/06/2015,I,2,,,,,,,,,,,,,,,,,,,,,,,,,,,,,,,,,,
6413,2017,313,YAR,PIEFL,1,7,4,4,16,21.5,31,50,,3,,NE,Z286584,29/05/2017,09/06/2015,R,2,Z286301,11/05/2017,31/05/2015,S,3,01/06/2017,S845183,S845184,S845185,S845186,,,,,,,,16.63,,14.12,,15.24,,14.52,,,,,,,,,,,,,,,
6414,2017,317,YAR,PIEFL,1,7,,5,22.5,28.5,39,58,,1,,NE,Z286924,01/06/2017,30/06/2015,I,2,Z286302,06/06/2017,07/06/2015,S,3,09/06/2017,S845492,S845493,S845494,S845495,S845496,,,,,,,12.76,,12.11,,11.62,,12.26,,12.02,,,,,,,,,,,,,
6415,2017,318,YAR,BLUTI,1,7,0,0,,,7,27,,1,,ED,,,,,,D636994,25/04/2017,22/05/2014,S,3,,,,,,,,,,,,,,,,,,,,,,,,,,,,,,,,,,
6416,2017,319,YAR,PIEFL,1,7,7,7,18.5,,34,53,,0,,NE,Z286611,01/06/2017,30/05/2015,R,2,Z286227,18/05/2017,08/06/2015,S,3,04/06/2017,AAA8635,AAA8636,AAA8637,AAA8638,AAA8639,AAA8640,AAA8641,,,,,13.65,,13.6,,12.1,,11.05,,12.75,,13.5,,14.3,,,,,,,,,
6417,2017,320,YAR,PIEFL,1,7,,6,22.5,35.5,43,62,,0,,NE,S845478,08/06/2017,08/06/2017,I,1,S845330,08/06/2017,08/06/2017,I,1,13/06/2017,AAA8520,AAA8521,AAA8522,AAA8523,AAA8524,AAA8525,,,,,,10.3,,12.24,,11.63,,9.03,,11.95,,12.11,,,,,,,,,,,
6418,2017,321,YAR,BLUTI,1,10,0,0,,,7,,,10,,ED,,,,,,S845002,25/04/2017,25/04/2017,I,1,,,,,,,,,,,,,,,,,,,,,,,,,,,,,,,,,,
6419,2017,322,YAR,BLUTI,1,8,,0,,,13,35,,1,,JD,,,,,,S845013,02/05/2017,02/05/2017,I,1,,,,,,,,,,,,,,,,,,,,,,,,,,,,,,,,,,
6420,2017,323,YAR,BLUTI,1,9,0,0,,,18,,,9,,ED,,,,,,S845017,05/05/2017,05/05/2017,I,1,,,,,,,,,,,,,,,,,,,,,,,,,,,,,,,,,,
6421,2017,324,YAR,PIEFL,1,8,,0,25,25,33,55,,1,,JD,AAA8651,04/06/2017,04/06/2017,I,1,Z286689,19/05/2017,06/06/2015,R,2,,,,,,,,,,,,,,,,,,,,,,,,,,,,,,,,,,
6422,2017,325,YAR,BLUTI,1,11,,0,,,12,36,,,,JD,,,,,,D543072,27/04/2017,10/06/2013,S,4,,,,,,,,,,,,,,,,,,,,,,,,,,,,,,,,,,
6423,2017,327,YAR,PIEFL,1,8,0,0,,28.5,34,,,8,,ED,,,,,,,,,,,,,,,,,,,,,,,,,,,,,,,,,,,,,,,,,,,,
6424,2017,328,YAR,PIEFL,1,3,2,2,17.5,25,,86,,1,,NE,,,,,,Z286750,22/06/2017,08/06/2015,R,2,07/07/2017,AAA8770,AAA8771,,,,,,,,,,13.5,,13.8,,,,,,,,,,,,,,,,,,,
6425,2017,329,YAR,PIEFL,1,7,,3,16,35.5,39,59,,,,NE,Z286894,07/06/2017,03/07/2015,R,2,Z590808,19/05/2017,10/06/2016,I,1,10/06/2017,AAA8738,AAA8739,AAA8740,,,,,,,,,13.3,,14,,14.2,,,,,,,,,,,,,,,,,
6426,2017,330,YAR,BLUTI,1,11,,9,,,16,42,,1,,NE,,,,,,V143840,05/05/2017,01/02/2015,I,3,27/05/2017,S845358,S845359,S845360,S845361,S845362,S845363,S845364,S845365,S845366,S845367,,11.55,,11.04,,6.37,,10.08,,11.23,,9.8,,10.29,,10.17,,11.11,,10.44,,,
6427,2017,333,YAR,PIEFL,1,7,6,6,8,14.5,28,49,,1,,NE,D637436,31/05/2017,04/06/2014,S,4,Z765440,08/05/2017,25/05/2016,S,2,31/05/2017,S845430,S845431,S845432,S845433,S845434,S845435,,,,,,14.78,,14.22,,13.73,,14.58,,13.8,,13.86,,,,,,,,,,,
6428,2017,334,YAR,GRETI,1,7,,4,,,18,39,,,,NE,,,,,,V144303,03/05/2017,05/03/2016,I,2,,,,,,,,,,,,,,,,,,,,,,,,,,,,,,,,,,
6429,2017,336,YAR,PIEFL,1,7,,0,12.5,11,35,54,,0,,JD,S845263,02/06/2017,02/06/2017,I,1,Z765904,15/05/2017,12/06/2016,R,1,05/06/2017,S845279,S845280,S845281,S845282,,,,,,,,12.48,,9.22,,12.68,,13,,,,,,,,,,,,,,,
6430,2017,338,YAR,BLUTI,1,8,0,0,,,11,,,8,,ED,,,,,,Z765519,27/04/2017,03/06/2016,S,2,,,,,,,,,,,,,,,,,,,,,,,,,,,,,,,,,,
6431,2017,339,YAR,PIEFL,1,7,,2,19.5,18,31,53,,0,,NE,Z765703,02/06/2017,09/06/2016,R,1,Z765362,11/05/2017,21/05/2016,S,2,04/06/2017,AAA8642,AAA8643,AAA8644,AAA8645,AAA8646,AAA8647,,,,,,10.3,,10.85,,13.8,,10.7,,11.8,,12.25,,,,,,,,,,,
6432,2017,341,YAR,NUTHA,1,6,,6,,,7,,,0,,NE,,,,,,TS92993,24/04/2017,16/05/2015,S,3,,TX70635,TX70636,TX70637,TX70638,TX70639,TX70640,,,,,,,,,,,,,,,,,,,,,,,,,,,
6433,2017,342,YAR,BLUTI,1,9,,0,,,8,30,,0,,JD,,,,,,S845008,28/04/2017,28/04/2017,I,1,,,,,,,,,,,,,,,,,,,,,,,,,,,,,,,,,,
6434,2017,343,YAR,PIEFL,1,8,,0,,,38,60,,,,JD,,,,,,Y369126,18/05/2017,18/05/2012,S,6,,,,,,,,,,,,,,,,,,,,,,,,,,,,,,,,,,
6435,2017,344,YAR,BLUTI,1,12,,4,,,7,33,,,,NE,,,,,,S845103,24/04/2017,24/04/2017,I,1,18/05/2017,S845062,S845063,S845064,S845065,S845066,S845067,,,,,,10.28,,10.04,,8.55,,6.58,,8.9,,7.02,,,,,,,,,,,
6436,2017,347,YAR,BLUTI,1,7,5,5,,,16,37,,2,,NE,,,,,,S845016,05/05/2017,05/05/2017,I,1,22/05/2017,S845100,S845301,S845302,S845303,S845304,,,,,,,11.04,,10.45,,10.08,,10.49,,10.26,,,,,,,,,,,,,
6437,2017,348,YAR,PIEFL,1,7,,6,16,21.5,33,52,,0,,NE,D637367,02/06/2017,01/06/2014,S,3,Z765731,16/05/2017,10/06/2016,R,1,03/06/2017,S845242,S845243,S845244,S845245,S845246,S845247,,,,,,12.02,,13.47,,14.05,,14.03,,13.07,,12.42,,,,,,,,,,,
6438,2017,349,YAR,BLUTI,1,10,,5,,,17,39,,1,,NE,,,,,,Z765464,09/05/2017,27/05/2016,S,2,24/05/2017,S845344,S845345,S845346,S845347,S845348,,,,,,,11.75,,11.36,,8.95,,10.69,,11.61,,,,,,,,,,,,,
6439,2017,352,YAR,PIEFL,1,8,,2,,28.5,37,57,,1,,NE,Z765397,06/06/2017,05/06/2016,S,2,Y369483,18/05/2017,11/06/2012,S,5,08/06/2017,S845475,S845476,,,,,,,,,,12.63,,13.55,,,,,,,,,,,,,,,,,,,
6440,2017,353,YAR,COATI,1,9,,6,,,8,,,,,NE,,,,,,unringed,,,,,,,,,,,,,,,,,,,,,,,,,,,,,,,,,,,,,,
6441,2017,401,YAR,BLUTI,1,8,7,7,,,10,32,,1,,NE,,,,,,S845101,24/04/2017,24/04/2017,I,1,17/05/2017,S845049,S845050,S845051,S845052,S845053,S845054,S845055,,,,,11.09,,12.73,,11.3,,11.66,,12.25,,12.67,,13.23,,,,,,,,,
6442,2017,403,YAR,BLUTI,1,9,0,0,,,8,,,9,,ED,,,,,,,,,,,,,,,,,,,,,,,,,,,,,,,,,,,,,,,,,,,,
6443,2017,407,YAR,BLUTI,1,9,9,9,,,14,37,,,,NE,,,,,,S209997,30/04/2017,30/04/2017,I,1,22/05/2017,S845091,S845092,S845093,S845094,S845095,S845096,S845097,S845098,S845099,,,8.99,,8.58,,9.59,,8.77,,10,,7,,8.99,,9.52,,8.61,,,,,
6444,2017,408,YAR,PIEFL,1,7,,1,17.5,21.5,32,52,,0,,NE,S845182,01/06/2017,01/06/2017,I,1,Z765706,16/05/2017,09/06/2016,R,1,03/06/2017,S845236,S845237,S845238,S845239,,,,,,,,10.06,,11,,9.31,,11.24,,,,,,,,,,,,,,,
6445,2017,413,YAR,GRETI,1,,0,0,,,25,,,1,,ED,,,,,,,,,,,,,,,,,,,,,,,,,,,,,,,,,,,,,,,,,,,,
6446,2017,415,YAR,BLUTI,1,7,0,0,,,8,,,7,,ED,,,,,,S845102,24/04/2017,24/04/2017,I,1,,,,,,,,,,,,,,,,,,,,,,,,,,,,,,,,,,
6447,2017,415,YAR,PIEFL,1,7,,2,,35.5,40,61,,2,,NE,AAA6703,07/06/2017,07/06/2017,I,1,Z765936,17/05/2017,13/06/2016,R,1,15/06/2017,AAA8536,AAA8537,,,,,,,,,,9.1,,9.79,,,,,,,,,,,,,,,,,,,
6448,2017,416,YAR,COATI,1,9,,8,,,8,,,0,,NE,,,,,,S845009,02/05/2017,02/05/2017,I,1,,,,,,,,,,,,,,,,,,,,,,,,,,,,,,,,,,
6449,2017,417,YAR,BLUTI,1,7,,5,,,25,46,,0,,NE,,,,,,V143960,10/05/2017,15/11/2015,I,3,31/05/2017,S845425,S845426,S845427,S845428,S845429,,,,,,,11.31,,11.28,,10.6,,10.26,,11.28,,,,,,,,,,,,,
6450,2017,418,YAR,BLUTI,2,9,,0,,,34,55,,0,,JD,,,,,,S845102,24/04/2017,24/04/2017,I,1,,,,,,,,,,,,,,,,,,,,,,,,,,,,,,,,,,
6451,2017,419,YAR,PIEFL,1,7,7,7,10.5,21.5,31,50,,0,,NE,Z765849,29/05/2017,11/06/2016,R,1,Z765439,15/05/2017,06/06/2016,S,2,01/06/2017,S845187,S845188,S845189,S845190,S845191,S845192,S845193,,,,,13.44,,14.36,,14.48,,12.67,,13.17,,13.26,,13.68,,,,,,,,,
6452,2017,422,YAR,PIEFL,1,6,,2,15.5,14.5,29,48,,2,,NE,Z765598,25/05/2017,09/06/2016,S,2,D543221,09/05/2017,17/06/2013,S,4,30/05/2017,S845401,S845402,S845403,,,,,,,,,15.44,,15.22,,14.6,,,,,,,,,,,,,,,,,
6453,2017,426,YAR,BLUTI,1,7,,5,,,16,37,,1,,NE,,,,,,S845015,05/05/2017,05/05/2017,I,1,22/05/2017,S845320,S845321,S845322,S845323,S845324,,,,,,,12.25,,12.34,,11.82,,9.63,,10.78,,,,,,,,,,,,,
6454,2017,427,YAR,PIEFL,1,7,7,3,20.5,28.5,39,58,,0,,NE,AAA8705,07/06/2017,07/06/2017,I,1,Z135712,22/05/2017,04/06/2016,I,1,09/06/2017,S845497,S845498,S845499,,,,,,,,,11.88,,12.87,,11.67,,,,,,,,,,,,,,,,,
6455,2017,428,YAR,BLUTI,1,7,,5,,,9,30,,0,,NE,,,,,,D140508,27/04/2017,16/05/2013,S,5,15/05/2017,S845030,S845031,S845032,S845033,S845034,,,,,,,11.53,,11.64,,11.83,,12.21,,12.87,,,,,,,,,,,,,
6456,2017,430,YAR,BLUTI,1,9,,7,,,14,35,,0,,NE,,,,,,S209999,30/04/2017,30/04/2017,I,1,20/05/2017,S845078,S845079,S845080,S845081,S845082,S845083,S845084,,,,,5.67,,6.9,,7.03,,9.63,,10.24,,8.8,,9.13,,,,,,,,,
6457,2017,432,YAR,BLUTI,1,7,0,0,,,,,,7,,ED,,,,,,V144033,27/04/2017,13/12/2015,I,2,,,,,,,,,,,,,,,,,,,,,,,,,,,,,,,,,,
6458,2017,433,YAR,PIEFL,1,6,,0,18.5,,36,55,,0,,JD,Z765556,03/06/2017,06/06/2016,R,1,Z765421,17/05/2017,19/05/2016,S,2,,,,,,,,,,,,,,,,,,,,,,,,,,,,,,,,,,
6459,2017,434,YAR,BLUTI,1,10,,8,,,8,33,,,,NE,,,,,,V144564,24/04/2017,04/12/2016,I,1,18/05/2017,S845056,S845057,S845058,S845059,S845060,S845061,,,,,,9.27,,8.72,,9.83,,11.03,,7.98,,8.61,,,,,,,,,,,
6460,2017,437,YAR,PIEFL,1,7,,0,20.5,21.5,36,55,,0,,JD,Z765839,03/06/2017,11/06/2016,R,1,S845068,03/06/2017,03/06/2017,I,1,,,,,,,,,,,,,,,,,,,,,,,,,,,,,,,,,,
6461,2017,439,YAR,PIEFL,1,7,,5,33,42.5,44,65,,1,,NE,AAA8741,11/06/2017,11/06/2017,I,1,Z286219,24/05/2017,16/05/2015,S,3,16/06/2017,AAA8543,AAA8544,AAA8545,AAA8546,AAA8547,,,,,,,13.86,,13.52,,13.89,,13.46,,13.72,,,,,,,,,,,,,
6462,2017,440,YAR,PIEFL,1,7,,0,,28.5,36,57,,0,,JD,unringed,,,,,Z097891,18/05/2017,07/06/2016,I,1,,,,,,,,,,,,,,,,,,,,,,,,,,,,,,,,,,
6463,2017,442,YAR,PIEFL,1,6,,3,,35.5,39,58,,0,,NE,AAA8706,07/06/2017,07/06/2017,I,1,D140620,17/05/2017,04/06/2013,S,4,09/06/2017,S845489,S845490,S845491,,,,,,,,,12.85,,11.96,,13.61,,,,,,,,,,,,,,,,,
6464,2017,444,YAR,BLUTI,1,9,,0,,,20,41,,0,,JD,,,,,,S845109,07/05/2017,07/05/2017,I,1,,,,,,,,,,,,,,,,,,,,,,,,,,,,,,,,,,
6465,2017,445,YAR,PIEFL,1,7,,0,28.5,28.5,38,57,,0,,JD,D416235,19/04/2017,19/04/2017,I,1,Z765819,17/05/2017,09/06/2016,R,1,,,,,,,,,,,,,,,,,,,,,,,,,,,,,,,,,,
6466,2017,446,YAR,GRETI,1,6,,2,,,22,,,,,NE,,,,,,S845110,07/05/2017,07/05/2017,I,1,,,,,,,,,,,,,,,,,,,,,,,,,,,,,,,,,,
6467,2017,447,YAR,PIEFL,1,8,,3,13,21.5,31,53,,3,,NE,S845248,03/06/2017,03/06/2017,I,1,S845043,16/05/2017,16/05/2017,I,1,04/06/2017,AAA8648,AAA8649,AAA8650,,,,,,,,,14.2,,13.35,,15.5,,,,,,,,,,,,,,,,,
6468,2017,448,YAR,BLUTI,1,9,,0,,,18,42,,0,,JO,,,,,,Z286120,10/05/2017,03/06/2015,S,3,,,,,,,,,,,,,,,,,,,,,,,,,,,,,,,,,,
6469,2017,449,YAR,PIEFL,1,,0,0,6,18,31,,,,,EP,C437625,18/05/2017,03/06/2015,S,3,,,,,,,,,,,,,,,,,,,,,,,,,,,,,,,,,,,,,,,
6470,2017,450,YAR,COATI,1,8,8,8,,,9,,,0,,NE,,,,,,V143875,27/04/2017,06/03/2015,I,1,,,,,,,,,,,,,,,,,,,,,,,,,,,,,,,,,,
6471,2017,451,YAR,BLUTI,1,10,,7,,,6,30,,0,,NE,,,,,,V144551,27/04/2017,27/04/2017,I,1,15/05/2017,S845023,S845024,S845025,S845026,S845027,S845028,S845029,,,,,11.21,,10.36,,9.97,,9.36,,9.93,,11.37,,9.46,,,,,,,,,
6472,2017,452,YAR,GRETI,1,9,7,7,,,32,,,2,,NE,,,,,,,,,,,,,,,,,,,,,,,,,,,,,,,,,,,,,,,,,,,,
6473,2017,452,YAR,BLUTI,1,,0,0,,,10,,,2,,ED,,,,,,,,,,,,,,,,,,,,,,,,,,,,,,,,,,,,,,,,,,,,
6474,2017,454,YAR,GRETI,1,8,,0,,,10,,,,,JD,,,,,,V144295,24/04/2017,05/03/2016,I,2,,,,,,,,,,,,,,,,,,,,,,,,,,,,,,,,,,
6475,2017,455,YAR,PIEFL,1,8,,5,20.5,32,39,61,,,,NE,D637611,03/06/2017,13/06/2014,S,3,S845146,09/06/2017,09/06/2017,I,1,12/06/2017,AAA8514,AAA8515,AAA8516,AAA8517,AAA8518,AAA8519,,,,,,11.76,,12.4,,12.97,,12.28,,12.44,,11.73,,,,,,,,,,,
6476,2017,457,YAR,BLUTI,1,9,,0,,,8,33,,1,,JD,,,,,,S845104,24/04/2017,24/04/2017,I,1,,,,,,,,,,,,,,,,,,,,,,,,,,,,,,,,,,
6477,2017,458,YAR,BLUTI,1,10,0,0,,,10,,,10,,ED,,,,,,V144083,24/04/2017,10/01/2016,I,2,,,,,,,,,,,,,,,,,,,,,,,,,,,,,,,,,,
6478,2017,459,YAR,BLUTI,1,10,0,0,,,9,,,8,,ED,,,,,,V144614,24/04/2017,26/02/2017,I,2,,,,,,,,,,,,,,,,,,,,,,,,,,,,,,,,,,
6479,2017,460,YAR,BLUTI,1,11,,6,,,10,36,,,,NE,,,,,,,,,,,21/05/2017,S845147,S845148,S845149,S845150,S845151,S845152,,,,,,8.32,,9.38,,8.1,,8.75,,9.25,,8.2,,,,,,,,,,,
6480,2017,463,YAR,PIEFL,1,6,6,6,13,21.5,30,48,,0,,NE,Z286580,25/05/2017,09/06/2015,S,3,D637453,15/05/2017,04/06/2014,S,3,30/05/2017,S845404,S845405,S845406,S845407,S845408,S845409,,,,,,14.11,,13.73,,14.84,,14.44,,14.38,,14.1,,,,,,,,,,,
6481,2017,501,YAR,BLUTI,1,10,,0,,,12,36,,,,JD,,,,,,S845003,27/04/2017,27/04/2017,I,1,,,,,,,,,,,,,,,,,,,,,,,,,,,,,,,,,,
6482,2017,504,YAR,BLUTI,1,7,,2,,,55,74,,2,,NE,,,,,,,,,,,,,,,,,,,,,,,,,,,,,,,,,,,,,,,,,,,,
6483,2017,505,YAR,PIEFL,1,7,,0,,11,37,57,,0,,JD,,,,,,,,,,,,,,,,,,,,,,,,,,,,,,,,,,,,,,,,,,,,
6484,2017,507,YAR,GRETI,1,8,0,0,,,16,,,8,,ED,,,,,,,,,,,,,,,,,,,,,,,,,,,,,,,,,,,,,,,,,,,,
6485,2017,508,YAR,BLUTI,1,10,,5,,,11,37,,1,,NE,,,,,,S845007,28/04/2017,28/04/2017,I,1,22/05/2017,S845325,S845326,S845327,S845328,S845329,,,,,,,6.65,,9.89,,8.78,,9.39,,9.01,,,,,,,,,,,,,
6486,2017,511,YAR,REDST,1,6,0,0,,,37,,,6,,ED,,,,,,S845349,24/05/2017,24/05/2017,I,1,,,,,,,,,,,,,,,,,,,,,,,,,,,,,,,,,,
6487,2017,512,YAR,BLUTI,1,8,,6,,,11,35,,0,,NE,,,,,,S845004,27/04/2017,27/04/2017,I,1,20/05/2017,S845085,S845086,S845087,S845088,S845089,S845090,,,,,,9.76,,11.17,,9.48,,8.35,,10.38,,9.45,,,,,,,,,,,
6488,2017,515,YAR,BLUTI,1,9,,0,,,8,30,,,,JD,,,,,,S845105,24/04/2017,24/04/2017,I,1,,,,,,,,,,,,,,,,,,,,,,,,,,,,,,,,,,
6489,2017,517,YAR,BLUTI,1,10,,1,,,7,32,,,,NE,,,,,,S845006,28/04/2017,28/04/2017,I,1,,,,,,,,,,,,,,,,,,,,,,,,,,,,,,,,,,
6490,2017,519,YAR,PIEFL,1,7,,3,7.5,25,41,60,,0,,NE,S845477,08/06/2017,08/06/2017,I,1,Z765933,08/06/2017,12/06/2016,R,1,13/06/2017,AAA8533,AAA8534,AAA8535,,,,,,,,,14.5,,13.39,,14.3,,,,,,,,,,,,,,,,,
6491,2017,521,YAR,BLUTI,1,8,,5,,,17,44,,0,,NE,,,,,,S845018,08/05/2017,08/05/2017,I,1,29/05/2017,S845395,S845396,S845397,S845398,S845399,,,,,,,9.44,,9.37,,8.57,,7.6,,9.54,,,,,,,,,,,,,
6492,2017,524,YAR,BLUTI,1,10,,0,,,12,,,0,,JD,,,,,,,,,,,,,,,,,,,,,,,,,,,,,,,,,,,,,,,,,,,,
6493,2017,526,YAR,BLUTI,1,10,0,0,,,9,,,10,,ED,,,,,,Z765516,24/04/2017,02/06/2016,S,2,,,,,,,,,,,,,,,,,,,,,,,,,,,,,,,,,,
6494,2017,527,YAR,BLUTI,2,7,,3,,,,73,,0,,NE,,,,,,Z765428,28/04/2017,24/05/2016,S,2,,,,,,,,,,,,,,,,,,,,,,,,,,,,,,,,,,
6495,2017,528,YAR,PIEFL,1,6,,3,18,21.5,39,58,,0,,NE,Z765893,06/06/2017,12/06/2016,R,1,S845131,19/05/2017,19/05/2017,I,1,09/06/2017,S845486,S845487,S845488,,,,,,,,,12,,11.98,,12.36,,,,,,,,,,,,,,,,,
6496,2017,212C,YAR,PIEFL,1,7,,0,16.5,42.5,44,63,,0,,JP,,,,,,,,,,,,,,,,,,,,,,,,,,,,,,,,,,,,,,,,,,,,
6497,2017,212D,YAR,BLUTI,1,8,,0,,,10,31,,0,,JD,,,,,,D140603,24/04/2017,01/06/2013,R,4,,,,,,,,,,,,,,,,,,,,,,,,,,,,,,,,,,
6498,2017,HIDE1B,YAR,PIEFL,1,6,5,5,,,31,49,,1,,NE,S845156,25/05/2017,25/05/2017,I,1,S845113,25/05/2017,25/05/2017,I,1,31/05/2017,S845443,S845444,S845445,S845446,S845447,,,,,,,14.31,,14.25,,15.21,,14.95,,14.37,,,,,,,,,,,,,
6499,2017,HIDE1C,YAR,GRETI,1,8,,,,,9,,,,,OU,,,,,,V143847,07/05/2017,01/02/2015,S,2,,,,,,,,,,,,,,,,,,,,,,,,,,,,,,,,,,
6500,2017,OFFICE,YAR,BLUTI,1,,,5,,,,41,,0,,NE,,,,,,,,,,,,,,,,,,,,,,,,,,,,,,,,,,,,,,,,,,,,
6501,2017,YARROW,YAR,PIEFL,1,6,,0,,,47,65,,0,,JD,,,,,,Z765657,09/06/2017,13/06/2016,R,1,,,,,,,,,,,,,,,,,,,,,,,,,,,,,,,,,,
6502,2018,102,YAR,PIEFL,1,7,,1,11.5,27.5,40,59,,0,,NE,,,,,,L351633,18/05/2018,09/06/2016,I,2,10/06/2018,AFD3490,,,,,,,,,,,12.88,,,,,,,,,,,,,,,,,,,,,
6503,2018,103,YAR,BLUTI,1,9,0,0,,,24,,,9,,ED,,,,,,S845920,09/05/2018,09/05/2018,I,1,,,,,,,,,,,,,,,,,,,,,,,,,,,,,,,,,,
6504,2018,108,YAR,PIEFL,1,6,4,4,18.5,27.5,38,56,,2,,NE,AAA8704,02/06/2018,07/06/2017,S,2,S845035,02/06/2018,01/06/2017,S,2,07/06/2018,AFD3167,AFD3168,AFD3169,AFD3170,,,,,,,,14.8,,14.32,,14.21,,14.2,,,,,,,,,,,,,,,
6505,2018,111,YAR,BLUTI,1,9,,0,,,24,,,0,,EP,,,,,,S845006,09/05/2018,28/04/2017,S,2,,,,,,,,,,,,,,,,,,,,,,,,,,,,,,,,,,
6506,2018,117,YAR,BLUTI,1,9,,0,,,24,46,,0,,JP,,,,,,S845921,09/05/2018,09/05/2018,I,1,,,,,,,,,,,,,,,,,,,,,,,,,,,,,,,,,,
6507,2018,120,YAR,BLUTI,2,6,,3,,,37,66,,0,,NE,,,,,,S845001,23/05/2018,25/04/2017,S,2,20/06/2018,AFD3577,AFD3578,AFD3579,,,,,,,,,12.18,,12.19,,11.82,,,,,,,,,,,,,,,,,
6508,2018,122,YAR,BLUTI,1,10,,2,,,22,44,,0,,NE,,,,,,S845058,08/05/2018,18/05/2017,R,1,29/05/2018,S845875,S845876,S845877,S845878,,,,,,,,9.9,,9.4,,10.1,,7.8,,,,,,,,,,,,,,,
6509,2018,125,YAR,PIEFL,1,6,6,6,,34.5,40,57,,0,,NE,S845845,28/05/2018,28/05/2018,I,1,S845846,28/05/2018,28/05/2018,I,1,08/06/2018,AFD3429,AFD3430,AFD3431,AFD3432,AFD3433,AFD3434,,,,,,14.76,,14.09,,13.44,,13.34,,13.25,,14.01,,,,,,,,,,,
6510,2018,126,YAR,PIEFL,1,,0,0,,27.5,64,,,2,,ED,,,,,,,,,,,,,,,,,,,,,,,,,,,,,,,,,,,,,,,,,,,,
6511,2018,127,YAR,PIEFL,1,4,,3,,,65,85,,0,,NE,,,,,,S845496,25/06/2018,09/06/2017,R,1,06/07/2018,AFD3639,AFD3640,AFD3641,,,,,,,,,12.35,,8.7,,11.5,,,,,,,,,,,,,,,,,
6512,2018,129,YAR,PIEFL,1,5,,2,,,56,73,,1,,NE,,,,,,AFD3002,02/06/2018,02/06/2018,I,1,24/06/2018,AFD3580,AFD3581,,,,,,,,,,11.39,,13.49,,5.33,,,,,,,,,,,,,,,,,
6513,2018,130,YAR,BLUTI,1,10,,0,,,18,41,,0,,JP,,,,,,S845001,04/05/2018,25/04/2017,S,2,,,,,,,,,,,,,,,,,,,,,,,,,,,,,,,,,,
6514,2018,131,YAR,PIEFL,1,6,6,6,17,41.5,44,63,,0,,NE,D637436,07/06/2018,04/06/2014,S,5,S845645,20/04/2018,20/04/2018,I,1,14/06/2018,AFD3093,AFD3094,AFD3095,AFD3096,AFD3097,AFD3098,,,,,,13.79,,13.72,,14.15,,14.09,,13.76,,13.95,,,,,,,,,,,
6515,2018,132,YAR,BLUTI,1,7,,1,,,35,55,,0,,NE,,,,,,D140686,15/05/2018,08/06/2013,S,5,09/06/2018,AFD3475,AFD3476,AFD3477,AFD3478,,,,,,,,9.12,,8.24,,7.12,,7.43,,,,,,,,,,,,,,,
6516,2018,202,YAR,PIEFL,1,7,7,7,,41.5,39,59,,0,,NE,AFD3027,03/06/2018,03/06/2018,I,1,L351615,03/06/2018,03/06/2016,I,2,10/06/2018,AFD3491,AFD3492,AFD3493,AFD3494,AFD3495,AFD3496,AFD3497,,,,,13.31,,11.73,,14.29,,13.62,,13.05,,13.35,,13.88,,,,,,,,,
6517,2018,206,YAR,PIEFL,1,7,,5,17,31,40,59,,0,,NE,S845443,03/06/2018,31/05/2017,R,1,S845674,20/05/2018,20/05/2018,I,1,10/06/2018,AFD3498,AFD3499,AFD3500,AFD3501,AFD3502,,,,,,,11.87,,13.88,,13.13,,12.94,,13.68,,,,,,,,,,,,,
6518,2018,210,YAR,BLUTI,1,9,,7,,,21,43,,0,,NE,,,,,,S845912,07/05/2018,07/05/2018,I,1,28/05/2018,S845847,S845848,S845849,S845850,S845851,S845852,S845853,S845854,,,,10,,10.9,,11.1,,10.6,,12,,11.5,,11,,11.4,,,,,,,
6519,2018,212,YAR,PIEFL,1,6,6,6,28,34.5,37,55,,0,,NE,AAA8705,03/06/2018,07/06/2017,S,2,S845260,29/05/2018,02/06/2017,R,1,06/06/2018,AFD3385,AFD3386,AFD3387,AFD3388,AFD3389,AFD3390,,,,,,14.08,,13.78,,14.3,,14.92,,14.44,,13.95,,,,,,,,,,,
6520,2018,213,YAR,PIEFL,1,6,,4,18.5,24,34,52,,0,,NE,AAA8707,02/06/2018,07/06/2017,S,2,Z765809,26/05/2018,07/06/2016,S,2,03/06/2018,S845792,S845793,S845794,S845795,S845796,,,,,,,14.68,,14.68,,14.07,,15.27,,15.36,,,,,,,,,,,,,
6521,2018,212A,YAR,BLUTI,1,10,,3,,,27,50,,4,,NE,,,,,,S845010,14/05/2018,02/05/2017,S,2,04/06/2018,AFD3333,AFD3334,AFD3335,,,,,,,,,8.94,,8.13,,9.29,,,,,,,,,,,,,,,,,
6522,2018,212B,YAR,PIEFL,1,7,,0,17,24,37,57,,1,,JD,AFD3003,02/06/2018,02/06/2018,I,1,S845954,15/05/2018,15/05/2018,I,1,,,,,,,,,,,,,,,,,,,,,,,,,,,,,,,,,,
6523,2018,212C,YAR,PIEFL,1,7,7,7,,20.5,38,57,,0,,NE,S845257,20/04/2018,02/06/2017,S,2,S845955,15/05/2018,15/05/2018,I,1,08/06/2018,AFD3435,AFD3436,AFD3437,AFD3438,AFD3439,AFD3440,AFD3441,,,,,14.1,,14.78,,13.91,,14.41,,14.09,,13.57,,13.6,,,,,,,,,
6524,2018,214,YAR,GRETI,1,4,,4,,,52,65,,0,,NE,,,,,,,,,,,15/06/2018,VZ93488,VZ93489,VZ93490,VZ93491,,,,,,,,19.94,,17.68,,16.38,,16.92,,,,,,,,,,,,,,,
6525,2018,215,YAR,BLUTI,1,7,,3,,,27,46,,0,,NE,,,,,,S845319,14/05/2018,22/05/2017,R,1,31/05/2018,S845716,S845717,S845718,,,,,,,,,11.66,,12.66,,12.5,,,,,,,,,,,,,,,,,
6526,2018,216,YAR,GRETI,1,9,,7,,,26,,,0,,NE,,,,,,S845942,14/05/2018,14/05/2018,I,1,29/05/2018,VZ93451,VZ93452,VZ93453,VZ93454,VZ93455,,,,,,,16.3,,18.2,,16.3,,17.1,,14.8,,,,,,,,,,,,,
6527,2018,217,YAR,PIEFL,1,6,,1,17,24,39,58,,4,,NE,S845291,02/06/2018,05/06/2017,R,1,S845977,23/05/2018,23/05/2018,I,1,09/06/2018,AFD3474,,,,,,,,,,,13.56,,,,,,,,,,,,,,,,,,,,,
6528,2018,218,YAR,BLUTI,1,9,,2,,,25,47,,0,,NE,,,,,,S845941,14/05/2018,14/05/2018,I,1,01/06/2018,S845771,S845772,,,,,,,,,,10.93,,10.52,,,,,,,,,,,,,,,,,,,
6529,2018,219,YAR,BLUTI,1,11,,3,,,24,48,,0,,NE,,,,,,S845011,10/05/2018,02/05/2017,S,2,02/06/2018,AFD3004,AFD3005,AFD3006,AFD3007,,,,,,,,,,,,,,,,,,,,,,,,,,,,,
6530,2018,220,YAR,PIEFL,1,7,6,6,15.5,20.5,38,57,,1,,NE,Z286405,16/04/2018,01/06/2015,S,4,Z765382,02/06/2018,26/05/2016,S,3,08/06/2018,AFD3416,AFD3417,AFD3418,AFD3419,AFD3420,AFD3421,,,,,,15.04,,14.2,,14.54,,14.61,,14.69,,14.99,,,,,,,,,,,
6532,2018,224,YAR,BLUTI,1,10,0,0,,,20,,,10,,ED,,,,,,S845906,04/05/2018,04/05/2018,I,1,,,,,,,,,,,,,,,,,,,,,,,,,,,,,,,,,,
6533,2018,225,YAR,GRETI,1,9,0,0,,,24,,,9,,ED,,,,,,S845939,14/05/2018,14/05/2018,I,1,,,,,,,,,,,,,,,,,,,,,,,,,,,,,,,,,,
6534,2018,226,YAR,GRETI,1,7,0,0,,,31,,,7,,ED,,,,,,S845960,17/05/2018,17/05/2018,I,1,,,,,,,,,,,,,,,,,,,,,,,,,,,,,,,,,,
6535,2018,227,YAR,PIEFL,1,7,,6,,24,40,61,,0,,NE,AFD3060,07/06/2018,07/06/2018,I,1,S845964,18/05/2018,18/05/2018,I,1,12/06/2018,AFD3535,AFD3536,AFD3537,AFD3538,AFD3539,AFD3540,,,,,,14.63,,15.08,,13.65,,14.33,,14.4,,14.29,,,,,,,,,,,
6536,2018,228,YAR,GRETI,1,3,,0,,,29,,,1,,XD,,,,,,,,,,,,,,,,,,,,,,,,,,,,,,,,,,,,,,,,,,,,
6537,2018,231,YAR,GRETI,1,9,,4,,,21,44,,1,,NE,S845938,14/05/2018,14/05/2018,I,2,VZ93426,28/05/2018,28/05/2018,I,2,28/05/2018,VZ93422,VZ93423,VZ93424,VZ93425,,,,,,,,20.4,,21,,20.2,,19.5,,,,,,,,,,,,,,,
6538,2018,232,YAR,BLUTI,1,6,0,0,,,26,,,6,,ED,,,,,,S845930,11/05/2018,11/05/2018,I,1,,,,,,,,,,,,,,,,,,,,,,,,,,,,,,,,,,
6539,2018,233,YAR,GRETI,1,4,,2,,,28,,,2,,NE,,,,,,Z765462,14/05/2018,27/05/2016,S,3,29/05/2018,VZ93456,VZ93457,,,,,,,,,,17.6,,17.4,,,,,,,,,,,,,,,,,,,
6540,2018,234,YAR,PIEFL,1,7,3,3,21.5,34.5,40,61,,4,,NE,AAA8627,07/06/2018,04/06/2017,S,2,X533379,07/06/2018,10/06/2009,S,9,12/06/2018,AFD3541,AFD3542,AFD3543,,,,,,,,,13.71,,14.07,,14.25,,,,,,,,,,,,,,,,,
6541,2018,235,YAR,GRETI,1,7,,6,,,35,55,,0,,NE,,,,,,S845953,15/05/2018,15/05/2018,I,1,05/06/2018,VZ93401,VZ93402,VZ93403,VZ93404,VZ93405,VZ93477,,,,,,17.38,,16.09,,16.84,,17.4,,16.54,,17.19,,,,,,,,,,,
6542,2018,237,YAR,PIEFL,1,7,,1,17,20.5,39,58,,1,,NE,D005133,18/04/2018,28/05/2014,S,5,Z286226,02/06/2018,30/05/2015,S,4,09/06/2018,AFD3466,,,,,,,,,,,13.35,,,,,,,,,,,,,,,,,,,,,
6543,2018,238,YAR,BLUTI,1,6,,0,,,26,45,,0,,JP,,,,,,S845940,14/05/2018,14/05/2018,I,1,30/05/2018,S845987,,,,,,,,,,,11.14,,,,,,,,,,,,,,,,,,,,,
6544,2018,239,YAR,BLUTI,1,8,,0,,,24,44,,0,,JD,,,,,,S845922,09/05/2018,09/05/2018,I,1,,,,,,,,,,,,,,,,,,,,,,,,,,,,,,,,,,
6545,2018,240,YAR,PIEFL,1,7,,1,18.5,20.5,38,57,,0,,NE,AAA8706,19/04/2018,07/06/2017,S,2,Z286648,06/06/2018,03/06/2015,S,3,08/06/2018,AFD3422,,,,,,,,,,,13.97,,,,,,,,,,,,,,,,,,,,,
6546,2018,241,YAR,GRETI,1,6,,3,,,37,56,,0,,NE,,,,,,S845961,17/05/2018,17/05/2018,I,1,05/06/2018,VZ93478,VZ93479,,,,,,,,,,15.21,,15.6,,,,,,,,,,,,,,,,,,,
6547,2018,242,YAR,BLUTI,1,6,0,0,,,25,,,6,,ED,,,,,,S845931,11/05/2018,11/05/2018,I,1,,,,,,,,,,,,,,,,,,,,,,,,,,,,,,,,,,
6548,2018,243,YAR,PIEFL,1,6,5,5,,34.5,39,57,,1,,NE,AFD3008,02/06/2018,02/06/2018,I,1,S846026,18/05/2018,28/05/2017,I,1,08/06/2018,AFD3411,AFD3412,AFD3413,AFD3414,AFD3415,,,,,,,13.24,,13.65,,13.03,,13.92,,12.9,,,,,,,,,,,,,
6549,2018,244,YAR,BLUTI,1,6,0,0,,,24,,,6,,ED,,,,,,S845923,09/05/2018,09/05/2018,I,1,,,,,,,,,,,,,,,,,,,,,,,,,,,,,,,,,,
6550,2018,245,YAR,PIEFL,1,7,7,7,,20.5,39,58,,0,,NE,D140987,02/06/2018,13/06/2013,S,6,S845952,15/05/2018,15/05/2018,I,1,09/06/2018,AFD3467,AFD3468,AFD3469,AFD3470,AFD3471,AFD3472,AFD3473,,,,,14.05,,13.32,,12.55,,13.15,,14.41,,13.34,,12.68,,,,,,,,,
6551,2017,246,YAR,BLUTI,1,10,,10,,,23,46,,0,,NE,,,,,,D636970,28/04/2017,21/05/2014,S,3,22/05/2017,S845312,S845313,S845314,S845315,,,,,,,,5.76,,11.36,,11.35,,10.89,,,,,,,,,,,,,,,
6552,2018,247,YAR,BLUTI,1,6,,3,,,35,53,,0,,NE,,,,,,S845951,15/05/2018,15/05/2018,I,1,07/06/2018,AFD3177,AFD3178,AFD3179,,,,,,,,,10.69,,7.68,,8.51,,,,,,,,,,,,,,,,,
6553,2018,248,YAR,BLUTI,1,7,0,0,,,23,,,7,,ED,,,,,,S845913,08/05/2018,08/05/2018,I,1,,,,,,,,,,,,,,,,,,,,,,,,,,,,,,,,,,
6554,2018,249,YAR,BLUTI,2,8,0,0,,,35,,,8,,ED,,,,,,S845913,23/05/2018,23/05/2018,I,1,,,,,,,,,,,,,,,,,,,,,,,,,,,,,,,,,,
6555,2018,301,YAR,PIEFL,1,8,,6,15.5,17,39,59,,0,,NE,AFD3042,05/06/2018,05/06/2018,I,1,S845803,16/05/2018,16/05/2018,I,1,10/06/2018,AFD3503,AFD3504,AFD3505,AFD3506,AFD3507,AFD3508,,,,,,12.8,,13.01,,13.64,,12.96,,14.23,,12.36,,,,,,,,,,,
6556,2018,303,YAR,PIEFL,1,7,,6,,,39,58,,0,,NE,S845164,05/06/2018,28/05/2017,R,1,S845357,16/05/2018,07/06/2017,S,2,09/06/2018,AFD3267,AFD3268,AFD3269,AFD3270,AFD3271,AFD3272,,,,,,11.4,,10.9,,12.2,,11.8,,12.2,,12,,,,,,,,,,,
6557,2018,304,YAR,PIEFL,1,6,5,5,31.5,34.5,44,63,,1,,NE,AAA8614,07/06/2018,04/06/2017,R,1,S846022,26/05/2018,23/05/2017,I,1,09/06/2018,AFD3262,AFD3263,AFD3264,AFD3265,AFD3266,,,,,,,,,,,,,,,,,,,,,,,,,,,,
6558,2018,306,YAR,BLUTI,1,10,,9,,,24,46,,1,,NE,,,,,,D636916,09/05/2018,18/05/2014,S,4,31/05/2018,S845729,S845730,S845731,S845732,S845733,S845734,S845735,S845736,S845737,S845738,,12.44,,11.67,,11.26,,10.68,,9.87,,10.66,,10.99,,11.45,,10.27,,,,,
6559,2018,307,YAR,GRETI,1,8,,4,,,40,59,,2,,NE,,,,,,S845979,24/05/2018,24/05/2018,I,1,11/06/2018,VZ93485,VZ93486,VZ93487,,,,,,,,,,,,,,,,,,,,,,,,,,,,,,
6560,2018,311,YAR,PIEFL,1,7,,6,,20.5,34,53,,0,,NE,Z286584,05/06/2018,09/06/2015,S,3,S845804,16/05/2018,16/05/2018,I,1,04/06/2018,AFD3320,AFD3321,AFD3322,AFD3323,AFD3324,AFD3325,,,,,,13.54,,14.63,,14.5,,14.16,,13.8,,14.12,,,,,,,,,,,
6561,2018,312,YAR,BLUTI,1,,0,0,,,31,,,3,,ED,,,,,,,,,,,,,,,,,,,,,,,12.18,,12.19,,11.82,,,,,,,,,,,,,,,,,
6562,2018,312,YAR,PIEFL,1,6,3,3,,24,50,69,,3,,NE,,,,,,Z135712,12/06/2018,04/06/2016,S,2,20/06/2018,AFD3574,AFD3575,AFD3576,,,,,,,,,12.18,,12.19,,11.82,,,,,,,,,,,,,,,,,
6563,2018,313,YAR,GRETI,1,7,,4,,,26,,,0,,NE,,,,,,V144569,14/05/2018,04/12/2016,I,3,28/05/2018,VZ93427,VZ93428,VZ93429,VZ93430,,,,,,,,14.6,,17.1,,13.4,,15.4,,,,,,,,,,,,,,,
6564,2018,314,YAR,PIEFL,1,6,5,4,17,31,41,58,,1,,NE,Z765940,04/06/2018,13/06/2016,S,2,Z286302,28/05/2018,07/06/2015,S,4,09/06/2018,AFD3273,AFD3274,AFD3275,AFD3276,AFD3277,,,,,,,14.5,,13.3,,10.9,,14.2,,14.2,,,,,,,,,,,,,
6565,2018,317,YAR,PIEFL,1,6,6,6,,24,38,57,,0,,NE,AFD3026,03/06/2018,03/06/2018,I,1,S845805,16/05/2018,16/05/2018,I,1,08/06/2018,AFD3198,AFD3199,AFD3200,AFD3401,AFD3402,AFD3403,,,,,,14.3,,14.37,,13.56,,13.91,,14.48,,13.57,,,,,,,,,,,
6566,2018,318,YAR,BLUTI,1,10,,7,,,22,44,,0,,NE,,,,,,V144757,07/05/2018,15/10/2017,I,3,29/05/2018,S845865,S845866,S845867,S845868,S845869,S845870,S845871,S845872,S845873,S845874,,10.2,,9.3,,9.9,,10.2,,10.3,,10.6,,9.7,,10.8,,10.2,,9.9,,,
6567,2018,319,YAR,PIEFL,1,7,,6,14,20.5,35,55,,0,,NE,AFD3041,05/06/2018,05/06/2018,I,1,Z097891,29/05/2018,07/06/2016,S,2,06/06/2018,AFD3391,AFD3392,AFD3393,AFD3394,AFD3395,AFD3396,,,,,,12.37,,13.55,,12.87,,12.76,,14.27,,13.88,,,,,,,,,,,
6568,2018,321,YAR,PIEFL,1,7,7,7,19.5,27.5,38,57,,0,,NE,AAA8542,03/06/2018,15/06/2017,R,1,S845806,16/05/2018,16/05/2018,I,1,08/06/2018,AFD3404,AFD3405,AFD3406,AFD3407,AFD3408,AFD3409,AFD3410,,,,,12.71,,10.99,,10.79,,12.89,,12.05,,11.85,,13.31,,,,,,,,,
6569,2018,322,YAR,PIEFL,1,7,,6,12.5,24,38,57,,0,,NE,S845474,03/06/2018,08/06/2017,S,2,D061293,16/05/2018,07/06/2013,S,4,08/06/2018,AFD3191,AFD3192,AFD3193,AFD3194,AFD3195,AFD3196,AFD3197,,,,,13.67,,13,,13.21,,12.56,,13.45,,10.64,,13.13,,,,,,,,,
6570,2018,323,YAR,GRETI,1,9,0,0,,,23,,,9,,ED,,,,,,,,,,,,,,,,,,,,,,,,,,,,,,,,,,,,,,,,,,,,
6571,2018,326,YAR,BLUTI,1,9,,7,,,28,50,,2,,NE,,,,,,S845943,14/05/2018,14/05/2018,I,1,04/06/2018,AFD3326,AFD3327,AFD3328,AFD3329,AFD3330,AFD3331,AFD3332,,,,,12.64,,10.94,,11.19,,10.86,,10.71,,10.15,,10.07,,,,,,,,,
6572,2018,330,YAR,BLUTI,1,10,,0,,,27,50,,0,,JD,,,,,,S845944,14/05/2018,14/05/2018,I,1,,,,,,,,,,,,,,,,,,,,,,,,,,,,,,,,,,
6573,2018,331,YAR,PIEFL,1,7,,4,25,31,39,58,,0,,NE,,,,,,Z590808,04/06/2018,10/06/2016,S,2,09/06/2018,AFD3479,AFD3480,AFD3481,AFD3482,,,,,,,,13.49,,13.52,,14.18,,13.29,,,,,,,,,,,,,,,
6574,2018,332,YAR,COATI,1,9,0,0,,,23,,,9,,ED,,,,,,V143961,08/05/2018,15/11/2015,I,3,,,,,,,,,,,,,,,,,,,,,,,,,,,,,,,,,,
6575,2018,333,YAR,BLUTI,1,11,0,0,,,28,,,11,,ED,,,,,,S845924,09/05/2018,09/05/2018,I,1,,,,,,,,,,,,,,,,,,,,,,,,,,,,,,,,,,
6576,2018,335,YAR,PIEFL,1,7,6,6,15.5,20.5,37,56,,1,,NE,AFD3039,04/06/2018,04/06/2018,I,1,D140620,04/06/2018,04/06/2013,S,5,07/06/2018,AFD3154,AFD3155,AFD3156,AFD3157,AFD3158,AFD3159,,,,,,14.62,,13.95,,14.33,,14.41,,14,,14.19,,,,,,,,,,,
6577,2018,336,YAR,BLUTI,1,8,0,0,,,27,,,8,,ED,,,,,,V143936,07/05/2018,07/03/2015,S,5,,,,,,,,,,,,,,,,,,,,,,,,,,,,,,,,,,
6578,2018,338,YAR,BLUTI,1,9,,9,,,26,47,,0,,NE,,,,,,S845927,11/05/2018,11/05/2018,I,1,01/06/2018,S845762,S845763,S845764,S845765,S845766,S845767,S845768,S845769,S845770,,,11.65,,11.02,,11.57,,11.52,,10.68,,10.25,,11.42,,11,,10.93,,,,,
6579,2018,339,YAR,PIEFL,1,6,6,6,31.5,34.5,39,57,,0,,NE,S845156,02/06/2018,25/05/2017,S,2,S845962,17/05/2018,17/05/2018,I,1,08/06/2018,AFD3185,AFD3186,AFD3187,AFD3188,AFD3189,AFD3190,,,,,,14.94,,14.02,,15.34,,14.72,,14.3,,14.34,,,,,,,,,,,
6580,2018,340,YAR,PIEFL,1,7,,6,,27.5,37,56,,0,,NE,Z286611,02/06/2018,30/05/2015,S,3,S845132,06/05/2018,04/06/2017,S,2,07/06/2018,AFD3148,AFD3149,AFD3150,AFD3151,AFD3152,AFD3153,,,,,,14.35,,13.3,,13.94,,13.54,,14.27,,14.18,,,,,,,,,,,
6581,2018,342,YAR,BLUTI,1,8,,0,,,26,48,,0,,JP,,,,,,S845928,11/05/2018,11/05/2018,I,1,02/06/2018,AFD3009,AFD3010,AFD3011,AFD3012,AFD3013,AFD3014,AFD3015,,,,,7.4,,9.6,,6.8,,8.9,,8.7,,8,,7.5,,,,,,,,,
6582,2018,343,YAR,BLUTI,1,9,,8,,,19,43,,,,NE,,,,,,S953788,07/05/2018,20/12/2017,I,1,28/05/2018,S845827,S845828,S845829,S845830,S845831,S845832,S845833,S845834,,,,11.1,,10.8,,11,,11.4,,10.9,,10.8,,11.2,,10.5,,,,,,,
6583,2018,344,YAR,PIEFL,1,6,6,6,23.5,34.5,38,56,,0,,NE,S845697,02/06/2018,02/06/2018,I,1,S845807,16/05/2018,16/05/2018,I,1,07/06/2018,AFD3142,AFD3143,AFD3144,AFD3145,AFD3146,AFD3147,,,,,,12.16,,13.19,,12.36,,12.32,,12.26,,12.93,,,,,,,,,,,
6584,2018,345,YAR,PIEFL,1,8,,6,21.5,34,40,60,,1,,NE,AAA8713,07/06/2018,07/06/2017,R,2,Y369483,07/06/2018,11/06/2012,S,6,11/06/2018,AFD3515,AFD3516,AFD3517,AFD3518,AFD3519,AFD3520,,,,,,12.83,,12.2,,11.29,,10.55,,13.01,,12.34,,,,,,,,,,,
6585,2018,347,YAR,BLUTI,1,9,,3,,,27,48,,0,,NE,,,,,,S845929,11/05/2018,11/05/2018,I,1,02/06/2018,AFD3016,AFD3017,AFD3018,,,,,,,,,9.6,,9,,9.9,,,,,,,,,,,,,,,,,
6586,2018,349,YAR,PIEFL,1,8,7,7,21.5,34.5,40,60,,1,,NE,Z765397,07/06/2018,05/06/2016,S,3,S845963,18/05/2018,18/05/2018,I,1,11/06/2018,AFD3521,AFD3522,AFD3523,AFD3524,AFD3525,AFD3526,AFD3527,,,,,14.05,,13.44,,13.75,,13.31,,13.51,,14.11,,13.4,,,,,,,,,
6587,2018,351,YAR,BLUTI,1,9,,8,,,20,43,,0,,NE,,,,,,S845909,04/05/2018,04/05/2018,I,1,28/05/2018,S845835,S845836,S845837,S845838,S845839,S845840,S845841,S845842,,,,12,,11.8,,11.9,,10.9,,12.6,,11.6,,12.2,,12.5,,,,,,,
6588,2018,352,YAR,PIEFL,1,8,,7,15.5,20.5,35,55,,0,,NE,S845864,29/05/2018,29/05/2018,I,1,S845945,14/05/2018,14/05/2018,I,1,06/06/2018,AFD3377,AFD3378,AFD3379,AFD3380,AFD3381,AFD3382,AFD3383,AFD3384,,,,13.38,,13.13,,14.13,,13.65,,12.61,,13.61,,13.8,,13.46,,,,,,,
6589,2018,354,YAR,MARTI,1,7,,0,,,24,,,0,,XP,,,,,,S845919,09/05/2018,09/05/2018,I,2,,,,,,,,,,,,,,,,,,,,,,,,,,,,,,,,,,
6590,2018,355,YAR,BLUTI,1,10,,0,,,21,44,,0,,JP,,,,,,S845916,08/05/2018,08/05/2018,I,1,,,,,,,,,,,,,,,,,,,,,,,,,,,,,,,,,,
6591,2018,403,YAR,BLUTI,1,9,,4,,,24,,,,,NE,,,,,,S845994,31/05/2018,31/05/2018,I,1,15/06/2018,AFD3567,AFD3568,AFD3569,AFD3570,,,,,,,,11.93,,11.6,,12.21,,10.81,,,,,,,,,,,,,,,
6592,2018,403,YAR,BLUTI,2,4,,4,,,,61,,0,,NE,,,,,,,,,,,15/06/2018,AFD3567,AFD3568,AFD3569,AFD3570,,,,,,,,11.93,,11.6,,12.21,,10.81,,,,,,,,,,,,,,,
6593,2018,404,YAR,PIEFL,1,6,,5,24.5,34.5,39,58,,0,,NE,AFD3028,03/06/2018,03/06/2018,I,1,S845959,17/05/2018,17/05/2018,I,1,09/06/2018,AFD3278,AFD3279,AFD3280,AFD3281,AFD3282,,,,,,,14.7,,14.2,,14.9,,14.7,,14.3,,,,,,,,,,,,,
6594,2018,405,YAR,BLUTI,1,10,0,0,,,22,,,10,,ED,,,,,,S845905,03/05/2018,03/05/2018,I,1,,,,,,,,,,,,,,,,,,,,,,,,,,,,,,,,,,
6595,2018,407,YAR,COATI,1,7,,7,,,18,45,,0,,NE,,,,,,S845647,11/05/2018,11/05/2018,I,1,27/05/2018,S845810,S845811,S845812,S845813,S845814,S845815,S845816,,,,,,,,,,,,,,,,,,,,,,,,,,
6596,2018,409,YAR,PIEFL,1,6,0,0,24.5,24,36,,,6,,ED,,,,,,S845950,15/05/2018,15/05/2018,I,1,,,,,,,,,,,,,,,,,,,,,,,,,,,,,,,,,,
6597,2018,410,YAR,PIEFL,1,8,,2,,34.5,42,63,,0,,NE,,,,,,S845972,22/05/2018,22/05/2018,I,1,,,,,,,,,,,,,10.99,,9.97,,,,,,,,,,,,,,,,,,,
6598,2018,412,YAR,GRETI,1,5,,5,,,27,,,0,,NE,,,,,,S845949,15/05/2018,15/05/2018,I,1,01/06/2018,VZ93406,VZ93407,VZ93408,VZ93409,VZ93410,,,,,,,19.18,,20.85,,21.71,,19.21,,20.53,,,,,,,,,,,,,
6599,2018,414,YAR,PIEFL,1,7,,0,17.5,41.5,47,66,,0,,"JD, FD",AFD3088,11/06/2018,11/06/2018,I,1,Z765909,26/05/2018,12/06/2016,S,2,,,,,,,,,,,,,,,,,,,,,,,,,,,,,,,,,,
6600,2018,415,YAR,PIEFL,1,8,,6,18.5,17,34,56,,0,,NE,S845394,02/06/2018,29/05/2017,R,1,D543239,02/06/2018,17/06/2013,S,5,07/06/2018,AFD3171,AFD3172,AFD3173,AFD3174,AFD3175,AFD3176,,,,,,13.59,,13.45,,14.66,,13.16,,12.87,,13.7,,,,,,,,,,,
6601,2018,416,YAR,BLUTI,1,10,,8,,,22,44,,0,,NE,,,,,,S845102,10/05/2018,24/04/2017,S,2,29/05/2018,S845856,S845857,S845858,S845859,S845860,S845861,S845862,S845863,,,,10.7,,11,,11.7,,11.2,,9.6,,10.9,,11.1,,10.7,,,,,,,
6602,2018,417,YAR,BLUTI,1,10,,2,,,19,43,,0,,NE,,,,,,S845915,08/05/2018,08/05/2018,I,1,28/05/2018,S845843,S845844,,,,,,,,,,9.6,,9.6,,,,,,,,,,,,,,,,,,,
6603,2018,418,YAR,NUTHA,1,,0,0,,,24,,3,3,,"ED,FD",,,,,,,,,,,,,,,,,,,,,,,,,,,,,,,,,,,,,,,,,,,,
6604,2018,419,YAR,PIEFL,1,7,7,7,14.5,27.5,37,56,,0,,NE,S845696,02/06/2018,02/06/2018,I,1,S845808,16/05/2018,16/05/2018,I,1,07/06/2018,AFD3160,AFD3161,AFD3162,AFD3163,AFD3164,AFD3165,AFD3166,,,,,12.84,,13.38,,13.75,,13.28,,13.25,,13.33,,13.74,,,,,,,,,
6605,2018,422,YAR,BLUTI,1,10,,7,,,19,41,,0,,NE,,,,,,S845908,04/05/2018,04/05/2018,I,1,25/05/2018,S845980,S845981,S845982,S845983,S845984,S845985,S845986,,,,,10.86,,10.94,,10.79,,11.59,,10.93,,11.88,,11.4,,,,,,,,,
6606,2018,423,YAR,BLUTI,1,10,,6,,,24,46,,1,,NE,,,,,,S845946,14/05/2018,14/05/2018,I,1,31/05/2018,S845710,S845711,S845712,S845713,S845714,S845715,,,,,,12.32,,11.79,,11.6,,12.35,,11.29,,12.49,,,,,,,,,,,
6607,2018,425,YAR,BLUTI,1,7,,0,,,31,51,,0,,JD,,,,,,D140795,23/05/2018,07/06/2013,S,5,,,,,,,,,,,,,,,,,,,,,,,,,,,,,,,,,,
6608,2018,426,YAR,PIEFL,1,6,,2,,27.5,36,54,,2,,NE,AAA8539,29/05/2018,15/06/2017,R,1,S845662,13/05/2018,13/05/2018,I,1,05/06/2018,AFD3336,AFD3337,AFD3338,,,,,,,,,14.32,,14.37,,14.14,,,,,,,,,,,,,,,,,
6609,2018,427,YAR,BLUTI,1,8,,7,,,24,46,,1,,NE,,,,,,S845925,10/05/2018,10/05/2018,I,1,31/05/2018,S845703,S845704,S845705,S845706,S845707,S845708,S845709,,,,,10.97,,11.46,,11.14,,12.12,,10.87,,11.34,,11.1,,,,,,,,,
6610,2018,428,YAR,NUTHA,1,6,0,0,,,20,,,6,,ED,,,,,,VZ93419,30/04/2018,30/04/2018,I,1,,,,,,,,,,,,,,,,,,,,,,,,,,,,,,,,,,
6611,2018,429,YAR,BLUTI,1,10,,8,,,25,47,,0,,NE,,,,,,S845907,04/05/2018,04/05/2018,I,1,01/06/2018,S845752,S845753,S845754,S845755,S845756,S845757,S845758,S845759,S845760,S845761,,9.97,,10.86,,9.95,,10.56,,10.19,,10.19,,11.33,,10.07,,9.64,,8.92,,,
6612,2018,430,YAR,BLUTI,1,6,,2,,,24,51,,2,,NE,,,,,,V144317,23/05/2018,06/03/2016,S,2,05/06/2018,AFD3341,AFD3342,AFD3343,,,,,,,,,8.6,,7.03,,8.57,,,,,,,,,,,,,,,,,
6613,2018,431,YAR,BLUTI,1,8,0,0,,,24,,,8,,ED,,,,,,,,,,,,,,,,,,,,,,,13.45,,14.1,,13.35,,13.75,,13.1,,,,,,,,,,,,,
6614,2018,431,YAR,PIEFL,1,5,5,5,,55.5,63,80,,0,,NE,AFD3296,25/06/2018,25/06/2018,I,1,AFD3089,11/06/2018,11/06/2018,I,1,01/07/2018,AFD3628,AFD3629,AFD3630,AFD3631,AFD3632,,,,,,,13.45,,14.1,,13.35,,13.75,,13.1,,,,,,,,,,,,,
6615,2018,433,YAR,BLUTI,1,7,,7,,,27,48,,0,,NE,,,,,,S845305,07/05/2018,22/05/2017,R,1,02/06/2018,AFD3019,AFD3020,AFD3021,AFD3022,AFD3023,AFD3024,AFD3025,,,,,11.7,,11.7,,12,,11.5,,10.6,,11.4,,10.7,,,,,,,,,
6616,2018,434,YAR,BLUTI,1,11,,0,,,22,45,,0,,JD,,,,,,S845317,07/05/2018,22/05/2017,R,1,,,,,,,,,,,,,,,,,,,,,,,,,,,,,,,,,,
6617,2018,435,YAR,BLUTI,1,,0,0,,,31,,,1,,ED,,,,,,,,,,,,,,,,,,,,,,,,,,,,,,,,,,,,,,,,,,,,
6618,2018,436,YAR,BLUTI,1,10,0,0,,,36,,,10,,ED,,,,,,,,,,,,,,,,,,,,,,,,,,,,,,,,,,,,,,,,,,,,
6619,2018,437,YAR,BLUTI,1,8,0,0,,,32,,,8,,ED,,,,,,S845932,11/05/2018,11/05/2018,I,1,,,,,,,,,,,,,,,,,,,,,,,,,,,,,,,,,,
6620,2018,441,YAR,PIEFL,1,7,6,6,17.5,,40,58,,1,,NE,D637611,01/06/2018,13/06/2014,S,4,S845675,20/05/2018,20/05/2018,I,1,09/06/2018,AFD3442,AFD3443,AFD3444,AFD3445,AFD3446,AFD3447,,,,,,13.31,,14.68,,13.53,,13.47,,14,,13.56,,,,,,,,,,,
6621,2018,443,YAR,GRETI,1,5,0,0,,,26,,,5,,ED,,,,,,,,,,,,,,,,,,,,,,,,,,,,,,,,,,,,,,,,,,,,
6622,2018,443,YAR,GRETI,2,7,,5,,,37,,,1,,NE,,,,,,S845110,17/05/2018,07/05/2017,S,2,05/06/2018,VZ93480,VZ93481,VZ93482,VZ93483,VZ93484,,,,,,,20.1,,20.35,,19.62,,18.64,,18.55,,,,,,,,,,,,,
6623,2018,444,YAR,BLUTI,1,9,,6,,,28,51,,0,,NE,,,,,,S845914,08/05/2018,08/05/2018,I,1,05/06/2018,AFD3344,AFD3345,AFD3346,AFD3347,AFD3348,AFD3349,,,,,,9.6,,10.81,,9.94,,10.42,,11.07,,10.08,,,,,,,,,,,
6624,2018,445,YAR,GRETI,1,4,0,0,,,28,,,4,,ED,,,,,,S845110,29/04/2018,07/05/2017,S,2,,,,,,,,,,,,,,,,,,,,,,,,,,,,,,,,,,
6625,2018,446,YAR,PIEFL,1,6,6,6,27.5,34.5,40,58,,0,,NE,Z765733,05/06/2018,10/06/2016,R,2,S845172,01/06/2018,28/05/2017,R,1,09/06/2018,AFD3454,AFD3455,AFD3456,AFD3457,AFD3458,AFD3459,,,,,,12.68,,13.22,,14.23,,13.76,,14.26,,13.59,,,,,,,,,,,
6626,2018,449,YAR,PIEFL,1,7,6,6,21.5,24,37,58,,1,,NE,AFD3001,01/06/2018,01/06/2018,I,1,Z765936,05/05/2018,13/06/2016,S,2,09/06/2018,AFD3448,AFD3449,AFD3450,AFD3451,AFD3452,AFD3453,,,,,,14.34,,13.38,,14.74,,14.9,,13.83,,14.35,,,,,,,,,,,
6627,2018,451,YAR,GRETI,1,6,,6,,,23,,,0,,NE,,,,,,S845661,13/05/2018,13/05/2018,I,1,29/05/2018,VZ93458,VZ93459,VZ93460,VZ93461,VZ93462,VZ93463,,,,,,19,,17.9,,19.3,,20.7,,17.3,,20.1,,,,,,,,,,,
6628,2018,452,YAR,GRETI,1,5,,0,,,27,43,,0,,JD,,,,,,S845936,14/05/2018,14/05/2018,I,1,,,,,,,,,,,,,,,,,,,,,,,,,,,,,,,,,,
6629,2018,453,YAR,PIEFL,1,7,7,7,15.5,17,41,60,,0,,NE,S845802,29/04/2018,29/04/2018,I,1,Z765751,05/06/2018,10/06/2016,R,2,11/06/2018,AFD3528,AFD3529,AFD3530,AFD3531,AFD3532,AFD3533,AFD3534,,,,,12.45,,11.12,,14.29,,12.32,,12.29,,12.83,,11.44,,,,,,,,,
6630,2018,454,YAR,BLUTI,1,9,,8,,,24,46,,1,,NE,,,,,,S953764,09/05/2018,20/12/2017,I,1,31/05/2018,S845701,S845702,S845995,S845996,S845997,S845998,S845999,S846000,,,,11.74,,11.28,,11.56,,11.39,,10.87,,11.54,,11.91,,11.36,,,,,,,
6631,2018,455,YAR,BLUTI,1,10,,9,,,24,47,,0,,NE,,,,,,S845923,09/05/2018,09/05/2018,I,1,01/06/2018,S845783,S845784,S845785,S845786,S845787,S845788,S845789,S845790,S845791,,,10.55,,10.66,,11.22,,10.67,,10.25,,10.2,,11.52,,11.39,,11.86,,,,,
6632,2018,456,YAR,PIEFL,1,6,,0,,17,47,65,,0,,JD,,,,,,AAA8556,25/05/2018,21/06/2017,R,1,,,,,,,,,,,,,,,,,,,,,,,,,,,,,,,,,,
6633,2018,457,YAR,PIEFL,1,6,6,6,12.5,34.5,40,58,,0,,NE,AAA8741,05/06/2018,11/06/2017,S,2,S845937,14/05/2018,14/05/2018,I,1,09/06/2018,AFD3460,AFD3461,AFD3462,AFD3463,AFD3464,AFD3465,,,,,,12.61,,11.87,,12.32,,12.54,,12.24,,12.11,,,,,,,,,,,
6634,2018,459,YAR,BLUTI,1,10,,10,,,22,44,,0,,NE,,,,,,S845910,07/05/2018,07/05/2018,I,1,29/05/2018,S845890,S845891,S845892,S845893,S845894,S845895,S845896,S845897,S845898,S845899,,12.2,,11.5,,11.7,,11.5,,11.4,,11,,12.6,,10.8,,12.2,,10.9,,,
6635,2018,460,YAR,BLUTI,1,9,0,0,,,26,,,9,,ED,,,,,,S845911,07/05/2018,07/05/2018,I,1,,,,,,,,,,,,,,,,,,,,,,,,,,,,,,,,,,
6636,2018,462,YAR,BLUTI,1,10,,7,,,20,43,,0,,NE,,,,,,V143835,07/06/2018,01/02/2015,I,4,28/05/2018,S845817,S845818,S845819,S845820,S845821,S845822,S845823,S845824,S845825,S845826,,11.2,,10.7,,10.7,,10.7,,10.2,,9.4,,10.6,,9.5,,9.1,,8.4,,,
6637,2018,463,YAR,PIEFL,1,7,6,6,19,20.5,30,50,,1,,NE,S845682,26/05/2018,26/05/2018,I,1,Z765364,09/05/2018,21/05/2016,S,3,01/06/2018,S845777,S845778,S845779,S845780,S845781,S845782,,,,,,14.41,,14.01,,13.53,,13.34,,14.27,,13.95,,,,,,,,,,,
6638,2018,501,YAR,BLUTI,1,9,,4,,,16,37,,0,,NE,,,,,,S845901,03/05/2018,03/05/2018,I,1,22/05/2018,S845973,S845974,S845975,S845976,,,,,,,,6.91,,10.64,,10.76,,10.51,,,,,,,,,,,,,,,
6639,2018,503,YAR,PIEFL,1,7,,0,,17,42,61,,,,JD,,,,,,S845978,23/05/2018,23/05/2018,I,1,,,,,,,,,,,,,,,,,,,,,,,,,,,,,,,,,,
6640,2018,504,YAR,GRETI,1,9,,3,,,24,51,,0,,NE,,,,,,,,,,,01/06/2018,VZ93411,VZ93412,VZ93413,,,,,,,,,15.79,,17,,13.63,,,,,,,,,,,,,,,,,
6641,2018,505,YAR,COATI,1,9,,9,,,19,43,,0,,NE,,,,,,S845902,03/05/2018,03/05/2018,I,1,29/05/2018,S845879,S845880,S845881,S845882,S845883,S845884,S845885,S845886,S845887,,,,,,,,,,,,,,,,,,,,,,,,
6642,2018,507,YAR,BLUTI,1,5,0,0,,,24,,,5,,ED,,,,,,S845926,10/05/2018,10/05/2018,I,1,,,,,,,,,,,,,,,,,,,,,,,,,,,,,,,,,,
6643,2018,508,YAR,BLUTI,1,8,,0,,,29,50,,0,,JD,,,,,,,,,,,,,,,,,,,,,,,,,,,,,,,,,,,,,,,,,,,,
6644,2018,511,YAR,BLUTI,1,6,,4,,,26,47,,0,,NE,,,,,,S845947,14/05/2018,14/05/2018,I,1,01/06/2018,S845773,S845774,S845775,S845776,,,,,,,,11.77,,12.25,,10.74,,10.76,,,,,,,,,,,,,,,
6645,2018,512,YAR,BLUTI,1,10,0,0,,,18,,,10,,ED,,,,,,S845903,03/05/2018,03/05/2018,I,1,,,,,,,,,,,,,,,,,,,,,,,,,,,,,,,,,,
6646,2018,514,YAR,PIEFL,1,6,,4,15.5,27.5,39,57,,0,,NE,AFD3040,04/06/2018,04/06/2018,I,1,S845809,16/05/2018,16/05/2018,I,1,08/06/2018,AFD3423,AFD3424,AFD3425,AFD3426,AFD3427,AFD3428,,,,,,13.73,,13.27,,12.09,,13.84,,12.96,,12.67,,,,,,,,,,,
6647,2018,515,YAR,BLUTI,1,7,,3,,,13,36,,0,,NE,,,,,,S845904,03/05/2018,03/05/2018,I,1,21/05/2018,S845968,S845969,S845970,S845971,,,,,,,,10.98,,10.15,,10.06,,5.36,,,,,,,,,,,,,,,
6648,2018,516,YAR,BLUTI,1,5,,2,,,34,51,,0,,NE,,,,,,S845948,14/05/2018,14/05/2018,I,1,05/06/2018,AFD3339,AFD3340,,,,,,,,,,10.08,,9.44,,,,,,,,,,,,,,,,,,,
6649,2018,517,YAR,BLUTI,1,12,,0,,,24,48,,2,,JD,,,,,,Z765428,10/05/2018,24/05/2016,S,3,,,,,,,,,,,,,,,,,,,,,,,,,,,,,,,,,,
6650,2018,518,YAR,PIEFL,1,6,6,6,18.5,,36,55,,0,,NE,S845888,29/05/2018,29/05/2018,I,1,AAA8698,13/05/2018,06/06/2017,R,1,06/06/2018,AFD3140,AFD3141,AFD3397,AFD3398,AFD3399,AFD3400,,,,,,13.5,,13.13,,13.05,,13.11,,13.62,,13.44,,,,,,,,,,,
6651,2018,520,YAR,BLUTI,2,8,,2,,,39,59,,1,,NE,,,,,,S845903,18/05/2018,03/05/2018,S,1,13/06/2018,AFD3091,AFD3092,,,,,,,,,,11.92,,12.42,,,,,,,,,,,,,,,,,,,
6652,2018,521,YAR,GRETI,1,6,0,0,,,18,,,6,,ED,,,,,,S845663,13/05/2018,13/05/2018,I,1,,,,,,,,,,,,,,,,,,,,,,,,,,,,,,,,,,
6653,2018,522,YAR,REDST,1,7,,0,,,40,56,,0,,JD,,,,,,S845855,28/05/2018,28/05/2018,I,1,,,,,,,,,,,,,,,,,,,,,,,,,,,,,,,,,,
6654,2018,524,YAR,PIEFL,1,5,,3,12.5,,62,79,,0,,NE,,,,,,AFD3090,12/06/2018,12/06/2018,I,1,30/06/2018,AFD3636,AFD3637,AFD3638,,,,,,,,,14.5,,13.6,,14.8,,,,,,,,,,,,,,,,,
6655,2018,525,YAR,BLUTI,1,8,0,0,,,19,,,8,,ED,,,,,,,,,,,,,,,,,,,,,,,,,,,,,,,,,,,,,,,,,,,,
6656,2018,527,YAR,BLUTI,1,8,0,0,,,31,,,8,,ED,,,,,,S845801,23/04/2018,23/04/2018,I,1,,,,,,,,,,,,,,,,,,,,,,,,,,,,,,,,,,
6657,2018,528,YAR,BLUTI,1,5,0,0,,,30,,,8,,ED,,,,,,S845956,15/05/2018,15/05/2018,I,1,,,,,,,,,,,,,,,,,,,,,,,,,,,,,,,,,,
6658,2018,PROD,YAR,PIEFL,1,6,,5,21.5,,35,53,,0,,NE,S845889,29/05/2018,29/05/2018,I,1,S845935,14/05/2018,14/05/2018,I,1,04/06/2018,AFD3315,AFD3316,AFD3317,AFD3318,AFD3319,,,,,,,13.29,,14.13,,13.37,,14.54,,13.31,,,,,,,,,,,,,
6659,2018,1,BVW,PIEFL,1,5,,5,,32.5,49,,,2,,NE,Z765546,01/05/2018,06/06/2016,R,2,S845680,25/05/2018,25/05/2018,I,1,14/06/2018,AFD3564,AFD3565,AFD3566,,,,,,,,,15.95,,14.31,,14.87,,,,,,,,,,,,,,,,,
6660,2018,2,BVW,PIEFL,1,7,,7,,19.5,35,55,,0,,NE,Z286244,31/05/2018,30/05/2015,S,3,Z765535,17/05/2018,06/06/2016,S,3,06/06/2018,AFD3053,AFD3054,AFD3055,AFD3056,AFD3057,AFD3058,AFD3059,,,,,13.38,,14.23,,13.48,,13.73,,13.9,,13.95,,13.66,,,,,,,,,
6661,2018,3,BVW,GRETI,1,7,,2,,,31,,,3,,NE,,,,,,S845648,11/05/2018,11/05/2018,I,1,,,,,,,,,,,,,,,,,,,,,,,,,,,,,,,,,,
6662,2018,4,BVW,BLUTI,1,7,,7,,19.5,26,,,0,,NE,,,,,,,,,,,,,,,,,,,,,,,,,,,,,,,,,,,,,,,,,,,,
6663,2018,5,BVW,PIEFL,1,,,0,,19.5,36,,,0,,EP,ringed,,,,,ringed left,,,,,,,,,,,,,,,,,,,,,,,,,,,,,,,,,,,,,,
6664,2018,6,BVW,BLUTI,1,12,,11,,15,25,,,,,NE,,,,,,S845649,11/05/2018,11/05/2018,I,1,,,,,,,,,,,,,,,,,,,,,,,,,,,,,,,,,,
6665,2018,7,BVW,PIEFL,1,7,,6,,32.5,43,63,,0,,NE,AFD3067,09/06/2018,09/06/2018,I,1,ACD7003,22/05/2018,22/05/2018,I,1,14/06/2018,AFD3558,AFD3559,AFD3560,AFD3561,AFD3562,AFD3563,,,,,,12.78,,13.66,,13.19,,13.83,,13.33,,14.06,,,,,,,,,,,
6666,2018,8,BVW,PIEFL,1,7,,6,,16,38,58,,,,NE,Z286516,01/05/2018,05/06/2015,R,3,S845668,17/05/2018,17/05/2018,I,1,09/06/2018,AFD3061,AFD3062,AFD3063,AFD3064,AFD3065,AFD3066,,,,,,13.68,,14.38,,14.02,,13.62,,13.65,,13.97,,,,,,,,,,,
6667,2018,9,BVW,PIEFL,1,7,,7,,19.5,33,52,,0,,NE,S845694,31/05/2018,31/05/2018,I,1,S845669,17/05/2018,17/05/2018,I,1,03/06/2018,AFD3114,AFD3115,AFD3116,AFD3117,AFD3118,AFD3119,AFD3120,,,,,14.97,,15.83,,15.44,,15.29,,14.97,,14.08,,15.04,,,,,,,,,
6668,2018,9A,BVW,GRETI,1,8,,7,,,33,,,1,,NE,,,,,,ACD7004,22/05/2018,22/05/2018,I,1,,,,,,,,,,,,,,,,,,,,,,,,,,,,,,,,,,
6669,2018,10,BVW,PIEFL,1,7,,3,,32.5,42,63,,0,,NE,S845698,03/06/2018,03/06/2018,I,1,S845681,25/05/2018,25/05/2018,I,1,14/06/2018,AFD3551,AFD3552,AFD3553,AFD3554,AFD3555,AFD3556,AFD3557,,,,,15.15,,14.99,,15.48,,15.86,,14.88,,14.7,,14.94,,,,,,,,,
6670,2018,12,BVW,PIEFL,1,6,,6,,19.5,36,55,,0,,NE,S845695,31/05/2018,31/05/2018,I,1,S845670,17/05/2018,17/05/2018,I,1,06/06/2018,AFD3047,AFD3048,AFD3049,AFD3050,AFD3051,AFD3052,,,,,,14.86,,14.93,,15.02,,14.35,,15.02,,15.15,,,,,,,,,,,
6671,2018,13,BVW,BLUTI,1,9,,5,,16,28,,,,,NE,,,,,,S845650,11/05/2018,11/05/2018,I,1,,,,,,,,,,,,,,,,,,,,,,,,,,,,,,,,,,
6672,2018,14,BVW,GRETI,1,10,,10,,,36,,,0,,NE,,,,,,,,,,,,,,,,,,,,,,,,,,,,,,,,,,,,,,,,,,,,
6673,2018,15,BVW,PIEFL,1,7,7,7,,25.5,38,58,,0,,NE,Z765971,16/04/2018,14/06/2016,R,2,S845155,17/05/2018,02/06/2017,S,2,09/06/2018,AFD3068,AFD3069,AFD3070,AFD3071,AFD3072,AFD3073,AFD3074,,,,,15.17,,14.39,,14.26,,15.06,,14.15,,14.34,,14.61,,,,,,,,,
6674,2018,16,BVW,BLUTI,1,4,,3,,19.5,27,,,0,,NE,,,,,,,,,,,,,,,,,,,,,,,,,,,,,,,,,,,,,,,,,,,,
6675,2018,17,BVW,BLUTI,1,4,,3,,15,28,,,0,,NE,,,,,,S845651,11/05/2018,11/05/2018,I,1,,,,,,,,,,,,,,,,,,,,,,,,,,,,,,,,,,
6676,2018,18,BVW,GRETI,1,5,,4,,,,,,,,NE,,,,,,,,,,,,,,,,,,,,,,,,,,,,,,,,,,,,,,,,,,,,
6677,2018,18A,BVW,BLUTI,1,10,,9,,19.5,27,,,0,,NE,,,,,,S845652,11/05/2018,11/05/2018,I,1,,,,,,,,,,,,,,,,,,,,,,,,,,,,,,,,,,
6678,2018,18B,BVW,BLUTI,1,6,0,0,,19.5,29,,,5,,ED,,,,,,,,,,,,,,,,,,,,,,,,,,,,,,,,,,,,,,,,,,,,
6679,2018,18C,BVW,PIEFL,1,7,,5,,19.5,30,49,,0,,NE,Z765969,25/05/2018,14/06/2016,R,2,S845654,11/05/2018,11/05/2018,I,1,31/05/2018,AFD3101,AFD3102,AFD3103,AFD3104,AFD3105,AFD3106,AFD3107,,,,,10.17,,11.35,,11.38,,11.42,,11.01,,7.58,,11.94,,,,,,,,,
6680,2018,18D,BVW,BLUTI,1,7,,6,,19.5,33,,,,,NE,,,,,,,,,,,,,,,,,,,,,,,,,,,,,,,,,,,,,,,,,,,,
6681,2018,18E,BVW,PIEFL,1,7,,3,,19.5,28,,,0,,NE,unringed,,,,,S845653,11/05/2018,11/05/2018,I,1,29/05/2018,S845685,S845686,S845687,,,,,,,,,,,,,,,,,,,,,,,,,,,,,,
6682,2018,18F,BVW,PIEFL,1,7,,7,,27.5,39,58,,0,,NE,AFD3029,04/06/2018,04/06/2018,I,1,AAA8554,17/05/2018,21/06/2017,R,1,09/06/2018,AFD3081,AFD3082,AFD3083,AFD3084,AFD3085,AFD3086,AFD3087,,,,,13.86,,13.49,,13.78,,13.75,,13.66,,13.71,,12.9,,,,,,,,,
6683,2018,18G,BVW,PIEFL,1,6,,6,,34.5,39,58,,0,,NE,AFD3030,04/06/2018,04/06/2018,I,1,S845388,04/06/2018,29/05/2017,R,1,09/06/2018,AFD3075,AFD3076,AFD3077,AFD3078,AFD3079,,,,,,,12.85,,13.45,,12.16,,13.22,,13.39,,13.26,,,,,,,,,,,
6684,2018,18I,BVW,PIEFL,1,6,,5,,31.5,44,62,,0,,NE,AFD3030,09/06/2018,04/06/2018,S,1,S845679,25/05/2018,25/05/2018,I,1,14/06/2018,AFD3099,AFD3100,AFD3544,AFD3545,AFD3546,AFD3547,,,,,,13.28,,12.75,,14.21,,12.72,,12.85,,,,,,,,,,,,,
6685,2018,18J,BVW,BLUTI,1,,0,0,,16,31,,1,1,,ED,,,,,,,,,,,,,,,,,,,,,,,,,,,,,,,,,,,,,,,,,,,,
6686,2018,18K,BVW,GRETI,1,8,,7,,,26,,,0,,NE,,,,,,,,,,,04/06/2018,VZ93470,VZ93471,VZ93472,VZ93473,VZ93474,VZ93475,VZ93476,,,,,19.45,,17.66,,17.66,,18.75,,16.78,,17.69,,17.46,,,,,,,,,
6687,2018,18L,BVW,BLUTI,1,7,,6,,16,26,,,,,NE,,,,,,,,,,,,,,,,,,,,,,,,,,,,,,,,,,,,,,,,,,,,
6688,2018,19,BVW,BLUTI,1,8,0,0,,13.5,24,,,8,,ED,,,,,,,,,,,,,,,,,,,,,,,,,,,,,,,,,,,,,,,,,,,,
6689,2018,20,BVW,PIEFL,1,,0,0,,20.5,39,,,3,,ED,ringed right,,,,,Z779373,17/05/2018,05/06/2016,I,2,,,,,,,,,,,,,,,,,,,,,,,,,,,,,,,,,,
6690,2018,21,BVW,BLUTI,1,10,,6,,16,24,,,,,NE,,,,,,,,,,,,,,,,,,,,,,,,,,,,,,,,,,,,,,,,,,,,
6691,2018,22,BVW,NUTHA,1,,,5,,,19,,5,,,NE,,,,,,,,,,,17/05/2018,VZ93414,VZ93415,VZ93416,VZ93417,VZ93418,,,,,,,,,,,,,,,,,,,,,,,,,,,,
6692,2018,23,BVW,BLUTI,1,,,4,,27.5,35,,4,,,NE,,,,,,,,,,,06/06/2018,AFD3043,AFD3044,AFD3045,AFD3046,,,,,,,,,,,,,,,,,,,,,,,,,,,,,
6693,2018,24,BVW,PIEFL,1,7,,4,,,40,63,,0,,NE,D468782,09/06/2018,02/06/2017,I,1,S845678,25/05/2018,25/05/2018,I,1,14/06/2018,AFD3547,AFD3548,AFD3549,AFD3550,,,,,,,,14.46,,14.98,,14.6,,14.88,,,,,,,,,,,,,,,
6694,2018,26,BVW,PIEFL,1,7,,6,,20.5,33,53,,,,NE,S845684,29/05/2018,29/05/2018,I,1,S845646,09/05/2018,09/05/2018,I,1,04/06/2018,AFD3031,AFD3032,AFD3033,AFD3034,AFD3035,AFD3036,,,,,,13.68,,13.39,,13.88,,14.02,,13.85,,12.9,,,,,,,,,,,
6695,2018,27,BVW,GRETI,1,,,6,,,34,,7,1,,NE,,,,,,,,,,,04/06/2018,VZ93464,VZ93465,VZ93466,VZ93467,VZ93468,VZ93469,,,,,,,,,,,,,,,,,,,,,,,,,,,
6696,2018,29,BVW,PIEFL,1,5,,5,,20.5,32,,,0,,NE,S845683,29/05/2018,29/05/2018,I,1,Z286623,29/05/2018,01/06/2015,S,4,29/05/2018,S845688,S845689,S845690,S845691,S845692,,,,,,,,,,,,,,,,,,,,,,,,,,,,
6697,2018,30,BVW,NUTHA,1,,0,0,,,19,,3,3,,ED,,,,,,,,,,,,,,,,,,,,,,,,,,,,,,,,,,,,,,,,,,,,
6698,2018,31,BVW,GRETI,1,,,5,,,,,5,,,NE,,,,,,,,,,,,,,,,,,,,,,,,,,,,,,,,,,,,,,,,,,,,
6699,2018,33,BVW,NUTHA,1,7,,5,,,25,,,,,NE,,,,,,VZ93420,04/05/2018,04/05/2018,I,1,,,,,,,,,,,,,,,,,,,,,,,,,,,,,,,,,,
6700,2018,34,BVW,NUTHA,1,6,,5,,,22,,,0,,NE,,,,,,VZ93421,04/05/2018,04/05/2018,I,1,,,,,,,,,,,,,,,,,,,,,,,,,,,,,,,,,,
6701,2018,3,NEA,PIEFL,1,6,,5,9.5,17.5,40,58,,1,,NE,S845699,04/06/2018,04/06/2018,I,1,S845676,24/05/2018,24/05/2018,I,1,09/06/2018,AFD3243,AFD3244,AFD3245,AFD3246,AFD3247,,,,,,,14.4,,13.78,,13.78,,14.2,,14.17,,,,,,,,,,,,,
6702,2018,4,NEA,GRETI,1,6,,6,,,37,,,0,,NE,ringed left,,,,,,,,,,,,,,,,,,,,,,,,,,,,,,,,,,,,,,,,,,,
6703,2018,5,NEA,PIEFL,1,7,,1,12.5,28,40,59,,0,,NE,Z590805,18/04/2018,10/06/2016,I,2,S845671,19/05/2018,19/05/2018,I,1,10/06/2018,AFD3283,,,,,,,,,,,12.49,,,,,,,,,,,,,,,,,,,,,
6704,2018,6,NEA,BLUTI,1,8,,3,,,33,,,4,,NE,,,,,,S845655,12/05/2018,12/05/2018,I,1,,,,,,,,,,,,,,,,,,,,,,,,,,,,,,,,,,
6705,2018,7,NEA,BLUTI,1,12,,10,,,24,,,0,,NE,,,,,,Z765419,12/05/2018,14/05/2016,S,3,,,,,,,,,,,,,,,,,,,,,,,,,,,,,,,,,,
6706,2018,8,NEA,PIEFL,1,6,,0,9.5,17.5,40,,,0,,JP,D637187,13/04/2018,28/05/2014,S,5,S845672,19/05/2018,19/05/2018,I,1,,,,,,,,,,,,,,,,,,,,,,,,,,,,,,,,,,
6707,2018,10,NEA,PIEFL,1,6,,6,18.5,22,37,56,,0,,NE,S845693,13/04/2018,30/05/2018,I,1,S845656,12/05/2018,12/05/2018,I,1,07/06/2018,AFD3201,AFD3202,AFD3203,AFD3204,AFD3205,AFD3206,,,,,,14.93,,14.47,,15.04,,14.45,,15.3,,15.41,,,,,,,,,,,
6708,2018,11,NEA,BLUTI,1,8,,6,,,28,,,0,,NE,,,,,,S845643,19/04/2018,19/04/2018,I,1,,,,,,,,,,,,,,,,,,,,,,,,,,,,,,,,,,
6709,2018,13,NEA,GRETI,1,8,,7,,,26,,,0,,NE,,,,,,S845657,12/05/2018,12/05/2018,I,1,,,,,,,,,,,,,,,,,,,,,,,,,,,,,,,,,,
6710,2018,14,NEA,PIEFL,1,7,7,7,11.5,25,38,58,,0,,NE,S845644,19/04/2018,19/04/2018,I,1,S845673,19/05/2018,19/05/2018,I,1,09/06/2018,AFD3236,AFD3237,AFD3238,AFD3239,AFD3240,AFD3241,AFD3242,,,,,13.36,,13.87,,14.4,,13.61,,13.24,,13.51,,13.89,,,,,,,,,
6711,2018,15,NEA,BLUTI,1,7,7,7,,,38,,,0,,NE,,,,,,,,,,,,,,,,,,,,,,,,,,,,,,,,,,,,,,,,,,,,
6712,2018,16,NEA,PIEFL,1,7,,5,7,31.5,38,58,,1,,NE,D637189,04/06/2018,28/05/2014,S,5,L857058,24/05/2018,30/05/2011,S,7,09/06/2018,AFD3231,AFD3232,AFD3233,AFD3234,AFD3235,,,,,,,14.66,,14.67,,14.65,,13.91,,14.15,,,,,,,,,,,,,
6713,2018,17,NEA,PIEFL,1,7,,5,15.5,17.5,38,58,,0,,NE,Z765396,04/06/2018,04/06/2016,S,3,Z286399,04/06/2018,29/05/2015,S,3,09/06/2018,AFD3227,AFD3228,AFD3229,AFD3230,,,,,,,,13.57,,13.98,,13.47,,13.69,,13.77,,,,,,,,,,,,,
6714,2018,18,NEA,GRETI,1,7,,6,,,26,,,0,,NE,,,,,,S845658,12/05/2018,12/05/2018,I,1,,,,,,,,,,,,,,,,,,,,,,,,,,,,,,,,,,
6715,2018,20,NEA,PIEFL,1,7,,6,7,17.5,34,54,,1,,NE,Z765776,30/05/2018,13/06/2016,R,2,S845659,12/05/2018,12/05/2018,I,1,05/06/2018,AFD3134,AFD3135,AFD3136,AFD3137,AFD3138,AFD3139,,,,,,14.46,,14.27,,15.45,,14.51,,15.24,,14.75,,,,,,,,,,,
6716,2018,FOXWTY,NEA,PIEFL,1,7,7,7,,,41,,,0,,NE,Z765956,04/06/2018,14/06/2016,R,2,S845700,04/06/2018,04/06/2018,I,1,09/06/2018,AFD3255,AFD3256,AFD3257,AFD3258,AFD3259,AFD3260,AFD3261,,,,,,,,,,,,,,,,,,,,,,,,,,
6717,2018,FOXWTY,NEA,PIEFL,1,7,7,7,,,38,58,,0,,NE,Z286874,04/06/2018,22/06/2015,S,3,S845660,12/05/2018,12/05/2018,I,1,09/06/2018,AFD3248,AFD3249,AFD3250,AFD3251,AFD3252,AFD3253,AFD3254,,,,,13.9,,12.7,,12.7,,12.49,,12.76,,13.89,,12.63,,,,,,,,,
6718,2019,105,YAR,BLUTI,1,9,,0,,,26,48,,,,JD,,,,,,AJF0581,17/05/2019,17/05/2019,I,1,,,,,,,,,,,,,,,,,,,,,,,,,,,,,,,,,,
6719,2019,109,YAR,PIEFL,1,8,,0,19,27,34,56,,0,,JD,AAA8704,03/06/2019,07/06/2017,S,3,Z286598,03/06/2019,10/06/2015,R,4,07/06/2019,,,,,,,,,,,,11.2,,9.3,,9.5,,11.4,,10.1,,12.2,,,,,,,,,,,
6720,2019,110,YAR,GRETI,1,5,0,0,,,27,,,5,,ED,,,,,,,,,,,,,,,,,,,,,,,,,,,,,,,,,,,,,,,,,,,,
6721,2019,111,YAR,PIEFL,1,7,7,6,,23,33,53,,0,,NE,S284660,30/05/2019,19/04/2019,I,1,AFD3984,30/05/2019,11/05/2019,I,1,04/06/2019,AZH2345,AZH2346,AZH2347,AZH2348,AZH2349,AZH2350,,,,,,14.1,,14.2,,13.5,,13.6,,13.3,,13.9,,,,,,,,,,,
6722,2019,114,YAR,PIEFL,1,8,7,0,,34,42,62,,1,,JD,AZH2538,06/06/2019,06/06/2019,I,1,AFD3402,06/06/2019,08/06/2018,R,1,,,,,,,,,,,,,,,,,,,,,,,,,,,,,,,,,,
6723,2019,115,YAR,BLUTI,2,6,,0,,,33,52,,,,JD,,,,,,,,,,,,,,,,,,,,,,,,,,,,,,,,,,,,,,,,,,,,
6724,2019,116,YAR,BLUTI,1,10,1,0,,,-1,26,,9,,JD,,,,,,,,,,,,,,,,,,,,,,,,,,,,,,,,,,,,,,,,,,,,
6725,2019,117,YAR,BLUTI,1,7,,7,,,21,41,,0,,NE,,,,,,AFD3985,14/05/2019,11/05/2019,I,1,27/05/2019,AZH2061,AZH2062,AZH2063,AZH2064,AZH2065,AZH2066,AZH2067,,,,,,,,,,,,,,,,,,,,,,,,,,
6726,2019,119,YAR,GRETI,1,7,,3,,,21,,,2,,NE,,,,,,,,,,,25/05/2019,TW70501,TW70502,TW70503,,,,,,,,,,,,,,,,,,,,,,,,,,,,,,
6727,2019,120,YAR,BLUTI,1,11,,1,,,11,36,,,,NE,,,,,,AFD3960,04/05/2019,04/05/2019,I,1,21/05/2019,AJF0656,,,,,,,,,,,,,,,,,,,,,,,,,,,,,,,,
6728,2019,122,YAR,BLUTI,1,9,,3,,,20,43,,1,,NE,,,,,,AFD3986,11/05/2019,11/05/2019,I,1,28/05/2019,AJF0861,AJF0862,AJF0863,AJF0864,,,,,,,,,,,,,,,,,,,,,,,,,,,,,
6729,2019,123,YAR,PIEFL,1,8,,5,,27,35,55,,0,,NE,C437644,03/06/2019,03/06/2019,I,1,AJF0568,03/06/2019,15/05/2019,I,1,06/06/2019,AZH2509,AZH2510,AZH2511,AZH2512,AZH2513,AZH2514,AZH2515,,,,,,,,,,,,,,,,,,,,,,,,,,
6730,2019,125,YAR,PIEFL,1,6,,4,,20,32,50,,2,,NE,S845400,26/05/2019,30/05/2017,S,3,S953930,26/05/2019,15/05/2018,I,2,01/06/2019,AZH2079,AZH2080,AZH2081,AZH2082,,,,,,,,,,,,,,,,,,,,,,,,,,,,,
6731,2019,129,YAR,BLUTI,1,11,,0,,,27,52,,2,,JD,,,,,,Z765428,22/05/2019,24/05/2016,S,4,,,,,,,,,,,,,,,,,,,,,,,,,,,,,,,,,,
6732,2019,130,YAR,PIEFL,1,7,,6,,23,32,51,,0,,NE,AJF0805,26/05/2019,26/05/2019,I,1,S749924,26/05/2019,02/06/2018,I,1,02/06/2019,AJF0962,AJF0963,AJF0964,AJF0965,AJF0966,AJF0967,,,,,,,,,,,,,,,,,,,,,,,,,,,
6733,2019,132,YAR,BLUTI,1,9,,7,,,21,45,,1,,NE,,,,,,,,,,,30/05/2019,AJF0892,AJF0893,AJF0894,AJF0895,AJF0896,AJF0897,AJF0898,,,,,,,,,,,,,,,,,,,,,,,,,,
6734,2019,201,YAR,GRETI,1,10,,5,,,21,,,1,,NE,,,,,,,,,,,25/05/2019,TW70504,TW70505,TW70506,,,,,,,,,,,,,,,,,,,,,,,,,,,,,,
6735,2019,205,YAR,PIEFL,1,7,,7,,23,30,50,,0,,NE,S845173,26/05/2019,29/05/2017,S,1,S845846,26/05/2019,28/05/2018,S,2,01/06/2019,AZH2083,AZH2084,AZH2085,AZH2086,AZH2087,AZH2088,AZH2089,,,,,,,,,,,,,,,,,,,,,,,,,,
6736,2019,207,YAR,BLUTI,1,9,,7,,,22,45,,0,,NE,,,,,,AJF0589,17/05/2019,17/05/2019,I,1,30/05/2019,AJF0899,AJF0900,AZH2071,AZH2072,AZH2073,AZH2074,AZH2075,AZH2076,AZH2077,,,,,,,,,,,,,,,,,,,,,,,,
6737,2019,209,YAR,PIEFL,1,7,,6,,27,35,54,,0,,NE,AJF0758,31/05/2019,31/05/2019,I,1,AJF0590,17/05/2019,17/05/2019,I,1,05/06/2019,AZH2336,AZH2357,AZH2358,AZH2359,AZH2360,AZH2361,AZH2362,,,,,,,,,,,,,,,,,,,,,,,,,,
6738,2019,210,YAR,BLUTI,1,11,,6,,,3,32,,0,,NE,,,,,,S845912,30/04/2019,07/05/2018,S,2,17/05/2019,AJF0583,AJF0584,AJF0585,AJF0586,AJF0587,AJF0588,,,,,,,,,,,,,,,,,,,,,,,,,,,
6739,2019,212B,YAR,PIEFL,1,8,,7,,23,35,54,,0,,NE,AAA8533,31/05/2019,13/06/2017,R,2,Z135712,31/05/2019,04/06/2016,S,3,05/06/2019,AZH2363,AZH2364,AZH2365,AZH2366,AZH2367,AZH2368,AZH2369,,,,,,,,,,,,,,,,,,,,,,,,,,
6740,2019,212D,YAR,BLUTI,1,7,,0,,,,,,,,JD,,,,,,AZH2383,05/06/2019,05/06/2019,I,1,,,,,,,,,,,,,,,,,,,,,,,,,,,,,,,,,,
6741,2019,212E,YAR,PIEFL,1,7,,7,21,23,34,54,,0,,NE,S845291,31/05/2019,05/06/2017,S,2,Z765751,31/05/2019,10/06/2016,S,3,05/06/2019,AZH2370,AZH2371,AZH2372,AZH2373,AZH2374,AZH2375,AZH2376,,,,,,,,,,,,,,,,,,,,,,,,,,
6742,2019,214,YAR,PIEFL,1,7,,3,,23,38,57,,1,,NE,AJF0955,02/06/2019,02/06/2019,I,1,S845964,26/05/2019,18/05/2018,S,2,08/06/2019,AZH2543,AZH2544,AZH2545,,,,,,,,,,,,,,,,,,,,,,,,,,,,,,
6743,2019,215,YAR,BLUTI,1,7,,,,,,,,2,,NE,,,,,,,,,,,,,,,,,,,,,,,,,,,,,,,,,,,,,,,,,,,,
6744,2019,216,YAR,PIEFL,1,8,,6,,27,33,54,,1,,NE,S284656,31/05/2019,18/04/2019,I,1,S284657,31/05/2019,18/04/2019,I,1,05/06/2019,AZH2377,AZH2378,AZH2379,AZH2380,AZH2381,AZH2382,,,,,,,,,,,,,,,,,,,,,,,,,,,
6745,2019,217,YAR,BLUTI,1,8,,6,,,21,43,,0,,NE,,,,,,AFD3987,11/05/2019,11/05/2019,I,1,28/05/2019,AJF0833,AJF0834,AJF0835,AJF0836,AJF0837,AJF0838,,,,,,,,,,,,,,,,,,,,,,,,,,,
6746,2019,218,YAR,GRETI,1,8,,,,,11,,,0,,NE,,,,,,,,,,,,,,,,,,,,,,,,,,,,,,,,,,,,,,,,,,,,
6747,2019,219,YAR,BLUTI,1,12,,3,,,16,41,,,,NE,,,,,,,,,,,26/05/2019,AZH2024,AZH2025,AZH2026,,,,,,,,,,,,,,,,,,,,,,,,,,,,,,
6748,2019,220,YAR,PIEFL,1,7,,7,,20,32,51,,0,,NE,AFD3060,26/05/2019,07/06/2018,S,2,S845977,26/05/2019,23/05/2018,S,2,02/06/2019,AJF0941,AJF0942,AJF0943,AJF0944,AJF0945,AJF0946,AJF0947,,,,,,,,,,,,,,,,,,,,,,,,,,
6749,2019,223,YAR,PIEFL,1,7,,7,,20,32,51,,0,,NE,AJF0804,26/05/2019,26/05/2019,I,1,AFD3988,30/05/2019,11/05/2019,I,1,02/06/2019,AJF0948,AJF0949,AJF0950,AJF0951,AJF0952,AJF0953,AJF0954,,,,,,,,,,,,,,,,,,,,,,,,,,
6750,2019,224,YAR,BLUTI,1,8,,2,,,31,52,,,,NE,AZH2530,05/06/2019,05/06/2019,I,1,,,,,,06/06/2019,AZH2528,AZH2529,,,,,,,,,,,,,,,,,,,,,,,,,,,,,,,
6751,2019,226,YAR,PIEFL,1,7,,7,,23,31,50,,0,,NE,AJF0715,24/05/2019,24/05/2019,I,1,S845645,24/05/2019,20/04/2018,S,2,01/06/2019,AZH2090,AZH2091,AZH2092,AZH2093,AZH2094,AZH2095,AZH2096,,,,,,,,,,,,,,,,,,,,,,,,,,
6752,2019,228,YAR,GRETI,1,6,,,,,33,,,0,,NE,,,,,,AZH2001,25/05/2019,25/05/2019,I,1,,,,,,,,,,,,,,,,,,,,,,,,,,,,,,,,,,
6753,2019,229,YAR,PIEFL,1,7,,2,,34,38,58,,1,,NE,,,,,,S845120,26/05/2019,31/05/2017,S,3,09/06/2019,AZH2551,AZH2552,AZH2553,,,,,,,,,,,,,,,,,,,,,,,,,,,,,,
6754,2019,230,YAR,BLUTI,1,10,,6,,,21,43,,0,,NE,,,,,,S845930,13/05/2019,11/05/2018,S,2,28/05/2019,AJF0839,AJF0840,AJF0841,AJF0842,AJF0843,AJF0844,AJF0845,,,,,,,,,,,,,,,,,,,,,,,,,,
6755,2019,231,YAR,BLUTI,1,7,,1,,,23,45,,3,,NE,,,,,,V143887,13/05/2019,06/03/2015,S,6,30/05/2019,AJF0879,,,,,,,,,,,,,,,,,,,,,,,,,,,,,,,,
6756,2019,232,YAR,PIEFL,1,7,,7,,23,33,53,,0,,NE,Z217794,30/05/2019,06/06/2018,I,1,AFD3999,30/05/2019,20/05/2019,I,1,04/06/2019,AZH2249,AZH2250,AZH2251,AZH2252,AZH2253,AZH2254,AZH2255,,,,,,,,,,,,,,,,,,,,,,,,,,
6757,2019,233,YAR,PIEFL,1,7,,0,,16,39,59,,0,,JD,,,,,,AFD3116,02/06/2019,03/06/2018,R,1,,,,,,,,,,,,,,,,,,,,,,,,,,,,,,,,,,
6758,2019,234,YAR,PIEFL,1,6,,6,,16,33,52,,0,,NE,D140987,27/05/2019,13/06/2013,S,7,Z765382,27/05/2019,26/05/2016,S,4,03/06/2019,AJF0987,AJF0988,AJF0989,AJF0990,AJF0991,AJF0992,,,,,,,,,,,,,,,,,,,,,,,,,,,
6759,2019,235,YAR,BLUTI,1,9,,7,,,23,45,,0,,NE,,,,,,S845865,15/05/2019,29/05/2018,R,1,30/05/2019,AJF0880,AJF0881,AJF0882,AJF0883,AJF0884,AJF0885,,,,,,,,,,,,,,,,,,,,,,,,,,,
6760,2019,237,YAR,PIEFL,1,7,,5,,23,32,51,,0,,NE,AJF0803,26/05/2019,26/05/2019,I,1,S845680,27/05/2019,25/05/2018,S,2,02/06/2019,AJF0936,AJF0937,AJF0938,AJF0939,AJF0940,,,,,,,,,,,,,,,,,,,,,,,,,,,,
6761,2019,239,YAR,BLUTI,1,10,,6,,,22,45,,1,,NE,,,,,,S845920,15/05/2019,09/05/2018,S,2,30/05/2019,AJF0886,AJF0887,AJF0888,AJF0889,AJF0890,AJF0891,,,,,,,,,,,,,,,,,,,,,,,,,,,
6762,2019,240,YAR,BLUTI,1,10,,7,,,7,32,,0,,NE,,,,,,V144248,30/04/2019,05/03/2016,I,1,17/05/2019,AJF0591,AJF0592,AJF0593,AJF0594,AJF0595,AJF0596,AJF0597,,,,,,,,,,,,,,,,,,,,,,,,,,
6763,2019,242,YAR,BLUTI,1,10,,8,,,14,,,0,,NE,,,,,,,,,,,17/05/2019,AJF0598,AJF0599,AJF0600,ANH1637,ANH1638,ANH1639,ANH1640,ANH1641,,,,,,,,,,,,,,,,,,,,,,,,,
6764,2019,243,YAR,PIEFL,1,8,,7,,23,32,53,,,,NE,S845479,02/06/2019,09/06/2017,R,2,L351615,02/06/2019,03/06/2016,S,3,04/06/2019,AZH2242,AZH2243,AZH2244,AZH2245,AZH2246,AZH2247,AZH2248,,,,,,,,,,,,,,,,,,,,,,,,,,
6765,2019,245,YAR,GRETI,1,8,,5,,,21,,,0,,NE,,,,,,,,,,,25/05/2019,TW70507,TW70508,TW70509,TW70510,TW70511,,,,,,,,,,,,,,,,,,,,,,,,,,,,
6766,2019,246,YAR,PIEFL,1,7,,7,,,35,55,,0,,NE,Z286405,31/05/2019,01/06/2015,S,5,S845954,31/05/2019,15/05/2018,S,2,06/06/2019,AZH2522,AZH2523,AZH2524,AZH2525,AZH2526,AZH2527,,,,,,,,,,,,,,,,,,,,,,,,,,,
6767,2019,248,YAR,BLUTI,1,10,,5,,,19,41,,1,,NE,,,,,,AFD3989,11/05/2019,11/05/2019,I,1,26/05/2019,AZH2018,AZH2019,AZH2020,AZH2021,AZH2022,AZH2023,,,,,,,,,,,,,,,,,,,,,,,,,,,
6768,2019,249,YAR,BLUTI,1,8,,7,,,19,40,,0,,NE,,,,,,S845931,11/05/2019,11/05/2018,S,2,25/05/2019,AZH2011,AZH2012,AZH2013,AZH2014,AZH2015,AZH2016,AZH2017,,,,,,,,,,,,,,,,,,,,,,,,,,
6769,2019,301,YAR,BLUTI,1,10,0,0,,,15,,,,,EP,,,,,,,,,,,,,,,,,,,,,,,,,,,,,,,,,,,,,,,,,,,,
6770,2019,302,YAR,PIEFL,1,7,,4,,23,35,54,,3,,NE,AAD9002,29/05/2019,03/06/2018,I,1,S749930,29/05/2019,04/06/2018,I,1,05/06/2019,AZH2472,AZH2473,AZH2474,AZH2475,,,,,,,,,,,,,,,,,,,,,,,,,,,,,
6771,2019,303,YAR,PIEFL,1,7,,7,,20,34,54,,0,,NE,AJF0868,29/05/2019,29/05/2019,I,1,AJF0582,29/05/2019,17/05/2019,I,1,05/06/2019,AZH2476,AZH2477,AZH2478,AZH2479,AZH2480,AZH2481,AZH2482,,,,,,,,,,,,,,,,,,,,,,,,,,
6772,2019,308,YAR,PIEFL,1,7,,6,,20,35,54,,0,,NE,S846752,29/05/2019,02/06/2018,I,1,S845804,29/05/2019,16/05/2018,S,2,05/06/2019,AZH2483,AZH2484,AZH2485,AZH2486,AZH2487,AZH2488,,,,,,,,,,,,,,,,,,,,,,,,,,,
6773,2019,310,YAR,BLUTI,1,8,,8,,,21,41,,0,,NE,,,,,,,,,,,26/05/2019,AZH2027,AZH2028,AZH2029,AZH2030,AZH2031,AZH2032,AZH2033,AZH2034,,,,,,,,,,,,,,,,,,,,,,,,,
6774,2019,311,YAR,PIEFL,1,7,,0,,27,37,56,,0,,JD,AZH2078,31/05/2019,31/05/2019,I,1,AFD3551,02/06/2019,14/06/2018,R,1,,,,,,,,,,,,,,,,,,,,,,,,,,,,,,,,,,
6775,2019,313,YAR,PIEFL,1,7,,6,,16,36,55,,0,,NE,S845696,05/06/2019,13/06/2016,S,2,Z286302,02/06/2019,07/06/2015,S,5,06/06/2019,AZH2516,AZH2517,AZH2518,AZH2519,AZH2520,AZH2521,,,,,,,,,,,,,,,,,,,,,,,,,,,
6776,2019,314,YAR,PIEFL,1,7,,6,,23,34,53,,0,,NE,AFD3505,28/05/2019,10/06/2018,R,1,AJF0545,13/05/2019,13/05/2019,I,1,04/06/2019,AZH2351,AZH2352,AZH2353,AZH2354,AZH2355,AZH2356,,,,,,,,,,,,,,,,,,,,,,,,,,,
6777,2019,316,YAR,BLUTI,1,9,,2,,,13,34,,0,,NE,,,,,,AFD3961,04/05/2019,04/05/2019,I,1,20/05/2019,AJF0601,AJF0602,AJF0603,,,,,,,,,,,,,,,,,,,,,,,,,,,,,,
6778,2019,317,YAR,PIEFL,1,7,,4,,34,40,59,,0,,NE,AJF0971,03/06/2019,03/06/2019,I,1,AJF0970,03/06/2019,03/06/2019,I,1,10/06/2019,AZH2300,AZH2554,AZH2555,AZH2556,,,,,,,,,,,,,,,,,,,,,,,,,,,,,
6779,2019,318,YAR,GRETI,1,7,,5,,,20,,,0,,NE,,,,,,,,,,,25/05/2019,TW70515,TW70516,TW70517,TW70518,TW70519,TW70600,,,,,,,,,,,,,,,,,,,,,,,,,,,
6780,2019,319,YAR,PIEFL,1,7,,5,,20,33,53,,,,NE,,,,,,S845808,28/05/2019,16/05/2018,S,2,04/06/2019,AZH2256,AZH2257,AZH2258,AZH2259,AZH2260,,,,,,,,,,,,,,,,,,,,,,,,,,,,
6781,2019,320,YAR,PIEFL,1,7,,7,,23,33,52,,0,,NE,AFD3041,27/05/2019,05/06/2018,S,2,Z765942,27/05/2019,13/06/2016,R,3,03/06/2019,AJF0972,AJF0973,AJF0974,AJF0975,AJF0976,AJF0977,AJF0978,,,,,,,,,,,,,,,,,,,,,,,,,,
6782,2019,321,YAR,BLUTI,1,8,,0,,,20,43,,,,JD,,,,,,AJF0554,13/05/2019,13/05/2019,I,1,,,,,,,,,,,,,,,,,,,,,,,,,,,,,,,,,,
6783,2019,323,YAR,PIEFL,1,7,,7,,20,31,50,,0,,NE,AFD3421,24/05/2019,08/06/2018,R,1,Z590808,24/05/2019,10/06/2016,S,3,01/06/2019,AJF0901,AJF0902,AJF0903,AZH2097,AZH2098,AZH2099,AZH2100,,,,,,,,,,,,,,,,,,,,,,,,,,
6784,2019,324,YAR,COATI,1,9,,8,,,9,,,1,,NE,,,,,,AJF0515,09/05/2019,09/05/2019,I,1,13/05/2019,AJF0546,AJF0547,AJF0548,AJF0549,AJF0550,AJF0551,AJF0552,AJF0553,,,,,,,,,,,,,,,,,,,,,,,,,
6785,2019,325,YAR,PIEFL,1,7,,6,19,27,35,54,,1,,NE,AAA8741,31/05/2019,11/06/2017,S,3,D061293,29/05/2019,07/06/2013,S,5,05/06/2019,AZH2489,AZH2490,AZH2491,AZH2492,AZH2493,AZH2494,,,,,,,,,,,,,,,,,,,,,,,,,,,
6786,2019,326,YAR,GRETI,1,9,,6,,,29,,,1,,NE,,,,,,,,,,,,,,,,,,,,,,,,,,,,,,,,,,,,,,,,,,,,
6787,2019,328,YAR,PIEFL,1,7,,6,,27,33,52,,0,,NE,AFD3451,27/05/2019,09/06/2018,R,1,AJF0653,31/05/2019,21/05/2019,I,1,03/06/2019,AJF0979,AJF0980,AJF0981,AJF0982,AJF0983,AJF0984,AJF0985,,,,,,,,,,,,,,,,,,,,,,,,,,
6788,2019,330,YAR,BLUTI,1,9,,9,,,19,40,,0,,NE,,,,,,,,,,,25/05/2019,AZH2002,AZH2003,AZH2004,AZH2005,AZH2006,AZH2007,AZH2008,AZH2009,AZH2010,,,,,,,,,,,,,,,,,,,,,,,,
6789,2019,331,YAR,PIEFL,1,8,,7,,16,22,44,,1,,NE,S845682,25/05/2019,04/06/2017,S,2,S846022,25/05/2019,23/05/2017,S,2,26/05/2019,AJF0720,AJF0721,AJF0722,AJF0723,AJF0724,AJF0725,AJF0726,,,,,,,,,,,,,,,,,,,,,,,,,,
6790,2019,332,YAR,GRETI,1,10,0,0,,,23,,,9,,ED,,,,,,AXA3044,25/05/2019,25/05/2019,I,2,,,,,,,,,,,,,,,,,,,,,,,,,,,,,,,,,,
6791,2019,333,YAR,BLUTI,1,11,,8,,,10,34,,0,,NE,,,,,,AFD3962,04/05/2019,04/05/2019,I,1,20/05/2019,AJF0604,AJF0605,AJF0606,AJF0607,AJF0608,AJF0609,AJF0610,AJF0611,,,,,,,,,,,,,,,,,,,,,,,,,
6792,2019,334,YAR,BLUTI,1,11,,7,,,10,35,,0,,NE,,,,,,V144791,02/05/2019,15/10/2017,I,2,21/05/2019,AJF0647,AJF0648,AJF0649,AJF0650,AJF0651,AJF0652,,,,,,,,,,,,,,,,,,,,,,,,,,,
6793,2019,335,YAR,BLUTI,1,10,,8,,,14,37,,0,,NE,,,,,,AFD3973,06/05/2019,06/05/2019,I,1,22/05/2019,AJF0668,AJF0669,AJF0670,AJF0671,AJF0672,AJF0673,AJF0674,AJF0675,,,,,,,,,,,,,,,,,,,,,,,,,
6794,2019,336,YAR,GRETI,1,7,0,0,,,21,,,7,,ED,,,,,,,,,,,,,,,,,,,,,,,,,,,,,,,,,,,,,,,,,,,,
6795,2019,337,YAR,PIEFL,1,8,,6,,20,31,53,,,,NE,AFD3296,28/05/2019,25/06/2018,S,2,AFD3449,31/05/2019,09/06/2018,R,1,04/06/2019,AZH2261,AZH2262,AZH2263,AZH2264,AZH2265,AZH2266,,,,,,,,,,,,,,,,,,,,,,,,,,,
6796,2019,338,YAR,BLUTI,1,10,,7,,,16,39,,,,NE,,,,,,AJF0516,09/05/2019,09/05/2019,I,1,24/05/2019,AJF0684,AJF0685,AJF0686,AJF0687,AJF0688,AJF0689,AJF0690,,,,,,,,,,,,,,,,,,,,,,,,,,
6797,2019,340,YAR,PIEFL,1,7,,7,,20,27,46,,0,,NE,D637436,21/05/2019,04/06/2014,S,6,S845132,21/05/2019,04/06/2017,S,3,28/05/2019,AJF0826,AJF0827,AJF0828,AJF0829,AJF0830,AJF0831,AJF0832,,,,,,,,,,,,,,,,,,,,,,,,,,
6798,2019,342,YAR,PIEFL,1,6,,5,,23,33,52,,0,,NE,AFD3384,27/05/2019,06/06/2018,R,1,AJF0555,31/05/2019,13/05/2019,I,1,03/06/2019,AJF1000,AZH2501,AZH2502,AZH2503,AZH2504,,,,,,,,,,,,,,,,,,,,,,,,,,,,
6799,2019,345,YAR,PIEFL,1,7,,7,11,20,29,48,,0,,NE,AFD3026,28/05/2019,03/06/2018,S,2,S845807,23/05/2019,16/05/2018,S,1,30/05/2019,AJF0751,AJF0752,AJF0753,AJF0754,AJF0755,AJF0756,AJF0757,,,,,,,,,,,,,,,,,,,,,,,,,,
6800,2019,347,YAR,PIEFL,1,7,,0,,16,32,53,,6,,JD,,,,,,S845959,13/05/2019,17/05/2018,S,2,,,,,,,,,,,,,,,,,,,,,,,,,,,,,,,,,,
6801,2019,348,YAR,PIEFL,2,5,5,5,,23,58,75,,0,,NE,AAA8627,19/06/2019,04/06/2017,S,3,S845959,30/05/2019,17/05/2018,S,2,26/06/2019,AZH2644,AZH2645,AZH2646,AZH2647,AZH2648,,,,,,,,,,,,,,,,,,,,,,,,,,,,
6802,2019,349,YAR,GRETI,1,9,,3,,,19,,,0,,NE,,,,,,,,,,,25/05/2019,TW70512,TW70513,TW70514,,,,,,,,,,,,,,,,,,,,,,,,,,,,,,
6803,2019,350,YAR,PIEFL,1,6,5,0,,34,45,63,,1,,JD,AZH2546,08/06/2019,08/06/2019,I,1,AFD3277,08/06/2019,09/06/2018,R,1,,,,,,,,,,,,,,,,,,,,,,,,,,,,,,,,,,
6804,2019,354,YAR,BLUTI,1,11,0,0,,,8,,,11,,ED,,,,,,,,,,,,,,,,,,,,,,,,,,,,,,,,,,,,,,,,,,,,
6805,2019,354,YAR,PIEFL,1,5,0,0,,41,47,,,5,,ED,,,,,,,,,,,,,,,,,,,,,,,,,,,,,,,,,,,,,,,,,,,,
6806,2019,355,YAR,BLUTI,1,12,,3,,,6,34,,,,NE,,,,,,AJF0501,30/04/2019,30/04/2019,I,1,20/05/2019,AJF0618,AJF0619,,,,,,,,,,,,,,,,,,,,,,,,,,,,,,,
6807,2019,401,YAR,BLUTI,1,10,,6,,,16,41,,0,,NE,,,,,,,,,,,26/05/2019,AZH2048,AZH2049,AZH2050,AZH2051,AZH2052,AZH2053,,,,,,,,,,,,,,,,,,,,,,,,,,,
6808,2019,402,YAR,BLUTI,1,10,,,,,11,38,,0,,NE,,,,,,AFD3964,04/05/2019,04/05/2019,I,1,23/05/2019,AJF0676,AJF0677,AJF0678,AJF0679,AJF0680,AJF0681,AJF0682,AJF0683,,,,,,,,,,,,,,,,,,,,,,,,,
6809,2019,404,YAR,PIEFL,1,6,,4,,27,36,55,,1,,NE,AFD3539,02/06/2019,12/06/2018,R,1,S845937,01/06/2019,14/05/2018,S,2,06/06/2019,AZH2505,AZH2506,AZH2507,AZH2508,,,,,,,,,,,,,,,,,,,,,,,,,,,,,
6810,2019,406,YAR,BLUTI,1,8,,0,,,23,43,,,,JD,,,,,,AJF0541,13/05/2019,13/05/2019,I,1,,,,,,,,,,,,,,,,,,,,,,,,,,,,,,,,,,
6811,2019,407,YAR,PIEFL,1,8,,0,17,30,37,57,,,,JD,AAA8539,03/06/2019,15/06/2017,S,2,Y369483,03/06/2019,11/06/2012,S,7,,,,,,,,,,,,,,,,,,,,,,,,,,,,,,,,,,
6812,2019,408,YAR,GRETI,1,4,,0,,,34,,,2,,JD,,,,,,V144627,21/05/2019,11/03/2017,I,3,,,,,,,,,,,,,,,,,,,,,,,,,,,,,,,,,,
6813,2019,410,YAR,BLUTI,1,9,,5,,,13,36,,1,,NE,,,,,,ANH1643,17/05/2019,17/05/2019,I,1,21/05/2019,AJF0663,AJF0664,AJF0665,AJF0666,AJF0667,,,,,,,,,,,,,,,,,,,,,,,,,,,,
6814,2019,412,YAR,PIEFL,1,8,,4,,27,33,54,,0,,NE,AFD3419,31/05/2019,08/06/2018,R,1,AJF0567,03/06/2019,15/05/2019,I,1,05/06/2019,AZH2462,AZH2463,AZH2464,AZH2465,AZH2466,,,,,,,,,,,,,,,,,,,,,,,,,,,,
6815,2019,413,YAR,GRETI,1,6,,,,,11,,,0,,NE,,,,,,,,,,,,,,,,,,,,,,,,,,,,,,,,,,,,,,,,,,,,
6816,2019,414,YAR,BLUTI,1,10,,3,,,20,43,,0,,NE,,,,,,S845915,13/05/2019,08/05/2018,S,2,28/05/2019,AJF0865,AJF0866,AJF0867,,,,,,,,,,,,,,,,,,,,,,,,,,,,,,
6817,2019,415,YAR,PIEFL,1,7,,4,,13,29,51,,0,,NE,,,,,,AJF0513,09/05/2019,09/05/2019,I,1,02/06/2019,AJF0968,AJF0969,,,,,,,,,,,,,,,,,,,,,,,,,,,,,,,
6818,2019,416,YAR,BLUTI,1,9,2,0,,,19,47,,7,,JD,,,,,,,,,,,,,,,,,,,,,,,,,,,,,,,,,,,,,,,,,,,,
6819,2019,417,YAR,BLUTI,1,5,,0,,,21,39,,0,,JP,,,,,,S284655,09/05/2019,11/04/2019,I,1,,,,,,,,,,,,,,,,,,,,,,,,,,,,,,,,,,
6820,2019,418,YAR,PIEFL,1,7,0,0,,16,30,,,7,,ED,,,,,,AFD3983,11/05/2019,11/05/2019,I,1,,,,,,,,,,,,,,,,,,,,,,,,,,,,,,,,,,
6821,2019,418,YAR,PIEFL,1,,0,0,,,62,,,4,,ED,,,,,,,,,,,,,,,,,,,,,,,,,,,,,,,,,,,,,,,,,,,,
6822,2019,419,YAR,BLUTI,1,10,,0,,,12,34,,1,,JD,,,,,,S845102,09/05/2019,24/04/2017,S,3,,,,,,,,,,,,,,,,,,,,,,,,,,,,,,,,,,
6823,2019,421,YAR,BLUTI,1,8,,7,,,22,43,,0,,NE,,,,,,AJF0542,13/05/2019,13/05/2019,I,1,28/05/2019,AJF0854,AJF0855,AJF0856,AJF0857,AJF0858,AJF0859,AJF0860,,,,,,,,,,,,,,,,,,,,,,,,,,
6824,2019,423,YAR,PIEFL,1,7,,7,,20,32,52,,0,,NE,AFD3027,27/05/2019,03/06/2018,S,2,S845805,27/05/2019,16/05/2018,S,2,03/06/2019,AJF0993,AJF0994,AJF0995,AJF0996,AJF0997,AJF0998,AJF0999,,,,,,,,,,,,,,,,,,,,,,,,,,
6825,2019,424,YAR,GRETI,1,8,0,0,,,49,,,8,,ED,,,,,,AZH2314,03/06/2019,03/06/2019,I,1,,,,,,,,,,,,,,,,,,,,,,,,,,,,,,,,,,
6826,2019,425,YAR,BLUTI,1,7,,7,,,19,41,,0,,NE,,,,,,AJF0556,13/05/2019,13/05/2019,I,1,26/05/2019,AZH2035,AZH2036,AZH2037,AZH2038,AZH2039,AZH2040,AZH2041,,,,,,,,,,,,,,,,,,,,,,,,,,
6827,2019,426,YAR,BLUTI,1,10,,0,,,13,36,,3,,JD,,,,,,AFD3974,06/05/2019,06/05/2019,I,1,,,,,,,,,,,,,,,,,,,,,,,,,,,,,,,,,,
6828,2019,427,YAR,NUTHA,1,7,,6,,,,36,,0,,NE,,,,,,VZ93494,02/05/2019,02/05/2019,I,1,17/05/2019,VZ93495,VZ93496,VZ93497,VZ93498,VZ93499,VZ93500,,,,,,,,,,,,,,,,,,,,,,,,,,,
6829,2019,428,YAR,BLUTI,1,11,,8,,,9,35,,0,,NE,,,,,,AFD3091,02/05/2019,13/06/2018,R,1,21/05/2019,AJF0640,AJF0641,AJF0642,AJF0643,AJF0644,AJF0645,AJF0646,,,,,,,,,,,,,,,,,,,,,,,,,,
6830,2019,429,YAR,PIEFL,1,7,,7,,20,27,46,,0,,NE,AFD3040,21/05/2019,04/06/2018,S,2,S845806,21/05/2019,16/05/2018,S,2,28/05/2019,AJF0819,AJF0820,AJF0821,AJF0822,AJF0823,AJF0824,AJF0825,,,,,,,,,,,,,,,,,,,,,,,,,,
6831,2019,430,YAR,BLUTI,1,8,,4,,,20,40,,0,,NE,,,,,,V144317,11/05/2019,06/03/2016,S,3,25/05/2019,AJF0716,AJF0717,AJF0718,AJF0719,,,,,,,,,,,,,,,,,,,,,,,,,,,,,
6832,2019,431,YAR,PIEFL,1,6,,4,,27,35,53,,1,,NE,,,,,,S846711,29/05/2019,02/06/2018,I,1,04/06/2019,AZH2273,AZH2274,AZH2275,AZH2276,AZH2277,,,,,,,,,,,,,,,,,,,,,,,,,,,,
6833,2019,432,YAR,BLUTI,1,9,,6,,,26,47,,0,,NE,,,,,,S845031,17/05/2019,15/05/2017,R,2,01/06/2019,AJF0918,AJF0919,AJF0920,AJF0921,AJF0922,AJF0923,,,,,,,,,,,,,,,,,,,,,,,,,,,
6834,2019,433,YAR,PIEFL,1,6,,2,,41,45,63,,0,,NE,AFD3152,08/06/2019,07/06/2018,R,1,AJF0801,08/06/2019,24/05/2019,I,1,14/06/2019,AZH2631,AZH2632,,,,,,,,,,,,,,,,,,,,,,,,,,,,,,,
6835,2019,434,YAR,BLUTI,1,9,,1,,,6,30,,0,,NE,,,,,,,,,,,15/05/2019,AJF0577,,,,,,,,,,,,,,,,,,,,,,,,,,,,,,,,
6836,2019,435,YAR,BLUTI,1,9,,5,,,8,31,,0,,NE,,,,,,AXA3017,02/05/2019,02/05/2019,I,1,15/05/2019,AJF0708,AJF0709,AJF0710,AJF0711,AJF0712,,,,,,,,,,,,,,,,,,,,,,,,,,,,
6837,2019,436,YAR,GRETI,1,7,,,,,14,,,0,,NE,,,,,,,,,,,,,,,,,,,,,,,,,,,,,,,,,,,,,,,,,,,,
6838,2019,437,YAR,PIEFL,1,8,,7,,27,33,52,,0,,NE,AFD3324,29/05/2019,04/06/2018,R,1,S845675,29/05/2019,20/05/2018,S,2,03/06/2019,AZH2315,AZH2316,AZH2317,AZH2318,AZH2319,AZH2320,AZH2321,,,,,,,,,,,,,,,,,,,,,,,,,,
6839,2019,439,YAR,BLUTI,1,14,,10,,,13,39,,,,NE,AXA3045,09/05/2019,29/12/2018,S,1,,,,,,24/05/2019,AJF0691,AJF0692,AJF0693,AJF0694,AJF0695,AJF0696,AJF0697,AJF0698,AJF0699,AJF0700,,,,,,,,,,,,,,,,,,,,,,,
6840,2019,440,YAR,PIEFL,1,8,,6,,27,33,54,,0,,NE,AJF0871,29/05/2019,29/05/2019,I,1,AJF0557,29/05/2019,13/05/2019,I,1,05/06/2019,AZH2386,AZH2387,AZH2388,AZH2389,AZH2390,AZH2391,,,,,,,,,,,,,,,,,,,,,,,,,,,
6841,2019,441,YAR,GRETI,1,9,,5,,,22,,,0,,NE,,,,,,,,,,,25/05/2019,VZ93321,VZ93322,VZ93323,VZ93324,VZ93325,,,,,,,,,,,,,,,,,,,,,,,,,,,,
6842,2019,443,YAR,BLUTI,1,11,,8,,,18,43,,0,,NE,,,,,,AFD3990,11/05/2019,11/05/2019,I,1,28/05/2019,AJF0846,AJF0847,AJF0848,AJF0849,AJF0850,AJF0851,AJF0852,AJF0853,,,,,,,,,,,,,,,,,,,,,,,,,
6843,2019,444,YAR,PIEFL,1,6,,0,,41,45,64,,0,,JD,,,,,,AJF0904,08/06/2019,01/06/2019,I,1,,,,,,,,,,,,,,,,,,,,,,,,,,,,,,,,,,
6844,2019,445,YAR,BLUTI,1,9,,2,,,23,44,,0,,NE,,,,,,AJF0578,15/05/2019,15/05/2019,I,1,29/05/2019,AJF0869,AJF0870,,,,,,,,,,,,,,,,,,,,,,,,,,,,,,,
6845,2019,446,YAR,GRETI,1,6,,5,,,,,,0,,NE,,,,,,,,,,,25/05/2019,VZ93326,VZ93327,VZ93328,VZ93329,VZ93330,,,,,,,,,,,,,,,,,,,,,,,,,,,,
6846,2019,447,YAR,BLUTI,1,11,,0,,,16,39,,3,,JD,,,,,,AJF0517,09/05/2019,09/05/2019,I,1,,,,,,,,,,,,,,,,,,,,,,,,,,,,,,,,,,
6847,2019,448,YAR,BLUTI,1,8,,6,,,27,47,,1,,NE,,,,,,AXA3151,04/05/2019,20/01/2019,I,1,01/06/2019,AJF0905,AJF0906,AJF0907,AJF0908,AJF0909,AJF0910,AJF0911,,,,,,,,,,,,,,,,,,,,,,,,,,
6848,2019,449,YAR,BLUTI,1,11,,6,,,5,34,,,,NE,,,,,,AFD3944,29/04/2019,29/04/2019,I,1,20/05/2019,AJF0612,AJF0613,AJF0614,AJF0615,AJF0616,AJF0617,,,,,,,,,,,,,,,,,,,,,,,,,,,
6849,2019,450,YAR,PIEFL,1,8,,5,14,20,30,51,,1,,NE,Z765733,30/05/2019,29/05/2019,S,3,AJF0558,30/05/2019,13/05/2019,I,1,02/06/2019,AJF0956,AJF0957,AJF0958,AJF0959,AJF0960,,,,,,,,,,,,,,,,,,,,,,,,,,,,
6850,2019,451,YAR,GRETI,1,9,,5,,,21,,,0,,NE,,,,,,,,,,,25/05/2019,VZ93331,VZ93332,VZ93333,VZ93334,VZ93335,,,,,,,,,,,,,,,,,,,,,,,,,,,,
6851,2019,452,YAR,BLUTI,1,11,,6,,,11,36,,,,NE,,,,,,AFD3963,04/05/2019,04/05/2019,I,1,21/05/2019,AJF0657,AJF0658,AJF0659,AJF0660,AJF0661,AJF0662,,,,,,,,,,,,,,,,,,,,,,,,,,,
6852,2019,455,YAR,PIEFL,1,7,,0,,27,35,55,,0,,JD,AJF0961,02/06/2019,02/06/2019,I,1,AJF0579,15/05/2019,15/05/2019,I,1,,,,,,,,,,,,,,,,,,,,,,,,,,,,,,,,,,
6853,2019,457,YAR,PIEFL,1,7,,6,,20,34,53,,0,,NE,S845889,28/05/2019,29/05/2018,S,2,AAA8556,28/05/2019,21/06/2017,S,2,04/06/2019,AZH2267,AZH2268,AZH2269,AZH2270,AZH2271,AZH2272,,,,,,,,,,,,,,,,,,,,,,,,,,,
6854,2019,459,YAR,PIEFL,1,8,,7,,20,28,49,,0,,NE,AJF0727,27/05/2019,27/05/2019,I,1,S845809,27/05/2019,16/05/2018,S,2,31/05/2019,AJF0759,AJF0760,AJF0761,AJF0762,AJF0763,AJF0764,AJF0765,AJF0766,,,,,,,,,,,,,,,,,,,,,,,,,
6855,2019,460,YAR,BLUTI,1,12,,7,,,20,44,,3,,NE,,,,,,,,,,,29/05/2019,AJF0872,AJF0873,AJF0874,AJF0875,AJF0876,AJF0877,AJF0878,,,,,,,,,,,,,,,,,,,,,,,,,,
6856,2019,461,YAR,PIEFL,1,7,,6,,20,31,50,,0,,NE,AFD3187,28/05/2019,08/06/2018,R,1,ANH1642,28/05/2019,17/05/2019,I,1,01/06/2019,AJF0912,AJF0913,AJF0914,AJF0915,AJF0916,AJF0917,,,,,,,,,,,,,,,,,,,,,,,,,,,
6857,2019,462,YAR,BLUTI,1,10,,0,,,14,39,,4,,JD,,,,,,V143835,09/05/2019,01/02/2015,S,5,,,,,,,,,,,,,,,,,,,,,,,,,,,,,,,,,,
6858,2019,463,YAR,PIEFL,1,7,,4,,27,37,57,,2,,NE,AJF0986,03/06/2019,03/06/2019,I,1,AJF0580,03/06/2019,15/05/2019,I,1,08/06/2019,AZH2547,AZH2548,AZH2549,AZH2550,,,,,,,,,,,,,,,,,,,,,,,,,,,,,
6859,2019,501,YAR,GRETI,1,6,,0,,,14,,,,,JD,,,,,,,,,,,,,,,,,,,,,,,,,,,,,,,,,,,,,,,,,,,,
6860,2019,502,YAR,BLUTI,1,7,,0,,,7,34,,,,JD,,,,,,S845904,30/04/2019,03/05/2018,S,2,,,,,,,,,,,,,,,,,,,,,,,,,,,,,,,,,,
6861,2019,503,YAR,GRETI,1,10,,,,,22,,,,,NE,,,,,,,,,,,,,,,,,,,,,,,,,,,,,,,,,,,,,,,,,,,,
6862,2019,504,YAR,REDST,1,7,,6,,,28,,,,,NE,,,,,,Z765496,22/05/2019,01/06/2016,S,4,26/05/2019,AZH2042,AZH2043,AZH2044,AZH2045,AZH2046,AZH2047,,,,,,,,,,,,,,,,,,,,,,,,,,,
6863,2019,505,YAR,COATI,1,9,,,,,19,,,0,,NE,,,,,,S845902,01/05/2019,03/05/2018,S,2,,,,,,,,,,,,,,,,,,,,,,,,,,,,,,,,,,
6864,2019,506,YAR,BLUTI,1,7,,1,,,23,43,,0,,NE,,,,,,AJF0543,13/05/2019,13/05/2019,I,1,28/05/2019,AZH2101,,,,,,,,,,,,,,,,,,,,,,,,,,,,,,,,
6865,2019,507,YAR,GRETI,1,6,,0,,,33,,,1,,JP,,,,,,,,,,,,,,,,,,,,,,,,,,,,,,,,,,,,,,,,,,,,
6866,2019,510,YAR,BLUTI,1,9,,6,,,23,47,,0,,NE,,,,,,S845947,15/05/2019,14/05/2018,S,2,01/06/2019,AJF0924,AJF0925,AJF0926,AJF0927,AJF0928,AJF0929,,,,,,,,,,,,,,,,,,,,,,,,,,,
6867,2019,513,YAR,BLUTI,1,10,,4,,,11,,,,,NE,,,,,,S845903,,03/05/2018,S,2,17/05/2019,ANH1644,ANH1645,ANH1646,ANH1647,ANH1648,,,,,,,,,,,,,,,,,,,,,,,,,,,,
6868,2019,514,YAR,PIEFL,1,6,,5,19,27,34,54,,1,,NE,AAA8705,31/05/2019,07/06/2017,S,3,AFD3431,03/06/2019,08/06/2018,R,1,05/06/2019,AZH2467,AZH2468,AZH2469,AZH2470,AZH2471,,,,,,,,,,,,,,,,,,,,,,,,,,,,
6869,2019,517,YAR,BLUTI,1,10,,7,,,5,29,,0,,NE,,,,,,S845901,02/05/2019,03/05/2018,S,2,,,,,,,,,,,,,,,,,,,,,,,,,,,,,,,,,,
6870,2019,519,YAR,PIEFL,1,7,,6,,16,30,50,,0,,NE,S845888,27/05/2019,29/05/2018,S,2,AFD3090,27/05/2019,12/06/2018,S,2,01/06/2019,AJF0775,AJF0776,AJF0777,AJF0778,AJF0779,AJF0780,,,,,,,,,,,,,,,,,,,,,,,,,,,
6871,2019,524,YAR,BLUTI,1,8,,0,,,22,42,,0,,JD,,,,,,,,,,,,,,,,,,,,,,,,,,,,,,,,,,,,,,,,,,,,
6872,2019,525,YAR,GRETI,1,7,0,0,,,15,,,,,EP,,,,,,,,,,,,,,,,,,,,,,,,,,,,,,,,,,,,,,,,,,,,
6873,2019,526,YAR,PIEFL,1,7,6,4,,27,37,57,,1,,NE,AFD3403,03/06/2019,08/06/2018,R,1,AJF0576,03/06/2019,16/05/2019,I,1,08/06/2019,AZH2539,AZH2540,AZH2541,AZH2542,,,,,,,,,,,,,,,,,,,,,,,,,,,,,
6874,2019,527,YAR,BLUTI,1,8,,7,,,20,,,,,NE,,,,,,,,,,,,,,,,,,,,,,,,,,,,,,,,,,,,,,,,,,,,
6875,2019,528,YAR,BLUTI,1,9,,9,,,19,,,0,,NE,,,,,,AJF0544,13/05/2019,13/05/2019,I,1,,,,,,,,,,,,,,,,,,,,,,,,,,,,,,,,,,
6876,2019,HIDE1C,YAR,GRETI,1,6,0,0,,,,,,6,,ED,,,,,,,,,,,,,,,,,,,,,,,,,,,,,,,,,,,,,,,,,,,,
6877,2019,HIDE1D,YAR,GRETI,1,5,0,0,,,,,,5,,ED,,,,,,AFD3946,29/04/2019,29/04/2019,I,1,,,,,,,,,,,,,,,,,,,,,,,,,,,,,,,,,,
6878,2019,HIDE9,YAR,PIEFL,1,7,7,6,,,34,54,,0,,NE,AFD3312,29/05/2019,03/06/2018,I,1,AJF0654,02/06/2019,21/05/2019,I,1,05/06/2019,AZH2384,AZH2385,AZH2495,AZH2496,AZH2497,AZH2498,AZH2499,,,,,,,,,,,,,,,,,,,,,,,,,,
6879,2019,1,BVW,GRETI,1,6,,,,,25,,,,,NE,,,,,,S284662,30/04/2019,30/04/2019,I,1,,,,,,,,,,,,,,,,,,,,,,,,,,,,,,,,,,
6880,2019,2,BVW,PIEFL,1,7,,7,,,32,52,,0,,NE,AZH2500,03/06/2019,03/06/2019,I,1,Z765535,03/06/2019,06/06/2016,S,4,03/06/2019,AZH2401,AZH2402,AZH2403,AZH2404,AZH2405,AZH2406,AZH2407,,,,,,,,,,,,,,,,,,,,,,,,,,
6881,2019,3,BVW,PIEFL,1,7,,6,,,35,54,,,,NE,AFD3260,03/06/2019,09/06/2018,R,1,S969693,03/06/2019,02/06/2018,I,1,03/06/2019,AZH2408,AZH2409,AZH2410,AZH2411,AZH2412,AZH2413,,,,,,,,,,,,,,,,,,,,,,,,,,,
6882,2019,4,BVW,GRETI,1,,0,0,,,26,,,3,,ED,,,,,,,,,,,,,,,,,,,,,,,,,,,,,,,,,,,,,,,,,,,,
6883,2019,5,BVW,PIEFL,1,6,,4,,,29,,,0,,NE,Z286244,28/05/2019,30/05/2015,S,4,,,,,,28/05/2019,AJF0729,AJF0730,AJF0731,AJF0732,AJF0733,AJF0734,,,,,,,,,,,,,,,,,,,,,,,,,,,
6884,2019,6,BVW,GRETI,1,,,0,,,21,,,0,,JD,,,,,,S284663,30/04/2019,30/04/2019,I,1,,,,,,,,,,,,,,,,,,,,,,,,,,,,,,,,,,
6885,2019,7,BVW,PIEFL,1,8,,8,,,35,54,,0,,NE,S284661,03/06/2019,23/04/2019,I,1,ACD7003,21/05/2019,22/05/2018,S,2,03/06/2019,AZH2414,AZH2415,AZH2416,AZH2417,AZH2418,AZH2419,AZH2420,AZH2421,,,,,,,,,,,,,,,,,,,,,,,,,
6886,2019,8,BVW,PIEFL,1,6,,6,,,28,46,,0,,NE,D637292,28/05/2019,30/05/2014,R,5,AFD3998,28/05/2019,14/05/2019,I,1,28/05/2019,AJF0735,AJF0736,AJF0737,AJF0738,AJF0739,AJF0740,,,,,,,,,,,,,,,,,,,,,,,,,,,
6887,2019,9,BVW,GRETI,1,10,,0,,,25,,,,,JD,,,,,,,,,,,,,,,,,,,,,,,,,,,,,,,,,,,,,,,,,,,,
6888,2019,9A,BVW,PIEFL,1,,0,0,,,33,,,5,,ED,,,,,,,,,,,,,,,,,,,,,,,,,,,,,,,,,,,,,,,,,,,,
6889,2019,10,BVW,BLUTI,1,3,,3,,,26,,,,,NE,,,,,,,,,,,,,,,,,,,,,,,,,,,,,,,,,,,,,,,,,,,,
6890,2019,11,BVW,PIEFL,1,8,0,0,,,35,,,7,,ED,,,,,,L351633,14/05/2019,09/06/2016,S,3,,,,,,,,,,,,,,,,,,,,,,,,,,,,,,,,,,
6891,2019,12,BVW,BLUTI,1,10,,9,,,19,,,,,NE,,,,,,,,,,,,,,,,,,,,,,,,,,,,,,,,,,,,,,,,,,,,
6892,2019,13,BVW,BLUTI,1,9,,0,,,22,,,0,,JD,,,,,,,,,,,,,,,,,,,,,,,,,,,,,,,,,,,,,,,,,,,,
6893,2019,14,BVW,PIEFL,1,8,,8,,,27,47,,0,,NE,AJF0802,28/05/2019,28/05/2019,I,1,S845669,28/05/2019,17/05/2018,S,2,28/05/2019,AJF0741,AJF0742,AJF0743,AJF0744,AJF0745,AJF0746,AJF0747,AJF0748,,,,,,,,,,,,,,,,,,,,,,,,,
6894,2019,15,BVW,BLUTI,1,5,,0,,,39,,,,,JD,,,,,,,,,,,,,,,,,,,,,,,,,,,,,,,,,,,,,,,,,,,,
6895,2019,16,BVW,BLUTI,1,11,,3,,,12,,,,,NE,,,,,,,,,,,,,,,,,,,,,,,,,,,,,,,,,,,,,,,,,,,,
6896,2019,17,BVW,PIEFL,1,7,,7,,,30,49,,0,,NE,S845699,31/05/2019,31/05/2018,S,2,S845670,14/05/2019,17/05/2018,S,2,31/05/2019,AJF0768,AJF0769,AJF0770,AJF0771,AJF0772,AJF0773,AJF0774,,,,,,,,,,,,,,,,,,,,,,,,,,
6897,2019,18,BVW,BLUTI,1,8,,7,,,23,,,1,,NE,,,,,,,,,,,,,,,,,,,,,,,,,,,,,,,,,,,,,,,,,,,,
6898,2019,18A,BVW,GRETI,1,8,8,8,,,27,,,,,NE,,,,,,,,,,,,,,,,,,,,,,,,,,,,,,,,,,,,,,,,,,,,
6899,2019,18B,BVW,PIEFL,1,7,,7,,,34,53,,0,,NE,AZH2422,03/06/2019,03/06/2019,I,1,S845155,03/06/2019,02/06/2017,S,3,03/06/2019,AZH2423,AZH2424,AZH2425,AZH2426,AZH2427,AZH2428,AZH2429,,,,,,,,,,,,,,,,,,,,,,,,,,
6900,2019,18C,BVW,BLUTI,1,10,,10,,,24,,,,,NE,,,,,,,,,,,,,,,,,,,,,,,,,,,,,,,,,,,,,,,,,,,,
6901,2019,18D,BVW,PIEFL,1,7,,7,,,34,53,,0,,NE,AZH2422,06/06/2019,03/06/2019,S,1,AJF0655,21/05/2019,21/05/2019,I,1,03/06/2019,AZH2430,AZH2431,AZH2432,AZH2433,AZH2434,AZH2435,AZH2436,,,,,,,,,,,,,,,,,,,,,,,,,,
6902,2019,18E,BVW,BLUTI,1,9,,8,,,23,,,,,NE,,,,,,S284664,30/04/2019,30/04/2019,I,2,,,,,,,,,,,,,,,,,,,,,,,,,,,,,,,,,,
6903,2019,18F,BVW,GRETI,1,8,,6,,,22,,,,,NE,,,,,,,,,,,,,,,,,,,,,,,,,,,,,,,,,,,,,,,,,,,,
6904,2019,18G,BVW,PIEFL,1,7,,6,,20,30,50,,0,,NE,,,,,,AFD3168,01/06/2019,07/06/2018,R,1,01/06/2019,AJF0930,AJF0931,AJF0932,AJF0933,AJF0934,AJF0935,,,,,,,,,,,,,,,,,,,,,,,,,,,
6905,2019,18H,BVW,PIEFL,1,7,,6,,23,35,,,1,,NE,AFD3030,03/06/2019,04/06/2018,S,2,AFD3256,12/05/2019,09/06/2018,R,1,03/06/2019,AZH2437,AZH2438,AZH2439,AZH2440,AZH2441,AZH2442,,,,,,,,,,,,,,,,,,,,,,,,,,,
6906,2019,18I,BVW,GRETI,1,7,6,6,,,20,,,1,,NE,,,,,,Z765429,12/05/2019,24/05/2016,S,4,,,,,,,,,,,,,,,,,,,,,,,,,,,,,,,,,,
6907,2019,18J,BVW,BLUTI,1,10,,,,,10,,,,,NE,,,,,,,,,,,,,,,,,,,,,,,,,,,,,,,,,,,,,,,,,,,,
6908,2019,18K,BVW,GRETI,1,9,,7,,,20,,,1,,NE,,,,,,,,,,,,,,,,,,,,,,,,,,,,,,,,,,,,,,,,,,,,
6909,2019,18L,BVW,NUTHA,1,6,0,0,,,19,,,6,,ED,,,,,,,,,,,,,,,,,,,,,,,,,,,,,,,,,,,,,,,,,,,,
6910,2019,19,BVW,BLUTI,1,,0,0,,,16,,,1,,ED,,,,,,,,,,,,,,,,,,,,,,,,,,,,,,,,,,,,,,,,,,,,
6911,2019,19,BVW,PIEFL,1,7,,7,,20,26,,,0,,NE,AJF0620,20/05/2019,20/05/2019,I,1,AJF0621,20/05/2019,20/05/2019,I,1,28/05/2019,AJF0812,AJF0813,AJF0814,AJF0815,AJF0816,AJF0817,AJF0818,,,,,,,,,,,,,,,,,,,,,,,,,,
6912,2019,20,BVW,BLUTI,1,11,,6,,,2,,,,,NE,,,,,,,,,,,,,,,,,,,,,,,,,,,,,,,,,,,,,,,,,,,,
6913,2019,21,BVW,BLUTI,1,11,,10,,,8,,,,,NE,,,,,,,,,,,,,,,,,,,,,,,,,,,,,,,,,,,,,,,,,,,,
6914,2019,22,BVW,NUTHA,1,6,,,,,,,,,,NE,,,,,,,,,,,,,,,,,,,,,,,,,,,,,,,,,,,,,,,,,,,,
6915,2019,23,BVW,BLUTI,1,9,,8,,,8,,,,,NE,,,,,,,,,,,,,,,,,,,,,,,,,,,,,,,,,,,,,,,,,,,,
6916,2019,24,BVW,PIEFL,1,6,,6,,23,38,,,0,,NE,S845683,01/06/2019,29/05/2018,S,2,S749902,21/05/2019,02/06/2018,I,1,03/06/2019,AZH2456,AZH2457,AZH2458,AZH2459,AZH2460,AZH2461,,,,,,,,,,,,,,,,,,,,,,,,,,,
6917,2019,25,BVW,GRETI,1,8,,7,,,19,,,,,NE,,,,,,,,,,,,,,,,,,,,,,,,,,,,,,,,,,,,,,,,,,,,
6918,2019,26,BVW,PIEFL,1,7,,6,,16,28,,,1,,NE,S845684,24/05/2019,29/05/2018,S,2,AFD3991,12/05/2019,12/05/2019,I,1,28/05/2019,AJF0806,AJF0807,AJF0808,AJF0809,AJF0810,AJF0811,,,,,,,,,,,,,,,,,,,,,,,,,,,
6919,2019,27,BVW,GRETI,1,8,,3,,,14,,,,,NE,,,,,,,,,,,,,,,,,,,,,,,,,,,,,,,,,,,,,,,,,,,,
6920,2019,29,BVW,PIEFL,1,7,,6,,23,34,53,,,,NE,D468782,28/05/2019,04/06/2019,S,3,AFD3453,21/05/2019,09/06/2018,R,1,03/06/2019,AZH2450,AZH2451,AZH2452,AZH2453,AZH2454,AZH2455,,,,,,,,,,,,,,,,,,,,,,,,,,,
6921,2019,30,BVW,PIEFL,1,7,,7,,23,33,52,,0,,NE,AFD3134,28/05/2019,05/06/2018,R,1,S845700,28/05/2019,04/06/2018,S,2,03/06/2019,AZH2443,AZH2444,AZH2445,AZH2446,AZH2447,AZH2448,AZH2449,,,,,,,,,,,,,,,,,,,,,,,,,,
6922,2019,31,BVW,BLUTI,1,,,2,,,22,,2,1,,NE,,,,,,,,,,,,,,,,,,,,,,,,,,,,,,,,,,,,,,,,,,,,
6923,2019,32,BVW,BLUTI,1,,,0,,,20,,,0,,JD,,,,,,,,,,,,,,,,,,,,,,,,,,,,,,,,,,,,,,,,,,,,
6924,2019,33,BVW,GRETI,1,,,5,,,5,,,,,NE,,,,,,,,,,,,,,,,,,,,,,,,,,,,,,,,,,,,,,,,,,,,
6925,2019,34,BVW,NUTHA,1,5,,,,,7,,,,,NE,,,,,,,,,,,,,,,,,,,,,,,,,,,,,,,,,,,,,,,,,,,,
6926,2019,1,NEA,BLUTI,1,8,,7,,,,,,,,NE,AJF0728,28/05/2019,28/05/2019,I,1,,,,,,,,,,,,,,,,,,,,,,,,,,,,,,,,,,,,,,,
6927,2019,2,NEA,PIEFL,1,7,,6,,25,35,54,,1,,NE,AJF0767,31/05/2019,31/05/2019,I,1,S209128,31/05/2019,15/06/2017,I,2,03/06/2019,AZH2322,AZH2323,AZH2324,AZH2325,AZH2326,AZH2327,,,,,,,,,,,,,,,,,,,,,,,,,,,
6928,2019,3,NEA,GRETI,1,6,,6,,,,,,0,,NE,,,,,,AFD3959,03/05/2019,03/05/2019,I,1,28/05/2019,VZ93336,VZ93337,VZ93338,VZ93339,VZ93340,,,,,,,,,,,,,,,,,,,,,,,,,,,,
6929,2019,4,NEA,GRETI,1,5,5,0,,,,32,,0,,JD,,,,,,AFD3958,03/05/2019,03/05/2019,I,1,,,,,,,,,,,,,,,,,,,,,,,,,,,,,,,,,,
6930,2019,5,NEA,PIEFL,1,7,,6,,25,36,57,,0,,NE,AZH2328,03/06/2019,03/06/2019,I,1,AFD3997,03/06/2019,13/05/2019,I,1,06/06/2019,AZH2601,AZH2602,AZH2603,AZH2604,AZH2605,AZH2606,AZH2607,,,,,,,,,,,,,,,,,,,,,,,,,,
6931,2019,6,NEA,PIEFL,1,6,,0,,40,47,65,,0,,JD,,,,,,AJF0714,23/05/2019,23/05/2019,I,1,,,,,,,,,,,,,,,,,,,,,,,,,,,,,,,,,,
6932,2019,7,NEA,BLUTI,1,9,,8,,,,,,0,,NE,,,,,,S845655,10/05/2019,12/05/2018,S,2,,,,,,,,,,,,,,,,,,,,,,,,,,,,,,,,,,
6933,2019,8,NEA,PIEFL,1,7,,7,,25,34,53,,0,,NE,S845644,01/06/2019,19/04/2018,S,2,S845673,30/05/2019,19/05/2018,S,2,02/06/2019,AZH2301,AZH2302,AZH2303,AZH2304,AZH2305,AZH2306,AZH2307,,,,,,,,,,,,,,,,,,,,,,,,,,
6934,2019,10,NEA,GRETI,1,5,,4,,,,,,1,,NE,,,,,,,,,,,,,,,,,,,,,,,,,,,,,,,,,,,,,,,,,,,,
6935,2019,11,NEA,PIEFL,1,7,,7,,25,32,52,,0,,NE,AJF0750,30/05/2019,30/05/2019,I,1,AFD3996,30/05/2019,13/05/2019,I,1,01/06/2019,AJF0781,AJF0782,AJF0783,AJF0784,AJF0785,AJF0786,AJF0787,,,,,,,,,,,,,,,,,,,,,,,,,,
6936,2019,13,NEA,PIEFL,1,5,5,5,,58,69,87,,0,,NE,D637189,01/07/2019,05/06/2019,S,6,AZH2633,16/06/2019,16/06/2019,I,1,08/07/2019,AZH2694,AZH2695,AZH2696,AZH2697,AZH2698,,,,,,,,,,,,,,,,,,,,,,,,,,,,
6937,2019,15,NEA,GRETI,1,6,5,5,,,,,,1,,NE,,,,,,AFD3975,10/05/2019,10/05/2019,I,1,,,,,,,,,,,,,,,,,,,,,,,,,,,,,,,,,,
6938,2019,16,NEA,GRETI,1,,0,0,,,,,,2,,ED,,,,,,,,,,,,,,,,,,,,,,,,,,,,,,,,,,,,,,,,,,,,
6939,2019,16,NEA,PIEFL,1,7,,7,16,29,37,57,,0,,NE,Z765396,20/04/2019,04/06/2016,S,4,Z286399,04/06/2019,29/05/2015,S,4,06/06/2019,AZH2608,AZH2609,AZH2610,AZH2611,AZH2612,AZH2613,AZH2614,,,,,,,,,,,,,,,,,,,,,,,,,,
6940,2019,17,NEA,BLUTI,1,7,,5,,,,,,,,NE,,,,,,,,,,,,,,,,,,,,,,,,,,,,,,,,,,,,,,,,,,,,
6941,2019,18,NEA,PIEFL,1,7,,7,,23,32,52,,0,,NE,AJF0749,29/05/2019,29/05/2019,I,1,S845659,30/05/2019,12/05/2018,S,2,01/06/2019,AJF0788,AJF0789,AJF0790,AJF0791,AJF0792,AJF0793,AJF0794,,,,,,,,,,,,,,,,,,,,,,,,,,
6942,2019,19,NEA,COATI,1,8,,7,,,,26,,1,,NE,,,,,,AFD3943,26/04/2019,26/04/2019,I,1,10/05/2019,AFD3976,AFD3977,AFD3978,AFD3979,AFD3980,AFD3981,AFD3982,,,,,,,,,,,,,,,,,,,,,,,,,,
6943,2019,20,NEA,PIEFL,1,8,,6,,23,32,53,,2,,NE,Z765776,30/05/2019,13/06/2016,S,3,AFD3995,30/05/2019,13/05/2019,I,1,02/06/2019,AZH2308,AZH2309,AZH2310,AZH2311,AZH2312,AZH2313,,,,,,,,,,,,,,,,,,,,,,,,,,,
6944,2019,FOXWTY,NEA,PIEFL,1,6,,6,,,33,53,,0,,NE,Z765833,30/05/2019,11/06/2016,R,3,AFD3172,01/06/2019,07/06/2018,R,1,02/06/2019,AJF0795,AJF0796,AJF0797,AJF0798,AJF0799,AJF0800,,,,,,,,,,,,,,,,,,,,,,,,,,,
6945,2019,FOXWTY,NEA,PIEFL,1,8,,8,19,,35,55,,0,,NE,Z590805,01/06/2019,31/05/2019,S,2,AJF0713,01/06/2019,21/05/2019,I,1,04/06/2019,AZH2329,AZH2330,AZH2331,AZH2332,AZH2333,AZH2335,AZH2337,AZH2338,,,,,,,,,,,,,,,,,,,,,,,,,
6946,2019,Foxworthy Mill,NEA,PIEFL,1,7,,7,,,,57,,0,,NE,S845693,04/06/2019,04/06/2016,S,2,Y877802,04/06/2019,03/06/2014,S,5,06/06/2019,AZH2615,AZH2616,AZH2617,AZH2618,AZH2619,AZH2620,AZH2621,,,,,,,,,,,,,,,,,,,,,,,,,,
6947,2020,1,BVW,GRETI,1,,,6,,,20,,,,,NE,,,,,,S284662,12/05/2020,30/04/2019,S,2,,,,,,,,,,,,,,,,,,,,,,,,,,,,,,,,,,
6948,2020,2,BVW,PIEFL,1,8,,5,,,28,52,,0,,NE,,,,,,AFD3135,26/05/2020,05/06/2018,R,2,30/05/2020,AJL5711,AJL5712,AJL5713,AJL5714,AJL5715,,,,,,,,,,,,,,,,,,,,,,,,,,,,
6949,2020,3,BVW,BLUTI ,1,6,,0,,,26,,,,,XU,,,,,,,,,,,,,,,,,,,,,,,,,,,,,,,,,,,,,,,,,,,,
6950,2020,5,BVW,PIEFL,1,8,,5,,,31,52,,2,,NE,,,,,,ACD7003,12/05/2020,22/05/2018,S,3,30/05/2020,AJL5706,AJL5707,AJL5708,AJL5709,AJL5710,,,,,,,,,,,,,,,,,,,,,,,,,,,,
6951,2020,6,BVW,PIEFL,1,6,,6,,,27,,,0,,NE,D637292,26/05/2020,30/05/2014,S,6,AFD3998,12/05/2020,14/05/2019,S,2,26/05/2020,AJL5607,AJL5608,AJL5609,AJL5610,AJL5611,AJL5612,,,,,,,,,,,,,,,,,,,,,,,,,,,
6952,2020,7,BVW,BLUTI ,1,9,,8,,,19,,,,,NE,,,,,,unringed,,,,,,,,,,,,,,,,,,,,,,,,,,,,,,,,,,,,,,
6953,2020,8,BVW,PIEFL,1,7,,7,,,32,,,0,,NE,AFD3631,26/05/2020,01/07/2018,R,2,AJL5520,12/05/2020,12/05/2020,I,1,30/05/2020,AJL5737,AJL5738,AJL5739,AJL5740,AJL5741,AJL5742,AJL5743,,,,,,,,,,,,,,,,,,,,,,,,,,
6954,2020,9,BVW,GRETI,1,,,9,,,,,,,,NE,,,,,,,,,,,,,,,,,,,,,,,,,,,,,,,,,,,,,,,,,,,,
6955,2020,9A,BVW,PIEFL,1,7,,7,,,29,,,0,,NE,,,,,,AFD3353,12/05/2020,05/06/2018,I,2,30/05/2020,AJL5744,AJL5745,AJL5746,AJL5747,AJL5748,AJL5749,AJL5750,,,,,,,,,,,,,,,,,,,,,,,,,,
6956,2020,11,BVW,PIEFL,1,7,,7,,,32,,,0,,NE,AFD3254,30/05/2020,09/06/2018,R,2,AJL5519,12/05/2020,12/05/2020,I,1,30/05/2020,AJL5724,AJL5725,AJL5726,AJL5727,AJL5728,AJL5729,AJL5730,,,,,,,,,,,,,,,,,,,,,,,,,,
6957,2020,12,BVW,PIEFL,1,8,,7,,,34,,,0,,NE,S846693,30/05/2020,30/05/2018,I,2,S845681,12/05/2020,25/05/2018,S,3,06/06/2020,AJL5215,AJL5216,AJL5217,AJL5218,AJL5219,AJL5220,AJL5221,AJL5222,,,,,,,,,,,,,,,,,,,,,,,,,
6958,2020,13,BVW,BLUTI ,1,9,,9,,,,,,,,NE,,,,,,,,,,,,,,,,,,,,,,,,,,,,,,,,,,,,,,,,,,,,
6959,2020,14,BVW,PIEFL,1,8,,8,,,30,,,0,,NE,Z765974,26/05/2020,14/06/2016,R,4,L351633,12/05/2020,09/06/2016,S,4,30/05/2020,AJL5716,AJL5717,AJL5718,AJL5719,AJL5720,AJL5721,AJL5722,AJL5723,,,,,,,,,,,,,,,,,,,,,,,,,
6960,2020,16,BVW,GRETI,1,7,,5,,,28,,,2,,NE,,,,,,,,,,,,,,,,,,,,,,,,,,,,,,,,,,,,,,,,,,,,
6961,2020,17,BVW,PIEFL,1,8,,8,,,27,,,0,,NE,AFD3544,26/05/2020,14/06/2018,R,2,AJL5518,12/05/2020,12/05/2020,I,1,26/05/2020,AJL5613,AJL5614,AJL5615,AJL5616,AJL5617,AJL5618,AJL5619,AJL5620,,,,,,,,,,,,,,,,,,,,,,,,,
6962,2020,18,BVW,BLUTI ,1,7,,6,,,27,,,,,NE,,,,,,,,,,,,,,,,,,,,,,,,,,,,,,,,,,,,,,,,,,,,
6963,2020,18A,BVW,PIEFL,1,7,,7,,,28,,,0,,NE,AFD3391,26/05/2020,06/06/2018,R,2,AJL5517,12/05/2020,12/05/2020,I,1,26/05/2020,AJL5621,AJL5622,AJL5623,AJL5624,AJL5625,AJL5626,AJL5627,,,,,,,,,,,,,,,,,,,,,,,,,,
6964,2020,18B,BVW,BLUTI ,1,11,,6,,,21,42,,,,NE,,,,,,unringed,,,,,,,,,,,,,,,,,,,,,,,,,,,,,,,,,,,,,,
6965,2020,18C,BVW,PIEFL,1,9,,8,,,21,44,,0,,NE,AZH2422,26/05/2020,03/06/2019,S,2,S845669,12/05/2020,17/05/2018,S,3,26/05/2020,AJL5597,AJL5598,AJL5599,AJL5600,AJL5601,AJL5602,AJL5603,AJL5604,,,,15,,13.8,,14.5,,13.7,,14.1,,14,,14.2,,14.8,,,,,,,
6966,2020,18E,BVW,PIEFL,1,8,,8,,,34,,,0,,NE,AJL5605,26/05/2020,26/05/2020,I,1,S846129,12/05/2020,06/06/2017,I,3,06/06/2020,AJL5223,AJL5224,AJL5225,AJL5226,AJL5227,AJL5228,AJL5229,AJL5230,,,,,,,,,,,,,,,,,,,,,,,,,
6967,2020,18F,BVW,GRETI,1,6,,6,,,,,,0,,NE,,,,,,,,,,,,,,,,,,,,,,,,,,,,,,,,,,,,,,,,,,,,
6968,2020,18G,BVW,PIEFL,1,7,,6,,,30,,,0,,NE,AFD3030,25/05/2020,04/06/2018,S,3,AJL5540,14/05/2020,14/05/2020,I,1,30/05/2020,AJL5751,AJL5752,AJL5753,AJL5754,AJL5755,AJL5756,,,,,,,,,,,,,,,,,,,,,,,,,,,
6969,2020,18H,BVW,GRETI,1,7,,,,,,55,,,,OU,,,,,,,,,,,,,,,,,,,,,,,,,,,,,,,,,,,,,,,,,,,,
6970,2020,18J,BVW,GRETI,1,6,,,,,31,,,,,OU,,,,,,,,,,,,,,,,,,,,,,,,,,,,,,,,,,,,,,,,,,,,
6971,2020,18K,BVW,NUTHA,1,7,4,,,,,32,,3,,OU,,,,,,,,,,,,,,,,,,,,,,,,,,,,,,,,,,,,,,,,,,,,
6972,2020,18L,BVW,GRETI,1,8,,0,,,,,,0,,JD,,,,,,,,,,,,,,,,,,,,,,,,,,,,,,,,,,,,,,,,,,,,
6973,2020,19,BVW,PIEFL,1,7,,7,,,,,,0,,RF,,,,,,,,,,,25/05/2020,AJL5590,AJL5591,AJL5592,AJL5593,AJL5594,AJL5595,AJL5596,,,,,,,,,,,,,,,,,,,,,,,,,,
6974,2020,20,BVW,BLUTI ,1,9,8,,,,,,,1,,OU,,,,,,,,,,,,,,,,,,,,,,,,,,,,,,,,,,,,,,,,,,,,
6975,2020,21,BVW,BLUTI ,1,9,9,8,,,,,,,,NE,,,,,,,,,,,,,,,,,,,,,,,,,,,,,,,,,,,,,,,,,,,,
6976,2020,22,BVW,NUTHA,1,5,,2,,,,32,,0,,NE,,,,,,,,,,,,,,,,,,,,,,,,,,,,,,,,,,,,,,,,,,,,
6977,2020,26,BVW,BLUTI ,1,6,6,6,,,,,,0,,NE,,,,,,,,,,,,,,,,,,,,,,,,,,,,,,,,,,,,,,,,,,,,
6978,2020,27,BVW,GRETI,1,7,,7,,,,,,0,,RF,,,,,,,,,,,,,,,,,,,,,,,,,,,,,,,,,,,,,,,,,,,,
6979,2020,29,BVW,PIEFL,1,7,7,7,,,28,,,0,,NE,S845684,25/05/2020,29/05/2018,S,3,AJL5589,25/05/2020,25/05/2020,I,1,26/05/2020,AJL5640,AJL5641,AJL5642,AJL5643,AJL5644,AJL5645,AJL5646,,,,,,,,,,,,,,,,,,,,,,,,,,
6980,2020,30,BVW,PIEFL,1,8,,7,,,27,,,0,,NE,S845683,25/05/2020,29/05/2018,S,3,AFD3433,14/05/2020,08/06/2018,R,2,26/05/2020,AJL5633,AJL5634,AJL5635,AJL5636,AJL5637,AJL5638,AJL5639,,,,,,,,,,,,,,,,,,,,,,,,,,
6981,2020,31,BVW,GRETI,1,5,,3,,,,32,,0,,NE,,,,,,,,,,,,,,,,,,,,,,,,,,,,,,,,,,,,,,,,,,,,
6982,2020,32,BVW,NUTHA,1,,,6,,,,,7,1,,NE,,,,,,VZ93421,02/05/2020,04/05/2018,S,3,14/05/2020,TW70521,TW70522,TW70523,TW70524,TW70525,TW70526,,,,,,,,,,,,,,,,,,,,,,,,,,,
6983,2020,33,BVW,GRETI,1,6,,6,,,,,,0,,RF,,,,,,,,,,,,,,,,,,,,,,,,,,,,,,,,,,,,,,,,,,,,
6984,2020,1,NEA,PIEFL,1,6,,6,,21,30,48,,0,,NE,AJL5573,23/05/2020,23/05/2020,I,1,AJL5509,08/05/2020,08/05/2020,I,1,31/05/2020,AJL5779,AJL5780,AJL5781,AJL5782,AJL5783,AJL5784,,,,,,14.5,,14.7,,14.4,,14.3,,13.3,,13.8,,,,,,,,,,,
6985,2020,2,NEA,PIEFL,1,6,,6,5,14,28,46,,0,,NE,AJL5629,26/05/2020,26/05/2020,I,1,AJL5542,16/05/2020,16/05/2020,I,1,28/05/2020,AJL5649,AJL5650,AJL5651,AJL5652,AJL5653,AJL5654,,,,,,14.3,,14.2,,14.1,,13.8,,13.4,,14.7,,,,,,,,,,,
6986,2020,3,NEA,BLUTI,1,9,,0,,,21,42,,3,,XD,,,,,,AJL5521,13/05/2020,13/05/2020,I,1,,,,,,,,,,,,,,,,,,,,,,,,,,,,,,,,,,
6987,2020,4,NEA,GRETI,1,5,5,5,,,20,37,,0,,NE,,,,,,,,,,,,,,,,,,,,,,,,,,,,,,,,,,,,,,,,,,,,
6988,2020,5,NEA,GRETI,1,7,,0,,,20,39,,0,,XD,,,,,,,,,,,,,,,,,,,,,,,,,,,,,,,,,,,,,,,,,,,,
6989,2020,6,NEA,PIEFL,1,7,,7,5,21,30,49,,0,,NE,S845644,23/05/2020,23/05/2020,S,3,AJL5511,08/05/2020,08/05/2020,I,1,31/05/2020,AJL5771,AJL5772,AJL5773,AJL5774,AJL5775,AJL5776,AJL5777,,,,,14.3,,13.9,,14.1,,14.3,,15.1,,13.6,,14.3,,,,,,,,,
6990,2020,7,NEA,PIEFL,1,8,,8,,23,34,54,,0,,NE,ABE4641,30/05/2020,30/05/2019,I,1,AJL5541,16/05/2020,16/05/2020,I,1,06/06/2020,AJL5242,AJL5243,AJL5244,AJL5245,AJL5246,AJL5247,AJL5248,AJL5249,,,,13,,14.1,,13.1,,13.2,,13.1,,13.3,,12.7,,13.7,,,,,,,
6991,2020,9,NEA,PIEFL,1,5,,4,,,62,79,,0,,NE,AJL5335,01/07/2020,01/07/2020,I,1,AFD3256,19/06/2020,09/06/2018,S,2,01/07/2020,AJL5331,AJL5332,AJL5333,AJL5334,,,,,,,,13.3,,12.1,,12.9,,14.2,,,,,,,,,,,,,,,
6992,2020,10,NEA,PIEFL,1,8,,8,10.5,18,31,51,,0,,NE,AJL5631,27/05/2020,02/06/2020,I,1,AJL5571,21/05/2020,21/05/2020,I,1,01/06/2020,AJL5906,AJL5907,AJL5908,AJL5909,AJL5910,AJL5911,AJL5912,AJL5913,,,,14.1,,14.1,,13.8,,15.6,,14.4,,14.3,,13.7,,15.3,,,,,,,
6993,2020,11,NEA,PIEFL,1,7,,4,,35,41,60,,0,,NE,AJL5778,31/05/2020,31/05/2020,I,1,AJL5545,19/05/2020,19/05/2020,I,1,11/06/2020,AJL5293,AJL5294,AJL5295,AJL5296,,,,,,,,12.8,,10.2,,12.3,,12,,,,,,,,,,,,,,,
6994,2020,12,NEA,PIEFL,1,8,,7,10.5,18,29,49,,1,,NE,AJL5630,27/05/2020,27/05/2020,I,1,AJL5510,08/05/2020,08/05/2020,I,1,31/05/2020,AJL5764,AJL5765,AJL5766,AJL5767,AJL5768,AJL5769,AJL5770,,,,,14.4,,14,,13.5,,14.3,,14,,14.1,,14.1,,,,,,,,,
6995,2020,13,NEA,GRETI,1,5,,5,,,21,38,,0,,NE,,,,,,,,,,,,,,,,,,,,,,,,,,,,,,,,,,,,,,,,,,,,
6996,2020,14,NEA,PIEFL,1,8,,0,10.5,14,36,56,,2,,JD,AJL5914,01/06/2020,01/06/2020,I,1,Z286399,19/05/2020,29/05/2015,S,5,,,,,,,,,,,,,,,,,,,,,,,,,,,,,,,,,,
6997,2020,15,NEA,BLUTI,1,7,,6,,,26,45,,1,,NE,,,,,,,,,,,,,,,,,,,,,,,,,,,,,,,,,,,,,,,,,,,,
6998,2020,16,NEA,PIEFL,1,7,,7,7,18,29,48,,0,,NE,AFD3054,23/05/2020,06/06/2018,R,2,AJL5574,23/05/2020,23/05/2020,I,1,31/05/2020,AJL5757,AJL5758,AJL5759,AJL5760,AJL5761,AJL5762,AJL5763,,,,,14.6,,14.7,,14.7,,15.4,,15,,15,,14.9,,,,,,,,,
6999,2020,17,NEA,BLUTI,1,5,,2,,,30,47,,1,,NE,,,,,,AJL5522,13/05/2020,13/05/2020,I,1,,,,,,,,,,,,,,,,,,,,,,,,,,,,,,,,,,
7000,2020,18,NEA,GRETI,1,8,,8,,,35,55,,0,,NE,,,,,,AJL5523,13/05/2020,13/05/2020,I,2,,,,,,,,,,,,,,,,,,,,,,,,,,,,,,,,,,
7001,2020,19,NEA,COATI,1,8,,0,,,13,33,,8,,ED,,,,,,AFD3943,23/04/2020,26/04/2019,S,1,,,,,,,,,,,,,,,,,,,,,,,,,,,,,,,,,,
7002,2020,20,NEA,PIEFL,1,9,,7,5,14,29,50,,1,,NE,Z765776,27/05/2020,13/06/2016,S,4,AFD3995,08/05/2020,13/05/2019,S,2,01/06/2020,AJL5899,AJL5900,AJL5901,AJL5902,AJL5903,AJL5904,AJL5905,,,,,15.2,,15.2,,15.6,,15.8,,15.2,,15,,14.4,,,,,,,,,
7003,2020,FOXWTY,NEA,PIEFL,1,7,,7,,,30,49,,0,,NE,AJL5632,27/05/2020,27/05/2020,I,1,S749902,27/05/2020,02/06/2018,S,2,31/05/2020,AJL5785,AJL5786,AJL5787,AJL5788,AJL5789,AJL5790,AJL5791,,,,,14.3,,14.2,,13.7,,14.3,,14.5,,13.8,,14.1,,,,,,,,,
7004,2020,102,YAR,PIEFL,1,6,,4,,22,40,59,,0,,NE,AJL5705,29/05/2020,29/05/2020,I,1,S845673,19/05/2020,19/05/2018,S,3,10/06/2020,AJL5289,AJL5290,AJL5291,AJL5292,,,,,,,,13.6,,13,,14.1,,11.9,,,,,,,,,,,,,,,
7005,2020,106,YAR,PIEFL,1,7,,7,,19.5,27,47,,0,,NE,AZH2546,21/05/2020,28/05/2020,S,2,AJL5505,06/05/2020,06/05/2020,I,1,29/05/2020,AJL5663,AJL5664,AJL5665,AJL5666,AJL5667,AJL5668,AJL5669,,,,,12.9,,12.5,,13.8,,13.1,,14.2,,13.9,,13.6,,,,,,,,,
7006,2020,107,YAR,REDST,1,6,,3,,,48,65,,0,,NE,,,,,,,,,,,14/06/2020,AJL5317,AJL5318,AJL5319,,,,,,,,,,,,,,,,,,,,,,,,,,,,,,
7007,2020,109,YAR,PIEFL,1,8,,5,,,28,49,,1,,NE,AZH2546,29/05/2020,25/05/2020,S,2,AJL5508,07/05/2020,07/05/2020,I,1,31/05/2020,AJL5827,AJL5828,AJL5829,AJL5830,AJL5831,,,,,,,13.2,,11.4,,12.1,,12.5,,13.1,,,,,,,,,,,,,
7008,2020,113,YAR,PIEFL,1,7,,7,,19.5,30,49,,0,,NE,AZH2538,25/05/2020,21/05/2020,S,2,AJL5506,06/05/2020,06/05/2020,I,1,31/05/2020,AJL5832,AJL5833,AJL5834,AJL5835,AJL5836,AJL5837,AJL5838,,,,,13.5,,14.3,,13.8,,14.3,,13.2,,13.9,,14.4,,,,,,,,,
7009,2020,116,YAR,PIEFL,1,7,,6,,,27,47,,1,,NE,AJL5557,21/05/2020,21/05/2020,I,1,AFD3431,06/05/2020,08/06/2018,S,2,29/05/2020,AJL5676,AJL5677,AJL5678,AJL5679,AJL5680,AJL5681,,,,,,12.9,,12.8,,13.8,,13.7,,13.6,,13.4,,,,,,,,,,,
7010,2020,118,YAR,BLUTI,1,7,,0,,,38,59,,0,,JD,,,,,,Z765428,21/05/2020,24/05/2016,S,5,,,,,,,,,,,,,,,,,,,,,,,,,,,,,,,,,,
7011,2020,119,YAR,REDST,1,6,,5,,,40,,,0,,NE,,,,,,AJL5682,29/05/2020,29/05/2020,I,1,08/06/2020,AJL5272,AJL5273,AJL5274,AJL5275,AJL5276,AJL5277,,,,,,,,,,,,,,,,,,,,,,,,,,,
7012,2020,120,YAR,PIEFL,1,4,,4,,55.5,59,75,,0,,NE,AFD3537,20/05/2020,12/06/2018,R,2,AJF0568,08/06/2020,15/05/2019,S,2,25/06/2020,AJL5327,AJL5328,AJL5329,AJL5330,,,,,,,,14.7,,14.2,,13.7,,14.6,,,,,,,,,,,,,,,
7013,2020,122,YAR,BLUTI,1,,0,0,,,29,,,1,,ED,,,,,,,,,,,,,,,,,,,,,,,,,,,,,,,,,,,,,,,,,,,,
7014,2020,123,YAR,PIEFL,1,7,,6,,16,28,47,,1,,NE,S845400,21/05/2020,30/05/2017,S,4,AFD3090,06/05/2020,12/06/2018,S,3,29/05/2020,AJL5670,AJL5671,AJL5672,AJL5673,AJL5674,AJL5675,,,,,,14.2,,13.8,,13.2,,13,,14,,13.8,,,,,,,,,,,
7015,2020,125,YAR,COATI,1,9,,9,,,13,,,,,NE,,,,,,,,,,,21/05/2020,AJL5548,AJL5549,AJL5550,AJL5551,AJL5552,AJL5553,AJL5554,AJL5555,AJL5556,,,,,,,,,,,,,,,,,,,,,,,,
7016,2020,129,YAR,BLUTI,1,9,9,9,,,18,,,0,,NE,,,,,,AFD3960,14/05/2020,04/05/2019,S,2,,,,,,,,,,,,,,,,,,,,,,,,,,,,,,,,,,
7017,2020,132,YAR,BLUTI,1,8,,0,,,18,,,1,,JD,,,,,,AFD3985,14/05/2020,11/05/2019,S,2,,,,,,,,,,,,,,,,,,,,,,,,,,,,,,,,,,
7018,2020,201,YAR,PIEFL,1,8,,6,,24,31,52,,1,,NE,AJL5662,29/05/2020,29/05/2020,I,1,S749930,26/05/2020,04/06/2018,S,2,02/06/2020,AJL5955,AJL5956,AJL5957,AJL5958,AJL5959,AJL5960,,,,,,12.8,,12,,14.1,,11,,12.8,,13.6,,,,,,,,,,,
7019,2020,202,YAR,BLUTI,1,10,,8,,,18,,,,,NE,,,,,,AJL5524,14/05/2020,14/05/2020,I,1,,,,,,,,,,,,,,,,,,,,,,,,,,,,,,,,,,
7020,2020,205,YAR,PIEFL,1,6,,0,,24,38,57,,0,,JD,AFD3366,31/05/2020,05/06/2018,I,2,AJL5543,17/05/2020,17/05/2020,I,1,,,,,,,,,,,,,,,,,,,,,,,,,,,,,,,,,,
7021,2020,207,YAR,BLUTI,1,9,,0,,,18,,,1,,JD,,,,,,AJL5525,14/05/2020,14/05/2020,I,1,,,,,,,,,,,,,,,,,,,,,,,,,,,,,,,,,,
7022,2020,209,YAR,PIEFL,1,8,,8,,16,30,51,,0,,NE,AJL5647,27/05/2020,27/05/2020,I,1,L351615,11/05/2020,03/06/2016,S,4,02/06/2020,AJL5947,AJL5948,AJL5949,AJL5950,AJL5951,AJL5952,AJL5953,AJL5954,,,,13.3,,13.5,,14.1,,13.7,,13.3,,13.8,,13.9,,13.5,,,,,,,
7023,2020,211,YAR,BLUTI,1,9,7,7,,,10,,,2,,NE,,,,,,,,,,,,,,,,,,,,,,,,,,,,,,,,,,,,,,,,,,,,
7024,2020,212A,YAR,PIEFL,1,7,,3,,38,41,60,,1,,NE,AJL5961,02/06/2020,02/06/2020,I,1,AJF0558,19/05/2020,13/05/2019,S,2,11/06/2020,AJL5297,AJL5298,AJL5299,,,,,,,,,12.7,,12.9,,11.7,,,,,,,,,,,,,,,,,
7025,2020,212B,YAR,PIEFL,1,7,,6,,20,30,50,,0,,NE,AFD3027,27/05/2020,03/06/2018,S,3,S845846,14/05/2020,28/05/2018,S,3,01/06/2020,AJL5846,AJL5847,AJL5848,AJL5849,AJL5850,AJL5851,,,,,,13.2,,13,,13.6,,14.7,,13,,13.4,,,,,,,,,,,
7026,2020,212C,YAR,PIEFL,1,7,,3,,38,45,64,,,,NE,AFD3250,06/06/2020,09/06/2018,R,2,S969934,21/05/2020,01/06/2019,I,1,14/06/2020,AJL5320,AJL5321,AJL5322,,,,,,,,,11.7,,11.9,,9.5,,,,,,,,,,,,,,,,,
7027,2020,212C,YAR,BLUTI,1,,0,0,,,27,,,1,,ED,,,,,,,,,,,,,,,,,,,,,,,,,,,,,,,,,,,,,,,,,,,,
7028,2020,212D,YAR,BLUTI,1,8,8,8,,,13,,,0,,NE,,,,,,,,,,,,,,,,,,,,,,,,,,,,,,,,,,,,,,,,,,,,
7029,2020,213,YAR,PIEFL,1,6,0,0,,24,32,,,6,,ED,,,,,,AJL5513,11/05/2020,11/05/2020,I,1,,,,,,,,,,,,,,,,,,,,,,,,,,,,,,,,,,
7030,2020,214,YAR,PIEFL,1,7,,7,,,26,47,,0,,NE,AJF0758,23/05/2020,31/05/2019,S,2,AFD3999,11/05/2020,20/05/2019,S,2,29/05/2020,AJL5693,AJL5694,AJL5695,AJL5696,AJL5697,AJL5698,AJL5699,,,,,14.2,,13.9,,15.1,,14.4,,14.7,,13.9,,13.9,,,,,,,,,
7031,2020,216,YAR,BLUTI,1,9,,7,,,22,44,,,,RF,,,,,,,,,,,,,,,,,,,,,,,,,,,,,,,,,,,,,,,,,,,,
7032,2020,217,YAR,PIEFL,1,7,,6,,24,37,57,,0,,NE,AJL5793,31/05/2020,31/05/2020,I,1,AJL5526,14/05/2020,14/05/2020,I,1,08/06/2020,AJL5278,AJL5279,AJL5280,AJL5281,AJL5282,AJL5283,,,,,,13.8,,12.2,,12.4,,13.8,,12.7,,11.4,,,,,,,,,,,
7033,2020,219,YAR,BLUTI,1,12,0,0,,,20,,,12,,ED,,,,,,unringed,,,,,,,,,,,,,,,,,,,,,,,,,,,,,,,,,,,,,,
7034,2020,220,YAR,PIEFL,1,8,,7,,,27,49,,0,,NE,AFD3060,25/05/2020,07/06/2018,S,3,AJL5501,04/05/2020,04/05/2020,I,1,31/05/2020,AJL5794,AJL5795,AJL5796,AJL5797,AJL5798,AJL5799,AJL5800,,,,,14.5,,15.8,,15.6,,16.1,,15.3,,15,,15.7,,,,,,,,,
7035,2020,221,YAR,BLUTI,1,11,,0,,,16,,,,,JD,,,,,,AJL5527,14/05/2020,14/05/2020,I,1,,,,,,,,,,,,,,,,,,,,,,,,,,,,,,,,,,
7036,2020,223,YAR,PIEFL,1,7,,6,,24,36,55,,0,,NE,AJL5801,31/05/2020,31/05/2020,I,1,AJF0970,11/05/2020,03/06/2019,S,2,06/06/2020,AJL5250,AJL5251,AJL5252,AJL5253,AJL5254,AJL5255,,,,,,12.5,,13.9,,12.9,,13,,11.8,,13.8,,,,,,,,,,,
7037,2020,224,YAR,PIEFL,1,6,,6,,24,34,55,,0,,NE,AJL5700,29/05/2020,29/05/2020,I,1,AJL5512,11/05/2020,11/05/2020,I,1,06/06/2020,AJL5256,AJL5257,AJL5258,AJL5259,AJL5260,AJL5261,,,,,,13.4,,14.6,,14.4,,14,,14.7,,14.4,,,,,,,,,,,
7038,2020,225,YAR,BLUTI,1,10,0,0,,,24,,,10,,ED,,,,,,unringed,,,,,,,,,,,,,,,,,,,,,,,,,,,,,,,,,,,,,,
7039,2020,226,YAR,PIEFL,1,7,0,0,,17,26,,,7,,ED,,,,,,AFD3137,11/05/2020,05/06/2018,R,2,,,,,,,,,,,,,,,,,,,,,,,,,,,,,,,,,,
7040,2020,227,YAR,PIEFL,2,,0,0,,,67,,,1,,ED,,,,,,,,,,,,,,,,,,,,,,,,,,,,,,,,,,,,,,,,,,,,
7041,2020,228,YAR,PIEFL,1,,0,0,,24,31,,,4,,ED,AJF0715,13/04/2020,24/05/2019,S,2,,,,,,,,,,,,,,,,,,,,,,,,,,,,,,,,,,,,,,,
7042,2020,230,YAR,BLUTI,1,,0,0,,,18,,,3,,ED,,,,,,,,,,,,,,,,,,,,,,,,,,,,,,,,,,,,,,,,,,,,
7043,2020,231,YAR,PIEFL,1,7,,3,,30.5,42,61,,0,,NE,AJL5980,04/06/2020,04/06/2020,I,1,S516393,21/05/2020,08/06/2018,I,2,11/06/2020,AJL5300,AJL5301,AJL5302,,,,,,,,,10.8,,11.6,,11.8,,,,,,,,,,,,,,,,,
7044,2020,232,YAR,PIEFL,1,7,,0,,,41,60,,0,,JD,AZH2375,04/06/2020,05/06/2019,R,1,AZH2309,19/05/2020,02/06/2019,R,1,,,,,,,,,,,,,,,,,,,,,,,,,,,,,,,,,,
7045,2020,232,YAR,BLUTI,1,8,0,0,,,17,,,,,ED,,,,,,,,,,,,,,,,,,,,,,,,,,,,,,,,,,,,,,,,,,,,
7046,2020,233,YAR,GRETI,1,6,,4,,,24,44,,1,,NE,,,,,,,,,,,,,,,,,,,,,,,,,,,,,,,,,,,,,,,,,,,,
7047,2020,234,YAR,PIEFL,1,7,,0,,38,42,61,,1,,JD,,,,,,AJL5576,24/05/2020,24/05/2020,I,1,,,,,,,,,,,,,,,,,,,,,,,,,,,,,,,,,,
7048,2020,234,YAR,BLUTI,1,,0,0,,,27,,,1,,ED,,,,,,,,,,,,,,,,,,,,,,,,,,,,,,,,,,,,,,,,,,,,
7049,2020,235,YAR,BLUTI,1,,0,0,,,40,,,2,,ED,,,,,,,,,,,,,,,,,,,,,,,,,,,,,,,,,,,,,,,,,,,,
7050,2020,237,YAR,PIEFL,1,6,,3,,30.5,41,61,,1,,NE,D140987,04/06/2020,13/06/2013,S,8,AJL5547,19/05/2020,19/05/2020,I,1,11/06/2020,AJL5303,AJL5304,AJL5305,AJL5306,,,,,,,,11.6,,12.8,,9.8,,13.1,,9.1,,,,,,,,,,,,,
7051,2020,238,YAR,BLUTI,1,7,,0,,,25,,,1,,JD,,,,,,AJL5558,21/05/2020,21/05/2020,I,1,,,,,,,,,,,,,,,,,,,,,,,,,,,,,,,,,,
7052,2020,239,YAR,BLUTI,1,11,10,10,,,18,,,1,,NE,,,,,,unringed,,,,,,,,,,,,,,,,,,,,,,,,,,,,,,,,,,,,,,
7053,2020,240,YAR,PIEFL,1,8,,8,,20,30,50,,0,,NE,S845291,23/05/2020,05/06/2017,S,3,S749924,11/05/2020,02/06/2018,S,2,01/06/2020,AJL5852,AJL5853,AJL5854,AJL5855,AJL5856,AJL5857,AJL5858,AJL5859,,,,13.8,,13,,13.3,,13.7,,14.4,,14.4,,14.2,,13.8,,,,,,,
7054,2020,241,YAR,PIEFL,1,7,,7,,16.5,32,51,,0,,NE,S845479,27/05/2020,09/06/2017,S,3,AJF0904,23/05/2020,01/06/2019,S,2,01/06/2020,AJL5860,AJL5861,AJL5862,AJL5863,AJL5864,AJL5865,AJL5866,,,,,14.6,,13.6,,14,,12.3,,14.2,,13.3,,13.4,,,,,,,,,
7055,2020,242,YAR,BLUTI,1,,0,0,,,27,,,2,,ED,,,,,,,,,,,,,,,,,,,,,,,,,,,,,,,,,,,,,,,,,,,,
7056,2020,243,YAR,PIEFL,1,5,,5,,24,37,56,,0,,NE,AJL5648,27/05/2020,27/05/2020,I,1,S845954,14/05/2020,15/05/2018,S,3,06/06/2020,AJL5237,AJL5238,AJL5239,AJL5240,AJL5241,,,,,,,12.3,,13,,12.9,,13.4,,12.1,,,,,,,,,,,,,
7057,2020,245,YAR,GRETI,1,6,,4,,,18,41,,1,,RF,,,,,,,,,,,,,,,,,,,,,,,,,,,,,,,,,,,,,,,,,,,,
7058,2020,246,YAR,BLUTI,1,8,8,8,,,14,,,0,,NE,,,,,,,,,,,,,,,,,,,,,,,,,,,,,,,,,,,,,,,,,,,,
7059,2020,248,YAR,PIEFL,1,7,,0,,30.5,37,57,,0,,JD,AJL5792,31/05/2020,31/05/2020,I,1,Z217792,21/05/2020,06/06/2018,I,2,,,,,,,,,,,,,,,,,,,,,,,,,,,,,,,,,,
7060,2020,250,YAR,BLUTI,1,,0,0,,,22,,,6,,ED,,,,,,,,,,,,,,,,,,,,,,,,,,,,,,,,,,,,,,,,,,,,
7061,2020,302,YAR,BLUTI,1,11,0,0,,,15,,,11,,ED,,,,,,unringed,,,,,,,,,,,,,,,,,,,,,,,,,,,,,,,,,,,,,,
7062,2020,307,YAR,GRETI,1,7,,6,,,10,,,0,,NE,,,,,,,,,,,,,,,,,,,,,,,,,,,,,,,,,,,,,,,,,,,,
7063,2020,308,YAR,PIEFL,1,7,,6,,16,29,49,,0,,NE,AJL5559,21/05/2020,21/05/2020,I,1,AJF0582,23/05/2020,17/05/2019,S,2,31/05/2020,AJL5802,AJL5803,AJL5804,AJL5805,AJL5806,AJL5807,,,,,,13.8,,13.4,,13.7,,13.3,,13.8,,13.1,,,,,,,,,,,
7064,2020,310,YAR,PIEFL,1,7,,7,,19.5,26,46,,0,,NE,AFD3008,21/05/2020,02/06/2018,S,2,AJL5503,06/05/2020,06/05/2020,I,1,28/05/2020,AJL5655,AJL5656,AJL5657,AJL5658,AJL5659,AJL5660,AJL5661,,,,,15.5,,13.6,,13.8,,13.1,,12.7,,13.2,,13.2,,,,,,,,,
7065,2020,311,YAR,PIEFL,1,7,,0,,25.5,35,55,,0,,JD,AFD3041,31/05/2020,05/06/2018,S,3,AJL5528,14/05/2020,14/05/2020,I,1,,,,,,,,,,,,,,,,,,,,,,,,,,,,,,,,,,
7066,2020,313,YAR,GRETI,1,7,0,0,,,25,,,,,ED,,,,,,AJL5529,14/05/2020,14/05/2020,I,1,,,,,,,,,,,,,,,,,,,,,,,,,,,,,,,,,,
7067,2020,315,YAR,PIEFL,1,6,,0,,33,39,57,,1,,JD,S516290,06/06/2020,07/06/2018,I,2,AJL5546,19/05/2020,19/05/2020,I,1,,,,,,,,,,,,,,,,,,,,,,,,,,,,,,,,,,
7068,2020,317,YAR,BLUTI,1,,0,0,,,21,,,8,,ED,,,,,,unringed,,,,,,,,,,,,,,,,,,,,,,,,,,,,,,,,,,,,,,
7069,2020,318,YAR,PIEFL,1,7,,7,,,26,47,,0,,NE,AJL5560,21/05/2020,21/05/2020,I,1,S845806,06/05/2020,16/05/2018,S,3,29/05/2020,AJL5686,AJL5687,AJL5688,AJL5689,AJL5690,AJL5691,AJL5692,,,,,13.9,,13.1,,14.4,,14.6,,13.6,,13.7,,14.5,,,,,,,,,
7070,2020,320,YAR,PIEFL,1,6,,5,,26,33,51,,1,,NE,AAA8741,19/04/2020,11/06/2017,S,4,S845808,14/05/2020,16/05/2018,S,3,02/06/2020,AJL5915,AJL5916,AJL5917,AJL5918,AJL5919,,,,,,,14.4,,14.3,,14.3,,14.1,,13.6,,,,,,,,,,,,,
7071,2020,321,YAR,PIEFL,1,7,,3,,26,35,56,,1,,NE,AZH2450,29/05/2020,03/06/2019,R,1,AJF0776,14/05/2020,01/06/2019,R,1,06/06/2020,AJL5231,AJL5232,AJL5233,,,,,,,,,14,,12.6,,12.8,,,,,,,,,,,,,,,,,
7072,2020,323,YAR,GRETI,1,6,5,5,,,15,36,,1,,NE,,,,,,AXA3155,06/05/2020,20/01/2019,S,2,,,,,,,,,,,,,,,,,,,,,,,,,,,,,,,,,,
7073,2020,324,YAR,BLUTI,1,4,,1,,,18,,,1,,NE,,,,,,AXA3379,06/05/2020,07/02/2020,I,2,,,,,,,,,,,,,,,,,,,,,,,,,,,,,,,,,,
7074,2020,325,YAR,PIEFL,1,7,,6,,19.5,28,49,,1,,NE,AJF0871,24/05/2020,29/05/2019,S,2,AJL5530,14/05/2020,14/05/2020,I,1,31/05/2020,AJL5808,AJL5809,AJL5810,AJL5811,AJL5812,AJL5813,,,,,,12.6,,12.9,,12.5,,13.7,,13.4,,12,,,,,,,,,,,
7075,2020,327,YAR,COATI,1,8,8,8,,,14,36,,0,,NE,,,,,,,,,,,21/05/2020,AJL5561,AJL5562,AJL5563,AJL5564,AJL5565,AJL5566,AJL5567,AJL5568,,,,,,,,,,,,,,,,,,,,,,,,,
7076,2020,328,YAR,PIEFL,1,7,,5,,26,30,53,,0,,NE,AZH2449,28/05/2020,03/06/2019,R,1,AJL5504,06/05/2020,06/05/2020,I,1,04/06/2020,AJL5981,AJL5982,AJL5983,AJL5984,AJL5985,AJL5986,,,,,,13,,12.2,,11.6,,11.4,,9.5,,12.6,,,,,,,,,,,
7077,2020,330,YAR,BLUTI,1,9,0,0,,,10,,,9,,ED,,,,,,,,,,,,,,,,,,,,,,,,,,,,,,,,,,,,,,,,,,,,
7078,2020,331,YAR,GRETI,1,,0,0,,,36,,1,1,,ED,,,,,,unringed,,,,,,,,,,,,,,,,,,,,,,,,,,,,,,,,,,,,,,
7079,2020,332,YAR,PIEFL,1,7,,7,,26,26,44,,0,,NE,AFD3512,21/05/2020,10/06/2018,I,2,S845132,06/05/2020,04/06/2017,S,4,25/05/2020,AJL5577,AJL5578,AJL5579,AJL5580,AJL5581,AJL5582,AJL5583,,,,,14.5,,14,,13.4,,13.8,,14,,13.7,,13.7,,,,,,,,,
7080,2020,333,YAR,BLUTI,1,9,,0,,,16,36,,1,,JP,,,,,,AFD3962,06/05/2020,04/05/2019,S,2,,,,,,,,,,,,,,,,,,,,,,,,,,,,,,,,,,
7081,2020,335,YAR,BLUTI,1,9,,0,,,16,,,,,JD,,,,,,AFD3973,06/05/2020,06/05/2019,S,2,,,,,,,,,,,,,,,,,,,,,,,,,,,,,,,,,,
7082,2020,336,YAR,GRETI,1,5,0,0,,,22,,5,5,,ED,,,,,,,,,,,,,,,,,,,,,,,,,,,,,,,,,,,,,,,,,,,,
7083,2020,337,YAR,PIEFL,1,8,,3,,26,34,55,,3,,NE,AZH2252,29/05/2020,04/06/2019,R,1,AFD3449,23/05/2020,09/06/2018,S,2,06/06/2020,AJL5234,AJL5235,AJL5236,,,,,,,,,12.9,,13.3,,13.4,,,,,,,,,,,,,,,,,
7084,2020,338,YAR,BLUTI,1,9,,2,,,19,43,,0,,RF,,,,,,ringed,,,,,,,,,,,,,,,,,,,,,,,,,,,,,,,,,,,,,,
7085,2020,339,YAR,BLUTI,1,7,,3,,,35,,,1,,NE,,,,,,AJL5531,14/05/2020,14/05/2020,I,1,,,,,,,,,,,,,,,,,,,,,,,,,,,,,,,,,,
7086,2020,340,YAR,PIEFL,1,8,,4,,,22,43,,3,,NE,AFD3398,21/05/2020,06/06/2018,R,2,S846022,06/05/2020,23/05/2017,S,3,25/05/2020,AJL5584,AJL5585,AJL5586,AJL5587,,,,,,,,14.7,,13.8,,14.2,,14.4,,,,,,,,,,,,,,,
7087,2020,344,YAR,PIEFL,1,6,,4,,26,32,53,,1,,NE,AJL5685,29/05/2020,29/05/2020,I,1,AJL5532,14/05/2020,14/05/2020,I,1,04/06/2020,AJL5987,AJL5988,AJL5989,AJL5990,,,,,,,,14.8,,14.1,,15.4,,15,,,,,,,,,,,,,,,
7088,2020,346,YAR,GRETI,1,8,0,0,,,19,,8,8,,ED,,,,,,,,,,,,,,,,,,,,,,,,,,,,,,,,,,,,,,,,,,,,
7089,2020,347,YAR,PIEFL,1,7,,2,,29,34,,,0,,NE,S969711,29/05/2020,02/06/2018,I,2,AJL5544,17/05/2020,17/05/2020,I,1,04/06/2020,AJL5991,AJL5992,,,,,,,,,,,,,,,,,,,,,,,,,,,,,,,
7090,2020,348,YAR,PIEFL,1,7,,2,,19.5,29,50,,0,,NE,AJL5575,24/05/2020,24/05/2020,I,1,S845805,06/05/2020,16/05/2018,S,3,01/06/2020,AJL5897,AJL5898,,,,,,,,,,11.8,,13.7,,,,,,,,,,,,,,,,,,,
7091,2020,349,YAR,BLUTI,1,8,,7,,,15,,,0,,NE,,,,,,,,,,,,,,,,,,,,,,,,,,,,,,,,,,,,,,,,,,,,
7092,2020,350,YAR,PIEFL,1,7,,5,,26,34,54,,2,,NE,AJL5683,29/05/2020,29/05/2020,I,1,AJL5533,14/05/2020,14/05/2020,I,1,04/06/2020,AJL5993,AJL5994,AJL5995,AJL5996,AJL5997,,,,,,,11.9,,13.4,,13.5,,13,,13.8,,,,,,,,,,,,,
7093,2020,352,YAR,BLUTI,1,7,,3,,,24,,,1,,RF,,,,,,AJF0542,06/05/2020,13/05/2019,S,2,,,,,,,,,,,,,,,,,,,,,,,,,,,,,,,,,,
7094,2020,355,YAR,REDST,1,6,6,4,,,39,,,0,,NE,,,,,,AJL5684,29/05/2020,29/05/2020,I,1,04/06/2020,AJL5201,AJL5202,AJL5998,AJL5999,AJL6000,,,,,,,,,,,,,,,,,,,,,,,,,,,,
7095,2020,355,YAR,BLUTI,1,,0,0,,,27,,,,,ED,,,,,,,,,,,,,,,,,,,,,,,,,,,,,,,,,,,,,,,,,,,,
7096,2020,401,YAR,BLUTI,1,,,,,,,44,,,,OU,,,,,,,,,,,,,,,,,,,,,,,,,,,,,,,,,,,,,,,,,,,,
7097,2020,402,YAR,BLUTI,1,,,2,,,,,,1,,NE,,,,,,,,,,,,,,,,,,,,,,,,,,,,,,,,,,,,,,,,,,,,
7098,2020,403,YAR,GRETI,1,,0,0,,,29,,,,,ED,,,,,,,,,,,,,,,,,,,,,,,,,,,,,,,,,,,,,,,,,,,,
7099,2020,404,YAR,PIEFL,1,9,,7,,,29,50,,0,,NE,AFD3536,26/05/2020,12/06/2018,R,2,AJF0567,26/05/2020,15/05/2019,S,2,01/06/2020,AJL5890,AJL5891,AJL5892,AJL5893,AJL5894,AJL5895,AJL5896,,,,,13.9,,13.4,,14.8,,12.1,,14,,13.2,,12.6,,,,,,,,,
7100,2020,405,YAR,BLUTI,1,8,0,0,,,,,,8,,ED,,,,,,AJL5537,14/05/2020,14/05/2020,I,1,,,,,,,,,,,,,,,,,,,,,,,,,,,,,,,,,,
7101,2020,408,YAR,PIEFL,1,4,,2,,,29,,,2,,NE,AJL5702,29/05/2020,29/05/2020,I,1,AJL5538,14/05/2020,14/05/2020,I,1,29/05/2020,AJL5703,AJL5704,,,,,,,,,,,,,,,,,,,,,,,,,,,,,,,
7102,2020,410,YAR,BLUTI,1,,0,0,,,,,,6,,ED,,,,,,,,,,,,,,,,,,,,,,,,,,,,,,,,,,,,,,,,,,,,
7103,2020,411,YAR,NUTHA,1,7,,1,,,,31,,,,NE,,,,,,,,,,,21/05/2020,TW70532,,,,,,,,,,,,,,,,,,,,,,,,,,,,,,,,
7104,2020,412,YAR,BLUTI,1,9,,2,,,21,44,,,,RF,,,,,,AJL5534,14/05/2020,14/05/2020,I,1,,,,,,,,,,,,,,,,,,,,,,,,,,,,,,,,,,
7105,2020,413,YAR,GRETI,1,6,5,5,,,21,,,1,,RF,,,,,,S845949,14/05/2020,15/05/2018,S,3,,,,,,,,,,,,,,,,,,,,,,,,,,,,,,,,,,
7106,2020,414,YAR,BLUTI,1,8,,6,,,21,,,,,RF,,,,,,unringed,,,,,,,,,,,,,,,,,,,,,,,,,,,,,,,,,,,,,,
7107,2020,415,YAR,PIEFL,1,7,,5,,,34,56,,1,,NE,AJL5701,29/05/2020,29/05/2020,I,1,S969765,14/05/2020,15/06/2018,I,2,06/06/2020,AJL5269,AJL5270,AJL5271,,,,,,,,,11.3,,13,,12.2,,,,,,,,,,,,,,,,,
7108,2020,417,YAR,GRETI,1,,0,0,,,,,8,8,,ED,,,,,,,,,,,,,,,,,,,,,,,,,,,,,,,,,,,,,,,,,,,,
7109,2020,419,YAR,PIEFL,1,7,,4,,,31,,,0,,NE,AJL5628,26/05/2020,26/05/2020,I,1,AZH2106,11/05/2020,28/05/2019,I,1,04/06/2020,AJL5203,AJL5204,AJL5205,AJL5206,,,,,,,,,,,,,,,,,,,,,,,,,,,,,
7110,2020,420,YAR,BLUTI,1,,0,0,,,25,,,3,,ED,,,,,,S845915,27/04/2020,08/05/2018,S,3,,,,,,,,,,,,,,,,,,,,,,,,,,,,,,,,,,
7111,2020,422,YAR,BLUTI,1,10,,0,,,17,,,,,JD,,,,,,,,,,,,,,,,,,,,,,,,,,,,,,,,,,,,,,,,,,,,
7112,2020,423,YAR,PIEFL,1,7,,0,,18,41,60,,0,,JD,AJL5207,04/06/2020,04/06/2020,I,1,AJL5569,21/05/2020,21/05/2020,I,1,,,,,,,,,,,,,,,,,,,,,,,,,,,,,,,,,,
7113,2020,424,YAR,BLUTI,1,,0,0,,,27,,,,,ED,,,,,,,,,,,,,,,,,,,,,,,,,,,,,,,,,,,,,,,,,,,,
7114,2020,425,YAR,BLUTI,1,,0,0,,,26,,,2,,ED,,,,,,,,,,,,,,,,,,,,,,,,,,,,,,,,,,,,,,,,,,,,
7115,2020,426,YAR,NUTHA,1,7,,5,,,14,,,1,,NE,,,,,,unringed,,,,,21/05/2020,TW70527,TW70528,TW70529,TW70530,TW70531,,,,,,,,,,,,,,,,,,,,,,,,,,,,
7116,2020,427,YAR,BLUTI,1,12,0,0,,,22,59,,5,,ED,,,,,,AJF0652,27/04/2020,21/05/2019,R,1,,,,,,,,,,,,,,,,,,,,,,,,,,,,,,,,,,
7117,2020,428,YAR,PIEFL,1,8,,5,,27,36,55,,1,,NE,AFD3152,29/05/2020,07/06/2018,S,2,AFD3277,14/05/2020,09/06/2018,S,2,06/06/2020,AJL5262,AJL5263,AJL5264,AJL5265,AJL5266,AJL5267,AJL5268,,,,,13.2,,9.7,,13,,12.5,,11.6,,12.5,,11.7,,,,,,,,,
7118,2020,429,YAR,BLUTI,1,9,0,0,,,10,,,9,,ED,,,,,,unringed,,,,,,,,,,,,,,,,,,,,,,,,,,,,,,,,,,,,,,
7119,2020,430,YAR,BLUTI,1,8,0,0,,,16,,,8,,ED,,,,,,unringed,,,,,,,,,,,,,,,,,,,,,,,,,,,,,,,,,,,,,,
7120,2020,432,YAR,BLUTI,1,8,0,0,,,18,,,8,,ED,,,,,,AXA3156,27/04/2020,10/03/2019,S,2,,,,,,,,,,,,,,,,,,,,,,,,,,,,,,,,,,
7121,2020,433,YAR,PIEFL,1,7,,6,,,30,50,,0,,NE,AJL5588,25/05/2020,25/05/2020,I,1,AAA8556,11/05/2020,21/06/2017,S,3,01/06/2020,AJL5875,AJL5876,AJL5877,AJL5878,AJL5879,AJL5880,AJL5881,,,,,13.2,,14.4,,15,,13.7,,14.1,,13.2,,12.3,,,,,,,,,
7122,2020,435,YAR,GRETI,2,6,,,,,37,,,,,,,,,,,NZ60279,21/05/2020,05/01/2020,I,1,,,,,,,,,,,,,,,,,,,,,,,,,,,,,,,,,,
7123,2020,436,YAR,GRETI,1,5,0,0,,,15,,5,5,,ED,,,,,,,,,,,,,,,,,,,,,,,,,,,,,,,,,,,,,,,,,,,,
7124,2020,437,YAR,PIEFL,1,7,,7,,,30,49,,0,,NE,AFD3312,26/05/2020,03/06/2018,S,2,AJL5502,04/05/2020,04/05/2020,I,1,31/05/2020,AJL5820,AJL5821,AJL5822,AJL5823,AJL5824,AJL5825,AJL5826,,,,,13.9,,14.8,,13.7,,14.2,,14.6,,14.2,,14.3,,,,,,,,,
7125,2020,438,YAR,BLUTI,1,6,,3,,,17,,,0,,NE,,,,,,unringed,,,,,,,,,,,,,,,,,,,,,,,,,,,,,,,,,,,,,,
7126,2020,439,YAR,PIEFL,1,3,0,0,,,50,,,3,,ED,,,,,,AFD3089,26/05/2020,11/06/2018,S,3,,,,,,,,,,,,,,,,,,,,,,,,,,,,,,,,,,
7127,2020,439,YAR,GRETI,1,,0,0,,,26,,,,,ED,,,,,,unringed,,,,,,,,,,,,,,,,,,,,,,,,,,,,,,,,,,,,,,
7128,2020,440,YAR,PIEFL,1,8,,0,,,34,58,,2,,JD,AJL5867,01/06/2020,01/06/2020,I,1,AJL5535,14/05/2020,14/05/2020,I,1,,,,,,,,,,,,,,,,,,,,,,,,,,,,,,,,,,
7129,2020,441,YAR,GRETI,1,,0,0,,,13,,6,6,,ED,,,,,,,,,,,,,,,,,,,,,,,,,,,,,,,,,,,,,,,,,,,,
7130,2020,442,YAR,PIEFL,1,7,,6,,,32,51,,0,,NE,S845889,24/05/2020,29/05/2018,S,3,AJL5513,11/05/2020,11/05/2020,I,1,02/06/2020,AJL5926,AJL5927,AJL5928,AJL5929,AJL5930,AJL5931,,,,,,14.4,,14.8,,12.8,,13.5,,13.2,,13.5,,,,,,,,,,,
7131,2020,443,YAR,BLUTI,1,10,,0,,,17,44,,3,,JD,,,,,,AFD3990,27/04/2020,11/05/2019,S,2,,,,,,,,,,,,,,,,,,,,,,,,,,,,,,,,,,
7132,2020,444,YAR,BLUTI,2,,0,0,,,34,,,1,,ED,,,,,,AJF0517,27/04/2020,09/05/2019,S,2,,,,,,,,,,,,,,,,,,,,,,,,,,,,,,,,,,
7133,2020,445,YAR,BLUTI,1,10,0,0,,,14,,,10,,ED,,,,,,AJF0517,04/05/2020,09/05/2019,S,2,,,,,,,,,,,,,,,,,,,,,,,,,,,,,,,,,,
7134,2020,446,YAR,PIEFL,1,6,,6,,,33,51,,0,,NE,Z765733,26/05/2020,29/05/2019,S,4,AJL5515,11/05/2020,11/05/2020,I,1,02/06/2020,AJL5920,AJL5921,AJL5922,AJL5923,AJL5924,AJL5925,,,,,,14.8,,14.7,,15.3,,14.6,,14.3,,15.8,,,,,,,,,,,
7135,2020,446,YAR,GRETI,1,,0,0,,,17,,,,,ED,,,,,,,,,,,,,,,,,,,,,,,,,,,,,,,,,,,,,,,,,,,,
7136,2020,448,YAR,BLUTI,1,9,,5,,,12,,,,,NE,,,,,,,,,,,,,,,,,,,,,,,,,,,,,,,,,,,,,,,,,,,,
7137,2020,449,YAR,BLUTI,1,10,,0,,,,,,,,XP,,,,,,unringed,,,,,,,,,,,,,,,,,,,,,,,,,,,,,,,,,,,,,,
7138,2020,450,YAR,BLUTI,1,6,0,0,,,27,,,6,,ED,,,,,,,,,,,,,,,,,,,,,,,,,,,,,,,,,,,,,,,,,,,,
7139,2020,451,YAR,PIEFL,1,5,,5,,27,39,58,,0,,NE,AJL5946,02/06/2020,02/06/2020,I,1,AJL5570,21/05/2020,21/05/2020,I,1,09/06/2020,AJL5284,AJL5285,AJL5286,AJL5287,AJL5288,,,,,,,14.6,,15.6,,14.2,,14.4,,13.4,,,,,,,,,,,,,
7140,2020,451,YAR,GRETI,1,,0,0,,,18,,,,,ED,,,,,,,,,,,,,,,,,,,,,,,,,,,,,,,,,,,,,,,,,,,,
7141,2020,452,YAR,BLUTI,1,10,0,0,,,14,,,,,ED,,,,,,unringed,,,,,,,,,,,,,,,,,,,,,,,,,,,,,,,,,,,,,,
7142,2020,453,YAR,PIEFL,1,7,,0,,38,44,63,,,,JD,,,,,,AJF0579,02/06/2020,15/05/2019,S,2,,,,,,,,,,,,,,,,,,,,,,,,,,,,,,,,,,
7143,2020,455,YAR,PIEFL,1,6,,6,,,30,49,,0,,NE,AJF0961,24/05/2020,02/06/2019,S,2,AJF0738,14/05/2020,28/05/2019,R,1,31/05/2020,AJL5814,AJL5815,AJL5816,AJL5817,AJL5818,AJL5819,,,,,,12.2,,11.7,,14.3,,14.5,,11.2,,14.7,,,,,,,,,,,
7144,2020,457,YAR,PIEFL,1,7,,5,,,29,51,,0,,NE,AFD3274,24/05/2020,09/06/2018,R,2,AZH2504,14/05/2020,03/06/2019,R,1,02/06/2020,AJL5939,AJL5940,AJL5941,AJL5942,AJL5943,,,,,,,14,,13.3,,14.5,,12.8,,13.6,,,,,,,,,,,,,
7145,2020,458,YAR,PIEFL,1,6,,2,,,33,51,,0,,NE,,,,,,AJL5536,14/05/2020,14/05/2020,I,1,02/06/2020,AJL5944,AJL5945,,,,,,,,,,15.9,,15.6,,,,,,,,,,,,,,,,,,,
7146,2020,459,YAR,PIEFL,1,3,0,0,,17,33,,,3,,ED,,,,,,S845423,11/05/2020,30/05/2017,I,3,,,,,,,,,,,,,,,,,,,,,,,,,,,,,,,,,,
7147,2020,460,YAR,GRETI,1,7,0,0,,,,,,,,ED,,,,,,AXA3034,27/04/2020,29/12/2018,I,2,,,,,,,,,,,,,,,,,,,,,,,,,,,,,,,,,,
7148,2020,461,YAR,PIEFL,1,7,,6,,17,31,51,,0,,NE,AFD3394,28/05/2020,06/06/2018,R,2,AJL5516,11/05/2020,11/05/2020,I,1,02/06/2020,AJL5932,AJL5933,AJL5934,AJL5935,AJL5936,AJL5937,AJL5938,,,,,14,,13.6,,13.6,,11.9,,12.8,,14.5,,14.8,,,,,,,,,
7149,2020,462,YAR,BLUTI,1,8,0,0,,,18,,,8,,ED,,,,,,V144595,27/04/2020,26/02/2017,I,4,,,,,,,,,,,,,,,,,,,,,,,,,,,,,,,,,,
7150,2020,463,YAR,PIEFL,1,7,,7,,19,30,50,,0,,NE,AJF0986,19/04/2020,03/06/2019,S,2,S845809,19/04/2020,16/05/2018,S,3,01/06/2020,AJL5868,AJL5869,AJL5870,AJL5871,AJL5872,AJL5873,AJL5874,,,,,14,,11.9,,14.3,,13.9,,13.6,,13.4,,13.8,,,,,,,,,
7151,2020,501,YAR,BLUTI,1,9,,7,,,26,,,0,,NE,,,,,,AJL5539,14/05/2020,14/05/2020,I,1,,,,,,,,,,,,,,,,,,,,,,,,,,,,,,,,,,
7152,2020,502,YAR,BLUTI,1,9,,5,,,18,44,,1,,NE,,,,,,AJF0630,07/05/2020,20/05/2019,R,1,,,,,,,,,,,,,,,,,,,,,,,,,,,,,,,,,,
7153,2020,507,YAR,BLUTI,1,8,,4,,,,,,,,NE,,,,,,,,,,,,,,,,,,,,,,,,,,,,,,,,,,,,,,,,,,,,
7154,2020,508,YAR,BLUTI,1,5,0,0,,,,,,3,,ED,,,,,,,,,,,,,,,,,,,,,,,,,,,,,,,,,,,,,,,,,,,,
7155,2020,510,YAR,GRETI,1,,0,0,,,44,,5,5,,ED,,,,,,AJL5572,21/05/2020,21/05/2020,I,1,,,,,,,,,,,,,,,,,,,,,,,,,,,,,,,,,,
7156,2020,511,YAR,BLUTI,1,,0,0,,,,,,6,,ED,,,,,,,,,,,,,,,,,,,,,,,,,,,,,,,,,,,,,,,,,,,,
7157,2020,512,YAR,BLUTI,1,9,,6,,,17,,,1,,NE,,,,,,S845903,01/05/2020,03/05/2018,S,3,,,,,,,,,,,,,,,,,,,,,,,,,,,,,,,,,,
7158,2020,515,YAR,PIEFL,1,7,0,0,,,33,,,7,,ED,,,,,,AZH2438,14/05/2020,03/06/2019,R,1,,,,,,,,,,,,,,,,,,,,,,,,,,,,,,,,,,
7159,2020,517,YAR,BLUTI,1,,0,0,,,22,,,3,,ED,,,,,,,,,,,,,,,,,,,,,,,,,,,,,,,,,,,,,,,,,,,,
7160,2020,518,YAR,PIEFL,1,7,,7,,17,29,49,,0,,NE,AZH2095,25/05/2020,01/06/2019,R,1,AJL5507,07/05/2020,07/05/2020,I,1,31/05/2020,AJL5839,AJL5840,AJL5841,AJL5842,AJL5843,AJL5844,AJL5845,,,,,13.9,,14.2,,14.4,,14,,14.1,,14.2,,14,,,,,,,,,
7161,2020,519,YAR,BLUTI,1,,0,0,,,29,,,,,ED,,,,,,,,,,,,,,,,,,,,,,,,,,,,,,,,,,,,,,,,,,,,
7162,2020,520,YAR,GRETI,1,3,0,0,,,37,,3,3,,ED,,,,,,S845663,14/05/2020,13/05/2018,S,3,,,,,,,,,,,,,,,,,,,,,,,,,,,,,,,,,,
7163,2020,520,YAR,GRETI,1,,0,0,,,,,1,1,,ED,,,,,,,,,,,,,,,,,,,,,,,,,,,,,,,,,,,,,,,,,,,,
7164,2020,523,YAR,BLUTI,1,5,5,5,,,34,51,,,,NE,,,,,,S845901,07/05/2020,03/05/2018,S,3,,,,,,,,,,,,,,,,,,,,,,,,,,,,,,,,,,
7165,2020,524,YAR,BLUTI,1,8,8,8,,,21,,,0,,NE,,,,,,,,,,,,,,,,,,,,,,,,,,,,,,,,,,,,,,,,,,,,
7166,2020,527,YAR,BLUTI,1,8,,3,,,22,,,,,RF,,,,,,unringed,,,,,,,,,,,,,,,,,,,,,,,,,,,,,,,,,,,,,,
7167,2020,528,YAR,BLUTI,1,,0,0,,,29,,,3,,ED,,,,,,AJF0589,01/05/2020,17/05/2019,S,2,,,,,,,,,,,,,,,,,,,,,,,,,,,,,,,,,,
7168,2020,HIDE1C,YAR,BLUTI,1,,,6,,,,,,,,NE,,,,,,,,,,,,,,,,,,,,,,,,,,,,,,,,,,,,,,,,,,,,
7169,2020,HIDE1D,YAR,PIEFL,1,8,,8,,,,50,,0,,NE,D637436,25/05/2020,04/06/2014,S,7,Z590808,21/05/2020,10/06/2016,S,4,01/06/2020,AJL5882,AJL5883,AJL5884,AJL5885,AJL5886,AJL5887,AJL5888,AJL5889,,,,14.3,,12.8,,13.6,,13.7,,12.3,,13.8,,12.7,,13.8,,,,,,,
7170,2020,PROD,YAR,BLUTI,1,7,,0,,,14,34,,1,,JD,,,,,,,,,,,,,,,,,,,,,,,,,,,,,,,,,,,,,,,,,,,,
7171,2021,1,BVW,PIEFL,1,7,,6,,,39,,,0,,NE,,,,,,S749902,11/06/2021,02/06/2018,S,3,11/06/2021,AKR2138,AKR2139,AKR2140,AKR2141,AKR2142,AKR2143,,,,,,,,,,,,,,,,,,,,,,,,,,,
7172,2020,10,BVW,PIEFL,1,8,6,6,,,29,,,2,,NE,AJL5606,26/05/2020,26/05/2020,I,1,S416834,26/05/2020,18/05/2019,I,2,26/05/2020,AJL5731,AJL5732,AJL5733,AJL5734,AJL5735,AJL5736,,,,,,,,,,,,,,,,,,,,,,,,,,,
7173,2021,2,BVW,PIEFL,1,6,,1,,,40,,,5,,NE,Z286244,11/06/2021,30/05/2015,S,6,AKR2036,22/05/2021,22/05/2021,I,1,11/06/2021,AKR2160,,,,,,,,,,,,,,,,,,,,,,,,,,,,,,,,
7174,2021,3,BVW,BLUTI,1,6,,1,,,31,,,5,,NE,,,,,,,,,,,,,,,,,,,,,,,,,,,,,,,,,,,,,,,,,,,,
7175,2021,4,BVW,GRETI,1,8,,7,,,22,,,,,NE,,,,,,,,,,,,,,,,,,,,,,,,,,,,,,,,,,,,,,,,,,,,
7176,2021,5,BVW,PIEFL,1,7,,6,,,39,,,1,,NE,AFD3544,15/06/2021,14/06/2018,S,3,AKR2037,23/05/2021,23/05/2021,I,1,11/06/2021,AKR2154,AKR2155,AKR2156,AKR2157,AKR2158,AKR2159,,,,,,,,,,,,,,,,,,,,,,,,,,,
7177,2021,6,BVW,PIEFL,1,7,,3,,,33,,,4,,NE,,,,,,S845669,11/06/2021,17/05/2018,S,4,11/06/2021,AKR2144,AKR2145,AKR2146,,,,,,,,,,,,,,,,,,,,,,,,,,,,,,
7178,2021,7,BVW,PIEFL,1,7,,7,,,43,,,0,,NE,S969708,11/06/2021,02/06/2018,I,3,ACD7003,23/05/2021,22/05/2018,S,4,11/06/2021,AKR2147,AKR2148,AKR2149,AKR2150,AKR2151,AKR2152,AKR2153,,,,,,,,,,,,,,,,,,,,,,,,,,
7179,2021,9,BVW,PIEFL,1,4,,3,,,40,,,1,,NE,,,,,,AKR2038,23/05/2021,23/05/2021,I,1,11/06/2021,AKR2168,AKR2169,AKR2170,,,,,,,,,,,,,,,,,,,,,,,,,,,,,,
7180,2021,9a,BVW,BLUTI,1,10,,0,,,24,,,9,,ED,,,,,,,,,,,,,,,,,,,,,,,,,,,,,,,,,,,,,,,,,,,,
7181,2021,10,BVW,PIEFL,1,5,,0,,,42,,,0,,JD,,,,,,AKR2056,03/06/2021,03/06/2021,I,1,,,,,,,,,,,,,,,,,,,,,,,,,,,,,,,,,,
7182,2021,11,BVW,PIEFL,1,8,,7,,,39,,,0,,NE,APD0344,11/06/2021,27/05/2019,I,2,AJL5519,11/06/2021,12/05/2020,S,2,11/06/2021,AKR2171,AKR2172,AKR2173,AKR2174,AKR2175,AKR2176,AKR2177,,,,,,,,,,,,,,,,,,,,,,,,,,
7183,2021,12,BVW,PIEFL,1,7,,7,,,42,,,0,,NE,AKR2055,03/06/2021,03/06/2021,I,1,S845681,23/05/2021,25/05/2018,S,4,11/06/2021,AKR2161,AKR2162,AKR2163,AKR2164,AKR2165,AKR2166,AKR2167,,,,,,,,,,,,,,,,,,,,,,,,,,
7184,2021,13,BVW,GRETI,1,,,0,,,29,,,3,,ED,,,,,,,,,,,,,,,,,,,,,,,,,,,,,,,,,,,,,,,,,,,,
7185,2021,14,BVW,PIEFL,1,6,,3,,,32,,,2,,NE,AKR2057,03/06/2021,03/06/2021,I,1,AJL5095,15/05/2021,31/05/2020,I,1,03/06/2021,AKR2052,AKR2053,AKR2054,,,,,,,,,,,,,,,,,,,,,,,,,,,,,,
7186,2021,15,BVW,BLUTI,1,9,,0,,,21,,,0,,JD,,,,,,,,,,,,,,,,,,,,,,,,,,,,,,,,,,,,,,,,,,,,
7187,2021,16,BVW,PIEFL,1,7,,4,,,40,,,1,,NE,AKR2182,11/06/2021,11/06/2021,I,1,AJL5311,03/06/2021,13/06/2020,I,1,11/06/2021,AKR2178,AKR2179,AKR2180,AKR2181,,,,,,,,,,,,,,,,,,,,,,,,,,,,,
7188,2021,18,BVW,BLUTI,1,6,,5,,,32,,,,,NE,,,,,,,,,,,,,,,,,,,,,,,,,,,,,,,,,,,,,,,,,,,,
7189,2021,18A,BVW,BLUTI,1,4,,0,,,29,,,4,,ED,,,,,,,,,,,,,,,,,,,,,,,,,,,,,,,,,,,,,,,,,,,,
7190,2021,18B,BVW,BLUTI,1,7,,0,,,28,,,0,,XP,,,,,,,,,,,,,,,,,,,,,,,,,,,,,,,,,,,,,,,,,,,,
7191,2021,18C,BVW,BLUTI,1,10,,5,,,21,,,1,,NE,,,,,,,,,,,,,,,,,,,,,,,,,,,,,,,,,,,,,,,,,,,,
7192,2021,18D,BVW,PIEFL,1,7,,6,,,43,,,0,,NE,,,,,,AJL5518,11/06/2021,12/05/2020,S,1,11/06/2021,AKR2183,AKR2184,AKR2185,AKR2186,AKR2187,AKR2188,,,,,,,,,,,,,,,,,,,,,,,,,,,
7193,2021,18E,BVW,BLUTI,1,7,,4,,,23,,,1,,NE,,,,,,,,,,,,,,,,,,,,,,,,,,,,,,,,,,,,,,,,,,,,
7194,2021,18F,BVW,PIEFL,1,6,,4,,,39,,,0,,NE,,,,,,AJL5858,11/06/2021,01/06/2020,R,1,11/06/2021,AKR2130,AKR2131,AKR2132,AKR2133,,,,,,,,,,,,,,,,,,,,,,,,,,,,,
7195,2021,18G,BVW,PIEFL,1,9,,4,,,41,68,,0,,NE,,,,,,AFD3256,15/06/2021,09/06/2018,S,3,11/06/2021,AKR2134,AKR2135,AKR2136,AKR2137,,,,,,,,,,,,,,,,,,,,,,,,,,,,,
7196,2021,18H,BVW,BLUTI,1,9,,0,,,15,,,,,JD,,,,,,,,,,,,,,,,,,,,,,,,,,,,,,,,,,,,,,,,,,,,
7197,2021,18I,BVW,GRETI,1,,,0,,,6,,,7,,ED,,,,,,,,,,,,,,,,,,,,,,,,,,,,,,,,,,,,,,,,,,,,
7198,2021,18J,BVW,BLUTI,1,10,,3,,,20,,,,,NE,,,,,,,,,,,,,,,,,,,,,,,,,,,,,,,,,,,,,,,,,,,,
7199,2021,18K,BVW,BLUTI,1,6,,0,,,15,,,,,JD,,,,,,,,,,,,,,,,,,,,,,,,,,,,,,,,,,,,,,,,,,,,
7200,2021,18L,BVW,PIEFL,1,7,,7,,,39,,,0,,NE,AYJ5240,07/06/2021,27/05/2020,I,1,AFD3431,19/05/2021,08/06/2018,S,3,11/06/2021,AKR2123,AKR2124,AKR2125,AKR2126,AKR2127,AKR2128,AKR2129,,,,,,,,,,,,,,,,,,,,,,,,,,
7201,2021,19,BVW,PIEFL,1,6,,4,,,38,,,,,NE,AKR2090,07/06/2021,07/06/2021,I,1,AKR2089,07/06/2021,07/06/2021,I,1,07/06/2021,AKR2091,AKR2092,AKR2093,AKR2094,,,,,,,,,,,,,,,,,,,,,,,,,,,,,
7202,2021,20,BVW,BLUTI,1,10,,6,,,18,,,,,NE,,,,,,,,,,,,,,,,,,,,,,,,,,,,,,,,,,,,,,,,,,,,
7203,2021,21,BVW,PIEFL,1,6,,5,,,38,,,1,,NE,,,,,,AJF0621,11/06/2021,20/05/2019,S,3,07/06/2021,AKR2084,AKR2085,AKR2086,AKR2087,AKR2088,,,,,,,,,,,,,,,,,,,,,,,,,,,,
7204,2021,22,BVW,GRETI,1,4,,0,,,25,,,4,,ED,,,,,,,,,,,,,,,,,,,,,,,,,,,,,,,,,,,,,,,,,,,,
7205,2021,26,BVW,BLUTI,1,5,,2,,,27,,,,,NE,,,,,,,,,,,,,,,,,,,,,,,,,,,,,,,,,,,,,,,,,,,,
7206,2021,27,BVW,GRETI,1,5,,2,,,23,,,1,,NE,,,,,,,,,,,,,,,,,,,,,,,,,,,,,,,,,,,,,,,,,,,,
7207,2021,29,BVW,PIEFL,1,6,,6,,,38,,,0,,NE,S845684,11/06/2021,29/05/2018,S,4,AKR2029,19/05/2021,19/05/2021,I,1,07/06/2021,AKR2078,AKR2079,AKR2080,AKR2081,AKR2082,AKR2083,,,,,,,,,,,,,,,,,,,,,,,,,,,
7208,2021,30,BVW,PIEFL,1,,,0,,,41,,,,,EU,,,,,,,,,,,,,,,,,,,,,,,,,,,,,,,,,,,,,,,,,,,,
7209,2021,31,BVW,GRETI,1,4,,0,,,25,,,,,JD,,,,,,,,,,,,,,,,,,,,,,,,,,,,,,,,,,,,,,,,,,,,
7210,2021,32,BVW,PIEFL,1,7,,0,,,42,,,7,,"ED,FD",,,,,,AJL5726,07/06/2021,30/05/2020,R,1,,,,,,,,,,,,,,,,,,,,,,,,,,,,,,,,,,
7211,2021,33,BVW,GRETI,1,5,,0,,,16,32,,,,JD,,,,,,,,,,,,,,,,,,,,,,,,,,,,,,,,,,,,,,,,,,,,
7212,2021,34,BVW,BLUTI,1,8,,2,,,31,,,,,NE,,,,,,unringed,,,,,,,,,,,,,,,,,,,,,,,,,,,,,,,,,,,,,,
7213,2021,1,NEA,PIEFL,1,7,,5,,,39,63,,2,,NE,AJL5573,17/04/2021,23/05/2020,S,2,AJL5542,06/06/2021,16/05/2020,S,2,14/06/2021,AKR2409,AKR2410,AKR2411,AKR2412,AKR2413,AKR2414,,,,,,,,,,,,,,,,,,,,,,,,,,,
7214,2021,2,NEA,GRETI,1,5,,3,,,24,,,0,,NE,,,,,,AKR2024,18/05/2021,18/05/2021,I,1,,,,,,,,,,,,,,,,,,,,,,,,,,,,,,,,,,
7215,2021,3,NEA,PIEFL,1,4,,3,,,41,62,,1,,NE,AJL5629,12/06/2021,26/05/2020,S,2,AJL5784,08/06/2021,31/05/2020,R,1,13/06/2021,AKR2275,AKR2276,AKR2277,,,,,,,,,,,,,,,,,,,,,,,,,,,,,,
7216,2021,4,NEA,PIEFL,1,,0,0,,,47,,,7,,ED,,,,,,,,,,,,,,,,,,,,,,,,,,,,,,,,,,,,,,,,,,,,
7217,2021,5,NEA,BLUTI,1,8,,0,,,24,,,0,,JD,,,,,,AKR2028,18/05/2021,18/05/2021,I,2,,,,,,,,,,,,,,,,,,,,,,,,,,,,,,,,,,
7218,2021,6,NEA,BLUTI,1,8,,0,,,38,,,0,,"EP,FD",,,,,,AKR2027,18/05/2021,18/05/2021,I,1,,,,,,,,,,,,,,,,,,,,,,,,,,,,,,,,,,
7219,2021,7,NEA,PIEFL,1,8,,7,,,41,65,,1,,NE,AJL5778,11/06/2021,31/05/2020,S,2,AJL5511,11/06/2021,08/05/2020,S,2,16/06/2021,AKR2441,AKR2442,AKR2443,AKR2444,AKR2445,AKR2446,AKR2447,,,,,,,,,,,,,,,,,,,,,,,,,,
7220,2021,9,NEA,GRETI,1,7,,4,,,39,,,0,,NE,,,,,,AKR2025,18/05/2021,18/05/2021,I,2,,,,,,,,,,,,,,,,,,,,,,,,,,,,,,,,,,
7221,2021,10,NEA,BLUTI,1,7,,0,,,28,,,0,,JP  ,,,,,,AKR2026,18/05/2021,18/05/2021,I,1,,,,,,,,,,,,,,,,,,,,,,,,,,,,,,,,,,
7222,2021,11,NEA,PIEFL,1,6,,5,,,42,64,,0,,NE,AKR2227,12/06/2021,12/06/2021,I,1,AKR2032,21/05/2021,21/05/2021,I,1,15/06/2021,AKR2419,AKR2420,AKR2421,AKR2422,AKR2423,,,,,,,,,,,,,,,,,,,,,,,,,,,,
7223,2021,14,NEA,COATI,1,7,,0,,,23,,,0,,JD,,,,,,,,,,,,,,,,,,,,,,,,,,,,,,,,,,,,,,,,,,,,
7224,2021,15,NEA,BLUTI,1,8,,4,,,25,,,0,,NE,,,,,,D684723,18/05/2021,18/10/2015,I,6,,,,,,,,,,,,,,,,,,,,,,,,,,,,,,,,,,
7225,2021,16,NEA,PIEFL,1,7,,7,,,39,60,,0,,NE,AKR2063,05/06/2021,05/06/2021,I,1,AKR2033,21/05/2021,21/05/2021,I,1,11/06/2021,AKR2207,AKR2208,AKR2209,AKR2210,AKR2211,AKR2212,AKR2213,,,,,,,,,,,,,,,,,,,,,,,,,,
7226,2021,19,NEA,PIEFL,1,7,,7,,,39,60,,0,,NE,AKR2064,05/06/2021,05/06/2021,I,1,AJL5545,05/06/2021,19/05/2020,S,2,11/06/2021,AKR2214,AKR2215,AKR2216,AKR2217,AKR2218,AKR2219,AKR2220,,,,,,,,,,,,,,,,,,,,,,,,,,
7227,2021,20,NEA,PIEFL,1,7,,7,,,42,62,,0,,NE,AFD3054,08/06/2021,06/06/2018,S,3,AFD3149,28/05/2021,07/06/2018,R,3,13/06/2021,AKR2278,AKR2279,AKR2280,AKR2281,AKR2282,AKR2283,AKR2284,,,,,,,,,,,,,,,,,,,,,,,,,,
7228,2021,FOXWTY,NEA,PIEFL,1,6,,6,,,,62,,0,,NE,AJL5335,08/06/2021,01/07/2020,S,2,AYJ5460,08/06/2021,24/06/2020,I,1,13/06/2021,AKR2269,AKR2270,AKR2271,AKR2272,AKR2273,AKR2274,,,,,,,,,,,,,,,,,,,,,,,,,,,
7229,2021,FOXWTY,NEA,PIEFL,1,6,,0,,,,68,,1,,JD,,,,,,AKR2095,08/06/2021,08/06/2021,I,1,19/06/2021,AKR2518,AKR2519,AKR2520,AKR2521,AKR2522,,,,,,,,,,,,,,,,,,,,,,,,,,,,
7230,2021,Foxworthy Mill,NEA,PIEFL,1,5,,5,,,38,58,,0,,NE,,,,,,AJL5609,03/06/2021,26/05/2020,R,1,06/06/2021,AKR2073,AKR2074,AKR2075,AKR2076,AKR2077,,,,,,,,,,,,,,,,,,,,,,,,,,,,
7231,2021,101,YAR,PIEFL,1,,,0,,,53,,,3,,ED,,,,,,,,,,,,,,,,,,,,,,,,,,,,,,,,,,,,,,,,,,,,
7232,2021,104,YAR,GRETI,1,,,0,,,60,,,3,,ED,,,,,,,,,,,,,,,,,,,,,,,,,,,,,,,,,,,,,,,,,,,,
7233,2021,106,YAR,PIEFL,1,6,,5,,,38,61,,1,,NE,AJL5705,05/06/2021,29/05/2020,S,2,AZH2424,05/06/2021,03/06/2019,R,2,12/06/2021,AKR2189,AKR2190,AKR2191,AKR2192,AKR2193,,,,,,,,,,,,,,,,,,,,,,,,,,,,
7234,2021,109,YAR,BLUTI,1,6,,4,,,23,,,2,,NE,,,,,,,,,,,,,,,,,,,,,,,,,,,,,,,,,,,,,,,,,,,,
7235,2021,110,YAR,REDST,1,4,,3,,,37,59,,1,,NE,AKR2060,05/06/2021,05/06/2021,I,1,AKR2061,05/06/2021,05/06/2021,I,1,10/06/2021,AKR2115,AKR2116,AKR2117,,,,,,,,,,,,,,,,,,,,,,,,,,,,,,
7236,2021,114,YAR,BLUTI,1,10,,8,,,21,51,,,,NE,,,,,,AKR2016,17/05/2021,17/05/2021,I,1,,,,,,,,,,,,,,,,,,,,,,,,,,,,,,,,,,
7237,2021,116,YAR,PIEFL,1,7,,7,,,40,61,,0,,NE,AKR2059,05/06/2021,05/06/2021,I,1,AJL5528,05/06/2021,14/05/2020,S,2,12/06/2021,AKR2194,AKR2195,AKR2196,AKR2197,AKR2198,AKR2199,AKR2200,,,,,,,,,,,,,,,,,,,,,,,,,,
7238,2021,119,YAR,REDST,1,5,,5,,,41,,,0,,NE,,,,,,AKR2034,22/05/2021,22/05/2021,I,1,10/06/2021,AKR2118,AKR2119,AKR2120,AKR2121,AKR2122,,,,,,,,,,,,,,,,,,,,,,,,,,,,
7239,2021,122,YAR,PIEFL,1,6,,6,,,45,65,,0,,NE,AJL5557,14/06/2021,21/05/2020,S,2,AZH2106,29/05/2021,28/05/2019,S,2,16/06/2021,AKR2424,AKR2425,AKR2426,AKR2427,AKR2428,AKR2429,AKR2430,,,,,,,,,,,,,,,,,,,,,,,,,,
7240,2021,125,YAR,PIEFL,1,7,,6,,,48,69,,0,,NE,S845400,10/06/2021,30/05/2017,S,5,AZE8651,10/06/2021,15/06/2019,I,2,20/06/2021,AKR2531,AKR2532,AKR2533,AKR2534,AKR2535,AKR2536,AKR2537,,,,,,,,,,,,,,,,,,,,,,,,,,
7241,2021,205,YAR,GRETI,2,9,,0,,,60,,,6,,JD,,,,,,AKR2001,05/06/2021,05/06/2021,I,1,,,,,,,,,,,,,,,,,,,,,,,,,,,,,,,,,,
7242,2021,207,YAR,PIEFL,1,5,,4,,,27,49,,0,,NE,AFD3027,25/05/2021,03/06/2018,S,4,S846022,16/05/2021,23/05/2017,S,4,31/05/2021,AKR2044,AKR2045,AKR2046,AKR2047,,,,,,,,,,,,,,,,,,,,,,,,,,,,,
7243,2021,210,YAR,PIEFL,1,6,,5,,,44,66,,0,,NE,AFD3250,13/06/2021,09/06/2018,S,3,AJL5543,12/06/2021,17/05/2020,S,2,17/06/2021,AKR2448,AKR2449,AKR2450,AKR2451,AKR2452,,,,,,,,,,,,,,,,,,,,,,,,,,,,
7244,2021,211,YAR,GRETI,1,7,,0,,,16,,,,,JD,,,,,,AKR2001,10/06/2021,05/06/2021,S,1,,,,,,,,,,,,,,,,,,,,,,,,,,,,,,,,,,
7245,2021,212,YAR,BLUTI,1,8,,0,,,13,,,,,JD,,,,,,AKR2002,06/05/2021,06/05/2021,I,2,,,,,,,,,,,,,,,,,,,,,,,,,,,,,,,,,,
7246,2021,213,YAR,BLUTI,1,8,,1,,,56,76,,,,NE,,,,,,AKR2062,05/06/2021,05/06/2021,I,2,,,,,,,,,,,,,,,,,,,,,,,,,,,,,,,,,,
7247,2021,212A,YAR,PIEFL,1,6,,6,,,41,62,,0,,NE,AJL5961,10/06/2021,02/06/2020,S,2,AJL5512,10/06/2021,11/05/2020,S,2,13/06/2021,AKR2263,AKR2264,AKR2265,AKR2266,AKR2267,AKR2268,,,,,,,,,,,,,,,,,,,,,,,,,,,
7248,2021,212B,YAR,BLUTI,1,7,,0,,,60,,,7,,ED,,,,,,AKR2097,10/06/2021,10/06/2021,I,1,,,,,,,,,,,,,,,,,,,,,,,,,,,,,,,,,,
7249,2021,212E,YAR,PIEFL,1,6,,6,,,36,59,,0,,NE,AJF0758,02/06/2021,31/05/2019,S,3,AFD3999,02/06/2021,20/05/2019,S,3,10/06/2021,AKR2101,AKR2102,AKR2103,AKR2104,AKR2105,AKR2106,,,,,,,,,,,,,,,,,,,,,,,,,,,
7250,2021,214,YAR,PIEFL,1,6,,5,,,64,82,,1,,NE,S845291,27/06/2021,05/06/2017,S,4,S845673,10/06/2021,19/05/2018,S,4,03/07/2021,AKR2556,AKR2557,AKR2558,AKR2559,AKR2560,,,,,,,,,,,,,,,,,,,,,,,,,,,,
7251,2021,215,YAR,BLUTI,1,9,,0,,,25,,,9,,ED,,,,,,AKR2017,17/05/2021,17/05/2021,I,2,,,,,,,,,,,,,,,,,,,,,,,,,,,,,,,,,,
7252,2021,216,YAR,PIEFL,1,6,,5,,,42,64,,0,,NE,AJL5648,11/06/2021,27/05/2020,S,2,AJL5501,10/06/2021,04/05/2020,S,2,15/06/2021,AKR2414,AKR2415,AKR2416,AKR2417,AKR2418,,,,,,,,,,,,,,,,,,,,,,,,,,,,
7253,2021,219,YAR,BLUTI,1,9,,6,,,25,,,1,,NE,,,,,,,,,,,,,,,,,,,,,,,,,,,,,,,,,,,,,,,,,,,,
7254,2021,222,YAR,PIEFL,1,7,,6,,,37,61,,1,,NE,AJL5793,11/06/2021,31/05/2020,S,2,AJL5530,05/06/2021,14/05/2020,S,2,12/06/2021,AKR2311,AKR2312,AKR2313,AKR2314,AKR2315,AKR2316,,,,,,,,,,,,,,,,,,,,,,,,,,,
7255,2021,224,YAR,BLUTI,1,11,,0,,,24,,,11,,ED,,,,,,AKR2018,17/05/2021,17/05/2021,I,1,,,,,,,,,,,,,,,,,,,,,,,,,,,,,,,,,,
7256,2021,225,YAR,PIEFL,1,5,,4,,,38,61,,1,,NE,AJF0715,05/06/2021,24/05/2019,S,3,AJL5608,05/06/2021,26/05/2020,R,1,12/06/2021,AKR2307,AKR2308,AKR2309,AKR2310,,,,,,,,,,,,,,,,,,,,,,,,,,,,,
7257,2021,226,YAR,BLUTI,1,9,,0,,,20,,,1,,JD,,,,,,S845906,17/05/2021,04/05/2018,S,4,,,,,,,,,,,,,,,,,,,,,,,,,,,,,,,,,,
7258,2021,226,YAR,PIEFL,1,4,,,,,,88,,0,,,AJL5801,03/07/2021,31/05/2020,S,2,S416834,14/06/2021,18/05/2019,S,3,08/07/2021,AKR2564,AKR2565,AKR2566,AKR2567,,,,,,,,,,,,,,,,,,,,,,,,,,,,,
7259,2021,227,YAR,BLUTI,1,6,,4,,,51,69,,0,,NE,,,,,,,,,,,,,,,,,,,,,,,,,,,,,,,,,,,,,,,,,,,,
7260,2021,228,YAR,BLUTI,1,9,,0,,,12,,,3,,JD,,,,,,AKR2005,09/05/2021,09/05/2021,I,2,,,,,,,,,,,,,,,,,,,,,,,,,,,,,,,,,,
7261,2021,230,YAR,PIEFL,1,7,,6,,,46,68,,1,,NE,AZH2645,14/06/2021,26/06/2019,R,2,AZH2309,14/06/2021,02/06/2019,S,2,19/06/2021,AKR2509,AKR2510,AKR2511,AKR2512,AKR2513,AKR2514,,,,,,,,,,,,,,,,,,,,,,,,,,,
7262,2021,232,YAR,BLUTI,1,9,,6,,,25,,,0,,NE,,,,,,AKR2019,17/05/2021,17/05/2021,I,2,,,,,,,,,,,,,,,,,,,,,,,,,,,,,,,,,,
7263,2021,233,YAR,GRETI,1,5,,1,,,23,43,,0,,NE,,,,,,AZH2001,13/05/2021,25/05/2019,S,3,,,,,,,,,,,,,,,,,,,,,,,,,,,,,,,,,,
7264,2021,234,YAR,PIEFL,1,7,,0,,,45,,,7,,ED,,,,,,,,,,,,,,,,,,,,,,,,,,,,,,,,,,,,,,,,,,,,
7265,2021,235,YAR,BLUTI,1,9,,0,,,23,,,5,,ED,,,,,,,,,,,,,,,,,,,,,,,,,,,,,,,,,,,,,,,,,,,,
7266,2021,238,YAR,BLUTI,1,9,,7,,,30,56,,1,,NE,,,,,,,,,,,,,,,,,,,,,,,,,,,,,,,,,,,,,,,,,,,,
7267,2021,240,YAR,PIEFL,1,6,,0,,,50,,,6,,ED,,,,,,,,,,,,,,,,,,,,,,,,,,,,,,,,,,,,,,,,,,,,
7268,2021,241,YAR,BLUTI,1,9,,9,,,27,55,,0,,NE,,,,,,AKR2035,22/05/2021,22/05/2021,I,2,,,,,,,,,,,,,,,,,,,,,,,,,,,,,,,,,,
7269,2021,242,YAR,BLUTI,1,9,,0,,,19,,,9,,ED,,,,,,AKR2011,13/05/2021,13/05/2021,I,2,,,,,,,,,,,,,,,,,,,,,,,,,,,,,,,,,,
7270,2021,243,YAR,BLUTI,1,8,,,,,50,,,0,,,,,,,,,,,,,,,,,,,,,,,,,,,,,,,,,,,,,,,,,,,,,,
7271,2021,244,YAR,PIEFL,1,,,0,,,46,,,,,EP,,,,,,,,,,,,,,,,,,,,,,,,,,,,,,,,,,,,,,,,,,,,
7272,2021,246,YAR,BLUTI,1,7,,6,,,33,59,,1,,NE,,,,,,S845931,22/05/2021,11/05/2018,S,4,,,,,,,,,,,,,,,,,,,,,,,,,,,,,,,,,,
7273,2021,248,YAR,PIEFL,1,7,,6,,,51,69,,0,,NE,APD0354,12/06/2021,29/05/2019,I,2,AJL5526,12/06/2021,14/05/2020,S,2,20/06/2021,AKR2538,AKR2539,AKR2540,AKR2541,AKR2542,AKR2543,,,,,,,,,,,,,,,,,,,,,,,,,,,
7274,2021,249,YAR,PIEFL,1,5,,5,,,49,67,,0,,NE,AJL5980,12/06/2021,04/06/2020,S,2,AKR2317,12/06/2021,12/06/2021,I,1,18/06/2021,AKR2470,AKR2471,AKR2472,AKR2473,AKR2474,,,,,,,,,,,,,,,,,,,,,,,,,,,,
7275,2021,250,YAR,BLUTI,1,9,,0,,,23,,,9,,ED,,,,,,,,,,,,,,,,,,,,,,,,,,,,,,,,,,,,,,,,,,,,
7276,2021,303,YAR,PIEFL,1,6,,,,,52,76,,2,,,AJL5559,19/06/2021,21/05/2020,S,2,AKR2051,02/06/2021,02/06/2021,I,1,27/06/2021,AKR2551,AKR2552,AKR2553,AKR2554,AKR2555,,,,,,,,,,,,,,,,,,,,,,,,,,,,
7277,2021,308,YAR,BLUTI,1,9,,8,,,23,47,,,,NE,,,,,,AKR2014,16/05/2021,16/05/2021,I,1,,,,,,,,,,,,,,,,,,,,,,,,,,,,,,,,,,
7278,2021,311,YAR,PIEFL,1,6,,6,,,46,65,,0,,NE,AFD3366,10/06/2021,05/06/2018,S,3,APD0332,10/06/2021,27/05/2019,S,3,16/06/2021,AKR2431,AKR2432,AKR2433,AKR2434,AKR2435,,,,,,,,,,,,,,,,,,,,,,,,,,,,
7279,2021,313,YAR,PIEFL,1,6,,6,,,40,61,,0,,NE,S845479,10/06/2021,09/06/2017,S,4,AJL5712,10/06/2021,30/05/2020,R,1,12/06/2021,AKR2318,AKR2319,AKR2320,AKR2321,AKR2322,AKR2323,,,,,,,,,,,,,,,,,,,,,,,,,,,
7280,2021,320,YAR,PIEFL,1,6,,6,,,45,67,,0,,NE,AFD3008,10/06/2021,02/06/2018,S,3,AJL5922,10/06/2021,02/06/2020,R,1,18/06/2021,AKR2475,AKR2476,AKR2477,AKR2478,AKR2479,AKR2480,,,,,,,,,,,,,,,,,,,,,,,,,,,
7281,2021,322,YAR,BLUTI,1,11,,0,,,15,,,11,,ED,,,,,,AXA3379,09/05/2021,07/02/2020,S,3,,,,,,,,,,,,,,,,,,,,,,,,,,,,,,,,,,
7282,2021,324,YAR,PIEFL,1,6,,6,,,47,67,,0,,NE,AZH2078,10/06/2021,31/05/2019,S,3,S969934,10/06/2021,01/06/2019,S,2,18/06/2021,AKR2481,AKR2482,AKR2483,AKR2484,AKR2485,AKR2486,,,,,,,,,,,,,,,,,,,,,,,,,,,
7283,2021,325,YAR,GRETI,1,6,,0,,,39,63,,,,EP,,,,,,,,,,,,,,,,,,,,,,,,,,,,,,,,,,,,,,,,,,,,
7284,2021,328,YAR,PIEFL,1,6,,6,,,38,62,,0,,NE,AZH2449,12/06/2021,03/06/2019,S,2,AJL5590,10/06/2021,25/05/2020,R,1,13/06/2021,AKR2257,AKR2258,AKR2259,AKR2260,AKR2261,AKR2262,,,,,,,,,,,,,,,,,,,,,,,,,,,
7285,2021,330,YAR,PIEFL,1,5,,5,,,47,65,,0,,NE,AJF0871,10/06/2021,29/05/2019,S,3,AJL5329,10/06/2021,25/06/2020,R,1,16/06/2021,AKR2436,AKR2437,AKR2438,AKR2439,AKR2440,,,,,,,,,,,,,,,,,,,,,,,,,,,,
7286,2021,332,YAR,PIEFL,1,9,,6,,,36,59,,2,,NE,AKR2058,04/06/2021,04/06/2021,I,1,AFD3449,31/05/2021,09/06/2018,S,3,10/06/2021,AKR2107,AKR2108,AKR2109,AKR2110,AKR2111,AKR2112,AKR2113,,,,,,,,,,,,,,,,,,,,,,,,,,
7287,2021,334,YAR,GRETI,1,6,,0,,,10,,,4,,ED,,,,,,NZ60279,29/04/2021,05/01/2020,S,2,,,,,,,,,,,,,,,,,,,,,,,,,,,,,,,,,,
7288,2021,336,YAR,PIEFL,1,6,,6,,,47,66,,0,,NE,AKR2114,10/06/2021,10/06/2021,I,1,AJL5538,25/05/2021,14/05/2020,S,2,17/06/2021,AKR2453,AKR2454,AKR2455,AKR2456,AKR2457,AKR2458,,,,,,,,,,,,,,,,,,,,,,,,,,,
7289,2021,339,YAR,BLUTI,1,8,,2,,,29,,,0,,NE,,,,,,AJF0516,22/05/2021,09/05/2019,S,3,,,,,,,,,,,,,,,,,,,,,,,,,,,,,,,,,,
7290,2021,340,YAR,PIEFL,1,7,,7,,,41,67,,0,,NE,D637436,10/06/2021,04/06/2014,S,8,AJL5269,10/06/2021,06/06/2020,R,1,18/06/2021,AKR2487,AKR2488,AKR2489,AKR2490,AKR2491,AKR2492,AKR2493,,,,,,,,,,,,,,,,,,,,,,,,,,
7291,2021,341,YAR,PIEFL,2,5,,0,,,57,74,,0,,JD,,,,,,AKR2031,04/06/2021,20/05/2021,S,1,,,,,,,,,,,,,,,,,,,,,,,,,,,,,,,,,,
7292,2021,343,YAR,PIEFL,1,6,,6,,,38,60,,0,,NE,AJL5588,04/06/2021,25/05/2020,S,2,AJL5532,04/06/2021,14/05/2020,S,2,11/06/2021,AKR2201,AKR2202,AKR2203,AKR2204,AKR2205,AKR2206,,,,,,,,,,,,,,,,,,,,,,,,,,,
7293,2021,345,YAR,BLUTI,1,9,,0,,,23,46,,0,,JD,,,,,,AKR2015,16/05/2021,16/05/2021,I,1,,,,,,,,,,,,,,,,,,,,,,,,,,,,,,,,,,
7294,2021,346,YAR,PIEFL,1,6,,5,,,49,69,,0,,NE,C437650,13/06/2021,13/06/2021,I,1,AYJ5279,02/06/2021,30/05/2020,I,1,20/06/2021,AKR2525,AKR2526,AKR2527,AKR2528,AKR2529,AKR2530,,,,,,,,,,,,,,,,,,,,,,,,,,,
7295,2021,348,YAR,PIEFL,1,6,,0,,,39,,,,,EP,,,,,,AKR2031,20/05/2021,20/05/2021,I,1,,,,,,,,,,,,,,,,,,,,,,,,,,,,,,,,,,
7296,2021,350,YAR,PIEFL,1,5,,4,,,49,68,,1,,NE,AJL5575,13/06/2021,24/05/2020,S,2,C437649,29/05/2021,29/05/2021,I,1,19/06/2021,AKR2499,AKR2500,AKR2501,AKR2502,,,,,,,,,,,,,,,,,,,,,,,,,,,,,
7297,2021,355,YAR,GRETI,1,7,,0,,,28,,,7,,ED,,,,,,,,,,,,,,,,,,,,,,,,,,,,,,,,,,,,,,,,,,,,
7298,2021,401,YAR,BLUTI,1,,,0,,,31,,,4,,ED,,,,,,,,,,,,,,,,,,,,,,,,,,,,,,,,,,,,,,,,,,,,
7299,2021,402,YAR,PIEFL,1,7,,5,,,46,67,,1,,NE,,,,,,AFD3277,16/06/2021,09/06/2018,S,3,18/06/2021,AKR2494,AKR2495,AKR2496,AKR2497,AKR2498,,,,,,,,,,,,,,,,,,,,,,,,,,,,
7300,2021,403,YAR,BLUTI,1,,,0,,,44,,,5,,ED,,,,,,,,,,,,,,,,,,,,,,,,,,,,,,,,,,,,,,,,,,,,
7301,2021,404,YAR,BLUTI,1,,,0,,,48,,,1,,ED,,,,,,,,,,,,,,,,,,,,,,,,,,,,,,,,,,,,,,,,,,,,
7302,2021,406,YAR,PIEFL,1,6,,2,,,45,69,,3,,NE,AJL5702,12/06/2021,29/05/2020,S,2,AYJ5232,10/06/2021,25/05/2020,I,1,20/06/2021,AKR2523,AKR2524,,,,,,,,,,,,,,,,,,,,,,,,,,,,,,,
7303,2021,408,YAR,NUTHA,1,,,0,,,40,,,4,,ED,,,,,,,,,,,,,,,,,,,,,,,,,,,,,,,,,,,,,,,,,,,,
7304,2021,410,YAR,GRETI,1,8,,0,,,8,,,7,,JD,,,,,,,,,,,,,,,,,,,,,,,,,,,,,,,,,,,,,,,,,,,,
7305,2021,411,YAR,PIEFL,1,6,,6,,,41,61,,0,,NE,AYJ5213,05/06/2021,25/05/2020,I,1,AJL5264,22/05/2021,06/06/2020,R,1,12/06/2021,AKR2228,AKR2229,AKR2230,AKR2231,AKR2232,AKR2233,,,,,,,,,,,,,,,,,,,,,,,,,,,
7306,2021,414,YAR,PIEFL,1,8,,7,,,39,63,,1,,NE,AJL5783,06/06/2021,31/05/2020,R,1,AYJ5271,29/05/2021,29/05/2020,I,1,14/06/2021,AKR2402,AKR2403,AKR2404,AKR2405,AKR2406,AKR2407,AKR2408,,,,,,,,,,,,,,,,,,,,,,,,,,
7307,2021,415,YAR,BLUTI,1,11,,0,,,18,52,,1,,JD,,,,,,,,,,,,,,,,,,,,,,,,,,,,,,,,,,,,,,,,,,,,
7308,2021,419,YAR,PIEFL,1,6,,6,,,36,61,,0,,NE,AJL5701,10/06/2021,29/05/2020,S,2,AKR2030,20/05/2021,20/05/2021,I,1,12/06/2021,AKR2301,AKR2302,AKR2303,AKR2304,AKR2305,AKR2306,,,,,,,,,,,,,,,,,,,,,,,,,,,
7309,2021,422,YAR,PIEFL,1,7,,5,,,43,66,,0,,NE,AYJ5451,12/06/2021,20/06/2020,I,1,AJL5544,02/06/2021,17/05/2020,S,2,17/06/2021,AKR2459,AKR2460,AKR2461,AKR2462,AKR2463,,,,,,,,,,,,,,,,,,,,,,,,,,,,
7310,2021,424,YAR,BLUTI,1,6,,0,,,22,,,2,,JD,,,,,,AKR2039,29/05/2021,29/05/2021,I,1,,,,,,,,,,,,,,,,,,,,,,,,,,,,,,,,,,
7311,2021,426,YAR,PIEFL,1,6,,5,,,42,63,,1,,NE,AJL5595,06/06/2021,25/05/2020,R,1,AJF0738,20/05/2021,28/05/2019,S,2,14/06/2021,AKR2297,AKR2298,AKR2299,AKR2300,AKR2401,,,,,,,,,,,,,,,,,,,,,,,,,,,,
7312,2021,427,YAR,BLUTI,1,9,,0,,,22,,,9,,ED,,,,,,,,,,,,,,,,,,,,,,,,,,,,,,,,,,,,,,,,,,,,
7313,2021,428,YAR,BLUTI,1,,,0,,,,,,1,,ED,,,,,,,,,,,,,,,,,,,,,,,,,,,,,,,,,,,,,,,,,,,,
7314,2021,429,YAR,BLUTI,1,9,,8,,,22,51,,0,,NE,,,,,,AKR2020,17/05/2021,17/05/2021,I,2,,,,,,,,,,,,,,,,,,,,,,,,,,,,,,,,,,
7315,2021,430,YAR,BLUTI,1,9,,0,,,26,,,9,,ED,,,,,,,,,,,,,,,,,,,,,,,,,,,,,,,,,,,,,,,,,,,,
7316,2021,431,YAR,GRETI,1,6,,1,,,39,59,,0,,NE,,,,,,NZ60279,29/05/2021,05/01/2020,S,2,,,,,,,,,,,,,,,,,,,,,,,,,,,,,,,,,,
7317,2021,433,YAR,PIEFL,1,6,,6,,,41,61,,0,,NE,AJF0961,06/06/2021,02/06/2019,S,3,AJF0801,22/05/2021,24/05/2019,S,3,12/06/2021,AKR2324,AKR2325,AKR2326,AKR2327,AKR2328,AKR2329,,,,,,,,,,,,,,,,,,,,,,,,,,,
7318,2021,434,YAR,GRETI,1,6,,0,,,15,,,,,JD,,,,,,AKR2004,06/05/2021,06/05/2021,I,1,,,,,,,,,,,,,,,,,,,,,,,,,,,,,,,,,,
7319,2021,435,YAR,GRETI,1,,,0,,,5,,,4,,EU,,,,,,,,,,,,,,,,,,,,,,,,,,,,,,,,,,,,,,,,,,,,
7320,2021,436,YAR,PIEFL,1,7,,6,,,40,63,,1,,NE,AKR2065,06/06/2021,06/06/2021,I,1,AJF0567,22/05/2021,15/05/2019,S,3,14/06/2021,AKR2285,AKR2286,AKR2287,AKR2288,AKR2289,AKR2290,,,,,,,,,,,,,,,,,,,,,,,,,,,
7321,2021,437,YAR,BLUTI,1,9,,4,,,16,41,,0,,NE,,,,,,AKR2006,09/05/2021,09/05/2021,I,2,,,,,,,,,,,,,,,,,,,,,,,,,,,,,,,,,,
7322,2021,438,YAR,PIEFL,2,4,,,,,,,,0,,,AKR2555,27/06/2021,27/06/2021,I,1,AZH2504,12/06/2021,03/06/2019,S,2,03/07/2021,AKR2561,AKR2562,AKR2563,,,,,,,,,,,,,,,,,,,,,,,,,,,,,,
7323,2021,439,YAR,PIEFL,1,6,,0,,,37,,,6,,ED,,,,,,AZH2504,17/05/2021,03/06/2019,S,2,,,,,,,,,,,,,,,,,,,,,,,,,,,,,,,,,,
7324,2021,440,YAR,PIEFL,1,7,,4,,,51,71,,0,,NE,AJL5265,14/06/2021,06/06/2020,R,1,AKR2048,31/05/2021,31/05/2021,I,1,21/06/2021,AKR2544,AKR2545,AKR2546,AKR2547,,,,,,,,,,,,,,,,,,,,,,,,,,,,,
7325,2021,443,YAR,BLUTI,1,9,,0,,,21,46,,0,,JD,,,,,,,,,,,,,,,,,,,,,,,,,,,,,,,,,,,,,,,,,,,,
7326,2021,444,YAR,PIEFL,1,6,,3,,,51,70,,0,,NE,AKR2234,12/06/2021,12/06/2021,I,1,AKR2049,31/05/2021,31/05/2021,I,1,21/06/2021,AKR2548,AKR2549,AKR2550,,,,,,,,,,,,,,,,,,,,,,,,,,,,,,
7327,2021,445,YAR,GRETI,1,7,,0,,,24,48,,0,,JD,,,,,,AKR2021,17/05/2021,17/05/2021,I,1,,,,,,,,,,,,,,,,,,,,,,,,,,,,,,,,,,
7328,2021,447,YAR,PIEFL,1,6,,6,,,42,63,,0,,NE,ABE4591,10/06/2021,27/05/2019,I,1,AKR2022,17/05/2021,17/05/2021,I,1,14/06/2021,AKR2291,AKR2292,AKR2293,AKR2294,AKR2295,AKR2296,,,,,,,,,,,,,,,,,,,,,,,,,,,
7329,2021,448,YAR,BLUTI,1,9,,0,,,11,36,,,,JD,,,,,,AKR2003,06/05/2021,06/05/2021,I,2,,,,,,,,,,,,,,,,,,,,,,,,,,,,,,,,,,
7330,2021,449,YAR,BLUTI,1,9,,0,,,17,,,0,,JD,,,,,,,,,,,,,,,,,,,,,,,,,,,,,,,,,,,,,,,,,,,,
7331,2021,450,YAR,BLUTI,1,6,,0,,,57,,,6,,ED,,,,,,,,,,,,,,,,,,,,,,,,,,,,,,,,,,,,,,,,,,,,
7332,2021,451,YAR,PIEFL,1,7,,7,,,33,56,,0,,NE,Z765733,31/05/2021,29/05/2019,S,5,AKR2012,13/05/2021,13/05/2021,I,1,06/06/2021,AKR2066,AKR2067,AKR2068,AKR2069,AKR2070,AKR2071,AKR2072,,,,,,,,,,,,,,,,,,,,,,,,,,
7333,2021,452,YAR,BLUTI,1,11,,0,,,14,46,,,,JD,,,,,,AFD3963,17/05/2021,04/05/2019,S,3,,,,,,,,,,,,,,,,,,,,,,,,,,,,,,,,,,
7334,2021,453,YAR,PIEFL,1,7,,6,,,42,62,,0,,NE,S845889,06/06/2021,29/05/2018,S,4,AJL5502,06/06/2021,04/05/2020,S,2,13/06/2021,AKR2239,AKR2240,AKR2241,AKR2242,AKR2243,AKR2244,,,,,,,,,,,,,,,,,,,,,,,,,,,
7335,2021,455,YAR,BLUTI,1,10,,0,,,17,43,,,,JD,,,,,,AKR2013,13/05/2021,13/05/2021,I,2,,,,,,,,,,,,,,,,,,,,,,,,,,,,,,,,,,
7336,2021,457,YAR,PIEFL,1,7,,7,,,42,62,,0,,NE,AFD3312,06/06/2021,03/06/2018,S,3,AJF0579,17/05/2021,15/05/2019,S,3,13/06/2021,AKR2245,AKR2246,AKR2247,AKR2248,AKR2249,AKR2250,AKR2251,,,,,,,,,,,,,,,,,,,,,,,,,,
7337,2021,458,YAR,BLUTI,1,7,,0,,,22,,,,,NE,,,,,,AKR2023,17/05/2021,17/05/2021,I,2,,,,,,,,,,,,,,,,,,,,,,,,,,,,,,,,,,
7338,2021,459,YAR,GRETI,1,8,,6,,,40,61,,,,NE,,,,,,,,,,,,,,,,,,,,,,,,,,,,,,,,,,,,,,,,,,,,
7339,2021,460,YAR,BLUTI,1,12,,1,,,24,52,,1,,NE,,,,,,,,,,,,,,,,,,,,,,,,,,,,,,,,,,,,,,,,,,,,
7340,2021,461,YAR,PIEFL,1,6,,5,,,41,62,,0,,NE,AJL5867,13/06/2021,01/06/2020,S,2,AKR2040,29/05/2021,29/05/2021,I,1,13/06/2021,AKR2252,AKR2253,AKR2254,AKR2255,AKR2256,,,,,,,,,,,,,,,,,,,,,,,,,,,,
7341,2021,462,YAR,GRETI,1,,,0,,,41,,,5,,ED,,,,,,,,,,,,,,,,,,,,,,,,,,,,,,,,,,,,,,,,,,,,
7342,2021,463,YAR,BLUTI,1,8,,0,,,23,51,,,,JD,,,,,,S845305,17/05/2021,22/05/2017,S,4,,,,,,,,,,,,,,,,,,,,,,,,,,,,,,,,,,
7343,2021,501,YAR,BLUTI,1,8,,0,,,25,,,8,,ED,,,,,,,,,,,,,,,,,,,,,,,,,,,,,,,,,,,,,,,,,,,,
7344,2021,501,YAR,BLUTI,1,7,,0,,,60,,,7,,ED,,,,,,,,,,,,,,,,,,,,,,,,,,,,,,,,,,,,,,,,,,,,
7345,2021,502,YAR,PIEFL,1,6,,6,,,46,67,,0,,NE,AJL5683,16/06/2021,29/05/2020,S,2,AKR2041,29/05/2021,29/05/2021,I,1,18/06/2021,AKR2464,AKR2465,AKR2466,AKR2467,AKR2468,AKR2469,,,,,,,,,,,,,,,,,,,,,,,,,,,
7346,2021,506,YAR,BLUTI,1,9,,0,,,18,,,,,NE,,,,,,,,,,,,,,,,,,,,,,,,,,,,,,,,,,,,,,,,,,,,
7347,2021,511,YAR,BLUTI,1,,,0,,,16,,,,,JD,,,,,,,,,,,,,,,,,,,,,,,,,,,,,,,,,,,,,,,,,,,,
7348,2021,515,YAR,GRETI,1,,,0,,,24,,,7,,ED,,,,,,,,,,,,,,,,,,,,,,,,,,,,,,,,,,,,,,,,,,,,
7349,2021,517,YAR,BLUTI,1,3,,0,,,48,,,3,,ED,,,,,,,,,,,,,,,,,,,,,,,,,,,,,,,,,,,,,,,,,,,,
7350,2021,520,YAR,BLUTI,1,11,,0,,,17,,,,,XP,,,,,,,,,,,,,,,,,,,,,,,,,,,,,,,,,,,,,,,,,,,,
7351,2021,522,YAR,BLUTI,1,10,,0,,,25,,,,,JD,,,,,,,,,,,,,,,,,,,,,,,,,,,,,,,,,,,,,,,,,,,,
7352,2021,524,YAR,BLUTI,1,,,0,,,22,,,6,,ED,,,,,,,,,,,,,,,,,,,,,,,,,,,,,,,,,,,,,,,,,,,,
7353,2021,525,YAR,BLUTI,1,7,,3,,,35,58,,1,,NE,,,,,,AKR2043,29/05/2021,29/05/2021,I,2,,,,,,,,,,,,,,,,,,,,,,,,,,,,,,,,,,
7354,2021,526,YAR,BLUTI,1,7,,5,,,38,59,,1,,NE,,,,,,AKR2042,29/05/2021,29/05/2021,I,2,,,,,,,,,,,,,,,,,,,,,,,,,,,,,,,,,,
7355,2021,527,YAR,PIEFL,1,7,,0,,,40,61,,0,,JD,,,,,,AJL5589,05/06/2021,25/05/2020,S,2,12/06/2021,AKR2235,AKR2236,AKR2237,AKR2238,,,,,,,,,,,,,,,,,,,,,,,,,,,,,
7356,2021,528,YAR,BLUTI,1,8,,0,,,27,,,8,,ED,,,,,,,,,,,,,,,,,,,,,,,,,,,,,,,,,,,,,,,,,,,,
7357,2021,PROD,YAR,BLUTI,1,3,,,,,50,,,1,,,,,,,,,,,,,,,,,,,,,,,,,,,,,,,,,,,,,,,,,,,,,,
7358,2021,HIDE1C,YAR,GRETI,1,6,,0,,,24,,,6,,ED,,,,,,,,,,,,,,,,,,,,,,,,,,,,,,,,,,,,,,,,,,,,
7359,2021,HIDE1D,YAR,PIEFL,1,6,,6,,,49,68,,0,,NE,AZH2252,19/06/2021,04/06/2019,S,2,ABE4635,17/06/2021,30/05/2019,I,2,19/06/2021,AKR2503,AKR2504,AKR2505,AKR2506,AKR2507,AKR2508,,,,,,,,,,,,,,,,,,,,,,,,,,,
7360,2022,101,YAR,BLUTI,1,11,,0,,,19,,,11,,ED,,,,,,,,,,,,,,,,,,,,,,,,,,,,,,,,,,,,,,,,,,,,
7361,2022,104,YAR,PIEFL,1,7,,4,,,37,57,,,,NE,AKR2320,31/05/2021,12/06/2021,R,1,AKR2070,16/05/2022,06/06/2021,R,1,07/06/2022,AKR2974,AKR2975,AKR2976,AKR2977,,,,,,,,11.6,,12.5,,11.9,,12.1,,,,,,,,,,,,,,,
7362,2022,106,YAR,PIEFL,1,6,,3,,,37,55,,0,,NE,AKR2113,28/05/2022,10/06/2021,R,1,AKR2296,04/06/2022,14/06/2021,I,1,06/06/2022,AKR2943,AKR2944,AKR2945,AKR2946,AKR2947,AKR2948,,,,,,12.1,17.2,10.7,16.8,9.4,17.3,8.6,16.6,11.1,17.9,11.6,16.9,,,,,,,,,,
7363,2022,109,YAR,PIEFL,1,7,,3,,,43,63,,0,,NE,AKR2942,05/06/2022,05/06/2022,I,1,AKR2012,21/05/2022,13/05/2021,S,2,14/06/2021,AYX8293,AYX8294,AYX8295,AYX8296,AYX8297,AYX8298,,,,,,10.29,,8.66,,8.36,,11.44,,9.12,,7.64,,,,,,,,,,,
7364,2022,111,YAR,REDST,1,5,,4,,,?,,,0,,NE,,,,,,AKR2034,18/05/2022,22/05/2021,S,2,,,,,,,,,,,,,,,,,,,,,,,,,,,,,,,,,,
7365,2022,114,YAR,BLUTI,1,10,,10,,,18,,,0,,NE,,,,,,AKR2016,08/05/2022,17/05/2021,S,2,,,,,,,,,,,,,,,,,,,,,,,,,,,,,,,,,,
7366,2022,116,YAR,PIEFL,1,8,,2,,,34,54,,0,,NE,AKR2291,04/06/2022,14/06/2021,R,1,AJL5528,28/05/2022,14/05/2020,S,3,05/06/2022,AKR2937,AKR2938,AKR2939,AKR2940,AKR2941,,,,,,,11,17.1,9.7,16.9,11.4,17.2,11.7,17.1,11.9,17.3,,,,,,,,,,,,
7367,2022,117,YAR,PIEFL,1,,,0,,,31,,,3,,ED,,,,,,,,,,,,,,,,,,,,,,,,,,,,,,,,,,,,,,,,,,,,
7368,2022,119,YAR,REDST,1,7,,3,,,29,48,,4,,NE,,,,,,AKR2118,07/05/2022,10/06/2022,R,1,,,,,,,,,,,,,,,,,,,,,,,,,,,,,,,,,,
7369,2022,120,YAR,PIEFL,1,7,,6,,,33,52,,0,,NE,AKR2290,04/06/2022,14/06/2021,R,1,AKR2825,14/05/2022,14/05/2022,I,1,03/06/2022,AYX8174,AYX8175,AYX8176,AYX8177,AYX8178,AYX8179,AYX8180,,,,,12.87,17.4,14.72,17.5,12.99,17.8,12.98,16.8,13.64,18.1,8.77,,13.62,18.1,,,,,,,,
7370,2022,122,YAR,BLUTI,1,9,,7,,,37,58,,0,,NE,,,,,,AKR2869,28/05/2022,28/05/2022,I,2,,,,,,,,,,,,,,,,,,,,,,,,,,,,,,,,,,
7371,2022,123,YAR,REDST,1,6,,5,,,29,46,,0,,NE,,,,,,AKR2830,21/05/2022,21/05/2022,I,1,,,,,,,,,,,,,,,,,,,,,,,,,,,,,,,,,,
7372,2022,125,YAR,PIEFL,1,7,,6,,,37,57,,0,,NE,S845400,31/05/2022,30/05/2017,S,6,AZH2106,14/05/2022,28/05/2019,S,3,07/06/2022,AYX8284,AYX8285,AYX8286,AYX8287,AYX8288,AYX8289,,,,,,12.99,16.4,9.87,,10.84,,12.2,16.2,9.84,,9.53,,,,,,,,,,,
7373,2022,126,YAR,GRETI,1,8,,5,,,19,,,,,NE,,,,,,,,,,,,,,,,,,,,,,,,,,,,,,,,,,,,,,,,,,,,
7374,2022,132,YAR,BLUTI,1,8,,0,,,26,,,8,,ED,,,,,,,,,,,,,,,,,,,,,,,,,,,,,,,,,,,,,,,,,,,,
7375,2022,202,YAR,PIEFL,1,,,0,,,39,,,1,,ED,,,,,,,,,,,,,,,,,,,,,,,,,,,,,,,,,,,,,,,,,,,,
7376,2022,205,YAR,PIEFL,1,7,,4,,,28,47,,3,,NE,AJL5711,22/05/2022,30/05/2020,R,2,AZH2424,29/05/2022,03/06/2019,S,3,29/05/2022,AKR2877,AKR2878,AKR2879,AKR2880,,,,,,,,14.35,17.3,14.41,17.1,15.4,16.9,14.96,16.7,,,,,,,,,,,,,,
7377,2022,208,YAR,PIEFL,1,7,,5,,,51,70,,1,,NE,AKR2985,10/06/2022,10/06/2022,I,1,AKR2069,28/05/2022,06/06/2021,R,1,20/06/2022,AKR2767,AKR2768,AKR2769,AKR2770,AKR2771,,,,,,,14.81,17.7,14.17,17.3,14.08,18,14.82,18.1,14.33,17.6,,,,,,,,,,,,
7378,2022,210,YAR,PIEFL,1,,,0,,,32,,,,,EP,,,,,,,,,,,,,,,,,,,,,,,,,,,,,,,,,,,,,,,,,,,,
7379,2022,211,YAR,GRETI,1,9,,0,,,18,,,0,,JD,,,,,,AKR2827,16/05/2022,16/05/2022,I,2,,,,,,,,,,,,,,,,,,,,,,,,,,,,,,,,,,
7380,2022,212B,YAR,PIEFL,2,7,,7,,,34,53,,0,,NE,AJL5961,04/06/2022,02/06/2020,S,3,Z113968,04/06/2022,08/06/2021,I,1,04/06/2022,AYX8203,AYX8204,AYX8205,AYX8206,AYX8207,AYX8208,AYX8209,,,,,13.12,17.2,13.79,17.1,14.08,17.2,14.2,17.4,13.87,16.8,14.17,17.3,13.01,17.5,,,,,,,,
7381,2022,212C,YAR,PIEFL,1,,,0,,,33,,,,,EU,,,,,,Z113968,21/04/2022,08/06/2021,S,1,,,,,,,,,,,,,,,,,,,,,,,,,,,,,,,,,,
7382,2022,214,YAR,PIEFL,1,,,0,,,38,,,,,EP,,,,,,,,,,,,,,,,,,,,,,,,,,,,,,,,,,,,,,,,,,,,
7383,2022,216,YAR,PIEFL,1,7,,7,,,32,52,,0,,NE,AKR2903,27/05/2022,27/05/2022,I,1,AJL5543,04/06/2022,17/05/2020,S,3,03/06/2022,AYX8181,AYX8182,AYX8183,AYX8184,AYX8185,AYX8186,AYX8187,,,,,15.19,17,14.74,18.1,15.86,17,14.78,17.1,14.87,17,14.71,17,14.26,17.1,,,,,,,,
7384,2022,220,YAR,PIEFL,1,8,,0,,,31,51,,,,JD,,,,,,AJL5530,12/05/2022,14/05/2020,S,3,,,,,,,,,,,,,,,,,,,,,,,,,,,,,,,,,,
7385,2022,222,YAR,PIEFL,1,5,,5,,,68,85,,0,,NE,AKR2232,09/07/2022,12/06/2021,R,1,AJL5706,09/07/2022,30/05/2020,R,2,09/07/2022,AKR2779,AKR2780,AKR2781,AKR2782,AKR2783,,,,,,,,16,,16.9,,15.7,,16.1,,16.4,,,,,,,,,,,,
7386,2022,225,YAR,BLUTI,1,9,,9,,,26,,,0,,NE,,,,,,AKR2828,16/05/2022,16/05/2022,I,2,,,,,,,,,,,,,,,,,,,,,,,,,,,,,,,,,,
7387,2022,226,YAR,PIEFL,1,7,,0,,,36,56,,0,,JD,,,,,,AZH2309,12/05/2022,02/06/2019,S,3,,,,,,,,,,,,,,,,,,,,,,,,,,,,,,,,,,
7388,2022,228,YAR,BLUTI,1,5,,0,,,50,,,2,,JD,,,,,,AYX8188,03/06/2022,03/06/2022,I,2,,,,,,,,,,,,,,,,,,,,,,,,,,,,,,,,,,
7389,2022,231,YAR,BLUTI,1,8,,8,,,23,43,,0,,NE,,,,,,AKR2822,12/05/2022,12/05/2022,I,2,,,,,,,,,,,,,,,,,,,,,,,,,,,,,,,,,,
7390,2022,232,YAR,PIEFL,1,7,,6,,,30,50,,0,,NE,ABE4591,03/06/2022,27/05/2019,S,2,AKR2084,03/06/2022,07/06/2021,R,1,01/06/2022,AKR2924,AKR2925,AKR2926,AKR2927,AKR2928,AKR2929,,,,,,14.2,17,13.2,16.9,12,16.9,14.7,17.3,13.9,17.5,13.4,16.9,,,,,,,,,,
7391,2022,235,YAR,BLUTI,1,8,,4,,,23,,,0,,NE,,,,,,AKR2810,07/05/2022,07/05/2022,I,2,,,,,,,,,,,,,,,,,,,,,,,,,,,,,,,,,,
7392,2022,237,YAR,PIEFL,1,7,,7,,,27,46,,0,,NE,AJF0715,18/05/2022,24/05/2019,S,4,AKR2811,08/05/2022,08/05/2022,I,1,28/05/2022,AKR2870,AKR2871,AKR2872,AKR2873,AKR2874,AKR2875,AKR2876,,,,,14.87,18,15.24,17,15.3,17.8,14.9,17.2,15.23,17.5,14.72,17.3,14.61,17.2,,,,,,,,
7393,2022,238,YAR,BLUTI,1,9,,8,,,24,,,0,,NE,,,,,,AJL5558,08/05/2022,21/05/2020,S,3,,,,,,,,,,,,,,,,,,,,,,,,,,,,,,,,,,
7394,2022,240,YAR,PIEFL,1,7,,4,,,30,49,,3,,NE,AKR2442,25/05/2022,16/06/2021,R,1,AKR2813,08/05/2022,08/05/2022,I,1,31/05/2022,AKR2920,AKR2921,AKR2922,AKR2923,,,,,,,,14.5,,15,,14.5,,15.3,,,,,,,,,,,,,,,
7395,2022,241,YAR,BLUTI,1,10,,10,,,26,,,0,,NE,,,,,,AKR2035,19/05/2022,22/05/2021,S,3,,,,,,,,,,,,,,,,,,,,,,,,,,,,,,,,,,
7396,2022,242,YAR,BLUTI,1,10,,7,,,22,,,0,,NE,,,,,,AKR2812,08/05/2022,08/05/2022,I,2,,,,,,,,,,,,,,,,,,,,,,,,,,,,,,,,,,
7397,2022,245,YAR,PIEFL,1,,,0,,,32,,,,,EU,,,,,,,,,,,,,,,,,,,,,,,,,,,,,,,,,,,,,,,,,,,,
7398,2022,246,YAR,BLUTI,1,11,,10,,,19,,,0,,NE,,,,,,,,,,,,,,,,,,,,,,,,,,,,,,,,,,,,,,,,,,,,
7399,2022,247,YAR,PIEFL,2,6,,6,,,47,65,,0,,NE,S845291,10/06/2022,05/06/2017,S,5,S846022,25/05/2022,23/05/2017,S,5,16/06/2022,AKR2753,AKR2754,AKR2755,AKR2756,AKR2757,AKR2758,,,,,,,,,,,,,,,,,,,,,,,,,,,
7400,2022,305,YAR,PIEFL,1,7,,5,,,31,51,,2,,NE,AJL5559,04/06/2022,21/05/2020,S,3,APD0332,14/05/2022,27/05/2019,S,4,02/06/2022,AYX8159,AYX8160,AYX8161,AYX8162,AYX8163,,,,,,,14.1,17.4,14.7,17.7,14.96,17.8,16.22,17.9,14.87,18.5,,,,,,,,,,,,
7401,2022,306,YAR,BLUTI,1,11,,10,,,16,,,0,,NE,,,,,,AKR2014,04/05/2022,16/05/2021,S,2,,,,,,,,,,,,,,,,,,,,,,,,,,,,,,,,,,
7402,2022,308,YAR,PIEFL,1,6,,5,,,46,64,,1,,NE,T358766,10/06/2022,16/06/2021,I,1,AKR2329,25/05/2022,12/06/2021,R,1,16/06/2022,AKR2747,AKR2748,AKR2749,AKR2750,AKR2751,AKR2752,,,,,,,,,,,,,,,,,,,,,,,,,,,
7403,2022,311,YAR,PIEFL,1,7,,7,,,31,51,,0,,NE,AZH2375,25/05/2022,05/06/2019,S,3,AJL5712,04/06/2022,30/05/2020,S,2,02/06/2022,AYX8152,AYX8153,AYX8154,AYX8155,AYX8156,AYX8157,AYX8158,,,,,14.76,18.3,14.24,18.2,13.14,18.2,14.79,18,14.2,18.1,13.84,18.1,14.8,18.5,,,,,,,,
7404,2022,313,YAR,BLUTI,1,8,,7,,,18,,,0,,NE,,,,,,AKR2809,07/05/2022,07/05/2022,I,1,,,,,,,,,,,,,,,,,,,,,,,,,,,,,,,,,,
7405,2022,314,YAR,BLUTI,1,8,,0,,,21,,,8,,ED,,,,,,,,,,,,,,,,,,,,,,,,,,,,,,,,,,,,,,,,,,,,
7406,2022,314,YAR,PIEFL,1,6,,0,,,50,69,,0,,JD,AKR2468,16/06/2022,18/06/2021,R,1,D182812,30/05/2022,24/05/2021,I,2,,,,,,,,,,,,,,,,,,,,,,,,,,,,,,,,,,
7407,2022,315,YAR,COATI,1,10,,9,,,12,34,,,,NE,,,,,,AXA3369,07/05/2022,07/02/2020,I,2,,,,,,,,,,,,,,,,,,,,,,,,,,,,,,,,,,
7408,2022,316,YAR,PIEFL,1,4,,0,,,64,80,,0,,JD,,,,,,AKR2898,02/06/2022,02/06/2022,I,1,,,,,,,,,,,,,,,,,,,,,,,,,,,,,,,,,,
7409,2022,320,YAR,PIEFL,1,7,,7,,,33,52,,0,,NE,AZH2078,26/05/2022,31/05/2019,S,4,AJF0801,12/05/2022,24/05/2019,S,4,03/06/2022,AYX8189,AYX8190,AYX8191,AYX8192,AYX8193,AYX8194,,,,,,14.23,17.1,14.26,17.3,15.59,17.7,14.39,17,14.28,16.8,13.89,17.3,,,,,,,,,,
7410,2022,325,YAR,PIEFL,1,8,,7,,,37,56,,1,,NE,AKR2426,04/06/2022,16/06/2021,R,1,AJL5590,04/06/2022,25/05/2020,S,2,07/06/2022,AYX8277,AYX8278,AYX8279,AYX8280,AYX8281,AYX8282,AYX8283,,,,,13.76,17,13.66,16.6,12.43,16.6,13.97,16.6,13.27,17.1,14.08,17.3,13.74,16.7,,,,,,,,
7411,2022,326,YAR,BLUTI,1,10,,7,,,24,,,0,,NE,,,,,,,,,,,,,,,,,,,,,,,,,,,,,,,,,,,,,,,,,,,,
7412,2022,328,YAR,PIEFL,1,7,,7,,,30,49,,0,,NE,AKR2832,22/05/2022,22/05/2022,I,1,AJL5538,12/05/2022,14/05/2020,S,3,31/05/2022,AKR2913,AKR2914,AKR2915,AKR2916,AKR2917,AKR2918,AKR2919,,,,,14.1,,13.8,,14,,14.6,,14.5,,14.8,,15.6,,,,,,,,,
7413,2022,331,YAR,PIEFL,1,,,0,,,31,,,3,,ED,,,,,,,,,,,,,,,,,,,,,,,,,,,,,,,,,,,,,,,,,,,,
7414,2022,336,YAR,PIEFL,1,7,,6,,,37,56,,0,,NE,AZH2252,04/06/2022,04/06/2019,S,3,AJL5278,04/06/2022,08/06/2020,R,2,07/06/2022,AKR2968,AKR2969,AKR2970,AKR2971,AKR2972,AKR2973,,,,,,12.7,,12.6,,11.8,,13.2,16.6,12.3,,11.5,,,,,,,,,,,
7415,2022,337,YAR,BLUTI,1,8,,8,,,23,44,,0,,NE,,,,,,,,,,,,,,,,,,,,,,,,,,,,,,,,,,,,,,,,,,,,
7416,2022,338,YAR,PIEFL,1,6,,2,,,40,58,,3,,NE,AFD3312,01/06/2022,03/06/2018,S,4,AKR2829,19/05/2022,19/05/2022,I,1,10/06/2022,AKR2983,AKR2984,,,,,,,,,,16,16.7,16.4,16.9,,,,,,,,,,,,,,,,,,
7417,2022,340,YAR,PIEFL,1,7,,6,,,36,55,,0,,NE,D637436,28/05/2022,04/06/2014,S,9,AJL5269,14/05/2022,06/06/2020,S,2,06/06/2022,AKR2949,AKR2950,AKR2951,AKR2952,AKR2953,AKR2954,,,,,,13.9,16.8,15.2,17.6,14.4,17.4,13.7,17.5,14,17.3,14.3,17.2,,,,,,,,,,
7418,2022,342,YAR,GRETI,1,8,,0,,,13,,,0,,JD,,,,,,,,,,,,,,,,,,,,,,,,,,,,,,,,,,,,,,,,,,,,
7419,2022,345,YAR,PIEFL,1,7,,5,,,38,58,,1,,NE,AKR2245,01/06/2022,13/06/2021,R,1,AYH0480,14/05/2022,13/06/2021,I,1,10/06/2022,AKR2978,AKR2979,AKR2980,AKR2981,AKR2982,,,,,,,14.8,17.4,14.1,17.3,13.9,,14.4,17.5,14.2,17.1,,,,,,,,,,,,
7420,2022,349,YAR,BLUTI,1,8,,5,,,11,,,0,,NE,,,,,,,,,,,,,,,,,,,,,,,,,,,,,,,,,,,,,,,,,,,,
7421,2022,350,YAR,PIEFL,1,7,,7,,,37,56,,0,,NE,AJL5683,29/05/2022,29/05/2020,S,3,S969934,14/05/2022,01/06/2019,S,3,07/06/2022,AKR2961,AKR2962,AKR2963,AKR2964,AKR2965,AKR2966,AKR2967,,,,,13.7,16.9,13.6,17.2,13.2,17.3,14.1,17,14.1,17.2,13.3,17.4,13,16.9,,,,,,,,
7422,2022,351,YAR,COATI,1,9,,0,,,18,,,9,,ED,,,,,,AKR2814,08/05/2022,08/05/2022,I,2,,,,,,,,,,,,,,,,,,,,,,,,,,,,,,,,,,
7423,2022,355,YAR,BLUTI,1,9,,7,,,21,,,0,,NE,,,,,,AKR2815,08/05/2022,08/05/2022,I,2,,,,,,,,,,,,,,,,,,,,,,,,,,,,,,,,,,
7424,2022,401,YAR,BLUTI,1,9,,4,,,20,,,,,NE,,,,,,,,,,,,,,,,,,,,,,,,,,,,,,,,,,,,,,,,,,,,
7425,2022,404,YAR,BLUTI,1,11,,7,,,19,,,,,NE,,,,,,,,,,,,,,,,,,,,,,,,,,,,,,,,,,,,,,,,,,,,
7426,2022,405,YAR,BLUTI,1,9,,8,,,17,40,,0,,NE,,,,,,,,,,,,,,,,,,,,,,,,,,,,,,,,,,,,,,,,,,,,
7427,2022,408,YAR,PIEFL,1,4,,3,,,44,60,,1,,NE,AYJ5213,04/06/2022,25/05/2020,S,2,AYJ5232,04/06/2022,25/05/2020,S,2,11/06/2022,AYX8290,AYX8291,AYX8292,,,,,,,,,13.3,17.2,13.3,17.2,13.3,17.2,,,,,,,,,,,,,,,,
7428,2022,411,YAR,PIEFL,1,7,,2,,,39,58,,5,,NE,AKR2322,05/06/2022,12/06/2021,R,1,AYJ5279,14/05/2022,30/05/2020,S,2,10/06/2022,AKR2986,AKR2987,,,,,,,,,,14.1,17.4,14,16.9,,,,,,,,,,,,,,,,,,
7429,2022,412,YAR,BLUTI,1,9,,7,,,19,,,,,NE,,,,,,AKR2804,07/05/2022,07/05/2022,I,1,,,,,,,,,,,,,,,,,,,,,,,,,,,,,,,,,,
7430,2022,414,YAR,BLUTI,1,8,,6,,,15,37,,0,,NE,,,,,,AKR2015,07/05/2022,16/05/2021,S,2,,,,,,,,,,,,,,,,,,,,,,,,,,,,,,,,,,
7431,2022,416,YAR,PIEFL,1,6,,2,,,49,68,,0,,NE,,,,,,AKR2901,25/05/2022,25/05/2022,I,1,19/06/2022,AKR2765,AKR2766,,,,,,,,,,,,,,,,,,,,,,,,,,,,,,,
7432,2022,418,YAR,PIEFL,1,8,,1,,,29,49,,0,,NE,,,,,,AKR2267,07/05/2022,13/06/2021,R,1,31/05/2022,AKR2912,,,,,,,,,,,10.2,,,,,,,,,,,,,,,,,,,,,
7433,2022,419,YAR,BLUTI,1,8,,7,,,18,,,,,NE,,,,,,AKR2805,07/05/2022,07/05/2022,I,1,,,,,,,,,,,,,,,,,,,,,,,,,,,,,,,,,,
7434,2022,422,YAR,PIEFL,1,7,,7,,,31,51,,0,,NE,AJL5701,25/05/2022,29/05/2020,S,3,AYX8001,07/05/2022,07/05/2022,I,1,02/06/2022,AYX8137,AYX8138,AYX8139,AYX8140,AYX8141,AYX8142,AYX8143,,,,,12.4,17.1,13.1,17.1,12.01,17.2,12.47,17.1,11.67,17.3,10.67,17.1,11.25,16.6,,,,,,,,
7435,2022,423,YAR,COATI,1,10,,7,,,10,,,0,,NE,,,,,,,,,,,,,,,,,,,,,,,,,,,,,,,,,,,,,,,,,,,,
7436,2022,425,YAR,GRETI,1,6,,5,,,31,,,0,,NE,,,,,,AKR2823,14/05/2022,14/05/2022,I,1,,,,,,,,,,,,,,,,,,,,,,,,,,,,,,,,,,
7437,2022,426,YAR,NUTHA,1,6,,5,,,19,,,1,,NE,,,,,,NF67350,07/05/2022,07/05/2022,I,1,,,,,,,,,,,,,,,,,,,,,,,,,,,,,,,,,,
7438,2022,428,YAR,GRETI,1,7,,4,,,17,37,,,,NE,,,,,,AKR2806,07/05/2022,07/05/2022,I,1,,,,,,,,,,,,,,,,,,,,,,,,,,,,,,,,,,
7439,2022,429,YAR,BLUTI,1,9,,0,,,18,40,,,,JP,,,,,,AKR2816,10/05/2022,10/05/2022,I,1,,,,,,,,,,,,,,,,,,,,,,,,,,,,,,,,,,
7440,2022,430,YAR,BLUTI,1,,,0,,,25,,,6,,EP,,,,,,,,,,,,,,,,,,,,,,,,,,,,,,,,,,,,,,,,,,,,
7441,2022,433,YAR,PIEFL,1,7,,6,,,34,55,,0,,NE,AKR2198,04/06/2022,12/06/2021,R,1,AKR2111,04/06/2022,10/06/2021,R,1,06/06/2022,AKR2955,AKR2956,AKR2957,AKR2958,AKR2959,AKR2960,,,,,,11,,12.3,,12.7,16.7,13,17.1,13.7,17,12.8,16.7,,,,,,,,,,
7442,2022,434,YAR,PIEFL,1,7,,6,,,29,48,,1,,NE,AKR2831,21/05/2022,21/05/2022,I,1,AJL5757,10/05/2022,31/05/2020,R,1,30/05/2022,AKR2883,AKR2884,AKR2885,AKR2886,AKR2887,AKR2888,,,,,,14.2,18,14.8,17.6,14,17.5,13.7,17.7,14,17.4,14.5,17.9,,,,,,,,,,
7443,2022,436,YAR,PIEFL,1,6,,4,,,54,72,,0,,NE,AKR2178,19/06/2022,11/06/2021,R,1,AYJ5222,02/06/2022,21/05/2020,I,2,24/06/2022,AKR2772,AKR2773,AKR2774,AKR2775,,,,,,,,,,,,,,,,,,,,,,,,,,,,,
7444,2022,438,YAR,PIEFL,1,8,,8,,,31,52,,0,,NE,AJL5265,26/05/2022,06/06/2020,S,2,AJF0567,14/05/2022,15/05/2019,S,4,03/06/2022,AYX8195,AYX8196,AYX8197,AYX8198,AYX8199,AYX8200,AYX8201,AYX8202,,,,13.54,17.1,13.57,16.7,14.24,17,15.15,17,15.01,17.2,13.87,17.3,14.2,17.1,14.34,16.9,,,,,,
7445,2022,441,YAR,GRETI,1,8,,6,,,17,,,,,NE,,,,,,,,,,,,,,,,,,,,,,,,,,,,,,,,,,,,,,,,,,,,
7446,2022,443,YAR,PIEFL,1,7,,7,,,31,50,,0,,NE,AKR2802,16/04/2022,16/04/2022,I,1,AKR2807,07/05/2022,07/05/2022,I,1,01/06/2022,AKR2930,AKR2931,AKR2932,AKR2933,AKR2934,AKR2935,AKR2936,,,,,14.4,17.2,14.2,17.3,14.6,17.5,13.3,17.2,15.1,17.2,14.1,17.2,13.3,17.4,,,,,,,,
7447,2022,448,YAR,BLUTI,1,12,,11,,,12,36,,,,NE,,,,,,AKR2808,07/05/2022,07/05/2022,I,2,,,,,,,,,,,,,,,,,,,,,,,,,,,,,,,,,,
7448,2022,451,YAR,PIEFL,1,8,,8,,,27,47,,0,,NE,S845889,21/05/2022,29/05/2018,S,5,AZH2504,07/05/2022,03/06/2019,S,3,29/05/2022,AKR2904,AKR2905,AKR2906,AKR2907,AKR2908,AKR2909,AKR2910,AKR2911,,,,14.7,,13.8,,14.2,,14.7,,14.2,,13.8,,13.7,,13.8,,,,,,,
7449,2022,454,YAR,PIEFL,1,8,,8,,,30,51,,0,,NE,AKR2902,26/05/2022,26/05/2022,I,1,AYH0488,04/06/2022,17/06/2021,I,1,02/06/2022,AYX8144,AYX8145,AYX8146,AYX8147,AYX8148,AYX8149,AYX8150,AYX8151,,,,14.95,18,14.69,18.2,13.76,17.1,14.21,17.7,14.92,17.8,14.41,17.4,14.25,17.5,14.75,17.3,,,,,,
7450,2022,457,YAR,PIEFL,1,7,,5,,,34,53,,2,,NE,AKR2555,04/06/2022,27/06/2021,S,2,AJL5502,04/06/2022,04/05/2020,S,3,04/06/2022,AYX8009,AYX8010,AYX8011,AYX8012,AYX8013,,,,,,,13.3,16.9,14.4,16.8,13.3,16.9,14.2,16.7,14.5,,,,,,,,,,,,,
7451,2022,458,YAR,BLUTI,1,3,,0,,,40,,,3,,ED,,,,,,,,,,,,,,,,,,,,,,,,,,,,,,,,,,,,,,,,,,,,
7452,2022,459,YAR,GRETI,1,,,0,,,33,,,5,,ED,,,,,,,,,,,,,,,,,,,,,,,,,,,,,,,,,,,,,,,,,,,,
7453,2022,460,YAR,PIEFL,1,6,,6,,,34,53,,0,,NE,AKR2065,04/06/2022,06/06/2021,S,2,AJF0579,14/05/2022,15/05/2019,S,4,04/06/2022,AYX8003,AYX8004,AYX8005,AYX8006,AYX8007,AYX8008,,,,,,14.4,17.1,14.2,17.2,14.6,17.1,13.6,17.4,14.9,17.3,14,17.8,,,,,,,,,,
7454,2022,462,YAR,GRETI,1,7,,4,,,22,44,,0,,NE,,,,,,AKR2824,14/05/2022,14/05/2022,I,2,,,,,,,,,,,,,,,,,,,,,,,,,,,,,,,,,,
7455,2022,501,YAR,BLUTI,1,7,,5,,,,,,,,NE,,,,,,,,,,,,,,,,,,,,,,,,,,,,,,,,,,,,,,,,,,,,
7456,2022,502,YAR,BLUTI,1,8,,4,,,,,,1,,NE,,,,,,,,,,,,,,,,,,,,,,,,,,,,,,,,,,,,,,,,,,,,
7457,2022,503,YAR,BLUTI,1,9,,8,,,19,40,,1,,NE,,,,,,,,,,,,,,,,,,,,,,,,,,,,,,,,,,,,,,,,,,,,
7458,2022,508,YAR,GRETI,1,5,,4,,,29,47,,0,,NE,,,,,,AJL5572,15/05/2022,21/05/2020,S,3,,,,,,,,,,,,,,,,,,,,,,,,,,,,,,,,,,
7459,2022,512,YAR,BLUTI,1,10,,9,,,,,,1,,NE,,,,,,,,,,,,,,,,,,,,,,,,,,,,,,,,,,,,,,,,,,,,
7460,2022,514,YAR,PIEFL,1,6,,5,,,33,51,,0,,NE,AKR2868,28/05/2022,28/05/2022,I,1,AFN9958,28/05/2022,30/06/2021,I,1,02/06/2022,AYX8132,AYX8133,AYX8134,AYX8135,AYX8136,,,,,,,14.92,17.4,13.38,17.4,13.71,17.1,14.2,17.5,13.57,17.9,,,,,,,,,,,,
7461,2022,517,YAR,BLUTI,1,10,,8,,,,,,0,,NE,,,,,,,,,,,,,,,,,,,,,,,,,,,,,,,,,,,,,,,,,,,,
7462,2022,517,YAR,PIEFL,1,4,,0,,,67,,,4,,ED,,,,,,,,,,,,,,,,,,,,,,,,,,,,,,,,,,,,,,,,,,,,
7463,2022,521,YAR,COATI,1,9,,9,,,19,40,,,,NE,,,,,,,,,,,,,,,,,,,,,,,,,,,,,,,,,,,,,,,,,,,,
7464,2022,524,YAR,BLUTI,1,8,,6,,,21,,,2,,NE,,,,,,AKR2042,15/05/2022,29/05/2021,S,3,,,,,,,,,,,,,,,,,,,,,,,,,,,,,,,,,,
7465,2022,527,YAR,PIEFL,1,7,,3,,,33,52,,4,,NE,AKR2867,28/05/2022,28/05/2022,I,1,AZP2961,03/06/2022,07/06/2021,I,1,03/06/2022,AYX8171,AYX8172,AYX8173,,,,,,,,,12.27,16.9,12.59,16.5,13.01,16.2,,,,,,,,,,,,,,,,
7466,2022,528,YAR,GRETI,1,8,,5,,,20,,,,,NE,,,,,,,,,,,,,,,,,,,,,,,,,,,,,,,,,,,,,,,,,,,,
7467,2022,PROD,YAR,BLUTI,1,11,,0,,,,,,,,JD,,,,,,,,,,,,,,,,,,,,,,,,,,,,,,,,,,,,,,,,,,,,
7468,2022,HIDE1D,YAR,GRETI,1,6,,0,,,33,,,5,,ED,,,,,,,,,,,,,,,,,,,,,,,,,,,,,,,,,,,,,,,,,,,,
7469,2022,1,BVW,PIEFL,1,8,,5,,,33,54,,3,,NE,AKR2889,01/06/2022,01/06/2022,I,1,AKR2821,11/05/2022,11/05/2022,I,1,01/06/2022,AYX8120,AYX8121,AYX8122,AYX8123,AYX8124,,,,,,,,,,,,,,,,,,,,,,,,,,,,
7470,2022,2,BVW,BLUTI,1,10,,10,,,15,,,0,,NE,,,,,,,,,,,,,,,,,,,,,,,,,,,,,,,,,,,,,,,,,,,,
7471,2022,4,BVW,PIEFL,1,8,,8,,,32,53,,0,,NE,AZE8389,01/06/2022,01/06/2019,I,3,AFD3256,01/06/2022,09/06/2018,S,4,01/06/2022,AKR2890,AKR2891,AKR2892,AKR2893,AKR2894,AKR2895,AKR2896,AKR2897,,,,,,,,,,,,,,,,,,,,,,,,,
7472,2022,5,BVW,PIEFL,1,7,,7,,,38,56,,0,,NE,AFD3544,01/06/2022,14/06/2018,S,4,AKR2037,01/06/2022,23/05/2021,S,2,06/06/2022,AYX8217,AYX8218,AYX8219,AYX8220,AYX8221,AYX8222,AYX8223,,,,,15.7,15.7,15.7,15.7,15.7,15.7,15.7,15.7,15.7,15.7,15.7,15.7,15.7,15.7,,,,,,,,
7473,2022,6,BVW,PIEFL,1,7,,0,,,30,49,,,,JP,,,,,,AYJ5447,11/05/2022,19/06/2020,I,2,,,,,,,,,,,,,,,,,,,,,,,,,,,,,,,,,,
7474,2022,8,BVW,PIEFL,1,8,,6,,,38,,,0,,NE,AJL5304,01/06/2022,11/06/2020,R,2,AKR2033,01/06/2022,21/05/2021,S,2,06/06/2022,AYX8224,AYX8225,AYX8226,AYX8227,AYX8228,AYX8229,,,,,,14,17.5,13.77,17.2,14.7,17.7,13.38,17.4,12.13,16.6,13.35,17.2,,,,,,,,,,
7475,2022,9,BVW,PIEFL,1,7,,0,,,34,,,0,,JP,,,,,,ACD7003,11/05/2022,22/05/2018,S,5,,,,,,,,,,,,,,,,,,,,,,,,,,,,,,,,,,
7476,2022,10,BVW,PIEFL,1,7,,7,,,37,56,,0,,NE,AKR2055,01/06/2022,03/06/2021,S,2,S845681,01/06/2022,25/05/2018,S,5,06/06/2022,AYX8230,AYX8231,AYX8232,AYX8233,AYX8234,AYX8235,AYX8236,,,,,12.86,17.2,12.8,18.1,12.51,16.6,13.68,17.7,13.89,17.9,13.34,17.4,13.82,18.1,,,,,,,,
7477,2022,11,BVW,PIEFL,1,6,,6,,,27,,,0,,NE,APD0344,24/05/2022,27/05/2019,S,3,AKR2820,11/05/2022,11/05/2022,I,1,24/05/2022,AKR2833,AKR2834,AKR2835,AKR2836,AKR2837,AKR2838,,,,,,,,,,,,,,,,,,,,,,,,,,,
7478,2022,12,BVW,PIEFL,1,8,,6,,,34,54,,2,,NE,Z765954,01/06/2022,14/06/2016,R,6,AJL5519,01/06/2022,12/05/2020,S,3,01/06/2022,AYX8101,AYX8102,AYX8103,AYX8104,AYX8105,AYX8106,,,,,,,,,,,,,,,,,,,,,,,,,,,
7479,2022,14,BVW,PIEFL,1,7,,0,,,31,,,0,,JP,,,,,,AJL5620,11/05/2022,26/05/2020,R,2,,,,,,,,,,,,,,,,,,,,,,,,,,,,,,,,,,
7480,2022,16,BVW,PIEFL,1,6,,0,,,39,56,,,,JP,,,,,,AKR2038,24/05/2022,23/05/2021,S,2,,,,,,,,,,,,,,,,,,,,,,,,,,,,,,,,,,
7481,2022,17,BVW,PIEFL,1,9,,6,,,29,49,,3,,NE,AKR2076,01/06/2022,06/06/2021,R,1,S416834,01/06/2022,18/05/2019,S,4,01/06/2022,AYX8107,AYX8108,AYX8109,AYX8110,AYX8111,AYX8112,,,,,,14.3,,15.2,,15.4,,14.7,,14.8,,15.3,,,,,,,,,,,
7482,2022,18,BVW,BLUTI,1,10,,10,,,15,,,0,,NE,,,,,,,,,,,,,,,,,,,,,,,,,,,,,,,,,,,,,,,,,,,,
7483,2022,18A,BVW,GRETI,1,6,,6,,,,,,0,,NE,,,,,,,,,,,,,,,,,,,,,,,,,,,,,,,,,,,,,,,,,,,,
7484,2022,18B,BVW,PIEFL,1,5,,3,,,42,,,1,,NE,AKR2228,01/06/2022,12/06/2021,R,1,AYH0432,24/05/2022,11/06/2021,I,1,06/06/2022,AYX8237,AYX8238,AYX8239,,,,,,,,,,,,,,,,,,,,,,,,,,,,,,
7485,2022,18C,BVW,PIEFL,1,8,,7,,,32,54,,1,,NE,AZH2426,01/06/2022,03/06/2019,R,3,AKR2819,11/05/2022,11/05/2022,I,1,01/06/2022,AYX8113,AYX8114,AYX8115,AYX8116,AYX8117,AYX8118,AYX8119,,,,,,,,,,,,,,,,,,,,,,,,,,
7486,2022,18E,BVW,BLUTI,1,9,,7,,,18,,,,,NE,,,,,,,,,,,,,,,,,,,,,,,,,,,,,,,,,,,,,,,,,,,,
7487,2022,18F,BVW,BLUTI,1,9,,,,,21,,,,,NE,,,,,,,,,,,,,,,,,,,,,,,,,,,,,,,,,,,,,,,,,,,,
7488,2022,18I,BVW,GRETI,1,8,,6,,,18,,,,,NE,,,,,,,,,,,,,,,,,,,,,,,,,,,,,,,,,,,,,,,,,,,,
7489,2022,18K,BVW,BLUTI,1,8,,6,,,16,46,,,,NE,,,,,,,,,,,,,,,,,,,,,,,,,,,,,,,,,,,,,,,,,,,,
7490,2022,18L,BVW,GRETI,1,7,,6,,,30,,,1,,NE,,,,,,,,,,,,,,,,,,,,,,,,,,,,,,,,,,,,,,,,,,,,
7491,2022,19,BVW,PIEFL,1,7,,7,,,29,,,0,,NE,,,,,,AJL5747,06/05/2022,30/05/2020,R,1,26/05/2022,AKR2847,AKR2848,AKR2849,AKR2850,AKR2851,AKR2852,AKR2853,,,,,,,,,,,,,,,,,,,,,,,,,,
7492,2022,20,BVW,BLUTI,1,11,,7,,,14,,,,,NE,,,,,,,,,,,,,,,,,,,,,,,,,,,,,,,,,,,,,,,,,,,,
7493,2022,21,BVW,BLUTI,1,9,,8,,,18,,,,,NE,,,,,,,,,,,,,,,,,,,,,,,,,,,,,,,,,,,,,,,,,,,,
7494,2022,22,BVW,PIEFL,1,7,,7,,,29,,,0,,NE,AFD3058,26/05/2022,06/06/2018,R,4,AKR2803,06/05/2022,06/05/2022,I,1,26/05/2022,AKR2854,AKR2855,AKR2856,AKR2857,AKR2858,AKR2859,AKR2860,,,,,,,,,,,,,,,,,,,,,,,,,,
7495,2022,25,BVW,GRETI,1,6,,3,,,16,46,,,,NE,,,,,,,,,,,,,,,,,,,,,,,,,,,,,,,,,,,,,,,,,,,,
7496,2022,27,BVW,GRETI,1,8,,5,,,17,,,,,NE,,,,,,,,,,,,,,,,,,,,,,,,,,,,,,,,,,,,,,,,,,,,
7497,2022,29,BVW,PIEFL,1,7,,6,,,29,,,1,,NE,S845684,26/05/2022,29/05/2018,S,5,S749902,15/05/2022,02/06/2018,S,4,26/05/2022,AKR2861,AKR2862,AKR2863,AKR2864,AKR2865,AKR2866,,,,,,,,,,,,,,,,,,,,,,,,,,,
7498,2022,34,BVW,COATI,1,5,,5,,,7,,,,,NE,,,,,,,,,,,,,,,,,,,,,,,,,,,,,,,,,,,,,,,,,,,,
7499,2022,1,NEA,BLUTI,1,,,7,,,22,,,10,,NE,,,,,,,,,,,,,,,,,,,,,,,,,,,,,,,,,,,,,,,,,,,,
7500,2022,2,NEA,PIEFL,1,7,,7,,,31,50,,0,,NE,AJL5335,26/05/2022,01/07/2020,S,3,AKR2817,10/05/2022,10/05/2022,I,1,01/06/2022,AYX8125,AYX8126,AYX8127,AYX8128,AYX8129,AYX8130,AYX8131,,,,,15.75,17.5,15.1,17.9,15.82,17.4,16.01,17.6,15.39,17.5,16.01,17.7,15.12,17,,,,,,,,
7501,2022,3,NEA,GRETI,1,6,,6,,,,,,0,,NE,,,,,,,,,,,,,,,,,,,,,,,,,,,,,,,,,,,,,,,,,,,,
7502,2022,4,NEA,BLUTI,1,7,,7,,,25,44,,0,,NE,,,,,,ANN5414,14/05/2022,31/12/2021,I,1,,,,,,,,,,,,,,,,,,,,,,,,,,,,,,,,,,
7503,2022,5,NEA,PIEFL,1,7,,7,,,34,53,,0,,NE,AZP4296,26/05/2022,05/06/2021,I,1,AJL5542,10/05/2022,16/05/2020,S,3,04/06/2022,AYX8210,AYX8211,AYX8212,AYX8213,AYX8214,AYX8215,AYX8216,,,,,14.56,17.1,14.95,17,14.2,15.7,13.76,17,14.2,16.7,14.34,16.8,14.22,17.1,,,,,,,,
7504,2022,6,NEA,GRETI,1,5,,5,,,22,40,,0,,NE,,,,,,AKR2025,10/05/2022,18/05/2021,S,3,,,,,,,,,,,,,,,,,,,,,,,,,,,,,,,,,,
7505,2022,7,NEA,BLUTI,1,10,,9,,,18,,,,,NE,,,,,,,,,,,,,,,,,,,,,,,,,,,,,,,,,,,,,,,,,,,,
7506,2022,8,NEA,PIEFL,1,7,,6,,,37,56,,1,,NE,AKR2881,29/05/2022,29/05/2022,I,1,AKR2032,29/05/2022,21/05/2021,S,2,06/06/2022,AYX8240,AYX8241,AYX8242,AYX8243,AYX8244,AYX8245,,,,,,16.09,17.2,14.73,16.2,15.03,18.2,14.82,16.7,14.55,16.8,14.16,17.2,,,,,,,,,,
7507,2022,9,NEA,BLUTI,1,12,,7,,,19,,,,,NE,,,,,,AKR2818,10/05/2022,10/05/2022,I,2,,,,,,,,,,,,,,,,,,,,,,,,,,,,,,,,,,
7508,2022,10,NEA,PIEFL,1,7,,7,,,36,55,,0,,NE,AKR2063,29/05/2022,05/06/2021,S,2,AKR2826,14/05/2022,14/05/2022,I,1,06/06/2022,AYX8246,AYX8247,AYX8248,AYX8249,AYX8250,AYX8251,AYX8252,,,,,14.67,17,14.75,17,15.04,16.9,14.25,17.2,14.63,17,14.48,17.1,14.56,16.6,,,,,,,,
7509,2022,11,NEA,PIEFL,1,7,,6,,,36,56,,,,NE,AJL5631,29/05/2022,02/06/2020,S,3,AJF0777,29/05/2022,01/06/2019,R,3,06/06/2022,AYX8253,AYX8254,AYX8255,AYX8256,AYX8257,AYX8258,,,,,,15.49,17.6,14.97,17.4,15.9,17.1,16,17.6,14.78,17.4,15.51,17.5,,,,,,,,,,
7510,2022,13,NEA,GRETI,1,8,,0,,,,,,8,,ED,,,,,,,,,,,,,,,,,,,,,,,,,,,,,,,,,,,,,,,,,,,,
7511,2022,14,NEA,PIEFL,1,4,,3,,,61,77,,1,,NE,AKR2157,21/06/2022,11/06/2021,R,1,AKR2211,21/06/2022,11/06/2021,R,1,28/06/2022,AKR2776,AKR2777,AKR2778,,,,,,,,,,,,,,,,,,,,,,,,,,,,,,
7512,2022,16,NEA,PIEFL,1,6,,5,,,27,47,,1,,NE,AFD3054,22/05/2022,06/06/2018,S,4,AKR2133,20/05/2022,10/06/2021,R,1,,,,,,,,,,,,,,,,,,,,,,,,,,,,,,,,,,
7513,2022,17,NEA,PIEFL,1,7,,7,,,35,55,,0,,NE,AKR2882,29/05/2022,29/05/2022,I,1,ALT6222,29/05/2022,16/06/2021,I,1,06/06/2022,AYX8259,AYX8260,AYX8261,AYX8262,AYX8263,AYX8264,AYX8265,,,,,14.34,16.5,14.44,16.5,13.95,15.6,14.47,16.6,13.05,16.7,14.57,17.1,14.41,16.2,,,,,,,,
7514,2022,18,NEA,BLUTI,1,4,,0,,,,,,4,,ED,,,,,,,,,,,,,,,,,,,,,,,,,,,,,,,,,,,,,,,,,,,,
7515,2022,19,NEA,GRETI,1,6,,4,,,18,,,,,NE,,,,,,,,,,,,,,,,,,,,,,,,,,,,,,,,,,,,,,,,,,,,
7516,2022,20,NEA,BLUTI,1,9,,8,,,20,,,0,,NE,,,,,,,,,,,,,,,,,,,,,,,,,,,,,,,,,,,,,,,,,,,,
7517,2022,21,NEA,PIEFL,1,6,,5,,,48,65,,0,,NE,AKR2064,11/06/2022,05/06/2021,S,2,AKR2279,22/05/2022,13/06/2021,R,1,14/06/2022,AKR2741,AKR2742,AKR2743,AKR2744,AKR2745,AKR2746,,,,,,,,,,,,,,,,,,,,,,,,,,,
7518,2022,FOXWTY,NEA,PIEFL,1,,,5,,,,,5,0,,NE,AJL5335,16/06/2022,01/07/2020,S,3,AYX8299,16/06/2022,16/06/2022,I,1,16/06/2022,AKR2759,AKR2760,AKR2761,AKR2762,AKR2763,AKR2764,,,,,,,,,,,,,,,,,,,,,,,,,,,
7519,2022,Foxworthy Mill,NEA,PIEFL,1,6,,5,,,,,,0,,NE,AYX8266,06/06/2022,06/06/2022,I,1,Y877802,20/05/2022,03/06/2014,S,8,06/06/2022,AYX8267,AYX8268,AYX8269,AYX8270,AYX8271,AYX8272,,,,,,,,,,,,,,,,,,,,,,,,,,,
7520,2023,103,YAR,BLUTI,1,,,0,,,30,,,5,,ED,,,,,,,,,,,,,,,,,,,,,,,,,,,,,,,,,,,,,,,,,,,,
7521,2023,105,YAR,BLUTI,1,,,0,,,44,,,3,,ED,,,,,,,,,,,,,,,,,,,,,,,,,,,,,,,,,,,,,,,,,,,,
7522,2023,109,YAR,BLUTI,1,9,,7,,,,,,0,,NE,,,,,,AYX8494,06/05/2023,06/05/2023,I,2,,,,,,,,,,,,,,,,,,,,,,,,,,,,,,,,,,
7523,2023,110,YAR,REDST,1,6,,6,,,38,,,0,,NE,AYX8576,09/06/2023,09/06/2023,I,1,AKR2034,18/05/2023,22/05/2021,S,3,05/06/2023,AYX8649,AYX8650,AYX8651,AYX8652,AYX8653,AYX8654,,,,,,13.9,16.4,13.9,16.4,13.9,16.4,13.9,16.4,13.9,16.4,13.9,16.4,,,,,,,,,,
7524,2023,111,YAR,PIEFL,1,7,,6,,,38,56,,0,,NE,AKR2290,30/05/2023,14/06/2021,S,2,AJL5278,18/05/2023,08/06/2020,S,3,07/06/2023,AYX8696,AYX8697,AYX8698,AYX8699,BTA2001,BTA2002,,,,,,14.8,17.1,14.8,17.1,14.8,17.1,14.8,17.1,13.4,17.2,13.4,17.2,,,,,,,,,,
7525,2023,112,YAR,BLUTI,1,12,,9,,,22,48,,0,,NE,,,,,,AYX8022,18/05/2023,18/05/2023,I,1,,,,,,,,,,,,,,,,,,,,,,,,,,,,,,,,,,
7526,2023,114,YAR,PIEFL,2,5,,3,,,55,72,,0,,NE,ringed,,,,,AJL5706,09/06/2023,30/05/2020,S,3,23/06/2023,BTA2161,BTA2162,BTA2163,,,,,,,,,12.8,18.3,12.8,18.3,12.8,18.3,,,,,,,,,,,,,,,,
7527,2023,116,YAR,PIEFL,1,,,0,,,46,,,,,EP,,,,,,,,,,,,,,,,,,,,,,,,,,,,,,,,,,,,,,,,,,,,
7528,2023,118,YAR,PIEFL,1,,,0,,,,,,,,EP,,,,,,,,,,,,,,,,,,,,,,,,,,,,,,,,,,,,,,,,,,,,
7529,2023,119,YAR,PIEFL,2,7,,1,,,46,66,,0,,NE,,,,,,AYX8158,07/06/2023,02/06/2022,R,1,17/06/2023,BTA2152,BTA2153,,,,,,,,,,,,,,,,,,,,,,,,,,,,,,,
7530,2023,120,YAR,BLUTI,1,8,,8,,,,46,,0,,NE,,,,,,AYX8028,18/05/2023,18/05/2023,I,1,,,,,,,,,,,,,,,,,,,,,,,,,,,,,,,,,,
7531,2023,123,YAR,PIEFL,1,6,,1,,,41,60,,1,,NE,AYX8754,02/06/2023,02/06/2023,I,1,AKR2970,02/06/2023,07/06/2022,R,1,11/06/2023,AYX8700,,,,,,,,,,,14.8,17.1,,,,,,,,,,,,,,,,,,,,
7532,2023,125,YAR,PIEFL,1,6,,6,,,33,51,,0,,NE,AYX8601,25/05/2023,25/05/2023,I,1,AJL5757,10/05/2023,31/05/2020,S,2,02/06/2023,AYX8748,AYX8749,AYX8750,AYX8751,AYX8752,AYX8753,,,,,,12.5,16.6,12.5,16.6,12.5,16.6,12.5,16.6,12.5,16.6,12.5,16.6,,,,,,,,,,
7533,2023,126,YAR,PIEFL,1,7,,6,,,37,56,,0,,NE,AFD3058,30/05/2023,06/06/2018,S,5,AYX8023,18/05/2023,18/05/2023,I,1,07/06/2023,AYX8544,AYX8545,AYX8546,AYX8547,AYX8548,AYX8549,AYX8550,,,,,15.4,17.7,15.4,17.7,15.4,17.7,15.4,17.7,15.4,17.7,15.4,17.7,15.4,17.7,,,,,,,,
7534,2023,127,YAR,BLUTI,1,8,,0,,,24,45,,0,,JD,,,,,,,,,,,,,,,,,,,,,,,,,,,,,,,,,,,,,,,,,,,,
7535,2023,132,YAR,BLUTI,1,8,,1,,,25,46,,1,,NE,,,,,,AYX8024,18/05/2023,18/05/2023,I,1,,,,,,,,,,,,,,,,,,,,,,,,,,,,,,,,,,
7536,2023,202,YAR,PIEFL,1,7,,7,,,33,52,,0,,NE,AKR2059,27/05/2023,05/06/2021,S,3,AKN9681,10/05/2023,14/05/2022,I,2,03/06/2023,AYX8755,AYX8756,AYX8757,AYX8758,AYX8759,AYX8760,AYX8761,,,,,13,16.8,13,16.8,13,16.8,13,16.8,13,16.8,13,16.8,13,16.8,,,,,,,,
7537,2023,203,YAR,BLUTI,1,8,,4,,,25,45,,0,,NE,,,,,,,,,,,,,,,,,,,,,,,,,,,,,,,,,,,,,,,,,,,,
7538,2023,205,YAR,GRETI,1,7,,0,,,32,52,,0,,JD,,,,,,AYX8730,22/05/2023,22/05/2023,I,1,,,,,,,,,,,,,,,,,,,,,,,,,,,,,,,,,,
7539,2023,206,YAR,PIEFL,1,5,,4,,,37,54,,1,,NE,AKR2880,27/05/2023,29/05/2022,R,1,AVH0312,26/05/2023,29/05/2020,I,3,05/06/2023,AYX8623,AYX8624,AYX8625,AYX8626,,,,,,,,14.8,17.1,14.8,17.1,14.8,17.1,14.8,17.1,,,,,,,,,,,,,,
7540,2023,207,YAR,BLUTI,1,8,,8,,,24,44,,0,,NE,,,,,,,,,,,,,,,,,,,,,,,,,,,,,,,,,,,,,,,,,,,,
7541,2023,208,YAR,PIEFL,1,7,,5,,,36,56,,1,,NE,AKR2250,30/05/2023,13/06/2021,R,2,AKR2069,14/05/2023,06/06/2021,S,2,07/06/2023,AYX8547,AYX8551,AYX8552,AYX8553,AYX8554,,,,,,,12.1,16.9,12.1,16.9,12.1,16.9,12.1,16.9,12.1,16.9,,,,,,,,,,,,
7542,2023,211,YAR,PIEFL,1,7,,7,,,41,60,,0,,NE,AKR2985,03/06/2023,10/06/2022,S,2,AYX8025,18/05/2023,18/05/2023,I,1,11/06/2023,BTA2089,BTA2090,BTA2091,BTA2092,BTA2093,BTA2094,BTA2095,,,,,12.4,16.9,12.4,16.9,12.4,16.9,12.4,16.9,12.4,16.9,12.4,16.9,12.4,16.9,,,,,,,,
7543,2023,212A,YAR,BLUTI,1,9,,9,,,32,53,,0,,NE,,,,,,AYX8731,23/05/2023,23/05/2023,I,2,,,,,,,,,,,,,,,,,,,,,,,,,,,,,,,,,,
7544,2023,212B,YAR,PIEFL,1,5,,3,,,38,56,,2,,NE,,,,,,AKN9839,03/06/2023,02/06/2022,I,1,07/06/2023,BTA2003,BTA2004,BTA2005,,,,,,,,,12.4,16.9,12.4,16.9,12.4,16.9,,,,,,,,,,,,,,,,
7545,2023,213D,YAR,BLUTI,1,8,,8,,,24,46,,0,,NE,,,,,,AKR2097,18/05/2023,10/06/2021,S,3,,,,,,,,,,,,,,,,,,,,,,,,,,,,,,,,,,
7546,2023,212E,YAR,PIEFL,1,7,,7,,,40,60,,0,,NE,S845291,03/06/2023,05/06/2017,S,6,Z113968,03/06/2023,08/06/2021,S,2,11/06/2023,BTA2119,BTA2120,BTA2121,BTA2122,BTA2123,BTA2124,BTA2125,,,,,11.7,17.5,11.7,17.5,11.7,17.5,11.7,17.5,11.7,17.5,11.7,17.5,11.7,17.5,,,,,,,,
7547,2023,213,YAR,GRETI,1,6,,0,,,40,59,,0,,JD,,,,,,,,,,,,,,,,,,,,,,,,,,,,,,,,,,,,,,,,,,,,
7548,2023,214,YAR,PIEFL,1,7,,7,,,39,58,,0,,NE,AKR2067,01/06/2023,06/06/2021,R,2,AYX8110,18/05/2023,01/06/2022,R,1,09/06/2023,AYX8580,AYX8581,AYX8582,AYX8583,AYX8584,AYX8585,AYX8586,,,,,13.9,16.4,13.9,16.4,13.9,16.4,13.9,16.4,13.9,16.4,13.9,16.4,13.9,16.4,,,,,,,,
7549,2023,215,YAR,BLUTI,1,6,,6,,,34,,,0,,NE,,,,,,AYX8722,21/05/2023,21/05/2023,I,1,,,,,,,,,,,,,,,,,,,,,,,,,,,,,,,,,,
7550,2023,218,YAR,PIEFL,1,7,,7,,,35,54,,0,,NE,AKR2205,28/05/2023,11/06/2021,R,2,AYX8732,23/05/2023,23/05/2023,I,1,05/06/2023,AYX8627,AYX8628,AYX8629,AYX8630,AYX8631,AYX8632,AYX8633,,,,,14.8,17.1,14.8,17.1,14.8,17.1,14.8,17.1,14.8,17.1,14.8,17.1,14.8,17.1,,,,,,,,
7551,2023,219,YAR,BLUTI,1,8,,0,,,24,,,8,,ED,,,,,,AYX8703,14/05/2023,14/05/2023,I,1,,,,,,,,,,,,,,,,,,,,,,,,,,,,,,,,,,
7552,2023,220,YAR,PIEFL,1,6,,6,,,39,57,,0,,NE,AKR2442,01/06/2023,16/06/2021,S,2,AYX8704,14/05/2023,14/05/2023,I,1,08/06/2023,BTA2027,BTA2028,BTA2029,BTA2030,BTA2031,BTA2032,,,,,,12,17.2,12,17.2,12,17.2,12,17.2,12,17.2,12,17.2,,,,,,,,,,
7553,2023,222,YAR,GRETI,1,5,,0,,,35,,,5,,ED,,,,,,,,,,,,,,,,,,,,,,,,,,,,,,,,,,,,,,,,,,,,
7554,2023,223,YAR,BLUTI,1,8,,0,,,28,,,3,,EP,,,,,,AYX8705,14/05/2023,14/05/2023,I,1,,,,,,,,,,,,,,,,,,,,,,,,,,,,,,,,,,
7555,2023,224,YAR,BLUTI,1,10,,3,,,22,47,,0,,NE,,,,,,AYX8706,14/05/2023,14/05/2023,I,2,,,,,,,,,,,,,,,,,,,,,,,,,,,,,,,,,,
7556,2023,225,YAR,PIEFL,2,5,,5,,,60,77,,0,,NE,AYX8236,24/06/2023,06/06/2022,R,1,AYX8249,07/06/2023,06/06/2022,S,1,28/06/2023,BTA2169,BTA2170,BTA2171,BTA2172,BTA2173,,,,,,,7.64,,7.64,,7.64,,7.64,,7.64,,,,,,,,,,,,,
7557,2023,226,YAR,BLUTI,1,8,,2,,,31,52,,0,,NE,,,,,,,,,,,,,,,,,,,,,,,,,,,,,,,,,,,,,,,,,,,,
7558,2023,227,YAR,GRETI,1,11,,0,,,32,,,0,,JD,,,,,,AYX8762,03/06/2023,03/06/2023,I,1,,,,,,,,,,,,,,,,,,,,,,,,,,,,,,,,,,
7559,2023,228,YAR,PIEFL,1,8,,8,,,39,60,,0,,NE,AYX8763,03/06/2023,03/06/2023,I,1,AKR2905,14/05/2023,29/05/2022,R,1,11/06/2023,BTA2126,BTA2127,BTA2128,BTA2129,BTA2130,BTA2131,BTA2132,BTA2133,,,,7.64,,7.64,,7.64,,7.64,,7.64,,7.64,,7.64,,7.64,,,,,,,
7560,2023,229,YAR,BLUTI,1,,,0,,,53,,,1,,ED,,,,,,,,,,,,,,,,,,,,,,,,,,,,,,,,,,,,,,,,,,,,
7561,2023,230,YAR,COATI,1,6,,0,,,31,,,0,,JP,,,,,,AYX8707,14/05/2023,14/05/2023,I,1,,,,,,,,,,,,,,,,,,,,,,,,,,,,,,,,,,
7562,2023,231,YAR,BLUTI,1,8,,4,,,32,52,,0,,NE,,,,,,AYX8733,23/05/2023,23/05/2023,I,1,,,,,,,,,,,,,,,,,,,,,,,,,,,,,,,,,,
7563,2023,232,YAR,REDST,1,5,,0,,,36,,,5,,ED,,,,,,AYX8708,14/05/2023,14/05/2023,I,1,,,,,,,,,,,,,,,,,,,,,,,,,,,,,,,,,,
7564,2023,233,YAR,GRETI,1,7,,6,,,30,48,,0,,NE,,,,,,AYX8026,18/05/2023,18/05/2023,I,1,,,,,,,,,,,,,,,,,,,,,,,,,,,,,,,,,,
7565,2023,234,YAR,PIEFL,1,6,,0,,,42,,,6,,ED,,,,,,AYX8249,18/05/2023,06/06/2022,R,1,,,,,,,,,,,,,,,,,,,,,,,,,,,,,,,,,,
7566,2023,235,YAR,BLUTI,1,6,,5,,,22,,,0,,NE,,,,,,AYX8495,06/05/2023,06/05/2023,I,2,,,,,,,,,,,,,,,,,,,,,,,,,,,,,,,,,,
7567,2023,236,YAR,PIEFL,1,6,,6,,,42,60,,0,,NE,AKR2772,03/06/2023,24/06/2022,R,1,AYX8194,03/06/2023,03/06/2022,R,1,11/06/2023,BTA2134,BTA2135,BTA2136,BTA2137,BTA2138,BTA2139,,,,,,12.4,16.8,12.4,16.8,12.4,16.8,12.4,16.8,12.4,16.8,12.4,16.8,,,,,,,,,,
7568,2023,237,YAR,PIEFL,1,7,,6,,,30,50,,1,,NE,AYX8602,25/05/2023,25/05/2023,I,1,AKR2811,07/05/2023,08/05/2022,S,2,01/06/2023,AYX8608,AYX8609,AYX8610,AYX8611,AYX8612,AYX8613,,,,,,7.64,,7.64,,7.64,,7.64,,7.64,,7.64,,,,,,,,,,,
7569,2023,238,YAR,BLUTI,1,7,,4,,,34,53,,0,,NE,,,,,,AJL5558,23/05/2023,21/05/2020,S,4,,,,,,,,,,,,,,,,,,,,,,,,,,,,,,,,,,
7570,2023,240,YAR,BLUTI,1,9,,0,,,28,49,,3,,JD,,,,,,AYX8721,19/05/2023,19/05/2023,I,1,,,,,,,,,,,,,,,,,,,,,,,,,,,,,,,,,,
7571,2023,241,YAR,BLUTI,1,9,,7,,,28,48,,0,,NE,,,,,,,,,,,,,,,,,,,,,,,,,,,,,,,,,,,,,,,,,,,,
7572,2023,242,YAR,BLUTI,1,8,,7,,,32,,,0,,NE,,,,,,AYX8723,21/05/2023,21/05/2023,I,1,,,,,,,,,,,,,,,,,,,,,,,,,,,,,,,,,,
7573,2023,243,YAR,PIEFL,1,6,6,4,,,40,58,,0,,NE,ABE4591,07/06/2023,27/05/2019,S,3,AYX8027,03/06/2023,18/05/2023,I,1,09/06/2023,AYX8587,AYX8588,AYX8589,AYX8590,,,,,,,,12.6,17.3,12.6,17.3,12.6,17.3,12.6,17.3,,,,,,,,,,,,,,
7574,2023,245,YAR,BLUTI,1,9,,8,,,28,51,,0,,NE,AYX8724,21/05/2023,21/05/2023,I,2,,,,,,,,,,,,,,,,,,,,,,,,,,,,,,,,,,,,,,,
7575,2023,246,YAR,COATI,1,7,,0,,,34,,,0,,JD,,,,,,,,,,,,,,,,,,,,,,,,,,,,,,,,,,,,,,,,,,,,
7576,2023,247,YAR,PIEFL,1,4,,0,,,40,60,,2,,JD,AKR2077,07/06/2023,06/06/2021,R,2,AZP4792,07/06/2023,31/05/2022,I,1,11/06/2023,BTA2096,BTA2097,,,,,,,,,,12,17.7,12,17.7,,,,,,,,,,,,,,,,,,
7577,2023,250,YAR,BLUTI,1,9,,0,,,26,48,,2,,JD,,,,,,AKR2062,18/05/2023,05/06/2021,I,4,,,,,,,,,,,,,,,,,,,,,,,,,,,,,,,,,,
7578,2023,301,YAR,PIEFL,1,7,,6,,,36,55,,1,,NE,AZP2874,30/05/2023,04/06/2021,I,1,AYX8718,15/05/2023,15/05/2023,I,1,06/06/2023,AYX8661,AYX8662,AYX8663,AYX8664,AYX8665,AYX8666,,,,,,12.8,,12.8,,12.8,,12.8,,12.8,,12.8,,,,,,,,,,,
7579,2023,303,YAR,COATI,1,7,,4,,,29,49,,1,,NE,,,,,,,,,,,,,,,,,,,,,,,,,,,,,,,,,,,,,,,,,,,,
7580,2023,308,YAR,PIEFL,1,6,,6,,,39,57,,0,,NE,AKR2197,30/05/2023,12/06/2021,R,2,AKR2329,25/05/2023,12/06/2021,S,2,08/06/2023,BTA2033,BTA2034,BTA2035,BTA2036,BTA2037,BTA2038,,,,,,12.9,,12.9,,12.9,,12.9,,12.9,,12.9,,,,,,,,,,,
7581,2023,309,YAR,BLUTI,1,11,,11,,,21,44,,0,,NE,,,,,,AKR2014,14/05/2023,16/05/2021,S,3,,,,,,,,,,,,,,,,,,,,,,,,,,,,,,,,,,
7582,2023,311,YAR,PIEFL,1,7,,2,,,37,56,,5,,NE,T358766,30/05/2023,16/06/2021,S,2,APD0332,25/05/2023,27/05/2019,S,5,07/06/2023,AYX8564,AYX8565,,,,,,,,,,12.4,16.8,12.4,16.8,,,,,,,,,,,,,,,,,,
7583,2023,313,YAR,BLUTI,1,10,,5,,,22,48,,1,,NE,,,,,,AYX8031,18/05/2023,18/05/2023,I,1,,,,,,,,,,,,,,,,,,,,,,,,,,,,,,,,,,
7584,2023,314,YAR,PIEFL,1,8,,5,,,35,56,,0,,NE,AYX8606,30/05/2023,30/05/2023,I,1,AYX8030,18/05/2023,18/05/2023,I,1,07/06/2023,AYX8559,AYX8560,AYX8561,AYX8562,AYX8563,,,,,,,7.64,,7.64,,7.64,,7.64,,7.64,,,,,,,,,,,,,
7585,2023,316,YAR,COATI,1,9,,4,,,20,,,1,,NE,,,,,,AXA3369,10/05/2023,07/02/2020,S,3,,,,,,,,,,,,,,,,,,,,,,,,,,,,,,,,,,
7586,2023,317,YAR,PIEFL,1,7,,6,,,36,54,,0,,NE,AYX8226,28/05/2023,06/06/2022,R,1,AJF0801,18/05/2023,24/05/2019,S,5,05/06/2023,AYX8634,AYX8635,AYX8636,AYX8637,AYX8638,AYX8639,AYX8640,,,,,13,16.8,13,16.8,13,16.8,13,16.8,13,16.8,13,16.8,13,16.8,,,,,,,,
7587,2023,320,YAR,PIEFL,1,8,,4,,,36,56,,0,,NE,AYX8112,05/06/2023,01/06/2022,R,1,AJL5590,27/05/2023,25/05/2020,S,3,07/06/2023,AYX8555,AYX8556,AYX8557,AYX8558,,,,,,,,14.8,17.1,14.8,17.1,14.8,17.1,14.8,17.1,,,,,,,,,,,,,,
7588,2023,321,YAR,BLUTI,1,8,,0,,,31,51,,0,,JD,,,,,,,,,,,,,,,,,,,,,,,,,,,,,,,,,,,,,,,,,,,,
7589,2023,322,YAR,BLUTI,1,8,,6,,,22,,,0,,NE,,,,,,AYX8496,06/05/2023,06/05/2023,I,1,,,,,,,,,,,,,,,,,,,,,,,,,,,,,,,,,,
7590,2023,323,YAR,PIEFL,1,6,,5,,,59,77,,1,,NE,T358984,24/06/2023,13/06/2022,I,1,AKR2897,05/06/2023,01/06/2022,R,1,28/06/2023,BTA2174,BTA2175,BTA2176,BTA2177,BTA2178,,,,,,,12.4,16.9,12.4,16.9,12.4,16.9,12.4,16.9,12.4,16.9,,,,,,,,,,,,
7591,2023,324,YAR,COATI,1,7,,6,,,27,,,1,,NE,,,,,,AYX8709,14/05/2023,14/05/2023,I,1,,,,,,,,,,,,,,,,,,,,,,,,,,,,,,,,,,
7592,2023,325,YAR,PIEFL,1,7,,7,,,35,54,,0,,NE,AVH0027,27/05/2023,12/06/2021,I,2,AJL5538,10/05/2023,14/05/2020,S,4,05/06/2023,AYX8642,AYX8643,AYX8644,AYX8645,AYX8646,AYX8647,AYX8648,,,,,16.6,17.3,16.6,17.3,16.6,17.3,16.6,17.3,16.6,17.3,16.6,17.3,16.6,17.3,,,,,,,,
7593,2023,327,YAR,BLUTI,1,8,,0,,,25,,,0,,JD,,,,,,AYX8029,18/05/2023,18/05/2023,I,1,,,,,,,,,,,,,,,,,,,,,,,,,,,,,,,,,,
7594,2023,328,YAR,PIEFL,1,6,,6,,,36,55,,0,,NE,AYX8604,28/05/2023,28/05/2023,I,1,AYX8710,14/05/2023,14/05/2023,I,1,06/06/2023,AYX8667,AYX8668,AYX8669,AYX8670,AYX8671,AYX8672,,,,,,14.8,17.1,14.8,17.1,14.8,17.1,14.8,17.1,14.8,17.1,14.8,17.1,,,,,,,,,,
7595,2023,329,YAR,BLUTI,1,7,,5,,,43,,,0,,NE,,,,,,,,,,,,,,,,,,,,,,,,,,,,,,,,,,,,,,,,,,,,
7596,2023,330,YAR,NUTHA,1,7,,2,,,,37,,,,NE,,,,,,NF67389,07/05/2023,07/05/2023,I,1,23/05/2023,NF67397,NF67398,,,,,,,,,,15.89,18.1,15.89,18.1,,,,,,,,,,,,,,,,,,
7597,2023,331,YAR,PIEFL,1,6,,5,,,40,58,,0,,NE,AYX8779,04/06/2023,04/06/2023,I,1,AYX8169,04/06/2023,02/06/2022,I,1,09/06/2023,AYX8574,AYX8575,AYX8576,AYX8577,AYX8578,AYX8579,,,,,,13.8,17,13.8,17,13.8,17,13.8,17,13.8,17,13.8,17,,,,,,,,,,
7598,2023,333,YAR,PIEFL,1,7,,6,,,35,53,,1,,NE,AKR2835,27/05/2023,24/05/2022,R,1,AYX8711,14/05/2023,14/05/2023,I,1,04/06/2023,AYX8773,AYX8774,AYX8775,AYX8776,AYX8777,AYX8778,,,,,,14.5,16.5,14.5,16.5,14.5,16.5,14.5,16.5,14.5,16.5,14.5,16.5,,,,,,,,,,
7599,2023,334,YAR,GRETI,1,8,,0,,,24,,,8,,ED,,,,,,,,,,,,,,,,,,,,,,,,,,,,,,,,,,,,,,,,,,,,
7600,2023,335,YAR,REDST,1,5,,4,,,60,77,,1,,NE,,,,,,BTA2154,17/06/2023,17/06/2023,I,1,05/06/2023,AYX8618,AYX8619,AYX8620,AYX8621,AYX8622,,,,,,,13.3,17.2,13.3,17.2,13.3,17.2,13.3,17.2,13.3,17.2,,,,,,,,,,,,
7601,2023,336,YAR,BLUTI,1,7,,7,,,33,53,,0,,NE,,,,,,,,,,,,,,,,,,,,,,,,,,,,,,,,,,,,,,,,,,,,
7602,2023,338,YAR,BLUTI,1,6,,6,,,27,,,0,,NE,,,,,,AEZ4081,11/05/2023,,,,,,,,,,,,,,,,,,,,,,,,,,,,,,,,,,,,,
7603,2023,340,YAR,PIEFL,1,7,,3,,,39,58,,0,,NE,Unringed,,,,,AJL5269,07/06/2023,06/06/2020,S,3,09/06/2023,AYX8591,AYX8592,AYX8593,,,,,,,,,13.3,17.2,13.3,17.2,13.3,17.2,,,,,,,,,,,,,,,,
7604,2023,343,YAR,BLUTI,1,11,,0,,,22,,,11,,ED,,,,,,,,,,,,,,,,,,,,,,,,,,,,,,,,,,,,,,,,,,,,
7605,2023,344,YAR,PIEFL,1,7,,0,,,37,56,,0,,JP,,,,,,AYH0480,14/05/2023,13/06/2021,S,2,,,,,,,,,,,,,,,,,,,,,,,,,,,,,,,,,,
7606,2023,345,YAR,BLUTI,1,11,,7,,,23,,,0,,NE,,,,,,AYX8712,14/05/2023,14/05/2023,I,1,,,,,,,,,,,,,,,,,,,,,,,,,,,,,,,,,,
7607,2023,346,YAR,PIEFL,1,6,,0,,,39,,,0,,EP,,,,,,AKR2773,18/05/2023,24/06/2022,R,1,,,,,,,,,,,,,,,,,,,,,,,,,,,,,,,,,,
7608,2023,347,YAR,PIEFL,1,6,,4,,,42,60,,0,,NE,AYX8617,05/06/2023,05/06/2023,I,1,AKR2896,05/06/2023,01/06/2022,R,1,11/06/2023,BTA2085,BTA2086,BTA2087,BTA2088,,,,,,,,11.7,17.3,11.7,17.3,11.7,17.3,11.7,17.3,,,,,,,,,,,,,,
7609,2023,350,YAR,PIEFL,1,7,,3,,,39,58,,0,,NE,AKR2482,05/06/2023,18/06/2021,R,2,S969934,14/05/2023,01/06/2019,S,4,09/06/2023,AYX8571,AYX8572,AYX8573,,,,,,,,,7.64,,7.64,,7.64,,,,,,,,,,,,,,,,,
7610,2023,353,YAR,PIEFL,1,6,,6,,,38,56,,0,,NE,AJL5304,30/05/2023,11/06/2020,S,3,AYX8713,14/05/2023,14/05/2023,I,1,05/06/2023,AYX8795,AYX8796,AYX8797,AYX8798,AYX8799,AYX8800,,,,,,12.6,17.3,12.6,17.3,12.6,17.3,12.6,17.3,12.6,17.3,12.6,17.3,,,,,,,,,,
7611,2023,355,YAR,PIEFL,1,5,,5,,,36,54,,0,,NE,AKR2245,27/05/2023,13/06/2021,S,2,AYJ5279,11/05/2023,30/05/2020,S,3,05/06/2023,AYX8618,AYX8619,AYX8620,AYX8621,AYX8622,,,,,,,12.6,,12.6,,12.6,,12.6,,12.6,,,,,,,,,,,,,
7612,2023,402,YAR,GRETI,1,9,,0,,,32,,,0,,JD,,,,,,,,,,,,,,,,,,,,,,,,,,,,,,,,,,,,,,,,,,,,
7613,2023,403,YAR,BLUTI,1,10,,9,,,22,46,,0,,NE,,,,,,AYX8040,19/05/2023,19/05/2023,I,2,,,,,,,,,,,,,,,,,,,,,,,,,,,,,,,,,,
7614,2023,407,YAR,BLUTI,1,9,,8,,,22,47,,0,,NE,,,,,,AYX8491,06/05/2023,06/05/2023,I,1,,,,,,,,,,,,,,,,,,,,,,,,,,,,,,,,,,
7615,2023,408,YAR,PIEFL,1,7,,3,,,36,56,,2,,NE,AKR2322,06/06/2023,12/06/2021,S,2,AKR2319,13/05/2023,12/06/2021,R,2,07/06/2023,AYX8693,AYX8694,AYX8695,,,,,,,,,,,,,,,,,,,,,,,,,,,,,,
7616,2023,409,YAR,GRETI,1,7,,4,,,31,,,0,,NE,,,,,,,,,,,,,,,,,,,,,,,,,,,,,,,,,,,,,,,,,,,,
7617,2023,410,YAR,PIEFL,1,6,,5,,,44,62,,1,,NE,AYX8205,06/06/2023,04/06/2022,R,1,AKR2111,21/05/2023,10/06/2021,S,2,12/06/2023,BTA2147,BTA2148,BTA2149,BTA2150,BTA2151,,,,,,,11.6,17.2,11.6,17.2,11.6,17.2,11.6,17.2,11.6,17.2,,,,,,,,,,,,
7618,2023,411,YAR,GRETI,1,5,,5,,,37,,,0,,NE,,,,,,,,,,,,,,,,,,,,,,,,,,,,,,,,,,,,,,,,,,,,
7619,2023,414,YAR,PIEFL,1,7,,5,,,38,57,,0,,NE,AYX8614,01/06/2023,01/06/2023,I,1,AKR2251,15/05/2023,13/06/2021,R,2,08/06/2023,BTA2045,BTA2046,BTA2047,BTA2048,BTA2049,,,,,,,15.2,17.1,15.2,17.1,15.2,17.1,15.2,17.1,15.2,17.1,,,,,,,,,,,,
7620,2023,415,YAR,BLUTI,1,8,,0,,,28,49,,0,,JD,,,,,,AYX8041,19/05/2023,19/05/2023,I,1,,,,,,,,,,,,,,,,,,,,,,,,,,,,,,,,,,
7621,2023,417,YAR,BLUTI,1,4,,4,,,34,51,,0,,NE,,,,,,,,,,,,,,,,,,,,,,,,,,,,,,,,,,,,,,,,,,,,
7622,2023,419,YAR,PIEFL,1,7,,6,,,35,54,,0,,NE,AJL5701,27/05/2023,29/05/2020,S,4,AKR2267,15/05/2023,13/06/2021,S,2,05/06/2023,AYX8789,AYX8790,AYX8791,AYX8792,AYX8793,AYX8794,,,,,,11.6,17.2,11.6,17.2,11.6,17.2,11.6,17.2,11.6,17.2,11.6,17.2,,,,,,,,,,
7623,2023,422,YAR,PIEFL,1,7,,6,,,38,57,,0,,NE,AJL5913,01/06/2023,01/06/2020,R,3,AFD3353,19/05/2023,05/06/2018,S,5,,,,,,,,,,,,,,,,,,,,,,,,,,,,,,,,,,
7624,2023,423,YAR,COATI,1,8,,7,,,21,,,0,,NE,,,,,,AYX8715,15/05/2023,15/05/2023,I,2,,,,,,,,,,,,,,,,,,,,,,,,,,,,,,,,,,
7625,2023,424,YAR,PIEFL,1,5,,0,,,46,63,,0,,JP,,,,,,AYX8726,21/05/2023,21/05/2023,I,1,,,,,,,,,,,,,,,,,,,,,,,,,,,,,,,,,,
7626,2023,425,YAR,BLUTI,1,11,,7,,,24,48,,0,,NE,,,,,,AYX8034,19/05/2023,19/05/2023,I,2,,,,,,,,,,,,,,,,,,,,,,,,,,,,,,,,,,
7627,2023,426,YAR,NUTHA,1,7,,0,,,20,,,7,,ED,,,,,,NF67388,03/05/2023,03/05/2023,I,1,,,,,,,,,,,,,,,,,,,,,,,,,,,,,,,,,,
7628,2023,426,YAR,PIEFL,2,5,,5,,,56,73,,0,,NE,BTA2100,14/06/2023,14/06/2023,I,1,AKR2773,07/06/2023,24/06/2022,R,1,24/06/2023,BTA2164,BTA2165,BTA2166,BTA2167,BTA2168,,,,,,,13.72,16.8,13.72,16.8,13.72,16.8,13.72,16.8,13.72,16.8,,,,,,,,,,,,
7629,2023,427,YAR,PIEFL,2,7,,6,,,36,55,,0,,NE,AYX8605,28/05/2023,28/05/2023,I,1,AYX8716,15/05/2023,15/05/2023,I,1,06/06/2023,AYX8679,AYX8680,AYX8681,AYX8682,AYX8683,AYX8684,,,,,,13.9,16.4,13.9,16.4,13.9,16.4,13.9,16.4,13.9,16.4,13.9,16.4,,,,,,,,,,
7630,2023,428,YAR,PIEFL,1,6,,3,,,39,59,,0,,NE,AYX8788,05/06/2023,05/06/2023,I,1,AYX8101,05/06/2023,01/06/2022,R,1,10/06/2023,BTA2071,BTA2072,BTA2073,,,,,,,,,14.32,16.8,14.32,16.8,14.32,16.8,,,,,,,,,,,,,,,,
7631,2023,430,YAR,GRETI,1,6,,2,,,38,,,3,,NE,,,,,,,,,,,,,,,,,,,,,,,,,,,,,,,,,,,,,,,,,,,,
7632,2023,431,YAR,GRETI,1,,,0,,,36,,,6,,ED,,,,,,,,,,,,,,,,,,,,,,,,,,,,,,,,,,,,,,,,,,,,
7633,2023,432,YAR,BLUTI,1,10,,5,,,31,,,0,,NE,,,,,,,,,,,,,,,,,,,,,,,,,,,,,,,,,,,,,,,,,,,,
7634,2023,433,YAR,PIEFL,1,8,,2,,,31,52,,0,,NE,AKR2831,28/05/2023,21/05/2022,S,2,AYX8717,15/05/2023,15/05/2023,I,1,03/06/2023,AYX8764,AYX8765,,,,,,,,,,11.6,17.2,11.6,17.2,,,,,,,,,,,,,,,,,,
7635,2023,434,YAR,BLUTI,1,8,,7,,,26,46,,0,,NE,,,,,,AYX8039,19/05/2023,19/05/2023,I,1,,,,,,,,,,,,,,,,,,,,,,,,,,,,,,,,,,
7636,2023,436,YAR,PIEFL,1,3,,2,,,40,63,,1,,NE,AKR2131,05/06/2023,11/06/2021,R,2,AYJ5232,22/05/2023,25/05/2020,S,3,14/06/2023,BTA2098,BTA2099,,,,,,,,,,14.1,16.7,14.1,16.7,,,,,,,,,,,,,,,,,,
7637,2023,437,YAR,PIEFL,1,6,,3,,,36,54,,2,,NE,AKR2854,28/05/2023,26/05/2022,R,1,AYX8035,19/05/2023,19/05/2023,I,1,05/06/2023,AYX8785,AYX8786,AYX8787,,,,,,,,,15.72,17.4,15.72,17.4,15.72,17.4,,,,,,,,,,,,,,,,
7638,2023,438,YAR,BLUTI,1,10,,0,,,23,,,10,,ED,,,,,,AYX8492,06/05/2023,06/05/2023,I,1,,,,,,,,,,,,,,,,,,,,,,,,,,,,,,,,,,
7639,2023,439,YAR,PIEFL,1,6,,5,,,38,56,,0,,NE,S845889,04/06/2023,29/05/2018,S,6,AJL5502,04/06/2023,04/05/2020,S,4,07/06/2023,AYX8566,AYX8567,AYX8568,AYX8569,AYX8570,,,,,,,12.4,17.1,12.4,17.1,12.4,17.1,12.4,17.1,12.4,17.1,,,,,,,,,,,,
7640,2023,440,YAR,PIEFL,1,7,,7,,,41,61,,0,,NE,ATX1116,04/06/2023,04/06/2022,I,1,AYX8036,19/05/2023,19/05/2023,I,1,12/06/2023,BTA2140,BTA2141,BTA2142,BTA2143,BTA2144,BTA2145,BTA2146,,,,,12.4,16.9,12.4,16.9,12.4,16.9,12.4,16.9,12.4,16.9,12.4,16.9,12.4,16.9,,,,,,,,
7641,2023,441,YAR,GRETI,1,7,,0,,,34,,,0,,JD,,,,,,,,,,,,,,,,,,,,,,,,,,,,,,,,,,,,,,,,,,,,
7642,2023,442,YAR,PIEFL,1,6,,6,,,37,55,,0,,NE,AYX8603,28/05/2023,28/05/2023,I,1,AYX8154,11/05/2023,02/06/2022,R,1,06/06/2023,AYX8673,AYX8674,AYX8675,AYX8676,AYX8677,AYX8678,,,,,,12.6,,12.6,,12.6,,12.6,,12.6,,12.6,,,,,,,,,,,
7643,2023,443,YAR,BLUTI,1,8,,6,,,23,,,0,,NE,,,,,,AYX8493,06/05/2023,06/05/2023,I,1,,,,,,,,,,,,,,,,,,,,,,,,,,,,,,,,,,
7644,2023,444,YAR,PIEFL,1,5,,5,,,35,53,,0,,NE,AJL5688,28/05/2023,29/05/2020,R,3,AZP2960,11/05/2023,07/06/2021,I,2,04/06/2023,AYX8780,AYX8781,AYX8782,AYX8783,AYX8784,,,,,,,15.2,16.8,15.4,17.1,14.1,16.7,15.72,17.4,15.34,17.6,,,,,,,,,,,,
7645,2023,445,YAR,GRETI,1,6,,0,,,31,,,0,,JD,,,,,,,,,,,,,,,,,,,,,,,,,,,,,,,,,,,,,,,,,,,,
7646,2023,446,YAR,GRETI,1,6,,3,,,35,,,0,,NE,,,,,,,,,,,,,,,,,,,,,,,,,,,,,,,,,,,,,,,,,,,,
7647,2023,447,YAR,BLUTI,1,8,,4,,,29,49,,1,,NE,,,,,,AYX8037,19/05/2023,19/05/2023,I,1,,,,,,,,,,,,,,,,,,,,,,,,,,,,,,,,,,
7648,2023,449,YAR,BLUTI,1,8,,5,,,28,49,,0,,NE,,,,,,AYX8498,19/05/2023,11/05/2023,I,2,,,,,,,,,,,,,,,,,,,,,,,,,,,,,,,,,,
7649,2023,450,YAR,BLUTI,1,5,,1,,,24,43,,3,,NE,,,,,,AYX8498,19/05/2023,11/05/2023,I,2,,,,,,,,,,,,,,,,,,,,,,,,,,,,,,,,,,
7650,2023,451,YAR,BLUTI,1,12,,0,,,21,,,12,,ED,,,,,,,,,,,,,,,,,,,,,,,,,,,,,,,,,,,,,,,,,,,,
7651,2023,452,YAR,BLUTI,1,8,,7,,,30,,,0,,NE,,,,,,,,,,,,,,,,,,,,,,,,,,,,,,,,,,,,,,,,,,,,
7652,2023,453,YAR,PIEFL,1,6,,5,,,39,57,,0,,NE,AKR2965,06/06/2023,07/06/2022,R,1,AYX8038,19/05/2023,19/05/2023,I,1,08/06/2023,BTA2055,BTA2056,BTA2057,BTA2058,BTA2059,,,,,,,11,16.8,11,16.8,11,16.8,11,16.8,11,16.8,,,,,,,,,,,,
7653,2023,454,YAR,BLUTI,1,9,,7,,,28,49,,0,,NE,,,,,,AEZ4085,19/05/2023,,,,,,,,,,,,,,,,,,,,,,,,,,,,,,,,,,,,,
7654,2023,456,YAR,GRETI,1,6,,5,,,32,52,,0,,NE,,,,,,AYX8729,22/05/2023,22/05/2023,I,1,,,,,,,,,,,,,,,,,,,,,,,,,,,,,,,,,,
7655,2023,457,YAR,PIEFL,1,7,,5,,,38,57,,1,,NE,AKR2902,01/06/2023,26/05/2022,S,2,AJF0579,13/05/2023,15/05/2019,S,5,08/06/2023,BTA2050,BTA2051,BTA2052,BTA2053,BTA2054,,,,,,,12.73,16.1,12.73,16.1,12.73,16.1,12.73,16.1,12.73,16.1,,,,,,,,,,,,
7656,2023,458,YAR,BLUTI,1,7,,7,,,21,42,,0,,NE,,,,,,AEZ4050,06/05/2023,,,,,,,,,,,,,,,,,,,,,,,,,,,,,,,,,,,,,
7657,2023,459,YAR,BLUTI,1,8,,5,,,21,42,,0,,NE,,,,,,AEZ4037,11/05/2023,,,,,,,,,,,,,,,,,,,,,,,,,,,,,,,,,,,,,
7658,2023,460,YAR,PIEFL,1,8,,0,,,35,55,,,,JD,AKR2178,28/05/2023,11/06/2021,S,2,AJF0567,11/05/2023,15/05/2019,S,5,,,,,,,,,,,,,,,,,,,,,,,,,,,,,,,,,,
7659,2023,461,YAR,COATI,1,9,,6,,,23,46,,,,NE,,,,,,,,,,,,,,,,,,,,,,,,,,,,,,,,,,,,,,,,,,,,
7660,2023,462,YAR,PIEFL,1,6,,6,,,34,52,,0,,NE,AZH2252,28/05/2023,04/06/2019,S,4,AYX8499,11/05/2023,11/05/2023,I,1,03/06/2023,AYX8766,AYX8767,AYX8768,AYX8769,AYX8770,AYX8771,,,,,,12.6,17.3,12.6,17.3,12.6,17.3,12.6,17.3,12.6,17.3,12.6,17.3,,,,,,,,,,
7661,2023,463,YAR,BLUTI,1,8,,0,,,23,,,8,,ED,,,,,,T359000,06/05/2023,,,,,,,,,,,,,,,,,,,,,,,,,,,,,,,,,,,,,
7662,2023,501,YAR,BLUTI,1,10,,0,,,26,,,10,,ED,,,,,,,,,,,,,,,,,,,,,,,,,,,,,,,,,,,,,,,,,,,,
7663,2023,504,YAR,BLUTI,1,9,,9,,,24,45,,0,,NE,,,,,,AYX8033,19/05/2023,19/05/2023,I,1,,,,,,,,,,,,,,,,,,,,,,,,,,,,,,,,,,
7664,2023,506,YAR,GRETI,1,,,0,,,37,,,3,,ED,,,,,,,,,,,,,,,,,,,,,,,,,,,,,,,,,,,,,,,,,,,,
7665,2023,507,YAR,BLUTI,1,10,,5,,,23,47,,0,,NE,,,,,,AYX8702,19/05/2023,13/05/2023,I,1,,,,,,,,,,,,,,,,,,,,,,,,,,,,,,,,,,
7666,2023,510,YAR,BLUTI,1,10,,1,,,23,49,,0,,NE,,,,,,AYX8701,19/05/2023,13/05/2023,I,2,,,,,,,,,,,,,,,,,,,,,,,,,,,,,,,,,,
7667,2023,511,YAR,PIEFL,1,7,,5,,,40,60,,0,,NE,AYX8692,07/06/2023,07/06/2023,I,1,AYX8254,07/06/2023,06/06/2022,R,1,11/06/2023,BTA2080,BTA2081,BTA2082,BTA2083,BTA2084,,,,,,,14.26,17,14.26,17,14.26,17,14.26,17,14.26,17,,,,,,,,,,,,
7668,2023,513,YAR,PIEFL,1,,,0,,,42,,,2,,ED,,,,,,,,,,,,,,,,,,,,,,,,,,,,,,,,,,,,,,,,,,,,
7669,2023,515,YAR,PIEFL,1,7,,6,,,40,59,,0,,NE,AKR2868,07/06/2023,28/05/2022,S,2,AKR2901,19/05/2023,25/05/2022,S,2,10/06/2023,BTA2074,BTA2075,BTA2076,BTA2077,BTA2078,BTA2079,,,,,,14.88,17.8,14.88,17.8,14.88,17.8,14.88,17.8,14.88,17.8,14.88,17.8,,,,,,,,,,
7670,2023,516,YAR,BLUTI,1,7,,1,,,34,,,0,,NE,,,,,,,,,,,,,,,,,,,,,,,,,,,,,,,,,,,,,,,,,,,,
7671,2023,517,YAR,BLUTI,1,7,,3,,,28,48,,0,,NE,,,,,,,,,,,,,,,,,,,,,,,,,,,,,,,,,,,,,,,,,,,,
7672,2023,519,YAR,BLUTI,1,7,,2,,,34,,,0,,NE,,,,,,,,,,,,,,,,,,,,,,,,,,,,,,,,,,,,,,,,,,,,
7673,2023,521,YAR,GRETI,1,7,,3,,,32,,,0,,NE,,,,,,,,,,,,,,,,,,,,,,,,,,,,,,,,,,,,,,,,,,,,
7674,2023,522,YAR,COATI,1,7,,7,,,28,49,,0,,NE,,,,,,AYX8032,19/05/2023,19/05/2023,I,1,,,,,,,,,,,,,,,,,,,,,,,,,,,,,,,,,,
7675,2023,523,YAR,PIEFL,1,7,,7,,,37,56,,0,,NE,AYX8607,01/06/2023,01/06/2023,I,1,AYX8719,15/05/2023,15/05/2023,I,1,07/06/2023,AYX8685,AYX8686,AYX8687,AYX8688,AYX8689,AYX8690,AYX8691,,,,,12.6,,12.6,,12.6,,12.6,,12.6,,12.6,,12.6,,,,,,,,,
7676,2023,524,YAR,BLUTI,1,7,,6,,,29,,,0,,NE,,,,,,AKR2042,19/05/2023,29/05/2021,S,4,,,,,,,,,,,,,,,,,,,,,,,,,,,,,,,,,,
7677,2023,525,YAR,PIEFL,1,7,,6,,,38,57,,0,,NE,AKR2291,01/06/2023,14/06/2021,S,2,AKR2930,19/05/2023,01/06/2022,R,1,08/06/2023,BTA2039,BTA2040,BTA2041,BTA2042,BTA2043,BTA2044,,,,,,12.8,,12.8,,12.8,,12.8,,12.8,,12.8,,,,,,,,,,,
7678,2023,528,YAR,BLUTI,1,11,,5,,,29,52,,0,,NE,,,,,,AYX8728,22/05/2023,22/05/2023,I,2,,,,,,,,,,,,,,,,,,,,,,,,,,,,,,,,,,
7679,2023,PROD,YAR,BLUTI,1,10,,,,,26,,,,,OU,,,,,,,,,,,,,,,,,,,,,,,,,,,,,,,,,,,,,,,,,,,,
7680,2023,HIDE1C,YAR,PIEFL,1,7,,6,,,38,58,,0,,NE,AYX8772,04/06/2023,04/06/2023,I,1,AYX8725,21/05/2023,21/05/2023,I,1,08/06/2023,BTA2060,BTA2061,BTA2062,BTA2063,BTA2064,BTA2065,,,,,,13.3,17.1,13.3,17.1,13.3,17.1,13.3,17.1,13.3,17.1,13.3,17.1,,,,,,,,,,
7681,2023,HIDE1D,YAR,BLUTI,1,9,,9,,,21,,,0,,NE,,,,,,AYX8497,11/05/2023,11/05/2023,I,1,,,,,,,,,,,,,,,,,,,,,,,,,,,,,,,,,,
7682,2023,1,NEA,BLUTI,1,9,,5,,,24,,,4,,NE,,,,,,,,,,,,,,,,,,,,,,,,,,,,,,,,,,,,,,,,,,,,
7683,2023,2,NEA,PIEFL,1,7,,6,,,37,57,,1,,NE,AKR2881,29/05/2023,29/05/2022,S,2,AYX8740,29/05/2023,29/05/2023,I,1,07/06/2023,BTA2016,BTA2017,BTA2018,BTA2019,BTA2020,BTA2021,,,,,,14.53,18.1,14.53,18.1,14.53,18.1,14.53,18.1,14.53,18.1,14.53,18.1,,,,,,,,,,
7684,2023,3,NEA,BLUTI,1,7,,4,,,31,,,,,NE,,,,,,,,,,,,,,,,,,,,,,,,,,,,,,,,,,,,,,,,,,,,
7685,2023,4,NEA,GRETI,1,6,,6,,,29,,,0,,NE,,,,,,,,,,,,,,,,,,,,,,,,,,,,,,,,,,,,,,,,,,,,
7686,2023,5,NEA,PIEFL,1,6,,0,,,42,60,,3,,JP,,,,,,AYX8727,02/06/2023,22/05/2023,I,1,,,,,,,,,,,,,,,,,,,,,,,,,,,,,,,,,,
7687,2023,6,NEA,PIEFL,1,6,,6,,,37,55,,0,,NE,AYX8741,29/05/2023,29/05/2023,I,1,AJL5542,29/05/2023,16/05/2020,S,4,06/06/2023,AYX8655,AYX8656,AYX8657,AYX8658,AYX8659,AYX8660,,,,,,14.8,17.1,14.8,17.1,14.8,17.1,14.8,17.1,14.8,17.1,14.8,17.1,,,,,,,,,,
7688,2023,7,NEA,BLUTI,1,8,,0,,,21,,,7,,ED,,,,,,AYX8500,12/05/2023,12/05/2023,I,1,,,,,,,,,,,,,,,,,,,,,,,,,,,,,,,,,,
7689,2023,8,NEA,BLUTI,1,9,,0,,,31,,,1,,JP,,,,,,,,,,,,,,,,,,,,,,,,,,,,,,,,,,,,,,,,,,,,
7690,2023,9,NEA,GRETI,1,5,,5,,,,,,0,,NE,,,,,,,,,,,,,,,,,,,,,,,,,,,,,,,,,,,,,,,,,,,,
7691,2023,9B,NEA,PIEFL,1,6,,5,,,40,59,,1,,NE,D182893,02/06/2023,11/06/2021,I,2,ALT6222,02/06/2023,16/06/2021,S,2,10/06/2023,BTA2101,BTA2102,BTA2103,BTA2104,BTA2105,,,,,,,14.93,17.1,14.93,17.1,14.93,17.1,14.93,17.1,14.93,17.1,,,,,,,,,,,,
7692,2023,10,NEA,BLUTI,1,8,,,,,29,,,2,,NE,,,,,,,,,,,,,,,,,,,,,,,,,,,,,,,,,,,,,,,,,,,,
7693,2023,12,NEA,PIEFL,1,7,,7,,,41,60,,0,,NE,AZP4296,02/06/2023,05/06/2021,S,2,AJF0777,02/06/2023,01/06/2019,S,3,10/06/2023,BTA2106,BTA2107,BTA2108,BTA2109,BTA2110,BTA2111,BTA2112,,,,,15.1,16.7,15.1,16.7,15.1,16.7,15.1,16.7,15.1,16.7,15.1,16.7,15.1,16.7,,,,,,,,
7694,2023,13,NEA,GRETI,1,6,,2,,,21,42,,4,,NE,,,,,,AJL5523,12/05/2023,13/05/2020,S,5,,,,,,,,,,,,,,,,,,,,,,,,,,,,,,,,,,
7695,2023,14,NEA,PIEFL,1,6,5,5,,,38,58,,1,,NE,AYX8266,02/06/2023,06/06/2022,S,2,AKR2855,02/06/2023,26/05/2022,R,1,09/06/2023,BTA2066,BTA2067,BTA2068,BTA2069,BTA2070,,,,,,,,,,,,,,,,,,,,,,,,,,,,
7696,2023,15,NEA,BLUTI,1,9,,,,,23,,,0,,NE,,,,,,,,,,,,,,,,,,,,,,,,,,,,,,,,,,,,,,,,,,,,
7697,2023,16,NEA,PIEFL,1,6,,4,,,39,57,,2,,NE,AKR2882,02/06/2023,29/05/2022,S,2,AYX8720,20/05/2023,20/05/2023,I,1,07/06/2023,BTA2012,BTA2013,BTA2014,BTA2015,,,,,,,,,,,,,,,,,,,,,,,,,,,,,
7698,2023,18,NEA,PIEFL,1,7,,6,,,39,59,,0,,NE,AJL5335,06/06/2023,01/07/2020,S,4,AYX8714,15/05/2023,15/05/2023,I,1,10/06/2023,BTA2113,BTA2114,BTA2115,BTA2116,BTA2117,BTA2118,,,,,,,,,,,,,,,,,,,,,,,,,,,
7699,2023,19,NEA,BLUTI,1,7,,3,,,24,,,4,,NE,,,,,,,,,,,,,,,,,,,,,,,,,,,,,,,,,,,,,,,,,,,,
7700,2023,20,NEA,PIEFL,1,6,,6,,,38,56,,0,,NE,AKR2954,02/06/2023,06/06/2022,R,1,AKR2817,02/06/2023,10/05/2022,S,2,07/06/2023,BTA2006,BTA2007,BTA2008,BTA2009,BTA2010,BTA2011,BTA2012,,,,,,,,,,,,,,,,,,,,,,,,,,
7701,2023,FOXWTY,NEA,PIEFL,1,4,,,,,52,68,,0,,,,,,,,AYX8739,27/05/2023,27/05/2023,I,1,19/06/2023,BTA2155,BTA2156,BTA2157,,,,,,,,,,,,,,,,,,,,,,,,,,,,,,
7702,2023,FOXWTY,NEA,REDST,1,6,6,6,,,,52,,0,,NE,,,,,,,,,,,02/06/2023,AYX8744,AYX8745,AYX8746,AYX8747,,,,,,,,,,,,,,,,,,,,,,,,,,,,,
7703,2023,1,BVW,PIEFL,1,8,,5,,,34,,,3,,NE,AZE8389,31/05/2023,01/06/2019,I,4,AKR2821,18/05/2023,11/05/2022,S,2,05/06/2023,AYX8077,AYX8078,AYX8079,AYX8080,AYX8081,,,,,,,,,,,,,,,,,,,,,,,,,,,,
7704,2023,2,BVW,PIEFL,1,7,,7,,,36,,,0,,NE,AKR2753,31/05/2023,16/06/2022,R,1,AYX8017,31/05/2023,18/05/2023,I,1,05/06/2023,AYX8082,AYX8083,AYX8084,AYX8085,AYX8086,AYX8087,AYX8088,,,,,12.6,,12.6,,12.6,,12.6,,12.6,,12.6,,12.6,,,,,,,,,
7705,2023,3,BVW,BLUTI,1,7,,4,,,31,,,,,NE,,,,,,,,,,,,,,,,,,,,,,,,,,,,,,,,,,,,,,,,,,,,
7706,2023,4,BVW,PIEFL,1,8,,5,,,35,55,,,,NE,AKR2321,31/05/2023,12/06/2021,R,2,AKR2033,18/05/2023,21/05/2021,S,3,05/06/2023,AYX8089,AYX8090,AYX8091,AYX8092,AYX8093,,,,,,,14.8,17.1,14.8,17.1,14.8,17.1,14.8,17.1,14.8,17.1,,,,,,,,,,,,
7707,2023,5,BVW,PIEFL,1,7,,6,,,35,54,,,,NE,AYX8743,31/05/2023,31/05/2023,I,1,AYX8018,31/05/2023,18/05/2023,I,1,05/06/2023,AYX8094,AYX8095,AYX8096,AYX8097,AYX8098,AYX8099,,,,,,,,,,,,,,,,,,,,,,,,,,,
7708,2023,6,BVW,PIEFL,1,6,,5,,,38,55,,,,NE,AYX8742,31/05/2023,31/05/2023,I,1,AYX8505,05/06/2023,05/06/2023,I,1,05/06/2023,AYX8100,AYX8501,AYX8502,AYX8503,AYX8504,,,,,,,13,,13,,13,,13,,13,,,,,,,,,,,,,
7709,2023,7,BVW,PIEFL,1,7,,4,,,36,,,1,,NE,AKR2073,05/06/2023,06/06/2021,R,2,AYX8019,01/06/2023,18/05/2023,I,1,05/06/2023,AYX8506,AYX8507,AYX8508,AYX8509,,,,,,,,12.6,,12.6,,12.6,,12.6,,,,,,,,,,,,,,,
7710,2023,8,BVW,PIEFL,1,6,,6,,,39,,,,,NE,AKR2889,01/06/2023,01/06/2022,S,2,AYX8219,01/06/2023,06/06/2022,R,1,05/06/2023,AYX8510,AYX8511,AYX8512,AYX8513,AYX8514,AYX8515,,,,,,12.6,17.3,12.6,17.3,12.6,17.3,12.6,17.3,12.6,17.3,12.6,17.3,,,,,,,,,,
7711,2023,9a,BVW,PIEFL,1,7,,6,,,35,55,,1,,NE,ATX0931,31/05/2023,21/05/2022,I,1,AYX8020,18/05/2023,18/05/2023,I,1,05/06/2023,AYX8516,AYX8517,AYX8518,AYX8519,AYX8520,AYX8521,,,,,,12.6,,12.6,,12.6,,12.6,,12.6,,12.6,,,,,,,,,,,
7712,2023,10,BVW,BLUTI,1,7,,7,,,32,,,0,,NE,,,,,,,,,,,,,,,,,,,,,,,,,,,,,,,,,,,,,,,,,,,,
7713,2023,11,BVW,PIEFL,1,7,,6,,,36,,,,,NE,AKR2076,01/06/2023,06/06/2021,S,2,AJL5620,18/05/2023,26/05/2020,S,3,05/06/2023,AYX8522,AYX8523,AYX8524,AYX8525,AYX8526,AYX8527,,,,,,12.7,16.7,12.7,16.7,12.7,16.7,12.7,16.7,12.7,16.7,12.7,16.7,,,,,,,,,,
7714,2023,12,BVW,PIEFL,1,7,,2,,,39,,,1,,NE,,,,,,AJL5519,05/06/2023,12/05/2020,S,4,05/06/2023,AYX8528,AYX8529,AYX8530,,,,,,,,,13,,13,,13,,,,,,,,,,,,,,,,,
7715,2023,14,BVW,PIEFL,1,6,,5,,,38,,,0,,NE,AKR2057,01/06/2023,03/06/2021,S,3,AYX8126,01/06/2023,01/06/2022,R,1,08/06/2023,BTA2022,BTA2023,BTA2024,BTA2025,BTA2026,,,,,,,,,,,,,,,,,,,,,,,,,,,,
7716,2023,16,BVW,PIEFL,1,7,,7,,,38,,,0,,NE,AZH2456,01/06/2023,03/06/2019,R,4,AYX8021,18/05/2023,18/05/2023,I,1,05/06/2023,AYX8531,AYX8532,AYX8533,AYX8534,AYX8535,AYX8536,AYX8537,,,,,12.4,16.8,12.4,16.8,12.4,16.8,12.4,16.8,12.4,16.8,12.4,16.8,12.4,16.8,,,,,,,,
7717,2023,17,BVW,BLUTI,1,8,,7,,,,48,,0,,NE,,,,,,,,,,,,,,,,,,,,,,,,,,,,,,,,,,,,,,,,,,,,
7718,2023,18,BVW,BLUTI,1,10,,2,,,,46,,5,,NE,,,,,,,,,,,,,,,,,,,,,,,,,,,,,,,,,,,,,,,,,,,,
7719,2023,18A,BVW,BLUTI,1,7,,5,,,,48,,,,NE,,,,,,,,,,,,,,,,,,,,,,,,,,,,,,,,,,,,,,,,,,,,
7720,2023,18B,BVW,BLUTI,1,7,,4,,,32,,,,,NE,,,,,,,,,,,,,,,,,,,,,,,,,,,,,,,,,,,,,,,,,,,,
7721,2023,18C,BVW,GRETI,1,,,7,,,,,,,,NE,,,,,,,,,,,,,,,,,,,,,,,,,,,,,,,,,,,,,,,,,,,,
7722,2023,18D,BVW,PIEFL,1,6,,6,,,39,,,0,,NE,AKR2055,01/06/2023,03/06/2021,S,3,AKR2907,01/06/2023,29/05/2022,R,1,05/06/2023,AYX8538,AYX8539,AYX8540,AYX8541,AYX8542,AYX8543,,,,,,12.4,16.8,12.4,16.8,12.4,16.8,12.4,16.8,12.4,16.8,12.4,16.8,,,,,,,,,,
7723,2023,18E,BVW,BLUTI,1,,,4,,,,46,,,,NE,,,,,,,,,,,,,,,,,,,,,,,,,,,,,,,,,,,,,,,,,,,,
7724,2023,18F,BVW,GRETI,1,9,,5,,,,,,,,NE,,,,,,,,,,,,,,,,,,,,,,,,,,,,,,,,,,,,,,,,,,,,
7725,2023,18H,BVW,GRETI,1,6,,3,,,31,,,,,NE,,,,,,,,,,,,,,,,,,,,,,,,,,,,,,,,,,,,,,,,,,,,
7726,2023,18I,BVW,GRETI,1,9,,0,,,37,,,9,,ED,,,,,,,,,,,,,,,,,,,,,,,,,,,,,,,,,,,,,,,,,,,,
7727,2023,18J,BVW,GRETI,1,7,,5,,,20,,,1,,NE,,,,,,AYX8490,26/04/2023,26/04/2023,I,1,,,,,,,,,,,,,,,,,,,,,,,,,,,,,,,,,,
7728,2023,18K,BVW,GRETI,1,4,,3,,,22,,,1,,NE,,,,,,,,,,,,,,,,,,,,,,,,,,,,,,,,,,,,,,,,,,,,
7729,2023,18L,BVW,BLUTI,1,8,,6,,,22,46,,1,,NE,,,,,,,,,,,,,,,,,,,,,,,,,,,,,,,,,,,,,,,,,,,,
7730,2023,19,BVW,PIEFL,1,6,,6,,,36,,,0,,NE,AKR2979,05/06/2023,10/06/2022,R,1,AYX8016,05/06/2023,18/05/2023,I,1,05/06/2023,AYX8065,AYX8066,AYX8067,AYX8068,AYX8069,AYX8070,,,,,,12.2,16.8,12.2,16.8,12.2,16.8,12.2,16.8,12.2,16.8,12.2,16.8,,,,,,,,,,
7731,2023,20,BVW,BLUTI,1,10,,7,,,16,39,,,,NE,,,,,,,,,,,,,,,,,,,,,,,,,,,,,,,,,,,,,,,,,,,,
7732,2023,21,BVW,BLUTI,1,9,,3,,,23,48,,,,NE,,,,,,,,,,,,,,,,,,,,,,,,,,,,,,,,,,,,,,,,,,,,
7733,2023,22,BVW,PIEFL,1,7,,5,,,41,,,,,NE,S845684,05/06/2023,29/05/2018,S,6,AYX8014,05/06/2023,18/05/2023,I,1,05/06/2023,AYX8047,AYX8048,AYX8049,AYX8050,AYX8051,,,,,,,12.4,16.6,12.4,16.6,12.4,16.6,12.4,16.6,12.4,16.6,,,,,,,,,,,,
7734,2023,23,BVW,PIEFL,1,6,5,0,,,42,60,,1,,JD,AYX8009,05/06/2023,04/06/2022,R,1,AKR2191,05/06/2023,12/06/2021,R,2,05/06/2023,AYX8042,AYX8043,AYX8044,AYX8045,AYX8046,,,,,,,12.6,,12.6,,12.6,,12.6,,12.6,,,,,,,,,,,,,
7735,2023,26,BVW,BLUTI,1,10,,0,,,19,,,,,EP,,,,,,,,,,,,,,,,,,,,,,,,,,,,,,,,,,,,,,,,,,,,
7736,2023,27,BVW,GRETI,1,7,,3,,,19,,,,,NE,,,,,,,,,,,,,,,,,,,,,,,,,,,,,,,,,,,,,,,,,,,,
7737,2023,29,BVW,PIEFL,1,6,,6,,,40,,,0,,NE,,,,,,AYX8015,05/06/2023,18/05/2023,I,1,05/06/2023,AYX8071,AYX8072,AYX8073,AYX8074,AYX8075,AYX8076,,,,,,14.8,17.1,14.8,17.1,14.8,17.1,14.8,17.1,14.8,17.1,14.8,17.1,,,,,,,,,,
7738,2023,31,BVW,PIEFL,1,6,,5,,,42,60,,,,NE,AYX8058,05/06/2023,05/06/2023,I,1,AZP4779,05/06/2023,31/05/2022,I,1,05/06/2023,AYX8052,AYX8053,AYX8054,AYX8055,AYX8056,AYX8057,,,,,,13.4,16.2,13.4,16.2,13.4,16.2,13.4,16.2,13.4,16.2,13.4,16.2,,,,,,,,,,
7739,2023,32,BVW,PIEFL,1,6,,6,,,39,,,0,,NE,,,,,,AYX8127,05/06/2023,01/06/2022,R,1,05/06/2023,AYX8059,AYX8060,AYX8061,AYX8062,AYX8063,AYX8064,,,,,,14.8,17.1,14.8,17.1,14.8,17.1,14.8,17.1,14.8,17.1,14.8,17.1,,,,,,,,,,
7740,2023,33,BVW,GRETI,1,4,,3,,,30,48,,1,,NE,,,,,,,,,,,,,,,,,,,,,,,,,,,,,,,,,,,,,,,,,,,,
7741,2023,34,BVW,COATI,1,8,,7,,,9,,,,,NE,,,,,,,,,,,,,,,,,,,,,,,,,,,,,,,,,,,,,,,,,,,,
